game_date,game_pk,team,player_name,batter,batter_pa_number_this_game,outs_when_up,runner_situation_start,runner_situation_before_final_pitch,runner_situation_changed_during_pa,events,inning,bat_score,fld_score
2025-03-27,SEA202503270,ATH,"Butler, Lawrence",butll001,1,0,empty,empty,1,field_out,1,0,0
2025-03-27,SEA202503270,ATH,"Rooker, Brent",rookb001,1,1,empty,empty,1,strikeout,1,0,0
2025-03-27,SEA202503270,ATH,"Bleday, JJ",bledj001,1,2,empty,empty,1,field_out,1,0,0
2025-03-27,SEA202503270,ATH,"Langeliers, Shea",langs001,1,0,empty,empty,1,field_out,2,0,0
2025-03-27,SEA202503270,ATH,"Andujar, Miguel",andum001,1,1,empty,empty,1,field_out,2,0,0
2025-03-27,SEA202503270,ATH,"Soderstrom, Tyler",sodet001,1,2,empty,empty,1,strikeout,2,0,0
2025-03-27,SEA202503270,ATH,"Urshela, Gio",urshg001,1,0,empty,empty,1,field_out,3,0,0
2025-03-27,SEA202503270,ATH,"Muncy, Max",muncm002,1,1,empty,empty,1,strikeout,3,0,0
2025-03-27,SEA202503270,ATH,"Wilson, Jacob",wilsj006,1,2,empty,empty,1,single,3,0,0
2025-03-27,SEA202503270,ATH,"Butler, Lawrence",butll001,2,2,1B,1B,1,field_out,3,0,0
2025-03-27,SEA202503270,ATH,"Rooker, Brent",rookb001,2,0,empty,empty,1,strikeout,4,0,0
2025-03-27,SEA202503270,ATH,"Bleday, JJ",bledj001,2,1,empty,empty,1,field_out,4,0,0
2025-03-27,SEA202503270,ATH,"Langeliers, Shea",langs001,2,2,empty,empty,1,strikeout,4,0,0
2025-03-27,SEA202503270,ATH,"Andujar, Miguel",andum001,2,0,empty,empty,1,field_out,5,0,0
2025-03-27,SEA202503270,ATH,"Soderstrom, Tyler",sodet001,2,1,empty,empty,1,home_run,5,0,0
2025-03-27,SEA202503270,ATH,"Urshela, Gio",urshg001,2,1,empty,empty,1,field_out,5,1,0
2025-03-27,SEA202503270,ATH,"Muncy, Max",muncm002,2,2,empty,empty,1,strikeout,5,1,0
2025-03-27,SEA202503270,ATH,"Wilson, Jacob",wilsj006,2,0,empty,empty,1,field_out,6,1,0
2025-03-27,SEA202503270,ATH,"Butler, Lawrence",butll001,3,1,empty,empty,1,field_out,6,1,0
2025-03-27,SEA202503270,ATH,"Rooker, Brent",rookb001,3,2,empty,empty,1,strikeout,6,1,0
2025-03-27,SEA202503270,ATH,"Bleday, JJ",bledj001,3,0,empty,empty,1,field_out,7,1,0
2025-03-27,SEA202503270,ATH,"Langeliers, Shea",langs001,3,1,empty,empty,1,strikeout,7,1,0
2025-03-27,SEA202503270,ATH,"Andujar, Miguel",andum001,3,2,empty,empty,1,field_out,7,1,0
2025-03-27,SEA202503270,ATH,"Soderstrom, Tyler",sodet001,3,0,empty,empty,1,home_run,8,1,1
2025-03-27,SEA202503270,ATH,"Urshela, Gio",urshg001,3,0,empty,empty,1,strikeout,8,2,1
2025-03-27,SEA202503270,ATH,"Muncy, Max",muncm002,3,1,empty,empty,1,field_out,8,2,1
2025-03-27,SEA202503270,ATH,"Wilson, Jacob",wilsj006,3,2,empty,empty,1,field_out,8,2,1
2025-03-27,SEA202503270,ATH,"Butler, Lawrence",butll001,4,0,empty,empty,1,walk,9,2,4
2025-03-27,SEA202503270,ATH,"Rooker, Brent",rookb001,4,0,1B,1B,1,strikeout,9,2,4
2025-03-27,SEA202503270,ATH,"Bleday, JJ",bledj001,4,1,1B,1B,1,grounded_into_double_play,9,2,4
2025-03-28,SEA202503280,ATH,"Butler, Lawrence",butll001,1,0,empty,empty,1,field_out,1,0,0
2025-03-28,SEA202503280,ATH,"Rooker, Brent",rookb001,1,1,empty,empty,1,field_out,1,0,0
2025-03-28,SEA202503280,ATH,"Bleday, JJ",bledj001,1,2,empty,empty,1,walk,1,0,0
2025-03-28,SEA202503280,ATH,"Langeliers, Shea",langs001,1,2,1B,1B,1,walk,1,0,0
2025-03-28,SEA202503280,ATH,"Soderstrom, Tyler",sodet001,1,2,1B+2B,1B+2B,1,field_out,1,0,0
2025-03-28,SEA202503280,ATH,"Brown, Seth",brows003,1,0,empty,empty,1,field_out,2,0,0
2025-03-28,SEA202503280,ATH,"Urshela, Gio",urshg001,1,1,empty,empty,1,single,2,0,0
2025-03-28,SEA202503280,ATH,"Muncy, Max",muncm002,1,1,1B,1B,1,field_out,2,0,0
2025-03-28,SEA202503280,ATH,"Wilson, Jacob",wilsj006,1,2,1B,1B,1,field_out,2,0,0
2025-03-28,SEA202503280,ATH,"Butler, Lawrence",butll001,2,0,empty,empty,1,field_out,3,0,0
2025-03-28,SEA202503280,ATH,"Rooker, Brent",rookb001,2,1,empty,empty,1,strikeout,3,0,0
2025-03-28,SEA202503280,ATH,"Bleday, JJ",bledj001,2,2,empty,empty,1,strikeout,3,0,0
2025-03-28,SEA202503280,ATH,"Langeliers, Shea",langs001,2,0,empty,empty,1,field_out,4,0,0
2025-03-28,SEA202503280,ATH,"Soderstrom, Tyler",sodet001,2,1,empty,empty,1,strikeout,4,0,0
2025-03-28,SEA202503280,ATH,"Brown, Seth",brows003,2,2,empty,empty,1,hit_by_pitch,4,0,0
2025-03-28,SEA202503280,ATH,"Urshela, Gio",urshg001,2,2,1B,1B,1,strikeout,4,0,0
2025-03-28,SEA202503280,ATH,"Muncy, Max",muncm002,2,0,empty,empty,1,field_out,5,0,0
2025-03-28,SEA202503280,ATH,"Wilson, Jacob",wilsj006,2,1,empty,empty,1,field_out,5,0,0
2025-03-28,SEA202503280,ATH,"Butler, Lawrence",butll001,3,2,empty,empty,1,double,5,0,0
2025-03-28,SEA202503280,ATH,"Rooker, Brent",rookb001,3,2,2B,2B,1,home_run,5,0,0
2025-03-28,SEA202503280,ATH,"Bleday, JJ",bledj001,3,2,empty,empty,1,field_out,5,2,0
2025-03-28,SEA202503280,ATH,"Langeliers, Shea",langs001,3,0,empty,empty,1,field_out,6,2,0
2025-03-28,SEA202503280,ATH,"Soderstrom, Tyler",sodet001,3,1,empty,empty,1,single,6,2,0
2025-03-28,SEA202503280,ATH,"Brown, Seth",brows003,3,2,empty,empty,1,walk,6,2,0
2025-03-28,SEA202503280,ATH,"Urshela, Gio",urshg001,3,2,1B,1B,1,field_out,6,2,0
2025-03-28,SEA202503280,ATH,"Muncy, Max",muncm002,3,0,empty,empty,1,field_out,7,2,0
2025-03-28,SEA202503280,ATH,"Wilson, Jacob",wilsj006,3,1,empty,empty,1,single,7,2,0
2025-03-28,SEA202503280,ATH,"Butler, Lawrence",butll001,4,1,1B,1B,1,walk,7,2,0
2025-03-28,SEA202503280,ATH,"Rooker, Brent",rookb001,4,1,1B+2B,1B+2B,1,strikeout,7,2,0
2025-03-28,SEA202503280,ATH,"Bleday, JJ",bledj001,4,2,1B+2B,1B+2B,1,single,7,2,0
2025-03-28,SEA202503280,ATH,"Langeliers, Shea",langs001,4,2,1B+3B,1B+3B,1,single,7,3,0
2025-03-28,SEA202503280,ATH,"Soderstrom, Tyler",sodet001,4,2,1B+3B,1B+3B,1,double,7,4,0
2025-03-28,SEA202503280,ATH,"Andujar, Miguel",andum001,1,2,2B+3B,2B+3B,1,walk,7,5,0
2025-03-28,SEA202503280,ATH,"Urshela, Gio",urshg001,4,2,1B+2B+3B,1B+2B+3B,1,field_out,7,5,0
2025-03-28,SEA202503280,ATH,"Muncy, Max",muncm002,4,0,empty,empty,1,home_run,8,5,0
2025-03-28,SEA202503280,ATH,"Wilson, Jacob",wilsj006,4,0,empty,empty,1,field_out,8,6,0
2025-03-28,SEA202503280,ATH,"Butler, Lawrence",butll001,5,1,empty,empty,1,field_out,8,6,0
2025-03-28,SEA202503280,ATH,"Rooker, Brent",rookb001,5,2,empty,empty,1,single,8,6,0
2025-03-28,SEA202503280,ATH,"Bleday, JJ",bledj001,5,2,1B,1B,1,single,8,6,0
2025-03-28,SEA202503280,ATH,"Langeliers, Shea",langs001,5,2,1B+3B,1B+3B,1,field_out,8,6,0
2025-03-28,SEA202503280,ATH,"Soderstrom, Tyler",sodet001,5,0,empty,empty,1,field_out,9,6,0
2025-03-28,SEA202503280,ATH,"Andujar, Miguel",andum001,2,1,empty,empty,1,field_out,9,6,0
2025-03-28,SEA202503280,ATH,"Urias, Luis",urial001,1,2,empty,empty,1,home_run,9,6,0
2025-03-28,SEA202503280,ATH,"Muncy, Max",muncm002,5,2,empty,empty,1,field_out,9,7,0
2025-03-29,SEA202503290,ATH,"Butler, Lawrence",butll001,1,0,empty,empty,1,field_out,1,0,0
2025-03-29,SEA202503290,ATH,"Rooker, Brent",rookb001,1,1,empty,empty,1,field_out,1,0,0
2025-03-29,SEA202503290,ATH,"Bleday, JJ",bledj001,1,2,empty,empty,1,field_out,1,0,0
2025-03-29,SEA202503290,ATH,"Langeliers, Shea",langs001,1,0,empty,empty,1,field_out,2,0,0
2025-03-29,SEA202503290,ATH,"Soderstrom, Tyler",sodet001,1,1,empty,empty,1,strikeout,2,0,0
2025-03-29,SEA202503290,ATH,"Andujar, Miguel",andum001,1,2,empty,empty,1,field_out,2,0,0
2025-03-29,SEA202503290,ATH,"Urias, Luis",urial001,1,0,empty,empty,1,field_out,3,0,1
2025-03-29,SEA202503290,ATH,"Muncy, Max",muncm002,1,1,empty,empty,1,single,3,0,1
2025-03-29,SEA202503290,ATH,"Wilson, Jacob",wilsj006,1,1,1B,1B,1,grounded_into_double_play,3,0,1
2025-03-29,SEA202503290,ATH,"Butler, Lawrence",butll001,2,0,empty,empty,1,field_out,4,0,1
2025-03-29,SEA202503290,ATH,"Rooker, Brent",rookb001,2,1,empty,empty,1,single,4,0,1
2025-03-29,SEA202503290,ATH,"Bleday, JJ",bledj001,2,1,1B,1B,1,field_out,4,0,1
2025-03-29,SEA202503290,ATH,"Langeliers, Shea",langs001,2,2,2B,2B,1,home_run,4,0,1
2025-03-29,SEA202503290,ATH,"Soderstrom, Tyler",sodet001,2,2,empty,empty,1,strikeout,4,2,1
2025-03-29,SEA202503290,ATH,"Andujar, Miguel",andum001,2,0,empty,empty,1,single,5,2,1
2025-03-29,SEA202503290,ATH,"Urias, Luis",urial001,2,0,1B,1B,1,field_out,5,2,1
2025-03-29,SEA202503290,ATH,"Muncy, Max",muncm002,2,1,1B,1B,1,field_out,5,2,1
2025-03-29,SEA202503290,ATH,"Wilson, Jacob",wilsj006,2,2,1B,1B,1,single,5,2,1
2025-03-29,SEA202503290,ATH,"Butler, Lawrence",butll001,3,2,2B+3B,2B+3B,1,walk,5,2,1
2025-03-29,SEA202503290,ATH,"Rooker, Brent",rookb001,3,2,1B+2B+3B,1B+2B+3B,1,strikeout,5,2,1
2025-03-29,SEA202503290,ATH,"Bleday, JJ",bledj001,3,0,empty,empty,1,walk,6,2,1
2025-03-29,SEA202503290,ATH,"Langeliers, Shea",langs001,3,0,1B,1B,1,field_out,6,2,1
2025-03-29,SEA202503290,ATH,"Soderstrom, Tyler",sodet001,3,1,1B,2B,0,strikeout,6,2,1
2025-03-29,SEA202503290,ATH,"Andujar, Miguel",andum001,3,2,2B,2B,1,single,6,2,1
2025-03-29,SEA202503290,ATH,"Urias, Luis",urial001,3,2,1B,1B,1,field_out,6,3,1
2025-03-29,SEA202503290,ATH,"Muncy, Max",muncm002,3,0,empty,empty,1,strikeout,7,3,2
2025-03-29,SEA202503290,ATH,"Wilson, Jacob",wilsj006,3,1,empty,empty,1,field_error,7,3,2
2025-03-29,SEA202503290,ATH,"Butler, Lawrence",butll001,4,1,2B,2B,1,field_out,7,3,2
2025-03-29,SEA202503290,ATH,"Rooker, Brent",rookb001,4,2,3B,3B,1,single,7,3,2
2025-03-29,SEA202503290,ATH,"Bleday, JJ",bledj001,4,2,1B,1B,1,field_out,7,4,2
2025-03-29,SEA202503290,ATH,"Langeliers, Shea",langs001,4,0,empty,empty,1,strikeout,8,4,2
2025-03-29,SEA202503290,ATH,"Soderstrom, Tyler",sodet001,4,1,empty,empty,1,single,8,4,2
2025-03-29,SEA202503290,ATH,"Andujar, Miguel",andum001,4,1,1B,1B,1,field_out,8,4,2
2025-03-29,SEA202503290,ATH,"Brown, Seth",brows003,1,2,2B,2B,1,field_out,8,4,2
2025-03-29,SEA202503290,ATH,"Muncy, Max",muncm002,4,0,empty,empty,1,strikeout,9,4,2
2025-03-29,SEA202503290,ATH,"Wilson, Jacob",wilsj006,4,1,empty,empty,1,field_out,9,4,2
2025-03-29,SEA202503290,ATH,"Butler, Lawrence",butll001,5,2,empty,empty,1,single,9,4,2
2025-03-29,SEA202503290,ATH,"Rooker, Brent",rookb001,5,2,1B,1B,1,field_out,9,4,2
2025-03-30,SEA202503300,ATH,"Butler, Lawrence",butll001,1,0,empty,empty,1,field_out,1,0,0
2025-03-30,SEA202503300,ATH,"Rooker, Brent",rookb001,1,1,empty,empty,1,field_out,1,0,0
2025-03-30,SEA202503300,ATH,"Bleday, JJ",bledj001,1,2,empty,empty,1,field_error,1,0,0
2025-03-30,SEA202503300,ATH,"Andujar, Miguel",andum001,1,2,2B,2B,1,field_out,1,0,0
2025-03-30,SEA202503300,ATH,"Soderstrom, Tyler",sodet001,1,0,empty,empty,1,walk,2,0,0
2025-03-30,SEA202503300,ATH,"Wilson, Jacob",wilsj006,1,0,1B,1B,1,single,2,0,0
2025-03-30,SEA202503300,ATH,"Urshela, Gio",urshg001,1,0,1B+2B,1B+2B,1,sac_bunt,2,0,0
2025-03-30,SEA202503300,ATH,"Pereda, Jhonny",perej004,1,1,2B+3B,2B+3B,1,strikeout,2,0,0
2025-03-30,SEA202503300,ATH,"Schuemann, Max",schum002,1,2,2B+3B,2B+3B,1,field_out,2,0,0
2025-03-30,SEA202503300,ATH,"Butler, Lawrence",butll001,2,0,empty,empty,1,field_out,3,0,0
2025-03-30,SEA202503300,ATH,"Rooker, Brent",rookb001,2,1,empty,empty,1,strikeout,3,0,0
2025-03-30,SEA202503300,ATH,"Bleday, JJ",bledj001,2,2,empty,empty,1,double,3,0,0
2025-03-30,SEA202503300,ATH,"Andujar, Miguel",andum001,2,2,2B,2B,1,strikeout,3,0,0
2025-03-30,SEA202503300,ATH,"Soderstrom, Tyler",sodet001,2,0,empty,empty,1,home_run,4,0,0
2025-03-30,SEA202503300,ATH,"Wilson, Jacob",wilsj006,2,0,empty,empty,1,field_out,4,1,0
2025-03-30,SEA202503300,ATH,"Urshela, Gio",urshg001,2,1,empty,empty,1,field_out,4,1,0
2025-03-30,SEA202503300,ATH,"Pereda, Jhonny",perej004,2,2,empty,empty,1,strikeout,4,1,0
2025-03-30,SEA202503300,ATH,"Schuemann, Max",schum002,2,0,empty,empty,1,strikeout,5,1,0
2025-03-30,SEA202503300,ATH,"Butler, Lawrence",butll001,3,1,empty,empty,1,field_out,5,1,0
2025-03-30,SEA202503300,ATH,"Rooker, Brent",rookb001,3,2,empty,empty,1,field_out,5,1,0
2025-03-30,SEA202503300,ATH,"Bleday, JJ",bledj001,3,0,empty,empty,1,field_out,6,1,0
2025-03-30,SEA202503300,ATH,"Andujar, Miguel",andum001,3,1,empty,empty,1,walk,6,1,0
2025-03-30,SEA202503300,ATH,"Soderstrom, Tyler",sodet001,3,1,1B,1B,1,grounded_into_double_play,6,1,0
2025-03-30,SEA202503300,ATH,"Wilson, Jacob",wilsj006,3,0,empty,empty,1,field_out,7,1,2
2025-03-30,SEA202503300,ATH,"Urshela, Gio",urshg001,3,1,empty,empty,1,field_out,7,1,2
2025-03-30,SEA202503300,ATH,"Pereda, Jhonny",perej004,3,2,empty,empty,1,field_out,7,1,2
2025-03-30,SEA202503300,ATH,"Brown, Seth",brows003,1,0,empty,empty,1,walk,8,1,2
2025-03-30,SEA202503300,ATH,"Butler, Lawrence",butll001,4,0,1B,1B,1,strikeout,8,1,2
2025-03-30,SEA202503300,ATH,"Rooker, Brent",rookb001,4,1,1B,1B,1,field_out,8,1,2
2025-03-30,SEA202503300,ATH,"Bleday, JJ",bledj001,4,2,1B,1B,1,field_out,8,1,2
2025-03-30,SEA202503300,ATH,"Andujar, Miguel",andum001,4,0,empty,empty,1,strikeout,9,1,2
2025-03-30,SEA202503300,ATH,"Soderstrom, Tyler",sodet001,4,1,empty,empty,1,single,9,1,2
2025-03-30,SEA202503300,ATH,"Wilson, Jacob",wilsj006,4,1,1B,1B,1,field_out,9,1,2
2025-03-30,SEA202503300,ATH,"Urshela, Gio",urshg001,4,2,1B,1B,1,strikeout,9,1,2
2025-03-31,ATH202503310,ATH,"Butler, Lawrence",butll001,1,0,empty,empty,1,strikeout,1,0,4
2025-03-31,ATH202503310,ATH,"Rooker, Brent",rookb001,1,1,empty,empty,1,single,1,0,4
2025-03-31,ATH202503310,ATH,"Bleday, JJ",bledj001,1,1,1B,1B,1,field_out,1,0,4
2025-03-31,ATH202503310,ATH,"Langeliers, Shea",langs001,1,2,1B,1B,1,field_out,1,0,4
2025-03-31,ATH202503310,ATH,"Soderstrom, Tyler",sodet001,1,0,empty,empty,1,strikeout,2,0,4
2025-03-31,ATH202503310,ATH,"Andujar, Miguel",andum001,1,1,empty,empty,1,walk,2,0,4
2025-03-31,ATH202503310,ATH,"Urshela, Gio",urshg001,1,1,1B,1B,1,field_out,2,0,4
2025-03-31,ATH202503310,ATH,"Muncy, Max",muncm002,1,2,1B,1B,1,strikeout,2,0,4
2025-03-31,ATH202503310,ATH,"Wilson, Jacob",wilsj006,1,0,empty,empty,1,home_run,3,0,4
2025-03-31,ATH202503310,ATH,"Butler, Lawrence",butll001,2,0,empty,empty,1,double,3,1,4
2025-03-31,ATH202503310,ATH,"Rooker, Brent",rookb001,2,0,2B,2B,1,field_out,3,1,4
2025-03-31,ATH202503310,ATH,"Bleday, JJ",bledj001,2,1,2B,2B,1,field_out,3,1,4
2025-03-31,ATH202503310,ATH,"Langeliers, Shea",langs001,2,2,2B,2B,1,strikeout,3,1,4
2025-03-31,ATH202503310,ATH,"Soderstrom, Tyler",sodet001,2,0,empty,empty,1,strikeout,4,1,5
2025-03-31,ATH202503310,ATH,"Andujar, Miguel",andum001,2,1,empty,empty,1,single,4,1,5
2025-03-31,ATH202503310,ATH,"Urshela, Gio",urshg001,2,1,1B,1B,1,single,4,1,5
2025-03-31,ATH202503310,ATH,"Muncy, Max",muncm002,2,1,1B+2B,1B+2B,1,double,4,1,5
2025-03-31,ATH202503310,ATH,"Wilson, Jacob",wilsj006,2,1,2B+3B,2B+3B,1,field_out,4,2,5
2025-03-31,ATH202503310,ATH,"Butler, Lawrence",butll001,3,2,3B,3B,1,field_out,4,3,5
2025-03-31,ATH202503310,ATH,"Rooker, Brent",rookb001,3,0,empty,empty,1,field_out,5,3,10
2025-03-31,ATH202503310,ATH,"Bleday, JJ",bledj001,3,1,empty,empty,1,field_out,5,3,10
2025-03-31,ATH202503310,ATH,"Langeliers, Shea",langs001,3,2,empty,empty,1,walk,5,3,10
2025-03-31,ATH202503310,ATH,"Soderstrom, Tyler",sodet001,3,2,1B,1B,1,field_out,5,3,10
2025-03-31,ATH202503310,ATH,"Andujar, Miguel",andum001,3,0,empty,empty,1,field_out,6,3,16
2025-03-31,ATH202503310,ATH,"Urshela, Gio",urshg001,3,1,empty,empty,1,field_out,6,3,16
2025-03-31,ATH202503310,ATH,"Muncy, Max",muncm002,3,2,empty,empty,1,field_out,6,3,16
2025-03-31,ATH202503310,ATH,"Schuemann, Max",schum002,1,0,empty,empty,1,field_out,7,3,16
2025-03-31,ATH202503310,ATH,"Brown, Seth",brows003,1,1,empty,empty,1,field_out,7,3,16
2025-03-31,ATH202503310,ATH,"Rooker, Brent",rookb001,4,2,empty,empty,1,single,7,3,16
2025-03-31,ATH202503310,ATH,"Bleday, JJ",bledj001,4,2,1B,1B,1,single,7,3,16
2025-03-31,ATH202503310,ATH,"Langeliers, Shea",langs001,4,2,1B+3B,1B+3B,1,field_out,7,3,16
2025-03-31,ATH202503310,ATH,"Soderstrom, Tyler",sodet001,4,0,empty,empty,1,field_out,8,3,17
2025-03-31,ATH202503310,ATH,"Andujar, Miguel",andum001,4,1,empty,empty,1,single,8,3,17
2025-03-31,ATH202503310,ATH,"Urshela, Gio",urshg001,4,1,1B,1B,1,grounded_into_double_play,8,3,17
2025-03-31,ATH202503310,ATH,"Muncy, Max",muncm002,4,0,empty,empty,1,field_out,9,3,18
2025-03-31,ATH202503310,ATH,"Schuemann, Max",schum002,2,1,empty,empty,1,strikeout,9,3,18
2025-03-31,ATH202503310,ATH,"Brown, Seth",brows003,2,2,empty,empty,1,single,9,3,18
2025-03-31,ATH202503310,ATH,"Rooker, Brent",rookb001,5,2,1B,1B,1,field_out,9,3,18
2025-04-01,ATH202504010,ATH,"Butler, Lawrence",butll001,1,0,empty,empty,1,single,1,0,3
2025-04-01,ATH202504010,ATH,"Rooker, Brent",rookb001,1,0,1B,1B,1,home_run,1,0,3
2025-04-01,ATH202504010,ATH,"Bleday, JJ",bledj001,1,0,empty,empty,1,field_out,1,2,3
2025-04-01,ATH202504010,ATH,"Langeliers, Shea",langs001,1,1,empty,empty,1,single,1,2,3
2025-04-01,ATH202504010,ATH,"Andujar, Miguel",andum001,1,1,1B,1B,1,single,1,2,3
2025-04-01,ATH202504010,ATH,"Soderstrom, Tyler",sodet001,1,1,1B+2B,1B+2B,1,field_out,1,2,3
2025-04-01,ATH202504010,ATH,"Urshela, Gio",urshg001,1,2,1B+2B,1B+2B,1,field_out,1,2,3
2025-04-01,ATH202504010,ATH,"Muncy, Max",muncm002,1,0,empty,empty,1,strikeout,2,2,3
2025-04-01,ATH202504010,ATH,"Wilson, Jacob",wilsj006,1,1,empty,empty,1,field_out,2,2,3
2025-04-01,ATH202504010,ATH,"Butler, Lawrence",butll001,2,2,empty,empty,1,field_out,2,2,3
2025-04-01,ATH202504010,ATH,"Rooker, Brent",rookb001,2,0,empty,empty,1,walk,3,2,5
2025-04-01,ATH202504010,ATH,"Bleday, JJ",bledj001,2,0,1B,1B,1,field_out,3,2,5
2025-04-01,ATH202504010,ATH,"Langeliers, Shea",langs001,2,1,2B,2B,1,home_run,3,2,5
2025-04-01,ATH202504010,ATH,"Andujar, Miguel",andum001,2,1,empty,empty,1,strikeout,3,4,5
2025-04-01,ATH202504010,ATH,"Soderstrom, Tyler",sodet001,2,2,empty,empty,1,field_out,3,4,5
2025-04-01,ATH202504010,ATH,"Urshela, Gio",urshg001,2,0,empty,empty,1,field_out,4,4,6
2025-04-01,ATH202504010,ATH,"Muncy, Max",muncm002,2,1,empty,empty,1,strikeout,4,4,6
2025-04-01,ATH202504010,ATH,"Wilson, Jacob",wilsj006,2,2,empty,empty,1,single,4,4,6
2025-04-01,ATH202504010,ATH,"Butler, Lawrence",butll001,3,2,1B,1B,1,field_out,4,4,6
2025-04-01,ATH202504010,ATH,"Rooker, Brent",rookb001,3,0,empty,empty,1,field_out,5,4,6
2025-04-01,ATH202504010,ATH,"Bleday, JJ",bledj001,3,1,empty,empty,1,single,5,4,6
2025-04-01,ATH202504010,ATH,"Langeliers, Shea",langs001,3,1,1B,1B,1,field_out,5,4,6
2025-04-01,ATH202504010,ATH,"Andujar, Miguel",andum001,3,2,1B,1B,1,strikeout,5,4,6
2025-04-01,ATH202504010,ATH,"Soderstrom, Tyler",sodet001,3,0,empty,empty,1,field_out,6,4,6
2025-04-01,ATH202504010,ATH,"Urshela, Gio",urshg001,3,1,empty,empty,1,strikeout,6,4,6
2025-04-01,ATH202504010,ATH,"Muncy, Max",muncm002,3,2,empty,empty,1,strikeout,6,4,6
2025-04-01,ATH202504010,ATH,"Wilson, Jacob",wilsj006,3,0,empty,empty,1,field_out,7,4,7
2025-04-01,ATH202504010,ATH,"Butler, Lawrence",butll001,4,1,empty,empty,1,field_out,7,4,7
2025-04-01,ATH202504010,ATH,"Rooker, Brent",rookb001,4,2,empty,empty,1,field_out,7,4,7
2025-04-01,ATH202504010,ATH,"Bleday, JJ",bledj001,4,0,empty,empty,1,walk,8,4,7
2025-04-01,ATH202504010,ATH,"Langeliers, Shea",langs001,4,0,1B,1B,1,grounded_into_double_play,8,4,7
2025-04-01,ATH202504010,ATH,"Andujar, Miguel",andum001,4,2,empty,empty,1,field_out,8,4,7
2025-04-01,ATH202504010,ATH,"Soderstrom, Tyler",sodet001,4,0,empty,empty,1,single,9,4,7
2025-04-01,ATH202504010,ATH,"Urshela, Gio",urshg001,4,0,1B,1B,1,field_out,9,4,7
2025-04-01,ATH202504010,ATH,"Brown, Seth",brows003,1,1,1B,1B,1,grounded_into_double_play,9,4,7
2025-04-02,ATH202504020,ATH,"Butler, Lawrence",butll001,1,0,empty,empty,1,field_out,1,0,0
2025-04-02,ATH202504020,ATH,"Rooker, Brent",rookb001,1,1,empty,empty,1,strikeout,1,0,0
2025-04-02,ATH202504020,ATH,"Bleday, JJ",bledj001,1,2,empty,empty,1,strikeout,1,0,0
2025-04-02,ATH202504020,ATH,"Langeliers, Shea",langs001,1,0,empty,empty,1,field_error,2,0,4
2025-04-02,ATH202504020,ATH,"Soderstrom, Tyler",sodet001,1,0,1B,1B,1,field_out,2,0,4
2025-04-02,ATH202504020,ATH,"Wilson, Jacob",wilsj006,1,1,1B,1B,1,field_out,2,0,4
2025-04-02,ATH202504020,ATH,"Brown, Seth",brows003,1,2,2B,2B,1,walk,2,0,4
2025-04-02,ATH202504020,ATH,"Urias, Luis",urial001,1,2,1B+2B,1B+2B,1,walk,2,0,4
2025-04-02,ATH202504020,ATH,"Muncy, Max",muncm002,1,2,1B+2B+3B,1B+2B+3B,1,field_out,2,0,4
2025-04-02,ATH202504020,ATH,"Butler, Lawrence",butll001,2,0,empty,empty,1,walk,3,0,5
2025-04-02,ATH202504020,ATH,"Rooker, Brent",rookb001,2,0,1B,1B,1,home_run,3,0,5
2025-04-02,ATH202504020,ATH,"Bleday, JJ",bledj001,2,0,empty,empty,1,field_out,3,2,5
2025-04-02,ATH202504020,ATH,"Langeliers, Shea",langs001,2,1,empty,empty,1,field_out,3,2,5
2025-04-02,ATH202504020,ATH,"Soderstrom, Tyler",sodet001,2,2,empty,empty,1,field_out,3,2,5
2025-04-02,ATH202504020,ATH,"Wilson, Jacob",wilsj006,2,0,empty,empty,1,single,4,2,8
2025-04-02,ATH202504020,ATH,"Brown, Seth",brows003,2,0,1B,1B,1,strikeout,4,2,8
2025-04-02,ATH202504020,ATH,"Urias, Luis",urial001,2,1,1B,1B,1,single,4,2,8
2025-04-02,ATH202504020,ATH,"Muncy, Max",muncm002,2,1,1B+2B,1B+2B,1,strikeout,4,2,8
2025-04-02,ATH202504020,ATH,"Butler, Lawrence",butll001,3,2,1B+2B,1B+2B,1,strikeout,4,2,8
2025-04-02,ATH202504020,ATH,"Rooker, Brent",rookb001,3,0,empty,empty,1,strikeout,5,2,8
2025-04-02,ATH202504020,ATH,"Bleday, JJ",bledj001,3,1,empty,empty,1,field_out,5,2,8
2025-04-02,ATH202504020,ATH,"Langeliers, Shea",langs001,3,2,empty,empty,1,field_out,5,2,8
2025-04-02,ATH202504020,ATH,"Soderstrom, Tyler",sodet001,3,0,empty,empty,1,strikeout,6,2,8
2025-04-02,ATH202504020,ATH,"Wilson, Jacob",wilsj006,3,1,empty,empty,1,single,6,2,8
2025-04-02,ATH202504020,ATH,"Brown, Seth",brows003,3,1,1B,1B,1,grounded_into_double_play,6,2,8
2025-04-02,ATH202504020,ATH,"Urias, Luis",urial001,3,0,empty,empty,1,field_out,7,2,10
2025-04-02,ATH202504020,ATH,"Muncy, Max",muncm002,3,1,empty,empty,1,field_out,7,2,10
2025-04-02,ATH202504020,ATH,"Butler, Lawrence",butll001,4,2,empty,empty,1,walk,7,2,10
2025-04-02,ATH202504020,ATH,"Rooker, Brent",rookb001,4,2,1B,1B,1,field_out,7,2,10
2025-04-02,ATH202504020,ATH,"Bleday, JJ",bledj001,4,0,empty,empty,1,field_out,8,2,10
2025-04-02,ATH202504020,ATH,"Langeliers, Shea",langs001,4,1,empty,empty,1,strikeout,8,2,10
2025-04-02,ATH202504020,ATH,"Soderstrom, Tyler",sodet001,4,2,empty,empty,1,field_out,8,2,10
2025-04-02,ATH202504020,ATH,"Wilson, Jacob",wilsj006,4,0,empty,empty,1,double,9,2,10
2025-04-02,ATH202504020,ATH,"Brown, Seth",brows003,4,0,2B,2B,1,walk,9,2,10
2025-04-02,ATH202504020,ATH,"Urias, Luis",urial001,4,0,1B+2B,1B+2B,1,grounded_into_double_play,9,2,10
2025-04-02,ATH202504020,ATH,"Muncy, Max",muncm002,4,2,3B,3B,1,field_out,9,2,10
2025-04-04,COL202504040,ATH,"Butler, Lawrence",butll001,1,0,empty,empty,1,strikeout,1,0,0
2025-04-04,COL202504040,ATH,"Rooker, Brent",rookb001,1,1,empty,empty,1,strikeout,1,0,0
2025-04-04,COL202504040,ATH,"Bleday, JJ",bledj001,1,2,empty,empty,1,single,1,0,0
2025-04-04,COL202504040,ATH,"Langeliers, Shea",langs001,1,2,1B,1B,1,single,1,0,0
2025-04-04,COL202504040,ATH,"Soderstrom, Tyler",sodet001,1,2,1B+2B,1B+2B,1,single,1,0,0
2025-04-04,COL202504040,ATH,"Andujar, Miguel",andum001,1,2,1B+2B,1B+2B,1,field_out,1,1,0
2025-04-04,COL202504040,ATH,"Wilson, Jacob",wilsj006,1,0,empty,empty,1,field_out,2,1,1
2025-04-04,COL202504040,ATH,"Urshela, Gio",urshg001,1,1,empty,empty,1,field_out,2,1,1
2025-04-04,COL202504040,ATH,"Muncy, Max",muncm002,1,2,empty,empty,1,field_out,2,1,1
2025-04-04,COL202504040,ATH,"Butler, Lawrence",butll001,2,0,empty,empty,1,field_out,3,1,1
2025-04-04,COL202504040,ATH,"Rooker, Brent",rookb001,2,1,empty,empty,1,field_out,3,1,1
2025-04-04,COL202504040,ATH,"Bleday, JJ",bledj001,2,2,empty,empty,1,walk,3,1,1
2025-04-04,COL202504040,ATH,"Langeliers, Shea",langs001,2,2,1B,2B,0,single,3,1,1
2025-04-04,COL202504040,ATH,"Soderstrom, Tyler",sodet001,2,2,1B+3B,1B+3B,1,strikeout,3,1,1
2025-04-04,COL202504040,ATH,"Andujar, Miguel",andum001,2,0,empty,empty,1,field_out,4,1,1
2025-04-04,COL202504040,ATH,"Wilson, Jacob",wilsj006,2,1,empty,empty,1,home_run,4,1,1
2025-04-04,COL202504040,ATH,"Urshela, Gio",urshg001,2,1,empty,empty,1,field_out,4,2,1
2025-04-04,COL202504040,ATH,"Muncy, Max",muncm002,2,2,empty,empty,1,field_out,4,2,1
2025-04-04,COL202504040,ATH,"Butler, Lawrence",butll001,3,0,empty,empty,1,single,5,2,2
2025-04-04,COL202504040,ATH,"Rooker, Brent",rookb001,3,0,1B,2B,0,strikeout,5,2,2
2025-04-04,COL202504040,ATH,"Bleday, JJ",bledj001,3,1,2B,2B,1,field_out,5,2,2
2025-04-04,COL202504040,ATH,"Langeliers, Shea",langs001,3,2,3B,3B,1,field_out,5,2,2
2025-04-04,COL202504040,ATH,"Soderstrom, Tyler",sodet001,3,0,empty,empty,1,single,6,2,2
2025-04-04,COL202504040,ATH,"Andujar, Miguel",andum001,3,0,1B,1B,1,double,6,2,2
2025-04-04,COL202504040,ATH,"Wilson, Jacob",wilsj006,3,0,3B,3B,1,field_out,6,3,2
2025-04-04,COL202504040,ATH,"Urshela, Gio",urshg001,3,1,3B,3B,1,field_out,6,3,2
2025-04-04,COL202504040,ATH,"Muncy, Max",muncm002,3,2,3B,3B,1,field_out,6,3,2
2025-04-04,COL202504040,ATH,"Butler, Lawrence",butll001,4,0,empty,empty,1,field_out,7,3,2
2025-04-04,COL202504040,ATH,"Rooker, Brent",rookb001,4,1,empty,empty,1,field_out,7,3,2
2025-04-04,COL202504040,ATH,"Bleday, JJ",bledj001,4,2,empty,empty,1,strikeout,7,3,2
2025-04-04,COL202504040,ATH,"Langeliers, Shea",langs001,4,0,empty,empty,1,field_out,8,3,2
2025-04-04,COL202504040,ATH,"Soderstrom, Tyler",sodet001,4,1,empty,empty,1,walk,8,3,2
2025-04-04,COL202504040,ATH,"Andujar, Miguel",andum001,4,1,1B,1B,1,grounded_into_double_play,8,3,2
2025-04-04,COL202504040,ATH,"Wilson, Jacob",wilsj006,4,0,empty,empty,1,field_out,9,3,3
2025-04-04,COL202504040,ATH,"Urshela, Gio",urshg001,4,1,empty,empty,1,strikeout,9,3,3
2025-04-04,COL202504040,ATH,"Brown, Seth",brows003,1,2,empty,empty,1,strikeout,9,3,3
2025-04-04,COL202504040,ATH,"Butler, Lawrence",butll001,5,0,2B,3B,0,single,10,3,3
2025-04-04,COL202504040,ATH,"Rooker, Brent",rookb001,5,0,1B+3B,1B+3B,1,fielders_choice_out,10,3,3
2025-04-04,COL202504040,ATH,"Bleday, JJ",bledj001,5,1,1B+2B,1B+2B,1,grounded_into_double_play,10,3,3
2025-04-04,COL202504040,ATH,"Langeliers, Shea",langs001,5,0,2B,2B,1,walk,11,3,3
2025-04-04,COL202504040,ATH,"Soderstrom, Tyler",sodet001,5,0,1B+2B,1B+2B,1,field_out,11,3,3
2025-04-04,COL202504040,ATH,"Andujar, Miguel",andum001,5,1,2B+3B,2B+3B,1,field_out,11,3,3
2025-04-04,COL202504040,ATH,"Wilson, Jacob",wilsj006,5,2,2B+3B,2B+3B,1,single,11,3,3
2025-04-04,COL202504040,ATH,"Urshela, Gio",urshg001,5,2,1B,1B,1,double,11,5,3
2025-04-04,COL202504040,ATH,"Schuemann, Max",schum002,1,2,2B,2B,1,field_out,11,6,3
2025-04-05,COL202504050,ATH,"Butler, Lawrence",butll001,1,0,empty,empty,1,field_out,1,0,0
2025-04-05,COL202504050,ATH,"Rooker, Brent",rookb001,1,1,empty,empty,1,strikeout,1,0,0
2025-04-05,COL202504050,ATH,"Bleday, JJ",bledj001,1,2,empty,empty,1,strikeout,1,0,0
2025-04-05,COL202504050,ATH,"Langeliers, Shea",langs001,1,0,empty,empty,1,walk,2,0,0
2025-04-05,COL202504050,ATH,"Soderstrom, Tyler",sodet001,1,0,1B,1B,1,single,2,0,0
2025-04-05,COL202504050,ATH,"Wilson, Jacob",wilsj006,1,0,1B+2B,1B+2B,1,field_out,2,0,0
2025-04-05,COL202504050,ATH,"Brown, Seth",brows003,1,0,empty,empty,1,field_out,3,0,2
2025-04-05,COL202504050,ATH,"Urias, Luis",urial001,1,1,empty,empty,1,single,3,0,2
2025-04-05,COL202504050,ATH,"Schuemann, Max",schum002,1,1,1B,1B,1,grounded_into_double_play,3,0,2
2025-04-05,COL202504050,ATH,"Butler, Lawrence",butll001,2,0,empty,empty,1,single,4,0,3
2025-04-05,COL202504050,ATH,"Rooker, Brent",rookb001,2,0,1B,1B,1,field_out,4,0,3
2025-04-05,COL202504050,ATH,"Bleday, JJ",bledj001,2,1,2B,empty,0,walk,4,1,3
2025-04-05,COL202504050,ATH,"Langeliers, Shea",langs001,2,1,1B,1B,1,walk,4,1,3
2025-04-05,COL202504050,ATH,"Soderstrom, Tyler",sodet001,2,1,1B+2B,1B+2B,1,strikeout,4,1,3
2025-04-05,COL202504050,ATH,"Wilson, Jacob",wilsj006,2,2,1B+2B,1B+2B,1,field_out,4,1,3
2025-04-05,COL202504050,ATH,"Brown, Seth",brows003,2,0,empty,empty,1,field_out,5,1,3
2025-04-05,COL202504050,ATH,"Urias, Luis",urial001,2,1,empty,empty,1,field_out,5,1,3
2025-04-05,COL202504050,ATH,"Schuemann, Max",schum002,2,2,empty,empty,1,single,5,1,3
2025-04-05,COL202504050,ATH,"Butler, Lawrence",butll001,3,2,1B,1B,1,walk,5,1,3
2025-04-05,COL202504050,ATH,"Rooker, Brent",rookb001,3,2,1B+2B,1B+2B,1,field_out,5,1,3
2025-04-05,COL202504050,ATH,"Bleday, JJ",bledj001,3,0,empty,empty,1,walk,6,1,3
2025-04-05,COL202504050,ATH,"Langeliers, Shea",langs001,3,0,1B,2B,0,walk,6,1,3
2025-04-05,COL202504050,ATH,"Soderstrom, Tyler",sodet001,3,0,1B+2B,1B+2B,1,double,6,1,3
2025-04-05,COL202504050,ATH,"Wilson, Jacob",wilsj006,3,0,2B+3B,2B+3B,1,double,6,2,3
2025-04-05,COL202504050,ATH,"Brown, Seth",brows003,3,0,2B,2B,1,strikeout,6,4,3
2025-04-05,COL202504050,ATH,"Urias, Luis",urial001,3,1,2B,2B,1,field_out,6,4,3
2025-04-05,COL202504050,ATH,"Schuemann, Max",schum002,3,2,3B,3B,1,strikeout,6,4,3
2025-04-05,COL202504050,ATH,"Butler, Lawrence",butll001,4,0,empty,empty,1,double,7,4,3
2025-04-05,COL202504050,ATH,"Rooker, Brent",rookb001,4,1,2B,empty,0,home_run,7,4,3
2025-04-05,COL202504050,ATH,"Bleday, JJ",bledj001,4,1,empty,empty,1,walk,7,5,3
2025-04-05,COL202504050,ATH,"Langeliers, Shea",langs001,4,1,1B,1B,1,home_run,7,5,3
2025-04-05,COL202504050,ATH,"Soderstrom, Tyler",sodet001,4,1,empty,empty,1,field_out,7,7,3
2025-04-05,COL202504050,ATH,"Wilson, Jacob",wilsj006,4,2,empty,empty,1,field_out,7,7,3
2025-04-05,COL202504050,ATH,"Brown, Seth",brows003,4,0,empty,empty,1,single,8,7,3
2025-04-05,COL202504050,ATH,"Urias, Luis",urial001,4,0,1B,1B,1,field_out,8,7,3
2025-04-05,COL202504050,ATH,"Schuemann, Max",schum002,4,1,1B,1B,1,field_out,8,7,3
2025-04-05,COL202504050,ATH,"Butler, Lawrence",butll001,5,2,1B,1B,1,single,8,7,3
2025-04-05,COL202504050,ATH,"Rooker, Brent",rookb001,5,2,1B+3B,1B+3B,1,field_out,8,7,3
2025-04-05,COL202504050,ATH,"Bleday, JJ",bledj001,5,0,empty,empty,1,strikeout,9,7,4
2025-04-05,COL202504050,ATH,"Langeliers, Shea",langs001,5,1,empty,empty,1,field_out,9,7,4
2025-04-05,COL202504050,ATH,"Soderstrom, Tyler",sodet001,5,2,empty,empty,1,field_out,9,7,4
2025-04-06,COL202504060,ATH,"Butler, Lawrence",butll001,1,0,empty,empty,1,field_out,1,0,0
2025-04-06,COL202504060,ATH,"Rooker, Brent",rookb001,1,1,empty,empty,1,single,1,0,0
2025-04-06,COL202504060,ATH,"Bleday, JJ",bledj001,1,1,1B,1B,1,field_out,1,0,0
2025-04-06,COL202504060,ATH,"Soderstrom, Tyler",sodet001,1,2,1B,1B,1,home_run,1,0,0
2025-04-06,COL202504060,ATH,"Wilson, Jacob",wilsj006,1,2,empty,empty,1,strikeout,1,2,0
2025-04-06,COL202504060,ATH,"Andujar, Miguel",andum001,1,0,empty,empty,1,field_out,2,2,2
2025-04-06,COL202504060,ATH,"Urshela, Gio",urshg001,1,1,empty,empty,1,field_out,2,2,2
2025-04-06,COL202504060,ATH,"Pereda, Jhonny",perej004,1,2,empty,empty,1,single,2,2,2
2025-04-06,COL202504060,ATH,"Muncy, Max",muncm002,1,2,1B,1B,1,strikeout,2,2,2
2025-04-06,COL202504060,ATH,"Butler, Lawrence",butll001,2,0,empty,empty,1,field_out,3,2,5
2025-04-06,COL202504060,ATH,"Rooker, Brent",rookb001,2,1,empty,empty,1,field_out,3,2,5
2025-04-06,COL202504060,ATH,"Bleday, JJ",bledj001,2,2,empty,empty,1,strikeout,3,2,5
2025-04-06,COL202504060,ATH,"Soderstrom, Tyler",sodet001,2,0,empty,empty,1,single,4,2,6
2025-04-06,COL202504060,ATH,"Wilson, Jacob",wilsj006,2,0,1B,1B,1,single,4,2,6
2025-04-06,COL202504060,ATH,"Andujar, Miguel",andum001,2,0,1B+2B,1B+2B,1,single,4,2,6
2025-04-06,COL202504060,ATH,"Urshela, Gio",urshg001,2,1,1B,1B,1,walk,4,3,6
2025-04-06,COL202504060,ATH,"Pereda, Jhonny",perej004,2,1,1B+2B,1B+2B,1,strikeout,4,3,6
2025-04-06,COL202504060,ATH,"Muncy, Max",muncm002,2,2,1B+2B,1B+2B,1,strikeout,4,3,6
2025-04-06,COL202504060,ATH,"Butler, Lawrence",butll001,3,0,empty,empty,1,home_run,5,3,7
2025-04-06,COL202504060,ATH,"Rooker, Brent",rookb001,3,0,empty,empty,1,field_out,5,4,7
2025-04-06,COL202504060,ATH,"Bleday, JJ",bledj001,3,1,empty,empty,1,strikeout,5,4,7
2025-04-06,COL202504060,ATH,"Soderstrom, Tyler",sodet001,3,2,empty,empty,1,field_out,5,4,7
2025-04-06,COL202504060,ATH,"Wilson, Jacob",wilsj006,3,0,empty,empty,1,field_out,6,4,7
2025-04-06,COL202504060,ATH,"Andujar, Miguel",andum001,3,1,empty,empty,1,strikeout,6,4,7
2025-04-06,COL202504060,ATH,"Urshela, Gio",urshg001,3,2,empty,empty,1,strikeout,6,4,7
2025-04-06,COL202504060,ATH,"Pereda, Jhonny",perej004,3,0,empty,empty,1,strikeout,7,4,7
2025-04-06,COL202504060,ATH,"Muncy, Max",muncm002,3,1,empty,empty,1,strikeout,7,4,7
2025-04-06,COL202504060,ATH,"Butler, Lawrence",butll001,4,2,empty,empty,1,strikeout,7,4,7
2025-04-06,COL202504060,ATH,"Rooker, Brent",rookb001,4,0,empty,empty,1,field_out,8,4,7
2025-04-06,COL202504060,ATH,"Bleday, JJ",bledj001,4,1,empty,empty,1,strikeout,8,4,7
2025-04-06,COL202504060,ATH,"Soderstrom, Tyler",sodet001,4,2,empty,empty,1,walk,8,4,7
2025-04-06,COL202504060,ATH,"Wilson, Jacob",wilsj006,4,2,1B,1B,1,strikeout,8,4,7
2025-04-06,COL202504060,ATH,"Andujar, Miguel",andum001,4,0,empty,empty,1,single,9,4,12
2025-04-06,COL202504060,ATH,"Urshela, Gio",urshg001,4,0,1B,1B,1,field_out,9,4,12
2025-04-06,COL202504060,ATH,"Pereda, Jhonny",perej004,4,1,1B,1B,1,field_out,9,4,12
2025-04-06,COL202504060,ATH,"Muncy, Max",muncm002,4,2,1B,2B,0,walk,9,4,12
2025-04-06,COL202504060,ATH,"Butler, Lawrence",butll001,5,2,1B+2B,1B+2B,1,single,9,4,12
2025-04-06,COL202504060,ATH,"Rooker, Brent",rookb001,5,2,1B+3B,2B+3B,0,field_out,9,5,12
2025-04-07,ATH202504070,ATH,"Butler, Lawrence",butll001,1,0,empty,empty,1,walk,1,0,3
2025-04-07,ATH202504070,ATH,"Rooker, Brent",rookb001,1,0,1B,1B,1,grounded_into_double_play,1,0,3
2025-04-07,ATH202504070,ATH,"Soderstrom, Tyler",sodet001,1,2,empty,empty,1,walk,1,0,3
2025-04-07,ATH202504070,ATH,"Langeliers, Shea",langs001,1,2,1B,1B,1,field_out,1,0,3
2025-04-07,ATH202504070,ATH,"Bleday, JJ",bledj001,1,0,empty,empty,1,single,2,0,3
2025-04-07,ATH202504070,ATH,"Andujar, Miguel",andum001,1,0,1B,1B,1,field_out,2,0,3
2025-04-07,ATH202504070,ATH,"Wilson, Jacob",wilsj006,1,1,1B,1B,1,fielders_choice,2,0,3
2025-04-07,ATH202504070,ATH,"Urshela, Gio",urshg001,1,1,1B+2B,1B+2B,1,strikeout,2,0,3
2025-04-07,ATH202504070,ATH,"Muncy, Max",muncm002,1,2,1B+2B,1B+2B,1,field_out,2,0,3
2025-04-07,ATH202504070,ATH,"Butler, Lawrence",butll001,2,0,empty,empty,1,field_out,3,0,4
2025-04-07,ATH202504070,ATH,"Rooker, Brent",rookb001,2,1,empty,empty,1,field_out,3,0,4
2025-04-07,ATH202504070,ATH,"Soderstrom, Tyler",sodet001,2,2,empty,empty,1,home_run,3,0,4
2025-04-07,ATH202504070,ATH,"Langeliers, Shea",langs001,2,2,empty,empty,1,single,3,1,4
2025-04-07,ATH202504070,ATH,"Bleday, JJ",bledj001,2,2,1B,1B,1,field_out,3,1,4
2025-04-07,ATH202504070,ATH,"Andujar, Miguel",andum001,2,0,empty,empty,1,single,4,1,4
2025-04-07,ATH202504070,ATH,"Wilson, Jacob",wilsj006,2,0,1B,1B,1,single,4,1,4
2025-04-07,ATH202504070,ATH,"Urshela, Gio",urshg001,2,0,1B+2B,1B+2B,1,field_out,4,1,4
2025-04-07,ATH202504070,ATH,"Muncy, Max",muncm002,2,1,1B+2B,1B+2B,1,double,4,1,4
2025-04-07,ATH202504070,ATH,"Butler, Lawrence",butll001,3,1,2B+3B,2B+3B,1,single,4,2,4
2025-04-07,ATH202504070,ATH,"Rooker, Brent",rookb001,3,1,1B+3B,1B+3B,1,strikeout,4,3,4
2025-04-07,ATH202504070,ATH,"Soderstrom, Tyler",sodet001,3,2,1B+3B,1B+3B,1,field_out,4,3,4
2025-04-07,ATH202504070,ATH,"Langeliers, Shea",langs001,3,0,empty,empty,1,field_out,5,3,4
2025-04-07,ATH202504070,ATH,"Bleday, JJ",bledj001,3,1,empty,empty,1,field_out,5,3,4
2025-04-07,ATH202504070,ATH,"Andujar, Miguel",andum001,3,2,empty,empty,1,field_out,5,3,4
2025-04-07,ATH202504070,ATH,"Wilson, Jacob",wilsj006,3,0,empty,empty,1,field_out,6,3,4
2025-04-07,ATH202504070,ATH,"Urshela, Gio",urshg001,3,1,empty,empty,1,field_out,6,3,4
2025-04-07,ATH202504070,ATH,"Muncy, Max",muncm002,3,2,empty,empty,1,single,6,3,4
2025-04-07,ATH202504070,ATH,"Butler, Lawrence",butll001,4,2,1B,1B,1,strikeout,6,3,4
2025-04-07,ATH202504070,ATH,"Rooker, Brent",rookb001,4,0,empty,empty,1,field_out,7,3,5
2025-04-07,ATH202504070,ATH,"Soderstrom, Tyler",sodet001,4,1,empty,empty,1,home_run,7,3,5
2025-04-07,ATH202504070,ATH,"Langeliers, Shea",langs001,4,1,empty,empty,1,strikeout,7,4,5
2025-04-07,ATH202504070,ATH,"Bleday, JJ",bledj001,4,2,empty,empty,1,field_out,7,4,5
2025-04-07,ATH202504070,ATH,"Andujar, Miguel",andum001,4,0,empty,empty,1,field_out,8,4,5
2025-04-07,ATH202504070,ATH,"Wilson, Jacob",wilsj006,4,1,empty,empty,1,single,8,4,5
2025-04-07,ATH202504070,ATH,"Brown, Seth",brows003,1,2,1B,empty,0,strikeout,8,4,5
2025-04-07,ATH202504070,ATH,"Muncy, Max",muncm002,4,0,empty,empty,1,field_out,9,4,5
2025-04-07,ATH202504070,ATH,"Butler, Lawrence",butll001,5,1,empty,empty,1,strikeout,9,4,5
2025-04-07,ATH202504070,ATH,"Rooker, Brent",rookb001,5,2,empty,empty,1,field_out,9,4,5
2025-04-08,ATH202504080,ATH,"Butler, Lawrence",butll001,1,0,empty,empty,1,single,1,0,3
2025-04-08,ATH202504080,ATH,"Rooker, Brent",rookb001,1,0,1B,1B,1,field_out,1,0,3
2025-04-08,ATH202504080,ATH,"Soderstrom, Tyler",sodet001,1,1,1B,1B,1,walk,1,0,3
2025-04-08,ATH202504080,ATH,"Langeliers, Shea",langs001,1,1,1B+2B,1B+2B,1,field_out,1,0,3
2025-04-08,ATH202504080,ATH,"Bleday, JJ",bledj001,1,2,1B+3B,1B+3B,1,double,1,0,3
2025-04-08,ATH202504080,ATH,"Andujar, Miguel",andum001,1,2,2B,2B,1,single,1,2,3
2025-04-08,ATH202504080,ATH,"Wilson, Jacob",wilsj006,1,2,1B,1B,1,single,1,3,3
2025-04-08,ATH202504080,ATH,"Urshela, Gio",urshg001,1,2,1B+2B,1B+2B,1,double,1,3,3
2025-04-08,ATH202504080,ATH,"Muncy, Max",muncm002,1,2,2B,2B,1,single,1,5,3
2025-04-08,ATH202504080,ATH,"Butler, Lawrence",butll001,2,2,1B,1B,1,strikeout,1,6,3
2025-04-08,ATH202504080,ATH,"Rooker, Brent",rookb001,2,0,empty,empty,1,walk,2,6,4
2025-04-08,ATH202504080,ATH,"Soderstrom, Tyler",sodet001,2,0,1B,1B,1,field_out,2,6,4
2025-04-08,ATH202504080,ATH,"Langeliers, Shea",langs001,2,1,1B,1B,1,grounded_into_double_play,2,6,4
2025-04-08,ATH202504080,ATH,"Bleday, JJ",bledj001,2,0,empty,empty,1,walk,3,6,4
2025-04-08,ATH202504080,ATH,"Andujar, Miguel",andum001,2,0,1B,1B,1,single,3,6,4
2025-04-08,ATH202504080,ATH,"Wilson, Jacob",wilsj006,2,0,1B+2B,1B+2B,1,single,3,6,4
2025-04-08,ATH202504080,ATH,"Urshela, Gio",urshg001,2,0,2B,2B,1,double,3,8,4
2025-04-08,ATH202504080,ATH,"Muncy, Max",muncm002,2,0,2B,2B,1,strikeout,3,9,4
2025-04-08,ATH202504080,ATH,"Butler, Lawrence",butll001,3,1,2B,2B,1,field_out,3,9,4
2025-04-08,ATH202504080,ATH,"Rooker, Brent",rookb001,3,2,3B,3B,1,strikeout,3,9,4
2025-04-08,ATH202504080,ATH,"Soderstrom, Tyler",sodet001,3,0,empty,empty,1,field_out,4,9,4
2025-04-08,ATH202504080,ATH,"Langeliers, Shea",langs001,3,1,empty,empty,1,field_out,4,9,4
2025-04-08,ATH202504080,ATH,"Bleday, JJ",bledj001,3,2,empty,empty,1,strikeout,4,9,4
2025-04-08,ATH202504080,ATH,"Andujar, Miguel",andum001,3,0,empty,empty,1,field_out,5,9,4
2025-04-08,ATH202504080,ATH,"Wilson, Jacob",wilsj006,3,1,empty,empty,1,field_out,5,9,4
2025-04-08,ATH202504080,ATH,"Urshela, Gio",urshg001,3,2,empty,empty,1,single,5,9,4
2025-04-08,ATH202504080,ATH,"Muncy, Max",muncm002,3,2,1B,1B,1,field_out,5,9,4
2025-04-08,ATH202504080,ATH,"Butler, Lawrence",butll001,4,0,empty,empty,1,field_out,6,9,4
2025-04-08,ATH202504080,ATH,"Rooker, Brent",rookb001,4,1,empty,empty,1,strikeout,6,9,4
2025-04-08,ATH202504080,ATH,"Soderstrom, Tyler",sodet001,4,2,empty,empty,1,single,6,9,4
2025-04-08,ATH202504080,ATH,"Langeliers, Shea",langs001,4,2,1B,1B,1,field_out,6,9,4
2025-04-08,ATH202504080,ATH,"Bleday, JJ",bledj001,4,0,empty,empty,1,home_run,7,9,4
2025-04-08,ATH202504080,ATH,"Andujar, Miguel",andum001,4,0,empty,empty,1,field_out,7,10,4
2025-04-08,ATH202504080,ATH,"Wilson, Jacob",wilsj006,4,1,empty,empty,1,double,7,10,4
2025-04-08,ATH202504080,ATH,"Urshela, Gio",urshg001,4,1,2B,3B,0,field_out,7,10,4
2025-04-08,ATH202504080,ATH,"Muncy, Max",muncm002,4,2,3B,3B,1,strikeout,7,10,4
2025-04-08,ATH202504080,ATH,"Butler, Lawrence",butll001,5,0,empty,empty,1,strikeout,8,10,4
2025-04-08,ATH202504080,ATH,"Rooker, Brent",rookb001,5,1,empty,empty,1,field_out,8,10,4
2025-04-08,ATH202504080,ATH,"Schuemann, Max",schum002,1,2,empty,empty,1,field_out,8,10,4
2025-04-09,ATH202504090,ATH,"Butler, Lawrence",butll001,1,0,empty,empty,1,field_out,1,0,0
2025-04-09,ATH202504090,ATH,"Rooker, Brent",rookb001,1,1,empty,empty,1,field_out,1,0,0
2025-04-09,ATH202504090,ATH,"Soderstrom, Tyler",sodet001,1,2,empty,empty,1,field_out,1,0,0
2025-04-09,ATH202504090,ATH,"Langeliers, Shea",langs001,1,0,empty,empty,1,walk,2,0,0
2025-04-09,ATH202504090,ATH,"Bleday, JJ",bledj001,1,0,1B,1B,1,walk,2,0,0
2025-04-09,ATH202504090,ATH,"Andujar, Miguel",andum001,1,0,1B+2B,1B+2B,1,field_out,2,0,0
2025-04-09,ATH202504090,ATH,"Wilson, Jacob",wilsj006,1,1,1B+2B,1B+2B,1,single,2,0,0
2025-04-09,ATH202504090,ATH,"Urias, Luis",urial001,1,1,1B+2B+3B,1B+2B+3B,1,sac_fly,2,0,0
2025-04-09,ATH202504090,ATH,"Muncy, Max",muncm002,1,2,1B+2B,1B+2B,1,field_out,2,1,0
2025-04-09,ATH202504090,ATH,"Butler, Lawrence",butll001,2,0,empty,empty,1,field_out,3,1,1
2025-04-09,ATH202504090,ATH,"Rooker, Brent",rookb001,2,1,empty,empty,1,field_out,3,1,1
2025-04-09,ATH202504090,ATH,"Soderstrom, Tyler",sodet001,2,2,empty,empty,1,field_out,3,1,1
2025-04-09,ATH202504090,ATH,"Langeliers, Shea",langs001,2,0,empty,empty,1,field_out,4,1,1
2025-04-09,ATH202504090,ATH,"Bleday, JJ",bledj001,2,1,empty,empty,1,field_out,4,1,1
2025-04-09,ATH202504090,ATH,"Andujar, Miguel",andum001,2,2,empty,empty,1,strikeout,4,1,1
2025-04-09,ATH202504090,ATH,"Wilson, Jacob",wilsj006,2,0,empty,empty,1,field_out,5,1,2
2025-04-09,ATH202504090,ATH,"Urias, Luis",urial001,2,1,empty,empty,1,walk,5,1,2
2025-04-09,ATH202504090,ATH,"Muncy, Max",muncm002,2,1,1B,1B,1,grounded_into_double_play,5,1,2
2025-04-09,ATH202504090,ATH,"Butler, Lawrence",butll001,3,0,empty,empty,1,field_out,6,1,2
2025-04-09,ATH202504090,ATH,"Rooker, Brent",rookb001,3,1,empty,empty,1,single,6,1,2
2025-04-09,ATH202504090,ATH,"Soderstrom, Tyler",sodet001,3,1,1B,1B,1,field_out,6,1,2
2025-04-09,ATH202504090,ATH,"Langeliers, Shea",langs001,3,2,1B,1B,1,field_out,6,1,2
2025-04-09,ATH202504090,ATH,"Bleday, JJ",bledj001,3,0,empty,empty,1,field_out,7,1,2
2025-04-09,ATH202504090,ATH,"Andujar, Miguel",andum001,3,1,empty,empty,1,strikeout,7,1,2
2025-04-09,ATH202504090,ATH,"Wilson, Jacob",wilsj006,3,2,empty,empty,1,field_out,7,1,2
2025-04-09,ATH202504090,ATH,"Brown, Seth",brows003,1,0,empty,empty,1,strikeout,8,1,2
2025-04-09,ATH202504090,ATH,"Muncy, Max",muncm002,3,1,empty,empty,1,field_out,8,1,2
2025-04-09,ATH202504090,ATH,"Butler, Lawrence",butll001,4,2,empty,empty,1,walk,8,1,2
2025-04-09,ATH202504090,ATH,"Rooker, Brent",rookb001,4,2,1B,2B,0,strikeout,8,1,2
2025-04-09,ATH202504090,ATH,"Soderstrom, Tyler",sodet001,4,0,empty,empty,1,walk,9,1,2
2025-04-09,ATH202504090,ATH,"Langeliers, Shea",langs001,4,0,1B,1B,1,double_play,9,1,2
2025-04-09,ATH202504090,ATH,"Bleday, JJ",bledj001,4,2,empty,empty,1,field_out,9,1,2
2025-04-11,ATH202504110,ATH,"Butler, Lawrence",butll001,1,0,empty,empty,1,strikeout,1,0,0
2025-04-11,ATH202504110,ATH,"Rooker, Brent",rookb001,1,1,empty,empty,1,strikeout,1,0,0
2025-04-11,ATH202504110,ATH,"Soderstrom, Tyler",sodet001,1,2,empty,empty,1,field_out,1,0,0
2025-04-11,ATH202504110,ATH,"Langeliers, Shea",langs001,1,0,empty,empty,1,walk,2,0,2
2025-04-11,ATH202504110,ATH,"Bleday, JJ",bledj001,1,0,1B,1B,1,single,2,0,2
2025-04-11,ATH202504110,ATH,"Wilson, Jacob",wilsj006,1,0,1B+2B,1B+2B,1,grounded_into_double_play,2,0,2
2025-04-11,ATH202504110,ATH,"Andujar, Miguel",andum001,1,2,3B,3B,1,single,2,0,2
2025-04-11,ATH202504110,ATH,"Urshela, Gio",urshg001,1,2,1B,1B,1,single,2,1,2
2025-04-11,ATH202504110,ATH,"Muncy, Max",muncm002,1,2,1B+2B,1B+2B,1,field_out,2,1,2
2025-04-11,ATH202504110,ATH,"Butler, Lawrence",butll001,2,0,empty,empty,1,field_out,3,1,2
2025-04-11,ATH202504110,ATH,"Rooker, Brent",rookb001,2,1,empty,empty,1,triple,3,1,2
2025-04-11,ATH202504110,ATH,"Soderstrom, Tyler",sodet001,2,1,3B,3B,1,fielders_choice_out,3,1,2
2025-04-11,ATH202504110,ATH,"Langeliers, Shea",langs001,2,2,1B,1B,1,field_out,3,1,2
2025-04-11,ATH202504110,ATH,"Bleday, JJ",bledj001,2,0,empty,empty,1,strikeout,4,1,2
2025-04-11,ATH202504110,ATH,"Wilson, Jacob",wilsj006,2,1,empty,empty,1,field_out,4,1,2
2025-04-11,ATH202504110,ATH,"Andujar, Miguel",andum001,2,2,empty,empty,1,field_out,4,1,2
2025-04-11,ATH202504110,ATH,"Urshela, Gio",urshg001,2,0,empty,empty,1,walk,5,1,3
2025-04-11,ATH202504110,ATH,"Muncy, Max",muncm002,2,0,1B,1B,1,field_out,5,1,3
2025-04-11,ATH202504110,ATH,"Butler, Lawrence",butll001,3,1,1B,1B,1,field_out,5,1,3
2025-04-11,ATH202504110,ATH,"Rooker, Brent",rookb001,3,2,1B,1B,1,walk,5,1,3
2025-04-11,ATH202504110,ATH,"Soderstrom, Tyler",sodet001,3,2,1B+2B,1B+2B,1,field_out,5,1,3
2025-04-11,ATH202504110,ATH,"Langeliers, Shea",langs001,3,0,empty,empty,1,double,6,1,6
2025-04-11,ATH202504110,ATH,"Bleday, JJ",bledj001,3,0,2B,2B,1,field_out,6,1,6
2025-04-11,ATH202504110,ATH,"Wilson, Jacob",wilsj006,3,1,2B,2B,1,single,6,1,6
2025-04-11,ATH202504110,ATH,"Andujar, Miguel",andum001,3,1,2B,2B,1,home_run,6,2,6
2025-04-11,ATH202504110,ATH,"Urshela, Gio",urshg001,3,1,empty,empty,1,strikeout,6,4,6
2025-04-11,ATH202504110,ATH,"Muncy, Max",muncm002,3,2,empty,empty,1,double,6,4,6
2025-04-11,ATH202504110,ATH,"Butler, Lawrence",butll001,4,2,2B,2B,1,walk,6,4,6
2025-04-11,ATH202504110,ATH,"Rooker, Brent",rookb001,4,2,1B+2B,1B+2B,1,walk,6,4,6
2025-04-11,ATH202504110,ATH,"Soderstrom, Tyler",sodet001,4,2,1B+2B+3B,1B+2B+3B,1,field_out,6,4,6
2025-04-11,ATH202504110,ATH,"Langeliers, Shea",langs001,4,0,empty,empty,1,field_out,7,4,6
2025-04-11,ATH202504110,ATH,"Bleday, JJ",bledj001,4,1,empty,empty,1,strikeout,7,4,6
2025-04-11,ATH202504110,ATH,"Wilson, Jacob",wilsj006,4,2,empty,empty,1,field_out,7,4,6
2025-04-11,ATH202504110,ATH,"Andujar, Miguel",andum001,4,0,empty,empty,1,strikeout,8,4,7
2025-04-11,ATH202504110,ATH,"Urshela, Gio",urshg001,4,1,empty,empty,1,field_out,8,4,7
2025-04-11,ATH202504110,ATH,"Muncy, Max",muncm002,4,2,empty,empty,1,field_out,8,4,7
2025-04-11,ATH202504110,ATH,"Butler, Lawrence",butll001,5,0,empty,empty,1,walk,9,4,7
2025-04-11,ATH202504110,ATH,"Rooker, Brent",rookb001,5,0,1B,1B,1,strikeout,9,4,7
2025-04-11,ATH202504110,ATH,"Soderstrom, Tyler",sodet001,5,1,1B,2B,0,walk,9,4,7
2025-04-11,ATH202504110,ATH,"Langeliers, Shea",langs001,5,1,1B+3B,1B+3B,1,double,9,4,7
2025-04-11,ATH202504110,ATH,"Bleday, JJ",bledj001,5,1,2B+3B,2B+3B,1,sac_fly,9,5,7
2025-04-11,ATH202504110,ATH,"Wilson, Jacob",wilsj006,5,2,2B,2B,1,field_out,9,6,7
2025-04-12,ATH202504120,ATH,"Wilson, Jacob",wilsj006,1,0,empty,empty,1,field_out,1,0,0
2025-04-12,ATH202504120,ATH,"Rooker, Brent",rookb001,1,1,empty,empty,1,strikeout,1,0,0
2025-04-12,ATH202504120,ATH,"Soderstrom, Tyler",sodet001,1,2,empty,empty,1,strikeout,1,0,0
2025-04-12,ATH202504120,ATH,"Langeliers, Shea",langs001,1,0,empty,empty,1,field_out,2,0,0
2025-04-12,ATH202504120,ATH,"Andujar, Miguel",andum001,1,1,empty,empty,1,field_out,2,0,0
2025-04-12,ATH202504120,ATH,"Bleday, JJ",bledj001,1,2,empty,empty,1,strikeout,2,0,0
2025-04-12,ATH202504120,ATH,"Urias, Luis",urial001,1,0,empty,empty,1,single,3,0,0
2025-04-12,ATH202504120,ATH,"Muncy, Max",muncm002,1,0,1B,1B,1,field_out,3,0,0
2025-04-12,ATH202504120,ATH,"Pereda, Jhonny",perej004,1,2,1B,empty,0,field_out,3,0,0
2025-04-12,ATH202504120,ATH,"Wilson, Jacob",wilsj006,2,0,empty,empty,1,double,4,0,0
2025-04-12,ATH202504120,ATH,"Rooker, Brent",rookb001,2,0,2B,2B,1,field_out,4,0,0
2025-04-12,ATH202504120,ATH,"Soderstrom, Tyler",sodet001,2,1,3B,3B,1,single,4,0,0
2025-04-12,ATH202504120,ATH,"Langeliers, Shea",langs001,2,1,1B,1B,1,single,4,1,0
2025-04-12,ATH202504120,ATH,"Andujar, Miguel",andum001,2,1,1B+2B,1B+2B,1,single,4,1,0
2025-04-12,ATH202504120,ATH,"Bleday, JJ",bledj001,2,1,1B+2B+3B,1B+2B+3B,1,field_out,4,1,0
2025-04-12,ATH202504120,ATH,"Urias, Luis",urial001,2,2,2B+3B,2B+3B,1,catcher_interf,4,2,0
2025-04-12,ATH202504120,ATH,"Muncy, Max",muncm002,2,2,1B+2B+3B,1B+2B+3B,1,field_out,4,2,0
2025-04-12,ATH202504120,ATH,"Pereda, Jhonny",perej004,2,0,empty,empty,1,strikeout,5,2,0
2025-04-12,ATH202504120,ATH,"Wilson, Jacob",wilsj006,3,1,empty,empty,1,field_out,5,2,0
2025-04-12,ATH202504120,ATH,"Rooker, Brent",rookb001,3,2,empty,empty,1,double,5,2,0
2025-04-12,ATH202504120,ATH,"Soderstrom, Tyler",sodet001,3,2,2B,2B,1,strikeout,5,2,0
2025-04-12,ATH202504120,ATH,"Langeliers, Shea",langs001,3,0,empty,empty,1,field_out,6,2,1
2025-04-12,ATH202504120,ATH,"Andujar, Miguel",andum001,3,1,empty,empty,1,field_out,6,2,1
2025-04-12,ATH202504120,ATH,"Bleday, JJ",bledj001,3,2,empty,empty,1,single,6,2,1
2025-04-12,ATH202504120,ATH,"Urias, Luis",urial001,3,0,1B,empty,0,strikeout,7,2,1
2025-04-12,ATH202504120,ATH,"Muncy, Max",muncm002,3,1,empty,empty,1,single,7,2,1
2025-04-12,ATH202504120,ATH,"Pereda, Jhonny",perej004,3,1,1B,1B,1,double,7,2,1
2025-04-12,ATH202504120,ATH,"Wilson, Jacob",wilsj006,4,1,2B,2B,1,field_out,7,3,1
2025-04-12,ATH202504120,ATH,"Rooker, Brent",rookb001,4,2,2B,2B,1,field_out,7,3,1
2025-04-12,ATH202504120,ATH,"Soderstrom, Tyler",sodet001,4,0,empty,empty,1,field_out,8,3,1
2025-04-12,ATH202504120,ATH,"Langeliers, Shea",langs001,4,1,empty,empty,1,strikeout,8,3,1
2025-04-12,ATH202504120,ATH,"Andujar, Miguel",andum001,4,2,empty,empty,1,field_out,8,3,1
2025-04-13,ATH202504130,ATH,"Butler, Lawrence",butll001,1,0,empty,empty,1,double,1,0,0
2025-04-13,ATH202504130,ATH,"Rooker, Brent",rookb001,1,0,2B,2B,1,strikeout,1,0,0
2025-04-13,ATH202504130,ATH,"Soderstrom, Tyler",sodet001,1,1,2B,2B,1,field_out,1,0,0
2025-04-13,ATH202504130,ATH,"Langeliers, Shea",langs001,1,2,2B,2B,1,field_out,1,0,0
2025-04-13,ATH202504130,ATH,"Andujar, Miguel",andum001,1,0,empty,empty,1,field_error,2,0,0
2025-04-13,ATH202504130,ATH,"Wilson, Jacob",wilsj006,1,0,1B,1B,1,grounded_into_double_play,2,0,0
2025-04-13,ATH202504130,ATH,"Brown, Seth",brows003,1,2,empty,empty,1,single,2,0,0
2025-04-13,ATH202504130,ATH,"Urshela, Gio",urshg001,1,2,1B,1B,1,field_out,2,0,0
2025-04-13,ATH202504130,ATH,"Muncy, Max",muncm002,1,0,empty,empty,1,single,3,0,0
2025-04-13,ATH202504130,ATH,"Butler, Lawrence",butll001,2,0,1B,1B,1,single,3,0,0
2025-04-13,ATH202504130,ATH,"Rooker, Brent",rookb001,2,0,1B+2B,1B+2B,1,grounded_into_double_play,3,0,0
2025-04-13,ATH202504130,ATH,"Soderstrom, Tyler",sodet001,2,2,3B,3B,1,field_out,3,0,0
2025-04-13,ATH202504130,ATH,"Langeliers, Shea",langs001,2,0,empty,empty,1,field_out,4,0,0
2025-04-13,ATH202504130,ATH,"Andujar, Miguel",andum001,2,1,empty,empty,1,walk,4,0,0
2025-04-13,ATH202504130,ATH,"Wilson, Jacob",wilsj006,2,1,1B,1B,1,field_out,4,0,0
2025-04-13,ATH202504130,ATH,"Brown, Seth",brows003,2,2,2B,2B,1,field_out,4,0,0
2025-04-13,ATH202504130,ATH,"Urshela, Gio",urshg001,2,0,empty,empty,1,field_out,5,0,0
2025-04-13,ATH202504130,ATH,"Muncy, Max",muncm002,2,1,empty,empty,1,strikeout,5,0,0
2025-04-13,ATH202504130,ATH,"Butler, Lawrence",butll001,3,2,empty,empty,1,field_out,5,0,0
2025-04-13,ATH202504130,ATH,"Rooker, Brent",rookb001,3,0,empty,empty,1,field_out,6,0,1
2025-04-13,ATH202504130,ATH,"Soderstrom, Tyler",sodet001,3,1,empty,empty,1,walk,6,0,1
2025-04-13,ATH202504130,ATH,"Langeliers, Shea",langs001,3,1,1B,1B,1,field_out,6,0,1
2025-04-13,ATH202504130,ATH,"Andujar, Miguel",andum001,3,2,1B,1B,1,field_out,6,0,1
2025-04-13,ATH202504130,ATH,"Wilson, Jacob",wilsj006,3,0,empty,empty,1,field_out,7,0,3
2025-04-13,ATH202504130,ATH,"Brown, Seth",brows003,3,1,empty,empty,1,strikeout,7,0,3
2025-04-13,ATH202504130,ATH,"Urshela, Gio",urshg001,3,2,empty,empty,1,strikeout,7,0,3
2025-04-13,ATH202504130,ATH,"Muncy, Max",muncm002,3,0,empty,empty,1,field_out,8,0,4
2025-04-13,ATH202504130,ATH,"Butler, Lawrence",butll001,4,1,empty,empty,1,single,8,0,4
2025-04-13,ATH202504130,ATH,"Rooker, Brent",rookb001,4,1,1B,1B,1,field_out,8,0,4
2025-04-13,ATH202504130,ATH,"Soderstrom, Tyler",sodet001,4,2,1B,1B,1,strikeout,8,0,4
2025-04-13,ATH202504130,ATH,"Langeliers, Shea",langs001,4,0,empty,empty,1,field_out,9,0,8
2025-04-13,ATH202504130,ATH,"Andujar, Miguel",andum001,4,1,empty,empty,1,field_out,9,0,8
2025-04-13,ATH202504130,ATH,"Wilson, Jacob",wilsj006,4,2,empty,empty,1,strikeout,9,0,8
2025-04-15,CHA202504150,ATH,"Butler, Lawrence",butll001,1,0,empty,empty,1,single,1,0,0
2025-04-15,CHA202504150,ATH,"Rooker, Brent",rookb001,1,0,1B,1B,1,single,1,0,0
2025-04-15,CHA202504150,ATH,"Soderstrom, Tyler",sodet001,1,0,1B+3B,1B+3B,1,home_run,1,0,0
2025-04-15,CHA202504150,ATH,"Langeliers, Shea",langs001,1,0,empty,empty,1,field_out,1,3,0
2025-04-15,CHA202504150,ATH,"Bleday, JJ",bledj001,1,1,empty,empty,1,field_out,1,3,0
2025-04-15,CHA202504150,ATH,"Andujar, Miguel",andum001,1,2,empty,empty,1,field_out,1,3,0
2025-04-15,CHA202504150,ATH,"Wilson, Jacob",wilsj006,1,0,empty,empty,1,single,2,3,3
2025-04-15,CHA202504150,ATH,"Urshela, Gio",urshg001,1,0,1B,1B,1,double,2,3,3
2025-04-15,CHA202504150,ATH,"Muncy, Max",muncm002,1,0,2B,2B,1,field_out,2,4,3
2025-04-15,CHA202504150,ATH,"Butler, Lawrence",butll001,2,1,3B,3B,1,walk,2,4,3
2025-04-15,CHA202504150,ATH,"Rooker, Brent",rookb001,2,1,1B+3B,1B+3B,1,strikeout,2,4,3
2025-04-15,CHA202504150,ATH,"Soderstrom, Tyler",sodet001,2,2,1B+3B,1B+3B,1,field_out,2,4,3
2025-04-15,CHA202504150,ATH,"Langeliers, Shea",langs001,2,0,empty,empty,1,home_run,3,4,3
2025-04-15,CHA202504150,ATH,"Bleday, JJ",bledj001,2,0,empty,empty,1,field_out,3,5,3
2025-04-15,CHA202504150,ATH,"Andujar, Miguel",andum001,2,1,empty,empty,1,field_out,3,5,3
2025-04-15,CHA202504150,ATH,"Wilson, Jacob",wilsj006,2,2,empty,empty,1,field_out,3,5,3
2025-04-15,CHA202504150,ATH,"Urshela, Gio",urshg001,2,0,empty,empty,1,walk,4,5,3
2025-04-15,CHA202504150,ATH,"Muncy, Max",muncm002,2,0,1B,1B,1,strikeout,4,5,3
2025-04-15,CHA202504150,ATH,"Butler, Lawrence",butll001,3,1,1B,1B,1,field_out,4,5,3
2025-04-15,CHA202504150,ATH,"Rooker, Brent",rookb001,3,2,1B,1B,1,field_out,4,5,3
2025-04-15,CHA202504150,ATH,"Soderstrom, Tyler",sodet001,3,0,empty,empty,1,field_out,5,5,3
2025-04-15,CHA202504150,ATH,"Langeliers, Shea",langs001,3,1,empty,empty,1,single,5,5,3
2025-04-15,CHA202504150,ATH,"Bleday, JJ",bledj001,3,1,1B,2B,0,strikeout,5,5,3
2025-04-15,CHA202504150,ATH,"Andujar, Miguel",andum001,3,2,2B,2B,1,strikeout,5,5,3
2025-04-15,CHA202504150,ATH,"Wilson, Jacob",wilsj006,3,0,empty,empty,1,field_out,6,5,3
2025-04-15,CHA202504150,ATH,"Urshela, Gio",urshg001,3,1,empty,empty,1,field_out,6,5,3
2025-04-15,CHA202504150,ATH,"Muncy, Max",muncm002,3,2,empty,empty,1,double,6,5,3
2025-04-15,CHA202504150,ATH,"Butler, Lawrence",butll001,4,2,2B,2B,1,single,6,5,3
2025-04-15,CHA202504150,ATH,"Rooker, Brent",rookb001,4,2,1B,1B,1,single,6,6,3
2025-04-15,CHA202504150,ATH,"Soderstrom, Tyler",sodet001,4,2,1B+3B,1B+3B,1,home_run,6,6,3
2025-04-15,CHA202504150,ATH,"Langeliers, Shea",langs001,4,2,empty,empty,1,field_out,6,9,3
2025-04-15,CHA202504150,ATH,"Bleday, JJ",bledj001,4,0,empty,empty,1,field_out,7,9,3
2025-04-15,CHA202504150,ATH,"Andujar, Miguel",andum001,4,1,empty,empty,1,field_out,7,9,3
2025-04-15,CHA202504150,ATH,"Wilson, Jacob",wilsj006,4,2,empty,empty,1,field_out,7,9,3
2025-04-15,CHA202504150,ATH,"Urshela, Gio",urshg001,4,0,empty,empty,1,field_out,8,9,3
2025-04-15,CHA202504150,ATH,"Muncy, Max",muncm002,4,1,empty,empty,1,field_out,8,9,3
2025-04-15,CHA202504150,ATH,"Butler, Lawrence",butll001,5,2,empty,empty,1,field_out,8,9,3
2025-04-15,CHA202504150,ATH,"Rooker, Brent",rookb001,5,0,empty,empty,1,walk,9,9,3
2025-04-15,CHA202504150,ATH,"Soderstrom, Tyler",sodet001,5,0,1B,1B,1,single,9,9,3
2025-04-15,CHA202504150,ATH,"Langeliers, Shea",langs001,5,0,1B+2B,1B+2B,1,double,9,9,3
2025-04-15,CHA202504150,ATH,"Bleday, JJ",bledj001,5,0,2B+3B,2B+3B,1,field_out,9,10,3
2025-04-15,CHA202504150,ATH,"Andujar, Miguel",andum001,5,1,3B,3B,1,sac_fly,9,11,3
2025-04-15,CHA202504150,ATH,"Wilson, Jacob",wilsj006,5,2,empty,empty,1,field_out,9,12,3
2025-04-16,CHA202504160,ATH,"Butler, Lawrence",butll001,1,0,empty,empty,1,field_out,1,0,0
2025-04-16,CHA202504160,ATH,"Rooker, Brent",rookb001,1,1,empty,empty,1,single,1,0,0
2025-04-16,CHA202504160,ATH,"Soderstrom, Tyler",sodet001,1,1,1B,1B,1,field_out,1,0,0
2025-04-16,CHA202504160,ATH,"Langeliers, Shea",langs001,1,2,1B,1B,1,walk,1,0,0
2025-04-16,CHA202504160,ATH,"Bleday, JJ",bledj001,1,2,1B+2B,1B+2B,1,field_out,1,0,0
2025-04-16,CHA202504160,ATH,"Andujar, Miguel",andum001,1,0,empty,empty,1,single,2,0,0
2025-04-16,CHA202504160,ATH,"Urias, Luis",urial001,1,0,1B,1B,1,double_play,2,0,0
2025-04-16,CHA202504160,ATH,"Urshela, Gio",urshg001,1,2,empty,empty,1,field_error,2,0,0
2025-04-16,CHA202504160,ATH,"Muncy, Max",muncm002,1,2,1B,1B,1,walk,2,0,0
2025-04-16,CHA202504160,ATH,"Butler, Lawrence",butll001,2,2,1B+2B,1B+2B,1,strikeout,2,0,0
2025-04-16,CHA202504160,ATH,"Rooker, Brent",rookb001,2,0,empty,empty,1,strikeout,3,0,0
2025-04-16,CHA202504160,ATH,"Soderstrom, Tyler",sodet001,2,1,empty,empty,1,strikeout,3,0,0
2025-04-16,CHA202504160,ATH,"Langeliers, Shea",langs001,2,2,empty,empty,1,field_out,3,0,0
2025-04-16,CHA202504160,ATH,"Bleday, JJ",bledj001,2,0,empty,empty,1,double,4,0,1
2025-04-16,CHA202504160,ATH,"Andujar, Miguel",andum001,2,0,2B,3B,0,field_out,4,0,1
2025-04-16,CHA202504160,ATH,"Urias, Luis",urial001,2,1,3B,3B,1,strikeout,4,0,1
2025-04-16,CHA202504160,ATH,"Urshela, Gio",urshg001,2,2,3B,3B,1,field_out,4,0,1
2025-04-16,CHA202504160,ATH,"Muncy, Max",muncm002,2,0,empty,empty,1,field_out,5,0,1
2025-04-16,CHA202504160,ATH,"Butler, Lawrence",butll001,3,1,empty,empty,1,field_out,5,0,1
2025-04-16,CHA202504160,ATH,"Rooker, Brent",rookb001,3,2,empty,empty,1,field_out,5,0,1
2025-04-16,CHA202504160,ATH,"Soderstrom, Tyler",sodet001,3,0,empty,empty,1,single,6,0,1
2025-04-16,CHA202504160,ATH,"Langeliers, Shea",langs001,3,0,1B,1B,1,field_out,6,0,1
2025-04-16,CHA202504160,ATH,"Bleday, JJ",bledj001,3,1,2B,2B,1,single,6,0,1
2025-04-16,CHA202504160,ATH,"Andujar, Miguel",andum001,3,1,2B,2B,1,walk,6,1,1
2025-04-16,CHA202504160,ATH,"Urias, Luis",urial001,3,1,1B+2B,1B+2B,1,field_out,6,1,1
2025-04-16,CHA202504160,ATH,"Urshela, Gio",urshg001,3,2,1B+2B,1B+2B,1,triple,6,1,1
2025-04-16,CHA202504160,ATH,"Muncy, Max",muncm002,3,2,3B,3B,1,field_out,6,3,1
2025-04-16,CHA202504160,ATH,"Butler, Lawrence",butll001,4,0,empty,empty,1,single,7,3,1
2025-04-16,CHA202504160,ATH,"Rooker, Brent",rookb001,4,0,1B,2B,0,field_out,7,3,1
2025-04-16,CHA202504160,ATH,"Soderstrom, Tyler",sodet001,4,1,2B,2B,1,field_out,7,3,1
2025-04-16,CHA202504160,ATH,"Langeliers, Shea",langs001,4,2,2B,3B,0,field_out,7,3,1
2025-04-16,CHA202504160,ATH,"Bleday, JJ",bledj001,4,0,empty,empty,1,single,8,3,1
2025-04-16,CHA202504160,ATH,"Andujar, Miguel",andum001,4,0,1B,1B,1,grounded_into_double_play,8,3,1
2025-04-16,CHA202504160,ATH,"Urias, Luis",urial001,4,2,empty,empty,1,field_out,8,3,1
2025-04-16,CHA202504160,ATH,"Urshela, Gio",urshg001,4,0,empty,empty,1,field_out,9,3,1
2025-04-16,CHA202504160,ATH,"Muncy, Max",muncm002,4,1,empty,empty,1,field_out,9,3,1
2025-04-16,CHA202504160,ATH,"Butler, Lawrence",butll001,5,2,empty,empty,1,field_out,9,3,1
2025-04-17,CHA202504170,ATH,"Butler, Lawrence",butll001,1,0,empty,empty,1,double,1,0,0
2025-04-17,CHA202504170,ATH,"Wilson, Jacob",wilsj006,1,0,2B,2B,1,double,1,0,0
2025-04-17,CHA202504170,ATH,"Soderstrom, Tyler",sodet001,1,0,2B,2B,1,field_out,1,1,0
2025-04-17,CHA202504170,ATH,"Rooker, Brent",rookb001,1,1,3B,3B,1,field_out,1,1,0
2025-04-17,CHA202504170,ATH,"Bleday, JJ",bledj001,1,2,3B,3B,1,walk,1,1,0
2025-04-17,CHA202504170,ATH,"Brown, Seth",brows003,1,2,1B+3B,1B+3B,1,field_out,1,1,0
2025-04-17,CHA202504170,ATH,"Pereda, Jhonny",perej004,1,0,empty,empty,1,strikeout,2,1,0
2025-04-17,CHA202504170,ATH,"Muncy, Max",muncm002,1,1,empty,empty,1,field_out,2,1,0
2025-04-17,CHA202504170,ATH,"Schuemann, Max",schum002,1,2,empty,empty,1,triple,2,1,0
2025-04-17,CHA202504170,ATH,"Butler, Lawrence",butll001,2,2,3B,3B,1,field_out,2,1,0
2025-04-17,CHA202504170,ATH,"Wilson, Jacob",wilsj006,2,0,empty,empty,1,field_out,3,1,0
2025-04-17,CHA202504170,ATH,"Soderstrom, Tyler",sodet001,2,1,empty,empty,1,strikeout,3,1,0
2025-04-17,CHA202504170,ATH,"Rooker, Brent",rookb001,2,2,empty,empty,1,single,3,1,0
2025-04-17,CHA202504170,ATH,"Bleday, JJ",bledj001,2,2,1B,1B,1,field_out,3,1,0
2025-04-17,CHA202504170,ATH,"Brown, Seth",brows003,2,0,empty,empty,1,strikeout,4,1,0
2025-04-17,CHA202504170,ATH,"Pereda, Jhonny",perej004,2,1,empty,empty,1,field_out,4,1,0
2025-04-17,CHA202504170,ATH,"Muncy, Max",muncm002,2,2,empty,empty,1,field_out,4,1,0
2025-04-17,CHA202504170,ATH,"Schuemann, Max",schum002,2,0,empty,empty,1,field_out,5,1,0
2025-04-17,CHA202504170,ATH,"Butler, Lawrence",butll001,3,1,empty,empty,1,home_run,5,1,0
2025-04-17,CHA202504170,ATH,"Wilson, Jacob",wilsj006,3,1,empty,empty,1,field_out,5,2,0
2025-04-17,CHA202504170,ATH,"Soderstrom, Tyler",sodet001,3,2,empty,empty,1,field_out,5,2,0
2025-04-17,CHA202504170,ATH,"Rooker, Brent",rookb001,3,0,empty,empty,1,single,6,2,0
2025-04-17,CHA202504170,ATH,"Bleday, JJ",bledj001,3,0,1B,1B,1,home_run,6,2,0
2025-04-17,CHA202504170,ATH,"Brown, Seth",brows003,3,0,empty,empty,1,field_out,6,4,0
2025-04-17,CHA202504170,ATH,"Pereda, Jhonny",perej004,3,1,empty,empty,1,single,6,4,0
2025-04-17,CHA202504170,ATH,"Muncy, Max",muncm002,3,1,1B,1B,1,strikeout,6,4,0
2025-04-17,CHA202504170,ATH,"Schuemann, Max",schum002,3,2,1B,1B,1,field_out,6,4,0
2025-04-17,CHA202504170,ATH,"Butler, Lawrence",butll001,4,0,empty,empty,1,field_out,7,4,0
2025-04-17,CHA202504170,ATH,"Wilson, Jacob",wilsj006,4,1,empty,empty,1,field_out,7,4,0
2025-04-17,CHA202504170,ATH,"Soderstrom, Tyler",sodet001,4,2,empty,empty,1,home_run,7,4,0
2025-04-17,CHA202504170,ATH,"Rooker, Brent",rookb001,4,2,empty,empty,1,strikeout,7,5,0
2025-04-17,CHA202504170,ATH,"Bleday, JJ",bledj001,4,0,empty,empty,1,strikeout,8,5,0
2025-04-17,CHA202504170,ATH,"Brown, Seth",brows003,4,1,empty,empty,1,field_out,8,5,0
2025-04-17,CHA202504170,ATH,"Pereda, Jhonny",perej004,4,2,empty,empty,1,single,8,5,0
2025-04-17,CHA202504170,ATH,"Muncy, Max",muncm002,4,2,1B,1B,1,strikeout,8,5,0
2025-04-17,CHA202504170,ATH,"Schuemann, Max",schum002,4,0,empty,empty,1,triple,9,5,0
2025-04-17,CHA202504170,ATH,"Butler, Lawrence",butll001,5,0,3B,3B,1,field_out,9,5,0
2025-04-17,CHA202504170,ATH,"Wilson, Jacob",wilsj006,5,1,3B,3B,1,double,9,5,0
2025-04-17,CHA202504170,ATH,"Soderstrom, Tyler",sodet001,5,1,2B,2B,1,field_out,9,6,0
2025-04-17,CHA202504170,ATH,"Rooker, Brent",rookb001,5,2,2B,3B,0,home_run,9,6,0
2025-04-17,CHA202504170,ATH,"Bleday, JJ",bledj001,5,2,empty,empty,1,field_out,9,8,0
2025-04-18,MIL202504180,ATH,"Butler, Lawrence",butll001,1,0,empty,empty,1,strikeout,1,0,0
2025-04-18,MIL202504180,ATH,"Rooker, Brent",rookb001,1,1,empty,empty,1,field_out,1,0,0
2025-04-18,MIL202504180,ATH,"Soderstrom, Tyler",sodet001,1,2,empty,empty,1,single,1,0,0
2025-04-18,MIL202504180,ATH,"Langeliers, Shea",langs001,1,2,1B,1B,1,field_out,1,0,0
2025-04-18,MIL202504180,ATH,"Bleday, JJ",bledj001,1,0,empty,empty,1,field_out,2,0,0
2025-04-18,MIL202504180,ATH,"Wilson, Jacob",wilsj006,1,1,empty,empty,1,field_out,2,0,0
2025-04-18,MIL202504180,ATH,"Andujar, Miguel",andum001,1,2,empty,empty,1,single,2,0,0
2025-04-18,MIL202504180,ATH,"Urshela, Gio",urshg001,1,2,1B,1B,1,strikeout,2,0,0
2025-04-18,MIL202504180,ATH,"Muncy, Max",muncm002,1,0,empty,empty,1,strikeout,3,0,0
2025-04-18,MIL202504180,ATH,"Butler, Lawrence",butll001,2,1,empty,empty,1,single,3,0,0
2025-04-18,MIL202504180,ATH,"Rooker, Brent",rookb001,2,1,1B,1B,1,walk,3,0,0
2025-04-18,MIL202504180,ATH,"Soderstrom, Tyler",sodet001,2,1,1B+2B,1B+2B,1,field_out,3,0,0
2025-04-18,MIL202504180,ATH,"Langeliers, Shea",langs001,2,2,1B+3B,1B+3B,1,field_out,3,0,0
2025-04-18,MIL202504180,ATH,"Bleday, JJ",bledj001,2,0,empty,empty,1,strikeout,4,0,2
2025-04-18,MIL202504180,ATH,"Wilson, Jacob",wilsj006,2,1,empty,empty,1,single,4,0,2
2025-04-18,MIL202504180,ATH,"Andujar, Miguel",andum001,2,1,1B,1B,1,single,4,0,2
2025-04-18,MIL202504180,ATH,"Urshela, Gio",urshg001,2,1,1B+2B,1B+2B,1,grounded_into_double_play,4,0,2
2025-04-18,MIL202504180,ATH,"Muncy, Max",muncm002,2,0,empty,empty,1,single,5,0,2
2025-04-18,MIL202504180,ATH,"Butler, Lawrence",butll001,3,0,1B,1B,1,field_out,5,0,2
2025-04-18,MIL202504180,ATH,"Rooker, Brent",rookb001,3,1,1B,1B,1,strikeout,5,0,2
2025-04-18,MIL202504180,ATH,"Soderstrom, Tyler",sodet001,3,2,1B,1B,1,single,5,0,2
2025-04-18,MIL202504180,ATH,"Langeliers, Shea",langs001,3,2,1B+2B,1B+2B,1,field_out,5,0,2
2025-04-18,MIL202504180,ATH,"Bleday, JJ",bledj001,3,0,empty,empty,1,walk,6,0,3
2025-04-18,MIL202504180,ATH,"Wilson, Jacob",wilsj006,3,0,1B,1B,1,field_out,6,0,3
2025-04-18,MIL202504180,ATH,"Andujar, Miguel",andum001,3,1,1B,2B,0,single,6,0,3
2025-04-18,MIL202504180,ATH,"Urshela, Gio",urshg001,3,1,1B+3B,1B+3B,1,field_out,6,0,3
2025-04-18,MIL202504180,ATH,"Muncy, Max",muncm002,3,2,1B,1B,1,field_out,6,1,3
2025-04-18,MIL202504180,ATH,"Butler, Lawrence",butll001,4,0,empty,empty,1,strikeout,7,1,3
2025-04-18,MIL202504180,ATH,"Rooker, Brent",rookb001,4,1,empty,empty,1,single,7,1,3
2025-04-18,MIL202504180,ATH,"Soderstrom, Tyler",sodet001,4,1,1B,1B,1,field_out,7,1,3
2025-04-18,MIL202504180,ATH,"Langeliers, Shea",langs001,4,2,1B,1B,1,field_out,7,1,3
2025-04-18,MIL202504180,ATH,"Bleday, JJ",bledj001,4,0,empty,empty,1,field_out,8,1,5
2025-04-18,MIL202504180,ATH,"Wilson, Jacob",wilsj006,4,1,empty,empty,1,field_out,8,1,5
2025-04-18,MIL202504180,ATH,"Andujar, Miguel",andum001,4,2,empty,empty,1,field_out,8,1,5
2025-04-18,MIL202504180,ATH,"Urshela, Gio",urshg001,4,0,empty,empty,1,field_out,9,1,5
2025-04-18,MIL202504180,ATH,"Muncy, Max",muncm002,4,1,empty,empty,1,walk,9,1,5
2025-04-18,MIL202504180,ATH,"Butler, Lawrence",butll001,5,1,1B,1B,1,walk,9,1,5
2025-04-18,MIL202504180,ATH,"Rooker, Brent",rookb001,5,1,1B+2B,1B+2B,1,double,9,1,5
2025-04-18,MIL202504180,ATH,"Soderstrom, Tyler",sodet001,5,1,2B+3B,2B+3B,1,sac_fly,9,2,5
2025-04-18,MIL202504180,ATH,"Langeliers, Shea",langs001,5,2,2B,2B,1,field_out,9,3,5
2025-04-19,MIL202504190,ATH,"Butler, Lawrence",butll001,1,0,empty,empty,1,single,1,0,0
2025-04-19,MIL202504190,ATH,"Rooker, Brent",rookb001,1,0,1B,1B,1,field_out,1,0,0
2025-04-19,MIL202504190,ATH,"Soderstrom, Tyler",sodet001,1,1,1B,1B,1,strikeout_double_play,1,0,0
2025-04-19,MIL202504190,ATH,"Langeliers, Shea",langs001,1,0,empty,empty,1,field_out,2,0,0
2025-04-19,MIL202504190,ATH,"Bleday, JJ",bledj001,1,1,empty,empty,1,field_out,2,0,0
2025-04-19,MIL202504190,ATH,"Wilson, Jacob",wilsj006,1,2,empty,empty,1,single,2,0,0
2025-04-19,MIL202504190,ATH,"Andujar, Miguel",andum001,1,2,1B,2B,0,field_out,2,0,0
2025-04-19,MIL202504190,ATH,"Urshela, Gio",urshg001,1,0,empty,empty,1,strikeout,3,0,0
2025-04-19,MIL202504190,ATH,"Muncy, Max",muncm002,1,1,empty,empty,1,single,3,0,0
2025-04-19,MIL202504190,ATH,"Butler, Lawrence",butll001,2,1,1B,1B,1,grounded_into_double_play,3,0,0
2025-04-19,MIL202504190,ATH,"Rooker, Brent",rookb001,2,0,empty,empty,1,field_out,4,0,1
2025-04-19,MIL202504190,ATH,"Soderstrom, Tyler",sodet001,2,1,empty,empty,1,field_out,4,0,1
2025-04-19,MIL202504190,ATH,"Langeliers, Shea",langs001,2,2,empty,empty,1,strikeout,4,0,1
2025-04-19,MIL202504190,ATH,"Bleday, JJ",bledj001,2,0,empty,empty,1,single,5,0,1
2025-04-19,MIL202504190,ATH,"Wilson, Jacob",wilsj006,2,0,1B,1B,1,single,5,0,1
2025-04-19,MIL202504190,ATH,"Andujar, Miguel",andum001,2,0,1B+2B,1B+2B,1,double,5,0,1
2025-04-19,MIL202504190,ATH,"Urshela, Gio",urshg001,2,0,2B+3B,2B+3B,1,strikeout,5,1,1
2025-04-19,MIL202504190,ATH,"Muncy, Max",muncm002,2,1,2B+3B,2B+3B,1,strikeout,5,1,1
2025-04-19,MIL202504190,ATH,"Butler, Lawrence",butll001,3,2,2B+3B,2B+3B,1,field_out,5,1,1
2025-04-19,MIL202504190,ATH,"Rooker, Brent",rookb001,3,0,empty,empty,1,home_run,6,1,1
2025-04-19,MIL202504190,ATH,"Soderstrom, Tyler",sodet001,3,0,empty,empty,1,strikeout,6,2,1
2025-04-19,MIL202504190,ATH,"Langeliers, Shea",langs001,3,1,empty,empty,1,strikeout,6,2,1
2025-04-19,MIL202504190,ATH,"Bleday, JJ",bledj001,3,2,empty,empty,1,field_out,6,2,1
2025-04-19,MIL202504190,ATH,"Wilson, Jacob",wilsj006,3,0,empty,empty,1,field_out,7,2,1
2025-04-19,MIL202504190,ATH,"Andujar, Miguel",andum001,3,1,empty,empty,1,field_out,7,2,1
2025-04-19,MIL202504190,ATH,"Urshela, Gio",urshg001,3,2,empty,empty,1,walk,7,2,1
2025-04-19,MIL202504190,ATH,"Muncy, Max",muncm002,3,2,1B,1B,1,field_out,7,2,1
2025-04-19,MIL202504190,ATH,"Butler, Lawrence",butll001,4,0,empty,empty,1,strikeout,8,2,1
2025-04-19,MIL202504190,ATH,"Rooker, Brent",rookb001,4,1,empty,empty,1,field_out,8,2,1
2025-04-19,MIL202504190,ATH,"Soderstrom, Tyler",sodet001,4,2,empty,empty,1,strikeout,8,2,1
2025-04-19,MIL202504190,ATH,"Langeliers, Shea",langs001,4,0,empty,empty,1,home_run,9,2,1
2025-04-19,MIL202504190,ATH,"Bleday, JJ",bledj001,4,0,empty,empty,1,field_out,9,3,1
2025-04-19,MIL202504190,ATH,"Wilson, Jacob",wilsj006,4,1,empty,empty,1,field_out,9,3,1
2025-04-19,MIL202504190,ATH,"Andujar, Miguel",andum001,4,2,empty,empty,1,field_out,9,3,1
2025-04-20,MIL202504200,ATH,"Butler, Lawrence",butll001,1,0,empty,empty,1,field_out,1,0,0
2025-04-20,MIL202504200,ATH,"Rooker, Brent",rookb001,1,1,empty,empty,1,strikeout,1,0,0
2025-04-20,MIL202504200,ATH,"Soderstrom, Tyler",sodet001,1,2,empty,empty,1,strikeout,1,0,0
2025-04-20,MIL202504200,ATH,"Langeliers, Shea",langs001,1,0,empty,empty,1,strikeout,2,0,4
2025-04-20,MIL202504200,ATH,"Bleday, JJ",bledj001,1,1,empty,empty,1,field_out,2,0,4
2025-04-20,MIL202504200,ATH,"Wilson, Jacob",wilsj006,1,2,empty,empty,1,single,2,0,4
2025-04-20,MIL202504200,ATH,"Brown, Seth",brows003,1,2,1B,1B,1,field_out,2,0,4
2025-04-20,MIL202504200,ATH,"Urias, Luis",urial001,1,0,empty,empty,1,strikeout,3,0,5
2025-04-20,MIL202504200,ATH,"Schuemann, Max",schum002,1,1,empty,empty,1,strikeout,3,0,5
2025-04-20,MIL202504200,ATH,"Butler, Lawrence",butll001,2,2,empty,empty,1,field_out,3,0,5
2025-04-20,MIL202504200,ATH,"Rooker, Brent",rookb001,2,0,empty,empty,1,field_out,4,0,6
2025-04-20,MIL202504200,ATH,"Soderstrom, Tyler",sodet001,2,1,empty,empty,1,walk,4,0,6
2025-04-20,MIL202504200,ATH,"Langeliers, Shea",langs001,2,1,1B,1B,1,strikeout,4,0,6
2025-04-20,MIL202504200,ATH,"Bleday, JJ",bledj001,2,2,1B,1B,1,field_out,4,0,6
2025-04-20,MIL202504200,ATH,"Wilson, Jacob",wilsj006,2,0,empty,empty,1,field_out,5,0,8
2025-04-20,MIL202504200,ATH,"Brown, Seth",brows003,2,1,empty,empty,1,home_run,5,0,8
2025-04-20,MIL202504200,ATH,"Urias, Luis",urial001,2,1,empty,empty,1,single,5,1,8
2025-04-20,MIL202504200,ATH,"Schuemann, Max",schum002,2,1,1B,1B,1,grounded_into_double_play,5,1,8
2025-04-20,MIL202504200,ATH,"Butler, Lawrence",butll001,3,0,empty,empty,1,strikeout,6,1,8
2025-04-20,MIL202504200,ATH,"Rooker, Brent",rookb001,3,1,empty,empty,1,strikeout,6,1,8
2025-04-20,MIL202504200,ATH,"Soderstrom, Tyler",sodet001,3,2,empty,empty,1,strikeout,6,1,8
2025-04-20,MIL202504200,ATH,"Langeliers, Shea",langs001,3,0,empty,empty,1,strikeout,7,1,9
2025-04-20,MIL202504200,ATH,"Bleday, JJ",bledj001,3,1,empty,empty,1,field_out,7,1,9
2025-04-20,MIL202504200,ATH,"Wilson, Jacob",wilsj006,3,2,empty,empty,1,single,7,1,9
2025-04-20,MIL202504200,ATH,"Brown, Seth",brows003,3,2,1B,1B,1,strikeout,7,1,9
2025-04-20,MIL202504200,ATH,"Urias, Luis",urial001,3,0,empty,empty,1,field_out,8,1,14
2025-04-20,MIL202504200,ATH,"Schuemann, Max",schum002,3,1,empty,empty,1,field_out,8,1,14
2025-04-20,MIL202504200,ATH,"Pereda, Jhonny",perej004,1,2,empty,empty,1,strikeout,8,1,14
2025-04-20,MIL202504200,ATH,"Rooker, Brent",rookb001,4,0,empty,empty,1,field_out,9,1,14
2025-04-20,MIL202504200,ATH,"Soderstrom, Tyler",sodet001,4,1,empty,empty,1,strikeout,9,1,14
2025-04-20,MIL202504200,ATH,"Muncy, Max",muncm002,1,2,empty,empty,1,strikeout,9,1,14
2025-04-22,ATH202504220,ATH,"Butler, Lawrence",butll001,1,0,empty,empty,1,walk,1,0,2
2025-04-22,ATH202504220,ATH,"Rooker, Brent",rookb001,1,0,1B,1B,1,field_out,1,0,2
2025-04-22,ATH202504220,ATH,"Soderstrom, Tyler",sodet001,1,1,1B,2B,0,field_out,1,0,2
2025-04-22,ATH202504220,ATH,"Langeliers, Shea",langs001,1,2,3B,3B,1,field_out,1,0,2
2025-04-22,ATH202504220,ATH,"Andujar, Miguel",andum001,1,0,empty,empty,1,home_run,2,0,2
2025-04-22,ATH202504220,ATH,"Bleday, JJ",bledj001,1,0,empty,empty,1,strikeout,2,1,2
2025-04-22,ATH202504220,ATH,"Wilson, Jacob",wilsj006,1,1,empty,empty,1,strikeout,2,1,2
2025-04-22,ATH202504220,ATH,"Urshela, Gio",urshg001,1,2,empty,empty,1,field_out,2,1,2
2025-04-22,ATH202504220,ATH,"Urias, Luis",urial001,1,0,empty,empty,1,field_out,3,1,3
2025-04-22,ATH202504220,ATH,"Butler, Lawrence",butll001,2,1,empty,empty,1,home_run,3,1,3
2025-04-22,ATH202504220,ATH,"Rooker, Brent",rookb001,2,1,empty,empty,1,field_out,3,2,3
2025-04-22,ATH202504220,ATH,"Soderstrom, Tyler",sodet001,2,2,empty,empty,1,strikeout,3,2,3
2025-04-22,ATH202504220,ATH,"Langeliers, Shea",langs001,2,0,empty,empty,1,single,4,2,3
2025-04-22,ATH202504220,ATH,"Andujar, Miguel",andum001,2,0,1B,1B,1,strikeout,4,2,3
2025-04-22,ATH202504220,ATH,"Bleday, JJ",bledj001,2,1,1B,2B,0,walk,4,2,3
2025-04-22,ATH202504220,ATH,"Wilson, Jacob",wilsj006,2,1,1B+2B,1B+2B,1,field_out,4,2,3
2025-04-22,ATH202504220,ATH,"Urshela, Gio",urshg001,2,2,1B+3B,1B+3B,1,field_out,4,2,3
2025-04-22,ATH202504220,ATH,"Urias, Luis",urial001,2,0,empty,empty,1,single,5,2,7
2025-04-22,ATH202504220,ATH,"Butler, Lawrence",butll001,3,0,1B,1B,1,field_out,5,2,7
2025-04-22,ATH202504220,ATH,"Rooker, Brent",rookb001,3,1,1B,1B,1,single,5,2,7
2025-04-22,ATH202504220,ATH,"Soderstrom, Tyler",sodet001,3,1,1B+2B,1B+2B,1,field_out,5,2,7
2025-04-22,ATH202504220,ATH,"Langeliers, Shea",langs001,3,2,1B+2B,1B+2B,1,field_out,5,2,7
2025-04-22,ATH202504220,ATH,"Andujar, Miguel",andum001,3,0,empty,empty,1,single,6,2,8
2025-04-22,ATH202504220,ATH,"Bleday, JJ",bledj001,3,0,1B,1B,1,double,6,2,8
2025-04-22,ATH202504220,ATH,"Wilson, Jacob",wilsj006,3,0,2B+3B,2B+3B,1,field_out,6,2,8
2025-04-22,ATH202504220,ATH,"Brown, Seth",brows003,1,1,2B+3B,2B+3B,1,strikeout,6,2,8
2025-04-22,ATH202504220,ATH,"Urias, Luis",urial001,3,2,2B+3B,2B+3B,1,walk,6,2,8
2025-04-22,ATH202504220,ATH,"Butler, Lawrence",butll001,4,2,1B+2B+3B,1B+2B+3B,1,strikeout,6,2,8
2025-04-22,ATH202504220,ATH,"Rooker, Brent",rookb001,4,0,empty,empty,1,walk,7,2,8
2025-04-22,ATH202504220,ATH,"Soderstrom, Tyler",sodet001,4,0,1B,1B,1,field_out,7,2,8
2025-04-22,ATH202504220,ATH,"Langeliers, Shea",langs001,4,1,1B,1B,1,field_out,7,2,8
2025-04-22,ATH202504220,ATH,"Andujar, Miguel",andum001,4,2,1B,1B,1,single,7,2,8
2025-04-22,ATH202504220,ATH,"Bleday, JJ",bledj001,4,2,1B+3B,1B+3B,1,single,7,2,8
2025-04-22,ATH202504220,ATH,"Wilson, Jacob",wilsj006,4,2,1B+2B,1B+2B,1,field_out,7,3,8
2025-04-22,ATH202504220,ATH,"Schuemann, Max",schum002,1,0,empty,empty,1,field_out,8,3,8
2025-04-22,ATH202504220,ATH,"Urias, Luis",urial001,4,1,empty,empty,1,home_run,8,3,8
2025-04-22,ATH202504220,ATH,"Butler, Lawrence",butll001,5,1,empty,empty,1,field_out,8,4,8
2025-04-22,ATH202504220,ATH,"Rooker, Brent",rookb001,5,2,empty,empty,1,home_run,8,4,8
2025-04-22,ATH202504220,ATH,"Soderstrom, Tyler",sodet001,5,2,empty,empty,1,field_out,8,5,8
2025-04-22,ATH202504220,ATH,"Langeliers, Shea",langs001,5,0,empty,empty,1,field_out,9,5,8
2025-04-22,ATH202504220,ATH,"Andujar, Miguel",andum001,5,1,empty,empty,1,field_out,9,5,8
2025-04-22,ATH202504220,ATH,"Bleday, JJ",bledj001,5,2,empty,empty,1,field_out,9,5,8
2025-04-23,ATH202504230,ATH,"Butler, Lawrence",butll001,1,0,empty,empty,1,home_run,1,0,0
2025-04-23,ATH202504230,ATH,"Rooker, Brent",rookb001,1,0,empty,empty,1,field_out,1,1,0
2025-04-23,ATH202504230,ATH,"Soderstrom, Tyler",sodet001,1,1,empty,empty,1,double,1,1,0
2025-04-23,ATH202504230,ATH,"Langeliers, Shea",langs001,1,1,2B,2B,1,single,1,1,0
2025-04-23,ATH202504230,ATH,"Bleday, JJ",bledj001,1,1,1B,1B,1,field_out,1,2,0
2025-04-23,ATH202504230,ATH,"Wilson, Jacob",wilsj006,1,2,1B,1B,1,single,1,2,0
2025-04-23,ATH202504230,ATH,"Kurtz, Nick",kurtn001,1,2,1B+2B,1B+2B,1,single,1,2,0
2025-04-23,ATH202504230,ATH,"Urshela, Gio",urshg001,1,2,1B+3B,1B+3B,1,double,1,3,0
2025-04-23,ATH202504230,ATH,"Urias, Luis",urial001,1,2,2B+3B,2B+3B,1,field_out,1,4,0
2025-04-23,ATH202504230,ATH,"Butler, Lawrence",butll001,2,0,empty,empty,1,strikeout,2,4,0
2025-04-23,ATH202504230,ATH,"Rooker, Brent",rookb001,2,1,empty,empty,1,strikeout,2,4,0
2025-04-23,ATH202504230,ATH,"Soderstrom, Tyler",sodet001,2,2,empty,empty,1,walk,2,4,0
2025-04-23,ATH202504230,ATH,"Langeliers, Shea",langs001,2,2,1B,1B,1,single,2,4,0
2025-04-23,ATH202504230,ATH,"Bleday, JJ",bledj001,2,2,1B+2B,1B+2B,1,walk,2,4,0
2025-04-23,ATH202504230,ATH,"Wilson, Jacob",wilsj006,2,2,1B+2B+3B,1B+2B+3B,1,walk,2,4,0
2025-04-23,ATH202504230,ATH,"Kurtz, Nick",kurtn001,2,2,1B+2B+3B,1B+2B+3B,1,field_out,2,5,0
2025-04-23,ATH202504230,ATH,"Urshela, Gio",urshg001,2,0,empty,empty,1,walk,3,5,0
2025-04-23,ATH202504230,ATH,"Urias, Luis",urial001,2,0,1B,1B,1,grounded_into_double_play,3,5,0
2025-04-23,ATH202504230,ATH,"Butler, Lawrence",butll001,3,2,empty,empty,1,field_out,3,5,0
2025-04-23,ATH202504230,ATH,"Rooker, Brent",rookb001,3,0,empty,empty,1,field_out,4,5,1
2025-04-23,ATH202504230,ATH,"Soderstrom, Tyler",sodet001,3,1,empty,empty,1,field_out,4,5,1
2025-04-23,ATH202504230,ATH,"Langeliers, Shea",langs001,3,2,empty,empty,1,single,4,5,1
2025-04-23,ATH202504230,ATH,"Bleday, JJ",bledj001,3,2,1B,1B,1,field_out,4,5,1
2025-04-23,ATH202504230,ATH,"Wilson, Jacob",wilsj006,3,0,empty,empty,1,field_out,5,5,1
2025-04-23,ATH202504230,ATH,"Kurtz, Nick",kurtn001,3,1,empty,empty,1,field_out,5,5,1
2025-04-23,ATH202504230,ATH,"Urshela, Gio",urshg001,3,2,empty,empty,1,double,5,5,1
2025-04-23,ATH202504230,ATH,"Urias, Luis",urial001,3,2,2B,3B,0,field_out,5,5,1
2025-04-23,ATH202504230,ATH,"Butler, Lawrence",butll001,4,0,empty,empty,1,field_out,6,5,2
2025-04-23,ATH202504230,ATH,"Rooker, Brent",rookb001,4,1,empty,empty,1,strikeout,6,5,2
2025-04-23,ATH202504230,ATH,"Soderstrom, Tyler",sodet001,4,2,empty,empty,1,strikeout,6,5,2
2025-04-23,ATH202504230,ATH,"Langeliers, Shea",langs001,4,0,empty,empty,1,double,7,5,2
2025-04-23,ATH202504230,ATH,"Bleday, JJ",bledj001,4,0,2B,2B,1,strikeout,7,5,2
2025-04-23,ATH202504230,ATH,"Wilson, Jacob",wilsj006,4,1,2B,2B,1,field_out,7,5,2
2025-04-23,ATH202504230,ATH,"Kurtz, Nick",kurtn001,4,2,3B,3B,1,strikeout,7,5,2
2025-04-23,ATH202504230,ATH,"Urshela, Gio",urshg001,4,0,empty,empty,1,field_out,8,5,2
2025-04-23,ATH202504230,ATH,"Urias, Luis",urial001,4,1,empty,empty,1,strikeout,8,5,2
2025-04-23,ATH202504230,ATH,"Butler, Lawrence",butll001,5,2,empty,empty,1,field_out,8,5,2
2025-04-24,ATH202504240,ATH,"Butler, Lawrence",butll001,1,0,empty,empty,1,strikeout,1,0,0
2025-04-24,ATH202504240,ATH,"Wilson, Jacob",wilsj006,1,1,empty,empty,1,field_out,1,0,0
2025-04-24,ATH202504240,ATH,"Soderstrom, Tyler",sodet001,1,2,empty,empty,1,field_out,1,0,0
2025-04-24,ATH202504240,ATH,"Langeliers, Shea",langs001,1,0,empty,empty,1,field_out,2,0,0
2025-04-24,ATH202504240,ATH,"Bleday, JJ",bledj001,1,1,empty,empty,1,strikeout,2,0,0
2025-04-24,ATH202504240,ATH,"Brown, Seth",brows003,1,2,empty,empty,1,double,2,0,0
2025-04-24,ATH202504240,ATH,"Kurtz, Nick",kurtn001,1,2,2B,2B,1,strikeout,2,0,0
2025-04-24,ATH202504240,ATH,"Urshela, Gio",urshg001,1,0,empty,empty,1,single,3,0,0
2025-04-24,ATH202504240,ATH,"Urias, Luis",urial001,1,0,1B,1B,1,strikeout,3,0,0
2025-04-24,ATH202504240,ATH,"Butler, Lawrence",butll001,2,1,1B,1B,1,double,3,0,0
2025-04-24,ATH202504240,ATH,"Wilson, Jacob",wilsj006,2,1,2B+3B,2B+3B,1,fielders_choice_out,3,0,0
2025-04-24,ATH202504240,ATH,"Soderstrom, Tyler",sodet001,2,2,1B+3B,1B+3B,1,double,3,0,0
2025-04-24,ATH202504240,ATH,"Langeliers, Shea",langs001,2,2,2B,2B,1,field_out,3,2,0
2025-04-24,ATH202504240,ATH,"Bleday, JJ",bledj001,2,0,empty,empty,1,strikeout,4,2,3
2025-04-24,ATH202504240,ATH,"Brown, Seth",brows003,2,1,empty,empty,1,strikeout,4,2,3
2025-04-24,ATH202504240,ATH,"Kurtz, Nick",kurtn001,2,2,empty,empty,1,field_out,4,2,3
2025-04-24,ATH202504240,ATH,"Urshela, Gio",urshg001,2,0,empty,empty,1,single,5,2,3
2025-04-24,ATH202504240,ATH,"Urias, Luis",urial001,2,0,1B,1B,1,field_out,5,2,3
2025-04-24,ATH202504240,ATH,"Butler, Lawrence",butll001,3,1,1B,2B,0,field_out,5,2,3
2025-04-24,ATH202504240,ATH,"Wilson, Jacob",wilsj006,3,2,2B,2B,1,field_out,5,2,3
2025-04-24,ATH202504240,ATH,"Soderstrom, Tyler",sodet001,3,0,empty,empty,1,single,6,2,3
2025-04-24,ATH202504240,ATH,"Langeliers, Shea",langs001,3,0,1B,1B,1,field_out,6,2,3
2025-04-24,ATH202504240,ATH,"Bleday, JJ",bledj001,3,1,1B,1B,1,strikeout,6,2,3
2025-04-24,ATH202504240,ATH,"Rooker, Brent",rookb001,1,2,1B,1B,1,walk,6,2,3
2025-04-24,ATH202504240,ATH,"Andujar, Miguel",andum001,1,2,1B+2B,1B+2B,1,strikeout,6,2,3
2025-04-24,ATH202504240,ATH,"Urshela, Gio",urshg001,3,0,empty,empty,1,single,7,2,3
2025-04-24,ATH202504240,ATH,"Urias, Luis",urial001,3,0,1B,1B,1,field_out,7,2,3
2025-04-24,ATH202504240,ATH,"Butler, Lawrence",butll001,4,1,1B,1B,1,strikeout,7,2,3
2025-04-24,ATH202504240,ATH,"Wilson, Jacob",wilsj006,4,2,1B,1B,1,field_out,7,2,3
2025-04-24,ATH202504240,ATH,"Soderstrom, Tyler",sodet001,4,0,empty,empty,1,field_out,8,2,3
2025-04-24,ATH202504240,ATH,"Langeliers, Shea",langs001,4,1,empty,empty,1,field_out,8,2,3
2025-04-24,ATH202504240,ATH,"Bleday, JJ",bledj001,4,2,empty,empty,1,single,8,2,3
2025-04-24,ATH202504240,ATH,"Rooker, Brent",rookb001,2,2,1B,1B,1,strikeout,8,2,3
2025-04-24,ATH202504240,ATH,"Andujar, Miguel",andum001,2,0,empty,empty,1,field_out,9,2,3
2025-04-24,ATH202504240,ATH,"Schuemann, Max",schum002,1,1,empty,empty,1,walk,9,2,3
2025-04-24,ATH202504240,ATH,"Urias, Luis",urial001,4,1,1B,1B,1,single,9,2,3
2025-04-24,ATH202504240,ATH,"Butler, Lawrence",butll001,5,1,2B,2B,1,field_out,9,3,3
2025-04-24,ATH202504240,ATH,"Wilson, Jacob",wilsj006,5,2,2B,2B,1,single,9,3,3
2025-04-25,ATH202504250,ATH,"Butler, Lawrence",butll001,1,0,empty,empty,1,strikeout,1,0,0
2025-04-25,ATH202504250,ATH,"Rooker, Brent",rookb001,1,1,empty,empty,1,field_out,1,0,0
2025-04-25,ATH202504250,ATH,"Soderstrom, Tyler",sodet001,1,2,empty,empty,1,single,1,0,0
2025-04-25,ATH202504250,ATH,"Langeliers, Shea",langs001,1,2,1B,2B,0,strikeout,1,0,0
2025-04-25,ATH202504250,ATH,"Bleday, JJ",bledj001,1,0,empty,empty,1,field_out,2,0,0
2025-04-25,ATH202504250,ATH,"Wilson, Jacob",wilsj006,1,1,empty,empty,1,strikeout,2,0,0
2025-04-25,ATH202504250,ATH,"Kurtz, Nick",kurtn001,1,2,empty,empty,1,single,2,0,0
2025-04-25,ATH202504250,ATH,"Urshela, Gio",urshg001,1,2,1B,1B,1,field_out,2,0,0
2025-04-25,ATH202504250,ATH,"Urias, Luis",urial001,1,0,empty,empty,1,field_out,3,0,0
2025-04-25,ATH202504250,ATH,"Butler, Lawrence",butll001,2,1,empty,empty,1,field_out,3,0,0
2025-04-25,ATH202504250,ATH,"Rooker, Brent",rookb001,2,2,empty,empty,1,field_out,3,0,0
2025-04-25,ATH202504250,ATH,"Soderstrom, Tyler",sodet001,2,0,empty,empty,1,field_out,4,0,0
2025-04-25,ATH202504250,ATH,"Langeliers, Shea",langs001,2,1,empty,empty,1,strikeout,4,0,0
2025-04-25,ATH202504250,ATH,"Bleday, JJ",bledj001,2,2,empty,empty,1,field_out,4,0,0
2025-04-25,ATH202504250,ATH,"Wilson, Jacob",wilsj006,2,0,empty,empty,1,home_run,5,0,1
2025-04-25,ATH202504250,ATH,"Kurtz, Nick",kurtn001,2,0,empty,empty,1,strikeout,5,1,1
2025-04-25,ATH202504250,ATH,"Urshela, Gio",urshg001,2,1,empty,empty,1,field_out,5,1,1
2025-04-25,ATH202504250,ATH,"Urias, Luis",urial001,2,2,empty,empty,1,single,5,1,1
2025-04-25,ATH202504250,ATH,"Butler, Lawrence",butll001,3,2,1B,1B,1,strikeout,5,1,1
2025-04-25,ATH202504250,ATH,"Rooker, Brent",rookb001,3,0,empty,empty,1,field_out,6,1,3
2025-04-25,ATH202504250,ATH,"Soderstrom, Tyler",sodet001,3,1,empty,empty,1,single,6,1,3
2025-04-25,ATH202504250,ATH,"Langeliers, Shea",langs001,3,1,1B,1B,1,field_out,6,1,3
2025-04-25,ATH202504250,ATH,"Bleday, JJ",bledj001,3,2,1B,1B,1,walk,6,1,3
2025-04-25,ATH202504250,ATH,"Wilson, Jacob",wilsj006,3,2,1B+2B,1B+2B,1,single,6,1,3
2025-04-25,ATH202504250,ATH,"Kurtz, Nick",kurtn001,3,2,2B,2B,1,strikeout,6,3,3
2025-04-25,ATH202504250,ATH,"Urshela, Gio",urshg001,3,0,empty,empty,1,field_out,7,3,3
2025-04-25,ATH202504250,ATH,"Urias, Luis",urial001,3,1,empty,empty,1,walk,7,3,3
2025-04-25,ATH202504250,ATH,"Butler, Lawrence",butll001,4,1,1B,1B,1,strikeout,7,3,3
2025-04-25,ATH202504250,ATH,"Rooker, Brent",rookb001,4,2,1B,1B,1,double,7,3,3
2025-04-25,ATH202504250,ATH,"Soderstrom, Tyler",sodet001,4,2,2B,2B,1,single,7,4,3
2025-04-25,ATH202504250,ATH,"Langeliers, Shea",langs001,4,2,1B,1B,1,field_out,7,5,3
2025-04-25,ATH202504250,ATH,"Bleday, JJ",bledj001,4,0,empty,empty,1,single,8,5,3
2025-04-25,ATH202504250,ATH,"Wilson, Jacob",wilsj006,4,0,1B,1B,1,single,8,5,3
2025-04-25,ATH202504250,ATH,"Kurtz, Nick",kurtn001,4,0,1B+3B,1B+3B,1,sac_fly,8,5,3
2025-04-25,ATH202504250,ATH,"Urshela, Gio",urshg001,4,1,1B,1B,1,field_out,8,6,3
2025-04-25,ATH202504250,ATH,"Schuemann, Max",schum002,1,2,1B,1B,1,single,8,6,3
2025-04-25,ATH202504250,ATH,"Butler, Lawrence",butll001,5,2,1B+3B,1B+3B,1,strikeout,8,6,3
2025-04-26,ATH202504260,ATH,"Wilson, Jacob",wilsj006,1,0,empty,empty,1,walk,1,0,4
2025-04-26,ATH202504260,ATH,"Rooker, Brent",rookb001,1,0,1B,1B,1,strikeout,1,0,4
2025-04-26,ATH202504260,ATH,"Soderstrom, Tyler",sodet001,1,1,1B,1B,1,grounded_into_double_play,1,0,4
2025-04-26,ATH202504260,ATH,"Andujar, Miguel",andum001,1,0,empty,empty,1,field_out,2,0,6
2025-04-26,ATH202504260,ATH,"Bleday, JJ",bledj001,1,1,empty,empty,1,double,2,0,6
2025-04-26,ATH202504260,ATH,"Urias, Luis",urial001,1,1,2B,2B,1,strikeout,2,0,6
2025-04-26,ATH202504260,ATH,"Kurtz, Nick",kurtn001,1,2,2B,2B,1,strikeout,2,0,6
2025-04-26,ATH202504260,ATH,"Urshela, Gio",urshg001,1,0,empty,empty,1,field_out,3,0,6
2025-04-26,ATH202504260,ATH,"Pereda, Jhonny",perej004,1,1,empty,empty,1,field_out,3,0,6
2025-04-26,ATH202504260,ATH,"Wilson, Jacob",wilsj006,2,2,empty,empty,1,field_out,3,0,6
2025-04-26,ATH202504260,ATH,"Rooker, Brent",rookb001,2,0,empty,empty,1,double,4,0,6
2025-04-26,ATH202504260,ATH,"Soderstrom, Tyler",sodet001,2,0,2B,2B,1,field_out,4,0,6
2025-04-26,ATH202504260,ATH,"Andujar, Miguel",andum001,2,1,3B,3B,1,field_out,4,0,6
2025-04-26,ATH202504260,ATH,"Bleday, JJ",bledj001,2,2,empty,empty,1,strikeout,4,1,6
2025-04-26,ATH202504260,ATH,"Urias, Luis",urial001,2,0,empty,empty,1,field_out,5,1,6
2025-04-26,ATH202504260,ATH,"Kurtz, Nick",kurtn001,2,1,empty,empty,1,strikeout,5,1,6
2025-04-26,ATH202504260,ATH,"Urshela, Gio",urshg001,2,2,empty,empty,1,single,5,1,6
2025-04-26,ATH202504260,ATH,"Pereda, Jhonny",perej004,2,2,1B,1B,1,walk,5,1,6
2025-04-26,ATH202504260,ATH,"Wilson, Jacob",wilsj006,3,2,1B+2B,1B+2B,1,field_out,5,1,6
2025-04-26,ATH202504260,ATH,"Rooker, Brent",rookb001,3,0,empty,empty,1,field_out,6,1,7
2025-04-26,ATH202504260,ATH,"Soderstrom, Tyler",sodet001,3,1,empty,empty,1,walk,6,1,7
2025-04-26,ATH202504260,ATH,"Andujar, Miguel",andum001,3,1,1B,1B,1,field_out,6,1,7
2025-04-26,ATH202504260,ATH,"Bleday, JJ",bledj001,3,2,1B,1B,1,field_out,6,1,7
2025-04-26,ATH202504260,ATH,"Urias, Luis",urial001,3,0,empty,empty,1,home_run,7,1,10
2025-04-26,ATH202504260,ATH,"Kurtz, Nick",kurtn001,3,0,empty,empty,1,field_out,7,2,10
2025-04-26,ATH202504260,ATH,"Urshela, Gio",urshg001,3,1,empty,empty,1,field_out,7,2,10
2025-04-26,ATH202504260,ATH,"Pereda, Jhonny",perej004,3,2,empty,empty,1,field_out,7,2,10
2025-04-26,ATH202504260,ATH,"Wilson, Jacob",wilsj006,4,0,empty,empty,1,field_out,8,2,10
2025-04-26,ATH202504260,ATH,"Brown, Seth",brows003,1,1,empty,empty,1,field_out,8,2,10
2025-04-26,ATH202504260,ATH,"Soderstrom, Tyler",sodet001,4,2,empty,empty,1,strikeout,8,2,10
2025-04-26,ATH202504260,ATH,"Andujar, Miguel",andum001,4,0,empty,empty,1,triple,9,2,10
2025-04-26,ATH202504260,ATH,"Schuemann, Max",schum002,1,0,3B,3B,1,field_out,9,2,10
2025-04-26,ATH202504260,ATH,"Urias, Luis",urial001,4,1,3B,3B,1,field_out,9,2,10
2025-04-26,ATH202504260,ATH,"Kurtz, Nick",kurtn001,4,2,3B,3B,1,single,9,2,10
2025-04-26,ATH202504260,ATH,"Urshela, Gio",urshg001,4,2,1B,1B,1,field_out,9,3,10
2025-04-27,ATH202504270,ATH,"Butler, Lawrence",butll001,1,0,empty,empty,1,single,1,0,1
2025-04-27,ATH202504270,ATH,"Rooker, Brent",rookb001,1,0,1B,1B,1,double,1,0,1
2025-04-27,ATH202504270,ATH,"Langeliers, Shea",langs001,1,0,2B,2B,1,field_out,1,1,1
2025-04-27,ATH202504270,ATH,"Soderstrom, Tyler",sodet001,1,1,3B,3B,1,field_out,1,1,1
2025-04-27,ATH202504270,ATH,"Wilson, Jacob",wilsj006,1,2,3B,3B,1,field_out,1,1,1
2025-04-27,ATH202504270,ATH,"Bleday, JJ",bledj001,1,0,empty,empty,1,field_out,2,1,1
2025-04-27,ATH202504270,ATH,"Urias, Luis",urial001,1,1,empty,empty,1,walk,2,1,1
2025-04-27,ATH202504270,ATH,"Kurtz, Nick",kurtn001,1,1,1B,1B,1,grounded_into_double_play,2,1,1
2025-04-27,ATH202504270,ATH,"Schuemann, Max",schum002,1,0,empty,empty,1,single,3,1,1
2025-04-27,ATH202504270,ATH,"Butler, Lawrence",butll001,2,0,1B,1B,1,strikeout,3,1,1
2025-04-27,ATH202504270,ATH,"Rooker, Brent",rookb001,2,1,1B,1B,1,single,3,1,1
2025-04-27,ATH202504270,ATH,"Langeliers, Shea",langs001,2,1,1B+3B,1B+3B,1,strikeout,3,1,1
2025-04-27,ATH202504270,ATH,"Soderstrom, Tyler",sodet001,2,2,1B+3B,1B+3B,1,strikeout,3,1,1
2025-04-27,ATH202504270,ATH,"Wilson, Jacob",wilsj006,2,0,empty,empty,1,field_out,4,1,1
2025-04-27,ATH202504270,ATH,"Bleday, JJ",bledj001,2,1,empty,empty,1,field_out,4,1,1
2025-04-27,ATH202504270,ATH,"Urias, Luis",urial001,2,2,empty,empty,1,field_out,4,1,1
2025-04-27,ATH202504270,ATH,"Kurtz, Nick",kurtn001,2,0,empty,empty,1,single,5,1,1
2025-04-27,ATH202504270,ATH,"Schuemann, Max",schum002,2,0,1B,1B,1,strikeout_double_play,5,1,1
2025-04-27,ATH202504270,ATH,"Butler, Lawrence",butll001,3,2,empty,empty,1,field_out,5,1,1
2025-04-27,ATH202504270,ATH,"Rooker, Brent",rookb001,3,0,empty,empty,1,walk,6,1,1
2025-04-27,ATH202504270,ATH,"Langeliers, Shea",langs001,3,0,1B,1B,1,field_out,6,1,1
2025-04-27,ATH202504270,ATH,"Soderstrom, Tyler",sodet001,3,1,1B,1B,1,grounded_into_double_play,6,1,1
2025-04-27,ATH202504270,ATH,"Wilson, Jacob",wilsj006,3,0,empty,empty,1,field_out,7,1,1
2025-04-27,ATH202504270,ATH,"Bleday, JJ",bledj001,3,1,empty,empty,1,strikeout,7,1,1
2025-04-27,ATH202504270,ATH,"Urias, Luis",urial001,3,2,empty,empty,1,field_out,7,1,1
2025-04-27,ATH202504270,ATH,"Kurtz, Nick",kurtn001,3,0,empty,empty,1,strikeout,8,1,1
2025-04-27,ATH202504270,ATH,"Schuemann, Max",schum002,3,1,empty,empty,1,field_out,8,1,1
2025-04-27,ATH202504270,ATH,"Butler, Lawrence",butll001,4,2,empty,empty,1,field_out,8,1,1
2025-04-27,ATH202504270,ATH,"Rooker, Brent",rookb001,4,0,empty,empty,1,strikeout,9,1,1
2025-04-27,ATH202504270,ATH,"Langeliers, Shea",langs001,4,1,empty,empty,1,field_out,9,1,1
2025-04-27,ATH202504270,ATH,"Soderstrom, Tyler",sodet001,4,2,empty,empty,1,walk,9,1,1
2025-04-27,ATH202504270,ATH,"Wilson, Jacob",wilsj006,4,2,1B,1B,1,field_out,9,1,1
2025-04-27,ATH202504270,ATH,"Bleday, JJ",bledj001,4,0,2B,2B,1,strikeout,10,1,2
2025-04-27,ATH202504270,ATH,"Urias, Luis",urial001,4,1,2B,2B,1,home_run,10,1,2
2025-04-28,TEX202504280,ATH,"Wilson, Jacob",wilsj006,1,0,empty,empty,1,single,1,0,0
2025-04-28,TEX202504280,ATH,"Rooker, Brent",rookb001,1,0,1B,1B,1,strikeout,1,0,0
2025-04-28,TEX202504280,ATH,"Soderstrom, Tyler",sodet001,1,1,1B,2B,0,strikeout,1,0,0
2025-04-28,TEX202504280,ATH,"Langeliers, Shea",langs001,1,2,2B,2B,1,field_out,1,0,0
2025-04-28,TEX202504280,ATH,"Andujar, Miguel",andum001,1,0,empty,empty,1,single,2,0,0
2025-04-28,TEX202504280,ATH,"Butler, Lawrence",butll001,1,0,1B,1B,1,strikeout,2,0,0
2025-04-28,TEX202504280,ATH,"Urias, Luis",urial001,1,1,1B,1B,1,field_out,2,0,0
2025-04-28,TEX202504280,ATH,"Urshela, Gio",urshg001,1,2,2B,2B,1,strikeout,2,0,0
2025-04-28,TEX202504280,ATH,"Schuemann, Max",schum002,1,0,empty,empty,1,single,3,0,0
2025-04-28,TEX202504280,ATH,"Wilson, Jacob",wilsj006,2,0,1B,1B,1,sac_bunt,3,0,0
2025-04-28,TEX202504280,ATH,"Rooker, Brent",rookb001,2,1,2B,2B,1,field_out,3,0,0
2025-04-28,TEX202504280,ATH,"Soderstrom, Tyler",sodet001,2,2,3B,3B,1,strikeout,3,0,0
2025-04-28,TEX202504280,ATH,"Langeliers, Shea",langs001,2,0,empty,empty,1,single,4,0,0
2025-04-28,TEX202504280,ATH,"Andujar, Miguel",andum001,2,0,1B,1B,1,single,4,0,0
2025-04-28,TEX202504280,ATH,"Butler, Lawrence",butll001,2,0,1B+2B,1B+2B,1,field_out,4,0,0
2025-04-28,TEX202504280,ATH,"Urias, Luis",urial001,2,1,1B+2B,1B+2B,1,grounded_into_double_play,4,0,0
2025-04-28,TEX202504280,ATH,"Urshela, Gio",urshg001,2,0,empty,empty,1,double,5,0,0
2025-04-28,TEX202504280,ATH,"Schuemann, Max",schum002,2,0,2B,2B,1,field_out,5,0,0
2025-04-28,TEX202504280,ATH,"Wilson, Jacob",wilsj006,3,1,3B,3B,1,field_out,5,0,0
2025-04-28,TEX202504280,ATH,"Rooker, Brent",rookb001,3,2,3B,3B,1,walk,5,0,0
2025-04-28,TEX202504280,ATH,"Soderstrom, Tyler",sodet001,3,2,1B+3B,1B+3B,1,double,5,0,0
2025-04-28,TEX202504280,ATH,"Langeliers, Shea",langs001,3,2,2B,2B,1,strikeout,5,2,0
2025-04-28,TEX202504280,ATH,"Andujar, Miguel",andum001,3,0,empty,empty,1,field_out,6,2,0
2025-04-28,TEX202504280,ATH,"Butler, Lawrence",butll001,3,1,empty,empty,1,strikeout,6,2,0
2025-04-28,TEX202504280,ATH,"Urias, Luis",urial001,3,2,empty,empty,1,field_out,6,2,0
2025-04-28,TEX202504280,ATH,"Bleday, JJ",bledj001,1,0,empty,empty,1,field_out,7,2,1
2025-04-28,TEX202504280,ATH,"Schuemann, Max",schum002,3,1,empty,empty,1,walk,7,2,1
2025-04-28,TEX202504280,ATH,"Wilson, Jacob",wilsj006,4,1,1B,2B,0,strikeout,7,2,1
2025-04-28,TEX202504280,ATH,"Rooker, Brent",rookb001,4,2,2B,2B,1,field_out,7,2,1
2025-04-28,TEX202504280,ATH,"Soderstrom, Tyler",sodet001,4,0,empty,empty,1,field_out,8,2,1
2025-04-28,TEX202504280,ATH,"Langeliers, Shea",langs001,4,1,empty,empty,1,walk,8,2,1
2025-04-28,TEX202504280,ATH,"Andujar, Miguel",andum001,4,1,1B,1B,1,double_play,8,2,1
2025-04-28,TEX202504280,ATH,"Butler, Lawrence",butll001,4,0,empty,empty,1,field_out,9,2,1
2025-04-28,TEX202504280,ATH,"Urias, Luis",urial001,4,1,empty,empty,1,walk,9,2,1
2025-04-28,TEX202504280,ATH,"Bleday, JJ",bledj001,2,1,1B,1B,1,single,9,2,1
2025-04-28,TEX202504280,ATH,"Schuemann, Max",schum002,4,1,1B+2B,1B+2B,1,field_out,9,2,1
2025-04-28,TEX202504280,ATH,"Wilson, Jacob",wilsj006,5,2,1B+2B,1B+2B,1,field_out,9,2,1
2025-04-29,TEX202504290,ATH,"Butler, Lawrence",butll001,1,0,empty,empty,1,field_out,1,0,0
2025-04-29,TEX202504290,ATH,"Rooker, Brent",rookb001,1,1,empty,empty,1,single,1,0,0
2025-04-29,TEX202504290,ATH,"Soderstrom, Tyler",sodet001,1,1,1B,1B,1,grounded_into_double_play,1,0,0
2025-04-29,TEX202504290,ATH,"Langeliers, Shea",langs001,1,0,empty,empty,1,single,2,0,0
2025-04-29,TEX202504290,ATH,"Bleday, JJ",bledj001,1,0,1B,1B,1,strikeout,2,0,0
2025-04-29,TEX202504290,ATH,"Urias, Luis",urial001,1,1,1B,1B,1,strikeout,2,0,0
2025-04-29,TEX202504290,ATH,"Kurtz, Nick",kurtn001,1,2,1B,1B,1,strikeout,2,0,0
2025-04-29,TEX202504290,ATH,"Urshela, Gio",urshg001,1,0,empty,empty,1,field_out,3,0,1
2025-04-29,TEX202504290,ATH,"Schuemann, Max",schum002,1,1,empty,empty,1,field_out,3,0,1
2025-04-29,TEX202504290,ATH,"Butler, Lawrence",butll001,2,2,empty,empty,1,strikeout,3,0,1
2025-04-29,TEX202504290,ATH,"Rooker, Brent",rookb001,2,0,empty,empty,1,field_out,4,0,3
2025-04-29,TEX202504290,ATH,"Soderstrom, Tyler",sodet001,2,1,empty,empty,1,field_out,4,0,3
2025-04-29,TEX202504290,ATH,"Langeliers, Shea",langs001,2,2,empty,empty,1,strikeout,4,0,3
2025-04-29,TEX202504290,ATH,"Bleday, JJ",bledj001,2,0,empty,empty,1,field_out,5,0,4
2025-04-29,TEX202504290,ATH,"Urias, Luis",urial001,2,1,empty,empty,1,field_out,5,0,4
2025-04-29,TEX202504290,ATH,"Kurtz, Nick",kurtn001,2,2,empty,empty,1,single,5,0,4
2025-04-29,TEX202504290,ATH,"Urshela, Gio",urshg001,2,2,1B,1B,1,field_out,5,0,4
2025-04-29,TEX202504290,ATH,"Schuemann, Max",schum002,2,0,empty,empty,1,single,6,0,4
2025-04-29,TEX202504290,ATH,"Butler, Lawrence",butll001,3,1,empty,empty,1,strikeout,6,0,4
2025-04-29,TEX202504290,ATH,"Rooker, Brent",rookb001,3,2,empty,empty,1,strikeout,6,0,4
2025-04-29,TEX202504290,ATH,"Brown, Seth",brows003,1,0,empty,empty,1,walk,7,0,12
2025-04-29,TEX202504290,ATH,"Langeliers, Shea",langs001,3,0,1B,1B,1,home_run,7,0,12
2025-04-29,TEX202504290,ATH,"Bleday, JJ",bledj001,3,0,empty,empty,1,strikeout,7,2,12
2025-04-29,TEX202504290,ATH,"Urias, Luis",urial001,3,1,empty,empty,1,walk,7,2,12
2025-04-29,TEX202504290,ATH,"Kurtz, Nick",kurtn001,3,1,1B,1B,1,strikeout,7,2,12
2025-04-29,TEX202504290,ATH,"Urshela, Gio",urshg001,3,2,1B,2B,0,field_out,7,2,12
2025-04-29,TEX202504290,ATH,"Schuemann, Max",schum002,3,0,empty,empty,1,field_out,8,2,12
2025-04-29,TEX202504290,ATH,"Butler, Lawrence",butll001,4,1,empty,empty,1,single,8,2,12
2025-04-29,TEX202504290,ATH,"Rooker, Brent",rookb001,4,1,1B,1B,1,single,8,2,12
2025-04-29,TEX202504290,ATH,"Brown, Seth",brows003,2,1,1B+2B,1B+2B,1,field_out,8,2,12
2025-04-29,TEX202504290,ATH,"Langeliers, Shea",langs001,4,2,1B+3B,1B+3B,1,strikeout,8,2,12
2025-04-29,TEX202504290,ATH,"Bleday, JJ",bledj001,4,0,empty,empty,1,field_out,9,2,15
2025-04-29,TEX202504290,ATH,"Urias, Luis",urial001,4,1,empty,empty,1,single,9,2,15
2025-04-29,TEX202504290,ATH,"Kurtz, Nick",kurtn001,4,1,1B,1B,1,grounded_into_double_play,9,2,15
2025-04-30,TEX202504300,ATH,"Butler, Lawrence",butll001,1,0,empty,empty,1,strikeout,1,0,0
2025-04-30,TEX202504300,ATH,"Wilson, Jacob",wilsj006,1,1,empty,empty,1,field_out,1,0,0
2025-04-30,TEX202504300,ATH,"Soderstrom, Tyler",sodet001,1,2,empty,empty,1,field_out,1,0,0
2025-04-30,TEX202504300,ATH,"Rooker, Brent",rookb001,1,0,empty,empty,1,strikeout,2,0,0
2025-04-30,TEX202504300,ATH,"Langeliers, Shea",langs001,1,1,empty,empty,1,single,2,0,0
2025-04-30,TEX202504300,ATH,"Kurtz, Nick",kurtn001,1,1,1B,1B,1,strikeout,2,0,0
2025-04-30,TEX202504300,ATH,"Urias, Luis",urial001,1,2,1B,1B,1,strikeout,2,0,0
2025-04-30,TEX202504300,ATH,"Bleday, JJ",bledj001,1,0,empty,empty,1,double,3,0,0
2025-04-30,TEX202504300,ATH,"Urshela, Gio",urshg001,1,0,2B,2B,1,field_out,3,0,0
2025-04-30,TEX202504300,ATH,"Butler, Lawrence",butll001,2,1,2B,2B,1,single,3,0,0
2025-04-30,TEX202504300,ATH,"Wilson, Jacob",wilsj006,2,1,1B+3B,1B+3B,1,single,3,0,0
2025-04-30,TEX202504300,ATH,"Soderstrom, Tyler",sodet001,2,1,1B+2B,1B+2B,1,grounded_into_double_play,3,1,0
2025-04-30,TEX202504300,ATH,"Rooker, Brent",rookb001,2,0,empty,empty,1,strikeout,4,1,0
2025-04-30,TEX202504300,ATH,"Langeliers, Shea",langs001,2,1,empty,empty,1,field_out,4,1,0
2025-04-30,TEX202504300,ATH,"Kurtz, Nick",kurtn001,2,2,empty,empty,1,strikeout,4,1,0
2025-04-30,TEX202504300,ATH,"Urias, Luis",urial001,2,0,empty,empty,1,field_out,5,1,1
2025-04-30,TEX202504300,ATH,"Bleday, JJ",bledj001,2,1,empty,empty,1,strikeout,5,1,1
2025-04-30,TEX202504300,ATH,"Urshela, Gio",urshg001,2,2,empty,empty,1,field_out,5,1,1
2025-04-30,TEX202504300,ATH,"Butler, Lawrence",butll001,3,0,empty,empty,1,strikeout,6,1,1
2025-04-30,TEX202504300,ATH,"Wilson, Jacob",wilsj006,3,1,empty,empty,1,single,6,1,1
2025-04-30,TEX202504300,ATH,"Soderstrom, Tyler",sodet001,3,1,1B,1B,1,field_out,6,1,1
2025-04-30,TEX202504300,ATH,"Rooker, Brent",rookb001,3,2,1B,1B,1,single,6,1,1
2025-04-30,TEX202504300,ATH,"Langeliers, Shea",langs001,3,2,1B+2B,1B+2B,1,field_out,6,1,1
2025-04-30,TEX202504300,ATH,"Kurtz, Nick",kurtn001,3,0,empty,empty,1,single,7,1,1
2025-04-30,TEX202504300,ATH,"Urias, Luis",urial001,3,0,1B,1B,1,grounded_into_double_play,7,1,1
2025-04-30,TEX202504300,ATH,"Bleday, JJ",bledj001,3,2,empty,empty,1,field_out,7,1,1
2025-04-30,TEX202504300,ATH,"Urshela, Gio",urshg001,3,0,empty,empty,1,field_out,8,1,1
2025-04-30,TEX202504300,ATH,"Butler, Lawrence",butll001,4,1,empty,empty,1,field_out,8,1,1
2025-04-30,TEX202504300,ATH,"Wilson, Jacob",wilsj006,4,2,empty,empty,1,field_out,8,1,1
2025-04-30,TEX202504300,ATH,"Soderstrom, Tyler",sodet001,4,0,empty,empty,1,single,9,1,1
2025-04-30,TEX202504300,ATH,"Rooker, Brent",rookb001,4,0,1B,1B,1,home_run,9,1,1
2025-04-30,TEX202504300,ATH,"Langeliers, Shea",langs001,4,0,empty,empty,1,single,9,3,1
2025-04-30,TEX202504300,ATH,"Kurtz, Nick",kurtn001,4,0,1B,1B,1,strikeout,9,3,1
2025-04-30,TEX202504300,ATH,"Urias, Luis",urial001,4,1,1B,1B,1,walk,9,3,1
2025-04-30,TEX202504300,ATH,"Bleday, JJ",bledj001,4,1,1B+2B,1B+2B,1,walk,9,3,1
2025-04-30,TEX202504300,ATH,"Urshela, Gio",urshg001,4,1,1B+2B+3B,1B+2B+3B,1,strikeout,9,3,1
2025-04-30,TEX202504300,ATH,"Butler, Lawrence",butll001,5,2,1B+2B+3B,1B+2B+3B,1,home_run,9,3,1
2025-04-30,TEX202504300,ATH,"Wilson, Jacob",wilsj006,5,2,empty,empty,1,field_out,9,7,1
2025-05-01,TEX202505010,ATH,"Butler, Lawrence",butll001,1,0,empty,empty,1,strikeout,1,0,0
2025-05-01,TEX202505010,ATH,"Wilson, Jacob",wilsj006,1,1,empty,empty,1,field_out,1,0,0
2025-05-01,TEX202505010,ATH,"Soderstrom, Tyler",sodet001,1,2,empty,empty,1,single,1,0,0
2025-05-01,TEX202505010,ATH,"Rooker, Brent",rookb001,1,2,1B,1B,1,walk,1,0,0
2025-05-01,TEX202505010,ATH,"Andujar, Miguel",andum001,1,2,1B+2B,1B+2B,1,single,1,0,0
2025-05-01,TEX202505010,ATH,"Bleday, JJ",bledj001,1,2,1B+3B,1B+3B,1,field_out,1,1,0
2025-05-01,TEX202505010,ATH,"Urias, Luis",urial001,1,0,empty,empty,1,single,2,1,0
2025-05-01,TEX202505010,ATH,"Kurtz, Nick",kurtn001,1,0,1B,1B,1,strikeout,2,1,0
2025-05-01,TEX202505010,ATH,"Pereda, Jhonny",perej004,1,1,1B,1B,1,field_out,2,1,0
2025-05-01,TEX202505010,ATH,"Butler, Lawrence",butll001,2,2,1B,1B,1,field_out,2,1,0
2025-05-01,TEX202505010,ATH,"Wilson, Jacob",wilsj006,2,0,empty,empty,1,field_out,3,1,0
2025-05-01,TEX202505010,ATH,"Soderstrom, Tyler",sodet001,2,1,empty,empty,1,field_out,3,1,0
2025-05-01,TEX202505010,ATH,"Rooker, Brent",rookb001,2,2,empty,empty,1,field_out,3,1,0
2025-05-01,TEX202505010,ATH,"Andujar, Miguel",andum001,2,0,empty,empty,1,field_out,4,1,0
2025-05-01,TEX202505010,ATH,"Bleday, JJ",bledj001,2,1,empty,empty,1,strikeout,4,1,0
2025-05-01,TEX202505010,ATH,"Urias, Luis",urial001,2,2,empty,empty,1,field_out,4,1,0
2025-05-01,TEX202505010,ATH,"Kurtz, Nick",kurtn001,2,0,empty,empty,1,strikeout,5,1,0
2025-05-01,TEX202505010,ATH,"Pereda, Jhonny",perej004,2,1,empty,empty,1,field_out,5,1,0
2025-05-01,TEX202505010,ATH,"Butler, Lawrence",butll001,3,2,empty,empty,1,strikeout,5,1,0
2025-05-01,TEX202505010,ATH,"Wilson, Jacob",wilsj006,3,0,empty,empty,1,single,6,1,0
2025-05-01,TEX202505010,ATH,"Soderstrom, Tyler",sodet001,3,0,1B,1B,1,single,6,1,0
2025-05-01,TEX202505010,ATH,"Rooker, Brent",rookb001,3,0,1B+2B,1B+2B,1,strikeout,6,1,0
2025-05-01,TEX202505010,ATH,"Andujar, Miguel",andum001,3,1,1B+2B,1B+2B,1,field_out,6,1,0
2025-05-01,TEX202505010,ATH,"Bleday, JJ",bledj001,3,2,1B+3B,1B+3B,1,field_out,6,1,0
2025-05-01,TEX202505010,ATH,"Urias, Luis",urial001,3,0,empty,empty,1,field_out,7,1,0
2025-05-01,TEX202505010,ATH,"Kurtz, Nick",kurtn001,3,1,empty,empty,1,single,7,1,0
2025-05-01,TEX202505010,ATH,"Pereda, Jhonny",perej004,3,1,1B,1B,1,walk,7,1,0
2025-05-01,TEX202505010,ATH,"Butler, Lawrence",butll001,4,1,1B+2B,1B+2B,1,strikeout,7,1,0
2025-05-01,TEX202505010,ATH,"Wilson, Jacob",wilsj006,4,2,1B+2B,1B+2B,1,single,7,1,0
2025-05-01,TEX202505010,ATH,"Soderstrom, Tyler",sodet001,4,2,1B+2B,1B+2B,1,field_out,7,2,0
2025-05-01,TEX202505010,ATH,"Rooker, Brent",rookb001,4,0,empty,empty,1,walk,8,2,0
2025-05-01,TEX202505010,ATH,"Andujar, Miguel",andum001,4,0,1B,1B,1,single,8,2,0
2025-05-01,TEX202505010,ATH,"Bleday, JJ",bledj001,4,0,1B+2B,1B+2B,1,walk,8,2,0
2025-05-01,TEX202505010,ATH,"Urias, Luis",urial001,4,0,1B+2B+3B,1B+2B+3B,1,sac_fly,8,2,0
2025-05-01,TEX202505010,ATH,"Schuemann, Max",schum002,1,1,1B+2B,1B+2B,1,field_out,8,3,0
2025-05-01,TEX202505010,ATH,"Pereda, Jhonny",perej004,4,2,1B+3B,1B+3B,1,field_out,8,3,0
2025-05-01,TEX202505010,ATH,"Butler, Lawrence",butll001,5,0,empty,empty,1,strikeout,9,3,0
2025-05-01,TEX202505010,ATH,"Wilson, Jacob",wilsj006,5,1,empty,empty,1,walk,9,3,0
2025-05-01,TEX202505010,ATH,"Soderstrom, Tyler",sodet001,5,1,1B,1B,1,strikeout,9,3,0
2025-05-01,TEX202505010,ATH,"Rooker, Brent",rookb001,5,2,1B,1B,1,field_out,9,3,0
2025-05-02,MIA202505020,ATH,"Wilson, Jacob",wilsj006,1,0,empty,empty,1,field_out,1,0,0
2025-05-02,MIA202505020,ATH,"Soderstrom, Tyler",sodet001,1,1,empty,empty,1,field_out,1,0,0
2025-05-02,MIA202505020,ATH,"Rooker, Brent",rookb001,1,2,empty,empty,1,field_out,1,0,0
2025-05-02,MIA202505020,ATH,"Langeliers, Shea",langs001,1,0,empty,empty,1,field_out,2,0,0
2025-05-02,MIA202505020,ATH,"Bleday, JJ",bledj001,1,1,empty,empty,1,walk,2,0,0
2025-05-02,MIA202505020,ATH,"Brown, Seth",brows003,1,1,1B,1B,1,hit_by_pitch,2,0,0
2025-05-02,MIA202505020,ATH,"Urias, Luis",urial001,1,1,1B+2B,1B+2B,1,walk,2,0,0
2025-05-02,MIA202505020,ATH,"Kurtz, Nick",kurtn001,1,1,1B+2B+3B,1B+2B+3B,1,single,2,0,0
2025-05-02,MIA202505020,ATH,"Urshela, Gio",urshg001,1,1,1B+2B+3B,1B+2B+3B,1,field_out,2,1,0
2025-05-02,MIA202505020,ATH,"Wilson, Jacob",wilsj006,2,2,1B+2B+3B,1B+2B+3B,1,walk,2,1,0
2025-05-02,MIA202505020,ATH,"Soderstrom, Tyler",sodet001,2,2,1B+2B+3B,1B+2B+3B,1,field_out,2,2,0
2025-05-02,MIA202505020,ATH,"Rooker, Brent",rookb001,2,0,empty,empty,1,field_out,3,2,0
2025-05-02,MIA202505020,ATH,"Langeliers, Shea",langs001,2,1,empty,empty,1,field_out,3,2,0
2025-05-02,MIA202505020,ATH,"Bleday, JJ",bledj001,2,2,empty,empty,1,home_run,3,2,0
2025-05-02,MIA202505020,ATH,"Brown, Seth",brows003,2,2,empty,empty,1,double,3,3,0
2025-05-02,MIA202505020,ATH,"Urias, Luis",urial001,2,2,2B,2B,1,field_out,3,3,0
2025-05-02,MIA202505020,ATH,"Kurtz, Nick",kurtn001,2,0,empty,empty,1,strikeout,4,3,0
2025-05-02,MIA202505020,ATH,"Urshela, Gio",urshg001,2,1,empty,empty,1,field_out,4,3,0
2025-05-02,MIA202505020,ATH,"Wilson, Jacob",wilsj006,3,2,empty,empty,1,field_out,4,3,0
2025-05-02,MIA202505020,ATH,"Soderstrom, Tyler",sodet001,3,0,empty,empty,1,walk,5,3,0
2025-05-02,MIA202505020,ATH,"Rooker, Brent",rookb001,3,0,1B,2B,0,field_out,5,3,0
2025-05-02,MIA202505020,ATH,"Langeliers, Shea",langs001,3,1,3B,3B,1,sac_fly,5,3,0
2025-05-02,MIA202505020,ATH,"Bleday, JJ",bledj001,3,2,empty,empty,1,double,5,4,0
2025-05-02,MIA202505020,ATH,"Brown, Seth",brows003,3,2,2B,2B,1,single,5,4,0
2025-05-02,MIA202505020,ATH,"Urias, Luis",urial001,3,2,1B,2B,0,field_error,5,5,0
2025-05-02,MIA202505020,ATH,"Kurtz, Nick",kurtn001,3,2,1B,1B,1,strikeout,5,6,0
2025-05-02,MIA202505020,ATH,"Urshela, Gio",urshg001,3,0,empty,empty,1,single,6,6,0
2025-05-02,MIA202505020,ATH,"Wilson, Jacob",wilsj006,4,0,1B,1B,1,field_out,6,6,0
2025-05-02,MIA202505020,ATH,"Soderstrom, Tyler",sodet001,4,1,1B,1B,1,strikeout,6,6,0
2025-05-02,MIA202505020,ATH,"Rooker, Brent",rookb001,4,2,1B,1B,1,hit_by_pitch,6,6,0
2025-05-02,MIA202505020,ATH,"Langeliers, Shea",langs001,4,2,1B+2B,1B+2B,1,field_out,6,6,0
2025-05-02,MIA202505020,ATH,"Bleday, JJ",bledj001,4,0,empty,empty,1,field_out,7,6,1
2025-05-02,MIA202505020,ATH,"Brown, Seth",brows003,4,1,empty,empty,1,strikeout,7,6,1
2025-05-02,MIA202505020,ATH,"Urias, Luis",urial001,4,2,empty,empty,1,single,7,6,1
2025-05-02,MIA202505020,ATH,"Kurtz, Nick",kurtn001,4,2,1B,1B,1,field_out,7,6,1
2025-05-02,MIA202505020,ATH,"Urshela, Gio",urshg001,4,0,empty,empty,1,field_out,8,6,1
2025-05-02,MIA202505020,ATH,"Wilson, Jacob",wilsj006,5,1,empty,empty,1,field_out,8,6,1
2025-05-02,MIA202505020,ATH,"Soderstrom, Tyler",sodet001,5,2,empty,empty,1,strikeout,8,6,1
2025-05-02,MIA202505020,ATH,"Rooker, Brent",rookb001,5,0,empty,empty,1,field_error,9,6,1
2025-05-02,MIA202505020,ATH,"Langeliers, Shea",langs001,5,0,2B,2B,1,field_out,9,6,1
2025-05-02,MIA202505020,ATH,"Bleday, JJ",bledj001,5,1,2B,2B,1,field_out,9,6,1
2025-05-02,MIA202505020,ATH,"Brown, Seth",brows003,5,2,3B,3B,1,field_out,9,6,1
2025-05-03,MIA202505030,ATH,"Butler, Lawrence",butll001,1,0,empty,empty,1,field_out,1,0,0
2025-05-03,MIA202505030,ATH,"Rooker, Brent",rookb001,1,1,empty,empty,1,home_run,1,0,0
2025-05-03,MIA202505030,ATH,"Soderstrom, Tyler",sodet001,1,1,empty,empty,1,single,1,1,0
2025-05-03,MIA202505030,ATH,"Langeliers, Shea",langs001,1,1,1B,1B,1,grounded_into_double_play,1,1,0
2025-05-03,MIA202505030,ATH,"Bleday, JJ",bledj001,1,0,empty,empty,1,home_run,2,1,0
2025-05-03,MIA202505030,ATH,"Wilson, Jacob",wilsj006,1,0,empty,empty,1,field_out,2,2,0
2025-05-03,MIA202505030,ATH,"Urias, Luis",urial001,1,1,empty,empty,1,field_out,2,2,0
2025-05-03,MIA202505030,ATH,"Kurtz, Nick",kurtn001,1,2,empty,empty,1,walk,2,2,0
2025-05-03,MIA202505030,ATH,"Urshela, Gio",urshg001,1,2,1B,1B,1,single,2,2,0
2025-05-03,MIA202505030,ATH,"Butler, Lawrence",butll001,2,2,2B+3B,2B+3B,1,field_out,2,2,0
2025-05-03,MIA202505030,ATH,"Rooker, Brent",rookb001,2,0,empty,empty,1,field_out,3,2,0
2025-05-03,MIA202505030,ATH,"Soderstrom, Tyler",sodet001,2,1,empty,empty,1,field_out,3,2,0
2025-05-03,MIA202505030,ATH,"Langeliers, Shea",langs001,2,2,empty,empty,1,field_out,3,2,0
2025-05-03,MIA202505030,ATH,"Bleday, JJ",bledj001,2,0,empty,empty,1,field_out,4,2,2
2025-05-03,MIA202505030,ATH,"Wilson, Jacob",wilsj006,2,1,empty,empty,1,single,4,2,2
2025-05-03,MIA202505030,ATH,"Urias, Luis",urial001,2,1,1B,1B,1,home_run,4,2,2
2025-05-03,MIA202505030,ATH,"Kurtz, Nick",kurtn001,2,1,empty,empty,1,field_out,4,4,2
2025-05-03,MIA202505030,ATH,"Urshela, Gio",urshg001,2,2,empty,empty,1,field_out,4,4,2
2025-05-03,MIA202505030,ATH,"Butler, Lawrence",butll001,3,0,empty,empty,1,double,5,4,2
2025-05-03,MIA202505030,ATH,"Rooker, Brent",rookb001,3,0,2B,2B,1,single,5,4,2
2025-05-03,MIA202505030,ATH,"Soderstrom, Tyler",sodet001,3,0,1B+3B,1B+3B,1,double_play,5,4,2
2025-05-03,MIA202505030,ATH,"Langeliers, Shea",langs001,3,2,1B,2B,0,field_out,5,4,2
2025-05-03,MIA202505030,ATH,"Bleday, JJ",bledj001,3,0,empty,empty,1,single,6,4,4
2025-05-03,MIA202505030,ATH,"Wilson, Jacob",wilsj006,3,0,1B,1B,1,single,6,4,4
2025-05-03,MIA202505030,ATH,"Urias, Luis",urial001,3,0,1B+2B,1B+2B,1,walk,6,4,4
2025-05-03,MIA202505030,ATH,"Kurtz, Nick",kurtn001,3,0,1B+2B+3B,1B+2B+3B,1,sac_fly,6,4,4
2025-05-03,MIA202505030,ATH,"Urshela, Gio",urshg001,3,1,1B+2B,1B+2B,1,strikeout,6,5,4
2025-05-03,MIA202505030,ATH,"Butler, Lawrence",butll001,4,2,1B+2B,1B+2B,1,strikeout,6,5,4
2025-05-03,MIA202505030,ATH,"Rooker, Brent",rookb001,4,0,empty,empty,1,strikeout,7,5,4
2025-05-03,MIA202505030,ATH,"Soderstrom, Tyler",sodet001,4,1,empty,empty,1,field_out,7,5,4
2025-05-03,MIA202505030,ATH,"Langeliers, Shea",langs001,4,2,empty,empty,1,field_out,7,5,4
2025-05-03,MIA202505030,ATH,"Bleday, JJ",bledj001,4,0,empty,empty,1,strikeout,8,5,4
2025-05-03,MIA202505030,ATH,"Wilson, Jacob",wilsj006,4,1,empty,empty,1,walk,8,5,4
2025-05-03,MIA202505030,ATH,"Urias, Luis",urial001,4,1,1B,1B,1,field_out,8,5,4
2025-05-03,MIA202505030,ATH,"Kurtz, Nick",kurtn001,4,2,1B,1B,1,walk,8,5,4
2025-05-03,MIA202505030,ATH,"Urshela, Gio",urshg001,4,2,1B+2B,1B+2B,1,double,8,5,4
2025-05-03,MIA202505030,ATH,"Butler, Lawrence",butll001,5,2,2B+3B,2B+3B,1,field_out,8,6,4
2025-05-03,MIA202505030,ATH,"Rooker, Brent",rookb001,5,0,empty,empty,1,strikeout,9,6,4
2025-05-03,MIA202505030,ATH,"Soderstrom, Tyler",sodet001,5,1,empty,empty,1,strikeout,9,6,4
2025-05-03,MIA202505030,ATH,"Langeliers, Shea",langs001,5,2,empty,empty,1,strikeout,9,6,4
2025-05-04,MIA202505040,ATH,"Butler, Lawrence",butll001,1,0,empty,empty,1,field_out,1,0,0
2025-05-04,MIA202505040,ATH,"Rooker, Brent",rookb001,1,1,empty,empty,1,strikeout,1,0,0
2025-05-04,MIA202505040,ATH,"Bleday, JJ",bledj001,1,2,empty,empty,1,field_out,1,0,0
2025-05-04,MIA202505040,ATH,"Andujar, Miguel",andum001,1,0,empty,empty,1,single,2,0,0
2025-05-04,MIA202505040,ATH,"Wilson, Jacob",wilsj006,1,0,1B,1B,1,single,2,0,0
2025-05-04,MIA202505040,ATH,"Kurtz, Nick",kurtn001,1,0,1B+2B,1B+2B,1,strikeout,2,0,0
2025-05-04,MIA202505040,ATH,"Urias, Luis",urial001,1,1,1B+2B,1B+2B,1,field_out,2,0,0
2025-05-04,MIA202505040,ATH,"Urshela, Gio",urshg001,1,2,1B+2B,1B+2B,1,double,2,0,0
2025-05-04,MIA202505040,ATH,"Pereda, Jhonny",perej004,1,2,2B,2B,1,single,2,2,0
2025-05-04,MIA202505040,ATH,"Butler, Lawrence",butll001,2,0,empty,empty,1,single,3,2,0
2025-05-04,MIA202505040,ATH,"Rooker, Brent",rookb001,2,0,1B,1B,1,field_out,3,2,0
2025-05-04,MIA202505040,ATH,"Bleday, JJ",bledj001,2,1,1B,1B,1,strikeout,3,2,0
2025-05-04,MIA202505040,ATH,"Andujar, Miguel",andum001,2,2,1B,2B,0,field_out,3,2,0
2025-05-04,MIA202505040,ATH,"Wilson, Jacob",wilsj006,2,0,empty,empty,1,field_out,4,2,0
2025-05-04,MIA202505040,ATH,"Kurtz, Nick",kurtn001,2,1,empty,empty,1,single,4,2,0
2025-05-04,MIA202505040,ATH,"Urias, Luis",urial001,2,1,1B,1B,1,grounded_into_double_play,4,2,0
2025-05-04,MIA202505040,ATH,"Urshela, Gio",urshg001,2,0,empty,empty,1,field_out,5,2,2
2025-05-04,MIA202505040,ATH,"Pereda, Jhonny",perej004,2,1,empty,empty,1,field_out,5,2,2
2025-05-04,MIA202505040,ATH,"Butler, Lawrence",butll001,3,2,empty,empty,1,strikeout,5,2,2
2025-05-04,MIA202505040,ATH,"Rooker, Brent",rookb001,3,0,empty,empty,1,field_out,6,2,2
2025-05-04,MIA202505040,ATH,"Bleday, JJ",bledj001,3,1,empty,empty,1,field_out,6,2,2
2025-05-04,MIA202505040,ATH,"Andujar, Miguel",andum001,3,2,empty,empty,1,walk,6,2,2
2025-05-04,MIA202505040,ATH,"Wilson, Jacob",wilsj006,3,2,1B,2B,0,single,6,2,2
2025-05-04,MIA202505040,ATH,"Kurtz, Nick",kurtn001,3,2,1B+3B,1B+3B,1,strikeout,6,2,2
2025-05-04,MIA202505040,ATH,"Urias, Luis",urial001,3,0,empty,empty,1,strikeout,7,2,2
2025-05-04,MIA202505040,ATH,"Urshela, Gio",urshg001,3,1,empty,empty,1,field_out,7,2,2
2025-05-04,MIA202505040,ATH,"Pereda, Jhonny",perej004,3,2,empty,empty,1,field_out,7,2,2
2025-05-04,MIA202505040,ATH,"Butler, Lawrence",butll001,4,0,empty,empty,1,single,8,2,2
2025-05-04,MIA202505040,ATH,"Rooker, Brent",rookb001,4,0,1B,1B,1,grounded_into_double_play,8,2,2
2025-05-04,MIA202505040,ATH,"Bleday, JJ",bledj001,4,2,empty,empty,1,walk,8,2,2
2025-05-04,MIA202505040,ATH,"Andujar, Miguel",andum001,4,2,1B,1B,1,field_out,8,2,2
2025-05-04,MIA202505040,ATH,"Wilson, Jacob",wilsj006,4,0,empty,empty,1,field_out,9,2,2
2025-05-04,MIA202505040,ATH,"Kurtz, Nick",kurtn001,4,1,empty,empty,1,triple,9,2,2
2025-05-04,MIA202505040,ATH,"Soderstrom, Tyler",sodet001,1,1,3B,3B,1,single,9,2,2
2025-05-04,MIA202505040,ATH,"Brown, Seth",brows003,1,1,1B,1B,1,strikeout,9,3,2
2025-05-04,MIA202505040,ATH,"Pereda, Jhonny",perej004,4,2,1B,2B,0,strikeout,9,3,2
2025-05-05,ATH202505050,ATH,"Butler, Lawrence",butll001,1,0,empty,empty,1,field_out,1,0,0
2025-05-05,ATH202505050,ATH,"Rooker, Brent",rookb001,1,1,empty,empty,1,hit_by_pitch,1,0,0
2025-05-05,ATH202505050,ATH,"Soderstrom, Tyler",sodet001,1,1,1B,1B,1,single,1,0,0
2025-05-05,ATH202505050,ATH,"Andujar, Miguel",andum001,1,1,2B+3B,2B+3B,1,sac_fly,1,0,0
2025-05-05,ATH202505050,ATH,"Langeliers, Shea",langs001,1,2,2B,2B,1,field_out,1,1,0
2025-05-05,ATH202505050,ATH,"Bleday, JJ",bledj001,1,0,empty,empty,1,double,2,1,0
2025-05-05,ATH202505050,ATH,"Wilson, Jacob",wilsj006,1,0,2B,2B,1,single,2,1,0
2025-05-05,ATH202505050,ATH,"Kurtz, Nick",kurtn001,1,0,1B,1B,1,field_out,2,2,0
2025-05-05,ATH202505050,ATH,"Urias, Luis",urial001,1,1,1B,1B,1,field_out,2,2,0
2025-05-05,ATH202505050,ATH,"Butler, Lawrence",butll001,2,2,2B,2B,1,field_out,2,2,0
2025-05-05,ATH202505050,ATH,"Rooker, Brent",rookb001,2,0,empty,empty,1,field_out,3,2,4
2025-05-05,ATH202505050,ATH,"Soderstrom, Tyler",sodet001,2,1,empty,empty,1,field_out,3,2,4
2025-05-05,ATH202505050,ATH,"Andujar, Miguel",andum001,2,2,empty,empty,1,field_out,3,2,4
2025-05-05,ATH202505050,ATH,"Langeliers, Shea",langs001,2,0,empty,empty,1,home_run,4,2,4
2025-05-05,ATH202505050,ATH,"Bleday, JJ",bledj001,2,0,empty,empty,1,strikeout,4,3,4
2025-05-05,ATH202505050,ATH,"Wilson, Jacob",wilsj006,2,1,empty,empty,1,field_out,4,3,4
2025-05-05,ATH202505050,ATH,"Kurtz, Nick",kurtn001,2,2,empty,empty,1,single,4,3,4
2025-05-05,ATH202505050,ATH,"Urias, Luis",urial001,2,2,1B,1B,1,single,4,3,4
2025-05-05,ATH202505050,ATH,"Butler, Lawrence",butll001,3,2,1B+3B,1B+3B,1,single,4,3,4
2025-05-05,ATH202505050,ATH,"Rooker, Brent",rookb001,3,2,1B+3B,1B+3B,1,field_out,4,4,4
2025-05-05,ATH202505050,ATH,"Soderstrom, Tyler",sodet001,3,0,empty,empty,1,strikeout,5,4,4
2025-05-05,ATH202505050,ATH,"Andujar, Miguel",andum001,3,1,empty,empty,1,field_out,5,4,4
2025-05-05,ATH202505050,ATH,"Langeliers, Shea",langs001,3,2,empty,empty,1,field_out,5,4,4
2025-05-05,ATH202505050,ATH,"Bleday, JJ",bledj001,3,0,empty,empty,1,walk,6,4,4
2025-05-05,ATH202505050,ATH,"Wilson, Jacob",wilsj006,3,0,1B,1B,1,field_out,6,4,4
2025-05-05,ATH202505050,ATH,"Kurtz, Nick",kurtn001,3,1,1B,1B,1,field_out,6,4,4
2025-05-05,ATH202505050,ATH,"Urias, Luis",urial001,3,2,1B,1B,1,single,6,4,4
2025-05-05,ATH202505050,ATH,"Butler, Lawrence",butll001,4,2,1B+3B,1B+3B,1,field_out,6,4,4
2025-05-05,ATH202505050,ATH,"Rooker, Brent",rookb001,4,0,empty,empty,1,double,7,4,4
2025-05-05,ATH202505050,ATH,"Soderstrom, Tyler",sodet001,4,0,2B,2B,1,hit_by_pitch,7,4,4
2025-05-05,ATH202505050,ATH,"Andujar, Miguel",andum001,4,0,1B+2B,1B+2B,1,field_out,7,4,4
2025-05-05,ATH202505050,ATH,"Langeliers, Shea",langs001,4,1,1B+3B,1B+3B,1,sac_fly,7,4,4
2025-05-05,ATH202505050,ATH,"Bleday, JJ",bledj001,4,2,1B,1B,1,field_out,7,5,4
2025-05-05,ATH202505050,ATH,"Wilson, Jacob",wilsj006,4,0,empty,empty,1,field_out,8,5,5
2025-05-05,ATH202505050,ATH,"Kurtz, Nick",kurtn001,4,1,empty,empty,1,field_out,8,5,5
2025-05-05,ATH202505050,ATH,"Urias, Luis",urial001,4,2,empty,empty,1,single,8,5,5
2025-05-05,ATH202505050,ATH,"Butler, Lawrence",butll001,5,2,1B,1B,1,field_out,8,5,5
2025-05-05,ATH202505050,ATH,"Rooker, Brent",rookb001,5,0,empty,empty,1,field_out,9,5,5
2025-05-05,ATH202505050,ATH,"Soderstrom, Tyler",sodet001,5,1,empty,empty,1,field_out,9,5,5
2025-05-05,ATH202505050,ATH,"Brown, Seth",brows003,1,2,empty,empty,1,single,9,5,5
2025-05-05,ATH202505050,ATH,"Langeliers, Shea",langs001,5,2,1B,1B,1,walk,9,5,5
2025-05-05,ATH202505050,ATH,"Bleday, JJ",bledj001,5,2,1B+2B,1B+2B,1,field_out,9,5,5
2025-05-05,ATH202505050,ATH,"Wilson, Jacob",wilsj006,5,0,2B,2B,1,single,10,5,6
2025-05-05,ATH202505050,ATH,"Kurtz, Nick",kurtn001,5,0,1B,1B,1,walk,10,6,6
2025-05-05,ATH202505050,ATH,"Urias, Luis",urial001,5,0,1B+2B,1B+2B,1,catcher_interf,10,6,6
2025-05-05,ATH202505050,ATH,"Butler, Lawrence",butll001,6,0,1B+2B+3B,1B+2B+3B,1,strikeout,10,6,6
2025-05-05,ATH202505050,ATH,"Rooker, Brent",rookb001,6,1,1B+2B+3B,1B+2B+3B,1,strikeout,10,6,6
2025-05-05,ATH202505050,ATH,"Soderstrom, Tyler",sodet001,6,2,1B+2B+3B,1B+2B+3B,1,strikeout,10,6,6
2025-05-05,ATH202505050,ATH,"Urshela, Gio",urshg001,1,0,2B,2B,1,sac_bunt,11,6,6
2025-05-05,ATH202505050,ATH,"Langeliers, Shea",langs001,6,1,3B,3B,1,intent_walk,11,6,6
2025-05-05,ATH202505050,ATH,"Bleday, JJ",bledj001,6,1,1B+3B,1B+3B,1,intent_walk,11,6,6
2025-05-05,ATH202505050,ATH,"Wilson, Jacob",wilsj006,6,1,1B+2B+3B,1B+2B+3B,1,single,11,6,6
2025-05-06,ATH202505060,ATH,"Butler, Lawrence",butll001,1,0,empty,empty,1,field_out,1,0,1
2025-05-06,ATH202505060,ATH,"Rooker, Brent",rookb001,1,1,empty,empty,1,walk,1,0,1
2025-05-06,ATH202505060,ATH,"Soderstrom, Tyler",sodet001,1,1,1B,1B,1,strikeout,1,0,1
2025-05-06,ATH202505060,ATH,"Andujar, Miguel",andum001,1,2,1B,2B,0,single,1,0,1
2025-05-06,ATH202505060,ATH,"Langeliers, Shea",langs001,1,0,empty,empty,1,single,2,1,2
2025-05-06,ATH202505060,ATH,"Bleday, JJ",bledj001,1,0,1B,1B,1,field_out,2,1,2
2025-05-06,ATH202505060,ATH,"Wilson, Jacob",wilsj006,1,1,1B,1B,1,grounded_into_double_play,2,1,2
2025-05-06,ATH202505060,ATH,"Kurtz, Nick",kurtn001,1,0,empty,empty,1,walk,3,1,2
2025-05-06,ATH202505060,ATH,"Urias, Luis",urial001,1,0,1B,2B,0,field_out,3,1,2
2025-05-06,ATH202505060,ATH,"Butler, Lawrence",butll001,2,1,2B,2B,1,field_out,3,1,2
2025-05-06,ATH202505060,ATH,"Rooker, Brent",rookb001,2,2,3B,3B,1,single,3,1,2
2025-05-06,ATH202505060,ATH,"Soderstrom, Tyler",sodet001,2,2,1B,3B,0,field_out,3,2,2
2025-05-06,ATH202505060,ATH,"Andujar, Miguel",andum001,2,0,empty,empty,1,field_out,4,2,2
2025-05-06,ATH202505060,ATH,"Langeliers, Shea",langs001,2,1,empty,empty,1,field_out,4,2,2
2025-05-06,ATH202505060,ATH,"Bleday, JJ",bledj001,2,2,empty,empty,1,strikeout,4,2,2
2025-05-06,ATH202505060,ATH,"Wilson, Jacob",wilsj006,2,0,empty,empty,1,field_out,5,2,2
2025-05-06,ATH202505060,ATH,"Kurtz, Nick",kurtn001,2,1,empty,empty,1,field_out,5,2,2
2025-05-06,ATH202505060,ATH,"Urias, Luis",urial001,2,2,empty,empty,1,field_out,5,2,2
2025-05-06,ATH202505060,ATH,"Butler, Lawrence",butll001,3,0,empty,empty,1,field_out,6,2,2
2025-05-06,ATH202505060,ATH,"Rooker, Brent",rookb001,3,1,empty,empty,1,field_out,6,2,2
2025-05-06,ATH202505060,ATH,"Soderstrom, Tyler",sodet001,3,2,empty,empty,1,double,6,2,2
2025-05-06,ATH202505060,ATH,"Andujar, Miguel",andum001,3,2,2B,2B,1,field_out,6,2,2
2025-05-06,ATH202505060,ATH,"Langeliers, Shea",langs001,3,0,empty,empty,1,field_out,7,2,2
2025-05-06,ATH202505060,ATH,"Bleday, JJ",bledj001,3,1,empty,empty,1,field_out,7,2,2
2025-05-06,ATH202505060,ATH,"Wilson, Jacob",wilsj006,3,2,empty,empty,1,single,7,2,2
2025-05-06,ATH202505060,ATH,"Kurtz, Nick",kurtn001,3,2,1B,1B,1,walk,7,2,2
2025-05-06,ATH202505060,ATH,"Urias, Luis",urial001,3,2,1B+2B,1B+2B,1,hit_by_pitch,7,2,2
2025-05-06,ATH202505060,ATH,"Butler, Lawrence",butll001,4,2,1B+2B+3B,1B+2B+3B,1,strikeout,7,2,2
2025-05-06,ATH202505060,ATH,"Rooker, Brent",rookb001,4,0,empty,empty,1,double,8,2,2
2025-05-06,ATH202505060,ATH,"Soderstrom, Tyler",sodet001,4,0,2B,2B,1,single,8,2,2
2025-05-06,ATH202505060,ATH,"Andujar, Miguel",andum001,4,0,1B+3B,1B+3B,1,single,8,2,2
2025-05-06,ATH202505060,ATH,"Langeliers, Shea",langs001,4,0,1B+2B,1B+2B,1,field_out,8,3,2
2025-05-06,ATH202505060,ATH,"Bleday, JJ",bledj001,4,1,1B+3B,1B+3B,1,strikeout,8,3,2
2025-05-06,ATH202505060,ATH,"Wilson, Jacob",wilsj006,4,2,1B+3B,2B+3B,0,walk,8,3,2
2025-05-06,ATH202505060,ATH,"Kurtz, Nick",kurtn001,4,2,1B+2B+3B,1B+2B+3B,1,strikeout,8,3,2
2025-05-06,ATH202505060,ATH,"Urias, Luis",urial001,4,0,empty,empty,1,strikeout,9,3,5
2025-05-06,ATH202505060,ATH,"Butler, Lawrence",butll001,5,1,empty,empty,1,strikeout,9,3,5
2025-05-06,ATH202505060,ATH,"Rooker, Brent",rookb001,5,2,empty,empty,1,single,9,3,5
2025-05-06,ATH202505060,ATH,"Soderstrom, Tyler",sodet001,5,2,1B,1B,1,single,9,3,5
2025-05-06,ATH202505060,ATH,"Brown, Seth",brows003,1,2,1B+2B,1B+2B,1,field_out,9,3,5
2025-05-07,ATH202505070,ATH,"Wilson, Jacob",wilsj006,1,0,empty,empty,1,single,1,0,0
2025-05-07,ATH202505070,ATH,"Soderstrom, Tyler",sodet001,1,0,1B,1B,1,single,1,0,0
2025-05-07,ATH202505070,ATH,"Rooker, Brent",rookb001,1,0,1B+3B,1B+3B,1,field_out,1,0,0
2025-05-07,ATH202505070,ATH,"Andujar, Miguel",andum001,1,1,1B+3B,1B+3B,1,single,1,0,0
2025-05-07,ATH202505070,ATH,"Bleday, JJ",bledj001,1,1,1B+2B,1B+2B,1,double,1,1,0
2025-05-07,ATH202505070,ATH,"Butler, Lawrence",butll001,1,1,2B,2B,1,strikeout,1,3,0
2025-05-07,ATH202505070,ATH,"Urias, Luis",urial001,1,2,2B,2B,1,field_out,1,3,0
2025-05-07,ATH202505070,ATH,"Brown, Seth",brows003,1,0,empty,empty,1,field_out,2,3,0
2025-05-07,ATH202505070,ATH,"Pereda, Jhonny",perej004,1,1,empty,empty,1,field_out,2,3,0
2025-05-07,ATH202505070,ATH,"Wilson, Jacob",wilsj006,2,2,empty,empty,1,double,2,3,0
2025-05-07,ATH202505070,ATH,"Soderstrom, Tyler",sodet001,2,2,2B,2B,1,strikeout,2,3,0
2025-05-07,ATH202505070,ATH,"Rooker, Brent",rookb001,2,0,empty,empty,1,field_out,3,3,0
2025-05-07,ATH202505070,ATH,"Andujar, Miguel",andum001,2,1,empty,empty,1,field_out,3,3,0
2025-05-07,ATH202505070,ATH,"Bleday, JJ",bledj001,2,2,empty,empty,1,field_out,3,3,0
2025-05-07,ATH202505070,ATH,"Butler, Lawrence",butll001,2,0,empty,empty,1,home_run,4,3,0
2025-05-07,ATH202505070,ATH,"Urias, Luis",urial001,2,0,empty,empty,1,field_out,4,4,0
2025-05-07,ATH202505070,ATH,"Brown, Seth",brows003,2,1,empty,empty,1,single,4,4,0
2025-05-07,ATH202505070,ATH,"Pereda, Jhonny",perej004,2,1,1B,1B,1,field_out,4,4,0
2025-05-07,ATH202505070,ATH,"Wilson, Jacob",wilsj006,3,2,2B,2B,1,double,4,4,0
2025-05-07,ATH202505070,ATH,"Soderstrom, Tyler",sodet001,3,2,2B,2B,1,field_out,4,5,0
2025-05-07,ATH202505070,ATH,"Rooker, Brent",rookb001,3,0,empty,empty,1,strikeout,5,5,1
2025-05-07,ATH202505070,ATH,"Andujar, Miguel",andum001,3,1,empty,empty,1,field_out,5,5,1
2025-05-07,ATH202505070,ATH,"Bleday, JJ",bledj001,3,2,empty,empty,1,field_out,5,5,1
2025-05-07,ATH202505070,ATH,"Butler, Lawrence",butll001,3,0,empty,empty,1,walk,6,5,4
2025-05-07,ATH202505070,ATH,"Urias, Luis",urial001,3,0,1B,1B,1,strikeout,6,5,4
2025-05-07,ATH202505070,ATH,"Brown, Seth",brows003,3,1,1B,1B,1,strikeout,6,5,4
2025-05-07,ATH202505070,ATH,"Pereda, Jhonny",perej004,3,2,1B,1B,1,strikeout,6,5,4
2025-05-07,ATH202505070,ATH,"Wilson, Jacob",wilsj006,4,0,empty,empty,1,single,7,5,4
2025-05-07,ATH202505070,ATH,"Soderstrom, Tyler",sodet001,4,0,1B,1B,1,grounded_into_double_play,7,5,4
2025-05-07,ATH202505070,ATH,"Rooker, Brent",rookb001,4,2,empty,empty,1,strikeout,7,5,4
2025-05-07,ATH202505070,ATH,"Andujar, Miguel",andum001,4,0,empty,empty,1,field_out,8,5,6
2025-05-07,ATH202505070,ATH,"Bleday, JJ",bledj001,4,1,empty,empty,1,field_out,8,5,6
2025-05-07,ATH202505070,ATH,"Butler, Lawrence",butll001,4,2,empty,empty,1,field_out,8,5,6
2025-05-07,ATH202505070,ATH,"Urias, Luis",urial001,4,0,empty,empty,1,single,9,5,6
2025-05-07,ATH202505070,ATH,"Brown, Seth",brows003,4,0,1B,1B,1,strikeout,9,5,6
2025-05-07,ATH202505070,ATH,"Langeliers, Shea",langs001,1,1,1B,1B,1,field_out,9,5,6
2025-05-07,ATH202505070,ATH,"Wilson, Jacob",wilsj006,5,2,1B,1B,1,strikeout,9,5,6
2025-05-09,ATH202505090,ATH,"Wilson, Jacob",wilsj006,1,0,empty,empty,1,field_out,1,0,0
2025-05-09,ATH202505090,ATH,"Soderstrom, Tyler",sodet001,1,1,empty,empty,1,strikeout,1,0,0
2025-05-09,ATH202505090,ATH,"Rooker, Brent",rookb001,1,2,empty,empty,1,field_out,1,0,0
2025-05-09,ATH202505090,ATH,"Langeliers, Shea",langs001,1,0,empty,empty,1,strikeout,2,0,0
2025-05-09,ATH202505090,ATH,"Bleday, JJ",bledj001,1,1,empty,empty,1,strikeout,2,0,0
2025-05-09,ATH202505090,ATH,"Andujar, Miguel",andum001,1,2,empty,empty,1,field_out,2,0,0
2025-05-09,ATH202505090,ATH,"Butler, Lawrence",butll001,1,0,empty,empty,1,field_out,3,0,2
2025-05-09,ATH202505090,ATH,"Urias, Luis",urial001,1,1,empty,empty,1,field_out,3,0,2
2025-05-09,ATH202505090,ATH,"Kurtz, Nick",kurtn001,1,2,empty,empty,1,strikeout,3,0,2
2025-05-09,ATH202505090,ATH,"Wilson, Jacob",wilsj006,2,0,empty,empty,1,field_out,4,0,2
2025-05-09,ATH202505090,ATH,"Soderstrom, Tyler",sodet001,2,1,empty,empty,1,walk,4,0,2
2025-05-09,ATH202505090,ATH,"Rooker, Brent",rookb001,2,1,1B,1B,1,single,4,0,2
2025-05-09,ATH202505090,ATH,"Langeliers, Shea",langs001,2,1,1B+2B,1B+2B,1,strikeout,4,0,2
2025-05-09,ATH202505090,ATH,"Bleday, JJ",bledj001,2,2,1B+2B,1B+2B,1,strikeout,4,0,2
2025-05-09,ATH202505090,ATH,"Andujar, Miguel",andum001,2,0,empty,empty,1,field_out,5,0,3
2025-05-09,ATH202505090,ATH,"Butler, Lawrence",butll001,2,1,empty,empty,1,field_out,5,0,3
2025-05-09,ATH202505090,ATH,"Urias, Luis",urial001,2,2,empty,empty,1,field_out,5,0,3
2025-05-09,ATH202505090,ATH,"Kurtz, Nick",kurtn001,2,0,empty,empty,1,double,6,0,4
2025-05-09,ATH202505090,ATH,"Wilson, Jacob",wilsj006,3,0,2B,2B,1,field_out,6,0,4
2025-05-09,ATH202505090,ATH,"Soderstrom, Tyler",sodet001,3,1,2B,2B,1,field_out,6,0,4
2025-05-09,ATH202505090,ATH,"Rooker, Brent",rookb001,3,2,2B,2B,1,strikeout,6,0,4
2025-05-09,ATH202505090,ATH,"Langeliers, Shea",langs001,3,0,empty,empty,1,field_out,7,0,5
2025-05-09,ATH202505090,ATH,"Bleday, JJ",bledj001,3,1,empty,empty,1,field_out,7,0,5
2025-05-09,ATH202505090,ATH,"Andujar, Miguel",andum001,3,2,empty,empty,1,field_out,7,0,5
2025-05-09,ATH202505090,ATH,"Butler, Lawrence",butll001,3,0,empty,empty,1,field_out,8,0,10
2025-05-09,ATH202505090,ATH,"Schuemann, Max",schum002,1,1,empty,empty,1,single,8,0,10
2025-05-09,ATH202505090,ATH,"Kurtz, Nick",kurtn001,3,1,1B,1B,1,single,8,0,10
2025-05-09,ATH202505090,ATH,"Wilson, Jacob",wilsj006,4,1,1B+2B,1B+2B,1,single,8,0,10
2025-05-09,ATH202505090,ATH,"Soderstrom, Tyler",sodet001,4,1,1B+2B,1B+2B,1,strikeout,8,1,10
2025-05-09,ATH202505090,ATH,"Rooker, Brent",rookb001,4,2,1B+2B,1B+2B,1,field_out,8,1,10
2025-05-09,ATH202505090,ATH,"Langeliers, Shea",langs001,4,0,empty,empty,1,single,9,1,10
2025-05-09,ATH202505090,ATH,"Brown, Seth",brows003,1,0,1B,1B,1,field_out,9,1,10
2025-05-09,ATH202505090,ATH,"Andujar, Miguel",andum001,4,1,1B,1B,1,field_out,9,1,10
2025-05-09,ATH202505090,ATH,"Butler, Lawrence",butll001,4,2,2B,2B,1,single,9,1,10
2025-05-09,ATH202505090,ATH,"Schuemann, Max",schum002,2,2,1B,1B,1,field_out,9,2,10
2025-05-10,ATH202505100,ATH,"Wilson, Jacob",wilsj006,1,0,empty,empty,1,double,1,0,0
2025-05-10,ATH202505100,ATH,"Rooker, Brent",rookb001,1,0,2B,2B,1,strikeout,1,0,0
2025-05-10,ATH202505100,ATH,"Soderstrom, Tyler",sodet001,1,1,2B,2B,1,field_out,1,0,0
2025-05-10,ATH202505100,ATH,"Langeliers, Shea",langs001,1,2,2B,3B,0,field_out,1,0,0
2025-05-10,ATH202505100,ATH,"Andujar, Miguel",andum001,1,0,empty,empty,1,strikeout,2,0,0
2025-05-10,ATH202505100,ATH,"Butler, Lawrence",butll001,1,1,empty,empty,1,strikeout,2,0,0
2025-05-10,ATH202505100,ATH,"Urias, Luis",urial001,1,2,empty,empty,1,home_run,2,0,0
2025-05-10,ATH202505100,ATH,"Kurtz, Nick",kurtn001,1,2,empty,empty,1,strikeout,2,1,0
2025-05-10,ATH202505100,ATH,"Pereda, Jhonny",perej004,1,0,empty,empty,1,single,3,1,0
2025-05-10,ATH202505100,ATH,"Wilson, Jacob",wilsj006,2,0,1B,1B,1,single,3,1,0
2025-05-10,ATH202505100,ATH,"Rooker, Brent",rookb001,2,0,1B+2B,1B+2B,1,home_run,3,1,0
2025-05-10,ATH202505100,ATH,"Soderstrom, Tyler",sodet001,2,0,empty,empty,1,strikeout,3,4,0
2025-05-10,ATH202505100,ATH,"Langeliers, Shea",langs001,2,1,empty,empty,1,single,3,4,0
2025-05-10,ATH202505100,ATH,"Andujar, Miguel",andum001,2,1,1B,1B,1,fielders_choice,3,4,0
2025-05-10,ATH202505100,ATH,"Butler, Lawrence",butll001,2,1,1B+2B,1B+2B,1,strikeout,3,4,0
2025-05-10,ATH202505100,ATH,"Urias, Luis",urial001,2,2,1B+2B,1B+2B,1,field_out,3,4,0
2025-05-10,ATH202505100,ATH,"Kurtz, Nick",kurtn001,2,0,empty,empty,1,strikeout,4,4,1
2025-05-10,ATH202505100,ATH,"Pereda, Jhonny",perej004,2,1,empty,empty,1,strikeout,4,4,1
2025-05-10,ATH202505100,ATH,"Wilson, Jacob",wilsj006,3,2,empty,empty,1,field_out,4,4,1
2025-05-10,ATH202505100,ATH,"Rooker, Brent",rookb001,3,0,empty,empty,1,field_out,5,4,1
2025-05-10,ATH202505100,ATH,"Soderstrom, Tyler",sodet001,3,1,empty,empty,1,field_out,5,4,1
2025-05-10,ATH202505100,ATH,"Langeliers, Shea",langs001,3,2,empty,empty,1,single,5,4,1
2025-05-10,ATH202505100,ATH,"Andujar, Miguel",andum001,3,2,1B,1B,1,double,5,4,1
2025-05-10,ATH202505100,ATH,"Butler, Lawrence",butll001,3,2,2B+3B,2B+3B,1,strikeout,5,4,1
2025-05-10,ATH202505100,ATH,"Urias, Luis",urial001,3,0,empty,empty,1,field_out,6,4,6
2025-05-10,ATH202505100,ATH,"Kurtz, Nick",kurtn001,3,1,empty,empty,1,field_out,6,4,6
2025-05-10,ATH202505100,ATH,"Pereda, Jhonny",perej004,3,2,empty,empty,1,strikeout,6,4,6
2025-05-10,ATH202505100,ATH,"Wilson, Jacob",wilsj006,4,0,empty,empty,1,strikeout,7,4,6
2025-05-10,ATH202505100,ATH,"Rooker, Brent",rookb001,4,1,empty,empty,1,single,7,4,6
2025-05-10,ATH202505100,ATH,"Soderstrom, Tyler",sodet001,4,1,1B,1B,1,double,7,4,6
2025-05-10,ATH202505100,ATH,"Langeliers, Shea",langs001,4,1,2B+3B,2B+3B,1,home_run,7,4,6
2025-05-10,ATH202505100,ATH,"Andujar, Miguel",andum001,4,1,empty,empty,1,strikeout,7,7,6
2025-05-10,ATH202505100,ATH,"Butler, Lawrence",butll001,4,2,empty,empty,1,field_out,7,7,6
2025-05-10,ATH202505100,ATH,"Urias, Luis",urial001,4,0,empty,empty,1,field_out,8,7,6
2025-05-10,ATH202505100,ATH,"Kurtz, Nick",kurtn001,4,1,empty,empty,1,single,8,7,6
2025-05-10,ATH202505100,ATH,"Pereda, Jhonny",perej004,4,1,1B,2B,0,walk,8,7,6
2025-05-10,ATH202505100,ATH,"Wilson, Jacob",wilsj006,5,1,1B+2B,2B+3B,0,walk,8,7,6
2025-05-10,ATH202505100,ATH,"Rooker, Brent",rookb001,5,1,1B+2B+3B,1B+2B+3B,1,strikeout,8,7,6
2025-05-10,ATH202505100,ATH,"Soderstrom, Tyler",sodet001,5,2,1B+2B+3B,1B+2B+3B,1,single,8,7,6
2025-05-10,ATH202505100,ATH,"Langeliers, Shea",langs001,5,2,1B+2B,1B+2B,1,double,8,9,6
2025-05-10,ATH202505100,ATH,"Schuemann, Max",schum002,1,2,2B,2B,1,strikeout,8,11,6
2025-05-11,ATH202505110,ATH,"Wilson, Jacob",wilsj006,1,0,empty,empty,1,field_out,1,0,0
2025-05-11,ATH202505110,ATH,"Rooker, Brent",rookb001,1,1,empty,empty,1,field_out,1,0,0
2025-05-11,ATH202505110,ATH,"Soderstrom, Tyler",sodet001,1,2,empty,empty,1,field_out,1,0,0
2025-05-11,ATH202505110,ATH,"Langeliers, Shea",langs001,1,0,empty,empty,1,single,2,0,5
2025-05-11,ATH202505110,ATH,"Andujar, Miguel",andum001,1,0,1B,1B,1,grounded_into_double_play,2,0,5
2025-05-11,ATH202505110,ATH,"Kurtz, Nick",kurtn001,1,2,empty,empty,1,field_out,2,0,5
2025-05-11,ATH202505110,ATH,"Urias, Luis",urial001,1,0,empty,empty,1,field_out,3,0,6
2025-05-11,ATH202505110,ATH,"Bleday, JJ",bledj001,1,1,empty,empty,1,field_out,3,0,6
2025-05-11,ATH202505110,ATH,"Urshela, Gio",urshg001,1,2,empty,empty,1,walk,3,0,6
2025-05-11,ATH202505110,ATH,"Wilson, Jacob",wilsj006,2,2,1B,1B,1,strikeout,3,0,6
2025-05-11,ATH202505110,ATH,"Rooker, Brent",rookb001,2,0,empty,empty,1,single,4,0,6
2025-05-11,ATH202505110,ATH,"Soderstrom, Tyler",sodet001,2,0,1B,1B,1,single,4,0,6
2025-05-11,ATH202505110,ATH,"Langeliers, Shea",langs001,2,0,1B+2B,1B+2B,1,field_out,4,0,6
2025-05-11,ATH202505110,ATH,"Andujar, Miguel",andum001,2,1,1B+3B,1B+3B,1,single,4,0,6
2025-05-11,ATH202505110,ATH,"Kurtz, Nick",kurtn001,2,1,1B+2B,1B+2B,1,field_out,4,1,6
2025-05-11,ATH202505110,ATH,"Urias, Luis",urial001,2,2,2B+3B,2B+3B,1,field_out,4,1,6
2025-05-11,ATH202505110,ATH,"Bleday, JJ",bledj001,2,0,empty,empty,1,home_run,5,1,11
2025-05-11,ATH202505110,ATH,"Urshela, Gio",urshg001,2,0,empty,empty,1,single,5,2,11
2025-05-11,ATH202505110,ATH,"Wilson, Jacob",wilsj006,3,0,1B,1B,1,field_out,5,2,11
2025-05-11,ATH202505110,ATH,"Rooker, Brent",rookb001,3,1,1B,1B,1,strikeout,5,2,11
2025-05-11,ATH202505110,ATH,"Soderstrom, Tyler",sodet001,3,2,1B,1B,1,field_out,5,2,11
2025-05-11,ATH202505110,ATH,"Langeliers, Shea",langs001,3,0,empty,empty,1,field_out,6,2,11
2025-05-11,ATH202505110,ATH,"Andujar, Miguel",andum001,3,1,empty,empty,1,field_out,6,2,11
2025-05-11,ATH202505110,ATH,"Kurtz, Nick",kurtn001,3,2,empty,empty,1,strikeout,6,2,11
2025-05-11,ATH202505110,ATH,"Urias, Luis",urial001,3,0,empty,empty,1,walk,7,2,12
2025-05-11,ATH202505110,ATH,"Bleday, JJ",bledj001,3,0,1B,1B,1,field_out,7,2,12
2025-05-11,ATH202505110,ATH,"Urshela, Gio",urshg001,3,1,1B,1B,1,grounded_into_double_play,7,2,12
2025-05-11,ATH202505110,ATH,"Wilson, Jacob",wilsj006,4,0,empty,empty,1,field_out,8,2,12
2025-05-11,ATH202505110,ATH,"Rooker, Brent",rookb001,4,1,empty,empty,1,field_out,8,2,12
2025-05-11,ATH202505110,ATH,"Brown, Seth",brows003,1,2,empty,empty,1,walk,8,2,12
2025-05-11,ATH202505110,ATH,"Langeliers, Shea",langs001,4,2,1B,1B,1,field_out,8,2,12
2025-05-11,ATH202505110,ATH,"Schuemann, Max",schum002,1,0,empty,empty,1,field_out,9,2,12
2025-05-11,ATH202505110,ATH,"Pereda, Jhonny",perej004,1,1,empty,empty,1,strikeout,9,2,12
2025-05-11,ATH202505110,ATH,"Urias, Luis",urial001,4,2,empty,empty,1,single,9,2,12
2025-05-11,ATH202505110,ATH,"Bleday, JJ",bledj001,4,2,1B,1B,1,field_out,9,2,12
2025-05-13,LAN202505130,ATH,"Wilson, Jacob",wilsj006,1,0,empty,empty,1,single,1,0,0
2025-05-13,LAN202505130,ATH,"Soderstrom, Tyler",sodet001,1,0,1B,1B,1,strikeout,1,0,0
2025-05-13,LAN202505130,ATH,"Rooker, Brent",rookb001,1,1,1B,1B,1,strikeout,1,0,0
2025-05-13,LAN202505130,ATH,"Langeliers, Shea",langs001,1,2,1B,1B,1,strikeout,1,0,0
2025-05-13,LAN202505130,ATH,"Butler, Lawrence",butll001,1,0,empty,empty,1,field_out,2,0,0
2025-05-13,LAN202505130,ATH,"Andujar, Miguel",andum001,1,1,empty,empty,1,field_out,2,0,0
2025-05-13,LAN202505130,ATH,"Bleday, JJ",bledj001,1,2,empty,empty,1,strikeout,2,0,0
2025-05-13,LAN202505130,ATH,"Urias, Luis",urial001,1,0,empty,empty,1,field_out,3,0,0
2025-05-13,LAN202505130,ATH,"Kurtz, Nick",kurtn001,1,1,empty,empty,1,double,3,0,0
2025-05-13,LAN202505130,ATH,"Wilson, Jacob",wilsj006,2,1,2B,2B,1,home_run,3,0,0
2025-05-13,LAN202505130,ATH,"Soderstrom, Tyler",sodet001,2,1,empty,empty,1,strikeout,3,2,0
2025-05-13,LAN202505130,ATH,"Rooker, Brent",rookb001,2,2,empty,empty,1,strikeout,3,2,0
2025-05-13,LAN202505130,ATH,"Langeliers, Shea",langs001,2,0,empty,empty,1,walk,4,2,1
2025-05-13,LAN202505130,ATH,"Butler, Lawrence",butll001,2,0,1B,1B,1,grounded_into_double_play,4,2,1
2025-05-13,LAN202505130,ATH,"Andujar, Miguel",andum001,2,2,empty,empty,1,single,4,2,1
2025-05-13,LAN202505130,ATH,"Bleday, JJ",bledj001,2,2,1B,1B,1,strikeout,4,2,1
2025-05-13,LAN202505130,ATH,"Urias, Luis",urial001,2,0,empty,empty,1,single,5,2,1
2025-05-13,LAN202505130,ATH,"Kurtz, Nick",kurtn001,2,0,1B,1B,1,strikeout,5,2,1
2025-05-13,LAN202505130,ATH,"Wilson, Jacob",wilsj006,3,1,1B,1B,1,home_run,5,2,1
2025-05-13,LAN202505130,ATH,"Soderstrom, Tyler",sodet001,3,1,empty,empty,1,field_out,5,4,1
2025-05-13,LAN202505130,ATH,"Rooker, Brent",rookb001,3,2,empty,empty,1,single,5,4,1
2025-05-13,LAN202505130,ATH,"Langeliers, Shea",langs001,3,2,1B,1B,1,single,5,4,1
2025-05-13,LAN202505130,ATH,"Butler, Lawrence",butll001,3,2,1B+2B,1B+2B,1,double,5,4,1
2025-05-13,LAN202505130,ATH,"Andujar, Miguel",andum001,3,2,2B,2B,1,field_out,5,6,1
2025-05-13,LAN202505130,ATH,"Bleday, JJ",bledj001,3,0,empty,empty,1,field_out,6,6,1
2025-05-13,LAN202505130,ATH,"Urias, Luis",urial001,3,1,empty,empty,1,hit_by_pitch,6,6,1
2025-05-13,LAN202505130,ATH,"Kurtz, Nick",kurtn001,3,1,1B,1B,1,field_out,6,6,1
2025-05-13,LAN202505130,ATH,"Wilson, Jacob",wilsj006,4,2,1B,1B,1,single,6,6,1
2025-05-13,LAN202505130,ATH,"Soderstrom, Tyler",sodet001,4,2,1B+2B,1B+2B,1,strikeout,6,6,1
2025-05-13,LAN202505130,ATH,"Rooker, Brent",rookb001,4,0,empty,empty,1,strikeout,7,6,1
2025-05-13,LAN202505130,ATH,"Langeliers, Shea",langs001,4,1,empty,empty,1,single,7,6,1
2025-05-13,LAN202505130,ATH,"Butler, Lawrence",butll001,4,2,1B,empty,0,double,7,6,1
2025-05-13,LAN202505130,ATH,"Andujar, Miguel",andum001,4,2,2B,2B,1,single,7,6,1
2025-05-13,LAN202505130,ATH,"Bleday, JJ",bledj001,4,2,2B,2B,1,single,7,7,1
2025-05-13,LAN202505130,ATH,"Urias, Luis",urial001,4,2,1B,1B,1,field_out,7,8,1
2025-05-13,LAN202505130,ATH,"Kurtz, Nick",kurtn001,4,0,empty,empty,1,home_run,8,8,1
2025-05-13,LAN202505130,ATH,"Wilson, Jacob",wilsj006,5,0,empty,empty,1,field_error,8,9,1
2025-05-13,LAN202505130,ATH,"Soderstrom, Tyler",sodet001,5,0,1B,1B,1,strikeout,8,9,1
2025-05-13,LAN202505130,ATH,"Rooker, Brent",rookb001,5,1,1B,1B,1,single,8,9,1
2025-05-13,LAN202505130,ATH,"Langeliers, Shea",langs001,5,1,1B+2B,1B+2B,1,grounded_into_double_play,8,9,1
2025-05-13,LAN202505130,ATH,"Butler, Lawrence",butll001,5,0,empty,empty,1,field_out,9,9,1
2025-05-13,LAN202505130,ATH,"Andujar, Miguel",andum001,5,1,empty,empty,1,home_run,9,9,1
2025-05-13,LAN202505130,ATH,"Bleday, JJ",bledj001,5,1,empty,empty,1,home_run,9,10,1
2025-05-13,LAN202505130,ATH,"Urias, Luis",urial001,5,1,empty,empty,1,field_out,9,11,1
2025-05-13,LAN202505130,ATH,"Kurtz, Nick",kurtn001,5,2,empty,empty,1,field_out,9,11,1
2025-05-14,LAN202505140,ATH,"Wilson, Jacob",wilsj006,1,0,empty,empty,1,field_out,1,0,0
2025-05-14,LAN202505140,ATH,"Soderstrom, Tyler",sodet001,1,1,empty,empty,1,strikeout,1,0,0
2025-05-14,LAN202505140,ATH,"Rooker, Brent",rookb001,1,2,empty,empty,1,strikeout,1,0,0
2025-05-14,LAN202505140,ATH,"Langeliers, Shea",langs001,1,0,empty,empty,1,single,2,0,1
2025-05-14,LAN202505140,ATH,"Butler, Lawrence",butll001,1,0,1B,1B,1,strikeout,2,0,1
2025-05-14,LAN202505140,ATH,"Andujar, Miguel",andum001,1,1,1B,1B,1,strikeout,2,0,1
2025-05-14,LAN202505140,ATH,"Bleday, JJ",bledj001,1,2,2B,2B,1,field_out,2,0,1
2025-05-14,LAN202505140,ATH,"Urias, Luis",urial001,1,0,empty,empty,1,single,3,0,2
2025-05-14,LAN202505140,ATH,"Kurtz, Nick",kurtn001,1,0,1B,1B,1,field_out,3,0,2
2025-05-14,LAN202505140,ATH,"Wilson, Jacob",wilsj006,2,1,1B,1B,1,field_out,3,0,2
2025-05-14,LAN202505140,ATH,"Soderstrom, Tyler",sodet001,2,2,1B,1B,1,home_run,3,0,2
2025-05-14,LAN202505140,ATH,"Rooker, Brent",rookb001,2,2,empty,empty,1,field_out,3,2,2
2025-05-14,LAN202505140,ATH,"Langeliers, Shea",langs001,2,0,empty,empty,1,walk,4,2,2
2025-05-14,LAN202505140,ATH,"Butler, Lawrence",butll001,2,0,1B,1B,1,strikeout,4,2,2
2025-05-14,LAN202505140,ATH,"Andujar, Miguel",andum001,2,1,1B,1B,1,double,4,2,2
2025-05-14,LAN202505140,ATH,"Bleday, JJ",bledj001,2,1,2B,2B,1,field_out,4,3,2
2025-05-14,LAN202505140,ATH,"Urias, Luis",urial001,2,2,2B,2B,1,field_out,4,3,2
2025-05-14,LAN202505140,ATH,"Kurtz, Nick",kurtn001,2,0,empty,empty,1,strikeout,5,3,2
2025-05-14,LAN202505140,ATH,"Wilson, Jacob",wilsj006,3,1,empty,empty,1,field_out,5,3,2
2025-05-14,LAN202505140,ATH,"Soderstrom, Tyler",sodet001,3,2,empty,empty,1,field_out,5,3,2
2025-05-14,LAN202505140,ATH,"Rooker, Brent",rookb001,3,0,empty,empty,1,walk,6,3,3
2025-05-14,LAN202505140,ATH,"Langeliers, Shea",langs001,3,0,1B,1B,1,field_out,6,3,3
2025-05-14,LAN202505140,ATH,"Butler, Lawrence",butll001,3,1,1B,1B,1,field_out,6,3,3
2025-05-14,LAN202505140,ATH,"Andujar, Miguel",andum001,3,2,1B,1B,1,field_out,6,3,3
2025-05-14,LAN202505140,ATH,"Bleday, JJ",bledj001,3,0,empty,empty,1,field_out,7,3,4
2025-05-14,LAN202505140,ATH,"Urias, Luis",urial001,3,1,empty,empty,1,strikeout,7,3,4
2025-05-14,LAN202505140,ATH,"Kurtz, Nick",kurtn001,3,2,empty,empty,1,field_out,7,3,4
2025-05-14,LAN202505140,ATH,"Wilson, Jacob",wilsj006,4,0,empty,empty,1,field_out,8,3,4
2025-05-14,LAN202505140,ATH,"Soderstrom, Tyler",sodet001,4,1,empty,empty,1,double,8,3,4
2025-05-14,LAN202505140,ATH,"Rooker, Brent",rookb001,4,1,2B,2B,1,field_out,8,3,4
2025-05-14,LAN202505140,ATH,"Langeliers, Shea",langs001,4,2,3B,3B,1,strikeout,8,3,4
2025-05-14,LAN202505140,ATH,"Butler, Lawrence",butll001,4,0,empty,empty,1,field_out,9,3,9
2025-05-14,LAN202505140,ATH,"Andujar, Miguel",andum001,4,1,empty,empty,1,field_out,9,3,9
2025-05-14,LAN202505140,ATH,"Bleday, JJ",bledj001,4,2,empty,empty,1,field_out,9,3,9
2025-05-15,LAN202505150,ATH,"Wilson, Jacob",wilsj006,1,0,empty,empty,1,walk,1,0,0
2025-05-15,LAN202505150,ATH,"Soderstrom, Tyler",sodet001,1,0,1B,1B,1,walk,1,0,0
2025-05-15,LAN202505150,ATH,"Brown, Seth",brows003,1,0,1B+2B,1B+2B,1,field_out,1,0,0
2025-05-15,LAN202505150,ATH,"Rooker, Brent",rookb001,1,1,1B+2B,1B+2B,1,field_out,1,0,0
2025-05-15,LAN202505150,ATH,"Langeliers, Shea",langs001,1,2,1B+2B,1B+2B,1,double,1,0,0
2025-05-15,LAN202505150,ATH,"Butler, Lawrence",butll001,1,2,2B+3B,2B+3B,1,field_out,1,1,0
2025-05-15,LAN202505150,ATH,"Urshela, Gio",urshg001,1,0,empty,empty,1,strikeout,2,1,3
2025-05-15,LAN202505150,ATH,"Kurtz, Nick",kurtn001,1,1,empty,empty,1,field_out,2,1,3
2025-05-15,LAN202505150,ATH,"Schuemann, Max",schum002,1,2,empty,empty,1,home_run,2,1,3
2025-05-15,LAN202505150,ATH,"Wilson, Jacob",wilsj006,2,2,empty,empty,1,field_out,2,2,3
2025-05-15,LAN202505150,ATH,"Soderstrom, Tyler",sodet001,2,0,empty,empty,1,field_out,3,2,6
2025-05-15,LAN202505150,ATH,"Brown, Seth",brows003,2,1,empty,empty,1,field_out,3,2,6
2025-05-15,LAN202505150,ATH,"Rooker, Brent",rookb001,2,2,empty,empty,1,strikeout,3,2,6
2025-05-15,LAN202505150,ATH,"Langeliers, Shea",langs001,2,0,empty,empty,1,field_out,4,2,13
2025-05-15,LAN202505150,ATH,"Butler, Lawrence",butll001,2,1,empty,empty,1,field_out,4,2,13
2025-05-15,LAN202505150,ATH,"Urshela, Gio",urshg001,2,2,empty,empty,1,field_out,4,2,13
2025-05-15,LAN202505150,ATH,"Kurtz, Nick",kurtn001,2,0,empty,empty,1,strikeout,5,2,15
2025-05-15,LAN202505150,ATH,"Schuemann, Max",schum002,2,1,empty,empty,1,walk,5,2,15
2025-05-15,LAN202505150,ATH,"Wilson, Jacob",wilsj006,3,1,1B,1B,1,grounded_into_double_play,5,2,15
2025-05-15,LAN202505150,ATH,"Soderstrom, Tyler",sodet001,3,0,empty,empty,1,field_out,6,2,15
2025-05-15,LAN202505150,ATH,"Brown, Seth",brows003,3,1,empty,empty,1,strikeout,6,2,15
2025-05-15,LAN202505150,ATH,"Rooker, Brent",rookb001,3,2,empty,empty,1,field_out,6,2,15
2025-05-15,LAN202505150,ATH,"Langeliers, Shea",langs001,3,0,empty,empty,1,single,7,2,16
2025-05-15,LAN202505150,ATH,"Butler, Lawrence",butll001,3,0,1B,1B,1,strikeout,7,2,16
2025-05-15,LAN202505150,ATH,"Urshela, Gio",urshg001,3,1,1B,1B,1,grounded_into_double_play,7,2,16
2025-05-15,LAN202505150,ATH,"Kurtz, Nick",kurtn001,3,0,empty,empty,1,strikeout,8,2,16
2025-05-15,LAN202505150,ATH,"Schuemann, Max",schum002,3,1,empty,empty,1,field_out,8,2,16
2025-05-15,LAN202505150,ATH,"Wilson, Jacob",wilsj006,4,2,empty,empty,1,field_out,8,2,16
2025-05-15,LAN202505150,ATH,"Soderstrom, Tyler",sodet001,4,0,empty,empty,1,strikeout,9,2,19
2025-05-15,LAN202505150,ATH,"Brown, Seth",brows003,4,1,empty,empty,1,field_out,9,2,19
2025-05-15,LAN202505150,ATH,"Pereda, Jhonny",perej004,1,2,empty,empty,1,field_out,9,2,19
2025-05-16,SFN202505160,ATH,"Wilson, Jacob",wilsj006,1,0,empty,empty,1,strikeout,1,0,0
2025-05-16,SFN202505160,ATH,"Soderstrom, Tyler",sodet001,1,1,empty,empty,1,field_out,1,0,0
2025-05-16,SFN202505160,ATH,"Rooker, Brent",rookb001,1,2,empty,empty,1,field_out,1,0,0
2025-05-16,SFN202505160,ATH,"Langeliers, Shea",langs001,1,0,empty,empty,1,walk,2,0,0
2025-05-16,SFN202505160,ATH,"Butler, Lawrence",butll001,1,0,1B,1B,1,field_out,2,0,0
2025-05-16,SFN202505160,ATH,"Andujar, Miguel",andum001,1,1,2B,2B,1,field_out,2,0,0
2025-05-16,SFN202505160,ATH,"Bleday, JJ",bledj001,1,2,3B,3B,1,field_out,2,0,0
2025-05-16,SFN202505160,ATH,"Kurtz, Nick",kurtn001,1,0,empty,empty,1,field_out,3,0,0
2025-05-16,SFN202505160,ATH,"Urias, Luis",urial001,1,1,empty,empty,1,double,3,0,0
2025-05-16,SFN202505160,ATH,"Wilson, Jacob",wilsj006,2,1,2B,2B,1,field_out,3,0,0
2025-05-16,SFN202505160,ATH,"Soderstrom, Tyler",sodet001,2,2,3B,3B,1,field_out,3,0,0
2025-05-16,SFN202505160,ATH,"Rooker, Brent",rookb001,2,0,empty,empty,1,field_out,4,0,4
2025-05-16,SFN202505160,ATH,"Langeliers, Shea",langs001,2,1,empty,empty,1,field_out,4,0,4
2025-05-16,SFN202505160,ATH,"Butler, Lawrence",butll001,2,2,empty,empty,1,strikeout,4,0,4
2025-05-16,SFN202505160,ATH,"Andujar, Miguel",andum001,2,0,empty,empty,1,single,5,0,4
2025-05-16,SFN202505160,ATH,"Bleday, JJ",bledj001,2,0,1B,1B,1,strikeout,5,0,4
2025-05-16,SFN202505160,ATH,"Kurtz, Nick",kurtn001,2,1,1B,1B,1,walk,5,0,4
2025-05-16,SFN202505160,ATH,"Urias, Luis",urial001,2,1,1B+2B,1B+2B,1,field_out,5,0,4
2025-05-16,SFN202505160,ATH,"Wilson, Jacob",wilsj006,3,2,1B+3B,1B+3B,1,field_out,5,0,4
2025-05-16,SFN202505160,ATH,"Soderstrom, Tyler",sodet001,3,0,empty,empty,1,field_out,6,0,4
2025-05-16,SFN202505160,ATH,"Rooker, Brent",rookb001,3,1,empty,empty,1,field_out,6,0,4
2025-05-16,SFN202505160,ATH,"Langeliers, Shea",langs001,3,2,empty,empty,1,strikeout,6,0,4
2025-05-16,SFN202505160,ATH,"Butler, Lawrence",butll001,3,0,empty,empty,1,field_out,7,0,7
2025-05-16,SFN202505160,ATH,"Andujar, Miguel",andum001,3,1,empty,empty,1,field_out,7,0,7
2025-05-16,SFN202505160,ATH,"Bleday, JJ",bledj001,3,2,empty,empty,1,field_out,7,0,7
2025-05-16,SFN202505160,ATH,"Kurtz, Nick",kurtn001,3,0,empty,empty,1,field_out,8,0,7
2025-05-16,SFN202505160,ATH,"Urias, Luis",urial001,3,1,empty,empty,1,single,8,0,7
2025-05-16,SFN202505160,ATH,"Schuemann, Max",schum002,1,1,1B,1B,1,single,8,0,7
2025-05-16,SFN202505160,ATH,"Soderstrom, Tyler",sodet001,4,1,1B+2B,1B+2B,1,single,8,0,7
2025-05-16,SFN202505160,ATH,"Rooker, Brent",rookb001,4,1,1B+2B,1B+2B,1,grounded_into_double_play,8,1,7
2025-05-16,SFN202505160,ATH,"Pereda, Jhonny",perej004,1,0,empty,empty,1,strikeout,9,1,9
2025-05-16,SFN202505160,ATH,"Butler, Lawrence",butll001,4,1,empty,empty,1,strikeout,9,1,9
2025-05-16,SFN202505160,ATH,"Andujar, Miguel",andum001,4,2,empty,empty,1,strikeout,9,1,9
2025-05-17,SFN202505170,ATH,"Wilson, Jacob",wilsj006,1,0,empty,empty,1,field_out,1,0,0
2025-05-17,SFN202505170,ATH,"Rooker, Brent",rookb001,1,1,empty,empty,1,field_out,1,0,0
2025-05-17,SFN202505170,ATH,"Soderstrom, Tyler",sodet001,1,2,empty,empty,1,double,1,0,0
2025-05-17,SFN202505170,ATH,"Langeliers, Shea",langs001,1,2,2B,2B,1,field_out,1,0,0
2025-05-17,SFN202505170,ATH,"Andujar, Miguel",andum001,1,0,empty,empty,1,single,2,0,0
2025-05-17,SFN202505170,ATH,"Butler, Lawrence",butll001,1,0,1B,1B,1,walk,2,0,0
2025-05-17,SFN202505170,ATH,"Urias, Luis",urial001,1,0,1B+2B,1B+2B,1,field_out,2,0,0
2025-05-17,SFN202505170,ATH,"Bleday, JJ",bledj001,1,1,1B+3B,1B+3B,1,strikeout,2,0,0
2025-05-17,SFN202505170,ATH,"Kurtz, Nick",kurtn001,1,2,1B+3B,1B+3B,1,field_out,2,0,0
2025-05-17,SFN202505170,ATH,"Wilson, Jacob",wilsj006,2,0,empty,empty,1,field_out,3,0,0
2025-05-17,SFN202505170,ATH,"Rooker, Brent",rookb001,2,1,empty,empty,1,single,3,0,0
2025-05-17,SFN202505170,ATH,"Soderstrom, Tyler",sodet001,2,1,1B,1B,1,strikeout,3,0,0
2025-05-17,SFN202505170,ATH,"Langeliers, Shea",langs001,2,2,1B,1B,1,strikeout,3,0,0
2025-05-17,SFN202505170,ATH,"Andujar, Miguel",andum001,2,0,empty,empty,1,field_out,4,0,0
2025-05-17,SFN202505170,ATH,"Butler, Lawrence",butll001,2,1,empty,empty,1,double,4,0,0
2025-05-17,SFN202505170,ATH,"Urias, Luis",urial001,2,1,2B,2B,1,single,4,0,0
2025-05-17,SFN202505170,ATH,"Bleday, JJ",bledj001,2,1,1B+3B,1B+3B,1,field_out,4,0,0
2025-05-17,SFN202505170,ATH,"Kurtz, Nick",kurtn001,2,2,1B+3B,2B+3B,0,strikeout,4,0,0
2025-05-17,SFN202505170,ATH,"Wilson, Jacob",wilsj006,3,0,empty,empty,1,field_out,5,0,0
2025-05-17,SFN202505170,ATH,"Rooker, Brent",rookb001,3,1,empty,empty,1,field_out,5,0,0
2025-05-17,SFN202505170,ATH,"Soderstrom, Tyler",sodet001,3,2,empty,empty,1,field_out,5,0,0
2025-05-17,SFN202505170,ATH,"Langeliers, Shea",langs001,3,0,empty,empty,1,field_out,6,0,0
2025-05-17,SFN202505170,ATH,"Andujar, Miguel",andum001,3,1,empty,empty,1,field_out,6,0,0
2025-05-17,SFN202505170,ATH,"Butler, Lawrence",butll001,3,2,empty,empty,1,walk,6,0,0
2025-05-17,SFN202505170,ATH,"Urias, Luis",urial001,3,2,1B,1B,1,strikeout,6,0,0
2025-05-17,SFN202505170,ATH,"Bleday, JJ",bledj001,3,0,empty,empty,1,field_out,7,0,0
2025-05-17,SFN202505170,ATH,"Kurtz, Nick",kurtn001,3,1,empty,empty,1,strikeout,7,0,0
2025-05-17,SFN202505170,ATH,"Wilson, Jacob",wilsj006,4,2,empty,empty,1,field_out,7,0,0
2025-05-17,SFN202505170,ATH,"Rooker, Brent",rookb001,4,0,empty,empty,1,field_out,8,0,0
2025-05-17,SFN202505170,ATH,"Soderstrom, Tyler",sodet001,4,1,empty,empty,1,field_out,8,0,0
2025-05-17,SFN202505170,ATH,"Langeliers, Shea",langs001,4,2,empty,empty,1,field_out,8,0,0
2025-05-17,SFN202505170,ATH,"Andujar, Miguel",andum001,4,0,empty,empty,1,field_out,9,0,0
2025-05-17,SFN202505170,ATH,"Butler, Lawrence",butll001,4,1,empty,empty,1,field_out,9,0,0
2025-05-17,SFN202505170,ATH,"Urias, Luis",urial001,4,2,empty,empty,1,field_out,9,0,0
2025-05-17,SFN202505170,ATH,"Bleday, JJ",bledj001,4,0,2B,2B,1,strikeout,10,0,0
2025-05-17,SFN202505170,ATH,"Kurtz, Nick",kurtn001,4,1,2B,2B,1,field_out,10,0,0
2025-05-17,SFN202505170,ATH,"Wilson, Jacob",wilsj006,5,2,3B,3B,1,walk,10,0,0
2025-05-17,SFN202505170,ATH,"Rooker, Brent",rookb001,5,2,1B+3B,1B+3B,1,strikeout,10,0,0
2025-05-18,SFN202505180,ATH,"Butler, Lawrence",butll001,1,0,empty,empty,1,field_out,1,0,0
2025-05-18,SFN202505180,ATH,"Wilson, Jacob",wilsj006,1,1,empty,empty,1,double,1,0,0
2025-05-18,SFN202505180,ATH,"Soderstrom, Tyler",sodet001,1,1,2B,2B,1,field_out,1,0,0
2025-05-18,SFN202505180,ATH,"Rooker, Brent",rookb001,1,2,3B,3B,1,walk,1,0,0
2025-05-18,SFN202505180,ATH,"Langeliers, Shea",langs001,1,2,1B+3B,1B+3B,1,walk,1,0,0
2025-05-18,SFN202505180,ATH,"Kurtz, Nick",kurtn001,1,2,1B+2B+3B,1B+2B+3B,1,field_out,1,0,0
2025-05-18,SFN202505180,ATH,"Urias, Luis",urial001,1,0,empty,empty,1,strikeout,2,0,1
2025-05-18,SFN202505180,ATH,"Schuemann, Max",schum002,1,1,empty,empty,1,walk,2,0,1
2025-05-18,SFN202505180,ATH,"Pereda, Jhonny",perej004,1,1,1B,1B,1,field_out,2,0,1
2025-05-18,SFN202505180,ATH,"Butler, Lawrence",butll001,2,2,2B,2B,1,field_out,2,0,1
2025-05-18,SFN202505180,ATH,"Wilson, Jacob",wilsj006,2,0,empty,empty,1,field_out,3,0,1
2025-05-18,SFN202505180,ATH,"Soderstrom, Tyler",sodet001,2,1,empty,empty,1,field_out,3,0,1
2025-05-18,SFN202505180,ATH,"Rooker, Brent",rookb001,2,2,empty,empty,1,field_out,3,0,1
2025-05-18,SFN202505180,ATH,"Langeliers, Shea",langs001,2,0,empty,empty,1,field_out,4,0,1
2025-05-18,SFN202505180,ATH,"Kurtz, Nick",kurtn001,2,1,empty,empty,1,field_out,4,0,1
2025-05-18,SFN202505180,ATH,"Urias, Luis",urial001,2,2,empty,empty,1,double,4,0,1
2025-05-18,SFN202505180,ATH,"Schuemann, Max",schum002,2,2,2B,2B,1,walk,4,0,1
2025-05-18,SFN202505180,ATH,"Pereda, Jhonny",perej004,2,2,1B+2B,1B+2B,1,walk,4,0,1
2025-05-18,SFN202505180,ATH,"Butler, Lawrence",butll001,3,2,1B+2B+3B,1B+2B+3B,1,single,4,0,1
2025-05-18,SFN202505180,ATH,"Wilson, Jacob",wilsj006,3,2,1B+3B,1B+3B,1,field_out,4,2,1
2025-05-18,SFN202505180,ATH,"Soderstrom, Tyler",sodet001,3,0,empty,empty,1,field_out,5,2,1
2025-05-18,SFN202505180,ATH,"Rooker, Brent",rookb001,3,1,empty,empty,1,field_out,5,2,1
2025-05-18,SFN202505180,ATH,"Langeliers, Shea",langs001,3,2,empty,empty,1,field_out,5,2,1
2025-05-18,SFN202505180,ATH,"Kurtz, Nick",kurtn001,3,0,empty,empty,1,strikeout,6,2,1
2025-05-18,SFN202505180,ATH,"Urias, Luis",urial001,3,1,empty,empty,1,field_out,6,2,1
2025-05-18,SFN202505180,ATH,"Schuemann, Max",schum002,3,2,empty,empty,1,field_out,6,2,1
2025-05-18,SFN202505180,ATH,"Pereda, Jhonny",perej004,3,0,empty,empty,1,field_out,7,2,1
2025-05-18,SFN202505180,ATH,"Butler, Lawrence",butll001,4,1,empty,empty,1,strikeout,7,2,1
2025-05-18,SFN202505180,ATH,"Wilson, Jacob",wilsj006,4,2,empty,empty,1,single,7,2,1
2025-05-18,SFN202505180,ATH,"Soderstrom, Tyler",sodet001,4,2,1B,2B,0,strikeout,7,2,1
2025-05-18,SFN202505180,ATH,"Rooker, Brent",rookb001,4,0,empty,empty,1,field_out,8,2,1
2025-05-18,SFN202505180,ATH,"Langeliers, Shea",langs001,4,1,empty,empty,1,field_out,8,2,1
2025-05-18,SFN202505180,ATH,"Kurtz, Nick",kurtn001,4,2,empty,empty,1,field_out,8,2,1
2025-05-18,SFN202505180,ATH,"Urias, Luis",urial001,4,0,empty,empty,1,field_out,9,2,3
2025-05-18,SFN202505180,ATH,"Brown, Seth",brows003,1,1,empty,empty,1,field_out,9,2,3
2025-05-18,SFN202505180,ATH,"Bleday, JJ",bledj001,1,2,empty,empty,1,strikeout,9,2,3
2025-05-19,ATH202505190,ATH,"Butler, Lawrence",butll001,1,0,empty,empty,1,double,1,0,1
2025-05-19,ATH202505190,ATH,"Wilson, Jacob",wilsj006,1,0,2B,2B,1,walk,1,0,1
2025-05-19,ATH202505190,ATH,"Soderstrom, Tyler",sodet001,1,0,1B+2B,1B+2B,1,hit_by_pitch,1,0,1
2025-05-19,ATH202505190,ATH,"Rooker, Brent",rookb001,1,0,1B+2B+3B,1B+2B+3B,1,grounded_into_double_play,1,0,1
2025-05-19,ATH202505190,ATH,"Langeliers, Shea",langs001,1,2,3B,3B,1,single,1,1,1
2025-05-19,ATH202505190,ATH,"Kurtz, Nick",kurtn001,1,2,1B,2B,0,field_out,1,2,1
2025-05-19,ATH202505190,ATH,"Urias, Luis",urial001,1,0,empty,empty,1,field_out,2,2,1
2025-05-19,ATH202505190,ATH,"Bleday, JJ",bledj001,1,1,empty,empty,1,single,2,2,1
2025-05-19,ATH202505190,ATH,"Urshela, Gio",urshg001,1,1,1B,1B,1,strikeout,2,2,1
2025-05-19,ATH202505190,ATH,"Butler, Lawrence",butll001,2,0,1B,empty,0,walk,3,2,4
2025-05-19,ATH202505190,ATH,"Wilson, Jacob",wilsj006,2,0,1B,1B,1,single,3,2,4
2025-05-19,ATH202505190,ATH,"Soderstrom, Tyler",sodet001,2,0,1B+2B,1B+2B,1,strikeout,3,2,4
2025-05-19,ATH202505190,ATH,"Rooker, Brent",rookb001,2,1,1B+2B,2B+3B,0,walk,3,2,4
2025-05-19,ATH202505190,ATH,"Langeliers, Shea",langs001,2,1,1B+2B+3B,1B+2B+3B,1,strikeout,3,2,4
2025-05-19,ATH202505190,ATH,"Kurtz, Nick",kurtn001,2,2,1B+2B+3B,1B+2B+3B,1,strikeout,3,2,4
2025-05-19,ATH202505190,ATH,"Urias, Luis",urial001,2,0,empty,empty,1,field_out,4,2,4
2025-05-19,ATH202505190,ATH,"Bleday, JJ",bledj001,2,1,empty,empty,1,field_out,4,2,4
2025-05-19,ATH202505190,ATH,"Urshela, Gio",urshg001,2,2,empty,empty,1,field_out,4,2,4
2025-05-19,ATH202505190,ATH,"Butler, Lawrence",butll001,3,0,empty,empty,1,field_out,5,2,4
2025-05-19,ATH202505190,ATH,"Wilson, Jacob",wilsj006,3,1,empty,empty,1,field_out,5,2,4
2025-05-19,ATH202505190,ATH,"Soderstrom, Tyler",sodet001,3,2,empty,empty,1,double,5,2,4
2025-05-19,ATH202505190,ATH,"Rooker, Brent",rookb001,3,2,2B,2B,1,single,5,2,4
2025-05-19,ATH202505190,ATH,"Langeliers, Shea",langs001,3,2,1B,1B,1,field_out,5,3,4
2025-05-19,ATH202505190,ATH,"Kurtz, Nick",kurtn001,3,0,empty,empty,1,field_out,6,3,4
2025-05-19,ATH202505190,ATH,"Urias, Luis",urial001,3,1,empty,empty,1,catcher_interf,6,3,4
2025-05-19,ATH202505190,ATH,"Bleday, JJ",bledj001,3,1,1B,1B,1,walk,6,3,4
2025-05-19,ATH202505190,ATH,"Urshela, Gio",urshg001,3,1,1B+2B,1B+2B,1,field_out,6,3,4
2025-05-19,ATH202505190,ATH,"Butler, Lawrence",butll001,4,2,1B+2B,1B+2B,1,field_out,6,3,4
2025-05-19,ATH202505190,ATH,"Wilson, Jacob",wilsj006,4,0,empty,empty,1,hit_by_pitch,7,3,4
2025-05-19,ATH202505190,ATH,"Soderstrom, Tyler",sodet001,4,0,1B,1B,1,grounded_into_double_play,7,3,4
2025-05-19,ATH202505190,ATH,"Rooker, Brent",rookb001,4,2,empty,empty,1,walk,7,3,4
2025-05-19,ATH202505190,ATH,"Langeliers, Shea",langs001,4,2,1B,1B,1,field_out,7,3,4
2025-05-19,ATH202505190,ATH,"Kurtz, Nick",kurtn001,4,0,empty,empty,1,field_out,8,3,4
2025-05-19,ATH202505190,ATH,"Urias, Luis",urial001,4,1,empty,empty,1,field_out,8,3,4
2025-05-19,ATH202505190,ATH,"Bleday, JJ",bledj001,4,2,empty,empty,1,strikeout,8,3,4
2025-05-19,ATH202505190,ATH,"Brown, Seth",brows003,1,0,empty,empty,1,field_out,9,3,4
2025-05-19,ATH202505190,ATH,"Butler, Lawrence",butll001,5,1,empty,empty,1,field_out,9,3,4
2025-05-19,ATH202505190,ATH,"Wilson, Jacob",wilsj006,5,2,empty,empty,1,single,9,3,4
2025-05-19,ATH202505190,ATH,"Soderstrom, Tyler",sodet001,5,2,1B,2B,0,strikeout,9,3,4
2025-05-20,ATH202505200,ATH,"Butler, Lawrence",butll001,1,0,empty,empty,1,field_out,1,0,0
2025-05-20,ATH202505200,ATH,"Wilson, Jacob",wilsj006,1,1,empty,empty,1,field_out,1,0,0
2025-05-20,ATH202505200,ATH,"Soderstrom, Tyler",sodet001,1,2,empty,empty,1,field_out,1,0,0
2025-05-20,ATH202505200,ATH,"Rooker, Brent",rookb001,1,0,empty,empty,1,strikeout,2,0,0
2025-05-20,ATH202505200,ATH,"Langeliers, Shea",langs001,1,1,empty,empty,1,single,2,0,0
2025-05-20,ATH202505200,ATH,"Andujar, Miguel",andum001,1,1,1B,1B,1,field_out,2,0,0
2025-05-20,ATH202505200,ATH,"Kurtz, Nick",kurtn001,1,2,1B,1B,1,single,2,0,0
2025-05-20,ATH202505200,ATH,"Urias, Luis",urial001,1,2,1B+3B,1B+3B,1,single,2,0,0
2025-05-20,ATH202505200,ATH,"Bleday, JJ",bledj001,1,2,1B+2B,1B+2B,1,field_out,2,1,0
2025-05-20,ATH202505200,ATH,"Butler, Lawrence",butll001,2,0,empty,empty,1,double,3,1,0
2025-05-20,ATH202505200,ATH,"Wilson, Jacob",wilsj006,2,0,2B,2B,1,hit_by_pitch,3,1,0
2025-05-20,ATH202505200,ATH,"Soderstrom, Tyler",sodet001,2,0,1B+2B,1B+2B,1,grounded_into_double_play,3,1,0
2025-05-20,ATH202505200,ATH,"Rooker, Brent",rookb001,2,2,3B,3B,1,field_out,3,1,0
2025-05-20,ATH202505200,ATH,"Langeliers, Shea",langs001,2,0,empty,empty,1,home_run,4,1,1
2025-05-20,ATH202505200,ATH,"Andujar, Miguel",andum001,2,0,empty,empty,1,double,4,2,1
2025-05-20,ATH202505200,ATH,"Kurtz, Nick",kurtn001,2,0,2B,2B,1,home_run,4,2,1
2025-05-20,ATH202505200,ATH,"Urias, Luis",urial001,2,0,empty,empty,1,strikeout,4,4,1
2025-05-20,ATH202505200,ATH,"Bleday, JJ",bledj001,2,1,empty,empty,1,field_out,4,4,1
2025-05-20,ATH202505200,ATH,"Butler, Lawrence",butll001,3,2,empty,empty,1,strikeout,4,4,1
2025-05-20,ATH202505200,ATH,"Schuemann, Max",schum002,1,0,empty,empty,1,field_out,5,4,5
2025-05-20,ATH202505200,ATH,"Soderstrom, Tyler",sodet001,3,1,empty,empty,1,field_out,5,4,5
2025-05-20,ATH202505200,ATH,"Rooker, Brent",rookb001,3,2,empty,empty,1,single,5,4,5
2025-05-20,ATH202505200,ATH,"Langeliers, Shea",langs001,3,2,1B,1B,1,field_out,5,4,5
2025-05-20,ATH202505200,ATH,"Andujar, Miguel",andum001,3,0,empty,empty,1,double,6,4,5
2025-05-20,ATH202505200,ATH,"Kurtz, Nick",kurtn001,3,0,2B,2B,1,field_out,6,4,5
2025-05-20,ATH202505200,ATH,"Urias, Luis",urial001,3,1,2B,2B,1,field_out,6,4,5
2025-05-20,ATH202505200,ATH,"Bleday, JJ",bledj001,3,2,2B,2B,1,field_out,6,4,5
2025-05-20,ATH202505200,ATH,"Butler, Lawrence",butll001,4,0,empty,empty,1,field_out,7,4,5
2025-05-20,ATH202505200,ATH,"Schuemann, Max",schum002,2,1,empty,empty,1,strikeout,7,4,5
2025-05-20,ATH202505200,ATH,"Soderstrom, Tyler",sodet001,4,2,empty,empty,1,single,7,4,5
2025-05-20,ATH202505200,ATH,"Rooker, Brent",rookb001,4,2,2B,2B,1,field_out,7,4,5
2025-05-20,ATH202505200,ATH,"Langeliers, Shea",langs001,4,0,empty,empty,1,field_out,8,4,5
2025-05-20,ATH202505200,ATH,"Andujar, Miguel",andum001,4,1,empty,empty,1,field_out,8,4,5
2025-05-20,ATH202505200,ATH,"Kurtz, Nick",kurtn001,4,2,empty,empty,1,field_out,8,4,5
2025-05-20,ATH202505200,ATH,"Urias, Luis",urial001,4,0,empty,empty,1,strikeout,9,4,7
2025-05-20,ATH202505200,ATH,"Bleday, JJ",bledj001,4,1,empty,empty,1,field_out,9,4,7
2025-05-20,ATH202505200,ATH,"Butler, Lawrence",butll001,5,2,empty,empty,1,single,9,4,7
2025-05-20,ATH202505200,ATH,"Brown, Seth",brows003,1,2,1B,3B,0,single,9,4,7
2025-05-20,ATH202505200,ATH,"Soderstrom, Tyler",sodet001,5,2,1B,1B,1,strikeout,9,5,7
2025-05-21,ATH202505210,ATH,"Butler, Lawrence",butll001,1,0,empty,empty,1,field_out,1,0,0
2025-05-21,ATH202505210,ATH,"Langeliers, Shea",langs001,1,1,empty,empty,1,walk,1,0,0
2025-05-21,ATH202505210,ATH,"Soderstrom, Tyler",sodet001,1,1,1B,1B,1,walk,1,0,0
2025-05-21,ATH202505210,ATH,"Rooker, Brent",rookb001,1,1,1B+2B,1B+2B,1,field_out,1,0,0
2025-05-21,ATH202505210,ATH,"Andujar, Miguel",andum001,1,2,1B+2B,1B+2B,1,walk,1,0,0
2025-05-21,ATH202505210,ATH,"Kurtz, Nick",kurtn001,1,2,1B+2B+3B,1B+2B+3B,1,strikeout,1,0,0
2025-05-21,ATH202505210,ATH,"Urias, Luis",urial001,1,0,empty,empty,1,field_out,2,0,2
2025-05-21,ATH202505210,ATH,"Brown, Seth",brows003,1,1,empty,empty,1,single,2,0,2
2025-05-21,ATH202505210,ATH,"Schuemann, Max",schum002,1,1,1B,1B,1,single,2,0,2
2025-05-21,ATH202505210,ATH,"Butler, Lawrence",butll001,2,1,1B+3B,1B+3B,1,home_run,2,0,2
2025-05-21,ATH202505210,ATH,"Langeliers, Shea",langs001,2,1,empty,empty,1,strikeout,2,3,2
2025-05-21,ATH202505210,ATH,"Soderstrom, Tyler",sodet001,2,2,empty,empty,1,single,2,3,2
2025-05-21,ATH202505210,ATH,"Rooker, Brent",rookb001,2,2,1B,1B,1,field_error,2,3,2
2025-05-21,ATH202505210,ATH,"Andujar, Miguel",andum001,2,2,1B+3B,1B+3B,1,field_out,2,3,2
2025-05-21,ATH202505210,ATH,"Kurtz, Nick",kurtn001,2,0,empty,empty,1,strikeout,3,3,4
2025-05-21,ATH202505210,ATH,"Urias, Luis",urial001,2,1,empty,empty,1,walk,3,3,4
2025-05-21,ATH202505210,ATH,"Brown, Seth",brows003,2,1,1B,1B,1,strikeout,3,3,4
2025-05-21,ATH202505210,ATH,"Schuemann, Max",schum002,2,2,1B,1B,1,single,3,3,4
2025-05-21,ATH202505210,ATH,"Butler, Lawrence",butll001,3,2,1B+2B,1B+2B,1,strikeout,3,3,4
2025-05-21,ATH202505210,ATH,"Langeliers, Shea",langs001,3,0,empty,empty,1,field_out,4,3,6
2025-05-21,ATH202505210,ATH,"Soderstrom, Tyler",sodet001,3,1,empty,empty,1,single,4,3,6
2025-05-21,ATH202505210,ATH,"Rooker, Brent",rookb001,3,1,1B,1B,1,field_out,4,3,6
2025-05-21,ATH202505210,ATH,"Andujar, Miguel",andum001,3,2,1B,2B,0,strikeout,4,3,6
2025-05-21,ATH202505210,ATH,"Kurtz, Nick",kurtn001,3,0,empty,empty,1,home_run,5,3,6
2025-05-21,ATH202505210,ATH,"Urias, Luis",urial001,3,0,empty,empty,1,walk,5,4,6
2025-05-21,ATH202505210,ATH,"Brown, Seth",brows003,3,0,1B,1B,1,strikeout,5,4,6
2025-05-21,ATH202505210,ATH,"Schuemann, Max",schum002,3,1,1B,1B,1,single,5,4,6
2025-05-21,ATH202505210,ATH,"Butler, Lawrence",butll001,4,1,1B+2B,1B+2B,1,field_out,5,4,6
2025-05-21,ATH202505210,ATH,"Langeliers, Shea",langs001,4,2,1B+3B,2B+3B,0,field_out,5,4,6
2025-05-21,ATH202505210,ATH,"Soderstrom, Tyler",sodet001,4,0,empty,empty,1,single,6,4,6
2025-05-21,ATH202505210,ATH,"Rooker, Brent",rookb001,4,0,1B,1B,1,field_out,6,4,6
2025-05-21,ATH202505210,ATH,"Andujar, Miguel",andum001,4,1,1B,1B,1,grounded_into_double_play,6,4,6
2025-05-21,ATH202505210,ATH,"Kurtz, Nick",kurtn001,4,0,empty,empty,1,home_run,7,4,6
2025-05-21,ATH202505210,ATH,"Urias, Luis",urial001,4,0,empty,empty,1,single,7,5,6
2025-05-21,ATH202505210,ATH,"Brown, Seth",brows003,4,0,1B,1B,1,walk,7,5,6
2025-05-21,ATH202505210,ATH,"Schuemann, Max",schum002,4,0,1B+2B,1B+2B,1,field_out,7,5,6
2025-05-21,ATH202505210,ATH,"Butler, Lawrence",butll001,5,1,1B+2B,1B+2B,1,field_out,7,5,6
2025-05-21,ATH202505210,ATH,"Langeliers, Shea",langs001,5,2,1B+2B,1B+2B,1,field_out,7,5,6
2025-05-21,ATH202505210,ATH,"Soderstrom, Tyler",sodet001,5,0,empty,empty,1,strikeout,8,5,8
2025-05-21,ATH202505210,ATH,"Rooker, Brent",rookb001,5,1,empty,empty,1,field_out,8,5,8
2025-05-21,ATH202505210,ATH,"Andujar, Miguel",andum001,5,2,empty,empty,1,single,8,5,8
2025-05-21,ATH202505210,ATH,"Kurtz, Nick",kurtn001,5,2,1B,2B,0,field_out,8,5,8
2025-05-21,ATH202505210,ATH,"Urias, Luis",urial001,5,0,empty,empty,1,field_out,9,5,10
2025-05-21,ATH202505210,ATH,"Brown, Seth",brows003,5,1,empty,empty,1,field_out,9,5,10
2025-05-21,ATH202505210,ATH,"Schuemann, Max",schum002,5,2,empty,empty,1,field_out,9,5,10
2025-05-22,ATH202505220,ATH,"Schuemann, Max",schum002,1,0,empty,empty,1,field_out,1,0,0
2025-05-22,ATH202505220,ATH,"Wilson, Jacob",wilsj006,1,1,empty,empty,1,single,1,0,0
2025-05-22,ATH202505220,ATH,"Soderstrom, Tyler",sodet001,1,1,1B,1B,1,field_out,1,0,0
2025-05-22,ATH202505220,ATH,"Rooker, Brent",rookb001,1,2,1B,1B,1,home_run,1,0,0
2025-05-22,ATH202505220,ATH,"Andujar, Miguel",andum001,1,2,empty,empty,1,field_out,1,2,0
2025-05-22,ATH202505220,ATH,"Kurtz, Nick",kurtn001,1,0,empty,empty,1,field_out,2,2,0
2025-05-22,ATH202505220,ATH,"Urshela, Gio",urshg001,1,1,empty,empty,1,field_out,2,2,0
2025-05-22,ATH202505220,ATH,"Bleday, JJ",bledj001,1,2,empty,empty,1,single,2,2,0
2025-05-22,ATH202505220,ATH,"Pereda, Jhonny",perej004,1,2,1B,1B,1,walk,2,2,0
2025-05-22,ATH202505220,ATH,"Schuemann, Max",schum002,2,2,1B+2B,2B+3B,0,walk,2,2,0
2025-05-22,ATH202505220,ATH,"Wilson, Jacob",wilsj006,2,2,1B+2B+3B,1B+2B+3B,1,field_out,2,2,0
2025-05-22,ATH202505220,ATH,"Soderstrom, Tyler",sodet001,2,0,empty,empty,1,walk,3,2,0
2025-05-22,ATH202505220,ATH,"Rooker, Brent",rookb001,2,0,1B,1B,1,walk,3,2,0
2025-05-22,ATH202505220,ATH,"Andujar, Miguel",andum001,2,0,1B+2B,1B+2B,1,field_out,3,2,0
2025-05-22,ATH202505220,ATH,"Kurtz, Nick",kurtn001,2,1,1B+3B,1B+3B,1,sac_fly,3,2,0
2025-05-22,ATH202505220,ATH,"Urshela, Gio",urshg001,2,2,1B,1B,1,single,3,3,0
2025-05-22,ATH202505220,ATH,"Bleday, JJ",bledj001,2,2,2B+3B,2B+3B,1,field_out,3,3,0
2025-05-22,ATH202505220,ATH,"Pereda, Jhonny",perej004,2,0,empty,empty,1,field_out,4,3,1
2025-05-22,ATH202505220,ATH,"Schuemann, Max",schum002,3,1,empty,empty,1,field_out,4,3,1
2025-05-22,ATH202505220,ATH,"Wilson, Jacob",wilsj006,3,2,empty,empty,1,field_out,4,3,1
2025-05-22,ATH202505220,ATH,"Soderstrom, Tyler",sodet001,3,0,empty,empty,1,single,5,3,2
2025-05-22,ATH202505220,ATH,"Rooker, Brent",rookb001,3,0,1B,1B,1,double,5,3,2
2025-05-22,ATH202505220,ATH,"Andujar, Miguel",andum001,3,1,2B,2B,1,single,5,3,2
2025-05-22,ATH202505220,ATH,"Kurtz, Nick",kurtn001,3,1,1B+3B,1B+3B,1,walk,5,3,2
2025-05-22,ATH202505220,ATH,"Urshela, Gio",urshg001,3,1,1B+2B+3B,1B+2B+3B,1,walk,5,3,2
2025-05-22,ATH202505220,ATH,"Bleday, JJ",bledj001,3,1,1B+2B+3B,1B+2B+3B,1,field_out,5,4,2
2025-05-22,ATH202505220,ATH,"Pereda, Jhonny",perej004,3,2,1B+2B+3B,1B+2B+3B,1,walk,5,4,2
2025-05-22,ATH202505220,ATH,"Schuemann, Max",schum002,4,2,1B+2B+3B,1B+2B+3B,1,field_out,5,5,2
2025-05-22,ATH202505220,ATH,"Wilson, Jacob",wilsj006,4,0,empty,empty,1,field_out,6,5,2
2025-05-22,ATH202505220,ATH,"Soderstrom, Tyler",sodet001,4,1,empty,empty,1,walk,6,5,2
2025-05-22,ATH202505220,ATH,"Rooker, Brent",rookb001,4,1,1B,1B,1,single,6,5,2
2025-05-22,ATH202505220,ATH,"Andujar, Miguel",andum001,4,1,1B+2B,1B+2B,1,grounded_into_double_play,6,5,2
2025-05-22,ATH202505220,ATH,"Kurtz, Nick",kurtn001,4,0,empty,empty,1,walk,7,5,7
2025-05-22,ATH202505220,ATH,"Urias, Luis",urial001,1,0,1B,1B,1,single,7,5,7
2025-05-22,ATH202505220,ATH,"Bleday, JJ",bledj001,4,0,1B+2B,1B+2B,1,grounded_into_double_play,7,5,7
2025-05-22,ATH202505220,ATH,"Langeliers, Shea",langs001,1,2,3B,3B,1,strikeout,7,5,7
2025-05-22,ATH202505220,ATH,"Schuemann, Max",schum002,5,0,empty,empty,1,walk,8,5,7
2025-05-22,ATH202505220,ATH,"Wilson, Jacob",wilsj006,5,0,1B,1B,1,single,8,5,7
2025-05-22,ATH202505220,ATH,"Soderstrom, Tyler",sodet001,5,0,1B+2B,1B+2B,1,grounded_into_double_play,8,5,7
2025-05-22,ATH202505220,ATH,"Rooker, Brent",rookb001,5,2,3B,3B,1,strikeout,8,5,7
2025-05-22,ATH202505220,ATH,"Andujar, Miguel",andum001,5,0,empty,empty,1,strikeout,9,5,10
2025-05-22,ATH202505220,ATH,"Kurtz, Nick",kurtn001,5,1,empty,empty,1,strikeout,9,5,10
2025-05-22,ATH202505220,ATH,"Urias, Luis",urial001,2,2,empty,empty,1,field_out,9,5,10
2025-05-23,ATH202505230,ATH,"Butler, Lawrence",butll001,1,0,empty,empty,1,field_out,1,0,1
2025-05-23,ATH202505230,ATH,"Wilson, Jacob",wilsj006,1,1,empty,empty,1,strikeout,1,0,1
2025-05-23,ATH202505230,ATH,"Soderstrom, Tyler",sodet001,1,2,empty,empty,1,strikeout,1,0,1
2025-05-23,ATH202505230,ATH,"Rooker, Brent",rookb001,1,0,empty,empty,1,strikeout,2,0,1
2025-05-23,ATH202505230,ATH,"Langeliers, Shea",langs001,1,1,empty,empty,1,strikeout,2,0,1
2025-05-23,ATH202505230,ATH,"Andujar, Miguel",andum001,1,2,empty,empty,1,single,2,0,1
2025-05-23,ATH202505230,ATH,"Kurtz, Nick",kurtn001,1,2,1B,1B,1,field_out,2,0,1
2025-05-23,ATH202505230,ATH,"Urias, Luis",urial001,1,0,empty,empty,1,double,3,0,1
2025-05-23,ATH202505230,ATH,"Clarke, Denzel",clard004,1,0,2B,2B,1,field_out,3,0,1
2025-05-23,ATH202505230,ATH,"Butler, Lawrence",butll001,2,1,2B,2B,1,field_out,3,0,1
2025-05-23,ATH202505230,ATH,"Wilson, Jacob",wilsj006,2,2,2B,2B,1,field_out,3,0,1
2025-05-23,ATH202505230,ATH,"Soderstrom, Tyler",sodet001,2,0,empty,empty,1,field_out,4,0,1
2025-05-23,ATH202505230,ATH,"Rooker, Brent",rookb001,2,1,empty,empty,1,field_out,4,0,1
2025-05-23,ATH202505230,ATH,"Langeliers, Shea",langs001,2,2,empty,empty,1,strikeout,4,0,1
2025-05-23,ATH202505230,ATH,"Andujar, Miguel",andum001,2,0,empty,empty,1,field_out,5,0,1
2025-05-23,ATH202505230,ATH,"Kurtz, Nick",kurtn001,2,1,empty,empty,1,strikeout,5,0,1
2025-05-23,ATH202505230,ATH,"Urias, Luis",urial001,2,2,empty,empty,1,field_out,5,0,1
2025-05-23,ATH202505230,ATH,"Clarke, Denzel",clard004,2,0,empty,empty,1,strikeout,6,0,1
2025-05-23,ATH202505230,ATH,"Butler, Lawrence",butll001,3,1,empty,empty,1,single,6,0,1
2025-05-23,ATH202505230,ATH,"Wilson, Jacob",wilsj006,3,1,1B,1B,1,field_out,6,0,1
2025-05-23,ATH202505230,ATH,"Soderstrom, Tyler",sodet001,3,2,2B,2B,1,strikeout,6,0,1
2025-05-23,ATH202505230,ATH,"Rooker, Brent",rookb001,3,0,empty,empty,1,field_out,7,0,1
2025-05-23,ATH202505230,ATH,"Langeliers, Shea",langs001,3,1,empty,empty,1,field_out,7,0,1
2025-05-23,ATH202505230,ATH,"Andujar, Miguel",andum001,3,2,empty,empty,1,walk,7,0,1
2025-05-23,ATH202505230,ATH,"Kurtz, Nick",kurtn001,3,2,1B,1B,1,walk,7,0,1
2025-05-23,ATH202505230,ATH,"Urias, Luis",urial001,3,2,1B+2B,1B+2B,1,strikeout,7,0,1
2025-05-23,ATH202505230,ATH,"Clarke, Denzel",clard004,3,0,empty,empty,1,strikeout,8,0,1
2025-05-23,ATH202505230,ATH,"Butler, Lawrence",butll001,4,1,empty,empty,1,double,8,0,1
2025-05-23,ATH202505230,ATH,"Wilson, Jacob",wilsj006,4,1,2B,2B,1,field_out,8,0,1
2025-05-23,ATH202505230,ATH,"Soderstrom, Tyler",sodet001,4,2,3B,3B,1,field_out,8,0,1
2025-05-23,ATH202505230,ATH,"Rooker, Brent",rookb001,4,0,empty,empty,1,single,9,0,4
2025-05-23,ATH202505230,ATH,"Langeliers, Shea",langs001,4,0,1B,1B,1,walk,9,0,4
2025-05-23,ATH202505230,ATH,"Andujar, Miguel",andum001,4,0,1B+2B,1B+2B,1,strikeout,9,0,4
2025-05-23,ATH202505230,ATH,"Kurtz, Nick",kurtn001,4,1,1B+2B,1B+2B,1,home_run,9,0,4
2025-05-23,ATH202505230,ATH,"Urias, Luis",urial001,4,1,empty,empty,1,strikeout,9,3,4
2025-05-23,ATH202505230,ATH,"Alexander, CJ",alexc001,1,2,empty,empty,1,single,9,3,4
2025-05-23,ATH202505230,ATH,"Butler, Lawrence",butll001,5,2,1B,1B,1,strikeout,9,3,4
2025-05-24,ATH202505240,ATH,"Wilson, Jacob",wilsj006,1,0,empty,empty,1,double,1,0,2
2025-05-24,ATH202505240,ATH,"Rooker, Brent",rookb001,1,0,2B,2B,1,strikeout,1,0,2
2025-05-24,ATH202505240,ATH,"Soderstrom, Tyler",sodet001,1,1,2B,2B,1,field_out,1,0,2
2025-05-24,ATH202505240,ATH,"Langeliers, Shea",langs001,1,2,3B,3B,1,strikeout,1,0,2
2025-05-24,ATH202505240,ATH,"Andujar, Miguel",andum001,1,0,empty,empty,1,single,2,0,2
2025-05-24,ATH202505240,ATH,"Urias, Luis",urial001,1,0,1B,1B,1,walk,2,0,2
2025-05-24,ATH202505240,ATH,"Schuemann, Max",schum002,1,0,1B+2B,1B+2B,1,field_out,2,0,2
2025-05-24,ATH202505240,ATH,"Kurtz, Nick",kurtn001,1,1,2B+3B,3B,0,walk,2,1,2
2025-05-24,ATH202505240,ATH,"Clarke, Denzel",clard004,1,1,1B+3B,1B+3B,1,strikeout,2,1,2
2025-05-24,ATH202505240,ATH,"Wilson, Jacob",wilsj006,2,2,1B+3B,1B+3B,1,single,2,1,2
2025-05-24,ATH202505240,ATH,"Rooker, Brent",rookb001,2,2,1B+2B,1B+2B,1,walk,2,2,2
2025-05-24,ATH202505240,ATH,"Soderstrom, Tyler",sodet001,2,2,1B+2B+3B,1B+2B+3B,1,strikeout,2,2,2
2025-05-24,ATH202505240,ATH,"Langeliers, Shea",langs001,2,0,empty,empty,1,single,3,2,2
2025-05-24,ATH202505240,ATH,"Andujar, Miguel",andum001,2,0,1B,1B,1,single,3,2,2
2025-05-24,ATH202505240,ATH,"Urias, Luis",urial001,2,0,1B+2B,1B+2B,1,strikeout,3,2,2
2025-05-24,ATH202505240,ATH,"Schuemann, Max",schum002,2,1,1B+2B,1B+2B,1,grounded_into_double_play,3,2,2
2025-05-24,ATH202505240,ATH,"Kurtz, Nick",kurtn001,2,0,empty,empty,1,single,4,2,3
2025-05-24,ATH202505240,ATH,"Clarke, Denzel",clard004,2,0,1B,1B,1,strikeout,4,2,3
2025-05-24,ATH202505240,ATH,"Wilson, Jacob",wilsj006,3,1,1B,1B,1,grounded_into_double_play,4,2,3
2025-05-24,ATH202505240,ATH,"Rooker, Brent",rookb001,3,0,empty,empty,1,field_out,5,2,3
2025-05-24,ATH202505240,ATH,"Soderstrom, Tyler",sodet001,3,1,empty,empty,1,field_out,5,2,3
2025-05-24,ATH202505240,ATH,"Langeliers, Shea",langs001,3,2,empty,empty,1,single,5,2,3
2025-05-24,ATH202505240,ATH,"Andujar, Miguel",andum001,3,2,1B,2B,0,single,5,2,3
2025-05-24,ATH202505240,ATH,"Urias, Luis",urial001,3,2,1B,1B,1,field_out,5,3,3
2025-05-24,ATH202505240,ATH,"Butler, Lawrence",butll001,1,0,empty,empty,1,double,6,3,4
2025-05-24,ATH202505240,ATH,"Kurtz, Nick",kurtn001,3,0,2B,2B,1,single,6,3,4
2025-05-24,ATH202505240,ATH,"Clarke, Denzel",clard004,3,0,1B,1B,1,strikeout,6,4,4
2025-05-24,ATH202505240,ATH,"Wilson, Jacob",wilsj006,4,1,1B,1B,1,single,6,4,4
2025-05-24,ATH202505240,ATH,"Rooker, Brent",rookb001,4,1,1B+2B,1B+2B,1,walk,6,4,4
2025-05-24,ATH202505240,ATH,"Soderstrom, Tyler",sodet001,4,1,1B+2B+3B,1B+2B+3B,1,single,6,4,4
2025-05-24,ATH202505240,ATH,"Langeliers, Shea",langs001,4,1,1B+2B+3B,1B+2B+3B,1,grounded_into_double_play,6,5,4
2025-05-24,ATH202505240,ATH,"Andujar, Miguel",andum001,4,0,empty,empty,1,field_out,7,5,5
2025-05-24,ATH202505240,ATH,"Urias, Luis",urial001,4,1,empty,empty,1,strikeout,7,5,5
2025-05-24,ATH202505240,ATH,"Butler, Lawrence",butll001,2,2,empty,empty,1,double,7,5,5
2025-05-24,ATH202505240,ATH,"Kurtz, Nick",kurtn001,4,2,2B,2B,1,intent_walk,7,5,5
2025-05-24,ATH202505240,ATH,"Alexander, CJ",alexc001,1,2,1B+2B,1B+2B,1,field_out,7,5,5
2025-05-24,ATH202505240,ATH,"Wilson, Jacob",wilsj006,5,0,empty,empty,1,field_out,8,5,5
2025-05-24,ATH202505240,ATH,"Rooker, Brent",rookb001,5,1,empty,empty,1,home_run,8,5,5
2025-05-24,ATH202505240,ATH,"Soderstrom, Tyler",sodet001,5,1,empty,empty,1,walk,8,6,5
2025-05-24,ATH202505240,ATH,"Langeliers, Shea",langs001,5,1,1B,1B,1,field_out,8,6,5
2025-05-24,ATH202505240,ATH,"Andujar, Miguel",andum001,5,2,1B,1B,1,field_out,8,6,5
2025-05-24,ATH202505240,ATH,"Urias, Luis",urial001,5,0,empty,empty,1,field_out,9,6,6
2025-05-24,ATH202505240,ATH,"Butler, Lawrence",butll001,3,1,empty,empty,1,strikeout,9,6,6
2025-05-24,ATH202505240,ATH,"Kurtz, Nick",kurtn001,5,2,empty,empty,1,strikeout,9,6,6
2025-05-24,ATH202505240,ATH,"Alexander, CJ",alexc001,2,0,2B,2B,1,single,10,6,6
2025-05-24,ATH202505240,ATH,"Wilson, Jacob",wilsj006,6,0,1B+3B,1B+3B,1,intent_walk,10,6,6
2025-05-24,ATH202505240,ATH,"Rooker, Brent",rookb001,6,0,1B+2B+3B,1B+2B+3B,1,double_play,10,6,6
2025-05-24,ATH202505240,ATH,"Soderstrom, Tyler",sodet001,6,2,2B+3B,2B+3B,1,intent_walk,10,6,6
2025-05-24,ATH202505240,ATH,"Langeliers, Shea",langs001,6,2,1B+2B+3B,1B+2B+3B,1,field_out,10,6,6
2025-05-24,ATH202505240,ATH,"Andujar, Miguel",andum001,6,0,2B,2B,1,field_out,11,6,9
2025-05-24,ATH202505240,ATH,"Urias, Luis",urial001,6,1,2B,2B,1,walk,11,6,9
2025-05-24,ATH202505240,ATH,"Butler, Lawrence",butll001,4,1,1B+2B,1B+2B,1,field_out,11,6,9
2025-05-24,ATH202505240,ATH,"Davidson, Logan",davil002,1,2,2B+3B,2B+3B,1,strikeout,11,6,9
2025-05-25,ATH202505250,ATH,"Wilson, Jacob",wilsj006,1,0,empty,empty,1,home_run,1,0,0
2025-05-25,ATH202505250,ATH,"Rooker, Brent",rookb001,1,0,empty,empty,1,single,1,1,0
2025-05-25,ATH202505250,ATH,"Soderstrom, Tyler",sodet001,1,0,1B,1B,1,strikeout,1,1,0
2025-05-25,ATH202505250,ATH,"Andujar, Miguel",andum001,1,1,1B,1B,1,single,1,1,0
2025-05-25,ATH202505250,ATH,"Urias, Luis",urial001,1,1,1B+2B,1B+2B,1,field_out,1,1,0
2025-05-25,ATH202505250,ATH,"Davidson, Logan",davil002,1,2,1B+2B,1B+2B,1,double,1,1,0
2025-05-25,ATH202505250,ATH,"Butler, Lawrence",butll001,1,2,2B,2B,1,field_out,1,3,0
2025-05-25,ATH202505250,ATH,"MacIver, Willie",maciw001,1,0,empty,empty,1,field_out,2,3,1
2025-05-25,ATH202505250,ATH,"Clarke, Denzel",clard004,1,1,empty,empty,1,field_out,2,3,1
2025-05-25,ATH202505250,ATH,"Wilson, Jacob",wilsj006,2,2,empty,empty,1,single,2,3,1
2025-05-25,ATH202505250,ATH,"Rooker, Brent",rookb001,2,2,1B,1B,1,single,2,3,1
2025-05-25,ATH202505250,ATH,"Soderstrom, Tyler",sodet001,2,2,1B+2B,1B+2B,1,strikeout,2,3,1
2025-05-25,ATH202505250,ATH,"Andujar, Miguel",andum001,2,0,empty,empty,1,field_out,3,3,2
2025-05-25,ATH202505250,ATH,"Urias, Luis",urial001,2,1,empty,empty,1,field_out,3,3,2
2025-05-25,ATH202505250,ATH,"Davidson, Logan",davil002,2,2,empty,empty,1,single,3,3,2
2025-05-25,ATH202505250,ATH,"Butler, Lawrence",butll001,2,2,1B,1B,1,field_out,3,3,2
2025-05-25,ATH202505250,ATH,"MacIver, Willie",maciw001,2,0,empty,empty,1,field_out,4,3,2
2025-05-25,ATH202505250,ATH,"Clarke, Denzel",clard004,2,1,empty,empty,1,strikeout,4,3,2
2025-05-25,ATH202505250,ATH,"Wilson, Jacob",wilsj006,3,2,empty,empty,1,walk,4,3,2
2025-05-25,ATH202505250,ATH,"Rooker, Brent",rookb001,3,2,1B,1B,1,field_out,4,3,2
2025-05-25,ATH202505250,ATH,"Soderstrom, Tyler",sodet001,3,0,empty,empty,1,strikeout,5,3,3
2025-05-25,ATH202505250,ATH,"Andujar, Miguel",andum001,3,1,empty,empty,1,strikeout,5,3,3
2025-05-25,ATH202505250,ATH,"Urias, Luis",urial001,3,2,empty,empty,1,field_out,5,3,3
2025-05-25,ATH202505250,ATH,"Davidson, Logan",davil002,3,0,empty,empty,1,strikeout,6,3,3
2025-05-25,ATH202505250,ATH,"Butler, Lawrence",butll001,3,1,empty,empty,1,strikeout,6,3,3
2025-05-25,ATH202505250,ATH,"MacIver, Willie",maciw001,3,2,empty,empty,1,strikeout,6,3,3
2025-05-25,ATH202505250,ATH,"Clarke, Denzel",clard004,3,0,empty,empty,1,strikeout,7,3,3
2025-05-25,ATH202505250,ATH,"Wilson, Jacob",wilsj006,4,1,empty,empty,1,single,7,3,3
2025-05-25,ATH202505250,ATH,"Rooker, Brent",rookb001,4,1,1B,1B,1,single,7,3,3
2025-05-25,ATH202505250,ATH,"Soderstrom, Tyler",sodet001,4,1,1B+2B,1B+2B,1,field_out,7,3,3
2025-05-25,ATH202505250,ATH,"Andujar, Miguel",andum001,4,2,1B+2B,1B+2B,1,strikeout,7,3,3
2025-05-25,ATH202505250,ATH,"Urias, Luis",urial001,4,0,empty,empty,1,field_out,8,3,4
2025-05-25,ATH202505250,ATH,"Davidson, Logan",davil002,4,1,empty,empty,1,walk,8,3,4
2025-05-25,ATH202505250,ATH,"Butler, Lawrence",butll001,4,1,1B,1B,1,triple,8,3,4
2025-05-25,ATH202505250,ATH,"MacIver, Willie",maciw001,4,1,3B,3B,1,single,8,4,4
2025-05-25,ATH202505250,ATH,"Clarke, Denzel",clard004,4,1,1B,1B,1,strikeout,8,5,4
2025-05-25,ATH202505250,ATH,"Wilson, Jacob",wilsj006,5,2,1B,1B,1,field_out,8,5,4
2025-05-27,HOU202505270,ATH,"Butler, Lawrence",butll001,1,0,empty,empty,1,single,1,0,0
2025-05-27,HOU202505270,ATH,"Wilson, Jacob",wilsj006,1,0,1B,1B,1,grounded_into_double_play,1,0,0
2025-05-27,HOU202505270,ATH,"Rooker, Brent",rookb001,1,2,empty,empty,1,strikeout,1,0,0
2025-05-27,HOU202505270,ATH,"Soderstrom, Tyler",sodet001,1,0,empty,empty,1,strikeout,2,0,0
2025-05-27,HOU202505270,ATH,"Andujar, Miguel",andum001,1,1,empty,empty,1,strikeout,2,0,0
2025-05-27,HOU202505270,ATH,"Langeliers, Shea",langs001,1,2,empty,empty,1,strikeout,2,0,0
2025-05-27,HOU202505270,ATH,"Alexander, CJ",alexc001,1,0,empty,empty,1,strikeout,3,0,4
2025-05-27,HOU202505270,ATH,"Urias, Luis",urial001,1,1,empty,empty,1,field_out,3,0,4
2025-05-27,HOU202505270,ATH,"Clarke, Denzel",clard004,1,2,empty,empty,1,strikeout,3,0,4
2025-05-27,HOU202505270,ATH,"Butler, Lawrence",butll001,2,0,empty,empty,1,home_run,4,0,7
2025-05-27,HOU202505270,ATH,"Wilson, Jacob",wilsj006,2,0,empty,empty,1,field_out,4,1,7
2025-05-27,HOU202505270,ATH,"Rooker, Brent",rookb001,2,1,empty,empty,1,field_out,4,1,7
2025-05-27,HOU202505270,ATH,"Soderstrom, Tyler",sodet001,2,2,empty,empty,1,strikeout,4,1,7
2025-05-27,HOU202505270,ATH,"Andujar, Miguel",andum001,2,0,empty,empty,1,single,5,1,9
2025-05-27,HOU202505270,ATH,"Langeliers, Shea",langs001,2,0,1B,1B,1,strikeout,5,1,9
2025-05-27,HOU202505270,ATH,"Alexander, CJ",alexc001,2,1,1B,1B,1,double_play,5,1,9
2025-05-27,HOU202505270,ATH,"Urias, Luis",urial001,2,0,empty,empty,1,field_out,6,1,9
2025-05-27,HOU202505270,ATH,"Clarke, Denzel",clard004,2,1,empty,empty,1,single,6,1,9
2025-05-27,HOU202505270,ATH,"Butler, Lawrence",butll001,3,1,1B,1B,1,single,6,1,9
2025-05-27,HOU202505270,ATH,"Wilson, Jacob",wilsj006,3,1,1B+2B,1B+2B,1,single,6,1,9
2025-05-27,HOU202505270,ATH,"Rooker, Brent",rookb001,3,1,1B+2B+3B,1B+2B+3B,1,grounded_into_double_play,6,1,9
2025-05-27,HOU202505270,ATH,"Soderstrom, Tyler",sodet001,3,0,empty,empty,1,strikeout,7,1,11
2025-05-27,HOU202505270,ATH,"Andujar, Miguel",andum001,3,1,empty,empty,1,field_out,7,1,11
2025-05-27,HOU202505270,ATH,"Langeliers, Shea",langs001,3,2,empty,empty,1,field_out,7,1,11
2025-05-27,HOU202505270,ATH,"Alexander, CJ",alexc001,3,0,empty,empty,1,field_out,8,1,11
2025-05-27,HOU202505270,ATH,"Urias, Luis",urial001,3,1,empty,empty,1,field_out,8,1,11
2025-05-27,HOU202505270,ATH,"Clarke, Denzel",clard004,3,2,empty,empty,1,field_out,8,1,11
2025-05-27,HOU202505270,ATH,"Avans, Drew",avand001,1,0,empty,empty,1,single,9,1,11
2025-05-27,HOU202505270,ATH,"Wilson, Jacob",wilsj006,4,0,1B,1B,1,field_out,9,1,11
2025-05-27,HOU202505270,ATH,"Rooker, Brent",rookb001,4,1,1B,1B,1,field_out,9,1,11
2025-05-27,HOU202505270,ATH,"Soderstrom, Tyler",sodet001,4,2,1B,1B,1,strikeout,9,1,11
2025-05-28,HOU202505280,ATH,"Butler, Lawrence",butll001,1,0,empty,empty,1,strikeout,1,0,0
2025-05-28,HOU202505280,ATH,"Wilson, Jacob",wilsj006,1,1,empty,empty,1,strikeout,1,0,0
2025-05-28,HOU202505280,ATH,"Rooker, Brent",rookb001,1,2,empty,empty,1,single,1,0,0
2025-05-28,HOU202505280,ATH,"Soderstrom, Tyler",sodet001,1,2,1B,1B,1,field_out,1,0,0
2025-05-28,HOU202505280,ATH,"Andujar, Miguel",andum001,1,0,empty,empty,1,strikeout,2,0,0
2025-05-28,HOU202505280,ATH,"Langeliers, Shea",langs001,1,1,empty,empty,1,field_out,2,0,0
2025-05-28,HOU202505280,ATH,"Alexander, CJ",alexc001,1,2,empty,empty,1,strikeout,2,0,0
2025-05-28,HOU202505280,ATH,"Urias, Luis",urial001,1,0,empty,empty,1,walk,3,0,0
2025-05-28,HOU202505280,ATH,"Clarke, Denzel",clard004,1,0,1B,1B,1,strikeout,3,0,0
2025-05-28,HOU202505280,ATH,"Butler, Lawrence",butll001,2,1,1B,1B,1,strikeout,3,0,0
2025-05-28,HOU202505280,ATH,"Wilson, Jacob",wilsj006,2,2,1B,1B,1,double,3,0,0
2025-05-28,HOU202505280,ATH,"Rooker, Brent",rookb001,2,2,2B,2B,1,double,3,1,0
2025-05-28,HOU202505280,ATH,"Soderstrom, Tyler",sodet001,2,2,2B,2B,1,field_out,3,2,0
2025-05-28,HOU202505280,ATH,"Andujar, Miguel",andum001,2,0,empty,empty,1,field_out,4,2,1
2025-05-28,HOU202505280,ATH,"Langeliers, Shea",langs001,2,1,empty,empty,1,double,4,2,1
2025-05-28,HOU202505280,ATH,"Alexander, CJ",alexc001,2,1,2B,2B,1,strikeout,4,2,1
2025-05-28,HOU202505280,ATH,"Urias, Luis",urial001,2,2,2B,2B,1,strikeout,4,2,1
2025-05-28,HOU202505280,ATH,"Clarke, Denzel",clard004,2,0,empty,empty,1,strikeout,5,2,2
2025-05-28,HOU202505280,ATH,"Butler, Lawrence",butll001,3,1,empty,empty,1,strikeout,5,2,2
2025-05-28,HOU202505280,ATH,"Wilson, Jacob",wilsj006,3,2,empty,empty,1,home_run,5,2,2
2025-05-28,HOU202505280,ATH,"Rooker, Brent",rookb001,3,2,empty,empty,1,field_out,5,3,2
2025-05-28,HOU202505280,ATH,"Soderstrom, Tyler",sodet001,3,0,empty,empty,1,strikeout,6,3,2
2025-05-28,HOU202505280,ATH,"Andujar, Miguel",andum001,3,1,empty,empty,1,field_out,6,3,2
2025-05-28,HOU202505280,ATH,"Langeliers, Shea",langs001,3,2,empty,empty,1,strikeout,6,3,2
2025-05-28,HOU202505280,ATH,"Alexander, CJ",alexc001,3,0,empty,empty,1,field_out,7,3,2
2025-05-28,HOU202505280,ATH,"Urias, Luis",urial001,3,1,empty,empty,1,double,7,3,2
2025-05-28,HOU202505280,ATH,"Clarke, Denzel",clard004,3,1,2B,2B,1,strikeout,7,3,2
2025-05-28,HOU202505280,ATH,"Butler, Lawrence",butll001,4,2,2B,2B,1,strikeout,7,3,2
2025-05-28,HOU202505280,ATH,"Wilson, Jacob",wilsj006,4,0,empty,empty,1,walk,8,3,5
2025-05-28,HOU202505280,ATH,"Rooker, Brent",rookb001,4,0,1B,1B,1,field_out,8,3,5
2025-05-28,HOU202505280,ATH,"Soderstrom, Tyler",sodet001,4,1,1B,1B,1,strikeout,8,3,5
2025-05-28,HOU202505280,ATH,"Andujar, Miguel",andum001,4,2,1B,1B,1,field_out,8,3,5
2025-05-28,HOU202505280,ATH,"Langeliers, Shea",langs001,4,0,empty,empty,1,strikeout,9,3,5
2025-05-28,HOU202505280,ATH,"Schuemann, Max",schum002,1,1,empty,empty,1,walk,9,3,5
2025-05-28,HOU202505280,ATH,"Urias, Luis",urial001,4,1,1B,1B,1,strikeout,9,3,5
2025-05-28,HOU202505280,ATH,"Clarke, Denzel",clard004,4,2,1B,1B,1,strikeout,9,3,5
2025-05-29,TOR202505290,ATH,"Butler, Lawrence",butll001,1,0,empty,empty,1,strikeout,1,0,0
2025-05-29,TOR202505290,ATH,"Wilson, Jacob",wilsj006,1,1,empty,empty,1,field_out,1,0,0
2025-05-29,TOR202505290,ATH,"Rooker, Brent",rookb001,1,2,empty,empty,1,strikeout,1,0,0
2025-05-29,TOR202505290,ATH,"Soderstrom, Tyler",sodet001,1,0,empty,empty,1,strikeout,2,0,0
2025-05-29,TOR202505290,ATH,"Langeliers, Shea",langs001,1,1,empty,empty,1,strikeout,2,0,0
2025-05-29,TOR202505290,ATH,"Andujar, Miguel",andum001,1,2,empty,empty,1,field_out,2,0,0
2025-05-29,TOR202505290,ATH,"Avans, Drew",avand001,1,0,empty,empty,1,strikeout,3,0,8
2025-05-29,TOR202505290,ATH,"Urias, Luis",urial001,1,1,empty,empty,1,strikeout,3,0,8
2025-05-29,TOR202505290,ATH,"Davidson, Logan",davil002,1,2,empty,empty,1,strikeout,3,0,8
2025-05-29,TOR202505290,ATH,"Butler, Lawrence",butll001,2,0,empty,empty,1,walk,4,0,11
2025-05-29,TOR202505290,ATH,"Wilson, Jacob",wilsj006,2,0,1B,1B,1,grounded_into_double_play,4,0,11
2025-05-29,TOR202505290,ATH,"Rooker, Brent",rookb001,2,2,empty,empty,1,double,4,0,11
2025-05-29,TOR202505290,ATH,"Soderstrom, Tyler",sodet001,2,2,2B,2B,1,strikeout,4,0,11
2025-05-29,TOR202505290,ATH,"Langeliers, Shea",langs001,2,0,empty,empty,1,field_out,5,0,11
2025-05-29,TOR202505290,ATH,"Andujar, Miguel",andum001,2,1,empty,empty,1,field_out,5,0,11
2025-05-29,TOR202505290,ATH,"Avans, Drew",avand001,2,2,empty,empty,1,field_out,5,0,11
2025-05-29,TOR202505290,ATH,"Urias, Luis",urial001,2,0,empty,empty,1,single,6,0,11
2025-05-29,TOR202505290,ATH,"Davidson, Logan",davil002,2,0,1B,1B,1,walk,6,0,11
2025-05-29,TOR202505290,ATH,"Butler, Lawrence",butll001,3,0,1B+2B,1B+2B,1,strikeout,6,0,11
2025-05-29,TOR202505290,ATH,"Wilson, Jacob",wilsj006,3,1,1B+2B,1B+2B,1,field_out,6,0,11
2025-05-29,TOR202505290,ATH,"Rooker, Brent",rookb001,3,2,1B+2B,1B+2B,1,field_out,6,0,11
2025-05-29,TOR202505290,ATH,"Clarke, Denzel",clard004,1,0,empty,empty,1,strikeout,7,0,11
2025-05-29,TOR202505290,ATH,"Langeliers, Shea",langs001,3,1,empty,empty,1,single,7,0,11
2025-05-29,TOR202505290,ATH,"Andujar, Miguel",andum001,3,1,1B,1B,1,field_out,7,0,11
2025-05-29,TOR202505290,ATH,"Avans, Drew",avand001,3,2,1B,1B,1,strikeout,7,0,11
2025-05-29,TOR202505290,ATH,"Urias, Luis",urial001,3,0,empty,empty,1,field_out,8,0,12
2025-05-29,TOR202505290,ATH,"Davidson, Logan",davil002,3,1,empty,empty,1,strikeout,8,0,12
2025-05-29,TOR202505290,ATH,"Butler, Lawrence",butll001,4,2,empty,empty,1,single,8,0,12
2025-05-29,TOR202505290,ATH,"Schuemann, Max",schum002,1,2,1B,1B,1,field_out,8,0,12
2025-05-29,TOR202505290,ATH,"MacIver, Willie",maciw001,1,0,empty,empty,1,field_out,9,0,12
2025-05-29,TOR202505290,ATH,"Clarke, Denzel",clard004,2,1,empty,empty,1,strikeout,9,0,12
2025-05-29,TOR202505290,ATH,"Langeliers, Shea",langs001,4,2,empty,empty,1,field_out,9,0,12
2025-05-30,TOR202505300,ATH,"Butler, Lawrence",butll001,1,0,empty,empty,1,field_out,1,0,0
2025-05-30,TOR202505300,ATH,"Wilson, Jacob",wilsj006,1,1,empty,empty,1,strikeout,1,0,0
2025-05-30,TOR202505300,ATH,"Rooker, Brent",rookb001,1,2,empty,empty,1,field_out,1,0,0
2025-05-30,TOR202505300,ATH,"Soderstrom, Tyler",sodet001,1,0,empty,empty,1,home_run,2,0,0
2025-05-30,TOR202505300,ATH,"Langeliers, Shea",langs001,1,0,empty,empty,1,walk,2,1,0
2025-05-30,TOR202505300,ATH,"Alexander, CJ",alexc001,1,0,1B,1B,1,strikeout,2,1,0
2025-05-30,TOR202505300,ATH,"Davidson, Logan",davil002,1,1,1B,1B,1,grounded_into_double_play,2,1,0
2025-05-30,TOR202505300,ATH,"Avans, Drew",avand001,1,0,empty,empty,1,strikeout,3,1,3
2025-05-30,TOR202505300,ATH,"Clarke, Denzel",clard004,1,1,empty,empty,1,strikeout,3,1,3
2025-05-30,TOR202505300,ATH,"Butler, Lawrence",butll001,2,2,empty,empty,1,walk,3,1,3
2025-05-30,TOR202505300,ATH,"Wilson, Jacob",wilsj006,2,2,1B,2B,0,single,3,1,3
2025-05-30,TOR202505300,ATH,"Rooker, Brent",rookb001,2,2,1B,1B,1,field_out,3,2,3
2025-05-30,TOR202505300,ATH,"Soderstrom, Tyler",sodet001,2,0,empty,empty,1,field_out,4,2,6
2025-05-30,TOR202505300,ATH,"Langeliers, Shea",langs001,2,1,empty,empty,1,home_run,4,2,6
2025-05-30,TOR202505300,ATH,"Alexander, CJ",alexc001,2,1,empty,empty,1,single,4,3,6
2025-05-30,TOR202505300,ATH,"Davidson, Logan",davil002,2,2,empty,empty,1,strikeout,4,3,6
2025-05-30,TOR202505300,ATH,"Avans, Drew",avand001,2,0,empty,empty,1,field_out,5,3,6
2025-05-30,TOR202505300,ATH,"Clarke, Denzel",clard004,2,1,empty,empty,1,single,5,3,6
2025-05-30,TOR202505300,ATH,"Butler, Lawrence",butll001,3,1,1B,1B,1,single,5,3,6
2025-05-30,TOR202505300,ATH,"Wilson, Jacob",wilsj006,3,1,1B+2B,1B+2B,1,strikeout,5,3,6
2025-05-30,TOR202505300,ATH,"Rooker, Brent",rookb001,3,2,1B+2B,1B+2B,1,double,5,3,6
2025-05-30,TOR202505300,ATH,"Soderstrom, Tyler",sodet001,3,2,3B,3B,1,hit_by_pitch,5,5,6
2025-05-30,TOR202505300,ATH,"Langeliers, Shea",langs001,3,2,1B+3B,1B+3B,1,field_out,5,5,6
2025-05-30,TOR202505300,ATH,"Alexander, CJ",alexc001,3,0,empty,empty,1,strikeout,6,5,9
2025-05-30,TOR202505300,ATH,"Davidson, Logan",davil002,3,1,empty,empty,1,field_out,6,5,9
2025-05-30,TOR202505300,ATH,"Andujar, Miguel",andum001,1,2,empty,empty,1,field_out,6,5,9
2025-05-30,TOR202505300,ATH,"Clarke, Denzel",clard004,3,0,empty,empty,1,walk,7,5,11
2025-05-30,TOR202505300,ATH,"Butler, Lawrence",butll001,4,0,1B,1B,1,field_out,7,5,11
2025-05-30,TOR202505300,ATH,"Wilson, Jacob",wilsj006,4,1,1B,1B,1,grounded_into_double_play,7,5,11
2025-05-30,TOR202505300,ATH,"Rooker, Brent",rookb001,4,0,empty,empty,1,field_out,8,5,11
2025-05-30,TOR202505300,ATH,"Soderstrom, Tyler",sodet001,4,1,empty,empty,1,walk,8,5,11
2025-05-30,TOR202505300,ATH,"Langeliers, Shea",langs001,4,1,1B,1B,1,grounded_into_double_play,8,5,11
2025-05-30,TOR202505300,ATH,"Alexander, CJ",alexc001,4,0,empty,empty,1,strikeout,9,5,11
2025-05-30,TOR202505300,ATH,"Davidson, Logan",davil002,4,1,empty,empty,1,field_out,9,5,11
2025-05-30,TOR202505300,ATH,"Andujar, Miguel",andum001,2,2,empty,empty,1,double,9,5,11
2025-05-30,TOR202505300,ATH,"Clarke, Denzel",clard004,4,2,2B,2B,1,single,9,5,11
2025-05-30,TOR202505300,ATH,"Butler, Lawrence",butll001,5,2,1B,2B,0,double,9,6,11
2025-05-30,TOR202505300,ATH,"Wilson, Jacob",wilsj006,5,2,2B,2B,1,field_out,9,7,11
2025-05-31,TOR202505310,ATH,"Butler, Lawrence",butll001,1,0,empty,empty,1,strikeout,1,0,0
2025-05-31,TOR202505310,ATH,"Wilson, Jacob",wilsj006,1,1,empty,empty,1,single,1,0,0
2025-05-31,TOR202505310,ATH,"Rooker, Brent",rookb001,1,1,1B,1B,1,single,1,0,0
2025-05-31,TOR202505310,ATH,"Soderstrom, Tyler",sodet001,1,1,1B+2B,1B+2B,1,home_run,1,0,0
2025-05-31,TOR202505310,ATH,"Langeliers, Shea",langs001,1,1,empty,empty,1,field_out,1,3,0
2025-05-31,TOR202505310,ATH,"Andujar, Miguel",andum001,1,2,empty,empty,1,field_out,1,3,0
2025-05-31,TOR202505310,ATH,"Urias, Luis",urial001,1,0,empty,empty,1,walk,2,3,4
2025-05-31,TOR202505310,ATH,"Schuemann, Max",schum002,1,0,1B,1B,1,field_out,2,3,4
2025-05-31,TOR202505310,ATH,"Clarke, Denzel",clard004,1,1,1B,1B,1,home_run,2,3,4
2025-05-31,TOR202505310,ATH,"Butler, Lawrence",butll001,2,1,empty,empty,1,single,2,5,4
2025-05-31,TOR202505310,ATH,"Wilson, Jacob",wilsj006,2,1,1B,1B,1,single,2,5,4
2025-05-31,TOR202505310,ATH,"Rooker, Brent",rookb001,2,1,1B+2B,1B+2B,1,single,2,5,4
2025-05-31,TOR202505310,ATH,"Soderstrom, Tyler",sodet001,2,1,1B+2B+3B,1B+2B+3B,1,field_out,2,5,4
2025-05-31,TOR202505310,ATH,"Langeliers, Shea",langs001,2,2,1B+2B+3B,1B+2B+3B,1,field_out,2,5,4
2025-05-31,TOR202505310,ATH,"Andujar, Miguel",andum001,2,0,empty,empty,1,field_out,3,5,5
2025-05-31,TOR202505310,ATH,"Urias, Luis",urial001,2,1,empty,empty,1,strikeout,3,5,5
2025-05-31,TOR202505310,ATH,"Schuemann, Max",schum002,2,2,empty,empty,1,walk,3,5,5
2025-05-31,TOR202505310,ATH,"Clarke, Denzel",clard004,2,2,1B,1B,1,field_out,3,5,5
2025-05-31,TOR202505310,ATH,"Butler, Lawrence",butll001,3,0,empty,empty,1,strikeout,4,5,6
2025-05-31,TOR202505310,ATH,"Wilson, Jacob",wilsj006,3,1,empty,empty,1,field_out,4,5,6
2025-05-31,TOR202505310,ATH,"Rooker, Brent",rookb001,3,2,empty,empty,1,field_out,4,5,6
2025-05-31,TOR202505310,ATH,"Soderstrom, Tyler",sodet001,3,0,empty,empty,1,field_out,5,5,6
2025-05-31,TOR202505310,ATH,"Langeliers, Shea",langs001,3,1,empty,empty,1,strikeout,5,5,6
2025-05-31,TOR202505310,ATH,"Andujar, Miguel",andum001,3,2,empty,empty,1,field_out,5,5,6
2025-05-31,TOR202505310,ATH,"Urias, Luis",urial001,3,0,empty,empty,1,field_out,6,5,7
2025-05-31,TOR202505310,ATH,"Schuemann, Max",schum002,3,1,empty,empty,1,single,6,5,7
2025-05-31,TOR202505310,ATH,"Clarke, Denzel",clard004,3,1,1B,1B,1,grounded_into_double_play,6,5,7
2025-05-31,TOR202505310,ATH,"Butler, Lawrence",butll001,4,0,empty,empty,1,single,7,5,8
2025-05-31,TOR202505310,ATH,"Wilson, Jacob",wilsj006,4,0,1B,1B,1,field_out,7,5,8
2025-05-31,TOR202505310,ATH,"Rooker, Brent",rookb001,4,1,2B,2B,1,walk,7,5,8
2025-05-31,TOR202505310,ATH,"Soderstrom, Tyler",sodet001,4,2,1B+2B,1B,0,walk,7,5,8
2025-05-31,TOR202505310,ATH,"Langeliers, Shea",langs001,4,2,1B+2B,1B+2B,1,strikeout,7,5,8
2025-05-31,TOR202505310,ATH,"Andujar, Miguel",andum001,4,0,empty,empty,1,field_out,8,5,8
2025-05-31,TOR202505310,ATH,"Urias, Luis",urial001,4,1,empty,empty,1,field_out,8,5,8
2025-05-31,TOR202505310,ATH,"Schuemann, Max",schum002,4,2,empty,empty,1,strikeout,8,5,8
2025-05-31,TOR202505310,ATH,"Avans, Drew",avand001,1,0,empty,empty,1,strikeout,9,5,8
2025-05-31,TOR202505310,ATH,"Butler, Lawrence",butll001,5,1,empty,empty,1,walk,9,5,8
2025-05-31,TOR202505310,ATH,"Wilson, Jacob",wilsj006,5,1,1B,1B,1,field_out,9,5,8
2025-05-31,TOR202505310,ATH,"Rooker, Brent",rookb001,5,2,1B,1B,1,home_run,9,5,8
2025-05-31,TOR202505310,ATH,"Soderstrom, Tyler",sodet001,5,2,empty,empty,1,double,9,7,8
2025-05-31,TOR202505310,ATH,"Langeliers, Shea",langs001,5,2,2B,2B,1,field_out,9,7,8
2025-06-01,TOR202506010,ATH,"Butler, Lawrence",butll001,1,0,empty,empty,1,walk,1,0,0
2025-06-01,TOR202506010,ATH,"Wilson, Jacob",wilsj006,1,0,1B,1B,1,single,1,0,0
2025-06-01,TOR202506010,ATH,"Rooker, Brent",rookb001,1,0,1B+3B,1B+3B,1,strikeout,1,0,0
2025-06-01,TOR202506010,ATH,"Soderstrom, Tyler",sodet001,1,1,1B+3B,1B+3B,1,field_out,1,0,0
2025-06-01,TOR202506010,ATH,"Andujar, Miguel",andum001,1,2,2B,2B,1,strikeout,1,1,0
2025-06-01,TOR202506010,ATH,"Urias, Luis",urial001,1,0,empty,empty,1,single,2,1,0
2025-06-01,TOR202506010,ATH,"Avans, Drew",avand001,1,0,1B,1B,1,strikeout,2,1,0
2025-06-01,TOR202506010,ATH,"MacIver, Willie",maciw001,1,1,1B,1B,1,single,2,1,0
2025-06-01,TOR202506010,ATH,"Clarke, Denzel",clard004,1,1,1B+2B,1B+2B,1,strikeout,2,1,0
2025-06-01,TOR202506010,ATH,"Butler, Lawrence",butll001,2,2,1B+2B,1B+2B,1,field_out,2,1,0
2025-06-01,TOR202506010,ATH,"Wilson, Jacob",wilsj006,2,0,empty,empty,1,single,3,1,0
2025-06-01,TOR202506010,ATH,"Rooker, Brent",rookb001,2,0,1B,1B,1,field_out,3,1,0
2025-06-01,TOR202506010,ATH,"Soderstrom, Tyler",sodet001,2,1,1B,2B,0,strikeout,3,1,0
2025-06-01,TOR202506010,ATH,"Andujar, Miguel",andum001,2,2,2B,2B,1,walk,3,1,0
2025-06-01,TOR202506010,ATH,"Urias, Luis",urial001,2,2,1B+2B,1B+2B,1,strikeout,3,1,0
2025-06-01,TOR202506010,ATH,"Avans, Drew",avand001,2,0,empty,empty,1,field_out,4,1,0
2025-06-01,TOR202506010,ATH,"MacIver, Willie",maciw001,2,1,empty,empty,1,field_out,4,1,0
2025-06-01,TOR202506010,ATH,"Clarke, Denzel",clard004,2,2,empty,empty,1,single,4,1,0
2025-06-01,TOR202506010,ATH,"Butler, Lawrence",butll001,3,2,1B,2B,0,strikeout,4,1,0
2025-06-01,TOR202506010,ATH,"Wilson, Jacob",wilsj006,3,0,empty,empty,1,single,5,1,0
2025-06-01,TOR202506010,ATH,"Rooker, Brent",rookb001,3,0,1B,1B,1,single,5,1,0
2025-06-01,TOR202506010,ATH,"Davidson, Logan",davil002,1,0,1B+2B,1B+2B,1,sac_bunt,5,1,0
2025-06-01,TOR202506010,ATH,"Andujar, Miguel",andum001,3,1,2B+3B,2B+3B,1,fielders_choice_out,5,1,0
2025-06-01,TOR202506010,ATH,"Urias, Luis",urial001,3,2,2B+3B,2B+3B,1,double,5,1,0
2025-06-01,TOR202506010,ATH,"Avans, Drew",avand001,3,2,2B,2B,1,field_out,5,3,0
2025-06-01,TOR202506010,ATH,"MacIver, Willie",maciw001,3,0,empty,empty,1,field_out,6,3,2
2025-06-01,TOR202506010,ATH,"Clarke, Denzel",clard004,3,1,empty,empty,1,strikeout,6,3,2
2025-06-01,TOR202506010,ATH,"Butler, Lawrence",butll001,4,2,empty,empty,1,strikeout,6,3,2
2025-06-01,TOR202506010,ATH,"Wilson, Jacob",wilsj006,4,0,empty,empty,1,single,7,3,2
2025-06-01,TOR202506010,ATH,"Rooker, Brent",rookb001,4,0,1B,1B,1,single,7,3,2
2025-06-01,TOR202506010,ATH,"Davidson, Logan",davil002,2,0,1B+2B,1B+2B,1,strikeout,7,3,2
2025-06-01,TOR202506010,ATH,"Schuemann, Max",schum002,1,1,1B+2B,1B+2B,1,strikeout,7,3,2
2025-06-01,TOR202506010,ATH,"Urias, Luis",urial001,4,2,1B+2B,1B+2B,1,walk,7,3,2
2025-06-01,TOR202506010,ATH,"Avans, Drew",avand001,4,2,1B+2B+3B,1B+2B+3B,1,field_out,7,3,2
2025-06-01,TOR202506010,ATH,"MacIver, Willie",maciw001,4,0,empty,empty,1,single,8,3,2
2025-06-01,TOR202506010,ATH,"Clarke, Denzel",clard004,4,0,1B,2B,0,hit_by_pitch,8,3,2
2025-06-01,TOR202506010,ATH,"Butler, Lawrence",butll001,5,0,1B+2B,1B+2B,1,field_out,8,3,2
2025-06-01,TOR202506010,ATH,"Wilson, Jacob",wilsj006,5,1,1B+2B,2B+3B,0,sac_fly,8,3,2
2025-06-01,TOR202506010,ATH,"Rooker, Brent",rookb001,5,2,3B,3B,1,strikeout,8,4,2
2025-06-01,TOR202506010,ATH,"Davidson, Logan",davil002,3,0,empty,empty,1,strikeout,9,4,8
2025-06-01,TOR202506010,ATH,"Schuemann, Max",schum002,2,1,empty,empty,1,strikeout,9,4,8
2025-06-01,TOR202506010,ATH,"Urias, Luis",urial001,5,2,empty,empty,1,field_out,9,4,8
2025-06-02,ATH202506020,ATH,"Butler, Lawrence",butll001,1,0,empty,empty,1,double,1,0,0
2025-06-02,ATH202506020,ATH,"Wilson, Jacob",wilsj006,1,0,2B,2B,1,field_out,1,0,0
2025-06-02,ATH202506020,ATH,"Rooker, Brent",rookb001,1,1,3B,3B,1,fielders_choice_out,1,0,0
2025-06-02,ATH202506020,ATH,"Soderstrom, Tyler",sodet001,1,2,1B,1B,1,field_out,1,0,0
2025-06-02,ATH202506020,ATH,"Langeliers, Shea",langs001,1,0,empty,empty,1,strikeout,2,0,6
2025-06-02,ATH202506020,ATH,"Alexander, CJ",alexc001,1,1,empty,empty,1,strikeout,2,0,6
2025-06-02,ATH202506020,ATH,"Urias, Luis",urial001,1,2,empty,empty,1,hit_by_pitch,2,0,6
2025-06-02,ATH202506020,ATH,"Avans, Drew",avand001,1,2,1B,1B,1,field_out,2,0,6
2025-06-02,ATH202506020,ATH,"Clarke, Denzel",clard004,1,0,empty,empty,1,strikeout,3,0,6
2025-06-02,ATH202506020,ATH,"Butler, Lawrence",butll001,2,1,empty,empty,1,walk,3,0,6
2025-06-02,ATH202506020,ATH,"Wilson, Jacob",wilsj006,2,1,1B,1B,1,double,3,0,6
2025-06-02,ATH202506020,ATH,"Rooker, Brent",rookb001,2,1,2B+3B,2B+3B,1,field_out,3,0,6
2025-06-02,ATH202506020,ATH,"Soderstrom, Tyler",sodet001,2,2,3B,3B,1,walk,3,1,6
2025-06-02,ATH202506020,ATH,"Langeliers, Shea",langs001,2,2,1B+3B,1B+3B,1,field_out,3,1,6
2025-06-02,ATH202506020,ATH,"Alexander, CJ",alexc001,2,0,empty,empty,1,field_out,4,1,6
2025-06-02,ATH202506020,ATH,"Urias, Luis",urial001,2,1,empty,empty,1,single,4,1,6
2025-06-02,ATH202506020,ATH,"Avans, Drew",avand001,2,1,1B,1B,1,field_out,4,1,6
2025-06-02,ATH202506020,ATH,"Clarke, Denzel",clard004,2,2,1B,2B,0,single,4,1,6
2025-06-02,ATH202506020,ATH,"Butler, Lawrence",butll001,3,2,1B+3B,2B+3B,0,home_run,4,1,6
2025-06-02,ATH202506020,ATH,"Wilson, Jacob",wilsj006,3,2,empty,empty,1,strikeout,4,4,6
2025-06-02,ATH202506020,ATH,"Rooker, Brent",rookb001,3,0,empty,empty,1,single,5,4,6
2025-06-02,ATH202506020,ATH,"Soderstrom, Tyler",sodet001,3,0,1B,1B,1,hit_by_pitch,5,4,6
2025-06-02,ATH202506020,ATH,"Langeliers, Shea",langs001,3,0,1B+2B,1B+2B,1,walk,5,4,6
2025-06-02,ATH202506020,ATH,"Alexander, CJ",alexc001,3,0,1B+2B+3B,1B+2B+3B,1,field_out,5,4,6
2025-06-02,ATH202506020,ATH,"Urias, Luis",urial001,3,1,1B+2B+3B,1B+2B+3B,1,field_out,5,4,6
2025-06-02,ATH202506020,ATH,"Avans, Drew",avand001,3,2,1B+2B+3B,1B+2B+3B,1,field_out,5,4,6
2025-06-02,ATH202506020,ATH,"Clarke, Denzel",clard004,3,0,empty,empty,1,strikeout,6,4,8
2025-06-02,ATH202506020,ATH,"Butler, Lawrence",butll001,4,1,empty,empty,1,walk,6,4,8
2025-06-02,ATH202506020,ATH,"Wilson, Jacob",wilsj006,4,2,1B,empty,0,field_out,6,4,8
2025-06-02,ATH202506020,ATH,"Rooker, Brent",rookb001,4,0,empty,empty,1,field_out,7,4,8
2025-06-02,ATH202506020,ATH,"Soderstrom, Tyler",sodet001,4,1,empty,empty,1,strikeout,7,4,8
2025-06-02,ATH202506020,ATH,"Langeliers, Shea",langs001,4,2,empty,empty,1,field_out,7,4,8
2025-06-02,ATH202506020,ATH,"Alexander, CJ",alexc001,4,0,empty,empty,1,strikeout,8,4,9
2025-06-02,ATH202506020,ATH,"Urias, Luis",urial001,4,1,empty,empty,1,field_out,8,4,9
2025-06-02,ATH202506020,ATH,"Avans, Drew",avand001,4,2,empty,empty,1,single,8,4,9
2025-06-02,ATH202506020,ATH,"Clarke, Denzel",clard004,4,2,1B,1B,1,strikeout,8,4,9
2025-06-02,ATH202506020,ATH,"Butler, Lawrence",butll001,5,0,empty,empty,1,walk,9,4,10
2025-06-02,ATH202506020,ATH,"Schuemann, Max",schum002,1,0,1B,1B,1,grounded_into_double_play,9,4,10
2025-06-02,ATH202506020,ATH,"Rooker, Brent",rookb001,5,2,empty,empty,1,walk,9,4,10
2025-06-02,ATH202506020,ATH,"Soderstrom, Tyler",sodet001,5,2,1B,1B,1,strikeout,9,4,10
2025-06-03,ATH202506030,ATH,"Butler, Lawrence",butll001,1,0,empty,empty,1,double,1,0,0
2025-06-03,ATH202506030,ATH,"Rooker, Brent",rookb001,1,0,2B,2B,1,single,1,0,0
2025-06-03,ATH202506030,ATH,"Soderstrom, Tyler",sodet001,1,0,1B,1B,1,field_out,1,1,0
2025-06-03,ATH202506030,ATH,"Langeliers, Shea",langs001,1,1,1B,1B,1,strikeout,1,1,0
2025-06-03,ATH202506030,ATH,"Bleday, JJ",bledj001,1,2,1B,1B,1,walk,1,1,0
2025-06-03,ATH202506030,ATH,"Urias, Luis",urial001,1,2,1B+2B,1B+2B,1,field_out,1,1,0
2025-06-03,ATH202506030,ATH,"Schuemann, Max",schum002,1,0,empty,empty,1,strikeout,2,1,0
2025-06-03,ATH202506030,ATH,"Davidson, Logan",davil002,1,1,empty,empty,1,strikeout,2,1,0
2025-06-03,ATH202506030,ATH,"Clarke, Denzel",clard004,1,2,empty,empty,1,double,2,1,0
2025-06-03,ATH202506030,ATH,"Butler, Lawrence",butll001,2,2,2B,2B,1,field_out,2,1,0
2025-06-03,ATH202506030,ATH,"Rooker, Brent",rookb001,2,0,empty,empty,1,field_out,3,1,0
2025-06-03,ATH202506030,ATH,"Soderstrom, Tyler",sodet001,2,1,empty,empty,1,triple,3,1,0
2025-06-03,ATH202506030,ATH,"Langeliers, Shea",langs001,2,1,3B,3B,1,sac_fly,3,1,0
2025-06-03,ATH202506030,ATH,"Bleday, JJ",bledj001,2,2,empty,empty,1,field_out,3,2,0
2025-06-03,ATH202506030,ATH,"Urias, Luis",urial001,2,0,empty,empty,1,field_out,4,2,1
2025-06-03,ATH202506030,ATH,"Schuemann, Max",schum002,2,1,empty,empty,1,walk,4,2,1
2025-06-03,ATH202506030,ATH,"Davidson, Logan",davil002,2,2,1B,empty,0,strikeout,4,2,1
2025-06-03,ATH202506030,ATH,"Clarke, Denzel",clard004,2,0,empty,empty,1,field_out,5,2,1
2025-06-03,ATH202506030,ATH,"Butler, Lawrence",butll001,3,1,empty,empty,1,field_out,5,2,1
2025-06-03,ATH202506030,ATH,"Rooker, Brent",rookb001,3,2,empty,empty,1,walk,5,2,1
2025-06-03,ATH202506030,ATH,"Soderstrom, Tyler",sodet001,3,2,1B,1B,1,field_out,5,2,1
2025-06-03,ATH202506030,ATH,"Langeliers, Shea",langs001,3,0,empty,empty,1,double,6,2,5
2025-06-03,ATH202506030,ATH,"Bleday, JJ",bledj001,3,0,2B,2B,1,field_out,6,2,5
2025-06-03,ATH202506030,ATH,"Urias, Luis",urial001,3,1,3B,3B,1,field_out,6,2,5
2025-06-03,ATH202506030,ATH,"Schuemann, Max",schum002,3,2,empty,empty,1,walk,6,3,5
2025-06-03,ATH202506030,ATH,"Davidson, Logan",davil002,3,2,1B,1B,1,single,6,3,5
2025-06-03,ATH202506030,ATH,"Clarke, Denzel",clard004,3,2,1B+3B,1B+3B,1,strikeout,6,3,5
2025-06-03,ATH202506030,ATH,"Butler, Lawrence",butll001,4,0,empty,empty,1,double,7,3,9
2025-06-03,ATH202506030,ATH,"Rooker, Brent",rookb001,4,0,2B,2B,1,strikeout,7,3,9
2025-06-03,ATH202506030,ATH,"Soderstrom, Tyler",sodet001,4,1,2B,2B,1,field_out,7,3,9
2025-06-03,ATH202506030,ATH,"Langeliers, Shea",langs001,4,2,3B,3B,1,field_out,7,3,9
2025-06-03,ATH202506030,ATH,"Bleday, JJ",bledj001,4,0,empty,empty,1,field_out,8,3,10
2025-06-03,ATH202506030,ATH,"Urias, Luis",urial001,4,1,empty,empty,1,strikeout,8,3,10
2025-06-03,ATH202506030,ATH,"Schuemann, Max",schum002,4,2,empty,empty,1,field_out,8,3,10
2025-06-03,ATH202506030,ATH,"Davidson, Logan",davil002,4,0,empty,empty,1,strikeout,9,3,10
2025-06-03,ATH202506030,ATH,"Clarke, Denzel",clard004,4,1,empty,empty,1,strikeout,9,3,10
2025-06-03,ATH202506030,ATH,"Butler, Lawrence",butll001,5,2,empty,empty,1,strikeout,9,3,10
2025-06-04,ATH202506040,ATH,"Butler, Lawrence",butll001,1,0,empty,empty,1,field_out,1,0,1
2025-06-04,ATH202506040,ATH,"Wilson, Jacob",wilsj006,1,1,empty,empty,1,field_out,1,0,1
2025-06-04,ATH202506040,ATH,"Soderstrom, Tyler",sodet001,1,2,empty,empty,1,walk,1,0,1
2025-06-04,ATH202506040,ATH,"Rooker, Brent",rookb001,1,2,1B,1B,1,walk,1,0,1
2025-06-04,ATH202506040,ATH,"Langeliers, Shea",langs001,1,2,1B+2B,1B+2B,1,field_out,1,0,1
2025-06-04,ATH202506040,ATH,"Bleday, JJ",bledj001,1,0,empty,empty,1,field_out,2,0,1
2025-06-04,ATH202506040,ATH,"Urias, Luis",urial001,1,1,empty,empty,1,field_out,2,0,1
2025-06-04,ATH202506040,ATH,"Muncy, Max",muncm002,1,2,empty,empty,1,single,2,0,1
2025-06-04,ATH202506040,ATH,"Clarke, Denzel",clard004,1,2,1B,1B,1,field_out,2,0,1
2025-06-04,ATH202506040,ATH,"Butler, Lawrence",butll001,2,0,empty,empty,1,strikeout,3,0,1
2025-06-04,ATH202506040,ATH,"Wilson, Jacob",wilsj006,2,1,empty,empty,1,single,3,0,1
2025-06-04,ATH202506040,ATH,"Soderstrom, Tyler",sodet001,2,1,1B,1B,1,field_out,3,0,1
2025-06-04,ATH202506040,ATH,"Rooker, Brent",rookb001,2,2,1B,1B,1,field_out,3,0,1
2025-06-04,ATH202506040,ATH,"Langeliers, Shea",langs001,2,0,empty,empty,1,field_out,4,0,1
2025-06-04,ATH202506040,ATH,"Bleday, JJ",bledj001,2,1,empty,empty,1,walk,4,0,1
2025-06-04,ATH202506040,ATH,"Urias, Luis",urial001,2,1,1B,1B,1,grounded_into_double_play,4,0,1
2025-06-04,ATH202506040,ATH,"Muncy, Max",muncm002,2,0,empty,empty,1,strikeout,5,0,3
2025-06-04,ATH202506040,ATH,"Clarke, Denzel",clard004,2,1,empty,empty,1,strikeout,5,0,3
2025-06-04,ATH202506040,ATH,"Butler, Lawrence",butll001,3,2,empty,empty,1,single,5,0,3
2025-06-04,ATH202506040,ATH,"Wilson, Jacob",wilsj006,3,2,1B,1B,1,double,5,0,3
2025-06-04,ATH202506040,ATH,"Soderstrom, Tyler",sodet001,3,2,2B,2B,1,strikeout,5,1,3
2025-06-04,ATH202506040,ATH,"Rooker, Brent",rookb001,3,0,empty,empty,1,strikeout,6,1,3
2025-06-04,ATH202506040,ATH,"Langeliers, Shea",langs001,3,1,empty,empty,1,double,6,1,3
2025-06-04,ATH202506040,ATH,"Bleday, JJ",bledj001,3,1,2B,2B,1,strikeout,6,1,3
2025-06-04,ATH202506040,ATH,"Urias, Luis",urial001,3,2,2B,2B,1,walk,6,1,3
2025-06-04,ATH202506040,ATH,"Muncy, Max",muncm002,3,2,1B+2B,1B+2B,1,strikeout,6,1,3
2025-06-04,ATH202506040,ATH,"Clarke, Denzel",clard004,3,0,empty,empty,1,strikeout,7,1,3
2025-06-04,ATH202506040,ATH,"Butler, Lawrence",butll001,4,1,empty,empty,1,strikeout,7,1,3
2025-06-04,ATH202506040,ATH,"Wilson, Jacob",wilsj006,4,2,empty,empty,1,strikeout,7,1,3
2025-06-04,ATH202506040,ATH,"Soderstrom, Tyler",sodet001,4,0,empty,empty,1,strikeout,8,1,5
2025-06-04,ATH202506040,ATH,"Rooker, Brent",rookb001,4,1,empty,empty,1,field_out,8,1,5
2025-06-04,ATH202506040,ATH,"Langeliers, Shea",langs001,4,2,empty,empty,1,strikeout,8,1,5
2025-06-04,ATH202506040,ATH,"Bleday, JJ",bledj001,4,0,empty,empty,1,strikeout,9,1,6
2025-06-04,ATH202506040,ATH,"Urias, Luis",urial001,4,1,empty,empty,1,field_out,9,1,6
2025-06-04,ATH202506040,ATH,"Muncy, Max",muncm002,4,2,empty,empty,1,strikeout,9,1,6
2025-06-05,ATH202506050,ATH,"Butler, Lawrence",butll001,1,0,empty,empty,1,single,1,0,0
2025-06-05,ATH202506050,ATH,"Wilson, Jacob",wilsj006,1,0,1B,1B,1,walk,1,0,0
2025-06-05,ATH202506050,ATH,"Rooker, Brent",rookb001,1,0,1B+2B,1B+2B,1,single,1,0,0
2025-06-05,ATH202506050,ATH,"Soderstrom, Tyler",sodet001,1,0,1B+2B,1B+2B,1,strikeout,1,1,0
2025-06-05,ATH202506050,ATH,"Langeliers, Shea",langs001,1,1,1B+2B,1B+2B,1,strikeout,1,1,0
2025-06-05,ATH202506050,ATH,"Muncy, Max",muncm002,1,2,1B+2B,1B+2B,1,home_run,1,1,0
2025-06-05,ATH202506050,ATH,"MacIver, Willie",maciw001,1,2,empty,empty,1,strikeout,1,4,0
2025-06-05,ATH202506050,ATH,"Schuemann, Max",schum002,1,0,empty,empty,1,strikeout,2,4,0
2025-06-05,ATH202506050,ATH,"Clarke, Denzel",clard004,1,1,empty,empty,1,field_out,2,4,0
2025-06-05,ATH202506050,ATH,"Butler, Lawrence",butll001,2,2,empty,empty,1,strikeout,2,4,0
2025-06-05,ATH202506050,ATH,"Wilson, Jacob",wilsj006,2,0,empty,empty,1,home_run,3,4,0
2025-06-05,ATH202506050,ATH,"Rooker, Brent",rookb001,2,0,empty,empty,1,single,3,5,0
2025-06-05,ATH202506050,ATH,"Soderstrom, Tyler",sodet001,2,0,1B,1B,1,home_run,3,5,0
2025-06-05,ATH202506050,ATH,"Langeliers, Shea",langs001,2,0,empty,empty,1,field_out,3,7,0
2025-06-05,ATH202506050,ATH,"Muncy, Max",muncm002,2,1,empty,empty,1,field_out,3,7,0
2025-06-05,ATH202506050,ATH,"MacIver, Willie",maciw001,2,2,empty,empty,1,field_out,3,7,0
2025-06-05,ATH202506050,ATH,"Schuemann, Max",schum002,2,0,empty,empty,1,field_out,4,7,1
2025-06-05,ATH202506050,ATH,"Clarke, Denzel",clard004,2,1,empty,empty,1,strikeout,4,7,1
2025-06-05,ATH202506050,ATH,"Butler, Lawrence",butll001,3,2,empty,empty,1,walk,4,7,1
2025-06-05,ATH202506050,ATH,"Wilson, Jacob",wilsj006,3,2,1B,2B,0,single,4,7,1
2025-06-05,ATH202506050,ATH,"Rooker, Brent",rookb001,3,2,1B+3B,1B+3B,1,walk,4,7,1
2025-06-05,ATH202506050,ATH,"Soderstrom, Tyler",sodet001,3,2,1B+2B+3B,1B+2B+3B,1,home_run,4,7,1
2025-06-05,ATH202506050,ATH,"Langeliers, Shea",langs001,3,2,empty,empty,1,double,4,11,1
2025-06-05,ATH202506050,ATH,"Muncy, Max",muncm002,3,2,2B,2B,1,strikeout,4,11,1
2025-06-05,ATH202506050,ATH,"MacIver, Willie",maciw001,3,0,empty,empty,1,double,5,11,1
2025-06-05,ATH202506050,ATH,"Schuemann, Max",schum002,3,0,2B,2B,1,single,5,11,1
2025-06-05,ATH202506050,ATH,"Clarke, Denzel",clard004,3,0,1B,1B,1,field_out,5,12,1
2025-06-05,ATH202506050,ATH,"Butler, Lawrence",butll001,4,1,1B,2B,0,walk,5,12,1
2025-06-05,ATH202506050,ATH,"Wilson, Jacob",wilsj006,4,1,1B+2B,1B+2B,1,single,5,12,1
2025-06-05,ATH202506050,ATH,"Rooker, Brent",rookb001,4,1,1B+2B+3B,1B+2B+3B,1,field_out,5,12,1
2025-06-05,ATH202506050,ATH,"Soderstrom, Tyler",sodet001,4,2,1B+2B+3B,1B+2B+3B,1,field_out,5,12,1
2025-06-05,ATH202506050,ATH,"Langeliers, Shea",langs001,4,0,empty,empty,1,strikeout,6,12,1
2025-06-05,ATH202506050,ATH,"Muncy, Max",muncm002,4,1,empty,empty,1,single,6,12,1
2025-06-05,ATH202506050,ATH,"MacIver, Willie",maciw001,4,1,1B,1B,1,field_out,6,12,1
2025-06-05,ATH202506050,ATH,"Schuemann, Max",schum002,4,2,1B,1B,1,field_out,6,12,1
2025-06-05,ATH202506050,ATH,"Clarke, Denzel",clard004,4,0,empty,empty,1,single,7,12,3
2025-06-05,ATH202506050,ATH,"Butler, Lawrence",butll001,5,0,1B,1B,1,single,7,12,3
2025-06-05,ATH202506050,ATH,"Wilson, Jacob",wilsj006,5,0,1B+3B,1B+3B,1,field_out,7,12,3
2025-06-05,ATH202506050,ATH,"Rooker, Brent",rookb001,5,1,1B+3B,1B+3B,1,double,7,12,3
2025-06-05,ATH202506050,ATH,"Soderstrom, Tyler",sodet001,5,1,2B,2B,1,field_out,7,14,3
2025-06-05,ATH202506050,ATH,"Davidson, Logan",davil002,1,2,2B,2B,1,walk,7,14,3
2025-06-05,ATH202506050,ATH,"Muncy, Max",muncm002,5,2,1B+2B,1B+2B,1,field_out,7,14,3
2025-06-05,ATH202506050,ATH,"MacIver, Willie",maciw001,5,0,empty,empty,1,walk,8,14,3
2025-06-05,ATH202506050,ATH,"Schuemann, Max",schum002,5,0,1B,1B,1,field_out,8,14,3
2025-06-05,ATH202506050,ATH,"Clarke, Denzel",clard004,5,1,1B,1B,1,single,8,14,3
2025-06-05,ATH202506050,ATH,"Butler, Lawrence",butll001,6,1,1B+2B,1B+2B,1,strikeout,8,14,3
2025-06-05,ATH202506050,ATH,"Wilson, Jacob",wilsj006,6,2,1B+2B,1B+2B,1,field_out,8,14,3
2025-06-06,ATH202506060,ATH,"Butler, Lawrence",butll001,1,0,empty,empty,1,strikeout,1,0,0
2025-06-06,ATH202506060,ATH,"Wilson, Jacob",wilsj006,1,1,empty,empty,1,field_out,1,0,0
2025-06-06,ATH202506060,ATH,"Rooker, Brent",rookb001,1,2,empty,empty,1,field_out,1,0,0
2025-06-06,ATH202506060,ATH,"Soderstrom, Tyler",sodet001,1,0,empty,empty,1,field_out,2,0,2
2025-06-06,ATH202506060,ATH,"Muncy, Max",muncm002,1,1,empty,empty,1,field_out,2,0,2
2025-06-06,ATH202506060,ATH,"Bleday, JJ",bledj001,1,2,empty,empty,1,field_out,2,0,2
2025-06-06,ATH202506060,ATH,"Urias, Luis",urial001,1,0,empty,empty,1,walk,3,0,3
2025-06-06,ATH202506060,ATH,"MacIver, Willie",maciw001,1,0,1B,1B,1,field_out,3,0,3
2025-06-06,ATH202506060,ATH,"Clarke, Denzel",clard004,1,1,1B,1B,1,single,3,0,3
2025-06-06,ATH202506060,ATH,"Butler, Lawrence",butll001,2,1,1B+2B,1B+2B,1,double,3,0,3
2025-06-06,ATH202506060,ATH,"Wilson, Jacob",wilsj006,2,1,2B+3B,2B+3B,1,single,3,1,3
2025-06-06,ATH202506060,ATH,"Rooker, Brent",rookb001,2,1,1B,1B,1,double,3,3,3
2025-06-06,ATH202506060,ATH,"Soderstrom, Tyler",sodet001,2,1,2B+3B,2B+3B,1,field_out,3,3,3
2025-06-06,ATH202506060,ATH,"Muncy, Max",muncm002,2,2,3B,3B,1,field_out,3,4,3
2025-06-06,ATH202506060,ATH,"Bleday, JJ",bledj001,2,0,empty,empty,1,field_out,4,4,3
2025-06-06,ATH202506060,ATH,"Urias, Luis",urial001,2,1,empty,empty,1,field_out,4,4,3
2025-06-06,ATH202506060,ATH,"MacIver, Willie",maciw001,2,2,empty,empty,1,field_out,4,4,3
2025-06-06,ATH202506060,ATH,"Clarke, Denzel",clard004,2,0,empty,empty,1,strikeout,5,4,4
2025-06-06,ATH202506060,ATH,"Butler, Lawrence",butll001,3,1,empty,empty,1,single,5,4,4
2025-06-06,ATH202506060,ATH,"Wilson, Jacob",wilsj006,3,1,1B,1B,1,single,5,4,4
2025-06-06,ATH202506060,ATH,"Rooker, Brent",rookb001,3,1,1B+2B,1B+2B,1,single,5,4,4
2025-06-06,ATH202506060,ATH,"Soderstrom, Tyler",sodet001,3,1,1B+2B,1B+3B,0,grounded_into_double_play,5,5,4
2025-06-06,ATH202506060,ATH,"Muncy, Max",muncm002,3,0,empty,empty,1,field_out,6,5,4
2025-06-06,ATH202506060,ATH,"Bleday, JJ",bledj001,3,1,empty,empty,1,single,6,5,4
2025-06-06,ATH202506060,ATH,"Urias, Luis",urial001,3,1,1B,1B,1,fielders_choice,6,5,4
2025-06-06,ATH202506060,ATH,"MacIver, Willie",maciw001,3,1,1B+2B,1B+2B,1,strikeout,6,5,4
2025-06-06,ATH202506060,ATH,"Brown, Seth",brows003,1,2,1B+2B,1B+2B,1,single,6,5,4
2025-06-06,ATH202506060,ATH,"Butler, Lawrence",butll001,4,2,1B+2B+3B,1B+2B+3B,1,strikeout,6,5,4
2025-06-06,ATH202506060,ATH,"Wilson, Jacob",wilsj006,4,0,empty,empty,1,single,7,5,4
2025-06-06,ATH202506060,ATH,"Rooker, Brent",rookb001,4,0,1B,1B,1,field_out,7,5,4
2025-06-06,ATH202506060,ATH,"Soderstrom, Tyler",sodet001,4,1,1B,1B,1,strikeout,7,5,4
2025-06-06,ATH202506060,ATH,"Muncy, Max",muncm002,4,2,1B,1B,1,strikeout,7,5,4
2025-06-06,ATH202506060,ATH,"Bleday, JJ",bledj001,4,0,empty,empty,1,field_out,8,5,4
2025-06-06,ATH202506060,ATH,"Urias, Luis",urial001,4,1,empty,empty,1,single,8,5,4
2025-06-06,ATH202506060,ATH,"MacIver, Willie",maciw001,4,1,1B,1B,1,strikeout,8,5,4
2025-06-06,ATH202506060,ATH,"Brown, Seth",brows003,2,2,1B,2B,0,strikeout,8,5,4
2025-06-07,ATH202506070,ATH,"Butler, Lawrence",butll001,1,0,empty,empty,1,double,1,0,1
2025-06-07,ATH202506070,ATH,"Wilson, Jacob",wilsj006,1,0,2B,2B,1,single,1,0,1
2025-06-07,ATH202506070,ATH,"Rooker, Brent",rookb001,1,0,1B,1B,1,single,1,1,1
2025-06-07,ATH202506070,ATH,"Soderstrom, Tyler",sodet001,1,0,1B+2B,1B+2B,1,walk,1,1,1
2025-06-07,ATH202506070,ATH,"Brown, Seth",brows003,1,0,1B+2B+3B,1B+2B+3B,1,strikeout,1,1,1
2025-06-07,ATH202506070,ATH,"MacIver, Willie",maciw001,1,1,1B+2B+3B,1B+2B+3B,1,single,1,1,1
2025-06-07,ATH202506070,ATH,"Bleday, JJ",bledj001,1,1,1B+2B+3B,1B+2B+3B,1,walk,1,2,1
2025-06-07,ATH202506070,ATH,"Davidson, Logan",davil002,1,1,1B+2B+3B,1B+2B+3B,1,strikeout,1,3,1
2025-06-07,ATH202506070,ATH,"Schuemann, Max",schum002,1,2,1B+2B+3B,1B+2B+3B,1,single,1,3,1
2025-06-07,ATH202506070,ATH,"Butler, Lawrence",butll001,2,2,1B+2B+3B,1B+2B+3B,1,strikeout,1,4,1
2025-06-07,ATH202506070,ATH,"Wilson, Jacob",wilsj006,2,0,empty,empty,1,field_out,2,4,1
2025-06-07,ATH202506070,ATH,"Rooker, Brent",rookb001,2,1,empty,empty,1,field_out,2,4,1
2025-06-07,ATH202506070,ATH,"Soderstrom, Tyler",sodet001,2,2,empty,empty,1,single,2,4,1
2025-06-07,ATH202506070,ATH,"Brown, Seth",brows003,2,2,1B,2B,0,walk,2,4,1
2025-06-07,ATH202506070,ATH,"MacIver, Willie",maciw001,2,2,1B+2B,1B+2B,1,strikeout,2,4,1
2025-06-07,ATH202506070,ATH,"Bleday, JJ",bledj001,2,0,empty,empty,1,walk,3,4,1
2025-06-07,ATH202506070,ATH,"Davidson, Logan",davil002,2,0,1B,1B,1,strikeout,3,4,1
2025-06-07,ATH202506070,ATH,"Schuemann, Max",schum002,2,1,1B,1B,1,hit_by_pitch,3,4,1
2025-06-07,ATH202506070,ATH,"Butler, Lawrence",butll001,3,1,1B+2B,1B+2B,1,field_out,3,4,1
2025-06-07,ATH202506070,ATH,"Wilson, Jacob",wilsj006,3,2,2B+3B,2B+3B,1,field_out,3,4,1
2025-06-07,ATH202506070,ATH,"Rooker, Brent",rookb001,3,0,empty,empty,1,field_out,4,4,3
2025-06-07,ATH202506070,ATH,"Soderstrom, Tyler",sodet001,3,1,empty,empty,1,walk,4,4,3
2025-06-07,ATH202506070,ATH,"Brown, Seth",brows003,3,1,1B,1B,1,strikeout,4,4,3
2025-06-07,ATH202506070,ATH,"MacIver, Willie",maciw001,3,2,1B,1B,1,field_out,4,4,3
2025-06-07,ATH202506070,ATH,"Bleday, JJ",bledj001,3,0,empty,empty,1,walk,5,4,4
2025-06-07,ATH202506070,ATH,"Davidson, Logan",davil002,3,0,1B,1B,1,field_out,5,4,4
2025-06-07,ATH202506070,ATH,"Schuemann, Max",schum002,3,1,1B,1B,1,strikeout,5,4,4
2025-06-07,ATH202506070,ATH,"Butler, Lawrence",butll001,4,2,1B,1B,1,double,5,4,4
2025-06-07,ATH202506070,ATH,"Wilson, Jacob",wilsj006,4,0,empty,empty,1,single,6,4,6
2025-06-07,ATH202506070,ATH,"Rooker, Brent",rookb001,4,0,1B,1B,1,strikeout,6,4,6
2025-06-07,ATH202506070,ATH,"Soderstrom, Tyler",sodet001,4,1,1B,1B,1,walk,6,4,6
2025-06-07,ATH202506070,ATH,"Brown, Seth",brows003,4,1,1B+2B,1B+2B,1,strikeout,6,4,6
2025-06-07,ATH202506070,ATH,"MacIver, Willie",maciw001,4,2,1B+2B,1B+2B,1,field_out,6,4,6
2025-06-07,ATH202506070,ATH,"Bleday, JJ",bledj001,4,0,empty,empty,1,strikeout,7,4,7
2025-06-07,ATH202506070,ATH,"Davidson, Logan",davil002,4,1,empty,empty,1,field_out,7,4,7
2025-06-07,ATH202506070,ATH,"Schuemann, Max",schum002,4,2,empty,empty,1,field_out,7,4,7
2025-06-07,ATH202506070,ATH,"Butler, Lawrence",butll001,5,0,empty,empty,1,strikeout,8,4,7
2025-06-07,ATH202506070,ATH,"Wilson, Jacob",wilsj006,5,1,empty,empty,1,field_out,8,4,7
2025-06-07,ATH202506070,ATH,"Rooker, Brent",rookb001,5,2,empty,empty,1,field_out,8,4,7
2025-06-07,ATH202506070,ATH,"Soderstrom, Tyler",sodet001,5,0,empty,empty,1,walk,9,4,7
2025-06-07,ATH202506070,ATH,"Brown, Seth",brows003,5,0,1B,1B,1,strikeout,9,4,7
2025-06-07,ATH202506070,ATH,"MacIver, Willie",maciw001,5,1,1B,1B,1,strikeout,9,4,7
2025-06-07,ATH202506070,ATH,"Bleday, JJ",bledj001,5,2,1B,2B,0,strikeout,9,4,7
2025-06-08,ATH202506080,ATH,"Butler, Lawrence",butll001,1,0,empty,empty,1,single,1,0,0
2025-06-08,ATH202506080,ATH,"Wilson, Jacob",wilsj006,1,0,1B,1B,1,field_out,1,0,0
2025-06-08,ATH202506080,ATH,"Rooker, Brent",rookb001,1,1,2B,2B,1,field_out,1,0,0
2025-06-08,ATH202506080,ATH,"Soderstrom, Tyler",sodet001,1,2,2B,2B,1,single,1,0,0
2025-06-08,ATH202506080,ATH,"Muncy, Max",muncm002,1,2,1B,1B,1,strikeout,1,1,0
2025-06-08,ATH202506080,ATH,"Brown, Seth",brows003,1,0,empty,empty,1,field_out,2,1,1
2025-06-08,ATH202506080,ATH,"Urias, Luis",urial001,1,1,empty,empty,1,single,2,1,1
2025-06-08,ATH202506080,ATH,"Pereda, Jhonny",perej004,1,1,1B,1B,1,double,2,1,1
2025-06-08,ATH202506080,ATH,"Clarke, Denzel",clard004,1,1,2B,2B,1,single,2,2,1
2025-06-08,ATH202506080,ATH,"Butler, Lawrence",butll001,2,1,1B+3B,1B+3B,1,fielders_choice,2,2,1
2025-06-08,ATH202506080,ATH,"Wilson, Jacob",wilsj006,2,1,1B+2B,1B+2B,1,single,2,3,1
2025-06-08,ATH202506080,ATH,"Rooker, Brent",rookb001,2,1,1B+2B,1B+2B,1,grounded_into_double_play,2,4,1
2025-06-08,ATH202506080,ATH,"Soderstrom, Tyler",sodet001,2,0,empty,empty,1,single,3,4,1
2025-06-08,ATH202506080,ATH,"Muncy, Max",muncm002,2,0,1B,1B,1,field_out,3,4,1
2025-06-08,ATH202506080,ATH,"Brown, Seth",brows003,2,1,1B,1B,1,field_out,3,4,1
2025-06-08,ATH202506080,ATH,"Urias, Luis",urial001,2,2,1B,1B,1,field_out,3,4,1
2025-06-08,ATH202506080,ATH,"Pereda, Jhonny",perej004,2,0,empty,empty,1,field_out,4,4,1
2025-06-08,ATH202506080,ATH,"Clarke, Denzel",clard004,2,1,empty,empty,1,strikeout,4,4,1
2025-06-08,ATH202506080,ATH,"Butler, Lawrence",butll001,3,2,empty,empty,1,field_out,4,4,1
2025-06-08,ATH202506080,ATH,"Wilson, Jacob",wilsj006,3,0,empty,empty,1,double,5,4,1
2025-06-08,ATH202506080,ATH,"Rooker, Brent",rookb001,3,0,2B,2B,1,walk,5,4,1
2025-06-08,ATH202506080,ATH,"Soderstrom, Tyler",sodet001,3,0,1B+2B,1B+2B,1,field_out,5,4,1
2025-06-08,ATH202506080,ATH,"Muncy, Max",muncm002,3,1,1B+2B,1B+2B,1,field_out,5,4,1
2025-06-08,ATH202506080,ATH,"Brown, Seth",brows003,3,2,1B+3B,1B+3B,1,strikeout,5,4,1
2025-06-08,ATH202506080,ATH,"Urias, Luis",urial001,3,0,empty,empty,1,field_out,6,4,1
2025-06-08,ATH202506080,ATH,"Pereda, Jhonny",perej004,3,1,empty,empty,1,field_error,6,4,1
2025-06-08,ATH202506080,ATH,"Clarke, Denzel",clard004,3,1,1B,1B,1,field_out,6,4,1
2025-06-08,ATH202506080,ATH,"Butler, Lawrence",butll001,4,2,1B,1B,1,strikeout,6,4,1
2025-06-08,ATH202506080,ATH,"Wilson, Jacob",wilsj006,4,0,empty,empty,1,field_out,7,4,1
2025-06-08,ATH202506080,ATH,"Rooker, Brent",rookb001,4,1,empty,empty,1,field_out,7,4,1
2025-06-08,ATH202506080,ATH,"Soderstrom, Tyler",sodet001,4,2,empty,empty,1,field_out,7,4,1
2025-06-08,ATH202506080,ATH,"Muncy, Max",muncm002,4,0,empty,empty,1,home_run,8,4,1
2025-06-08,ATH202506080,ATH,"Brown, Seth",brows003,4,0,empty,empty,1,field_out,8,5,1
2025-06-08,ATH202506080,ATH,"Urias, Luis",urial001,4,1,empty,empty,1,strikeout,8,5,1
2025-06-08,ATH202506080,ATH,"Pereda, Jhonny",perej004,4,2,empty,empty,1,field_out,8,5,1
2025-06-09,ANA202506090,ATH,"Butler, Lawrence",butll001,1,0,empty,empty,1,strikeout,1,0,0
2025-06-09,ANA202506090,ATH,"Wilson, Jacob",wilsj006,1,1,empty,empty,1,field_out,1,0,0
2025-06-09,ANA202506090,ATH,"Rooker, Brent",rookb001,1,2,empty,empty,1,field_out,1,0,0
2025-06-09,ANA202506090,ATH,"Soderstrom, Tyler",sodet001,1,0,empty,empty,1,field_out,2,0,0
2025-06-09,ANA202506090,ATH,"Muncy, Max",muncm002,1,1,empty,empty,1,field_out,2,0,0
2025-06-09,ANA202506090,ATH,"Kurtz, Nick",kurtn001,1,2,empty,empty,1,field_out,2,0,0
2025-06-09,ANA202506090,ATH,"Urias, Luis",urial001,1,0,empty,empty,1,field_out,3,0,0
2025-06-09,ANA202506090,ATH,"MacIver, Willie",maciw001,1,1,empty,empty,1,strikeout,3,0,0
2025-06-09,ANA202506090,ATH,"Clarke, Denzel",clard004,1,2,empty,empty,1,strikeout,3,0,0
2025-06-09,ANA202506090,ATH,"Butler, Lawrence",butll001,2,0,empty,empty,1,field_out,4,0,3
2025-06-09,ANA202506090,ATH,"Wilson, Jacob",wilsj006,2,1,empty,empty,1,field_out,4,0,3
2025-06-09,ANA202506090,ATH,"Rooker, Brent",rookb001,2,2,empty,empty,1,field_out,4,0,3
2025-06-09,ANA202506090,ATH,"Soderstrom, Tyler",sodet001,2,0,empty,empty,1,field_out,5,0,4
2025-06-09,ANA202506090,ATH,"Muncy, Max",muncm002,2,1,empty,empty,1,single,5,0,4
2025-06-09,ANA202506090,ATH,"Kurtz, Nick",kurtn001,2,1,1B,1B,1,strikeout,5,0,4
2025-06-09,ANA202506090,ATH,"Urias, Luis",urial001,2,2,1B,2B,0,walk,5,0,4
2025-06-09,ANA202506090,ATH,"MacIver, Willie",maciw001,2,2,1B+2B,1B+2B,1,field_out,5,0,4
2025-06-09,ANA202506090,ATH,"Clarke, Denzel",clard004,2,0,empty,empty,1,field_out,6,0,4
2025-06-09,ANA202506090,ATH,"Butler, Lawrence",butll001,3,1,empty,empty,1,field_out,6,0,4
2025-06-09,ANA202506090,ATH,"Wilson, Jacob",wilsj006,3,2,empty,empty,1,field_out,6,0,4
2025-06-09,ANA202506090,ATH,"Rooker, Brent",rookb001,3,0,empty,empty,1,field_out,7,0,4
2025-06-09,ANA202506090,ATH,"Soderstrom, Tyler",sodet001,3,1,empty,empty,1,field_out,7,0,4
2025-06-09,ANA202506090,ATH,"Muncy, Max",muncm002,3,2,empty,empty,1,field_out,7,0,4
2025-06-09,ANA202506090,ATH,"Kurtz, Nick",kurtn001,3,0,empty,empty,1,strikeout,8,0,4
2025-06-09,ANA202506090,ATH,"Urias, Luis",urial001,3,1,empty,empty,1,single,8,0,4
2025-06-09,ANA202506090,ATH,"Bleday, JJ",bledj001,1,1,1B,1B,1,home_run,8,0,4
2025-06-09,ANA202506090,ATH,"Brown, Seth",brows003,1,1,empty,empty,1,walk,8,2,4
2025-06-09,ANA202506090,ATH,"Butler, Lawrence",butll001,4,1,1B,1B,1,field_out,8,2,4
2025-06-09,ANA202506090,ATH,"Wilson, Jacob",wilsj006,4,2,1B,1B,1,field_out,8,2,4
2025-06-09,ANA202506090,ATH,"Rooker, Brent",rookb001,4,0,empty,empty,1,field_out,9,2,7
2025-06-09,ANA202506090,ATH,"Soderstrom, Tyler",sodet001,4,1,empty,empty,1,single,9,2,7
2025-06-09,ANA202506090,ATH,"Muncy, Max",muncm002,4,1,1B,1B,1,home_run,9,2,7
2025-06-09,ANA202506090,ATH,"Kurtz, Nick",kurtn001,4,1,empty,empty,1,field_out,9,4,7
2025-06-09,ANA202506090,ATH,"Urias, Luis",urial001,4,2,empty,empty,1,field_out,9,4,7
2025-06-10,ANA202506100,ATH,"Butler, Lawrence",butll001,1,0,empty,empty,1,strikeout,1,0,0
2025-06-10,ANA202506100,ATH,"Rooker, Brent",rookb001,1,1,empty,empty,1,field_out,1,0,0
2025-06-10,ANA202506100,ATH,"Soderstrom, Tyler",sodet001,1,2,empty,empty,1,field_out,1,0,0
2025-06-10,ANA202506100,ATH,"Kurtz, Nick",kurtn001,1,0,empty,empty,1,field_out,2,0,0
2025-06-10,ANA202506100,ATH,"Muncy, Max",muncm002,1,1,empty,empty,1,strikeout,2,0,0
2025-06-10,ANA202506100,ATH,"Urias, Luis",urial001,1,2,empty,empty,1,walk,2,0,0
2025-06-10,ANA202506100,ATH,"Wynns, Austin",wynna001,1,2,1B,1B,1,strikeout,2,0,0
2025-06-10,ANA202506100,ATH,"Schuemann, Max",schum002,1,0,empty,empty,1,field_out,3,0,0
2025-06-10,ANA202506100,ATH,"Clarke, Denzel",clard004,1,1,empty,empty,1,strikeout,3,0,0
2025-06-10,ANA202506100,ATH,"Butler, Lawrence",butll001,2,2,empty,empty,1,field_out,3,0,0
2025-06-10,ANA202506100,ATH,"Rooker, Brent",rookb001,2,0,empty,empty,1,field_out,4,0,0
2025-06-10,ANA202506100,ATH,"Soderstrom, Tyler",sodet001,2,1,empty,empty,1,strikeout,4,0,0
2025-06-10,ANA202506100,ATH,"Kurtz, Nick",kurtn001,2,2,empty,empty,1,strikeout,4,0,0
2025-06-10,ANA202506100,ATH,"Muncy, Max",muncm002,2,0,empty,empty,1,strikeout,5,0,0
2025-06-10,ANA202506100,ATH,"Urias, Luis",urial001,2,1,empty,empty,1,strikeout,5,0,0
2025-06-10,ANA202506100,ATH,"Wynns, Austin",wynna001,2,2,empty,empty,1,strikeout,5,0,0
2025-06-10,ANA202506100,ATH,"Schuemann, Max",schum002,2,0,empty,empty,1,walk,6,0,0
2025-06-10,ANA202506100,ATH,"Clarke, Denzel",clard004,2,0,1B,1B,1,strikeout,6,0,0
2025-06-10,ANA202506100,ATH,"Butler, Lawrence",butll001,3,1,1B,1B,1,strikeout,6,0,0
2025-06-10,ANA202506100,ATH,"Rooker, Brent",rookb001,3,2,1B,1B,1,double,6,0,0
2025-06-10,ANA202506100,ATH,"Soderstrom, Tyler",sodet001,3,2,2B,2B,1,field_out,6,1,0
2025-06-10,ANA202506100,ATH,"Kurtz, Nick",kurtn001,3,0,empty,empty,1,double,7,1,0
2025-06-10,ANA202506100,ATH,"Muncy, Max",muncm002,3,0,2B,2B,1,strikeout,7,1,0
2025-06-10,ANA202506100,ATH,"Urias, Luis",urial001,3,1,2B,2B,1,field_out,7,1,0
2025-06-10,ANA202506100,ATH,"Wynns, Austin",wynna001,3,2,2B,2B,1,field_out,7,1,0
2025-06-10,ANA202506100,ATH,"Schuemann, Max",schum002,3,0,empty,empty,1,double,8,1,0
2025-06-10,ANA202506100,ATH,"Clarke, Denzel",clard004,3,0,2B,2B,1,fielders_choice_out,8,1,0
2025-06-10,ANA202506100,ATH,"Butler, Lawrence",butll001,4,1,1B,1B,1,field_out,8,1,0
2025-06-10,ANA202506100,ATH,"Rooker, Brent",rookb001,4,2,1B,1B,1,field_out,8,1,0
2025-06-10,ANA202506100,ATH,"Soderstrom, Tyler",sodet001,4,0,empty,empty,1,single,9,1,1
2025-06-10,ANA202506100,ATH,"Kurtz, Nick",kurtn001,4,0,1B,1B,1,field_out,9,1,1
2025-06-10,ANA202506100,ATH,"Muncy, Max",muncm002,4,1,1B,1B,1,field_out,9,1,1
2025-06-10,ANA202506100,ATH,"Urias, Luis",urial001,4,2,1B,1B,1,field_out,9,1,1
2025-06-10,ANA202506100,ATH,"Wynns, Austin",wynna001,4,0,2B,2B,1,strikeout,10,1,1
2025-06-10,ANA202506100,ATH,"Schuemann, Max",schum002,4,1,2B,2B,1,strikeout,10,1,1
2025-06-10,ANA202506100,ATH,"Clarke, Denzel",clard004,4,2,2B,2B,1,field_out,10,1,1
2025-06-11,ANA202506110,ATH,"Butler, Lawrence",butll001,1,0,empty,empty,1,strikeout,1,0,0
2025-06-11,ANA202506110,ATH,"Rooker, Brent",rookb001,1,1,empty,empty,1,double,1,0,0
2025-06-11,ANA202506110,ATH,"Soderstrom, Tyler",sodet001,1,1,2B,2B,1,walk,1,0,0
2025-06-11,ANA202506110,ATH,"Brown, Seth",brows003,1,1,1B+2B,1B+2B,1,field_out,1,0,0
2025-06-11,ANA202506110,ATH,"Muncy, Max",muncm002,1,2,1B+2B,1B+2B,1,single,1,0,0
2025-06-11,ANA202506110,ATH,"Bleday, JJ",bledj001,1,2,1B+3B,1B+3B,1,field_out,1,1,0
2025-06-11,ANA202506110,ATH,"Urias, Luis",urial001,1,0,empty,empty,1,field_out,2,1,0
2025-06-11,ANA202506110,ATH,"MacIver, Willie",maciw001,1,1,empty,empty,1,double,2,1,0
2025-06-11,ANA202506110,ATH,"Schuemann, Max",schum002,1,1,2B,2B,1,field_out,2,1,0
2025-06-11,ANA202506110,ATH,"Butler, Lawrence",butll001,2,2,2B,2B,1,field_out,2,1,0
2025-06-11,ANA202506110,ATH,"Rooker, Brent",rookb001,2,0,empty,empty,1,home_run,3,1,0
2025-06-11,ANA202506110,ATH,"Soderstrom, Tyler",sodet001,2,0,empty,empty,1,field_out,3,2,0
2025-06-11,ANA202506110,ATH,"Brown, Seth",brows003,2,1,empty,empty,1,field_out,3,2,0
2025-06-11,ANA202506110,ATH,"Muncy, Max",muncm002,2,2,empty,empty,1,single,3,2,0
2025-06-11,ANA202506110,ATH,"Bleday, JJ",bledj001,2,2,1B,1B,1,field_out,3,2,0
2025-06-11,ANA202506110,ATH,"Urias, Luis",urial001,2,0,empty,empty,1,double,4,2,0
2025-06-11,ANA202506110,ATH,"MacIver, Willie",maciw001,2,0,3B,3B,1,strikeout,4,2,0
2025-06-11,ANA202506110,ATH,"Schuemann, Max",schum002,2,1,3B,3B,1,sac_fly,4,2,0
2025-06-11,ANA202506110,ATH,"Butler, Lawrence",butll001,3,2,empty,empty,1,strikeout,4,3,0
2025-06-11,ANA202506110,ATH,"Rooker, Brent",rookb001,3,0,empty,empty,1,single,5,3,0
2025-06-11,ANA202506110,ATH,"Soderstrom, Tyler",sodet001,3,0,1B,1B,1,grounded_into_double_play,5,3,0
2025-06-11,ANA202506110,ATH,"Brown, Seth",brows003,3,2,empty,empty,1,field_out,5,3,0
2025-06-11,ANA202506110,ATH,"Muncy, Max",muncm002,3,0,empty,empty,1,field_out,6,3,0
2025-06-11,ANA202506110,ATH,"Bleday, JJ",bledj001,3,1,empty,empty,1,field_out,6,3,0
2025-06-11,ANA202506110,ATH,"Urias, Luis",urial001,3,2,empty,empty,1,field_out,6,3,0
2025-06-11,ANA202506110,ATH,"MacIver, Willie",maciw001,3,0,empty,empty,1,strikeout,7,3,6
2025-06-11,ANA202506110,ATH,"Schuemann, Max",schum002,3,1,empty,empty,1,walk,7,3,6
2025-06-11,ANA202506110,ATH,"Butler, Lawrence",butll001,4,1,1B,1B,1,field_out,7,3,6
2025-06-11,ANA202506110,ATH,"Rooker, Brent",rookb001,4,2,2B,2B,1,home_run,7,3,6
2025-06-11,ANA202506110,ATH,"Soderstrom, Tyler",sodet001,4,2,empty,empty,1,single,7,5,6
2025-06-11,ANA202506110,ATH,"Wynns, Austin",wynna001,1,2,1B,1B,1,walk,7,5,6
2025-06-11,ANA202506110,ATH,"Muncy, Max",muncm002,4,2,1B+2B,1B+2B,1,strikeout,7,5,6
2025-06-11,ANA202506110,ATH,"Bleday, JJ",bledj001,4,0,empty,empty,1,double,8,5,6
2025-06-11,ANA202506110,ATH,"Urias, Luis",urial001,4,0,2B,2B,1,field_out,8,5,6
2025-06-11,ANA202506110,ATH,"MacIver, Willie",maciw001,4,1,2B,2B,1,field_out,8,5,6
2025-06-11,ANA202506110,ATH,"Schuemann, Max",schum002,4,2,2B,2B,1,field_out,8,5,6
2025-06-11,ANA202506110,ATH,"Butler, Lawrence",butll001,5,0,empty,empty,1,strikeout,9,5,6
2025-06-11,ANA202506110,ATH,"Rooker, Brent",rookb001,5,1,empty,empty,1,field_out,9,5,6
2025-06-11,ANA202506110,ATH,"Soderstrom, Tyler",sodet001,5,2,empty,empty,1,strikeout,9,5,6
2025-06-13,KCA202506130,ATH,"Butler, Lawrence",butll001,1,0,empty,empty,1,strikeout,1,0,0
2025-06-13,KCA202506130,ATH,"Wilson, Jacob",wilsj006,1,1,empty,empty,1,field_out,1,0,0
2025-06-13,KCA202506130,ATH,"Rooker, Brent",rookb001,1,2,empty,empty,1,single,1,0,0
2025-06-13,KCA202506130,ATH,"Soderstrom, Tyler",sodet001,1,2,1B,1B,1,field_out,1,0,0
2025-06-13,KCA202506130,ATH,"Muncy, Max",muncm002,1,0,empty,empty,1,field_out,2,0,1
2025-06-13,KCA202506130,ATH,"Kurtz, Nick",kurtn001,1,1,empty,empty,1,strikeout,2,0,1
2025-06-13,KCA202506130,ATH,"Wynns, Austin",wynna001,1,2,empty,empty,1,home_run,2,0,1
2025-06-13,KCA202506130,ATH,"Urias, Luis",urial001,1,2,empty,empty,1,single,2,1,1
2025-06-13,KCA202506130,ATH,"Clarke, Denzel",clard004,1,2,1B,1B,1,field_out,2,1,1
2025-06-13,KCA202506130,ATH,"Butler, Lawrence",butll001,2,0,empty,empty,1,field_out,3,1,1
2025-06-13,KCA202506130,ATH,"Wilson, Jacob",wilsj006,2,1,empty,empty,1,single,3,1,1
2025-06-13,KCA202506130,ATH,"Rooker, Brent",rookb001,2,1,1B,1B,1,walk,3,1,1
2025-06-13,KCA202506130,ATH,"Soderstrom, Tyler",sodet001,2,1,1B+2B,1B+2B,1,field_out,3,1,1
2025-06-13,KCA202506130,ATH,"Muncy, Max",muncm002,2,2,2B+3B,2B+3B,1,hit_by_pitch,3,1,1
2025-06-13,KCA202506130,ATH,"Kurtz, Nick",kurtn001,2,2,1B+2B+3B,1B+2B+3B,1,single,3,1,1
2025-06-13,KCA202506130,ATH,"Wynns, Austin",wynna001,2,2,1B+2B+3B,1B+2B+3B,1,field_out,3,2,1
2025-06-13,KCA202506130,ATH,"Urias, Luis",urial001,2,0,empty,empty,1,home_run,4,2,1
2025-06-13,KCA202506130,ATH,"Clarke, Denzel",clard004,2,0,empty,empty,1,strikeout,4,3,1
2025-06-13,KCA202506130,ATH,"Butler, Lawrence",butll001,3,1,empty,empty,1,single,4,3,1
2025-06-13,KCA202506130,ATH,"Wilson, Jacob",wilsj006,3,1,1B,1B,1,field_out,4,3,1
2025-06-13,KCA202506130,ATH,"Rooker, Brent",rookb001,3,2,1B,1B,1,walk,4,3,1
2025-06-13,KCA202506130,ATH,"Soderstrom, Tyler",sodet001,3,2,1B+2B,1B+3B,0,field_out,4,3,1
2025-06-13,KCA202506130,ATH,"Muncy, Max",muncm002,3,0,empty,empty,1,strikeout,5,3,1
2025-06-13,KCA202506130,ATH,"Kurtz, Nick",kurtn001,3,1,empty,empty,1,field_out,5,3,1
2025-06-13,KCA202506130,ATH,"Wynns, Austin",wynna001,3,2,empty,empty,1,strikeout,5,3,1
2025-06-13,KCA202506130,ATH,"Urias, Luis",urial001,3,0,empty,empty,1,field_out,6,3,1
2025-06-13,KCA202506130,ATH,"Clarke, Denzel",clard004,3,1,empty,empty,1,single,6,3,1
2025-06-13,KCA202506130,ATH,"Butler, Lawrence",butll001,4,1,1B,1B,1,single,6,3,1
2025-06-13,KCA202506130,ATH,"Wilson, Jacob",wilsj006,4,1,1B+2B,1B+2B,1,single,6,3,1
2025-06-13,KCA202506130,ATH,"Rooker, Brent",rookb001,4,1,1B+2B+3B,1B+2B+3B,1,strikeout,6,3,1
2025-06-13,KCA202506130,ATH,"Soderstrom, Tyler",sodet001,4,2,1B+2B+3B,1B+2B+3B,1,walk,6,3,1
2025-06-13,KCA202506130,ATH,"Muncy, Max",muncm002,4,2,1B+2B+3B,1B+2B+3B,1,single,6,4,1
2025-06-13,KCA202506130,ATH,"Kurtz, Nick",kurtn001,4,2,1B+2B,1B+2B,1,strikeout,6,6,1
2025-06-13,KCA202506130,ATH,"Wynns, Austin",wynna001,4,0,empty,empty,1,field_out,7,6,1
2025-06-13,KCA202506130,ATH,"Urias, Luis",urial001,4,1,empty,empty,1,field_out,7,6,1
2025-06-13,KCA202506130,ATH,"Clarke, Denzel",clard004,4,2,empty,empty,1,field_out,7,6,1
2025-06-13,KCA202506130,ATH,"Butler, Lawrence",butll001,5,0,empty,empty,1,strikeout,8,6,1
2025-06-13,KCA202506130,ATH,"Wilson, Jacob",wilsj006,5,1,empty,empty,1,field_out,8,6,1
2025-06-13,KCA202506130,ATH,"Rooker, Brent",rookb001,5,2,empty,empty,1,field_out,8,6,1
2025-06-13,KCA202506130,ATH,"Soderstrom, Tyler",sodet001,5,0,empty,empty,1,field_out,9,6,1
2025-06-13,KCA202506130,ATH,"Muncy, Max",muncm002,5,1,empty,empty,1,field_out,9,6,1
2025-06-13,KCA202506130,ATH,"Kurtz, Nick",kurtn001,5,2,empty,empty,1,field_out,9,6,1
2025-06-14,KCA202506140,ATH,"Butler, Lawrence",butll001,1,0,empty,empty,1,field_out,1,0,0
2025-06-14,KCA202506140,ATH,"Wilson, Jacob",wilsj006,1,1,empty,empty,1,field_out,1,0,0
2025-06-14,KCA202506140,ATH,"Rooker, Brent",rookb001,1,2,empty,empty,1,field_out,1,0,0
2025-06-14,KCA202506140,ATH,"Soderstrom, Tyler",sodet001,1,0,empty,empty,1,walk,2,0,0
2025-06-14,KCA202506140,ATH,"Muncy, Max",muncm002,1,0,1B,1B,1,home_run,2,0,0
2025-06-14,KCA202506140,ATH,"Kurtz, Nick",kurtn001,1,0,empty,empty,1,field_out,2,2,0
2025-06-14,KCA202506140,ATH,"Urias, Luis",urial001,1,1,empty,empty,1,field_out,2,2,0
2025-06-14,KCA202506140,ATH,"MacIver, Willie",maciw001,1,2,empty,empty,1,field_out,2,2,0
2025-06-14,KCA202506140,ATH,"Clarke, Denzel",clard004,1,0,empty,empty,1,strikeout,3,2,0
2025-06-14,KCA202506140,ATH,"Butler, Lawrence",butll001,2,1,empty,empty,1,strikeout,3,2,0
2025-06-14,KCA202506140,ATH,"Wilson, Jacob",wilsj006,2,2,empty,empty,1,single,3,2,0
2025-06-14,KCA202506140,ATH,"Rooker, Brent",rookb001,2,2,1B,1B,1,strikeout,3,2,0
2025-06-14,KCA202506140,ATH,"Soderstrom, Tyler",sodet001,2,0,empty,empty,1,walk,4,2,0
2025-06-14,KCA202506140,ATH,"Muncy, Max",muncm002,2,0,1B,1B,1,field_out,4,2,0
2025-06-14,KCA202506140,ATH,"Kurtz, Nick",kurtn001,2,1,1B,1B,1,field_out,4,2,0
2025-06-14,KCA202506140,ATH,"Urias, Luis",urial001,2,2,1B,2B,0,double,4,2,0
2025-06-14,KCA202506140,ATH,"MacIver, Willie",maciw001,2,2,2B,2B,1,field_out,4,3,0
2025-06-14,KCA202506140,ATH,"Clarke, Denzel",clard004,2,0,empty,empty,1,single,5,3,0
2025-06-14,KCA202506140,ATH,"Butler, Lawrence",butll001,3,0,1B,1B,1,field_out,5,3,0
2025-06-14,KCA202506140,ATH,"Wilson, Jacob",wilsj006,3,1,1B,2B,0,field_out,5,3,0
2025-06-14,KCA202506140,ATH,"Rooker, Brent",rookb001,3,2,3B,3B,1,walk,5,3,0
2025-06-14,KCA202506140,ATH,"Soderstrom, Tyler",sodet001,3,2,1B+3B,1B+3B,1,field_out,5,3,0
2025-06-14,KCA202506140,ATH,"Muncy, Max",muncm002,3,0,empty,empty,1,field_out,6,3,0
2025-06-14,KCA202506140,ATH,"Kurtz, Nick",kurtn001,3,1,empty,empty,1,strikeout,6,3,0
2025-06-14,KCA202506140,ATH,"Urias, Luis",urial001,3,2,empty,empty,1,field_out,6,3,0
2025-06-14,KCA202506140,ATH,"MacIver, Willie",maciw001,3,0,empty,empty,1,field_out,7,3,0
2025-06-14,KCA202506140,ATH,"Clarke, Denzel",clard004,3,1,empty,empty,1,field_out,7,3,0
2025-06-14,KCA202506140,ATH,"Butler, Lawrence",butll001,4,2,empty,empty,1,home_run,7,3,0
2025-06-14,KCA202506140,ATH,"Wilson, Jacob",wilsj006,4,2,empty,empty,1,single,7,4,0
2025-06-14,KCA202506140,ATH,"Rooker, Brent",rookb001,4,2,1B,1B,1,field_out,7,4,0
2025-06-14,KCA202506140,ATH,"Soderstrom, Tyler",sodet001,4,0,empty,empty,1,field_out,8,4,0
2025-06-14,KCA202506140,ATH,"Muncy, Max",muncm002,4,1,empty,empty,1,field_out,8,4,0
2025-06-14,KCA202506140,ATH,"Kurtz, Nick",kurtn001,4,2,empty,empty,1,field_out,8,4,0
2025-06-14,KCA202506140,ATH,"Urias, Luis",urial001,4,0,empty,empty,1,field_out,9,4,0
2025-06-14,KCA202506140,ATH,"MacIver, Willie",maciw001,4,1,empty,empty,1,field_out,9,4,0
2025-06-14,KCA202506140,ATH,"Clarke, Denzel",clard004,4,2,empty,empty,1,field_out,9,4,0
2025-06-15,KCA202506150,ATH,"Butler, Lawrence",butll001,1,0,empty,empty,1,field_out,1,0,0
2025-06-15,KCA202506150,ATH,"Wilson, Jacob",wilsj006,1,1,empty,empty,1,field_out,1,0,0
2025-06-15,KCA202506150,ATH,"Rooker, Brent",rookb001,1,2,empty,empty,1,walk,1,0,0
2025-06-15,KCA202506150,ATH,"Wynns, Austin",wynna001,1,2,1B,1B,1,strikeout,1,0,0
2025-06-15,KCA202506150,ATH,"Muncy, Max",muncm002,1,0,empty,empty,1,field_out,2,0,0
2025-06-15,KCA202506150,ATH,"Kurtz, Nick",kurtn001,1,1,empty,empty,1,single,2,0,0
2025-06-15,KCA202506150,ATH,"Urias, Luis",urial001,1,1,1B,1B,1,single,2,0,0
2025-06-15,KCA202506150,ATH,"Bleday, JJ",bledj001,1,1,1B+2B,1B+2B,1,strikeout,2,0,0
2025-06-15,KCA202506150,ATH,"Clarke, Denzel",clard004,1,2,1B+2B,1B+2B,1,strikeout,2,0,0
2025-06-15,KCA202506150,ATH,"Butler, Lawrence",butll001,2,0,empty,empty,1,field_out,3,0,0
2025-06-15,KCA202506150,ATH,"Wilson, Jacob",wilsj006,2,1,empty,empty,1,strikeout,3,0,0
2025-06-15,KCA202506150,ATH,"Rooker, Brent",rookb001,2,2,empty,empty,1,double,3,0,0
2025-06-15,KCA202506150,ATH,"Wynns, Austin",wynna001,2,2,2B,2B,1,strikeout,3,0,0
2025-06-15,KCA202506150,ATH,"Muncy, Max",muncm002,2,0,empty,empty,1,strikeout,4,0,2
2025-06-15,KCA202506150,ATH,"Kurtz, Nick",kurtn001,2,1,empty,empty,1,field_out,4,0,2
2025-06-15,KCA202506150,ATH,"Urias, Luis",urial001,2,2,empty,empty,1,field_out,4,0,2
2025-06-15,KCA202506150,ATH,"Bleday, JJ",bledj001,2,0,empty,empty,1,strikeout,5,0,2
2025-06-15,KCA202506150,ATH,"Clarke, Denzel",clard004,2,1,empty,empty,1,field_out,5,0,2
2025-06-15,KCA202506150,ATH,"Butler, Lawrence",butll001,3,2,empty,empty,1,double,5,0,2
2025-06-15,KCA202506150,ATH,"Wilson, Jacob",wilsj006,3,0,2B,empty,0,single,6,0,2
2025-06-15,KCA202506150,ATH,"Rooker, Brent",rookb001,3,0,1B,1B,1,field_out,6,0,2
2025-06-15,KCA202506150,ATH,"Wynns, Austin",wynna001,3,1,1B,1B,1,home_run,6,0,2
2025-06-15,KCA202506150,ATH,"Muncy, Max",muncm002,3,1,empty,empty,1,field_out,6,2,2
2025-06-15,KCA202506150,ATH,"Kurtz, Nick",kurtn001,3,2,empty,empty,1,strikeout,6,2,2
2025-06-15,KCA202506150,ATH,"Urias, Luis",urial001,3,0,empty,empty,1,field_out,7,2,2
2025-06-15,KCA202506150,ATH,"Bleday, JJ",bledj001,3,1,empty,empty,1,strikeout,7,2,2
2025-06-15,KCA202506150,ATH,"Clarke, Denzel",clard004,3,2,empty,empty,1,double,7,2,2
2025-06-15,KCA202506150,ATH,"Butler, Lawrence",butll001,4,2,2B,2B,1,walk,7,2,2
2025-06-15,KCA202506150,ATH,"Wilson, Jacob",wilsj006,4,2,1B+2B,1B+2B,1,field_out,7,2,2
2025-06-15,KCA202506150,ATH,"Rooker, Brent",rookb001,4,0,empty,empty,1,single,8,2,2
2025-06-15,KCA202506150,ATH,"Wynns, Austin",wynna001,4,0,1B,1B,1,grounded_into_double_play,8,2,2
2025-06-15,KCA202506150,ATH,"Muncy, Max",muncm002,4,2,empty,empty,1,field_out,8,2,2
2025-06-15,KCA202506150,ATH,"Kurtz, Nick",kurtn001,4,0,empty,empty,1,home_run,9,2,2
2025-06-15,KCA202506150,ATH,"Soderstrom, Tyler",sodet001,1,0,empty,empty,1,walk,9,3,2
2025-06-15,KCA202506150,ATH,"Bleday, JJ",bledj001,4,0,1B,1B,1,field_out,9,3,2
2025-06-15,KCA202506150,ATH,"Clarke, Denzel",clard004,4,1,1B,1B,1,field_out,9,3,2
2025-06-15,KCA202506150,ATH,"Butler, Lawrence",butll001,5,2,1B,1B,1,strikeout,9,3,2
2025-06-16,ATH202506160,ATH,"Butler, Lawrence",butll001,1,0,empty,empty,1,field_out,1,0,1
2025-06-16,ATH202506160,ATH,"Wilson, Jacob",wilsj006,1,1,empty,empty,1,field_out,1,0,1
2025-06-16,ATH202506160,ATH,"Soderstrom, Tyler",sodet001,1,2,empty,empty,1,strikeout,1,0,1
2025-06-16,ATH202506160,ATH,"Rooker, Brent",rookb001,1,0,empty,empty,1,field_out,2,0,1
2025-06-16,ATH202506160,ATH,"Kurtz, Nick",kurtn001,1,1,empty,empty,1,field_out,2,0,1
2025-06-16,ATH202506160,ATH,"Muncy, Max",muncm002,1,2,empty,empty,1,single,2,0,1
2025-06-16,ATH202506160,ATH,"Bleday, JJ",bledj001,1,2,1B,1B,1,strikeout,2,0,1
2025-06-16,ATH202506160,ATH,"MacIver, Willie",maciw001,1,0,empty,empty,1,field_out,3,0,1
2025-06-16,ATH202506160,ATH,"Schuemann, Max",schum002,1,1,empty,empty,1,strikeout,3,0,1
2025-06-16,ATH202506160,ATH,"Butler, Lawrence",butll001,2,2,empty,empty,1,field_error,3,0,1
2025-06-16,ATH202506160,ATH,"Wilson, Jacob",wilsj006,2,2,1B,1B,1,strikeout,3,0,1
2025-06-16,ATH202506160,ATH,"Soderstrom, Tyler",sodet001,2,0,empty,empty,1,field_out,4,0,1
2025-06-16,ATH202506160,ATH,"Rooker, Brent",rookb001,2,1,empty,empty,1,strikeout,4,0,1
2025-06-16,ATH202506160,ATH,"Kurtz, Nick",kurtn001,2,2,empty,empty,1,strikeout,4,0,1
2025-06-16,ATH202506160,ATH,"Muncy, Max",muncm002,2,0,empty,empty,1,strikeout,5,0,1
2025-06-16,ATH202506160,ATH,"Bleday, JJ",bledj001,2,1,empty,empty,1,home_run,5,0,1
2025-06-16,ATH202506160,ATH,"MacIver, Willie",maciw001,2,1,empty,empty,1,single,5,1,1
2025-06-16,ATH202506160,ATH,"Schuemann, Max",schum002,2,1,1B,1B,1,walk,5,1,1
2025-06-16,ATH202506160,ATH,"Butler, Lawrence",butll001,3,1,1B+3B,1B+3B,1,strikeout,5,1,1
2025-06-16,ATH202506160,ATH,"Wilson, Jacob",wilsj006,3,2,1B+3B,1B+3B,1,field_out,5,1,1
2025-06-16,ATH202506160,ATH,"Soderstrom, Tyler",sodet001,3,0,empty,empty,1,strikeout,6,1,1
2025-06-16,ATH202506160,ATH,"Rooker, Brent",rookb001,3,1,empty,empty,1,field_out,6,1,1
2025-06-16,ATH202506160,ATH,"Kurtz, Nick",kurtn001,3,2,empty,empty,1,field_out,6,1,1
2025-06-16,ATH202506160,ATH,"Muncy, Max",muncm002,3,0,empty,empty,1,single,7,1,1
2025-06-16,ATH202506160,ATH,"Bleday, JJ",bledj001,3,0,1B,1B,1,grounded_into_double_play,7,1,1
2025-06-16,ATH202506160,ATH,"MacIver, Willie",maciw001,3,2,empty,empty,1,field_out,7,1,1
2025-06-16,ATH202506160,ATH,"Schuemann, Max",schum002,3,0,empty,empty,1,hit_by_pitch,8,1,1
2025-06-16,ATH202506160,ATH,"Butler, Lawrence",butll001,4,0,1B,1B,1,strikeout,8,1,1
2025-06-16,ATH202506160,ATH,"Wilson, Jacob",wilsj006,4,1,1B,1B,1,field_out,8,1,1
2025-06-16,ATH202506160,ATH,"Soderstrom, Tyler",sodet001,4,2,1B,1B,1,single,8,1,1
2025-06-16,ATH202506160,ATH,"Rooker, Brent",rookb001,4,0,empty,empty,1,walk,9,1,1
2025-06-16,ATH202506160,ATH,"Kurtz, Nick",kurtn001,4,0,1B,1B,1,home_run,9,1,1
2025-06-17,ATH202506170,ATH,"Butler, Lawrence",butll001,1,0,empty,empty,1,strikeout,1,0,2
2025-06-17,ATH202506170,ATH,"Wilson, Jacob",wilsj006,1,1,empty,empty,1,walk,1,0,2
2025-06-17,ATH202506170,ATH,"Soderstrom, Tyler",sodet001,1,1,1B,1B,1,field_out,1,0,2
2025-06-17,ATH202506170,ATH,"Rooker, Brent",rookb001,1,2,1B,1B,1,field_out,1,0,2
2025-06-17,ATH202506170,ATH,"Kurtz, Nick",kurtn001,1,0,empty,empty,1,strikeout,2,0,3
2025-06-17,ATH202506170,ATH,"Muncy, Max",muncm002,1,1,empty,empty,1,strikeout,2,0,3
2025-06-17,ATH202506170,ATH,"Wynns, Austin",wynna001,1,2,empty,empty,1,field_out,2,0,3
2025-06-17,ATH202506170,ATH,"Urias, Luis",urial001,1,0,empty,empty,1,walk,3,0,3
2025-06-17,ATH202506170,ATH,"Clarke, Denzel",clard004,1,0,1B,1B,1,field_out,3,0,3
2025-06-17,ATH202506170,ATH,"Butler, Lawrence",butll001,2,1,2B,2B,1,field_out,3,0,3
2025-06-17,ATH202506170,ATH,"Wilson, Jacob",wilsj006,2,2,3B,3B,1,hit_by_pitch,3,0,3
2025-06-17,ATH202506170,ATH,"Soderstrom, Tyler",sodet001,2,2,1B+3B,1B+3B,1,field_out,3,0,3
2025-06-17,ATH202506170,ATH,"Rooker, Brent",rookb001,2,0,empty,empty,1,single,4,0,5
2025-06-17,ATH202506170,ATH,"Kurtz, Nick",kurtn001,2,0,1B,1B,1,grounded_into_double_play,4,0,5
2025-06-17,ATH202506170,ATH,"Muncy, Max",muncm002,2,2,empty,empty,1,strikeout,4,0,5
2025-06-17,ATH202506170,ATH,"Wynns, Austin",wynna001,2,0,empty,empty,1,field_out,5,0,9
2025-06-17,ATH202506170,ATH,"Urias, Luis",urial001,2,1,empty,empty,1,field_out,5,0,9
2025-06-17,ATH202506170,ATH,"Clarke, Denzel",clard004,2,2,empty,empty,1,field_out,5,0,9
2025-06-17,ATH202506170,ATH,"Butler, Lawrence",butll001,3,0,empty,empty,1,field_out,6,0,9
2025-06-17,ATH202506170,ATH,"Wilson, Jacob",wilsj006,3,1,empty,empty,1,field_out,6,0,9
2025-06-17,ATH202506170,ATH,"Soderstrom, Tyler",sodet001,3,2,empty,empty,1,field_out,6,0,9
2025-06-17,ATH202506170,ATH,"Rooker, Brent",rookb001,3,0,empty,empty,1,walk,7,0,11
2025-06-17,ATH202506170,ATH,"Kurtz, Nick",kurtn001,3,0,1B,1B,1,double,7,0,11
2025-06-17,ATH202506170,ATH,"Urshela, Gio",urshg001,1,0,2B+3B,2B+3B,1,single,7,0,11
2025-06-17,ATH202506170,ATH,"Wynns, Austin",wynna001,3,0,1B+3B,1B+3B,1,field_error,7,1,11
2025-06-17,ATH202506170,ATH,"Urias, Luis",urial001,3,0,1B+3B,1B+3B,1,grounded_into_double_play,7,2,11
2025-06-17,ATH202506170,ATH,"Clarke, Denzel",clard004,3,2,empty,empty,1,field_out,7,3,11
2025-06-17,ATH202506170,ATH,"Butler, Lawrence",butll001,4,0,empty,empty,1,field_out,8,3,13
2025-06-17,ATH202506170,ATH,"Schuemann, Max",schum002,1,1,empty,empty,1,field_out,8,3,13
2025-06-17,ATH202506170,ATH,"Soderstrom, Tyler",sodet001,4,2,empty,empty,1,field_out,8,3,13
2025-06-17,ATH202506170,ATH,"Rooker, Brent",rookb001,4,0,empty,empty,1,field_out,9,3,13
2025-06-17,ATH202506170,ATH,"Kurtz, Nick",kurtn001,4,1,empty,empty,1,field_out,9,3,13
2025-06-17,ATH202506170,ATH,"Urshela, Gio",urshg001,2,2,empty,empty,1,double,9,3,13
2025-06-17,ATH202506170,ATH,"Wynns, Austin",wynna001,4,2,2B,2B,1,strikeout,9,3,13
2025-06-18,ATH202506180,ATH,"Schuemann, Max",schum002,1,0,empty,empty,1,field_out,1,0,0
2025-06-18,ATH202506180,ATH,"Wilson, Jacob",wilsj006,1,1,empty,empty,1,field_out,1,0,0
2025-06-18,ATH202506180,ATH,"Rooker, Brent",rookb001,1,2,empty,empty,1,single,1,0,0
2025-06-18,ATH202506180,ATH,"Urias, Luis",urial001,1,2,1B,1B,1,field_out,1,0,0
2025-06-18,ATH202506180,ATH,"Muncy, Max",muncm002,1,0,empty,empty,1,field_out,2,0,0
2025-06-18,ATH202506180,ATH,"Kurtz, Nick",kurtn001,1,1,empty,empty,1,double,2,0,0
2025-06-18,ATH202506180,ATH,"Urshela, Gio",urshg001,1,1,2B,2B,1,strikeout,2,0,0
2025-06-18,ATH202506180,ATH,"Wynns, Austin",wynna001,1,2,2B,2B,1,single,2,0,0
2025-06-18,ATH202506180,ATH,"Clarke, Denzel",clard004,1,2,1B,2B,0,field_out,2,1,0
2025-06-18,ATH202506180,ATH,"Schuemann, Max",schum002,2,0,empty,empty,1,field_out,3,1,1
2025-06-18,ATH202506180,ATH,"Wilson, Jacob",wilsj006,2,1,empty,empty,1,single,3,1,1
2025-06-18,ATH202506180,ATH,"Rooker, Brent",rookb001,2,2,1B,empty,0,walk,3,1,1
2025-06-18,ATH202506180,ATH,"Urias, Luis",urial001,2,2,1B,1B,1,field_out,3,1,1
2025-06-18,ATH202506180,ATH,"Muncy, Max",muncm002,2,0,empty,empty,1,walk,4,1,2
2025-06-18,ATH202506180,ATH,"Kurtz, Nick",kurtn001,2,0,1B,1B,1,field_out,4,1,2
2025-06-18,ATH202506180,ATH,"Urshela, Gio",urshg001,2,1,1B,1B,1,grounded_into_double_play,4,1,2
2025-06-18,ATH202506180,ATH,"Wynns, Austin",wynna001,2,0,empty,empty,1,field_out,5,1,2
2025-06-18,ATH202506180,ATH,"Clarke, Denzel",clard004,2,1,empty,empty,1,walk,5,1,2
2025-06-18,ATH202506180,ATH,"Schuemann, Max",schum002,3,1,1B,1B,1,fielders_choice,5,1,2
2025-06-18,ATH202506180,ATH,"Wilson, Jacob",wilsj006,3,1,1B+3B,1B+3B,1,grounded_into_double_play,5,1,2
2025-06-18,ATH202506180,ATH,"Rooker, Brent",rookb001,3,0,empty,empty,1,strikeout,6,1,9
2025-06-18,ATH202506180,ATH,"Urias, Luis",urial001,3,1,empty,empty,1,walk,6,1,9
2025-06-18,ATH202506180,ATH,"Muncy, Max",muncm002,3,1,1B,1B,1,walk,6,1,9
2025-06-18,ATH202506180,ATH,"Kurtz, Nick",kurtn001,3,1,1B+2B,1B+2B,1,single,6,1,9
2025-06-18,ATH202506180,ATH,"Urshela, Gio",urshg001,3,1,1B+2B,1B+2B,1,strikeout,6,2,9
2025-06-18,ATH202506180,ATH,"Wynns, Austin",wynna001,3,2,1B+2B,1B+2B,1,field_out,6,2,9
2025-06-18,ATH202506180,ATH,"Clarke, Denzel",clard004,3,0,empty,empty,1,field_out,7,2,9
2025-06-18,ATH202506180,ATH,"Schuemann, Max",schum002,4,1,empty,empty,1,field_out,7,2,9
2025-06-18,ATH202506180,ATH,"Wilson, Jacob",wilsj006,4,2,empty,empty,1,strikeout,7,2,9
2025-06-18,ATH202506180,ATH,"Rooker, Brent",rookb001,4,0,empty,empty,1,strikeout,8,2,9
2025-06-18,ATH202506180,ATH,"Urias, Luis",urial001,4,1,empty,empty,1,field_out,8,2,9
2025-06-18,ATH202506180,ATH,"Muncy, Max",muncm002,4,2,empty,empty,1,strikeout,8,2,9
2025-06-18,ATH202506180,ATH,"Kurtz, Nick",kurtn001,4,0,empty,empty,1,home_run,9,2,11
2025-06-18,ATH202506180,ATH,"Bleday, JJ",bledj001,1,0,empty,empty,1,strikeout,9,3,11
2025-06-18,ATH202506180,ATH,"Wynns, Austin",wynna001,4,1,empty,empty,1,double,9,3,11
2025-06-18,ATH202506180,ATH,"Clarke, Denzel",clard004,4,1,2B,2B,1,field_out,9,3,11
2025-06-18,ATH202506180,ATH,"Schuemann, Max",schum002,5,2,2B,2B,1,single,9,3,11
2025-06-18,ATH202506180,ATH,"Wilson, Jacob",wilsj006,5,2,1B,1B,1,walk,9,4,11
2025-06-18,ATH202506180,ATH,"Rooker, Brent",rookb001,5,2,1B+2B,1B+2B,1,field_out,9,4,11
2025-06-19,ATH202506190,ATH,"Butler, Lawrence",butll001,1,0,empty,empty,1,single,1,0,0
2025-06-19,ATH202506190,ATH,"Wilson, Jacob",wilsj006,1,0,1B,1B,1,single,1,0,0
2025-06-19,ATH202506190,ATH,"Rooker, Brent",rookb001,1,0,1B+2B,1B+2B,1,strikeout,1,0,0
2025-06-19,ATH202506190,ATH,"Soderstrom, Tyler",sodet001,1,1,1B+2B,1B+2B,1,field_out,1,0,0
2025-06-19,ATH202506190,ATH,"Muncy, Max",muncm002,1,2,1B+2B,1B+2B,1,walk,1,0,0
2025-06-19,ATH202506190,ATH,"Kurtz, Nick",kurtn001,1,2,1B+2B+3B,1B+2B+3B,1,field_out,1,0,0
2025-06-19,ATH202506190,ATH,"Urias, Luis",urial001,1,0,empty,empty,1,field_out,2,0,0
2025-06-19,ATH202506190,ATH,"MacIver, Willie",maciw001,1,1,empty,empty,1,home_run,2,0,0
2025-06-19,ATH202506190,ATH,"Clarke, Denzel",clard004,1,1,empty,empty,1,field_out,2,1,0
2025-06-19,ATH202506190,ATH,"Butler, Lawrence",butll001,2,2,empty,empty,1,home_run,2,1,0
2025-06-19,ATH202506190,ATH,"Wilson, Jacob",wilsj006,2,2,empty,empty,1,field_out,2,2,0
2025-06-19,ATH202506190,ATH,"Rooker, Brent",rookb001,2,0,empty,empty,1,field_out,3,2,0
2025-06-19,ATH202506190,ATH,"Soderstrom, Tyler",sodet001,2,1,empty,empty,1,field_out,3,2,0
2025-06-19,ATH202506190,ATH,"Muncy, Max",muncm002,2,2,empty,empty,1,field_out,3,2,0
2025-06-19,ATH202506190,ATH,"Kurtz, Nick",kurtn001,2,0,empty,empty,1,strikeout,4,2,0
2025-06-19,ATH202506190,ATH,"Urias, Luis",urial001,2,1,empty,empty,1,single,4,2,0
2025-06-19,ATH202506190,ATH,"MacIver, Willie",maciw001,2,1,1B,1B,1,double,4,2,0
2025-06-19,ATH202506190,ATH,"Clarke, Denzel",clard004,2,1,2B+3B,2B+3B,1,strikeout,4,2,0
2025-06-19,ATH202506190,ATH,"Butler, Lawrence",butll001,3,2,2B+3B,2B+3B,1,field_out,4,2,0
2025-06-19,ATH202506190,ATH,"Wilson, Jacob",wilsj006,3,0,empty,empty,1,field_out,5,2,1
2025-06-19,ATH202506190,ATH,"Rooker, Brent",rookb001,3,1,empty,empty,1,field_out,5,2,1
2025-06-19,ATH202506190,ATH,"Soderstrom, Tyler",sodet001,3,2,empty,empty,1,strikeout,5,2,1
2025-06-19,ATH202506190,ATH,"Muncy, Max",muncm002,3,0,empty,empty,1,single,6,2,1
2025-06-19,ATH202506190,ATH,"Kurtz, Nick",kurtn001,3,0,1B,1B,1,field_error,6,2,1
2025-06-19,ATH202506190,ATH,"Urias, Luis",urial001,3,0,1B+2B,1B+2B,1,strikeout,6,2,1
2025-06-19,ATH202506190,ATH,"MacIver, Willie",maciw001,3,1,1B+2B,1B+2B,1,field_out,6,2,1
2025-06-19,ATH202506190,ATH,"Clarke, Denzel",clard004,3,2,1B,2B,0,single,6,3,1
2025-06-19,ATH202506190,ATH,"Butler, Lawrence",butll001,4,0,empty,empty,1,strikeout,7,3,1
2025-06-19,ATH202506190,ATH,"Wilson, Jacob",wilsj006,4,1,empty,empty,1,home_run,7,3,1
2025-06-19,ATH202506190,ATH,"Rooker, Brent",rookb001,4,1,empty,empty,1,walk,7,4,1
2025-06-19,ATH202506190,ATH,"Soderstrom, Tyler",sodet001,4,1,1B,1B,1,strikeout,7,4,1
2025-06-19,ATH202506190,ATH,"Muncy, Max",muncm002,4,2,1B,1B,1,field_out,7,4,1
2025-06-19,ATH202506190,ATH,"Kurtz, Nick",kurtn001,4,0,empty,empty,1,walk,8,4,4
2025-06-19,ATH202506190,ATH,"Urias, Luis",urial001,4,0,1B,1B,1,single,8,4,4
2025-06-19,ATH202506190,ATH,"Bleday, JJ",bledj001,1,0,1B+3B,1B+3B,1,strikeout,8,4,4
2025-06-19,ATH202506190,ATH,"Clarke, Denzel",clard004,4,1,1B+3B,1B+3B,1,strikeout,8,4,4
2025-06-19,ATH202506190,ATH,"Butler, Lawrence",butll001,5,2,1B+3B,1B+3B,1,field_out,8,4,4
2025-06-19,ATH202506190,ATH,"Wilson, Jacob",wilsj006,5,0,empty,empty,1,field_out,9,4,4
2025-06-19,ATH202506190,ATH,"Rooker, Brent",rookb001,5,1,empty,empty,1,strikeout,9,4,4
2025-06-19,ATH202506190,ATH,"Soderstrom, Tyler",sodet001,5,2,empty,empty,1,field_out,9,4,4
2025-06-19,ATH202506190,ATH,"Muncy, Max",muncm002,5,0,2B,3B,0,strikeout,10,4,4
2025-06-19,ATH202506190,ATH,"Kurtz, Nick",kurtn001,5,1,3B,3B,1,home_run,10,4,4
2025-06-20,ATH202506200,ATH,"Butler, Lawrence",butll001,1,0,empty,empty,1,strikeout,1,0,0
2025-06-20,ATH202506200,ATH,"Wilson, Jacob",wilsj006,1,1,empty,empty,1,field_out,1,0,0
2025-06-20,ATH202506200,ATH,"Rooker, Brent",rookb001,1,2,empty,empty,1,single,1,0,0
2025-06-20,ATH202506200,ATH,"Kurtz, Nick",kurtn001,1,2,1B,1B,1,home_run,1,0,0
2025-06-20,ATH202506200,ATH,"Muncy, Max",muncm002,1,2,empty,empty,1,strikeout,1,2,0
2025-06-20,ATH202506200,ATH,"Soderstrom, Tyler",sodet001,1,0,empty,empty,1,single,2,2,0
2025-06-20,ATH202506200,ATH,"Urias, Luis",urial001,1,0,1B,1B,1,field_error,2,2,0
2025-06-20,ATH202506200,ATH,"Wynns, Austin",wynna001,1,0,1B+2B,1B+2B,1,sac_bunt,2,2,0
2025-06-20,ATH202506200,ATH,"Clarke, Denzel",clard004,1,0,1B+2B+3B,1B+2B+3B,1,strikeout,2,2,0
2025-06-20,ATH202506200,ATH,"Butler, Lawrence",butll001,2,1,1B+2B+3B,1B+2B+3B,1,single,2,2,0
2025-06-20,ATH202506200,ATH,"Wilson, Jacob",wilsj006,2,1,1B+2B+3B,1B+2B+3B,1,grounded_into_double_play,2,3,0
2025-06-20,ATH202506200,ATH,"Rooker, Brent",rookb001,2,0,empty,empty,1,strikeout,3,3,0
2025-06-20,ATH202506200,ATH,"Kurtz, Nick",kurtn001,2,1,empty,empty,1,strikeout,3,3,0
2025-06-20,ATH202506200,ATH,"Muncy, Max",muncm002,2,2,empty,empty,1,strikeout,3,3,0
2025-06-20,ATH202506200,ATH,"Soderstrom, Tyler",sodet001,2,0,empty,empty,1,strikeout,4,3,0
2025-06-20,ATH202506200,ATH,"Urias, Luis",urial001,2,1,empty,empty,1,single,4,3,0
2025-06-20,ATH202506200,ATH,"Wynns, Austin",wynna001,2,1,1B,1B,1,field_out,4,3,0
2025-06-20,ATH202506200,ATH,"Clarke, Denzel",clard004,2,2,1B,1B,1,field_out,4,3,0
2025-06-20,ATH202506200,ATH,"Butler, Lawrence",butll001,3,0,empty,empty,1,single,5,3,0
2025-06-20,ATH202506200,ATH,"Wilson, Jacob",wilsj006,3,0,1B,1B,1,grounded_into_double_play,5,3,0
2025-06-20,ATH202506200,ATH,"Rooker, Brent",rookb001,3,2,empty,empty,1,strikeout,5,3,0
2025-06-20,ATH202506200,ATH,"Kurtz, Nick",kurtn001,3,0,empty,empty,1,field_out,6,3,0
2025-06-20,ATH202506200,ATH,"Muncy, Max",muncm002,3,1,empty,empty,1,field_out,6,3,0
2025-06-20,ATH202506200,ATH,"Soderstrom, Tyler",sodet001,3,2,empty,empty,1,strikeout,6,3,0
2025-06-20,ATH202506200,ATH,"Urias, Luis",urial001,3,0,empty,empty,1,field_out,7,3,0
2025-06-20,ATH202506200,ATH,"Wynns, Austin",wynna001,3,1,empty,empty,1,field_out,7,3,0
2025-06-20,ATH202506200,ATH,"Clarke, Denzel",clard004,3,2,empty,empty,1,single,7,3,0
2025-06-20,ATH202506200,ATH,"Butler, Lawrence",butll001,4,2,1B,1B,1,single,7,3,0
2025-06-20,ATH202506200,ATH,"Wilson, Jacob",wilsj006,4,2,1B+2B,1B+2B,1,single,7,3,0
2025-06-20,ATH202506200,ATH,"Rooker, Brent",rookb001,4,2,2B+3B,2B+3B,1,field_out,7,4,0
2025-06-20,ATH202506200,ATH,"Kurtz, Nick",kurtn001,4,0,empty,empty,1,field_out,8,4,1
2025-06-20,ATH202506200,ATH,"Muncy, Max",muncm002,4,1,empty,empty,1,strikeout,8,4,1
2025-06-20,ATH202506200,ATH,"Soderstrom, Tyler",sodet001,4,2,empty,empty,1,single,8,4,1
2025-06-20,ATH202506200,ATH,"Urias, Luis",urial001,4,2,1B,2B,0,single,8,4,1
2025-06-20,ATH202506200,ATH,"Wynns, Austin",wynna001,4,2,1B,1B,1,field_out,8,5,1
2025-06-21,ATH202506210,ATH,"Butler, Lawrence",butll001,1,0,empty,empty,1,strikeout,1,0,0
2025-06-21,ATH202506210,ATH,"Wilson, Jacob",wilsj006,1,1,empty,empty,1,strikeout,1,0,0
2025-06-21,ATH202506210,ATH,"Rooker, Brent",rookb001,1,2,empty,empty,1,walk,1,0,0
2025-06-21,ATH202506210,ATH,"Kurtz, Nick",kurtn001,1,2,1B,1B,1,strikeout,1,0,0
2025-06-21,ATH202506210,ATH,"Muncy, Max",muncm002,1,0,empty,empty,1,field_error,2,0,4
2025-06-21,ATH202506210,ATH,"Soderstrom, Tyler",sodet001,1,0,2B,2B,1,single,2,0,4
2025-06-21,ATH202506210,ATH,"Bleday, JJ",bledj001,1,0,1B+3B,1B+3B,1,strikeout,2,0,4
2025-06-21,ATH202506210,ATH,"Urias, Luis",urial001,1,1,1B+3B,1B+3B,1,field_out,2,0,4
2025-06-21,ATH202506210,ATH,"Wynns, Austin",wynna001,1,2,1B+3B,1B+3B,1,field_out,2,0,4
2025-06-21,ATH202506210,ATH,"Butler, Lawrence",butll001,2,0,empty,empty,1,strikeout,3,0,4
2025-06-21,ATH202506210,ATH,"Wilson, Jacob",wilsj006,2,1,empty,empty,1,field_out,3,0,4
2025-06-21,ATH202506210,ATH,"Rooker, Brent",rookb001,2,2,empty,empty,1,field_out,3,0,4
2025-06-21,ATH202506210,ATH,"Kurtz, Nick",kurtn001,2,0,empty,empty,1,strikeout,4,0,4
2025-06-21,ATH202506210,ATH,"Muncy, Max",muncm002,2,1,empty,empty,1,strikeout,4,0,4
2025-06-21,ATH202506210,ATH,"Soderstrom, Tyler",sodet001,2,2,empty,empty,1,field_out,4,0,4
2025-06-21,ATH202506210,ATH,"Bleday, JJ",bledj001,2,0,empty,empty,1,strikeout,5,0,4
2025-06-21,ATH202506210,ATH,"Urias, Luis",urial001,2,1,empty,empty,1,single,5,0,4
2025-06-21,ATH202506210,ATH,"Wynns, Austin",wynna001,2,1,1B,1B,1,field_out,5,0,4
2025-06-21,ATH202506210,ATH,"Butler, Lawrence",butll001,3,2,1B,1B,1,strikeout,5,0,4
2025-06-21,ATH202506210,ATH,"Wilson, Jacob",wilsj006,3,0,empty,empty,1,field_out,6,0,4
2025-06-21,ATH202506210,ATH,"Rooker, Brent",rookb001,3,1,empty,empty,1,field_out,6,0,4
2025-06-21,ATH202506210,ATH,"Kurtz, Nick",kurtn001,3,2,empty,empty,1,walk,6,0,4
2025-06-21,ATH202506210,ATH,"Muncy, Max",muncm002,3,2,1B,1B,1,strikeout,6,0,4
2025-06-21,ATH202506210,ATH,"Soderstrom, Tyler",sodet001,3,0,empty,empty,1,strikeout,7,0,4
2025-06-21,ATH202506210,ATH,"Bleday, JJ",bledj001,3,1,empty,empty,1,walk,7,0,4
2025-06-21,ATH202506210,ATH,"Urias, Luis",urial001,3,1,1B,1B,1,single,7,0,4
2025-06-21,ATH202506210,ATH,"Wynns, Austin",wynna001,3,1,1B+3B,1B+3B,1,double,7,0,4
2025-06-21,ATH202506210,ATH,"Clarke, Denzel",clard004,1,1,2B+3B,2B+3B,1,strikeout,7,1,4
2025-06-21,ATH202506210,ATH,"Wilson, Jacob",wilsj006,4,2,2B+3B,2B+3B,1,field_out,7,1,4
2025-06-21,ATH202506210,ATH,"Rooker, Brent",rookb001,4,0,empty,empty,1,triple,8,1,4
2025-06-21,ATH202506210,ATH,"Kurtz, Nick",kurtn001,4,0,3B,3B,1,strikeout,8,1,4
2025-06-21,ATH202506210,ATH,"Muncy, Max",muncm002,4,1,3B,3B,1,sac_fly,8,1,4
2025-06-21,ATH202506210,ATH,"Soderstrom, Tyler",sodet001,4,2,empty,empty,1,field_out,8,2,4
2025-06-21,ATH202506210,ATH,"Bleday, JJ",bledj001,4,0,empty,empty,1,field_out,9,2,4
2025-06-21,ATH202506210,ATH,"Urias, Luis",urial001,4,1,empty,empty,1,field_out,9,2,4
2025-06-21,ATH202506210,ATH,"Wynns, Austin",wynna001,4,2,empty,empty,1,field_out,9,2,4
2025-06-22,ATH202506220,ATH,"Butler, Lawrence",butll001,1,0,empty,empty,1,strikeout,1,0,0
2025-06-22,ATH202506220,ATH,"Wilson, Jacob",wilsj006,1,1,empty,empty,1,field_out,1,0,0
2025-06-22,ATH202506220,ATH,"Rooker, Brent",rookb001,1,2,empty,empty,1,single,1,0,0
2025-06-22,ATH202506220,ATH,"Kurtz, Nick",kurtn001,1,2,1B,1B,1,field_out,1,0,0
2025-06-22,ATH202506220,ATH,"Urias, Luis",urial001,1,0,empty,empty,1,strikeout,2,0,2
2025-06-22,ATH202506220,ATH,"Soderstrom, Tyler",sodet001,1,1,empty,empty,1,single,2,0,2
2025-06-22,ATH202506220,ATH,"Urshela, Gio",urshg001,1,1,1B,2B,0,walk,2,0,2
2025-06-22,ATH202506220,ATH,"MacIver, Willie",maciw001,1,1,1B+2B,1B+2B,1,field_out,2,0,2
2025-06-22,ATH202506220,ATH,"Clarke, Denzel",clard004,1,2,1B+3B,1B+3B,1,field_out,2,0,2
2025-06-22,ATH202506220,ATH,"Butler, Lawrence",butll001,2,0,empty,empty,1,single,3,0,2
2025-06-22,ATH202506220,ATH,"Wilson, Jacob",wilsj006,2,0,1B,1B,1,grounded_into_double_play,3,0,2
2025-06-22,ATH202506220,ATH,"Rooker, Brent",rookb001,2,2,empty,empty,1,strikeout,3,0,2
2025-06-22,ATH202506220,ATH,"Kurtz, Nick",kurtn001,2,0,empty,empty,1,field_out,4,0,2
2025-06-22,ATH202506220,ATH,"Urias, Luis",urial001,2,1,empty,empty,1,field_out,4,0,2
2025-06-22,ATH202506220,ATH,"Soderstrom, Tyler",sodet001,2,2,empty,empty,1,field_out,4,0,2
2025-06-22,ATH202506220,ATH,"Urshela, Gio",urshg001,2,0,empty,empty,1,field_out,5,0,3
2025-06-22,ATH202506220,ATH,"MacIver, Willie",maciw001,2,1,empty,empty,1,single,5,0,3
2025-06-22,ATH202506220,ATH,"Clarke, Denzel",clard004,2,1,1B,1B,1,field_out,5,0,3
2025-06-22,ATH202506220,ATH,"Butler, Lawrence",butll001,3,2,1B,1B,1,field_out,5,0,3
2025-06-22,ATH202506220,ATH,"Wilson, Jacob",wilsj006,3,0,empty,empty,1,field_out,6,0,3
2025-06-22,ATH202506220,ATH,"Rooker, Brent",rookb001,3,1,empty,empty,1,field_out,6,0,3
2025-06-22,ATH202506220,ATH,"Kurtz, Nick",kurtn001,3,2,empty,empty,1,single,6,0,3
2025-06-22,ATH202506220,ATH,"Urias, Luis",urial001,3,2,1B,1B,1,field_out,6,0,3
2025-06-22,ATH202506220,ATH,"Soderstrom, Tyler",sodet001,3,0,empty,empty,1,field_out,7,0,3
2025-06-22,ATH202506220,ATH,"Urshela, Gio",urshg001,3,1,empty,empty,1,single,7,0,3
2025-06-22,ATH202506220,ATH,"MacIver, Willie",maciw001,3,1,1B,1B,1,grounded_into_double_play,7,0,3
2025-06-22,ATH202506220,ATH,"Clarke, Denzel",clard004,3,0,empty,empty,1,strikeout,8,0,3
2025-06-22,ATH202506220,ATH,"Butler, Lawrence",butll001,4,1,empty,empty,1,field_out,8,0,3
2025-06-22,ATH202506220,ATH,"Wilson, Jacob",wilsj006,4,2,empty,empty,1,walk,8,0,3
2025-06-22,ATH202506220,ATH,"Rooker, Brent",rookb001,4,2,1B,1B,1,single,8,0,3
2025-06-22,ATH202506220,ATH,"Kurtz, Nick",kurtn001,4,2,1B+2B,1B+2B,1,strikeout,8,0,3
2025-06-22,ATH202506220,ATH,"Urias, Luis",urial001,4,0,empty,empty,1,field_out,9,0,3
2025-06-22,ATH202506220,ATH,"Soderstrom, Tyler",sodet001,4,1,empty,empty,1,single,9,0,3
2025-06-22,ATH202506220,ATH,"Urshela, Gio",urshg001,4,1,1B,1B,1,walk,9,0,3
2025-06-22,ATH202506220,ATH,"Bleday, JJ",bledj001,1,1,1B+2B,1B+2B,1,single,9,0,3
2025-06-22,ATH202506220,ATH,"Muncy, Max",muncm002,1,1,1B+2B+3B,1B+2B+3B,1,strikeout,9,0,3
2025-06-22,ATH202506220,ATH,"Butler, Lawrence",butll001,5,2,1B+2B+3B,1B+2B+3B,1,field_out,9,0,3
2025-06-24,DET202506240,ATH,"Wilson, Jacob",wilsj006,1,0,empty,empty,1,walk,1,0,0
2025-06-24,DET202506240,ATH,"Rooker, Brent",rookb001,1,0,1B,1B,1,home_run,1,0,0
2025-06-24,DET202506240,ATH,"Kurtz, Nick",kurtn001,1,0,empty,empty,1,field_out,1,2,0
2025-06-24,DET202506240,ATH,"Wynns, Austin",wynna001,1,1,empty,empty,1,field_out,1,2,0
2025-06-24,DET202506240,ATH,"Muncy, Max",muncm002,1,2,empty,empty,1,strikeout,1,2,0
2025-06-24,DET202506240,ATH,"Butler, Lawrence",butll001,1,0,empty,empty,1,strikeout,2,2,2
2025-06-24,DET202506240,ATH,"Urias, Luis",urial001,1,1,empty,empty,1,field_out,2,2,2
2025-06-24,DET202506240,ATH,"Soderstrom, Tyler",sodet001,1,2,empty,empty,1,single,2,2,2
2025-06-24,DET202506240,ATH,"Clarke, Denzel",clard004,1,2,1B,1B,1,home_run,2,2,2
2025-06-24,DET202506240,ATH,"Wilson, Jacob",wilsj006,2,2,empty,empty,1,field_out,2,4,2
2025-06-24,DET202506240,ATH,"Rooker, Brent",rookb001,2,0,empty,empty,1,field_out,3,4,2
2025-06-24,DET202506240,ATH,"Kurtz, Nick",kurtn001,2,1,empty,empty,1,strikeout,3,4,2
2025-06-24,DET202506240,ATH,"Wynns, Austin",wynna001,2,2,empty,empty,1,strikeout,3,4,2
2025-06-24,DET202506240,ATH,"Muncy, Max",muncm002,2,0,empty,empty,1,strikeout,4,4,7
2025-06-24,DET202506240,ATH,"Butler, Lawrence",butll001,2,1,empty,empty,1,field_out,4,4,7
2025-06-24,DET202506240,ATH,"Urias, Luis",urial001,2,2,empty,empty,1,field_out,4,4,7
2025-06-24,DET202506240,ATH,"Soderstrom, Tyler",sodet001,2,0,empty,empty,1,field_out,5,4,7
2025-06-24,DET202506240,ATH,"Clarke, Denzel",clard004,2,1,empty,empty,1,field_out,5,4,7
2025-06-24,DET202506240,ATH,"Wilson, Jacob",wilsj006,3,2,empty,empty,1,single,5,4,7
2025-06-24,DET202506240,ATH,"Rooker, Brent",rookb001,3,2,1B,1B,1,single,5,4,7
2025-06-24,DET202506240,ATH,"Kurtz, Nick",kurtn001,3,2,1B+2B,1B+2B,1,strikeout,5,4,7
2025-06-24,DET202506240,ATH,"Wynns, Austin",wynna001,3,0,empty,empty,1,strikeout,6,4,7
2025-06-24,DET202506240,ATH,"Muncy, Max",muncm002,3,1,empty,empty,1,single,6,4,7
2025-06-24,DET202506240,ATH,"Butler, Lawrence",butll001,3,1,1B,1B,1,field_out,6,4,7
2025-06-24,DET202506240,ATH,"Urias, Luis",urial001,3,2,1B,1B,1,strikeout,6,4,7
2025-06-24,DET202506240,ATH,"Soderstrom, Tyler",sodet001,3,0,empty,empty,1,single,7,4,7
2025-06-24,DET202506240,ATH,"Clarke, Denzel",clard004,3,1,empty,empty,1,single,7,4,7
2025-06-24,DET202506240,ATH,"Wilson, Jacob",wilsj006,4,1,1B,1B,1,single,7,4,7
2025-06-24,DET202506240,ATH,"Rooker, Brent",rookb001,4,2,3B,3B,1,field_out,7,4,7
2025-06-24,DET202506240,ATH,"Kurtz, Nick",kurtn001,4,0,empty,empty,1,field_out,8,4,9
2025-06-24,DET202506240,ATH,"Wynns, Austin",wynna001,4,1,empty,empty,1,field_out,8,4,9
2025-06-24,DET202506240,ATH,"Muncy, Max",muncm002,4,2,empty,empty,1,field_out,8,4,9
2025-06-24,DET202506240,ATH,"Butler, Lawrence",butll001,4,0,empty,empty,1,field_out,9,4,11
2025-06-24,DET202506240,ATH,"Urias, Luis",urial001,4,1,empty,empty,1,field_out,9,4,11
2025-06-24,DET202506240,ATH,"Schuemann, Max",schum002,1,2,empty,empty,1,field_out,9,4,11
2025-06-25,DET202506250,ATH,"Butler, Lawrence",butll001,1,0,empty,empty,1,strikeout,1,0,0
2025-06-25,DET202506250,ATH,"Wilson, Jacob",wilsj006,1,1,empty,empty,1,field_out,1,0,0
2025-06-25,DET202506250,ATH,"Rooker, Brent",rookb001,1,2,empty,empty,1,field_out,1,0,0
2025-06-25,DET202506250,ATH,"Kurtz, Nick",kurtn001,1,0,empty,empty,1,walk,2,0,0
2025-06-25,DET202506250,ATH,"Muncy, Max",muncm002,1,0,1B,1B,1,strikeout,2,0,0
2025-06-25,DET202506250,ATH,"Soderstrom, Tyler",sodet001,1,1,1B,1B,1,field_out,2,0,0
2025-06-25,DET202506250,ATH,"Urias, Luis",urial001,1,2,1B,1B,1,single,2,0,0
2025-06-25,DET202506250,ATH,"MacIver, Willie",maciw001,1,2,1B+3B,1B+3B,1,field_out,2,0,0
2025-06-25,DET202506250,ATH,"Clarke, Denzel",clard004,1,0,empty,empty,1,field_out,3,0,0
2025-06-25,DET202506250,ATH,"Butler, Lawrence",butll001,2,1,empty,empty,1,walk,3,0,0
2025-06-25,DET202506250,ATH,"Wilson, Jacob",wilsj006,2,1,1B,1B,1,strikeout,3,0,0
2025-06-25,DET202506250,ATH,"Rooker, Brent",rookb001,2,2,2B,2B,1,walk,3,0,0
2025-06-25,DET202506250,ATH,"Kurtz, Nick",kurtn001,2,2,1B+2B,1B+2B,1,home_run,3,0,0
2025-06-25,DET202506250,ATH,"Muncy, Max",muncm002,2,2,empty,empty,1,field_out,3,3,0
2025-06-25,DET202506250,ATH,"Soderstrom, Tyler",sodet001,2,0,empty,empty,1,walk,4,3,0
2025-06-25,DET202506250,ATH,"Urias, Luis",urial001,2,0,1B,1B,1,strikeout,4,3,0
2025-06-25,DET202506250,ATH,"MacIver, Willie",maciw001,2,1,1B,1B,1,field_out,4,3,0
2025-06-25,DET202506250,ATH,"Clarke, Denzel",clard004,2,2,1B,1B,1,single,4,3,0
2025-06-25,DET202506250,ATH,"Butler, Lawrence",butll001,3,2,1B+3B,1B+3B,1,field_out,4,3,0
2025-06-25,DET202506250,ATH,"Wilson, Jacob",wilsj006,3,0,empty,empty,1,strikeout,5,3,0
2025-06-25,DET202506250,ATH,"Rooker, Brent",rookb001,3,1,empty,empty,1,field_out,5,3,0
2025-06-25,DET202506250,ATH,"Kurtz, Nick",kurtn001,3,2,empty,empty,1,single,5,3,0
2025-06-25,DET202506250,ATH,"Muncy, Max",muncm002,3,2,1B,1B,1,strikeout,5,3,0
2025-06-25,DET202506250,ATH,"Soderstrom, Tyler",sodet001,3,0,empty,empty,1,single,6,3,0
2025-06-25,DET202506250,ATH,"Urias, Luis",urial001,3,0,1B,1B,1,field_out,6,3,0
2025-06-25,DET202506250,ATH,"MacIver, Willie",maciw001,3,2,1B,empty,0,strikeout,6,3,0
2025-06-25,DET202506250,ATH,"Clarke, Denzel",clard004,3,0,empty,empty,1,strikeout,7,3,0
2025-06-25,DET202506250,ATH,"Butler, Lawrence",butll001,4,1,empty,empty,1,walk,7,3,0
2025-06-25,DET202506250,ATH,"Wilson, Jacob",wilsj006,4,1,1B,1B,1,field_out,7,3,0
2025-06-25,DET202506250,ATH,"Rooker, Brent",rookb001,4,2,1B,1B,1,field_out,7,3,0
2025-06-25,DET202506250,ATH,"Kurtz, Nick",kurtn001,4,0,empty,empty,1,single,8,3,0
2025-06-25,DET202506250,ATH,"Muncy, Max",muncm002,4,0,1B,1B,1,single,8,3,0
2025-06-25,DET202506250,ATH,"Soderstrom, Tyler",sodet001,4,0,1B+3B,1B+3B,1,field_out,8,3,0
2025-06-25,DET202506250,ATH,"Urias, Luis",urial001,4,1,1B+3B,1B+3B,1,field_out,8,3,0
2025-06-25,DET202506250,ATH,"Bleday, JJ",bledj001,1,2,1B+3B,1B+3B,1,strikeout,8,3,0
2025-06-25,DET202506250,ATH,"Clarke, Denzel",clard004,4,0,empty,empty,1,hit_by_pitch,9,3,0
2025-06-25,DET202506250,ATH,"Butler, Lawrence",butll001,5,0,1B,1B,1,field_out,9,3,0
2025-06-25,DET202506250,ATH,"Wilson, Jacob",wilsj006,5,1,1B,1B,1,grounded_into_double_play,9,3,0
2025-06-26,DET202506260,ATH,"Wilson, Jacob",wilsj006,1,0,empty,empty,1,field_out,1,0,0
2025-06-26,DET202506260,ATH,"Rooker, Brent",rookb001,1,1,empty,empty,1,field_out,1,0,0
2025-06-26,DET202506260,ATH,"Kurtz, Nick",kurtn001,1,2,empty,empty,1,strikeout,1,0,0
2025-06-26,DET202506260,ATH,"Muncy, Max",muncm002,1,0,empty,empty,1,field_out,2,0,0
2025-06-26,DET202506260,ATH,"Urias, Luis",urial001,1,1,empty,empty,1,field_out,2,0,0
2025-06-26,DET202506260,ATH,"Urshela, Gio",urshg001,1,2,empty,empty,1,walk,2,0,0
2025-06-26,DET202506260,ATH,"Wynns, Austin",wynna001,1,2,1B,1B,1,field_out,2,0,0
2025-06-26,DET202506260,ATH,"Schuemann, Max",schum002,1,0,empty,empty,1,single,3,0,1
2025-06-26,DET202506260,ATH,"Clarke, Denzel",clard004,1,0,1B,2B,0,walk,3,0,1
2025-06-26,DET202506260,ATH,"Wilson, Jacob",wilsj006,2,0,1B+2B,1B+2B,1,field_out,3,0,1
2025-06-26,DET202506260,ATH,"Rooker, Brent",rookb001,2,1,1B+3B,1B+3B,1,grounded_into_double_play,3,0,1
2025-06-26,DET202506260,ATH,"Kurtz, Nick",kurtn001,2,0,empty,empty,1,strikeout,4,0,3
2025-06-26,DET202506260,ATH,"Muncy, Max",muncm002,2,1,empty,empty,1,strikeout,4,0,3
2025-06-26,DET202506260,ATH,"Urias, Luis",urial001,2,2,empty,empty,1,field_out,4,0,3
2025-06-26,DET202506260,ATH,"Urshela, Gio",urshg001,2,0,empty,empty,1,strikeout,5,0,3
2025-06-26,DET202506260,ATH,"Wynns, Austin",wynna001,2,1,empty,empty,1,field_out,5,0,3
2025-06-26,DET202506260,ATH,"Schuemann, Max",schum002,2,2,empty,empty,1,field_out,5,0,3
2025-06-26,DET202506260,ATH,"Clarke, Denzel",clard004,2,0,empty,empty,1,field_out,6,0,3
2025-06-26,DET202506260,ATH,"Wilson, Jacob",wilsj006,3,1,empty,empty,1,single,6,0,3
2025-06-26,DET202506260,ATH,"Rooker, Brent",rookb001,3,1,1B,1B,1,grounded_into_double_play,6,0,3
2025-06-26,DET202506260,ATH,"Kurtz, Nick",kurtn001,3,0,empty,empty,1,single,7,0,3
2025-06-26,DET202506260,ATH,"Muncy, Max",muncm002,3,0,1B,1B,1,field_out,7,0,3
2025-06-26,DET202506260,ATH,"Urias, Luis",urial001,3,1,1B,1B,1,field_out,7,0,3
2025-06-26,DET202506260,ATH,"Urshela, Gio",urshg001,3,2,1B,1B,1,field_out,7,0,3
2025-06-26,DET202506260,ATH,"Wynns, Austin",wynna001,3,0,empty,empty,1,field_out,8,0,5
2025-06-26,DET202506260,ATH,"Butler, Lawrence",butll001,1,1,empty,empty,1,field_out,8,0,5
2025-06-26,DET202506260,ATH,"Soderstrom, Tyler",sodet001,1,2,empty,empty,1,field_out,8,0,5
2025-06-26,DET202506260,ATH,"Wilson, Jacob",wilsj006,4,0,empty,empty,1,field_out,9,0,8
2025-06-26,DET202506260,ATH,"Rooker, Brent",rookb001,4,1,empty,empty,1,strikeout,9,0,8
2025-06-26,DET202506260,ATH,"Kurtz, Nick",kurtn001,4,2,empty,empty,1,field_out,9,0,8
2025-06-27,NYA202506270,ATH,"Butler, Lawrence",butll001,1,0,empty,empty,1,walk,1,0,0
2025-06-27,NYA202506270,ATH,"Wilson, Jacob",wilsj006,1,0,1B,1B,1,strikeout,1,0,0
2025-06-27,NYA202506270,ATH,"Rooker, Brent",rookb001,1,1,1B,1B,1,strikeout,1,0,0
2025-06-27,NYA202506270,ATH,"Kurtz, Nick",kurtn001,1,2,1B,1B,1,walk,1,0,0
2025-06-27,NYA202506270,ATH,"Soderstrom, Tyler",sodet001,1,2,1B+2B,1B+2B,1,walk,1,0,0
2025-06-27,NYA202506270,ATH,"Urshela, Gio",urshg001,1,2,1B+2B+3B,1B+2B+3B,1,strikeout,1,0,0
2025-06-27,NYA202506270,ATH,"Bleday, JJ",bledj001,1,0,empty,empty,1,strikeout,2,0,0
2025-06-27,NYA202506270,ATH,"MacIver, Willie",maciw001,1,1,empty,empty,1,field_out,2,0,0
2025-06-27,NYA202506270,ATH,"Schuemann, Max",schum002,1,2,empty,empty,1,strikeout,2,0,0
2025-06-27,NYA202506270,ATH,"Butler, Lawrence",butll001,2,0,empty,empty,1,field_out,3,0,1
2025-06-27,NYA202506270,ATH,"Wilson, Jacob",wilsj006,2,1,empty,empty,1,strikeout,3,0,1
2025-06-27,NYA202506270,ATH,"Rooker, Brent",rookb001,2,2,empty,empty,1,single,3,0,1
2025-06-27,NYA202506270,ATH,"Kurtz, Nick",kurtn001,2,2,1B,1B,1,field_out,3,0,1
2025-06-27,NYA202506270,ATH,"Soderstrom, Tyler",sodet001,2,0,empty,empty,1,field_out,4,0,2
2025-06-27,NYA202506270,ATH,"Urshela, Gio",urshg001,2,1,empty,empty,1,field_out,4,0,2
2025-06-27,NYA202506270,ATH,"Bleday, JJ",bledj001,2,2,empty,empty,1,field_out,4,0,2
2025-06-27,NYA202506270,ATH,"MacIver, Willie",maciw001,2,0,empty,empty,1,double,5,0,3
2025-06-27,NYA202506270,ATH,"Schuemann, Max",schum002,2,0,2B,2B,1,walk,5,0,3
2025-06-27,NYA202506270,ATH,"Butler, Lawrence",butll001,3,0,1B+2B,1B+2B,1,strikeout,5,0,3
2025-06-27,NYA202506270,ATH,"Wilson, Jacob",wilsj006,3,1,1B+2B,1B+2B,1,field_out,5,0,3
2025-06-27,NYA202506270,ATH,"Rooker, Brent",rookb001,3,2,1B+2B,1B+2B,1,field_out,5,0,3
2025-06-27,NYA202506270,ATH,"Kurtz, Nick",kurtn001,3,0,empty,empty,1,single,6,0,3
2025-06-27,NYA202506270,ATH,"Soderstrom, Tyler",sodet001,3,0,1B,1B,1,single,6,0,3
2025-06-27,NYA202506270,ATH,"Urshela, Gio",urshg001,3,0,1B+2B,1B+2B,1,grounded_into_double_play,6,0,3
2025-06-27,NYA202506270,ATH,"Bleday, JJ",bledj001,3,2,3B,3B,1,strikeout,6,0,3
2025-06-27,NYA202506270,ATH,"MacIver, Willie",maciw001,3,0,empty,empty,1,field_out,7,0,3
2025-06-27,NYA202506270,ATH,"Schuemann, Max",schum002,3,1,empty,empty,1,strikeout,7,0,3
2025-06-27,NYA202506270,ATH,"Butler, Lawrence",butll001,4,2,empty,empty,1,field_out,7,0,3
2025-06-27,NYA202506270,ATH,"Wilson, Jacob",wilsj006,4,0,empty,empty,1,field_out,8,0,3
2025-06-27,NYA202506270,ATH,"Rooker, Brent",rookb001,4,1,empty,empty,1,field_out,8,0,3
2025-06-27,NYA202506270,ATH,"Kurtz, Nick",kurtn001,4,2,empty,empty,1,strikeout,8,0,3
2025-06-27,NYA202506270,ATH,"Soderstrom, Tyler",sodet001,4,0,empty,empty,1,strikeout,9,0,3
2025-06-27,NYA202506270,ATH,"Urshela, Gio",urshg001,4,1,empty,empty,1,field_out,9,0,3
2025-06-27,NYA202506270,ATH,"Bleday, JJ",bledj001,4,2,empty,empty,1,field_out,9,0,3
2025-06-28,NYA202506280,ATH,"Butler, Lawrence",butll001,1,0,empty,empty,1,field_out,1,0,0
2025-06-28,NYA202506280,ATH,"Wilson, Jacob",wilsj006,1,1,empty,empty,1,field_out,1,0,0
2025-06-28,NYA202506280,ATH,"Rooker, Brent",rookb001,1,2,empty,empty,1,field_out,1,0,0
2025-06-28,NYA202506280,ATH,"Kurtz, Nick",kurtn001,1,0,empty,empty,1,strikeout,2,0,0
2025-06-28,NYA202506280,ATH,"Muncy, Max",muncm002,1,1,empty,empty,1,strikeout,2,0,0
2025-06-28,NYA202506280,ATH,"Soderstrom, Tyler",sodet001,1,2,empty,empty,1,single,2,0,0
2025-06-28,NYA202506280,ATH,"Urias, Luis",urial001,1,2,1B,1B,1,field_out,2,0,0
2025-06-28,NYA202506280,ATH,"Wynns, Austin",wynna001,1,0,empty,empty,1,field_out,3,0,0
2025-06-28,NYA202506280,ATH,"Clarke, Denzel",clard004,1,1,empty,empty,1,field_out,3,0,0
2025-06-28,NYA202506280,ATH,"Butler, Lawrence",butll001,2,2,empty,empty,1,field_out,3,0,0
2025-06-28,NYA202506280,ATH,"Wilson, Jacob",wilsj006,2,0,empty,empty,1,strikeout,4,0,0
2025-06-28,NYA202506280,ATH,"Rooker, Brent",rookb001,2,1,empty,empty,1,home_run,4,0,0
2025-06-28,NYA202506280,ATH,"Kurtz, Nick",kurtn001,2,1,empty,empty,1,strikeout,4,1,0
2025-06-28,NYA202506280,ATH,"Muncy, Max",muncm002,2,2,empty,empty,1,field_out,4,1,0
2025-06-28,NYA202506280,ATH,"Soderstrom, Tyler",sodet001,2,0,empty,empty,1,strikeout,5,1,0
2025-06-28,NYA202506280,ATH,"Urias, Luis",urial001,2,1,empty,empty,1,single,5,1,0
2025-06-28,NYA202506280,ATH,"Wynns, Austin",wynna001,2,1,1B,1B,1,strikeout,5,1,0
2025-06-28,NYA202506280,ATH,"Clarke, Denzel",clard004,2,2,1B,1B,1,field_out,5,1,0
2025-06-28,NYA202506280,ATH,"Butler, Lawrence",butll001,3,0,empty,empty,1,walk,6,1,0
2025-06-28,NYA202506280,ATH,"Wilson, Jacob",wilsj006,3,0,1B,2B,0,walk,6,1,0
2025-06-28,NYA202506280,ATH,"Rooker, Brent",rookb001,3,0,1B+2B,1B+2B,1,strikeout,6,1,0
2025-06-28,NYA202506280,ATH,"Kurtz, Nick",kurtn001,3,1,1B+2B,1B+2B,1,home_run,6,1,0
2025-06-28,NYA202506280,ATH,"Muncy, Max",muncm002,3,1,empty,empty,1,field_out,6,4,0
2025-06-28,NYA202506280,ATH,"Soderstrom, Tyler",sodet001,3,2,empty,empty,1,field_out,6,4,0
2025-06-28,NYA202506280,ATH,"Urias, Luis",urial001,3,0,empty,empty,1,field_out,7,4,0
2025-06-28,NYA202506280,ATH,"Wynns, Austin",wynna001,3,1,empty,empty,1,field_out,7,4,0
2025-06-28,NYA202506280,ATH,"Clarke, Denzel",clard004,3,2,empty,empty,1,single,7,4,0
2025-06-28,NYA202506280,ATH,"Butler, Lawrence",butll001,4,2,1B,1B,1,walk,7,4,0
2025-06-28,NYA202506280,ATH,"Wilson, Jacob",wilsj006,4,2,1B+2B,1B+2B,1,field_out,7,4,0
2025-06-28,NYA202506280,ATH,"Rooker, Brent",rookb001,4,0,empty,empty,1,walk,8,4,0
2025-06-28,NYA202506280,ATH,"Kurtz, Nick",kurtn001,4,0,1B,1B,1,walk,8,4,0
2025-06-28,NYA202506280,ATH,"Muncy, Max",muncm002,4,0,1B+2B,1B+2B,1,single,8,4,0
2025-06-28,NYA202506280,ATH,"Soderstrom, Tyler",sodet001,4,0,1B+2B+3B,1B+2B+3B,1,sac_fly,8,4,0
2025-06-28,NYA202506280,ATH,"Urias, Luis",urial001,4,1,1B+2B,1B+2B,1,strikeout,8,5,0
2025-06-28,NYA202506280,ATH,"Wynns, Austin",wynna001,4,2,1B+2B,1B+2B,1,single,8,5,0
2025-06-28,NYA202506280,ATH,"Clarke, Denzel",clard004,4,2,2B,2B,1,strikeout,8,7,0
2025-06-28,NYA202506280,ATH,"Butler, Lawrence",butll001,5,0,empty,empty,1,field_out,9,7,0
2025-06-28,NYA202506280,ATH,"Wilson, Jacob",wilsj006,5,1,empty,empty,1,single,9,7,0
2025-06-28,NYA202506280,ATH,"Rooker, Brent",rookb001,5,1,1B,1B,1,field_out,9,7,0
2025-06-28,NYA202506280,ATH,"Kurtz, Nick",kurtn001,5,2,1B,1B,1,field_out,9,7,0
2025-06-29,NYA202506290,ATH,"Butler, Lawrence",butll001,1,0,empty,empty,1,field_out,1,0,0
2025-06-29,NYA202506290,ATH,"Wilson, Jacob",wilsj006,1,1,empty,empty,1,field_out,1,0,0
2025-06-29,NYA202506290,ATH,"Rooker, Brent",rookb001,1,2,empty,empty,1,field_out,1,0,0
2025-06-29,NYA202506290,ATH,"Kurtz, Nick",kurtn001,1,0,empty,empty,1,field_out,2,0,0
2025-06-29,NYA202506290,ATH,"Muncy, Max",muncm002,1,1,empty,empty,1,single,2,0,0
2025-06-29,NYA202506290,ATH,"Soderstrom, Tyler",sodet001,1,1,1B,1B,1,field_out,2,0,0
2025-06-29,NYA202506290,ATH,"Urias, Luis",urial001,1,2,1B,1B,1,field_out,2,0,0
2025-06-29,NYA202506290,ATH,"MacIver, Willie",maciw001,1,0,empty,empty,1,walk,3,0,1
2025-06-29,NYA202506290,ATH,"Clarke, Denzel",clard004,1,0,1B,1B,1,strikeout,3,0,1
2025-06-29,NYA202506290,ATH,"Butler, Lawrence",butll001,2,1,1B,1B,1,single,3,0,1
2025-06-29,NYA202506290,ATH,"Wilson, Jacob",wilsj006,2,1,1B+2B,1B+2B,1,grounded_into_double_play,3,0,1
2025-06-29,NYA202506290,ATH,"Rooker, Brent",rookb001,2,0,empty,empty,1,field_out,4,0,5
2025-06-29,NYA202506290,ATH,"Kurtz, Nick",kurtn001,2,1,empty,empty,1,field_out,4,0,5
2025-06-29,NYA202506290,ATH,"Muncy, Max",muncm002,2,2,empty,empty,1,walk,4,0,5
2025-06-29,NYA202506290,ATH,"Soderstrom, Tyler",sodet001,2,2,1B,1B,1,field_out,4,0,5
2025-06-29,NYA202506290,ATH,"Urias, Luis",urial001,2,0,empty,empty,1,field_out,5,0,7
2025-06-29,NYA202506290,ATH,"MacIver, Willie",maciw001,2,1,empty,empty,1,home_run,5,0,7
2025-06-29,NYA202506290,ATH,"Clarke, Denzel",clard004,2,1,empty,empty,1,field_out,5,1,7
2025-06-29,NYA202506290,ATH,"Butler, Lawrence",butll001,3,2,empty,empty,1,field_out,5,1,7
2025-06-29,NYA202506290,ATH,"Bleday, JJ",bledj001,1,0,empty,empty,1,walk,6,1,10
2025-06-29,NYA202506290,ATH,"Rooker, Brent",rookb001,3,0,1B,1B,1,double,6,1,10
2025-06-29,NYA202506290,ATH,"Kurtz, Nick",kurtn001,3,0,2B+3B,2B+3B,1,single,6,1,10
2025-06-29,NYA202506290,ATH,"Muncy, Max",muncm002,3,0,1B+3B,1B+3B,1,hit_by_pitch,6,2,10
2025-06-29,NYA202506290,ATH,"Soderstrom, Tyler",sodet001,3,0,1B+2B+3B,1B+2B+3B,1,walk,6,2,10
2025-06-29,NYA202506290,ATH,"Urias, Luis",urial001,3,0,1B+2B+3B,1B+2B+3B,1,field_out,6,3,10
2025-06-29,NYA202506290,ATH,"MacIver, Willie",maciw001,3,1,2B+3B,2B+3B,1,walk,6,4,10
2025-06-29,NYA202506290,ATH,"Clarke, Denzel",clard004,3,1,1B+2B+3B,1B+2B+3B,1,field_out,6,4,10
2025-06-29,NYA202506290,ATH,"Butler, Lawrence",butll001,4,2,2B+3B,2B+3B,1,strikeout,6,5,10
2025-06-29,NYA202506290,ATH,"Bleday, JJ",bledj001,2,0,empty,empty,1,field_out,7,5,10
2025-06-29,NYA202506290,ATH,"Rooker, Brent",rookb001,4,1,empty,empty,1,field_out,7,5,10
2025-06-29,NYA202506290,ATH,"Kurtz, Nick",kurtn001,4,2,empty,empty,1,field_out,7,5,10
2025-06-29,NYA202506290,ATH,"Muncy, Max",muncm002,4,0,empty,empty,1,walk,8,5,12
2025-06-29,NYA202506290,ATH,"Soderstrom, Tyler",sodet001,4,0,1B,1B,1,field_out,8,5,12
2025-06-29,NYA202506290,ATH,"Urias, Luis",urial001,4,1,1B,1B,1,strikeout,8,5,12
2025-06-29,NYA202506290,ATH,"MacIver, Willie",maciw001,4,2,1B,1B,1,strikeout,8,5,12
2025-06-29,NYA202506290,ATH,"Schuemann, Max",schum002,1,0,empty,empty,1,field_out,9,5,12
2025-06-29,NYA202506290,ATH,"Butler, Lawrence",butll001,5,1,empty,empty,1,field_out,9,5,12
2025-06-29,NYA202506290,ATH,"Bleday, JJ",bledj001,3,2,empty,empty,1,strikeout,9,5,12
2025-06-30,TBA202506300,ATH,"Butler, Lawrence",butll001,1,0,empty,empty,1,strikeout,1,0,0
2025-06-30,TBA202506300,ATH,"Wilson, Jacob",wilsj006,1,1,empty,empty,1,field_out,1,0,0
2025-06-30,TBA202506300,ATH,"Rooker, Brent",rookb001,1,2,empty,empty,1,double,1,0,0
2025-06-30,TBA202506300,ATH,"Kurtz, Nick",kurtn001,1,2,2B,2B,1,walk,1,0,0
2025-06-30,TBA202506300,ATH,"Langeliers, Shea",langs001,1,2,1B+2B,1B+2B,1,home_run,1,0,0
2025-06-30,TBA202506300,ATH,"Soderstrom, Tyler",sodet001,1,2,empty,empty,1,field_out,1,3,0
2025-06-30,TBA202506300,ATH,"Muncy, Max",muncm002,1,0,empty,empty,1,field_out,2,3,0
2025-06-30,TBA202506300,ATH,"Urias, Luis",urial001,1,1,empty,empty,1,field_out,2,3,0
2025-06-30,TBA202506300,ATH,"Clarke, Denzel",clard004,1,2,empty,empty,1,field_out,2,3,0
2025-06-30,TBA202506300,ATH,"Butler, Lawrence",butll001,2,0,empty,empty,1,single,3,3,0
2025-06-30,TBA202506300,ATH,"Wilson, Jacob",wilsj006,2,0,1B,1B,1,single,3,3,0
2025-06-30,TBA202506300,ATH,"Rooker, Brent",rookb001,2,0,1B+2B,1B+2B,1,single,3,3,0
2025-06-30,TBA202506300,ATH,"Kurtz, Nick",kurtn001,2,0,1B+3B,1B+3B,1,strikeout,3,4,0
2025-06-30,TBA202506300,ATH,"Langeliers, Shea",langs001,2,1,1B+3B,1B+3B,1,grounded_into_double_play,3,4,0
2025-06-30,TBA202506300,ATH,"Soderstrom, Tyler",sodet001,2,0,empty,empty,1,field_out,4,4,0
2025-06-30,TBA202506300,ATH,"Muncy, Max",muncm002,2,1,empty,empty,1,field_out,4,4,0
2025-06-30,TBA202506300,ATH,"Urias, Luis",urial001,2,2,empty,empty,1,field_out,4,4,0
2025-06-30,TBA202506300,ATH,"Clarke, Denzel",clard004,2,0,empty,empty,1,strikeout,5,4,4
2025-06-30,TBA202506300,ATH,"Butler, Lawrence",butll001,3,1,empty,empty,1,strikeout,5,4,4
2025-06-30,TBA202506300,ATH,"Wilson, Jacob",wilsj006,3,2,empty,empty,1,double,5,4,4
2025-06-30,TBA202506300,ATH,"Rooker, Brent",rookb001,3,2,2B,2B,1,walk,5,4,4
2025-06-30,TBA202506300,ATH,"Kurtz, Nick",kurtn001,3,2,1B+2B,1B+2B,1,walk,5,4,4
2025-06-30,TBA202506300,ATH,"Langeliers, Shea",langs001,3,2,1B+2B+3B,1B+2B+3B,1,field_out,5,4,4
2025-06-30,TBA202506300,ATH,"Soderstrom, Tyler",sodet001,3,0,empty,empty,1,strikeout,6,4,4
2025-06-30,TBA202506300,ATH,"Muncy, Max",muncm002,3,1,empty,empty,1,field_out,6,4,4
2025-06-30,TBA202506300,ATH,"Urias, Luis",urial001,3,2,empty,empty,1,strikeout,6,4,4
2025-06-30,TBA202506300,ATH,"Clarke, Denzel",clard004,3,0,empty,empty,1,hit_by_pitch,7,4,4
2025-06-30,TBA202506300,ATH,"Butler, Lawrence",butll001,4,0,1B,1B,1,field_out,7,4,4
2025-06-30,TBA202506300,ATH,"Wilson, Jacob",wilsj006,4,1,2B,2B,1,strikeout,7,4,4
2025-06-30,TBA202506300,ATH,"Rooker, Brent",rookb001,4,2,2B,2B,1,strikeout,7,4,4
2025-06-30,TBA202506300,ATH,"Kurtz, Nick",kurtn001,4,0,empty,empty,1,strikeout,8,4,4
2025-06-30,TBA202506300,ATH,"Langeliers, Shea",langs001,4,1,empty,empty,1,field_out,8,4,4
2025-06-30,TBA202506300,ATH,"Thomas, Colby",thomc005,1,2,empty,empty,1,field_out,8,4,4
2025-06-30,TBA202506300,ATH,"Muncy, Max",muncm002,4,0,empty,empty,1,single,9,4,4
2025-06-30,TBA202506300,ATH,"Urias, Luis",urial001,4,0,1B,1B,1,single,9,4,4
2025-06-30,TBA202506300,ATH,"Clarke, Denzel",clard004,4,0,1B+3B,1B+3B,1,strikeout,9,4,4
2025-06-30,TBA202506300,ATH,"Butler, Lawrence",butll001,5,1,1B+3B,2B+3B,0,triple,9,4,4
2025-06-30,TBA202506300,ATH,"Wilson, Jacob",wilsj006,5,1,3B,3B,1,fielders_choice_out,9,6,4
2025-07-01,TBA202507010,ATH,"Butler, Lawrence",butll001,1,0,empty,empty,1,single,1,0,0
2025-07-01,TBA202507010,ATH,"Rooker, Brent",rookb001,1,0,1B,1B,1,strikeout,1,0,0
2025-07-01,TBA202507010,ATH,"Langeliers, Shea",langs001,1,1,1B,2B,0,strikeout,1,0,0
2025-07-01,TBA202507010,ATH,"Kurtz, Nick",kurtn001,1,2,2B,3B,0,strikeout,1,0,0
2025-07-01,TBA202507010,ATH,"Muncy, Max",muncm002,1,0,empty,empty,1,field_out,2,0,0
2025-07-01,TBA202507010,ATH,"Urias, Luis",urial001,1,1,empty,empty,1,walk,2,0,0
2025-07-01,TBA202507010,ATH,"Thomas, Colby",thomc005,1,1,1B,1B,1,grounded_into_double_play,2,0,0
2025-07-01,TBA202507010,ATH,"Clarke, Denzel",clard004,1,0,empty,empty,1,field_out,3,0,1
2025-07-01,TBA202507010,ATH,"Schuemann, Max",schum002,1,1,empty,empty,1,strikeout,3,0,1
2025-07-01,TBA202507010,ATH,"Butler, Lawrence",butll001,2,2,empty,empty,1,strikeout,3,0,1
2025-07-01,TBA202507010,ATH,"Rooker, Brent",rookb001,2,0,empty,empty,1,strikeout,4,0,2
2025-07-01,TBA202507010,ATH,"Langeliers, Shea",langs001,2,1,empty,empty,1,double,4,0,2
2025-07-01,TBA202507010,ATH,"Kurtz, Nick",kurtn001,2,1,2B,2B,1,field_out,4,0,2
2025-07-01,TBA202507010,ATH,"Muncy, Max",muncm002,2,2,2B,2B,1,home_run,4,0,2
2025-07-01,TBA202507010,ATH,"Urias, Luis",urial001,2,2,empty,empty,1,single,4,2,2
2025-07-01,TBA202507010,ATH,"Thomas, Colby",thomc005,2,2,1B,1B,1,double,4,2,2
2025-07-01,TBA202507010,ATH,"Clarke, Denzel",clard004,2,2,2B+3B,2B+3B,1,field_out,4,2,2
2025-07-01,TBA202507010,ATH,"Schuemann, Max",schum002,2,0,empty,empty,1,field_out,5,2,2
2025-07-01,TBA202507010,ATH,"Butler, Lawrence",butll001,3,1,empty,empty,1,strikeout,5,2,2
2025-07-01,TBA202507010,ATH,"Rooker, Brent",rookb001,3,2,empty,empty,1,field_out,5,2,2
2025-07-01,TBA202507010,ATH,"Langeliers, Shea",langs001,3,0,empty,empty,1,home_run,6,2,2
2025-07-01,TBA202507010,ATH,"Kurtz, Nick",kurtn001,3,0,empty,empty,1,field_out,6,3,2
2025-07-01,TBA202507010,ATH,"Muncy, Max",muncm002,3,1,empty,empty,1,single,6,3,2
2025-07-01,TBA202507010,ATH,"Urias, Luis",urial001,3,1,1B,2B,0,strikeout,6,3,2
2025-07-01,TBA202507010,ATH,"Thomas, Colby",thomc005,3,2,2B,2B,1,strikeout,6,3,2
2025-07-01,TBA202507010,ATH,"Clarke, Denzel",clard004,3,0,empty,empty,1,strikeout,7,3,2
2025-07-01,TBA202507010,ATH,"Schuemann, Max",schum002,3,1,empty,empty,1,field_out,7,3,2
2025-07-01,TBA202507010,ATH,"Butler, Lawrence",butll001,4,2,empty,empty,1,strikeout,7,3,2
2025-07-01,TBA202507010,ATH,"Rooker, Brent",rookb001,4,0,empty,empty,1,strikeout,8,3,3
2025-07-01,TBA202507010,ATH,"Langeliers, Shea",langs001,4,1,empty,empty,1,field_out,8,3,3
2025-07-01,TBA202507010,ATH,"Kurtz, Nick",kurtn001,4,2,empty,empty,1,strikeout,8,3,3
2025-07-01,TBA202507010,ATH,"Muncy, Max",muncm002,4,0,empty,empty,1,strikeout,9,3,3
2025-07-01,TBA202507010,ATH,"Urias, Luis",urial001,4,1,empty,empty,1,field_out,9,3,3
2025-07-01,TBA202507010,ATH,"Thomas, Colby",thomc005,4,2,empty,empty,1,strikeout,9,3,3
2025-07-01,TBA202507010,ATH,"Clarke, Denzel",clard004,4,0,2B,2B,1,sac_bunt,10,3,3
2025-07-01,TBA202507010,ATH,"Schuemann, Max",schum002,4,1,3B,3B,1,walk,10,3,3
2025-07-01,TBA202507010,ATH,"Wynns, Austin",wynna001,1,1,1B+3B,1B+3B,1,sac_fly,10,3,3
2025-07-02,TBA202507020,ATH,"Clarke, Denzel",clard004,1,0,empty,empty,1,strikeout,1,0,0
2025-07-02,TBA202507020,ATH,"Soderstrom, Tyler",sodet001,1,1,empty,empty,1,field_out,1,0,0
2025-07-02,TBA202507020,ATH,"Rooker, Brent",rookb001,1,2,empty,empty,1,home_run,1,0,0
2025-07-02,TBA202507020,ATH,"Kurtz, Nick",kurtn001,1,2,empty,empty,1,walk,1,1,0
2025-07-02,TBA202507020,ATH,"Muncy, Max",muncm002,1,2,1B,1B,1,walk,1,1,0
2025-07-02,TBA202507020,ATH,"Wynns, Austin",wynna001,1,2,1B+2B,1B+2B,1,strikeout,1,1,0
2025-07-02,TBA202507020,ATH,"Urias, Luis",urial001,1,0,empty,empty,1,field_error,2,1,0
2025-07-02,TBA202507020,ATH,"Thomas, Colby",thomc005,1,0,1B,1B,1,grounded_into_double_play,2,1,0
2025-07-02,TBA202507020,ATH,"Schuemann, Max",schum002,1,2,empty,empty,1,home_run,2,1,0
2025-07-02,TBA202507020,ATH,"Clarke, Denzel",clard004,2,2,empty,empty,1,walk,2,2,0
2025-07-02,TBA202507020,ATH,"Soderstrom, Tyler",sodet001,2,2,1B,2B,0,field_out,2,2,0
2025-07-02,TBA202507020,ATH,"Rooker, Brent",rookb001,2,0,empty,empty,1,field_out,3,2,1
2025-07-02,TBA202507020,ATH,"Kurtz, Nick",kurtn001,2,1,empty,empty,1,strikeout,3,2,1
2025-07-02,TBA202507020,ATH,"Muncy, Max",muncm002,2,2,empty,empty,1,field_out,3,2,1
2025-07-02,TBA202507020,ATH,"Wynns, Austin",wynna001,2,0,empty,empty,1,field_out,4,2,1
2025-07-02,TBA202507020,ATH,"Urias, Luis",urial001,2,1,empty,empty,1,field_out,4,2,1
2025-07-02,TBA202507020,ATH,"Thomas, Colby",thomc005,2,2,empty,empty,1,strikeout,4,2,1
2025-07-02,TBA202507020,ATH,"Schuemann, Max",schum002,2,0,empty,empty,1,single,5,2,1
2025-07-02,TBA202507020,ATH,"Clarke, Denzel",clard004,3,0,1B,1B,1,sac_bunt,5,2,1
2025-07-02,TBA202507020,ATH,"Soderstrom, Tyler",sodet001,3,1,2B,2B,1,strikeout,5,2,1
2025-07-02,TBA202507020,ATH,"Rooker, Brent",rookb001,3,2,2B,2B,1,strikeout,5,2,1
2025-07-02,TBA202507020,ATH,"Kurtz, Nick",kurtn001,3,0,empty,empty,1,strikeout,6,2,1
2025-07-02,TBA202507020,ATH,"Muncy, Max",muncm002,3,1,empty,empty,1,strikeout,6,2,1
2025-07-02,TBA202507020,ATH,"Wynns, Austin",wynna001,3,2,empty,empty,1,single,6,2,1
2025-07-02,TBA202507020,ATH,"Urshela, Gio",urshg001,1,2,1B,1B,1,strikeout,6,2,1
2025-07-02,TBA202507020,ATH,"Thomas, Colby",thomc005,3,0,empty,empty,1,field_out,7,2,6
2025-07-02,TBA202507020,ATH,"Schuemann, Max",schum002,3,1,empty,empty,1,strikeout,7,2,6
2025-07-02,TBA202507020,ATH,"Clarke, Denzel",clard004,4,2,empty,empty,1,strikeout,7,2,6
2025-07-02,TBA202507020,ATH,"Soderstrom, Tyler",sodet001,4,0,empty,empty,1,strikeout,8,2,6
2025-07-02,TBA202507020,ATH,"Rooker, Brent",rookb001,4,1,empty,empty,1,strikeout,8,2,6
2025-07-02,TBA202507020,ATH,"Kurtz, Nick",kurtn001,4,2,empty,empty,1,strikeout,8,2,6
2025-07-02,TBA202507020,ATH,"Muncy, Max",muncm002,4,0,empty,empty,1,home_run,9,2,6
2025-07-02,TBA202507020,ATH,"Wynns, Austin",wynna001,4,0,empty,empty,1,double,9,3,6
2025-07-02,TBA202507020,ATH,"Urshela, Gio",urshg001,2,0,2B,2B,1,single,9,3,6
2025-07-02,TBA202507020,ATH,"Thomas, Colby",thomc005,4,0,1B,1B,1,strikeout,9,4,6
2025-07-02,TBA202507020,ATH,"Schuemann, Max",schum002,4,1,1B,1B,1,single,9,4,6
2025-07-02,TBA202507020,ATH,"Butler, Lawrence",butll001,1,1,1B+2B,1B+2B,1,single,9,4,6
2025-07-02,TBA202507020,ATH,"Soderstrom, Tyler",sodet001,5,1,1B+2B+3B,1B+2B+3B,1,single,9,4,6
2025-07-02,TBA202507020,ATH,"Rooker, Brent",rookb001,5,1,1B+2B+3B,1B+2B+3B,1,strikeout,9,5,6
2025-07-02,TBA202507020,ATH,"Kurtz, Nick",kurtn001,5,2,1B+2B+3B,1B+2B+3B,1,strikeout,9,5,6
2025-07-04,ATH202507040,ATH,"Butler, Lawrence",butll001,1,0,empty,empty,1,single,1,0,0
2025-07-04,ATH202507040,ATH,"Wilson, Jacob",wilsj006,1,0,1B,1B,1,field_out,1,0,0
2025-07-04,ATH202507040,ATH,"Rooker, Brent",rookb001,1,1,2B,2B,1,single,1,0,0
2025-07-04,ATH202507040,ATH,"Kurtz, Nick",kurtn001,1,1,2B,2B,1,field_out,1,1,0
2025-07-04,ATH202507040,ATH,"Langeliers, Shea",langs001,1,2,3B,3B,1,strikeout,1,1,0
2025-07-04,ATH202507040,ATH,"Soderstrom, Tyler",sodet001,1,0,empty,empty,1,double,2,1,0
2025-07-04,ATH202507040,ATH,"Muncy, Max",muncm002,1,0,2B,2B,1,double,2,1,0
2025-07-04,ATH202507040,ATH,"Gelof, Zack",geloz001,1,0,2B,2B,1,strikeout,2,2,0
2025-07-04,ATH202507040,ATH,"Clarke, Denzel",clard004,1,1,2B,2B,1,strikeout,2,2,0
2025-07-04,ATH202507040,ATH,"Butler, Lawrence",butll001,2,2,2B,2B,1,walk,2,2,0
2025-07-04,ATH202507040,ATH,"Wilson, Jacob",wilsj006,2,2,1B+2B,1B+2B,1,double,2,2,0
2025-07-04,ATH202507040,ATH,"Rooker, Brent",rookb001,2,2,2B,2B,1,double,2,4,0
2025-07-04,ATH202507040,ATH,"Kurtz, Nick",kurtn001,2,2,2B,2B,1,strikeout,2,5,0
2025-07-04,ATH202507040,ATH,"Langeliers, Shea",langs001,2,0,empty,empty,1,strikeout,3,5,0
2025-07-04,ATH202507040,ATH,"Soderstrom, Tyler",sodet001,2,1,empty,empty,1,hit_by_pitch,3,5,0
2025-07-04,ATH202507040,ATH,"Muncy, Max",muncm002,2,1,1B,1B,1,double,3,5,0
2025-07-04,ATH202507040,ATH,"Gelof, Zack",geloz001,2,1,2B+3B,2B+3B,1,sac_fly,3,5,0
2025-07-04,ATH202507040,ATH,"Clarke, Denzel",clard004,2,2,2B,2B,1,field_out,3,6,0
2025-07-04,ATH202507040,ATH,"Butler, Lawrence",butll001,3,0,empty,empty,1,strikeout,4,6,0
2025-07-04,ATH202507040,ATH,"Wilson, Jacob",wilsj006,3,1,empty,empty,1,field_error,4,6,0
2025-07-04,ATH202507040,ATH,"Rooker, Brent",rookb001,3,1,1B,1B,1,field_out,4,6,0
2025-07-04,ATH202507040,ATH,"Kurtz, Nick",kurtn001,3,2,1B,1B,1,strikeout,4,6,0
2025-07-04,ATH202507040,ATH,"Langeliers, Shea",langs001,3,0,empty,empty,1,double,5,6,0
2025-07-04,ATH202507040,ATH,"Soderstrom, Tyler",sodet001,3,0,2B,2B,1,field_out,5,6,0
2025-07-04,ATH202507040,ATH,"Muncy, Max",muncm002,3,1,2B,2B,1,field_out,5,6,0
2025-07-04,ATH202507040,ATH,"Gelof, Zack",geloz001,3,2,2B,2B,1,field_out,5,6,0
2025-07-04,ATH202507040,ATH,"Clarke, Denzel",clard004,3,0,empty,empty,1,triple,6,6,0
2025-07-04,ATH202507040,ATH,"Butler, Lawrence",butll001,4,0,3B,3B,1,single,6,6,0
2025-07-04,ATH202507040,ATH,"Wilson, Jacob",wilsj006,4,0,1B,1B,1,field_out,6,7,0
2025-07-04,ATH202507040,ATH,"Rooker, Brent",rookb001,4,1,2B,2B,1,field_out,6,7,0
2025-07-04,ATH202507040,ATH,"Kurtz, Nick",kurtn001,4,2,3B,3B,1,home_run,6,7,0
2025-07-04,ATH202507040,ATH,"Langeliers, Shea",langs001,4,2,empty,empty,1,strikeout,6,9,0
2025-07-04,ATH202507040,ATH,"Soderstrom, Tyler",sodet001,4,0,empty,empty,1,field_out,7,9,0
2025-07-04,ATH202507040,ATH,"Muncy, Max",muncm002,4,1,empty,empty,1,strikeout,7,9,0
2025-07-04,ATH202507040,ATH,"Gelof, Zack",geloz001,4,2,empty,empty,1,field_error,7,9,0
2025-07-04,ATH202507040,ATH,"Clarke, Denzel",clard004,4,2,2B,2B,1,home_run,7,9,0
2025-07-04,ATH202507040,ATH,"Butler, Lawrence",butll001,5,2,empty,empty,1,strikeout,7,11,0
2025-07-04,ATH202507040,ATH,"Schuemann, Max",schum002,1,0,empty,empty,1,field_out,8,11,1
2025-07-04,ATH202507040,ATH,"Thomas, Colby",thomc005,1,1,empty,empty,1,strikeout,8,11,1
2025-07-04,ATH202507040,ATH,"Kurtz, Nick",kurtn001,5,2,empty,empty,1,strikeout,8,11,1
2025-07-05,ATH202507050,ATH,"Butler, Lawrence",butll001,1,0,empty,empty,1,field_out,1,0,2
2025-07-05,ATH202507050,ATH,"Wilson, Jacob",wilsj006,1,1,empty,empty,1,field_out,1,0,2
2025-07-05,ATH202507050,ATH,"Rooker, Brent",rookb001,1,2,empty,empty,1,field_out,1,0,2
2025-07-05,ATH202507050,ATH,"Kurtz, Nick",kurtn001,1,0,empty,empty,1,double,2,0,2
2025-07-05,ATH202507050,ATH,"Langeliers, Shea",langs001,1,0,2B,2B,1,single,2,0,2
2025-07-05,ATH202507050,ATH,"Soderstrom, Tyler",sodet001,1,0,1B+3B,1B+3B,1,grounded_into_double_play,2,0,2
2025-07-05,ATH202507050,ATH,"Muncy, Max",muncm002,1,2,empty,empty,1,strikeout,2,1,2
2025-07-05,ATH202507050,ATH,"Gelof, Zack",geloz001,1,0,empty,empty,1,field_out,3,1,4
2025-07-05,ATH202507050,ATH,"Clarke, Denzel",clard004,1,1,empty,empty,1,strikeout,3,1,4
2025-07-05,ATH202507050,ATH,"Butler, Lawrence",butll001,2,2,empty,empty,1,field_out,3,1,4
2025-07-05,ATH202507050,ATH,"Wilson, Jacob",wilsj006,2,0,empty,empty,1,field_out,4,1,4
2025-07-05,ATH202507050,ATH,"Rooker, Brent",rookb001,2,1,empty,empty,1,single,4,1,4
2025-07-05,ATH202507050,ATH,"Kurtz, Nick",kurtn001,2,1,1B,1B,1,strikeout,4,1,4
2025-07-05,ATH202507050,ATH,"Langeliers, Shea",langs001,2,2,1B,1B,1,field_out,4,1,4
2025-07-05,ATH202507050,ATH,"Soderstrom, Tyler",sodet001,2,0,empty,empty,1,field_out,5,1,5
2025-07-05,ATH202507050,ATH,"Muncy, Max",muncm002,2,1,empty,empty,1,double,5,1,5
2025-07-05,ATH202507050,ATH,"Gelof, Zack",geloz001,2,1,2B,2B,1,field_out,5,1,5
2025-07-05,ATH202507050,ATH,"Clarke, Denzel",clard004,2,2,3B,3B,1,strikeout,5,1,5
2025-07-05,ATH202507050,ATH,"Butler, Lawrence",butll001,3,0,empty,empty,1,double,6,1,7
2025-07-05,ATH202507050,ATH,"Wilson, Jacob",wilsj006,3,0,2B,2B,1,field_out,6,1,7
2025-07-05,ATH202507050,ATH,"Rooker, Brent",rookb001,3,1,3B,3B,1,walk,6,1,7
2025-07-05,ATH202507050,ATH,"Kurtz, Nick",kurtn001,3,1,1B+3B,1B+3B,1,double,6,1,7
2025-07-05,ATH202507050,ATH,"Langeliers, Shea",langs001,3,1,2B+3B,2B+3B,1,walk,6,2,7
2025-07-05,ATH202507050,ATH,"Soderstrom, Tyler",sodet001,3,1,1B+2B+3B,1B+2B+3B,1,grounded_into_double_play,6,2,7
2025-07-05,ATH202507050,ATH,"Muncy, Max",muncm002,3,0,empty,empty,1,strikeout,7,2,7
2025-07-05,ATH202507050,ATH,"Gelof, Zack",geloz001,3,1,empty,empty,1,strikeout,7,2,7
2025-07-05,ATH202507050,ATH,"Clarke, Denzel",clard004,3,2,empty,empty,1,double,7,2,7
2025-07-05,ATH202507050,ATH,"Butler, Lawrence",butll001,4,2,2B,2B,1,walk,7,2,7
2025-07-05,ATH202507050,ATH,"Wilson, Jacob",wilsj006,4,2,1B+2B,1B+2B,1,field_out,7,2,7
2025-07-05,ATH202507050,ATH,"Rooker, Brent",rookb001,4,0,empty,empty,1,field_out,8,2,7
2025-07-05,ATH202507050,ATH,"Kurtz, Nick",kurtn001,4,1,empty,empty,1,field_out,8,2,7
2025-07-05,ATH202507050,ATH,"Langeliers, Shea",langs001,4,2,empty,empty,1,field_out,8,2,7
2025-07-05,ATH202507050,ATH,"Soderstrom, Tyler",sodet001,4,0,empty,empty,1,field_out,9,2,7
2025-07-05,ATH202507050,ATH,"Muncy, Max",muncm002,4,1,empty,empty,1,strikeout,9,2,7
2025-07-05,ATH202507050,ATH,"Gelof, Zack",geloz001,4,2,empty,empty,1,strikeout,9,2,7
2025-07-06,ATH202507060,ATH,"Butler, Lawrence",butll001,1,0,empty,empty,1,field_out,1,0,1
2025-07-06,ATH202507060,ATH,"Wilson, Jacob",wilsj006,1,1,empty,empty,1,walk,1,0,1
2025-07-06,ATH202507060,ATH,"Rooker, Brent",rookb001,1,1,1B,1B,1,field_out,1,0,1
2025-07-06,ATH202507060,ATH,"Kurtz, Nick",kurtn001,1,2,1B,2B,0,walk,1,0,1
2025-07-06,ATH202507060,ATH,"Langeliers, Shea",langs001,1,2,1B+2B,1B+2B,1,strikeout,1,0,1
2025-07-06,ATH202507060,ATH,"Soderstrom, Tyler",sodet001,1,0,empty,empty,1,strikeout,2,0,1
2025-07-06,ATH202507060,ATH,"Muncy, Max",muncm002,1,1,empty,empty,1,strikeout,2,0,1
2025-07-06,ATH202507060,ATH,"Gelof, Zack",geloz001,1,2,empty,empty,1,strikeout,2,0,1
2025-07-06,ATH202507060,ATH,"Clarke, Denzel",clard004,1,0,empty,empty,1,field_out,3,0,1
2025-07-06,ATH202507060,ATH,"Butler, Lawrence",butll001,2,1,empty,empty,1,walk,3,0,1
2025-07-06,ATH202507060,ATH,"Wilson, Jacob",wilsj006,2,1,1B,1B,1,single,3,0,1
2025-07-06,ATH202507060,ATH,"Rooker, Brent",rookb001,2,1,1B+2B,1B+2B,1,field_out,3,0,1
2025-07-06,ATH202507060,ATH,"Kurtz, Nick",kurtn001,2,2,1B+2B,1B+2B,1,walk,3,0,1
2025-07-06,ATH202507060,ATH,"Langeliers, Shea",langs001,2,2,1B+2B+3B,1B+2B+3B,1,field_out,3,0,1
2025-07-06,ATH202507060,ATH,"Soderstrom, Tyler",sodet001,2,0,empty,empty,1,home_run,4,0,2
2025-07-06,ATH202507060,ATH,"Muncy, Max",muncm002,2,0,empty,empty,1,field_out,4,1,2
2025-07-06,ATH202507060,ATH,"Gelof, Zack",geloz001,2,1,empty,empty,1,field_out,4,1,2
2025-07-06,ATH202507060,ATH,"Clarke, Denzel",clard004,2,2,empty,empty,1,strikeout,4,1,2
2025-07-06,ATH202507060,ATH,"Butler, Lawrence",butll001,3,0,empty,empty,1,strikeout,5,1,5
2025-07-06,ATH202507060,ATH,"Wilson, Jacob",wilsj006,3,1,empty,empty,1,single,5,1,5
2025-07-06,ATH202507060,ATH,"Rooker, Brent",rookb001,3,1,1B,1B,1,walk,5,1,5
2025-07-06,ATH202507060,ATH,"Kurtz, Nick",kurtn001,3,1,1B+2B,1B+2B,1,grounded_into_double_play,5,1,5
2025-07-06,ATH202507060,ATH,"Langeliers, Shea",langs001,3,0,empty,empty,1,strikeout,6,1,5
2025-07-06,ATH202507060,ATH,"Soderstrom, Tyler",sodet001,3,1,empty,empty,1,field_out,6,1,5
2025-07-06,ATH202507060,ATH,"Muncy, Max",muncm002,3,2,empty,empty,1,field_out,6,1,5
2025-07-06,ATH202507060,ATH,"Gelof, Zack",geloz001,3,0,empty,empty,1,strikeout,7,1,5
2025-07-06,ATH202507060,ATH,"Clarke, Denzel",clard004,3,1,empty,empty,1,double,7,1,5
2025-07-06,ATH202507060,ATH,"Butler, Lawrence",butll001,4,1,2B,2B,1,field_out,7,1,5
2025-07-06,ATH202507060,ATH,"Wilson, Jacob",wilsj006,4,2,3B,3B,1,field_out,7,1,5
2025-07-06,ATH202507060,ATH,"Rooker, Brent",rookb001,4,0,empty,empty,1,field_out,8,1,6
2025-07-06,ATH202507060,ATH,"Kurtz, Nick",kurtn001,4,1,empty,empty,1,field_out,8,1,6
2025-07-06,ATH202507060,ATH,"Langeliers, Shea",langs001,4,2,empty,empty,1,field_out,8,1,6
2025-07-06,ATH202507060,ATH,"Soderstrom, Tyler",sodet001,4,0,empty,empty,1,double,9,1,6
2025-07-06,ATH202507060,ATH,"Muncy, Max",muncm002,4,0,2B,2B,1,field_out,9,1,6
2025-07-06,ATH202507060,ATH,"Gelof, Zack",geloz001,4,1,2B,2B,1,walk,9,1,6
2025-07-06,ATH202507060,ATH,"Clarke, Denzel",clard004,4,1,1B+2B,1B+2B,1,walk,9,1,6
2025-07-06,ATH202507060,ATH,"Butler, Lawrence",butll001,5,1,1B+2B+3B,1B+2B+3B,1,field_out,9,1,6
2025-07-06,ATH202507060,ATH,"Wilson, Jacob",wilsj006,5,2,2B+3B,2B+3B,1,field_out,9,2,6
2025-07-08,ATH202507080,ATH,"Butler, Lawrence",butll001,1,0,empty,empty,1,home_run,1,0,0
2025-07-08,ATH202507080,ATH,"Wilson, Jacob",wilsj006,1,0,empty,empty,1,hit_by_pitch,1,1,0
2025-07-08,ATH202507080,ATH,"Rooker, Brent",rookb001,1,0,1B,1B,1,home_run,1,1,0
2025-07-08,ATH202507080,ATH,"Kurtz, Nick",kurtn001,1,0,empty,empty,1,walk,1,3,0
2025-07-08,ATH202507080,ATH,"Langeliers, Shea",langs001,1,0,1B,1B,1,field_out,1,3,0
2025-07-08,ATH202507080,ATH,"Soderstrom, Tyler",sodet001,1,1,1B,1B,1,strikeout,1,3,0
2025-07-08,ATH202507080,ATH,"Muncy, Max",muncm002,1,2,1B,1B,1,home_run,1,3,0
2025-07-08,ATH202507080,ATH,"Gelof, Zack",geloz001,1,2,empty,empty,1,strikeout,1,5,0
2025-07-08,ATH202507080,ATH,"Clarke, Denzel",clard004,1,0,empty,empty,1,single,2,5,0
2025-07-08,ATH202507080,ATH,"Butler, Lawrence",butll001,2,0,1B,1B,1,walk,2,5,0
2025-07-08,ATH202507080,ATH,"Schuemann, Max",schum002,1,0,1B+2B,1B+2B,1,single,2,5,0
2025-07-08,ATH202507080,ATH,"Rooker, Brent",rookb001,2,0,1B+2B+3B,1B+2B+3B,1,strikeout,2,5,0
2025-07-08,ATH202507080,ATH,"Kurtz, Nick",kurtn001,2,1,1B+2B+3B,1B+2B+3B,1,home_run,2,5,0
2025-07-08,ATH202507080,ATH,"Langeliers, Shea",langs001,2,1,empty,empty,1,field_out,2,9,0
2025-07-08,ATH202507080,ATH,"Soderstrom, Tyler",sodet001,2,2,empty,empty,1,single,2,9,0
2025-07-08,ATH202507080,ATH,"Muncy, Max",muncm002,2,2,1B,1B,1,field_out,2,9,0
2025-07-08,ATH202507080,ATH,"Gelof, Zack",geloz001,2,0,empty,empty,1,strikeout,3,9,0
2025-07-08,ATH202507080,ATH,"Clarke, Denzel",clard004,2,1,empty,empty,1,strikeout,3,9,0
2025-07-08,ATH202507080,ATH,"Butler, Lawrence",butll001,3,2,empty,empty,1,home_run,3,9,0
2025-07-08,ATH202507080,ATH,"Schuemann, Max",schum002,2,2,empty,empty,1,field_out,3,10,0
2025-07-08,ATH202507080,ATH,"Rooker, Brent",rookb001,3,0,empty,empty,1,field_out,4,10,0
2025-07-08,ATH202507080,ATH,"Kurtz, Nick",kurtn001,3,1,empty,empty,1,double,4,10,0
2025-07-08,ATH202507080,ATH,"Langeliers, Shea",langs001,3,1,2B,2B,1,field_out,4,10,0
2025-07-08,ATH202507080,ATH,"Soderstrom, Tyler",sodet001,3,2,2B,2B,1,walk,4,10,0
2025-07-08,ATH202507080,ATH,"Muncy, Max",muncm002,3,2,1B+2B,1B+2B,1,strikeout,4,10,0
2025-07-08,ATH202507080,ATH,"Gelof, Zack",geloz001,3,0,empty,empty,1,strikeout,5,10,1
2025-07-08,ATH202507080,ATH,"Clarke, Denzel",clard004,3,1,empty,empty,1,field_out,5,10,1
2025-07-08,ATH202507080,ATH,"Butler, Lawrence",butll001,4,2,empty,empty,1,field_out,5,10,1
2025-07-08,ATH202507080,ATH,"Schuemann, Max",schum002,3,0,empty,empty,1,field_out,6,10,1
2025-07-08,ATH202507080,ATH,"Rooker, Brent",rookb001,4,1,empty,empty,1,field_out,6,10,1
2025-07-08,ATH202507080,ATH,"Kurtz, Nick",kurtn001,4,2,empty,empty,1,field_out,6,10,1
2025-07-08,ATH202507080,ATH,"Langeliers, Shea",langs001,4,0,empty,empty,1,field_out,7,10,1
2025-07-08,ATH202507080,ATH,"Thomas, Colby",thomc005,1,1,empty,empty,1,strikeout,7,10,1
2025-07-08,ATH202507080,ATH,"Muncy, Max",muncm002,4,2,empty,empty,1,single,7,10,1
2025-07-08,ATH202507080,ATH,"Gelof, Zack",geloz001,4,2,1B,1B,1,field_out,7,10,1
2025-07-08,ATH202507080,ATH,"Clarke, Denzel",clard004,4,0,empty,empty,1,strikeout,8,10,1
2025-07-08,ATH202507080,ATH,"Butler, Lawrence",butll001,5,1,empty,empty,1,field_out,8,10,1
2025-07-08,ATH202507080,ATH,"Schuemann, Max",schum002,4,2,empty,empty,1,field_out,8,10,1
2025-07-09,ATH202507090,ATH,"Butler, Lawrence",butll001,1,0,empty,empty,1,strikeout,1,0,4
2025-07-09,ATH202507090,ATH,"Rooker, Brent",rookb001,1,1,empty,empty,1,strikeout,1,0,4
2025-07-09,ATH202507090,ATH,"Kurtz, Nick",kurtn001,1,2,empty,empty,1,field_out,1,0,4
2025-07-09,ATH202507090,ATH,"Langeliers, Shea",langs001,1,0,empty,empty,1,single,2,0,6
2025-07-09,ATH202507090,ATH,"Soderstrom, Tyler",sodet001,1,0,1B,1B,1,field_out,2,0,6
2025-07-09,ATH202507090,ATH,"Muncy, Max",muncm002,1,1,1B,1B,1,field_out,2,0,6
2025-07-09,ATH202507090,ATH,"Urshela, Gio",urshg001,1,2,1B,1B,1,field_out,2,0,6
2025-07-09,ATH202507090,ATH,"Gelof, Zack",geloz001,1,0,empty,empty,1,strikeout,3,0,6
2025-07-09,ATH202507090,ATH,"Clarke, Denzel",clard004,1,1,empty,empty,1,field_out,3,0,6
2025-07-09,ATH202507090,ATH,"Butler, Lawrence",butll001,2,2,empty,empty,1,walk,3,0,6
2025-07-09,ATH202507090,ATH,"Rooker, Brent",rookb001,2,2,1B,1B,1,strikeout,3,0,6
2025-07-09,ATH202507090,ATH,"Kurtz, Nick",kurtn001,2,0,empty,empty,1,field_out,4,0,7
2025-07-09,ATH202507090,ATH,"Langeliers, Shea",langs001,2,1,empty,empty,1,field_out,4,0,7
2025-07-09,ATH202507090,ATH,"Soderstrom, Tyler",sodet001,2,2,empty,empty,1,double,4,0,7
2025-07-09,ATH202507090,ATH,"Muncy, Max",muncm002,2,2,2B,2B,1,field_out,4,0,7
2025-07-09,ATH202507090,ATH,"Urshela, Gio",urshg001,2,0,empty,empty,1,strikeout,5,0,7
2025-07-09,ATH202507090,ATH,"Gelof, Zack",geloz001,2,1,empty,empty,1,single,5,0,7
2025-07-09,ATH202507090,ATH,"Clarke, Denzel",clard004,2,1,1B,1B,1,double,5,0,7
2025-07-09,ATH202507090,ATH,"Butler, Lawrence",butll001,3,1,2B+3B,2B+3B,1,field_out,5,0,7
2025-07-09,ATH202507090,ATH,"Rooker, Brent",rookb001,3,2,3B,3B,1,field_out,5,1,7
2025-07-09,ATH202507090,ATH,"Kurtz, Nick",kurtn001,3,0,empty,empty,1,strikeout,6,1,8
2025-07-09,ATH202507090,ATH,"Langeliers, Shea",langs001,3,1,empty,empty,1,field_out,6,1,8
2025-07-09,ATH202507090,ATH,"Soderstrom, Tyler",sodet001,3,2,empty,empty,1,single,6,1,8
2025-07-09,ATH202507090,ATH,"Muncy, Max",muncm002,3,2,1B,1B,1,single,6,1,8
2025-07-09,ATH202507090,ATH,"Urshela, Gio",urshg001,3,2,1B+3B,1B+3B,1,single,6,1,8
2025-07-09,ATH202507090,ATH,"Gelof, Zack",geloz001,3,2,1B+2B,1B+2B,1,field_out,6,2,8
2025-07-09,ATH202507090,ATH,"Clarke, Denzel",clard004,3,0,empty,empty,1,strikeout,7,2,9
2025-07-09,ATH202507090,ATH,"Butler, Lawrence",butll001,4,1,empty,empty,1,field_out,7,2,9
2025-07-09,ATH202507090,ATH,"Rooker, Brent",rookb001,4,2,empty,empty,1,single,7,2,9
2025-07-09,ATH202507090,ATH,"Kurtz, Nick",kurtn001,4,2,1B,1B,1,strikeout,7,2,9
2025-07-09,ATH202507090,ATH,"Langeliers, Shea",langs001,4,0,empty,empty,1,field_out,8,2,9
2025-07-09,ATH202507090,ATH,"Soderstrom, Tyler",sodet001,4,1,empty,empty,1,strikeout,8,2,9
2025-07-09,ATH202507090,ATH,"Muncy, Max",muncm002,4,2,empty,empty,1,field_out,8,2,9
2025-07-09,ATH202507090,ATH,"Urshela, Gio",urshg001,4,0,empty,empty,1,field_out,9,2,9
2025-07-09,ATH202507090,ATH,"Gelof, Zack",geloz001,4,1,empty,empty,1,field_out,9,2,9
2025-07-09,ATH202507090,ATH,"Clarke, Denzel",clard004,4,2,empty,empty,1,single,9,2,9
2025-07-09,ATH202507090,ATH,"Butler, Lawrence",butll001,5,2,1B,1B,1,strikeout,9,2,9
2025-07-10,ATH202507100,ATH,"Butler, Lawrence",butll001,1,0,empty,empty,1,field_out,1,0,0
2025-07-10,ATH202507100,ATH,"Rooker, Brent",rookb001,1,1,empty,empty,1,double,1,0,0
2025-07-10,ATH202507100,ATH,"Kurtz, Nick",kurtn001,1,1,2B,2B,1,walk,1,0,0
2025-07-10,ATH202507100,ATH,"Andujar, Miguel",andum001,1,1,1B+2B,1B+2B,1,field_out,1,0,0
2025-07-10,ATH202507100,ATH,"Soderstrom, Tyler",sodet001,1,2,1B+2B,1B+2B,1,home_run,1,0,0
2025-07-10,ATH202507100,ATH,"Muncy, Max",muncm002,1,2,empty,empty,1,strikeout,1,3,0
2025-07-10,ATH202507100,ATH,"Wynns, Austin",wynna001,1,0,empty,empty,1,strikeout,2,3,0
2025-07-10,ATH202507100,ATH,"Gelof, Zack",geloz001,1,1,empty,empty,1,strikeout,2,3,0
2025-07-10,ATH202507100,ATH,"Clarke, Denzel",clard004,1,2,empty,empty,1,walk,2,3,0
2025-07-10,ATH202507100,ATH,"Butler, Lawrence",butll001,2,2,1B,2B,0,field_out,2,3,0
2025-07-10,ATH202507100,ATH,"Rooker, Brent",rookb001,2,0,empty,empty,1,strikeout,3,3,0
2025-07-10,ATH202507100,ATH,"Kurtz, Nick",kurtn001,2,1,empty,empty,1,strikeout,3,3,0
2025-07-10,ATH202507100,ATH,"Andujar, Miguel",andum001,2,2,empty,empty,1,field_out,3,3,0
2025-07-10,ATH202507100,ATH,"Soderstrom, Tyler",sodet001,2,0,empty,empty,1,single,4,3,3
2025-07-10,ATH202507100,ATH,"Muncy, Max",muncm002,2,0,1B,1B,1,strikeout_double_play,4,3,3
2025-07-10,ATH202507100,ATH,"Wynns, Austin",wynna001,2,2,empty,empty,1,single,4,3,3
2025-07-10,ATH202507100,ATH,"Gelof, Zack",geloz001,2,2,1B,1B,1,strikeout,4,3,3
2025-07-10,ATH202507100,ATH,"Clarke, Denzel",clard004,2,0,empty,empty,1,strikeout,5,3,3
2025-07-10,ATH202507100,ATH,"Butler, Lawrence",butll001,3,1,empty,empty,1,field_out,5,3,3
2025-07-10,ATH202507100,ATH,"Rooker, Brent",rookb001,3,2,empty,empty,1,double,5,3,3
2025-07-10,ATH202507100,ATH,"Kurtz, Nick",kurtn001,3,2,2B,2B,1,walk,5,3,3
2025-07-10,ATH202507100,ATH,"Andujar, Miguel",andum001,3,2,1B+2B,1B+2B,1,field_out,5,3,3
2025-07-10,ATH202507100,ATH,"Soderstrom, Tyler",sodet001,3,0,empty,empty,1,strikeout,6,3,3
2025-07-10,ATH202507100,ATH,"Muncy, Max",muncm002,3,1,empty,empty,1,strikeout,6,3,3
2025-07-10,ATH202507100,ATH,"Wynns, Austin",wynna001,3,2,empty,empty,1,strikeout,6,3,3
2025-07-10,ATH202507100,ATH,"Gelof, Zack",geloz001,3,0,empty,empty,1,field_out,7,3,4
2025-07-10,ATH202507100,ATH,"Clarke, Denzel",clard004,3,1,empty,empty,1,field_out,7,3,4
2025-07-10,ATH202507100,ATH,"Butler, Lawrence",butll001,4,2,empty,empty,1,single,7,3,4
2025-07-10,ATH202507100,ATH,"Rooker, Brent",rookb001,4,2,1B,1B,1,strikeout,7,3,4
2025-07-10,ATH202507100,ATH,"Kurtz, Nick",kurtn001,4,0,empty,empty,1,home_run,8,3,4
2025-07-10,ATH202507100,ATH,"Andujar, Miguel",andum001,4,0,empty,empty,1,field_out,8,4,4
2025-07-10,ATH202507100,ATH,"Soderstrom, Tyler",sodet001,4,1,empty,empty,1,field_out,8,4,4
2025-07-10,ATH202507100,ATH,"Muncy, Max",muncm002,4,2,empty,empty,1,strikeout,8,4,4
2025-07-10,ATH202507100,ATH,"Wynns, Austin",wynna001,4,0,empty,empty,1,field_out,9,4,4
2025-07-10,ATH202507100,ATH,"Gelof, Zack",geloz001,4,1,empty,empty,1,field_out,9,4,4
2025-07-10,ATH202507100,ATH,"Langeliers, Shea",langs001,1,2,empty,empty,1,strikeout,9,4,4
2025-07-10,ATH202507100,ATH,"Butler, Lawrence",butll001,5,0,2B,2B,1,strikeout,10,4,4
2025-07-10,ATH202507100,ATH,"Rooker, Brent",rookb001,5,1,2B,2B,1,double_play,10,4,4
2025-07-10,ATH202507100,ATH,"Kurtz, Nick",kurtn001,5,0,2B,2B,1,strikeout,11,4,4
2025-07-10,ATH202507100,ATH,"Andujar, Miguel",andum001,5,1,2B,2B,1,intent_walk,11,4,4
2025-07-10,ATH202507100,ATH,"Soderstrom, Tyler",sodet001,5,1,1B+2B,1B+2B,1,single,11,4,4
2025-07-11,ATH202507110,ATH,"Butler, Lawrence",butll001,1,0,empty,empty,1,field_out,1,0,0
2025-07-11,ATH202507110,ATH,"Rooker, Brent",rookb001,1,1,empty,empty,1,strikeout,1,0,0
2025-07-11,ATH202507110,ATH,"Kurtz, Nick",kurtn001,1,2,empty,empty,1,single,1,0,0
2025-07-11,ATH202507110,ATH,"Langeliers, Shea",langs001,1,2,1B,2B,0,field_out,1,0,0
2025-07-11,ATH202507110,ATH,"Soderstrom, Tyler",sodet001,1,0,empty,empty,1,field_out,2,0,0
2025-07-11,ATH202507110,ATH,"Andujar, Miguel",andum001,1,1,empty,empty,1,field_out,2,0,0
2025-07-11,ATH202507110,ATH,"Muncy, Max",muncm002,1,2,empty,empty,1,strikeout,2,0,0
2025-07-11,ATH202507110,ATH,"Gelof, Zack",geloz001,1,0,empty,empty,1,strikeout,3,0,0
2025-07-11,ATH202507110,ATH,"Clarke, Denzel",clard004,1,1,empty,empty,1,strikeout,3,0,0
2025-07-11,ATH202507110,ATH,"Butler, Lawrence",butll001,2,2,empty,empty,1,strikeout,3,0,0
2025-07-11,ATH202507110,ATH,"Rooker, Brent",rookb001,2,0,empty,empty,1,strikeout,4,0,1
2025-07-11,ATH202507110,ATH,"Kurtz, Nick",kurtn001,2,1,empty,empty,1,walk,4,0,1
2025-07-11,ATH202507110,ATH,"Langeliers, Shea",langs001,2,1,1B,1B,1,field_out,4,0,1
2025-07-11,ATH202507110,ATH,"Soderstrom, Tyler",sodet001,2,2,1B,1B,1,single,4,0,1
2025-07-11,ATH202507110,ATH,"Andujar, Miguel",andum001,2,2,1B+2B,1B+2B,1,field_out,4,0,1
2025-07-11,ATH202507110,ATH,"Muncy, Max",muncm002,2,0,empty,empty,1,field_out,5,0,7
2025-07-11,ATH202507110,ATH,"Gelof, Zack",geloz001,2,1,empty,empty,1,strikeout,5,0,7
2025-07-11,ATH202507110,ATH,"Clarke, Denzel",clard004,2,2,empty,empty,1,strikeout,5,0,7
2025-07-11,ATH202507110,ATH,"Butler, Lawrence",butll001,3,0,empty,empty,1,field_out,6,0,7
2025-07-11,ATH202507110,ATH,"Rooker, Brent",rookb001,3,1,empty,empty,1,single,6,0,7
2025-07-11,ATH202507110,ATH,"Kurtz, Nick",kurtn001,3,1,1B,1B,1,home_run,6,0,7
2025-07-11,ATH202507110,ATH,"Langeliers, Shea",langs001,3,1,empty,empty,1,field_out,6,2,7
2025-07-11,ATH202507110,ATH,"Soderstrom, Tyler",sodet001,3,2,empty,empty,1,home_run,6,2,7
2025-07-11,ATH202507110,ATH,"Andujar, Miguel",andum001,3,2,empty,empty,1,field_out,6,3,7
2025-07-11,ATH202507110,ATH,"Muncy, Max",muncm002,3,0,empty,empty,1,single,7,3,7
2025-07-11,ATH202507110,ATH,"Gelof, Zack",geloz001,3,0,1B,1B,1,single,7,3,7
2025-07-11,ATH202507110,ATH,"Clarke, Denzel",clard004,3,0,1B+2B,1B+2B,1,field_out,7,3,7
2025-07-11,ATH202507110,ATH,"Butler, Lawrence",butll001,4,1,1B+3B,1B+3B,1,strikeout,7,3,7
2025-07-11,ATH202507110,ATH,"Rooker, Brent",rookb001,4,2,1B+3B,1B+3B,1,strikeout,7,3,7
2025-07-11,ATH202507110,ATH,"Kurtz, Nick",kurtn001,4,0,empty,empty,1,strikeout,8,3,7
2025-07-11,ATH202507110,ATH,"Langeliers, Shea",langs001,4,1,empty,empty,1,strikeout,8,3,7
2025-07-11,ATH202507110,ATH,"Soderstrom, Tyler",sodet001,4,2,empty,empty,1,strikeout,8,3,7
2025-07-11,ATH202507110,ATH,"Andujar, Miguel",andum001,4,0,empty,empty,1,field_out,9,3,7
2025-07-11,ATH202507110,ATH,"Muncy, Max",muncm002,4,1,empty,empty,1,home_run,9,3,7
2025-07-11,ATH202507110,ATH,"Gelof, Zack",geloz001,4,1,empty,empty,1,walk,9,4,7
2025-07-11,ATH202507110,ATH,"Clarke, Denzel",clard004,4,1,1B,1B,1,single,9,4,7
2025-07-11,ATH202507110,ATH,"Butler, Lawrence",butll001,5,1,1B+3B,1B+3B,1,strikeout,9,4,7
2025-07-11,ATH202507110,ATH,"Rooker, Brent",rookb001,5,2,1B+3B,2B,0,single,9,5,7
2025-07-11,ATH202507110,ATH,"Kurtz, Nick",kurtn001,5,2,1B,1B,1,strikeout,9,6,7
2025-07-12,ATH202507120,ATH,"Butler, Lawrence",butll001,1,0,empty,empty,1,walk,1,0,0
2025-07-12,ATH202507120,ATH,"Wilson, Jacob",wilsj006,1,0,1B,1B,1,strikeout,1,0,0
2025-07-12,ATH202507120,ATH,"Kurtz, Nick",kurtn001,1,1,2B,2B,1,strikeout,1,0,0
2025-07-12,ATH202507120,ATH,"Rooker, Brent",rookb001,1,2,2B,2B,1,catcher_interf,1,0,0
2025-07-12,ATH202507120,ATH,"Soderstrom, Tyler",sodet001,1,2,1B+2B,1B+2B,1,field_out,1,0,0
2025-07-12,ATH202507120,ATH,"Langeliers, Shea",langs001,1,0,empty,empty,1,field_out,2,0,1
2025-07-12,ATH202507120,ATH,"Andujar, Miguel",andum001,1,1,empty,empty,1,field_out,2,0,1
2025-07-12,ATH202507120,ATH,"Muncy, Max",muncm002,1,2,empty,empty,1,field_out,2,0,1
2025-07-12,ATH202507120,ATH,"Clarke, Denzel",clard004,1,0,empty,empty,1,single,3,0,2
2025-07-12,ATH202507120,ATH,"Butler, Lawrence",butll001,2,0,2B,2B,1,single,3,0,2
2025-07-12,ATH202507120,ATH,"Wilson, Jacob",wilsj006,2,0,1B,1B,1,field_out,3,1,2
2025-07-12,ATH202507120,ATH,"Kurtz, Nick",kurtn001,2,1,1B,1B,1,catcher_interf,3,1,2
2025-07-12,ATH202507120,ATH,"Rooker, Brent",rookb001,2,1,1B+2B,1B+2B,1,double,3,1,2
2025-07-12,ATH202507120,ATH,"Soderstrom, Tyler",sodet001,2,1,2B+3B,2B+3B,1,field_out,3,2,2
2025-07-12,ATH202507120,ATH,"Langeliers, Shea",langs001,2,2,2B+3B,2B+3B,1,field_out,3,2,2
2025-07-12,ATH202507120,ATH,"Andujar, Miguel",andum001,2,0,empty,empty,1,field_out,4,2,2
2025-07-12,ATH202507120,ATH,"Muncy, Max",muncm002,2,1,empty,empty,1,field_out,4,2,2
2025-07-12,ATH202507120,ATH,"Clarke, Denzel",clard004,2,2,empty,empty,1,field_out,4,2,2
2025-07-12,ATH202507120,ATH,"Butler, Lawrence",butll001,3,0,empty,empty,1,walk,5,2,2
2025-07-12,ATH202507120,ATH,"Wilson, Jacob",wilsj006,3,1,1B,empty,0,field_out,5,2,2
2025-07-12,ATH202507120,ATH,"Kurtz, Nick",kurtn001,3,2,empty,empty,1,single,5,2,2
2025-07-12,ATH202507120,ATH,"Rooker, Brent",rookb001,3,2,1B,1B,1,home_run,5,2,2
2025-07-12,ATH202507120,ATH,"Soderstrom, Tyler",sodet001,3,2,empty,empty,1,field_out,5,4,2
2025-07-12,ATH202507120,ATH,"Langeliers, Shea",langs001,3,0,empty,empty,1,field_out,6,4,2
2025-07-12,ATH202507120,ATH,"Andujar, Miguel",andum001,3,1,empty,empty,1,single,6,4,2
2025-07-12,ATH202507120,ATH,"Muncy, Max",muncm002,3,1,1B,1B,1,strikeout,6,4,2
2025-07-12,ATH202507120,ATH,"Clarke, Denzel",clard004,3,2,1B,1B,1,strikeout,6,4,2
2025-07-12,ATH202507120,ATH,"Butler, Lawrence",butll001,4,0,empty,empty,1,strikeout,7,4,2
2025-07-12,ATH202507120,ATH,"Wilson, Jacob",wilsj006,4,1,empty,empty,1,single,7,4,2
2025-07-12,ATH202507120,ATH,"Kurtz, Nick",kurtn001,4,1,1B,1B,1,field_out,7,4,2
2025-07-12,ATH202507120,ATH,"Rooker, Brent",rookb001,4,2,1B,1B,1,intent_walk,7,4,2
2025-07-12,ATH202507120,ATH,"Soderstrom, Tyler",sodet001,4,2,1B+2B,1B+2B,1,field_out,7,4,2
2025-07-12,ATH202507120,ATH,"Langeliers, Shea",langs001,4,0,empty,empty,1,strikeout,8,4,3
2025-07-12,ATH202507120,ATH,"Andujar, Miguel",andum001,4,1,empty,empty,1,single,8,4,3
2025-07-12,ATH202507120,ATH,"Muncy, Max",muncm002,4,1,1B,2B,0,field_out,8,4,3
2025-07-12,ATH202507120,ATH,"Clarke, Denzel",clard004,4,2,2B,2B,1,field_out,8,4,3
2025-07-13,ATH202507130,ATH,"Butler, Lawrence",butll001,1,0,empty,empty,1,walk,1,0,0
2025-07-13,ATH202507130,ATH,"Wilson, Jacob",wilsj006,1,0,1B,1B,1,field_out,1,0,0
2025-07-13,ATH202507130,ATH,"Kurtz, Nick",kurtn001,1,1,1B,2B,0,field_out,1,0,0
2025-07-13,ATH202507130,ATH,"Rooker, Brent",rookb001,1,2,3B,3B,1,walk,1,0,0
2025-07-13,ATH202507130,ATH,"Soderstrom, Tyler",sodet001,1,2,1B+3B,1B+3B,1,field_out,1,0,0
2025-07-13,ATH202507130,ATH,"Urshela, Gio",urshg001,1,0,empty,empty,1,single,2,0,0
2025-07-13,ATH202507130,ATH,"Muncy, Max",muncm002,1,0,1B,1B,1,field_out,2,0,0
2025-07-13,ATH202507130,ATH,"Wynns, Austin",wynna001,1,1,1B,1B,1,home_run,2,0,0
2025-07-13,ATH202507130,ATH,"Clarke, Denzel",clard004,1,1,empty,empty,1,field_out,2,2,0
2025-07-13,ATH202507130,ATH,"Butler, Lawrence",butll001,2,2,empty,empty,1,single,2,2,0
2025-07-13,ATH202507130,ATH,"Wilson, Jacob",wilsj006,2,2,1B,1B,1,strikeout,2,2,0
2025-07-13,ATH202507130,ATH,"Kurtz, Nick",kurtn001,2,0,empty,empty,1,double,3,2,0
2025-07-13,ATH202507130,ATH,"Rooker, Brent",rookb001,2,0,2B,2B,1,field_out,3,2,0
2025-07-13,ATH202507130,ATH,"Soderstrom, Tyler",sodet001,2,1,3B,3B,1,home_run,3,2,0
2025-07-13,ATH202507130,ATH,"Urshela, Gio",urshg001,2,1,empty,empty,1,field_out,3,4,0
2025-07-13,ATH202507130,ATH,"Muncy, Max",muncm002,2,2,empty,empty,1,field_out,3,4,0
2025-07-13,ATH202507130,ATH,"Wynns, Austin",wynna001,2,0,empty,empty,1,walk,4,4,0
2025-07-13,ATH202507130,ATH,"Clarke, Denzel",clard004,2,0,1B,1B,1,double_play,4,4,0
2025-07-13,ATH202507130,ATH,"Butler, Lawrence",butll001,3,2,empty,empty,1,field_out,4,4,0
2025-07-13,ATH202507130,ATH,"Wilson, Jacob",wilsj006,3,0,empty,empty,1,field_error,5,4,1
2025-07-13,ATH202507130,ATH,"Kurtz, Nick",kurtn001,3,0,2B,2B,1,home_run,5,4,1
2025-07-13,ATH202507130,ATH,"Rooker, Brent",rookb001,3,0,empty,empty,1,single,5,6,1
2025-07-13,ATH202507130,ATH,"Soderstrom, Tyler",sodet001,3,0,1B,2B,0,strikeout,5,6,1
2025-07-13,ATH202507130,ATH,"Urshela, Gio",urshg001,3,1,2B,2B,1,field_out,5,6,1
2025-07-13,ATH202507130,ATH,"Muncy, Max",muncm002,3,2,2B,2B,1,field_out,5,6,1
2025-07-13,ATH202507130,ATH,"Wynns, Austin",wynna001,3,0,empty,empty,1,field_out,6,6,1
2025-07-13,ATH202507130,ATH,"Clarke, Denzel",clard004,3,1,empty,empty,1,strikeout,6,6,1
2025-07-13,ATH202507130,ATH,"Butler, Lawrence",butll001,4,2,empty,empty,1,field_out,6,6,1
2025-07-13,ATH202507130,ATH,"Wilson, Jacob",wilsj006,4,0,empty,empty,1,field_error,7,6,3
2025-07-13,ATH202507130,ATH,"Kurtz, Nick",kurtn001,4,0,2B,2B,1,strikeout,7,6,3
2025-07-13,ATH202507130,ATH,"Rooker, Brent",rookb001,4,1,2B,2B,1,intent_walk,7,6,3
2025-07-13,ATH202507130,ATH,"Soderstrom, Tyler",sodet001,4,1,1B+2B,1B+2B,1,strikeout,7,6,3
2025-07-13,ATH202507130,ATH,"Urshela, Gio",urshg001,4,2,1B+2B,1B+2B,1,field_out,7,6,3
2025-07-13,ATH202507130,ATH,"Muncy, Max",muncm002,4,0,empty,empty,1,single,8,6,3
2025-07-13,ATH202507130,ATH,"Wynns, Austin",wynna001,4,0,2B,2B,1,strikeout,8,6,3
2025-07-13,ATH202507130,ATH,"Clarke, Denzel",clard004,4,1,2B,2B,1,strikeout,8,6,3
2025-07-13,ATH202507130,ATH,"Butler, Lawrence",butll001,5,2,2B,2B,1,walk,8,6,3
2025-07-13,ATH202507130,ATH,"Wilson, Jacob",wilsj006,5,2,1B+2B,1B+2B,1,field_out,8,6,3
2025-07-18,CLE202507180,ATH,"Butler, Lawrence",butll001,1,0,empty,empty,1,field_out,1,0,0
2025-07-18,CLE202507180,ATH,"Wilson, Jacob",wilsj006,1,1,empty,empty,1,field_out,1,0,0
2025-07-18,CLE202507180,ATH,"Kurtz, Nick",kurtn001,1,2,empty,empty,1,field_out,1,0,0
2025-07-18,CLE202507180,ATH,"Rooker, Brent",rookb001,1,0,empty,empty,1,field_out,2,0,0
2025-07-18,CLE202507180,ATH,"Soderstrom, Tyler",sodet001,1,1,empty,empty,1,field_out,2,0,0
2025-07-18,CLE202507180,ATH,"Langeliers, Shea",langs001,1,2,empty,empty,1,field_out,2,0,0
2025-07-18,CLE202507180,ATH,"Andujar, Miguel",andum001,1,0,empty,empty,1,field_out,3,0,1
2025-07-18,CLE202507180,ATH,"Muncy, Max",muncm002,1,1,empty,empty,1,field_out,3,0,1
2025-07-18,CLE202507180,ATH,"Clarke, Denzel",clard004,1,2,empty,empty,1,field_out,3,0,1
2025-07-18,CLE202507180,ATH,"Butler, Lawrence",butll001,2,0,empty,empty,1,field_out,4,0,5
2025-07-18,CLE202507180,ATH,"Wilson, Jacob",wilsj006,2,1,empty,empty,1,field_out,4,0,5
2025-07-18,CLE202507180,ATH,"Kurtz, Nick",kurtn001,2,2,empty,empty,1,field_out,4,0,5
2025-07-18,CLE202507180,ATH,"Rooker, Brent",rookb001,2,0,empty,empty,1,home_run,5,0,7
2025-07-18,CLE202507180,ATH,"Soderstrom, Tyler",sodet001,2,0,empty,empty,1,field_out,5,1,7
2025-07-18,CLE202507180,ATH,"Langeliers, Shea",langs001,2,1,empty,empty,1,single,5,1,7
2025-07-18,CLE202507180,ATH,"Andujar, Miguel",andum001,2,1,1B,1B,1,field_out,5,1,7
2025-07-18,CLE202507180,ATH,"Muncy, Max",muncm002,2,2,1B,1B,1,field_out,5,1,7
2025-07-18,CLE202507180,ATH,"Clarke, Denzel",clard004,2,0,empty,empty,1,double,6,1,8
2025-07-18,CLE202507180,ATH,"Butler, Lawrence",butll001,3,0,2B,2B,1,field_out,6,1,8
2025-07-18,CLE202507180,ATH,"Wilson, Jacob",wilsj006,3,1,2B,2B,1,field_out,6,1,8
2025-07-18,CLE202507180,ATH,"Kurtz, Nick",kurtn001,3,2,3B,3B,1,single,6,1,8
2025-07-18,CLE202507180,ATH,"Rooker, Brent",rookb001,3,2,1B,1B,1,field_out,6,2,8
2025-07-18,CLE202507180,ATH,"Soderstrom, Tyler",sodet001,3,0,empty,empty,1,field_out,7,2,8
2025-07-18,CLE202507180,ATH,"Langeliers, Shea",langs001,3,1,empty,empty,1,home_run,7,2,8
2025-07-18,CLE202507180,ATH,"Andujar, Miguel",andum001,3,1,empty,empty,1,strikeout,7,3,8
2025-07-18,CLE202507180,ATH,"Muncy, Max",muncm002,3,2,empty,empty,1,field_out,7,3,8
2025-07-18,CLE202507180,ATH,"Clarke, Denzel",clard004,3,0,empty,empty,1,field_out,8,3,8
2025-07-18,CLE202507180,ATH,"Butler, Lawrence",butll001,4,1,empty,empty,1,field_out,8,3,8
2025-07-18,CLE202507180,ATH,"Wilson, Jacob",wilsj006,4,2,empty,empty,1,field_out,8,3,8
2025-07-18,CLE202507180,ATH,"Kurtz, Nick",kurtn001,4,0,empty,empty,1,triple,9,3,8
2025-07-18,CLE202507180,ATH,"Rooker, Brent",rookb001,4,0,3B,3B,1,triple,9,3,8
2025-07-18,CLE202507180,ATH,"Soderstrom, Tyler",sodet001,4,0,3B,3B,1,strikeout,9,4,8
2025-07-18,CLE202507180,ATH,"Langeliers, Shea",langs001,4,1,3B,3B,1,double,9,4,8
2025-07-18,CLE202507180,ATH,"Andujar, Miguel",andum001,4,1,2B,2B,1,double,9,5,8
2025-07-18,CLE202507180,ATH,"Muncy, Max",muncm002,4,1,2B,2B,1,strikeout,9,6,8
2025-07-18,CLE202507180,ATH,"Urshela, Gio",urshg001,1,2,2B,2B,1,strikeout,9,6,8
2025-07-19,CLE202507190,ATH,"Wilson, Jacob",wilsj006,1,0,empty,empty,1,field_out,1,0,0
2025-07-19,CLE202507190,ATH,"Rooker, Brent",rookb001,1,1,empty,empty,1,field_out,1,0,0
2025-07-19,CLE202507190,ATH,"Kurtz, Nick",kurtn001,1,2,empty,empty,1,strikeout,1,0,0
2025-07-19,CLE202507190,ATH,"Langeliers, Shea",langs001,1,0,empty,empty,1,strikeout,2,0,0
2025-07-19,CLE202507190,ATH,"Andujar, Miguel",andum001,1,1,empty,empty,1,field_out,2,0,0
2025-07-19,CLE202507190,ATH,"Muncy, Max",muncm002,1,2,empty,empty,1,field_out,2,0,0
2025-07-19,CLE202507190,ATH,"Urias, Luis",urial001,1,0,empty,empty,1,field_out,3,0,0
2025-07-19,CLE202507190,ATH,"Wynns, Austin",wynna001,1,1,empty,empty,1,field_out,3,0,0
2025-07-19,CLE202507190,ATH,"Clarke, Denzel",clard004,1,2,empty,empty,1,single,3,0,0
2025-07-19,CLE202507190,ATH,"Wilson, Jacob",wilsj006,2,2,1B,1B,1,field_out,3,0,0
2025-07-19,CLE202507190,ATH,"Rooker, Brent",rookb001,2,0,empty,empty,1,double,4,0,2
2025-07-19,CLE202507190,ATH,"Kurtz, Nick",kurtn001,2,0,2B,2B,1,double,4,0,2
2025-07-19,CLE202507190,ATH,"Langeliers, Shea",langs001,2,0,2B,2B,1,double,4,1,2
2025-07-19,CLE202507190,ATH,"Andujar, Miguel",andum001,2,0,2B,2B,1,single,4,2,2
2025-07-19,CLE202507190,ATH,"Muncy, Max",muncm002,2,0,1B,1B,1,field_out,4,3,2
2025-07-19,CLE202507190,ATH,"Urias, Luis",urial001,2,2,1B,empty,0,field_out,4,3,2
2025-07-19,CLE202507190,ATH,"Wynns, Austin",wynna001,2,0,empty,empty,1,field_out,5,3,2
2025-07-19,CLE202507190,ATH,"Clarke, Denzel",clard004,2,1,empty,empty,1,double,5,3,2
2025-07-19,CLE202507190,ATH,"Wilson, Jacob",wilsj006,3,1,2B,2B,1,strikeout,5,3,2
2025-07-19,CLE202507190,ATH,"Rooker, Brent",rookb001,3,2,2B,2B,1,intent_walk,5,3,2
2025-07-19,CLE202507190,ATH,"Kurtz, Nick",kurtn001,3,2,1B+2B,1B+2B,1,strikeout,5,3,2
2025-07-19,CLE202507190,ATH,"Langeliers, Shea",langs001,3,0,empty,empty,1,field_out,6,3,2
2025-07-19,CLE202507190,ATH,"Andujar, Miguel",andum001,3,1,empty,empty,1,single,6,3,2
2025-07-19,CLE202507190,ATH,"Muncy, Max",muncm002,3,1,1B,1B,1,single,6,3,2
2025-07-19,CLE202507190,ATH,"Soderstrom, Tyler",sodet001,1,1,1B+2B,1B+2B,1,field_out,6,3,2
2025-07-19,CLE202507190,ATH,"Wynns, Austin",wynna001,3,2,1B+3B,2B+3B,0,strikeout,6,3,2
2025-07-19,CLE202507190,ATH,"Clarke, Denzel",clard004,3,0,empty,empty,1,field_out,7,3,2
2025-07-19,CLE202507190,ATH,"Wilson, Jacob",wilsj006,4,1,empty,empty,1,single,7,3,2
2025-07-19,CLE202507190,ATH,"Rooker, Brent",rookb001,4,1,1B,1B,1,grounded_into_double_play,7,3,2
2025-07-19,CLE202507190,ATH,"Kurtz, Nick",kurtn001,4,0,empty,empty,1,double,8,3,2
2025-07-19,CLE202507190,ATH,"Langeliers, Shea",langs001,4,0,2B,2B,1,home_run,8,3,2
2025-07-19,CLE202507190,ATH,"Andujar, Miguel",andum001,4,0,empty,empty,1,field_out,8,5,2
2025-07-19,CLE202507190,ATH,"Muncy, Max",muncm002,4,1,empty,empty,1,field_out,8,5,2
2025-07-19,CLE202507190,ATH,"Soderstrom, Tyler",sodet001,2,2,empty,empty,1,field_out,8,5,2
2025-07-19,CLE202507190,ATH,"Wynns, Austin",wynna001,4,0,empty,empty,1,strikeout,9,5,2
2025-07-19,CLE202507190,ATH,"Clarke, Denzel",clard004,4,1,empty,empty,1,triple,9,5,2
2025-07-19,CLE202507190,ATH,"Wilson, Jacob",wilsj006,5,1,3B,3B,1,home_run,9,5,2
2025-07-19,CLE202507190,ATH,"Rooker, Brent",rookb001,5,1,empty,empty,1,strikeout,9,7,2
2025-07-19,CLE202507190,ATH,"Kurtz, Nick",kurtn001,5,2,empty,empty,1,home_run,9,7,2
2025-07-19,CLE202507190,ATH,"Langeliers, Shea",langs001,5,2,empty,empty,1,field_out,9,8,2
2025-07-20,CLE202507200,ATH,"Butler, Lawrence",butll001,1,0,empty,empty,1,strikeout,1,0,0
2025-07-20,CLE202507200,ATH,"Wilson, Jacob",wilsj006,1,1,empty,empty,1,field_out,1,0,0
2025-07-20,CLE202507200,ATH,"Kurtz, Nick",kurtn001,1,2,empty,empty,1,strikeout,1,0,0
2025-07-20,CLE202507200,ATH,"Rooker, Brent",rookb001,1,0,empty,empty,1,strikeout,2,0,1
2025-07-20,CLE202507200,ATH,"Langeliers, Shea",langs001,1,1,empty,empty,1,strikeout,2,0,1
2025-07-20,CLE202507200,ATH,"Soderstrom, Tyler",sodet001,1,2,empty,empty,1,strikeout,2,0,1
2025-07-20,CLE202507200,ATH,"Urshela, Gio",urshg001,1,0,empty,empty,1,field_out,3,0,2
2025-07-20,CLE202507200,ATH,"Schuemann, Max",schum002,1,1,empty,empty,1,single,3,0,2
2025-07-20,CLE202507200,ATH,"Clarke, Denzel",clard004,1,1,1B,1B,1,strikeout,3,0,2
2025-07-20,CLE202507200,ATH,"Butler, Lawrence",butll001,2,2,1B,1B,1,strikeout,3,0,2
2025-07-20,CLE202507200,ATH,"Wilson, Jacob",wilsj006,2,0,empty,empty,1,field_out,4,0,2
2025-07-20,CLE202507200,ATH,"Kurtz, Nick",kurtn001,2,1,empty,empty,1,walk,4,0,2
2025-07-20,CLE202507200,ATH,"Rooker, Brent",rookb001,2,1,1B,1B,1,strikeout,4,0,2
2025-07-20,CLE202507200,ATH,"Langeliers, Shea",langs001,2,2,2B,2B,1,strikeout,4,0,2
2025-07-20,CLE202507200,ATH,"Soderstrom, Tyler",sodet001,2,0,empty,empty,1,single,5,0,5
2025-07-20,CLE202507200,ATH,"Urshela, Gio",urshg001,2,0,1B,1B,1,field_out,5,0,5
2025-07-20,CLE202507200,ATH,"Schuemann, Max",schum002,2,1,1B,1B,1,single,5,0,5
2025-07-20,CLE202507200,ATH,"Clarke, Denzel",clard004,2,1,1B+2B,1B+2B,1,field_out,5,0,5
2025-07-20,CLE202507200,ATH,"Butler, Lawrence",butll001,3,2,1B+3B,2B,0,strikeout,5,1,5
2025-07-20,CLE202507200,ATH,"Wilson, Jacob",wilsj006,3,0,empty,empty,1,field_out,6,1,5
2025-07-20,CLE202507200,ATH,"Kurtz, Nick",kurtn001,3,1,empty,empty,1,double,6,1,5
2025-07-20,CLE202507200,ATH,"Rooker, Brent",rookb001,3,1,2B,2B,1,strikeout,6,1,5
2025-07-20,CLE202507200,ATH,"Langeliers, Shea",langs001,3,2,2B,2B,1,field_out,6,1,5
2025-07-20,CLE202507200,ATH,"Soderstrom, Tyler",sodet001,3,0,empty,empty,1,field_out,7,1,5
2025-07-20,CLE202507200,ATH,"Urshela, Gio",urshg001,3,1,empty,empty,1,field_out,7,1,5
2025-07-20,CLE202507200,ATH,"Schuemann, Max",schum002,3,2,empty,empty,1,field_out,7,1,5
2025-07-20,CLE202507200,ATH,"Clarke, Denzel",clard004,3,0,empty,empty,1,double,8,1,6
2025-07-20,CLE202507200,ATH,"Butler, Lawrence",butll001,4,0,2B,2B,1,strikeout,8,1,6
2025-07-20,CLE202507200,ATH,"Wilson, Jacob",wilsj006,4,1,2B,2B,1,field_out,8,1,6
2025-07-20,CLE202507200,ATH,"Kurtz, Nick",kurtn001,4,2,2B,2B,1,double,8,1,6
2025-07-20,CLE202507200,ATH,"Rooker, Brent",rookb001,4,2,2B,2B,1,strikeout,8,2,6
2025-07-20,CLE202507200,ATH,"Langeliers, Shea",langs001,4,0,empty,empty,1,double,9,2,8
2025-07-20,CLE202507200,ATH,"Soderstrom, Tyler",sodet001,4,0,2B,2B,1,field_out,9,2,8
2025-07-20,CLE202507200,ATH,"Urshela, Gio",urshg001,4,1,2B,2B,1,strikeout,9,2,8
2025-07-20,CLE202507200,ATH,"Schuemann, Max",schum002,4,2,2B,2B,1,field_out,9,2,8
2025-07-21,TEX202507210,ATH,"Butler, Lawrence",butll001,1,0,empty,empty,1,strikeout,1,0,0
2025-07-21,TEX202507210,ATH,"Wilson, Jacob",wilsj006,1,1,empty,empty,1,field_out,1,0,0
2025-07-21,TEX202507210,ATH,"Kurtz, Nick",kurtn001,1,2,empty,empty,1,walk,1,0,0
2025-07-21,TEX202507210,ATH,"Rooker, Brent",rookb001,1,2,1B,1B,1,field_out,1,0,0
2025-07-21,TEX202507210,ATH,"Langeliers, Shea",langs001,1,0,empty,empty,1,strikeout,2,0,0
2025-07-21,TEX202507210,ATH,"Soderstrom, Tyler",sodet001,1,1,empty,empty,1,strikeout,2,0,0
2025-07-21,TEX202507210,ATH,"Andujar, Miguel",andum001,1,2,empty,empty,1,field_out,2,0,0
2025-07-21,TEX202507210,ATH,"Muncy, Max",muncm002,1,0,empty,empty,1,field_out,3,0,0
2025-07-21,TEX202507210,ATH,"Urias, Luis",urial001,1,1,empty,empty,1,field_out,3,0,0
2025-07-21,TEX202507210,ATH,"Butler, Lawrence",butll001,2,2,empty,empty,1,field_out,3,0,0
2025-07-21,TEX202507210,ATH,"Wilson, Jacob",wilsj006,2,0,empty,empty,1,field_out,4,0,1
2025-07-21,TEX202507210,ATH,"Kurtz, Nick",kurtn001,2,1,empty,empty,1,double,4,0,1
2025-07-21,TEX202507210,ATH,"Rooker, Brent",rookb001,2,1,2B,2B,1,field_out,4,0,1
2025-07-21,TEX202507210,ATH,"Langeliers, Shea",langs001,2,2,2B,2B,1,walk,4,0,1
2025-07-21,TEX202507210,ATH,"Soderstrom, Tyler",sodet001,2,2,1B+2B,1B+2B,1,single,4,0,1
2025-07-21,TEX202507210,ATH,"Andujar, Miguel",andum001,2,2,1B+3B,1B+3B,1,strikeout,4,1,1
2025-07-21,TEX202507210,ATH,"Muncy, Max",muncm002,2,0,empty,empty,1,hit_by_pitch,5,1,1
2025-07-21,TEX202507210,ATH,"Urias, Luis",urial001,2,0,1B,1B,1,field_out,5,1,1
2025-07-21,TEX202507210,ATH,"Butler, Lawrence",butll001,3,1,1B,1B,1,strikeout,5,1,1
2025-07-21,TEX202507210,ATH,"Wilson, Jacob",wilsj006,3,2,1B,1B,1,field_out,5,1,1
2025-07-21,TEX202507210,ATH,"Kurtz, Nick",kurtn001,3,0,empty,empty,1,home_run,6,1,5
2025-07-21,TEX202507210,ATH,"Rooker, Brent",rookb001,3,0,empty,empty,1,strikeout,6,2,5
2025-07-21,TEX202507210,ATH,"Langeliers, Shea",langs001,3,1,empty,empty,1,walk,6,2,5
2025-07-21,TEX202507210,ATH,"Soderstrom, Tyler",sodet001,3,1,1B,1B,1,strikeout,6,2,5
2025-07-21,TEX202507210,ATH,"Andujar, Miguel",andum001,3,2,1B,1B,1,field_out,6,2,5
2025-07-21,TEX202507210,ATH,"Urshela, Gio",urshg001,1,0,empty,empty,1,double,7,2,5
2025-07-21,TEX202507210,ATH,"Urias, Luis",urial001,3,0,2B,2B,1,walk,7,2,5
2025-07-21,TEX202507210,ATH,"Butler, Lawrence",butll001,4,0,1B+2B,1B+2B,1,field_out,7,2,5
2025-07-21,TEX202507210,ATH,"Wilson, Jacob",wilsj006,4,1,1B+2B,1B+2B,1,field_out,7,2,5
2025-07-21,TEX202507210,ATH,"Kurtz, Nick",kurtn001,4,2,1B+3B,1B+3B,1,field_out,7,2,5
2025-07-21,TEX202507210,ATH,"Rooker, Brent",rookb001,4,0,empty,empty,1,strikeout,8,2,7
2025-07-21,TEX202507210,ATH,"Langeliers, Shea",langs001,4,1,empty,empty,1,single,8,2,7
2025-07-21,TEX202507210,ATH,"Soderstrom, Tyler",sodet001,4,1,1B,1B,1,field_out,8,2,7
2025-07-21,TEX202507210,ATH,"Andujar, Miguel",andum001,4,2,1B,1B,1,field_out,8,2,7
2025-07-21,TEX202507210,ATH,"Urshela, Gio",urshg001,2,0,empty,empty,1,strikeout,9,2,7
2025-07-21,TEX202507210,ATH,"Urias, Luis",urial001,4,1,empty,empty,1,walk,9,2,7
2025-07-21,TEX202507210,ATH,"Butler, Lawrence",butll001,5,1,1B,1B,1,field_out,9,2,7
2025-07-21,TEX202507210,ATH,"Wilson, Jacob",wilsj006,5,2,1B,1B,1,field_out,9,2,7
2025-07-22,TEX202507220,ATH,"Butler, Lawrence",butll001,1,0,empty,empty,1,home_run,1,0,0
2025-07-22,TEX202507220,ATH,"Wilson, Jacob",wilsj006,1,0,empty,empty,1,strikeout,1,1,0
2025-07-22,TEX202507220,ATH,"Kurtz, Nick",kurtn001,1,1,empty,empty,1,strikeout,1,1,0
2025-07-22,TEX202507220,ATH,"Rooker, Brent",rookb001,1,2,empty,empty,1,field_out,1,1,0
2025-07-22,TEX202507220,ATH,"Langeliers, Shea",langs001,1,0,empty,empty,1,field_out,2,1,0
2025-07-22,TEX202507220,ATH,"Soderstrom, Tyler",sodet001,1,1,empty,empty,1,field_out,2,1,0
2025-07-22,TEX202507220,ATH,"Andujar, Miguel",andum001,1,2,empty,empty,1,field_out,2,1,0
2025-07-22,TEX202507220,ATH,"Thomas, Colby",thomc005,1,0,empty,empty,1,field_out,3,1,0
2025-07-22,TEX202507220,ATH,"Urias, Luis",urial001,1,1,empty,empty,1,field_out,3,1,0
2025-07-22,TEX202507220,ATH,"Butler, Lawrence",butll001,2,2,empty,empty,1,strikeout,3,1,0
2025-07-22,TEX202507220,ATH,"Wilson, Jacob",wilsj006,2,0,empty,empty,1,field_out,4,1,0
2025-07-22,TEX202507220,ATH,"Kurtz, Nick",kurtn001,2,1,empty,empty,1,walk,4,1,0
2025-07-22,TEX202507220,ATH,"Rooker, Brent",rookb001,2,1,1B,1B,1,strikeout,4,1,0
2025-07-22,TEX202507220,ATH,"Langeliers, Shea",langs001,2,2,1B,2B,0,strikeout,4,1,0
2025-07-22,TEX202507220,ATH,"Soderstrom, Tyler",sodet001,2,0,empty,empty,1,double,5,1,1
2025-07-22,TEX202507220,ATH,"Andujar, Miguel",andum001,2,0,2B,2B,1,strikeout,5,1,1
2025-07-22,TEX202507220,ATH,"Thomas, Colby",thomc005,2,1,2B,2B,1,strikeout,5,1,1
2025-07-22,TEX202507220,ATH,"Urias, Luis",urial001,2,2,2B,2B,1,strikeout,5,1,1
2025-07-22,TEX202507220,ATH,"Butler, Lawrence",butll001,3,0,empty,empty,1,field_out,6,1,1
2025-07-22,TEX202507220,ATH,"Wilson, Jacob",wilsj006,3,1,empty,empty,1,field_out,6,1,1
2025-07-22,TEX202507220,ATH,"Kurtz, Nick",kurtn001,3,2,empty,empty,1,single,6,1,1
2025-07-22,TEX202507220,ATH,"Rooker, Brent",rookb001,3,2,1B,1B,1,strikeout,6,1,1
2025-07-22,TEX202507220,ATH,"Langeliers, Shea",langs001,3,0,empty,empty,1,field_out,7,1,2
2025-07-22,TEX202507220,ATH,"Soderstrom, Tyler",sodet001,3,1,empty,empty,1,field_out,7,1,2
2025-07-22,TEX202507220,ATH,"Andujar, Miguel",andum001,3,2,empty,empty,1,single,7,1,2
2025-07-22,TEX202507220,ATH,"Thomas, Colby",thomc005,3,2,1B,1B,1,single,7,1,2
2025-07-22,TEX202507220,ATH,"Urias, Luis",urial001,3,2,1B+2B,1B+2B,1,field_out,7,1,2
2025-07-22,TEX202507220,ATH,"Butler, Lawrence",butll001,4,0,empty,empty,1,strikeout,8,1,6
2025-07-22,TEX202507220,ATH,"Wilson, Jacob",wilsj006,4,1,empty,empty,1,field_error,8,1,6
2025-07-22,TEX202507220,ATH,"Kurtz, Nick",kurtn001,4,1,1B,1B,1,field_out,8,1,6
2025-07-22,TEX202507220,ATH,"Rooker, Brent",rookb001,4,2,1B,1B,1,walk,8,1,6
2025-07-22,TEX202507220,ATH,"Langeliers, Shea",langs001,4,2,1B+2B,1B+2B,1,single,8,1,6
2025-07-22,TEX202507220,ATH,"Soderstrom, Tyler",sodet001,4,2,1B+3B,1B+3B,1,field_out,8,2,6
2025-07-22,TEX202507220,ATH,"Andujar, Miguel",andum001,4,0,empty,empty,1,strikeout,9,2,6
2025-07-22,TEX202507220,ATH,"Thomas, Colby",thomc005,4,1,empty,empty,1,strikeout,9,2,6
2025-07-22,TEX202507220,ATH,"Urias, Luis",urial001,4,2,empty,empty,1,single,9,2,6
2025-07-22,TEX202507220,ATH,"Butler, Lawrence",butll001,5,2,1B,2B,0,strikeout,9,2,6
2025-07-23,TEX202507230,ATH,"Wilson, Jacob",wilsj006,1,0,empty,empty,1,field_out,1,0,0
2025-07-23,TEX202507230,ATH,"Rooker, Brent",rookb001,1,1,empty,empty,1,field_out,1,0,0
2025-07-23,TEX202507230,ATH,"Kurtz, Nick",kurtn001,1,2,empty,empty,1,field_out,1,0,0
2025-07-23,TEX202507230,ATH,"Langeliers, Shea",langs001,1,0,empty,empty,1,strikeout,2,0,0
2025-07-23,TEX202507230,ATH,"Andujar, Miguel",andum001,1,1,empty,empty,1,strikeout,2,0,0
2025-07-23,TEX202507230,ATH,"Thomas, Colby",thomc005,1,2,empty,empty,1,strikeout,2,0,0
2025-07-23,TEX202507230,ATH,"Urshela, Gio",urshg001,1,0,empty,empty,1,strikeout,3,0,0
2025-07-23,TEX202507230,ATH,"Wynns, Austin",wynna001,1,1,empty,empty,1,double,3,0,0
2025-07-23,TEX202507230,ATH,"Urias, Luis",urial001,1,1,2B,2B,1,field_out,3,0,0
2025-07-23,TEX202507230,ATH,"Wilson, Jacob",wilsj006,2,2,2B,2B,1,field_out,3,0,0
2025-07-23,TEX202507230,ATH,"Rooker, Brent",rookb001,2,0,empty,empty,1,field_out,4,0,1
2025-07-23,TEX202507230,ATH,"Kurtz, Nick",kurtn001,2,1,empty,empty,1,strikeout,4,0,1
2025-07-23,TEX202507230,ATH,"Langeliers, Shea",langs001,2,2,empty,empty,1,field_out,4,0,1
2025-07-23,TEX202507230,ATH,"Andujar, Miguel",andum001,2,0,empty,empty,1,single,5,0,1
2025-07-23,TEX202507230,ATH,"Thomas, Colby",thomc005,2,0,1B,1B,1,strikeout,5,0,1
2025-07-23,TEX202507230,ATH,"Urshela, Gio",urshg001,2,1,1B,1B,1,field_out,5,0,1
2025-07-23,TEX202507230,ATH,"Wynns, Austin",wynna001,2,2,1B,1B,1,strikeout,5,0,1
2025-07-23,TEX202507230,ATH,"Urias, Luis",urial001,2,0,empty,empty,1,field_out,6,0,1
2025-07-23,TEX202507230,ATH,"Wilson, Jacob",wilsj006,3,1,empty,empty,1,field_out,6,0,1
2025-07-23,TEX202507230,ATH,"Rooker, Brent",rookb001,3,2,empty,empty,1,single,6,0,1
2025-07-23,TEX202507230,ATH,"Kurtz, Nick",kurtn001,3,2,1B,1B,1,double,6,0,1
2025-07-23,TEX202507230,ATH,"Langeliers, Shea",langs001,3,2,2B,2B,1,single,6,1,1
2025-07-23,TEX202507230,ATH,"Soderstrom, Tyler",sodet001,1,2,1B+3B,1B+3B,1,field_out,6,1,1
2025-07-23,TEX202507230,ATH,"Butler, Lawrence",butll001,1,0,empty,empty,1,field_out,7,1,1
2025-07-23,TEX202507230,ATH,"Urshela, Gio",urshg001,3,1,empty,empty,1,field_out,7,1,1
2025-07-23,TEX202507230,ATH,"Wynns, Austin",wynna001,3,2,empty,empty,1,field_out,7,1,1
2025-07-23,TEX202507230,ATH,"Cortes, Carlos",cortc001,1,0,empty,empty,1,field_out,8,1,2
2025-07-23,TEX202507230,ATH,"Wilson, Jacob",wilsj006,4,1,empty,empty,1,field_out,8,1,2
2025-07-23,TEX202507230,ATH,"Rooker, Brent",rookb001,4,2,empty,empty,1,single,8,1,2
2025-07-23,TEX202507230,ATH,"Kurtz, Nick",kurtn001,4,2,1B,1B,1,strikeout,8,1,2
2025-07-23,TEX202507230,ATH,"Langeliers, Shea",langs001,4,0,empty,empty,1,single,9,1,2
2025-07-23,TEX202507230,ATH,"Soderstrom, Tyler",sodet001,2,0,1B,1B,1,field_out,9,1,2
2025-07-23,TEX202507230,ATH,"Butler, Lawrence",butll001,2,1,1B,1B,1,strikeout,9,1,2
2025-07-23,TEX202507230,ATH,"Urshela, Gio",urshg001,4,2,1B,1B,1,strikeout,9,1,2
2025-07-24,HOU202507240,ATH,"Schuemann, Max",schum002,1,0,empty,empty,1,single,1,0,0
2025-07-24,HOU202507240,ATH,"Kurtz, Nick",kurtn001,1,0,1B,1B,1,field_out,1,0,0
2025-07-24,HOU202507240,ATH,"Rooker, Brent",rookb001,1,1,1B,1B,1,strikeout,1,0,0
2025-07-24,HOU202507240,ATH,"Soderstrom, Tyler",sodet001,1,2,1B,1B,1,field_out,1,0,0
2025-07-24,HOU202507240,ATH,"Langeliers, Shea",langs001,1,0,empty,empty,1,strikeout,2,0,0
2025-07-24,HOU202507240,ATH,"Butler, Lawrence",butll001,1,1,empty,empty,1,walk,2,0,0
2025-07-24,HOU202507240,ATH,"Cortes, Carlos",cortc001,1,1,1B,3B,0,sac_fly,2,0,0
2025-07-24,HOU202507240,ATH,"Urshela, Gio",urshg001,1,2,empty,empty,1,single,2,1,0
2025-07-24,HOU202507240,ATH,"Urias, Luis",urial001,1,2,1B,1B,1,field_out,2,1,0
2025-07-24,HOU202507240,ATH,"Schuemann, Max",schum002,2,0,empty,empty,1,field_out,3,1,0
2025-07-24,HOU202507240,ATH,"Kurtz, Nick",kurtn001,2,1,empty,empty,1,single,3,1,0
2025-07-24,HOU202507240,ATH,"Rooker, Brent",rookb001,2,1,1B,1B,1,single,3,1,0
2025-07-24,HOU202507240,ATH,"Soderstrom, Tyler",sodet001,2,1,1B+3B,1B+3B,1,field_out,3,1,0
2025-07-24,HOU202507240,ATH,"Langeliers, Shea",langs001,2,2,1B+3B,1B+3B,1,field_out,3,1,0
2025-07-24,HOU202507240,ATH,"Butler, Lawrence",butll001,2,0,empty,empty,1,field_out,4,1,0
2025-07-24,HOU202507240,ATH,"Cortes, Carlos",cortc001,2,1,empty,empty,1,single,4,1,0
2025-07-24,HOU202507240,ATH,"Urshela, Gio",urshg001,2,1,1B,1B,1,single,4,1,0
2025-07-24,HOU202507240,ATH,"Urias, Luis",urial001,2,1,1B+2B,1B+2B,1,single,4,1,0
2025-07-24,HOU202507240,ATH,"Schuemann, Max",schum002,3,1,1B+2B+3B,1B+2B+3B,1,field_out,4,1,0
2025-07-24,HOU202507240,ATH,"Kurtz, Nick",kurtn001,3,2,1B+3B,1B+3B,1,double,4,2,0
2025-07-24,HOU202507240,ATH,"Rooker, Brent",rookb001,3,0,empty,empty,1,walk,5,3,0
2025-07-24,HOU202507240,ATH,"Soderstrom, Tyler",sodet001,3,0,1B,1B,1,double,5,3,0
2025-07-24,HOU202507240,ATH,"Langeliers, Shea",langs001,3,0,2B+3B,2B+3B,1,sac_fly,5,3,0
2025-07-24,HOU202507240,ATH,"Butler, Lawrence",butll001,3,1,2B,2B,1,field_out,5,4,0
2025-07-24,HOU202507240,ATH,"Cortes, Carlos",cortc001,3,2,2B,2B,1,strikeout,5,4,0
2025-07-24,HOU202507240,ATH,"Urshela, Gio",urshg001,3,0,empty,empty,1,field_out,6,4,0
2025-07-24,HOU202507240,ATH,"Urias, Luis",urial001,3,1,empty,empty,1,home_run,6,4,0
2025-07-24,HOU202507240,ATH,"Schuemann, Max",schum002,4,1,empty,empty,1,field_out,6,5,0
2025-07-24,HOU202507240,ATH,"Kurtz, Nick",kurtn001,4,2,empty,empty,1,double,6,5,0
2025-07-24,HOU202507240,ATH,"Rooker, Brent",rookb001,4,2,2B,3B,0,field_out,6,5,0
2025-07-24,HOU202507240,ATH,"Soderstrom, Tyler",sodet001,4,0,empty,empty,1,field_out,7,5,0
2025-07-24,HOU202507240,ATH,"Langeliers, Shea",langs001,4,1,empty,empty,1,field_out,7,5,0
2025-07-24,HOU202507240,ATH,"Butler, Lawrence",butll001,4,2,empty,empty,1,strikeout,7,5,0
2025-07-24,HOU202507240,ATH,"Cortes, Carlos",cortc001,4,0,empty,empty,1,field_out,8,5,2
2025-07-24,HOU202507240,ATH,"Urshela, Gio",urshg001,4,1,empty,empty,1,single,8,5,2
2025-07-24,HOU202507240,ATH,"Urias, Luis",urial001,4,1,1B,1B,1,strikeout_double_play,8,5,2
2025-07-24,HOU202507240,ATH,"Schuemann, Max",schum002,5,0,empty,empty,1,walk,9,5,2
2025-07-24,HOU202507240,ATH,"Kurtz, Nick",kurtn001,5,0,1B,2B,0,field_out,9,5,2
2025-07-24,HOU202507240,ATH,"Rooker, Brent",rookb001,5,1,2B,2B,1,field_out,9,5,2
2025-07-24,HOU202507240,ATH,"Andujar, Miguel",andum001,1,2,3B,3B,1,field_out,9,5,2
2025-07-25,HOU202507250,ATH,"Cortes, Carlos",cortc001,1,0,empty,empty,1,strikeout,1,0,0
2025-07-25,HOU202507250,ATH,"Kurtz, Nick",kurtn001,1,1,empty,empty,1,single,1,0,0
2025-07-25,HOU202507250,ATH,"Rooker, Brent",rookb001,1,1,1B,1B,1,strikeout,1,0,0
2025-07-25,HOU202507250,ATH,"Langeliers, Shea",langs001,1,2,1B,1B,1,single,1,0,0
2025-07-25,HOU202507250,ATH,"Soderstrom, Tyler",sodet001,1,2,1B+2B,1B+2B,1,double,1,0,0
2025-07-25,HOU202507250,ATH,"Wilson, Jacob",wilsj006,1,2,2B,2B,1,single,1,2,0
2025-07-25,HOU202507250,ATH,"Butler, Lawrence",butll001,1,2,1B,1B,1,strikeout,1,3,0
2025-07-25,HOU202507250,ATH,"Urshela, Gio",urshg001,1,0,empty,empty,1,field_out,2,3,0
2025-07-25,HOU202507250,ATH,"Schuemann, Max",schum002,1,1,empty,empty,1,hit_by_pitch,2,3,0
2025-07-25,HOU202507250,ATH,"Cortes, Carlos",cortc001,2,1,1B,1B,1,strikeout,2,3,0
2025-07-25,HOU202507250,ATH,"Kurtz, Nick",kurtn001,2,2,1B,1B,1,home_run,2,3,0
2025-07-25,HOU202507250,ATH,"Rooker, Brent",rookb001,2,2,empty,empty,1,field_out,2,5,0
2025-07-25,HOU202507250,ATH,"Langeliers, Shea",langs001,2,0,empty,empty,1,strikeout,3,5,0
2025-07-25,HOU202507250,ATH,"Soderstrom, Tyler",sodet001,2,1,empty,empty,1,home_run,3,5,0
2025-07-25,HOU202507250,ATH,"Wilson, Jacob",wilsj006,2,1,empty,empty,1,walk,3,6,0
2025-07-25,HOU202507250,ATH,"Butler, Lawrence",butll001,2,1,1B,1B,1,sac_bunt,3,6,0
2025-07-25,HOU202507250,ATH,"Urshela, Gio",urshg001,2,2,2B,2B,1,field_out,3,6,0
2025-07-25,HOU202507250,ATH,"Schuemann, Max",schum002,2,0,empty,empty,1,field_out,4,6,0
2025-07-25,HOU202507250,ATH,"Cortes, Carlos",cortc001,3,1,empty,empty,1,single,4,6,0
2025-07-25,HOU202507250,ATH,"Kurtz, Nick",kurtn001,3,1,1B,1B,1,double,4,6,0
2025-07-25,HOU202507250,ATH,"Rooker, Brent",rookb001,3,1,2B,2B,1,strikeout,4,7,0
2025-07-25,HOU202507250,ATH,"Langeliers, Shea",langs001,3,2,2B,2B,1,home_run,4,7,0
2025-07-25,HOU202507250,ATH,"Soderstrom, Tyler",sodet001,3,2,empty,empty,1,strikeout,4,9,0
2025-07-25,HOU202507250,ATH,"Wilson, Jacob",wilsj006,3,0,empty,empty,1,strikeout,5,9,0
2025-07-25,HOU202507250,ATH,"Butler, Lawrence",butll001,3,1,empty,empty,1,strikeout,5,9,0
2025-07-25,HOU202507250,ATH,"Urshela, Gio",urshg001,3,2,empty,empty,1,walk,5,9,0
2025-07-25,HOU202507250,ATH,"Schuemann, Max",schum002,3,2,1B,1B,1,field_out,5,9,0
2025-07-25,HOU202507250,ATH,"Cortes, Carlos",cortc001,4,0,empty,empty,1,strikeout,6,9,2
2025-07-25,HOU202507250,ATH,"Kurtz, Nick",kurtn001,4,1,empty,empty,1,home_run,6,9,2
2025-07-25,HOU202507250,ATH,"Rooker, Brent",rookb001,4,1,empty,empty,1,walk,6,10,2
2025-07-25,HOU202507250,ATH,"Langeliers, Shea",langs001,4,1,1B,1B,1,field_out,6,10,2
2025-07-25,HOU202507250,ATH,"Soderstrom, Tyler",sodet001,4,2,1B,1B,1,walk,6,10,2
2025-07-25,HOU202507250,ATH,"Wilson, Jacob",wilsj006,4,2,1B+2B,1B+2B,1,field_out,6,10,2
2025-07-25,HOU202507250,ATH,"Butler, Lawrence",butll001,4,0,empty,empty,1,field_out,7,10,2
2025-07-25,HOU202507250,ATH,"Urshela, Gio",urshg001,4,1,empty,empty,1,walk,7,10,2
2025-07-25,HOU202507250,ATH,"Schuemann, Max",schum002,4,1,1B,1B,1,grounded_into_double_play,7,10,2
2025-07-25,HOU202507250,ATH,"Cortes, Carlos",cortc001,5,0,empty,empty,1,field_out,8,10,2
2025-07-25,HOU202507250,ATH,"Kurtz, Nick",kurtn001,5,1,empty,empty,1,home_run,8,10,2
2025-07-25,HOU202507250,ATH,"Thomas, Colby",thomc005,1,1,empty,empty,1,strikeout,8,11,2
2025-07-25,HOU202507250,ATH,"Langeliers, Shea",langs001,5,2,empty,empty,1,walk,8,11,2
2025-07-25,HOU202507250,ATH,"Soderstrom, Tyler",sodet001,5,2,1B,1B,1,strikeout,8,11,2
2025-07-25,HOU202507250,ATH,"Urias, Luis",urial001,1,0,empty,empty,1,field_out,9,11,2
2025-07-25,HOU202507250,ATH,"Butler, Lawrence",butll001,5,1,empty,empty,1,single,9,11,2
2025-07-25,HOU202507250,ATH,"Urshela, Gio",urshg001,5,1,1B,1B,1,double,9,11,2
2025-07-25,HOU202507250,ATH,"Schuemann, Max",schum002,5,1,2B+3B,2B+3B,1,field_out,9,11,2
2025-07-25,HOU202507250,ATH,"Cortes, Carlos",cortc001,6,2,2B,2B,1,single,9,12,2
2025-07-25,HOU202507250,ATH,"Kurtz, Nick",kurtn001,6,2,1B+3B,1B+3B,1,home_run,9,12,2
2025-07-25,HOU202507250,ATH,"Thomas, Colby",thomc005,2,2,empty,empty,1,hit_by_pitch,9,15,2
2025-07-25,HOU202507250,ATH,"Langeliers, Shea",langs001,6,2,1B,1B,1,single,9,15,2
2025-07-25,HOU202507250,ATH,"Soderstrom, Tyler",sodet001,6,2,1B+2B,1B+2B,1,field_out,9,15,2
2025-07-26,HOU202507260,ATH,"Butler, Lawrence",butll001,1,0,empty,empty,1,strikeout,1,0,0
2025-07-26,HOU202507260,ATH,"Kurtz, Nick",kurtn001,1,1,empty,empty,1,walk,1,0,0
2025-07-26,HOU202507260,ATH,"Rooker, Brent",rookb001,1,1,1B,1B,1,double,1,0,0
2025-07-26,HOU202507260,ATH,"Langeliers, Shea",langs001,1,1,2B,2B,1,field_out,1,1,0
2025-07-26,HOU202507260,ATH,"Soderstrom, Tyler",sodet001,1,2,2B,2B,1,walk,1,1,0
2025-07-26,HOU202507260,ATH,"Andujar, Miguel",andum001,1,2,1B+2B,1B+2B,1,field_out,1,1,0
2025-07-26,HOU202507260,ATH,"Cortes, Carlos",cortc001,1,0,empty,empty,1,strikeout,2,1,0
2025-07-26,HOU202507260,ATH,"Schuemann, Max",schum002,1,1,empty,empty,1,strikeout,2,1,0
2025-07-26,HOU202507260,ATH,"Urias, Luis",urial001,1,2,empty,empty,1,field_out,2,1,0
2025-07-26,HOU202507260,ATH,"Butler, Lawrence",butll001,2,0,empty,empty,1,field_out,3,1,0
2025-07-26,HOU202507260,ATH,"Kurtz, Nick",kurtn001,2,1,empty,empty,1,strikeout,3,1,0
2025-07-26,HOU202507260,ATH,"Rooker, Brent",rookb001,2,2,empty,empty,1,field_out,3,1,0
2025-07-26,HOU202507260,ATH,"Langeliers, Shea",langs001,2,0,empty,empty,1,field_out,4,1,0
2025-07-26,HOU202507260,ATH,"Soderstrom, Tyler",sodet001,2,1,empty,empty,1,strikeout,4,1,0
2025-07-26,HOU202507260,ATH,"Andujar, Miguel",andum001,2,2,empty,empty,1,single,4,1,0
2025-07-26,HOU202507260,ATH,"Cortes, Carlos",cortc001,2,2,1B,1B,1,single,4,1,0
2025-07-26,HOU202507260,ATH,"Schuemann, Max",schum002,2,2,2B+3B,2B+3B,1,field_out,4,1,0
2025-07-26,HOU202507260,ATH,"Urias, Luis",urial001,2,0,empty,empty,1,field_out,5,1,0
2025-07-26,HOU202507260,ATH,"Butler, Lawrence",butll001,3,1,empty,empty,1,field_out,5,1,0
2025-07-26,HOU202507260,ATH,"Kurtz, Nick",kurtn001,3,2,empty,empty,1,single,5,1,0
2025-07-26,HOU202507260,ATH,"Rooker, Brent",rookb001,3,2,1B,1B,1,field_out,5,1,0
2025-07-26,HOU202507260,ATH,"Langeliers, Shea",langs001,3,0,empty,empty,1,home_run,6,1,0
2025-07-26,HOU202507260,ATH,"Soderstrom, Tyler",sodet001,3,0,empty,empty,1,field_out,6,2,0
2025-07-26,HOU202507260,ATH,"Andujar, Miguel",andum001,3,1,empty,empty,1,walk,6,2,0
2025-07-26,HOU202507260,ATH,"Thomas, Colby",thomc005,1,1,1B,2B,0,strikeout,6,2,0
2025-07-26,HOU202507260,ATH,"Schuemann, Max",schum002,3,2,2B,2B,1,field_out,6,2,0
2025-07-26,HOU202507260,ATH,"Urias, Luis",urial001,3,0,empty,empty,1,field_out,7,2,1
2025-07-26,HOU202507260,ATH,"Butler, Lawrence",butll001,4,1,empty,empty,1,strikeout,7,2,1
2025-07-26,HOU202507260,ATH,"Kurtz, Nick",kurtn001,4,2,empty,empty,1,strikeout,7,2,1
2025-07-26,HOU202507260,ATH,"Rooker, Brent",rookb001,4,0,empty,empty,1,field_out,8,2,1
2025-07-26,HOU202507260,ATH,"Langeliers, Shea",langs001,4,1,empty,empty,1,field_out,8,2,1
2025-07-26,HOU202507260,ATH,"Soderstrom, Tyler",sodet001,4,2,empty,empty,1,field_out,8,2,1
2025-07-26,HOU202507260,ATH,"Andujar, Miguel",andum001,4,0,empty,empty,1,field_out,9,2,1
2025-07-26,HOU202507260,ATH,"Thomas, Colby",thomc005,2,1,empty,empty,1,strikeout,9,2,1
2025-07-26,HOU202507260,ATH,"Schuemann, Max",schum002,4,2,empty,empty,1,field_error,9,2,1
2025-07-26,HOU202507260,ATH,"Urias, Luis",urial001,4,2,1B,1B,1,walk,9,2,1
2025-07-26,HOU202507260,ATH,"Butler, Lawrence",butll001,5,2,1B+2B,1B+2B,1,home_run,9,2,1
2025-07-26,HOU202507260,ATH,"Kurtz, Nick",kurtn001,5,2,empty,empty,1,single,9,5,1
2025-07-26,HOU202507260,ATH,"Rooker, Brent",rookb001,5,2,1B,1B,1,strikeout,9,5,1
2025-07-27,HOU202507270,ATH,"Andujar, Miguel",andum001,1,0,empty,empty,1,home_run,1,0,0
2025-07-27,HOU202507270,ATH,"Butler, Lawrence",butll001,1,0,empty,empty,1,strikeout,1,1,0
2025-07-27,HOU202507270,ATH,"Rooker, Brent",rookb001,1,1,empty,empty,1,field_out,1,1,0
2025-07-27,HOU202507270,ATH,"Langeliers, Shea",langs001,1,2,empty,empty,1,home_run,1,1,0
2025-07-27,HOU202507270,ATH,"Wynns, Austin",wynna001,1,2,empty,empty,1,strikeout,1,2,0
2025-07-27,HOU202507270,ATH,"Urshela, Gio",urshg001,1,0,empty,empty,1,strikeout,2,2,0
2025-07-27,HOU202507270,ATH,"Thomas, Colby",thomc005,1,1,empty,empty,1,strikeout,2,2,0
2025-07-27,HOU202507270,ATH,"Schuemann, Max",schum002,1,2,empty,empty,1,strikeout,2,2,0
2025-07-27,HOU202507270,ATH,"Urias, Luis",urial001,1,0,empty,empty,1,field_out,3,2,0
2025-07-27,HOU202507270,ATH,"Andujar, Miguel",andum001,2,1,empty,empty,1,field_out,3,2,0
2025-07-27,HOU202507270,ATH,"Butler, Lawrence",butll001,2,2,empty,empty,1,field_out,3,2,0
2025-07-27,HOU202507270,ATH,"Rooker, Brent",rookb001,2,0,empty,empty,1,single,4,2,0
2025-07-27,HOU202507270,ATH,"Langeliers, Shea",langs001,2,0,1B,1B,1,strikeout,4,2,0
2025-07-27,HOU202507270,ATH,"Wynns, Austin",wynna001,2,1,1B,1B,1,single,4,2,0
2025-07-27,HOU202507270,ATH,"Urshela, Gio",urshg001,2,1,1B+2B,2B+3B,0,sac_fly,4,2,0
2025-07-27,HOU202507270,ATH,"Thomas, Colby",thomc005,2,2,2B,2B,1,double,4,3,0
2025-07-27,HOU202507270,ATH,"Schuemann, Max",schum002,2,2,2B,2B,1,field_out,4,4,0
2025-07-27,HOU202507270,ATH,"Urias, Luis",urial001,2,0,empty,empty,1,field_out,5,4,0
2025-07-27,HOU202507270,ATH,"Andujar, Miguel",andum001,3,1,empty,empty,1,single,5,4,0
2025-07-27,HOU202507270,ATH,"Butler, Lawrence",butll001,3,1,1B,2B,0,field_out,5,4,0
2025-07-27,HOU202507270,ATH,"Rooker, Brent",rookb001,3,2,3B,3B,1,field_out,5,4,0
2025-07-27,HOU202507270,ATH,"Langeliers, Shea",langs001,3,0,empty,empty,1,field_out,6,4,0
2025-07-27,HOU202507270,ATH,"Wynns, Austin",wynna001,3,1,empty,empty,1,strikeout,6,4,0
2025-07-27,HOU202507270,ATH,"Urshela, Gio",urshg001,3,2,empty,empty,1,field_out,6,4,0
2025-07-27,HOU202507270,ATH,"Cortes, Carlos",cortc001,1,0,empty,empty,1,strikeout,7,4,0
2025-07-27,HOU202507270,ATH,"Schuemann, Max",schum002,3,1,empty,empty,1,field_out,7,4,0
2025-07-27,HOU202507270,ATH,"Urias, Luis",urial001,3,2,empty,empty,1,field_out,7,4,0
2025-07-27,HOU202507270,ATH,"Soderstrom, Tyler",sodet001,1,0,empty,empty,1,field_out,8,4,0
2025-07-27,HOU202507270,ATH,"Butler, Lawrence",butll001,4,1,empty,empty,1,field_out,8,4,0
2025-07-27,HOU202507270,ATH,"Rooker, Brent",rookb001,4,2,empty,empty,1,field_out,8,4,0
2025-07-27,HOU202507270,ATH,"Langeliers, Shea",langs001,4,0,empty,empty,1,single,9,4,0
2025-07-27,HOU202507270,ATH,"Wynns, Austin",wynna001,4,0,1B,1B,1,single,9,4,0
2025-07-27,HOU202507270,ATH,"Urshela, Gio",urshg001,4,0,1B+2B,1B+2B,1,strikeout,9,4,0
2025-07-27,HOU202507270,ATH,"Cortes, Carlos",cortc001,2,1,1B+2B,1B+2B,1,single,9,4,0
2025-07-27,HOU202507270,ATH,"Schuemann, Max",schum002,4,1,1B+2B+3B,1B+2B+3B,1,single,9,4,0
2025-07-27,HOU202507270,ATH,"Urias, Luis",urial001,4,1,1B+2B,1B+2B,1,single,9,6,0
2025-07-27,HOU202507270,ATH,"Soderstrom, Tyler",sodet001,2,1,1B+2B,1B+2B,1,field_out,9,7,0
2025-07-27,HOU202507270,ATH,"Butler, Lawrence",butll001,5,2,1B+3B,1B+3B,1,field_out,9,7,0
2025-07-28,ATH202507280,ATH,"Butler, Lawrence",butll001,1,0,empty,empty,1,single,1,0,0
2025-07-28,ATH202507280,ATH,"Kurtz, Nick",kurtn001,1,0,1B,1B,1,field_out,1,0,0
2025-07-28,ATH202507280,ATH,"Rooker, Brent",rookb001,1,2,1B,empty,0,strikeout,1,0,0
2025-07-28,ATH202507280,ATH,"Langeliers, Shea",langs001,1,0,empty,empty,1,field_out,2,0,1
2025-07-28,ATH202507280,ATH,"Soderstrom, Tyler",sodet001,1,1,empty,empty,1,field_out,2,0,1
2025-07-28,ATH202507280,ATH,"Andujar, Miguel",andum001,1,2,empty,empty,1,field_out,2,0,1
2025-07-28,ATH202507280,ATH,"Cortes, Carlos",cortc001,1,0,empty,empty,1,field_out,3,0,1
2025-07-28,ATH202507280,ATH,"Schuemann, Max",schum002,1,1,empty,empty,1,strikeout,3,0,1
2025-07-28,ATH202507280,ATH,"Urias, Luis",urial001,1,2,empty,empty,1,single,3,0,1
2025-07-28,ATH202507280,ATH,"Butler, Lawrence",butll001,2,2,1B,1B,1,strikeout,3,0,1
2025-07-28,ATH202507280,ATH,"Kurtz, Nick",kurtn001,2,0,empty,empty,1,field_out,4,0,2
2025-07-28,ATH202507280,ATH,"Rooker, Brent",rookb001,2,1,empty,empty,1,field_out,4,0,2
2025-07-28,ATH202507280,ATH,"Langeliers, Shea",langs001,2,2,empty,empty,1,field_out,4,0,2
2025-07-28,ATH202507280,ATH,"Soderstrom, Tyler",sodet001,2,0,empty,empty,1,field_out,5,0,3
2025-07-28,ATH202507280,ATH,"Andujar, Miguel",andum001,2,1,empty,empty,1,field_out,5,0,3
2025-07-28,ATH202507280,ATH,"Cortes, Carlos",cortc001,2,2,empty,empty,1,triple,5,0,3
2025-07-28,ATH202507280,ATH,"Schuemann, Max",schum002,2,2,3B,3B,1,field_out,5,0,3
2025-07-28,ATH202507280,ATH,"Urias, Luis",urial001,2,0,empty,empty,1,hit_by_pitch,6,0,3
2025-07-28,ATH202507280,ATH,"Butler, Lawrence",butll001,3,0,1B,1B,1,field_out,6,0,3
2025-07-28,ATH202507280,ATH,"Kurtz, Nick",kurtn001,3,1,1B,1B,1,single,6,0,3
2025-07-28,ATH202507280,ATH,"Rooker, Brent",rookb001,3,1,1B+3B,1B+3B,1,field_out,6,0,3
2025-07-28,ATH202507280,ATH,"Langeliers, Shea",langs001,3,2,1B,1B,1,strikeout,6,1,3
2025-07-28,ATH202507280,ATH,"Soderstrom, Tyler",sodet001,3,0,empty,empty,1,single,7,1,3
2025-07-28,ATH202507280,ATH,"Andujar, Miguel",andum001,3,0,1B,1B,1,field_out,7,1,3
2025-07-28,ATH202507280,ATH,"Cortes, Carlos",cortc001,3,1,1B,1B,1,field_out,7,1,3
2025-07-28,ATH202507280,ATH,"Schuemann, Max",schum002,3,2,2B,2B,1,field_out,7,1,3
2025-07-28,ATH202507280,ATH,"Urias, Luis",urial001,3,0,empty,empty,1,field_out,8,1,3
2025-07-28,ATH202507280,ATH,"Thomas, Colby",thomc005,1,1,empty,empty,1,walk,8,1,3
2025-07-28,ATH202507280,ATH,"Kurtz, Nick",kurtn001,4,1,1B,1B,1,field_out,8,1,3
2025-07-28,ATH202507280,ATH,"Rooker, Brent",rookb001,4,2,1B,1B,1,single,8,1,3
2025-07-28,ATH202507280,ATH,"Langeliers, Shea",langs001,4,2,1B+2B,1B+2B,1,walk,8,1,3
2025-07-28,ATH202507280,ATH,"Soderstrom, Tyler",sodet001,4,2,1B+2B+3B,1B+2B+3B,1,field_out,8,1,3
2025-07-28,ATH202507280,ATH,"Andujar, Miguel",andum001,4,0,empty,empty,1,single,9,1,3
2025-07-28,ATH202507280,ATH,"Cortes, Carlos",cortc001,4,0,1B,1B,1,grounded_into_double_play,9,1,3
2025-07-28,ATH202507280,ATH,"Schuemann, Max",schum002,4,2,empty,empty,1,strikeout,9,1,3
2025-07-29,ATH202507290,ATH,"Butler, Lawrence",butll001,1,0,empty,empty,1,strikeout,1,0,0
2025-07-29,ATH202507290,ATH,"Kurtz, Nick",kurtn001,1,1,empty,empty,1,walk,1,0,0
2025-07-29,ATH202507290,ATH,"Rooker, Brent",rookb001,1,1,1B,1B,1,field_out,1,0,0
2025-07-29,ATH202507290,ATH,"Langeliers, Shea",langs001,1,2,1B,1B,1,field_out,1,0,0
2025-07-29,ATH202507290,ATH,"Soderstrom, Tyler",sodet001,1,0,empty,empty,1,walk,2,0,0
2025-07-29,ATH202507290,ATH,"Andujar, Miguel",andum001,1,0,1B,1B,1,strikeout,2,0,0
2025-07-29,ATH202507290,ATH,"Cortes, Carlos",cortc001,1,1,1B,1B,1,field_out,2,0,0
2025-07-29,ATH202507290,ATH,"Urias, Luis",urial001,1,2,1B,1B,1,strikeout,2,0,0
2025-07-29,ATH202507290,ATH,"Hernaiz, Darell",hernd006,1,0,empty,empty,1,field_out,3,0,0
2025-07-29,ATH202507290,ATH,"Butler, Lawrence",butll001,2,1,empty,empty,1,single,3,0,0
2025-07-29,ATH202507290,ATH,"Kurtz, Nick",kurtn001,2,1,1B,1B,1,hit_by_pitch,3,0,0
2025-07-29,ATH202507290,ATH,"Rooker, Brent",rookb001,2,1,1B+2B,1B+2B,1,home_run,3,0,0
2025-07-29,ATH202507290,ATH,"Langeliers, Shea",langs001,2,1,empty,empty,1,double,3,3,0
2025-07-29,ATH202507290,ATH,"Soderstrom, Tyler",sodet001,2,1,2B,2B,1,strikeout,3,3,0
2025-07-29,ATH202507290,ATH,"Andujar, Miguel",andum001,2,2,2B,2B,1,double,3,3,0
2025-07-29,ATH202507290,ATH,"Cortes, Carlos",cortc001,2,2,2B,2B,1,field_out,3,4,0
2025-07-29,ATH202507290,ATH,"Urias, Luis",urial001,2,0,empty,empty,1,field_out,4,4,1
2025-07-29,ATH202507290,ATH,"Hernaiz, Darell",hernd006,2,1,empty,empty,1,field_out,4,4,1
2025-07-29,ATH202507290,ATH,"Butler, Lawrence",butll001,3,2,empty,empty,1,strikeout,4,4,1
2025-07-29,ATH202507290,ATH,"Kurtz, Nick",kurtn001,3,0,empty,empty,1,strikeout,5,4,1
2025-07-29,ATH202507290,ATH,"Rooker, Brent",rookb001,3,1,empty,empty,1,strikeout,5,4,1
2025-07-29,ATH202507290,ATH,"Langeliers, Shea",langs001,3,2,empty,empty,1,home_run,5,4,1
2025-07-29,ATH202507290,ATH,"Soderstrom, Tyler",sodet001,3,2,empty,empty,1,single,5,5,1
2025-07-29,ATH202507290,ATH,"Andujar, Miguel",andum001,3,2,1B,1B,1,double,5,5,1
2025-07-29,ATH202507290,ATH,"Cortes, Carlos",cortc001,3,2,2B,2B,1,walk,5,6,1
2025-07-29,ATH202507290,ATH,"Urias, Luis",urial001,3,2,1B+2B,1B+2B,1,field_out,5,6,1
2025-07-29,ATH202507290,ATH,"Hernaiz, Darell",hernd006,3,0,empty,empty,1,single,6,6,1
2025-07-29,ATH202507290,ATH,"Butler, Lawrence",butll001,4,0,1B,1B,1,sac_bunt,6,6,1
2025-07-29,ATH202507290,ATH,"Kurtz, Nick",kurtn001,4,1,2B,2B,1,field_out,6,6,1
2025-07-29,ATH202507290,ATH,"Rooker, Brent",rookb001,4,2,3B,3B,1,field_out,6,6,1
2025-07-29,ATH202507290,ATH,"Langeliers, Shea",langs001,4,0,empty,empty,1,field_out,7,6,1
2025-07-29,ATH202507290,ATH,"Soderstrom, Tyler",sodet001,4,1,empty,empty,1,field_out,7,6,1
2025-07-29,ATH202507290,ATH,"Andujar, Miguel",andum001,4,2,empty,empty,1,field_out,7,6,1
2025-07-29,ATH202507290,ATH,"Cortes, Carlos",cortc001,4,0,empty,empty,1,strikeout,8,6,1
2025-07-29,ATH202507290,ATH,"Urias, Luis",urial001,4,1,empty,empty,1,field_out,8,6,1
2025-07-29,ATH202507290,ATH,"Hernaiz, Darell",hernd006,4,2,empty,empty,1,field_out,8,6,1
2025-07-30,ATH202507300,ATH,"Butler, Lawrence",butll001,1,0,empty,empty,1,field_out,1,0,1
2025-07-30,ATH202507300,ATH,"Kurtz, Nick",kurtn001,1,1,empty,empty,1,strikeout,1,0,1
2025-07-30,ATH202507300,ATH,"Rooker, Brent",rookb001,1,2,empty,empty,1,home_run,1,0,1
2025-07-30,ATH202507300,ATH,"Langeliers, Shea",langs001,1,2,empty,empty,1,single,1,1,1
2025-07-30,ATH202507300,ATH,"Soderstrom, Tyler",sodet001,1,2,1B,2B,0,double,1,1,1
2025-07-30,ATH202507300,ATH,"Andujar, Miguel",andum001,1,2,2B,2B,1,strikeout,1,2,1
2025-07-30,ATH202507300,ATH,"Cortes, Carlos",cortc001,1,0,empty,empty,1,field_out,2,2,1
2025-07-30,ATH202507300,ATH,"Schuemann, Max",schum002,1,1,empty,empty,1,strikeout,2,2,1
2025-07-30,ATH202507300,ATH,"Hernaiz, Darell",hernd006,1,2,empty,empty,1,field_out,2,2,1
2025-07-30,ATH202507300,ATH,"Butler, Lawrence",butll001,2,0,empty,empty,1,field_out,3,2,1
2025-07-30,ATH202507300,ATH,"Kurtz, Nick",kurtn001,2,1,empty,empty,1,walk,3,2,1
2025-07-30,ATH202507300,ATH,"Rooker, Brent",rookb001,2,1,1B,1B,1,grounded_into_double_play,3,2,1
2025-07-30,ATH202507300,ATH,"Langeliers, Shea",langs001,2,0,empty,empty,1,field_out,4,2,1
2025-07-30,ATH202507300,ATH,"Soderstrom, Tyler",sodet001,2,1,empty,empty,1,strikeout,4,2,1
2025-07-30,ATH202507300,ATH,"Andujar, Miguel",andum001,2,2,empty,empty,1,home_run,4,2,1
2025-07-30,ATH202507300,ATH,"Cortes, Carlos",cortc001,2,2,empty,empty,1,strikeout,4,3,1
2025-07-30,ATH202507300,ATH,"Schuemann, Max",schum002,2,0,empty,empty,1,field_out,5,3,1
2025-07-30,ATH202507300,ATH,"Hernaiz, Darell",hernd006,2,1,empty,empty,1,home_run,5,3,1
2025-07-30,ATH202507300,ATH,"Butler, Lawrence",butll001,3,1,empty,empty,1,field_out,5,4,1
2025-07-30,ATH202507300,ATH,"Kurtz, Nick",kurtn001,3,2,empty,empty,1,strikeout,5,4,1
2025-07-30,ATH202507300,ATH,"Rooker, Brent",rookb001,3,0,empty,empty,1,field_out,6,4,1
2025-07-30,ATH202507300,ATH,"Langeliers, Shea",langs001,3,1,empty,empty,1,field_out,6,4,1
2025-07-30,ATH202507300,ATH,"Soderstrom, Tyler",sodet001,3,2,empty,empty,1,field_out,6,4,1
2025-07-30,ATH202507300,ATH,"Andujar, Miguel",andum001,3,0,empty,empty,1,home_run,7,4,3
2025-07-30,ATH202507300,ATH,"Cortes, Carlos",cortc001,3,0,empty,empty,1,single,7,5,3
2025-07-30,ATH202507300,ATH,"Schuemann, Max",schum002,3,0,1B,1B,1,sac_bunt,7,5,3
2025-07-30,ATH202507300,ATH,"Hernaiz, Darell",hernd006,3,1,2B,2B,1,single,7,5,3
2025-07-30,ATH202507300,ATH,"Butler, Lawrence",butll001,4,1,1B+3B,1B+3B,1,strikeout,7,5,3
2025-07-30,ATH202507300,ATH,"Kurtz, Nick",kurtn001,4,2,1B+3B,2B+3B,0,strikeout,7,5,3
2025-07-30,ATH202507300,ATH,"Rooker, Brent",rookb001,4,0,empty,empty,1,single,8,5,3
2025-07-30,ATH202507300,ATH,"Langeliers, Shea",langs001,4,0,1B,1B,1,field_out,8,5,3
2025-07-30,ATH202507300,ATH,"Soderstrom, Tyler",sodet001,4,1,1B,1B,1,strikeout,8,5,3
2025-07-30,ATH202507300,ATH,"Andujar, Miguel",andum001,4,2,1B,2B,0,field_out,8,5,3
2025-08-01,ATH202508010,ATH,"Butler, Lawrence",butll001,1,0,empty,empty,1,single,1,0,0
2025-08-01,ATH202508010,ATH,"Kurtz, Nick",kurtn001,1,0,1B,1B,1,single,1,0,0
2025-08-01,ATH202508010,ATH,"Rooker, Brent",rookb001,1,0,1B+3B,1B+3B,1,sac_fly,1,0,0
2025-08-01,ATH202508010,ATH,"Langeliers, Shea",langs001,1,1,1B,1B,1,home_run,1,1,0
2025-08-01,ATH202508010,ATH,"Soderstrom, Tyler",sodet001,1,1,empty,empty,1,double,1,3,0
2025-08-01,ATH202508010,ATH,"Urshela, Gio",urshg001,1,1,2B,2B,1,field_out,1,3,0
2025-08-01,ATH202508010,ATH,"Cortes, Carlos",cortc001,1,2,2B,2B,1,single,1,3,0
2025-08-01,ATH202508010,ATH,"Urias, Luis",urial001,1,2,1B,1B,1,hit_by_pitch,1,4,0
2025-08-01,ATH202508010,ATH,"Hernaiz, Darell",hernd006,1,2,1B+2B,1B+2B,1,field_out,1,4,0
2025-08-01,ATH202508010,ATH,"Butler, Lawrence",butll001,2,0,empty,empty,1,walk,2,4,0
2025-08-01,ATH202508010,ATH,"Kurtz, Nick",kurtn001,2,0,1B,1B,1,walk,2,4,0
2025-08-01,ATH202508010,ATH,"Rooker, Brent",rookb001,2,0,1B+2B,1B+2B,1,field_out,2,4,0
2025-08-01,ATH202508010,ATH,"Langeliers, Shea",langs001,2,1,1B+3B,1B+3B,1,field_out,2,4,0
2025-08-01,ATH202508010,ATH,"Soderstrom, Tyler",sodet001,2,2,1B+3B,1B+3B,1,field_out,2,4,0
2025-08-01,ATH202508010,ATH,"Urshela, Gio",urshg001,2,0,empty,empty,1,field_out,3,4,0
2025-08-01,ATH202508010,ATH,"Cortes, Carlos",cortc001,2,1,empty,empty,1,walk,3,4,0
2025-08-01,ATH202508010,ATH,"Urias, Luis",urial001,2,1,1B,1B,1,walk,3,4,0
2025-08-01,ATH202508010,ATH,"Hernaiz, Darell",hernd006,2,1,1B+2B,1B+2B,1,field_out,3,4,0
2025-08-01,ATH202508010,ATH,"Butler, Lawrence",butll001,3,2,1B+2B,1B+2B,1,strikeout,3,4,0
2025-08-01,ATH202508010,ATH,"Kurtz, Nick",kurtn001,3,0,empty,empty,1,field_out,4,4,0
2025-08-01,ATH202508010,ATH,"Rooker, Brent",rookb001,3,1,empty,empty,1,single,4,4,0
2025-08-01,ATH202508010,ATH,"Langeliers, Shea",langs001,3,1,1B,1B,1,single,4,4,0
2025-08-01,ATH202508010,ATH,"Soderstrom, Tyler",sodet001,3,1,1B+2B,1B+2B,1,double,4,4,0
2025-08-01,ATH202508010,ATH,"Urshela, Gio",urshg001,3,1,2B+3B,2B+3B,1,strikeout,4,5,0
2025-08-01,ATH202508010,ATH,"Cortes, Carlos",cortc001,3,2,2B+3B,2B+3B,1,field_out,4,5,0
2025-08-01,ATH202508010,ATH,"Urias, Luis",urial001,3,0,empty,empty,1,single,5,5,0
2025-08-01,ATH202508010,ATH,"Hernaiz, Darell",hernd006,3,0,1B,1B,1,field_out,5,5,0
2025-08-01,ATH202508010,ATH,"Butler, Lawrence",butll001,4,1,1B,1B,1,field_out,5,5,0
2025-08-01,ATH202508010,ATH,"Kurtz, Nick",kurtn001,4,2,1B,1B,1,walk,5,5,0
2025-08-01,ATH202508010,ATH,"Rooker, Brent",rookb001,4,2,1B+2B,1B+2B,1,field_out,5,5,0
2025-08-01,ATH202508010,ATH,"Langeliers, Shea",langs001,4,0,empty,empty,1,double,6,5,0
2025-08-01,ATH202508010,ATH,"Soderstrom, Tyler",sodet001,4,0,2B,2B,1,field_out,6,5,0
2025-08-01,ATH202508010,ATH,"Urshela, Gio",urshg001,4,1,2B,2B,1,field_out,6,5,0
2025-08-01,ATH202508010,ATH,"Thomas, Colby",thomc005,1,2,2B,3B,0,field_out,6,5,0
2025-08-01,ATH202508010,ATH,"Urias, Luis",urial001,4,0,empty,empty,1,field_out,7,5,1
2025-08-01,ATH202508010,ATH,"Hernaiz, Darell",hernd006,4,1,empty,empty,1,single,7,5,1
2025-08-01,ATH202508010,ATH,"Butler, Lawrence",butll001,5,1,1B,1B,1,field_out,7,5,1
2025-08-01,ATH202508010,ATH,"Kurtz, Nick",kurtn001,5,2,1B,1B,1,field_out,7,5,1
2025-08-01,ATH202508010,ATH,"Rooker, Brent",rookb001,5,0,empty,empty,1,field_out,8,5,1
2025-08-01,ATH202508010,ATH,"Langeliers, Shea",langs001,5,1,empty,empty,1,field_out,8,5,1
2025-08-01,ATH202508010,ATH,"Soderstrom, Tyler",sodet001,5,2,empty,empty,1,strikeout,8,5,1
2025-08-02,ATH202508020,ATH,"Butler, Lawrence",butll001,1,0,empty,empty,1,field_out,1,0,1
2025-08-02,ATH202508020,ATH,"Kurtz, Nick",kurtn001,1,1,empty,empty,1,single,1,0,1
2025-08-02,ATH202508020,ATH,"Rooker, Brent",rookb001,1,1,1B,1B,1,field_out,1,0,1
2025-08-02,ATH202508020,ATH,"Langeliers, Shea",langs001,1,2,1B,1B,1,single,1,0,1
2025-08-02,ATH202508020,ATH,"Soderstrom, Tyler",sodet001,1,2,1B+2B,1B+2B,1,field_out,1,0,1
2025-08-02,ATH202508020,ATH,"Urshela, Gio",urshg001,1,0,empty,empty,1,strikeout,2,0,1
2025-08-02,ATH202508020,ATH,"Cortes, Carlos",cortc001,1,1,empty,empty,1,strikeout,2,0,1
2025-08-02,ATH202508020,ATH,"Schuemann, Max",schum002,1,2,empty,empty,1,single,2,0,1
2025-08-02,ATH202508020,ATH,"Hernaiz, Darell",hernd006,1,2,1B,1B,1,field_out,2,0,1
2025-08-02,ATH202508020,ATH,"Butler, Lawrence",butll001,2,0,empty,empty,1,field_out,3,0,1
2025-08-02,ATH202508020,ATH,"Kurtz, Nick",kurtn001,2,1,empty,empty,1,single,3,0,1
2025-08-02,ATH202508020,ATH,"Rooker, Brent",rookb001,2,1,1B,1B,1,field_out,3,0,1
2025-08-02,ATH202508020,ATH,"Langeliers, Shea",langs001,2,2,1B,1B,1,double,3,0,1
2025-08-02,ATH202508020,ATH,"Soderstrom, Tyler",sodet001,2,2,2B+3B,2B+3B,1,double,3,0,1
2025-08-02,ATH202508020,ATH,"Urshela, Gio",urshg001,2,2,2B,2B,1,strikeout,3,2,1
2025-08-02,ATH202508020,ATH,"Cortes, Carlos",cortc001,2,0,empty,empty,1,field_out,4,2,1
2025-08-02,ATH202508020,ATH,"Schuemann, Max",schum002,2,1,empty,empty,1,field_out,4,2,1
2025-08-02,ATH202508020,ATH,"Hernaiz, Darell",hernd006,2,2,empty,empty,1,field_out,4,2,1
2025-08-02,ATH202508020,ATH,"Butler, Lawrence",butll001,3,0,empty,empty,1,single,5,2,4
2025-08-02,ATH202508020,ATH,"Kurtz, Nick",kurtn001,3,0,1B,1B,1,field_out,5,2,4
2025-08-02,ATH202508020,ATH,"Rooker, Brent",rookb001,3,1,1B,1B,1,field_out,5,2,4
2025-08-02,ATH202508020,ATH,"Langeliers, Shea",langs001,3,2,1B,1B,1,field_out,5,2,4
2025-08-02,ATH202508020,ATH,"Soderstrom, Tyler",sodet001,3,0,empty,empty,1,field_out,6,2,5
2025-08-02,ATH202508020,ATH,"Urshela, Gio",urshg001,3,1,empty,empty,1,field_out,6,2,5
2025-08-02,ATH202508020,ATH,"Cortes, Carlos",cortc001,3,2,empty,empty,1,double,6,2,5
2025-08-02,ATH202508020,ATH,"Schuemann, Max",schum002,3,2,2B,2B,1,field_out,6,2,5
2025-08-02,ATH202508020,ATH,"Hernaiz, Darell",hernd006,3,0,empty,empty,1,single,7,2,6
2025-08-02,ATH202508020,ATH,"Butler, Lawrence",butll001,4,0,1B,1B,1,field_out,7,2,6
2025-08-02,ATH202508020,ATH,"Kurtz, Nick",kurtn001,4,1,1B,1B,1,field_out,7,2,6
2025-08-02,ATH202508020,ATH,"Rooker, Brent",rookb001,4,2,2B,2B,1,field_out,7,2,6
2025-08-02,ATH202508020,ATH,"Langeliers, Shea",langs001,4,0,empty,empty,1,field_out,8,2,6
2025-08-02,ATH202508020,ATH,"Soderstrom, Tyler",sodet001,4,1,empty,empty,1,field_out,8,2,6
2025-08-02,ATH202508020,ATH,"Urshela, Gio",urshg001,4,2,empty,empty,1,field_out,8,2,6
2025-08-02,ATH202508020,ATH,"Cortes, Carlos",cortc001,4,0,empty,empty,1,single,9,2,7
2025-08-02,ATH202508020,ATH,"Schuemann, Max",schum002,4,0,1B,1B,1,field_out,9,2,7
2025-08-02,ATH202508020,ATH,"Bleday, JJ",bledj001,1,1,1B,1B,1,strikeout,9,2,7
2025-08-02,ATH202508020,ATH,"Butler, Lawrence",butll001,5,2,1B,2B,0,strikeout,9,2,7
2025-08-03,ATH202508030,ATH,"Schuemann, Max",schum002,1,0,empty,empty,1,strikeout,1,0,0
2025-08-03,ATH202508030,ATH,"Kurtz, Nick",kurtn001,1,1,empty,empty,1,field_out,1,0,0
2025-08-03,ATH202508030,ATH,"Rooker, Brent",rookb001,1,2,empty,empty,1,walk,1,0,0
2025-08-03,ATH202508030,ATH,"Langeliers, Shea",langs001,1,2,1B,1B,1,single,1,0,0
2025-08-03,ATH202508030,ATH,"Thomas, Colby",thomc005,1,2,1B+3B,1B+3B,1,strikeout,1,0,0
2025-08-03,ATH202508030,ATH,"Wynns, Austin",wynna001,1,0,empty,empty,1,double,2,0,3
2025-08-03,ATH202508030,ATH,"Hernaiz, Darell",hernd006,1,0,2B,2B,1,field_out,2,0,3
2025-08-03,ATH202508030,ATH,"Bleday, JJ",bledj001,1,1,2B,2B,1,single,2,0,3
2025-08-03,ATH202508030,ATH,"Urshela, Gio",urshg001,1,1,1B+3B,1B+3B,1,walk,2,0,3
2025-08-03,ATH202508030,ATH,"Schuemann, Max",schum002,2,1,1B+2B+3B,1B+2B+3B,1,grounded_into_double_play,2,0,3
2025-08-03,ATH202508030,ATH,"Kurtz, Nick",kurtn001,2,0,empty,empty,1,strikeout,3,0,4
2025-08-03,ATH202508030,ATH,"Rooker, Brent",rookb001,2,1,empty,empty,1,field_out,3,0,4
2025-08-03,ATH202508030,ATH,"Langeliers, Shea",langs001,2,2,empty,empty,1,field_out,3,0,4
2025-08-03,ATH202508030,ATH,"Thomas, Colby",thomc005,2,0,empty,empty,1,strikeout,4,0,4
2025-08-03,ATH202508030,ATH,"Wynns, Austin",wynna001,2,1,empty,empty,1,strikeout,4,0,4
2025-08-03,ATH202508030,ATH,"Hernaiz, Darell",hernd006,2,2,empty,empty,1,field_out,4,0,4
2025-08-03,ATH202508030,ATH,"Bleday, JJ",bledj001,2,0,empty,empty,1,single,5,0,4
2025-08-03,ATH202508030,ATH,"Urshela, Gio",urshg001,2,0,1B,1B,1,single,5,0,4
2025-08-03,ATH202508030,ATH,"Schuemann, Max",schum002,3,0,1B+2B,1B+2B,1,sac_bunt,5,0,4
2025-08-03,ATH202508030,ATH,"Kurtz, Nick",kurtn001,3,1,2B+3B,2B+3B,1,single,5,0,4
2025-08-03,ATH202508030,ATH,"Rooker, Brent",rookb001,3,1,1B,1B,1,field_out,5,2,4
2025-08-03,ATH202508030,ATH,"Langeliers, Shea",langs001,3,2,1B,1B,1,field_out,5,2,4
2025-08-03,ATH202508030,ATH,"Thomas, Colby",thomc005,3,0,empty,empty,1,walk,6,2,4
2025-08-03,ATH202508030,ATH,"Wynns, Austin",wynna001,3,0,1B,1B,1,grounded_into_double_play,6,2,4
2025-08-03,ATH202508030,ATH,"Hernaiz, Darell",hernd006,3,2,empty,empty,1,field_out,6,2,4
2025-08-03,ATH202508030,ATH,"Bleday, JJ",bledj001,3,0,empty,empty,1,double,7,2,5
2025-08-03,ATH202508030,ATH,"Urshela, Gio",urshg001,3,0,2B,2B,1,field_out,7,2,5
2025-08-03,ATH202508030,ATH,"Schuemann, Max",schum002,4,1,3B,3B,1,field_out,7,2,5
2025-08-03,ATH202508030,ATH,"Kurtz, Nick",kurtn001,4,2,empty,empty,1,field_out,7,3,5
2025-08-03,ATH202508030,ATH,"Rooker, Brent",rookb001,4,0,empty,empty,1,strikeout,8,3,5
2025-08-03,ATH202508030,ATH,"Langeliers, Shea",langs001,4,1,empty,empty,1,field_out,8,3,5
2025-08-03,ATH202508030,ATH,"Soderstrom, Tyler",sodet001,1,2,empty,empty,1,walk,8,3,5
2025-08-03,ATH202508030,ATH,"Butler, Lawrence",butll001,1,2,1B,1B,1,strikeout,8,3,5
2025-08-03,ATH202508030,ATH,"Hernaiz, Darell",hernd006,4,0,empty,empty,1,field_out,9,3,6
2025-08-03,ATH202508030,ATH,"Bleday, JJ",bledj001,4,1,empty,empty,1,home_run,9,3,6
2025-08-03,ATH202508030,ATH,"Urshela, Gio",urshg001,4,1,empty,empty,1,field_out,9,4,6
2025-08-03,ATH202508030,ATH,"Schuemann, Max",schum002,5,2,empty,empty,1,strikeout,9,4,6
2025-08-05,WAS202508050,ATH,"Langeliers, Shea",langs001,1,0,empty,empty,1,home_run,1,0,0
2025-08-05,WAS202508050,ATH,"Kurtz, Nick",kurtn001,1,0,empty,empty,1,single,1,1,0
2025-08-05,WAS202508050,ATH,"Rooker, Brent",rookb001,1,0,1B,1B,1,double,1,1,0
2025-08-05,WAS202508050,ATH,"Bleday, JJ",bledj001,1,0,2B+3B,2B+3B,1,single,1,1,0
2025-08-05,WAS202508050,ATH,"Thomas, Colby",thomc005,1,0,1B,1B,1,field_out,1,3,0
2025-08-05,WAS202508050,ATH,"Hernaiz, Darell",hernd006,1,1,1B,1B,1,home_run,1,3,0
2025-08-05,WAS202508050,ATH,"Soderstrom, Tyler",sodet001,1,1,empty,empty,1,field_out,1,5,0
2025-08-05,WAS202508050,ATH,"Urshela, Gio",urshg001,1,2,empty,empty,1,double,1,5,0
2025-08-05,WAS202508050,ATH,"Schuemann, Max",schum002,1,2,2B,2B,1,field_out,1,5,0
2025-08-05,WAS202508050,ATH,"Langeliers, Shea",langs001,2,0,empty,empty,1,single,2,5,0
2025-08-05,WAS202508050,ATH,"Kurtz, Nick",kurtn001,2,0,1B,1B,1,field_out,2,5,0
2025-08-05,WAS202508050,ATH,"Rooker, Brent",rookb001,2,1,1B,1B,1,single,2,5,0
2025-08-05,WAS202508050,ATH,"Bleday, JJ",bledj001,2,1,1B+2B,1B+2B,1,grounded_into_double_play,2,5,0
2025-08-05,WAS202508050,ATH,"Thomas, Colby",thomc005,2,0,empty,empty,1,walk,3,5,0
2025-08-05,WAS202508050,ATH,"Hernaiz, Darell",hernd006,2,0,1B,2B,0,single,3,5,0
2025-08-05,WAS202508050,ATH,"Soderstrom, Tyler",sodet001,2,0,1B+3B,1B+3B,1,single,3,5,0
2025-08-05,WAS202508050,ATH,"Urshela, Gio",urshg001,2,0,1B+2B,1B+2B,1,field_out,3,6,0
2025-08-05,WAS202508050,ATH,"Schuemann, Max",schum002,2,1,2B+3B,2B+3B,1,fielders_choice_out,3,6,0
2025-08-05,WAS202508050,ATH,"Langeliers, Shea",langs001,3,2,1B+2B,1B+2B,1,field_out,3,6,0
2025-08-05,WAS202508050,ATH,"Kurtz, Nick",kurtn001,3,0,empty,empty,1,double,4,6,0
2025-08-05,WAS202508050,ATH,"Rooker, Brent",rookb001,3,0,2B,2B,1,single,4,6,0
2025-08-05,WAS202508050,ATH,"Bleday, JJ",bledj001,3,0,1B,1B,1,home_run,4,7,0
2025-08-05,WAS202508050,ATH,"Thomas, Colby",thomc005,3,0,empty,empty,1,strikeout,4,9,0
2025-08-05,WAS202508050,ATH,"Hernaiz, Darell",hernd006,3,1,empty,empty,1,walk,4,9,0
2025-08-05,WAS202508050,ATH,"Soderstrom, Tyler",sodet001,3,1,1B,1B,1,walk,4,9,0
2025-08-05,WAS202508050,ATH,"Urshela, Gio",urshg001,3,1,1B+2B,1B+2B,1,strikeout,4,9,0
2025-08-05,WAS202508050,ATH,"Schuemann, Max",schum002,3,2,1B+2B,1B+2B,1,strikeout,4,9,0
2025-08-05,WAS202508050,ATH,"Langeliers, Shea",langs001,4,0,empty,empty,1,home_run,5,9,1
2025-08-05,WAS202508050,ATH,"Kurtz, Nick",kurtn001,4,0,empty,empty,1,walk,5,10,1
2025-08-05,WAS202508050,ATH,"Rooker, Brent",rookb001,4,0,1B,1B,1,grounded_into_double_play,5,10,1
2025-08-05,WAS202508050,ATH,"Bleday, JJ",bledj001,4,2,empty,empty,1,strikeout,5,10,1
2025-08-05,WAS202508050,ATH,"Thomas, Colby",thomc005,4,0,empty,empty,1,field_out,6,10,1
2025-08-05,WAS202508050,ATH,"Hernaiz, Darell",hernd006,4,1,empty,empty,1,field_out,6,10,1
2025-08-05,WAS202508050,ATH,"Soderstrom, Tyler",sodet001,4,2,empty,empty,1,single,6,10,1
2025-08-05,WAS202508050,ATH,"Urshela, Gio",urshg001,4,2,1B,1B,1,single,6,10,1
2025-08-05,WAS202508050,ATH,"Schuemann, Max",schum002,4,2,1B+2B,1B+2B,1,strikeout,6,10,1
2025-08-05,WAS202508050,ATH,"Langeliers, Shea",langs001,5,0,empty,empty,1,home_run,7,10,3
2025-08-05,WAS202508050,ATH,"Kurtz, Nick",kurtn001,5,0,empty,empty,1,single,7,11,3
2025-08-05,WAS202508050,ATH,"Rooker, Brent",rookb001,5,0,1B,1B,1,field_out,7,11,3
2025-08-05,WAS202508050,ATH,"Bleday, JJ",bledj001,5,1,1B,1B,1,single,7,11,3
2025-08-05,WAS202508050,ATH,"Thomas, Colby",thomc005,5,1,1B+2B,1B+2B,1,single,7,11,3
2025-08-05,WAS202508050,ATH,"Hernaiz, Darell",hernd006,5,1,1B+2B+3B,1B+2B+3B,1,sac_fly,7,11,3
2025-08-05,WAS202508050,ATH,"Soderstrom, Tyler",sodet001,5,2,1B+2B,1B+2B,1,field_out,7,12,3
2025-08-05,WAS202508050,ATH,"Urshela, Gio",urshg001,5,0,empty,empty,1,single,8,12,3
2025-08-05,WAS202508050,ATH,"Schuemann, Max",schum002,5,0,1B,1B,1,field_out,8,12,3
2025-08-05,WAS202508050,ATH,"Langeliers, Shea",langs001,6,1,1B,1B,1,double,8,12,3
2025-08-05,WAS202508050,ATH,"Kurtz, Nick",kurtn001,6,1,2B+3B,2B+3B,1,walk,8,12,3
2025-08-05,WAS202508050,ATH,"Rooker, Brent",rookb001,6,1,1B+2B+3B,1B+2B+3B,1,double,8,12,3
2025-08-05,WAS202508050,ATH,"Bleday, JJ",bledj001,6,1,2B+3B,2B+3B,1,double,8,14,3
2025-08-05,WAS202508050,ATH,"Thomas, Colby",thomc005,6,1,2B,2B,1,strikeout,8,16,3
2025-08-05,WAS202508050,ATH,"Hernaiz, Darell",hernd006,6,2,2B,2B,1,field_out,8,16,3
2025-08-05,WAS202508050,ATH,"Soderstrom, Tyler",sodet001,6,0,empty,empty,1,strikeout,9,16,3
2025-08-05,WAS202508050,ATH,"Urshela, Gio",urshg001,6,1,empty,empty,1,strikeout,9,16,3
2025-08-05,WAS202508050,ATH,"Schuemann, Max",schum002,6,2,empty,empty,1,strikeout,9,16,3
2025-08-06,WAS202508060,ATH,"Langeliers, Shea",langs001,1,0,empty,empty,1,strikeout,1,0,0
2025-08-06,WAS202508060,ATH,"Kurtz, Nick",kurtn001,1,1,empty,empty,1,field_out,1,0,0
2025-08-06,WAS202508060,ATH,"Rooker, Brent",rookb001,1,2,empty,empty,1,strikeout,1,0,0
2025-08-06,WAS202508060,ATH,"Bleday, JJ",bledj001,1,0,empty,empty,1,strikeout,2,0,0
2025-08-06,WAS202508060,ATH,"Soderstrom, Tyler",sodet001,1,1,empty,empty,1,strikeout,2,0,0
2025-08-06,WAS202508060,ATH,"Hernaiz, Darell",hernd006,1,2,empty,empty,1,field_out,2,0,0
2025-08-06,WAS202508060,ATH,"Butler, Lawrence",butll001,1,0,empty,empty,1,field_out,3,0,0
2025-08-06,WAS202508060,ATH,"Urshela, Gio",urshg001,1,1,empty,empty,1,field_out,3,0,0
2025-08-06,WAS202508060,ATH,"Schuemann, Max",schum002,1,2,empty,empty,1,field_error,3,0,0
2025-08-06,WAS202508060,ATH,"Langeliers, Shea",langs001,2,2,1B,1B,1,single,3,0,0
2025-08-06,WAS202508060,ATH,"Kurtz, Nick",kurtn001,2,2,1B+3B,1B+3B,1,strikeout,3,0,0
2025-08-06,WAS202508060,ATH,"Rooker, Brent",rookb001,2,0,empty,empty,1,strikeout,4,0,0
2025-08-06,WAS202508060,ATH,"Bleday, JJ",bledj001,2,1,empty,empty,1,single,4,0,0
2025-08-06,WAS202508060,ATH,"Soderstrom, Tyler",sodet001,2,1,1B,1B,1,field_out,4,0,0
2025-08-06,WAS202508060,ATH,"Hernaiz, Darell",hernd006,2,2,2B,2B,1,field_error,4,0,0
2025-08-06,WAS202508060,ATH,"Butler, Lawrence",butll001,2,2,1B+3B,1B+3B,1,field_out,4,0,0
2025-08-06,WAS202508060,ATH,"Urshela, Gio",urshg001,2,0,empty,empty,1,single,5,0,0
2025-08-06,WAS202508060,ATH,"Schuemann, Max",schum002,2,0,1B,1B,1,walk,5,0,0
2025-08-06,WAS202508060,ATH,"Langeliers, Shea",langs001,3,0,1B+2B,1B+2B,1,field_out,5,0,0
2025-08-06,WAS202508060,ATH,"Kurtz, Nick",kurtn001,3,1,1B+2B,1B+2B,1,strikeout,5,0,0
2025-08-06,WAS202508060,ATH,"Rooker, Brent",rookb001,3,2,1B+2B,1B+2B,1,walk,5,0,0
2025-08-06,WAS202508060,ATH,"Bleday, JJ",bledj001,3,2,1B+2B+3B,1B+2B+3B,1,field_out,5,0,0
2025-08-06,WAS202508060,ATH,"Soderstrom, Tyler",sodet001,3,0,empty,empty,1,home_run,6,0,0
2025-08-06,WAS202508060,ATH,"Hernaiz, Darell",hernd006,3,0,empty,empty,1,walk,6,1,0
2025-08-06,WAS202508060,ATH,"Butler, Lawrence",butll001,3,1,1B,empty,0,strikeout,6,1,0
2025-08-06,WAS202508060,ATH,"Urshela, Gio",urshg001,3,2,empty,empty,1,strikeout,6,1,0
2025-08-06,WAS202508060,ATH,"Schuemann, Max",schum002,3,0,empty,empty,1,strikeout,7,1,1
2025-08-06,WAS202508060,ATH,"Langeliers, Shea",langs001,4,1,empty,empty,1,field_out,7,1,1
2025-08-06,WAS202508060,ATH,"Kurtz, Nick",kurtn001,4,2,empty,empty,1,walk,7,1,1
2025-08-06,WAS202508060,ATH,"Rooker, Brent",rookb001,4,2,1B,1B,1,field_out,7,1,1
2025-08-06,WAS202508060,ATH,"Bleday, JJ",bledj001,4,0,empty,empty,1,strikeout,8,1,1
2025-08-06,WAS202508060,ATH,"Soderstrom, Tyler",sodet001,4,1,empty,empty,1,field_out,8,1,1
2025-08-06,WAS202508060,ATH,"Hernaiz, Darell",hernd006,4,2,empty,empty,1,field_out,8,1,1
2025-08-06,WAS202508060,ATH,"Thomas, Colby",thomc005,1,0,empty,empty,1,strikeout,9,1,1
2025-08-06,WAS202508060,ATH,"Urshela, Gio",urshg001,4,1,empty,empty,1,field_out,9,1,1
2025-08-06,WAS202508060,ATH,"Schuemann, Max",schum002,4,2,empty,empty,1,field_out,9,1,1
2025-08-07,WAS202508070,ATH,"Langeliers, Shea",langs001,1,0,empty,empty,1,field_out,1,0,0
2025-08-07,WAS202508070,ATH,"Kurtz, Nick",kurtn001,1,1,empty,empty,1,walk,1,0,0
2025-08-07,WAS202508070,ATH,"Rooker, Brent",rookb001,1,1,1B,1B,1,field_out,1,0,0
2025-08-07,WAS202508070,ATH,"MacIver, Willie",maciw001,1,2,1B,1B,1,field_out,1,0,0
2025-08-07,WAS202508070,ATH,"Soderstrom, Tyler",sodet001,1,0,empty,empty,1,field_out,2,0,0
2025-08-07,WAS202508070,ATH,"Hernaiz, Darell",hernd006,1,1,empty,empty,1,walk,2,0,0
2025-08-07,WAS202508070,ATH,"Thomas, Colby",thomc005,1,1,1B,1B,1,home_run,2,0,0
2025-08-07,WAS202508070,ATH,"Urias, Luis",urial001,1,1,empty,empty,1,single,2,2,0
2025-08-07,WAS202508070,ATH,"Schuemann, Max",schum002,1,1,1B,1B,1,double,2,2,0
2025-08-07,WAS202508070,ATH,"Langeliers, Shea",langs001,2,1,2B+3B,2B+3B,1,sac_fly,2,2,0
2025-08-07,WAS202508070,ATH,"Kurtz, Nick",kurtn001,2,2,2B,2B,1,strikeout,2,3,0
2025-08-07,WAS202508070,ATH,"Rooker, Brent",rookb001,2,0,empty,empty,1,strikeout,3,3,0
2025-08-07,WAS202508070,ATH,"MacIver, Willie",maciw001,2,1,empty,empty,1,field_out,3,3,0
2025-08-07,WAS202508070,ATH,"Soderstrom, Tyler",sodet001,2,2,empty,empty,1,strikeout,3,3,0
2025-08-07,WAS202508070,ATH,"Hernaiz, Darell",hernd006,2,0,empty,empty,1,triple,4,3,0
2025-08-07,WAS202508070,ATH,"Thomas, Colby",thomc005,2,0,3B,3B,1,sac_fly,4,3,0
2025-08-07,WAS202508070,ATH,"Urias, Luis",urial001,2,1,empty,empty,1,strikeout,4,4,0
2025-08-07,WAS202508070,ATH,"Schuemann, Max",schum002,2,2,empty,empty,1,double,4,4,0
2025-08-07,WAS202508070,ATH,"Langeliers, Shea",langs001,3,2,2B,2B,1,field_out,4,4,0
2025-08-07,WAS202508070,ATH,"Kurtz, Nick",kurtn001,3,0,empty,empty,1,walk,5,4,0
2025-08-07,WAS202508070,ATH,"Rooker, Brent",rookb001,3,0,1B,1B,1,single,5,4,0
2025-08-07,WAS202508070,ATH,"MacIver, Willie",maciw001,3,0,1B+2B,1B+2B,1,field_out,5,4,0
2025-08-07,WAS202508070,ATH,"Soderstrom, Tyler",sodet001,3,1,1B+3B,1B+3B,1,grounded_into_double_play,5,4,0
2025-08-07,WAS202508070,ATH,"Hernaiz, Darell",hernd006,3,0,empty,empty,1,field_out,6,4,0
2025-08-07,WAS202508070,ATH,"Bleday, JJ",bledj001,1,1,empty,empty,1,strikeout,6,4,0
2025-08-07,WAS202508070,ATH,"Urias, Luis",urial001,3,2,empty,empty,1,single,6,4,0
2025-08-07,WAS202508070,ATH,"Schuemann, Max",schum002,3,2,1B,1B,1,field_out,6,4,0
2025-08-07,WAS202508070,ATH,"Langeliers, Shea",langs001,4,0,empty,empty,1,strikeout,7,4,0
2025-08-07,WAS202508070,ATH,"Kurtz, Nick",kurtn001,4,1,empty,empty,1,strikeout,7,4,0
2025-08-07,WAS202508070,ATH,"Rooker, Brent",rookb001,4,2,empty,empty,1,single,7,4,0
2025-08-07,WAS202508070,ATH,"MacIver, Willie",maciw001,4,2,1B,2B,0,field_out,7,4,0
2025-08-07,WAS202508070,ATH,"Soderstrom, Tyler",sodet001,4,0,empty,empty,1,home_run,8,4,0
2025-08-07,WAS202508070,ATH,"Hernaiz, Darell",hernd006,4,0,empty,empty,1,single,8,5,0
2025-08-07,WAS202508070,ATH,"Bleday, JJ",bledj001,2,1,1B,empty,0,field_out,8,5,0
2025-08-07,WAS202508070,ATH,"Urias, Luis",urial001,4,2,empty,empty,1,field_out,8,5,0
2025-08-07,WAS202508070,ATH,"Schuemann, Max",schum002,4,0,empty,empty,1,double,9,5,0
2025-08-07,WAS202508070,ATH,"Langeliers, Shea",langs001,5,0,2B,2B,1,single,9,5,0
2025-08-07,WAS202508070,ATH,"Kurtz, Nick",kurtn001,5,0,1B+3B,1B+3B,1,field_out,9,5,0
2025-08-07,WAS202508070,ATH,"Rooker, Brent",rookb001,5,1,1B,1B,1,strikeout,9,6,0
2025-08-07,WAS202508070,ATH,"MacIver, Willie",maciw001,5,2,1B,1B,1,strikeout,9,6,0
2025-08-08,BAL202508080,ATH,"Cortes, Carlos",cortc001,1,0,empty,empty,1,field_out,1,0,0
2025-08-08,BAL202508080,ATH,"Rooker, Brent",rookb001,1,1,empty,empty,1,field_out,1,0,0
2025-08-08,BAL202508080,ATH,"Kurtz, Nick",kurtn001,1,2,empty,empty,1,strikeout,1,0,0
2025-08-08,BAL202508080,ATH,"Langeliers, Shea",langs001,1,0,empty,empty,1,field_out,2,0,3
2025-08-08,BAL202508080,ATH,"Soderstrom, Tyler",sodet001,1,1,empty,empty,1,strikeout,2,0,3
2025-08-08,BAL202508080,ATH,"Hernaiz, Darell",hernd006,1,2,empty,empty,1,walk,2,0,3
2025-08-08,BAL202508080,ATH,"Butler, Lawrence",butll001,1,2,1B,1B,1,field_out,2,0,3
2025-08-08,BAL202508080,ATH,"Urshela, Gio",urshg001,1,0,empty,empty,1,single,3,0,3
2025-08-08,BAL202508080,ATH,"Urias, Luis",urial001,1,0,1B,1B,1,single,3,0,3
2025-08-08,BAL202508080,ATH,"Cortes, Carlos",cortc001,2,0,1B+2B,1B+2B,1,grounded_into_double_play,3,0,3
2025-08-08,BAL202508080,ATH,"Rooker, Brent",rookb001,2,2,3B,3B,1,hit_by_pitch,3,0,3
2025-08-08,BAL202508080,ATH,"Kurtz, Nick",kurtn001,2,2,1B+3B,1B+3B,1,strikeout,3,0,3
2025-08-08,BAL202508080,ATH,"Langeliers, Shea",langs001,2,0,empty,empty,1,field_out,4,0,3
2025-08-08,BAL202508080,ATH,"Soderstrom, Tyler",sodet001,2,1,empty,empty,1,field_out,4,0,3
2025-08-08,BAL202508080,ATH,"Hernaiz, Darell",hernd006,2,2,empty,empty,1,field_out,4,0,3
2025-08-08,BAL202508080,ATH,"Butler, Lawrence",butll001,2,0,empty,empty,1,double,5,0,3
2025-08-08,BAL202508080,ATH,"Urshela, Gio",urshg001,2,0,2B,2B,1,field_out,5,0,3
2025-08-08,BAL202508080,ATH,"Urias, Luis",urial001,2,1,3B,3B,1,sac_fly,5,0,3
2025-08-08,BAL202508080,ATH,"Cortes, Carlos",cortc001,3,2,empty,empty,1,field_out,5,1,3
2025-08-08,BAL202508080,ATH,"Rooker, Brent",rookb001,3,0,empty,empty,1,strikeout,6,1,3
2025-08-08,BAL202508080,ATH,"Kurtz, Nick",kurtn001,3,1,empty,empty,1,single,6,1,3
2025-08-08,BAL202508080,ATH,"Langeliers, Shea",langs001,3,1,1B,1B,1,field_out,6,1,3
2025-08-08,BAL202508080,ATH,"Soderstrom, Tyler",sodet001,3,2,1B,1B,1,single,6,1,3
2025-08-08,BAL202508080,ATH,"Hernaiz, Darell",hernd006,3,2,1B+2B,1B+2B,1,field_out,6,1,3
2025-08-08,BAL202508080,ATH,"Butler, Lawrence",butll001,3,0,empty,empty,1,walk,7,1,3
2025-08-08,BAL202508080,ATH,"Urshela, Gio",urshg001,3,0,1B,1B,1,field_out,7,1,3
2025-08-08,BAL202508080,ATH,"Urias, Luis",urial001,3,1,1B,1B,1,field_out,7,1,3
2025-08-08,BAL202508080,ATH,"Cortes, Carlos",cortc001,4,2,1B,1B,1,field_out,7,1,3
2025-08-08,BAL202508080,ATH,"Rooker, Brent",rookb001,4,0,empty,empty,1,field_out,8,1,3
2025-08-08,BAL202508080,ATH,"Kurtz, Nick",kurtn001,4,1,empty,empty,1,single,8,1,3
2025-08-08,BAL202508080,ATH,"Langeliers, Shea",langs001,4,1,1B,1B,1,field_out,8,1,3
2025-08-08,BAL202508080,ATH,"Soderstrom, Tyler",sodet001,4,2,2B,2B,1,single,8,1,3
2025-08-08,BAL202508080,ATH,"Hernaiz, Darell",hernd006,4,2,1B,1B,1,field_out,8,2,3
2025-08-08,BAL202508080,ATH,"Thomas, Colby",thomc005,1,0,empty,empty,1,strikeout,9,2,3
2025-08-08,BAL202508080,ATH,"Urshela, Gio",urshg001,4,1,empty,empty,1,field_out,9,2,3
2025-08-08,BAL202508080,ATH,"Urias, Luis",urial001,4,2,empty,empty,1,field_out,9,2,3
2025-08-09,BAL202508090,ATH,"Butler, Lawrence",butll001,1,0,empty,empty,1,walk,1,0,0
2025-08-09,BAL202508090,ATH,"Langeliers, Shea",langs001,1,0,1B,1B,1,home_run,1,0,0
2025-08-09,BAL202508090,ATH,"Kurtz, Nick",kurtn001,1,0,empty,empty,1,field_out,1,2,0
2025-08-09,BAL202508090,ATH,"Rooker, Brent",rookb001,1,1,empty,empty,1,field_out,1,2,0
2025-08-09,BAL202508090,ATH,"Soderstrom, Tyler",sodet001,1,2,empty,empty,1,strikeout,1,2,0
2025-08-09,BAL202508090,ATH,"Bleday, JJ",bledj001,1,0,empty,empty,1,single,2,2,3
2025-08-09,BAL202508090,ATH,"Hernaiz, Darell",hernd006,1,0,1B,1B,1,strikeout,2,2,3
2025-08-09,BAL202508090,ATH,"Urias, Luis",urial001,1,1,1B,1B,1,walk,2,2,3
2025-08-09,BAL202508090,ATH,"Urshela, Gio",urshg001,1,1,1B+2B,1B+2B,1,field_out,2,2,3
2025-08-09,BAL202508090,ATH,"Butler, Lawrence",butll001,2,2,1B+2B,1B+2B,1,field_out,2,2,3
2025-08-09,BAL202508090,ATH,"Langeliers, Shea",langs001,2,0,empty,empty,1,single,3,2,3
2025-08-09,BAL202508090,ATH,"Kurtz, Nick",kurtn001,2,0,1B,1B,1,single,3,2,3
2025-08-09,BAL202508090,ATH,"Rooker, Brent",rookb001,2,0,1B+2B,1B+2B,1,home_run,3,2,3
2025-08-09,BAL202508090,ATH,"Soderstrom, Tyler",sodet001,2,0,empty,empty,1,double,3,5,3
2025-08-09,BAL202508090,ATH,"Bleday, JJ",bledj001,2,0,2B,2B,1,field_out,3,5,3
2025-08-09,BAL202508090,ATH,"Hernaiz, Darell",hernd006,2,1,3B,3B,1,sac_fly,3,5,3
2025-08-09,BAL202508090,ATH,"Urias, Luis",urial001,2,2,empty,empty,1,field_out,3,6,3
2025-08-09,BAL202508090,ATH,"Urshela, Gio",urshg001,2,0,empty,empty,1,field_out,4,6,3
2025-08-09,BAL202508090,ATH,"Butler, Lawrence",butll001,3,1,empty,empty,1,strikeout,4,6,3
2025-08-09,BAL202508090,ATH,"Langeliers, Shea",langs001,3,2,empty,empty,1,strikeout,4,6,3
2025-08-09,BAL202508090,ATH,"Kurtz, Nick",kurtn001,3,0,empty,empty,1,single,5,6,3
2025-08-09,BAL202508090,ATH,"Rooker, Brent",rookb001,3,0,1B,1B,1,double,5,6,3
2025-08-09,BAL202508090,ATH,"Soderstrom, Tyler",sodet001,3,0,2B,2B,1,field_out,5,7,3
2025-08-09,BAL202508090,ATH,"Bleday, JJ",bledj001,3,2,3B,empty,0,walk,5,7,3
2025-08-09,BAL202508090,ATH,"Hernaiz, Darell",hernd006,3,2,1B,1B,1,field_error,5,7,3
2025-08-09,BAL202508090,ATH,"Urias, Luis",urial001,3,2,1B+2B,1B+2B,1,single,5,7,3
2025-08-09,BAL202508090,ATH,"Urshela, Gio",urshg001,3,2,1B+3B,1B+3B,1,double,5,8,3
2025-08-09,BAL202508090,ATH,"Butler, Lawrence",butll001,4,2,2B,2B,1,walk,5,10,3
2025-08-09,BAL202508090,ATH,"Langeliers, Shea",langs001,4,2,1B+2B,1B+2B,1,double,5,10,3
2025-08-09,BAL202508090,ATH,"Kurtz, Nick",kurtn001,4,2,2B+3B,2B+3B,1,strikeout,5,11,3
2025-08-09,BAL202508090,ATH,"Rooker, Brent",rookb001,4,0,empty,empty,1,strikeout,6,11,3
2025-08-09,BAL202508090,ATH,"Soderstrom, Tyler",sodet001,4,1,empty,empty,1,field_out,6,11,3
2025-08-09,BAL202508090,ATH,"Bleday, JJ",bledj001,4,2,empty,empty,1,field_out,6,11,3
2025-08-09,BAL202508090,ATH,"Hernaiz, Darell",hernd006,4,0,empty,empty,1,field_out,7,11,3
2025-08-09,BAL202508090,ATH,"Urias, Luis",urial001,4,1,empty,empty,1,field_out,7,11,3
2025-08-09,BAL202508090,ATH,"Urshela, Gio",urshg001,4,2,empty,empty,1,field_out,7,11,3
2025-08-09,BAL202508090,ATH,"Butler, Lawrence",butll001,5,0,empty,empty,1,strikeout,8,11,3
2025-08-09,BAL202508090,ATH,"Langeliers, Shea",langs001,5,1,empty,empty,1,walk,8,11,3
2025-08-09,BAL202508090,ATH,"Kurtz, Nick",kurtn001,5,1,1B,1B,1,strikeout,8,11,3
2025-08-09,BAL202508090,ATH,"Rooker, Brent",rookb001,5,2,1B,1B,1,field_out,8,11,3
2025-08-09,BAL202508090,ATH,"Soderstrom, Tyler",sodet001,5,0,empty,empty,1,strikeout,9,11,3
2025-08-09,BAL202508090,ATH,"Bleday, JJ",bledj001,5,1,empty,empty,1,single,9,11,3
2025-08-09,BAL202508090,ATH,"Hernaiz, Darell",hernd006,5,1,1B,1B,1,single,9,11,3
2025-08-09,BAL202508090,ATH,"Urias, Luis",urial001,5,1,1B+2B,1B+2B,1,field_out,9,11,3
2025-08-09,BAL202508090,ATH,"Schuemann, Max",schum002,1,2,1B+2B,1B+2B,1,field_out,9,11,3
2025-08-10,BAL202508100,ATH,"Langeliers, Shea",langs001,1,0,empty,empty,1,field_out,1,0,0
2025-08-10,BAL202508100,ATH,"Rooker, Brent",rookb001,1,1,empty,empty,1,field_out,1,0,0
2025-08-10,BAL202508100,ATH,"Kurtz, Nick",kurtn001,1,2,empty,empty,1,walk,1,0,0
2025-08-10,BAL202508100,ATH,"Thomas, Colby",thomc005,1,2,1B,1B,1,field_out,1,0,0
2025-08-10,BAL202508100,ATH,"Hernaiz, Darell",hernd006,1,0,empty,empty,1,field_out,2,0,0
2025-08-10,BAL202508100,ATH,"Bleday, JJ",bledj001,1,1,empty,empty,1,single,2,0,0
2025-08-10,BAL202508100,ATH,"Urshela, Gio",urshg001,1,1,1B,1B,1,strikeout,2,0,0
2025-08-10,BAL202508100,ATH,"MacIver, Willie",maciw001,1,2,1B,1B,1,field_out,2,0,0
2025-08-10,BAL202508100,ATH,"Schuemann, Max",schum002,1,0,empty,empty,1,field_out,3,0,0
2025-08-10,BAL202508100,ATH,"Langeliers, Shea",langs001,2,1,empty,empty,1,strikeout,3,0,0
2025-08-10,BAL202508100,ATH,"Rooker, Brent",rookb001,2,2,empty,empty,1,single,3,0,0
2025-08-10,BAL202508100,ATH,"Kurtz, Nick",kurtn001,2,2,1B,1B,1,field_out,3,0,0
2025-08-10,BAL202508100,ATH,"Thomas, Colby",thomc005,2,0,empty,empty,1,strikeout,4,0,0
2025-08-10,BAL202508100,ATH,"Hernaiz, Darell",hernd006,2,1,empty,empty,1,walk,4,0,0
2025-08-10,BAL202508100,ATH,"Bleday, JJ",bledj001,2,1,1B,1B,1,strikeout_double_play,4,0,0
2025-08-10,BAL202508100,ATH,"Urshela, Gio",urshg001,2,0,empty,empty,1,strikeout,5,0,0
2025-08-10,BAL202508100,ATH,"MacIver, Willie",maciw001,2,1,empty,empty,1,walk,5,0,0
2025-08-10,BAL202508100,ATH,"Schuemann, Max",schum002,2,1,1B,1B,1,field_out,5,0,0
2025-08-10,BAL202508100,ATH,"Langeliers, Shea",langs001,3,2,1B,1B,1,field_out,5,0,0
2025-08-10,BAL202508100,ATH,"Rooker, Brent",rookb001,3,0,empty,empty,1,double,6,0,1
2025-08-10,BAL202508100,ATH,"Kurtz, Nick",kurtn001,3,0,2B,2B,1,field_out,6,0,1
2025-08-10,BAL202508100,ATH,"Thomas, Colby",thomc005,3,1,3B,3B,1,single,6,0,1
2025-08-10,BAL202508100,ATH,"Hernaiz, Darell",hernd006,3,1,1B,1B,1,field_out,6,1,1
2025-08-10,BAL202508100,ATH,"Bleday, JJ",bledj001,3,2,1B,1B,1,field_out,6,1,1
2025-08-10,BAL202508100,ATH,"Urshela, Gio",urshg001,3,0,empty,empty,1,field_out,7,1,1
2025-08-10,BAL202508100,ATH,"MacIver, Willie",maciw001,3,1,empty,empty,1,strikeout,7,1,1
2025-08-10,BAL202508100,ATH,"Soderstrom, Tyler",sodet001,1,2,empty,empty,1,walk,7,1,1
2025-08-10,BAL202508100,ATH,"Langeliers, Shea",langs001,4,2,1B,2B,0,field_out,7,1,1
2025-08-10,BAL202508100,ATH,"Rooker, Brent",rookb001,4,0,empty,empty,1,strikeout,8,1,2
2025-08-10,BAL202508100,ATH,"Kurtz, Nick",kurtn001,4,1,empty,empty,1,strikeout,8,1,2
2025-08-10,BAL202508100,ATH,"Thomas, Colby",thomc005,4,2,empty,empty,1,strikeout,8,1,2
2025-08-10,BAL202508100,ATH,"Hernaiz, Darell",hernd006,4,0,empty,empty,1,walk,9,1,2
2025-08-10,BAL202508100,ATH,"Bleday, JJ",bledj001,4,0,1B,1B,1,strikeout,9,1,2
2025-08-10,BAL202508100,ATH,"Urshela, Gio",urshg001,4,1,1B,1B,1,single,9,1,2
2025-08-10,BAL202508100,ATH,"MacIver, Willie",maciw001,4,1,1B+2B,1B+2B,1,double,9,1,2
2025-08-10,BAL202508100,ATH,"Urias, Luis",urial001,1,1,2B,2B,1,field_out,9,3,2
2025-08-10,BAL202508100,ATH,"Langeliers, Shea",langs001,5,2,2B,2B,1,strikeout,9,3,2
2025-08-11,ATH202508110,ATH,"Butler, Lawrence",butll001,1,0,empty,empty,1,walk,1,0,0
2025-08-11,ATH202508110,ATH,"Rooker, Brent",rookb001,1,1,1B,empty,0,field_out,1,0,0
2025-08-11,ATH202508110,ATH,"Kurtz, Nick",kurtn001,1,2,empty,empty,1,field_out,1,0,0
2025-08-11,ATH202508110,ATH,"Langeliers, Shea",langs001,1,0,empty,empty,1,single,2,0,2
2025-08-11,ATH202508110,ATH,"Soderstrom, Tyler",sodet001,1,0,1B,1B,1,grounded_into_double_play,2,0,2
2025-08-11,ATH202508110,ATH,"Hernaiz, Darell",hernd006,1,2,empty,empty,1,field_out,2,0,2
2025-08-11,ATH202508110,ATH,"Bleday, JJ",bledj001,1,0,empty,empty,1,walk,3,0,3
2025-08-11,ATH202508110,ATH,"Urias, Luis",urial001,1,0,1B,1B,1,grounded_into_double_play,3,0,3
2025-08-11,ATH202508110,ATH,"Schuemann, Max",schum002,1,2,empty,empty,1,field_out,3,0,3
2025-08-11,ATH202508110,ATH,"Butler, Lawrence",butll001,2,0,empty,empty,1,field_out,4,0,4
2025-08-11,ATH202508110,ATH,"Rooker, Brent",rookb001,2,1,empty,empty,1,field_out,4,0,4
2025-08-11,ATH202508110,ATH,"Kurtz, Nick",kurtn001,2,2,empty,empty,1,field_out,4,0,4
2025-08-11,ATH202508110,ATH,"Langeliers, Shea",langs001,2,0,empty,empty,1,home_run,5,0,4
2025-08-11,ATH202508110,ATH,"Soderstrom, Tyler",sodet001,2,0,empty,empty,1,field_out,5,1,4
2025-08-11,ATH202508110,ATH,"Hernaiz, Darell",hernd006,2,1,empty,empty,1,strikeout,5,1,4
2025-08-11,ATH202508110,ATH,"Bleday, JJ",bledj001,2,2,empty,empty,1,strikeout,5,1,4
2025-08-11,ATH202508110,ATH,"Urias, Luis",urial001,2,0,empty,empty,1,field_out,6,1,4
2025-08-11,ATH202508110,ATH,"Schuemann, Max",schum002,2,1,empty,empty,1,field_out,6,1,4
2025-08-11,ATH202508110,ATH,"Butler, Lawrence",butll001,3,2,empty,empty,1,strikeout,6,1,4
2025-08-11,ATH202508110,ATH,"Rooker, Brent",rookb001,3,0,empty,empty,1,single,7,1,6
2025-08-11,ATH202508110,ATH,"Kurtz, Nick",kurtn001,3,0,1B,1B,1,strikeout,7,1,6
2025-08-11,ATH202508110,ATH,"Langeliers, Shea",langs001,3,1,1B,1B,1,single,7,1,6
2025-08-11,ATH202508110,ATH,"Soderstrom, Tyler",sodet001,3,1,1B+2B,1B+2B,1,home_run,7,1,6
2025-08-11,ATH202508110,ATH,"Hernaiz, Darell",hernd006,3,1,empty,empty,1,field_out,7,4,6
2025-08-11,ATH202508110,ATH,"Bleday, JJ",bledj001,3,2,empty,empty,1,field_out,7,4,6
2025-08-11,ATH202508110,ATH,"Cortes, Carlos",cortc001,1,0,empty,empty,1,field_out,8,4,7
2025-08-11,ATH202508110,ATH,"Schuemann, Max",schum002,3,1,empty,empty,1,hit_by_pitch,8,4,7
2025-08-11,ATH202508110,ATH,"Butler, Lawrence",butll001,4,1,1B,1B,1,field_out,8,4,7
2025-08-11,ATH202508110,ATH,"Rooker, Brent",rookb001,4,2,1B,1B,1,field_out,8,4,7
2025-08-11,ATH202508110,ATH,"Kurtz, Nick",kurtn001,4,0,empty,empty,1,double,9,4,7
2025-08-11,ATH202508110,ATH,"Langeliers, Shea",langs001,4,0,2B,2B,1,field_out,9,4,7
2025-08-11,ATH202508110,ATH,"Soderstrom, Tyler",sodet001,4,1,2B,2B,1,strikeout,9,4,7
2025-08-11,ATH202508110,ATH,"Hernaiz, Darell",hernd006,4,2,2B,2B,1,field_out,9,4,7
2025-08-12,ATH202508120,ATH,"Kurtz, Nick",kurtn001,1,0,empty,empty,1,strikeout,1,0,0
2025-08-12,ATH202508120,ATH,"Langeliers, Shea",langs001,1,1,empty,empty,1,field_out,1,0,0
2025-08-12,ATH202508120,ATH,"Rooker, Brent",rookb001,1,2,empty,empty,1,field_out,1,0,0
2025-08-12,ATH202508120,ATH,"Soderstrom, Tyler",sodet001,1,0,empty,empty,1,single,2,0,0
2025-08-12,ATH202508120,ATH,"Thomas, Colby",thomc005,1,0,1B,1B,1,double,2,0,0
2025-08-12,ATH202508120,ATH,"Hernaiz, Darell",hernd006,1,0,2B,2B,1,walk,2,1,0
2025-08-12,ATH202508120,ATH,"Butler, Lawrence",butll001,1,0,1B+2B,1B+2B,1,grounded_into_double_play,2,1,0
2025-08-12,ATH202508120,ATH,"Urias, Luis",urial001,1,2,3B,3B,1,field_out,2,1,0
2025-08-12,ATH202508120,ATH,"Urshela, Gio",urshg001,1,0,empty,empty,1,field_out,3,1,0
2025-08-12,ATH202508120,ATH,"Kurtz, Nick",kurtn001,2,1,empty,empty,1,strikeout,3,1,0
2025-08-12,ATH202508120,ATH,"Langeliers, Shea",langs001,2,2,empty,empty,1,field_out,3,1,0
2025-08-12,ATH202508120,ATH,"Rooker, Brent",rookb001,2,0,empty,empty,1,hit_by_pitch,4,1,0
2025-08-12,ATH202508120,ATH,"Soderstrom, Tyler",sodet001,2,0,1B,1B,1,double,4,1,0
2025-08-12,ATH202508120,ATH,"Thomas, Colby",thomc005,2,0,2B+3B,2B+3B,1,sac_fly,4,1,0
2025-08-12,ATH202508120,ATH,"Hernaiz, Darell",hernd006,2,1,3B,3B,1,strikeout,4,2,0
2025-08-12,ATH202508120,ATH,"Butler, Lawrence",butll001,2,2,3B,3B,1,double,4,2,0
2025-08-12,ATH202508120,ATH,"Urias, Luis",urial001,2,2,2B,2B,1,field_error,4,3,0
2025-08-12,ATH202508120,ATH,"Urshela, Gio",urshg001,2,2,1B,1B,1,field_out,4,4,0
2025-08-12,ATH202508120,ATH,"Kurtz, Nick",kurtn001,3,0,empty,empty,1,field_out,5,4,0
2025-08-12,ATH202508120,ATH,"Langeliers, Shea",langs001,3,1,empty,empty,1,double,5,4,0
2025-08-12,ATH202508120,ATH,"Rooker, Brent",rookb001,3,1,2B,2B,1,walk,5,4,0
2025-08-12,ATH202508120,ATH,"Soderstrom, Tyler",sodet001,3,1,1B+2B,1B+2B,1,field_out,5,4,0
2025-08-12,ATH202508120,ATH,"Thomas, Colby",thomc005,3,2,2B+3B,3B,0,field_out,5,5,0
2025-08-12,ATH202508120,ATH,"Hernaiz, Darell",hernd006,3,0,empty,empty,1,field_out,6,5,0
2025-08-12,ATH202508120,ATH,"Butler, Lawrence",butll001,3,1,empty,empty,1,field_out,6,5,0
2025-08-12,ATH202508120,ATH,"Urias, Luis",urial001,3,2,empty,empty,1,strikeout,6,5,0
2025-08-12,ATH202508120,ATH,"Urshela, Gio",urshg001,3,0,empty,empty,1,single,7,5,0
2025-08-12,ATH202508120,ATH,"Kurtz, Nick",kurtn001,4,0,1B,1B,1,strikeout,7,5,0
2025-08-12,ATH202508120,ATH,"Langeliers, Shea",langs001,4,1,1B,1B,1,strikeout,7,5,0
2025-08-12,ATH202508120,ATH,"Rooker, Brent",rookb001,4,2,1B,1B,1,strikeout,7,5,0
2025-08-12,ATH202508120,ATH,"Soderstrom, Tyler",sodet001,4,0,empty,empty,1,field_out,8,5,0
2025-08-12,ATH202508120,ATH,"Thomas, Colby",thomc005,4,1,empty,empty,1,single,8,5,0
2025-08-12,ATH202508120,ATH,"Hernaiz, Darell",hernd006,4,1,1B,2B,0,walk,8,5,0
2025-08-12,ATH202508120,ATH,"Butler, Lawrence",butll001,4,1,1B+2B,1B+2B,1,single,8,5,0
2025-08-12,ATH202508120,ATH,"Urias, Luis",urial001,4,2,1B,1B,1,field_out,8,6,0
2025-08-13,ATH202508130,ATH,"Cortes, Carlos",cortc001,1,0,empty,empty,1,field_out,1,0,4
2025-08-13,ATH202508130,ATH,"Langeliers, Shea",langs001,1,1,empty,empty,1,field_out,1,0,4
2025-08-13,ATH202508130,ATH,"Rooker, Brent",rookb001,1,2,empty,empty,1,field_out,1,0,4
2025-08-13,ATH202508130,ATH,"Soderstrom, Tyler",sodet001,1,0,empty,empty,1,field_out,2,0,6
2025-08-13,ATH202508130,ATH,"Thomas, Colby",thomc005,1,1,empty,empty,1,field_out,2,0,6
2025-08-13,ATH202508130,ATH,"Hernaiz, Darell",hernd006,1,2,empty,empty,1,field_out,2,0,6
2025-08-13,ATH202508130,ATH,"Butler, Lawrence",butll001,1,0,empty,empty,1,home_run,3,0,6
2025-08-13,ATH202508130,ATH,"Urshela, Gio",urshg001,1,0,empty,empty,1,strikeout,3,1,6
2025-08-13,ATH202508130,ATH,"Schuemann, Max",schum002,1,1,empty,empty,1,field_out,3,1,6
2025-08-13,ATH202508130,ATH,"Cortes, Carlos",cortc001,2,2,empty,empty,1,strikeout,3,1,6
2025-08-13,ATH202508130,ATH,"Langeliers, Shea",langs001,2,0,empty,empty,1,field_out,4,1,6
2025-08-13,ATH202508130,ATH,"Rooker, Brent",rookb001,2,1,empty,empty,1,strikeout,4,1,6
2025-08-13,ATH202508130,ATH,"Soderstrom, Tyler",sodet001,2,2,empty,empty,1,strikeout,4,1,6
2025-08-13,ATH202508130,ATH,"Thomas, Colby",thomc005,2,0,empty,empty,1,single,5,1,6
2025-08-13,ATH202508130,ATH,"Hernaiz, Darell",hernd006,2,0,1B,1B,1,fielders_choice,5,1,6
2025-08-13,ATH202508130,ATH,"Butler, Lawrence",butll001,2,0,1B+2B,1B+2B,1,strikeout,5,1,6
2025-08-13,ATH202508130,ATH,"Urshela, Gio",urshg001,2,1,1B+2B,1B+2B,1,single,5,1,6
2025-08-13,ATH202508130,ATH,"Schuemann, Max",schum002,2,1,1B+2B,1B+2B,1,field_out,5,2,6
2025-08-13,ATH202508130,ATH,"Cortes, Carlos",cortc001,3,2,1B+2B,1B+2B,1,field_out,5,2,6
2025-08-13,ATH202508130,ATH,"Langeliers, Shea",langs001,3,0,empty,empty,1,field_out,6,2,6
2025-08-13,ATH202508130,ATH,"Rooker, Brent",rookb001,3,1,empty,empty,1,field_out,6,2,6
2025-08-13,ATH202508130,ATH,"Soderstrom, Tyler",sodet001,3,2,empty,empty,1,field_out,6,2,6
2025-08-13,ATH202508130,ATH,"Thomas, Colby",thomc005,3,0,empty,empty,1,field_out,7,2,6
2025-08-13,ATH202508130,ATH,"Hernaiz, Darell",hernd006,3,1,empty,empty,1,strikeout,7,2,6
2025-08-13,ATH202508130,ATH,"Butler, Lawrence",butll001,3,2,empty,empty,1,strikeout,7,2,6
2025-08-13,ATH202508130,ATH,"Urshela, Gio",urshg001,3,0,empty,empty,1,strikeout,8,2,6
2025-08-13,ATH202508130,ATH,"Schuemann, Max",schum002,3,1,empty,empty,1,strikeout,8,2,6
2025-08-13,ATH202508130,ATH,"Cortes, Carlos",cortc001,4,2,empty,empty,1,strikeout,8,2,6
2025-08-13,ATH202508130,ATH,"Langeliers, Shea",langs001,4,0,empty,empty,1,strikeout,9,2,8
2025-08-13,ATH202508130,ATH,"Rooker, Brent",rookb001,4,1,empty,empty,1,strikeout,9,2,8
2025-08-13,ATH202508130,ATH,"Soderstrom, Tyler",sodet001,4,2,empty,empty,1,single,9,2,8
2025-08-13,ATH202508130,ATH,"Thomas, Colby",thomc005,4,2,1B,2B,0,strikeout,9,2,8
2025-08-15,ATH202508150,ATH,"Langeliers, Shea",langs001,1,0,empty,empty,1,home_run,1,0,0
2025-08-15,ATH202508150,ATH,"Rooker, Brent",rookb001,1,0,empty,empty,1,field_out,1,1,0
2025-08-15,ATH202508150,ATH,"Kurtz, Nick",kurtn001,1,1,empty,empty,1,field_out,1,1,0
2025-08-15,ATH202508150,ATH,"Thomas, Colby",thomc005,1,2,empty,empty,1,single,1,1,0
2025-08-15,ATH202508150,ATH,"Hernaiz, Darell",hernd006,1,2,1B,1B,1,field_error,1,1,0
2025-08-15,ATH202508150,ATH,"Bleday, JJ",bledj001,1,2,1B+2B,1B+2B,1,strikeout,1,1,0
2025-08-15,ATH202508150,ATH,"MacIver, Willie",maciw001,1,0,empty,empty,1,walk,2,1,1
2025-08-15,ATH202508150,ATH,"Harris, Brett",harrb002,1,0,1B,1B,1,strikeout,2,1,1
2025-08-15,ATH202508150,ATH,"Urias, Luis",urial001,1,1,1B,1B,1,field_out,2,1,1
2025-08-15,ATH202508150,ATH,"Langeliers, Shea",langs001,2,2,2B,2B,1,field_out,2,1,1
2025-08-15,ATH202508150,ATH,"Rooker, Brent",rookb001,2,0,empty,empty,1,double,3,1,1
2025-08-15,ATH202508150,ATH,"Kurtz, Nick",kurtn001,2,0,2B,2B,1,single,3,1,1
2025-08-15,ATH202508150,ATH,"Thomas, Colby",thomc005,2,0,1B+3B,1B+3B,1,home_run,3,1,1
2025-08-15,ATH202508150,ATH,"Hernaiz, Darell",hernd006,2,0,empty,empty,1,walk,3,4,1
2025-08-15,ATH202508150,ATH,"Bleday, JJ",bledj001,2,1,1B,empty,0,walk,3,4,1
2025-08-15,ATH202508150,ATH,"MacIver, Willie",maciw001,2,1,1B,1B,1,field_out,3,4,1
2025-08-15,ATH202508150,ATH,"Harris, Brett",harrb002,2,2,1B,1B,1,field_out,3,4,1
2025-08-15,ATH202508150,ATH,"Urias, Luis",urial001,2,0,empty,empty,1,field_out,4,4,1
2025-08-15,ATH202508150,ATH,"Langeliers, Shea",langs001,3,1,empty,empty,1,strikeout,4,4,1
2025-08-15,ATH202508150,ATH,"Rooker, Brent",rookb001,3,2,empty,empty,1,field_out,4,4,1
2025-08-15,ATH202508150,ATH,"Kurtz, Nick",kurtn001,3,0,empty,empty,1,double,5,4,3
2025-08-15,ATH202508150,ATH,"Thomas, Colby",thomc005,3,0,2B,2B,1,single,5,4,3
2025-08-15,ATH202508150,ATH,"Hernaiz, Darell",hernd006,3,0,1B+3B,1B+3B,1,sac_fly,5,4,3
2025-08-15,ATH202508150,ATH,"Bleday, JJ",bledj001,3,1,1B,1B,1,strikeout,5,5,3
2025-08-15,ATH202508150,ATH,"MacIver, Willie",maciw001,3,2,1B,1B,1,single,5,5,3
2025-08-15,ATH202508150,ATH,"Harris, Brett",harrb002,3,2,1B+3B,1B+3B,1,walk,5,5,3
2025-08-15,ATH202508150,ATH,"Soderstrom, Tyler",sodet001,1,2,1B+2B+3B,1B+2B+3B,1,single,5,5,3
2025-08-15,ATH202508150,ATH,"Langeliers, Shea",langs001,4,2,1B+2B+3B,1B+2B+3B,1,field_out,5,6,3
2025-08-15,ATH202508150,ATH,"Rooker, Brent",rookb001,4,0,empty,empty,1,field_out,6,6,3
2025-08-15,ATH202508150,ATH,"Kurtz, Nick",kurtn001,4,1,empty,empty,1,strikeout,6,6,3
2025-08-15,ATH202508150,ATH,"Butler, Lawrence",butll001,1,2,empty,empty,1,field_out,6,6,3
2025-08-15,ATH202508150,ATH,"Hernaiz, Darell",hernd006,4,0,empty,empty,1,field_out,7,6,3
2025-08-15,ATH202508150,ATH,"Bleday, JJ",bledj001,4,1,empty,empty,1,field_out,7,6,3
2025-08-15,ATH202508150,ATH,"MacIver, Willie",maciw001,4,2,empty,empty,1,strikeout,7,6,3
2025-08-15,ATH202508150,ATH,"Harris, Brett",harrb002,4,0,empty,empty,1,single,8,6,3
2025-08-15,ATH202508150,ATH,"Schuemann, Max",schum002,1,0,1B,1B,1,sac_bunt,8,6,3
2025-08-15,ATH202508150,ATH,"Langeliers, Shea",langs001,5,1,2B,2B,1,single,8,6,3
2025-08-15,ATH202508150,ATH,"Rooker, Brent",rookb001,5,1,1B,1B,1,single,8,7,3
2025-08-15,ATH202508150,ATH,"Kurtz, Nick",kurtn001,5,1,1B+2B,1B+2B,1,home_run,8,7,3
2025-08-15,ATH202508150,ATH,"Butler, Lawrence",butll001,2,1,empty,empty,1,field_out,8,10,3
2025-08-15,ATH202508150,ATH,"Hernaiz, Darell",hernd006,5,2,empty,empty,1,single,8,10,3
2025-08-15,ATH202508150,ATH,"Bleday, JJ",bledj001,5,2,1B,1B,1,field_out,8,10,3
2025-08-16,ATH202508160,ATH,"Langeliers, Shea",langs001,1,0,empty,empty,1,walk,1,0,0
2025-08-16,ATH202508160,ATH,"Rooker, Brent",rookb001,1,0,1B,1B,1,field_out,1,0,0
2025-08-16,ATH202508160,ATH,"Kurtz, Nick",kurtn001,1,1,1B,1B,1,field_out,1,0,0
2025-08-16,ATH202508160,ATH,"Thomas, Colby",thomc005,1,2,1B,1B,1,home_run,1,0,0
2025-08-16,ATH202508160,ATH,"Soderstrom, Tyler",sodet001,1,2,empty,empty,1,single,1,2,0
2025-08-16,ATH202508160,ATH,"Hernaiz, Darell",hernd006,1,2,1B,1B,1,strikeout,1,2,0
2025-08-16,ATH202508160,ATH,"Harris, Brett",harrb002,1,0,empty,empty,1,walk,2,2,1
2025-08-16,ATH202508160,ATH,"Butler, Lawrence",butll001,1,0,1B,1B,1,grounded_into_double_play,2,2,1
2025-08-16,ATH202508160,ATH,"Schuemann, Max",schum002,1,2,empty,empty,1,field_out,2,2,1
2025-08-16,ATH202508160,ATH,"Langeliers, Shea",langs001,2,0,empty,empty,1,field_out,3,2,1
2025-08-16,ATH202508160,ATH,"Rooker, Brent",rookb001,2,1,empty,empty,1,walk,3,2,1
2025-08-16,ATH202508160,ATH,"Kurtz, Nick",kurtn001,2,1,1B,1B,1,walk,3,2,1
2025-08-16,ATH202508160,ATH,"Thomas, Colby",thomc005,2,1,1B+2B,1B+2B,1,field_out,3,2,1
2025-08-16,ATH202508160,ATH,"Soderstrom, Tyler",sodet001,2,2,1B+2B,1B+2B,1,walk,3,2,1
2025-08-16,ATH202508160,ATH,"Hernaiz, Darell",hernd006,2,2,1B+2B+3B,1B+2B+3B,1,single,3,2,1
2025-08-16,ATH202508160,ATH,"Harris, Brett",harrb002,2,2,1B+3B,1B+3B,1,field_out,3,4,1
2025-08-16,ATH202508160,ATH,"Butler, Lawrence",butll001,2,0,empty,empty,1,field_out,4,4,1
2025-08-16,ATH202508160,ATH,"Schuemann, Max",schum002,2,1,empty,empty,1,field_out,4,4,1
2025-08-16,ATH202508160,ATH,"Langeliers, Shea",langs001,3,2,empty,empty,1,field_out,4,4,1
2025-08-16,ATH202508160,ATH,"Rooker, Brent",rookb001,3,0,empty,empty,1,home_run,5,4,1
2025-08-16,ATH202508160,ATH,"Kurtz, Nick",kurtn001,3,0,empty,empty,1,walk,5,5,1
2025-08-16,ATH202508160,ATH,"Thomas, Colby",thomc005,3,0,1B,1B,1,strikeout,5,5,1
2025-08-16,ATH202508160,ATH,"Soderstrom, Tyler",sodet001,3,1,1B,1B,1,strikeout,5,5,1
2025-08-16,ATH202508160,ATH,"Hernaiz, Darell",hernd006,3,2,1B,1B,1,single,5,5,1
2025-08-16,ATH202508160,ATH,"Harris, Brett",harrb002,3,2,1B+2B,1B+2B,1,field_out,5,5,1
2025-08-16,ATH202508160,ATH,"Butler, Lawrence",butll001,3,0,empty,empty,1,strikeout,6,5,1
2025-08-16,ATH202508160,ATH,"Schuemann, Max",schum002,3,1,empty,empty,1,field_out,6,5,1
2025-08-16,ATH202508160,ATH,"Langeliers, Shea",langs001,4,2,empty,empty,1,field_out,6,5,1
2025-08-16,ATH202508160,ATH,"Rooker, Brent",rookb001,4,0,empty,empty,1,field_out,7,5,1
2025-08-16,ATH202508160,ATH,"Kurtz, Nick",kurtn001,4,1,empty,empty,1,single,7,5,1
2025-08-16,ATH202508160,ATH,"Thomas, Colby",thomc005,4,1,1B,1B,1,strikeout,7,5,1
2025-08-16,ATH202508160,ATH,"Soderstrom, Tyler",sodet001,4,2,1B,1B,1,field_out,7,5,1
2025-08-16,ATH202508160,ATH,"Hernaiz, Darell",hernd006,4,0,empty,empty,1,walk,8,5,1
2025-08-16,ATH202508160,ATH,"Harris, Brett",harrb002,4,0,1B,2B,0,single,8,5,1
2025-08-16,ATH202508160,ATH,"Butler, Lawrence",butll001,4,0,1B,1B,1,strikeout,8,6,1
2025-08-16,ATH202508160,ATH,"Schuemann, Max",schum002,4,1,1B,1B,1,walk,8,6,1
2025-08-16,ATH202508160,ATH,"Langeliers, Shea",langs001,5,1,1B+2B,1B+2B,1,field_out,8,6,1
2025-08-16,ATH202508160,ATH,"Rooker, Brent",rookb001,5,2,1B+3B,1B+3B,1,single,8,6,1
2025-08-16,ATH202508160,ATH,"Kurtz, Nick",kurtn001,5,2,1B+3B,1B+3B,1,field_out,8,7,1
2025-08-17,ATH202508170,ATH,"Kurtz, Nick",kurtn001,1,0,empty,empty,1,field_out,1,0,3
2025-08-17,ATH202508170,ATH,"Langeliers, Shea",langs001,1,1,empty,empty,1,strikeout,1,0,3
2025-08-17,ATH202508170,ATH,"Rooker, Brent",rookb001,1,2,empty,empty,1,double,1,0,3
2025-08-17,ATH202508170,ATH,"Soderstrom, Tyler",sodet001,1,2,2B,2B,1,single,1,0,3
2025-08-17,ATH202508170,ATH,"Butler, Lawrence",butll001,1,2,1B,1B,1,strikeout,1,1,3
2025-08-17,ATH202508170,ATH,"Hernaiz, Darell",hernd006,1,0,empty,empty,1,single,2,1,3
2025-08-17,ATH202508170,ATH,"Bleday, JJ",bledj001,1,0,1B,1B,1,field_out,2,1,3
2025-08-17,ATH202508170,ATH,"Harris, Brett",harrb002,1,1,2B,2B,1,field_out,2,1,3
2025-08-17,ATH202508170,ATH,"Urias, Luis",urial001,1,2,2B,2B,1,strikeout,2,1,3
2025-08-17,ATH202508170,ATH,"Kurtz, Nick",kurtn001,2,0,empty,empty,1,home_run,3,1,3
2025-08-17,ATH202508170,ATH,"Langeliers, Shea",langs001,2,0,empty,empty,1,home_run,3,2,3
2025-08-17,ATH202508170,ATH,"Rooker, Brent",rookb001,2,0,empty,empty,1,field_out,3,3,3
2025-08-17,ATH202508170,ATH,"Soderstrom, Tyler",sodet001,2,1,empty,empty,1,field_out,3,3,3
2025-08-17,ATH202508170,ATH,"Butler, Lawrence",butll001,2,2,empty,empty,1,single,3,3,3
2025-08-17,ATH202508170,ATH,"Hernaiz, Darell",hernd006,2,2,1B,1B,1,field_out,3,3,3
2025-08-17,ATH202508170,ATH,"Bleday, JJ",bledj001,2,0,empty,empty,1,field_out,4,3,3
2025-08-17,ATH202508170,ATH,"Harris, Brett",harrb002,2,1,empty,empty,1,strikeout,4,3,3
2025-08-17,ATH202508170,ATH,"Urias, Luis",urial001,2,2,empty,empty,1,field_out,4,3,3
2025-08-17,ATH202508170,ATH,"Kurtz, Nick",kurtn001,3,0,empty,empty,1,strikeout,5,3,5
2025-08-17,ATH202508170,ATH,"Langeliers, Shea",langs001,3,1,empty,empty,1,field_out,5,3,5
2025-08-17,ATH202508170,ATH,"Rooker, Brent",rookb001,3,2,empty,empty,1,walk,5,3,5
2025-08-17,ATH202508170,ATH,"Soderstrom, Tyler",sodet001,3,2,1B,1B,1,field_out,5,3,5
2025-08-17,ATH202508170,ATH,"Butler, Lawrence",butll001,3,0,empty,empty,1,home_run,6,3,5
2025-08-17,ATH202508170,ATH,"Hernaiz, Darell",hernd006,3,0,empty,empty,1,field_out,6,4,5
2025-08-17,ATH202508170,ATH,"Bleday, JJ",bledj001,3,1,empty,empty,1,field_out,6,4,5
2025-08-17,ATH202508170,ATH,"Harris, Brett",harrb002,3,2,empty,empty,1,double,6,4,5
2025-08-17,ATH202508170,ATH,"Urias, Luis",urial001,3,2,2B,2B,1,single,6,4,5
2025-08-17,ATH202508170,ATH,"Kurtz, Nick",kurtn001,4,0,1B,empty,0,walk,7,5,5
2025-08-17,ATH202508170,ATH,"Langeliers, Shea",langs001,4,0,1B,1B,1,grounded_into_double_play,7,5,5
2025-08-17,ATH202508170,ATH,"Rooker, Brent",rookb001,4,2,empty,empty,1,field_out,7,5,5
2025-08-17,ATH202508170,ATH,"Soderstrom, Tyler",sodet001,4,0,empty,empty,1,strikeout,8,5,5
2025-08-17,ATH202508170,ATH,"Butler, Lawrence",butll001,4,1,empty,empty,1,strikeout,8,5,5
2025-08-17,ATH202508170,ATH,"Hernaiz, Darell",hernd006,4,2,empty,empty,1,double,8,5,5
2025-08-17,ATH202508170,ATH,"Bleday, JJ",bledj001,4,2,2B,2B,1,intent_walk,8,5,5
2025-08-17,ATH202508170,ATH,"Harris, Brett",harrb002,4,2,1B+2B,1B+2B,1,field_out,8,5,5
2025-08-17,ATH202508170,ATH,"Cortes, Carlos",cortc001,1,0,empty,empty,1,single,9,5,5
2025-08-17,ATH202508170,ATH,"Kurtz, Nick",kurtn001,5,0,1B,1B,1,walk,9,5,5
2025-08-17,ATH202508170,ATH,"Langeliers, Shea",langs001,5,0,1B+2B,1B+2B,1,strikeout,9,5,5
2025-08-17,ATH202508170,ATH,"Rooker, Brent",rookb001,5,1,1B+2B,1B+2B,1,strikeout,9,5,5
2025-08-17,ATH202508170,ATH,"Soderstrom, Tyler",sodet001,5,2,1B+2B,1B+2B,1,walk,9,5,5
2025-08-17,ATH202508170,ATH,"Butler, Lawrence",butll001,5,2,1B+2B+3B,1B+2B+3B,1,field_out,9,5,5
2025-08-17,ATH202508170,ATH,"Hernaiz, Darell",hernd006,5,0,2B,2B,1,field_out,10,5,11
2025-08-17,ATH202508170,ATH,"Bleday, JJ",bledj001,5,1,2B,2B,1,field_out,10,5,11
2025-08-17,ATH202508170,ATH,"Harris, Brett",harrb002,5,2,2B,2B,1,field_out,10,5,11
2025-08-19,MIN202508190,ATH,"Kurtz, Nick",kurtn001,1,0,empty,empty,1,double,1,0,0
2025-08-19,MIN202508190,ATH,"Langeliers, Shea",langs001,1,0,2B,2B,1,strikeout,1,0,0
2025-08-19,MIN202508190,ATH,"Rooker, Brent",rookb001,1,1,2B,2B,1,strikeout,1,0,0
2025-08-19,MIN202508190,ATH,"Soderstrom, Tyler",sodet001,1,2,2B,2B,1,field_out,1,0,0
2025-08-19,MIN202508190,ATH,"Butler, Lawrence",butll001,1,0,empty,empty,1,field_out,2,0,0
2025-08-19,MIN202508190,ATH,"Hernaiz, Darell",hernd006,1,1,empty,empty,1,strikeout,2,0,0
2025-08-19,MIN202508190,ATH,"Bleday, JJ",bledj001,1,2,empty,empty,1,field_out,2,0,0
2025-08-19,MIN202508190,ATH,"Harris, Brett",harrb002,1,0,empty,empty,1,field_out,3,0,1
2025-08-19,MIN202508190,ATH,"Urias, Luis",urial001,1,1,empty,empty,1,strikeout,3,0,1
2025-08-19,MIN202508190,ATH,"Kurtz, Nick",kurtn001,2,2,empty,empty,1,walk,3,0,1
2025-08-19,MIN202508190,ATH,"Langeliers, Shea",langs001,2,2,1B,1B,1,home_run,3,0,1
2025-08-19,MIN202508190,ATH,"Rooker, Brent",rookb001,2,2,empty,empty,1,strikeout,3,2,1
2025-08-19,MIN202508190,ATH,"Soderstrom, Tyler",sodet001,2,0,empty,empty,1,single,4,2,1
2025-08-19,MIN202508190,ATH,"Butler, Lawrence",butll001,2,0,1B,1B,1,double,4,2,1
2025-08-19,MIN202508190,ATH,"Hernaiz, Darell",hernd006,2,0,2B+3B,2B+3B,1,single,4,2,1
2025-08-19,MIN202508190,ATH,"Bleday, JJ",bledj001,2,0,1B+2B+3B,1B+2B+3B,1,strikeout,4,2,1
2025-08-19,MIN202508190,ATH,"Harris, Brett",harrb002,2,1,1B+2B+3B,1B+2B+3B,1,sac_fly,4,2,1
2025-08-19,MIN202508190,ATH,"Urias, Luis",urial001,2,2,1B+3B,1B+3B,1,single,4,3,1
2025-08-19,MIN202508190,ATH,"Kurtz, Nick",kurtn001,3,2,1B+2B,1B+2B,1,double,4,4,1
2025-08-19,MIN202508190,ATH,"Langeliers, Shea",langs001,3,2,2B+3B,2B+3B,1,field_out,4,5,1
2025-08-19,MIN202508190,ATH,"Rooker, Brent",rookb001,3,0,empty,empty,1,strikeout,5,5,2
2025-08-19,MIN202508190,ATH,"Soderstrom, Tyler",sodet001,3,1,empty,empty,1,field_out,5,5,2
2025-08-19,MIN202508190,ATH,"Butler, Lawrence",butll001,3,2,empty,empty,1,field_out,5,5,2
2025-08-19,MIN202508190,ATH,"Hernaiz, Darell",hernd006,3,0,empty,empty,1,double,6,5,3
2025-08-19,MIN202508190,ATH,"Bleday, JJ",bledj001,3,0,2B,2B,1,field_out,6,5,3
2025-08-19,MIN202508190,ATH,"Harris, Brett",harrb002,3,1,3B,3B,1,single,6,5,3
2025-08-19,MIN202508190,ATH,"Urias, Luis",urial001,3,1,1B,1B,1,grounded_into_double_play,6,6,3
2025-08-19,MIN202508190,ATH,"Kurtz, Nick",kurtn001,4,0,empty,empty,1,single,7,6,3
2025-08-19,MIN202508190,ATH,"Langeliers, Shea",langs001,4,0,1B,1B,1,grounded_into_double_play,7,6,3
2025-08-19,MIN202508190,ATH,"Rooker, Brent",rookb001,4,2,empty,empty,1,field_out,7,6,3
2025-08-19,MIN202508190,ATH,"Soderstrom, Tyler",sodet001,4,0,empty,empty,1,field_out,8,6,3
2025-08-19,MIN202508190,ATH,"Butler, Lawrence",butll001,4,1,empty,empty,1,strikeout,8,6,3
2025-08-19,MIN202508190,ATH,"Hernaiz, Darell",hernd006,4,2,empty,empty,1,strikeout,8,6,3
2025-08-19,MIN202508190,ATH,"Bleday, JJ",bledj001,4,0,empty,empty,1,double,9,6,3
2025-08-19,MIN202508190,ATH,"Harris, Brett",harrb002,4,0,2B,2B,1,field_out,9,6,3
2025-08-19,MIN202508190,ATH,"Cortes, Carlos",cortc001,1,1,3B,3B,1,field_out,9,6,3
2025-08-19,MIN202508190,ATH,"Kurtz, Nick",kurtn001,5,2,3B,3B,1,intent_walk,9,6,3
2025-08-19,MIN202508190,ATH,"Langeliers, Shea",langs001,5,2,1B+3B,1B+3B,1,field_out,9,6,3
2025-08-20,MIN202508200,ATH,"Kurtz, Nick",kurtn001,1,0,empty,empty,1,field_out,1,0,0
2025-08-20,MIN202508200,ATH,"Langeliers, Shea",langs001,1,1,empty,empty,1,strikeout,1,0,0
2025-08-20,MIN202508200,ATH,"Rooker, Brent",rookb001,1,2,empty,empty,1,strikeout,1,0,0
2025-08-20,MIN202508200,ATH,"Soderstrom, Tyler",sodet001,1,0,empty,empty,1,double,2,0,0
2025-08-20,MIN202508200,ATH,"Butler, Lawrence",butll001,1,0,2B,2B,1,field_out,2,0,0
2025-08-20,MIN202508200,ATH,"Hernaiz, Darell",hernd006,1,1,3B,3B,1,sac_fly,2,0,0
2025-08-20,MIN202508200,ATH,"Bleday, JJ",bledj001,1,2,empty,empty,1,field_out,2,1,0
2025-08-20,MIN202508200,ATH,"Harris, Brett",harrb002,1,0,empty,empty,1,strikeout,3,1,0
2025-08-20,MIN202508200,ATH,"Urias, Luis",urial001,1,1,empty,empty,1,strikeout,3,1,0
2025-08-20,MIN202508200,ATH,"Kurtz, Nick",kurtn001,2,2,empty,empty,1,walk,3,1,0
2025-08-20,MIN202508200,ATH,"Langeliers, Shea",langs001,2,2,1B,1B,1,field_out,3,1,0
2025-08-20,MIN202508200,ATH,"Rooker, Brent",rookb001,2,0,empty,empty,1,field_out,4,1,0
2025-08-20,MIN202508200,ATH,"Soderstrom, Tyler",sodet001,2,1,empty,empty,1,home_run,4,1,0
2025-08-20,MIN202508200,ATH,"Butler, Lawrence",butll001,2,1,empty,empty,1,field_out,4,2,0
2025-08-20,MIN202508200,ATH,"Hernaiz, Darell",hernd006,2,2,empty,empty,1,strikeout,4,2,0
2025-08-20,MIN202508200,ATH,"Bleday, JJ",bledj001,2,0,empty,empty,1,strikeout,5,2,0
2025-08-20,MIN202508200,ATH,"Harris, Brett",harrb002,2,1,empty,empty,1,field_out,5,2,0
2025-08-20,MIN202508200,ATH,"Urias, Luis",urial001,2,2,empty,empty,1,field_out,5,2,0
2025-08-20,MIN202508200,ATH,"Kurtz, Nick",kurtn001,3,0,empty,empty,1,single,6,2,2
2025-08-20,MIN202508200,ATH,"Langeliers, Shea",langs001,3,0,1B,1B,1,field_out,6,2,2
2025-08-20,MIN202508200,ATH,"Rooker, Brent",rookb001,3,1,1B,1B,1,strikeout,6,2,2
2025-08-20,MIN202508200,ATH,"Soderstrom, Tyler",sodet001,3,2,1B,1B,1,walk,6,2,2
2025-08-20,MIN202508200,ATH,"Thomas, Colby",thomc005,1,2,1B+2B,1B+2B,1,field_out,6,2,2
2025-08-20,MIN202508200,ATH,"Hernaiz, Darell",hernd006,3,0,empty,empty,1,field_out,7,2,2
2025-08-20,MIN202508200,ATH,"Bleday, JJ",bledj001,3,1,empty,empty,1,strikeout,7,2,2
2025-08-20,MIN202508200,ATH,"Harris, Brett",harrb002,3,2,empty,empty,1,field_out,7,2,2
2025-08-20,MIN202508200,ATH,"Cortes, Carlos",cortc001,1,0,empty,empty,1,single,8,2,2
2025-08-20,MIN202508200,ATH,"Kurtz, Nick",kurtn001,4,0,1B,2B,0,walk,8,2,2
2025-08-20,MIN202508200,ATH,"Langeliers, Shea",langs001,4,0,1B+2B,1B+2B,1,field_out,8,2,2
2025-08-20,MIN202508200,ATH,"Rooker, Brent",rookb001,4,1,2B+3B,2B+3B,1,field_out,8,2,2
2025-08-20,MIN202508200,ATH,"Soderstrom, Tyler",sodet001,4,2,2B+3B,2B+3B,1,intent_walk,8,2,2
2025-08-20,MIN202508200,ATH,"Thomas, Colby",thomc005,2,2,1B+2B+3B,1B+2B+3B,1,strikeout,8,2,2
2025-08-20,MIN202508200,ATH,"Hernaiz, Darell",hernd006,4,0,empty,empty,1,double,9,2,2
2025-08-20,MIN202508200,ATH,"Bleday, JJ",bledj001,4,0,2B,2B,1,strikeout,9,2,2
2025-08-20,MIN202508200,ATH,"Harris, Brett",harrb002,4,1,2B,2B,1,strikeout,9,2,2
2025-08-20,MIN202508200,ATH,"Schuemann, Max",schum002,1,2,2B,2B,1,walk,9,2,2
2025-08-20,MIN202508200,ATH,"Kurtz, Nick",kurtn001,5,2,1B+2B,1B+2B,1,strikeout,9,2,2
2025-08-20,MIN202508200,ATH,"Langeliers, Shea",langs001,5,0,2B,2B,1,home_run,10,2,2
2025-08-20,MIN202508200,ATH,"Rooker, Brent",rookb001,5,0,empty,empty,1,field_out,10,4,2
2025-08-20,MIN202508200,ATH,"Soderstrom, Tyler",sodet001,5,1,empty,empty,1,strikeout,10,4,2
2025-08-20,MIN202508200,ATH,"Thomas, Colby",thomc005,3,2,empty,empty,1,field_out,10,4,2
2025-08-21,MIN202508210,ATH,"Kurtz, Nick",kurtn001,1,0,empty,empty,1,strikeout,1,0,0
2025-08-21,MIN202508210,ATH,"Butler, Lawrence",butll001,1,1,empty,empty,1,field_error,1,0,0
2025-08-21,MIN202508210,ATH,"Rooker, Brent",rookb001,1,1,1B,1B,1,field_out,1,0,0
2025-08-21,MIN202508210,ATH,"Soderstrom, Tyler",sodet001,1,2,1B,1B,1,single,1,0,0
2025-08-21,MIN202508210,ATH,"Hernaiz, Darell",hernd006,1,2,1B+3B,1B+3B,1,field_out,1,0,0
2025-08-21,MIN202508210,ATH,"Cortes, Carlos",cortc001,1,0,empty,empty,1,field_out,2,0,0
2025-08-21,MIN202508210,ATH,"MacIver, Willie",maciw001,1,1,empty,empty,1,hit_by_pitch,2,0,0
2025-08-21,MIN202508210,ATH,"Harris, Brett",harrb002,1,1,1B,1B,1,single,2,0,0
2025-08-21,MIN202508210,ATH,"Schuemann, Max",schum002,1,1,1B+2B,1B+2B,1,field_out,2,0,0
2025-08-21,MIN202508210,ATH,"Kurtz, Nick",kurtn001,2,2,1B+2B,1B+2B,1,walk,2,0,0
2025-08-21,MIN202508210,ATH,"Butler, Lawrence",butll001,2,2,1B+2B+3B,1B+2B+3B,1,double,2,0,0
2025-08-21,MIN202508210,ATH,"Rooker, Brent",rookb001,2,2,2B,2B,1,double,2,3,0
2025-08-21,MIN202508210,ATH,"Soderstrom, Tyler",sodet001,2,2,2B,3B,0,walk,2,4,0
2025-08-21,MIN202508210,ATH,"Hernaiz, Darell",hernd006,2,2,1B+3B,1B+3B,1,single,2,4,0
2025-08-21,MIN202508210,ATH,"Cortes, Carlos",cortc001,2,2,1B+2B,1B+2B,1,single,2,5,0
2025-08-21,MIN202508210,ATH,"MacIver, Willie",maciw001,2,2,1B+2B,1B+2B,1,field_out,2,6,0
2025-08-21,MIN202508210,ATH,"Harris, Brett",harrb002,2,0,empty,empty,1,strikeout,3,6,0
2025-08-21,MIN202508210,ATH,"Schuemann, Max",schum002,2,1,empty,empty,1,field_out,3,6,0
2025-08-21,MIN202508210,ATH,"Kurtz, Nick",kurtn001,3,2,empty,empty,1,field_out,3,6,0
2025-08-21,MIN202508210,ATH,"Butler, Lawrence",butll001,3,0,empty,empty,1,field_out,4,6,0
2025-08-21,MIN202508210,ATH,"Rooker, Brent",rookb001,3,1,empty,empty,1,field_out,4,6,0
2025-08-21,MIN202508210,ATH,"Soderstrom, Tyler",sodet001,3,2,empty,empty,1,double,4,6,0
2025-08-21,MIN202508210,ATH,"Hernaiz, Darell",hernd006,3,2,2B,2B,1,field_out,4,6,0
2025-08-21,MIN202508210,ATH,"Cortes, Carlos",cortc001,3,0,empty,empty,1,field_out,5,6,2
2025-08-21,MIN202508210,ATH,"MacIver, Willie",maciw001,3,1,empty,empty,1,field_out,5,6,2
2025-08-21,MIN202508210,ATH,"Harris, Brett",harrb002,3,2,empty,empty,1,hit_by_pitch,5,6,2
2025-08-21,MIN202508210,ATH,"Schuemann, Max",schum002,3,2,1B,1B,1,strikeout,5,6,2
2025-08-21,MIN202508210,ATH,"Kurtz, Nick",kurtn001,4,0,empty,empty,1,home_run,6,6,2
2025-08-21,MIN202508210,ATH,"Butler, Lawrence",butll001,4,0,empty,empty,1,strikeout,6,7,2
2025-08-21,MIN202508210,ATH,"Rooker, Brent",rookb001,4,1,empty,empty,1,field_out,6,7,2
2025-08-21,MIN202508210,ATH,"Soderstrom, Tyler",sodet001,4,2,empty,empty,1,single,6,7,2
2025-08-21,MIN202508210,ATH,"Hernaiz, Darell",hernd006,4,2,1B,1B,1,field_out,6,7,2
2025-08-21,MIN202508210,ATH,"Cortes, Carlos",cortc001,4,0,empty,empty,1,strikeout,7,7,2
2025-08-21,MIN202508210,ATH,"MacIver, Willie",maciw001,4,1,empty,empty,1,walk,7,7,2
2025-08-21,MIN202508210,ATH,"Harris, Brett",harrb002,4,1,1B,2B,0,field_out,7,7,2
2025-08-21,MIN202508210,ATH,"Schuemann, Max",schum002,4,2,2B,2B,1,single,7,7,2
2025-08-21,MIN202508210,ATH,"Kurtz, Nick",kurtn001,5,2,1B,1B,1,single,7,8,2
2025-08-21,MIN202508210,ATH,"Butler, Lawrence",butll001,5,2,1B+3B,1B+3B,1,field_out,7,8,2
2025-08-21,MIN202508210,ATH,"Rooker, Brent",rookb001,5,0,empty,empty,1,field_out,8,8,2
2025-08-21,MIN202508210,ATH,"Soderstrom, Tyler",sodet001,5,1,empty,empty,1,single,8,8,2
2025-08-21,MIN202508210,ATH,"Hernaiz, Darell",hernd006,5,1,1B,1B,1,field_out,8,8,2
2025-08-21,MIN202508210,ATH,"Cortes, Carlos",cortc001,5,2,2B,2B,1,field_out,8,8,2
2025-08-21,MIN202508210,ATH,"MacIver, Willie",maciw001,5,0,empty,empty,1,field_out,9,8,2
2025-08-21,MIN202508210,ATH,"Harris, Brett",harrb002,5,1,empty,empty,1,field_out,9,8,2
2025-08-21,MIN202508210,ATH,"Schuemann, Max",schum002,5,2,empty,empty,1,strikeout,9,8,2
2025-08-22,SEA202508220,ATH,"Kurtz, Nick",kurtn001,1,0,empty,empty,1,field_out,1,0,0
2025-08-22,SEA202508220,ATH,"Langeliers, Shea",langs001,1,1,empty,empty,1,strikeout,1,0,0
2025-08-22,SEA202508220,ATH,"Rooker, Brent",rookb001,1,2,empty,empty,1,home_run,1,0,0
2025-08-22,SEA202508220,ATH,"Soderstrom, Tyler",sodet001,1,2,empty,empty,1,strikeout,1,1,0
2025-08-22,SEA202508220,ATH,"Wilson, Jacob",wilsj006,1,0,empty,empty,1,field_out,2,1,0
2025-08-22,SEA202508220,ATH,"Butler, Lawrence",butll001,1,1,empty,empty,1,strikeout,2,1,0
2025-08-22,SEA202508220,ATH,"Hernaiz, Darell",hernd006,1,2,empty,empty,1,field_out,2,1,0
2025-08-22,SEA202508220,ATH,"Bleday, JJ",bledj001,1,0,empty,empty,1,field_out,3,1,0
2025-08-22,SEA202508220,ATH,"Harris, Brett",harrb002,1,1,empty,empty,1,field_out,3,1,0
2025-08-22,SEA202508220,ATH,"Kurtz, Nick",kurtn001,2,2,empty,empty,1,walk,3,1,0
2025-08-22,SEA202508220,ATH,"Langeliers, Shea",langs001,2,2,1B,1B,1,strikeout,3,1,0
2025-08-22,SEA202508220,ATH,"Rooker, Brent",rookb001,2,0,empty,empty,1,walk,4,1,0
2025-08-22,SEA202508220,ATH,"Soderstrom, Tyler",sodet001,2,0,1B,1B,1,field_out,4,1,0
2025-08-22,SEA202508220,ATH,"Wilson, Jacob",wilsj006,2,1,2B,2B,1,field_out,4,1,0
2025-08-22,SEA202508220,ATH,"Butler, Lawrence",butll001,2,2,2B,2B,1,field_out,4,1,0
2025-08-22,SEA202508220,ATH,"Hernaiz, Darell",hernd006,2,0,empty,empty,1,field_out,5,1,0
2025-08-22,SEA202508220,ATH,"Bleday, JJ",bledj001,2,1,empty,empty,1,strikeout,5,1,0
2025-08-22,SEA202508220,ATH,"Harris, Brett",harrb002,2,2,empty,empty,1,field_out,5,1,0
2025-08-22,SEA202508220,ATH,"Kurtz, Nick",kurtn001,3,0,empty,empty,1,field_out,6,1,1
2025-08-22,SEA202508220,ATH,"Langeliers, Shea",langs001,3,1,empty,empty,1,strikeout,6,1,1
2025-08-22,SEA202508220,ATH,"Rooker, Brent",rookb001,3,2,empty,empty,1,strikeout,6,1,1
2025-08-22,SEA202508220,ATH,"Soderstrom, Tyler",sodet001,3,0,empty,empty,1,field_error,7,1,1
2025-08-22,SEA202508220,ATH,"Wilson, Jacob",wilsj006,3,0,1B,1B,1,field_out,7,1,1
2025-08-22,SEA202508220,ATH,"Butler, Lawrence",butll001,3,1,1B,1B,1,grounded_into_double_play,7,1,1
2025-08-22,SEA202508220,ATH,"Hernaiz, Darell",hernd006,3,0,empty,empty,1,field_out,8,1,3
2025-08-22,SEA202508220,ATH,"Bleday, JJ",bledj001,3,1,empty,empty,1,strikeout,8,1,3
2025-08-22,SEA202508220,ATH,"Cortes, Carlos",cortc001,1,2,empty,empty,1,double,8,1,3
2025-08-22,SEA202508220,ATH,"Kurtz, Nick",kurtn001,4,2,2B,2B,1,strikeout,8,1,3
2025-08-22,SEA202508220,ATH,"Langeliers, Shea",langs001,4,0,empty,empty,1,strikeout,9,1,3
2025-08-22,SEA202508220,ATH,"Rooker, Brent",rookb001,4,1,empty,empty,1,single,9,1,3
2025-08-22,SEA202508220,ATH,"Soderstrom, Tyler",sodet001,4,1,1B,1B,1,single,9,1,3
2025-08-22,SEA202508220,ATH,"Wilson, Jacob",wilsj006,4,1,1B+2B,1B+2B,1,single,9,1,3
2025-08-22,SEA202508220,ATH,"Butler, Lawrence",butll001,4,1,1B+2B,1B+2B,1,walk,9,2,3
2025-08-22,SEA202508220,ATH,"Hernaiz, Darell",hernd006,4,1,1B+2B+3B,1B+2B+3B,1,field_out,9,2,3
2025-08-22,SEA202508220,ATH,"Bleday, JJ",bledj001,4,2,1B+2B+3B,1B+2B+3B,1,strikeout,9,2,3
2025-08-23,SEA202508230,ATH,"Kurtz, Nick",kurtn001,1,0,empty,empty,1,strikeout,1,0,0
2025-08-23,SEA202508230,ATH,"Langeliers, Shea",langs001,1,1,empty,empty,1,field_out,1,0,0
2025-08-23,SEA202508230,ATH,"Rooker, Brent",rookb001,1,2,empty,empty,1,field_out,1,0,0
2025-08-23,SEA202508230,ATH,"Soderstrom, Tyler",sodet001,1,0,empty,empty,1,walk,2,0,0
2025-08-23,SEA202508230,ATH,"Wilson, Jacob",wilsj006,1,0,1B,1B,1,single,2,0,0
2025-08-23,SEA202508230,ATH,"Butler, Lawrence",butll001,1,0,1B+3B,1B+3B,1,field_out,2,0,0
2025-08-23,SEA202508230,ATH,"Hernaiz, Darell",hernd006,1,1,1B+3B,1B+3B,1,fielders_choice_out,2,0,0
2025-08-23,SEA202508230,ATH,"Cortes, Carlos",cortc001,1,2,1B+2B,1B+2B,1,single,2,0,0
2025-08-23,SEA202508230,ATH,"Urias, Luis",urial001,1,2,1B+2B+3B,1B+2B+3B,1,field_out,2,0,0
2025-08-23,SEA202508230,ATH,"Kurtz, Nick",kurtn001,2,0,empty,empty,1,field_out,3,0,0
2025-08-23,SEA202508230,ATH,"Langeliers, Shea",langs001,2,1,empty,empty,1,strikeout,3,0,0
2025-08-23,SEA202508230,ATH,"Rooker, Brent",rookb001,2,2,empty,empty,1,field_out,3,0,0
2025-08-23,SEA202508230,ATH,"Soderstrom, Tyler",sodet001,2,0,empty,empty,1,field_out,4,0,0
2025-08-23,SEA202508230,ATH,"Wilson, Jacob",wilsj006,2,1,empty,empty,1,double,4,0,0
2025-08-23,SEA202508230,ATH,"Butler, Lawrence",butll001,2,1,2B,2B,1,field_out,4,0,0
2025-08-23,SEA202508230,ATH,"Hernaiz, Darell",hernd006,2,2,2B,2B,1,single,4,0,0
2025-08-23,SEA202508230,ATH,"Cortes, Carlos",cortc001,2,2,2B,2B,1,field_out,4,1,0
2025-08-23,SEA202508230,ATH,"Urias, Luis",urial001,2,0,empty,empty,1,field_out,5,1,0
2025-08-23,SEA202508230,ATH,"Kurtz, Nick",kurtn001,3,1,empty,empty,1,walk,5,1,0
2025-08-23,SEA202508230,ATH,"Langeliers, Shea",langs001,3,1,1B,1B,1,field_out,5,1,0
2025-08-23,SEA202508230,ATH,"Rooker, Brent",rookb001,3,2,1B,1B,1,field_out,5,1,0
2025-08-23,SEA202508230,ATH,"Soderstrom, Tyler",sodet001,3,0,empty,empty,1,walk,6,1,0
2025-08-23,SEA202508230,ATH,"Wilson, Jacob",wilsj006,3,0,1B,1B,1,field_out,6,1,0
2025-08-23,SEA202508230,ATH,"Butler, Lawrence",butll001,3,1,1B,1B,1,strikeout,6,1,0
2025-08-23,SEA202508230,ATH,"Hernaiz, Darell",hernd006,3,2,2B,3B,0,field_out,6,1,0
2025-08-23,SEA202508230,ATH,"Thomas, Colby",thomc005,1,0,empty,empty,1,strikeout,7,1,1
2025-08-23,SEA202508230,ATH,"Urias, Luis",urial001,3,1,empty,empty,1,strikeout,7,1,1
2025-08-23,SEA202508230,ATH,"Kurtz, Nick",kurtn001,4,2,empty,empty,1,field_out,7,1,1
2025-08-23,SEA202508230,ATH,"Langeliers, Shea",langs001,4,0,empty,empty,1,walk,8,1,1
2025-08-23,SEA202508230,ATH,"Rooker, Brent",rookb001,4,0,1B,1B,1,field_out,8,1,1
2025-08-23,SEA202508230,ATH,"Soderstrom, Tyler",sodet001,4,1,1B,1B,1,field_out,8,1,1
2025-08-23,SEA202508230,ATH,"Wilson, Jacob",wilsj006,4,2,1B,1B,1,field_out,8,1,1
2025-08-23,SEA202508230,ATH,"Butler, Lawrence",butll001,4,0,empty,empty,1,strikeout,9,1,1
2025-08-23,SEA202508230,ATH,"Hernaiz, Darell",hernd006,4,1,empty,empty,1,field_out,9,1,1
2025-08-23,SEA202508230,ATH,"Thomas, Colby",thomc005,2,2,empty,empty,1,strikeout,9,1,1
2025-08-23,SEA202508230,ATH,"Harris, Brett",harrb002,1,0,2B,2B,1,sac_bunt,10,1,1
2025-08-23,SEA202508230,ATH,"Kurtz, Nick",kurtn001,5,1,3B,3B,1,field_out,10,1,1
2025-08-23,SEA202508230,ATH,"Langeliers, Shea",langs001,5,2,3B,3B,1,double,10,1,1
2025-08-23,SEA202508230,ATH,"Rooker, Brent",rookb001,5,2,2B,2B,1,intent_walk,10,2,1
2025-08-23,SEA202508230,ATH,"Soderstrom, Tyler",sodet001,5,2,1B+2B,1B+2B,1,field_out,10,2,1
2025-08-24,SEA202508240,ATH,"Kurtz, Nick",kurtn001,1,0,empty,empty,1,strikeout,1,0,0
2025-08-24,SEA202508240,ATH,"Langeliers, Shea",langs001,1,1,empty,empty,1,strikeout,1,0,0
2025-08-24,SEA202508240,ATH,"Rooker, Brent",rookb001,1,2,empty,empty,1,field_out,1,0,0
2025-08-24,SEA202508240,ATH,"Soderstrom, Tyler",sodet001,1,0,empty,empty,1,strikeout,2,0,2
2025-08-24,SEA202508240,ATH,"Wilson, Jacob",wilsj006,1,1,empty,empty,1,home_run,2,0,2
2025-08-24,SEA202508240,ATH,"Butler, Lawrence",butll001,1,1,empty,empty,1,strikeout,2,1,2
2025-08-24,SEA202508240,ATH,"Hernaiz, Darell",hernd006,1,2,empty,empty,1,strikeout,2,1,2
2025-08-24,SEA202508240,ATH,"MacIver, Willie",maciw001,1,0,empty,empty,1,field_out,3,1,5
2025-08-24,SEA202508240,ATH,"Harris, Brett",harrb002,1,1,empty,empty,1,strikeout,3,1,5
2025-08-24,SEA202508240,ATH,"Kurtz, Nick",kurtn001,2,2,empty,empty,1,field_out,3,1,5
2025-08-24,SEA202508240,ATH,"Langeliers, Shea",langs001,2,0,empty,empty,1,strikeout,4,1,11
2025-08-24,SEA202508240,ATH,"Rooker, Brent",rookb001,2,1,empty,empty,1,strikeout,4,1,11
2025-08-24,SEA202508240,ATH,"Soderstrom, Tyler",sodet001,2,2,empty,empty,1,strikeout,4,1,11
2025-08-24,SEA202508240,ATH,"Wilson, Jacob",wilsj006,2,0,empty,empty,1,field_out,5,1,11
2025-08-24,SEA202508240,ATH,"Butler, Lawrence",butll001,2,1,empty,empty,1,walk,5,1,11
2025-08-24,SEA202508240,ATH,"Hernaiz, Darell",hernd006,2,1,1B,1B,1,strikeout,5,1,11
2025-08-24,SEA202508240,ATH,"MacIver, Willie",maciw001,2,2,1B,1B,1,field_out,5,1,11
2025-08-24,SEA202508240,ATH,"Harris, Brett",harrb002,2,0,empty,empty,1,single,6,1,11
2025-08-24,SEA202508240,ATH,"Kurtz, Nick",kurtn001,3,0,1B,1B,1,strikeout,6,1,11
2025-08-24,SEA202508240,ATH,"Langeliers, Shea",langs001,3,1,1B,1B,1,strikeout,6,1,11
2025-08-24,SEA202508240,ATH,"Thomas, Colby",thomc005,1,2,1B,1B,1,single,6,1,11
2025-08-24,SEA202508240,ATH,"Soderstrom, Tyler",sodet001,3,2,1B+2B,1B+2B,1,strikeout,6,1,11
2025-08-24,SEA202508240,ATH,"Wilson, Jacob",wilsj006,3,0,empty,empty,1,single,7,1,11
2025-08-24,SEA202508240,ATH,"Bleday, JJ",bledj001,1,0,1B,1B,1,single,7,1,11
2025-08-24,SEA202508240,ATH,"Hernaiz, Darell",hernd006,3,0,1B+2B,2B+3B,0,strikeout,7,1,11
2025-08-24,SEA202508240,ATH,"MacIver, Willie",maciw001,3,1,2B+3B,2B+3B,1,single,7,1,11
2025-08-24,SEA202508240,ATH,"Harris, Brett",harrb002,3,1,1B+3B,1B+3B,1,walk,7,2,11
2025-08-24,SEA202508240,ATH,"Urias, Luis",urial001,1,1,1B+2B+3B,1B+2B+3B,1,hit_by_pitch,7,2,11
2025-08-24,SEA202508240,ATH,"Langeliers, Shea",langs001,4,1,1B+2B+3B,1B+2B+3B,1,grounded_into_double_play,7,3,11
2025-08-24,SEA202508240,ATH,"Thomas, Colby",thomc005,2,0,empty,empty,1,double,8,3,11
2025-08-24,SEA202508240,ATH,"Soderstrom, Tyler",sodet001,4,0,2B,2B,1,field_out,8,3,11
2025-08-24,SEA202508240,ATH,"Wilson, Jacob",wilsj006,4,1,3B,3B,1,field_out,8,3,11
2025-08-24,SEA202508240,ATH,"Bleday, JJ",bledj001,2,2,empty,empty,1,walk,8,4,11
2025-08-24,SEA202508240,ATH,"Hernaiz, Darell",hernd006,4,2,1B,1B,1,field_out,8,4,11
2025-08-24,SEA202508240,ATH,"MacIver, Willie",maciw001,4,0,empty,empty,1,field_out,9,4,11
2025-08-24,SEA202508240,ATH,"Harris, Brett",harrb002,4,1,empty,empty,1,strikeout,9,4,11
2025-08-24,SEA202508240,ATH,"Urias, Luis",urial001,2,2,empty,empty,1,walk,9,4,11
2025-08-24,SEA202508240,ATH,"Langeliers, Shea",langs001,5,2,1B,1B,1,field_out,9,4,11
2025-08-25,ATH202508250,ATH,"Langeliers, Shea",langs001,1,0,empty,empty,1,strikeout,1,0,0
2025-08-25,ATH202508250,ATH,"Wilson, Jacob",wilsj006,1,1,empty,empty,1,field_out,1,0,0
2025-08-25,ATH202508250,ATH,"Rooker, Brent",rookb001,1,2,empty,empty,1,strikeout,1,0,0
2025-08-25,ATH202508250,ATH,"Thomas, Colby",thomc005,1,0,empty,empty,1,strikeout,2,0,0
2025-08-25,ATH202508250,ATH,"Hernaiz, Darell",hernd006,1,1,empty,empty,1,strikeout,2,0,0
2025-08-25,ATH202508250,ATH,"Soderstrom, Tyler",sodet001,1,2,empty,empty,1,single,2,0,0
2025-08-25,ATH202508250,ATH,"Harris, Brett",harrb002,1,2,1B,1B,1,strikeout,2,0,0
2025-08-25,ATH202508250,ATH,"Gelof, Zack",geloz001,1,0,empty,empty,1,strikeout,3,0,0
2025-08-25,ATH202508250,ATH,"Bleday, JJ",bledj001,1,1,empty,empty,1,field_out,3,0,0
2025-08-25,ATH202508250,ATH,"Langeliers, Shea",langs001,2,2,empty,empty,1,strikeout,3,0,0
2025-08-25,ATH202508250,ATH,"Wilson, Jacob",wilsj006,2,0,empty,empty,1,field_out,4,0,0
2025-08-25,ATH202508250,ATH,"Rooker, Brent",rookb001,2,1,empty,empty,1,field_out,4,0,0
2025-08-25,ATH202508250,ATH,"Thomas, Colby",thomc005,2,2,empty,empty,1,field_out,4,0,0
2025-08-25,ATH202508250,ATH,"Hernaiz, Darell",hernd006,2,0,empty,empty,1,single,5,0,0
2025-08-25,ATH202508250,ATH,"Soderstrom, Tyler",sodet001,2,0,1B,1B,1,strikeout,5,0,0
2025-08-25,ATH202508250,ATH,"Harris, Brett",harrb002,2,1,1B,1B,1,field_out,5,0,0
2025-08-25,ATH202508250,ATH,"Gelof, Zack",geloz001,2,2,1B,1B,1,strikeout,5,0,0
2025-08-25,ATH202508250,ATH,"Bleday, JJ",bledj001,2,0,empty,empty,1,double,6,0,3
2025-08-25,ATH202508250,ATH,"Langeliers, Shea",langs001,3,0,3B,3B,1,field_out,6,0,3
2025-08-25,ATH202508250,ATH,"Wilson, Jacob",wilsj006,3,1,3B,3B,1,field_out,6,0,3
2025-08-25,ATH202508250,ATH,"Rooker, Brent",rookb001,3,2,empty,empty,1,strikeout,6,1,3
2025-08-25,ATH202508250,ATH,"Thomas, Colby",thomc005,3,0,empty,empty,1,home_run,7,1,3
2025-08-25,ATH202508250,ATH,"Hernaiz, Darell",hernd006,3,0,empty,empty,1,single,7,2,3
2025-08-25,ATH202508250,ATH,"Soderstrom, Tyler",sodet001,3,0,1B,1B,1,double,7,2,3
2025-08-25,ATH202508250,ATH,"Harris, Brett",harrb002,3,0,2B+3B,2B+3B,1,field_error,7,2,3
2025-08-25,ATH202508250,ATH,"Gelof, Zack",geloz001,3,0,1B+2B+3B,1B+2B+3B,1,strikeout,7,2,3
2025-08-25,ATH202508250,ATH,"Bleday, JJ",bledj001,3,1,1B+2B+3B,1B+2B+3B,1,strikeout,7,2,3
2025-08-25,ATH202508250,ATH,"Langeliers, Shea",langs001,4,2,1B+2B+3B,1B+2B+3B,1,home_run,7,2,3
2025-08-25,ATH202508250,ATH,"Wilson, Jacob",wilsj006,4,2,empty,empty,1,field_out,7,6,3
2025-08-25,ATH202508250,ATH,"Rooker, Brent",rookb001,4,0,empty,empty,1,field_out,8,6,3
2025-08-25,ATH202508250,ATH,"Butler, Lawrence",butll001,1,1,empty,empty,1,single,8,6,3
2025-08-25,ATH202508250,ATH,"Kurtz, Nick",kurtn001,1,1,1B,1B,1,home_run,8,6,3
2025-08-25,ATH202508250,ATH,"Soderstrom, Tyler",sodet001,4,1,empty,empty,1,single,8,8,3
2025-08-25,ATH202508250,ATH,"Harris, Brett",harrb002,4,1,1B,1B,1,field_out,8,8,3
2025-08-25,ATH202508250,ATH,"Gelof, Zack",geloz001,4,2,1B,1B,1,strikeout,8,8,3
2025-08-26,ATH202508260,ATH,"Kurtz, Nick",kurtn001,1,0,empty,empty,1,single,1,0,0
2025-08-26,ATH202508260,ATH,"Langeliers, Shea",langs001,1,0,1B,1B,1,single,1,0,0
2025-08-26,ATH202508260,ATH,"Rooker, Brent",rookb001,1,0,1B+2B,1B+2B,1,strikeout,1,0,0
2025-08-26,ATH202508260,ATH,"Soderstrom, Tyler",sodet001,1,1,1B+2B,2B+3B,0,strikeout,1,0,0
2025-08-26,ATH202508260,ATH,"Wilson, Jacob",wilsj006,1,2,2B+3B,2B+3B,1,home_run,1,0,0
2025-08-26,ATH202508260,ATH,"Thomas, Colby",thomc005,1,2,empty,empty,1,walk,1,3,0
2025-08-26,ATH202508260,ATH,"Butler, Lawrence",butll001,1,2,1B,1B,1,strikeout,1,3,0
2025-08-26,ATH202508260,ATH,"Hernaiz, Darell",hernd006,1,0,empty,empty,1,field_out,2,3,0
2025-08-26,ATH202508260,ATH,"Gelof, Zack",geloz001,1,1,empty,empty,1,strikeout,2,3,0
2025-08-26,ATH202508260,ATH,"Kurtz, Nick",kurtn001,2,2,empty,empty,1,field_out,2,3,0
2025-08-26,ATH202508260,ATH,"Langeliers, Shea",langs001,2,0,empty,empty,1,single,3,3,4
2025-08-26,ATH202508260,ATH,"Rooker, Brent",rookb001,2,0,1B,1B,1,single,3,3,4
2025-08-26,ATH202508260,ATH,"Soderstrom, Tyler",sodet001,2,0,1B+3B,1B+3B,1,single,3,3,4
2025-08-26,ATH202508260,ATH,"Wilson, Jacob",wilsj006,2,0,1B+3B,1B+3B,1,field_out,3,4,4
2025-08-26,ATH202508260,ATH,"Thomas, Colby",thomc005,2,1,1B,1B,1,field_out,3,5,4
2025-08-26,ATH202508260,ATH,"Butler, Lawrence",butll001,2,2,1B,2B,0,field_out,3,5,4
2025-08-26,ATH202508260,ATH,"Hernaiz, Darell",hernd006,2,0,empty,empty,1,field_out,4,5,4
2025-08-26,ATH202508260,ATH,"Gelof, Zack",geloz001,2,1,empty,empty,1,strikeout,4,5,4
2025-08-26,ATH202508260,ATH,"Kurtz, Nick",kurtn001,3,2,empty,empty,1,walk,4,5,4
2025-08-26,ATH202508260,ATH,"Langeliers, Shea",langs001,3,2,1B,1B,1,field_out,4,5,4
2025-08-26,ATH202508260,ATH,"Rooker, Brent",rookb001,3,0,empty,empty,1,double,5,5,5
2025-08-26,ATH202508260,ATH,"Soderstrom, Tyler",sodet001,3,0,2B,2B,1,strikeout,5,5,5
2025-08-26,ATH202508260,ATH,"Wilson, Jacob",wilsj006,3,1,2B,2B,1,field_out,5,5,5
2025-08-26,ATH202508260,ATH,"Thomas, Colby",thomc005,3,2,3B,3B,1,strikeout,5,5,5
2025-08-26,ATH202508260,ATH,"Butler, Lawrence",butll001,3,0,empty,empty,1,field_out,6,5,5
2025-08-26,ATH202508260,ATH,"Hernaiz, Darell",hernd006,3,1,empty,empty,1,single,6,5,5
2025-08-26,ATH202508260,ATH,"Gelof, Zack",geloz001,3,1,1B,1B,1,field_out,6,5,5
2025-08-26,ATH202508260,ATH,"Kurtz, Nick",kurtn001,4,2,2B,2B,1,strikeout,6,5,5
2025-08-26,ATH202508260,ATH,"Langeliers, Shea",langs001,4,0,empty,empty,1,field_out,7,5,5
2025-08-26,ATH202508260,ATH,"Rooker, Brent",rookb001,4,1,empty,empty,1,field_error,7,5,5
2025-08-26,ATH202508260,ATH,"Soderstrom, Tyler",sodet001,4,1,2B,2B,1,field_out,7,5,5
2025-08-26,ATH202508260,ATH,"Wilson, Jacob",wilsj006,4,2,3B,3B,1,field_out,7,5,5
2025-08-26,ATH202508260,ATH,"Thomas, Colby",thomc005,4,0,empty,empty,1,field_error,8,5,5
2025-08-26,ATH202508260,ATH,"Butler, Lawrence",butll001,4,0,1B,1B,1,grounded_into_double_play,8,5,5
2025-08-26,ATH202508260,ATH,"Hernaiz, Darell",hernd006,4,2,empty,empty,1,field_out,8,5,5
2025-08-26,ATH202508260,ATH,"Cortes, Carlos",cortc001,1,0,empty,empty,1,strikeout,9,5,5
2025-08-26,ATH202508260,ATH,"Kurtz, Nick",kurtn001,5,1,empty,empty,1,strikeout,9,5,5
2025-08-26,ATH202508260,ATH,"Langeliers, Shea",langs001,5,2,empty,empty,1,double,9,5,5
2025-08-26,ATH202508260,ATH,"Rooker, Brent",rookb001,5,2,2B,2B,1,strikeout,9,5,5
2025-08-26,ATH202508260,ATH,"Soderstrom, Tyler",sodet001,5,0,2B,2B,1,single,10,5,6
2025-08-26,ATH202508260,ATH,"Wilson, Jacob",wilsj006,5,0,2B,2B,1,walk,10,6,6
2025-08-26,ATH202508260,ATH,"Thomas, Colby",thomc005,5,0,1B+2B,1B+2B,1,sac_bunt,10,6,6
2025-08-26,ATH202508260,ATH,"Butler, Lawrence",butll001,5,1,2B+3B,2B+3B,1,walk,10,6,6
2025-08-26,ATH202508260,ATH,"Hernaiz, Darell",hernd006,5,1,1B+2B+3B,1B+2B+3B,1,walk,10,6,6
2025-08-27,ATH202508270,ATH,"Kurtz, Nick",kurtn001,1,0,empty,empty,1,single,1,0,0
2025-08-27,ATH202508270,ATH,"Langeliers, Shea",langs001,1,0,1B,1B,1,walk,1,0,0
2025-08-27,ATH202508270,ATH,"Rooker, Brent",rookb001,1,0,1B+2B,1B+2B,1,strikeout,1,0,0
2025-08-27,ATH202508270,ATH,"Soderstrom, Tyler",sodet001,1,1,1B+2B,1B+2B,1,single,1,0,0
2025-08-27,ATH202508270,ATH,"Butler, Lawrence",butll001,1,1,1B+2B,1B+2B,1,strikeout,1,1,0
2025-08-27,ATH202508270,ATH,"Hernaiz, Darell",hernd006,1,2,1B+2B,1B+2B,1,field_out,1,1,0
2025-08-27,ATH202508270,ATH,"Bleday, JJ",bledj001,1,0,empty,empty,1,strikeout,2,1,0
2025-08-27,ATH202508270,ATH,"Harris, Brett",harrb002,1,1,empty,empty,1,single,2,1,0
2025-08-27,ATH202508270,ATH,"Gelof, Zack",geloz001,1,1,1B,1B,1,home_run,2,1,0
2025-08-27,ATH202508270,ATH,"Kurtz, Nick",kurtn001,2,1,empty,empty,1,single,2,3,0
2025-08-27,ATH202508270,ATH,"Langeliers, Shea",langs001,2,1,1B,1B,1,double,2,3,0
2025-08-27,ATH202508270,ATH,"Rooker, Brent",rookb001,2,1,2B+3B,2B+3B,1,sac_fly,2,3,0
2025-08-27,ATH202508270,ATH,"Soderstrom, Tyler",sodet001,2,2,2B,2B,1,field_out,2,4,0
2025-08-27,ATH202508270,ATH,"Butler, Lawrence",butll001,2,0,empty,empty,1,field_out,3,4,0
2025-08-27,ATH202508270,ATH,"Hernaiz, Darell",hernd006,2,1,empty,empty,1,strikeout,3,4,0
2025-08-27,ATH202508270,ATH,"Bleday, JJ",bledj001,2,2,empty,empty,1,field_out,3,4,0
2025-08-27,ATH202508270,ATH,"Harris, Brett",harrb002,2,0,empty,empty,1,double,4,4,0
2025-08-27,ATH202508270,ATH,"Gelof, Zack",geloz001,2,0,2B,2B,1,field_error,4,4,0
2025-08-27,ATH202508270,ATH,"Kurtz, Nick",kurtn001,3,1,1B,empty,0,walk,4,5,0
2025-08-27,ATH202508270,ATH,"Langeliers, Shea",langs001,3,1,1B,1B,1,field_out,4,5,0
2025-08-27,ATH202508270,ATH,"Rooker, Brent",rookb001,3,2,1B,1B,1,walk,4,5,0
2025-08-27,ATH202508270,ATH,"Soderstrom, Tyler",sodet001,3,2,1B+2B,1B+2B,1,strikeout,4,5,0
2025-08-27,ATH202508270,ATH,"Butler, Lawrence",butll001,3,0,empty,empty,1,strikeout,5,5,0
2025-08-27,ATH202508270,ATH,"Hernaiz, Darell",hernd006,3,1,empty,empty,1,field_out,5,5,0
2025-08-27,ATH202508270,ATH,"Bleday, JJ",bledj001,3,2,empty,empty,1,field_out,5,5,0
2025-08-27,ATH202508270,ATH,"Harris, Brett",harrb002,3,0,empty,empty,1,field_out,6,5,0
2025-08-27,ATH202508270,ATH,"Gelof, Zack",geloz001,3,1,empty,empty,1,strikeout,6,5,0
2025-08-27,ATH202508270,ATH,"Kurtz, Nick",kurtn001,4,2,empty,empty,1,strikeout,6,5,0
2025-08-27,ATH202508270,ATH,"Langeliers, Shea",langs001,4,0,empty,empty,1,field_out,7,5,0
2025-08-27,ATH202508270,ATH,"Rooker, Brent",rookb001,4,1,empty,empty,1,single,7,5,0
2025-08-27,ATH202508270,ATH,"Soderstrom, Tyler",sodet001,4,1,1B,1B,1,grounded_into_double_play,7,5,0
2025-08-27,ATH202508270,ATH,"Butler, Lawrence",butll001,4,0,empty,empty,1,single,8,5,0
2025-08-27,ATH202508270,ATH,"Hernaiz, Darell",hernd006,4,1,1B,empty,0,single,8,5,0
2025-08-27,ATH202508270,ATH,"Bleday, JJ",bledj001,4,1,1B,1B,1,field_out,8,5,0
2025-08-27,ATH202508270,ATH,"Harris, Brett",harrb002,4,2,1B,1B,1,walk,8,5,0
2025-08-27,ATH202508270,ATH,"Gelof, Zack",geloz001,4,2,1B+2B,1B+3B,0,double,8,5,0
2025-08-27,ATH202508270,ATH,"Kurtz, Nick",kurtn001,5,2,2B,2B,1,strikeout,8,7,0
2025-08-29,ATH202508290,ATH,"Kurtz, Nick",kurtn001,1,0,empty,empty,1,strikeout,1,0,0
2025-08-29,ATH202508290,ATH,"Langeliers, Shea",langs001,1,1,empty,empty,1,field_out,1,0,0
2025-08-29,ATH202508290,ATH,"Rooker, Brent",rookb001,1,2,empty,empty,1,field_out,1,0,0
2025-08-29,ATH202508290,ATH,"Soderstrom, Tyler",sodet001,1,0,empty,empty,1,strikeout,2,0,2
2025-08-29,ATH202508290,ATH,"Wilson, Jacob",wilsj006,1,1,empty,empty,1,strikeout,2,0,2
2025-08-29,ATH202508290,ATH,"Thomas, Colby",thomc005,1,2,empty,empty,1,field_out,2,0,2
2025-08-29,ATH202508290,ATH,"Butler, Lawrence",butll001,1,0,empty,empty,1,single,3,0,2
2025-08-29,ATH202508290,ATH,"Hernaiz, Darell",hernd006,1,0,1B,1B,1,strikeout,3,0,2
2025-08-29,ATH202508290,ATH,"Gelof, Zack",geloz001,1,1,1B,1B,1,single,3,0,2
2025-08-29,ATH202508290,ATH,"Kurtz, Nick",kurtn001,2,1,1B+2B,1B+2B,1,walk,3,0,2
2025-08-29,ATH202508290,ATH,"Langeliers, Shea",langs001,2,1,1B+2B+3B,1B+2B+3B,1,field_out,3,0,2
2025-08-29,ATH202508290,ATH,"Rooker, Brent",rookb001,2,2,1B+2B+3B,1B+2B+3B,1,double,3,0,2
2025-08-29,ATH202508290,ATH,"Soderstrom, Tyler",sodet001,2,2,2B+3B,2B+3B,1,field_out,3,2,2
2025-08-29,ATH202508290,ATH,"Wilson, Jacob",wilsj006,2,0,empty,empty,1,single,4,2,2
2025-08-29,ATH202508290,ATH,"Thomas, Colby",thomc005,2,0,1B,1B,1,field_out,4,2,2
2025-08-29,ATH202508290,ATH,"Butler, Lawrence",butll001,2,1,1B,1B,1,single,4,2,2
2025-08-29,ATH202508290,ATH,"Hernaiz, Darell",hernd006,2,1,1B+2B,1B+2B,1,grounded_into_double_play,4,2,2
2025-08-29,ATH202508290,ATH,"Gelof, Zack",geloz001,2,0,empty,empty,1,strikeout,5,2,3
2025-08-29,ATH202508290,ATH,"Cortes, Carlos",cortc001,1,1,empty,empty,1,strikeout,5,2,3
2025-08-29,ATH202508290,ATH,"Langeliers, Shea",langs001,3,2,empty,empty,1,field_out,5,2,3
2025-08-29,ATH202508290,ATH,"Rooker, Brent",rookb001,3,0,empty,empty,1,walk,6,2,3
2025-08-29,ATH202508290,ATH,"Soderstrom, Tyler",sodet001,3,0,1B,1B,1,strikeout,6,2,3
2025-08-29,ATH202508290,ATH,"Wilson, Jacob",wilsj006,3,1,1B,1B,1,field_out,6,2,3
2025-08-29,ATH202508290,ATH,"Thomas, Colby",thomc005,3,2,1B,1B,1,field_out,6,2,3
2025-08-29,ATH202508290,ATH,"Butler, Lawrence",butll001,3,0,empty,empty,1,field_out,7,2,5
2025-08-29,ATH202508290,ATH,"Hernaiz, Darell",hernd006,3,1,empty,empty,1,strikeout,7,2,5
2025-08-29,ATH202508290,ATH,"Gelof, Zack",geloz001,3,2,empty,empty,1,field_out,7,2,5
2025-08-29,ATH202508290,ATH,"Harris, Brett",harrb002,1,0,empty,empty,1,field_out,8,2,5
2025-08-29,ATH202508290,ATH,"Langeliers, Shea",langs001,4,1,empty,empty,1,field_out,8,2,5
2025-08-29,ATH202508290,ATH,"Rooker, Brent",rookb001,4,2,empty,empty,1,field_out,8,2,5
2025-08-29,ATH202508290,ATH,"Soderstrom, Tyler",sodet001,4,0,empty,empty,1,field_out,9,2,5
2025-08-29,ATH202508290,ATH,"Wilson, Jacob",wilsj006,4,1,empty,empty,1,field_out,9,2,5
2025-08-29,ATH202508290,ATH,"Bleday, JJ",bledj001,1,2,empty,empty,1,walk,9,2,5
2025-08-29,ATH202508290,ATH,"Butler, Lawrence",butll001,4,2,1B,2B,0,field_out,9,2,5
2025-08-30,ATH202508300,ATH,"Butler, Lawrence",butll001,1,0,empty,empty,1,field_out,1,0,0
2025-08-30,ATH202508300,ATH,"Langeliers, Shea",langs001,1,1,empty,empty,1,field_out,1,0,0
2025-08-30,ATH202508300,ATH,"Rooker, Brent",rookb001,1,2,empty,empty,1,single,1,0,0
2025-08-30,ATH202508300,ATH,"Soderstrom, Tyler",sodet001,1,2,1B,1B,1,field_out,1,0,0
2025-08-30,ATH202508300,ATH,"Wilson, Jacob",wilsj006,1,0,empty,empty,1,field_out,2,0,3
2025-08-30,ATH202508300,ATH,"Bleday, JJ",bledj001,1,1,empty,empty,1,strikeout,2,0,3
2025-08-30,ATH202508300,ATH,"Cortes, Carlos",cortc001,1,2,empty,empty,1,double,2,0,3
2025-08-30,ATH202508300,ATH,"Hernaiz, Darell",hernd006,1,2,2B,2B,1,field_out,2,0,3
2025-08-30,ATH202508300,ATH,"Gelof, Zack",geloz001,1,0,empty,empty,1,field_out,3,0,4
2025-08-30,ATH202508300,ATH,"Butler, Lawrence",butll001,2,1,empty,empty,1,home_run,3,0,4
2025-08-30,ATH202508300,ATH,"Langeliers, Shea",langs001,2,1,empty,empty,1,field_out,3,1,4
2025-08-30,ATH202508300,ATH,"Rooker, Brent",rookb001,2,2,empty,empty,1,home_run,3,1,4
2025-08-30,ATH202508300,ATH,"Soderstrom, Tyler",sodet001,2,2,empty,empty,1,field_out,3,2,4
2025-08-30,ATH202508300,ATH,"Wilson, Jacob",wilsj006,2,0,empty,empty,1,field_out,4,2,4
2025-08-30,ATH202508300,ATH,"Bleday, JJ",bledj001,2,1,empty,empty,1,field_out,4,2,4
2025-08-30,ATH202508300,ATH,"Cortes, Carlos",cortc001,2,2,empty,empty,1,field_out,4,2,4
2025-08-30,ATH202508300,ATH,"Hernaiz, Darell",hernd006,2,0,empty,empty,1,field_out,5,2,5
2025-08-30,ATH202508300,ATH,"Gelof, Zack",geloz001,2,1,empty,empty,1,strikeout,5,2,5
2025-08-30,ATH202508300,ATH,"Butler, Lawrence",butll001,3,2,empty,empty,1,field_out,5,2,5
2025-08-30,ATH202508300,ATH,"Langeliers, Shea",langs001,3,0,empty,empty,1,field_out,6,2,5
2025-08-30,ATH202508300,ATH,"Rooker, Brent",rookb001,3,1,empty,empty,1,field_out,6,2,5
2025-08-30,ATH202508300,ATH,"Soderstrom, Tyler",sodet001,3,2,empty,empty,1,field_out,6,2,5
2025-08-30,ATH202508300,ATH,"Wilson, Jacob",wilsj006,3,0,empty,empty,1,single,7,2,7
2025-08-30,ATH202508300,ATH,"Bleday, JJ",bledj001,3,0,1B,1B,1,field_out,7,2,7
2025-08-30,ATH202508300,ATH,"Cortes, Carlos",cortc001,3,1,1B,1B,1,double,7,2,7
2025-08-30,ATH202508300,ATH,"Hernaiz, Darell",hernd006,3,1,2B,2B,1,field_out,7,3,7
2025-08-30,ATH202508300,ATH,"Gelof, Zack",geloz001,3,2,2B,2B,1,strikeout,7,3,7
2025-08-30,ATH202508300,ATH,"Butler, Lawrence",butll001,4,0,empty,empty,1,strikeout,8,3,7
2025-08-30,ATH202508300,ATH,"Langeliers, Shea",langs001,4,1,empty,empty,1,strikeout,8,3,7
2025-08-30,ATH202508300,ATH,"Rooker, Brent",rookb001,4,2,empty,empty,1,double,8,3,7
2025-08-30,ATH202508300,ATH,"Soderstrom, Tyler",sodet001,4,2,2B,2B,1,walk,8,3,7
2025-08-30,ATH202508300,ATH,"Wilson, Jacob",wilsj006,4,2,1B+2B,1B+2B,1,field_out,8,3,7
2025-08-30,ATH202508300,ATH,"Thomas, Colby",thomc005,1,0,empty,empty,1,single,9,3,9
2025-08-30,ATH202508300,ATH,"Harris, Brett",harrb002,1,0,1B,1B,1,field_out,9,3,9
2025-08-30,ATH202508300,ATH,"Hernaiz, Darell",hernd006,4,1,1B,1B,1,field_out,9,3,9
2025-08-30,ATH202508300,ATH,"Gelof, Zack",geloz001,4,2,1B,1B,1,strikeout,9,3,9
2025-08-31,ATH202508310,ATH,"Butler, Lawrence",butll001,1,0,empty,empty,1,field_out,1,0,2
2025-08-31,ATH202508310,ATH,"Wilson, Jacob",wilsj006,1,1,empty,empty,1,single,1,0,2
2025-08-31,ATH202508310,ATH,"Rooker, Brent",rookb001,1,1,1B,1B,1,field_out,1,0,2
2025-08-31,ATH202508310,ATH,"Soderstrom, Tyler",sodet001,1,2,1B,1B,1,field_out,1,0,2
2025-08-31,ATH202508310,ATH,"Cortes, Carlos",cortc001,1,0,empty,empty,1,strikeout,2,0,3
2025-08-31,ATH202508310,ATH,"Thomas, Colby",thomc005,1,1,empty,empty,1,strikeout,2,0,3
2025-08-31,ATH202508310,ATH,"MacIver, Willie",maciw001,1,2,empty,empty,1,field_out,2,0,3
2025-08-31,ATH202508310,ATH,"Harris, Brett",harrb002,1,0,empty,empty,1,strikeout,3,0,3
2025-08-31,ATH202508310,ATH,"Gelof, Zack",geloz001,1,1,empty,empty,1,field_out,3,0,3
2025-08-31,ATH202508310,ATH,"Butler, Lawrence",butll001,2,2,empty,empty,1,walk,3,0,3
2025-08-31,ATH202508310,ATH,"Wilson, Jacob",wilsj006,2,2,1B,1B,1,single,3,0,3
2025-08-31,ATH202508310,ATH,"Rooker, Brent",rookb001,2,2,1B+2B,1B+2B,1,field_out,3,0,3
2025-08-31,ATH202508310,ATH,"Soderstrom, Tyler",sodet001,2,0,empty,empty,1,field_out,4,0,3
2025-08-31,ATH202508310,ATH,"Cortes, Carlos",cortc001,2,1,empty,empty,1,strikeout,4,0,3
2025-08-31,ATH202508310,ATH,"Thomas, Colby",thomc005,2,2,empty,empty,1,field_out,4,0,3
2025-08-31,ATH202508310,ATH,"MacIver, Willie",maciw001,2,0,empty,empty,1,strikeout,5,0,5
2025-08-31,ATH202508310,ATH,"Harris, Brett",harrb002,2,1,empty,empty,1,field_out,5,0,5
2025-08-31,ATH202508310,ATH,"Gelof, Zack",geloz001,2,2,empty,empty,1,strikeout,5,0,5
2025-08-31,ATH202508310,ATH,"Butler, Lawrence",butll001,3,0,empty,empty,1,strikeout,6,0,5
2025-08-31,ATH202508310,ATH,"Wilson, Jacob",wilsj006,3,1,empty,empty,1,field_out,6,0,5
2025-08-31,ATH202508310,ATH,"Rooker, Brent",rookb001,3,2,empty,empty,1,field_out,6,0,5
2025-08-31,ATH202508310,ATH,"Soderstrom, Tyler",sodet001,3,0,empty,empty,1,field_out,7,0,7
2025-08-31,ATH202508310,ATH,"Cortes, Carlos",cortc001,3,1,empty,empty,1,strikeout,7,0,7
2025-08-31,ATH202508310,ATH,"Thomas, Colby",thomc005,3,2,empty,empty,1,field_out,7,0,7
2025-08-31,ATH202508310,ATH,"MacIver, Willie",maciw001,3,0,empty,empty,1,strikeout,8,0,8
2025-08-31,ATH202508310,ATH,"Harris, Brett",harrb002,3,1,empty,empty,1,single,8,0,8
2025-08-31,ATH202508310,ATH,"Gelof, Zack",geloz001,3,1,1B,1B,1,single,8,0,8
2025-08-31,ATH202508310,ATH,"Butler, Lawrence",butll001,4,1,1B+2B,1B+2B,1,single,8,0,8
2025-08-31,ATH202508310,ATH,"Wilson, Jacob",wilsj006,4,1,1B+2B+3B,1B+2B+3B,1,double,8,0,8
2025-08-31,ATH202508310,ATH,"Rooker, Brent",rookb001,4,1,2B+3B,2B+3B,1,field_out,8,2,8
2025-08-31,ATH202508310,ATH,"Soderstrom, Tyler",sodet001,4,2,3B,3B,1,double,8,3,8
2025-08-31,ATH202508310,ATH,"Cortes, Carlos",cortc001,4,2,2B,2B,1,double,8,4,8
2025-08-31,ATH202508310,ATH,"Thomas, Colby",thomc005,4,2,2B,2B,1,field_out,8,5,8
2025-08-31,ATH202508310,ATH,"MacIver, Willie",maciw001,4,0,empty,empty,1,strikeout,9,5,9
2025-08-31,ATH202508310,ATH,"Bleday, JJ",bledj001,1,1,empty,empty,1,walk,9,5,9
2025-08-31,ATH202508310,ATH,"Gelof, Zack",geloz001,4,1,1B,1B,1,strikeout,9,5,9
2025-08-31,ATH202508310,ATH,"Butler, Lawrence",butll001,5,2,1B,2B,0,double,9,5,9
2025-08-31,ATH202508310,ATH,"Wilson, Jacob",wilsj006,5,2,2B,2B,1,field_out,9,6,9
2025-09-01,SLN202509010,ATH,"Butler, Lawrence",butll001,1,0,empty,empty,1,walk,1,0,0
2025-09-01,SLN202509010,ATH,"Wilson, Jacob",wilsj006,1,0,1B,1B,1,single,1,0,0
2025-09-01,SLN202509010,ATH,"Rooker, Brent",rookb001,1,0,1B+2B,1B+2B,1,field_out,1,0,0
2025-09-01,SLN202509010,ATH,"Soderstrom, Tyler",sodet001,1,1,1B+2B,1B+2B,1,strikeout,1,0,0
2025-09-01,SLN202509010,ATH,"Hernaiz, Darell",hernd006,1,2,1B+2B,1B+2B,1,walk,1,0,0
2025-09-01,SLN202509010,ATH,"Thomas, Colby",thomc005,1,2,1B+2B+3B,1B+2B+3B,1,field_out,1,0,0
2025-09-01,SLN202509010,ATH,"Bleday, JJ",bledj001,1,0,empty,empty,1,strikeout,2,0,0
2025-09-01,SLN202509010,ATH,"Gelof, Zack",geloz001,1,1,empty,empty,1,strikeout,2,0,0
2025-09-01,SLN202509010,ATH,"MacIver, Willie",maciw001,1,2,empty,empty,1,field_out,2,0,0
2025-09-01,SLN202509010,ATH,"Butler, Lawrence",butll001,2,0,empty,empty,1,field_out,3,0,0
2025-09-01,SLN202509010,ATH,"Wilson, Jacob",wilsj006,2,1,empty,empty,1,field_out,3,0,0
2025-09-01,SLN202509010,ATH,"Rooker, Brent",rookb001,2,2,empty,empty,1,strikeout,3,0,0
2025-09-01,SLN202509010,ATH,"Soderstrom, Tyler",sodet001,2,0,empty,empty,1,field_out,4,0,0
2025-09-01,SLN202509010,ATH,"Hernaiz, Darell",hernd006,2,1,empty,empty,1,single,4,0,0
2025-09-01,SLN202509010,ATH,"Thomas, Colby",thomc005,2,1,1B,2B,0,field_out,4,0,0
2025-09-01,SLN202509010,ATH,"Bleday, JJ",bledj001,2,2,2B,2B,1,home_run,4,0,0
2025-09-01,SLN202509010,ATH,"Gelof, Zack",geloz001,2,2,empty,empty,1,home_run,4,2,0
2025-09-01,SLN202509010,ATH,"MacIver, Willie",maciw001,2,2,empty,empty,1,field_out,4,3,0
2025-09-01,SLN202509010,ATH,"Butler, Lawrence",butll001,3,0,empty,empty,1,single,5,3,1
2025-09-01,SLN202509010,ATH,"Wilson, Jacob",wilsj006,3,0,1B,1B,1,sac_bunt,5,3,1
2025-09-01,SLN202509010,ATH,"Rooker, Brent",rookb001,3,1,2B,2B,1,field_out,5,3,1
2025-09-01,SLN202509010,ATH,"Soderstrom, Tyler",sodet001,3,2,3B,3B,1,field_out,5,3,1
2025-09-01,SLN202509010,ATH,"Hernaiz, Darell",hernd006,3,0,empty,empty,1,double,6,3,1
2025-09-01,SLN202509010,ATH,"Thomas, Colby",thomc005,3,0,2B,2B,1,single,6,3,1
2025-09-01,SLN202509010,ATH,"Bleday, JJ",bledj001,3,1,empty,empty,1,home_run,6,4,1
2025-09-01,SLN202509010,ATH,"Gelof, Zack",geloz001,3,1,empty,empty,1,single,6,5,1
2025-09-01,SLN202509010,ATH,"MacIver, Willie",maciw001,3,1,1B,1B,1,strikeout,6,5,1
2025-09-01,SLN202509010,ATH,"Butler, Lawrence",butll001,4,0,1B,empty,0,walk,7,5,2
2025-09-01,SLN202509010,ATH,"Wilson, Jacob",wilsj006,4,0,1B,1B,1,single,7,5,2
2025-09-01,SLN202509010,ATH,"Rooker, Brent",rookb001,4,0,1B+3B,1B+3B,1,double,7,5,2
2025-09-01,SLN202509010,ATH,"Soderstrom, Tyler",sodet001,4,0,2B+3B,2B+3B,1,single,7,6,2
2025-09-01,SLN202509010,ATH,"Hernaiz, Darell",hernd006,4,0,1B+3B,1B+3B,1,field_out,7,7,2
2025-09-01,SLN202509010,ATH,"Thomas, Colby",thomc005,4,1,1B+3B,1B+3B,1,grounded_into_double_play,7,7,2
2025-09-01,SLN202509010,ATH,"Bleday, JJ",bledj001,4,0,empty,empty,1,single,8,7,2
2025-09-01,SLN202509010,ATH,"Gelof, Zack",geloz001,4,0,1B,1B,1,double,8,7,2
2025-09-01,SLN202509010,ATH,"MacIver, Willie",maciw001,4,0,2B+3B,2B+3B,1,field_out,8,7,2
2025-09-01,SLN202509010,ATH,"Butler, Lawrence",butll001,5,1,2B,2B,1,single,8,8,2
2025-09-01,SLN202509010,ATH,"Wilson, Jacob",wilsj006,5,1,1B,1B,1,double,8,9,2
2025-09-01,SLN202509010,ATH,"Rooker, Brent",rookb001,5,1,2B+3B,2B+3B,1,field_out,8,9,2
2025-09-01,SLN202509010,ATH,"Soderstrom, Tyler",sodet001,5,2,2B+3B,2B+3B,1,double,8,9,2
2025-09-01,SLN202509010,ATH,"Hernaiz, Darell",hernd006,5,2,2B,2B,1,field_out,8,11,2
2025-09-01,SLN202509010,ATH,"Thomas, Colby",thomc005,5,0,empty,empty,1,field_out,9,11,2
2025-09-01,SLN202509010,ATH,"Bleday, JJ",bledj001,5,1,empty,empty,1,field_out,9,11,2
2025-09-01,SLN202509010,ATH,"Gelof, Zack",geloz001,5,2,empty,empty,1,strikeout,9,11,2
2025-09-02,SLN202509020,ATH,"Kurtz, Nick",kurtn001,1,0,empty,empty,1,field_out,1,0,0
2025-09-02,SLN202509020,ATH,"Wilson, Jacob",wilsj006,1,1,empty,empty,1,field_out,1,0,0
2025-09-02,SLN202509020,ATH,"Rooker, Brent",rookb001,1,2,empty,empty,1,field_out,1,0,0
2025-09-02,SLN202509020,ATH,"Soderstrom, Tyler",sodet001,1,0,empty,empty,1,field_out,2,0,0
2025-09-02,SLN202509020,ATH,"Langeliers, Shea",langs001,1,1,empty,empty,1,double,2,0,0
2025-09-02,SLN202509020,ATH,"Butler, Lawrence",butll001,1,1,2B,2B,1,field_out,2,0,0
2025-09-02,SLN202509020,ATH,"Gelof, Zack",geloz001,1,2,2B,2B,1,field_out,2,0,0
2025-09-02,SLN202509020,ATH,"Bleday, JJ",bledj001,1,0,empty,empty,1,double,3,0,0
2025-09-02,SLN202509020,ATH,"Hernaiz, Darell",hernd006,1,0,3B,3B,1,field_out,3,0,0
2025-09-02,SLN202509020,ATH,"Kurtz, Nick",kurtn001,2,1,3B,3B,1,double,3,0,0
2025-09-02,SLN202509020,ATH,"Wilson, Jacob",wilsj006,2,1,2B,2B,1,field_out,3,1,0
2025-09-02,SLN202509020,ATH,"Rooker, Brent",rookb001,2,2,2B,2B,1,field_out,3,1,0
2025-09-02,SLN202509020,ATH,"Soderstrom, Tyler",sodet001,2,0,empty,empty,1,single,4,1,0
2025-09-02,SLN202509020,ATH,"Langeliers, Shea",langs001,2,0,1B,1B,1,field_out,4,1,0
2025-09-02,SLN202509020,ATH,"Butler, Lawrence",butll001,2,1,1B,1B,1,grounded_into_double_play,4,1,0
2025-09-02,SLN202509020,ATH,"Gelof, Zack",geloz001,2,0,empty,empty,1,double,5,1,0
2025-09-02,SLN202509020,ATH,"Bleday, JJ",bledj001,2,0,2B,2B,1,field_out,5,1,0
2025-09-02,SLN202509020,ATH,"Hernaiz, Darell",hernd006,2,1,2B,2B,1,field_out,5,1,0
2025-09-02,SLN202509020,ATH,"Kurtz, Nick",kurtn001,3,2,3B,3B,1,intent_walk,5,1,0
2025-09-02,SLN202509020,ATH,"Wilson, Jacob",wilsj006,3,2,1B+3B,1B+3B,1,field_out,5,1,0
2025-09-02,SLN202509020,ATH,"Rooker, Brent",rookb001,3,0,empty,empty,1,field_out,6,1,0
2025-09-02,SLN202509020,ATH,"Soderstrom, Tyler",sodet001,3,1,empty,empty,1,field_out,6,1,0
2025-09-02,SLN202509020,ATH,"Langeliers, Shea",langs001,3,2,empty,empty,1,field_out,6,1,0
2025-09-02,SLN202509020,ATH,"Butler, Lawrence",butll001,3,0,empty,empty,1,strikeout,7,1,2
2025-09-02,SLN202509020,ATH,"Gelof, Zack",geloz001,3,1,empty,empty,1,field_out,7,1,2
2025-09-02,SLN202509020,ATH,"Bleday, JJ",bledj001,3,2,empty,empty,1,field_out,7,1,2
2025-09-02,SLN202509020,ATH,"Cortes, Carlos",cortc001,1,0,empty,empty,1,field_out,8,1,2
2025-09-02,SLN202509020,ATH,"Kurtz, Nick",kurtn001,4,1,empty,empty,1,strikeout,8,1,2
2025-09-02,SLN202509020,ATH,"Wilson, Jacob",wilsj006,4,2,empty,empty,1,walk,8,1,2
2025-09-02,SLN202509020,ATH,"Rooker, Brent",rookb001,4,2,1B,1B,1,field_out,8,1,2
2025-09-02,SLN202509020,ATH,"Soderstrom, Tyler",sodet001,4,0,empty,empty,1,field_out,9,1,2
2025-09-02,SLN202509020,ATH,"Langeliers, Shea",langs001,4,1,empty,empty,1,strikeout,9,1,2
2025-09-02,SLN202509020,ATH,"Thomas, Colby",thomc005,1,2,empty,empty,1,field_out,9,1,2
2025-09-03,SLN202509030,ATH,"Langeliers, Shea",langs001,1,0,empty,empty,1,field_out,1,0,0
2025-09-03,SLN202509030,ATH,"Wilson, Jacob",wilsj006,1,1,empty,empty,1,field_out,1,0,0
2025-09-03,SLN202509030,ATH,"Kurtz, Nick",kurtn001,1,2,empty,empty,1,strikeout,1,0,0
2025-09-03,SLN202509030,ATH,"Rooker, Brent",rookb001,1,0,empty,empty,1,double,2,0,0
2025-09-03,SLN202509030,ATH,"Thomas, Colby",thomc005,1,0,2B,2B,1,field_out,2,0,0
2025-09-03,SLN202509030,ATH,"Gelof, Zack",geloz001,1,1,2B,2B,1,strikeout,2,0,0
2025-09-03,SLN202509030,ATH,"Hernaiz, Darell",hernd006,1,2,2B,2B,1,walk,2,0,0
2025-09-03,SLN202509030,ATH,"Butler, Lawrence",butll001,1,2,1B+2B,1B+2B,1,strikeout,2,0,0
2025-09-03,SLN202509030,ATH,"MacIver, Willie",maciw001,1,0,empty,empty,1,field_out,3,0,0
2025-09-03,SLN202509030,ATH,"Langeliers, Shea",langs001,2,1,empty,empty,1,strikeout,3,0,0
2025-09-03,SLN202509030,ATH,"Wilson, Jacob",wilsj006,2,2,empty,empty,1,single,3,0,0
2025-09-03,SLN202509030,ATH,"Kurtz, Nick",kurtn001,2,2,1B,1B,1,strikeout,3,0,0
2025-09-03,SLN202509030,ATH,"Rooker, Brent",rookb001,2,0,empty,empty,1,single,4,0,2
2025-09-03,SLN202509030,ATH,"Thomas, Colby",thomc005,2,0,1B,1B,1,field_out,4,0,2
2025-09-03,SLN202509030,ATH,"Gelof, Zack",geloz001,2,1,1B,2B,0,strikeout,4,0,2
2025-09-03,SLN202509030,ATH,"Hernaiz, Darell",hernd006,2,2,2B,2B,1,field_out,4,0,2
2025-09-03,SLN202509030,ATH,"Butler, Lawrence",butll001,2,0,empty,empty,1,strikeout,5,0,2
2025-09-03,SLN202509030,ATH,"MacIver, Willie",maciw001,2,1,empty,empty,1,field_out,5,0,2
2025-09-03,SLN202509030,ATH,"Langeliers, Shea",langs001,3,2,empty,empty,1,single,5,0,2
2025-09-03,SLN202509030,ATH,"Wilson, Jacob",wilsj006,3,2,1B,1B,1,field_out,5,0,2
2025-09-03,SLN202509030,ATH,"Kurtz, Nick",kurtn001,3,0,empty,empty,1,field_out,6,0,2
2025-09-03,SLN202509030,ATH,"Rooker, Brent",rookb001,3,1,empty,empty,1,strikeout,6,0,2
2025-09-03,SLN202509030,ATH,"Soderstrom, Tyler",sodet001,1,2,empty,empty,1,strikeout,6,0,2
2025-09-03,SLN202509030,ATH,"Gelof, Zack",geloz001,3,0,empty,empty,1,field_out,7,0,2
2025-09-03,SLN202509030,ATH,"Hernaiz, Darell",hernd006,3,1,empty,empty,1,walk,7,0,2
2025-09-03,SLN202509030,ATH,"Butler, Lawrence",butll001,3,1,1B,1B,1,single,7,0,2
2025-09-03,SLN202509030,ATH,"Cortes, Carlos",cortc001,1,1,1B+2B,1B+2B,1,field_out,7,0,2
2025-09-03,SLN202509030,ATH,"Langeliers, Shea",langs001,4,2,1B+3B,1B+3B,1,field_out,7,0,2
2025-09-03,SLN202509030,ATH,"Wilson, Jacob",wilsj006,4,0,empty,empty,1,field_out,8,0,3
2025-09-03,SLN202509030,ATH,"Kurtz, Nick",kurtn001,4,1,empty,empty,1,home_run,8,0,3
2025-09-03,SLN202509030,ATH,"Rooker, Brent",rookb001,4,1,empty,empty,1,double,8,1,3
2025-09-03,SLN202509030,ATH,"Soderstrom, Tyler",sodet001,2,1,2B,2B,1,single,8,1,3
2025-09-03,SLN202509030,ATH,"Gelof, Zack",geloz001,4,1,1B+3B,1B+3B,1,strikeout,8,1,3
2025-09-03,SLN202509030,ATH,"Hernaiz, Darell",hernd006,4,2,1B+3B,1B+3B,1,field_out,8,1,3
2025-09-03,SLN202509030,ATH,"Butler, Lawrence",butll001,4,0,empty,empty,1,single,9,1,5
2025-09-03,SLN202509030,ATH,"Harris, Brett",harrb002,1,0,1B,1B,1,grounded_into_double_play,9,1,5
2025-09-03,SLN202509030,ATH,"Langeliers, Shea",langs001,5,2,empty,empty,1,field_out,9,1,5
2025-09-05,ANA202509050,ATH,"Kurtz, Nick",kurtn001,1,0,empty,empty,1,walk,1,0,0
2025-09-05,ANA202509050,ATH,"Langeliers, Shea",langs001,1,0,1B,1B,1,walk,1,0,0
2025-09-05,ANA202509050,ATH,"Rooker, Brent",rookb001,1,0,1B+2B,1B+2B,1,walk,1,0,0
2025-09-05,ANA202509050,ATH,"Soderstrom, Tyler",sodet001,1,0,1B+2B+3B,1B+2B+3B,1,grounded_into_double_play,1,0,0
2025-09-05,ANA202509050,ATH,"Wilson, Jacob",wilsj006,1,2,3B,3B,1,single,1,1,0
2025-09-05,ANA202509050,ATH,"Butler, Lawrence",butll001,1,2,1B,1B,1,strikeout,1,2,0
2025-09-05,ANA202509050,ATH,"Gelof, Zack",geloz001,1,0,empty,empty,1,walk,2,2,4
2025-09-05,ANA202509050,ATH,"Bleday, JJ",bledj001,1,0,1B,1B,1,strikeout,2,2,4
2025-09-05,ANA202509050,ATH,"Hernaiz, Darell",hernd006,1,1,1B,1B,1,strikeout,2,2,4
2025-09-05,ANA202509050,ATH,"Kurtz, Nick",kurtn001,2,2,1B,1B,1,strikeout,2,2,4
2025-09-05,ANA202509050,ATH,"Langeliers, Shea",langs001,2,0,empty,empty,1,single,3,2,4
2025-09-05,ANA202509050,ATH,"Rooker, Brent",rookb001,2,0,1B,1B,1,field_out,3,2,4
2025-09-05,ANA202509050,ATH,"Soderstrom, Tyler",sodet001,2,1,1B,1B,1,single,3,2,4
2025-09-05,ANA202509050,ATH,"Wilson, Jacob",wilsj006,2,1,1B+2B,1B+2B,1,walk,3,2,4
2025-09-05,ANA202509050,ATH,"Butler, Lawrence",butll001,2,1,1B+2B+3B,1B+2B+3B,1,fielders_choice,3,2,4
2025-09-05,ANA202509050,ATH,"Gelof, Zack",geloz001,2,1,1B+2B+3B,1B+2B+3B,1,single,3,3,4
2025-09-05,ANA202509050,ATH,"Bleday, JJ",bledj001,2,1,1B+2B+3B,2B+3B,0,home_run,3,5,4
2025-09-05,ANA202509050,ATH,"Hernaiz, Darell",hernd006,2,1,empty,empty,1,single,3,8,4
2025-09-05,ANA202509050,ATH,"Kurtz, Nick",kurtn001,3,1,1B,2B,0,walk,3,8,4
2025-09-05,ANA202509050,ATH,"Langeliers, Shea",langs001,3,1,1B+2B,1B+2B,1,walk,3,8,4
2025-09-05,ANA202509050,ATH,"Rooker, Brent",rookb001,3,1,1B+2B+3B,1B+2B+3B,1,hit_by_pitch,3,8,4
2025-09-05,ANA202509050,ATH,"Soderstrom, Tyler",sodet001,3,1,1B+2B+3B,1B+2B+3B,1,strikeout,3,9,4
2025-09-05,ANA202509050,ATH,"Wilson, Jacob",wilsj006,3,2,1B+2B+3B,1B+2B+3B,1,field_out,3,9,4
2025-09-05,ANA202509050,ATH,"Butler, Lawrence",butll001,3,0,empty,empty,1,single,4,9,4
2025-09-05,ANA202509050,ATH,"Gelof, Zack",geloz001,3,0,1B,1B,1,strikeout,4,9,4
2025-09-05,ANA202509050,ATH,"Bleday, JJ",bledj001,3,1,1B,1B,1,strikeout,4,9,4
2025-09-05,ANA202509050,ATH,"Hernaiz, Darell",hernd006,3,2,1B,1B,1,field_out,4,9,4
2025-09-05,ANA202509050,ATH,"Kurtz, Nick",kurtn001,4,0,empty,empty,1,strikeout,5,9,4
2025-09-05,ANA202509050,ATH,"Langeliers, Shea",langs001,4,1,empty,empty,1,field_out,5,9,4
2025-09-05,ANA202509050,ATH,"Rooker, Brent",rookb001,4,2,empty,empty,1,field_out,5,9,4
2025-09-05,ANA202509050,ATH,"Soderstrom, Tyler",sodet001,4,0,empty,empty,1,field_out,6,9,4
2025-09-05,ANA202509050,ATH,"Wilson, Jacob",wilsj006,4,1,empty,empty,1,field_out,6,9,4
2025-09-05,ANA202509050,ATH,"Butler, Lawrence",butll001,4,2,empty,empty,1,strikeout,6,9,4
2025-09-05,ANA202509050,ATH,"Gelof, Zack",geloz001,4,0,empty,empty,1,field_error,7,9,4
2025-09-05,ANA202509050,ATH,"Bleday, JJ",bledj001,4,0,1B,1B,1,strikeout,7,9,4
2025-09-05,ANA202509050,ATH,"Hernaiz, Darell",hernd006,4,1,1B,1B,1,single,7,9,4
2025-09-05,ANA202509050,ATH,"Kurtz, Nick",kurtn001,5,1,1B+2B,1B+2B,1,field_out,7,9,4
2025-09-05,ANA202509050,ATH,"Langeliers, Shea",langs001,5,2,2B+3B,2B+3B,1,field_out,7,9,4
2025-09-05,ANA202509050,ATH,"Rooker, Brent",rookb001,5,0,empty,empty,1,field_out,8,9,4
2025-09-05,ANA202509050,ATH,"Soderstrom, Tyler",sodet001,5,1,empty,empty,1,strikeout,8,9,4
2025-09-05,ANA202509050,ATH,"Wilson, Jacob",wilsj006,5,2,empty,empty,1,field_out,8,9,4
2025-09-05,ANA202509050,ATH,"Butler, Lawrence",butll001,5,0,empty,empty,1,home_run,9,9,4
2025-09-05,ANA202509050,ATH,"Gelof, Zack",geloz001,5,0,empty,empty,1,strikeout,9,10,4
2025-09-05,ANA202509050,ATH,"Thomas, Colby",thomc005,1,1,empty,empty,1,walk,9,10,4
2025-09-05,ANA202509050,ATH,"Hernaiz, Darell",hernd006,5,1,1B,2B,0,field_out,9,10,4
2025-09-05,ANA202509050,ATH,"Kurtz, Nick",kurtn001,6,2,3B,3B,1,strikeout,9,10,4
2025-09-06,ANA202509060,ATH,"Langeliers, Shea",langs001,1,0,empty,empty,1,strikeout,1,0,0
2025-09-06,ANA202509060,ATH,"Rooker, Brent",rookb001,1,1,empty,empty,1,field_out,1,0,0
2025-09-06,ANA202509060,ATH,"Kurtz, Nick",kurtn001,1,2,empty,empty,1,walk,1,0,0
2025-09-06,ANA202509060,ATH,"Thomas, Colby",thomc005,1,2,1B,1B,1,walk,1,0,0
2025-09-06,ANA202509060,ATH,"Wilson, Jacob",wilsj006,1,2,1B+2B,1B+2B,1,single,1,0,0
2025-09-06,ANA202509060,ATH,"Soderstrom, Tyler",sodet001,1,2,1B+2B+3B,1B+2B+3B,1,double,1,0,0
2025-09-06,ANA202509060,ATH,"Hernaiz, Darell",hernd006,1,2,2B,2B,1,field_out,1,3,0
2025-09-06,ANA202509060,ATH,"Gelof, Zack",geloz001,1,0,empty,empty,1,field_out,2,3,0
2025-09-06,ANA202509060,ATH,"Butler, Lawrence",butll001,1,1,empty,empty,1,field_out,2,3,0
2025-09-06,ANA202509060,ATH,"Langeliers, Shea",langs001,2,2,empty,empty,1,double,2,3,0
2025-09-06,ANA202509060,ATH,"Rooker, Brent",rookb001,2,2,2B,2B,1,double,2,3,0
2025-09-06,ANA202509060,ATH,"Kurtz, Nick",kurtn001,2,2,2B,2B,1,walk,2,4,0
2025-09-06,ANA202509060,ATH,"Thomas, Colby",thomc005,2,2,1B+2B,1B+2B,1,home_run,2,4,0
2025-09-06,ANA202509060,ATH,"Wilson, Jacob",wilsj006,2,2,empty,empty,1,single,2,7,0
2025-09-06,ANA202509060,ATH,"Soderstrom, Tyler",sodet001,2,2,1B,1B,1,hit_by_pitch,2,7,0
2025-09-06,ANA202509060,ATH,"Hernaiz, Darell",hernd006,2,2,1B+2B,1B+2B,1,field_out,2,7,0
2025-09-06,ANA202509060,ATH,"Gelof, Zack",geloz001,2,0,empty,empty,1,strikeout,3,7,0
2025-09-06,ANA202509060,ATH,"Butler, Lawrence",butll001,2,1,empty,empty,1,field_out,3,7,0
2025-09-06,ANA202509060,ATH,"Langeliers, Shea",langs001,3,2,empty,empty,1,walk,3,7,0
2025-09-06,ANA202509060,ATH,"Rooker, Brent",rookb001,3,2,1B,2B,0,field_out,3,7,0
2025-09-06,ANA202509060,ATH,"Kurtz, Nick",kurtn001,3,0,empty,empty,1,home_run,4,7,1
2025-09-06,ANA202509060,ATH,"Thomas, Colby",thomc005,3,0,empty,empty,1,strikeout,4,8,1
2025-09-06,ANA202509060,ATH,"Wilson, Jacob",wilsj006,3,1,empty,empty,1,strikeout,4,8,1
2025-09-06,ANA202509060,ATH,"Soderstrom, Tyler",sodet001,3,2,empty,empty,1,single,4,8,1
2025-09-06,ANA202509060,ATH,"Hernaiz, Darell",hernd006,3,2,1B,2B,0,walk,4,8,1
2025-09-06,ANA202509060,ATH,"Gelof, Zack",geloz001,3,2,1B+2B,1B+2B,1,field_out,4,8,1
2025-09-06,ANA202509060,ATH,"Butler, Lawrence",butll001,3,0,empty,empty,1,walk,5,8,1
2025-09-06,ANA202509060,ATH,"Langeliers, Shea",langs001,4,0,1B,1B,1,field_out,5,8,1
2025-09-06,ANA202509060,ATH,"Rooker, Brent",rookb001,4,1,1B,1B,1,strikeout,5,8,1
2025-09-06,ANA202509060,ATH,"Kurtz, Nick",kurtn001,4,2,1B,1B,1,strikeout,5,8,1
2025-09-06,ANA202509060,ATH,"Thomas, Colby",thomc005,4,0,empty,empty,1,field_error,6,8,1
2025-09-06,ANA202509060,ATH,"Wilson, Jacob",wilsj006,4,0,2B,2B,1,single,6,8,1
2025-09-06,ANA202509060,ATH,"Soderstrom, Tyler",sodet001,4,0,1B+3B,1B+3B,1,field_out,6,8,1
2025-09-06,ANA202509060,ATH,"Hernaiz, Darell",hernd006,4,1,2B,2B,1,field_out,6,9,1
2025-09-06,ANA202509060,ATH,"Gelof, Zack",geloz001,4,2,2B,2B,1,strikeout,6,9,1
2025-09-06,ANA202509060,ATH,"Butler, Lawrence",butll001,4,0,empty,empty,1,field_out,7,9,1
2025-09-06,ANA202509060,ATH,"Langeliers, Shea",langs001,5,1,empty,empty,1,field_out,7,9,1
2025-09-06,ANA202509060,ATH,"Rooker, Brent",rookb001,5,2,empty,empty,1,field_out,7,9,1
2025-09-06,ANA202509060,ATH,"Kurtz, Nick",kurtn001,5,0,empty,empty,1,strikeout,8,9,1
2025-09-06,ANA202509060,ATH,"Thomas, Colby",thomc005,5,1,empty,empty,1,single,8,9,1
2025-09-06,ANA202509060,ATH,"Schuemann, Max",schum002,1,1,1B,1B,1,single,8,9,1
2025-09-06,ANA202509060,ATH,"Cortes, Carlos",cortc001,1,1,1B+2B,1B+2B,1,home_run,8,9,1
2025-09-06,ANA202509060,ATH,"Hernaiz, Darell",hernd006,5,1,empty,empty,1,single,8,12,1
2025-09-06,ANA202509060,ATH,"Gelof, Zack",geloz001,5,1,1B,1B,1,single,8,12,1
2025-09-06,ANA202509060,ATH,"Bleday, JJ",bledj001,1,1,1B+2B,1B+2B,1,single,8,12,1
2025-09-06,ANA202509060,ATH,"Langeliers, Shea",langs001,6,1,1B+2B+3B,1B+2B+3B,1,single,8,12,1
2025-09-06,ANA202509060,ATH,"Rooker, Brent",rookb001,6,1,1B+2B,1B+2B,1,field_out,8,14,1
2025-09-06,ANA202509060,ATH,"Harris, Brett",harrb002,1,2,1B+2B,1B+2B,1,single,8,14,1
2025-09-06,ANA202509060,ATH,"Thomas, Colby",thomc005,6,2,1B+2B+3B,1B+2B+3B,1,field_out,8,14,1
2025-09-06,ANA202509060,ATH,"Schuemann, Max",schum002,2,0,empty,empty,1,field_out,9,14,3
2025-09-06,ANA202509060,ATH,"Cortes, Carlos",cortc001,2,1,empty,empty,1,double,9,14,3
2025-09-06,ANA202509060,ATH,"Hernaiz, Darell",hernd006,6,1,2B,2B,1,field_out,9,14,3
2025-09-06,ANA202509060,ATH,"Gelof, Zack",geloz001,6,2,2B,2B,1,single,9,14,3
2025-09-06,ANA202509060,ATH,"Bleday, JJ",bledj001,2,2,1B+3B,1B+3B,1,home_run,9,14,3
2025-09-06,ANA202509060,ATH,"Langeliers, Shea",langs001,7,2,empty,empty,1,single,9,17,3
2025-09-06,ANA202509060,ATH,"Rooker, Brent",rookb001,7,2,1B,1B,1,field_out,9,17,3
2025-09-07,ANA202509070,ATH,"Kurtz, Nick",kurtn001,1,0,empty,empty,1,field_out,1,0,0
2025-09-07,ANA202509070,ATH,"Rooker, Brent",rookb001,1,1,empty,empty,1,field_out,1,0,0
2025-09-07,ANA202509070,ATH,"Thomas, Colby",thomc005,1,2,empty,empty,1,field_out,1,0,0
2025-09-07,ANA202509070,ATH,"Soderstrom, Tyler",sodet001,1,0,empty,empty,1,single,2,0,2
2025-09-07,ANA202509070,ATH,"Wilson, Jacob",wilsj006,1,0,1B,1B,1,field_out,2,0,2
2025-09-07,ANA202509070,ATH,"Gelof, Zack",geloz001,1,1,1B,1B,1,field_out,2,0,2
2025-09-07,ANA202509070,ATH,"Butler, Lawrence",butll001,1,2,1B,2B,0,strikeout,2,0,2
2025-09-07,ANA202509070,ATH,"Harris, Brett",harrb002,1,0,empty,empty,1,field_out,3,0,2
2025-09-07,ANA202509070,ATH,"MacIver, Willie",maciw001,1,1,empty,empty,1,home_run,3,0,2
2025-09-07,ANA202509070,ATH,"Kurtz, Nick",kurtn001,2,1,empty,empty,1,strikeout,3,1,2
2025-09-07,ANA202509070,ATH,"Rooker, Brent",rookb001,2,2,empty,empty,1,field_out,3,1,2
2025-09-07,ANA202509070,ATH,"Thomas, Colby",thomc005,2,0,empty,empty,1,field_out,4,1,2
2025-09-07,ANA202509070,ATH,"Soderstrom, Tyler",sodet001,2,1,empty,empty,1,walk,4,1,2
2025-09-07,ANA202509070,ATH,"Wilson, Jacob",wilsj006,2,1,1B,1B,1,field_out,4,1,2
2025-09-07,ANA202509070,ATH,"Gelof, Zack",geloz001,2,2,1B,1B,1,strikeout,4,1,2
2025-09-07,ANA202509070,ATH,"Butler, Lawrence",butll001,2,0,empty,empty,1,strikeout,5,1,3
2025-09-07,ANA202509070,ATH,"Harris, Brett",harrb002,2,1,empty,empty,1,field_out,5,1,3
2025-09-07,ANA202509070,ATH,"MacIver, Willie",maciw001,2,2,empty,empty,1,field_out,5,1,3
2025-09-07,ANA202509070,ATH,"Kurtz, Nick",kurtn001,3,0,empty,empty,1,field_out,6,1,3
2025-09-07,ANA202509070,ATH,"Rooker, Brent",rookb001,3,1,empty,empty,1,field_out,6,1,3
2025-09-07,ANA202509070,ATH,"Thomas, Colby",thomc005,3,2,empty,empty,1,field_out,6,1,3
2025-09-07,ANA202509070,ATH,"Soderstrom, Tyler",sodet001,3,0,empty,empty,1,home_run,7,1,3
2025-09-07,ANA202509070,ATH,"Wilson, Jacob",wilsj006,3,0,empty,empty,1,field_out,7,2,3
2025-09-07,ANA202509070,ATH,"Gelof, Zack",geloz001,3,1,empty,empty,1,walk,7,2,3
2025-09-07,ANA202509070,ATH,"Butler, Lawrence",butll001,3,1,1B,1B,1,single,7,2,3
2025-09-07,ANA202509070,ATH,"Cortes, Carlos",cortc001,1,1,1B+2B,1B+2B,1,grounded_into_double_play,7,2,3
2025-09-07,ANA202509070,ATH,"MacIver, Willie",maciw001,3,0,empty,empty,1,field_out,8,2,3
2025-09-07,ANA202509070,ATH,"Kurtz, Nick",kurtn001,4,1,empty,empty,1,single,8,2,3
2025-09-07,ANA202509070,ATH,"Rooker, Brent",rookb001,4,1,1B,1B,1,single,8,2,3
2025-09-07,ANA202509070,ATH,"Thomas, Colby",thomc005,4,1,1B+3B,1B+3B,1,sac_fly,8,2,3
2025-09-07,ANA202509070,ATH,"Soderstrom, Tyler",sodet001,4,2,2B,2B,1,field_out,8,3,3
2025-09-07,ANA202509070,ATH,"Wilson, Jacob",wilsj006,4,0,empty,empty,1,field_out,9,3,4
2025-09-07,ANA202509070,ATH,"Bleday, JJ",bledj001,1,1,empty,empty,1,field_out,9,3,4
2025-09-07,ANA202509070,ATH,"Butler, Lawrence",butll001,4,2,empty,empty,1,field_out,9,3,4
2025-09-08,ATH202509080,ATH,"Langeliers, Shea",langs001,1,0,empty,empty,1,strikeout,1,0,1
2025-09-08,ATH202509080,ATH,"Rooker, Brent",rookb001,1,1,empty,empty,1,field_out,1,0,1
2025-09-08,ATH202509080,ATH,"Kurtz, Nick",kurtn001,1,2,empty,empty,1,strikeout,1,0,1
2025-09-08,ATH202509080,ATH,"Thomas, Colby",thomc005,1,0,empty,empty,1,strikeout,2,0,3
2025-09-08,ATH202509080,ATH,"Wilson, Jacob",wilsj006,1,1,empty,empty,1,single,2,0,3
2025-09-08,ATH202509080,ATH,"Soderstrom, Tyler",sodet001,1,1,1B,1B,1,strikeout,2,0,3
2025-09-08,ATH202509080,ATH,"Hernaiz, Darell",hernd006,1,2,1B,1B,1,field_out,2,0,3
2025-09-08,ATH202509080,ATH,"Gelof, Zack",geloz001,1,0,empty,empty,1,strikeout,3,0,3
2025-09-08,ATH202509080,ATH,"Schuemann, Max",schum002,1,1,empty,empty,1,single,3,0,3
2025-09-08,ATH202509080,ATH,"Langeliers, Shea",langs001,2,1,1B,1B,1,field_out,3,0,3
2025-09-08,ATH202509080,ATH,"Rooker, Brent",rookb001,2,2,1B,1B,1,field_out,3,0,3
2025-09-08,ATH202509080,ATH,"Kurtz, Nick",kurtn001,2,0,empty,empty,1,field_out,4,0,3
2025-09-08,ATH202509080,ATH,"Thomas, Colby",thomc005,2,1,empty,empty,1,strikeout,4,0,3
2025-09-08,ATH202509080,ATH,"Wilson, Jacob",wilsj006,2,2,empty,empty,1,field_out,4,0,3
2025-09-08,ATH202509080,ATH,"Soderstrom, Tyler",sodet001,2,0,empty,empty,1,strikeout,5,0,5
2025-09-08,ATH202509080,ATH,"Hernaiz, Darell",hernd006,2,1,empty,empty,1,double,5,0,5
2025-09-08,ATH202509080,ATH,"Gelof, Zack",geloz001,2,1,2B,2B,1,field_out,5,0,5
2025-09-08,ATH202509080,ATH,"Schuemann, Max",schum002,2,2,3B,3B,1,field_out,5,0,5
2025-09-08,ATH202509080,ATH,"Langeliers, Shea",langs001,3,0,empty,empty,1,field_out,6,0,5
2025-09-08,ATH202509080,ATH,"Rooker, Brent",rookb001,3,1,empty,empty,1,strikeout,6,0,5
2025-09-08,ATH202509080,ATH,"Kurtz, Nick",kurtn001,3,2,empty,empty,1,field_out,6,0,5
2025-09-08,ATH202509080,ATH,"Thomas, Colby",thomc005,3,0,empty,empty,1,field_out,7,0,5
2025-09-08,ATH202509080,ATH,"Wilson, Jacob",wilsj006,3,1,empty,empty,1,strikeout,7,0,5
2025-09-08,ATH202509080,ATH,"Soderstrom, Tyler",sodet001,3,2,empty,empty,1,strikeout,7,0,5
2025-09-08,ATH202509080,ATH,"Hernaiz, Darell",hernd006,3,0,empty,empty,1,field_out,8,0,7
2025-09-08,ATH202509080,ATH,"Gelof, Zack",geloz001,3,1,empty,empty,1,field_out,8,0,7
2025-09-08,ATH202509080,ATH,"Schuemann, Max",schum002,3,2,empty,empty,1,field_out,8,0,7
2025-09-08,ATH202509080,ATH,"Langeliers, Shea",langs001,4,0,empty,empty,1,field_out,9,0,7
2025-09-08,ATH202509080,ATH,"Rooker, Brent",rookb001,4,1,empty,empty,1,field_out,9,0,7
2025-09-08,ATH202509080,ATH,"Kurtz, Nick",kurtn001,4,2,empty,empty,1,field_out,9,0,7
2025-09-09,ATH202509090,ATH,"Langeliers, Shea",langs001,1,0,empty,empty,1,field_out,1,0,4
2025-09-09,ATH202509090,ATH,"Rooker, Brent",rookb001,1,1,empty,empty,1,field_out,1,0,4
2025-09-09,ATH202509090,ATH,"Kurtz, Nick",kurtn001,1,2,empty,empty,1,strikeout,1,0,4
2025-09-09,ATH202509090,ATH,"Thomas, Colby",thomc005,1,0,empty,empty,1,strikeout,2,0,5
2025-09-09,ATH202509090,ATH,"Wilson, Jacob",wilsj006,1,1,empty,empty,1,strikeout,2,0,5
2025-09-09,ATH202509090,ATH,"Soderstrom, Tyler",sodet001,1,2,empty,empty,1,strikeout,2,0,5
2025-09-09,ATH202509090,ATH,"Hernaiz, Darell",hernd006,1,0,empty,empty,1,field_out,3,0,5
2025-09-09,ATH202509090,ATH,"Butler, Lawrence",butll001,1,1,empty,empty,1,strikeout,3,0,5
2025-09-09,ATH202509090,ATH,"Gelof, Zack",geloz001,1,2,empty,empty,1,single,3,0,5
2025-09-09,ATH202509090,ATH,"Langeliers, Shea",langs001,2,2,1B,1B,1,single,3,0,5
2025-09-09,ATH202509090,ATH,"Rooker, Brent",rookb001,2,2,1B+2B,1B+2B,1,strikeout,3,0,5
2025-09-09,ATH202509090,ATH,"Kurtz, Nick",kurtn001,2,0,empty,empty,1,single,4,0,5
2025-09-09,ATH202509090,ATH,"Thomas, Colby",thomc005,2,0,1B,1B,1,strikeout,4,0,5
2025-09-09,ATH202509090,ATH,"Wilson, Jacob",wilsj006,2,1,1B,1B,1,single,4,0,5
2025-09-09,ATH202509090,ATH,"Soderstrom, Tyler",sodet001,2,1,1B+2B,1B+2B,1,single,4,0,5
2025-09-09,ATH202509090,ATH,"Hernaiz, Darell",hernd006,2,1,1B+2B+3B,1B+2B+3B,1,strikeout,4,0,5
2025-09-09,ATH202509090,ATH,"Butler, Lawrence",butll001,2,2,1B+2B+3B,1B+2B+3B,1,strikeout,4,0,5
2025-09-09,ATH202509090,ATH,"Gelof, Zack",geloz001,2,0,empty,empty,1,walk,5,0,5
2025-09-09,ATH202509090,ATH,"Langeliers, Shea",langs001,3,0,1B,1B,1,strikeout,5,0,5
2025-09-09,ATH202509090,ATH,"Rooker, Brent",rookb001,3,1,2B,2B,1,strikeout,5,0,5
2025-09-09,ATH202509090,ATH,"Kurtz, Nick",kurtn001,3,2,2B,2B,1,field_out,5,0,5
2025-09-09,ATH202509090,ATH,"Thomas, Colby",thomc005,3,0,empty,empty,1,field_out,6,0,5
2025-09-09,ATH202509090,ATH,"Wilson, Jacob",wilsj006,3,1,empty,empty,1,single,6,0,5
2025-09-09,ATH202509090,ATH,"Soderstrom, Tyler",sodet001,3,1,1B,1B,1,grounded_into_double_play,6,0,5
2025-09-09,ATH202509090,ATH,"Hernaiz, Darell",hernd006,3,0,empty,empty,1,field_out,7,0,5
2025-09-09,ATH202509090,ATH,"Butler, Lawrence",butll001,3,1,empty,empty,1,single,7,0,5
2025-09-09,ATH202509090,ATH,"Gelof, Zack",geloz001,3,1,1B,1B,1,single,7,0,5
2025-09-09,ATH202509090,ATH,"Langeliers, Shea",langs001,4,1,1B+2B,1B+2B,1,strikeout,7,0,5
2025-09-09,ATH202509090,ATH,"Rooker, Brent",rookb001,4,2,1B+2B,1B+2B,1,field_out,7,0,5
2025-09-09,ATH202509090,ATH,"Kurtz, Nick",kurtn001,4,0,empty,empty,1,field_out,8,0,6
2025-09-09,ATH202509090,ATH,"Thomas, Colby",thomc005,4,1,empty,empty,1,field_out,8,0,6
2025-09-09,ATH202509090,ATH,"Wilson, Jacob",wilsj006,4,2,empty,empty,1,double,8,0,6
2025-09-09,ATH202509090,ATH,"Soderstrom, Tyler",sodet001,4,2,2B,2B,1,field_out,8,0,6
2025-09-09,ATH202509090,ATH,"Hernaiz, Darell",hernd006,4,0,empty,empty,1,walk,9,0,6
2025-09-09,ATH202509090,ATH,"Butler, Lawrence",butll001,4,0,1B,1B,1,field_out,9,0,6
2025-09-09,ATH202509090,ATH,"Gelof, Zack",geloz001,4,1,1B,1B,1,strikeout,9,0,6
2025-09-09,ATH202509090,ATH,"Langeliers, Shea",langs001,5,2,1B,1B,1,single,9,0,6
2025-09-09,ATH202509090,ATH,"Rooker, Brent",rookb001,5,2,1B+2B,1B+2B,1,field_out,9,0,6
2025-09-10,ATH202509100,ATH,"Wilson, Jacob",wilsj006,1,0,empty,empty,1,field_out,1,0,0
2025-09-10,ATH202509100,ATH,"Langeliers, Shea",langs001,1,1,empty,empty,1,home_run,1,0,0
2025-09-10,ATH202509100,ATH,"Rooker, Brent",rookb001,1,1,empty,empty,1,single,1,1,0
2025-09-10,ATH202509100,ATH,"Thomas, Colby",thomc005,1,1,1B,1B,1,field_out,1,1,0
2025-09-10,ATH202509100,ATH,"Hernaiz, Darell",hernd006,1,2,1B,1B,1,field_out,1,1,0
2025-09-10,ATH202509100,ATH,"Kurtz, Nick",kurtn001,1,0,empty,empty,1,home_run,2,1,1
2025-09-10,ATH202509100,ATH,"Gelof, Zack",geloz001,1,0,empty,empty,1,strikeout,2,2,1
2025-09-10,ATH202509100,ATH,"MacIver, Willie",maciw001,1,1,empty,empty,1,strikeout,2,2,1
2025-09-10,ATH202509100,ATH,"Bleday, JJ",bledj001,1,2,empty,empty,1,field_out,2,2,1
2025-09-10,ATH202509100,ATH,"Wilson, Jacob",wilsj006,2,0,empty,empty,1,hit_by_pitch,3,2,2
2025-09-10,ATH202509100,ATH,"Langeliers, Shea",langs001,2,0,1B,1B,1,walk,3,2,2
2025-09-10,ATH202509100,ATH,"Rooker, Brent",rookb001,2,0,1B+2B,1B+2B,1,strikeout,3,2,2
2025-09-10,ATH202509100,ATH,"Thomas, Colby",thomc005,2,1,1B+2B,1B+2B,1,strikeout,3,2,2
2025-09-10,ATH202509100,ATH,"Hernaiz, Darell",hernd006,2,2,1B+2B,1B+2B,1,field_out,3,2,2
2025-09-10,ATH202509100,ATH,"Kurtz, Nick",kurtn001,2,0,empty,empty,1,single,4,2,3
2025-09-10,ATH202509100,ATH,"Gelof, Zack",geloz001,2,0,1B,1B,1,strikeout,4,2,3
2025-09-10,ATH202509100,ATH,"MacIver, Willie",maciw001,2,1,1B,2B,0,strikeout,4,2,3
2025-09-10,ATH202509100,ATH,"Bleday, JJ",bledj001,2,2,2B,2B,1,strikeout,4,2,3
2025-09-10,ATH202509100,ATH,"Wilson, Jacob",wilsj006,3,0,empty,empty,1,single,5,2,3
2025-09-10,ATH202509100,ATH,"Langeliers, Shea",langs001,3,0,1B,1B,1,field_out,5,2,3
2025-09-10,ATH202509100,ATH,"Rooker, Brent",rookb001,3,1,1B,1B,1,double,5,2,3
2025-09-10,ATH202509100,ATH,"Butler, Lawrence",butll001,1,1,2B+3B,2B+3B,1,walk,5,2,3
2025-09-10,ATH202509100,ATH,"Soderstrom, Tyler",sodet001,1,1,1B+2B+3B,1B+2B+3B,1,double,5,2,3
2025-09-10,ATH202509100,ATH,"Kurtz, Nick",kurtn001,3,2,2B,2B,1,field_out,5,4,3
2025-09-10,ATH202509100,ATH,"Gelof, Zack",geloz001,3,0,empty,empty,1,field_out,6,4,3
2025-09-10,ATH202509100,ATH,"MacIver, Willie",maciw001,3,1,empty,empty,1,field_out,6,4,3
2025-09-10,ATH202509100,ATH,"Bleday, JJ",bledj001,3,2,empty,empty,1,single,6,4,3
2025-09-10,ATH202509100,ATH,"Wilson, Jacob",wilsj006,4,2,1B,1B,1,field_out,6,4,3
2025-09-10,ATH202509100,ATH,"Langeliers, Shea",langs001,4,0,empty,empty,1,field_out,7,4,3
2025-09-10,ATH202509100,ATH,"Rooker, Brent",rookb001,4,1,empty,empty,1,double,7,4,3
2025-09-10,ATH202509100,ATH,"Butler, Lawrence",butll001,2,1,2B,2B,1,strikeout,7,4,3
2025-09-10,ATH202509100,ATH,"Harris, Brett",harrb002,1,2,2B,2B,1,strikeout,7,4,3
2025-09-10,ATH202509100,ATH,"Kurtz, Nick",kurtn001,4,0,empty,empty,1,field_out,8,4,3
2025-09-10,ATH202509100,ATH,"Gelof, Zack",geloz001,4,1,empty,empty,1,single,8,4,3
2025-09-10,ATH202509100,ATH,"MacIver, Willie",maciw001,4,1,1B,1B,1,hit_by_pitch,8,4,3
2025-09-10,ATH202509100,ATH,"Bleday, JJ",bledj001,4,1,1B+2B,1B+2B,1,field_out,8,4,3
2025-09-10,ATH202509100,ATH,"Wilson, Jacob",wilsj006,5,2,1B+3B,1B+3B,1,field_out,8,4,3
2025-09-10,ATH202509100,ATH,"Langeliers, Shea",langs001,5,0,empty,empty,1,double,9,4,4
2025-09-10,ATH202509100,ATH,"Rooker, Brent",rookb001,5,0,2B,2B,1,field_out,9,4,4
2025-09-10,ATH202509100,ATH,"Butler, Lawrence",butll001,3,1,3B,3B,1,single,9,4,4
2025-09-12,ATH202509120,ATH,"Butler, Lawrence",butll001,1,0,empty,empty,1,home_run,1,0,0
2025-09-12,ATH202509120,ATH,"Langeliers, Shea",langs001,1,0,empty,empty,1,field_out,1,1,0
2025-09-12,ATH202509120,ATH,"Kurtz, Nick",kurtn001,1,1,empty,empty,1,strikeout,1,1,0
2025-09-12,ATH202509120,ATH,"Rooker, Brent",rookb001,1,2,empty,empty,1,field_out,1,1,0
2025-09-12,ATH202509120,ATH,"Wilson, Jacob",wilsj006,1,0,empty,empty,1,field_out,2,1,0
2025-09-12,ATH202509120,ATH,"Bleday, JJ",bledj001,1,1,empty,empty,1,field_out,2,1,0
2025-09-12,ATH202509120,ATH,"Hernaiz, Darell",hernd006,1,2,empty,empty,1,field_out,2,1,0
2025-09-12,ATH202509120,ATH,"Cortes, Carlos",cortc001,1,0,empty,empty,1,home_run,3,1,0
2025-09-12,ATH202509120,ATH,"Gelof, Zack",geloz001,1,0,empty,empty,1,field_out,3,2,0
2025-09-12,ATH202509120,ATH,"Butler, Lawrence",butll001,2,1,empty,empty,1,field_out,3,2,0
2025-09-12,ATH202509120,ATH,"Langeliers, Shea",langs001,2,2,empty,empty,1,strikeout,3,2,0
2025-09-12,ATH202509120,ATH,"Kurtz, Nick",kurtn001,2,0,empty,empty,1,field_out,4,2,0
2025-09-12,ATH202509120,ATH,"Rooker, Brent",rookb001,2,1,empty,empty,1,single,4,2,0
2025-09-12,ATH202509120,ATH,"Wilson, Jacob",wilsj006,2,1,1B,1B,1,field_out,4,2,0
2025-09-12,ATH202509120,ATH,"Bleday, JJ",bledj001,2,2,1B,1B,1,walk,4,2,0
2025-09-12,ATH202509120,ATH,"Hernaiz, Darell",hernd006,2,2,1B+2B,1B+2B,1,field_out,4,2,0
2025-09-12,ATH202509120,ATH,"Cortes, Carlos",cortc001,2,0,empty,empty,1,field_out,5,2,0
2025-09-12,ATH202509120,ATH,"Gelof, Zack",geloz001,2,1,empty,empty,1,strikeout,5,2,0
2025-09-12,ATH202509120,ATH,"Butler, Lawrence",butll001,3,2,empty,empty,1,strikeout,5,2,0
2025-09-12,ATH202509120,ATH,"Langeliers, Shea",langs001,3,0,empty,empty,1,field_out,6,2,0
2025-09-12,ATH202509120,ATH,"Kurtz, Nick",kurtn001,3,1,empty,empty,1,field_out,6,2,0
2025-09-12,ATH202509120,ATH,"Rooker, Brent",rookb001,3,2,empty,empty,1,field_out,6,2,0
2025-09-12,ATH202509120,ATH,"Wilson, Jacob",wilsj006,3,0,empty,empty,1,field_out,7,2,0
2025-09-12,ATH202509120,ATH,"Bleday, JJ",bledj001,3,1,empty,empty,1,strikeout,7,2,0
2025-09-12,ATH202509120,ATH,"Hernaiz, Darell",hernd006,3,2,empty,empty,1,field_out,7,2,0
2025-09-12,ATH202509120,ATH,"Cortes, Carlos",cortc001,3,0,empty,empty,1,home_run,8,2,0
2025-09-12,ATH202509120,ATH,"Gelof, Zack",geloz001,3,0,empty,empty,1,field_out,8,3,0
2025-09-12,ATH202509120,ATH,"Butler, Lawrence",butll001,4,1,empty,empty,1,single,8,3,0
2025-09-12,ATH202509120,ATH,"Langeliers, Shea",langs001,4,1,1B,1B,1,single,8,3,0
2025-09-12,ATH202509120,ATH,"Kurtz, Nick",kurtn001,4,1,1B+2B,1B+2B,1,field_out,8,3,0
2025-09-12,ATH202509120,ATH,"Rooker, Brent",rookb001,4,2,1B+3B,1B+3B,1,field_out,8,3,0
2025-09-13,ATH202509130,ATH,"Butler, Lawrence",butll001,1,0,empty,empty,1,walk,1,0,0
2025-09-13,ATH202509130,ATH,"Langeliers, Shea",langs001,1,0,1B,1B,1,strikeout_double_play,1,0,0
2025-09-13,ATH202509130,ATH,"Kurtz, Nick",kurtn001,1,2,empty,empty,1,strikeout,1,0,0
2025-09-13,ATH202509130,ATH,"Rooker, Brent",rookb001,1,0,empty,empty,1,home_run,2,0,2
2025-09-13,ATH202509130,ATH,"Wilson, Jacob",wilsj006,1,0,empty,empty,1,field_out,2,1,2
2025-09-13,ATH202509130,ATH,"Bleday, JJ",bledj001,1,1,empty,empty,1,field_out,2,1,2
2025-09-13,ATH202509130,ATH,"Hernaiz, Darell",hernd006,1,2,empty,empty,1,walk,2,1,2
2025-09-13,ATH202509130,ATH,"Cortes, Carlos",cortc001,1,2,1B,1B,1,home_run,2,1,2
2025-09-13,ATH202509130,ATH,"Gelof, Zack",geloz001,1,2,empty,empty,1,field_out,2,3,2
2025-09-13,ATH202509130,ATH,"Butler, Lawrence",butll001,2,0,empty,empty,1,single,3,3,2
2025-09-13,ATH202509130,ATH,"Langeliers, Shea",langs001,2,0,1B,2B,0,walk,3,3,2
2025-09-13,ATH202509130,ATH,"Kurtz, Nick",kurtn001,2,0,1B+2B,1B+2B,1,strikeout,3,3,2
2025-09-13,ATH202509130,ATH,"Rooker, Brent",rookb001,2,1,1B+2B,3B,0,walk,3,4,2
2025-09-13,ATH202509130,ATH,"Wilson, Jacob",wilsj006,2,1,1B+3B,1B+3B,1,double,3,4,2
2025-09-13,ATH202509130,ATH,"Bleday, JJ",bledj001,2,1,2B+3B,2B+3B,1,strikeout,3,5,2
2025-09-13,ATH202509130,ATH,"Hernaiz, Darell",hernd006,2,2,2B+3B,2B+3B,1,field_out,3,5,2
2025-09-13,ATH202509130,ATH,"Cortes, Carlos",cortc001,2,0,empty,empty,1,field_out,4,5,5
2025-09-13,ATH202509130,ATH,"Gelof, Zack",geloz001,2,1,empty,empty,1,walk,4,5,5
2025-09-13,ATH202509130,ATH,"Butler, Lawrence",butll001,3,1,1B,1B,1,field_out,4,5,5
2025-09-13,ATH202509130,ATH,"Langeliers, Shea",langs001,3,2,1B,2B,0,hit_by_pitch,4,5,5
2025-09-13,ATH202509130,ATH,"Kurtz, Nick",kurtn001,3,2,1B+2B,1B+2B,1,field_out,4,5,5
2025-09-13,ATH202509130,ATH,"Rooker, Brent",rookb001,3,0,empty,empty,1,field_out,5,5,5
2025-09-13,ATH202509130,ATH,"Wilson, Jacob",wilsj006,3,1,empty,empty,1,field_out,5,5,5
2025-09-13,ATH202509130,ATH,"Bleday, JJ",bledj001,3,2,empty,empty,1,strikeout,5,5,5
2025-09-13,ATH202509130,ATH,"Hernaiz, Darell",hernd006,3,0,empty,empty,1,single,6,5,5
2025-09-13,ATH202509130,ATH,"Cortes, Carlos",cortc001,3,0,1B,1B,1,field_out,6,5,5
2025-09-13,ATH202509130,ATH,"Gelof, Zack",geloz001,3,1,2B,2B,1,strikeout,6,5,5
2025-09-13,ATH202509130,ATH,"Butler, Lawrence",butll001,4,2,2B,2B,1,strikeout,6,5,5
2025-09-13,ATH202509130,ATH,"Langeliers, Shea",langs001,4,0,empty,empty,1,double,7,5,5
2025-09-13,ATH202509130,ATH,"Kurtz, Nick",kurtn001,4,0,2B,2B,1,field_out,7,5,5
2025-09-13,ATH202509130,ATH,"Rooker, Brent",rookb001,4,1,3B,3B,1,walk,7,5,5
2025-09-13,ATH202509130,ATH,"Wilson, Jacob",wilsj006,4,1,1B+3B,1B+3B,1,double,7,5,5
2025-09-13,ATH202509130,ATH,"Bleday, JJ",bledj001,4,2,3B,3B,1,strikeout,7,6,5
2025-09-13,ATH202509130,ATH,"Hernaiz, Darell",hernd006,4,0,empty,empty,1,single,8,6,5
2025-09-13,ATH202509130,ATH,"Cortes, Carlos",cortc001,4,0,1B,1B,1,single,8,6,5
2025-09-13,ATH202509130,ATH,"Gelof, Zack",geloz001,4,0,1B+2B,1B+2B,1,sac_bunt,8,6,5
2025-09-13,ATH202509130,ATH,"Butler, Lawrence",butll001,5,1,2B+3B,2B+3B,1,single,8,6,5
2025-09-13,ATH202509130,ATH,"Langeliers, Shea",langs001,5,1,1B+3B,1B+3B,1,walk,8,7,5
2025-09-13,ATH202509130,ATH,"Kurtz, Nick",kurtn001,5,1,1B+2B+3B,1B+2B+3B,1,home_run,8,7,5
2025-09-13,ATH202509130,ATH,"Rooker, Brent",rookb001,5,1,empty,empty,1,single,8,11,5
2025-09-13,ATH202509130,ATH,"Wilson, Jacob",wilsj006,5,1,1B,1B,1,field_out,8,11,5
2025-09-13,ATH202509130,ATH,"Bleday, JJ",bledj001,5,2,1B,1B,1,field_out,8,11,5
2025-09-14,ATH202509140,ATH,"Langeliers, Shea",langs001,1,0,empty,empty,1,strikeout,1,0,1
2025-09-14,ATH202509140,ATH,"Wilson, Jacob",wilsj006,1,1,empty,empty,1,field_out,1,0,1
2025-09-14,ATH202509140,ATH,"Kurtz, Nick",kurtn001,1,2,empty,empty,1,field_out,1,0,1
2025-09-14,ATH202509140,ATH,"Rooker, Brent",rookb001,1,0,empty,empty,1,field_out,2,0,3
2025-09-14,ATH202509140,ATH,"Thomas, Colby",thomc005,1,1,empty,empty,1,field_out,2,0,3
2025-09-14,ATH202509140,ATH,"Hernaiz, Darell",hernd006,1,2,empty,empty,1,field_out,2,0,3
2025-09-14,ATH202509140,ATH,"Harris, Brett",harrb002,1,0,empty,empty,1,single,3,0,3
2025-09-14,ATH202509140,ATH,"MacIver, Willie",maciw001,1,0,1B,1B,1,strikeout,3,0,3
2025-09-14,ATH202509140,ATH,"Schuemann, Max",schum002,1,1,1B,1B,1,field_out,3,0,3
2025-09-14,ATH202509140,ATH,"Langeliers, Shea",langs001,2,2,1B,1B,1,field_out,3,0,3
2025-09-14,ATH202509140,ATH,"Wilson, Jacob",wilsj006,2,0,empty,empty,1,home_run,4,0,3
2025-09-14,ATH202509140,ATH,"Kurtz, Nick",kurtn001,2,0,empty,empty,1,field_out,4,1,3
2025-09-14,ATH202509140,ATH,"Rooker, Brent",rookb001,2,1,empty,empty,1,field_out,4,1,3
2025-09-14,ATH202509140,ATH,"Thomas, Colby",thomc005,2,2,empty,empty,1,home_run,4,1,3
2025-09-14,ATH202509140,ATH,"Hernaiz, Darell",hernd006,2,2,empty,empty,1,single,4,2,3
2025-09-14,ATH202509140,ATH,"Harris, Brett",harrb002,2,2,1B,1B,1,single,4,2,3
2025-09-14,ATH202509140,ATH,"MacIver, Willie",maciw001,2,2,1B+2B,1B+2B,1,strikeout,4,2,3
2025-09-14,ATH202509140,ATH,"Schuemann, Max",schum002,2,0,empty,empty,1,field_out,5,2,3
2025-09-14,ATH202509140,ATH,"Langeliers, Shea",langs001,3,1,empty,empty,1,strikeout,5,2,3
2025-09-14,ATH202509140,ATH,"Wilson, Jacob",wilsj006,3,2,empty,empty,1,hit_by_pitch,5,2,3
2025-09-14,ATH202509140,ATH,"Kurtz, Nick",kurtn001,3,2,1B,1B,1,home_run,5,2,3
2025-09-14,ATH202509140,ATH,"Rooker, Brent",rookb001,3,2,empty,empty,1,strikeout,5,4,3
2025-09-14,ATH202509140,ATH,"Thomas, Colby",thomc005,3,0,empty,empty,1,single,6,4,3
2025-09-14,ATH202509140,ATH,"Hernaiz, Darell",hernd006,3,0,1B,1B,1,sac_bunt,6,4,3
2025-09-14,ATH202509140,ATH,"Harris, Brett",harrb002,3,1,2B,2B,1,double,6,4,3
2025-09-14,ATH202509140,ATH,"MacIver, Willie",maciw001,3,1,2B,2B,1,field_out,6,5,3
2025-09-14,ATH202509140,ATH,"Butler, Lawrence",butll001,1,2,2B,2B,1,strikeout,6,5,3
2025-09-14,ATH202509140,ATH,"Langeliers, Shea",langs001,4,0,empty,empty,1,field_out,7,5,3
2025-09-14,ATH202509140,ATH,"Wilson, Jacob",wilsj006,4,1,empty,empty,1,field_out,7,5,3
2025-09-14,ATH202509140,ATH,"Kurtz, Nick",kurtn001,4,2,empty,empty,1,walk,7,5,3
2025-09-14,ATH202509140,ATH,"Rooker, Brent",rookb001,4,2,1B,1B,1,home_run,7,5,3
2025-09-14,ATH202509140,ATH,"Thomas, Colby",thomc005,4,2,empty,empty,1,single,7,7,3
2025-09-14,ATH202509140,ATH,"Hernaiz, Darell",hernd006,4,2,1B,1B,1,field_out,7,7,3
2025-09-14,ATH202509140,ATH,"Cortes, Carlos",cortc001,1,0,empty,empty,1,field_out,8,7,4
2025-09-14,ATH202509140,ATH,"MacIver, Willie",maciw001,4,1,empty,empty,1,strikeout,8,7,4
2025-09-14,ATH202509140,ATH,"Butler, Lawrence",butll001,2,2,empty,empty,1,field_out,8,7,4
2025-09-16,BOS202509160,ATH,"Langeliers, Shea",langs001,1,0,empty,empty,1,single,1,0,0
2025-09-16,BOS202509160,ATH,"Wilson, Jacob",wilsj006,1,0,1B,1B,1,field_out,1,0,0
2025-09-16,BOS202509160,ATH,"Kurtz, Nick",kurtn001,1,1,1B,1B,1,strikeout,1,0,0
2025-09-16,BOS202509160,ATH,"Rooker, Brent",rookb001,1,2,1B,1B,1,field_out,1,0,0
2025-09-16,BOS202509160,ATH,"Thomas, Colby",thomc005,1,0,empty,empty,1,single,2,0,0
2025-09-16,BOS202509160,ATH,"Hernaiz, Darell",hernd006,1,1,1B,empty,0,field_out,2,0,0
2025-09-16,BOS202509160,ATH,"Harris, Brett",harrb002,1,2,empty,empty,1,strikeout,2,0,0
2025-09-16,BOS202509160,ATH,"Butler, Lawrence",butll001,1,0,empty,empty,1,strikeout,3,0,0
2025-09-16,BOS202509160,ATH,"Schuemann, Max",schum002,1,1,empty,empty,1,field_out,3,0,0
2025-09-16,BOS202509160,ATH,"Langeliers, Shea",langs001,2,2,empty,empty,1,field_out,3,0,0
2025-09-16,BOS202509160,ATH,"Wilson, Jacob",wilsj006,2,0,empty,empty,1,strikeout,4,0,1
2025-09-16,BOS202509160,ATH,"Kurtz, Nick",kurtn001,2,1,empty,empty,1,hit_by_pitch,4,0,1
2025-09-16,BOS202509160,ATH,"Rooker, Brent",rookb001,2,1,1B,1B,1,single,4,0,1
2025-09-16,BOS202509160,ATH,"Thomas, Colby",thomc005,2,1,1B+2B,1B+2B,1,strikeout,4,0,1
2025-09-16,BOS202509160,ATH,"Hernaiz, Darell",hernd006,2,2,1B+2B,1B+2B,1,field_out,4,0,1
2025-09-16,BOS202509160,ATH,"Harris, Brett",harrb002,2,0,empty,empty,1,single,5,0,1
2025-09-16,BOS202509160,ATH,"Butler, Lawrence",butll001,2,0,1B,1B,1,strikeout,5,0,1
2025-09-16,BOS202509160,ATH,"Schuemann, Max",schum002,2,1,1B,1B,1,field_out,5,0,1
2025-09-16,BOS202509160,ATH,"Langeliers, Shea",langs001,3,2,1B,1B,1,field_out,5,0,1
2025-09-16,BOS202509160,ATH,"Wilson, Jacob",wilsj006,3,0,empty,empty,1,single,6,0,1
2025-09-16,BOS202509160,ATH,"Kurtz, Nick",kurtn001,3,0,1B,1B,1,strikeout,6,0,1
2025-09-16,BOS202509160,ATH,"Rooker, Brent",rookb001,3,1,1B,1B,1,strikeout,6,0,1
2025-09-16,BOS202509160,ATH,"Soderstrom, Tyler",sodet001,1,2,1B,1B,1,double,6,0,1
2025-09-16,BOS202509160,ATH,"Cortes, Carlos",cortc001,1,2,2B,2B,1,walk,6,1,1
2025-09-16,BOS202509160,ATH,"Harris, Brett",harrb002,3,2,1B+2B,1B+2B,1,single,6,1,1
2025-09-16,BOS202509160,ATH,"Butler, Lawrence",butll001,3,2,1B+3B,1B+3B,1,field_out,6,2,1
2025-09-16,BOS202509160,ATH,"Schuemann, Max",schum002,3,0,empty,empty,1,field_out,7,2,1
2025-09-16,BOS202509160,ATH,"Langeliers, Shea",langs001,4,1,empty,empty,1,field_out,7,2,1
2025-09-16,BOS202509160,ATH,"Wilson, Jacob",wilsj006,4,2,empty,empty,1,field_out,7,2,1
2025-09-16,BOS202509160,ATH,"Kurtz, Nick",kurtn001,4,0,empty,empty,1,field_out,8,2,1
2025-09-16,BOS202509160,ATH,"Rooker, Brent",rookb001,4,1,empty,empty,1,field_out,8,2,1
2025-09-16,BOS202509160,ATH,"Soderstrom, Tyler",sodet001,2,2,empty,empty,1,single,8,2,1
2025-09-16,BOS202509160,ATH,"Cortes, Carlos",cortc001,2,2,1B,1B,1,field_out,8,2,1
2025-09-16,BOS202509160,ATH,"Harris, Brett",harrb002,4,0,empty,empty,1,strikeout,9,2,1
2025-09-16,BOS202509160,ATH,"Butler, Lawrence",butll001,4,1,empty,empty,1,strikeout,9,2,1
2025-09-16,BOS202509160,ATH,"Schuemann, Max",schum002,4,2,empty,empty,1,single,9,2,1
2025-09-16,BOS202509160,ATH,"Langeliers, Shea",langs001,5,2,1B,1B,1,strikeout,9,2,1
2025-09-17,BOS202509170,ATH,"Kurtz, Nick",kurtn001,1,0,empty,empty,1,strikeout,1,0,0
2025-09-17,BOS202509170,ATH,"Langeliers, Shea",langs001,1,1,empty,empty,1,field_out,1,0,0
2025-09-17,BOS202509170,ATH,"Rooker, Brent",rookb001,1,2,empty,empty,1,walk,1,0,0
2025-09-17,BOS202509170,ATH,"Soderstrom, Tyler",sodet001,1,2,1B,1B,1,field_out,1,0,0
2025-09-17,BOS202509170,ATH,"Wilson, Jacob",wilsj006,1,0,empty,empty,1,field_out,2,0,1
2025-09-17,BOS202509170,ATH,"Butler, Lawrence",butll001,1,1,empty,empty,1,single,2,0,1
2025-09-17,BOS202509170,ATH,"Cortes, Carlos",cortc001,1,1,1B,1B,1,double,2,0,1
2025-09-17,BOS202509170,ATH,"Hernaiz, Darell",hernd006,1,1,2B+3B,2B+3B,1,sac_fly,2,0,1
2025-09-17,BOS202509170,ATH,"Harris, Brett",harrb002,1,2,3B,3B,1,field_out,2,1,1
2025-09-17,BOS202509170,ATH,"Kurtz, Nick",kurtn001,2,0,empty,empty,1,single,3,1,2
2025-09-17,BOS202509170,ATH,"Langeliers, Shea",langs001,2,0,1B,1B,1,walk,3,1,2
2025-09-17,BOS202509170,ATH,"Rooker, Brent",rookb001,2,0,1B+2B,1B+2B,1,field_out,3,1,2
2025-09-17,BOS202509170,ATH,"Soderstrom, Tyler",sodet001,2,1,1B+2B,1B+2B,1,strikeout,3,1,2
2025-09-17,BOS202509170,ATH,"Wilson, Jacob",wilsj006,2,2,1B+2B,1B+2B,1,single,3,1,2
2025-09-17,BOS202509170,ATH,"Butler, Lawrence",butll001,2,2,1B+2B+3B,1B+2B+3B,1,strikeout,3,1,2
2025-09-17,BOS202509170,ATH,"Cortes, Carlos",cortc001,2,0,empty,empty,1,strikeout,4,1,2
2025-09-17,BOS202509170,ATH,"Hernaiz, Darell",hernd006,2,1,empty,empty,1,field_out,4,1,2
2025-09-17,BOS202509170,ATH,"Harris, Brett",harrb002,2,2,empty,empty,1,walk,4,1,2
2025-09-17,BOS202509170,ATH,"Kurtz, Nick",kurtn001,3,2,1B,2B,0,strikeout,4,1,2
2025-09-17,BOS202509170,ATH,"Langeliers, Shea",langs001,3,0,empty,empty,1,single,5,1,2
2025-09-17,BOS202509170,ATH,"Rooker, Brent",rookb001,3,0,1B,1B,1,walk,5,1,2
2025-09-17,BOS202509170,ATH,"Soderstrom, Tyler",sodet001,3,0,1B+2B,1B+2B,1,field_out,5,1,2
2025-09-17,BOS202509170,ATH,"Wilson, Jacob",wilsj006,3,1,1B+3B,1B+3B,1,walk,5,1,2
2025-09-17,BOS202509170,ATH,"Butler, Lawrence",butll001,3,1,1B+2B+3B,1B+2B+3B,1,walk,5,1,2
2025-09-17,BOS202509170,ATH,"Thomas, Colby",thomc005,1,1,1B+2B+3B,1B+2B+3B,1,strikeout,5,2,2
2025-09-17,BOS202509170,ATH,"Hernaiz, Darell",hernd006,3,2,1B+2B+3B,1B+2B+3B,1,single,5,2,2
2025-09-17,BOS202509170,ATH,"Harris, Brett",harrb002,3,2,1B+3B,1B+3B,1,field_out,5,4,2
2025-09-17,BOS202509170,ATH,"Kurtz, Nick",kurtn001,4,0,empty,empty,1,field_out,6,4,3
2025-09-17,BOS202509170,ATH,"Langeliers, Shea",langs001,4,1,empty,empty,1,strikeout,6,4,3
2025-09-17,BOS202509170,ATH,"Rooker, Brent",rookb001,4,2,empty,empty,1,field_out,6,4,3
2025-09-17,BOS202509170,ATH,"Soderstrom, Tyler",sodet001,4,0,empty,empty,1,strikeout,7,4,4
2025-09-17,BOS202509170,ATH,"Wilson, Jacob",wilsj006,4,1,empty,empty,1,single,7,4,4
2025-09-17,BOS202509170,ATH,"Butler, Lawrence",butll001,4,1,1B,1B,1,field_out,7,4,4
2025-09-17,BOS202509170,ATH,"Thomas, Colby",thomc005,2,2,1B,1B,1,strikeout,7,4,4
2025-09-17,BOS202509170,ATH,"Hernaiz, Darell",hernd006,4,0,empty,empty,1,field_out,8,4,4
2025-09-17,BOS202509170,ATH,"Bleday, JJ",bledj001,1,1,empty,empty,1,field_out,8,4,4
2025-09-17,BOS202509170,ATH,"Kurtz, Nick",kurtn001,5,2,empty,empty,1,strikeout,8,4,4
2025-09-17,BOS202509170,ATH,"Langeliers, Shea",langs001,5,0,empty,empty,1,field_out,9,4,4
2025-09-17,BOS202509170,ATH,"Rooker, Brent",rookb001,5,1,empty,empty,1,field_out,9,4,4
2025-09-17,BOS202509170,ATH,"Soderstrom, Tyler",sodet001,5,2,empty,empty,1,single,9,4,4
2025-09-17,BOS202509170,ATH,"Wilson, Jacob",wilsj006,5,2,1B,1B,1,single,9,4,4
2025-09-17,BOS202509170,ATH,"Butler, Lawrence",butll001,5,2,1B+3B,1B+3B,1,field_out,9,4,4
2025-09-17,BOS202509170,ATH,"Thomas, Colby",thomc005,3,0,2B,2B,1,single,10,4,4
2025-09-17,BOS202509170,ATH,"Hernaiz, Darell",hernd006,5,0,1B+3B,1B+3B,1,strikeout,10,4,4
2025-09-17,BOS202509170,ATH,"Gelof, Zack",geloz001,1,1,1B+3B,1B+3B,1,field_out,10,4,4
2025-09-17,BOS202509170,ATH,"Kurtz, Nick",kurtn001,6,2,1B+3B,1B+3B,1,strikeout,10,4,4
2025-09-18,BOS202509180,ATH,"Butler, Lawrence",butll001,1,0,empty,empty,1,double,1,0,0
2025-09-18,BOS202509180,ATH,"Rooker, Brent",rookb001,1,0,2B,2B,1,home_run,1,0,0
2025-09-18,BOS202509180,ATH,"Kurtz, Nick",kurtn001,1,0,empty,empty,1,double,1,2,0
2025-09-18,BOS202509180,ATH,"Soderstrom, Tyler",sodet001,1,0,2B,2B,1,single,1,2,0
2025-09-18,BOS202509180,ATH,"Wilson, Jacob",wilsj006,1,0,1B,1B,1,field_out,1,3,0
2025-09-18,BOS202509180,ATH,"Bleday, JJ",bledj001,1,1,1B,1B,1,grounded_into_double_play,1,3,0
2025-09-18,BOS202509180,ATH,"Hernaiz, Darell",hernd006,1,0,empty,empty,1,field_out,2,3,1
2025-09-18,BOS202509180,ATH,"Gelof, Zack",geloz001,1,1,empty,empty,1,field_out,2,3,1
2025-09-18,BOS202509180,ATH,"MacIver, Willie",maciw001,1,2,empty,empty,1,strikeout,2,3,1
2025-09-18,BOS202509180,ATH,"Butler, Lawrence",butll001,2,0,empty,empty,1,field_out,3,3,2
2025-09-18,BOS202509180,ATH,"Rooker, Brent",rookb001,2,1,empty,empty,1,strikeout,3,3,2
2025-09-18,BOS202509180,ATH,"Kurtz, Nick",kurtn001,2,2,empty,empty,1,walk,3,3,2
2025-09-18,BOS202509180,ATH,"Soderstrom, Tyler",sodet001,2,2,1B,1B,1,walk,3,3,2
2025-09-18,BOS202509180,ATH,"Wilson, Jacob",wilsj006,2,2,1B+2B,1B+2B,1,single,3,3,2
2025-09-18,BOS202509180,ATH,"Bleday, JJ",bledj001,2,2,1B+3B,1B+3B,1,field_out,3,4,2
2025-09-18,BOS202509180,ATH,"Hernaiz, Darell",hernd006,2,0,empty,empty,1,field_out,4,4,2
2025-09-18,BOS202509180,ATH,"Gelof, Zack",geloz001,2,1,empty,empty,1,strikeout,4,4,2
2025-09-18,BOS202509180,ATH,"MacIver, Willie",maciw001,2,2,empty,empty,1,field_out,4,4,2
2025-09-18,BOS202509180,ATH,"Butler, Lawrence",butll001,3,0,empty,empty,1,strikeout,5,4,2
2025-09-18,BOS202509180,ATH,"Rooker, Brent",rookb001,3,1,empty,empty,1,strikeout,5,4,2
2025-09-18,BOS202509180,ATH,"Kurtz, Nick",kurtn001,3,2,empty,empty,1,strikeout,5,4,2
2025-09-18,BOS202509180,ATH,"Soderstrom, Tyler",sodet001,3,0,empty,empty,1,field_out,6,4,2
2025-09-18,BOS202509180,ATH,"Wilson, Jacob",wilsj006,3,1,empty,empty,1,field_out,6,4,2
2025-09-18,BOS202509180,ATH,"Bleday, JJ",bledj001,3,2,empty,empty,1,single,6,4,2
2025-09-18,BOS202509180,ATH,"Hernaiz, Darell",hernd006,3,2,1B,1B,1,single,6,4,2
2025-09-18,BOS202509180,ATH,"Gelof, Zack",geloz001,3,2,1B+3B,2B+3B,0,strikeout,6,4,2
2025-09-18,BOS202509180,ATH,"MacIver, Willie",maciw001,3,0,empty,empty,1,field_out,7,4,2
2025-09-18,BOS202509180,ATH,"Butler, Lawrence",butll001,4,1,empty,empty,1,single,7,4,2
2025-09-18,BOS202509180,ATH,"Rooker, Brent",rookb001,4,1,1B,2B,0,field_out,7,4,2
2025-09-18,BOS202509180,ATH,"Kurtz, Nick",kurtn001,4,2,3B,3B,1,field_error,7,4,2
2025-09-18,BOS202509180,ATH,"Soderstrom, Tyler",sodet001,4,2,1B,1B,1,field_out,7,5,2
2025-09-18,BOS202509180,ATH,"Wilson, Jacob",wilsj006,4,0,empty,empty,1,field_out,8,5,2
2025-09-18,BOS202509180,ATH,"Bleday, JJ",bledj001,4,1,empty,empty,1,field_out,8,5,2
2025-09-18,BOS202509180,ATH,"Hernaiz, Darell",hernd006,4,2,empty,empty,1,strikeout,8,5,2
2025-09-18,BOS202509180,ATH,"Gelof, Zack",geloz001,4,0,empty,empty,1,strikeout,9,5,3
2025-09-18,BOS202509180,ATH,"MacIver, Willie",maciw001,4,1,empty,empty,1,field_out,9,5,3
2025-09-18,BOS202509180,ATH,"Butler, Lawrence",butll001,5,2,empty,empty,1,strikeout,9,5,3
2025-09-19,PIT202509190,ATH,"Butler, Lawrence",butll001,1,0,empty,empty,1,field_out,1,0,0
2025-09-19,PIT202509190,ATH,"Rooker, Brent",rookb001,1,1,empty,empty,1,field_out,1,0,0
2025-09-19,PIT202509190,ATH,"Kurtz, Nick",kurtn001,1,2,empty,empty,1,strikeout,1,0,0
2025-09-19,PIT202509190,ATH,"Soderstrom, Tyler",sodet001,1,0,empty,empty,1,field_out,2,0,3
2025-09-19,PIT202509190,ATH,"Langeliers, Shea",langs001,1,1,empty,empty,1,field_out,2,0,3
2025-09-19,PIT202509190,ATH,"Wilson, Jacob",wilsj006,1,2,empty,empty,1,field_out,2,0,3
2025-09-19,PIT202509190,ATH,"Cortes, Carlos",cortc001,1,0,empty,empty,1,field_out,3,0,3
2025-09-19,PIT202509190,ATH,"Hernaiz, Darell",hernd006,1,1,empty,empty,1,field_out,3,0,3
2025-09-19,PIT202509190,ATH,"Gelof, Zack",geloz001,1,2,empty,empty,1,strikeout,3,0,3
2025-09-19,PIT202509190,ATH,"Butler, Lawrence",butll001,2,0,empty,empty,1,field_out,4,0,3
2025-09-19,PIT202509190,ATH,"Rooker, Brent",rookb001,2,1,empty,empty,1,strikeout,4,0,3
2025-09-19,PIT202509190,ATH,"Kurtz, Nick",kurtn001,2,2,empty,empty,1,home_run,4,0,3
2025-09-19,PIT202509190,ATH,"Soderstrom, Tyler",sodet001,2,2,empty,empty,1,single,4,1,3
2025-09-19,PIT202509190,ATH,"Langeliers, Shea",langs001,2,2,1B,1B,1,field_out,4,1,3
2025-09-19,PIT202509190,ATH,"Wilson, Jacob",wilsj006,2,0,empty,empty,1,field_out,5,1,3
2025-09-19,PIT202509190,ATH,"Cortes, Carlos",cortc001,2,1,empty,empty,1,single,5,1,3
2025-09-19,PIT202509190,ATH,"Hernaiz, Darell",hernd006,2,1,1B,1B,1,strikeout,5,1,3
2025-09-19,PIT202509190,ATH,"Gelof, Zack",geloz001,2,2,1B,1B,1,walk,5,1,3
2025-09-19,PIT202509190,ATH,"Butler, Lawrence",butll001,3,2,1B+2B,1B+2B,1,home_run,5,1,3
2025-09-19,PIT202509190,ATH,"Rooker, Brent",rookb001,3,2,empty,empty,1,field_out,5,4,3
2025-09-19,PIT202509190,ATH,"Kurtz, Nick",kurtn001,3,0,empty,empty,1,strikeout,6,4,3
2025-09-19,PIT202509190,ATH,"Soderstrom, Tyler",sodet001,3,1,empty,empty,1,field_out,6,4,3
2025-09-19,PIT202509190,ATH,"Langeliers, Shea",langs001,3,2,empty,empty,1,strikeout,6,4,3
2025-09-19,PIT202509190,ATH,"Wilson, Jacob",wilsj006,3,0,empty,empty,1,field_out,7,4,3
2025-09-19,PIT202509190,ATH,"Cortes, Carlos",cortc001,3,1,empty,empty,1,field_out,7,4,3
2025-09-19,PIT202509190,ATH,"Hernaiz, Darell",hernd006,3,2,empty,empty,1,field_out,7,4,3
2025-09-19,PIT202509190,ATH,"Harris, Brett",harrb002,1,0,empty,empty,1,field_out,8,4,3
2025-09-19,PIT202509190,ATH,"Butler, Lawrence",butll001,4,1,empty,empty,1,walk,8,4,3
2025-09-19,PIT202509190,ATH,"Rooker, Brent",rookb001,4,1,1B,1B,1,strikeout,8,4,3
2025-09-19,PIT202509190,ATH,"Kurtz, Nick",kurtn001,4,2,1B,1B,1,field_out,8,4,3
2025-09-19,PIT202509190,ATH,"Soderstrom, Tyler",sodet001,4,0,empty,empty,1,field_out,9,4,3
2025-09-19,PIT202509190,ATH,"Langeliers, Shea",langs001,4,1,empty,empty,1,field_out,9,4,3
2025-09-19,PIT202509190,ATH,"Wilson, Jacob",wilsj006,4,2,empty,empty,1,field_out,9,4,3
2025-09-20,PIT202509200,ATH,"Butler, Lawrence",butll001,1,0,empty,empty,1,strikeout,1,0,0
2025-09-20,PIT202509200,ATH,"Rooker, Brent",rookb001,1,1,empty,empty,1,strikeout,1,0,0
2025-09-20,PIT202509200,ATH,"Kurtz, Nick",kurtn001,1,2,empty,empty,1,strikeout,1,0,0
2025-09-20,PIT202509200,ATH,"Soderstrom, Tyler",sodet001,1,0,empty,empty,1,field_out,2,0,0
2025-09-20,PIT202509200,ATH,"Langeliers, Shea",langs001,1,1,empty,empty,1,strikeout,2,0,0
2025-09-20,PIT202509200,ATH,"Wilson, Jacob",wilsj006,1,2,empty,empty,1,double,2,0,0
2025-09-20,PIT202509200,ATH,"Bleday, JJ",bledj001,1,2,2B,2B,1,field_out,2,0,0
2025-09-20,PIT202509200,ATH,"Hernaiz, Darell",hernd006,1,0,empty,empty,1,field_out,3,0,1
2025-09-20,PIT202509200,ATH,"Harris, Brett",harrb002,1,1,empty,empty,1,hit_by_pitch,3,0,1
2025-09-20,PIT202509200,ATH,"Butler, Lawrence",butll001,2,1,1B,1B,1,field_out,3,0,1
2025-09-20,PIT202509200,ATH,"Rooker, Brent",rookb001,2,2,1B,1B,1,strikeout,3,0,1
2025-09-20,PIT202509200,ATH,"Kurtz, Nick",kurtn001,2,0,empty,empty,1,field_out,4,0,2
2025-09-20,PIT202509200,ATH,"Soderstrom, Tyler",sodet001,2,1,empty,empty,1,field_out,4,0,2
2025-09-20,PIT202509200,ATH,"Langeliers, Shea",langs001,2,2,empty,empty,1,strikeout,4,0,2
2025-09-20,PIT202509200,ATH,"Wilson, Jacob",wilsj006,2,0,empty,empty,1,field_out,5,0,2
2025-09-20,PIT202509200,ATH,"Bleday, JJ",bledj001,2,1,empty,empty,1,field_out,5,0,2
2025-09-20,PIT202509200,ATH,"Hernaiz, Darell",hernd006,2,2,empty,empty,1,field_out,5,0,2
2025-09-20,PIT202509200,ATH,"Harris, Brett",harrb002,2,0,empty,empty,1,strikeout,6,0,2
2025-09-20,PIT202509200,ATH,"Butler, Lawrence",butll001,3,1,empty,empty,1,field_out,6,0,2
2025-09-20,PIT202509200,ATH,"Rooker, Brent",rookb001,3,2,empty,empty,1,strikeout,6,0,2
2025-09-20,PIT202509200,ATH,"Kurtz, Nick",kurtn001,3,0,empty,empty,1,strikeout,7,0,2
2025-09-20,PIT202509200,ATH,"Soderstrom, Tyler",sodet001,3,1,empty,empty,1,strikeout,7,0,2
2025-09-20,PIT202509200,ATH,"Langeliers, Shea",langs001,3,2,empty,empty,1,strikeout,7,0,2
2025-09-20,PIT202509200,ATH,"Wilson, Jacob",wilsj006,3,0,empty,empty,1,field_out,8,0,2
2025-09-20,PIT202509200,ATH,"Bleday, JJ",bledj001,3,1,empty,empty,1,strikeout,8,0,2
2025-09-20,PIT202509200,ATH,"Hernaiz, Darell",hernd006,3,2,empty,empty,1,field_out,8,0,2
2025-09-20,PIT202509200,ATH,"Cortes, Carlos",cortc001,1,0,empty,empty,1,field_out,9,0,2
2025-09-20,PIT202509200,ATH,"Butler, Lawrence",butll001,4,1,empty,empty,1,field_out,9,0,2
2025-09-20,PIT202509200,ATH,"Rooker, Brent",rookb001,4,2,empty,empty,1,strikeout,9,0,2
2025-09-21,PIT202509210,ATH,"Butler, Lawrence",butll001,1,0,empty,empty,1,field_out,1,0,0
2025-09-21,PIT202509210,ATH,"Rooker, Brent",rookb001,1,1,empty,empty,1,single,1,0,0
2025-09-21,PIT202509210,ATH,"Kurtz, Nick",kurtn001,1,1,1B,1B,1,single,1,0,0
2025-09-21,PIT202509210,ATH,"Soderstrom, Tyler",sodet001,1,1,1B+2B,1B+2B,1,strikeout,1,0,0
2025-09-21,PIT202509210,ATH,"Wilson, Jacob",wilsj006,1,2,1B+2B,1B+2B,1,field_out,1,0,0
2025-09-21,PIT202509210,ATH,"Cortes, Carlos",cortc001,1,0,empty,empty,1,single,2,0,2
2025-09-21,PIT202509210,ATH,"Hernaiz, Darell",hernd006,1,0,1B,1B,1,field_out,2,0,2
2025-09-21,PIT202509210,ATH,"MacIver, Willie",maciw001,1,1,2B,2B,1,field_out,2,0,2
2025-09-21,PIT202509210,ATH,"Schuemann, Max",schum002,1,2,3B,3B,1,strikeout,2,0,2
2025-09-21,PIT202509210,ATH,"Butler, Lawrence",butll001,2,0,empty,empty,1,field_out,3,0,4
2025-09-21,PIT202509210,ATH,"Rooker, Brent",rookb001,2,1,empty,empty,1,single,3,0,4
2025-09-21,PIT202509210,ATH,"Kurtz, Nick",kurtn001,2,1,1B,1B,1,strikeout,3,0,4
2025-09-21,PIT202509210,ATH,"Soderstrom, Tyler",sodet001,2,2,1B,1B,1,single,3,0,4
2025-09-21,PIT202509210,ATH,"Wilson, Jacob",wilsj006,2,2,1B+2B,1B+2B,1,field_out,3,0,4
2025-09-21,PIT202509210,ATH,"Cortes, Carlos",cortc001,2,0,empty,empty,1,field_out,4,0,4
2025-09-21,PIT202509210,ATH,"Hernaiz, Darell",hernd006,2,1,empty,empty,1,field_out,4,0,4
2025-09-21,PIT202509210,ATH,"MacIver, Willie",maciw001,2,2,empty,empty,1,field_out,4,0,4
2025-09-21,PIT202509210,ATH,"Schuemann, Max",schum002,2,0,empty,empty,1,field_out,5,0,7
2025-09-21,PIT202509210,ATH,"Butler, Lawrence",butll001,3,1,empty,empty,1,field_out,5,0,7
2025-09-21,PIT202509210,ATH,"Rooker, Brent",rookb001,3,2,empty,empty,1,field_out,5,0,7
2025-09-21,PIT202509210,ATH,"Kurtz, Nick",kurtn001,3,0,empty,empty,1,strikeout,6,0,10
2025-09-21,PIT202509210,ATH,"Bleday, JJ",bledj001,1,1,empty,empty,1,strikeout,6,0,10
2025-09-21,PIT202509210,ATH,"Wilson, Jacob",wilsj006,3,2,empty,empty,1,field_out,6,0,10
2025-09-21,PIT202509210,ATH,"Cortes, Carlos",cortc001,3,0,empty,empty,1,field_out,7,0,10
2025-09-21,PIT202509210,ATH,"Hernaiz, Darell",hernd006,3,1,empty,empty,1,field_out,7,0,10
2025-09-21,PIT202509210,ATH,"MacIver, Willie",maciw001,3,2,empty,empty,1,single,7,0,10
2025-09-21,PIT202509210,ATH,"Schuemann, Max",schum002,3,2,1B,1B,1,single,7,0,10
2025-09-21,PIT202509210,ATH,"Thomas, Colby",thomc005,1,2,1B+2B,1B+2B,1,strikeout,7,0,10
2025-09-21,PIT202509210,ATH,"Rooker, Brent",rookb001,4,0,empty,empty,1,field_out,8,0,10
2025-09-21,PIT202509210,ATH,"Harris, Brett",harrb002,1,1,empty,empty,1,double,8,0,10
2025-09-21,PIT202509210,ATH,"Bleday, JJ",bledj001,2,1,2B,2B,1,strikeout,8,0,10
2025-09-21,PIT202509210,ATH,"Wilson, Jacob",wilsj006,4,2,2B,2B,1,field_out,8,0,10
2025-09-21,PIT202509210,ATH,"Cortes, Carlos",cortc001,4,0,empty,empty,1,field_out,9,0,11
2025-09-21,PIT202509210,ATH,"Hernaiz, Darell",hernd006,4,1,empty,empty,1,strikeout,9,0,11
2025-09-21,PIT202509210,ATH,"MacIver, Willie",maciw001,4,2,empty,empty,1,strikeout,9,0,11
2025-09-23,ATH202509230,ATH,"Kurtz, Nick",kurtn001,1,0,empty,empty,1,double,1,0,0
2025-09-23,ATH202509230,ATH,"Langeliers, Shea",langs001,1,0,2B,2B,1,field_out,1,0,0
2025-09-23,ATH202509230,ATH,"Soderstrom, Tyler",sodet001,1,1,2B,2B,1,strikeout,1,0,0
2025-09-23,ATH202509230,ATH,"Rooker, Brent",rookb001,1,2,2B,2B,1,field_error,1,0,0
2025-09-23,ATH202509230,ATH,"Wilson, Jacob",wilsj006,1,2,1B,1B,1,walk,1,1,0
2025-09-23,ATH202509230,ATH,"Butler, Lawrence",butll001,1,2,1B+2B,1B+2B,1,strikeout,1,1,0
2025-09-23,ATH202509230,ATH,"Hernaiz, Darell",hernd006,1,0,empty,empty,1,field_out,2,1,1
2025-09-23,ATH202509230,ATH,"Cortes, Carlos",cortc001,1,1,empty,empty,1,strikeout,2,1,1
2025-09-23,ATH202509230,ATH,"Harris, Brett",harrb002,1,2,empty,empty,1,field_out,2,1,1
2025-09-23,ATH202509230,ATH,"Kurtz, Nick",kurtn001,2,0,empty,empty,1,field_out,3,1,1
2025-09-23,ATH202509230,ATH,"Langeliers, Shea",langs001,2,1,empty,empty,1,single,3,1,1
2025-09-23,ATH202509230,ATH,"Soderstrom, Tyler",sodet001,2,1,1B,1B,1,field_out,3,1,1
2025-09-23,ATH202509230,ATH,"Rooker, Brent",rookb001,2,0,1B,empty,0,field_out,4,1,1
2025-09-23,ATH202509230,ATH,"Wilson, Jacob",wilsj006,2,1,empty,empty,1,double,4,1,1
2025-09-23,ATH202509230,ATH,"Butler, Lawrence",butll001,2,1,2B,2B,1,field_out,4,1,1
2025-09-23,ATH202509230,ATH,"Hernaiz, Darell",hernd006,2,2,2B,2B,1,single,4,1,1
2025-09-23,ATH202509230,ATH,"Cortes, Carlos",cortc001,2,2,1B,1B,1,field_out,4,2,1
2025-09-23,ATH202509230,ATH,"Harris, Brett",harrb002,2,0,empty,empty,1,double,5,2,1
2025-09-23,ATH202509230,ATH,"Kurtz, Nick",kurtn001,3,0,2B,2B,1,strikeout,5,2,1
2025-09-23,ATH202509230,ATH,"Langeliers, Shea",langs001,3,1,2B,2B,1,field_out,5,2,1
2025-09-23,ATH202509230,ATH,"Soderstrom, Tyler",sodet001,3,2,3B,3B,1,double,5,2,1
2025-09-23,ATH202509230,ATH,"Rooker, Brent",rookb001,3,2,2B,2B,1,walk,5,3,1
2025-09-23,ATH202509230,ATH,"Wilson, Jacob",wilsj006,3,2,1B+2B,1B+2B,1,single,5,3,1
2025-09-23,ATH202509230,ATH,"Butler, Lawrence",butll001,3,2,1B+3B,1B+3B,1,field_out,5,4,1
2025-09-23,ATH202509230,ATH,"Hernaiz, Darell",hernd006,3,0,empty,empty,1,field_out,6,4,1
2025-09-23,ATH202509230,ATH,"Cortes, Carlos",cortc001,3,1,empty,empty,1,field_out,6,4,1
2025-09-23,ATH202509230,ATH,"Harris, Brett",harrb002,3,2,empty,empty,1,strikeout,6,4,1
2025-09-23,ATH202509230,ATH,"Kurtz, Nick",kurtn001,4,0,empty,empty,1,strikeout,7,4,1
2025-09-23,ATH202509230,ATH,"Langeliers, Shea",langs001,4,1,empty,empty,1,field_out,7,4,1
2025-09-23,ATH202509230,ATH,"Soderstrom, Tyler",sodet001,4,2,empty,empty,1,single,7,4,1
2025-09-23,ATH202509230,ATH,"Rooker, Brent",rookb001,4,2,1B,1B,1,field_out,7,4,1
2025-09-23,ATH202509230,ATH,"Wilson, Jacob",wilsj006,4,0,empty,empty,1,walk,8,4,1
2025-09-23,ATH202509230,ATH,"Butler, Lawrence",butll001,4,0,1B,1B,1,single,8,4,1
2025-09-23,ATH202509230,ATH,"Hernaiz, Darell",hernd006,4,0,1B+2B,1B+2B,1,sac_bunt,8,4,1
2025-09-23,ATH202509230,ATH,"Cortes, Carlos",cortc001,4,1,2B+3B,2B+3B,1,sac_fly,8,4,1
2025-09-23,ATH202509230,ATH,"Harris, Brett",harrb002,4,2,3B,3B,1,strikeout,8,5,1
2025-09-24,ATH202509240,ATH,"Kurtz, Nick",kurtn001,1,0,empty,empty,1,field_out,1,0,0
2025-09-24,ATH202509240,ATH,"Langeliers, Shea",langs001,1,1,empty,empty,1,single,1,0,0
2025-09-24,ATH202509240,ATH,"Soderstrom, Tyler",sodet001,1,1,1B,1B,1,field_out,1,0,0
2025-09-24,ATH202509240,ATH,"Rooker, Brent",rookb001,1,2,1B,1B,1,field_out,1,0,0
2025-09-24,ATH202509240,ATH,"Wilson, Jacob",wilsj006,1,0,empty,empty,1,strikeout,2,0,0
2025-09-24,ATH202509240,ATH,"Butler, Lawrence",butll001,1,1,empty,empty,1,field_out,2,0,0
2025-09-24,ATH202509240,ATH,"Schuemann, Max",schum002,1,2,empty,empty,1,field_out,2,0,0
2025-09-24,ATH202509240,ATH,"Bleday, JJ",bledj001,1,0,empty,empty,1,strikeout,3,0,0
2025-09-24,ATH202509240,ATH,"Harris, Brett",harrb002,1,1,empty,empty,1,strikeout,3,0,0
2025-09-24,ATH202509240,ATH,"Kurtz, Nick",kurtn001,2,2,empty,empty,1,walk,3,0,0
2025-09-24,ATH202509240,ATH,"Langeliers, Shea",langs001,2,2,1B,1B,1,single,3,0,0
2025-09-24,ATH202509240,ATH,"Soderstrom, Tyler",sodet001,2,2,1B+2B,1B+2B,1,double,3,0,0
2025-09-24,ATH202509240,ATH,"Rooker, Brent",rookb001,2,2,2B+3B,2B+3B,1,strikeout,3,1,0
2025-09-24,ATH202509240,ATH,"Wilson, Jacob",wilsj006,2,0,empty,empty,1,field_out,4,1,0
2025-09-24,ATH202509240,ATH,"Butler, Lawrence",butll001,2,1,empty,empty,1,field_out,4,1,0
2025-09-24,ATH202509240,ATH,"Schuemann, Max",schum002,2,2,empty,empty,1,field_out,4,1,0
2025-09-24,ATH202509240,ATH,"Bleday, JJ",bledj001,2,0,empty,empty,1,field_out,5,1,0
2025-09-24,ATH202509240,ATH,"Harris, Brett",harrb002,2,1,empty,empty,1,single,5,1,0
2025-09-24,ATH202509240,ATH,"Kurtz, Nick",kurtn001,3,1,2B,2B,1,walk,5,1,0
2025-09-24,ATH202509240,ATH,"Langeliers, Shea",langs001,3,1,1B+2B,1B+2B,1,double,5,1,0
2025-09-24,ATH202509240,ATH,"Soderstrom, Tyler",sodet001,3,1,2B+3B,2B+3B,1,strikeout,5,2,0
2025-09-24,ATH202509240,ATH,"Rooker, Brent",rookb001,3,2,2B+3B,2B+3B,1,single,5,2,0
2025-09-24,ATH202509240,ATH,"Wilson, Jacob",wilsj006,3,2,1B,1B,1,field_out,5,4,0
2025-09-24,ATH202509240,ATH,"Butler, Lawrence",butll001,3,0,empty,empty,1,field_out,6,4,0
2025-09-24,ATH202509240,ATH,"Schuemann, Max",schum002,3,1,empty,empty,1,field_out,6,4,0
2025-09-24,ATH202509240,ATH,"Thomas, Colby",thomc005,1,2,empty,empty,1,strikeout,6,4,0
2025-09-24,ATH202509240,ATH,"Harris, Brett",harrb002,3,0,empty,empty,1,field_out,7,4,0
2025-09-24,ATH202509240,ATH,"Kurtz, Nick",kurtn001,4,1,empty,empty,1,field_out,7,4,0
2025-09-24,ATH202509240,ATH,"Langeliers, Shea",langs001,4,2,empty,empty,1,home_run,7,4,0
2025-09-24,ATH202509240,ATH,"Soderstrom, Tyler",sodet001,4,2,empty,empty,1,home_run,7,5,0
2025-09-24,ATH202509240,ATH,"Rooker, Brent",rookb001,4,2,empty,empty,1,field_out,7,6,0
2025-09-24,ATH202509240,ATH,"Wilson, Jacob",wilsj006,4,0,empty,empty,1,field_out,8,6,0
2025-09-24,ATH202509240,ATH,"Butler, Lawrence",butll001,4,1,empty,empty,1,field_out,8,6,0
2025-09-24,ATH202509240,ATH,"Schuemann, Max",schum002,4,2,empty,empty,1,walk,8,6,0
2025-09-24,ATH202509240,ATH,"Thomas, Colby",thomc005,2,2,1B,1B,1,strikeout,8,6,0
2025-09-25,ATH202509250,ATH,"Langeliers, Shea",langs001,1,0,empty,empty,1,single,1,0,2
2025-09-25,ATH202509250,ATH,"Wilson, Jacob",wilsj006,1,0,1B,1B,1,strikeout,1,0,2
2025-09-25,ATH202509250,ATH,"Soderstrom, Tyler",sodet001,1,1,1B,1B,1,strikeout,1,0,2
2025-09-25,ATH202509250,ATH,"Rooker, Brent",rookb001,1,2,1B,1B,1,strikeout,1,0,2
2025-09-25,ATH202509250,ATH,"Thomas, Colby",thomc005,1,0,empty,empty,1,strikeout,2,0,5
2025-09-25,ATH202509250,ATH,"Kurtz, Nick",kurtn001,1,1,empty,empty,1,strikeout,2,0,5
2025-09-25,ATH202509250,ATH,"Hernaiz, Darell",hernd006,1,2,empty,empty,1,field_out,2,0,5
2025-09-25,ATH202509250,ATH,"Harris, Brett",harrb002,1,0,empty,empty,1,field_out,3,0,5
2025-09-25,ATH202509250,ATH,"MacIver, Willie",maciw001,1,1,empty,empty,1,walk,3,0,5
2025-09-25,ATH202509250,ATH,"Langeliers, Shea",langs001,2,1,1B,1B,1,single,3,0,5
2025-09-25,ATH202509250,ATH,"Wilson, Jacob",wilsj006,2,1,1B+3B,1B+3B,1,grounded_into_double_play,3,0,5
2025-09-25,ATH202509250,ATH,"Soderstrom, Tyler",sodet001,2,0,empty,empty,1,field_out,4,0,7
2025-09-25,ATH202509250,ATH,"Rooker, Brent",rookb001,2,1,empty,empty,1,strikeout,4,0,7
2025-09-25,ATH202509250,ATH,"Thomas, Colby",thomc005,2,2,empty,empty,1,walk,4,0,7
2025-09-25,ATH202509250,ATH,"Kurtz, Nick",kurtn001,2,2,1B,1B,1,single,4,0,7
2025-09-25,ATH202509250,ATH,"Hernaiz, Darell",hernd006,2,2,1B+2B,1B+2B,1,field_out,4,0,7
2025-09-25,ATH202509250,ATH,"Harris, Brett",harrb002,2,0,empty,empty,1,strikeout,5,0,9
2025-09-25,ATH202509250,ATH,"MacIver, Willie",maciw001,2,1,empty,empty,1,single,5,0,9
2025-09-25,ATH202509250,ATH,"Langeliers, Shea",langs001,3,1,1B,1B,1,single,5,0,9
2025-09-25,ATH202509250,ATH,"Wilson, Jacob",wilsj006,3,1,1B+2B,1B+2B,1,field_out,5,0,9
2025-09-25,ATH202509250,ATH,"Soderstrom, Tyler",sodet001,3,2,1B+3B,1B+3B,1,field_out,5,0,9
2025-09-25,ATH202509250,ATH,"Schuemann, Max",schum002,1,0,empty,empty,1,field_out,6,0,9
2025-09-25,ATH202509250,ATH,"Thomas, Colby",thomc005,3,1,empty,empty,1,strikeout,6,0,9
2025-09-25,ATH202509250,ATH,"Kurtz, Nick",kurtn001,3,2,empty,empty,1,home_run,6,0,9
2025-09-25,ATH202509250,ATH,"Hernaiz, Darell",hernd006,3,2,empty,empty,1,field_error,6,1,9
2025-09-25,ATH202509250,ATH,"Harris, Brett",harrb002,3,2,1B,1B,1,single,6,1,9
2025-09-25,ATH202509250,ATH,"MacIver, Willie",maciw001,3,2,1B+2B,1B+2B,1,field_out,6,1,9
2025-09-25,ATH202509250,ATH,"Langeliers, Shea",langs001,4,0,empty,empty,1,strikeout,7,1,10
2025-09-25,ATH202509250,ATH,"Bleday, JJ",bledj001,1,1,empty,empty,1,strikeout,7,1,10
2025-09-25,ATH202509250,ATH,"Muncy, Max",muncm002,1,2,empty,empty,1,field_out,7,1,10
2025-09-25,ATH202509250,ATH,"Schuemann, Max",schum002,2,0,empty,empty,1,field_out,8,1,11
2025-09-25,ATH202509250,ATH,"Thomas, Colby",thomc005,4,1,empty,empty,1,single,8,1,11
2025-09-25,ATH202509250,ATH,"Kurtz, Nick",kurtn001,4,1,1B,1B,1,home_run,8,1,11
2025-09-25,ATH202509250,ATH,"Hernaiz, Darell",hernd006,4,1,empty,empty,1,single,8,3,11
2025-09-25,ATH202509250,ATH,"Harris, Brett",harrb002,4,1,1B,1B,1,strikeout,8,3,11
2025-09-25,ATH202509250,ATH,"MacIver, Willie",maciw001,4,2,1B,1B,1,field_out,8,3,11
2025-09-25,ATH202509250,ATH,"Langeliers, Shea",langs001,5,0,empty,empty,1,double,9,3,11
2025-09-25,ATH202509250,ATH,"Bleday, JJ",bledj001,2,0,2B,2B,1,double,9,3,11
2025-09-25,ATH202509250,ATH,"Muncy, Max",muncm002,2,0,2B,2B,1,walk,9,4,11
2025-09-25,ATH202509250,ATH,"Schuemann, Max",schum002,3,0,1B+2B,2B+3B,0,field_out,9,4,11
2025-09-25,ATH202509250,ATH,"Thomas, Colby",thomc005,5,1,2B,2B,1,field_out,9,5,11
2025-09-25,ATH202509250,ATH,"Kurtz, Nick",kurtn001,5,2,2B,2B,1,strikeout,9,5,11
2025-09-26,ATH202509260,ATH,"Langeliers, Shea",langs001,1,0,empty,empty,1,strikeout,1,0,0
2025-09-26,ATH202509260,ATH,"Kurtz, Nick",kurtn001,1,1,empty,empty,1,strikeout,1,0,0
2025-09-26,ATH202509260,ATH,"Rooker, Brent",rookb001,1,2,empty,empty,1,single,1,0,0
2025-09-26,ATH202509260,ATH,"Soderstrom, Tyler",sodet001,1,2,1B,1B,1,double,1,0,0
2025-09-26,ATH202509260,ATH,"Wilson, Jacob",wilsj006,1,2,2B+3B,2B+3B,1,field_out,1,0,0
2025-09-26,ATH202509260,ATH,"Thomas, Colby",thomc005,1,0,empty,empty,1,field_out,2,0,0
2025-09-26,ATH202509260,ATH,"Butler, Lawrence",butll001,1,1,empty,empty,1,single,2,0,0
2025-09-26,ATH202509260,ATH,"Hernaiz, Darell",hernd006,1,1,1B,1B,1,strikeout,2,0,0
2025-09-26,ATH202509260,ATH,"Harris, Brett",harrb002,1,2,1B,2B,0,walk,2,0,0
2025-09-26,ATH202509260,ATH,"Langeliers, Shea",langs001,2,2,1B+2B,1B+2B,1,field_out,2,0,0
2025-09-26,ATH202509260,ATH,"Kurtz, Nick",kurtn001,2,0,empty,empty,1,field_out,3,0,0
2025-09-26,ATH202509260,ATH,"Rooker, Brent",rookb001,2,1,empty,empty,1,strikeout,3,0,0
2025-09-26,ATH202509260,ATH,"Soderstrom, Tyler",sodet001,2,2,empty,empty,1,walk,3,0,0
2025-09-26,ATH202509260,ATH,"Wilson, Jacob",wilsj006,2,2,1B,1B,1,field_out,3,0,0
2025-09-26,ATH202509260,ATH,"Thomas, Colby",thomc005,2,0,empty,empty,1,strikeout,4,0,3
2025-09-26,ATH202509260,ATH,"Butler, Lawrence",butll001,2,1,empty,empty,1,field_out,4,0,3
2025-09-26,ATH202509260,ATH,"Hernaiz, Darell",hernd006,2,2,empty,empty,1,field_out,4,0,3
2025-09-26,ATH202509260,ATH,"Harris, Brett",harrb002,2,0,empty,empty,1,strikeout,5,0,3
2025-09-26,ATH202509260,ATH,"Langeliers, Shea",langs001,3,1,empty,empty,1,single,5,0,3
2025-09-26,ATH202509260,ATH,"Kurtz, Nick",kurtn001,3,1,1B,1B,1,field_out,5,0,3
2025-09-26,ATH202509260,ATH,"Rooker, Brent",rookb001,3,2,1B,1B,1,walk,5,0,3
2025-09-26,ATH202509260,ATH,"Soderstrom, Tyler",sodet001,3,2,1B+2B,1B+2B,1,walk,5,0,3
2025-09-26,ATH202509260,ATH,"Wilson, Jacob",wilsj006,3,2,1B+2B+3B,1B+2B+3B,1,double,5,0,3
2025-09-26,ATH202509260,ATH,"Cortes, Carlos",cortc001,1,2,2B,3B,0,strikeout,5,3,3
2025-09-26,ATH202509260,ATH,"Butler, Lawrence",butll001,3,0,empty,empty,1,field_out,6,3,3
2025-09-26,ATH202509260,ATH,"Hernaiz, Darell",hernd006,3,1,empty,empty,1,single,6,3,3
2025-09-26,ATH202509260,ATH,"Harris, Brett",harrb002,3,1,1B,1B,1,field_out,6,3,3
2025-09-26,ATH202509260,ATH,"Langeliers, Shea",langs001,4,0,1B,empty,0,field_out,7,3,3
2025-09-26,ATH202509260,ATH,"Kurtz, Nick",kurtn001,4,1,empty,empty,1,field_out,7,3,3
2025-09-26,ATH202509260,ATH,"Rooker, Brent",rookb001,4,2,empty,empty,1,strikeout,7,3,3
2025-09-26,ATH202509260,ATH,"Soderstrom, Tyler",sodet001,4,0,empty,empty,1,field_out,8,3,3
2025-09-26,ATH202509260,ATH,"Wilson, Jacob",wilsj006,4,1,empty,empty,1,field_out,8,3,3
2025-09-26,ATH202509260,ATH,"Muncy, Max",muncm002,1,2,empty,empty,1,field_out,8,3,3
2025-09-26,ATH202509260,ATH,"Butler, Lawrence",butll001,4,0,empty,empty,1,strikeout,9,3,3
2025-09-26,ATH202509260,ATH,"Hernaiz, Darell",hernd006,4,1,empty,empty,1,single,9,3,3
2025-09-26,ATH202509260,ATH,"Harris, Brett",harrb002,4,1,1B,1B,1,field_out,9,3,3
2025-09-26,ATH202509260,ATH,"Langeliers, Shea",langs001,5,2,1B,1B,1,double,9,3,3
2025-09-27,ATH202509270,ATH,"Kurtz, Nick",kurtn001,1,0,empty,empty,1,field_out,1,0,1
2025-09-27,ATH202509270,ATH,"Langeliers, Shea",langs001,1,1,empty,empty,1,single,1,0,1
2025-09-27,ATH202509270,ATH,"Soderstrom, Tyler",sodet001,1,1,1B,1B,1,strikeout,1,0,1
2025-09-27,ATH202509270,ATH,"Rooker, Brent",rookb001,1,2,1B,1B,1,strikeout,1,0,1
2025-09-27,ATH202509270,ATH,"Wilson, Jacob",wilsj006,1,0,empty,empty,1,field_out,2,0,1
2025-09-27,ATH202509270,ATH,"Butler, Lawrence",butll001,1,1,empty,empty,1,walk,2,0,1
2025-09-27,ATH202509270,ATH,"Hernaiz, Darell",hernd006,1,1,1B,1B,1,grounded_into_double_play,2,0,1
2025-09-27,ATH202509270,ATH,"Cortes, Carlos",cortc001,1,0,empty,empty,1,field_out,3,0,1
2025-09-27,ATH202509270,ATH,"Schuemann, Max",schum002,1,1,empty,empty,1,strikeout,3,0,1
2025-09-27,ATH202509270,ATH,"Kurtz, Nick",kurtn001,2,2,empty,empty,1,field_out,3,0,1
2025-09-27,ATH202509270,ATH,"Langeliers, Shea",langs001,2,0,empty,empty,1,field_out,4,0,1
2025-09-27,ATH202509270,ATH,"Soderstrom, Tyler",sodet001,2,1,empty,empty,1,field_out,4,0,1
2025-09-27,ATH202509270,ATH,"Rooker, Brent",rookb001,2,2,empty,empty,1,walk,4,0,1
2025-09-27,ATH202509270,ATH,"Wilson, Jacob",wilsj006,2,2,1B,1B,1,strikeout,4,0,1
2025-09-27,ATH202509270,ATH,"Butler, Lawrence",butll001,2,0,empty,empty,1,field_out,5,0,3
2025-09-27,ATH202509270,ATH,"Hernaiz, Darell",hernd006,2,1,empty,empty,1,field_out,5,0,3
2025-09-27,ATH202509270,ATH,"Cortes, Carlos",cortc001,2,2,empty,empty,1,field_out,5,0,3
2025-09-27,ATH202509270,ATH,"Schuemann, Max",schum002,2,0,empty,empty,1,field_out,6,0,3
2025-09-27,ATH202509270,ATH,"Kurtz, Nick",kurtn001,3,1,empty,empty,1,walk,6,0,3
2025-09-27,ATH202509270,ATH,"Langeliers, Shea",langs001,3,1,1B,1B,1,single,6,0,3
2025-09-27,ATH202509270,ATH,"Soderstrom, Tyler",sodet001,3,1,1B+2B,1B+2B,1,field_out,6,0,3
2025-09-27,ATH202509270,ATH,"Rooker, Brent",rookb001,3,2,1B+3B,1B+3B,1,strikeout,6,0,3
2025-09-27,ATH202509270,ATH,"Wilson, Jacob",wilsj006,3,0,empty,empty,1,field_out,7,0,3
2025-09-27,ATH202509270,ATH,"Butler, Lawrence",butll001,3,1,empty,empty,1,field_out,7,0,3
2025-09-27,ATH202509270,ATH,"Hernaiz, Darell",hernd006,3,2,empty,empty,1,single,7,0,3
2025-09-27,ATH202509270,ATH,"Cortes, Carlos",cortc001,3,2,1B,1B,1,double,7,0,3
2025-09-27,ATH202509270,ATH,"Bleday, JJ",bledj001,1,2,2B,2B,1,field_out,7,1,3
2025-09-27,ATH202509270,ATH,"Kurtz, Nick",kurtn001,4,0,empty,empty,1,single,8,1,3
2025-09-27,ATH202509270,ATH,"Langeliers, Shea",langs001,4,0,1B,2B,0,double,8,1,3
2025-09-27,ATH202509270,ATH,"Soderstrom, Tyler",sodet001,4,0,2B,2B,1,fielders_choice_out,8,2,3
2025-09-27,ATH202509270,ATH,"Rooker, Brent",rookb001,4,1,1B,1B,1,grounded_into_double_play,8,2,3
2025-09-27,ATH202509270,ATH,"Wilson, Jacob",wilsj006,4,0,empty,empty,1,hit_by_pitch,9,2,4
2025-09-27,ATH202509270,ATH,"Butler, Lawrence",butll001,4,0,1B,1B,1,strikeout,9,2,4
2025-09-27,ATH202509270,ATH,"Hernaiz, Darell",hernd006,4,1,1B,1B,1,strikeout,9,2,4
2025-09-27,ATH202509270,ATH,"Cortes, Carlos",cortc001,4,2,1B,1B,1,field_out,9,2,4
2025-09-28,ATH202509280,ATH,"Thomas, Colby",thomc005,1,0,empty,empty,1,strikeout,1,0,0
2025-09-28,ATH202509280,ATH,"Kurtz, Nick",kurtn001,1,1,empty,empty,1,field_out,1,0,0
2025-09-28,ATH202509280,ATH,"Rooker, Brent",rookb001,1,2,empty,empty,1,walk,1,0,0
2025-09-28,ATH202509280,ATH,"Soderstrom, Tyler",sodet001,1,2,1B,1B,1,strikeout,1,0,0
2025-09-28,ATH202509280,ATH,"Hernaiz, Darell",hernd006,1,0,empty,empty,1,field_out,2,0,1
2025-09-28,ATH202509280,ATH,"Harris, Brett",harrb002,1,1,empty,empty,1,strikeout,2,0,1
2025-09-28,ATH202509280,ATH,"Bleday, JJ",bledj001,1,2,empty,empty,1,field_out,2,0,1
2025-09-28,ATH202509280,ATH,"Muncy, Max",muncm002,1,0,empty,empty,1,strikeout,3,0,1
2025-09-28,ATH202509280,ATH,"MacIver, Willie",maciw001,1,1,empty,empty,1,strikeout,3,0,1
2025-09-28,ATH202509280,ATH,"Thomas, Colby",thomc005,2,2,empty,empty,1,strikeout,3,0,1
2025-09-28,ATH202509280,ATH,"Kurtz, Nick",kurtn001,2,0,empty,empty,1,strikeout,4,0,3
2025-09-28,ATH202509280,ATH,"Cortes, Carlos",cortc001,1,1,empty,empty,1,single,4,0,3
2025-09-28,ATH202509280,ATH,"Soderstrom, Tyler",sodet001,2,1,1B,1B,1,field_out,4,0,3
2025-09-28,ATH202509280,ATH,"Hernaiz, Darell",hernd006,2,2,1B,1B,1,strikeout,4,0,3
2025-09-28,ATH202509280,ATH,"Harris, Brett",harrb002,2,0,empty,empty,1,single,5,0,4
2025-09-28,ATH202509280,ATH,"Bleday, JJ",bledj001,2,0,1B,1B,1,field_out,5,0,4
2025-09-28,ATH202509280,ATH,"Muncy, Max",muncm002,2,1,1B,1B,1,single,5,0,4
2025-09-28,ATH202509280,ATH,"MacIver, Willie",maciw001,2,1,1B+2B,1B+2B,1,single,5,0,4
2025-09-28,ATH202509280,ATH,"Thomas, Colby",thomc005,3,1,1B+2B+3B,1B+2B+3B,1,strikeout,5,0,4
2025-09-28,ATH202509280,ATH,"Kurtz, Nick",kurtn001,3,2,1B+2B+3B,1B+2B+3B,1,strikeout,5,0,4
2025-09-28,ATH202509280,ATH,"Cortes, Carlos",cortc001,2,0,empty,empty,1,field_out,6,0,4
2025-09-28,ATH202509280,ATH,"Schuemann, Max",schum002,1,1,empty,empty,1,field_out,6,0,4
2025-09-28,ATH202509280,ATH,"Hernaiz, Darell",hernd006,3,2,empty,empty,1,field_out,6,0,4
2025-09-28,ATH202509280,ATH,"Harris, Brett",harrb002,3,0,empty,empty,1,strikeout,7,0,8
2025-09-28,ATH202509280,ATH,"Bleday, JJ",bledj001,3,1,empty,empty,1,field_out,7,0,8
2025-09-28,ATH202509280,ATH,"Muncy, Max",muncm002,3,2,empty,empty,1,strikeout,7,0,8
2025-09-28,ATH202509280,ATH,"MacIver, Willie",maciw001,3,0,empty,empty,1,field_out,8,0,9
2025-09-28,ATH202509280,ATH,"Thomas, Colby",thomc005,4,1,empty,empty,1,double,8,0,9
2025-09-28,ATH202509280,ATH,"Kurtz, Nick",kurtn001,4,1,2B,2B,1,home_run,8,0,9
2025-09-28,ATH202509280,ATH,"Cortes, Carlos",cortc001,3,1,empty,empty,1,field_out,8,2,9
2025-09-28,ATH202509280,ATH,"Schuemann, Max",schum002,2,2,empty,empty,1,walk,8,2,9
2025-09-28,ATH202509280,ATH,"Hernaiz, Darell",hernd006,4,2,1B,1B,1,field_out,8,2,9
2025-09-28,ATH202509280,ATH,"Harris, Brett",harrb002,4,0,empty,empty,1,walk,9,2,9
2025-09-28,ATH202509280,ATH,"Bleday, JJ",bledj001,4,0,1B,1B,1,double,9,2,9
2025-09-28,ATH202509280,ATH,"Muncy, Max",muncm002,4,0,2B+3B,2B+3B,1,strikeout,9,2,9
2025-09-28,ATH202509280,ATH,"MacIver, Willie",maciw001,4,1,2B+3B,2B+3B,1,strikeout,9,2,9
2025-09-28,ATH202509280,ATH,"Thomas, Colby",thomc005,5,2,2B+3B,2B+3B,1,field_out,9,2,9
