game_date,game_pk,team,player_name,batter,batter_pa_number_this_game,outs_when_up,runner_situation_start,runner_situation_before_final_pitch,runner_situation_changed_during_pa,events,inning,bat_score,fld_score
2025-03-27,TEX202503270,BOS,"Duran, Jarren",duraj001,1,0,empty,empty,1,field_out,1,0,0
2025-03-27,TEX202503270,BOS,"Devers, Rafael",dever001,1,1,empty,empty,1,strikeout,1,0,0
2025-03-27,TEX202503270,BOS,"Bregman, Alex",brega001,1,2,empty,empty,1,field_out,1,0,0
2025-03-27,TEX202503270,BOS,"Casas, Triston",casat001,1,0,empty,empty,1,strikeout,2,0,0
2025-03-27,TEX202503270,BOS,"Story, Trevor",stort001,1,1,empty,empty,1,strikeout,2,0,0
2025-03-27,TEX202503270,BOS,"Campbell, Kristian",campk002,1,2,empty,empty,1,strikeout,2,0,0
2025-03-27,TEX202503270,BOS,"Abreu, Wilyer",abrew002,1,0,empty,empty,1,single,3,0,1
2025-03-27,TEX202503270,BOS,"Wong, Connor",wongc001,1,0,1B,1B,1,single,3,0,1
2025-03-27,TEX202503270,BOS,"Rafaela, Ceddanne",rafac001,1,0,1B+3B,1B+3B,1,field_out,3,0,1
2025-03-27,TEX202503270,BOS,"Duran, Jarren",duraj001,2,1,1B,1B,1,field_out,3,1,1
2025-03-27,TEX202503270,BOS,"Devers, Rafael",dever001,2,2,1B,1B,1,strikeout,3,1,1
2025-03-27,TEX202503270,BOS,"Bregman, Alex",brega001,2,0,empty,empty,1,field_out,4,1,1
2025-03-27,TEX202503270,BOS,"Casas, Triston",casat001,2,1,empty,empty,1,field_out,4,1,1
2025-03-27,TEX202503270,BOS,"Story, Trevor",stort001,2,2,empty,empty,1,strikeout,4,1,1
2025-03-27,TEX202503270,BOS,"Campbell, Kristian",campk002,2,0,empty,empty,1,field_out,5,1,2
2025-03-27,TEX202503270,BOS,"Abreu, Wilyer",abrew002,2,1,empty,empty,1,home_run,5,1,2
2025-03-27,TEX202503270,BOS,"Wong, Connor",wongc001,2,1,empty,empty,1,field_out,5,2,2
2025-03-27,TEX202503270,BOS,"Rafaela, Ceddanne",rafac001,2,2,empty,empty,1,field_out,5,2,2
2025-03-27,TEX202503270,BOS,"Duran, Jarren",duraj001,3,0,empty,empty,1,strikeout,6,2,2
2025-03-27,TEX202503270,BOS,"Devers, Rafael",dever001,3,1,empty,empty,1,strikeout,6,2,2
2025-03-27,TEX202503270,BOS,"Bregman, Alex",brega001,3,2,empty,empty,1,strikeout,6,2,2
2025-03-27,TEX202503270,BOS,"Casas, Triston",casat001,3,0,empty,empty,1,field_out,7,2,2
2025-03-27,TEX202503270,BOS,"Story, Trevor",stort001,3,1,empty,empty,1,field_out,7,2,2
2025-03-27,TEX202503270,BOS,"Campbell, Kristian",campk002,3,2,empty,empty,1,walk,7,2,2
2025-03-27,TEX202503270,BOS,"Abreu, Wilyer",abrew002,3,2,1B,2B,0,walk,7,2,2
2025-03-27,TEX202503270,BOS,"Wong, Connor",wongc001,3,2,1B+2B,1B+2B,1,strikeout,7,2,2
2025-03-27,TEX202503270,BOS,"Rafaela, Ceddanne",rafac001,3,0,empty,empty,1,strikeout,8,2,2
2025-03-27,TEX202503270,BOS,"Duran, Jarren",duraj001,4,1,empty,empty,1,single,8,2,2
2025-03-27,TEX202503270,BOS,"Devers, Rafael",dever001,4,1,1B,2B,0,field_out,8,2,2
2025-03-27,TEX202503270,BOS,"Bregman, Alex",brega001,4,2,3B,3B,1,field_out,8,2,2
2025-03-27,TEX202503270,BOS,"Casas, Triston",casat001,4,0,empty,empty,1,strikeout,9,2,2
2025-03-27,TEX202503270,BOS,"Story, Trevor",stort001,4,1,empty,empty,1,walk,9,2,2
2025-03-27,TEX202503270,BOS,"Campbell, Kristian",campk002,4,1,1B,2B,0,single,9,2,2
2025-03-27,TEX202503270,BOS,"Abreu, Wilyer",abrew002,4,1,1B+3B,1B+3B,1,home_run,9,2,2
2025-03-27,TEX202503270,BOS,"Wong, Connor",wongc001,4,1,empty,empty,1,field_out,9,5,2
2025-03-27,TEX202503270,BOS,"Rafaela, Ceddanne",rafac001,4,2,empty,empty,1,strikeout,9,5,2
2025-03-28,TEX202503280,BOS,"Duran, Jarren",duraj001,1,0,empty,empty,1,field_out,1,0,0
2025-03-28,TEX202503280,BOS,"Devers, Rafael",dever001,1,1,empty,empty,1,strikeout,1,0,0
2025-03-28,TEX202503280,BOS,"Bregman, Alex",brega001,1,2,empty,empty,1,strikeout,1,0,0
2025-03-28,TEX202503280,BOS,"Casas, Triston",casat001,1,0,empty,empty,1,field_out,2,0,0
2025-03-28,TEX202503280,BOS,"Story, Trevor",stort001,1,1,empty,empty,1,field_out,2,0,0
2025-03-28,TEX202503280,BOS,"Campbell, Kristian",campk002,1,2,empty,empty,1,single,2,0,0
2025-03-28,TEX202503280,BOS,"Abreu, Wilyer",abrew002,1,2,1B,1B,1,walk,2,0,0
2025-03-28,TEX202503280,BOS,"Wong, Connor",wongc001,1,2,1B+2B,1B+2B,1,field_out,2,0,0
2025-03-28,TEX202503280,BOS,"Rafaela, Ceddanne",rafac001,1,0,empty,empty,1,field_out,3,0,0
2025-03-28,TEX202503280,BOS,"Duran, Jarren",duraj001,2,1,empty,empty,1,single,3,0,0
2025-03-28,TEX202503280,BOS,"Devers, Rafael",dever001,2,1,1B,2B,0,strikeout,3,0,0
2025-03-28,TEX202503280,BOS,"Bregman, Alex",brega001,2,2,2B,2B,1,field_out,3,0,0
2025-03-28,TEX202503280,BOS,"Casas, Triston",casat001,2,0,empty,empty,1,field_out,4,0,1
2025-03-28,TEX202503280,BOS,"Story, Trevor",stort001,2,1,empty,empty,1,single,4,0,1
2025-03-28,TEX202503280,BOS,"Campbell, Kristian",campk002,2,1,1B,2B,0,single,4,0,1
2025-03-28,TEX202503280,BOS,"Abreu, Wilyer",abrew002,2,1,1B+3B,1B+3B,1,single,4,0,1
2025-03-28,TEX202503280,BOS,"Wong, Connor",wongc001,2,1,1B+3B,1B+3B,1,grounded_into_double_play,4,1,1
2025-03-28,TEX202503280,BOS,"Rafaela, Ceddanne",rafac001,2,0,empty,empty,1,field_out,5,1,1
2025-03-28,TEX202503280,BOS,"Duran, Jarren",duraj001,3,1,empty,empty,1,field_out,5,1,1
2025-03-28,TEX202503280,BOS,"Devers, Rafael",dever001,3,2,empty,empty,1,strikeout,5,1,1
2025-03-28,TEX202503280,BOS,"Bregman, Alex",brega001,3,0,empty,empty,1,single,6,1,2
2025-03-28,TEX202503280,BOS,"Casas, Triston",casat001,3,0,1B,1B,1,strikeout,6,1,2
2025-03-28,TEX202503280,BOS,"Story, Trevor",stort001,3,1,1B,1B,1,field_out,6,1,2
2025-03-28,TEX202503280,BOS,"Campbell, Kristian",campk002,3,2,2B,2B,1,strikeout,6,1,2
2025-03-28,TEX202503280,BOS,"Abreu, Wilyer",abrew002,3,0,empty,empty,1,single,7,1,4
2025-03-28,TEX202503280,BOS,"Wong, Connor",wongc001,3,0,1B,2B,0,walk,7,1,4
2025-03-28,TEX202503280,BOS,"Rafaela, Ceddanne",rafac001,3,0,1B+2B,1B+2B,1,field_out,7,1,4
2025-03-28,TEX202503280,BOS,"Duran, Jarren",duraj001,4,1,1B+2B,1B+2B,1,single,7,1,4
2025-03-28,TEX202503280,BOS,"Devers, Rafael",dever001,4,1,1B+2B+3B,1B+2B+3B,1,strikeout,7,1,4
2025-03-28,TEX202503280,BOS,"Bregman, Alex",brega001,4,2,1B+2B+3B,1B+2B+3B,1,field_out,7,1,4
2025-03-28,TEX202503280,BOS,"Casas, Triston",casat001,4,0,empty,empty,1,field_out,8,1,4
2025-03-28,TEX202503280,BOS,"Story, Trevor",stort001,4,1,empty,empty,1,field_out,8,1,4
2025-03-28,TEX202503280,BOS,"Campbell, Kristian",campk002,4,2,empty,empty,1,field_out,8,1,4
2025-03-28,TEX202503280,BOS,"Abreu, Wilyer",abrew002,4,0,empty,empty,1,field_out,9,1,4
2025-03-28,TEX202503280,BOS,"Wong, Connor",wongc001,4,1,empty,empty,1,field_out,9,1,4
2025-03-28,TEX202503280,BOS,"Rafaela, Ceddanne",rafac001,4,2,empty,empty,1,field_out,9,1,4
2025-03-29,TEX202503290,BOS,"Duran, Jarren",duraj001,1,0,empty,empty,1,walk,1,0,0
2025-03-29,TEX202503290,BOS,"Devers, Rafael",dever001,1,0,1B,1B,1,strikeout,1,0,0
2025-03-29,TEX202503290,BOS,"Bregman, Alex",brega001,1,1,1B,1B,1,single,1,0,0
2025-03-29,TEX202503290,BOS,"Casas, Triston",casat001,1,1,1B+2B,1B+2B,1,strikeout,1,0,0
2025-03-29,TEX202503290,BOS,"Story, Trevor",stort001,1,2,1B+2B,1B+2B,1,field_out,1,0,0
2025-03-29,TEX202503290,BOS,"Abreu, Wilyer",abrew002,1,0,empty,empty,1,double,2,0,2
2025-03-29,TEX202503290,BOS,"Campbell, Kristian",campk002,1,0,2B,2B,1,walk,2,0,2
2025-03-29,TEX202503290,BOS,"Hamilton, David",hamid002,1,0,1B+2B,1B+2B,1,strikeout,2,0,2
2025-03-29,TEX202503290,BOS,"Narvaez, Carlos",narvc002,1,1,1B+2B,1B+2B,1,walk,2,0,2
2025-03-29,TEX202503290,BOS,"Duran, Jarren",duraj001,2,1,1B+2B+3B,1B+2B+3B,1,field_out,2,0,2
2025-03-29,TEX202503290,BOS,"Devers, Rafael",dever001,2,2,1B+2B+3B,1B+2B+3B,1,walk,2,0,2
2025-03-29,TEX202503290,BOS,"Bregman, Alex",brega001,2,2,1B+2B+3B,1B+2B+3B,1,field_out,2,1,2
2025-03-29,TEX202503290,BOS,"Casas, Triston",casat001,2,0,empty,empty,1,strikeout,3,1,2
2025-03-29,TEX202503290,BOS,"Story, Trevor",stort001,2,1,empty,empty,1,field_out,3,1,2
2025-03-29,TEX202503290,BOS,"Abreu, Wilyer",abrew002,2,2,empty,empty,1,field_out,3,1,2
2025-03-29,TEX202503290,BOS,"Campbell, Kristian",campk002,2,0,empty,empty,1,home_run,4,1,2
2025-03-29,TEX202503290,BOS,"Hamilton, David",hamid002,2,0,empty,empty,1,field_out,4,2,2
2025-03-29,TEX202503290,BOS,"Narvaez, Carlos",narvc002,2,1,empty,empty,1,strikeout,4,2,2
2025-03-29,TEX202503290,BOS,"Duran, Jarren",duraj001,3,2,empty,empty,1,field_out,4,2,2
2025-03-29,TEX202503290,BOS,"Devers, Rafael",dever001,3,0,empty,empty,1,field_out,5,2,3
2025-03-29,TEX202503290,BOS,"Bregman, Alex",brega001,3,1,empty,empty,1,walk,5,2,3
2025-03-29,TEX202503290,BOS,"Casas, Triston",casat001,3,1,1B,1B,1,single,5,2,3
2025-03-29,TEX202503290,BOS,"Story, Trevor",stort001,3,1,1B+2B,1B+2B,1,strikeout,5,2,3
2025-03-29,TEX202503290,BOS,"Abreu, Wilyer",abrew002,3,2,1B+2B,1B+2B,1,field_out,5,2,3
2025-03-29,TEX202503290,BOS,"Campbell, Kristian",campk002,3,0,empty,empty,1,double,6,2,4
2025-03-29,TEX202503290,BOS,"Hamilton, David",hamid002,3,0,2B,2B,1,field_out,6,2,4
2025-03-29,TEX202503290,BOS,"Narvaez, Carlos",narvc002,3,1,3B,3B,1,field_out,6,2,4
2025-03-29,TEX202503290,BOS,"Duran, Jarren",duraj001,4,2,3B,3B,1,strikeout,6,2,4
2025-03-29,TEX202503290,BOS,"Devers, Rafael",dever001,4,0,empty,empty,1,strikeout,7,2,4
2025-03-29,TEX202503290,BOS,"Bregman, Alex",brega001,4,1,empty,empty,1,single,7,2,4
2025-03-29,TEX202503290,BOS,"Casas, Triston",casat001,4,1,1B,1B,1,field_out,7,2,4
2025-03-29,TEX202503290,BOS,"Story, Trevor",stort001,4,2,1B,1B,1,field_out,7,2,4
2025-03-29,TEX202503290,BOS,"Gonzalez, Romy",gonzr003,1,0,empty,empty,1,walk,8,2,4
2025-03-29,TEX202503290,BOS,"Campbell, Kristian",campk002,4,0,1B,1B,1,field_out,8,2,4
2025-03-29,TEX202503290,BOS,"Wong, Connor",wongc001,1,1,2B,2B,1,strikeout,8,2,4
2025-03-29,TEX202503290,BOS,"Narvaez, Carlos",narvc002,4,2,2B,2B,1,single,8,2,4
2025-03-29,TEX202503290,BOS,"Duran, Jarren",duraj001,5,2,1B,1B,1,field_out,8,3,4
2025-03-29,TEX202503290,BOS,"Devers, Rafael",dever001,5,0,empty,empty,1,strikeout,9,3,4
2025-03-29,TEX202503290,BOS,"Bregman, Alex",brega001,5,1,empty,empty,1,field_out,9,3,4
2025-03-29,TEX202503290,BOS,"Casas, Triston",casat001,5,2,empty,empty,1,strikeout,9,3,4
2025-03-30,TEX202503300,BOS,"Duran, Jarren",duraj001,1,0,empty,empty,1,field_out,1,0,0
2025-03-30,TEX202503300,BOS,"Devers, Rafael",dever001,1,1,empty,empty,1,field_out,1,0,0
2025-03-30,TEX202503300,BOS,"Bregman, Alex",brega001,1,2,empty,empty,1,field_out,1,0,0
2025-03-30,TEX202503300,BOS,"Casas, Triston",casat001,1,0,empty,empty,1,field_out,2,0,0
2025-03-30,TEX202503300,BOS,"Campbell, Kristian",campk002,1,1,empty,empty,1,double,2,0,0
2025-03-30,TEX202503300,BOS,"Abreu, Wilyer",abrew002,1,1,2B,2B,1,walk,2,0,0
2025-03-30,TEX202503300,BOS,"Wong, Connor",wongc001,1,1,1B+2B,1B+2B,1,field_out,2,0,0
2025-03-30,TEX202503300,BOS,"Hamilton, David",hamid002,1,2,1B+2B,1B+2B,1,field_out,2,0,0
2025-03-30,TEX202503300,BOS,"Rafaela, Ceddanne",rafac001,1,0,empty,empty,1,single,3,0,1
2025-03-30,TEX202503300,BOS,"Duran, Jarren",duraj001,2,0,1B,2B,0,strikeout,3,0,1
2025-03-30,TEX202503300,BOS,"Devers, Rafael",dever001,2,1,2B,2B,1,field_out,3,0,1
2025-03-30,TEX202503300,BOS,"Bregman, Alex",brega001,2,2,3B,3B,1,strikeout,3,0,1
2025-03-30,TEX202503300,BOS,"Casas, Triston",casat001,2,0,empty,empty,1,strikeout,4,0,1
2025-03-30,TEX202503300,BOS,"Campbell, Kristian",campk002,2,1,empty,empty,1,strikeout,4,0,1
2025-03-30,TEX202503300,BOS,"Abreu, Wilyer",abrew002,2,2,empty,empty,1,walk,4,0,1
2025-03-30,TEX202503300,BOS,"Wong, Connor",wongc001,2,2,1B,2B,0,strikeout,4,0,1
2025-03-30,TEX202503300,BOS,"Hamilton, David",hamid002,2,0,empty,empty,1,field_out,5,0,1
2025-03-30,TEX202503300,BOS,"Rafaela, Ceddanne",rafac001,2,1,empty,empty,1,field_out,5,0,1
2025-03-30,TEX202503300,BOS,"Duran, Jarren",duraj001,3,2,empty,empty,1,hit_by_pitch,5,0,1
2025-03-30,TEX202503300,BOS,"Devers, Rafael",dever001,3,2,1B,1B,1,strikeout,5,0,1
2025-03-30,TEX202503300,BOS,"Bregman, Alex",brega001,3,0,empty,empty,1,field_out,6,0,1
2025-03-30,TEX202503300,BOS,"Casas, Triston",casat001,3,1,empty,empty,1,walk,6,0,1
2025-03-30,TEX202503300,BOS,"Campbell, Kristian",campk002,3,1,1B,1B,1,field_out,6,0,1
2025-03-30,TEX202503300,BOS,"Abreu, Wilyer",abrew002,3,2,1B,1B,1,double,6,0,1
2025-03-30,TEX202503300,BOS,"Wong, Connor",wongc001,3,2,2B,2B,1,field_error,6,1,1
2025-03-30,TEX202503300,BOS,"Hamilton, David",hamid002,3,2,1B,2B,0,strikeout,6,2,1
2025-03-30,TEX202503300,BOS,"Rafaela, Ceddanne",rafac001,3,0,empty,empty,1,field_out,7,2,3
2025-03-30,TEX202503300,BOS,"Duran, Jarren",duraj001,4,1,empty,empty,1,field_out,7,2,3
2025-03-30,TEX202503300,BOS,"Devers, Rafael",dever001,4,2,empty,empty,1,strikeout,7,2,3
2025-03-30,TEX202503300,BOS,"Bregman, Alex",brega001,4,0,empty,empty,1,single,8,2,3
2025-03-30,TEX202503300,BOS,"Casas, Triston",casat001,4,0,1B,2B,0,field_out,8,2,3
2025-03-30,TEX202503300,BOS,"Campbell, Kristian",campk002,4,1,3B,3B,1,strikeout,8,2,3
2025-03-30,TEX202503300,BOS,"Abreu, Wilyer",abrew002,4,2,3B,3B,1,intent_walk,8,2,3
2025-03-30,TEX202503300,BOS,"Wong, Connor",wongc001,4,2,1B+3B,1B+3B,1,strikeout,8,2,3
2025-03-30,TEX202503300,BOS,"Hamilton, David",hamid002,4,0,empty,empty,1,field_out,9,2,3
2025-03-30,TEX202503300,BOS,"Rafaela, Ceddanne",rafac001,4,1,empty,empty,1,field_out,9,2,3
2025-03-30,TEX202503300,BOS,"Duran, Jarren",duraj001,5,2,empty,empty,1,double,9,2,3
2025-03-30,TEX202503300,BOS,"Devers, Rafael",dever001,5,2,2B,2B,1,walk,9,2,3
2025-03-30,TEX202503300,BOS,"Bregman, Alex",brega001,5,2,1B+2B,1B+2B,1,strikeout,9,2,3
2025-03-31,BAL202503310,BOS,"Duran, Jarren",duraj001,1,0,empty,empty,1,field_out,1,0,0
2025-03-31,BAL202503310,BOS,"Devers, Rafael",dever001,1,1,empty,empty,1,walk,1,0,0
2025-03-31,BAL202503310,BOS,"Bregman, Alex",brega001,1,1,1B,1B,1,single,1,0,0
2025-03-31,BAL202503310,BOS,"Refsnyder, Rob",refsr001,1,1,1B+2B,1B+2B,1,strikeout,1,0,0
2025-03-31,BAL202503310,BOS,"Story, Trevor",stort001,1,2,1B+2B,1B+2B,1,strikeout,1,0,0
2025-03-31,BAL202503310,BOS,"Campbell, Kristian",campk002,1,0,empty,empty,1,walk,2,0,4
2025-03-31,BAL202503310,BOS,"Gonzalez, Romy",gonzr003,1,0,1B,1B,1,single,2,0,4
2025-03-31,BAL202503310,BOS,"Wong, Connor",wongc001,1,0,1B+2B,1B+2B,1,strikeout,2,0,4
2025-03-31,BAL202503310,BOS,"Rafaela, Ceddanne",rafac001,1,1,1B+2B,1B+2B,1,strikeout,2,0,4
2025-03-31,BAL202503310,BOS,"Duran, Jarren",duraj001,2,2,1B+2B,1B+2B,1,triple,2,0,4
2025-03-31,BAL202503310,BOS,"Devers, Rafael",dever001,2,2,3B,3B,1,strikeout,2,2,4
2025-03-31,BAL202503310,BOS,"Bregman, Alex",brega001,2,0,empty,empty,1,strikeout,3,2,4
2025-03-31,BAL202503310,BOS,"Refsnyder, Rob",refsr001,2,1,empty,empty,1,single,3,2,4
2025-03-31,BAL202503310,BOS,"Story, Trevor",stort001,2,1,1B,1B,1,single,3,2,4
2025-03-31,BAL202503310,BOS,"Campbell, Kristian",campk002,2,1,2B+3B,2B+3B,1,field_out,3,2,4
2025-03-31,BAL202503310,BOS,"Gonzalez, Romy",gonzr003,2,2,3B,3B,1,strikeout,3,3,4
2025-03-31,BAL202503310,BOS,"Wong, Connor",wongc001,2,0,empty,empty,1,field_out,4,3,4
2025-03-31,BAL202503310,BOS,"Rafaela, Ceddanne",rafac001,2,1,empty,empty,1,field_out,4,3,4
2025-03-31,BAL202503310,BOS,"Duran, Jarren",duraj001,3,2,empty,empty,1,field_out,4,3,4
2025-03-31,BAL202503310,BOS,"Devers, Rafael",dever001,3,0,empty,empty,1,strikeout,5,3,4
2025-03-31,BAL202503310,BOS,"Bregman, Alex",brega001,3,1,empty,empty,1,field_out,5,3,4
2025-03-31,BAL202503310,BOS,"Refsnyder, Rob",refsr001,3,2,empty,empty,1,single,5,3,4
2025-03-31,BAL202503310,BOS,"Story, Trevor",stort001,3,2,1B,2B,0,strikeout,5,3,4
2025-03-31,BAL202503310,BOS,"Campbell, Kristian",campk002,3,0,empty,empty,1,strikeout,6,3,4
2025-03-31,BAL202503310,BOS,"Gonzalez, Romy",gonzr003,3,1,empty,empty,1,field_out,6,3,4
2025-03-31,BAL202503310,BOS,"Wong, Connor",wongc001,3,2,empty,empty,1,field_out,6,3,4
2025-03-31,BAL202503310,BOS,"Rafaela, Ceddanne",rafac001,3,0,empty,empty,1,field_out,7,3,4
2025-03-31,BAL202503310,BOS,"Duran, Jarren",duraj001,4,1,empty,empty,1,strikeout,7,3,4
2025-03-31,BAL202503310,BOS,"Devers, Rafael",dever001,4,2,empty,empty,1,strikeout,7,3,4
2025-03-31,BAL202503310,BOS,"Bregman, Alex",brega001,4,0,empty,empty,1,field_out,8,3,4
2025-03-31,BAL202503310,BOS,"Abreu, Wilyer",abrew002,1,1,empty,empty,1,field_out,8,3,4
2025-03-31,BAL202503310,BOS,"Story, Trevor",stort001,4,2,empty,empty,1,strikeout,8,3,4
2025-03-31,BAL202503310,BOS,"Campbell, Kristian",campk002,4,0,empty,empty,1,walk,9,3,8
2025-03-31,BAL202503310,BOS,"Gonzalez, Romy",gonzr003,4,0,1B,2B,0,double,9,3,8
2025-03-31,BAL202503310,BOS,"Wong, Connor",wongc001,4,0,2B,2B,1,field_out,9,4,8
2025-03-31,BAL202503310,BOS,"Casas, Triston",casat001,1,1,2B,2B,1,field_out,9,4,8
2025-03-31,BAL202503310,BOS,"Duran, Jarren",duraj001,5,2,3B,3B,1,single,9,4,8
2025-03-31,BAL202503310,BOS,"Devers, Rafael",dever001,5,2,1B,2B,0,walk,9,5,8
2025-03-31,BAL202503310,BOS,"Bregman, Alex",brega001,5,2,1B+2B,1B+2B,1,field_out,9,5,8
2025-04-02,BAL202504020,BOS,"Duran, Jarren",duraj001,1,0,empty,empty,1,strikeout,1,0,0
2025-04-02,BAL202504020,BOS,"Devers, Rafael",dever001,1,1,empty,empty,1,field_out,1,0,0
2025-04-02,BAL202504020,BOS,"Bregman, Alex",brega001,1,2,empty,empty,1,field_out,1,0,0
2025-04-02,BAL202504020,BOS,"Casas, Triston",casat001,1,0,empty,empty,1,strikeout,2,0,0
2025-04-02,BAL202504020,BOS,"Story, Trevor",stort001,1,1,empty,empty,1,home_run,2,0,0
2025-04-02,BAL202504020,BOS,"Abreu, Wilyer",abrew002,1,1,empty,empty,1,field_out,2,1,0
2025-04-02,BAL202504020,BOS,"Campbell, Kristian",campk002,1,2,empty,empty,1,double,2,1,0
2025-04-02,BAL202504020,BOS,"Wong, Connor",wongc001,1,2,2B,2B,1,strikeout,2,1,0
2025-04-02,BAL202504020,BOS,"Rafaela, Ceddanne",rafac001,1,0,empty,empty,1,field_out,3,1,0
2025-04-02,BAL202504020,BOS,"Duran, Jarren",duraj001,2,1,empty,empty,1,field_out,3,1,0
2025-04-02,BAL202504020,BOS,"Devers, Rafael",dever001,2,2,empty,empty,1,field_out,3,1,0
2025-04-02,BAL202504020,BOS,"Bregman, Alex",brega001,2,0,empty,empty,1,single,4,1,0
2025-04-02,BAL202504020,BOS,"Casas, Triston",casat001,2,1,1B,empty,0,strikeout,4,1,0
2025-04-02,BAL202504020,BOS,"Story, Trevor",stort001,2,2,empty,empty,1,single,4,1,0
2025-04-02,BAL202504020,BOS,"Abreu, Wilyer",abrew002,2,2,1B,1B,1,field_out,4,1,0
2025-04-02,BAL202504020,BOS,"Campbell, Kristian",campk002,2,0,empty,empty,1,double,5,1,0
2025-04-02,BAL202504020,BOS,"Wong, Connor",wongc001,2,0,2B,2B,1,field_out,5,1,0
2025-04-02,BAL202504020,BOS,"Rafaela, Ceddanne",rafac001,2,1,2B,2B,1,single,5,1,0
2025-04-02,BAL202504020,BOS,"Duran, Jarren",duraj001,3,1,1B,1B,1,field_out,5,2,0
2025-04-02,BAL202504020,BOS,"Devers, Rafael",dever001,3,2,1B,1B,1,double,5,2,0
2025-04-02,BAL202504020,BOS,"Bregman, Alex",brega001,3,2,2B,2B,1,field_out,5,3,0
2025-04-02,BAL202504020,BOS,"Casas, Triston",casat001,3,0,empty,empty,1,field_out,6,3,0
2025-04-02,BAL202504020,BOS,"Story, Trevor",stort001,3,1,empty,empty,1,single,6,3,0
2025-04-02,BAL202504020,BOS,"Abreu, Wilyer",abrew002,3,2,empty,empty,1,strikeout,6,3,0
2025-04-02,BAL202504020,BOS,"Campbell, Kristian",campk002,3,0,empty,empty,1,field_out,7,3,0
2025-04-02,BAL202504020,BOS,"Wong, Connor",wongc001,3,1,empty,empty,1,field_out,7,3,0
2025-04-02,BAL202504020,BOS,"Rafaela, Ceddanne",rafac001,3,2,empty,empty,1,strikeout,7,3,0
2025-04-02,BAL202504020,BOS,"Duran, Jarren",duraj001,4,0,empty,empty,1,strikeout,8,3,0
2025-04-02,BAL202504020,BOS,"Devers, Rafael",dever001,4,1,empty,empty,1,single,8,3,0
2025-04-02,BAL202504020,BOS,"Bregman, Alex",brega001,4,1,1B,1B,1,strikeout,8,3,0
2025-04-02,BAL202504020,BOS,"Casas, Triston",casat001,4,2,1B,1B,1,single,8,3,0
2025-04-02,BAL202504020,BOS,"Story, Trevor",stort001,4,2,1B+3B,1B+3B,1,strikeout,8,3,0
2025-04-02,BAL202504020,BOS,"Abreu, Wilyer",abrew002,4,0,empty,empty,1,walk,9,3,0
2025-04-02,BAL202504020,BOS,"Campbell, Kristian",campk002,4,0,1B,1B,1,field_out,9,3,0
2025-04-02,BAL202504020,BOS,"Wong, Connor",wongc001,4,1,1B,1B,1,walk,9,3,0
2025-04-02,BAL202504020,BOS,"Rafaela, Ceddanne",rafac001,4,1,1B+2B,1B+2B,1,walk,9,3,0
2025-04-02,BAL202504020,BOS,"Duran, Jarren",duraj001,5,1,1B+2B+3B,1B+2B+3B,1,grounded_into_double_play,9,3,0
2025-04-03,BAL202504030,BOS,"Duran, Jarren",duraj001,1,0,empty,empty,1,strikeout,1,0,0
2025-04-03,BAL202504030,BOS,"Devers, Rafael",dever001,1,1,empty,empty,1,walk,1,0,0
2025-04-03,BAL202504030,BOS,"Bregman, Alex",brega001,1,1,1B,1B,1,home_run,1,0,0
2025-04-03,BAL202504030,BOS,"Casas, Triston",casat001,1,1,empty,empty,1,strikeout,1,2,0
2025-04-03,BAL202504030,BOS,"Story, Trevor",stort001,1,2,empty,empty,1,strikeout,1,2,0
2025-04-03,BAL202504030,BOS,"Abreu, Wilyer",abrew002,1,0,empty,empty,1,walk,2,2,1
2025-04-03,BAL202504030,BOS,"Campbell, Kristian",campk002,1,0,1B,1B,1,home_run,2,2,1
2025-04-03,BAL202504030,BOS,"Narvaez, Carlos",narvc002,1,0,empty,empty,1,strikeout,2,4,1
2025-04-03,BAL202504030,BOS,"Rafaela, Ceddanne",rafac001,1,1,empty,empty,1,field_out,2,4,1
2025-04-03,BAL202504030,BOS,"Duran, Jarren",duraj001,2,2,empty,empty,1,strikeout,2,4,1
2025-04-03,BAL202504030,BOS,"Devers, Rafael",dever001,2,0,empty,empty,1,strikeout,3,4,1
2025-04-03,BAL202504030,BOS,"Bregman, Alex",brega001,2,1,empty,empty,1,strikeout,3,4,1
2025-04-03,BAL202504030,BOS,"Casas, Triston",casat001,2,2,empty,empty,1,single,3,4,1
2025-04-03,BAL202504030,BOS,"Story, Trevor",stort001,2,2,1B,1B,1,field_out,3,4,1
2025-04-03,BAL202504030,BOS,"Abreu, Wilyer",abrew002,2,0,empty,empty,1,single,4,4,2
2025-04-03,BAL202504030,BOS,"Campbell, Kristian",campk002,2,0,1B,1B,1,single,4,4,2
2025-04-03,BAL202504030,BOS,"Narvaez, Carlos",narvc002,2,0,1B+2B,1B+2B,1,field_out,4,4,2
2025-04-03,BAL202504030,BOS,"Rafaela, Ceddanne",rafac001,2,1,1B+2B,1B+2B,1,single,4,4,2
2025-04-03,BAL202504030,BOS,"Duran, Jarren",duraj001,3,1,1B+2B+3B,1B+2B+3B,1,sac_fly,4,4,2
2025-04-03,BAL202504030,BOS,"Devers, Rafael",dever001,3,2,1B+2B,1B+2B,1,field_out,4,5,2
2025-04-03,BAL202504030,BOS,"Bregman, Alex",brega001,3,0,empty,empty,1,strikeout,5,5,3
2025-04-03,BAL202504030,BOS,"Casas, Triston",casat001,3,1,empty,empty,1,strikeout,5,5,3
2025-04-03,BAL202504030,BOS,"Story, Trevor",stort001,3,2,empty,empty,1,strikeout,5,5,3
2025-04-03,BAL202504030,BOS,"Abreu, Wilyer",abrew002,3,0,empty,empty,1,strikeout,6,5,3
2025-04-03,BAL202504030,BOS,"Campbell, Kristian",campk002,3,1,empty,empty,1,field_out,6,5,3
2025-04-03,BAL202504030,BOS,"Narvaez, Carlos",narvc002,3,2,empty,empty,1,single,6,5,3
2025-04-03,BAL202504030,BOS,"Rafaela, Ceddanne",rafac001,3,2,1B,1B,1,field_out,6,5,3
2025-04-03,BAL202504030,BOS,"Duran, Jarren",duraj001,4,0,empty,empty,1,field_out,7,5,3
2025-04-03,BAL202504030,BOS,"Devers, Rafael",dever001,4,1,empty,empty,1,field_out,7,5,3
2025-04-03,BAL202504030,BOS,"Bregman, Alex",brega001,4,2,empty,empty,1,double,7,5,3
2025-04-03,BAL202504030,BOS,"Casas, Triston",casat001,4,2,2B,2B,1,home_run,7,5,3
2025-04-03,BAL202504030,BOS,"Story, Trevor",stort001,4,2,empty,empty,1,field_out,7,7,3
2025-04-03,BAL202504030,BOS,"Abreu, Wilyer",abrew002,4,0,empty,empty,1,field_out,8,7,3
2025-04-03,BAL202504030,BOS,"Campbell, Kristian",campk002,4,1,empty,empty,1,field_out,8,7,3
2025-04-03,BAL202504030,BOS,"Narvaez, Carlos",narvc002,4,2,empty,empty,1,field_out,8,7,3
2025-04-03,BAL202504030,BOS,"Rafaela, Ceddanne",rafac001,4,0,empty,empty,1,field_out,9,7,3
2025-04-03,BAL202504030,BOS,"Duran, Jarren",duraj001,5,1,empty,empty,1,field_out,9,7,3
2025-04-03,BAL202504030,BOS,"Devers, Rafael",dever001,5,2,empty,empty,1,single,9,7,3
2025-04-03,BAL202504030,BOS,"Bregman, Alex",brega001,5,2,1B,1B,1,double,9,7,3
2025-04-03,BAL202504030,BOS,"Casas, Triston",casat001,5,2,2B,2B,1,field_out,9,8,3
2025-04-04,BOS202504040,BOS,"Duran, Jarren",duraj001,1,0,empty,empty,1,single,1,0,0
2025-04-04,BOS202504040,BOS,"Devers, Rafael",dever001,1,0,1B,2B,0,walk,1,0,0
2025-04-04,BOS202504040,BOS,"Bregman, Alex",brega001,1,0,1B+2B,1B+2B,1,double,1,0,0
2025-04-04,BOS202504040,BOS,"Casas, Triston",casat001,1,0,2B+3B,2B+3B,1,field_out,1,1,0
2025-04-04,BOS202504040,BOS,"Story, Trevor",stort001,1,1,2B+3B,2B+3B,1,home_run,1,1,0
2025-04-04,BOS202504040,BOS,"Abreu, Wilyer",abrew002,1,1,empty,empty,1,home_run,1,4,0
2025-04-04,BOS202504040,BOS,"Campbell, Kristian",campk002,1,1,empty,empty,1,strikeout,1,5,0
2025-04-04,BOS202504040,BOS,"Narvaez, Carlos",narvc002,1,2,empty,empty,1,walk,1,5,0
2025-04-04,BOS202504040,BOS,"Rafaela, Ceddanne",rafac001,1,2,1B,1B,1,field_out,1,5,0
2025-04-04,BOS202504040,BOS,"Duran, Jarren",duraj001,2,0,empty,empty,1,field_out,2,5,0
2025-04-04,BOS202504040,BOS,"Devers, Rafael",dever001,2,1,empty,empty,1,walk,2,5,0
2025-04-04,BOS202504040,BOS,"Bregman, Alex",brega001,2,1,1B,1B,1,field_out,2,5,0
2025-04-04,BOS202504040,BOS,"Casas, Triston",casat001,2,2,1B,1B,1,field_out,2,5,0
2025-04-04,BOS202504040,BOS,"Story, Trevor",stort001,2,0,empty,empty,1,field_out,3,5,1
2025-04-04,BOS202504040,BOS,"Abreu, Wilyer",abrew002,2,1,empty,empty,1,field_out,3,5,1
2025-04-04,BOS202504040,BOS,"Campbell, Kristian",campk002,2,2,empty,empty,1,walk,3,5,1
2025-04-04,BOS202504040,BOS,"Narvaez, Carlos",narvc002,2,2,1B,2B,0,single,3,5,1
2025-04-04,BOS202504040,BOS,"Rafaela, Ceddanne",rafac001,2,0,empty,empty,1,field_out,4,6,4
2025-04-04,BOS202504040,BOS,"Duran, Jarren",duraj001,3,1,empty,empty,1,field_out,4,6,4
2025-04-04,BOS202504040,BOS,"Devers, Rafael",dever001,3,2,empty,empty,1,field_out,4,6,4
2025-04-04,BOS202504040,BOS,"Bregman, Alex",brega001,3,0,empty,empty,1,walk,5,6,5
2025-04-04,BOS202504040,BOS,"Casas, Triston",casat001,3,0,1B,1B,1,double,5,6,5
2025-04-04,BOS202504040,BOS,"Story, Trevor",stort001,3,0,2B+3B,2B+3B,1,strikeout,5,6,5
2025-04-04,BOS202504040,BOS,"Abreu, Wilyer",abrew002,3,1,2B+3B,2B+3B,1,single,5,6,5
2025-04-04,BOS202504040,BOS,"Campbell, Kristian",campk002,3,1,1B+3B,1B+3B,1,sac_fly,5,7,5
2025-04-04,BOS202504040,BOS,"Narvaez, Carlos",narvc002,3,2,1B,1B,1,field_out,5,8,5
2025-04-04,BOS202504040,BOS,"Rafaela, Ceddanne",rafac001,3,0,empty,empty,1,field_out,6,8,5
2025-04-04,BOS202504040,BOS,"Duran, Jarren",duraj001,4,1,empty,empty,1,field_out,6,8,5
2025-04-04,BOS202504040,BOS,"Devers, Rafael",dever001,4,2,empty,empty,1,single,6,8,5
2025-04-04,BOS202504040,BOS,"Bregman, Alex",brega001,4,2,1B,1B,1,single,6,8,5
2025-04-04,BOS202504040,BOS,"Casas, Triston",casat001,4,2,1B+2B,1B+2B,1,field_out,6,8,5
2025-04-04,BOS202504040,BOS,"Story, Trevor",stort001,4,0,empty,empty,1,field_out,7,8,6
2025-04-04,BOS202504040,BOS,"Abreu, Wilyer",abrew002,4,1,empty,empty,1,single,7,8,6
2025-04-04,BOS202504040,BOS,"Campbell, Kristian",campk002,4,1,1B,1B,1,single,7,8,6
2025-04-04,BOS202504040,BOS,"Narvaez, Carlos",narvc002,4,1,1B+2B,1B+2B,1,walk,7,8,6
2025-04-04,BOS202504040,BOS,"Rafaela, Ceddanne",rafac001,4,1,1B+2B+3B,1B+2B+3B,1,field_out,7,8,6
2025-04-04,BOS202504040,BOS,"Duran, Jarren",duraj001,5,2,1B+3B,1B+3B,1,single,7,9,6
2025-04-04,BOS202504040,BOS,"Devers, Rafael",dever001,5,2,1B+3B,1B+3B,1,single,7,10,6
2025-04-04,BOS202504040,BOS,"Bregman, Alex",brega001,5,2,1B+3B,1B+3B,1,strikeout,7,11,6
2025-04-04,BOS202504040,BOS,"Casas, Triston",casat001,5,0,empty,empty,1,double,8,11,6
2025-04-04,BOS202504040,BOS,"Story, Trevor",stort001,5,0,2B,2B,1,single,8,11,6
2025-04-04,BOS202504040,BOS,"Abreu, Wilyer",abrew002,5,0,1B+3B,1B+3B,1,grounded_into_double_play,8,11,6
2025-04-04,BOS202504040,BOS,"Campbell, Kristian",campk002,5,2,empty,empty,1,walk,8,12,6
2025-04-04,BOS202504040,BOS,"Narvaez, Carlos",narvc002,5,2,1B,1B,1,double,8,12,6
2025-04-04,BOS202504040,BOS,"Rafaela, Ceddanne",rafac001,5,2,2B,2B,1,walk,8,13,6
2025-04-04,BOS202504040,BOS,"Duran, Jarren",duraj001,6,2,1B+2B,1B+2B,1,field_out,8,13,6
2025-04-06,BOS202504061,BOS,"Duran, Jarren",duraj001,1,0,empty,empty,1,field_out,1,0,0
2025-04-06,BOS202504061,BOS,"Devers, Rafael",dever001,1,1,empty,empty,1,field_out,1,0,0
2025-04-06,BOS202504061,BOS,"Bregman, Alex",brega001,1,2,empty,empty,1,walk,1,0,0
2025-04-06,BOS202504061,BOS,"Casas, Triston",casat001,1,2,1B,1B,1,strikeout,1,0,0
2025-04-06,BOS202504061,BOS,"Story, Trevor",stort001,1,0,empty,empty,1,single,2,0,0
2025-04-06,BOS202504061,BOS,"Refsnyder, Rob",refsr001,1,0,1B,1B,1,single,2,0,0
2025-04-06,BOS202504061,BOS,"Campbell, Kristian",campk002,1,0,1B+3B,1B+3B,1,walk,2,0,0
2025-04-06,BOS202504061,BOS,"Hamilton, David",hamid002,1,0,1B+2B+3B,1B+2B+3B,1,strikeout,2,0,0
2025-04-06,BOS202504061,BOS,"Wong, Connor",wongc001,1,1,1B+2B+3B,1B+2B+3B,1,field_out,2,0,0
2025-04-06,BOS202504061,BOS,"Duran, Jarren",duraj001,2,2,1B+2B+3B,1B+2B+3B,1,field_out,2,0,0
2025-04-06,BOS202504061,BOS,"Devers, Rafael",dever001,2,0,empty,empty,1,strikeout,3,0,0
2025-04-06,BOS202504061,BOS,"Bregman, Alex",brega001,2,1,empty,empty,1,field_out,3,0,0
2025-04-06,BOS202504061,BOS,"Casas, Triston",casat001,2,2,empty,empty,1,field_out,3,0,0
2025-04-06,BOS202504061,BOS,"Story, Trevor",stort001,2,0,empty,empty,1,strikeout,4,0,1
2025-04-06,BOS202504061,BOS,"Refsnyder, Rob",refsr001,2,1,empty,empty,1,walk,4,0,1
2025-04-06,BOS202504061,BOS,"Campbell, Kristian",campk002,2,1,1B,2B,0,strikeout,4,0,1
2025-04-06,BOS202504061,BOS,"Hamilton, David",hamid002,2,2,2B,2B,1,single,4,0,1
2025-04-06,BOS202504061,BOS,"Wong, Connor",wongc001,2,2,1B,2B,0,strikeout,4,1,1
2025-04-06,BOS202504061,BOS,"Duran, Jarren",duraj001,3,0,empty,empty,1,field_out,5,1,1
2025-04-06,BOS202504061,BOS,"Devers, Rafael",dever001,3,1,empty,empty,1,home_run,5,1,1
2025-04-06,BOS202504061,BOS,"Bregman, Alex",brega001,3,1,empty,empty,1,strikeout,5,2,1
2025-04-06,BOS202504061,BOS,"Casas, Triston",casat001,3,2,empty,empty,1,strikeout,5,2,1
2025-04-06,BOS202504061,BOS,"Story, Trevor",stort001,3,0,empty,empty,1,field_out,6,2,2
2025-04-06,BOS202504061,BOS,"Refsnyder, Rob",refsr001,3,1,empty,empty,1,strikeout,6,2,2
2025-04-06,BOS202504061,BOS,"Campbell, Kristian",campk002,3,2,empty,empty,1,strikeout,6,2,2
2025-04-06,BOS202504061,BOS,"Gonzalez, Romy",gonzr003,1,0,empty,empty,1,single,7,2,2
2025-04-06,BOS202504061,BOS,"Wong, Connor",wongc001,3,1,1B,empty,0,single,7,2,2
2025-04-06,BOS202504061,BOS,"Duran, Jarren",duraj001,4,1,1B,1B,1,strikeout,7,2,2
2025-04-06,BOS202504061,BOS,"Devers, Rafael",dever001,4,0,1B,empty,0,field_out,8,2,4
2025-04-06,BOS202504061,BOS,"Bregman, Alex",brega001,4,1,empty,empty,1,field_out,8,2,4
2025-04-06,BOS202504061,BOS,"Casas, Triston",casat001,4,2,empty,empty,1,field_out,8,2,4
2025-04-06,BOS202504061,BOS,"Story, Trevor",stort001,4,0,empty,empty,1,walk,9,2,4
2025-04-06,BOS202504061,BOS,"Abreu, Wilyer",abrew002,1,0,1B,1B,1,walk,9,2,4
2025-04-06,BOS202504061,BOS,"Campbell, Kristian",campk002,4,0,1B+2B,1B+2B,1,field_out,9,2,4
2025-04-06,BOS202504061,BOS,"Gonzalez, Romy",gonzr003,2,1,1B+2B,1B+2B,1,double,9,2,4
2025-04-06,BOS202504061,BOS,"Wong, Connor",wongc001,4,1,2B+3B,2B+3B,1,walk,9,3,4
2025-04-06,BOS202504061,BOS,"Duran, Jarren",duraj001,5,1,1B+2B+3B,1B+2B+3B,1,strikeout,9,3,4
2025-04-06,BOS202504061,BOS,"Devers, Rafael",dever001,5,2,1B+2B+3B,1B+2B+3B,1,walk,9,3,4
2025-04-06,BOS202504061,BOS,"Bregman, Alex",brega001,5,2,1B+2B+3B,1B+2B+3B,1,strikeout,9,4,4
2025-04-06,BOS202504061,BOS,"Casas, Triston",casat001,5,0,2B,2B,1,intent_walk,10,4,4
2025-04-06,BOS202504061,BOS,"Story, Trevor",stort001,5,0,1B+2B,1B+2B,1,field_out,10,4,4
2025-04-06,BOS202504061,BOS,"Abreu, Wilyer",abrew002,2,1,1B+2B,1B+2B,1,single,10,4,4
2025-04-06,BOS202504062,BOS,"Duran, Jarren",duraj001,1,0,empty,empty,1,strikeout,1,0,1
2025-04-06,BOS202504062,BOS,"Devers, Rafael",dever001,1,1,empty,empty,1,single,1,0,1
2025-04-06,BOS202504062,BOS,"Bregman, Alex",brega001,1,1,1B,1B,1,single,1,0,1
2025-04-06,BOS202504062,BOS,"Abreu, Wilyer",abrew002,1,1,1B+3B,1B+3B,1,single,1,0,1
2025-04-06,BOS202504062,BOS,"Story, Trevor",stort001,1,1,1B+2B,1B+2B,1,field_out,1,1,1
2025-04-06,BOS202504062,BOS,"Campbell, Kristian",campk002,1,2,2B+3B,2B+3B,1,field_out,1,1,1
2025-04-06,BOS202504062,BOS,"Gonzalez, Romy",gonzr003,1,0,empty,empty,1,single,2,1,1
2025-04-06,BOS202504062,BOS,"Narvaez, Carlos",narvc002,1,0,1B,1B,1,double,2,1,1
2025-04-06,BOS202504062,BOS,"Rafaela, Ceddanne",rafac001,1,0,2B+3B,2B+3B,1,single,2,1,1
2025-04-06,BOS202504062,BOS,"Duran, Jarren",duraj001,2,0,1B+3B,1B+3B,1,field_out,2,2,1
2025-04-06,BOS202504062,BOS,"Devers, Rafael",dever001,2,1,1B+3B,1B+3B,1,walk,2,2,1
2025-04-06,BOS202504062,BOS,"Bregman, Alex",brega001,2,1,1B+2B+3B,1B+2B+3B,1,double,2,2,1
2025-04-06,BOS202504062,BOS,"Abreu, Wilyer",abrew002,2,1,2B+3B,2B+3B,1,double,2,4,1
2025-04-06,BOS202504062,BOS,"Story, Trevor",stort001,2,1,2B,2B,1,field_out,2,6,1
2025-04-06,BOS202504062,BOS,"Campbell, Kristian",campk002,2,2,3B,3B,1,field_out,2,6,1
2025-04-06,BOS202504062,BOS,"Gonzalez, Romy",gonzr003,2,0,empty,empty,1,field_out,3,6,1
2025-04-06,BOS202504062,BOS,"Narvaez, Carlos",narvc002,2,1,empty,empty,1,field_out,3,6,1
2025-04-06,BOS202504062,BOS,"Rafaela, Ceddanne",rafac001,2,2,empty,empty,1,single,3,6,1
2025-04-06,BOS202504062,BOS,"Duran, Jarren",duraj001,3,2,1B,2B,0,single,3,6,1
2025-04-06,BOS202504062,BOS,"Devers, Rafael",dever001,3,2,1B,1B,1,single,3,7,1
2025-04-06,BOS202504062,BOS,"Bregman, Alex",brega001,3,2,1B+3B,1B+3B,1,home_run,3,7,1
2025-04-06,BOS202504062,BOS,"Abreu, Wilyer",abrew002,3,2,empty,empty,1,strikeout,3,10,1
2025-04-06,BOS202504062,BOS,"Story, Trevor",stort001,3,0,empty,empty,1,field_out,4,10,2
2025-04-06,BOS202504062,BOS,"Campbell, Kristian",campk002,3,1,empty,empty,1,single,4,10,2
2025-04-06,BOS202504062,BOS,"Gonzalez, Romy",gonzr003,3,1,1B,1B,1,strikeout,4,10,2
2025-04-06,BOS202504062,BOS,"Narvaez, Carlos",narvc002,3,2,1B,1B,1,field_out,4,10,2
2025-04-06,BOS202504062,BOS,"Rafaela, Ceddanne",rafac001,3,0,empty,empty,1,field_out,5,10,2
2025-04-06,BOS202504062,BOS,"Duran, Jarren",duraj001,4,1,empty,empty,1,field_error,5,10,2
2025-04-06,BOS202504062,BOS,"Devers, Rafael",dever001,4,1,2B,2B,1,double,5,10,2
2025-04-06,BOS202504062,BOS,"Bregman, Alex",brega001,4,1,2B,2B,1,field_out,5,11,2
2025-04-06,BOS202504062,BOS,"Abreu, Wilyer",abrew002,4,2,2B,2B,1,field_out,5,11,2
2025-04-06,BOS202504062,BOS,"Story, Trevor",stort001,4,0,empty,empty,1,double,6,11,2
2025-04-06,BOS202504062,BOS,"Campbell, Kristian",campk002,4,0,2B,2B,1,field_out,6,11,2
2025-04-06,BOS202504062,BOS,"Gonzalez, Romy",gonzr003,4,1,2B,2B,1,field_out,6,11,2
2025-04-06,BOS202504062,BOS,"Narvaez, Carlos",narvc002,4,2,3B,3B,1,double,6,11,2
2025-04-06,BOS202504062,BOS,"Rafaela, Ceddanne",rafac001,4,2,2B,3B,0,walk,6,12,2
2025-04-06,BOS202504062,BOS,"Duran, Jarren",duraj001,5,2,1B+3B,1B+3B,1,single,6,12,2
2025-04-06,BOS202504062,BOS,"Devers, Rafael",dever001,5,2,1B+2B,1B+2B,1,double,6,13,2
2025-04-06,BOS202504062,BOS,"Bregman, Alex",brega001,5,2,2B,2B,1,double,6,15,2
2025-04-06,BOS202504062,BOS,"Abreu, Wilyer",abrew002,5,2,2B,2B,1,field_out,6,16,2
2025-04-06,BOS202504062,BOS,"Hamilton, David",hamid002,1,0,empty,empty,1,field_out,7,16,3
2025-04-06,BOS202504062,BOS,"Campbell, Kristian",campk002,5,1,empty,empty,1,walk,7,16,3
2025-04-06,BOS202504062,BOS,"Gonzalez, Romy",gonzr003,5,1,1B,1B,1,single,7,16,3
2025-04-06,BOS202504062,BOS,"Narvaez, Carlos",narvc002,5,1,1B+2B,1B+2B,1,walk,7,16,3
2025-04-06,BOS202504062,BOS,"Rafaela, Ceddanne",rafac001,5,1,1B+2B+3B,2B+3B,0,single,7,17,3
2025-04-06,BOS202504062,BOS,"Refsnyder, Rob",refsr001,1,1,1B+3B,1B+3B,1,field_out,7,18,3
2025-04-06,BOS202504062,BOS,"Wong, Connor",wongc001,1,2,1B+3B,1B+3B,1,field_out,7,18,3
2025-04-06,BOS202504062,BOS,"Casas, Triston",casat001,1,0,empty,empty,1,field_out,8,18,3
2025-04-06,BOS202504062,BOS,"Abreu, Wilyer",abrew002,6,1,empty,empty,1,strikeout,8,18,3
2025-04-06,BOS202504062,BOS,"Hamilton, David",hamid002,2,2,empty,empty,1,strikeout,8,18,3
2025-04-07,BOS202504070,BOS,"Duran, Jarren",duraj001,1,0,empty,empty,1,double,1,0,0
2025-04-07,BOS202504070,BOS,"Devers, Rafael",dever001,1,0,2B,2B,1,field_out,1,0,0
2025-04-07,BOS202504070,BOS,"Bregman, Alex",brega001,1,1,3B,3B,1,field_out,1,0,0
2025-04-07,BOS202504070,BOS,"Casas, Triston",casat001,1,2,3B,3B,1,field_out,1,0,0
2025-04-07,BOS202504070,BOS,"Story, Trevor",stort001,1,0,empty,empty,1,field_out,2,0,0
2025-04-07,BOS202504070,BOS,"Abreu, Wilyer",abrew002,1,1,empty,empty,1,strikeout,2,0,0
2025-04-07,BOS202504070,BOS,"Narvaez, Carlos",narvc002,1,2,empty,empty,1,field_out,2,0,0
2025-04-07,BOS202504070,BOS,"Hamilton, David",hamid002,1,0,empty,empty,1,walk,3,0,2
2025-04-07,BOS202504070,BOS,"Rafaela, Ceddanne",rafac001,1,1,1B,empty,0,walk,3,0,2
2025-04-07,BOS202504070,BOS,"Duran, Jarren",duraj001,2,1,1B,1B,1,double,3,0,2
2025-04-07,BOS202504070,BOS,"Devers, Rafael",dever001,2,1,2B+3B,2B+3B,1,sac_fly,3,0,2
2025-04-07,BOS202504070,BOS,"Bregman, Alex",brega001,2,2,3B,3B,1,field_out,3,1,2
2025-04-07,BOS202504070,BOS,"Casas, Triston",casat001,2,0,empty,empty,1,field_out,4,1,2
2025-04-07,BOS202504070,BOS,"Story, Trevor",stort001,2,1,empty,empty,1,field_out,4,1,2
2025-04-07,BOS202504070,BOS,"Abreu, Wilyer",abrew002,2,2,empty,empty,1,field_out,4,1,2
2025-04-07,BOS202504070,BOS,"Narvaez, Carlos",narvc002,2,0,empty,empty,1,field_out,5,1,3
2025-04-07,BOS202504070,BOS,"Hamilton, David",hamid002,2,1,empty,empty,1,field_out,5,1,3
2025-04-07,BOS202504070,BOS,"Rafaela, Ceddanne",rafac001,2,2,empty,empty,1,field_out,5,1,3
2025-04-07,BOS202504070,BOS,"Duran, Jarren",duraj001,3,0,empty,empty,1,field_out,6,1,3
2025-04-07,BOS202504070,BOS,"Devers, Rafael",dever001,3,1,empty,empty,1,field_out,6,1,3
2025-04-07,BOS202504070,BOS,"Bregman, Alex",brega001,3,2,empty,empty,1,single,6,1,3
2025-04-07,BOS202504070,BOS,"Casas, Triston",casat001,3,0,empty,empty,1,walk,7,1,5
2025-04-07,BOS202504070,BOS,"Story, Trevor",stort001,3,0,1B,1B,1,single,7,1,5
2025-04-07,BOS202504070,BOS,"Abreu, Wilyer",abrew002,3,0,1B+2B,1B+2B,1,field_out,7,1,5
2025-04-07,BOS202504070,BOS,"Narvaez, Carlos",narvc002,3,1,1B+2B,1B+2B,1,field_out,7,1,5
2025-04-07,BOS202504070,BOS,"Hamilton, David",hamid002,3,2,1B+2B,1B+2B,1,strikeout,7,1,5
2025-04-07,BOS202504070,BOS,"Rafaela, Ceddanne",rafac001,3,0,empty,empty,1,field_error,8,1,5
2025-04-07,BOS202504070,BOS,"Duran, Jarren",duraj001,4,0,2B,2B,1,walk,8,1,5
2025-04-07,BOS202504070,BOS,"Devers, Rafael",dever001,4,0,1B+2B,1B+2B,1,field_out,8,1,5
2025-04-07,BOS202504070,BOS,"Bregman, Alex",brega001,4,1,1B+2B,1B+2B,1,field_out,8,1,5
2025-04-07,BOS202504070,BOS,"Casas, Triston",casat001,4,2,1B+2B,1B+2B,1,single,8,1,5
2025-04-07,BOS202504070,BOS,"Story, Trevor",stort001,4,2,1B+3B,1B+3B,1,strikeout,8,2,5
2025-04-07,BOS202504070,BOS,"Abreu, Wilyer",abrew002,4,0,empty,empty,1,strikeout,9,2,6
2025-04-07,BOS202504070,BOS,"Narvaez, Carlos",narvc002,4,1,empty,empty,1,field_out,9,2,6
2025-04-07,BOS202504070,BOS,"Hamilton, David",hamid002,4,2,empty,empty,1,field_out,9,2,6
2025-04-08,BOS202504080,BOS,"Duran, Jarren",duraj001,1,0,empty,empty,1,strikeout,1,0,0
2025-04-08,BOS202504080,BOS,"Devers, Rafael",dever001,1,1,empty,empty,1,strikeout,1,0,0
2025-04-08,BOS202504080,BOS,"Bregman, Alex",brega001,1,2,empty,empty,1,field_out,1,0,0
2025-04-08,BOS202504080,BOS,"Refsnyder, Rob",refsr001,1,0,empty,empty,1,strikeout,2,0,0
2025-04-08,BOS202504080,BOS,"Story, Trevor",stort001,1,1,empty,empty,1,strikeout,2,0,0
2025-04-08,BOS202504080,BOS,"Campbell, Kristian",campk002,1,2,empty,empty,1,field_out,2,0,0
2025-04-08,BOS202504080,BOS,"Gonzalez, Romy",gonzr003,1,0,empty,empty,1,field_out,3,0,0
2025-04-08,BOS202504080,BOS,"Narvaez, Carlos",narvc002,1,1,empty,empty,1,field_out,3,0,0
2025-04-08,BOS202504080,BOS,"Rafaela, Ceddanne",rafac001,1,2,empty,empty,1,single,3,0,0
2025-04-08,BOS202504080,BOS,"Duran, Jarren",duraj001,2,2,1B,1B,1,walk,3,0,0
2025-04-08,BOS202504080,BOS,"Devers, Rafael",dever001,2,2,1B+2B,1B+2B,1,field_out,3,0,0
2025-04-08,BOS202504080,BOS,"Bregman, Alex",brega001,2,0,empty,empty,1,field_out,4,0,0
2025-04-08,BOS202504080,BOS,"Refsnyder, Rob",refsr001,2,1,empty,empty,1,field_out,4,0,0
2025-04-08,BOS202504080,BOS,"Story, Trevor",stort001,2,2,empty,empty,1,single,4,0,0
2025-04-08,BOS202504080,BOS,"Campbell, Kristian",campk002,2,2,1B,1B,1,strikeout,4,0,0
2025-04-08,BOS202504080,BOS,"Gonzalez, Romy",gonzr003,2,0,empty,empty,1,strikeout,5,0,0
2025-04-08,BOS202504080,BOS,"Narvaez, Carlos",narvc002,2,1,empty,empty,1,strikeout,5,0,0
2025-04-08,BOS202504080,BOS,"Rafaela, Ceddanne",rafac001,2,2,empty,empty,1,field_out,5,0,0
2025-04-08,BOS202504080,BOS,"Duran, Jarren",duraj001,3,0,empty,empty,1,strikeout,6,0,4
2025-04-08,BOS202504080,BOS,"Devers, Rafael",dever001,3,1,empty,empty,1,single,6,0,4
2025-04-08,BOS202504080,BOS,"Bregman, Alex",brega001,3,1,1B,1B,1,strikeout,6,0,4
2025-04-08,BOS202504080,BOS,"Refsnyder, Rob",refsr001,3,2,1B,1B,1,single,6,0,4
2025-04-08,BOS202504080,BOS,"Story, Trevor",stort001,3,2,1B+2B,1B+2B,1,field_out,6,0,4
2025-04-08,BOS202504080,BOS,"Campbell, Kristian",campk002,3,0,empty,empty,1,field_out,7,0,4
2025-04-08,BOS202504080,BOS,"Gonzalez, Romy",gonzr003,3,1,empty,empty,1,double,7,0,4
2025-04-08,BOS202504080,BOS,"Abreu, Wilyer",abrew002,1,1,2B,2B,1,field_out,7,0,4
2025-04-08,BOS202504080,BOS,"Rafaela, Ceddanne",rafac001,3,2,2B,2B,1,single,7,0,4
2025-04-08,BOS202504080,BOS,"Duran, Jarren",duraj001,4,2,1B,2B,0,strikeout,7,1,4
2025-04-08,BOS202504080,BOS,"Devers, Rafael",dever001,4,0,empty,empty,1,field_error,8,1,6
2025-04-08,BOS202504080,BOS,"Bregman, Alex",brega001,4,0,1B,1B,1,strikeout,8,1,6
2025-04-08,BOS202504080,BOS,"Refsnyder, Rob",refsr001,4,1,1B,1B,1,grounded_into_double_play,8,1,6
2025-04-08,BOS202504080,BOS,"Story, Trevor",stort001,4,0,empty,empty,1,single,9,1,6
2025-04-08,BOS202504080,BOS,"Campbell, Kristian",campk002,4,0,1B,1B,1,single,9,1,6
2025-04-08,BOS202504080,BOS,"Gonzalez, Romy",gonzr003,4,0,1B+2B,1B+2B,1,grounded_into_double_play,9,1,6
2025-04-08,BOS202504080,BOS,"Sabol, Blake",sabob001,1,2,3B,3B,1,strikeout,9,1,6
2025-04-09,BOS202504090,BOS,"Duran, Jarren",duraj001,1,0,empty,empty,1,single,1,0,1
2025-04-09,BOS202504090,BOS,"Devers, Rafael",dever001,1,0,1B,3B,0,strikeout,1,0,1
2025-04-09,BOS202504090,BOS,"Bregman, Alex",brega001,1,1,3B,3B,1,sac_fly,1,0,1
2025-04-09,BOS202504090,BOS,"Casas, Triston",casat001,1,2,empty,empty,1,field_out,1,1,1
2025-04-09,BOS202504090,BOS,"Story, Trevor",stort001,1,0,empty,empty,1,field_out,2,1,1
2025-04-09,BOS202504090,BOS,"Abreu, Wilyer",abrew002,1,1,empty,empty,1,field_out,2,1,1
2025-04-09,BOS202504090,BOS,"Campbell, Kristian",campk002,1,2,empty,empty,1,strikeout,2,1,1
2025-04-09,BOS202504090,BOS,"Hamilton, David",hamid002,1,0,empty,empty,1,field_out,3,1,1
2025-04-09,BOS202504090,BOS,"Narvaez, Carlos",narvc002,1,1,empty,empty,1,strikeout,3,1,1
2025-04-09,BOS202504090,BOS,"Duran, Jarren",duraj001,2,2,empty,empty,1,field_out,3,1,1
2025-04-09,BOS202504090,BOS,"Devers, Rafael",dever001,2,0,empty,empty,1,double,4,1,1
2025-04-09,BOS202504090,BOS,"Bregman, Alex",brega001,2,0,2B,2B,1,strikeout,4,1,1
2025-04-09,BOS202504090,BOS,"Casas, Triston",casat001,2,1,2B,2B,1,strikeout,4,1,1
2025-04-09,BOS202504090,BOS,"Story, Trevor",stort001,2,2,2B,2B,1,strikeout,4,1,1
2025-04-09,BOS202504090,BOS,"Abreu, Wilyer",abrew002,2,0,empty,empty,1,strikeout,5,1,1
2025-04-09,BOS202504090,BOS,"Campbell, Kristian",campk002,2,1,empty,empty,1,strikeout,5,1,1
2025-04-09,BOS202504090,BOS,"Hamilton, David",hamid002,2,2,empty,empty,1,field_out,5,1,1
2025-04-09,BOS202504090,BOS,"Narvaez, Carlos",narvc002,2,0,empty,empty,1,strikeout,6,1,1
2025-04-09,BOS202504090,BOS,"Duran, Jarren",duraj001,3,1,empty,empty,1,strikeout,6,1,1
2025-04-09,BOS202504090,BOS,"Devers, Rafael",dever001,3,2,empty,empty,1,double,6,1,1
2025-04-09,BOS202504090,BOS,"Bregman, Alex",brega001,3,2,2B,2B,1,field_out,6,1,1
2025-04-09,BOS202504090,BOS,"Casas, Triston",casat001,3,0,empty,empty,1,field_out,7,1,1
2025-04-09,BOS202504090,BOS,"Story, Trevor",stort001,3,1,empty,empty,1,field_out,7,1,1
2025-04-09,BOS202504090,BOS,"Abreu, Wilyer",abrew002,3,2,empty,empty,1,field_out,7,1,1
2025-04-09,BOS202504090,BOS,"Campbell, Kristian",campk002,3,0,empty,empty,1,single,8,1,1
2025-04-09,BOS202504090,BOS,"Hamilton, David",hamid002,3,0,1B,1B,1,field_out,8,1,1
2025-04-09,BOS202504090,BOS,"Narvaez, Carlos",narvc002,3,1,1B,1B,1,grounded_into_double_play,8,1,1
2025-04-09,BOS202504090,BOS,"Duran, Jarren",duraj001,4,0,empty,empty,1,field_out,9,1,1
2025-04-09,BOS202504090,BOS,"Devers, Rafael",dever001,4,1,empty,empty,1,field_out,9,1,1
2025-04-09,BOS202504090,BOS,"Bregman, Alex",brega001,4,2,empty,empty,1,strikeout,9,1,1
2025-04-09,BOS202504090,BOS,"Casas, Triston",casat001,4,0,2B,2B,1,field_out,10,1,1
2025-04-09,BOS202504090,BOS,"Story, Trevor",stort001,4,1,3B,3B,1,strikeout,10,1,1
2025-04-09,BOS202504090,BOS,"Abreu, Wilyer",abrew002,4,2,3B,3B,1,intent_walk,10,1,1
2025-04-09,BOS202504090,BOS,"Campbell, Kristian",campk002,4,2,1B+3B,2B+3B,0,strikeout,10,1,1
2025-04-09,BOS202504090,BOS,"Hamilton, David",hamid002,4,0,2B,2B,1,strikeout,11,1,2
2025-04-09,BOS202504090,BOS,"Refsnyder, Rob",refsr001,1,1,2B,2B,1,field_out,11,1,2
2025-04-09,BOS202504090,BOS,"Duran, Jarren",duraj001,5,2,2B,2B,1,field_out,11,1,2
2025-04-10,BOS202504100,BOS,"Duran, Jarren",duraj001,1,0,empty,empty,1,strikeout,1,0,0
2025-04-10,BOS202504100,BOS,"Devers, Rafael",dever001,1,1,empty,empty,1,single,1,0,0
2025-04-10,BOS202504100,BOS,"Bregman, Alex",brega001,1,1,1B,1B,1,field_out,1,0,0
2025-04-10,BOS202504100,BOS,"Casas, Triston",casat001,1,2,1B,1B,1,strikeout,1,0,0
2025-04-10,BOS202504100,BOS,"Story, Trevor",stort001,1,0,empty,empty,1,single,2,0,0
2025-04-10,BOS202504100,BOS,"Campbell, Kristian",campk002,1,0,1B,2B,0,field_out,2,0,0
2025-04-10,BOS202504100,BOS,"Abreu, Wilyer",abrew002,1,1,2B,2B,1,strikeout,2,0,0
2025-04-10,BOS202504100,BOS,"Rafaela, Ceddanne",rafac001,1,2,2B,2B,1,field_out,2,0,0
2025-04-10,BOS202504100,BOS,"Narvaez, Carlos",narvc002,1,0,empty,empty,1,strikeout,3,0,0
2025-04-10,BOS202504100,BOS,"Duran, Jarren",duraj001,2,1,empty,empty,1,single,3,0,0
2025-04-10,BOS202504100,BOS,"Devers, Rafael",dever001,2,1,1B,1B,1,grounded_into_double_play,3,0,0
2025-04-10,BOS202504100,BOS,"Bregman, Alex",brega001,2,0,empty,empty,1,field_out,4,0,0
2025-04-10,BOS202504100,BOS,"Casas, Triston",casat001,2,1,empty,empty,1,field_out,4,0,0
2025-04-10,BOS202504100,BOS,"Story, Trevor",stort001,2,2,empty,empty,1,strikeout,4,0,0
2025-04-10,BOS202504100,BOS,"Campbell, Kristian",campk002,2,0,empty,empty,1,field_out,5,0,0
2025-04-10,BOS202504100,BOS,"Abreu, Wilyer",abrew002,2,1,empty,empty,1,field_out,5,0,0
2025-04-10,BOS202504100,BOS,"Rafaela, Ceddanne",rafac001,2,2,empty,empty,1,field_out,5,0,0
2025-04-10,BOS202504100,BOS,"Narvaez, Carlos",narvc002,2,0,empty,empty,1,field_out,6,0,0
2025-04-10,BOS202504100,BOS,"Duran, Jarren",duraj001,3,1,empty,empty,1,walk,6,0,0
2025-04-10,BOS202504100,BOS,"Devers, Rafael",dever001,3,1,1B,2B,0,field_out,6,0,0
2025-04-10,BOS202504100,BOS,"Bregman, Alex",brega001,3,2,3B,3B,1,single,6,0,0
2025-04-10,BOS202504100,BOS,"Casas, Triston",casat001,3,2,1B,1B,1,single,6,1,0
2025-04-10,BOS202504100,BOS,"Story, Trevor",stort001,3,2,1B+2B,1B+2B,1,strikeout,6,1,0
2025-04-10,BOS202504100,BOS,"Campbell, Kristian",campk002,3,0,empty,empty,1,walk,7,1,2
2025-04-10,BOS202504100,BOS,"Abreu, Wilyer",abrew002,3,0,1B,1B,1,field_out,7,1,2
2025-04-10,BOS202504100,BOS,"Rafaela, Ceddanne",rafac001,3,2,1B,empty,0,strikeout,7,1,2
2025-04-10,BOS202504100,BOS,"Refsnyder, Rob",refsr001,1,0,empty,empty,1,field_error,8,1,2
2025-04-10,BOS202504100,BOS,"Duran, Jarren",duraj001,4,0,1B,1B,1,walk,8,1,2
2025-04-10,BOS202504100,BOS,"Devers, Rafael",dever001,4,0,1B+2B,1B+2B,1,strikeout,8,1,2
2025-04-10,BOS202504100,BOS,"Bregman, Alex",brega001,4,1,1B+2B,1B+2B,1,field_out,8,1,2
2025-04-10,BOS202504100,BOS,"Casas, Triston",casat001,4,2,1B+3B,3B,0,field_out,8,2,2
2025-04-10,BOS202504100,BOS,"Story, Trevor",stort001,4,0,empty,empty,1,single,9,2,2
2025-04-10,BOS202504100,BOS,"Campbell, Kristian",campk002,4,0,1B,2B,0,field_out,9,2,2
2025-04-10,BOS202504100,BOS,"Abreu, Wilyer",abrew002,4,1,2B,2B,1,intent_walk,9,2,2
2025-04-10,BOS202504100,BOS,"Rafaela, Ceddanne",rafac001,4,1,1B+2B,1B+2B,1,strikeout,9,2,2
2025-04-10,BOS202504100,BOS,"Sabol, Blake",sabob001,1,2,1B+2B,1B+2B,1,strikeout,9,2,2
2025-04-10,BOS202504100,BOS,"Duran, Jarren",duraj001,5,0,2B,2B,1,single,10,2,3
2025-04-10,BOS202504100,BOS,"Devers, Rafael",dever001,5,1,1B,empty,0,single,10,3,3
2025-04-10,BOS202504100,BOS,"Bregman, Alex",brega001,5,1,1B,1B,1,hit_by_pitch,10,3,3
2025-04-10,BOS202504100,BOS,"Casas, Triston",casat001,5,1,1B+2B,1B+2B,1,hit_by_pitch,10,3,3
2025-04-10,BOS202504100,BOS,"Story, Trevor",stort001,5,1,1B+2B+3B,1B+2B+3B,1,field_out,10,3,3
2025-04-11,CHA202504110,BOS,"Duran, Jarren",duraj001,1,0,empty,empty,1,field_out,1,0,0
2025-04-11,CHA202504110,BOS,"Devers, Rafael",dever001,1,1,empty,empty,1,field_out,1,0,0
2025-04-11,CHA202504110,BOS,"Bregman, Alex",brega001,1,2,empty,empty,1,hit_by_pitch,1,0,0
2025-04-11,CHA202504110,BOS,"Casas, Triston",casat001,1,2,1B,1B,1,strikeout,1,0,0
2025-04-11,CHA202504110,BOS,"Story, Trevor",stort001,1,0,empty,empty,1,field_out,2,0,0
2025-04-11,CHA202504110,BOS,"Abreu, Wilyer",abrew002,1,1,empty,empty,1,single,2,0,0
2025-04-11,CHA202504110,BOS,"Campbell, Kristian",campk002,1,1,1B,1B,1,single,2,0,0
2025-04-11,CHA202504110,BOS,"Sabol, Blake",sabob001,1,1,1B+2B,1B+2B,1,grounded_into_double_play,2,0,0
2025-04-11,CHA202504110,BOS,"Rafaela, Ceddanne",rafac001,1,0,empty,empty,1,strikeout,3,0,2
2025-04-11,CHA202504110,BOS,"Duran, Jarren",duraj001,2,1,empty,empty,1,field_out,3,0,2
2025-04-11,CHA202504110,BOS,"Devers, Rafael",dever001,2,2,empty,empty,1,walk,3,0,2
2025-04-11,CHA202504110,BOS,"Bregman, Alex",brega001,2,2,1B,1B,1,double,3,0,2
2025-04-11,CHA202504110,BOS,"Casas, Triston",casat001,2,2,2B+3B,2B+3B,1,field_out,3,0,2
2025-04-11,CHA202504110,BOS,"Story, Trevor",stort001,2,0,empty,empty,1,single,4,0,2
2025-04-11,CHA202504110,BOS,"Abreu, Wilyer",abrew002,2,0,1B,1B,1,strikeout,4,0,2
2025-04-11,CHA202504110,BOS,"Campbell, Kristian",campk002,2,1,1B,1B,1,strikeout,4,0,2
2025-04-11,CHA202504110,BOS,"Sabol, Blake",sabob001,2,2,1B,3B,0,strikeout,4,0,2
2025-04-11,CHA202504110,BOS,"Rafaela, Ceddanne",rafac001,2,0,empty,empty,1,field_out,5,0,6
2025-04-11,CHA202504110,BOS,"Duran, Jarren",duraj001,3,1,empty,empty,1,field_out,5,0,6
2025-04-11,CHA202504110,BOS,"Devers, Rafael",dever001,3,2,empty,empty,1,strikeout,5,0,6
2025-04-11,CHA202504110,BOS,"Bregman, Alex",brega001,3,0,empty,empty,1,field_out,6,0,7
2025-04-11,CHA202504110,BOS,"Casas, Triston",casat001,3,1,empty,empty,1,field_out,6,0,7
2025-04-11,CHA202504110,BOS,"Story, Trevor",stort001,3,2,empty,empty,1,field_out,6,0,7
2025-04-11,CHA202504110,BOS,"Abreu, Wilyer",abrew002,3,0,empty,empty,1,double,7,0,7
2025-04-11,CHA202504110,BOS,"Campbell, Kristian",campk002,3,0,2B,2B,1,single,7,0,7
2025-04-11,CHA202504110,BOS,"Sabol, Blake",sabob001,3,0,1B+3B,1B+3B,1,sac_fly,7,0,7
2025-04-11,CHA202504110,BOS,"Rafaela, Ceddanne",rafac001,3,1,1B,1B,1,hit_by_pitch,7,1,7
2025-04-11,CHA202504110,BOS,"Duran, Jarren",duraj001,4,1,1B+2B,1B+2B,1,field_out,7,1,7
2025-04-11,CHA202504110,BOS,"Devers, Rafael",dever001,4,2,1B+3B,1B+3B,1,walk,7,1,7
2025-04-11,CHA202504110,BOS,"Bregman, Alex",brega001,4,2,1B+2B+3B,1B+2B+3B,1,field_out,7,1,7
2025-04-11,CHA202504110,BOS,"Casas, Triston",casat001,4,0,empty,empty,1,double,8,1,9
2025-04-11,CHA202504110,BOS,"Story, Trevor",stort001,4,0,2B,2B,1,strikeout,8,1,9
2025-04-11,CHA202504110,BOS,"Abreu, Wilyer",abrew002,4,1,2B,2B,1,strikeout,8,1,9
2025-04-11,CHA202504110,BOS,"Campbell, Kristian",campk002,4,2,2B,2B,1,strikeout,8,1,9
2025-04-11,CHA202504110,BOS,"Sabol, Blake",sabob001,4,0,empty,empty,1,field_out,9,1,11
2025-04-11,CHA202504110,BOS,"Rafaela, Ceddanne",rafac001,4,1,empty,empty,1,strikeout,9,1,11
2025-04-11,CHA202504110,BOS,"Duran, Jarren",duraj001,5,2,empty,empty,1,strikeout,9,1,11
2025-04-12,CHA202504120,BOS,"Gonzalez, Romy",gonzr003,1,0,empty,empty,1,walk,1,0,0
2025-04-12,CHA202504120,BOS,"Devers, Rafael",dever001,1,0,1B,1B,1,strikeout,1,0,0
2025-04-12,CHA202504120,BOS,"Bregman, Alex",brega001,1,1,1B,1B,1,grounded_into_double_play,1,0,0
2025-04-12,CHA202504120,BOS,"Refsnyder, Rob",refsr001,1,0,empty,empty,1,field_out,2,0,0
2025-04-12,CHA202504120,BOS,"Story, Trevor",stort001,1,1,empty,empty,1,single,2,0,0
2025-04-12,CHA202504120,BOS,"Campbell, Kristian",campk002,1,1,1B,1B,1,strikeout,2,0,0
2025-04-12,CHA202504120,BOS,"Abreu, Wilyer",abrew002,1,2,1B,1B,1,field_out,2,0,0
2025-04-12,CHA202504120,BOS,"Narvaez, Carlos",narvc002,1,0,empty,empty,1,field_out,3,0,0
2025-04-12,CHA202504120,BOS,"Rafaela, Ceddanne",rafac001,1,1,empty,empty,1,field_out,3,0,0
2025-04-12,CHA202504120,BOS,"Gonzalez, Romy",gonzr003,2,2,empty,empty,1,walk,3,0,0
2025-04-12,CHA202504120,BOS,"Devers, Rafael",dever001,2,2,1B,1B,1,strikeout,3,0,0
2025-04-12,CHA202504120,BOS,"Bregman, Alex",brega001,2,0,empty,empty,1,strikeout,4,0,0
2025-04-12,CHA202504120,BOS,"Refsnyder, Rob",refsr001,2,1,empty,empty,1,field_out,4,0,0
2025-04-12,CHA202504120,BOS,"Story, Trevor",stort001,2,2,empty,empty,1,single,4,0,0
2025-04-12,CHA202504120,BOS,"Campbell, Kristian",campk002,2,2,1B,2B,0,walk,4,0,0
2025-04-12,CHA202504120,BOS,"Abreu, Wilyer",abrew002,2,2,1B+2B,1B+2B,1,strikeout,4,0,0
2025-04-12,CHA202504120,BOS,"Narvaez, Carlos",narvc002,2,0,empty,empty,1,single,5,0,0
2025-04-12,CHA202504120,BOS,"Rafaela, Ceddanne",rafac001,2,0,1B,1B,1,triple,5,0,0
2025-04-12,CHA202504120,BOS,"Gonzalez, Romy",gonzr003,3,0,3B,3B,1,single,5,1,0
2025-04-12,CHA202504120,BOS,"Devers, Rafael",dever001,3,0,1B,1B,1,grounded_into_double_play,5,2,0
2025-04-12,CHA202504120,BOS,"Bregman, Alex",brega001,3,2,empty,empty,1,walk,5,2,0
2025-04-12,CHA202504120,BOS,"Refsnyder, Rob",refsr001,3,2,1B,1B,1,strikeout,5,2,0
2025-04-12,CHA202504120,BOS,"Story, Trevor",stort001,3,0,empty,empty,1,strikeout,6,2,0
2025-04-12,CHA202504120,BOS,"Campbell, Kristian",campk002,3,1,empty,empty,1,field_out,6,2,0
2025-04-12,CHA202504120,BOS,"Abreu, Wilyer",abrew002,3,2,empty,empty,1,walk,6,2,0
2025-04-12,CHA202504120,BOS,"Narvaez, Carlos",narvc002,3,2,1B,2B,0,strikeout,6,2,0
2025-04-12,CHA202504120,BOS,"Rafaela, Ceddanne",rafac001,3,0,empty,empty,1,single,7,2,2
2025-04-12,CHA202504120,BOS,"Gonzalez, Romy",gonzr003,4,0,1B,2B,0,field_out,7,2,2
2025-04-12,CHA202504120,BOS,"Devers, Rafael",dever001,4,1,2B,2B,1,intent_walk,7,2,2
2025-04-12,CHA202504120,BOS,"Bregman, Alex",brega001,4,1,1B+2B,1B+2B,1,field_out,7,2,2
2025-04-12,CHA202504120,BOS,"Refsnyder, Rob",refsr001,4,2,1B+2B,1B+2B,1,strikeout,7,2,2
2025-04-12,CHA202504120,BOS,"Story, Trevor",stort001,4,0,empty,empty,1,strikeout,8,2,2
2025-04-12,CHA202504120,BOS,"Campbell, Kristian",campk002,4,1,empty,empty,1,field_out,8,2,2
2025-04-12,CHA202504120,BOS,"Abreu, Wilyer",abrew002,4,2,empty,empty,1,single,8,2,2
2025-04-12,CHA202504120,BOS,"Narvaez, Carlos",narvc002,4,2,1B,1B,1,strikeout,8,2,2
2025-04-12,CHA202504120,BOS,"Rafaela, Ceddanne",rafac001,4,0,empty,empty,1,field_out,9,2,2
2025-04-12,CHA202504120,BOS,"Gonzalez, Romy",gonzr003,5,1,empty,empty,1,field_out,9,2,2
2025-04-12,CHA202504120,BOS,"Devers, Rafael",dever001,5,2,empty,empty,1,field_out,9,2,2
2025-04-13,CHA202504130,BOS,"Duran, Jarren",duraj001,1,0,empty,empty,1,field_out,1,0,0
2025-04-13,CHA202504130,BOS,"Devers, Rafael",dever001,1,1,empty,empty,1,strikeout,1,0,0
2025-04-13,CHA202504130,BOS,"Bregman, Alex",brega001,1,2,empty,empty,1,single,1,0,0
2025-04-13,CHA202504130,BOS,"Abreu, Wilyer",abrew002,1,2,1B,1B,1,field_out,1,0,0
2025-04-13,CHA202504130,BOS,"Story, Trevor",stort001,1,0,empty,empty,1,single,2,0,0
2025-04-13,CHA202504130,BOS,"Casas, Triston",casat001,1,0,1B,1B,1,grounded_into_double_play,2,0,0
2025-04-13,CHA202504130,BOS,"Campbell, Kristian",campk002,1,2,empty,empty,1,field_out,2,0,0
2025-04-13,CHA202504130,BOS,"Narvaez, Carlos",narvc002,1,0,empty,empty,1,field_out,3,0,0
2025-04-13,CHA202504130,BOS,"Rafaela, Ceddanne",rafac001,1,1,empty,empty,1,strikeout,3,0,0
2025-04-13,CHA202504130,BOS,"Duran, Jarren",duraj001,2,2,empty,empty,1,single,3,0,0
2025-04-13,CHA202504130,BOS,"Devers, Rafael",dever001,2,2,1B,1B,1,field_out,3,0,0
2025-04-13,CHA202504130,BOS,"Bregman, Alex",brega001,2,0,empty,empty,1,field_out,4,0,0
2025-04-13,CHA202504130,BOS,"Abreu, Wilyer",abrew002,2,1,empty,empty,1,field_out,4,0,0
2025-04-13,CHA202504130,BOS,"Story, Trevor",stort001,2,2,empty,empty,1,field_out,4,0,0
2025-04-13,CHA202504130,BOS,"Casas, Triston",casat001,2,0,empty,empty,1,walk,5,0,0
2025-04-13,CHA202504130,BOS,"Campbell, Kristian",campk002,2,0,1B,1B,1,field_out,5,0,0
2025-04-13,CHA202504130,BOS,"Narvaez, Carlos",narvc002,2,1,1B,1B,1,field_out,5,0,0
2025-04-13,CHA202504130,BOS,"Rafaela, Ceddanne",rafac001,2,2,1B,1B,1,field_out,5,0,0
2025-04-13,CHA202504130,BOS,"Duran, Jarren",duraj001,3,0,empty,empty,1,strikeout,6,0,0
2025-04-13,CHA202504130,BOS,"Devers, Rafael",dever001,3,1,empty,empty,1,field_out,6,0,0
2025-04-13,CHA202504130,BOS,"Bregman, Alex",brega001,3,2,empty,empty,1,single,6,0,0
2025-04-13,CHA202504130,BOS,"Abreu, Wilyer",abrew002,3,2,1B,1B,1,walk,6,0,0
2025-04-13,CHA202504130,BOS,"Story, Trevor",stort001,3,2,1B+2B,1B+2B,1,double,6,0,0
2025-04-13,CHA202504130,BOS,"Casas, Triston",casat001,3,2,2B,2B,1,field_out,6,2,0
2025-04-13,CHA202504130,BOS,"Campbell, Kristian",campk002,3,0,empty,empty,1,field_out,7,2,0
2025-04-13,CHA202504130,BOS,"Narvaez, Carlos",narvc002,3,1,empty,empty,1,strikeout,7,2,0
2025-04-13,CHA202504130,BOS,"Rafaela, Ceddanne",rafac001,3,1,1B,1B,1,field_out,7,2,0
2025-04-13,CHA202504130,BOS,"Duran, Jarren",duraj001,4,0,1B,empty,0,strikeout,8,2,0
2025-04-13,CHA202504130,BOS,"Devers, Rafael",dever001,4,1,empty,empty,1,strikeout,8,2,0
2025-04-13,CHA202504130,BOS,"Bregman, Alex",brega001,4,2,empty,empty,1,field_out,8,2,0
2025-04-13,CHA202504130,BOS,"Abreu, Wilyer",abrew002,4,0,empty,empty,1,strikeout,9,2,1
2025-04-13,CHA202504130,BOS,"Story, Trevor",stort001,4,1,empty,empty,1,home_run,9,2,1
2025-04-13,CHA202504130,BOS,"Casas, Triston",casat001,4,1,empty,empty,1,single,9,3,1
2025-04-13,CHA202504130,BOS,"Campbell, Kristian",campk002,4,1,1B,1B,1,single,9,3,1
2025-04-13,CHA202504130,BOS,"Narvaez, Carlos",narvc002,4,1,1B+2B,1B+2B,1,field_out,9,3,1
2025-04-13,CHA202504130,BOS,"Rafaela, Ceddanne",rafac001,4,2,1B+2B,1B+2B,1,single,9,3,1
2025-04-13,CHA202504130,BOS,"Duran, Jarren",duraj001,5,2,1B+2B+3B,1B+2B+3B,1,field_out,9,3,1
2025-04-14,TBA202504140,BOS,"Duran, Jarren",duraj001,1,0,empty,empty,1,field_out,1,0,0
2025-04-14,TBA202504140,BOS,"Devers, Rafael",dever001,1,1,empty,empty,1,strikeout,1,0,0
2025-04-14,TBA202504140,BOS,"Bregman, Alex",brega001,1,2,empty,empty,1,field_out,1,0,0
2025-04-14,TBA202504140,BOS,"Abreu, Wilyer",abrew002,1,0,empty,empty,1,strikeout,2,0,1
2025-04-14,TBA202504140,BOS,"Story, Trevor",stort001,1,1,empty,empty,1,strikeout,2,0,1
2025-04-14,TBA202504140,BOS,"Casas, Triston",casat001,1,2,empty,empty,1,strikeout,2,0,1
2025-04-14,TBA202504140,BOS,"Campbell, Kristian",campk002,1,0,empty,empty,1,home_run,3,0,5
2025-04-14,TBA202504140,BOS,"Hamilton, David",hamid002,1,0,empty,empty,1,field_out,3,1,5
2025-04-14,TBA202504140,BOS,"Narvaez, Carlos",narvc002,1,1,empty,empty,1,field_out,3,1,5
2025-04-14,TBA202504140,BOS,"Duran, Jarren",duraj001,2,2,empty,empty,1,strikeout,3,1,5
2025-04-14,TBA202504140,BOS,"Devers, Rafael",dever001,2,0,empty,empty,1,strikeout,4,1,14
2025-04-14,TBA202504140,BOS,"Bregman, Alex",brega001,2,1,empty,empty,1,field_out,4,1,14
2025-04-14,TBA202504140,BOS,"Abreu, Wilyer",abrew002,2,2,empty,empty,1,strikeout,4,1,14
2025-04-14,TBA202504140,BOS,"Story, Trevor",stort001,2,0,empty,empty,1,strikeout,5,1,14
2025-04-14,TBA202504140,BOS,"Casas, Triston",casat001,2,1,empty,empty,1,strikeout,5,1,14
2025-04-14,TBA202504140,BOS,"Campbell, Kristian",campk002,2,2,empty,empty,1,strikeout,5,1,14
2025-04-14,TBA202504140,BOS,"Hamilton, David",hamid002,2,0,empty,empty,1,strikeout,6,1,15
2025-04-14,TBA202504140,BOS,"Narvaez, Carlos",narvc002,2,1,empty,empty,1,field_out,6,1,15
2025-04-14,TBA202504140,BOS,"Duran, Jarren",duraj001,3,2,empty,empty,1,single,6,1,15
2025-04-14,TBA202504140,BOS,"Devers, Rafael",dever001,3,2,1B,1B,1,field_out,6,1,15
2025-04-14,TBA202504140,BOS,"Bregman, Alex",brega001,3,0,empty,empty,1,strikeout,7,1,15
2025-04-14,TBA202504140,BOS,"Abreu, Wilyer",abrew002,3,1,empty,empty,1,strikeout,7,1,15
2025-04-14,TBA202504140,BOS,"Story, Trevor",stort001,3,2,empty,empty,1,single,7,1,15
2025-04-14,TBA202504140,BOS,"Casas, Triston",casat001,3,2,1B,1B,1,field_out,7,1,15
2025-04-14,TBA202504140,BOS,"Campbell, Kristian",campk002,3,0,empty,empty,1,single,8,1,15
2025-04-14,TBA202504140,BOS,"Hamilton, David",hamid002,3,0,1B,1B,1,field_out,8,1,15
2025-04-14,TBA202504140,BOS,"Narvaez, Carlos",narvc002,3,1,1B,1B,1,grounded_into_double_play,8,1,15
2025-04-14,TBA202504140,BOS,"Duran, Jarren",duraj001,4,0,empty,empty,1,field_out,9,1,16
2025-04-14,TBA202504140,BOS,"Sabol, Blake",sabob001,1,1,empty,empty,1,single,9,1,16
2025-04-14,TBA202504140,BOS,"Bregman, Alex",brega001,4,1,1B,1B,1,strikeout,9,1,16
2025-04-14,TBA202504140,BOS,"Abreu, Wilyer",abrew002,4,2,1B,1B,1,single,9,1,16
2025-04-14,TBA202504140,BOS,"Story, Trevor",stort001,4,2,1B+2B,1B+2B,1,field_out,9,1,16
2025-04-15,TBA202504150,BOS,"Duran, Jarren",duraj001,1,0,empty,empty,1,field_out,1,0,0
2025-04-15,TBA202504150,BOS,"Devers, Rafael",dever001,1,1,empty,empty,1,double,1,0,0
2025-04-15,TBA202504150,BOS,"Bregman, Alex",brega001,1,1,2B,3B,0,single,1,0,0
2025-04-15,TBA202504150,BOS,"Abreu, Wilyer",abrew002,1,1,1B,1B,1,field_out,1,1,0
2025-04-15,TBA202504150,BOS,"Story, Trevor",stort001,1,2,1B,1B,1,single,1,1,0
2025-04-15,TBA202504150,BOS,"Campbell, Kristian",campk002,1,2,1B+3B,1B+3B,1,field_out,1,1,0
2025-04-15,TBA202504150,BOS,"Casas, Triston",casat001,1,0,empty,empty,1,field_out,2,1,0
2025-04-15,TBA202504150,BOS,"Rafaela, Ceddanne",rafac001,1,1,empty,empty,1,strikeout,2,1,0
2025-04-15,TBA202504150,BOS,"Narvaez, Carlos",narvc002,1,2,empty,empty,1,single,2,1,0
2025-04-15,TBA202504150,BOS,"Duran, Jarren",duraj001,2,2,1B,1B,1,home_run,2,1,0
2025-04-15,TBA202504150,BOS,"Devers, Rafael",dever001,2,2,empty,empty,1,field_out,2,3,0
2025-04-15,TBA202504150,BOS,"Bregman, Alex",brega001,2,0,empty,empty,1,home_run,3,3,1
2025-04-15,TBA202504150,BOS,"Abreu, Wilyer",abrew002,2,0,empty,empty,1,walk,3,4,1
2025-04-15,TBA202504150,BOS,"Story, Trevor",stort001,2,0,1B,1B,1,single,3,4,1
2025-04-15,TBA202504150,BOS,"Campbell, Kristian",campk002,2,0,1B+2B,1B+2B,1,strikeout,3,4,1
2025-04-15,TBA202504150,BOS,"Casas, Triston",casat001,2,1,1B+2B,1B+2B,1,field_out,3,4,1
2025-04-15,TBA202504150,BOS,"Rafaela, Ceddanne",rafac001,2,2,1B+2B,1B+2B,1,single,3,4,1
2025-04-15,TBA202504150,BOS,"Narvaez, Carlos",narvc002,2,2,1B+3B,2B+3B,0,strikeout,3,5,1
2025-04-15,TBA202504150,BOS,"Duran, Jarren",duraj001,3,0,empty,empty,1,walk,4,5,1
2025-04-15,TBA202504150,BOS,"Devers, Rafael",dever001,3,0,1B,2B,0,strikeout,4,5,1
2025-04-15,TBA202504150,BOS,"Bregman, Alex",brega001,3,1,2B,2B,1,double,4,5,1
2025-04-15,TBA202504150,BOS,"Abreu, Wilyer",abrew002,3,1,2B,2B,1,strikeout,4,6,1
2025-04-15,TBA202504150,BOS,"Story, Trevor",stort001,3,2,2B,2B,1,strikeout,4,6,1
2025-04-15,TBA202504150,BOS,"Campbell, Kristian",campk002,3,0,empty,empty,1,strikeout,5,6,2
2025-04-15,TBA202504150,BOS,"Casas, Triston",casat001,3,1,empty,empty,1,field_out,5,6,2
2025-04-15,TBA202504150,BOS,"Rafaela, Ceddanne",rafac001,3,2,empty,empty,1,field_out,5,6,2
2025-04-15,TBA202504150,BOS,"Narvaez, Carlos",narvc002,3,0,empty,empty,1,strikeout,6,6,2
2025-04-15,TBA202504150,BOS,"Duran, Jarren",duraj001,4,1,empty,empty,1,field_out,6,6,2
2025-04-15,TBA202504150,BOS,"Devers, Rafael",dever001,4,2,empty,empty,1,field_out,6,6,2
2025-04-15,TBA202504150,BOS,"Bregman, Alex",brega001,4,0,empty,empty,1,home_run,7,6,2
2025-04-15,TBA202504150,BOS,"Abreu, Wilyer",abrew002,4,0,empty,empty,1,strikeout,7,7,2
2025-04-15,TBA202504150,BOS,"Story, Trevor",stort001,4,1,empty,empty,1,field_out,7,7,2
2025-04-15,TBA202504150,BOS,"Campbell, Kristian",campk002,4,2,empty,empty,1,field_out,7,7,2
2025-04-15,TBA202504150,BOS,"Casas, Triston",casat001,4,0,empty,empty,1,single,8,7,2
2025-04-15,TBA202504150,BOS,"Rafaela, Ceddanne",rafac001,4,0,1B,1B,1,strikeout,8,7,2
2025-04-15,TBA202504150,BOS,"Narvaez, Carlos",narvc002,4,1,1B,1B,1,strikeout,8,7,2
2025-04-15,TBA202504150,BOS,"Duran, Jarren",duraj001,5,2,1B,1B,1,walk,8,7,2
2025-04-15,TBA202504150,BOS,"Devers, Rafael",dever001,5,2,1B+2B,1B+2B,1,field_out,8,7,2
2025-04-15,TBA202504150,BOS,"Bregman, Alex",brega001,5,0,empty,empty,1,single,9,7,2
2025-04-15,TBA202504150,BOS,"Abreu, Wilyer",abrew002,5,0,1B,1B,1,field_out,9,7,2
2025-04-15,TBA202504150,BOS,"Story, Trevor",stort001,5,1,1B,1B,1,field_out,9,7,2
2025-04-15,TBA202504150,BOS,"Campbell, Kristian",campk002,5,2,1B,1B,1,field_out,9,7,2
2025-04-16,TBA202504160,BOS,"Duran, Jarren",duraj001,1,0,empty,empty,1,field_out,1,0,0
2025-04-16,TBA202504160,BOS,"Devers, Rafael",dever001,1,1,empty,empty,1,walk,1,0,0
2025-04-16,TBA202504160,BOS,"Story, Trevor",stort001,1,1,1B,1B,1,strikeout,1,0,0
2025-04-16,TBA202504160,BOS,"Abreu, Wilyer",abrew002,1,2,1B,1B,1,strikeout,1,0,0
2025-04-16,TBA202504160,BOS,"Gonzalez, Romy",gonzr003,1,0,empty,empty,1,field_out,2,0,0
2025-04-16,TBA202504160,BOS,"Casas, Triston",casat001,1,1,empty,empty,1,field_out,2,0,0
2025-04-16,TBA202504160,BOS,"Narvaez, Carlos",narvc002,1,2,empty,empty,1,field_out,2,0,0
2025-04-16,TBA202504160,BOS,"Hamilton, David",hamid002,1,0,empty,empty,1,home_run,3,0,0
2025-04-16,TBA202504160,BOS,"Rafaela, Ceddanne",rafac001,1,0,empty,empty,1,strikeout,3,1,0
2025-04-16,TBA202504160,BOS,"Duran, Jarren",duraj001,2,1,empty,empty,1,field_out,3,1,0
2025-04-16,TBA202504160,BOS,"Devers, Rafael",dever001,2,2,empty,empty,1,field_out,3,1,0
2025-04-16,TBA202504160,BOS,"Story, Trevor",stort001,2,0,empty,empty,1,walk,4,1,0
2025-04-16,TBA202504160,BOS,"Abreu, Wilyer",abrew002,2,0,1B,1B,1,field_out,4,1,0
2025-04-16,TBA202504160,BOS,"Gonzalez, Romy",gonzr003,2,1,1B,1B,1,double,4,1,0
2025-04-16,TBA202504160,BOS,"Casas, Triston",casat001,2,1,2B+3B,2B+3B,1,intent_walk,4,1,0
2025-04-16,TBA202504160,BOS,"Narvaez, Carlos",narvc002,2,1,1B+2B+3B,1B+2B+3B,1,field_out,4,1,0
2025-04-16,TBA202504160,BOS,"Hamilton, David",hamid002,2,2,1B+2B+3B,1B+2B+3B,1,field_out,4,1,0
2025-04-16,TBA202504160,BOS,"Rafaela, Ceddanne",rafac001,2,0,empty,empty,1,field_out,5,1,0
2025-04-16,TBA202504160,BOS,"Duran, Jarren",duraj001,3,1,empty,empty,1,double,5,1,0
2025-04-16,TBA202504160,BOS,"Devers, Rafael",dever001,3,2,2B,empty,0,single,5,1,0
2025-04-16,TBA202504160,BOS,"Story, Trevor",stort001,3,2,1B,1B,1,field_out,5,1,0
2025-04-16,TBA202504160,BOS,"Abreu, Wilyer",abrew002,3,0,empty,empty,1,double,6,1,0
2025-04-16,TBA202504160,BOS,"Gonzalez, Romy",gonzr003,3,0,2B,2B,1,strikeout,6,1,0
2025-04-16,TBA202504160,BOS,"Casas, Triston",casat001,3,1,2B,2B,1,field_out,6,1,0
2025-04-16,TBA202504160,BOS,"Narvaez, Carlos",narvc002,3,2,2B,2B,1,strikeout,6,1,0
2025-04-16,TBA202504160,BOS,"Hamilton, David",hamid002,3,0,empty,empty,1,strikeout,7,1,0
2025-04-16,TBA202504160,BOS,"Rafaela, Ceddanne",rafac001,3,1,empty,empty,1,field_out,7,1,0
2025-04-16,TBA202504160,BOS,"Duran, Jarren",duraj001,4,2,empty,empty,1,strikeout,7,1,0
2025-04-16,TBA202504160,BOS,"Devers, Rafael",dever001,4,0,empty,empty,1,field_out,8,1,0
2025-04-16,TBA202504160,BOS,"Story, Trevor",stort001,4,1,empty,empty,1,field_out,8,1,0
2025-04-16,TBA202504160,BOS,"Abreu, Wilyer",abrew002,4,2,empty,empty,1,field_out,8,1,0
2025-04-16,TBA202504160,BOS,"Gonzalez, Romy",gonzr003,4,0,empty,empty,1,field_out,9,1,0
2025-04-16,TBA202504160,BOS,"Casas, Triston",casat001,4,1,empty,empty,1,field_out,9,1,0
2025-04-16,TBA202504160,BOS,"Narvaez, Carlos",narvc002,4,2,empty,empty,1,field_out,9,1,0
2025-04-18,BOS202504180,BOS,"Duran, Jarren",duraj001,1,0,empty,empty,1,field_out,1,0,0
2025-04-18,BOS202504180,BOS,"Devers, Rafael",dever001,1,1,empty,empty,1,double,1,0,0
2025-04-18,BOS202504180,BOS,"Bregman, Alex",brega001,1,1,2B,2B,1,walk,1,0,0
2025-04-18,BOS202504180,BOS,"Story, Trevor",stort001,1,1,1B+2B,1B+2B,1,home_run,1,0,0
2025-04-18,BOS202504180,BOS,"Gonzalez, Romy",gonzr003,1,1,empty,empty,1,field_out,1,3,0
2025-04-18,BOS202504180,BOS,"Refsnyder, Rob",refsr001,1,2,empty,empty,1,single,1,3,0
2025-04-18,BOS202504180,BOS,"Campbell, Kristian",campk002,1,2,2B,2B,1,walk,1,3,0
2025-04-18,BOS202504180,BOS,"Narvaez, Carlos",narvc002,1,2,1B+2B,1B+2B,1,field_out,1,3,0
2025-04-18,BOS202504180,BOS,"Rafaela, Ceddanne",rafac001,1,0,empty,empty,1,field_out,2,3,0
2025-04-18,BOS202504180,BOS,"Duran, Jarren",duraj001,2,1,empty,empty,1,field_out,2,3,0
2025-04-18,BOS202504180,BOS,"Devers, Rafael",dever001,2,2,empty,empty,1,field_out,2,3,0
2025-04-18,BOS202504180,BOS,"Bregman, Alex",brega001,2,0,empty,empty,1,field_out,3,3,0
2025-04-18,BOS202504180,BOS,"Story, Trevor",stort001,2,1,empty,empty,1,single,3,3,0
2025-04-18,BOS202504180,BOS,"Gonzalez, Romy",gonzr003,2,1,1B,1B,1,field_out,3,3,0
2025-04-18,BOS202504180,BOS,"Refsnyder, Rob",refsr001,2,2,1B,1B,1,double,3,3,0
2025-04-18,BOS202504180,BOS,"Campbell, Kristian",campk002,2,2,2B,2B,1,field_out,3,4,0
2025-04-18,BOS202504180,BOS,"Narvaez, Carlos",narvc002,2,0,empty,empty,1,double,4,4,1
2025-04-18,BOS202504180,BOS,"Rafaela, Ceddanne",rafac001,2,0,2B,2B,1,home_run,4,4,1
2025-04-18,BOS202504180,BOS,"Duran, Jarren",duraj001,3,0,empty,empty,1,field_out,4,6,1
2025-04-18,BOS202504180,BOS,"Devers, Rafael",dever001,3,1,empty,empty,1,strikeout,4,6,1
2025-04-18,BOS202504180,BOS,"Bregman, Alex",brega001,3,2,empty,empty,1,field_out,4,6,1
2025-04-18,BOS202504180,BOS,"Story, Trevor",stort001,3,0,empty,empty,1,field_out,5,6,1
2025-04-18,BOS202504180,BOS,"Gonzalez, Romy",gonzr003,3,1,empty,empty,1,strikeout,5,6,1
2025-04-18,BOS202504180,BOS,"Refsnyder, Rob",refsr001,3,2,empty,empty,1,double,5,6,1
2025-04-18,BOS202504180,BOS,"Campbell, Kristian",campk002,3,2,2B,2B,1,field_out,5,6,1
2025-04-18,BOS202504180,BOS,"Narvaez, Carlos",narvc002,3,0,empty,empty,1,strikeout,6,6,2
2025-04-18,BOS202504180,BOS,"Rafaela, Ceddanne",rafac001,3,1,empty,empty,1,field_out,6,6,2
2025-04-18,BOS202504180,BOS,"Duran, Jarren",duraj001,4,2,empty,empty,1,field_out,6,6,2
2025-04-18,BOS202504180,BOS,"Devers, Rafael",dever001,4,0,empty,empty,1,walk,7,6,2
2025-04-18,BOS202504180,BOS,"Bregman, Alex",brega001,4,0,1B,1B,1,walk,7,6,2
2025-04-18,BOS202504180,BOS,"Story, Trevor",stort001,4,0,1B+2B,1B+2B,1,home_run,7,6,2
2025-04-18,BOS202504180,BOS,"Gonzalez, Romy",gonzr003,4,0,empty,empty,1,strikeout,7,9,2
2025-04-18,BOS202504180,BOS,"Refsnyder, Rob",refsr001,4,1,empty,empty,1,strikeout,7,9,2
2025-04-18,BOS202504180,BOS,"Campbell, Kristian",campk002,4,2,empty,empty,1,strikeout,7,9,2
2025-04-18,BOS202504180,BOS,"Narvaez, Carlos",narvc002,4,0,empty,empty,1,home_run,8,9,2
2025-04-18,BOS202504180,BOS,"Rafaela, Ceddanne",rafac001,4,0,empty,empty,1,field_out,8,10,2
2025-04-18,BOS202504180,BOS,"Duran, Jarren",duraj001,5,1,empty,empty,1,single,8,10,2
2025-04-18,BOS202504180,BOS,"Devers, Rafael",dever001,5,1,1B,1B,1,field_out,8,10,2
2025-04-18,BOS202504180,BOS,"Bregman, Alex",brega001,5,2,1B,1B,1,field_out,8,10,2
2025-04-19,BOS202504190,BOS,"Duran, Jarren",duraj001,1,0,empty,empty,1,hit_by_pitch,1,0,0
2025-04-19,BOS202504190,BOS,"Devers, Rafael",dever001,1,0,1B,1B,1,field_out,1,0,0
2025-04-19,BOS202504190,BOS,"Bregman, Alex",brega001,1,1,1B,1B,1,strikeout,1,0,0
2025-04-19,BOS202504190,BOS,"Story, Trevor",stort001,1,2,1B,1B,1,hit_by_pitch,1,0,0
2025-04-19,BOS202504190,BOS,"Abreu, Wilyer",abrew002,1,2,1B+2B,1B+2B,1,field_out,1,0,0
2025-04-19,BOS202504190,BOS,"Campbell, Kristian",campk002,1,0,empty,empty,1,field_out,2,0,0
2025-04-19,BOS202504190,BOS,"Casas, Triston",casat001,1,1,empty,empty,1,walk,2,0,0
2025-04-19,BOS202504190,BOS,"Narvaez, Carlos",narvc002,1,1,1B,1B,1,strikeout,2,0,0
2025-04-19,BOS202504190,BOS,"Rafaela, Ceddanne",rafac001,1,2,1B,1B,1,hit_by_pitch,2,0,0
2025-04-19,BOS202504190,BOS,"Duran, Jarren",duraj001,2,2,1B+2B,1B+2B,1,field_out,2,0,0
2025-04-19,BOS202504190,BOS,"Devers, Rafael",dever001,2,0,empty,empty,1,field_out,3,0,0
2025-04-19,BOS202504190,BOS,"Bregman, Alex",brega001,2,1,empty,empty,1,field_out,3,0,0
2025-04-19,BOS202504190,BOS,"Story, Trevor",stort001,2,2,empty,empty,1,strikeout,3,0,0
2025-04-19,BOS202504190,BOS,"Abreu, Wilyer",abrew002,2,0,empty,empty,1,field_out,4,0,0
2025-04-19,BOS202504190,BOS,"Campbell, Kristian",campk002,2,1,empty,empty,1,single,4,0,0
2025-04-19,BOS202504190,BOS,"Casas, Triston",casat001,2,1,1B,1B,1,field_out,4,0,0
2025-04-19,BOS202504190,BOS,"Narvaez, Carlos",narvc002,2,2,1B,1B,1,field_out,4,0,0
2025-04-19,BOS202504190,BOS,"Rafaela, Ceddanne",rafac001,2,0,empty,empty,1,double,5,0,0
2025-04-19,BOS202504190,BOS,"Duran, Jarren",duraj001,3,0,2B,2B,1,single,5,0,0
2025-04-19,BOS202504190,BOS,"Devers, Rafael",dever001,3,0,1B+3B,1B+3B,1,home_run,5,0,0
2025-04-19,BOS202504190,BOS,"Bregman, Alex",brega001,3,0,empty,empty,1,field_out,5,3,0
2025-04-19,BOS202504190,BOS,"Story, Trevor",stort001,3,1,empty,empty,1,field_out,5,3,0
2025-04-19,BOS202504190,BOS,"Abreu, Wilyer",abrew002,3,2,empty,empty,1,field_out,5,3,0
2025-04-19,BOS202504190,BOS,"Campbell, Kristian",campk002,3,0,empty,empty,1,strikeout,6,3,0
2025-04-19,BOS202504190,BOS,"Casas, Triston",casat001,3,1,empty,empty,1,field_out,6,3,0
2025-04-19,BOS202504190,BOS,"Narvaez, Carlos",narvc002,3,2,empty,empty,1,walk,6,3,0
2025-04-19,BOS202504190,BOS,"Rafaela, Ceddanne",rafac001,3,2,1B,1B,1,field_out,6,3,0
2025-04-19,BOS202504190,BOS,"Duran, Jarren",duraj001,4,0,empty,empty,1,field_out,7,3,3
2025-04-19,BOS202504190,BOS,"Devers, Rafael",dever001,4,1,empty,empty,1,strikeout,7,3,3
2025-04-19,BOS202504190,BOS,"Bregman, Alex",brega001,4,2,empty,empty,1,walk,7,3,3
2025-04-19,BOS202504190,BOS,"Story, Trevor",stort001,4,0,1B,empty,0,single,8,3,3
2025-04-19,BOS202504190,BOS,"Abreu, Wilyer",abrew002,4,0,1B,1B,1,grounded_into_double_play,8,3,3
2025-04-19,BOS202504190,BOS,"Campbell, Kristian",campk002,4,2,empty,empty,1,walk,8,3,3
2025-04-19,BOS202504190,BOS,"Casas, Triston",casat001,4,2,1B,1B,1,strikeout,8,3,3
2025-04-19,BOS202504190,BOS,"Narvaez, Carlos",narvc002,4,0,empty,empty,1,single,9,3,3
2025-04-19,BOS202504190,BOS,"Rafaela, Ceddanne",rafac001,4,0,2B,2B,1,fielders_choice_out,9,3,3
2025-04-19,BOS202504190,BOS,"Duran, Jarren",duraj001,5,1,1B,1B,1,field_out,9,3,3
2025-04-19,BOS202504190,BOS,"Devers, Rafael",dever001,5,2,1B,2B,0,intent_walk,9,3,3
2025-04-19,BOS202504190,BOS,"Bregman, Alex",brega001,5,2,1B+2B,1B+2B,1,strikeout,9,3,3
2025-04-19,BOS202504190,BOS,"Story, Trevor",stort001,5,0,2B,2B,1,field_out,10,3,3
2025-04-19,BOS202504190,BOS,"Abreu, Wilyer",abrew002,5,1,2B,2B,1,intent_walk,10,3,3
2025-04-19,BOS202504190,BOS,"Campbell, Kristian",campk002,5,1,1B+2B,1B+2B,1,walk,10,3,3
2025-04-19,BOS202504190,BOS,"Casas, Triston",casat001,5,1,1B+2B+3B,1B+2B+3B,1,single,10,3,3
2025-04-20,BOS202504200,BOS,"Duran, Jarren",duraj001,1,0,empty,empty,1,strikeout,1,0,2
2025-04-20,BOS202504200,BOS,"Devers, Rafael",dever001,1,1,empty,empty,1,field_error,1,0,2
2025-04-20,BOS202504200,BOS,"Bregman, Alex",brega001,1,1,2B,2B,1,field_error,1,0,2
2025-04-20,BOS202504200,BOS,"Abreu, Wilyer",abrew002,1,1,1B+2B,1B+2B,1,home_run,1,0,2
2025-04-20,BOS202504200,BOS,"Campbell, Kristian",campk002,1,1,empty,empty,1,field_out,1,3,2
2025-04-20,BOS202504200,BOS,"Casas, Triston",casat001,1,2,empty,empty,1,field_out,1,3,2
2025-04-20,BOS202504200,BOS,"Rafaela, Ceddanne",rafac001,1,0,empty,empty,1,strikeout,2,3,2
2025-04-20,BOS202504200,BOS,"Hamilton, David",hamid002,1,1,empty,empty,1,field_out,2,3,2
2025-04-20,BOS202504200,BOS,"Sabol, Blake",sabob001,1,2,empty,empty,1,double,2,3,2
2025-04-20,BOS202504200,BOS,"Duran, Jarren",duraj001,2,2,2B,2B,1,single,2,3,2
2025-04-20,BOS202504200,BOS,"Devers, Rafael",dever001,2,2,1B,1B,1,walk,2,4,2
2025-04-20,BOS202504200,BOS,"Bregman, Alex",brega001,2,2,1B+2B,1B+2B,1,hit_by_pitch,2,4,2
2025-04-20,BOS202504200,BOS,"Abreu, Wilyer",abrew002,2,2,1B+2B+3B,1B+2B+3B,1,field_out,2,4,2
2025-04-20,BOS202504200,BOS,"Campbell, Kristian",campk002,2,0,empty,empty,1,double,3,4,2
2025-04-20,BOS202504200,BOS,"Casas, Triston",casat001,2,0,2B,2B,1,field_out,3,4,2
2025-04-20,BOS202504200,BOS,"Rafaela, Ceddanne",rafac001,2,1,2B,2B,1,field_out,3,4,2
2025-04-20,BOS202504200,BOS,"Hamilton, David",hamid002,2,2,2B,2B,1,walk,3,4,2
2025-04-20,BOS202504200,BOS,"Sabol, Blake",sabob001,2,2,1B+2B,1B+2B,1,field_out,3,4,2
2025-04-20,BOS202504200,BOS,"Duran, Jarren",duraj001,3,0,empty,empty,1,field_out,4,4,2
2025-04-20,BOS202504200,BOS,"Devers, Rafael",dever001,3,1,empty,empty,1,walk,4,4,2
2025-04-20,BOS202504200,BOS,"Bregman, Alex",brega001,3,1,1B,1B,1,field_out,4,4,2
2025-04-20,BOS202504200,BOS,"Abreu, Wilyer",abrew002,3,2,1B,1B,1,strikeout,4,4,2
2025-04-20,BOS202504200,BOS,"Campbell, Kristian",campk002,3,0,empty,empty,1,single,5,4,2
2025-04-20,BOS202504200,BOS,"Casas, Triston",casat001,3,0,1B,1B,1,strikeout,5,4,2
2025-04-20,BOS202504200,BOS,"Rafaela, Ceddanne",rafac001,3,2,1B,empty,0,strikeout,5,4,2
2025-04-20,BOS202504200,BOS,"Hamilton, David",hamid002,3,0,empty,empty,1,field_out,6,4,2
2025-04-20,BOS202504200,BOS,"Sabol, Blake",sabob001,3,1,empty,empty,1,strikeout,6,4,2
2025-04-20,BOS202504200,BOS,"Duran, Jarren",duraj001,4,2,empty,empty,1,field_out,6,4,2
2025-04-20,BOS202504200,BOS,"Devers, Rafael",dever001,4,0,empty,empty,1,field_out,7,4,5
2025-04-20,BOS202504200,BOS,"Bregman, Alex",brega001,4,1,empty,empty,1,single,7,4,5
2025-04-20,BOS202504200,BOS,"Abreu, Wilyer",abrew002,4,1,1B,1B,1,field_out,7,4,5
2025-04-20,BOS202504200,BOS,"Campbell, Kristian",campk002,4,2,2B,2B,1,field_out,7,4,5
2025-04-20,BOS202504200,BOS,"Casas, Triston",casat001,4,0,empty,empty,1,field_out,8,4,7
2025-04-20,BOS202504200,BOS,"Rafaela, Ceddanne",rafac001,4,1,empty,empty,1,walk,8,4,7
2025-04-20,BOS202504200,BOS,"Hamilton, David",hamid002,4,1,1B,1B,1,field_out,8,4,7
2025-04-20,BOS202504200,BOS,"Sabol, Blake",sabob001,4,2,1B,1B,1,strikeout,8,4,7
2025-04-20,BOS202504200,BOS,"Duran, Jarren",duraj001,5,0,empty,empty,1,field_out,9,4,8
2025-04-20,BOS202504200,BOS,"Devers, Rafael",dever001,5,1,empty,empty,1,field_out,9,4,8
2025-04-20,BOS202504200,BOS,"Bregman, Alex",brega001,5,2,empty,empty,1,field_out,9,4,8
2025-04-21,BOS202504210,BOS,"Duran, Jarren",duraj001,1,0,empty,empty,1,field_out,1,0,1
2025-04-21,BOS202504210,BOS,"Devers, Rafael",dever001,1,1,empty,empty,1,walk,1,0,1
2025-04-21,BOS202504210,BOS,"Bregman, Alex",brega001,1,1,1B,1B,1,walk,1,0,1
2025-04-21,BOS202504210,BOS,"Story, Trevor",stort001,1,1,1B+2B,1B+2B,1,field_out,1,0,1
2025-04-21,BOS202504210,BOS,"Abreu, Wilyer",abrew002,1,2,1B+2B,1B+2B,1,strikeout,1,0,1
2025-04-21,BOS202504210,BOS,"Campbell, Kristian",campk002,1,0,empty,empty,1,single,2,0,1
2025-04-21,BOS202504210,BOS,"Casas, Triston",casat001,1,0,1B,1B,1,grounded_into_double_play,2,0,1
2025-04-21,BOS202504210,BOS,"Refsnyder, Rob",refsr001,1,2,empty,empty,1,home_run,2,0,1
2025-04-21,BOS202504210,BOS,"Narvaez, Carlos",narvc002,1,2,empty,empty,1,field_out,2,1,1
2025-04-21,BOS202504210,BOS,"Duran, Jarren",duraj001,2,0,empty,empty,1,double,3,1,1
2025-04-21,BOS202504210,BOS,"Devers, Rafael",dever001,2,0,2B,2B,1,field_out,3,1,1
2025-04-21,BOS202504210,BOS,"Bregman, Alex",brega001,2,1,2B,2B,1,walk,3,1,1
2025-04-21,BOS202504210,BOS,"Story, Trevor",stort001,2,1,1B+2B,1B+2B,1,single,3,1,1
2025-04-21,BOS202504210,BOS,"Abreu, Wilyer",abrew002,2,1,1B+2B,1B+2B,1,walk,3,2,1
2025-04-21,BOS202504210,BOS,"Campbell, Kristian",campk002,2,1,1B+2B+3B,1B+2B+3B,1,single,3,2,1
2025-04-21,BOS202504210,BOS,"Casas, Triston",casat001,2,1,1B+2B,1B+2B,1,field_out,3,4,1
2025-04-21,BOS202504210,BOS,"Refsnyder, Rob",refsr001,2,2,1B+2B,1B+2B,1,strikeout,3,4,1
2025-04-21,BOS202504210,BOS,"Narvaez, Carlos",narvc002,2,0,empty,empty,1,field_out,4,4,1
2025-04-21,BOS202504210,BOS,"Duran, Jarren",duraj001,3,1,empty,empty,1,field_out,4,4,1
2025-04-21,BOS202504210,BOS,"Devers, Rafael",dever001,3,2,empty,empty,1,field_out,4,4,1
2025-04-21,BOS202504210,BOS,"Bregman, Alex",brega001,3,0,empty,empty,1,field_out,5,4,1
2025-04-21,BOS202504210,BOS,"Story, Trevor",stort001,3,1,empty,empty,1,single,5,4,1
2025-04-21,BOS202504210,BOS,"Abreu, Wilyer",abrew002,3,1,1B,1B,1,strikeout,5,4,1
2025-04-21,BOS202504210,BOS,"Campbell, Kristian",campk002,3,2,1B,2B,0,strikeout,5,4,1
2025-04-21,BOS202504210,BOS,"Casas, Triston",casat001,3,0,empty,empty,1,field_out,6,4,1
2025-04-21,BOS202504210,BOS,"Refsnyder, Rob",refsr001,3,1,empty,empty,1,field_out,6,4,1
2025-04-21,BOS202504210,BOS,"Narvaez, Carlos",narvc002,3,2,empty,empty,1,field_out,6,4,1
2025-04-21,BOS202504210,BOS,"Duran, Jarren",duraj001,4,0,empty,empty,1,strikeout,7,4,1
2025-04-21,BOS202504210,BOS,"Devers, Rafael",dever001,4,1,empty,empty,1,strikeout,7,4,1
2025-04-21,BOS202504210,BOS,"Bregman, Alex",brega001,4,2,empty,empty,1,single,7,4,1
2025-04-21,BOS202504210,BOS,"Story, Trevor",stort001,4,2,1B,1B,1,single,7,4,1
2025-04-21,BOS202504210,BOS,"Abreu, Wilyer",abrew002,4,2,1B+2B,1B+2B,1,strikeout,7,4,1
2025-04-21,BOS202504210,BOS,"Campbell, Kristian",campk002,4,0,empty,empty,1,walk,8,4,2
2025-04-21,BOS202504210,BOS,"Casas, Triston",casat001,4,0,1B,1B,1,field_out,8,4,2
2025-04-21,BOS202504210,BOS,"Refsnyder, Rob",refsr001,4,1,2B,2B,1,strikeout,8,4,2
2025-04-21,BOS202504210,BOS,"Narvaez, Carlos",narvc002,4,2,2B,2B,1,field_out,8,4,2
2025-04-22,BOS202504220,BOS,"Duran, Jarren",duraj001,1,0,empty,empty,1,triple,1,0,1
2025-04-22,BOS202504220,BOS,"Devers, Rafael",dever001,1,0,3B,3B,1,sac_fly,1,0,1
2025-04-22,BOS202504220,BOS,"Bregman, Alex",brega001,1,1,empty,empty,1,field_out,1,1,1
2025-04-22,BOS202504220,BOS,"Story, Trevor",stort001,1,2,empty,empty,1,field_out,1,1,1
2025-04-22,BOS202504220,BOS,"Abreu, Wilyer",abrew002,1,0,empty,empty,1,single,2,1,1
2025-04-22,BOS202504220,BOS,"Campbell, Kristian",campk002,1,0,1B,2B,0,strikeout,2,1,1
2025-04-22,BOS202504220,BOS,"Casas, Triston",casat001,1,1,2B,2B,1,field_out,2,1,1
2025-04-22,BOS202504220,BOS,"Narvaez, Carlos",narvc002,1,2,3B,3B,1,field_out,2,1,1
2025-04-22,BOS202504220,BOS,"Rafaela, Ceddanne",rafac001,1,0,empty,empty,1,single,3,1,1
2025-04-22,BOS202504220,BOS,"Duran, Jarren",duraj001,2,0,1B,2B,0,strikeout,3,1,1
2025-04-22,BOS202504220,BOS,"Devers, Rafael",dever001,2,1,2B,2B,1,walk,3,1,1
2025-04-22,BOS202504220,BOS,"Bregman, Alex",brega001,2,1,1B+2B,1B+2B,1,double,3,1,1
2025-04-22,BOS202504220,BOS,"Story, Trevor",stort001,2,1,2B+3B,2B+3B,1,strikeout,3,2,1
2025-04-22,BOS202504220,BOS,"Abreu, Wilyer",abrew002,2,2,2B+3B,2B+3B,1,field_out,3,2,1
2025-04-22,BOS202504220,BOS,"Campbell, Kristian",campk002,2,0,empty,empty,1,field_out,4,2,1
2025-04-22,BOS202504220,BOS,"Casas, Triston",casat001,2,1,empty,empty,1,strikeout,4,2,1
2025-04-22,BOS202504220,BOS,"Narvaez, Carlos",narvc002,2,2,empty,empty,1,field_out,4,2,1
2025-04-22,BOS202504220,BOS,"Rafaela, Ceddanne",rafac001,2,0,empty,empty,1,walk,5,2,1
2025-04-22,BOS202504220,BOS,"Duran, Jarren",duraj001,3,0,1B,2B,0,field_out,5,2,1
2025-04-22,BOS202504220,BOS,"Devers, Rafael",dever001,3,1,3B,3B,1,walk,5,2,1
2025-04-22,BOS202504220,BOS,"Bregman, Alex",brega001,3,1,1B+3B,1B+3B,1,double,5,2,1
2025-04-22,BOS202504220,BOS,"Story, Trevor",stort001,3,1,3B,3B,1,field_out,5,4,1
2025-04-22,BOS202504220,BOS,"Abreu, Wilyer",abrew002,3,2,3B,3B,1,walk,5,4,1
2025-04-22,BOS202504220,BOS,"Campbell, Kristian",campk002,3,2,1B+3B,2B+3B,0,strikeout,5,4,1
2025-04-22,BOS202504220,BOS,"Casas, Triston",casat001,3,0,empty,empty,1,walk,6,4,3
2025-04-22,BOS202504220,BOS,"Narvaez, Carlos",narvc002,3,0,1B,1B,1,field_out,6,4,3
2025-04-22,BOS202504220,BOS,"Rafaela, Ceddanne",rafac001,3,1,2B,2B,1,single,6,4,3
2025-04-22,BOS202504220,BOS,"Duran, Jarren",duraj001,4,1,1B+3B,1B+3B,1,walk,6,4,3
2025-04-22,BOS202504220,BOS,"Devers, Rafael",dever001,4,1,1B+2B+3B,1B+2B+3B,1,field_out,6,4,3
2025-04-22,BOS202504220,BOS,"Bregman, Alex",brega001,4,2,1B+2B+3B,1B+2B+3B,1,field_out,6,4,3
2025-04-22,BOS202504220,BOS,"Story, Trevor",stort001,4,0,empty,empty,1,strikeout,7,4,3
2025-04-22,BOS202504220,BOS,"Abreu, Wilyer",abrew002,4,1,empty,empty,1,single,7,4,3
2025-04-22,BOS202504220,BOS,"Campbell, Kristian",campk002,4,1,1B,1B,1,walk,7,4,3
2025-04-22,BOS202504220,BOS,"Casas, Triston",casat001,4,1,1B+2B,1B+2B,1,home_run,7,4,3
2025-04-22,BOS202504220,BOS,"Narvaez, Carlos",narvc002,4,1,empty,empty,1,single,7,7,3
2025-04-22,BOS202504220,BOS,"Rafaela, Ceddanne",rafac001,4,1,1B,1B,1,strikeout,7,7,3
2025-04-22,BOS202504220,BOS,"Duran, Jarren",duraj001,5,2,1B,1B,1,single,7,7,3
2025-04-22,BOS202504220,BOS,"Devers, Rafael",dever001,5,2,2B,2B,1,strikeout,7,8,3
2025-04-22,BOS202504220,BOS,"Bregman, Alex",brega001,5,0,empty,empty,1,field_out,8,8,3
2025-04-22,BOS202504220,BOS,"Story, Trevor",stort001,5,1,empty,empty,1,strikeout,8,8,3
2025-04-22,BOS202504220,BOS,"Abreu, Wilyer",abrew002,5,2,empty,empty,1,double,8,8,3
2025-04-22,BOS202504220,BOS,"Campbell, Kristian",campk002,5,2,2B,2B,1,field_out,8,8,3
2025-04-23,BOS202504230,BOS,"Duran, Jarren",duraj001,1,0,empty,empty,1,strikeout,1,0,1
2025-04-23,BOS202504230,BOS,"Devers, Rafael",dever001,1,1,empty,empty,1,strikeout,1,0,1
2025-04-23,BOS202504230,BOS,"Bregman, Alex",brega001,1,2,empty,empty,1,double,1,0,1
2025-04-23,BOS202504230,BOS,"Abreu, Wilyer",abrew002,1,2,2B,2B,1,field_out,1,0,1
2025-04-23,BOS202504230,BOS,"Story, Trevor",stort001,1,0,empty,empty,1,strikeout,2,0,1
2025-04-23,BOS202504230,BOS,"Casas, Triston",casat001,1,1,empty,empty,1,strikeout,2,0,1
2025-04-23,BOS202504230,BOS,"Gonzalez, Romy",gonzr003,1,2,empty,empty,1,field_out,2,0,1
2025-04-23,BOS202504230,BOS,"Sabol, Blake",sabob001,1,0,empty,empty,1,field_out,3,0,1
2025-04-23,BOS202504230,BOS,"Rafaela, Ceddanne",rafac001,1,1,empty,empty,1,field_out,3,0,1
2025-04-23,BOS202504230,BOS,"Duran, Jarren",duraj001,2,2,empty,empty,1,single,3,0,1
2025-04-23,BOS202504230,BOS,"Devers, Rafael",dever001,2,2,1B,2B,0,strikeout,3,0,1
2025-04-23,BOS202504230,BOS,"Bregman, Alex",brega001,2,0,empty,empty,1,strikeout,4,0,4
2025-04-23,BOS202504230,BOS,"Abreu, Wilyer",abrew002,2,1,empty,empty,1,field_out,4,0,4
2025-04-23,BOS202504230,BOS,"Story, Trevor",stort001,2,2,empty,empty,1,walk,4,0,4
2025-04-23,BOS202504230,BOS,"Casas, Triston",casat001,2,2,1B,1B,1,walk,4,0,4
2025-04-23,BOS202504230,BOS,"Gonzalez, Romy",gonzr003,2,2,1B+2B,1B+2B,1,single,4,0,4
2025-04-23,BOS202504230,BOS,"Sabol, Blake",sabob001,2,2,1B+2B,1B+2B,1,strikeout,4,1,4
2025-04-23,BOS202504230,BOS,"Rafaela, Ceddanne",rafac001,2,0,empty,empty,1,single,5,1,4
2025-04-23,BOS202504230,BOS,"Duran, Jarren",duraj001,3,0,1B,1B,1,double,5,1,4
2025-04-23,BOS202504230,BOS,"Devers, Rafael",dever001,3,0,2B+3B,2B+3B,1,field_out,5,1,4
2025-04-23,BOS202504230,BOS,"Bregman, Alex",brega001,3,1,3B,3B,1,field_out,5,2,4
2025-04-23,BOS202504230,BOS,"Abreu, Wilyer",abrew002,3,2,3B,3B,1,field_out,5,2,4
2025-04-23,BOS202504230,BOS,"Story, Trevor",stort001,3,0,empty,empty,1,field_out,6,2,6
2025-04-23,BOS202504230,BOS,"Casas, Triston",casat001,3,1,empty,empty,1,field_out,6,2,6
2025-04-23,BOS202504230,BOS,"Gonzalez, Romy",gonzr003,3,2,empty,empty,1,field_out,6,2,6
2025-04-23,BOS202504230,BOS,"Sabol, Blake",sabob001,3,0,empty,empty,1,field_out,7,2,8
2025-04-23,BOS202504230,BOS,"Rafaela, Ceddanne",rafac001,3,1,empty,empty,1,strikeout,7,2,8
2025-04-23,BOS202504230,BOS,"Duran, Jarren",duraj001,4,2,empty,empty,1,field_out,7,2,8
2025-04-23,BOS202504230,BOS,"Devers, Rafael",dever001,4,0,empty,empty,1,walk,8,2,8
2025-04-23,BOS202504230,BOS,"Bregman, Alex",brega001,4,0,1B,1B,1,single,8,2,8
2025-04-23,BOS202504230,BOS,"Abreu, Wilyer",abrew002,4,0,1B+3B,1B+3B,1,strikeout,8,2,8
2025-04-23,BOS202504230,BOS,"Story, Trevor",stort001,4,1,1B+3B,1B+3B,1,strikeout,8,2,8
2025-04-23,BOS202504230,BOS,"Casas, Triston",casat001,4,2,1B+3B,1B+3B,1,home_run,8,2,8
2025-04-23,BOS202504230,BOS,"Gonzalez, Romy",gonzr003,4,2,empty,empty,1,field_out,8,5,8
2025-04-23,BOS202504230,BOS,"Refsnyder, Rob",refsr001,1,0,empty,empty,1,strikeout,9,5,8
2025-04-23,BOS202504230,BOS,"Rafaela, Ceddanne",rafac001,4,1,empty,empty,1,field_out,9,5,8
2025-04-23,BOS202504230,BOS,"Duran, Jarren",duraj001,5,2,empty,empty,1,field_out,9,5,8
2025-04-24,BOS202504240,BOS,"Duran, Jarren",duraj001,1,0,empty,empty,1,strikeout,1,0,2
2025-04-24,BOS202504240,BOS,"Devers, Rafael",dever001,1,1,empty,empty,1,strikeout,1,0,2
2025-04-24,BOS202504240,BOS,"Bregman, Alex",brega001,1,2,empty,empty,1,home_run,1,0,2
2025-04-24,BOS202504240,BOS,"Abreu, Wilyer",abrew002,1,2,empty,empty,1,strikeout,1,1,2
2025-04-24,BOS202504240,BOS,"Story, Trevor",stort001,1,0,empty,empty,1,field_out,2,1,4
2025-04-24,BOS202504240,BOS,"Casas, Triston",casat001,1,1,empty,empty,1,hit_by_pitch,2,1,4
2025-04-24,BOS202504240,BOS,"Campbell, Kristian",campk002,1,1,1B,1B,1,strikeout,2,1,4
2025-04-24,BOS202504240,BOS,"Hamilton, David",hamid002,1,2,1B,1B,1,field_out,2,1,4
2025-04-24,BOS202504240,BOS,"Narvaez, Carlos",narvc002,1,0,empty,empty,1,strikeout,3,1,4
2025-04-24,BOS202504240,BOS,"Duran, Jarren",duraj001,2,1,empty,empty,1,double,3,1,4
2025-04-24,BOS202504240,BOS,"Devers, Rafael",dever001,2,1,2B,2B,1,field_out,3,1,4
2025-04-24,BOS202504240,BOS,"Bregman, Alex",brega001,2,2,2B,2B,1,single,3,1,4
2025-04-24,BOS202504240,BOS,"Abreu, Wilyer",abrew002,2,2,1B,1B,1,field_out,3,2,4
2025-04-24,BOS202504240,BOS,"Story, Trevor",stort001,2,0,empty,empty,1,strikeout,4,2,4
2025-04-24,BOS202504240,BOS,"Casas, Triston",casat001,2,1,empty,empty,1,field_out,4,2,4
2025-04-24,BOS202504240,BOS,"Campbell, Kristian",campk002,2,2,empty,empty,1,strikeout,4,2,4
2025-04-24,BOS202504240,BOS,"Hamilton, David",hamid002,2,0,empty,empty,1,field_out,5,2,4
2025-04-24,BOS202504240,BOS,"Narvaez, Carlos",narvc002,2,1,empty,empty,1,strikeout,5,2,4
2025-04-24,BOS202504240,BOS,"Duran, Jarren",duraj001,3,2,empty,empty,1,field_out,5,2,4
2025-04-24,BOS202504240,BOS,"Devers, Rafael",dever001,3,0,empty,empty,1,field_out,6,2,4
2025-04-24,BOS202504240,BOS,"Bregman, Alex",brega001,3,1,empty,empty,1,walk,6,2,4
2025-04-24,BOS202504240,BOS,"Abreu, Wilyer",abrew002,3,1,1B,1B,1,field_out,6,2,4
2025-04-24,BOS202504240,BOS,"Story, Trevor",stort001,3,2,2B,2B,1,field_out,6,2,4
2025-04-24,BOS202504240,BOS,"Casas, Triston",casat001,3,0,empty,empty,1,field_out,7,2,4
2025-04-24,BOS202504240,BOS,"Campbell, Kristian",campk002,3,1,empty,empty,1,strikeout,7,2,4
2025-04-24,BOS202504240,BOS,"Hamilton, David",hamid002,3,2,empty,empty,1,field_out,7,2,4
2025-04-24,BOS202504240,BOS,"Narvaez, Carlos",narvc002,3,0,empty,empty,1,home_run,8,2,4
2025-04-24,BOS202504240,BOS,"Duran, Jarren",duraj001,4,0,empty,empty,1,field_out,8,3,4
2025-04-24,BOS202504240,BOS,"Devers, Rafael",dever001,4,1,empty,empty,1,strikeout,8,3,4
2025-04-24,BOS202504240,BOS,"Bregman, Alex",brega001,4,2,empty,empty,1,field_out,8,3,4
2025-04-24,BOS202504240,BOS,"Abreu, Wilyer",abrew002,4,0,empty,empty,1,field_out,9,3,4
2025-04-24,BOS202504240,BOS,"Story, Trevor",stort001,4,1,empty,empty,1,strikeout,9,3,4
2025-04-24,BOS202504240,BOS,"Casas, Triston",casat001,4,2,empty,empty,1,walk,9,3,4
2025-04-24,BOS202504240,BOS,"Campbell, Kristian",campk002,4,2,1B,1B,1,strikeout,9,3,4
2025-04-26,CLE202504261,BOS,"Duran, Jarren",duraj001,1,0,empty,empty,1,field_out,1,0,0
2025-04-26,CLE202504261,BOS,"Devers, Rafael",dever001,1,1,empty,empty,1,walk,1,0,0
2025-04-26,CLE202504261,BOS,"Bregman, Alex",brega001,1,1,1B,1B,1,single,1,0,0
2025-04-26,CLE202504261,BOS,"Story, Trevor",stort001,1,1,1B+2B,1B+2B,1,field_out,1,0,0
2025-04-26,CLE202504261,BOS,"Abreu, Wilyer",abrew002,1,2,1B+2B,1B+2B,1,home_run,1,0,0
2025-04-26,CLE202504261,BOS,"Campbell, Kristian",campk002,1,2,empty,empty,1,single,1,3,0
2025-04-26,CLE202504261,BOS,"Casas, Triston",casat001,1,2,1B,1B,1,field_out,1,3,0
2025-04-26,CLE202504261,BOS,"Sabol, Blake",sabob001,1,0,empty,empty,1,field_out,2,3,4
2025-04-26,CLE202504261,BOS,"Rafaela, Ceddanne",rafac001,1,1,empty,empty,1,field_out,2,3,4
2025-04-26,CLE202504261,BOS,"Duran, Jarren",duraj001,2,2,empty,empty,1,strikeout,2,3,4
2025-04-26,CLE202504261,BOS,"Devers, Rafael",dever001,2,0,empty,empty,1,home_run,3,3,4
2025-04-26,CLE202504261,BOS,"Bregman, Alex",brega001,2,0,empty,empty,1,double,3,4,4
2025-04-26,CLE202504261,BOS,"Story, Trevor",stort001,2,0,2B,2B,1,strikeout,3,4,4
2025-04-26,CLE202504261,BOS,"Abreu, Wilyer",abrew002,2,1,2B,2B,1,field_out,3,4,4
2025-04-26,CLE202504261,BOS,"Campbell, Kristian",campk002,2,2,2B,2B,1,field_out,3,4,4
2025-04-26,CLE202504261,BOS,"Casas, Triston",casat001,2,0,empty,empty,1,single,4,4,4
2025-04-26,CLE202504261,BOS,"Sabol, Blake",sabob001,2,0,1B,1B,1,walk,4,4,4
2025-04-26,CLE202504261,BOS,"Rafaela, Ceddanne",rafac001,2,0,1B+2B,1B+2B,1,field_out,4,4,4
2025-04-26,CLE202504261,BOS,"Duran, Jarren",duraj001,3,1,1B+2B,1B+2B,1,field_out,4,4,4
2025-04-26,CLE202504261,BOS,"Devers, Rafael",dever001,3,2,1B+3B,1B+3B,1,field_out,4,4,4
2025-04-26,CLE202504261,BOS,"Bregman, Alex",brega001,3,0,empty,empty,1,strikeout,5,4,4
2025-04-26,CLE202504261,BOS,"Story, Trevor",stort001,3,1,empty,empty,1,field_out,5,4,4
2025-04-26,CLE202504261,BOS,"Abreu, Wilyer",abrew002,3,2,empty,empty,1,walk,5,4,4
2025-04-26,CLE202504261,BOS,"Campbell, Kristian",campk002,3,2,1B,1B,1,strikeout,5,4,4
2025-04-26,CLE202504261,BOS,"Casas, Triston",casat001,3,0,empty,empty,1,walk,6,4,4
2025-04-26,CLE202504261,BOS,"Sabol, Blake",sabob001,3,0,1B,1B,1,strikeout,6,4,4
2025-04-26,CLE202504261,BOS,"Rafaela, Ceddanne",rafac001,3,1,1B,1B,1,field_out,6,4,4
2025-04-26,CLE202504261,BOS,"Duran, Jarren",duraj001,4,2,1B,1B,1,field_out,6,4,4
2025-04-26,CLE202504261,BOS,"Devers, Rafael",dever001,4,0,empty,empty,1,hit_by_pitch,7,4,5
2025-04-26,CLE202504261,BOS,"Bregman, Alex",brega001,4,0,1B,1B,1,strikeout,7,4,5
2025-04-26,CLE202504261,BOS,"Story, Trevor",stort001,4,1,1B,1B,1,field_out,7,4,5
2025-04-26,CLE202504261,BOS,"Abreu, Wilyer",abrew002,4,2,1B,1B,1,strikeout,7,4,5
2025-04-26,CLE202504261,BOS,"Campbell, Kristian",campk002,4,0,empty,empty,1,strikeout,8,4,5
2025-04-26,CLE202504261,BOS,"Casas, Triston",casat001,4,1,empty,empty,1,strikeout,8,4,5
2025-04-26,CLE202504261,BOS,"Sabol, Blake",sabob001,4,2,empty,empty,1,field_out,8,4,5
2025-04-26,CLE202504261,BOS,"Rafaela, Ceddanne",rafac001,4,0,empty,empty,1,single,9,4,5
2025-04-26,CLE202504261,BOS,"Duran, Jarren",duraj001,5,0,1B,1B,1,walk,9,4,5
2025-04-26,CLE202504261,BOS,"Devers, Rafael",dever001,5,0,1B+2B,1B+2B,1,field_out,9,4,5
2025-04-26,CLE202504261,BOS,"Bregman, Alex",brega001,5,1,1B+2B,1B+2B,1,field_out,9,4,5
2025-04-26,CLE202504261,BOS,"Story, Trevor",stort001,5,2,1B+3B,2B+3B,0,strikeout,9,4,5
2025-04-26,CLE202504262,BOS,"Duran, Jarren",duraj001,1,0,empty,empty,1,strikeout,1,0,0
2025-04-26,CLE202504262,BOS,"Devers, Rafael",dever001,1,1,empty,empty,1,walk,1,0,0
2025-04-26,CLE202504262,BOS,"Bregman, Alex",brega001,1,1,1B,1B,1,walk,1,0,0
2025-04-26,CLE202504262,BOS,"Story, Trevor",stort001,1,1,1B+2B,1B+2B,1,single,1,0,0
2025-04-26,CLE202504262,BOS,"Refsnyder, Rob",refsr001,1,1,1B+3B,1B+3B,1,field_out,1,1,0
2025-04-26,CLE202504262,BOS,"Gonzalez, Romy",gonzr003,1,2,1B+3B,1B+3B,1,strikeout,1,1,0
2025-04-26,CLE202504262,BOS,"Campbell, Kristian",campk002,1,0,empty,empty,1,double,2,1,0
2025-04-26,CLE202504262,BOS,"Narvaez, Carlos",narvc002,1,0,2B,2B,1,field_out,2,1,0
2025-04-26,CLE202504262,BOS,"Rafaela, Ceddanne",rafac001,1,1,2B,2B,1,field_out,2,1,0
2025-04-26,CLE202504262,BOS,"Duran, Jarren",duraj001,2,2,2B,2B,1,single,2,1,0
2025-04-26,CLE202504262,BOS,"Devers, Rafael",dever001,2,2,1B,2B,0,double,2,2,0
2025-04-26,CLE202504262,BOS,"Bregman, Alex",brega001,2,2,2B,2B,1,walk,2,3,0
2025-04-26,CLE202504262,BOS,"Story, Trevor",stort001,2,2,1B+2B,1B+2B,1,walk,2,3,0
2025-04-26,CLE202504262,BOS,"Refsnyder, Rob",refsr001,2,2,1B+2B+3B,1B+2B+3B,1,walk,2,3,0
2025-04-26,CLE202504262,BOS,"Gonzalez, Romy",gonzr003,2,2,1B+2B+3B,1B+2B+3B,1,field_out,2,4,0
2025-04-26,CLE202504262,BOS,"Campbell, Kristian",campk002,2,0,empty,empty,1,strikeout,3,4,0
2025-04-26,CLE202504262,BOS,"Narvaez, Carlos",narvc002,2,1,empty,empty,1,walk,3,4,0
2025-04-26,CLE202504262,BOS,"Rafaela, Ceddanne",rafac001,2,1,1B,1B,1,field_out,3,4,0
2025-04-26,CLE202504262,BOS,"Duran, Jarren",duraj001,3,2,1B,1B,1,triple,3,4,0
2025-04-26,CLE202504262,BOS,"Devers, Rafael",dever001,3,2,3B,empty,0,field_out,3,6,0
2025-04-26,CLE202504262,BOS,"Bregman, Alex",brega001,3,0,empty,empty,1,field_out,4,6,0
2025-04-26,CLE202504262,BOS,"Story, Trevor",stort001,3,1,empty,empty,1,field_out,4,6,0
2025-04-26,CLE202504262,BOS,"Refsnyder, Rob",refsr001,3,2,empty,empty,1,double,4,6,0
2025-04-26,CLE202504262,BOS,"Gonzalez, Romy",gonzr003,3,2,2B,2B,1,field_out,4,6,0
2025-04-26,CLE202504262,BOS,"Campbell, Kristian",campk002,3,0,empty,empty,1,single,5,6,3
2025-04-26,CLE202504262,BOS,"Narvaez, Carlos",narvc002,3,0,1B,1B,1,double_play,5,6,3
2025-04-26,CLE202504262,BOS,"Rafaela, Ceddanne",rafac001,3,2,empty,empty,1,field_out,5,6,3
2025-04-26,CLE202504262,BOS,"Duran, Jarren",duraj001,4,0,empty,empty,1,single,6,6,3
2025-04-26,CLE202504262,BOS,"Devers, Rafael",dever001,4,0,1B,1B,1,single,6,6,3
2025-04-26,CLE202504262,BOS,"Bregman, Alex",brega001,4,0,1B+3B,1B+3B,1,single,6,6,3
2025-04-26,CLE202504262,BOS,"Story, Trevor",stort001,4,0,1B+2B,1B+2B,1,field_out,6,7,3
2025-04-26,CLE202504262,BOS,"Refsnyder, Rob",refsr001,4,1,1B+2B,1B+2B,1,field_out,6,7,3
2025-04-26,CLE202504262,BOS,"Gonzalez, Romy",gonzr003,4,2,1B+2B,1B+2B,1,field_out,6,7,3
2025-04-26,CLE202504262,BOS,"Campbell, Kristian",campk002,4,0,empty,empty,1,field_out,7,7,3
2025-04-26,CLE202504262,BOS,"Narvaez, Carlos",narvc002,4,1,empty,empty,1,field_out,7,7,3
2025-04-26,CLE202504262,BOS,"Rafaela, Ceddanne",rafac001,4,2,empty,empty,1,field_out,7,7,3
2025-04-26,CLE202504262,BOS,"Duran, Jarren",duraj001,5,0,empty,empty,1,field_out,8,7,3
2025-04-26,CLE202504262,BOS,"Devers, Rafael",dever001,5,1,empty,empty,1,field_out,8,7,3
2025-04-26,CLE202504262,BOS,"Bregman, Alex",brega001,5,2,empty,empty,1,field_out,8,7,3
2025-04-26,CLE202504262,BOS,"Story, Trevor",stort001,5,0,empty,empty,1,field_out,9,7,3
2025-04-26,CLE202504262,BOS,"Refsnyder, Rob",refsr001,5,1,empty,empty,1,field_out,9,7,3
2025-04-26,CLE202504262,BOS,"Gonzalez, Romy",gonzr003,5,2,empty,empty,1,double,9,7,3
2025-04-26,CLE202504262,BOS,"Campbell, Kristian",campk002,5,2,2B,2B,1,field_out,9,7,3
2025-04-27,CLE202504270,BOS,"Duran, Jarren",duraj001,1,0,empty,empty,1,single,1,0,0
2025-04-27,CLE202504270,BOS,"Devers, Rafael",dever001,1,0,1B,1B,1,field_out,1,0,0
2025-04-27,CLE202504270,BOS,"Bregman, Alex",brega001,1,1,2B,2B,1,field_out,1,0,0
2025-04-27,CLE202504270,BOS,"Story, Trevor",stort001,1,2,3B,3B,1,field_out,1,0,0
2025-04-27,CLE202504270,BOS,"Refsnyder, Rob",refsr001,1,0,empty,empty,1,home_run,2,0,0
2025-04-27,CLE202504270,BOS,"Gonzalez, Romy",gonzr003,1,0,empty,empty,1,field_out,2,1,0
2025-04-27,CLE202504270,BOS,"Campbell, Kristian",campk002,1,1,empty,empty,1,walk,2,1,0
2025-04-27,CLE202504270,BOS,"Narvaez, Carlos",narvc002,1,1,1B,1B,1,single,2,1,0
2025-04-27,CLE202504270,BOS,"Rafaela, Ceddanne",rafac001,1,1,1B+3B,1B+3B,1,field_out,2,1,0
2025-04-27,CLE202504270,BOS,"Duran, Jarren",duraj001,2,2,2B,2B,1,single,2,2,0
2025-04-27,CLE202504270,BOS,"Devers, Rafael",dever001,2,2,1B+3B,1B+3B,1,field_out,2,2,0
2025-04-27,CLE202504270,BOS,"Bregman, Alex",brega001,2,0,empty,empty,1,strikeout,3,2,0
2025-04-27,CLE202504270,BOS,"Story, Trevor",stort001,2,1,empty,empty,1,strikeout,3,2,0
2025-04-27,CLE202504270,BOS,"Refsnyder, Rob",refsr001,2,2,empty,empty,1,single,3,2,0
2025-04-27,CLE202504270,BOS,"Gonzalez, Romy",gonzr003,2,2,1B,1B,1,field_out,3,2,0
2025-04-27,CLE202504270,BOS,"Campbell, Kristian",campk002,2,0,empty,empty,1,double,4,2,0
2025-04-27,CLE202504270,BOS,"Narvaez, Carlos",narvc002,2,0,2B,2B,1,field_out,4,2,0
2025-04-27,CLE202504270,BOS,"Rafaela, Ceddanne",rafac001,2,1,3B,3B,1,sac_fly,4,2,0
2025-04-27,CLE202504270,BOS,"Duran, Jarren",duraj001,3,2,empty,empty,1,single,4,3,0
2025-04-27,CLE202504270,BOS,"Devers, Rafael",dever001,3,0,1B,empty,0,single,5,3,0
2025-04-27,CLE202504270,BOS,"Bregman, Alex",brega001,3,0,1B,1B,1,single,5,3,0
2025-04-27,CLE202504270,BOS,"Story, Trevor",stort001,3,0,1B+2B,1B+2B,1,walk,5,3,0
2025-04-27,CLE202504270,BOS,"Refsnyder, Rob",refsr001,3,0,1B+2B+3B,1B+2B+3B,1,sac_fly,5,3,0
2025-04-27,CLE202504270,BOS,"Gonzalez, Romy",gonzr003,3,1,1B+3B,1B+3B,1,walk,5,4,0
2025-04-27,CLE202504270,BOS,"Campbell, Kristian",campk002,3,1,1B+2B+3B,1B+2B+3B,1,single,5,4,0
2025-04-27,CLE202504270,BOS,"Narvaez, Carlos",narvc002,3,1,1B+3B,3B,0,strikeout,5,7,0
2025-04-27,CLE202504270,BOS,"Rafaela, Ceddanne",rafac001,3,2,3B,3B,1,double,5,7,0
2025-04-27,CLE202504270,BOS,"Duran, Jarren",duraj001,4,2,2B,2B,1,field_out,5,8,0
2025-04-27,CLE202504270,BOS,"Devers, Rafael",dever001,4,0,empty,empty,1,home_run,6,8,0
2025-04-27,CLE202504270,BOS,"Bregman, Alex",brega001,4,0,empty,empty,1,field_out,6,9,0
2025-04-27,CLE202504270,BOS,"Story, Trevor",stort001,4,1,empty,empty,1,field_out,6,9,0
2025-04-27,CLE202504270,BOS,"Refsnyder, Rob",refsr001,4,2,empty,empty,1,field_out,6,9,0
2025-04-27,CLE202504270,BOS,"Gonzalez, Romy",gonzr003,4,0,empty,empty,1,field_error,7,9,3
2025-04-27,CLE202504270,BOS,"Campbell, Kristian",campk002,4,0,1B,2B,0,walk,7,9,3
2025-04-27,CLE202504270,BOS,"Narvaez, Carlos",narvc002,4,0,1B+2B,1B+2B,1,field_out,7,9,3
2025-04-27,CLE202504270,BOS,"Rafaela, Ceddanne",rafac001,4,1,1B+3B,2B+3B,0,home_run,7,9,3
2025-04-27,CLE202504270,BOS,"Duran, Jarren",duraj001,5,1,empty,empty,1,field_out,7,12,3
2025-04-27,CLE202504270,BOS,"Devers, Rafael",dever001,5,2,empty,empty,1,strikeout,7,12,3
2025-04-27,CLE202504270,BOS,"Bregman, Alex",brega001,5,0,empty,empty,1,field_out,8,12,3
2025-04-27,CLE202504270,BOS,"Story, Trevor",stort001,5,1,empty,empty,1,strikeout,8,12,3
2025-04-27,CLE202504270,BOS,"Refsnyder, Rob",refsr001,5,2,empty,empty,1,strikeout,8,12,3
2025-04-27,CLE202504270,BOS,"Gonzalez, Romy",gonzr003,5,0,empty,empty,1,field_out,9,12,3
2025-04-27,CLE202504270,BOS,"Campbell, Kristian",campk002,5,1,empty,empty,1,walk,9,12,3
2025-04-27,CLE202504270,BOS,"Narvaez, Carlos",narvc002,5,1,1B,1B,1,single,9,12,3
2025-04-27,CLE202504270,BOS,"Rafaela, Ceddanne",rafac001,5,1,1B+2B,1B+2B,1,field_out,9,12,3
2025-04-27,CLE202504270,BOS,"Duran, Jarren",duraj001,6,2,1B+2B,1B+2B,1,double,9,12,3
2025-04-27,CLE202504270,BOS,"Devers, Rafael",dever001,6,2,2B+3B,2B+3B,1,strikeout,9,13,3
2025-04-29,TOR202504290,BOS,"Duran, Jarren",duraj001,1,0,empty,empty,1,home_run,1,0,0
2025-04-29,TOR202504290,BOS,"Devers, Rafael",dever001,1,0,empty,empty,1,field_out,1,1,0
2025-04-29,TOR202504290,BOS,"Bregman, Alex",brega001,1,1,empty,empty,1,home_run,1,1,0
2025-04-29,TOR202504290,BOS,"Story, Trevor",stort001,1,1,empty,empty,1,field_out,1,2,0
2025-04-29,TOR202504290,BOS,"Abreu, Wilyer",abrew002,1,2,empty,empty,1,field_out,1,2,0
2025-04-29,TOR202504290,BOS,"Campbell, Kristian",campk002,1,0,empty,empty,1,home_run,2,2,0
2025-04-29,TOR202504290,BOS,"Casas, Triston",casat001,1,0,empty,empty,1,single,2,3,0
2025-04-29,TOR202504290,BOS,"Rafaela, Ceddanne",rafac001,1,0,1B,1B,1,field_out,2,3,0
2025-04-29,TOR202504290,BOS,"Narvaez, Carlos",narvc002,1,1,1B,1B,1,strikeout,2,3,0
2025-04-29,TOR202504290,BOS,"Duran, Jarren",duraj001,2,2,1B,1B,1,field_out,2,3,0
2025-04-29,TOR202504290,BOS,"Devers, Rafael",dever001,2,0,empty,empty,1,home_run,3,3,0
2025-04-29,TOR202504290,BOS,"Bregman, Alex",brega001,2,0,empty,empty,1,single,3,4,0
2025-04-29,TOR202504290,BOS,"Story, Trevor",stort001,2,0,1B,1B,1,single,3,4,0
2025-04-29,TOR202504290,BOS,"Abreu, Wilyer",abrew002,2,0,1B+2B,1B+2B,1,home_run,3,4,0
2025-04-29,TOR202504290,BOS,"Campbell, Kristian",campk002,2,0,empty,empty,1,field_out,3,7,0
2025-04-29,TOR202504290,BOS,"Casas, Triston",casat001,2,1,empty,empty,1,field_out,3,7,0
2025-04-29,TOR202504290,BOS,"Rafaela, Ceddanne",rafac001,2,2,empty,empty,1,field_out,3,7,0
2025-04-29,TOR202504290,BOS,"Narvaez, Carlos",narvc002,2,0,empty,empty,1,field_out,4,7,2
2025-04-29,TOR202504290,BOS,"Duran, Jarren",duraj001,3,1,empty,empty,1,field_out,4,7,2
2025-04-29,TOR202504290,BOS,"Devers, Rafael",dever001,3,2,empty,empty,1,walk,4,7,2
2025-04-29,TOR202504290,BOS,"Bregman, Alex",brega001,3,2,1B,1B,1,strikeout,4,7,2
2025-04-29,TOR202504290,BOS,"Story, Trevor",stort001,3,0,empty,empty,1,field_out,5,7,2
2025-04-29,TOR202504290,BOS,"Abreu, Wilyer",abrew002,3,1,empty,empty,1,walk,5,7,2
2025-04-29,TOR202504290,BOS,"Campbell, Kristian",campk002,3,1,1B,1B,1,walk,5,7,2
2025-04-29,TOR202504290,BOS,"Casas, Triston",casat001,3,1,1B+2B,1B+2B,1,grounded_into_double_play,5,7,2
2025-04-29,TOR202504290,BOS,"Rafaela, Ceddanne",rafac001,3,0,empty,empty,1,field_out,6,7,2
2025-04-29,TOR202504290,BOS,"Narvaez, Carlos",narvc002,3,1,empty,empty,1,strikeout,6,7,2
2025-04-29,TOR202504290,BOS,"Duran, Jarren",duraj001,4,2,empty,empty,1,field_out,6,7,2
2025-04-29,TOR202504290,BOS,"Devers, Rafael",dever001,4,0,empty,empty,1,strikeout,7,7,2
2025-04-29,TOR202504290,BOS,"Bregman, Alex",brega001,4,1,empty,empty,1,field_out,7,7,2
2025-04-29,TOR202504290,BOS,"Story, Trevor",stort001,4,2,empty,empty,1,hit_by_pitch,7,7,2
2025-04-29,TOR202504290,BOS,"Abreu, Wilyer",abrew002,4,2,1B,1B,1,single,7,7,2
2025-04-29,TOR202504290,BOS,"Campbell, Kristian",campk002,4,2,1B+2B,1B+2B,1,field_out,7,7,2
2025-04-29,TOR202504290,BOS,"Casas, Triston",casat001,4,0,empty,empty,1,single,8,7,2
2025-04-29,TOR202504290,BOS,"Rafaela, Ceddanne",rafac001,4,0,1B,1B,1,field_out,8,7,2
2025-04-29,TOR202504290,BOS,"Narvaez, Carlos",narvc002,4,1,1B,1B,1,single,8,7,2
2025-04-29,TOR202504290,BOS,"Duran, Jarren",duraj001,5,1,1B+3B,1B+3B,1,field_out,8,7,2
2025-04-29,TOR202504290,BOS,"Devers, Rafael",dever001,5,2,2B,2B,1,field_out,8,8,2
2025-04-29,TOR202504290,BOS,"Bregman, Alex",brega001,5,0,empty,empty,1,single,9,8,2
2025-04-29,TOR202504290,BOS,"Story, Trevor",stort001,5,0,1B,1B,1,field_out,9,8,2
2025-04-29,TOR202504290,BOS,"Abreu, Wilyer",abrew002,5,1,1B,1B,1,single,9,8,2
2025-04-29,TOR202504290,BOS,"Campbell, Kristian",campk002,5,1,1B+2B,1B+2B,1,double,9,8,2
2025-04-29,TOR202504290,BOS,"Casas, Triston",casat001,5,1,2B+3B,2B+3B,1,field_out,9,9,2
2025-04-29,TOR202504290,BOS,"Rafaela, Ceddanne",rafac001,5,2,3B,3B,1,strikeout,9,10,2
2025-04-30,TOR202504300,BOS,"Duran, Jarren",duraj001,1,0,empty,empty,1,walk,1,0,0
2025-04-30,TOR202504300,BOS,"Devers, Rafael",dever001,1,0,1B,1B,1,double,1,0,0
2025-04-30,TOR202504300,BOS,"Bregman, Alex",brega001,1,1,2B,empty,0,home_run,1,1,0
2025-04-30,TOR202504300,BOS,"Story, Trevor",stort001,1,1,empty,empty,1,field_out,1,2,0
2025-04-30,TOR202504300,BOS,"Abreu, Wilyer",abrew002,1,2,empty,empty,1,walk,1,2,0
2025-04-30,TOR202504300,BOS,"Campbell, Kristian",campk002,1,2,1B,1B,1,strikeout,1,2,0
2025-04-30,TOR202504300,BOS,"Casas, Triston",casat001,1,0,empty,empty,1,strikeout,2,2,0
2025-04-30,TOR202504300,BOS,"Rafaela, Ceddanne",rafac001,1,1,empty,empty,1,walk,2,2,0
2025-04-30,TOR202504300,BOS,"Narvaez, Carlos",narvc002,1,1,1B,2B,0,field_out,2,2,0
2025-04-30,TOR202504300,BOS,"Duran, Jarren",duraj001,2,2,2B,2B,1,single,2,2,0
2025-04-30,TOR202504300,BOS,"Devers, Rafael",dever001,2,2,1B,3B,0,double,2,3,0
2025-04-30,TOR202504300,BOS,"Bregman, Alex",brega001,2,2,2B,2B,1,strikeout,2,4,0
2025-04-30,TOR202504300,BOS,"Story, Trevor",stort001,2,0,empty,empty,1,field_out,3,4,0
2025-04-30,TOR202504300,BOS,"Abreu, Wilyer",abrew002,2,1,empty,empty,1,walk,3,4,0
2025-04-30,TOR202504300,BOS,"Campbell, Kristian",campk002,2,2,1B,empty,0,strikeout,3,4,0
2025-04-30,TOR202504300,BOS,"Casas, Triston",casat001,2,0,empty,empty,1,strikeout,4,4,0
2025-04-30,TOR202504300,BOS,"Rafaela, Ceddanne",rafac001,2,1,empty,empty,1,field_out,4,4,0
2025-04-30,TOR202504300,BOS,"Narvaez, Carlos",narvc002,2,2,empty,empty,1,field_out,4,4,0
2025-04-30,TOR202504300,BOS,"Duran, Jarren",duraj001,3,0,empty,empty,1,single,5,4,0
2025-04-30,TOR202504300,BOS,"Devers, Rafael",dever001,3,0,1B,1B,1,field_out,5,4,0
2025-04-30,TOR202504300,BOS,"Bregman, Alex",brega001,3,1,1B,1B,1,hit_by_pitch,5,4,0
2025-04-30,TOR202504300,BOS,"Story, Trevor",stort001,3,1,1B+2B,1B+2B,1,field_out,5,4,0
2025-04-30,TOR202504300,BOS,"Abreu, Wilyer",abrew002,3,2,2B+3B,2B+3B,1,field_out,5,4,0
2025-04-30,TOR202504300,BOS,"Campbell, Kristian",campk002,3,0,empty,empty,1,field_out,6,4,0
2025-04-30,TOR202504300,BOS,"Casas, Triston",casat001,3,1,empty,empty,1,walk,6,4,0
2025-04-30,TOR202504300,BOS,"Rafaela, Ceddanne",rafac001,3,1,1B,1B,1,field_out,6,4,0
2025-04-30,TOR202504300,BOS,"Narvaez, Carlos",narvc002,3,2,1B,1B,1,home_run,6,4,0
2025-04-30,TOR202504300,BOS,"Duran, Jarren",duraj001,4,2,empty,empty,1,field_out,6,6,0
2025-04-30,TOR202504300,BOS,"Devers, Rafael",dever001,4,0,empty,empty,1,field_out,7,6,3
2025-04-30,TOR202504300,BOS,"Bregman, Alex",brega001,4,1,empty,empty,1,field_out,7,6,3
2025-04-30,TOR202504300,BOS,"Story, Trevor",stort001,4,2,empty,empty,1,strikeout,7,6,3
2025-04-30,TOR202504300,BOS,"Abreu, Wilyer",abrew002,4,0,empty,empty,1,single,8,6,6
2025-04-30,TOR202504300,BOS,"Campbell, Kristian",campk002,4,0,1B,1B,1,field_out,8,6,6
2025-04-30,TOR202504300,BOS,"Gonzalez, Romy",gonzr003,1,1,1B,1B,1,strikeout,8,6,6
2025-04-30,TOR202504300,BOS,"Rafaela, Ceddanne",rafac001,4,2,1B,1B,1,strikeout,8,6,6
2025-04-30,TOR202504300,BOS,"Narvaez, Carlos",narvc002,4,0,empty,empty,1,field_out,9,6,6
2025-04-30,TOR202504300,BOS,"Duran, Jarren",duraj001,5,1,empty,empty,1,field_out,9,6,6
2025-04-30,TOR202504300,BOS,"Devers, Rafael",dever001,5,2,empty,empty,1,strikeout,9,6,6
2025-04-30,TOR202504300,BOS,"Bregman, Alex",brega001,5,0,2B,2B,1,strikeout,10,6,6
2025-04-30,TOR202504300,BOS,"Story, Trevor",stort001,5,1,2B,2B,1,field_out,10,6,6
2025-04-30,TOR202504300,BOS,"Abreu, Wilyer",abrew002,5,2,2B,2B,1,strikeout,10,6,6
2025-05-01,TOR202505010,BOS,"Duran, Jarren",duraj001,1,0,empty,empty,1,single,1,0,0
2025-05-01,TOR202505010,BOS,"Devers, Rafael",dever001,1,0,1B,1B,1,strikeout,1,0,0
2025-05-01,TOR202505010,BOS,"Bregman, Alex",brega001,1,1,1B,2B,0,strikeout,1,0,0
2025-05-01,TOR202505010,BOS,"Abreu, Wilyer",abrew002,1,2,2B,2B,1,field_out,1,0,0
2025-05-01,TOR202505010,BOS,"Story, Trevor",stort001,1,0,empty,empty,1,single,2,0,0
2025-05-01,TOR202505010,BOS,"Casas, Triston",casat001,1,0,1B,1B,1,field_out,2,0,0
2025-05-01,TOR202505010,BOS,"Refsnyder, Rob",refsr001,1,1,2B,2B,1,strikeout,2,0,0
2025-05-01,TOR202505010,BOS,"Hamilton, David",hamid002,1,2,2B,2B,1,strikeout,2,0,0
2025-05-01,TOR202505010,BOS,"Narvaez, Carlos",narvc002,1,0,empty,empty,1,field_out,3,0,0
2025-05-01,TOR202505010,BOS,"Duran, Jarren",duraj001,2,1,empty,empty,1,field_out,3,0,0
2025-05-01,TOR202505010,BOS,"Devers, Rafael",dever001,2,2,empty,empty,1,single,3,0,0
2025-05-01,TOR202505010,BOS,"Bregman, Alex",brega001,2,2,1B,1B,1,field_out,3,0,0
2025-05-01,TOR202505010,BOS,"Abreu, Wilyer",abrew002,2,0,empty,empty,1,strikeout,4,0,0
2025-05-01,TOR202505010,BOS,"Story, Trevor",stort001,2,1,empty,empty,1,field_out,4,0,0
2025-05-01,TOR202505010,BOS,"Casas, Triston",casat001,2,2,empty,empty,1,strikeout,4,0,0
2025-05-01,TOR202505010,BOS,"Refsnyder, Rob",refsr001,2,0,empty,empty,1,single,5,0,0
2025-05-01,TOR202505010,BOS,"Hamilton, David",hamid002,2,0,1B,1B,1,single,5,0,0
2025-05-01,TOR202505010,BOS,"Narvaez, Carlos",narvc002,2,0,1B+3B,2B+3B,0,field_out,5,0,0
2025-05-01,TOR202505010,BOS,"Duran, Jarren",duraj001,3,1,2B+3B,2B+3B,1,strikeout,5,0,0
2025-05-01,TOR202505010,BOS,"Devers, Rafael",dever001,3,2,2B+3B,2B+3B,1,walk,5,0,0
2025-05-01,TOR202505010,BOS,"Bregman, Alex",brega001,3,2,1B+2B+3B,1B+2B+3B,1,double,5,0,0
2025-05-01,TOR202505010,BOS,"Abreu, Wilyer",abrew002,3,2,2B+3B,2B+3B,1,field_out,5,2,0
2025-05-01,TOR202505010,BOS,"Story, Trevor",stort001,3,0,empty,empty,1,field_out,6,2,0
2025-05-01,TOR202505010,BOS,"Casas, Triston",casat001,3,1,empty,empty,1,single,6,2,0
2025-05-01,TOR202505010,BOS,"Refsnyder, Rob",refsr001,3,1,1B,1B,1,grounded_into_double_play,6,2,0
2025-05-01,TOR202505010,BOS,"Hamilton, David",hamid002,3,0,empty,empty,1,strikeout,7,2,0
2025-05-01,TOR202505010,BOS,"Narvaez, Carlos",narvc002,3,1,empty,empty,1,field_out,7,2,0
2025-05-01,TOR202505010,BOS,"Duran, Jarren",duraj001,4,2,empty,empty,1,field_out,7,2,0
2025-05-01,TOR202505010,BOS,"Devers, Rafael",dever001,4,0,empty,empty,1,field_out,8,2,1
2025-05-01,TOR202505010,BOS,"Bregman, Alex",brega001,4,1,empty,empty,1,field_out,8,2,1
2025-05-01,TOR202505010,BOS,"Abreu, Wilyer",abrew002,4,2,empty,empty,1,field_out,8,2,1
2025-05-01,TOR202505010,BOS,"Story, Trevor",stort001,4,0,empty,empty,1,strikeout,9,2,4
2025-05-01,TOR202505010,BOS,"Casas, Triston",casat001,4,1,empty,empty,1,strikeout,9,2,4
2025-05-01,TOR202505010,BOS,"Refsnyder, Rob",refsr001,4,2,empty,empty,1,field_out,9,2,4
2025-05-02,BOS202505020,BOS,"Duran, Jarren",duraj001,1,0,empty,empty,1,field_out,1,0,0
2025-05-02,BOS202505020,BOS,"Devers, Rafael",dever001,1,1,empty,empty,1,strikeout,1,0,0
2025-05-02,BOS202505020,BOS,"Bregman, Alex",brega001,1,2,empty,empty,1,home_run,1,0,0
2025-05-02,BOS202505020,BOS,"Abreu, Wilyer",abrew002,1,2,empty,empty,1,walk,1,1,0
2025-05-02,BOS202505020,BOS,"Story, Trevor",stort001,1,2,1B,1B,1,field_out,1,1,0
2025-05-02,BOS202505020,BOS,"Casas, Triston",casat001,1,0,empty,empty,1,field_error,2,1,0
2025-05-02,BOS202505020,BOS,"Wong, Connor",wongc001,1,0,1B,1B,1,field_out,2,1,0
2025-05-02,BOS202505020,BOS,"Hamilton, David",hamid002,1,1,2B,2B,1,strikeout,2,1,0
2025-05-02,BOS202505020,BOS,"Rafaela, Ceddanne",rafac001,1,2,2B,2B,1,strikeout,2,1,0
2025-05-02,BOS202505020,BOS,"Duran, Jarren",duraj001,2,0,empty,empty,1,field_out,3,1,1
2025-05-02,BOS202505020,BOS,"Devers, Rafael",dever001,2,1,empty,empty,1,field_out,3,1,1
2025-05-02,BOS202505020,BOS,"Bregman, Alex",brega001,2,2,empty,empty,1,field_out,3,1,1
2025-05-02,BOS202505020,BOS,"Abreu, Wilyer",abrew002,2,0,empty,empty,1,strikeout,4,1,1
2025-05-02,BOS202505020,BOS,"Story, Trevor",stort001,2,1,empty,empty,1,field_out,4,1,1
2025-05-02,BOS202505020,BOS,"Gonzalez, Romy",gonzr003,1,2,empty,empty,1,strikeout,4,1,1
2025-05-02,BOS202505020,BOS,"Wong, Connor",wongc001,2,0,empty,empty,1,field_out,5,1,1
2025-05-02,BOS202505020,BOS,"Hamilton, David",hamid002,2,1,empty,empty,1,single,5,1,1
2025-05-02,BOS202505020,BOS,"Rafaela, Ceddanne",rafac001,2,1,1B,3B,0,strikeout,5,1,1
2025-05-02,BOS202505020,BOS,"Duran, Jarren",duraj001,3,2,3B,3B,1,field_out,5,1,1
2025-05-02,BOS202505020,BOS,"Devers, Rafael",dever001,3,0,empty,empty,1,double,6,1,1
2025-05-02,BOS202505020,BOS,"Bregman, Alex",brega001,3,0,2B,2B,1,field_out,6,1,1
2025-05-02,BOS202505020,BOS,"Abreu, Wilyer",abrew002,3,1,2B,2B,1,strikeout,6,1,1
2025-05-02,BOS202505020,BOS,"Story, Trevor",stort001,3,2,2B,2B,1,single,6,1,1
2025-05-02,BOS202505020,BOS,"Gonzalez, Romy",gonzr003,2,2,1B+3B,1B+3B,1,strikeout,6,1,1
2025-05-02,BOS202505020,BOS,"Wong, Connor",wongc001,3,0,empty,empty,1,single,7,1,1
2025-05-02,BOS202505020,BOS,"Hamilton, David",hamid002,3,0,1B,1B,1,single,7,1,1
2025-05-02,BOS202505020,BOS,"Rafaela, Ceddanne",rafac001,3,0,1B+2B,1B+2B,1,sac_bunt,7,1,1
2025-05-02,BOS202505020,BOS,"Duran, Jarren",duraj001,4,1,2B+3B,2B+3B,1,strikeout,7,1,1
2025-05-02,BOS202505020,BOS,"Devers, Rafael",dever001,4,2,2B+3B,2B+3B,1,single,7,1,1
2025-05-02,BOS202505020,BOS,"Bregman, Alex",brega001,4,2,1B,1B,1,double,7,3,1
2025-05-02,BOS202505020,BOS,"Abreu, Wilyer",abrew002,4,2,2B+3B,2B+3B,1,field_out,7,3,1
2025-05-02,BOS202505020,BOS,"Story, Trevor",stort001,4,0,empty,empty,1,single,8,3,1
2025-05-02,BOS202505020,BOS,"Gonzalez, Romy",gonzr003,3,0,1B,2B,0,double,8,3,1
2025-05-02,BOS202505020,BOS,"Wong, Connor",wongc001,4,0,2B,3B,0,strikeout,8,4,1
2025-05-02,BOS202505020,BOS,"Hamilton, David",hamid002,4,1,3B,3B,1,double,8,4,1
2025-05-02,BOS202505020,BOS,"Rafaela, Ceddanne",rafac001,4,1,2B,2B,1,field_out,8,5,1
2025-05-02,BOS202505020,BOS,"Duran, Jarren",duraj001,5,2,2B,2B,1,single,8,5,1
2025-05-02,BOS202505020,BOS,"Devers, Rafael",dever001,5,2,1B,1B,1,single,8,6,1
2025-05-03,BOS202505030,BOS,"Duran, Jarren",duraj001,1,0,empty,empty,1,field_out,1,0,0
2025-05-03,BOS202505030,BOS,"Devers, Rafael",dever001,1,1,empty,empty,1,single,1,0,0
2025-05-03,BOS202505030,BOS,"Bregman, Alex",brega001,1,1,1B,1B,1,field_out,1,0,0
2025-05-03,BOS202505030,BOS,"Abreu, Wilyer",abrew002,1,2,2B,2B,1,field_out,1,0,0
2025-05-03,BOS202505030,BOS,"Story, Trevor",stort001,1,0,empty,empty,1,strikeout,2,0,0
2025-05-03,BOS202505030,BOS,"Gonzalez, Romy",gonzr003,1,1,empty,empty,1,strikeout,2,0,0
2025-05-03,BOS202505030,BOS,"Hamilton, David",hamid002,1,2,empty,empty,1,field_out,2,0,0
2025-05-03,BOS202505030,BOS,"Wong, Connor",wongc001,1,0,empty,empty,1,strikeout,3,0,0
2025-05-03,BOS202505030,BOS,"Rafaela, Ceddanne",rafac001,1,1,empty,empty,1,field_out,3,0,0
2025-05-03,BOS202505030,BOS,"Duran, Jarren",duraj001,2,2,empty,empty,1,double,3,0,0
2025-05-03,BOS202505030,BOS,"Devers, Rafael",dever001,2,2,2B,3B,0,single,3,0,0
2025-05-03,BOS202505030,BOS,"Bregman, Alex",brega001,2,2,1B,1B,1,walk,3,1,0
2025-05-03,BOS202505030,BOS,"Abreu, Wilyer",abrew002,2,2,1B+2B,1B+2B,1,field_out,3,1,0
2025-05-03,BOS202505030,BOS,"Story, Trevor",stort001,2,0,empty,empty,1,strikeout,4,1,1
2025-05-03,BOS202505030,BOS,"Gonzalez, Romy",gonzr003,2,1,empty,empty,1,single,4,1,1
2025-05-03,BOS202505030,BOS,"Hamilton, David",hamid002,2,2,1B,empty,0,field_out,4,1,1
2025-05-03,BOS202505030,BOS,"Wong, Connor",wongc001,2,0,empty,empty,1,single,5,1,1
2025-05-03,BOS202505030,BOS,"Rafaela, Ceddanne",rafac001,2,0,1B,1B,1,strikeout,5,1,1
2025-05-03,BOS202505030,BOS,"Duran, Jarren",duraj001,3,1,1B,1B,1,field_out,5,1,1
2025-05-03,BOS202505030,BOS,"Devers, Rafael",dever001,3,2,1B,1B,1,field_out,5,1,1
2025-05-03,BOS202505030,BOS,"Bregman, Alex",brega001,3,0,empty,empty,1,field_out,6,1,4
2025-05-03,BOS202505030,BOS,"Abreu, Wilyer",abrew002,3,1,empty,empty,1,strikeout,6,1,4
2025-05-03,BOS202505030,BOS,"Story, Trevor",stort001,3,2,empty,empty,1,single,6,1,4
2025-05-03,BOS202505030,BOS,"Gonzalez, Romy",gonzr003,3,2,1B,1B,1,single,6,1,4
2025-05-03,BOS202505030,BOS,"Hamilton, David",hamid002,3,2,1B+2B,1B+2B,1,field_out,6,1,4
2025-05-03,BOS202505030,BOS,"Wong, Connor",wongc001,3,0,empty,empty,1,hit_by_pitch,7,1,4
2025-05-03,BOS202505030,BOS,"Rafaela, Ceddanne",rafac001,3,0,1B,1B,1,strikeout,7,1,4
2025-05-03,BOS202505030,BOS,"Duran, Jarren",duraj001,4,1,1B,1B,1,triple,7,1,4
2025-05-03,BOS202505030,BOS,"Devers, Rafael",dever001,4,1,3B,3B,1,single,7,2,4
2025-05-03,BOS202505030,BOS,"Bregman, Alex",brega001,4,1,1B,1B,1,field_out,7,3,4
2025-05-03,BOS202505030,BOS,"Abreu, Wilyer",abrew002,4,2,1B,1B,1,field_out,7,3,4
2025-05-03,BOS202505030,BOS,"Story, Trevor",stort001,4,0,empty,empty,1,strikeout,8,3,4
2025-05-03,BOS202505030,BOS,"Gonzalez, Romy",gonzr003,4,1,empty,empty,1,single,8,3,4
2025-05-03,BOS202505030,BOS,"Hamilton, David",hamid002,4,1,1B,1B,1,single,8,3,4
2025-05-03,BOS202505030,BOS,"Wong, Connor",wongc001,4,1,1B+2B,1B+2B,1,grounded_into_double_play,8,3,4
2025-05-03,BOS202505030,BOS,"Rafaela, Ceddanne",rafac001,4,0,empty,empty,1,single,9,3,4
2025-05-03,BOS202505030,BOS,"Duran, Jarren",duraj001,5,0,1B,1B,1,field_out,9,3,4
2025-05-03,BOS202505030,BOS,"Devers, Rafael",dever001,5,1,2B,2B,1,strikeout,9,3,4
2025-05-03,BOS202505030,BOS,"Bregman, Alex",brega001,5,2,2B,2B,1,intent_walk,9,3,4
2025-05-03,BOS202505030,BOS,"Abreu, Wilyer",abrew002,5,2,1B+2B,1B+2B,1,field_out,9,3,4
2025-05-04,BOS202505040,BOS,"Duran, Jarren",duraj001,1,0,empty,empty,1,field_out,1,0,1
2025-05-04,BOS202505040,BOS,"Devers, Rafael",dever001,1,1,empty,empty,1,walk,1,0,1
2025-05-04,BOS202505040,BOS,"Bregman, Alex",brega001,1,1,1B,1B,1,strikeout,1,0,1
2025-05-04,BOS202505040,BOS,"Campbell, Kristian",campk002,1,2,1B,1B,1,field_out,1,0,1
2025-05-04,BOS202505040,BOS,"Abreu, Wilyer",abrew002,1,0,empty,empty,1,single,2,0,1
2025-05-04,BOS202505040,BOS,"Gonzalez, Romy",gonzr003,1,0,1B,1B,1,single,2,0,1
2025-05-04,BOS202505040,BOS,"Hamilton, David",hamid002,1,0,1B+2B,1B+2B,1,sac_bunt,2,0,1
2025-05-04,BOS202505040,BOS,"Narvaez, Carlos",narvc002,1,1,2B+3B,2B+3B,1,single,2,0,1
2025-05-04,BOS202505040,BOS,"Rafaela, Ceddanne",rafac001,1,1,1B,1B,1,double,2,2,1
2025-05-04,BOS202505040,BOS,"Duran, Jarren",duraj001,2,1,2B+3B,2B+3B,1,field_out,2,2,1
2025-05-04,BOS202505040,BOS,"Devers, Rafael",dever001,2,2,2B+3B,2B+3B,1,field_out,2,2,1
2025-05-04,BOS202505040,BOS,"Bregman, Alex",brega001,2,0,empty,empty,1,walk,3,2,1
2025-05-04,BOS202505040,BOS,"Campbell, Kristian",campk002,2,0,1B,1B,1,field_out,3,2,1
2025-05-04,BOS202505040,BOS,"Abreu, Wilyer",abrew002,2,1,1B,1B,1,single,3,2,1
2025-05-04,BOS202505040,BOS,"Gonzalez, Romy",gonzr003,2,1,1B+3B,1B+3B,1,sac_fly,3,2,1
2025-05-04,BOS202505040,BOS,"Hamilton, David",hamid002,2,2,1B,1B,1,field_out,3,3,1
2025-05-04,BOS202505040,BOS,"Narvaez, Carlos",narvc002,2,0,empty,empty,1,strikeout,4,3,1
2025-05-04,BOS202505040,BOS,"Rafaela, Ceddanne",rafac001,2,1,empty,empty,1,field_out,4,3,1
2025-05-04,BOS202505040,BOS,"Duran, Jarren",duraj001,3,2,empty,empty,1,field_out,4,3,1
2025-05-04,BOS202505040,BOS,"Devers, Rafael",dever001,3,0,empty,empty,1,field_out,5,3,1
2025-05-04,BOS202505040,BOS,"Bregman, Alex",brega001,3,1,empty,empty,1,field_out,5,3,1
2025-05-04,BOS202505040,BOS,"Campbell, Kristian",campk002,3,2,empty,empty,1,field_out,5,3,1
2025-05-04,BOS202505040,BOS,"Abreu, Wilyer",abrew002,3,0,empty,empty,1,field_out,6,3,1
2025-05-04,BOS202505040,BOS,"Gonzalez, Romy",gonzr003,3,1,empty,empty,1,hit_by_pitch,6,3,1
2025-05-04,BOS202505040,BOS,"Hamilton, David",hamid002,3,1,1B,1B,1,strikeout,6,3,1
2025-05-04,BOS202505040,BOS,"Narvaez, Carlos",narvc002,3,2,2B,2B,1,field_out,6,3,1
2025-05-04,BOS202505040,BOS,"Rafaela, Ceddanne",rafac001,3,0,empty,empty,1,field_out,7,3,3
2025-05-04,BOS202505040,BOS,"Duran, Jarren",duraj001,4,1,empty,empty,1,field_out,7,3,3
2025-05-04,BOS202505040,BOS,"Devers, Rafael",dever001,4,2,empty,empty,1,strikeout,7,3,3
2025-05-04,BOS202505040,BOS,"Bregman, Alex",brega001,4,0,empty,empty,1,field_out,8,3,5
2025-05-04,BOS202505040,BOS,"Campbell, Kristian",campk002,4,1,empty,empty,1,field_out,8,3,5
2025-05-04,BOS202505040,BOS,"Abreu, Wilyer",abrew002,4,2,empty,empty,1,home_run,8,3,5
2025-05-04,BOS202505040,BOS,"Gonzalez, Romy",gonzr003,4,2,empty,empty,1,strikeout,8,4,5
2025-05-04,BOS202505040,BOS,"Hamilton, David",hamid002,4,0,empty,empty,1,field_out,9,4,5
2025-05-04,BOS202505040,BOS,"Toro, Abraham",toroa001,1,1,empty,empty,1,field_out,9,4,5
2025-05-04,BOS202505040,BOS,"Rafaela, Ceddanne",rafac001,4,2,empty,empty,1,single,9,4,5
2025-05-04,BOS202505040,BOS,"Duran, Jarren",duraj001,5,2,1B,1B,1,strikeout,9,4,5
2025-05-06,BOS202505060,BOS,"Duran, Jarren",duraj001,1,0,empty,empty,1,strikeout,1,0,1
2025-05-06,BOS202505060,BOS,"Devers, Rafael",dever001,1,1,empty,empty,1,single,1,0,1
2025-05-06,BOS202505060,BOS,"Bregman, Alex",brega001,1,1,1B,2B,0,strikeout,1,0,1
2025-05-06,BOS202505060,BOS,"Campbell, Kristian",campk002,1,2,2B,2B,1,field_out,1,0,1
2025-05-06,BOS202505060,BOS,"Abreu, Wilyer",abrew002,1,0,empty,empty,1,field_out,2,0,1
2025-05-06,BOS202505060,BOS,"Story, Trevor",stort001,1,1,empty,empty,1,field_out,2,0,1
2025-05-06,BOS202505060,BOS,"Toro, Abraham",toroa001,1,2,empty,empty,1,field_out,2,0,1
2025-05-06,BOS202505060,BOS,"Narvaez, Carlos",narvc002,1,0,empty,empty,1,strikeout,3,0,1
2025-05-06,BOS202505060,BOS,"Rafaela, Ceddanne",rafac001,1,1,empty,empty,1,field_out,3,0,1
2025-05-06,BOS202505060,BOS,"Duran, Jarren",duraj001,2,2,empty,empty,1,field_out,3,0,1
2025-05-06,BOS202505060,BOS,"Devers, Rafael",dever001,2,0,empty,empty,1,walk,4,0,6
2025-05-06,BOS202505060,BOS,"Bregman, Alex",brega001,2,0,1B,1B,1,field_out,4,0,6
2025-05-06,BOS202505060,BOS,"Campbell, Kristian",campk002,2,1,1B,1B,1,strikeout,4,0,6
2025-05-06,BOS202505060,BOS,"Abreu, Wilyer",abrew002,2,2,1B,1B,1,field_out,4,0,6
2025-05-06,BOS202505060,BOS,"Story, Trevor",stort001,2,0,empty,empty,1,strikeout,5,0,6
2025-05-06,BOS202505060,BOS,"Toro, Abraham",toroa001,2,1,empty,empty,1,single,5,0,6
2025-05-06,BOS202505060,BOS,"Narvaez, Carlos",narvc002,2,2,empty,empty,1,double,5,0,6
2025-05-06,BOS202505060,BOS,"Rafaela, Ceddanne",rafac001,2,2,2B,2B,1,field_out,5,0,6
2025-05-06,BOS202505060,BOS,"Duran, Jarren",duraj001,3,0,empty,empty,1,strikeout,6,0,6
2025-05-06,BOS202505060,BOS,"Devers, Rafael",dever001,3,1,empty,empty,1,strikeout,6,0,6
2025-05-06,BOS202505060,BOS,"Bregman, Alex",brega001,3,2,empty,empty,1,double,6,0,6
2025-05-06,BOS202505060,BOS,"Campbell, Kristian",campk002,3,2,2B,2B,1,single,6,0,6
2025-05-06,BOS202505060,BOS,"Abreu, Wilyer",abrew002,3,2,1B,1B,1,field_out,6,1,6
2025-05-06,BOS202505060,BOS,"Story, Trevor",stort001,3,0,empty,empty,1,strikeout,7,1,6
2025-05-06,BOS202505060,BOS,"Toro, Abraham",toroa001,3,1,empty,empty,1,field_out,7,1,6
2025-05-06,BOS202505060,BOS,"Narvaez, Carlos",narvc002,3,2,empty,empty,1,field_out,7,1,6
2025-05-06,BOS202505060,BOS,"Rafaela, Ceddanne",rafac001,3,0,empty,empty,1,field_out,8,1,6
2025-05-06,BOS202505060,BOS,"Duran, Jarren",duraj001,4,1,empty,empty,1,strikeout,8,1,6
2025-05-06,BOS202505060,BOS,"Devers, Rafael",dever001,4,2,empty,empty,1,strikeout,8,1,6
2025-05-06,BOS202505060,BOS,"Bregman, Alex",brega001,4,0,empty,empty,1,field_out,9,1,6
2025-05-06,BOS202505060,BOS,"Campbell, Kristian",campk002,4,1,empty,empty,1,strikeout,9,1,6
2025-05-06,BOS202505060,BOS,"Abreu, Wilyer",abrew002,4,2,empty,empty,1,single,9,1,6
2025-05-06,BOS202505060,BOS,"Story, Trevor",stort001,4,2,1B,2B,0,strikeout,9,1,6
2025-05-07,BOS202505070,BOS,"Duran, Jarren",duraj001,1,0,empty,empty,1,field_out,1,0,0
2025-05-07,BOS202505070,BOS,"Devers, Rafael",dever001,1,1,empty,empty,1,walk,1,0,0
2025-05-07,BOS202505070,BOS,"Bregman, Alex",brega001,1,1,1B,1B,1,grounded_into_double_play,1,0,0
2025-05-07,BOS202505070,BOS,"Campbell, Kristian",campk002,1,0,empty,empty,1,field_out,2,0,0
2025-05-07,BOS202505070,BOS,"Abreu, Wilyer",abrew002,1,1,empty,empty,1,field_out,2,0,0
2025-05-07,BOS202505070,BOS,"Story, Trevor",stort001,1,2,empty,empty,1,field_out,2,0,0
2025-05-07,BOS202505070,BOS,"Gonzalez, Romy",gonzr003,1,0,empty,empty,1,field_error,3,0,1
2025-05-07,BOS202505070,BOS,"Wong, Connor",wongc001,1,0,1B,1B,1,field_out,3,0,1
2025-05-07,BOS202505070,BOS,"Rafaela, Ceddanne",rafac001,1,1,1B,1B,1,field_out,3,0,1
2025-05-07,BOS202505070,BOS,"Duran, Jarren",duraj001,2,2,1B,1B,1,field_out,3,0,1
2025-05-07,BOS202505070,BOS,"Devers, Rafael",dever001,2,0,empty,empty,1,field_out,4,0,2
2025-05-07,BOS202505070,BOS,"Bregman, Alex",brega001,2,1,empty,empty,1,home_run,4,0,2
2025-05-07,BOS202505070,BOS,"Campbell, Kristian",campk002,2,1,empty,empty,1,field_out,4,1,2
2025-05-07,BOS202505070,BOS,"Abreu, Wilyer",abrew002,2,2,empty,empty,1,home_run,4,1,2
2025-05-07,BOS202505070,BOS,"Story, Trevor",stort001,2,2,empty,empty,1,field_out,4,2,2
2025-05-07,BOS202505070,BOS,"Gonzalez, Romy",gonzr003,2,0,empty,empty,1,field_out,5,2,3
2025-05-07,BOS202505070,BOS,"Wong, Connor",wongc001,2,1,empty,empty,1,field_out,5,2,3
2025-05-07,BOS202505070,BOS,"Rafaela, Ceddanne",rafac001,2,2,empty,empty,1,single,5,2,3
2025-05-07,BOS202505070,BOS,"Duran, Jarren",duraj001,3,2,1B,1B,1,single,5,2,3
2025-05-07,BOS202505070,BOS,"Devers, Rafael",dever001,3,2,1B+3B,1B+3B,1,field_out,5,2,3
2025-05-07,BOS202505070,BOS,"Bregman, Alex",brega001,3,0,empty,empty,1,double,6,2,3
2025-05-07,BOS202505070,BOS,"Campbell, Kristian",campk002,3,0,2B,2B,1,single,6,2,3
2025-05-07,BOS202505070,BOS,"Abreu, Wilyer",abrew002,3,0,1B+3B,1B+3B,1,double,6,2,3
2025-05-07,BOS202505070,BOS,"Story, Trevor",stort001,3,1,2B,2B,1,field_out,6,3,3
2025-05-07,BOS202505070,BOS,"Gonzalez, Romy",gonzr003,3,2,3B,3B,1,field_out,6,3,3
2025-05-07,BOS202505070,BOS,"Wong, Connor",wongc001,3,0,empty,empty,1,single,7,3,3
2025-05-07,BOS202505070,BOS,"Rafaela, Ceddanne",rafac001,3,0,1B,1B,1,single,7,3,3
2025-05-07,BOS202505070,BOS,"Duran, Jarren",duraj001,4,0,1B+2B,1B+2B,1,field_out,7,3,3
2025-05-07,BOS202505070,BOS,"Devers, Rafael",dever001,4,1,1B+2B,1B+2B,1,field_out,7,3,3
2025-05-07,BOS202505070,BOS,"Bregman, Alex",brega001,4,2,2B+3B,2B+3B,1,single,7,3,3
2025-05-07,BOS202505070,BOS,"Campbell, Kristian",campk002,4,2,1B,1B,1,field_out,7,5,3
2025-05-07,BOS202505070,BOS,"Abreu, Wilyer",abrew002,4,0,empty,empty,1,home_run,8,5,3
2025-05-07,BOS202505070,BOS,"Story, Trevor",stort001,4,0,empty,empty,1,strikeout,8,6,3
2025-05-07,BOS202505070,BOS,"Toro, Abraham",toroa001,1,1,empty,empty,1,field_out,8,6,3
2025-05-07,BOS202505070,BOS,"Wong, Connor",wongc001,4,2,empty,empty,1,field_out,8,6,3
2025-05-08,BOS202505080,BOS,"Duran, Jarren",duraj001,1,0,empty,empty,1,hit_by_pitch,1,0,0
2025-05-08,BOS202505080,BOS,"Devers, Rafael",dever001,1,0,1B,1B,1,walk,1,0,0
2025-05-08,BOS202505080,BOS,"Bregman, Alex",brega001,1,0,1B+2B,1B+2B,1,field_out,1,0,0
2025-05-08,BOS202505080,BOS,"Campbell, Kristian",campk002,1,1,1B+2B,1B+2B,1,field_out,1,0,0
2025-05-08,BOS202505080,BOS,"Abreu, Wilyer",abrew002,1,2,1B+2B,1B+2B,1,field_out,1,0,0
2025-05-08,BOS202505080,BOS,"Story, Trevor",stort001,1,0,empty,empty,1,single,2,0,0
2025-05-08,BOS202505080,BOS,"Toro, Abraham",toroa001,1,0,1B,1B,1,field_out,2,0,0
2025-05-08,BOS202505080,BOS,"Narvaez, Carlos",narvc002,1,1,1B,2B,0,walk,2,0,0
2025-05-08,BOS202505080,BOS,"Rafaela, Ceddanne",rafac001,1,1,1B+2B,1B+2B,1,walk,2,0,0
2025-05-08,BOS202505080,BOS,"Duran, Jarren",duraj001,2,1,1B+2B+3B,2B+3B,0,field_out,2,1,0
2025-05-08,BOS202505080,BOS,"Devers, Rafael",dever001,2,2,3B,3B,1,field_out,2,2,0
2025-05-08,BOS202505080,BOS,"Bregman, Alex",brega001,2,0,empty,empty,1,strikeout,3,2,0
2025-05-08,BOS202505080,BOS,"Campbell, Kristian",campk002,2,1,empty,empty,1,field_out,3,2,0
2025-05-08,BOS202505080,BOS,"Abreu, Wilyer",abrew002,2,2,empty,empty,1,field_out,3,2,0
2025-05-08,BOS202505080,BOS,"Story, Trevor",stort001,2,0,empty,empty,1,field_out,4,2,0
2025-05-08,BOS202505080,BOS,"Toro, Abraham",toroa001,2,1,empty,empty,1,field_out,4,2,0
2025-05-08,BOS202505080,BOS,"Narvaez, Carlos",narvc002,2,2,empty,empty,1,strikeout,4,2,0
2025-05-08,BOS202505080,BOS,"Rafaela, Ceddanne",rafac001,2,0,empty,empty,1,double,5,2,0
2025-05-08,BOS202505080,BOS,"Duran, Jarren",duraj001,3,0,2B,2B,1,field_out,5,2,0
2025-05-08,BOS202505080,BOS,"Devers, Rafael",dever001,3,1,3B,3B,1,single,5,2,0
2025-05-08,BOS202505080,BOS,"Bregman, Alex",brega001,3,1,1B,2B,0,field_out,5,3,0
2025-05-08,BOS202505080,BOS,"Campbell, Kristian",campk002,3,2,2B,2B,1,strikeout,5,3,0
2025-05-08,BOS202505080,BOS,"Abreu, Wilyer",abrew002,3,0,empty,empty,1,field_out,6,3,0
2025-05-08,BOS202505080,BOS,"Story, Trevor",stort001,3,1,empty,empty,1,walk,6,3,0
2025-05-08,BOS202505080,BOS,"Toro, Abraham",toroa001,3,1,1B,2B,0,strikeout,6,3,0
2025-05-08,BOS202505080,BOS,"Narvaez, Carlos",narvc002,3,2,2B,2B,1,single,6,3,0
2025-05-08,BOS202505080,BOS,"Rafaela, Ceddanne",rafac001,3,2,1B,1B,1,single,6,4,0
2025-05-08,BOS202505080,BOS,"Duran, Jarren",duraj001,4,2,1B+2B,1B+2B,1,strikeout,6,4,0
2025-05-08,BOS202505080,BOS,"Devers, Rafael",dever001,4,0,empty,empty,1,home_run,7,4,0
2025-05-08,BOS202505080,BOS,"Bregman, Alex",brega001,4,0,empty,empty,1,field_out,7,5,0
2025-05-08,BOS202505080,BOS,"Campbell, Kristian",campk002,4,1,empty,empty,1,field_out,7,5,0
2025-05-08,BOS202505080,BOS,"Abreu, Wilyer",abrew002,4,2,empty,empty,1,field_out,7,5,0
2025-05-08,BOS202505080,BOS,"Story, Trevor",stort001,4,0,empty,empty,1,strikeout,8,5,0
2025-05-08,BOS202505080,BOS,"Toro, Abraham",toroa001,4,1,empty,empty,1,field_out,8,5,0
2025-05-08,BOS202505080,BOS,"Narvaez, Carlos",narvc002,4,2,empty,empty,1,strikeout,8,5,0
2025-05-09,KCA202505090,BOS,"Duran, Jarren",duraj001,1,0,empty,empty,1,field_out,1,0,0
2025-05-09,KCA202505090,BOS,"Devers, Rafael",dever001,1,1,empty,empty,1,field_out,1,0,0
2025-05-09,KCA202505090,BOS,"Bregman, Alex",brega001,1,2,empty,empty,1,strikeout,1,0,0
2025-05-09,KCA202505090,BOS,"Campbell, Kristian",campk002,1,0,empty,empty,1,field_out,2,0,0
2025-05-09,KCA202505090,BOS,"Abreu, Wilyer",abrew002,1,1,empty,empty,1,field_out,2,0,0
2025-05-09,KCA202505090,BOS,"Story, Trevor",stort001,1,2,empty,empty,1,field_out,2,0,0
2025-05-09,KCA202505090,BOS,"Toro, Abraham",toroa001,1,0,empty,empty,1,field_out,3,0,0
2025-05-09,KCA202505090,BOS,"Wong, Connor",wongc001,1,1,empty,empty,1,strikeout,3,0,0
2025-05-09,KCA202505090,BOS,"Rafaela, Ceddanne",rafac001,1,2,empty,empty,1,field_out,3,0,0
2025-05-09,KCA202505090,BOS,"Duran, Jarren",duraj001,2,0,empty,empty,1,field_out,4,0,0
2025-05-09,KCA202505090,BOS,"Devers, Rafael",dever001,2,1,empty,empty,1,single,4,0,0
2025-05-09,KCA202505090,BOS,"Bregman, Alex",brega001,2,1,1B,1B,1,field_out,4,0,0
2025-05-09,KCA202505090,BOS,"Campbell, Kristian",campk002,2,2,1B,2B,0,field_out,4,0,0
2025-05-09,KCA202505090,BOS,"Abreu, Wilyer",abrew002,2,0,empty,empty,1,field_out,5,0,0
2025-05-09,KCA202505090,BOS,"Story, Trevor",stort001,2,1,empty,empty,1,field_out,5,0,0
2025-05-09,KCA202505090,BOS,"Toro, Abraham",toroa001,2,2,empty,empty,1,single,5,0,0
2025-05-09,KCA202505090,BOS,"Wong, Connor",wongc001,2,2,1B,1B,1,strikeout,5,0,0
2025-05-09,KCA202505090,BOS,"Rafaela, Ceddanne",rafac001,2,0,empty,empty,1,double,6,0,0
2025-05-09,KCA202505090,BOS,"Duran, Jarren",duraj001,3,0,2B,2B,1,strikeout,6,0,0
2025-05-09,KCA202505090,BOS,"Devers, Rafael",dever001,3,1,2B,2B,1,strikeout,6,0,0
2025-05-09,KCA202505090,BOS,"Bregman, Alex",brega001,3,2,2B,2B,1,hit_by_pitch,6,0,0
2025-05-09,KCA202505090,BOS,"Campbell, Kristian",campk002,3,2,1B+2B,1B+2B,1,strikeout,6,0,0
2025-05-09,KCA202505090,BOS,"Abreu, Wilyer",abrew002,3,0,empty,empty,1,field_out,7,0,0
2025-05-09,KCA202505090,BOS,"Story, Trevor",stort001,3,1,empty,empty,1,strikeout,7,0,0
2025-05-09,KCA202505090,BOS,"Toro, Abraham",toroa001,3,2,empty,empty,1,field_out,7,0,0
2025-05-09,KCA202505090,BOS,"Wong, Connor",wongc001,3,0,empty,empty,1,single,8,0,0
2025-05-09,KCA202505090,BOS,"Rafaela, Ceddanne",rafac001,3,0,1B,1B,1,strikeout,8,0,0
2025-05-09,KCA202505090,BOS,"Duran, Jarren",duraj001,4,1,1B,1B,1,field_out,8,0,0
2025-05-09,KCA202505090,BOS,"Devers, Rafael",dever001,4,2,1B,1B,1,field_out,8,0,0
2025-05-09,KCA202505090,BOS,"Bregman, Alex",brega001,4,0,empty,empty,1,field_out,9,0,0
2025-05-09,KCA202505090,BOS,"Campbell, Kristian",campk002,4,1,empty,empty,1,single,9,0,0
2025-05-09,KCA202505090,BOS,"Abreu, Wilyer",abrew002,4,1,1B,1B,1,field_out,9,0,0
2025-05-09,KCA202505090,BOS,"Story, Trevor",stort001,4,2,1B,1B,1,field_out,9,0,0
2025-05-09,KCA202505090,BOS,"Toro, Abraham",toroa001,4,0,2B,2B,1,field_out,10,0,0
2025-05-09,KCA202505090,BOS,"Wong, Connor",wongc001,4,1,2B,2B,1,strikeout,10,0,0
2025-05-09,KCA202505090,BOS,"Rafaela, Ceddanne",rafac001,4,2,2B,2B,1,field_out,10,0,0
2025-05-09,KCA202505090,BOS,"Duran, Jarren",duraj001,5,0,2B,2B,1,field_out,11,0,0
2025-05-09,KCA202505090,BOS,"Devers, Rafael",dever001,5,1,3B,3B,1,field_out,11,0,0
2025-05-09,KCA202505090,BOS,"Bregman, Alex",brega001,5,2,empty,empty,1,single,11,1,0
2025-05-09,KCA202505090,BOS,"Campbell, Kristian",campk002,5,2,1B,1B,1,field_out,11,1,0
2025-05-09,KCA202505090,BOS,"Abreu, Wilyer",abrew002,5,0,2B,2B,1,field_out,12,1,1
2025-05-09,KCA202505090,BOS,"Story, Trevor",stort001,5,1,2B,2B,1,field_out,12,1,1
2025-05-09,KCA202505090,BOS,"Toro, Abraham",toroa001,5,2,2B,2B,1,strikeout,12,1,1
2025-05-10,KCA202505100,BOS,"Duran, Jarren",duraj001,1,0,empty,empty,1,strikeout,1,0,0
2025-05-10,KCA202505100,BOS,"Devers, Rafael",dever001,1,1,empty,empty,1,single,1,0,0
2025-05-10,KCA202505100,BOS,"Bregman, Alex",brega001,1,1,1B,1B,1,strikeout,1,0,0
2025-05-10,KCA202505100,BOS,"Campbell, Kristian",campk002,1,2,1B,1B,1,strikeout,1,0,0
2025-05-10,KCA202505100,BOS,"Story, Trevor",stort001,1,0,empty,empty,1,strikeout,2,0,0
2025-05-10,KCA202505100,BOS,"Abreu, Wilyer",abrew002,1,1,empty,empty,1,walk,2,0,0
2025-05-10,KCA202505100,BOS,"Sogard, Nick",sogan001,1,1,1B,1B,1,field_out,2,0,0
2025-05-10,KCA202505100,BOS,"Narvaez, Carlos",narvc002,1,0,1B,empty,0,field_out,3,0,0
2025-05-10,KCA202505100,BOS,"Rafaela, Ceddanne",rafac001,1,1,empty,empty,1,field_out,3,0,0
2025-05-10,KCA202505100,BOS,"Duran, Jarren",duraj001,2,2,empty,empty,1,single,3,0,0
2025-05-10,KCA202505100,BOS,"Devers, Rafael",dever001,2,2,1B,1B,1,double,3,0,0
2025-05-10,KCA202505100,BOS,"Bregman, Alex",brega001,2,2,2B,2B,1,field_out,3,1,0
2025-05-10,KCA202505100,BOS,"Campbell, Kristian",campk002,2,0,empty,empty,1,strikeout,4,1,1
2025-05-10,KCA202505100,BOS,"Story, Trevor",stort001,2,1,empty,empty,1,strikeout,4,1,1
2025-05-10,KCA202505100,BOS,"Abreu, Wilyer",abrew002,2,2,empty,empty,1,field_out,4,1,1
2025-05-10,KCA202505100,BOS,"Sogard, Nick",sogan001,2,0,empty,empty,1,field_out,5,1,1
2025-05-10,KCA202505100,BOS,"Narvaez, Carlos",narvc002,2,1,empty,empty,1,walk,5,1,1
2025-05-10,KCA202505100,BOS,"Rafaela, Ceddanne",rafac001,2,1,1B,1B,1,double,5,1,1
2025-05-10,KCA202505100,BOS,"Duran, Jarren",duraj001,3,1,2B+3B,2B+3B,1,single,5,1,1
2025-05-10,KCA202505100,BOS,"Devers, Rafael",dever001,3,1,1B+3B,1B+3B,1,single,5,2,1
2025-05-10,KCA202505100,BOS,"Bregman, Alex",brega001,3,1,1B+3B,1B+3B,1,single,5,3,1
2025-05-10,KCA202505100,BOS,"Campbell, Kristian",campk002,3,1,1B+2B,1B+2B,1,strikeout,5,4,1
2025-05-10,KCA202505100,BOS,"Story, Trevor",stort001,3,2,1B+2B,1B+2B,1,strikeout,5,4,1
2025-05-10,KCA202505100,BOS,"Abreu, Wilyer",abrew002,3,0,empty,empty,1,field_out,6,4,1
2025-05-10,KCA202505100,BOS,"Sogard, Nick",sogan001,3,1,empty,empty,1,field_out,6,4,1
2025-05-10,KCA202505100,BOS,"Narvaez, Carlos",narvc002,3,2,empty,empty,1,single,6,4,1
2025-05-10,KCA202505100,BOS,"Rafaela, Ceddanne",rafac001,3,2,1B,1B,1,field_out,6,4,1
2025-05-10,KCA202505100,BOS,"Duran, Jarren",duraj001,4,0,empty,empty,1,field_out,7,4,1
2025-05-10,KCA202505100,BOS,"Devers, Rafael",dever001,4,1,empty,empty,1,walk,7,4,1
2025-05-10,KCA202505100,BOS,"Bregman, Alex",brega001,4,1,1B,1B,1,single,7,4,1
2025-05-10,KCA202505100,BOS,"Campbell, Kristian",campk002,4,1,1B+2B,1B+2B,1,field_out,7,4,1
2025-05-10,KCA202505100,BOS,"Story, Trevor",stort001,4,2,2B+3B,2B+3B,1,home_run,7,4,1
2025-05-10,KCA202505100,BOS,"Abreu, Wilyer",abrew002,4,2,empty,empty,1,field_out,7,7,1
2025-05-10,KCA202505100,BOS,"Sogard, Nick",sogan001,4,0,empty,empty,1,single,8,7,1
2025-05-10,KCA202505100,BOS,"Narvaez, Carlos",narvc002,4,0,1B,1B,1,home_run,8,7,1
2025-05-10,KCA202505100,BOS,"Rafaela, Ceddanne",rafac001,4,0,empty,empty,1,triple,8,9,1
2025-05-10,KCA202505100,BOS,"Duran, Jarren",duraj001,5,0,3B,3B,1,strikeout,8,9,1
2025-05-10,KCA202505100,BOS,"Devers, Rafael",dever001,5,1,3B,3B,1,single,8,9,1
2025-05-10,KCA202505100,BOS,"Bregman, Alex",brega001,5,1,1B,1B,1,field_out,8,10,1
2025-05-10,KCA202505100,BOS,"Campbell, Kristian",campk002,5,2,1B,1B,1,field_out,8,10,1
2025-05-10,KCA202505100,BOS,"Story, Trevor",stort001,5,0,empty,empty,1,strikeout,9,10,1
2025-05-10,KCA202505100,BOS,"Abreu, Wilyer",abrew002,5,1,empty,empty,1,strikeout,9,10,1
2025-05-10,KCA202505100,BOS,"Sogard, Nick",sogan001,5,2,empty,empty,1,walk,9,10,1
2025-05-10,KCA202505100,BOS,"Narvaez, Carlos",narvc002,5,2,1B,1B,1,single,9,10,1
2025-05-10,KCA202505100,BOS,"Rafaela, Ceddanne",rafac001,5,2,1B+2B,1B+2B,1,strikeout,9,10,1
2025-05-11,KCA202505110,BOS,"Duran, Jarren",duraj001,1,0,empty,empty,1,strikeout,1,0,0
2025-05-11,KCA202505110,BOS,"Devers, Rafael",dever001,1,1,empty,empty,1,single,1,0,0
2025-05-11,KCA202505110,BOS,"Bregman, Alex",brega001,1,1,1B,1B,1,grounded_into_double_play,1,0,0
2025-05-11,KCA202505110,BOS,"Abreu, Wilyer",abrew002,1,0,empty,empty,1,single,2,0,0
2025-05-11,KCA202505110,BOS,"Story, Trevor",stort001,1,1,1B,empty,0,single,2,0,0
2025-05-11,KCA202505110,BOS,"Sogard, Nick",sogan001,1,1,1B,1B,1,field_out,2,0,0
2025-05-11,KCA202505110,BOS,"Hamilton, David",hamid002,1,2,1B,1B,1,field_out,2,0,0
2025-05-11,KCA202505110,BOS,"Narvaez, Carlos",narvc002,1,0,empty,empty,1,strikeout,3,0,0
2025-05-11,KCA202505110,BOS,"Rafaela, Ceddanne",rafac001,1,1,empty,empty,1,field_out,3,0,0
2025-05-11,KCA202505110,BOS,"Duran, Jarren",duraj001,2,2,empty,empty,1,field_out,3,0,0
2025-05-11,KCA202505110,BOS,"Devers, Rafael",dever001,2,0,empty,empty,1,field_out,4,0,1
2025-05-11,KCA202505110,BOS,"Bregman, Alex",brega001,2,1,empty,empty,1,field_out,4,0,1
2025-05-11,KCA202505110,BOS,"Abreu, Wilyer",abrew002,2,2,empty,empty,1,home_run,4,0,1
2025-05-11,KCA202505110,BOS,"Story, Trevor",stort001,2,2,empty,empty,1,field_out,4,1,1
2025-05-11,KCA202505110,BOS,"Sogard, Nick",sogan001,2,0,empty,empty,1,strikeout,5,1,1
2025-05-11,KCA202505110,BOS,"Hamilton, David",hamid002,2,1,empty,empty,1,field_out,5,1,1
2025-05-11,KCA202505110,BOS,"Narvaez, Carlos",narvc002,2,2,empty,empty,1,strikeout,5,1,1
2025-05-11,KCA202505110,BOS,"Rafaela, Ceddanne",rafac001,2,0,empty,empty,1,field_out,6,1,1
2025-05-11,KCA202505110,BOS,"Duran, Jarren",duraj001,3,1,empty,empty,1,single,6,1,1
2025-05-11,KCA202505110,BOS,"Devers, Rafael",dever001,3,1,1B,1B,1,home_run,6,1,1
2025-05-11,KCA202505110,BOS,"Bregman, Alex",brega001,3,1,empty,empty,1,strikeout,6,3,1
2025-05-11,KCA202505110,BOS,"Abreu, Wilyer",abrew002,3,2,empty,empty,1,field_out,6,3,1
2025-05-11,KCA202505110,BOS,"Story, Trevor",stort001,3,0,empty,empty,1,field_out,7,3,1
2025-05-11,KCA202505110,BOS,"Sogard, Nick",sogan001,3,1,empty,empty,1,field_out,7,3,1
2025-05-11,KCA202505110,BOS,"Hamilton, David",hamid002,3,2,empty,empty,1,field_out,7,3,1
2025-05-11,KCA202505110,BOS,"Narvaez, Carlos",narvc002,3,0,empty,empty,1,double,8,3,1
2025-05-11,KCA202505110,BOS,"Rafaela, Ceddanne",rafac001,3,0,2B,2B,1,sac_bunt,8,3,1
2025-05-11,KCA202505110,BOS,"Duran, Jarren",duraj001,4,1,3B,3B,1,strikeout,8,3,1
2025-05-11,KCA202505110,BOS,"Devers, Rafael",dever001,4,2,3B,3B,1,intent_walk,8,3,1
2025-05-11,KCA202505110,BOS,"Bregman, Alex",brega001,4,2,1B+3B,1B+3B,1,strikeout,8,3,1
2025-05-11,KCA202505110,BOS,"Abreu, Wilyer",abrew002,4,0,empty,empty,1,single,9,3,1
2025-05-11,KCA202505110,BOS,"Story, Trevor",stort001,4,0,1B,1B,1,field_out,9,3,1
2025-05-11,KCA202505110,BOS,"Sogard, Nick",sogan001,4,1,1B,1B,1,field_out,9,3,1
2025-05-11,KCA202505110,BOS,"Hamilton, David",hamid002,4,2,1B,1B,1,strikeout,9,3,1
2025-05-12,DET202505120,BOS,"Duran, Jarren",duraj001,1,0,empty,empty,1,strikeout,1,0,0
2025-05-12,DET202505120,BOS,"Devers, Rafael",dever001,1,1,empty,empty,1,single,1,0,0
2025-05-12,DET202505120,BOS,"Bregman, Alex",brega001,1,1,1B,1B,1,field_out,1,0,0
2025-05-12,DET202505120,BOS,"Campbell, Kristian",campk002,1,2,1B,1B,1,strikeout,1,0,0
2025-05-12,DET202505120,BOS,"Abreu, Wilyer",abrew002,1,0,empty,empty,1,field_out,2,0,2
2025-05-12,DET202505120,BOS,"Story, Trevor",stort001,1,1,empty,empty,1,hit_by_pitch,2,0,2
2025-05-12,DET202505120,BOS,"Toro, Abraham",toroa001,1,1,1B,1B,1,field_out,2,0,2
2025-05-12,DET202505120,BOS,"Wong, Connor",wongc001,1,2,1B,1B,1,strikeout,2,0,2
2025-05-12,DET202505120,BOS,"Rafaela, Ceddanne",rafac001,1,0,empty,empty,1,single,3,0,2
2025-05-12,DET202505120,BOS,"Duran, Jarren",duraj001,2,0,1B,1B,1,field_out,3,0,2
2025-05-12,DET202505120,BOS,"Devers, Rafael",dever001,2,1,1B,1B,1,walk,3,0,2
2025-05-12,DET202505120,BOS,"Bregman, Alex",brega001,2,1,1B+2B,1B+2B,1,walk,3,0,2
2025-05-12,DET202505120,BOS,"Campbell, Kristian",campk002,2,1,1B+2B+3B,1B+2B+3B,1,field_out,3,0,2
2025-05-12,DET202505120,BOS,"Abreu, Wilyer",abrew002,2,2,1B+2B+3B,1B+2B+3B,1,field_out,3,0,2
2025-05-12,DET202505120,BOS,"Story, Trevor",stort001,2,0,empty,empty,1,strikeout,4,0,11
2025-05-12,DET202505120,BOS,"Toro, Abraham",toroa001,2,1,empty,empty,1,field_out,4,0,11
2025-05-12,DET202505120,BOS,"Wong, Connor",wongc001,2,2,empty,empty,1,field_out,4,0,11
2025-05-12,DET202505120,BOS,"Rafaela, Ceddanne",rafac001,2,0,empty,empty,1,field_out,5,0,12
2025-05-12,DET202505120,BOS,"Duran, Jarren",duraj001,3,1,empty,empty,1,strikeout,5,0,12
2025-05-12,DET202505120,BOS,"Devers, Rafael",dever001,3,2,empty,empty,1,walk,5,0,12
2025-05-12,DET202505120,BOS,"Bregman, Alex",brega001,3,2,1B,1B,1,walk,5,0,12
2025-05-12,DET202505120,BOS,"Campbell, Kristian",campk002,3,2,1B+2B,1B+2B,1,strikeout,5,0,12
2025-05-12,DET202505120,BOS,"Abreu, Wilyer",abrew002,3,0,empty,empty,1,home_run,6,0,12
2025-05-12,DET202505120,BOS,"Story, Trevor",stort001,3,0,empty,empty,1,field_out,6,1,12
2025-05-12,DET202505120,BOS,"Toro, Abraham",toroa001,3,1,empty,empty,1,strikeout,6,1,12
2025-05-12,DET202505120,BOS,"Wong, Connor",wongc001,3,2,empty,empty,1,walk,6,1,12
2025-05-12,DET202505120,BOS,"Rafaela, Ceddanne",rafac001,3,2,1B,1B,1,field_out,6,1,12
2025-05-12,DET202505120,BOS,"Hamilton, David",hamid002,1,0,empty,empty,1,single,7,1,13
2025-05-12,DET202505120,BOS,"Narvaez, Carlos",narvc002,1,0,1B,1B,1,grounded_into_double_play,7,1,13
2025-05-12,DET202505120,BOS,"Sogard, Nick",sogan001,1,2,empty,empty,1,strikeout,7,1,13
2025-05-12,DET202505120,BOS,"Campbell, Kristian",campk002,4,0,empty,empty,1,field_out,8,1,14
2025-05-12,DET202505120,BOS,"Abreu, Wilyer",abrew002,4,1,empty,empty,1,field_out,8,1,14
2025-05-12,DET202505120,BOS,"Story, Trevor",stort001,4,2,empty,empty,1,strikeout,8,1,14
2025-05-12,DET202505120,BOS,"Toro, Abraham",toroa001,4,0,empty,empty,1,home_run,9,1,14
2025-05-12,DET202505120,BOS,"Wong, Connor",wongc001,4,0,empty,empty,1,field_out,9,2,14
2025-05-12,DET202505120,BOS,"Rafaela, Ceddanne",rafac001,4,1,empty,empty,1,field_out,9,2,14
2025-05-12,DET202505120,BOS,"Hamilton, David",hamid002,2,2,empty,empty,1,single,9,2,14
2025-05-12,DET202505120,BOS,"Narvaez, Carlos",narvc002,2,2,1B,1B,1,field_out,9,2,14
2025-05-13,DET202505130,BOS,"Duran, Jarren",duraj001,1,0,empty,empty,1,field_out,1,0,0
2025-05-13,DET202505130,BOS,"Devers, Rafael",dever001,1,1,empty,empty,1,strikeout,1,0,0
2025-05-13,DET202505130,BOS,"Bregman, Alex",brega001,1,2,empty,empty,1,strikeout,1,0,0
2025-05-13,DET202505130,BOS,"Campbell, Kristian",campk002,1,0,empty,empty,1,field_out,2,0,1
2025-05-13,DET202505130,BOS,"Abreu, Wilyer",abrew002,1,1,empty,empty,1,field_out,2,0,1
2025-05-13,DET202505130,BOS,"Sogard, Nick",sogan001,1,2,empty,empty,1,double,2,0,1
2025-05-13,DET202505130,BOS,"Narvaez, Carlos",narvc002,1,2,2B,2B,1,single,2,0,1
2025-05-13,DET202505130,BOS,"Hamilton, David",hamid002,1,2,1B,1B,1,field_out,2,1,1
2025-05-13,DET202505130,BOS,"Rafaela, Ceddanne",rafac001,1,0,empty,empty,1,field_out,3,1,1
2025-05-13,DET202505130,BOS,"Duran, Jarren",duraj001,2,1,empty,empty,1,field_out,3,1,1
2025-05-13,DET202505130,BOS,"Devers, Rafael",dever001,2,2,empty,empty,1,field_out,3,1,1
2025-05-13,DET202505130,BOS,"Bregman, Alex",brega001,2,0,empty,empty,1,home_run,4,1,2
2025-05-13,DET202505130,BOS,"Campbell, Kristian",campk002,2,0,empty,empty,1,walk,4,2,2
2025-05-13,DET202505130,BOS,"Abreu, Wilyer",abrew002,2,0,1B,1B,1,strikeout,4,2,2
2025-05-13,DET202505130,BOS,"Sogard, Nick",sogan001,2,1,1B,1B,1,field_out,4,2,2
2025-05-13,DET202505130,BOS,"Narvaez, Carlos",narvc002,2,2,1B,2B,0,strikeout,4,2,2
2025-05-13,DET202505130,BOS,"Hamilton, David",hamid002,2,0,empty,empty,1,single,5,2,3
2025-05-13,DET202505130,BOS,"Rafaela, Ceddanne",rafac001,2,0,1B,1B,1,double,5,2,3
2025-05-13,DET202505130,BOS,"Duran, Jarren",duraj001,3,0,2B,2B,1,single,5,3,3
2025-05-13,DET202505130,BOS,"Devers, Rafael",dever001,3,0,1B,1B,1,field_out,5,4,3
2025-05-13,DET202505130,BOS,"Bregman, Alex",brega001,3,1,1B,1B,1,strikeout,5,4,3
2025-05-13,DET202505130,BOS,"Campbell, Kristian",campk002,3,2,1B,1B,1,field_out,5,4,3
2025-05-13,DET202505130,BOS,"Abreu, Wilyer",abrew002,3,0,empty,empty,1,single,6,4,3
2025-05-13,DET202505130,BOS,"Sogard, Nick",sogan001,3,0,1B,1B,1,single,6,4,3
2025-05-13,DET202505130,BOS,"Narvaez, Carlos",narvc002,3,0,1B+2B,1B+2B,1,strikeout,6,4,3
2025-05-13,DET202505130,BOS,"Hamilton, David",hamid002,3,1,1B+2B,1B+2B,1,hit_by_pitch,6,4,3
2025-05-13,DET202505130,BOS,"Rafaela, Ceddanne",rafac001,3,1,1B+2B+3B,1B+2B+3B,1,strikeout,6,4,3
2025-05-13,DET202505130,BOS,"Duran, Jarren",duraj001,4,2,1B+2B+3B,1B+2B+3B,1,strikeout,6,4,3
2025-05-13,DET202505130,BOS,"Devers, Rafael",dever001,4,0,empty,empty,1,field_out,7,4,6
2025-05-13,DET202505130,BOS,"Bregman, Alex",brega001,4,1,empty,empty,1,field_out,7,4,6
2025-05-13,DET202505130,BOS,"Campbell, Kristian",campk002,4,2,empty,empty,1,strikeout,7,4,6
2025-05-13,DET202505130,BOS,"Abreu, Wilyer",abrew002,4,0,empty,empty,1,field_out,8,4,6
2025-05-13,DET202505130,BOS,"Sogard, Nick",sogan001,4,1,empty,empty,1,field_out,8,4,6
2025-05-13,DET202505130,BOS,"Narvaez, Carlos",narvc002,4,2,empty,empty,1,single,8,4,6
2025-05-13,DET202505130,BOS,"Hamilton, David",hamid002,4,2,1B,1B,1,home_run,8,4,6
2025-05-13,DET202505130,BOS,"Rafaela, Ceddanne",rafac001,4,2,empty,empty,1,walk,8,6,6
2025-05-13,DET202505130,BOS,"Duran, Jarren",duraj001,5,2,1B,1B,1,double,8,6,6
2025-05-13,DET202505130,BOS,"Devers, Rafael",dever001,5,2,2B+3B,2B+3B,1,strikeout,8,6,6
2025-05-13,DET202505130,BOS,"Bregman, Alex",brega001,5,0,empty,empty,1,field_out,9,6,6
2025-05-13,DET202505130,BOS,"Campbell, Kristian",campk002,5,1,empty,empty,1,field_out,9,6,6
2025-05-13,DET202505130,BOS,"Abreu, Wilyer",abrew002,5,2,empty,empty,1,single,9,6,6
2025-05-13,DET202505130,BOS,"Sogard, Nick",sogan001,5,2,1B,1B,1,strikeout,9,6,6
2025-05-13,DET202505130,BOS,"Narvaez, Carlos",narvc002,5,0,2B,2B,1,single,10,6,6
2025-05-13,DET202505130,BOS,"Hamilton, David",hamid002,5,0,1B+3B,1B+3B,1,strikeout,10,6,6
2025-05-13,DET202505130,BOS,"Rafaela, Ceddanne",rafac001,5,1,1B+3B,1B+3B,1,field_out,10,6,6
2025-05-13,DET202505130,BOS,"Duran, Jarren",duraj001,6,2,1B,1B,1,strikeout,10,7,6
2025-05-13,DET202505130,BOS,"Devers, Rafael",dever001,6,0,2B,2B,1,strikeout,11,7,7
2025-05-13,DET202505130,BOS,"Bregman, Alex",brega001,6,1,2B,2B,1,field_out,11,7,7
2025-05-13,DET202505130,BOS,"Campbell, Kristian",campk002,6,2,2B,2B,1,home_run,11,7,7
2025-05-13,DET202505130,BOS,"Abreu, Wilyer",abrew002,6,2,empty,empty,1,strikeout,11,9,7
2025-05-14,DET202505140,BOS,"Duran, Jarren",duraj001,1,0,empty,empty,1,field_out,1,0,0
2025-05-14,DET202505140,BOS,"Devers, Rafael",dever001,1,1,empty,empty,1,single,1,0,0
2025-05-14,DET202505140,BOS,"Bregman, Alex",brega001,1,1,1B,1B,1,single,1,0,0
2025-05-14,DET202505140,BOS,"Refsnyder, Rob",refsr001,1,1,2B+3B,2B+3B,1,sac_fly,1,0,0
2025-05-14,DET202505140,BOS,"Campbell, Kristian",campk002,1,2,2B,2B,1,strikeout,1,1,0
2025-05-14,DET202505140,BOS,"Story, Trevor",stort001,1,0,empty,empty,1,strikeout,2,1,0
2025-05-14,DET202505140,BOS,"Sogard, Nick",sogan001,1,1,empty,empty,1,field_out,2,1,0
2025-05-14,DET202505140,BOS,"Narvaez, Carlos",narvc002,1,2,empty,empty,1,strikeout,2,1,0
2025-05-14,DET202505140,BOS,"Rafaela, Ceddanne",rafac001,1,0,empty,empty,1,strikeout,3,1,1
2025-05-14,DET202505140,BOS,"Duran, Jarren",duraj001,2,1,empty,empty,1,strikeout,3,1,1
2025-05-14,DET202505140,BOS,"Devers, Rafael",dever001,2,2,empty,empty,1,field_out,3,1,1
2025-05-14,DET202505140,BOS,"Bregman, Alex",brega001,2,0,empty,empty,1,home_run,4,1,1
2025-05-14,DET202505140,BOS,"Refsnyder, Rob",refsr001,2,0,empty,empty,1,strikeout,4,2,1
2025-05-14,DET202505140,BOS,"Campbell, Kristian",campk002,2,1,empty,empty,1,strikeout,4,2,1
2025-05-14,DET202505140,BOS,"Story, Trevor",stort001,2,2,empty,empty,1,field_out,4,2,1
2025-05-14,DET202505140,BOS,"Sogard, Nick",sogan001,2,0,empty,empty,1,field_out,5,2,2
2025-05-14,DET202505140,BOS,"Narvaez, Carlos",narvc002,2,1,empty,empty,1,single,5,2,2
2025-05-14,DET202505140,BOS,"Rafaela, Ceddanne",rafac001,2,1,1B,1B,1,strikeout,5,2,2
2025-05-14,DET202505140,BOS,"Duran, Jarren",duraj001,3,2,1B,1B,1,strikeout,5,2,2
2025-05-14,DET202505140,BOS,"Devers, Rafael",dever001,3,0,empty,empty,1,strikeout,6,2,2
2025-05-14,DET202505140,BOS,"Bregman, Alex",brega001,3,1,empty,empty,1,single,6,2,2
2025-05-14,DET202505140,BOS,"Refsnyder, Rob",refsr001,3,1,1B,1B,1,strikeout,6,2,2
2025-05-14,DET202505140,BOS,"Campbell, Kristian",campk002,3,2,1B,1B,1,field_out,6,2,2
2025-05-14,DET202505140,BOS,"Story, Trevor",stort001,3,0,empty,empty,1,field_out,7,2,5
2025-05-14,DET202505140,BOS,"Sogard, Nick",sogan001,3,1,empty,empty,1,single,7,2,5
2025-05-14,DET202505140,BOS,"Narvaez, Carlos",narvc002,3,1,1B,1B,1,walk,7,2,5
2025-05-14,DET202505140,BOS,"Rafaela, Ceddanne",rafac001,3,1,1B+2B,1B+2B,1,single,7,2,5
2025-05-14,DET202505140,BOS,"Duran, Jarren",duraj001,4,1,1B+2B,1B+2B,1,single,7,3,5
2025-05-14,DET202505140,BOS,"Devers, Rafael",dever001,4,1,1B+3B,1B+3B,1,single,7,4,5
2025-05-14,DET202505140,BOS,"Bregman, Alex",brega001,4,1,1B+2B,1B+2B,1,walk,7,5,5
2025-05-14,DET202505140,BOS,"Abreu, Wilyer",abrew002,1,1,1B+2B+3B,1B+2B+3B,1,grounded_into_double_play,7,5,5
2025-05-14,DET202505140,BOS,"Campbell, Kristian",campk002,4,0,empty,empty,1,strikeout,8,5,5
2025-05-14,DET202505140,BOS,"Story, Trevor",stort001,4,1,empty,empty,1,strikeout,8,5,5
2025-05-14,DET202505140,BOS,"Sogard, Nick",sogan001,4,2,empty,empty,1,field_out,8,5,5
2025-05-14,DET202505140,BOS,"Narvaez, Carlos",narvc002,4,0,empty,empty,1,single,9,5,5
2025-05-14,DET202505140,BOS,"Rafaela, Ceddanne",rafac001,4,0,1B,1B,1,single,9,5,5
2025-05-14,DET202505140,BOS,"Duran, Jarren",duraj001,5,0,1B+2B,1B+2B,1,field_out,9,5,5
2025-05-14,DET202505140,BOS,"Devers, Rafael",dever001,5,1,1B+3B,1B+3B,1,strikeout,9,5,5
2025-05-14,DET202505140,BOS,"Bregman, Alex",brega001,5,2,1B+3B,1B+3B,1,field_out,9,5,5
2025-05-16,BOS202505160,BOS,"Duran, Jarren",duraj001,1,0,empty,empty,1,walk,1,0,0
2025-05-16,BOS202505160,BOS,"Devers, Rafael",dever001,1,0,1B,2B,0,strikeout,1,0,0
2025-05-16,BOS202505160,BOS,"Bregman, Alex",brega001,1,1,2B,2B,1,field_out,1,0,0
2025-05-16,BOS202505160,BOS,"Refsnyder, Rob",refsr001,1,2,2B,2B,1,field_out,1,0,0
2025-05-16,BOS202505160,BOS,"Campbell, Kristian",campk002,1,0,empty,empty,1,field_out,2,0,2
2025-05-16,BOS202505160,BOS,"Story, Trevor",stort001,1,1,empty,empty,1,field_out,2,0,2
2025-05-16,BOS202505160,BOS,"Sogard, Nick",sogan001,1,2,empty,empty,1,single,2,0,2
2025-05-16,BOS202505160,BOS,"Narvaez, Carlos",narvc002,1,2,1B,1B,1,strikeout,2,0,2
2025-05-16,BOS202505160,BOS,"Rafaela, Ceddanne",rafac001,1,0,empty,empty,1,strikeout,3,0,2
2025-05-16,BOS202505160,BOS,"Duran, Jarren",duraj001,2,1,empty,empty,1,triple,3,0,2
2025-05-16,BOS202505160,BOS,"Devers, Rafael",dever001,2,1,3B,3B,1,walk,3,0,2
2025-05-16,BOS202505160,BOS,"Bregman, Alex",brega001,2,1,1B+3B,1B+3B,1,strikeout,3,0,2
2025-05-16,BOS202505160,BOS,"Refsnyder, Rob",refsr001,2,0,1B+3B,empty,0,strikeout,4,0,2
2025-05-16,BOS202505160,BOS,"Campbell, Kristian",campk002,2,1,empty,empty,1,field_out,4,0,2
2025-05-16,BOS202505160,BOS,"Story, Trevor",stort001,2,2,empty,empty,1,field_out,4,0,2
2025-05-16,BOS202505160,BOS,"Sogard, Nick",sogan001,2,0,empty,empty,1,field_out,5,0,2
2025-05-16,BOS202505160,BOS,"Narvaez, Carlos",narvc002,2,1,empty,empty,1,strikeout,5,0,2
2025-05-16,BOS202505160,BOS,"Rafaela, Ceddanne",rafac001,2,2,empty,empty,1,strikeout,5,0,2
2025-05-16,BOS202505160,BOS,"Duran, Jarren",duraj001,3,0,empty,empty,1,single,6,0,2
2025-05-16,BOS202505160,BOS,"Devers, Rafael",dever001,3,0,1B,1B,1,field_out,6,0,2
2025-05-16,BOS202505160,BOS,"Bregman, Alex",brega001,3,1,1B,1B,1,field_out,6,0,2
2025-05-16,BOS202505160,BOS,"Refsnyder, Rob",refsr001,3,0,1B,empty,0,home_run,7,0,2
2025-05-16,BOS202505160,BOS,"Campbell, Kristian",campk002,3,0,empty,empty,1,field_out,7,1,2
2025-05-16,BOS202505160,BOS,"Story, Trevor",stort001,3,1,empty,empty,1,strikeout,7,1,2
2025-05-16,BOS202505160,BOS,"Sogard, Nick",sogan001,3,2,empty,empty,1,single,7,1,2
2025-05-16,BOS202505160,BOS,"Narvaez, Carlos",narvc002,3,0,empty,empty,1,walk,8,1,2
2025-05-16,BOS202505160,BOS,"Rafaela, Ceddanne",rafac001,3,0,1B,2B,0,field_out,8,1,2
2025-05-16,BOS202505160,BOS,"Duran, Jarren",duraj001,4,1,2B,2B,1,strikeout,8,1,2
2025-05-16,BOS202505160,BOS,"Devers, Rafael",dever001,4,2,2B,2B,1,field_out,8,1,2
2025-05-16,BOS202505160,BOS,"Bregman, Alex",brega001,4,0,empty,empty,1,hit_by_pitch,9,1,4
2025-05-16,BOS202505160,BOS,"Refsnyder, Rob",refsr001,4,0,1B,1B,1,field_out,9,1,4
2025-05-16,BOS202505160,BOS,"Campbell, Kristian",campk002,4,1,2B,2B,1,strikeout,9,1,4
2025-05-16,BOS202505160,BOS,"Story, Trevor",stort001,4,2,2B,2B,1,single,9,1,4
2025-05-16,BOS202505160,BOS,"Abreu, Wilyer",abrew002,1,2,1B,2B,0,field_out,9,2,4
2025-05-17,BOS202505170,BOS,"Duran, Jarren",duraj001,1,0,empty,empty,1,strikeout,1,0,3
2025-05-17,BOS202505170,BOS,"Devers, Rafael",dever001,1,1,empty,empty,1,strikeout,1,0,3
2025-05-17,BOS202505170,BOS,"Bregman, Alex",brega001,1,2,empty,empty,1,field_out,1,0,3
2025-05-17,BOS202505170,BOS,"Campbell, Kristian",campk002,1,0,empty,empty,1,strikeout,2,0,3
2025-05-17,BOS202505170,BOS,"Abreu, Wilyer",abrew002,1,1,empty,empty,1,field_out,2,0,3
2025-05-17,BOS202505170,BOS,"Story, Trevor",stort001,1,2,empty,empty,1,field_out,2,0,3
2025-05-17,BOS202505170,BOS,"Toro, Abraham",toroa001,1,0,empty,empty,1,field_out,3,0,5
2025-05-17,BOS202505170,BOS,"Narvaez, Carlos",narvc002,1,1,empty,empty,1,walk,3,0,5
2025-05-17,BOS202505170,BOS,"Rafaela, Ceddanne",rafac001,1,1,1B,1B,1,field_out,3,0,5
2025-05-17,BOS202505170,BOS,"Duran, Jarren",duraj001,2,2,1B,1B,1,home_run,3,0,5
2025-05-17,BOS202505170,BOS,"Devers, Rafael",dever001,2,2,empty,empty,1,double,3,2,5
2025-05-17,BOS202505170,BOS,"Bregman, Alex",brega001,2,2,2B,2B,1,walk,3,2,5
2025-05-17,BOS202505170,BOS,"Campbell, Kristian",campk002,2,2,1B+2B,1B+2B,1,field_out,3,2,5
2025-05-17,BOS202505170,BOS,"Abreu, Wilyer",abrew002,2,0,empty,empty,1,field_out,4,2,6
2025-05-17,BOS202505170,BOS,"Story, Trevor",stort001,2,1,empty,empty,1,walk,4,2,6
2025-05-17,BOS202505170,BOS,"Toro, Abraham",toroa001,2,1,1B,1B,1,field_out,4,2,6
2025-05-17,BOS202505170,BOS,"Narvaez, Carlos",narvc002,2,2,1B,1B,1,field_out,4,2,6
2025-05-17,BOS202505170,BOS,"Rafaela, Ceddanne",rafac001,2,0,empty,empty,1,field_out,5,2,6
2025-05-17,BOS202505170,BOS,"Duran, Jarren",duraj001,3,1,empty,empty,1,field_error,5,2,6
2025-05-17,BOS202505170,BOS,"Devers, Rafael",dever001,3,1,1B,1B,1,walk,5,2,6
2025-05-17,BOS202505170,BOS,"Bregman, Alex",brega001,3,1,1B+2B,1B+2B,1,field_out,5,2,6
2025-05-17,BOS202505170,BOS,"Campbell, Kristian",campk002,3,2,1B+2B,1B+2B,1,field_out,5,2,6
2025-05-17,BOS202505170,BOS,"Abreu, Wilyer",abrew002,3,0,empty,empty,1,field_out,6,2,6
2025-05-17,BOS202505170,BOS,"Story, Trevor",stort001,3,1,empty,empty,1,single,6,2,6
2025-05-17,BOS202505170,BOS,"Toro, Abraham",toroa001,3,1,1B,1B,1,strikeout,6,2,6
2025-05-17,BOS202505170,BOS,"Narvaez, Carlos",narvc002,3,2,1B,1B,1,strikeout,6,2,6
2025-05-17,BOS202505170,BOS,"Rafaela, Ceddanne",rafac001,3,0,empty,empty,1,double,7,2,6
2025-05-17,BOS202505170,BOS,"Duran, Jarren",duraj001,4,0,2B,2B,1,field_out,7,2,6
2025-05-17,BOS202505170,BOS,"Devers, Rafael",dever001,4,1,2B,2B,1,single,7,2,6
2025-05-17,BOS202505170,BOS,"Bregman, Alex",brega001,4,1,2B,2B,1,double,7,3,6
2025-05-17,BOS202505170,BOS,"Campbell, Kristian",campk002,4,1,2B,2B,1,field_out,7,4,6
2025-05-17,BOS202505170,BOS,"Abreu, Wilyer",abrew002,4,2,2B,2B,1,field_out,7,4,6
2025-05-17,BOS202505170,BOS,"Story, Trevor",stort001,4,0,empty,empty,1,field_out,8,4,6
2025-05-17,BOS202505170,BOS,"Toro, Abraham",toroa001,4,1,empty,empty,1,double,8,4,6
2025-05-17,BOS202505170,BOS,"Narvaez, Carlos",narvc002,4,1,2B,2B,1,single,8,4,6
2025-05-17,BOS202505170,BOS,"Rafaela, Ceddanne",rafac001,4,1,1B+3B,2B+3B,0,strikeout,8,4,6
2025-05-17,BOS202505170,BOS,"Duran, Jarren",duraj001,5,2,2B+3B,2B+3B,1,single,8,4,6
2025-05-17,BOS202505170,BOS,"Devers, Rafael",dever001,5,0,1B,empty,0,home_run,9,6,6
2025-05-18,BOS202505180,BOS,"Duran, Jarren",duraj001,1,0,empty,empty,1,single,1,0,2
2025-05-18,BOS202505180,BOS,"Devers, Rafael",dever001,1,0,1B,1B,1,field_out,1,0,2
2025-05-18,BOS202505180,BOS,"Bregman, Alex",brega001,1,1,1B,1B,1,field_out,1,0,2
2025-05-18,BOS202505180,BOS,"Abreu, Wilyer",abrew002,1,2,1B,1B,1,field_out,1,0,2
2025-05-18,BOS202505180,BOS,"Story, Trevor",stort001,1,0,empty,empty,1,field_out,2,0,2
2025-05-18,BOS202505180,BOS,"Toro, Abraham",toroa001,1,1,empty,empty,1,field_out,2,0,2
2025-05-18,BOS202505180,BOS,"Wong, Connor",wongc001,1,2,empty,empty,1,strikeout,2,0,2
2025-05-18,BOS202505180,BOS,"Hamilton, David",hamid002,1,0,empty,empty,1,double,3,0,3
2025-05-18,BOS202505180,BOS,"Rafaela, Ceddanne",rafac001,1,0,2B,2B,1,single,3,0,3
2025-05-18,BOS202505180,BOS,"Duran, Jarren",duraj001,2,0,1B+3B,1B+3B,1,walk,3,0,3
2025-05-18,BOS202505180,BOS,"Devers, Rafael",dever001,2,0,1B+2B+3B,1B+2B+3B,1,home_run,3,0,3
2025-05-18,BOS202505180,BOS,"Bregman, Alex",brega001,2,0,empty,empty,1,field_out,3,4,3
2025-05-18,BOS202505180,BOS,"Abreu, Wilyer",abrew002,2,1,empty,empty,1,strikeout,3,4,3
2025-05-18,BOS202505180,BOS,"Story, Trevor",stort001,2,2,empty,empty,1,field_out,3,4,3
2025-05-18,BOS202505180,BOS,"Toro, Abraham",toroa001,2,0,empty,empty,1,field_out,4,4,4
2025-05-18,BOS202505180,BOS,"Wong, Connor",wongc001,2,1,empty,empty,1,field_out,4,4,4
2025-05-18,BOS202505180,BOS,"Hamilton, David",hamid002,2,2,empty,empty,1,single,4,4,4
2025-05-18,BOS202505180,BOS,"Rafaela, Ceddanne",rafac001,2,0,1B,empty,0,field_out,5,4,7
2025-05-18,BOS202505180,BOS,"Duran, Jarren",duraj001,3,1,empty,empty,1,field_out,5,4,7
2025-05-18,BOS202505180,BOS,"Devers, Rafael",dever001,3,2,empty,empty,1,field_out,5,4,7
2025-05-18,BOS202505180,BOS,"Bregman, Alex",brega001,3,0,empty,empty,1,field_out,6,4,7
2025-05-18,BOS202505180,BOS,"Abreu, Wilyer",abrew002,3,1,empty,empty,1,field_out,6,4,7
2025-05-18,BOS202505180,BOS,"Story, Trevor",stort001,3,2,empty,empty,1,strikeout,6,4,7
2025-05-18,BOS202505180,BOS,"Toro, Abraham",toroa001,3,0,empty,empty,1,field_out,7,4,7
2025-05-18,BOS202505180,BOS,"Wong, Connor",wongc001,3,1,empty,empty,1,single,7,4,7
2025-05-18,BOS202505180,BOS,"Hamilton, David",hamid002,3,1,1B,1B,1,field_out,7,4,7
2025-05-18,BOS202505180,BOS,"Rafaela, Ceddanne",rafac001,3,2,1B,1B,1,field_out,7,4,7
2025-05-18,BOS202505180,BOS,"Duran, Jarren",duraj001,4,0,empty,empty,1,field_out,8,4,10
2025-05-18,BOS202505180,BOS,"Devers, Rafael",dever001,4,1,empty,empty,1,double,8,4,10
2025-05-18,BOS202505180,BOS,"Bregman, Alex",brega001,4,1,2B,2B,1,field_out,8,4,10
2025-05-18,BOS202505180,BOS,"Refsnyder, Rob",refsr001,1,2,2B,2B,1,strikeout,8,4,10
2025-05-18,BOS202505180,BOS,"Story, Trevor",stort001,4,0,empty,empty,1,strikeout,9,4,10
2025-05-18,BOS202505180,BOS,"Toro, Abraham",toroa001,4,1,empty,empty,1,single,9,4,10
2025-05-18,BOS202505180,BOS,"Wong, Connor",wongc001,4,1,1B,1B,1,field_out,9,4,10
2025-05-18,BOS202505180,BOS,"Hamilton, David",hamid002,4,2,1B,1B,1,field_out,9,4,10
2025-05-19,BOS202505190,BOS,"Duran, Jarren",duraj001,1,0,empty,empty,1,double,1,0,0
2025-05-19,BOS202505190,BOS,"Devers, Rafael",dever001,1,0,2B,2B,1,walk,1,0,0
2025-05-19,BOS202505190,BOS,"Bregman, Alex",brega001,1,0,1B+2B,2B+3B,0,field_out,1,0,0
2025-05-19,BOS202505190,BOS,"Abreu, Wilyer",abrew002,1,1,2B,2B,1,field_out,1,1,0
2025-05-19,BOS202505190,BOS,"Story, Trevor",stort001,1,2,3B,3B,1,single,1,1,0
2025-05-19,BOS202505190,BOS,"Sogard, Nick",sogan001,1,2,1B,2B,0,field_out,1,2,0
2025-05-19,BOS202505190,BOS,"Hamilton, David",hamid002,1,0,empty,empty,1,field_out,2,2,0
2025-05-19,BOS202505190,BOS,"Narvaez, Carlos",narvc002,1,1,empty,empty,1,walk,2,2,0
2025-05-19,BOS202505190,BOS,"Rafaela, Ceddanne",rafac001,1,1,1B,1B,1,field_out,2,2,0
2025-05-19,BOS202505190,BOS,"Duran, Jarren",duraj001,2,2,1B,1B,1,triple,2,2,0
2025-05-19,BOS202505190,BOS,"Devers, Rafael",dever001,2,2,3B,3B,1,field_out,2,3,0
2025-05-19,BOS202505190,BOS,"Bregman, Alex",brega001,2,0,empty,empty,1,double,3,3,1
2025-05-19,BOS202505190,BOS,"Abreu, Wilyer",abrew002,2,0,2B,2B,1,field_out,3,3,1
2025-05-19,BOS202505190,BOS,"Story, Trevor",stort001,2,1,3B,3B,1,strikeout,3,3,1
2025-05-19,BOS202505190,BOS,"Sogard, Nick",sogan001,2,2,3B,3B,1,field_out,3,3,1
2025-05-19,BOS202505190,BOS,"Hamilton, David",hamid002,2,0,empty,empty,1,strikeout,4,3,1
2025-05-19,BOS202505190,BOS,"Narvaez, Carlos",narvc002,2,1,empty,empty,1,single,4,3,1
2025-05-19,BOS202505190,BOS,"Rafaela, Ceddanne",rafac001,2,1,1B,1B,1,strikeout,4,3,1
2025-05-19,BOS202505190,BOS,"Duran, Jarren",duraj001,3,2,1B,1B,1,field_error,4,3,1
2025-05-19,BOS202505190,BOS,"Devers, Rafael",dever001,3,2,2B+3B,2B+3B,1,walk,4,3,1
2025-05-19,BOS202505190,BOS,"Bregman, Alex",brega001,3,2,1B+2B+3B,1B+2B+3B,1,field_out,4,3,1
2025-05-19,BOS202505190,BOS,"Abreu, Wilyer",abrew002,3,0,empty,empty,1,field_out,5,3,1
2025-05-19,BOS202505190,BOS,"Story, Trevor",stort001,3,1,empty,empty,1,field_out,5,3,1
2025-05-19,BOS202505190,BOS,"Sogard, Nick",sogan001,3,2,empty,empty,1,strikeout,5,3,1
2025-05-19,BOS202505190,BOS,"Hamilton, David",hamid002,3,0,empty,empty,1,field_out,6,3,1
2025-05-19,BOS202505190,BOS,"Narvaez, Carlos",narvc002,3,1,empty,empty,1,field_out,6,3,1
2025-05-19,BOS202505190,BOS,"Rafaela, Ceddanne",rafac001,3,2,empty,empty,1,strikeout,6,3,1
2025-05-19,BOS202505190,BOS,"Duran, Jarren",duraj001,4,0,empty,empty,1,field_out,7,3,1
2025-05-19,BOS202505190,BOS,"Devers, Rafael",dever001,4,1,empty,empty,1,field_out,7,3,1
2025-05-19,BOS202505190,BOS,"Bregman, Alex",brega001,4,2,empty,empty,1,walk,7,3,1
2025-05-19,BOS202505190,BOS,"Abreu, Wilyer",abrew002,4,2,1B,1B,1,double,7,3,1
2025-05-19,BOS202505190,BOS,"Story, Trevor",stort001,4,2,2B+3B,2B+3B,1,field_out,7,3,1
2025-05-19,BOS202505190,BOS,"Sogard, Nick",sogan001,4,0,empty,empty,1,field_out,8,3,1
2025-05-19,BOS202505190,BOS,"Hamilton, David",hamid002,4,1,empty,empty,1,single,8,3,1
2025-05-19,BOS202505190,BOS,"Narvaez, Carlos",narvc002,4,2,1B,empty,0,double,8,3,1
2025-05-19,BOS202505190,BOS,"Rafaela, Ceddanne",rafac001,4,2,2B,2B,1,field_out,8,3,1
2025-05-20,BOS202505200,BOS,"Duran, Jarren",duraj001,1,0,empty,empty,1,walk,1,0,0
2025-05-20,BOS202505200,BOS,"Devers, Rafael",dever001,1,0,1B,1B,1,field_out,1,0,0
2025-05-20,BOS202505200,BOS,"Bregman, Alex",brega001,1,1,1B,2B,0,walk,1,0,0
2025-05-20,BOS202505200,BOS,"Abreu, Wilyer",abrew002,1,1,1B+2B,1B+2B,1,strikeout,1,0,0
2025-05-20,BOS202505200,BOS,"Campbell, Kristian",campk002,1,2,1B+2B,1B+2B,1,strikeout,1,0,0
2025-05-20,BOS202505200,BOS,"Sogard, Nick",sogan001,1,0,empty,empty,1,hit_by_pitch,2,0,0
2025-05-20,BOS202505200,BOS,"Story, Trevor",stort001,1,0,1B,1B,1,single,2,0,0
2025-05-20,BOS202505200,BOS,"Hamilton, David",hamid002,1,0,1B+2B,1B+2B,1,sac_bunt,2,0,0
2025-05-20,BOS202505200,BOS,"Narvaez, Carlos",narvc002,1,1,2B+3B,2B+3B,1,double_play,2,0,0
2025-05-20,BOS202505200,BOS,"Duran, Jarren",duraj001,2,0,empty,empty,1,strikeout,3,0,0
2025-05-20,BOS202505200,BOS,"Devers, Rafael",dever001,2,1,empty,empty,1,walk,3,0,0
2025-05-20,BOS202505200,BOS,"Bregman, Alex",brega001,2,1,1B,1B,1,field_out,3,0,0
2025-05-20,BOS202505200,BOS,"Abreu, Wilyer",abrew002,2,2,1B,1B,1,single,3,0,0
2025-05-20,BOS202505200,BOS,"Campbell, Kristian",campk002,2,2,1B+2B,1B+2B,1,field_out,3,0,0
2025-05-20,BOS202505200,BOS,"Sogard, Nick",sogan001,2,0,empty,empty,1,field_out,4,0,0
2025-05-20,BOS202505200,BOS,"Story, Trevor",stort001,2,1,empty,empty,1,field_out,4,0,0
2025-05-20,BOS202505200,BOS,"Hamilton, David",hamid002,2,2,empty,empty,1,strikeout,4,0,0
2025-05-20,BOS202505200,BOS,"Narvaez, Carlos",narvc002,2,0,empty,empty,1,home_run,5,0,0
2025-05-20,BOS202505200,BOS,"Duran, Jarren",duraj001,3,0,empty,empty,1,strikeout,5,1,0
2025-05-20,BOS202505200,BOS,"Devers, Rafael",dever001,3,1,empty,empty,1,home_run,5,1,0
2025-05-20,BOS202505200,BOS,"Bregman, Alex",brega001,3,1,empty,empty,1,field_out,5,2,0
2025-05-20,BOS202505200,BOS,"Abreu, Wilyer",abrew002,3,2,empty,empty,1,field_out,5,2,0
2025-05-20,BOS202505200,BOS,"Campbell, Kristian",campk002,3,0,empty,empty,1,field_out,6,2,0
2025-05-20,BOS202505200,BOS,"Sogard, Nick",sogan001,3,1,empty,empty,1,field_out,6,2,0
2025-05-20,BOS202505200,BOS,"Story, Trevor",stort001,3,2,empty,empty,1,field_out,6,2,0
2025-05-20,BOS202505200,BOS,"Hamilton, David",hamid002,3,0,empty,empty,1,field_out,7,2,0
2025-05-20,BOS202505200,BOS,"Narvaez, Carlos",narvc002,3,1,empty,empty,1,field_out,7,2,0
2025-05-20,BOS202505200,BOS,"Duran, Jarren",duraj001,4,2,empty,empty,1,field_out,7,2,0
2025-05-20,BOS202505200,BOS,"Devers, Rafael",dever001,4,0,empty,empty,1,strikeout,8,2,0
2025-05-20,BOS202505200,BOS,"Bregman, Alex",brega001,4,1,empty,empty,1,single,8,2,0
2025-05-20,BOS202505200,BOS,"Abreu, Wilyer",abrew002,4,1,1B,1B,1,strikeout,8,2,0
2025-05-20,BOS202505200,BOS,"Rafaela, Ceddanne",rafac001,1,2,1B,1B,1,field_out,8,2,0
2025-05-21,BOS202505210,BOS,"Duran, Jarren",duraj001,1,0,empty,empty,1,strikeout,1,0,0
2025-05-21,BOS202505210,BOS,"Devers, Rafael",dever001,1,1,empty,empty,1,field_out,1,0,0
2025-05-21,BOS202505210,BOS,"Bregman, Alex",brega001,1,2,empty,empty,1,strikeout,1,0,0
2025-05-21,BOS202505210,BOS,"Abreu, Wilyer",abrew002,1,0,empty,empty,1,strikeout,2,0,1
2025-05-21,BOS202505210,BOS,"Campbell, Kristian",campk002,1,1,empty,empty,1,strikeout,2,0,1
2025-05-21,BOS202505210,BOS,"Sogard, Nick",sogan001,1,2,empty,empty,1,double,2,0,1
2025-05-21,BOS202505210,BOS,"Story, Trevor",stort001,1,2,2B,2B,1,field_out,2,0,1
2025-05-21,BOS202505210,BOS,"Narvaez, Carlos",narvc002,1,0,empty,empty,1,strikeout,3,0,1
2025-05-21,BOS202505210,BOS,"Rafaela, Ceddanne",rafac001,1,1,empty,empty,1,strikeout,3,0,1
2025-05-21,BOS202505210,BOS,"Duran, Jarren",duraj001,2,2,empty,empty,1,single,3,0,1
2025-05-21,BOS202505210,BOS,"Devers, Rafael",dever001,2,2,1B,1B,1,field_out,3,0,1
2025-05-21,BOS202505210,BOS,"Bregman, Alex",brega001,2,0,empty,empty,1,strikeout,4,0,1
2025-05-21,BOS202505210,BOS,"Abreu, Wilyer",abrew002,2,1,empty,empty,1,strikeout,4,0,1
2025-05-21,BOS202505210,BOS,"Campbell, Kristian",campk002,2,2,empty,empty,1,strikeout,4,0,1
2025-05-21,BOS202505210,BOS,"Sogard, Nick",sogan001,2,0,empty,empty,1,single,5,0,1
2025-05-21,BOS202505210,BOS,"Story, Trevor",stort001,2,0,1B,1B,1,strikeout,5,0,1
2025-05-21,BOS202505210,BOS,"Narvaez, Carlos",narvc002,2,1,1B,1B,1,single,5,0,1
2025-05-21,BOS202505210,BOS,"Rafaela, Ceddanne",rafac001,2,1,1B+2B,1B+2B,1,hit_by_pitch,5,0,1
2025-05-21,BOS202505210,BOS,"Duran, Jarren",duraj001,3,1,1B+2B+3B,1B+2B+3B,1,sac_fly,5,0,1
2025-05-21,BOS202505210,BOS,"Devers, Rafael",dever001,3,2,1B+3B,2B+3B,0,walk,5,1,1
2025-05-21,BOS202505210,BOS,"Bregman, Alex",brega001,3,2,1B+2B+3B,1B+2B+3B,1,strikeout,5,1,1
2025-05-21,BOS202505210,BOS,"Abreu, Wilyer",abrew002,3,0,empty,empty,1,field_out,6,1,1
2025-05-21,BOS202505210,BOS,"Campbell, Kristian",campk002,3,1,empty,empty,1,single,6,1,1
2025-05-21,BOS202505210,BOS,"Sogard, Nick",sogan001,3,1,1B,1B,1,grounded_into_double_play,6,1,1
2025-05-21,BOS202505210,BOS,"Story, Trevor",stort001,3,0,empty,empty,1,strikeout,7,1,4
2025-05-21,BOS202505210,BOS,"Narvaez, Carlos",narvc002,3,1,empty,empty,1,strikeout,7,1,4
2025-05-21,BOS202505210,BOS,"Rafaela, Ceddanne",rafac001,3,2,empty,empty,1,strikeout,7,1,4
2025-05-21,BOS202505210,BOS,"Duran, Jarren",duraj001,4,0,empty,empty,1,field_out,8,1,4
2025-05-21,BOS202505210,BOS,"Devers, Rafael",dever001,4,1,empty,empty,1,single,8,1,4
2025-05-21,BOS202505210,BOS,"Bregman, Alex",brega001,4,1,1B,1B,1,strikeout,8,1,4
2025-05-21,BOS202505210,BOS,"Abreu, Wilyer",abrew002,4,2,1B,1B,1,field_out,8,1,4
2025-05-21,BOS202505210,BOS,"Campbell, Kristian",campk002,4,0,empty,empty,1,walk,9,1,5
2025-05-21,BOS202505210,BOS,"Sogard, Nick",sogan001,4,0,1B,1B,1,strikeout,9,1,5
2025-05-21,BOS202505210,BOS,"Story, Trevor",stort001,4,1,1B,1B,1,field_out,9,1,5
2025-05-21,BOS202505210,BOS,"Narvaez, Carlos",narvc002,4,2,1B,1B,1,field_out,9,1,5
2025-05-23,BOS202505230,BOS,"Duran, Jarren",duraj001,1,0,empty,empty,1,strikeout,1,0,0
2025-05-23,BOS202505230,BOS,"Devers, Rafael",dever001,1,1,empty,empty,1,strikeout,1,0,0
2025-05-23,BOS202505230,BOS,"Bregman, Alex",brega001,1,2,empty,empty,1,walk,1,0,0
2025-05-23,BOS202505230,BOS,"Refsnyder, Rob",refsr001,1,2,1B,1B,1,single,1,0,0
2025-05-23,BOS202505230,BOS,"Story, Trevor",stort001,1,2,1B+2B,1B+2B,1,strikeout,1,0,0
2025-05-23,BOS202505230,BOS,"Narvaez, Carlos",narvc002,1,0,empty,empty,1,field_out,2,0,0
2025-05-23,BOS202505230,BOS,"Sogard, Nick",sogan001,1,1,empty,empty,1,strikeout,2,0,0
2025-05-23,BOS202505230,BOS,"Campbell, Kristian",campk002,1,2,empty,empty,1,field_error,2,0,0
2025-05-23,BOS202505230,BOS,"Rafaela, Ceddanne",rafac001,1,2,1B,1B,1,field_out,2,0,0
2025-05-23,BOS202505230,BOS,"Duran, Jarren",duraj001,2,0,empty,empty,1,field_out,3,0,2
2025-05-23,BOS202505230,BOS,"Devers, Rafael",dever001,2,1,empty,empty,1,single,3,0,2
2025-05-23,BOS202505230,BOS,"Bregman, Alex",brega001,2,1,1B,1B,1,field_out,3,0,2
2025-05-23,BOS202505230,BOS,"Refsnyder, Rob",refsr001,2,2,1B,1B,1,field_out,3,0,2
2025-05-23,BOS202505230,BOS,"Story, Trevor",stort001,2,0,empty,empty,1,walk,4,0,2
2025-05-23,BOS202505230,BOS,"Narvaez, Carlos",narvc002,2,0,1B,1B,1,single,4,0,2
2025-05-23,BOS202505230,BOS,"Sogard, Nick",sogan001,2,0,1B+3B,1B+3B,1,field_out,4,0,2
2025-05-23,BOS202505230,BOS,"Campbell, Kristian",campk002,2,1,2B,2B,1,strikeout,4,1,2
2025-05-23,BOS202505230,BOS,"Rafaela, Ceddanne",rafac001,2,2,2B,2B,1,field_out,4,1,2
2025-05-23,BOS202505230,BOS,"Duran, Jarren",duraj001,3,0,empty,empty,1,strikeout,5,1,2
2025-05-23,BOS202505230,BOS,"Devers, Rafael",dever001,3,1,empty,empty,1,field_out,5,1,2
2025-05-23,BOS202505230,BOS,"Bregman, Alex",brega001,3,2,empty,empty,1,single,5,1,2
2025-05-23,BOS202505230,BOS,"Refsnyder, Rob",refsr001,3,2,1B,1B,1,walk,5,1,2
2025-05-23,BOS202505230,BOS,"Story, Trevor",stort001,3,2,1B+2B,1B+2B,1,field_out,5,1,2
2025-05-23,BOS202505230,BOS,"Narvaez, Carlos",narvc002,3,0,empty,empty,1,field_out,6,1,2
2025-05-23,BOS202505230,BOS,"Sogard, Nick",sogan001,3,1,empty,empty,1,double,6,1,2
2025-05-23,BOS202505230,BOS,"Campbell, Kristian",campk002,3,1,2B,2B,1,walk,6,1,2
2025-05-23,BOS202505230,BOS,"Rafaela, Ceddanne",rafac001,3,1,1B+2B,1B+2B,1,single,6,1,2
2025-05-23,BOS202505230,BOS,"Duran, Jarren",duraj001,4,1,1B+3B,1B+3B,1,single,6,2,2
2025-05-23,BOS202505230,BOS,"Devers, Rafael",dever001,4,1,1B+3B,1B+3B,1,home_run,6,3,2
2025-05-23,BOS202505230,BOS,"Toro, Abraham",toroa001,1,1,empty,empty,1,field_error,6,6,2
2025-05-23,BOS202505230,BOS,"Refsnyder, Rob",refsr001,4,1,1B,2B,0,strikeout,6,6,2
2025-05-23,BOS202505230,BOS,"Story, Trevor",stort001,4,2,2B,2B,1,field_out,6,6,2
2025-05-23,BOS202505230,BOS,"Narvaez, Carlos",narvc002,4,0,empty,empty,1,walk,7,6,2
2025-05-23,BOS202505230,BOS,"Sogard, Nick",sogan001,4,0,1B,1B,1,grounded_into_double_play,7,6,2
2025-05-23,BOS202505230,BOS,"Campbell, Kristian",campk002,4,2,empty,empty,1,field_out,7,6,2
2025-05-23,BOS202505230,BOS,"Rafaela, Ceddanne",rafac001,4,0,empty,empty,1,walk,8,6,3
2025-05-23,BOS202505230,BOS,"Duran, Jarren",duraj001,5,0,1B,1B,1,double,8,6,3
2025-05-23,BOS202505230,BOS,"Devers, Rafael",dever001,5,0,3B,3B,1,single,8,7,3
2025-05-23,BOS202505230,BOS,"Toro, Abraham",toroa001,2,0,1B,1B,1,single,8,8,3
2025-05-23,BOS202505230,BOS,"Refsnyder, Rob",refsr001,5,0,1B+2B,1B+2B,1,home_run,8,8,3
2025-05-23,BOS202505230,BOS,"Story, Trevor",stort001,5,0,empty,empty,1,field_out,8,11,3
2025-05-23,BOS202505230,BOS,"Narvaez, Carlos",narvc002,5,1,empty,empty,1,double,8,11,3
2025-05-23,BOS202505230,BOS,"Sogard, Nick",sogan001,5,1,2B,2B,1,single,8,11,3
2025-05-23,BOS202505230,BOS,"Campbell, Kristian",campk002,5,1,1B+3B,1B+3B,1,walk,8,11,3
2025-05-23,BOS202505230,BOS,"Rafaela, Ceddanne",rafac001,5,1,1B+2B+3B,1B+2B+3B,1,field_out,8,11,3
2025-05-23,BOS202505230,BOS,"Duran, Jarren",duraj001,6,2,1B+2B+3B,1B+2B+3B,1,walk,8,11,3
2025-05-23,BOS202505230,BOS,"Devers, Rafael",dever001,6,2,1B+2B+3B,1B+2B+3B,1,home_run,8,12,3
2025-05-23,BOS202505230,BOS,"Toro, Abraham",toroa001,3,2,empty,empty,1,double,8,16,3
2025-05-23,BOS202505230,BOS,"Refsnyder, Rob",refsr001,6,2,2B,2B,1,single,8,16,3
2025-05-23,BOS202505230,BOS,"Story, Trevor",stort001,6,2,1B,1B,1,double,8,17,3
2025-05-23,BOS202505230,BOS,"Narvaez, Carlos",narvc002,6,2,2B+3B,2B+3B,1,double,8,17,3
2025-05-23,BOS202505230,BOS,"Sogard, Nick",sogan001,6,2,2B,2B,1,single,8,19,3
2025-05-23,BOS202505230,BOS,"Campbell, Kristian",campk002,6,2,1B+3B,1B+3B,1,field_out,8,19,3
2025-05-24,BOS202505241,BOS,"Duran, Jarren",duraj001,1,0,empty,empty,1,home_run,1,0,2
2025-05-24,BOS202505241,BOS,"Devers, Rafael",dever001,1,0,empty,empty,1,field_out,1,1,2
2025-05-24,BOS202505241,BOS,"Abreu, Wilyer",abrew002,1,1,empty,empty,1,home_run,1,1,2
2025-05-24,BOS202505241,BOS,"Narvaez, Carlos",narvc002,1,1,empty,empty,1,double,1,2,2
2025-05-24,BOS202505241,BOS,"Sogard, Nick",sogan001,1,1,2B,2B,1,field_out,1,2,2
2025-05-24,BOS202505241,BOS,"Story, Trevor",stort001,1,2,2B,2B,1,field_out,1,2,2
2025-05-24,BOS202505241,BOS,"Toro, Abraham",toroa001,1,0,empty,empty,1,field_out,2,2,2
2025-05-24,BOS202505241,BOS,"Hamilton, David",hamid002,1,1,empty,empty,1,field_out,2,2,2
2025-05-24,BOS202505241,BOS,"Rafaela, Ceddanne",rafac001,1,2,empty,empty,1,field_out,2,2,2
2025-05-24,BOS202505241,BOS,"Duran, Jarren",duraj001,2,0,empty,empty,1,walk,3,2,2
2025-05-24,BOS202505241,BOS,"Devers, Rafael",dever001,2,0,1B,1B,1,grounded_into_double_play,3,2,2
2025-05-24,BOS202505241,BOS,"Abreu, Wilyer",abrew002,2,2,empty,empty,1,field_out,3,2,2
2025-05-24,BOS202505241,BOS,"Narvaez, Carlos",narvc002,2,0,empty,empty,1,field_out,4,2,2
2025-05-24,BOS202505241,BOS,"Sogard, Nick",sogan001,2,1,empty,empty,1,strikeout,4,2,2
2025-05-24,BOS202505241,BOS,"Story, Trevor",stort001,2,2,empty,empty,1,field_out,4,2,2
2025-05-24,BOS202505241,BOS,"Toro, Abraham",toroa001,2,0,empty,empty,1,home_run,5,2,5
2025-05-24,BOS202505241,BOS,"Hamilton, David",hamid002,2,0,empty,empty,1,field_out,5,3,5
2025-05-24,BOS202505241,BOS,"Rafaela, Ceddanne",rafac001,2,1,empty,empty,1,field_out,5,3,5
2025-05-24,BOS202505241,BOS,"Duran, Jarren",duraj001,3,2,empty,empty,1,field_out,5,3,5
2025-05-24,BOS202505241,BOS,"Devers, Rafael",dever001,3,0,empty,empty,1,double,6,3,5
2025-05-24,BOS202505241,BOS,"Abreu, Wilyer",abrew002,3,0,2B,2B,1,walk,6,3,5
2025-05-24,BOS202505241,BOS,"Narvaez, Carlos",narvc002,3,0,1B+2B,1B+2B,1,fielders_choice,6,3,5
2025-05-24,BOS202505241,BOS,"Sogard, Nick",sogan001,3,0,2B+3B,2B+3B,1,field_out,6,4,5
2025-05-24,BOS202505241,BOS,"Story, Trevor",stort001,3,1,3B,3B,1,strikeout,6,5,5
2025-05-24,BOS202505241,BOS,"Toro, Abraham",toroa001,3,2,3B,3B,1,field_out,6,5,5
2025-05-24,BOS202505241,BOS,"Campbell, Kristian",campk002,1,0,empty,empty,1,field_out,7,5,5
2025-05-24,BOS202505241,BOS,"Rafaela, Ceddanne",rafac001,3,1,empty,empty,1,field_out,7,5,5
2025-05-24,BOS202505241,BOS,"Duran, Jarren",duraj001,4,2,empty,empty,1,single,7,5,5
2025-05-24,BOS202505241,BOS,"Devers, Rafael",dever001,4,2,1B,1B,1,walk,7,5,5
2025-05-24,BOS202505241,BOS,"Abreu, Wilyer",abrew002,4,2,1B+2B,1B+2B,1,strikeout,7,5,5
2025-05-24,BOS202505241,BOS,"Narvaez, Carlos",narvc002,4,0,empty,empty,1,strikeout,8,5,5
2025-05-24,BOS202505241,BOS,"Sogard, Nick",sogan001,4,1,empty,empty,1,field_out,8,5,5
2025-05-24,BOS202505241,BOS,"Story, Trevor",stort001,4,2,empty,empty,1,strikeout,8,5,5
2025-05-24,BOS202505241,BOS,"Toro, Abraham",toroa001,4,0,empty,empty,1,field_out,9,5,5
2025-05-24,BOS202505241,BOS,"Campbell, Kristian",campk002,2,1,empty,empty,1,field_out,9,5,5
2025-05-24,BOS202505241,BOS,"Rafaela, Ceddanne",rafac001,4,2,empty,empty,1,field_out,9,5,5
2025-05-24,BOS202505241,BOS,"Duran, Jarren",duraj001,5,0,2B,2B,1,field_out,10,5,5
2025-05-24,BOS202505241,BOS,"Devers, Rafael",dever001,5,1,2B,2B,1,single,10,5,5
2025-05-24,BOS202505242,BOS,"Duran, Jarren",duraj001,1,0,empty,empty,1,field_out,1,0,0
2025-05-24,BOS202505242,BOS,"Devers, Rafael",dever001,1,1,empty,empty,1,field_out,1,0,0
2025-05-24,BOS202505242,BOS,"Refsnyder, Rob",refsr001,1,2,empty,empty,1,strikeout,1,0,0
2025-05-24,BOS202505242,BOS,"Campbell, Kristian",campk002,1,0,empty,empty,1,single,2,0,0
2025-05-24,BOS202505242,BOS,"Story, Trevor",stort001,1,0,1B,1B,1,field_out,2,0,0
2025-05-24,BOS202505242,BOS,"Mayer, Marcelo",mayem002,1,1,1B,1B,1,strikeout,2,0,0
2025-05-24,BOS202505242,BOS,"Sogard, Nick",sogan001,1,2,1B,1B,1,field_out,2,0,0
2025-05-24,BOS202505242,BOS,"Wong, Connor",wongc001,1,0,empty,empty,1,field_out,3,0,0
2025-05-24,BOS202505242,BOS,"Rafaela, Ceddanne",rafac001,1,1,empty,empty,1,field_out,3,0,0
2025-05-24,BOS202505242,BOS,"Duran, Jarren",duraj001,2,2,empty,empty,1,field_out,3,0,0
2025-05-24,BOS202505242,BOS,"Devers, Rafael",dever001,2,0,empty,empty,1,field_out,4,0,0
2025-05-24,BOS202505242,BOS,"Refsnyder, Rob",refsr001,2,1,empty,empty,1,field_out,4,0,0
2025-05-24,BOS202505242,BOS,"Campbell, Kristian",campk002,2,2,empty,empty,1,strikeout,4,0,0
2025-05-24,BOS202505242,BOS,"Story, Trevor",stort001,2,0,empty,empty,1,field_out,5,0,0
2025-05-24,BOS202505242,BOS,"Mayer, Marcelo",mayem002,2,1,empty,empty,1,strikeout,5,0,0
2025-05-24,BOS202505242,BOS,"Sogard, Nick",sogan001,2,2,empty,empty,1,field_out,5,0,0
2025-05-24,BOS202505242,BOS,"Wong, Connor",wongc001,2,0,empty,empty,1,field_out,6,0,0
2025-05-24,BOS202505242,BOS,"Rafaela, Ceddanne",rafac001,2,1,empty,empty,1,strikeout,6,0,0
2025-05-24,BOS202505242,BOS,"Duran, Jarren",duraj001,3,2,empty,empty,1,field_out,6,0,0
2025-05-24,BOS202505242,BOS,"Devers, Rafael",dever001,3,0,empty,empty,1,field_out,7,0,0
2025-05-24,BOS202505242,BOS,"Refsnyder, Rob",refsr001,3,1,empty,empty,1,hit_by_pitch,7,0,0
2025-05-24,BOS202505242,BOS,"Campbell, Kristian",campk002,3,1,1B,1B,1,single,7,0,0
2025-05-24,BOS202505242,BOS,"Abreu, Wilyer",abrew002,1,1,1B+2B,1B+2B,1,field_out,7,0,0
2025-05-24,BOS202505242,BOS,"Mayer, Marcelo",mayem002,3,2,2B+3B,2B+3B,1,strikeout,7,0,0
2025-05-24,BOS202505242,BOS,"Sogard, Nick",sogan001,3,0,empty,empty,1,single,8,0,1
2025-05-24,BOS202505242,BOS,"Wong, Connor",wongc001,3,0,1B,2B,0,walk,8,0,1
2025-05-24,BOS202505242,BOS,"Rafaela, Ceddanne",rafac001,3,0,1B+2B,1B+2B,1,field_out,8,0,1
2025-05-24,BOS202505242,BOS,"Duran, Jarren",duraj001,4,1,1B+2B,1B+2B,1,strikeout,8,0,1
2025-05-24,BOS202505242,BOS,"Devers, Rafael",dever001,4,2,1B+2B,1B+2B,1,field_out,8,0,1
2025-05-24,BOS202505242,BOS,"Toro, Abraham",toroa001,1,0,empty,empty,1,home_run,9,0,2
2025-05-24,BOS202505242,BOS,"Campbell, Kristian",campk002,4,0,empty,empty,1,field_out,9,1,2
2025-05-24,BOS202505242,BOS,"Abreu, Wilyer",abrew002,2,1,empty,empty,1,single,9,1,2
2025-05-24,BOS202505242,BOS,"Mayer, Marcelo",mayem002,4,1,1B,1B,1,field_out,9,1,2
2025-05-24,BOS202505242,BOS,"Hamilton, David",hamid002,1,2,1B,1B,1,field_out,9,1,2
2025-05-25,BOS202505250,BOS,"Duran, Jarren",duraj001,1,0,empty,empty,1,single,1,0,0
2025-05-25,BOS202505250,BOS,"Devers, Rafael",dever001,1,0,1B,1B,1,field_out,1,0,0
2025-05-25,BOS202505250,BOS,"Abreu, Wilyer",abrew002,1,1,1B,1B,1,field_out,1,0,0
2025-05-25,BOS202505250,BOS,"Narvaez, Carlos",narvc002,1,2,2B,2B,1,walk,1,0,0
2025-05-25,BOS202505250,BOS,"Campbell, Kristian",campk002,1,2,1B+2B,1B+2B,1,field_out,1,0,0
2025-05-25,BOS202505250,BOS,"Mayer, Marcelo",mayem002,1,0,empty,empty,1,single,2,0,0
2025-05-25,BOS202505250,BOS,"Toro, Abraham",toroa001,1,0,1B,1B,1,field_out,2,0,0
2025-05-25,BOS202505250,BOS,"Hamilton, David",hamid002,1,1,1B,1B,1,strikeout,2,0,0
2025-05-25,BOS202505250,BOS,"Rafaela, Ceddanne",rafac001,1,2,1B,1B,1,field_out,2,0,0
2025-05-25,BOS202505250,BOS,"Duran, Jarren",duraj001,2,0,empty,empty,1,single,3,0,0
2025-05-25,BOS202505250,BOS,"Devers, Rafael",dever001,2,0,1B,1B,1,strikeout,3,0,0
2025-05-25,BOS202505250,BOS,"Abreu, Wilyer",abrew002,2,1,1B,1B,1,field_out,3,0,0
2025-05-25,BOS202505250,BOS,"Narvaez, Carlos",narvc002,2,2,1B,1B,1,single,3,0,0
2025-05-25,BOS202505250,BOS,"Campbell, Kristian",campk002,2,2,1B+3B,2B+3B,0,field_out,3,0,0
2025-05-25,BOS202505250,BOS,"Mayer, Marcelo",mayem002,2,0,empty,empty,1,field_out,4,0,1
2025-05-25,BOS202505250,BOS,"Toro, Abraham",toroa001,2,1,empty,empty,1,double,4,0,1
2025-05-25,BOS202505250,BOS,"Hamilton, David",hamid002,2,1,2B,2B,1,field_out,4,0,1
2025-05-25,BOS202505250,BOS,"Rafaela, Ceddanne",rafac001,2,2,3B,3B,1,field_out,4,0,1
2025-05-25,BOS202505250,BOS,"Duran, Jarren",duraj001,3,0,empty,empty,1,single,5,0,2
2025-05-25,BOS202505250,BOS,"Devers, Rafael",dever001,3,0,1B,1B,1,grounded_into_double_play,5,0,2
2025-05-25,BOS202505250,BOS,"Abreu, Wilyer",abrew002,3,2,empty,empty,1,strikeout,5,0,2
2025-05-25,BOS202505250,BOS,"Narvaez, Carlos",narvc002,3,0,empty,empty,1,single,6,0,3
2025-05-25,BOS202505250,BOS,"Campbell, Kristian",campk002,3,0,1B,1B,1,strikeout,6,0,3
2025-05-25,BOS202505250,BOS,"Mayer, Marcelo",mayem002,3,1,1B,1B,1,field_out,6,0,3
2025-05-25,BOS202505250,BOS,"Toro, Abraham",toroa001,3,2,1B,1B,1,strikeout,6,0,3
2025-05-25,BOS202505250,BOS,"Sogard, Nick",sogan001,1,0,empty,empty,1,field_out,7,0,3
2025-05-25,BOS202505250,BOS,"Rafaela, Ceddanne",rafac001,3,1,empty,empty,1,strikeout,7,0,3
2025-05-25,BOS202505250,BOS,"Duran, Jarren",duraj001,4,2,empty,empty,1,single,7,0,3
2025-05-25,BOS202505250,BOS,"Devers, Rafael",dever001,4,2,1B,1B,1,field_out,7,0,3
2025-05-25,BOS202505250,BOS,"Abreu, Wilyer",abrew002,4,0,empty,empty,1,field_out,8,0,5
2025-05-25,BOS202505250,BOS,"Narvaez, Carlos",narvc002,4,1,empty,empty,1,field_out,8,0,5
2025-05-25,BOS202505250,BOS,"Campbell, Kristian",campk002,4,2,empty,empty,1,field_out,8,0,5
2025-05-25,BOS202505250,BOS,"Mayer, Marcelo",mayem002,4,0,empty,empty,1,double,9,0,5
2025-05-25,BOS202505250,BOS,"Toro, Abraham",toroa001,4,0,2B,2B,1,single,9,0,5
2025-05-25,BOS202505250,BOS,"Sogard, Nick",sogan001,2,0,1B,1B,1,strikeout,9,1,5
2025-05-25,BOS202505250,BOS,"Rafaela, Ceddanne",rafac001,4,1,1B,1B,1,field_out,9,1,5
2025-05-25,BOS202505250,BOS,"Duran, Jarren",duraj001,5,2,1B,2B,0,strikeout,9,1,5
2025-05-26,MIL202505260,BOS,"Duran, Jarren",duraj001,1,0,empty,empty,1,field_out,1,0,0
2025-05-26,MIL202505260,BOS,"Devers, Rafael",dever001,1,1,empty,empty,1,strikeout,1,0,0
2025-05-26,MIL202505260,BOS,"Narvaez, Carlos",narvc002,1,2,empty,empty,1,field_out,1,0,0
2025-05-26,MIL202505260,BOS,"Campbell, Kristian",campk002,1,0,empty,empty,1,field_out,2,0,1
2025-05-26,MIL202505260,BOS,"Abreu, Wilyer",abrew002,1,1,empty,empty,1,single,2,0,1
2025-05-26,MIL202505260,BOS,"Mayer, Marcelo",mayem002,1,1,1B,1B,1,single,2,0,1
2025-05-26,MIL202505260,BOS,"Story, Trevor",stort001,1,1,1B+3B,1B+3B,1,field_out,2,0,1
2025-05-26,MIL202505260,BOS,"Toro, Abraham",toroa001,1,2,1B+3B,1B+3B,1,field_out,2,0,1
2025-05-26,MIL202505260,BOS,"Hamilton, David",hamid002,1,0,empty,empty,1,strikeout,3,0,1
2025-05-26,MIL202505260,BOS,"Duran, Jarren",duraj001,2,1,empty,empty,1,walk,3,0,1
2025-05-26,MIL202505260,BOS,"Devers, Rafael",dever001,2,1,1B,2B,0,walk,3,0,1
2025-05-26,MIL202505260,BOS,"Narvaez, Carlos",narvc002,2,1,1B+2B,1B+2B,1,strikeout,3,0,1
2025-05-26,MIL202505260,BOS,"Campbell, Kristian",campk002,2,2,1B+2B,1B+2B,1,field_out,3,0,1
2025-05-26,MIL202505260,BOS,"Abreu, Wilyer",abrew002,2,0,empty,empty,1,field_out,4,0,1
2025-05-26,MIL202505260,BOS,"Mayer, Marcelo",mayem002,2,1,empty,empty,1,field_out,4,0,1
2025-05-26,MIL202505260,BOS,"Story, Trevor",stort001,2,2,empty,empty,1,strikeout,4,0,1
2025-05-26,MIL202505260,BOS,"Toro, Abraham",toroa001,2,0,empty,empty,1,strikeout,5,0,1
2025-05-26,MIL202505260,BOS,"Hamilton, David",hamid002,2,1,empty,empty,1,strikeout,5,0,1
2025-05-26,MIL202505260,BOS,"Duran, Jarren",duraj001,3,2,empty,empty,1,double,5,0,1
2025-05-26,MIL202505260,BOS,"Devers, Rafael",dever001,3,2,2B,2B,1,field_out,5,0,1
2025-05-26,MIL202505260,BOS,"Narvaez, Carlos",narvc002,3,0,empty,empty,1,field_out,6,0,2
2025-05-26,MIL202505260,BOS,"Campbell, Kristian",campk002,3,1,empty,empty,1,single,6,0,2
2025-05-26,MIL202505260,BOS,"Abreu, Wilyer",abrew002,3,1,1B,1B,1,strikeout,6,0,2
2025-05-26,MIL202505260,BOS,"Mayer, Marcelo",mayem002,3,2,1B,1B,1,field_out,6,0,2
2025-05-26,MIL202505260,BOS,"Story, Trevor",stort001,3,0,empty,empty,1,single,7,0,2
2025-05-26,MIL202505260,BOS,"Toro, Abraham",toroa001,3,0,1B,1B,1,field_out,7,0,2
2025-05-26,MIL202505260,BOS,"Refsnyder, Rob",refsr001,1,1,1B,1B,1,walk,7,0,2
2025-05-26,MIL202505260,BOS,"Duran, Jarren",duraj001,4,1,1B+2B,1B+2B,1,grounded_into_double_play,7,0,2
2025-05-26,MIL202505260,BOS,"Devers, Rafael",dever001,4,0,empty,empty,1,walk,8,0,2
2025-05-26,MIL202505260,BOS,"Narvaez, Carlos",narvc002,4,0,1B,1B,1,single,8,0,2
2025-05-26,MIL202505260,BOS,"Campbell, Kristian",campk002,4,0,1B+3B,1B+3B,1,field_out,8,0,2
2025-05-26,MIL202505260,BOS,"Abreu, Wilyer",abrew002,4,1,1B,1B,1,grounded_into_double_play,8,1,2
2025-05-26,MIL202505260,BOS,"Mayer, Marcelo",mayem002,4,0,empty,empty,1,field_out,9,1,3
2025-05-26,MIL202505260,BOS,"Story, Trevor",stort001,4,1,empty,empty,1,walk,9,1,3
2025-05-26,MIL202505260,BOS,"Toro, Abraham",toroa001,4,1,1B,1B,1,field_out,9,1,3
2025-05-26,MIL202505260,BOS,"Refsnyder, Rob",refsr001,2,2,2B,2B,1,walk,9,1,3
2025-05-26,MIL202505260,BOS,"Duran, Jarren",duraj001,5,2,1B+2B,1B+2B,1,single,9,1,3
2025-05-26,MIL202505260,BOS,"Devers, Rafael",dever001,5,2,1B+3B,1B+3B,1,intent_walk,9,2,3
2025-05-26,MIL202505260,BOS,"Wong, Connor",wongc001,1,2,1B+2B+3B,1B+2B+3B,1,field_out,9,2,3
2025-05-27,MIL202505270,BOS,"Duran, Jarren",duraj001,1,0,empty,empty,1,strikeout,1,0,0
2025-05-27,MIL202505270,BOS,"Devers, Rafael",dever001,1,1,empty,empty,1,strikeout,1,0,0
2025-05-27,MIL202505270,BOS,"Narvaez, Carlos",narvc002,1,2,empty,empty,1,field_out,1,0,0
2025-05-27,MIL202505270,BOS,"Campbell, Kristian",campk002,1,0,empty,empty,1,single,2,0,0
2025-05-27,MIL202505270,BOS,"Abreu, Wilyer",abrew002,1,0,1B,1B,1,field_out,2,0,0
2025-05-27,MIL202505270,BOS,"Mayer, Marcelo",mayem002,1,1,1B,1B,1,walk,2,0,0
2025-05-27,MIL202505270,BOS,"Story, Trevor",stort001,1,1,1B+2B,1B+2B,1,field_out,2,0,0
2025-05-27,MIL202505270,BOS,"Toro, Abraham",toroa001,1,2,1B+2B,1B+2B,1,field_out,2,0,0
2025-05-27,MIL202505270,BOS,"Rafaela, Ceddanne",rafac001,1,0,empty,empty,1,field_out,3,0,0
2025-05-27,MIL202505270,BOS,"Duran, Jarren",duraj001,2,1,empty,empty,1,field_out,3,0,0
2025-05-27,MIL202505270,BOS,"Devers, Rafael",dever001,2,2,empty,empty,1,strikeout,3,0,0
2025-05-27,MIL202505270,BOS,"Narvaez, Carlos",narvc002,2,0,empty,empty,1,field_out,4,0,0
2025-05-27,MIL202505270,BOS,"Campbell, Kristian",campk002,2,1,empty,empty,1,strikeout,4,0,0
2025-05-27,MIL202505270,BOS,"Abreu, Wilyer",abrew002,2,2,empty,empty,1,field_out,4,0,0
2025-05-27,MIL202505270,BOS,"Mayer, Marcelo",mayem002,2,0,empty,empty,1,double,5,0,0
2025-05-27,MIL202505270,BOS,"Story, Trevor",stort001,2,0,2B,2B,1,double_play,5,0,0
2025-05-27,MIL202505270,BOS,"Toro, Abraham",toroa001,2,2,empty,empty,1,field_out,5,0,0
2025-05-27,MIL202505270,BOS,"Rafaela, Ceddanne",rafac001,2,0,empty,empty,1,double,6,0,0
2025-05-27,MIL202505270,BOS,"Duran, Jarren",duraj001,3,0,2B,2B,1,strikeout,6,0,0
2025-05-27,MIL202505270,BOS,"Devers, Rafael",dever001,3,1,2B,2B,1,field_out,6,0,0
2025-05-27,MIL202505270,BOS,"Narvaez, Carlos",narvc002,3,2,3B,empty,0,walk,6,1,0
2025-05-27,MIL202505270,BOS,"Campbell, Kristian",campk002,3,2,1B,1B,1,field_out,6,1,0
2025-05-27,MIL202505270,BOS,"Abreu, Wilyer",abrew002,3,0,empty,empty,1,field_out,7,1,0
2025-05-27,MIL202505270,BOS,"Mayer, Marcelo",mayem002,3,1,empty,empty,1,single,7,1,0
2025-05-27,MIL202505270,BOS,"Story, Trevor",stort001,3,1,1B,1B,1,strikeout,7,1,0
2025-05-27,MIL202505270,BOS,"Toro, Abraham",toroa001,3,2,1B,1B,1,field_out,7,1,0
2025-05-27,MIL202505270,BOS,"Rafaela, Ceddanne",rafac001,3,0,empty,empty,1,field_out,8,1,0
2025-05-27,MIL202505270,BOS,"Duran, Jarren",duraj001,4,1,empty,empty,1,strikeout,8,1,0
2025-05-27,MIL202505270,BOS,"Devers, Rafael",dever001,4,2,empty,empty,1,single,8,1,0
2025-05-27,MIL202505270,BOS,"Narvaez, Carlos",narvc002,4,2,1B,1B,1,field_out,8,1,0
2025-05-27,MIL202505270,BOS,"Campbell, Kristian",campk002,4,0,empty,empty,1,strikeout,9,1,0
2025-05-27,MIL202505270,BOS,"Abreu, Wilyer",abrew002,4,1,empty,empty,1,single,9,1,0
2025-05-27,MIL202505270,BOS,"Mayer, Marcelo",mayem002,4,1,1B,1B,1,field_out,9,1,0
2025-05-27,MIL202505270,BOS,"Story, Trevor",stort001,4,2,2B,2B,1,field_out,9,1,0
2025-05-27,MIL202505270,BOS,"Toro, Abraham",toroa001,4,0,2B,2B,1,single,10,1,1
2025-05-27,MIL202505270,BOS,"Rafaela, Ceddanne",rafac001,4,0,1B+3B,1B+3B,1,strikeout,10,1,1
2025-05-27,MIL202505270,BOS,"Duran, Jarren",duraj001,5,1,1B+3B,1B+3B,1,strikeout,10,1,1
2025-05-27,MIL202505270,BOS,"Devers, Rafael",dever001,5,2,1B+3B,1B+3B,1,field_out,10,1,1
2025-05-28,MIL202505280,BOS,"Duran, Jarren",duraj001,1,0,empty,empty,1,single,1,0,0
2025-05-28,MIL202505280,BOS,"Devers, Rafael",dever001,1,0,1B,1B,1,walk,1,0,0
2025-05-28,MIL202505280,BOS,"Abreu, Wilyer",abrew002,1,0,1B+2B,1B+2B,1,strikeout,1,0,0
2025-05-28,MIL202505280,BOS,"Mayer, Marcelo",mayem002,1,1,1B+2B,1B+2B,1,strikeout,1,0,0
2025-05-28,MIL202505280,BOS,"Sogard, Nick",sogan001,1,2,1B+2B,2B+3B,0,walk,1,0,0
2025-05-28,MIL202505280,BOS,"Story, Trevor",stort001,1,2,1B+2B+3B,1B+2B+3B,1,field_out,1,0,0
2025-05-28,MIL202505280,BOS,"Hamilton, David",hamid002,1,0,empty,empty,1,strikeout,2,0,0
2025-05-28,MIL202505280,BOS,"Wong, Connor",wongc001,1,1,empty,empty,1,field_out,2,0,0
2025-05-28,MIL202505280,BOS,"Rafaela, Ceddanne",rafac001,1,2,empty,empty,1,home_run,2,0,0
2025-05-28,MIL202505280,BOS,"Duran, Jarren",duraj001,2,2,empty,empty,1,field_error,2,1,0
2025-05-28,MIL202505280,BOS,"Devers, Rafael",dever001,2,2,1B,1B,1,walk,2,1,0
2025-05-28,MIL202505280,BOS,"Abreu, Wilyer",abrew002,2,2,1B+2B,1B+2B,1,strikeout,2,1,0
2025-05-28,MIL202505280,BOS,"Mayer, Marcelo",mayem002,2,0,empty,empty,1,field_out,3,1,0
2025-05-28,MIL202505280,BOS,"Sogard, Nick",sogan001,2,1,empty,empty,1,field_out,3,1,0
2025-05-28,MIL202505280,BOS,"Story, Trevor",stort001,2,2,empty,empty,1,strikeout,3,1,0
2025-05-28,MIL202505280,BOS,"Hamilton, David",hamid002,2,0,empty,empty,1,strikeout,4,1,1
2025-05-28,MIL202505280,BOS,"Wong, Connor",wongc001,2,1,empty,empty,1,single,4,1,1
2025-05-28,MIL202505280,BOS,"Rafaela, Ceddanne",rafac001,2,1,1B,1B,1,single,4,1,1
2025-05-28,MIL202505280,BOS,"Duran, Jarren",duraj001,3,1,1B+2B,1B+2B,1,single,4,1,1
2025-05-28,MIL202505280,BOS,"Devers, Rafael",dever001,3,2,2B+3B,2B+3B,1,single,4,1,1
2025-05-28,MIL202505280,BOS,"Abreu, Wilyer",abrew002,3,2,1B,1B,1,field_out,4,3,1
2025-05-28,MIL202505280,BOS,"Mayer, Marcelo",mayem002,3,0,empty,empty,1,field_out,5,3,1
2025-05-28,MIL202505280,BOS,"Sogard, Nick",sogan001,3,1,empty,empty,1,field_out,5,3,1
2025-05-28,MIL202505280,BOS,"Story, Trevor",stort001,3,2,empty,empty,1,field_out,5,3,1
2025-05-28,MIL202505280,BOS,"Hamilton, David",hamid002,3,0,empty,empty,1,field_out,6,3,2
2025-05-28,MIL202505280,BOS,"Wong, Connor",wongc001,3,1,empty,empty,1,strikeout,6,3,2
2025-05-28,MIL202505280,BOS,"Rafaela, Ceddanne",rafac001,3,2,empty,empty,1,field_out,6,3,2
2025-05-28,MIL202505280,BOS,"Duran, Jarren",duraj001,4,0,empty,empty,1,strikeout,7,3,4
2025-05-28,MIL202505280,BOS,"Devers, Rafael",dever001,4,1,empty,empty,1,field_out,7,3,4
2025-05-28,MIL202505280,BOS,"Abreu, Wilyer",abrew002,4,2,empty,empty,1,home_run,7,3,4
2025-05-28,MIL202505280,BOS,"Mayer, Marcelo",mayem002,4,2,empty,empty,1,field_out,7,4,4
2025-05-28,MIL202505280,BOS,"Sogard, Nick",sogan001,4,0,empty,empty,1,hit_by_pitch,8,4,4
2025-05-28,MIL202505280,BOS,"Story, Trevor",stort001,4,0,1B,1B,1,sac_bunt,8,4,4
2025-05-28,MIL202505280,BOS,"Hamilton, David",hamid002,4,1,2B,2B,1,strikeout,8,4,4
2025-05-28,MIL202505280,BOS,"Toro, Abraham",toroa001,1,2,2B,2B,1,strikeout,8,4,4
2025-05-28,MIL202505280,BOS,"Rafaela, Ceddanne",rafac001,4,0,empty,empty,1,single,9,4,4
2025-05-28,MIL202505280,BOS,"Duran, Jarren",duraj001,5,0,1B,1B,1,field_out,9,4,4
2025-05-28,MIL202505280,BOS,"Devers, Rafael",dever001,5,1,1B,1B,1,field_out,9,4,4
2025-05-28,MIL202505280,BOS,"Refsnyder, Rob",refsr001,1,2,2B,2B,1,intent_walk,9,4,4
2025-05-28,MIL202505280,BOS,"Campbell, Kristian",campk002,1,2,1B+2B,1B+2B,1,walk,9,4,4
2025-05-28,MIL202505280,BOS,"Sogard, Nick",sogan001,5,2,1B+2B+3B,1B+2B+3B,1,strikeout,9,4,4
2025-05-28,MIL202505280,BOS,"Story, Trevor",stort001,5,0,2B,2B,1,single,10,4,4
2025-05-28,MIL202505280,BOS,"Hamilton, David",hamid002,5,0,1B+3B,1B+3B,1,field_out,10,4,4
2025-05-28,MIL202505280,BOS,"Narvaez, Carlos",narvc002,1,1,1B,2B,0,strikeout,10,5,4
2025-05-28,MIL202505280,BOS,"Rafaela, Ceddanne",rafac001,5,2,2B,2B,1,strikeout,10,5,4
2025-05-30,ATL202505300,BOS,"Duran, Jarren",duraj001,1,0,empty,empty,1,field_out,1,0,0
2025-05-30,ATL202505300,BOS,"Devers, Rafael",dever001,1,1,empty,empty,1,single,1,0,0
2025-05-30,ATL202505300,BOS,"Abreu, Wilyer",abrew002,1,1,1B,1B,1,walk,1,0,0
2025-05-30,ATL202505300,BOS,"Narvaez, Carlos",narvc002,1,1,1B+2B,1B+2B,1,strikeout,1,0,0
2025-05-30,ATL202505300,BOS,"Mayer, Marcelo",mayem002,1,2,1B+2B,1B+2B,1,strikeout,1,0,0
2025-05-30,ATL202505300,BOS,"Toro, Abraham",toroa001,1,0,empty,empty,1,single,2,0,1
2025-05-30,ATL202505300,BOS,"Story, Trevor",stort001,1,0,1B,1B,1,strikeout,2,0,1
2025-05-30,ATL202505300,BOS,"Campbell, Kristian",campk002,1,1,1B,1B,1,strikeout,2,0,1
2025-05-30,ATL202505300,BOS,"Rafaela, Ceddanne",rafac001,1,2,1B,1B,1,field_out,2,0,1
2025-05-30,ATL202505300,BOS,"Duran, Jarren",duraj001,2,0,empty,empty,1,field_out,3,0,1
2025-05-30,ATL202505300,BOS,"Devers, Rafael",dever001,2,1,empty,empty,1,field_out,3,0,1
2025-05-30,ATL202505300,BOS,"Abreu, Wilyer",abrew002,2,2,empty,empty,1,strikeout,3,0,1
2025-05-30,ATL202505300,BOS,"Narvaez, Carlos",narvc002,2,0,empty,empty,1,strikeout,4,0,1
2025-05-30,ATL202505300,BOS,"Mayer, Marcelo",mayem002,2,1,empty,empty,1,strikeout,4,0,1
2025-05-30,ATL202505300,BOS,"Toro, Abraham",toroa001,2,2,empty,empty,1,single,4,0,1
2025-05-30,ATL202505300,BOS,"Story, Trevor",stort001,2,2,1B,1B,1,home_run,4,0,1
2025-05-30,ATL202505300,BOS,"Campbell, Kristian",campk002,2,2,empty,empty,1,field_out,4,2,1
2025-05-30,ATL202505300,BOS,"Rafaela, Ceddanne",rafac001,2,0,empty,empty,1,field_out,5,2,1
2025-05-30,ATL202505300,BOS,"Duran, Jarren",duraj001,3,1,empty,empty,1,field_out,5,2,1
2025-05-30,ATL202505300,BOS,"Devers, Rafael",dever001,3,2,empty,empty,1,strikeout,5,2,1
2025-05-30,ATL202505300,BOS,"Abreu, Wilyer",abrew002,3,0,empty,empty,1,strikeout,6,2,1
2025-05-30,ATL202505300,BOS,"Narvaez, Carlos",narvc002,3,1,empty,empty,1,double,6,2,1
2025-05-30,ATL202505300,BOS,"Mayer, Marcelo",mayem002,3,1,2B,2B,1,field_out,6,2,1
2025-05-30,ATL202505300,BOS,"Toro, Abraham",toroa001,3,2,3B,3B,1,double,6,2,1
2025-05-30,ATL202505300,BOS,"Story, Trevor",stort001,3,2,2B,2B,1,strikeout,6,3,1
2025-05-30,ATL202505300,BOS,"Campbell, Kristian",campk002,3,0,empty,empty,1,single,7,3,1
2025-05-30,ATL202505300,BOS,"Rafaela, Ceddanne",rafac001,3,0,1B,1B,1,single,7,3,1
2025-05-30,ATL202505300,BOS,"Duran, Jarren",duraj001,4,0,1B+2B,1B+2B,1,strikeout,7,3,1
2025-05-30,ATL202505300,BOS,"Devers, Rafael",dever001,4,1,1B+2B,1B+2B,1,walk,7,3,1
2025-05-30,ATL202505300,BOS,"Refsnyder, Rob",refsr001,1,1,1B+2B+3B,1B+2B+3B,1,strikeout,7,3,1
2025-05-30,ATL202505300,BOS,"Narvaez, Carlos",narvc002,4,2,1B+2B+3B,1B+2B+3B,1,field_out,7,3,1
2025-05-30,ATL202505300,BOS,"Mayer, Marcelo",mayem002,4,0,empty,empty,1,field_out,8,3,1
2025-05-30,ATL202505300,BOS,"Toro, Abraham",toroa001,4,1,empty,empty,1,strikeout,8,3,1
2025-05-30,ATL202505300,BOS,"Story, Trevor",stort001,4,2,empty,empty,1,strikeout,8,3,1
2025-05-30,ATL202505300,BOS,"Campbell, Kristian",campk002,4,0,empty,empty,1,single,9,3,1
2025-05-30,ATL202505300,BOS,"Rafaela, Ceddanne",rafac001,4,0,1B,1B,1,single,9,3,1
2025-05-30,ATL202505300,BOS,"Duran, Jarren",duraj001,5,0,1B+3B,1B+3B,1,fielders_choice,9,3,1
2025-05-30,ATL202505300,BOS,"Devers, Rafael",dever001,5,0,1B+2B+3B,1B+2B+3B,1,single,9,3,1
2025-05-30,ATL202505300,BOS,"Refsnyder, Rob",refsr001,2,1,2B,2B,1,field_out,9,5,1
2025-05-30,ATL202505300,BOS,"Narvaez, Carlos",narvc002,5,2,2B,2B,1,field_out,9,5,1
2025-05-31,ATL202505310,BOS,"Duran, Jarren",duraj001,1,0,empty,empty,1,field_out,1,0,0
2025-05-31,ATL202505310,BOS,"Devers, Rafael",dever001,1,1,empty,empty,1,field_out,1,0,0
2025-05-31,ATL202505310,BOS,"Abreu, Wilyer",abrew002,1,2,empty,empty,1,strikeout,1,0,0
2025-05-31,ATL202505310,BOS,"Narvaez, Carlos",narvc002,1,0,empty,empty,1,strikeout,2,0,1
2025-05-31,ATL202505310,BOS,"Mayer, Marcelo",mayem002,1,1,empty,empty,1,strikeout,2,0,1
2025-05-31,ATL202505310,BOS,"Toro, Abraham",toroa001,1,2,empty,empty,1,field_out,2,0,1
2025-05-31,ATL202505310,BOS,"Story, Trevor",stort001,1,0,empty,empty,1,field_out,3,0,1
2025-05-31,ATL202505310,BOS,"Campbell, Kristian",campk002,1,1,empty,empty,1,strikeout,3,0,1
2025-05-31,ATL202505310,BOS,"Rafaela, Ceddanne",rafac001,1,2,empty,empty,1,strikeout,3,0,1
2025-05-31,ATL202505310,BOS,"Duran, Jarren",duraj001,2,0,empty,empty,1,field_out,4,0,1
2025-05-31,ATL202505310,BOS,"Devers, Rafael",dever001,2,1,empty,empty,1,field_out,4,0,1
2025-05-31,ATL202505310,BOS,"Abreu, Wilyer",abrew002,2,2,empty,empty,1,single,4,0,1
2025-05-31,ATL202505310,BOS,"Narvaez, Carlos",narvc002,2,2,1B,1B,1,single,4,0,1
2025-05-31,ATL202505310,BOS,"Mayer, Marcelo",mayem002,2,2,1B+2B,1B+2B,1,strikeout,4,0,1
2025-05-31,ATL202505310,BOS,"Toro, Abraham",toroa001,2,0,empty,empty,1,single,5,0,5
2025-05-31,ATL202505310,BOS,"Story, Trevor",stort001,2,0,1B,1B,1,strikeout,5,0,5
2025-05-31,ATL202505310,BOS,"Campbell, Kristian",campk002,2,1,1B,1B,1,strikeout,5,0,5
2025-05-31,ATL202505310,BOS,"Rafaela, Ceddanne",rafac001,2,2,1B,1B,1,single,5,0,5
2025-05-31,ATL202505310,BOS,"Duran, Jarren",duraj001,3,2,1B+3B,1B+3B,1,field_out,5,0,5
2025-05-31,ATL202505310,BOS,"Devers, Rafael",dever001,3,0,empty,empty,1,strikeout,6,0,5
2025-05-31,ATL202505310,BOS,"Abreu, Wilyer",abrew002,3,1,empty,empty,1,field_out,6,0,5
2025-05-31,ATL202505310,BOS,"Narvaez, Carlos",narvc002,3,2,empty,empty,1,strikeout,6,0,5
2025-05-31,ATL202505310,BOS,"Mayer, Marcelo",mayem002,3,0,empty,empty,1,single,7,0,5
2025-05-31,ATL202505310,BOS,"Toro, Abraham",toroa001,3,0,1B,1B,1,strikeout,7,0,5
2025-05-31,ATL202505310,BOS,"Story, Trevor",stort001,3,1,1B,1B,1,strikeout,7,0,5
2025-05-31,ATL202505310,BOS,"Campbell, Kristian",campk002,3,2,1B,1B,1,strikeout,7,0,5
2025-05-31,ATL202505310,BOS,"Rafaela, Ceddanne",rafac001,3,0,empty,empty,1,field_out,8,0,5
2025-05-31,ATL202505310,BOS,"Duran, Jarren",duraj001,4,1,empty,empty,1,field_out,8,0,5
2025-05-31,ATL202505310,BOS,"Devers, Rafael",dever001,4,2,empty,empty,1,strikeout,8,0,5
2025-05-31,ATL202505310,BOS,"Abreu, Wilyer",abrew002,4,0,empty,empty,1,field_out,9,0,5
2025-05-31,ATL202505310,BOS,"Narvaez, Carlos",narvc002,4,1,empty,empty,1,field_out,9,0,5
2025-05-31,ATL202505310,BOS,"Mayer, Marcelo",mayem002,4,2,empty,empty,1,field_out,9,0,5
2025-06-01,ATL202506010,BOS,"Duran, Jarren",duraj001,1,0,empty,empty,1,field_out,1,0,0
2025-06-01,ATL202506010,BOS,"Devers, Rafael",dever001,1,1,empty,empty,1,double,1,0,0
2025-06-01,ATL202506010,BOS,"Abreu, Wilyer",abrew002,1,1,2B,2B,1,strikeout,1,0,0
2025-06-01,ATL202506010,BOS,"Toro, Abraham",toroa001,1,2,2B,2B,1,single,1,0,0
2025-06-01,ATL202506010,BOS,"Mayer, Marcelo",mayem002,1,2,1B+3B,1B+3B,1,walk,1,0,0
2025-06-01,ATL202506010,BOS,"Story, Trevor",stort001,1,2,1B+2B+3B,1B+2B+3B,1,double,1,0,0
2025-06-01,ATL202506010,BOS,"Campbell, Kristian",campk002,1,2,2B,2B,1,field_out,1,3,0
2025-06-01,ATL202506010,BOS,"Wong, Connor",wongc001,1,0,empty,empty,1,strikeout,2,3,1
2025-06-01,ATL202506010,BOS,"Rafaela, Ceddanne",rafac001,1,1,empty,empty,1,field_out,2,3,1
2025-06-01,ATL202506010,BOS,"Duran, Jarren",duraj001,2,2,empty,empty,1,field_out,2,3,1
2025-06-01,ATL202506010,BOS,"Devers, Rafael",dever001,2,0,empty,empty,1,walk,3,3,1
2025-06-01,ATL202506010,BOS,"Abreu, Wilyer",abrew002,2,0,1B,1B,1,field_out,3,3,1
2025-06-01,ATL202506010,BOS,"Toro, Abraham",toroa001,2,1,1B,1B,1,field_out,3,3,1
2025-06-01,ATL202506010,BOS,"Mayer, Marcelo",mayem002,2,2,1B,1B,1,strikeout,3,3,1
2025-06-01,ATL202506010,BOS,"Story, Trevor",stort001,2,0,empty,empty,1,walk,4,3,1
2025-06-01,ATL202506010,BOS,"Campbell, Kristian",campk002,2,0,1B,1B,1,field_out,4,3,1
2025-06-01,ATL202506010,BOS,"Wong, Connor",wongc001,2,1,1B,1B,1,field_out,4,3,1
2025-06-01,ATL202506010,BOS,"Rafaela, Ceddanne",rafac001,2,2,1B,1B,1,single,4,3,1
2025-06-01,ATL202506010,BOS,"Duran, Jarren",duraj001,3,2,1B+2B,1B+2B,1,field_out,4,3,1
2025-06-01,ATL202506010,BOS,"Devers, Rafael",dever001,3,0,empty,empty,1,field_out,5,3,1
2025-06-01,ATL202506010,BOS,"Abreu, Wilyer",abrew002,3,1,empty,empty,1,strikeout,5,3,1
2025-06-01,ATL202506010,BOS,"Toro, Abraham",toroa001,3,2,empty,empty,1,field_out,5,3,1
2025-06-01,ATL202506010,BOS,"Mayer, Marcelo",mayem002,3,0,empty,empty,1,field_out,6,3,1
2025-06-01,ATL202506010,BOS,"Story, Trevor",stort001,3,1,empty,empty,1,single,6,3,1
2025-06-01,ATL202506010,BOS,"Campbell, Kristian",campk002,3,1,1B,1B,1,single,6,3,1
2025-06-01,ATL202506010,BOS,"Wong, Connor",wongc001,3,1,1B+2B,1B+2B,1,field_out,6,3,1
2025-06-01,ATL202506010,BOS,"Rafaela, Ceddanne",rafac001,3,2,1B+2B,1B+2B,1,strikeout,6,3,1
2025-06-01,ATL202506010,BOS,"Duran, Jarren",duraj001,4,0,empty,empty,1,field_out,7,3,1
2025-06-01,ATL202506010,BOS,"Devers, Rafael",dever001,4,1,empty,empty,1,strikeout,7,3,1
2025-06-01,ATL202506010,BOS,"Abreu, Wilyer",abrew002,4,2,empty,empty,1,strikeout,7,3,1
2025-06-01,ATL202506010,BOS,"Toro, Abraham",toroa001,4,0,empty,empty,1,single,8,3,1
2025-06-01,ATL202506010,BOS,"Mayer, Marcelo",mayem002,4,0,1B,1B,1,strikeout,8,3,1
2025-06-01,ATL202506010,BOS,"Story, Trevor",stort001,4,1,1B,1B,1,strikeout,8,3,1
2025-06-01,ATL202506010,BOS,"Campbell, Kristian",campk002,4,2,1B,1B,1,strikeout,8,3,1
2025-06-01,ATL202506010,BOS,"Wong, Connor",wongc001,4,0,empty,empty,1,field_out,9,3,1
2025-06-01,ATL202506010,BOS,"Rafaela, Ceddanne",rafac001,4,1,empty,empty,1,strikeout,9,3,1
2025-06-01,ATL202506010,BOS,"Duran, Jarren",duraj001,5,2,empty,empty,1,strikeout,9,3,1
2025-06-02,BOS202506020,BOS,"Duran, Jarren",duraj001,1,0,empty,empty,1,field_out,1,0,6
2025-06-02,BOS202506020,BOS,"Devers, Rafael",dever001,1,1,empty,empty,1,field_out,1,0,6
2025-06-02,BOS202506020,BOS,"Refsnyder, Rob",refsr001,1,2,empty,empty,1,strikeout,1,0,6
2025-06-02,BOS202506020,BOS,"Narvaez, Carlos",narvc002,1,0,empty,empty,1,field_out,2,0,6
2025-06-02,BOS202506020,BOS,"Gonzalez, Romy",gonzr003,1,1,empty,empty,1,single,2,0,6
2025-06-02,BOS202506020,BOS,"Toro, Abraham",toroa001,1,1,1B,1B,1,single,2,0,6
2025-06-02,BOS202506020,BOS,"Story, Trevor",stort001,1,1,1B+2B,1B+2B,1,field_out,2,0,6
2025-06-02,BOS202506020,BOS,"Rafaela, Ceddanne",rafac001,1,2,1B+3B,1B+3B,1,field_out,2,0,6
2025-06-02,BOS202506020,BOS,"Campbell, Kristian",campk002,1,0,empty,empty,1,field_out,3,0,6
2025-06-02,BOS202506020,BOS,"Duran, Jarren",duraj001,2,1,empty,empty,1,double,3,0,6
2025-06-02,BOS202506020,BOS,"Devers, Rafael",dever001,2,1,2B,2B,1,double,3,0,6
2025-06-02,BOS202506020,BOS,"Refsnyder, Rob",refsr001,2,1,2B,2B,1,strikeout,3,1,6
2025-06-02,BOS202506020,BOS,"Narvaez, Carlos",narvc002,2,2,2B,2B,1,walk,3,1,6
2025-06-02,BOS202506020,BOS,"Gonzalez, Romy",gonzr003,2,2,1B+2B,1B+2B,1,strikeout,3,1,6
2025-06-02,BOS202506020,BOS,"Toro, Abraham",toroa001,2,0,empty,empty,1,strikeout,4,1,6
2025-06-02,BOS202506020,BOS,"Story, Trevor",stort001,2,1,empty,empty,1,field_out,4,1,6
2025-06-02,BOS202506020,BOS,"Rafaela, Ceddanne",rafac001,2,2,empty,empty,1,field_out,4,1,6
2025-06-02,BOS202506020,BOS,"Campbell, Kristian",campk002,2,0,empty,empty,1,strikeout,5,1,6
2025-06-02,BOS202506020,BOS,"Duran, Jarren",duraj001,3,1,empty,empty,1,double,5,1,6
2025-06-02,BOS202506020,BOS,"Devers, Rafael",dever001,3,1,2B,2B,1,walk,5,1,6
2025-06-02,BOS202506020,BOS,"Refsnyder, Rob",refsr001,3,1,1B+2B,1B+3B,0,single,5,1,6
2025-06-02,BOS202506020,BOS,"Narvaez, Carlos",narvc002,3,1,1B+2B,1B+2B,1,double,5,2,6
2025-06-02,BOS202506020,BOS,"Gonzalez, Romy",gonzr003,3,1,2B+3B,2B+3B,1,double,5,3,6
2025-06-02,BOS202506020,BOS,"Toro, Abraham",toroa001,3,1,2B,2B,1,field_out,5,5,6
2025-06-02,BOS202506020,BOS,"Story, Trevor",stort001,3,2,3B,3B,1,strikeout,5,5,6
2025-06-02,BOS202506020,BOS,"Rafaela, Ceddanne",rafac001,3,0,empty,empty,1,single,6,5,7
2025-06-02,BOS202506020,BOS,"Campbell, Kristian",campk002,3,0,1B,1B,1,field_out,6,5,7
2025-06-02,BOS202506020,BOS,"Duran, Jarren",duraj001,4,1,1B,1B,1,single,6,5,7
2025-06-02,BOS202506020,BOS,"Devers, Rafael",dever001,4,1,1B+2B,1B+2B,1,field_out,6,5,7
2025-06-02,BOS202506020,BOS,"Refsnyder, Rob",refsr001,4,2,1B+2B,1B+2B,1,walk,6,5,7
2025-06-02,BOS202506020,BOS,"Narvaez, Carlos",narvc002,4,2,1B+2B+3B,1B+2B+3B,1,field_out,6,5,7
2025-06-02,BOS202506020,BOS,"Gonzalez, Romy",gonzr003,4,0,empty,empty,1,field_out,7,5,7
2025-06-02,BOS202506020,BOS,"Toro, Abraham",toroa001,4,1,empty,empty,1,strikeout,7,5,7
2025-06-02,BOS202506020,BOS,"Story, Trevor",stort001,4,2,empty,empty,1,strikeout,7,5,7
2025-06-02,BOS202506020,BOS,"Rafaela, Ceddanne",rafac001,4,0,empty,empty,1,home_run,8,5,7
2025-06-02,BOS202506020,BOS,"Campbell, Kristian",campk002,4,0,empty,empty,1,field_out,8,6,7
2025-06-02,BOS202506020,BOS,"Duran, Jarren",duraj001,5,1,empty,empty,1,strikeout,8,6,7
2025-06-02,BOS202506020,BOS,"Devers, Rafael",dever001,5,2,empty,empty,1,field_out,8,6,7
2025-06-02,BOS202506020,BOS,"Abreu, Wilyer",abrew002,1,0,empty,empty,1,strikeout,9,6,7
2025-06-02,BOS202506020,BOS,"Narvaez, Carlos",narvc002,5,1,empty,empty,1,field_out,9,6,7
2025-06-02,BOS202506020,BOS,"Gonzalez, Romy",gonzr003,5,2,empty,empty,1,field_out,9,6,7
2025-06-03,BOS202506030,BOS,"Duran, Jarren",duraj001,1,0,empty,empty,1,field_out,1,0,0
2025-06-03,BOS202506030,BOS,"Devers, Rafael",dever001,1,1,empty,empty,1,single,1,0,0
2025-06-03,BOS202506030,BOS,"Refsnyder, Rob",refsr001,1,1,1B,1B,1,grounded_into_double_play,1,0,0
2025-06-03,BOS202506030,BOS,"Gonzalez, Romy",gonzr003,1,0,empty,empty,1,strikeout,2,0,0
2025-06-03,BOS202506030,BOS,"Toro, Abraham",toroa001,1,1,empty,empty,1,walk,2,0,0
2025-06-03,BOS202506030,BOS,"Story, Trevor",stort001,1,1,1B,1B,1,strikeout,2,0,0
2025-06-03,BOS202506030,BOS,"Rafaela, Ceddanne",rafac001,1,2,1B,1B,1,double,2,0,0
2025-06-03,BOS202506030,BOS,"Wong, Connor",wongc001,1,0,empty,empty,1,single,3,0,3
2025-06-03,BOS202506030,BOS,"Campbell, Kristian",campk002,1,0,1B,1B,1,double,3,0,3
2025-06-03,BOS202506030,BOS,"Duran, Jarren",duraj001,2,0,2B+3B,2B+3B,1,double,3,0,3
2025-06-03,BOS202506030,BOS,"Devers, Rafael",dever001,2,0,2B+3B,2B+3B,1,strikeout,3,1,3
2025-06-03,BOS202506030,BOS,"Refsnyder, Rob",refsr001,2,1,2B+3B,2B+3B,1,walk,3,1,3
2025-06-03,BOS202506030,BOS,"Gonzalez, Romy",gonzr003,2,1,1B+2B+3B,1B+2B+3B,1,strikeout,3,1,3
2025-06-03,BOS202506030,BOS,"Toro, Abraham",toroa001,2,2,1B+2B+3B,1B+2B+3B,1,field_out,3,1,3
2025-06-03,BOS202506030,BOS,"Story, Trevor",stort001,2,0,empty,empty,1,field_out,4,1,3
2025-06-03,BOS202506030,BOS,"Rafaela, Ceddanne",rafac001,2,1,empty,empty,1,single,4,1,3
2025-06-03,BOS202506030,BOS,"Wong, Connor",wongc001,2,1,1B,1B,1,walk,4,1,3
2025-06-03,BOS202506030,BOS,"Campbell, Kristian",campk002,2,1,1B+2B,1B+2B,1,field_out,4,1,3
2025-06-03,BOS202506030,BOS,"Duran, Jarren",duraj001,3,2,1B+2B,1B+2B,1,strikeout,4,1,3
2025-06-03,BOS202506030,BOS,"Devers, Rafael",dever001,3,0,empty,empty,1,field_out,5,1,3
2025-06-03,BOS202506030,BOS,"Refsnyder, Rob",refsr001,3,1,empty,empty,1,single,5,1,3
2025-06-03,BOS202506030,BOS,"Gonzalez, Romy",gonzr003,3,1,1B,1B,1,field_out,5,1,3
2025-06-03,BOS202506030,BOS,"Toro, Abraham",toroa001,3,2,1B,1B,1,field_out,5,1,3
2025-06-03,BOS202506030,BOS,"Story, Trevor",stort001,3,0,empty,empty,1,walk,6,1,3
2025-06-03,BOS202506030,BOS,"Rafaela, Ceddanne",rafac001,3,0,1B,1B,1,home_run,6,1,3
2025-06-03,BOS202506030,BOS,"Wong, Connor",wongc001,3,0,empty,empty,1,walk,6,3,3
2025-06-03,BOS202506030,BOS,"Campbell, Kristian",campk002,3,0,1B,1B,1,grounded_into_double_play,6,3,3
2025-06-03,BOS202506030,BOS,"Duran, Jarren",duraj001,4,2,empty,empty,1,double,6,3,3
2025-06-03,BOS202506030,BOS,"Devers, Rafael",dever001,4,2,2B,2B,1,field_out,6,3,3
2025-06-03,BOS202506030,BOS,"Abreu, Wilyer",abrew002,1,0,empty,empty,1,strikeout,7,3,3
2025-06-03,BOS202506030,BOS,"Gonzalez, Romy",gonzr003,4,1,empty,empty,1,strikeout,7,3,3
2025-06-03,BOS202506030,BOS,"Toro, Abraham",toroa001,4,2,empty,empty,1,field_out,7,3,3
2025-06-03,BOS202506030,BOS,"Story, Trevor",stort001,4,0,empty,empty,1,single,8,3,3
2025-06-03,BOS202506030,BOS,"Rafaela, Ceddanne",rafac001,4,0,1B,1B,1,field_out,8,3,3
2025-06-03,BOS202506030,BOS,"Wong, Connor",wongc001,4,1,1B,1B,1,grounded_into_double_play,8,3,3
2025-06-03,BOS202506030,BOS,"Campbell, Kristian",campk002,4,0,empty,empty,1,walk,9,3,3
2025-06-03,BOS202506030,BOS,"Duran, Jarren",duraj001,5,0,1B,2B,0,field_out,9,3,3
2025-06-03,BOS202506030,BOS,"Devers, Rafael",dever001,5,1,2B,2B,1,intent_walk,9,3,3
2025-06-03,BOS202506030,BOS,"Abreu, Wilyer",abrew002,2,1,1B+2B,1B+2B,1,strikeout,9,3,3
2025-06-03,BOS202506030,BOS,"Gonzalez, Romy",gonzr003,5,2,1B+2B,1B+3B,0,field_out,9,3,3
2025-06-03,BOS202506030,BOS,"Narvaez, Carlos",narvc002,1,0,2B,2B,1,strikeout,10,3,4
2025-06-03,BOS202506030,BOS,"Story, Trevor",stort001,5,1,2B,2B,1,strikeout,10,3,4
2025-06-03,BOS202506030,BOS,"Rafaela, Ceddanne",rafac001,5,2,2B,2B,1,field_out,10,3,4
2025-06-04,BOS202506040,BOS,"Duran, Jarren",duraj001,1,0,empty,empty,1,single,1,0,4
2025-06-04,BOS202506040,BOS,"Devers, Rafael",dever001,1,0,1B,1B,1,walk,1,0,4
2025-06-04,BOS202506040,BOS,"Abreu, Wilyer",abrew002,1,0,1B+2B,1B+2B,1,single,1,0,4
2025-06-04,BOS202506040,BOS,"Narvaez, Carlos",narvc002,1,0,1B+2B,1B+2B,1,single,1,1,4
2025-06-04,BOS202506040,BOS,"Mayer, Marcelo",mayem002,1,0,1B+2B+3B,1B+2B+3B,1,walk,1,1,4
2025-06-04,BOS202506040,BOS,"Toro, Abraham",toroa001,1,0,1B+2B+3B,1B+2B+3B,1,single,1,2,4
2025-06-04,BOS202506040,BOS,"Rafaela, Ceddanne",rafac001,1,0,1B+2B+3B,1B+2B+3B,1,strikeout,1,3,4
2025-06-04,BOS202506040,BOS,"Hamilton, David",hamid002,1,1,1B+2B+3B,1B+2B+3B,1,double,1,3,4
2025-06-04,BOS202506040,BOS,"Campbell, Kristian",campk002,1,1,2B+3B,2B+3B,1,field_out,1,5,4
2025-06-04,BOS202506040,BOS,"Duran, Jarren",duraj001,2,2,2B+3B,2B+3B,1,field_out,1,5,4
2025-06-04,BOS202506040,BOS,"Devers, Rafael",dever001,2,0,empty,empty,1,field_out,2,5,7
2025-06-04,BOS202506040,BOS,"Abreu, Wilyer",abrew002,2,1,empty,empty,1,single,2,5,7
2025-06-04,BOS202506040,BOS,"Narvaez, Carlos",narvc002,2,1,1B,1B,1,grounded_into_double_play,2,5,7
2025-06-04,BOS202506040,BOS,"Mayer, Marcelo",mayem002,2,0,empty,empty,1,field_out,3,5,7
2025-06-04,BOS202506040,BOS,"Toro, Abraham",toroa001,2,1,empty,empty,1,field_out,3,5,7
2025-06-04,BOS202506040,BOS,"Rafaela, Ceddanne",rafac001,2,2,empty,empty,1,strikeout,3,5,7
2025-06-04,BOS202506040,BOS,"Hamilton, David",hamid002,2,0,empty,empty,1,single,4,5,7
2025-06-04,BOS202506040,BOS,"Campbell, Kristian",campk002,2,0,1B,1B,1,hit_by_pitch,4,5,7
2025-06-04,BOS202506040,BOS,"Duran, Jarren",duraj001,3,0,1B+2B,1B+2B,1,walk,4,5,7
2025-06-04,BOS202506040,BOS,"Devers, Rafael",dever001,3,0,1B+2B+3B,1B+2B+3B,1,strikeout,4,5,7
2025-06-04,BOS202506040,BOS,"Abreu, Wilyer",abrew002,3,1,1B+2B+3B,1B+2B+3B,1,sac_fly,4,5,7
2025-06-04,BOS202506040,BOS,"Narvaez, Carlos",narvc002,3,2,1B+2B,1B+2B,1,single,4,6,7
2025-06-04,BOS202506040,BOS,"Mayer, Marcelo",mayem002,3,2,1B+3B,1B+3B,1,field_out,4,7,7
2025-06-04,BOS202506040,BOS,"Toro, Abraham",toroa001,3,0,empty,empty,1,field_out,5,7,8
2025-06-04,BOS202506040,BOS,"Rafaela, Ceddanne",rafac001,3,1,empty,empty,1,field_out,5,7,8
2025-06-04,BOS202506040,BOS,"Hamilton, David",hamid002,3,2,empty,empty,1,field_out,5,7,8
2025-06-04,BOS202506040,BOS,"Campbell, Kristian",campk002,3,0,empty,empty,1,hit_by_pitch,6,7,8
2025-06-04,BOS202506040,BOS,"Duran, Jarren",duraj001,4,0,1B,1B,1,grounded_into_double_play,6,7,8
2025-06-04,BOS202506040,BOS,"Devers, Rafael",dever001,4,2,empty,empty,1,field_out,6,7,8
2025-06-04,BOS202506040,BOS,"Refsnyder, Rob",refsr001,1,0,empty,empty,1,strikeout,7,7,8
2025-06-04,BOS202506040,BOS,"Narvaez, Carlos",narvc002,4,1,empty,empty,1,walk,7,7,8
2025-06-04,BOS202506040,BOS,"Gonzalez, Romy",gonzr003,1,1,1B,1B,1,single,7,7,8
2025-06-04,BOS202506040,BOS,"Toro, Abraham",toroa001,4,1,2B+3B,2B+3B,1,sac_fly,7,7,8
2025-06-04,BOS202506040,BOS,"Rafaela, Ceddanne",rafac001,4,2,2B,2B,1,field_out,7,8,8
2025-06-04,BOS202506040,BOS,"Story, Trevor",stort001,1,0,empty,empty,1,field_error,8,8,9
2025-06-04,BOS202506040,BOS,"Campbell, Kristian",campk002,4,0,1B,1B,1,strikeout,8,8,9
2025-06-04,BOS202506040,BOS,"Duran, Jarren",duraj001,5,1,1B,1B,1,walk,8,8,9
2025-06-04,BOS202506040,BOS,"Devers, Rafael",dever001,5,1,1B+2B,1B+2B,1,single,8,8,9
2025-06-04,BOS202506040,BOS,"Refsnyder, Rob",refsr001,2,1,1B+3B,1B+3B,1,field_out,8,9,9
2025-06-04,BOS202506040,BOS,"Narvaez, Carlos",narvc002,5,2,1B+3B,1B+3B,1,strikeout,8,9,9
2025-06-04,BOS202506040,BOS,"Gonzalez, Romy",gonzr003,2,0,empty,empty,1,field_out,9,9,9
2025-06-04,BOS202506040,BOS,"Toro, Abraham",toroa001,5,1,empty,empty,1,single,9,9,9
2025-06-04,BOS202506040,BOS,"Rafaela, Ceddanne",rafac001,5,1,1B,1B,1,home_run,9,9,9
2025-06-06,NYA202506060,BOS,"Duran, Jarren",duraj001,1,0,empty,empty,1,strikeout,1,0,0
2025-06-06,NYA202506060,BOS,"Devers, Rafael",dever001,1,1,empty,empty,1,field_out,1,0,0
2025-06-06,NYA202506060,BOS,"Abreu, Wilyer",abrew002,1,2,empty,empty,1,strikeout,1,0,0
2025-06-06,NYA202506060,BOS,"Narvaez, Carlos",narvc002,1,0,empty,empty,1,field_out,2,0,5
2025-06-06,NYA202506060,BOS,"Toro, Abraham",toroa001,1,1,empty,empty,1,single,2,0,5
2025-06-06,NYA202506060,BOS,"Mayer, Marcelo",mayem002,1,1,1B,1B,1,field_out,2,0,5
2025-06-06,NYA202506060,BOS,"Story, Trevor",stort001,1,2,1B,1B,1,strikeout,2,0,5
2025-06-06,NYA202506060,BOS,"Hamilton, David",hamid002,1,0,empty,empty,1,strikeout,3,0,7
2025-06-06,NYA202506060,BOS,"Rafaela, Ceddanne",rafac001,1,1,empty,empty,1,field_out,3,0,7
2025-06-06,NYA202506060,BOS,"Duran, Jarren",duraj001,2,2,empty,empty,1,strikeout,3,0,7
2025-06-06,NYA202506060,BOS,"Devers, Rafael",dever001,2,0,empty,empty,1,field_out,4,0,7
2025-06-06,NYA202506060,BOS,"Abreu, Wilyer",abrew002,2,1,empty,empty,1,field_out,4,0,7
2025-06-06,NYA202506060,BOS,"Narvaez, Carlos",narvc002,2,2,empty,empty,1,walk,4,0,7
2025-06-06,NYA202506060,BOS,"Toro, Abraham",toroa001,2,2,1B,1B,1,field_out,4,0,7
2025-06-06,NYA202506060,BOS,"Mayer, Marcelo",mayem002,2,0,empty,empty,1,home_run,5,0,7
2025-06-06,NYA202506060,BOS,"Story, Trevor",stort001,2,0,empty,empty,1,field_out,5,1,7
2025-06-06,NYA202506060,BOS,"Hamilton, David",hamid002,2,1,empty,empty,1,strikeout,5,1,7
2025-06-06,NYA202506060,BOS,"Rafaela, Ceddanne",rafac001,2,2,empty,empty,1,field_out,5,1,7
2025-06-06,NYA202506060,BOS,"Duran, Jarren",duraj001,3,0,empty,empty,1,triple,6,1,8
2025-06-06,NYA202506060,BOS,"Devers, Rafael",dever001,3,0,3B,3B,1,walk,6,1,8
2025-06-06,NYA202506060,BOS,"Abreu, Wilyer",abrew002,3,0,1B+3B,1B+3B,1,sac_fly,6,1,8
2025-06-06,NYA202506060,BOS,"Narvaez, Carlos",narvc002,3,1,1B,1B,1,walk,6,2,8
2025-06-06,NYA202506060,BOS,"Toro, Abraham",toroa001,3,1,1B+2B,1B+2B,1,walk,6,2,8
2025-06-06,NYA202506060,BOS,"Gonzalez, Romy",gonzr003,1,1,1B+2B+3B,1B+2B+3B,1,single,6,2,8
2025-06-06,NYA202506060,BOS,"Story, Trevor",stort001,3,1,2B+3B,2B+3B,1,strikeout,6,4,8
2025-06-06,NYA202506060,BOS,"Refsnyder, Rob",refsr001,1,2,2B+3B,2B+3B,1,strikeout,6,4,8
2025-06-06,NYA202506060,BOS,"Rafaela, Ceddanne",rafac001,3,0,empty,empty,1,strikeout,7,4,9
2025-06-06,NYA202506060,BOS,"Duran, Jarren",duraj001,4,1,empty,empty,1,hit_by_pitch,7,4,9
2025-06-06,NYA202506060,BOS,"Devers, Rafael",dever001,4,1,1B,1B,1,home_run,7,4,9
2025-06-06,NYA202506060,BOS,"Campbell, Kristian",campk002,1,1,empty,empty,1,strikeout,7,6,9
2025-06-06,NYA202506060,BOS,"Narvaez, Carlos",narvc002,4,2,empty,empty,1,strikeout,7,6,9
2025-06-06,NYA202506060,BOS,"Toro, Abraham",toroa001,4,0,empty,empty,1,double,8,6,9
2025-06-06,NYA202506060,BOS,"Gonzalez, Romy",gonzr003,2,0,2B,2B,1,field_out,8,6,9
2025-06-06,NYA202506060,BOS,"Story, Trevor",stort001,4,1,2B,2B,1,field_out,8,6,9
2025-06-06,NYA202506060,BOS,"Refsnyder, Rob",refsr001,2,2,2B,2B,1,field_out,8,6,9
2025-06-06,NYA202506060,BOS,"Rafaela, Ceddanne",rafac001,4,0,empty,empty,1,field_out,9,6,9
2025-06-06,NYA202506060,BOS,"Duran, Jarren",duraj001,5,1,empty,empty,1,hit_by_pitch,9,6,9
2025-06-06,NYA202506060,BOS,"Devers, Rafael",dever001,5,1,1B,1B,1,field_out,9,6,9
2025-06-06,NYA202506060,BOS,"Campbell, Kristian",campk002,2,2,1B,2B,0,strikeout,9,6,9
2025-06-07,NYA202506070,BOS,"Duran, Jarren",duraj001,1,0,empty,empty,1,strikeout,1,0,0
2025-06-07,NYA202506070,BOS,"Devers, Rafael",dever001,1,1,empty,empty,1,double,1,0,0
2025-06-07,NYA202506070,BOS,"Refsnyder, Rob",refsr001,1,1,2B,2B,1,field_out,1,0,0
2025-06-07,NYA202506070,BOS,"Narvaez, Carlos",narvc002,1,2,2B,2B,1,field_out,1,0,0
2025-06-07,NYA202506070,BOS,"Gonzalez, Romy",gonzr003,1,0,empty,empty,1,double,2,0,0
2025-06-07,NYA202506070,BOS,"Toro, Abraham",toroa001,1,0,2B,2B,1,field_out,2,0,0
2025-06-07,NYA202506070,BOS,"Story, Trevor",stort001,1,1,2B,2B,1,field_out,2,0,0
2025-06-07,NYA202506070,BOS,"Rafaela, Ceddanne",rafac001,1,2,3B,3B,1,walk,2,0,0
2025-06-07,NYA202506070,BOS,"Campbell, Kristian",campk002,1,2,1B+3B,1B+3B,1,single,2,0,0
2025-06-07,NYA202506070,BOS,"Duran, Jarren",duraj001,2,2,1B+2B,1B+2B,1,field_out,2,1,0
2025-06-07,NYA202506070,BOS,"Devers, Rafael",dever001,2,0,empty,empty,1,hit_by_pitch,3,1,3
2025-06-07,NYA202506070,BOS,"Refsnyder, Rob",refsr001,2,0,1B,1B,1,double,3,1,3
2025-06-07,NYA202506070,BOS,"Narvaez, Carlos",narvc002,2,0,2B+3B,2B+3B,1,fielders_choice_out,3,1,3
2025-06-07,NYA202506070,BOS,"Gonzalez, Romy",gonzr003,2,1,1B+2B,1B+2B,1,single,3,1,3
2025-06-07,NYA202506070,BOS,"Toro, Abraham",toroa001,2,1,1B+2B+3B,1B+2B+3B,1,single,3,1,3
2025-06-07,NYA202506070,BOS,"Story, Trevor",stort001,2,1,1B+2B+3B,1B+2B+3B,1,double,3,2,3
2025-06-07,NYA202506070,BOS,"Rafaela, Ceddanne",rafac001,2,1,2B,2B,1,field_out,3,5,3
2025-06-07,NYA202506070,BOS,"Campbell, Kristian",campk002,2,2,3B,3B,1,single,3,5,3
2025-06-07,NYA202506070,BOS,"Duran, Jarren",duraj001,3,2,1B,1B,1,strikeout,3,6,3
2025-06-07,NYA202506070,BOS,"Devers, Rafael",dever001,3,0,empty,empty,1,field_out,4,6,3
2025-06-07,NYA202506070,BOS,"Refsnyder, Rob",refsr001,3,1,empty,empty,1,walk,4,6,3
2025-06-07,NYA202506070,BOS,"Narvaez, Carlos",narvc002,3,1,1B,1B,1,strikeout,4,6,3
2025-06-07,NYA202506070,BOS,"Gonzalez, Romy",gonzr003,3,2,1B,1B,1,home_run,4,6,3
2025-06-07,NYA202506070,BOS,"Toro, Abraham",toroa001,3,2,empty,empty,1,field_out,4,8,3
2025-06-07,NYA202506070,BOS,"Story, Trevor",stort001,3,0,empty,empty,1,field_out,5,8,5
2025-06-07,NYA202506070,BOS,"Rafaela, Ceddanne",rafac001,3,1,empty,empty,1,walk,5,8,5
2025-06-07,NYA202506070,BOS,"Campbell, Kristian",campk002,3,1,1B,2B,0,strikeout,5,8,5
2025-06-07,NYA202506070,BOS,"Duran, Jarren",duraj001,4,2,2B,2B,1,walk,5,8,5
2025-06-07,NYA202506070,BOS,"Devers, Rafael",dever001,4,2,1B+2B,1B+2B,1,field_out,5,8,5
2025-06-07,NYA202506070,BOS,"Refsnyder, Rob",refsr001,4,0,empty,empty,1,field_out,6,8,5
2025-06-07,NYA202506070,BOS,"Narvaez, Carlos",narvc002,4,1,empty,empty,1,strikeout,6,8,5
2025-06-07,NYA202506070,BOS,"Gonzalez, Romy",gonzr003,4,2,empty,empty,1,field_out,6,8,5
2025-06-07,NYA202506070,BOS,"Toro, Abraham",toroa001,4,0,empty,empty,1,field_out,7,8,5
2025-06-07,NYA202506070,BOS,"Story, Trevor",stort001,4,1,empty,empty,1,single,7,8,5
2025-06-07,NYA202506070,BOS,"Rafaela, Ceddanne",rafac001,4,1,1B,1B,1,grounded_into_double_play,7,8,5
2025-06-07,NYA202506070,BOS,"Hamilton, David",hamid002,1,0,empty,empty,1,strikeout,8,8,5
2025-06-07,NYA202506070,BOS,"Duran, Jarren",duraj001,5,1,empty,empty,1,single,8,8,5
2025-06-07,NYA202506070,BOS,"Devers, Rafael",dever001,5,1,1B,1B,1,strikeout,8,8,5
2025-06-07,NYA202506070,BOS,"Abreu, Wilyer",abrew002,1,2,1B,1B,1,strikeout,8,8,5
2025-06-07,NYA202506070,BOS,"Narvaez, Carlos",narvc002,5,0,empty,empty,1,walk,9,8,7
2025-06-07,NYA202506070,BOS,"Mayer, Marcelo",mayem002,1,0,1B,1B,1,single,9,8,7
2025-06-07,NYA202506070,BOS,"Toro, Abraham",toroa001,5,0,1B+2B,1B+2B,1,single,9,8,7
2025-06-07,NYA202506070,BOS,"Story, Trevor",stort001,5,0,1B+2B+3B,1B+2B+3B,1,single,9,8,7
2025-06-07,NYA202506070,BOS,"Rafaela, Ceddanne",rafac001,5,0,1B+2B,1B+2B,1,field_out,9,10,7
2025-06-07,NYA202506070,BOS,"Hamilton, David",hamid002,2,1,1B+3B,1B+3B,1,grounded_into_double_play,9,10,7
2025-06-08,NYA202506080,BOS,"Duran, Jarren",duraj001,1,0,empty,empty,1,field_out,1,0,0
2025-06-08,NYA202506080,BOS,"Devers, Rafael",dever001,1,1,empty,empty,1,field_out,1,0,0
2025-06-08,NYA202506080,BOS,"Refsnyder, Rob",refsr001,1,2,empty,empty,1,strikeout,1,0,0
2025-06-08,NYA202506080,BOS,"Narvaez, Carlos",narvc002,1,0,empty,empty,1,strikeout,2,0,2
2025-06-08,NYA202506080,BOS,"Gonzalez, Romy",gonzr003,1,1,empty,empty,1,field_out,2,0,2
2025-06-08,NYA202506080,BOS,"Toro, Abraham",toroa001,1,2,empty,empty,1,field_out,2,0,2
2025-06-08,NYA202506080,BOS,"Story, Trevor",stort001,1,0,empty,empty,1,field_out,3,0,2
2025-06-08,NYA202506080,BOS,"Rafaela, Ceddanne",rafac001,1,1,empty,empty,1,single,3,0,2
2025-06-08,NYA202506080,BOS,"Campbell, Kristian",campk002,1,1,2B,2B,1,field_out,3,0,2
2025-06-08,NYA202506080,BOS,"Duran, Jarren",duraj001,2,2,3B,3B,1,strikeout,3,0,2
2025-06-08,NYA202506080,BOS,"Devers, Rafael",dever001,2,0,empty,empty,1,strikeout,4,0,2
2025-06-08,NYA202506080,BOS,"Refsnyder, Rob",refsr001,2,1,empty,empty,1,field_out,4,0,2
2025-06-08,NYA202506080,BOS,"Narvaez, Carlos",narvc002,2,2,empty,empty,1,walk,4,0,2
2025-06-08,NYA202506080,BOS,"Gonzalez, Romy",gonzr003,2,2,1B,1B,1,field_out,4,0,2
2025-06-08,NYA202506080,BOS,"Toro, Abraham",toroa001,2,0,empty,empty,1,field_out,5,0,2
2025-06-08,NYA202506080,BOS,"Story, Trevor",stort001,2,1,empty,empty,1,field_out,5,0,2
2025-06-08,NYA202506080,BOS,"Rafaela, Ceddanne",rafac001,2,2,empty,empty,1,walk,5,0,2
2025-06-08,NYA202506080,BOS,"Campbell, Kristian",campk002,2,2,1B,1B,1,home_run,5,0,2
2025-06-08,NYA202506080,BOS,"Duran, Jarren",duraj001,3,2,empty,empty,1,strikeout,5,2,2
2025-06-08,NYA202506080,BOS,"Devers, Rafael",dever001,3,0,empty,empty,1,hit_by_pitch,6,2,3
2025-06-08,NYA202506080,BOS,"Refsnyder, Rob",refsr001,3,0,1B,1B,1,walk,6,2,3
2025-06-08,NYA202506080,BOS,"Narvaez, Carlos",narvc002,3,0,1B+2B,1B+2B,1,home_run,6,2,3
2025-06-08,NYA202506080,BOS,"Gonzalez, Romy",gonzr003,3,0,empty,empty,1,strikeout,6,5,3
2025-06-08,NYA202506080,BOS,"Toro, Abraham",toroa001,3,1,empty,empty,1,double,6,5,3
2025-06-08,NYA202506080,BOS,"Story, Trevor",stort001,3,1,2B,2B,1,single,6,5,3
2025-06-08,NYA202506080,BOS,"Rafaela, Ceddanne",rafac001,3,1,1B+3B,1B+3B,1,strikeout,6,5,3
2025-06-08,NYA202506080,BOS,"Campbell, Kristian",campk002,3,2,1B+3B,1B+3B,1,walk,6,5,3
2025-06-08,NYA202506080,BOS,"Duran, Jarren",duraj001,4,2,1B+2B+3B,1B+2B+3B,1,single,6,5,3
2025-06-08,NYA202506080,BOS,"Devers, Rafael",dever001,4,2,1B+2B,1B+2B,1,field_out,6,7,3
2025-06-08,NYA202506080,BOS,"Abreu, Wilyer",abrew002,1,0,empty,empty,1,field_out,7,7,5
2025-06-08,NYA202506080,BOS,"Narvaez, Carlos",narvc002,4,1,empty,empty,1,field_out,7,7,5
2025-06-08,NYA202506080,BOS,"Gonzalez, Romy",gonzr003,4,2,empty,empty,1,strikeout,7,7,5
2025-06-08,NYA202506080,BOS,"Toro, Abraham",toroa001,4,0,empty,empty,1,home_run,8,7,5
2025-06-08,NYA202506080,BOS,"Story, Trevor",stort001,4,0,empty,empty,1,home_run,8,8,5
2025-06-08,NYA202506080,BOS,"Rafaela, Ceddanne",rafac001,4,0,empty,empty,1,strikeout,8,9,5
2025-06-08,NYA202506080,BOS,"Campbell, Kristian",campk002,4,1,empty,empty,1,single,8,9,5
2025-06-08,NYA202506080,BOS,"Duran, Jarren",duraj001,5,2,1B,empty,0,field_out,8,9,5
2025-06-08,NYA202506080,BOS,"Devers, Rafael",dever001,5,0,empty,empty,1,home_run,9,9,5
2025-06-08,NYA202506080,BOS,"Abreu, Wilyer",abrew002,2,0,empty,empty,1,field_out,9,10,5
2025-06-08,NYA202506080,BOS,"Narvaez, Carlos",narvc002,5,1,empty,empty,1,single,9,10,5
2025-06-08,NYA202506080,BOS,"Mayer, Marcelo",mayem002,1,1,1B,1B,1,field_out,9,10,5
2025-06-08,NYA202506080,BOS,"Toro, Abraham",toroa001,5,2,1B,1B,1,double,9,10,5
2025-06-08,NYA202506080,BOS,"Story, Trevor",stort001,5,2,2B,2B,1,walk,9,11,5
2025-06-08,NYA202506080,BOS,"Rafaela, Ceddanne",rafac001,5,2,1B+2B,1B+2B,1,field_out,9,11,5
2025-06-09,BOS202506090,BOS,"Duran, Jarren",duraj001,1,0,empty,empty,1,strikeout,1,0,0
2025-06-09,BOS202506090,BOS,"Devers, Rafael",dever001,1,1,empty,empty,1,strikeout,1,0,0
2025-06-09,BOS202506090,BOS,"Toro, Abraham",toroa001,1,2,empty,empty,1,strikeout,1,0,0
2025-06-09,BOS202506090,BOS,"Story, Trevor",stort001,1,0,empty,empty,1,single,2,0,0
2025-06-09,BOS202506090,BOS,"Anthony, Roman",anthr001,1,0,1B,1B,1,field_out,2,0,0
2025-06-09,BOS202506090,BOS,"Campbell, Kristian",campk002,1,1,1B,1B,1,field_out,2,0,0
2025-06-09,BOS202506090,BOS,"Mayer, Marcelo",mayem002,1,2,2B,2B,1,walk,2,0,0
2025-06-09,BOS202506090,BOS,"Rafaela, Ceddanne",rafac001,1,2,1B+2B,1B+2B,1,walk,2,0,0
2025-06-09,BOS202506090,BOS,"Wong, Connor",wongc001,1,2,1B+2B+3B,1B+2B+3B,1,field_out,2,0,0
2025-06-09,BOS202506090,BOS,"Duran, Jarren",duraj001,2,0,empty,empty,1,field_out,3,0,0
2025-06-09,BOS202506090,BOS,"Devers, Rafael",dever001,2,1,empty,empty,1,field_out,3,0,0
2025-06-09,BOS202506090,BOS,"Toro, Abraham",toroa001,2,2,empty,empty,1,field_out,3,0,0
2025-06-09,BOS202506090,BOS,"Story, Trevor",stort001,2,0,empty,empty,1,strikeout,4,0,1
2025-06-09,BOS202506090,BOS,"Anthony, Roman",anthr001,2,1,empty,empty,1,field_out,4,0,1
2025-06-09,BOS202506090,BOS,"Campbell, Kristian",campk002,2,2,empty,empty,1,field_out,4,0,1
2025-06-09,BOS202506090,BOS,"Mayer, Marcelo",mayem002,2,0,empty,empty,1,double,5,0,3
2025-06-09,BOS202506090,BOS,"Rafaela, Ceddanne",rafac001,2,0,2B,2B,1,single,5,0,3
2025-06-09,BOS202506090,BOS,"Wong, Connor",wongc001,2,0,1B+3B,1B+3B,1,grounded_into_double_play,5,0,3
2025-06-09,BOS202506090,BOS,"Duran, Jarren",duraj001,3,2,empty,empty,1,field_out,5,1,3
2025-06-09,BOS202506090,BOS,"Devers, Rafael",dever001,3,0,empty,empty,1,walk,6,1,3
2025-06-09,BOS202506090,BOS,"Toro, Abraham",toroa001,3,0,1B,1B,1,hit_by_pitch,6,1,3
2025-06-09,BOS202506090,BOS,"Story, Trevor",stort001,3,0,1B+2B,1B+2B,1,strikeout,6,1,3
2025-06-09,BOS202506090,BOS,"Anthony, Roman",anthr001,3,1,1B+2B,1B+2B,1,strikeout,6,1,3
2025-06-09,BOS202506090,BOS,"Campbell, Kristian",campk002,3,2,1B+2B,1B+2B,1,hit_by_pitch,6,1,3
2025-06-09,BOS202506090,BOS,"Gonzalez, Romy",gonzr003,1,2,1B+2B+3B,1B+2B+3B,1,double,6,1,3
2025-06-09,BOS202506090,BOS,"Rafaela, Ceddanne",rafac001,3,2,2B+3B,2B+3B,1,strikeout,6,3,3
2025-06-09,BOS202506090,BOS,"Wong, Connor",wongc001,3,0,empty,empty,1,walk,7,3,6
2025-06-09,BOS202506090,BOS,"Duran, Jarren",duraj001,4,0,1B,1B,1,double,7,3,6
2025-06-09,BOS202506090,BOS,"Devers, Rafael",dever001,4,0,2B+3B,2B+3B,1,strikeout,7,3,6
2025-06-09,BOS202506090,BOS,"Toro, Abraham",toroa001,4,1,2B+3B,2B+3B,1,field_out,7,3,6
2025-06-09,BOS202506090,BOS,"Story, Trevor",stort001,4,2,3B,3B,1,single,7,4,6
2025-06-09,BOS202506090,BOS,"Anthony, Roman",anthr001,4,2,1B,2B,0,walk,7,5,6
2025-06-09,BOS202506090,BOS,"Campbell, Kristian",campk002,4,2,1B+2B,1B+2B,1,strikeout,7,5,6
2025-06-09,BOS202506090,BOS,"Gonzalez, Romy",gonzr003,2,0,empty,empty,1,field_out,8,5,6
2025-06-09,BOS202506090,BOS,"Rafaela, Ceddanne",rafac001,4,1,empty,empty,1,single,8,5,6
2025-06-09,BOS202506090,BOS,"Hamilton, David",hamid002,1,1,1B,1B,1,field_out,8,5,6
2025-06-09,BOS202506090,BOS,"Duran, Jarren",duraj001,5,2,1B,2B,0,strikeout,8,5,6
2025-06-09,BOS202506090,BOS,"Devers, Rafael",dever001,5,0,empty,empty,1,walk,9,5,7
2025-06-09,BOS202506090,BOS,"Toro, Abraham",toroa001,5,0,1B,1B,1,double,9,5,7
2025-06-09,BOS202506090,BOS,"Story, Trevor",stort001,5,0,2B+3B,2B+3B,1,field_out,9,5,7
2025-06-09,BOS202506090,BOS,"Anthony, Roman",anthr001,5,1,2B+3B,2B+3B,1,field_out,9,5,7
2025-06-09,BOS202506090,BOS,"Campbell, Kristian",campk002,5,2,3B,3B,1,single,9,6,7
2025-06-09,BOS202506090,BOS,"Gonzalez, Romy",gonzr003,3,2,1B,1B,1,single,9,7,7
2025-06-09,BOS202506090,BOS,"Rafaela, Ceddanne",rafac001,5,2,1B+3B,2B+3B,0,field_out,9,7,7
2025-06-09,BOS202506090,BOS,"Narvaez, Carlos",narvc002,1,0,2B,2B,1,strikeout,10,7,8
2025-06-09,BOS202506090,BOS,"Duran, Jarren",duraj001,6,1,2B,2B,1,field_out,10,7,8
2025-06-09,BOS202506090,BOS,"Devers, Rafael",dever001,6,2,2B,2B,1,intent_walk,10,7,8
2025-06-09,BOS202506090,BOS,"Toro, Abraham",toroa001,6,2,1B+2B,1B+2B,1,field_error,10,7,8
2025-06-09,BOS202506090,BOS,"Story, Trevor",stort001,6,2,1B+3B,1B+3B,1,field_out,10,8,8
2025-06-09,BOS202506090,BOS,"Refsnyder, Rob",refsr001,1,0,2B,2B,1,walk,11,8,10
2025-06-09,BOS202506090,BOS,"Campbell, Kristian",campk002,6,0,1B+2B,1B+2B,1,field_out,11,8,10
2025-06-09,BOS202506090,BOS,"Gonzalez, Romy",gonzr003,4,1,1B+2B,1B+2B,1,strikeout,11,8,10
2025-06-09,BOS202506090,BOS,"Rafaela, Ceddanne",rafac001,6,2,1B+2B,1B+2B,1,field_out,11,8,10
2025-06-10,BOS202506100,BOS,"Duran, Jarren",duraj001,1,0,empty,empty,1,strikeout,1,0,0
2025-06-10,BOS202506100,BOS,"Devers, Rafael",dever001,1,1,empty,empty,1,single,1,0,0
2025-06-10,BOS202506100,BOS,"Toro, Abraham",toroa001,1,1,1B,1B,1,strikeout,1,0,0
2025-06-10,BOS202506100,BOS,"Narvaez, Carlos",narvc002,1,2,1B,1B,1,double,1,0,0
2025-06-10,BOS202506100,BOS,"Anthony, Roman",anthr001,1,2,2B+3B,2B+3B,1,double,1,0,0
2025-06-10,BOS202506100,BOS,"Story, Trevor",stort001,1,2,2B,2B,1,field_out,1,2,0
2025-06-10,BOS202506100,BOS,"Mayer, Marcelo",mayem002,1,0,empty,empty,1,field_out,2,2,0
2025-06-10,BOS202506100,BOS,"Campbell, Kristian",campk002,1,1,empty,empty,1,field_out,2,2,0
2025-06-10,BOS202506100,BOS,"Rafaela, Ceddanne",rafac001,1,2,empty,empty,1,strikeout,2,2,0
2025-06-10,BOS202506100,BOS,"Duran, Jarren",duraj001,2,0,empty,empty,1,walk,3,2,0
2025-06-10,BOS202506100,BOS,"Devers, Rafael",dever001,2,0,1B,1B,1,strikeout,3,2,0
2025-06-10,BOS202506100,BOS,"Toro, Abraham",toroa001,2,1,1B,3B,0,walk,3,2,0
2025-06-10,BOS202506100,BOS,"Narvaez, Carlos",narvc002,2,1,1B+3B,1B+3B,1,strikeout,3,2,0
2025-06-10,BOS202506100,BOS,"Anthony, Roman",anthr001,2,2,1B+3B,1B+3B,1,strikeout,3,2,0
2025-06-10,BOS202506100,BOS,"Story, Trevor",stort001,2,0,empty,empty,1,single,4,2,0
2025-06-10,BOS202506100,BOS,"Mayer, Marcelo",mayem002,2,0,2B,2B,1,field_out,4,2,0
2025-06-10,BOS202506100,BOS,"Campbell, Kristian",campk002,2,1,2B,2B,1,field_out,4,2,0
2025-06-10,BOS202506100,BOS,"Rafaela, Ceddanne",rafac001,2,2,2B,2B,1,strikeout,4,2,0
2025-06-10,BOS202506100,BOS,"Duran, Jarren",duraj001,3,0,empty,empty,1,strikeout,5,2,1
2025-06-10,BOS202506100,BOS,"Devers, Rafael",dever001,3,1,empty,empty,1,field_out,5,2,1
2025-06-10,BOS202506100,BOS,"Toro, Abraham",toroa001,3,2,empty,empty,1,field_out,5,2,1
2025-06-10,BOS202506100,BOS,"Narvaez, Carlos",narvc002,3,0,empty,empty,1,strikeout,6,2,1
2025-06-10,BOS202506100,BOS,"Anthony, Roman",anthr001,3,1,empty,empty,1,field_out,6,2,1
2025-06-10,BOS202506100,BOS,"Story, Trevor",stort001,3,2,empty,empty,1,home_run,6,2,1
2025-06-10,BOS202506100,BOS,"Mayer, Marcelo",mayem002,3,2,empty,empty,1,strikeout,6,3,1
2025-06-10,BOS202506100,BOS,"Campbell, Kristian",campk002,3,0,empty,empty,1,strikeout,7,3,1
2025-06-10,BOS202506100,BOS,"Rafaela, Ceddanne",rafac001,3,1,empty,empty,1,single,7,3,1
2025-06-10,BOS202506100,BOS,"Duran, Jarren",duraj001,4,1,1B,1B,1,single,7,3,1
2025-06-10,BOS202506100,BOS,"Devers, Rafael",dever001,4,1,1B+2B,1B+2B,1,strikeout,7,3,1
2025-06-10,BOS202506100,BOS,"Toro, Abraham",toroa001,4,2,1B+2B,1B+2B,1,field_out,7,3,1
2025-06-10,BOS202506100,BOS,"Narvaez, Carlos",narvc002,4,0,empty,empty,1,field_out,8,3,1
2025-06-10,BOS202506100,BOS,"Anthony, Roman",anthr001,4,1,empty,empty,1,field_out,8,3,1
2025-06-10,BOS202506100,BOS,"Story, Trevor",stort001,4,2,empty,empty,1,strikeout,8,3,1
2025-06-11,BOS202506110,BOS,"Duran, Jarren",duraj001,1,0,empty,empty,1,home_run,1,0,0
2025-06-11,BOS202506110,BOS,"Devers, Rafael",dever001,1,0,empty,empty,1,hit_by_pitch,1,1,0
2025-06-11,BOS202506110,BOS,"Toro, Abraham",toroa001,1,0,1B,1B,1,single,1,1,0
2025-06-11,BOS202506110,BOS,"Narvaez, Carlos",narvc002,1,0,1B+2B,1B+2B,1,field_out,1,1,0
2025-06-11,BOS202506110,BOS,"Anthony, Roman",anthr001,1,1,1B+3B,1B+3B,1,strikeout,1,1,0
2025-06-11,BOS202506110,BOS,"Story, Trevor",stort001,1,2,1B+3B,1B+3B,1,field_out,1,1,0
2025-06-11,BOS202506110,BOS,"Mayer, Marcelo",mayem002,1,0,empty,empty,1,home_run,2,1,1
2025-06-11,BOS202506110,BOS,"Campbell, Kristian",campk002,1,0,empty,empty,1,field_out,2,2,1
2025-06-11,BOS202506110,BOS,"Rafaela, Ceddanne",rafac001,1,1,empty,empty,1,double,2,2,1
2025-06-11,BOS202506110,BOS,"Duran, Jarren",duraj001,2,1,2B,2B,1,field_out,2,2,1
2025-06-11,BOS202506110,BOS,"Devers, Rafael",dever001,2,2,2B,2B,1,field_out,2,2,1
2025-06-11,BOS202506110,BOS,"Toro, Abraham",toroa001,2,0,empty,empty,1,strikeout,3,2,1
2025-06-11,BOS202506110,BOS,"Narvaez, Carlos",narvc002,2,1,empty,empty,1,field_out,3,2,1
2025-06-11,BOS202506110,BOS,"Anthony, Roman",anthr001,2,2,empty,empty,1,field_out,3,2,1
2025-06-11,BOS202506110,BOS,"Story, Trevor",stort001,2,0,empty,empty,1,field_out,4,2,1
2025-06-11,BOS202506110,BOS,"Mayer, Marcelo",mayem002,2,1,empty,empty,1,home_run,4,2,1
2025-06-11,BOS202506110,BOS,"Campbell, Kristian",campk002,2,1,empty,empty,1,strikeout,4,3,1
2025-06-11,BOS202506110,BOS,"Rafaela, Ceddanne",rafac001,2,2,empty,empty,1,single,4,3,1
2025-06-11,BOS202506110,BOS,"Duran, Jarren",duraj001,3,2,1B,2B,0,strikeout,4,3,1
2025-06-11,BOS202506110,BOS,"Devers, Rafael",dever001,3,0,empty,empty,1,strikeout,5,3,3
2025-06-11,BOS202506110,BOS,"Toro, Abraham",toroa001,3,1,empty,empty,1,home_run,5,3,3
2025-06-11,BOS202506110,BOS,"Narvaez, Carlos",narvc002,3,1,empty,empty,1,field_out,5,4,3
2025-06-11,BOS202506110,BOS,"Anthony, Roman",anthr001,3,2,empty,empty,1,field_out,5,4,3
2025-06-11,BOS202506110,BOS,"Story, Trevor",stort001,3,0,empty,empty,1,field_out,6,4,3
2025-06-11,BOS202506110,BOS,"Mayer, Marcelo",mayem002,3,1,empty,empty,1,strikeout,6,4,3
2025-06-11,BOS202506110,BOS,"Campbell, Kristian",campk002,3,2,empty,empty,1,double,6,4,3
2025-06-11,BOS202506110,BOS,"Rafaela, Ceddanne",rafac001,3,2,2B,2B,1,field_out,6,4,3
2025-06-11,BOS202506110,BOS,"Duran, Jarren",duraj001,4,0,empty,empty,1,strikeout,7,4,3
2025-06-11,BOS202506110,BOS,"Devers, Rafael",dever001,4,1,empty,empty,1,field_out,7,4,3
2025-06-11,BOS202506110,BOS,"Toro, Abraham",toroa001,4,2,empty,empty,1,field_out,7,4,3
2025-06-11,BOS202506110,BOS,"Narvaez, Carlos",narvc002,4,0,empty,empty,1,double,8,4,3
2025-06-11,BOS202506110,BOS,"Anthony, Roman",anthr001,4,0,2B,2B,1,field_out,8,4,3
2025-06-11,BOS202506110,BOS,"Story, Trevor",stort001,4,1,3B,3B,1,field_out,8,4,3
2025-06-11,BOS202506110,BOS,"Mayer, Marcelo",mayem002,4,2,3B,3B,1,strikeout,8,4,3
2025-06-13,BOS202506130,BOS,"Refsnyder, Rob",refsr001,1,0,empty,empty,1,walk,1,0,0
2025-06-13,BOS202506130,BOS,"Devers, Rafael",dever001,1,0,1B,1B,1,field_out,1,0,0
2025-06-13,BOS202506130,BOS,"Gonzalez, Romy",gonzr003,1,1,1B,1B,1,field_out,1,0,0
2025-06-13,BOS202506130,BOS,"Narvaez, Carlos",narvc002,1,2,1B,1B,1,walk,1,0,0
2025-06-13,BOS202506130,BOS,"Anthony, Roman",anthr001,1,2,1B+2B,1B+2B,1,field_out,1,0,0
2025-06-13,BOS202506130,BOS,"Story, Trevor",stort001,1,0,empty,empty,1,single,2,0,0
2025-06-13,BOS202506130,BOS,"Toro, Abraham",toroa001,1,0,1B,1B,1,strikeout,2,0,0
2025-06-13,BOS202506130,BOS,"Rafaela, Ceddanne",rafac001,1,1,2B,2B,1,single,2,0,0
2025-06-13,BOS202506130,BOS,"Campbell, Kristian",campk002,1,2,1B,empty,0,field_out,2,1,0
2025-06-13,BOS202506130,BOS,"Refsnyder, Rob",refsr001,2,0,empty,empty,1,field_out,3,1,0
2025-06-13,BOS202506130,BOS,"Devers, Rafael",dever001,2,1,empty,empty,1,field_out,3,1,0
2025-06-13,BOS202506130,BOS,"Gonzalez, Romy",gonzr003,2,2,empty,empty,1,single,3,1,0
2025-06-13,BOS202506130,BOS,"Narvaez, Carlos",narvc002,2,2,1B,1B,1,field_out,3,1,0
2025-06-13,BOS202506130,BOS,"Anthony, Roman",anthr001,2,0,empty,empty,1,field_out,4,1,0
2025-06-13,BOS202506130,BOS,"Story, Trevor",stort001,2,1,empty,empty,1,field_out,4,1,0
2025-06-13,BOS202506130,BOS,"Toro, Abraham",toroa001,2,2,empty,empty,1,field_out,4,1,0
2025-06-13,BOS202506130,BOS,"Rafaela, Ceddanne",rafac001,2,0,empty,empty,1,strikeout,5,1,0
2025-06-13,BOS202506130,BOS,"Campbell, Kristian",campk002,2,1,empty,empty,1,walk,5,1,0
2025-06-13,BOS202506130,BOS,"Refsnyder, Rob",refsr001,3,1,1B,1B,1,single,5,1,0
2025-06-13,BOS202506130,BOS,"Devers, Rafael",dever001,3,1,1B+2B,1B+2B,1,strikeout,5,1,0
2025-06-13,BOS202506130,BOS,"Gonzalez, Romy",gonzr003,3,2,1B+2B,1B+2B,1,strikeout,5,1,0
2025-06-13,BOS202506130,BOS,"Narvaez, Carlos",narvc002,3,0,empty,empty,1,field_out,6,1,0
2025-06-13,BOS202506130,BOS,"Anthony, Roman",anthr001,3,1,empty,empty,1,strikeout,6,1,0
2025-06-13,BOS202506130,BOS,"Story, Trevor",stort001,3,2,empty,empty,1,field_out,6,1,0
2025-06-13,BOS202506130,BOS,"Toro, Abraham",toroa001,3,0,empty,empty,1,field_out,7,1,0
2025-06-13,BOS202506130,BOS,"Rafaela, Ceddanne",rafac001,3,1,empty,empty,1,field_out,7,1,0
2025-06-13,BOS202506130,BOS,"Campbell, Kristian",campk002,3,2,empty,empty,1,field_out,7,1,0
2025-06-13,BOS202506130,BOS,"Duran, Jarren",duraj001,1,0,empty,empty,1,strikeout,8,1,0
2025-06-13,BOS202506130,BOS,"Devers, Rafael",dever001,4,1,empty,empty,1,single,8,1,0
2025-06-13,BOS202506130,BOS,"Mayer, Marcelo",mayem002,1,1,1B,2B,0,strikeout,8,1,0
2025-06-13,BOS202506130,BOS,"Narvaez, Carlos",narvc002,4,2,2B,2B,1,walk,8,1,0
2025-06-13,BOS202506130,BOS,"Anthony, Roman",anthr001,4,2,1B+2B,1B+2B,1,walk,8,1,0
2025-06-13,BOS202506130,BOS,"Story, Trevor",stort001,4,2,1B+2B+3B,1B+2B+3B,1,field_out,8,1,0
2025-06-13,BOS202506130,BOS,"Toro, Abraham",toroa001,4,0,empty,empty,1,field_out,9,1,1
2025-06-13,BOS202506130,BOS,"Rafaela, Ceddanne",rafac001,4,1,empty,empty,1,strikeout,9,1,1
2025-06-13,BOS202506130,BOS,"Hamilton, David",hamid002,1,2,empty,empty,1,field_out,9,1,1
2025-06-13,BOS202506130,BOS,"Duran, Jarren",duraj001,2,0,2B,2B,1,field_out,10,1,1
2025-06-13,BOS202506130,BOS,"Devers, Rafael",dever001,5,1,3B,3B,1,intent_walk,10,1,1
2025-06-13,BOS202506130,BOS,"Mayer, Marcelo",mayem002,2,1,1B+3B,1B+3B,1,strikeout,10,1,1
2025-06-13,BOS202506130,BOS,"Narvaez, Carlos",narvc002,5,2,1B+3B,2B+3B,0,single,10,1,1
2025-06-14,BOS202506140,BOS,"Refsnyder, Rob",refsr001,1,0,empty,empty,1,double,1,0,0
2025-06-14,BOS202506140,BOS,"Devers, Rafael",dever001,1,0,2B,2B,1,strikeout,1,0,0
2025-06-14,BOS202506140,BOS,"Gonzalez, Romy",gonzr003,1,1,2B,2B,1,field_out,1,0,0
2025-06-14,BOS202506140,BOS,"Narvaez, Carlos",narvc002,1,2,2B,2B,1,single,1,0,0
2025-06-14,BOS202506140,BOS,"Duran, Jarren",duraj001,1,2,1B,1B,1,field_out,1,1,0
2025-06-14,BOS202506140,BOS,"Story, Trevor",stort001,1,0,empty,empty,1,field_out,2,1,0
2025-06-14,BOS202506140,BOS,"Rafaela, Ceddanne",rafac001,1,1,empty,empty,1,field_out,2,1,0
2025-06-14,BOS202506140,BOS,"Mayer, Marcelo",mayem002,1,2,empty,empty,1,strikeout,2,1,0
2025-06-14,BOS202506140,BOS,"Campbell, Kristian",campk002,1,0,empty,empty,1,walk,3,1,0
2025-06-14,BOS202506140,BOS,"Refsnyder, Rob",refsr001,2,0,1B,1B,1,single,3,1,0
2025-06-14,BOS202506140,BOS,"Devers, Rafael",dever001,2,0,1B+2B,1B+2B,1,grounded_into_double_play,3,1,0
2025-06-14,BOS202506140,BOS,"Gonzalez, Romy",gonzr003,2,2,3B,3B,1,field_out,3,1,0
2025-06-14,BOS202506140,BOS,"Narvaez, Carlos",narvc002,2,0,empty,empty,1,double,4,1,0
2025-06-14,BOS202506140,BOS,"Duran, Jarren",duraj001,2,0,2B,2B,1,field_out,4,1,0
2025-06-14,BOS202506140,BOS,"Story, Trevor",stort001,2,1,2B,2B,1,double,4,1,0
2025-06-14,BOS202506140,BOS,"Rafaela, Ceddanne",rafac001,2,1,2B,2B,1,field_out,4,2,0
2025-06-14,BOS202506140,BOS,"Mayer, Marcelo",mayem002,2,2,2B,2B,1,field_out,4,2,0
2025-06-14,BOS202506140,BOS,"Campbell, Kristian",campk002,2,0,empty,empty,1,hit_by_pitch,5,2,0
2025-06-14,BOS202506140,BOS,"Refsnyder, Rob",refsr001,3,0,1B,1B,1,field_out,5,2,0
2025-06-14,BOS202506140,BOS,"Devers, Rafael",dever001,3,1,1B,1B,1,strikeout,5,2,0
2025-06-14,BOS202506140,BOS,"Gonzalez, Romy",gonzr003,3,2,1B,1B,1,double,5,2,0
2025-06-14,BOS202506140,BOS,"Narvaez, Carlos",narvc002,3,2,2B,2B,1,walk,5,3,0
2025-06-14,BOS202506140,BOS,"Duran, Jarren",duraj001,3,2,1B+2B,1B+2B,1,strikeout,5,3,0
2025-06-14,BOS202506140,BOS,"Story, Trevor",stort001,3,0,empty,empty,1,double,6,3,0
2025-06-14,BOS202506140,BOS,"Rafaela, Ceddanne",rafac001,3,0,2B,2B,1,sac_bunt,6,3,0
2025-06-14,BOS202506140,BOS,"Mayer, Marcelo",mayem002,3,1,3B,3B,1,sac_fly,6,3,0
2025-06-14,BOS202506140,BOS,"Campbell, Kristian",campk002,3,2,empty,empty,1,field_out,6,4,0
2025-06-14,BOS202506140,BOS,"Anthony, Roman",anthr001,1,0,empty,empty,1,field_out,7,4,2
2025-06-14,BOS202506140,BOS,"Devers, Rafael",dever001,4,1,empty,empty,1,field_out,7,4,2
2025-06-14,BOS202506140,BOS,"Gonzalez, Romy",gonzr003,4,2,empty,empty,1,strikeout,7,4,2
2025-06-14,BOS202506140,BOS,"Narvaez, Carlos",narvc002,4,0,empty,empty,1,field_out,8,4,2
2025-06-14,BOS202506140,BOS,"Duran, Jarren",duraj001,4,1,empty,empty,1,walk,8,4,2
2025-06-14,BOS202506140,BOS,"Story, Trevor",stort001,4,1,1B,1B,1,grounded_into_double_play,8,4,2
2025-06-15,BOS202506150,BOS,"Refsnyder, Rob",refsr001,1,0,empty,empty,1,field_error,1,0,0
2025-06-15,BOS202506150,BOS,"Devers, Rafael",dever001,1,0,1B,1B,1,grounded_into_double_play,1,0,0
2025-06-15,BOS202506150,BOS,"Gonzalez, Romy",gonzr003,1,2,empty,empty,1,triple,1,0,0
2025-06-15,BOS202506150,BOS,"Story, Trevor",stort001,1,2,3B,3B,1,single,1,0,0
2025-06-15,BOS202506150,BOS,"Toro, Abraham",toroa001,1,2,1B,1B,1,strikeout,1,1,0
2025-06-15,BOS202506150,BOS,"Duran, Jarren",duraj001,1,0,empty,empty,1,strikeout,2,1,0
2025-06-15,BOS202506150,BOS,"Rafaela, Ceddanne",rafac001,1,1,empty,empty,1,strikeout,2,1,0
2025-06-15,BOS202506150,BOS,"Wong, Connor",wongc001,1,2,empty,empty,1,field_out,2,1,0
2025-06-15,BOS202506150,BOS,"Campbell, Kristian",campk002,1,0,empty,empty,1,walk,3,1,0
2025-06-15,BOS202506150,BOS,"Refsnyder, Rob",refsr001,2,0,1B,1B,1,single,3,1,0
2025-06-15,BOS202506150,BOS,"Devers, Rafael",dever001,2,0,1B+2B,1B+2B,1,grounded_into_double_play,3,1,0
2025-06-15,BOS202506150,BOS,"Gonzalez, Romy",gonzr003,2,2,3B,3B,1,walk,3,1,0
2025-06-15,BOS202506150,BOS,"Story, Trevor",stort001,2,2,1B+3B,1B+3B,1,strikeout,3,1,0
2025-06-15,BOS202506150,BOS,"Toro, Abraham",toroa001,2,0,empty,empty,1,single,4,1,0
2025-06-15,BOS202506150,BOS,"Duran, Jarren",duraj001,2,0,1B,1B,1,strikeout,4,1,0
2025-06-15,BOS202506150,BOS,"Rafaela, Ceddanne",rafac001,2,1,1B,1B,1,single,4,1,0
2025-06-15,BOS202506150,BOS,"Wong, Connor",wongc001,2,1,1B+2B,1B+2B,1,grounded_into_double_play,4,1,0
2025-06-15,BOS202506150,BOS,"Campbell, Kristian",campk002,2,0,empty,empty,1,field_out,5,1,0
2025-06-15,BOS202506150,BOS,"Refsnyder, Rob",refsr001,3,1,empty,empty,1,field_out,5,1,0
2025-06-15,BOS202506150,BOS,"Devers, Rafael",dever001,3,2,empty,empty,1,home_run,5,1,0
2025-06-15,BOS202506150,BOS,"Gonzalez, Romy",gonzr003,3,2,empty,empty,1,strikeout,5,2,0
2025-06-15,BOS202506150,BOS,"Story, Trevor",stort001,3,0,empty,empty,1,strikeout,6,2,0
2025-06-15,BOS202506150,BOS,"Toro, Abraham",toroa001,3,1,empty,empty,1,strikeout,6,2,0
2025-06-15,BOS202506150,BOS,"Duran, Jarren",duraj001,3,2,empty,empty,1,field_out,6,2,0
2025-06-15,BOS202506150,BOS,"Rafaela, Ceddanne",rafac001,3,0,empty,empty,1,field_out,7,2,0
2025-06-15,BOS202506150,BOS,"Wong, Connor",wongc001,3,1,empty,empty,1,strikeout,7,2,0
2025-06-15,BOS202506150,BOS,"Campbell, Kristian",campk002,3,2,empty,empty,1,field_out,7,2,0
2025-06-15,BOS202506150,BOS,"Anthony, Roman",anthr001,1,0,empty,empty,1,field_out,8,2,0
2025-06-15,BOS202506150,BOS,"Devers, Rafael",dever001,4,1,empty,empty,1,walk,8,2,0
2025-06-15,BOS202506150,BOS,"Mayer, Marcelo",mayem002,1,1,1B,1B,1,strikeout,8,2,0
2025-06-15,BOS202506150,BOS,"Story, Trevor",stort001,4,2,1B,1B,1,strikeout,8,2,0
2025-06-16,SEA202506160,BOS,"Duran, Jarren",duraj001,1,0,empty,empty,1,strikeout,1,0,0
2025-06-16,SEA202506160,BOS,"Toro, Abraham",toroa001,1,1,empty,empty,1,field_out,1,0,0
2025-06-16,SEA202506160,BOS,"Anthony, Roman",anthr001,1,2,empty,empty,1,home_run,1,0,0
2025-06-16,SEA202506160,BOS,"Narvaez, Carlos",narvc002,1,2,empty,empty,1,strikeout,1,1,0
2025-06-16,SEA202506160,BOS,"Mayer, Marcelo",mayem002,1,0,empty,empty,1,field_out,2,1,0
2025-06-16,SEA202506160,BOS,"Story, Trevor",stort001,1,1,empty,empty,1,strikeout,2,1,0
2025-06-16,SEA202506160,BOS,"Hamilton, David",hamid002,1,2,empty,empty,1,field_out,2,1,0
2025-06-16,SEA202506160,BOS,"Rafaela, Ceddanne",rafac001,1,0,empty,empty,1,strikeout,3,1,0
2025-06-16,SEA202506160,BOS,"Campbell, Kristian",campk002,1,1,empty,empty,1,strikeout,3,1,0
2025-06-16,SEA202506160,BOS,"Duran, Jarren",duraj001,2,2,empty,empty,1,triple,3,1,0
2025-06-16,SEA202506160,BOS,"Toro, Abraham",toroa001,2,2,3B,3B,1,single,3,1,0
2025-06-16,SEA202506160,BOS,"Anthony, Roman",anthr001,2,2,1B,1B,1,strikeout,3,2,0
2025-06-16,SEA202506160,BOS,"Narvaez, Carlos",narvc002,2,0,empty,empty,1,field_out,4,2,0
2025-06-16,SEA202506160,BOS,"Mayer, Marcelo",mayem002,2,1,empty,empty,1,strikeout,4,2,0
2025-06-16,SEA202506160,BOS,"Story, Trevor",stort001,2,2,empty,empty,1,walk,4,2,0
2025-06-16,SEA202506160,BOS,"Hamilton, David",hamid002,2,2,1B,1B,1,strikeout,4,2,0
2025-06-16,SEA202506160,BOS,"Rafaela, Ceddanne",rafac001,2,0,empty,empty,1,field_out,5,2,0
2025-06-16,SEA202506160,BOS,"Campbell, Kristian",campk002,2,1,empty,empty,1,strikeout,5,2,0
2025-06-16,SEA202506160,BOS,"Duran, Jarren",duraj001,3,2,empty,empty,1,strikeout,5,2,0
2025-06-16,SEA202506160,BOS,"Toro, Abraham",toroa001,3,0,empty,empty,1,walk,6,2,0
2025-06-16,SEA202506160,BOS,"Anthony, Roman",anthr001,3,0,1B,1B,1,field_out,6,2,0
2025-06-16,SEA202506160,BOS,"Narvaez, Carlos",narvc002,3,1,1B,1B,1,grounded_into_double_play,6,2,0
2025-06-16,SEA202506160,BOS,"Mayer, Marcelo",mayem002,3,0,empty,empty,1,field_out,7,2,0
2025-06-16,SEA202506160,BOS,"Story, Trevor",stort001,3,1,empty,empty,1,field_out,7,2,0
2025-06-16,SEA202506160,BOS,"Hamilton, David",hamid002,3,2,empty,empty,1,field_out,7,2,0
2025-06-16,SEA202506160,BOS,"Rafaela, Ceddanne",rafac001,3,0,empty,empty,1,field_out,8,2,0
2025-06-16,SEA202506160,BOS,"Campbell, Kristian",campk002,3,1,empty,empty,1,single,8,2,0
2025-06-16,SEA202506160,BOS,"Duran, Jarren",duraj001,4,1,1B,1B,1,field_out,8,2,0
2025-06-16,SEA202506160,BOS,"Toro, Abraham",toroa001,4,2,1B,1B,1,strikeout,8,2,0
2025-06-16,SEA202506160,BOS,"Anthony, Roman",anthr001,4,0,empty,empty,1,field_out,9,2,0
2025-06-16,SEA202506160,BOS,"Narvaez, Carlos",narvc002,4,1,empty,empty,1,walk,9,2,0
2025-06-16,SEA202506160,BOS,"Mayer, Marcelo",mayem002,4,1,1B,1B,1,strikeout,9,2,0
2025-06-16,SEA202506160,BOS,"Story, Trevor",stort001,4,2,1B,1B,1,field_out,9,2,0
2025-06-17,SEA202506170,BOS,"Duran, Jarren",duraj001,1,0,empty,empty,1,field_out,1,0,0
2025-06-17,SEA202506170,BOS,"Toro, Abraham",toroa001,1,1,empty,empty,1,hit_by_pitch,1,0,0
2025-06-17,SEA202506170,BOS,"Anthony, Roman",anthr001,1,1,1B,1B,1,field_out,1,0,0
2025-06-17,SEA202506170,BOS,"Narvaez, Carlos",narvc002,1,2,1B,1B,1,strikeout,1,0,0
2025-06-17,SEA202506170,BOS,"Mayer, Marcelo",mayem002,1,0,empty,empty,1,field_out,2,0,0
2025-06-17,SEA202506170,BOS,"Story, Trevor",stort001,1,1,empty,empty,1,strikeout,2,0,0
2025-06-17,SEA202506170,BOS,"Hamilton, David",hamid002,1,2,empty,empty,1,field_out,2,0,0
2025-06-17,SEA202506170,BOS,"Refsnyder, Rob",refsr001,1,0,empty,empty,1,field_out,3,0,5
2025-06-17,SEA202506170,BOS,"Rafaela, Ceddanne",rafac001,1,1,empty,empty,1,strikeout,3,0,5
2025-06-17,SEA202506170,BOS,"Duran, Jarren",duraj001,2,2,empty,empty,1,field_out,3,0,5
2025-06-17,SEA202506170,BOS,"Toro, Abraham",toroa001,2,0,empty,empty,1,field_out,4,0,5
2025-06-17,SEA202506170,BOS,"Anthony, Roman",anthr001,2,1,empty,empty,1,strikeout,4,0,5
2025-06-17,SEA202506170,BOS,"Narvaez, Carlos",narvc002,2,2,empty,empty,1,field_out,4,0,5
2025-06-17,SEA202506170,BOS,"Mayer, Marcelo",mayem002,2,0,empty,empty,1,single,5,0,8
2025-06-17,SEA202506170,BOS,"Story, Trevor",stort001,2,0,1B,1B,1,field_out,5,0,8
2025-06-17,SEA202506170,BOS,"Hamilton, David",hamid002,2,1,1B,1B,1,walk,5,0,8
2025-06-17,SEA202506170,BOS,"Refsnyder, Rob",refsr001,2,1,1B+2B,1B+2B,1,strikeout,5,0,8
2025-06-17,SEA202506170,BOS,"Rafaela, Ceddanne",rafac001,2,2,1B+2B,1B+2B,1,field_out,5,0,8
2025-06-17,SEA202506170,BOS,"Duran, Jarren",duraj001,3,0,empty,empty,1,field_out,6,0,8
2025-06-17,SEA202506170,BOS,"Toro, Abraham",toroa001,3,1,empty,empty,1,field_out,6,0,8
2025-06-17,SEA202506170,BOS,"Anthony, Roman",anthr001,3,2,empty,empty,1,strikeout,6,0,8
2025-06-17,SEA202506170,BOS,"Narvaez, Carlos",narvc002,3,0,empty,empty,1,walk,7,0,8
2025-06-17,SEA202506170,BOS,"Mayer, Marcelo",mayem002,3,0,1B,1B,1,grounded_into_double_play,7,0,8
2025-06-17,SEA202506170,BOS,"Campbell, Kristian",campk002,1,2,empty,empty,1,field_out,7,0,8
2025-06-17,SEA202506170,BOS,"Hamilton, David",hamid002,3,0,empty,empty,1,field_out,8,0,8
2025-06-17,SEA202506170,BOS,"Refsnyder, Rob",refsr001,3,1,empty,empty,1,strikeout,8,0,8
2025-06-17,SEA202506170,BOS,"Rafaela, Ceddanne",rafac001,3,2,empty,empty,1,strikeout,8,0,8
2025-06-17,SEA202506170,BOS,"Eaton, Nate",eaton001,1,0,empty,empty,1,single,9,0,8
2025-06-17,SEA202506170,BOS,"Toro, Abraham",toroa001,4,0,1B,1B,1,strikeout,9,0,8
2025-06-17,SEA202506170,BOS,"Anthony, Roman",anthr001,4,1,1B,1B,1,strikeout,9,0,8
2025-06-17,SEA202506170,BOS,"Narvaez, Carlos",narvc002,4,2,1B,1B,1,field_out,9,0,8
2025-06-18,SEA202506180,BOS,"Duran, Jarren",duraj001,1,0,empty,empty,1,strikeout,1,0,0
2025-06-18,SEA202506180,BOS,"Toro, Abraham",toroa001,1,1,empty,empty,1,field_out,1,0,0
2025-06-18,SEA202506180,BOS,"Anthony, Roman",anthr001,1,2,empty,empty,1,hit_by_pitch,1,0,0
2025-06-18,SEA202506180,BOS,"Gonzalez, Romy",gonzr003,1,2,1B,1B,1,field_out,1,0,0
2025-06-18,SEA202506180,BOS,"Mayer, Marcelo",mayem002,1,0,empty,empty,1,home_run,2,0,0
2025-06-18,SEA202506180,BOS,"Story, Trevor",stort001,1,0,empty,empty,1,strikeout,2,1,0
2025-06-18,SEA202506180,BOS,"Hamilton, David",hamid002,1,1,empty,empty,1,field_out,2,1,0
2025-06-18,SEA202506180,BOS,"Campbell, Kristian",campk002,1,2,empty,empty,1,strikeout,2,1,0
2025-06-18,SEA202506180,BOS,"Wong, Connor",wongc001,1,0,empty,empty,1,single,3,1,1
2025-06-18,SEA202506180,BOS,"Duran, Jarren",duraj001,2,0,1B,1B,1,field_out,3,1,1
2025-06-18,SEA202506180,BOS,"Toro, Abraham",toroa001,2,1,1B,1B,1,field_out,3,1,1
2025-06-18,SEA202506180,BOS,"Anthony, Roman",anthr001,2,2,1B,1B,1,field_out,3,1,1
2025-06-18,SEA202506180,BOS,"Gonzalez, Romy",gonzr003,2,0,empty,empty,1,field_out,4,1,1
2025-06-18,SEA202506180,BOS,"Mayer, Marcelo",mayem002,2,1,empty,empty,1,walk,4,1,1
2025-06-18,SEA202506180,BOS,"Story, Trevor",stort001,2,1,1B,1B,1,home_run,4,1,1
2025-06-18,SEA202506180,BOS,"Hamilton, David",hamid002,2,1,empty,empty,1,strikeout,4,3,1
2025-06-18,SEA202506180,BOS,"Campbell, Kristian",campk002,2,2,empty,empty,1,field_out,4,3,1
2025-06-18,SEA202506180,BOS,"Wong, Connor",wongc001,2,0,empty,empty,1,field_out,5,3,1
2025-06-18,SEA202506180,BOS,"Duran, Jarren",duraj001,3,1,empty,empty,1,field_out,5,3,1
2025-06-18,SEA202506180,BOS,"Toro, Abraham",toroa001,3,2,empty,empty,1,field_out,5,3,1
2025-06-18,SEA202506180,BOS,"Anthony, Roman",anthr001,3,0,empty,empty,1,walk,6,3,1
2025-06-18,SEA202506180,BOS,"Gonzalez, Romy",gonzr003,3,0,1B,1B,1,field_out,6,3,1
2025-06-18,SEA202506180,BOS,"Mayer, Marcelo",mayem002,3,1,1B,1B,1,strikeout,6,3,1
2025-06-18,SEA202506180,BOS,"Story, Trevor",stort001,3,2,1B,2B,0,field_out,6,3,1
2025-06-18,SEA202506180,BOS,"Hamilton, David",hamid002,3,0,empty,empty,1,field_out,7,3,1
2025-06-18,SEA202506180,BOS,"Campbell, Kristian",campk002,3,1,empty,empty,1,strikeout,7,3,1
2025-06-18,SEA202506180,BOS,"Wong, Connor",wongc001,3,2,empty,empty,1,field_out,7,3,1
2025-06-18,SEA202506180,BOS,"Duran, Jarren",duraj001,4,0,empty,empty,1,field_out,8,3,1
2025-06-18,SEA202506180,BOS,"Toro, Abraham",toroa001,4,1,empty,empty,1,field_out,8,3,1
2025-06-18,SEA202506180,BOS,"Anthony, Roman",anthr001,4,2,empty,empty,1,field_out,8,3,1
2025-06-18,SEA202506180,BOS,"Gonzalez, Romy",gonzr003,4,0,empty,empty,1,field_out,9,3,1
2025-06-18,SEA202506180,BOS,"Mayer, Marcelo",mayem002,4,1,empty,empty,1,field_out,9,3,1
2025-06-18,SEA202506180,BOS,"Story, Trevor",stort001,4,2,empty,empty,1,strikeout,9,3,1
2025-06-20,SFN202506200,BOS,"Duran, Jarren",duraj001,1,0,empty,empty,1,field_out,1,0,0
2025-06-20,SFN202506200,BOS,"Narvaez, Carlos",narvc002,1,1,empty,empty,1,strikeout,1,0,0
2025-06-20,SFN202506200,BOS,"Anthony, Roman",anthr001,1,2,empty,empty,1,field_out,1,0,0
2025-06-20,SFN202506200,BOS,"Toro, Abraham",toroa001,1,0,empty,empty,1,field_out,2,0,1
2025-06-20,SFN202506200,BOS,"Abreu, Wilyer",abrew002,1,1,empty,empty,1,strikeout,2,0,1
2025-06-20,SFN202506200,BOS,"Story, Trevor",stort001,1,2,empty,empty,1,field_out,2,0,1
2025-06-20,SFN202506200,BOS,"Mayer, Marcelo",mayem002,1,0,empty,empty,1,field_out,3,0,3
2025-06-20,SFN202506200,BOS,"Rafaela, Ceddanne",rafac001,1,1,empty,empty,1,double,3,0,3
2025-06-20,SFN202506200,BOS,"Hamilton, David",hamid002,1,1,2B,2B,1,home_run,3,0,3
2025-06-20,SFN202506200,BOS,"Duran, Jarren",duraj001,2,1,empty,empty,1,single,3,2,3
2025-06-20,SFN202506200,BOS,"Narvaez, Carlos",narvc002,2,1,1B,1B,1,strikeout,3,2,3
2025-06-20,SFN202506200,BOS,"Anthony, Roman",anthr001,2,2,1B,1B,1,walk,3,2,3
2025-06-20,SFN202506200,BOS,"Toro, Abraham",toroa001,2,2,1B+2B,1B+2B,1,field_out,3,2,3
2025-06-20,SFN202506200,BOS,"Abreu, Wilyer",abrew002,2,0,empty,empty,1,double,4,2,3
2025-06-20,SFN202506200,BOS,"Story, Trevor",stort001,2,0,2B,2B,1,strikeout,4,2,3
2025-06-20,SFN202506200,BOS,"Mayer, Marcelo",mayem002,2,1,2B,2B,1,field_out,4,2,3
2025-06-20,SFN202506200,BOS,"Rafaela, Ceddanne",rafac001,2,2,3B,3B,1,single,4,2,3
2025-06-20,SFN202506200,BOS,"Hamilton, David",hamid002,2,2,1B,1B,1,field_out,4,3,3
2025-06-20,SFN202506200,BOS,"Duran, Jarren",duraj001,3,0,empty,empty,1,single,5,3,4
2025-06-20,SFN202506200,BOS,"Narvaez, Carlos",narvc002,3,0,1B,1B,1,field_out,5,3,4
2025-06-20,SFN202506200,BOS,"Anthony, Roman",anthr001,3,1,1B,2B,0,single,5,3,4
2025-06-20,SFN202506200,BOS,"Toro, Abraham",toroa001,3,1,2B,2B,1,field_error,5,4,4
2025-06-20,SFN202506200,BOS,"Abreu, Wilyer",abrew002,3,1,1B,1B,1,field_out,5,5,4
2025-06-20,SFN202506200,BOS,"Story, Trevor",stort001,3,2,1B,1B,1,field_out,5,5,4
2025-06-20,SFN202506200,BOS,"Mayer, Marcelo",mayem002,3,0,empty,empty,1,field_out,6,5,5
2025-06-20,SFN202506200,BOS,"Rafaela, Ceddanne",rafac001,3,1,empty,empty,1,home_run,6,5,5
2025-06-20,SFN202506200,BOS,"Hamilton, David",hamid002,3,1,empty,empty,1,single,6,6,5
2025-06-20,SFN202506200,BOS,"Duran, Jarren",duraj001,4,1,1B,1B,1,strikeout,6,6,5
2025-06-20,SFN202506200,BOS,"Narvaez, Carlos",narvc002,4,2,1B,1B,1,field_out,6,6,5
2025-06-20,SFN202506200,BOS,"Anthony, Roman",anthr001,4,0,empty,empty,1,strikeout,7,6,5
2025-06-20,SFN202506200,BOS,"Toro, Abraham",toroa001,4,1,empty,empty,1,double,7,6,5
2025-06-20,SFN202506200,BOS,"Abreu, Wilyer",abrew002,4,1,2B,2B,1,single,7,6,5
2025-06-20,SFN202506200,BOS,"Story, Trevor",stort001,4,1,1B,1B,1,strikeout,7,7,5
2025-06-20,SFN202506200,BOS,"Mayer, Marcelo",mayem002,4,2,1B,1B,1,strikeout,7,7,5
2025-06-20,SFN202506200,BOS,"Rafaela, Ceddanne",rafac001,4,0,empty,empty,1,field_out,8,7,5
2025-06-20,SFN202506200,BOS,"Hamilton, David",hamid002,4,1,empty,empty,1,field_out,8,7,5
2025-06-20,SFN202506200,BOS,"Duran, Jarren",duraj001,5,2,empty,empty,1,field_out,8,7,5
2025-06-20,SFN202506200,BOS,"Narvaez, Carlos",narvc002,5,0,empty,empty,1,strikeout,9,7,5
2025-06-20,SFN202506200,BOS,"Anthony, Roman",anthr001,5,1,empty,empty,1,field_out,9,7,5
2025-06-20,SFN202506200,BOS,"Toro, Abraham",toroa001,5,2,empty,empty,1,strikeout,9,7,5
2025-06-21,SFN202506210,BOS,"Duran, Jarren",duraj001,1,0,empty,empty,1,field_out,1,0,0
2025-06-21,SFN202506210,BOS,"Toro, Abraham",toroa001,1,1,empty,empty,1,field_out,1,0,0
2025-06-21,SFN202506210,BOS,"Anthony, Roman",anthr001,1,2,empty,empty,1,walk,1,0,0
2025-06-21,SFN202506210,BOS,"Story, Trevor",stort001,1,2,1B,2B,0,strikeout,1,0,0
2025-06-21,SFN202506210,BOS,"Abreu, Wilyer",abrew002,1,0,empty,empty,1,single,2,0,1
2025-06-21,SFN202506210,BOS,"Rafaela, Ceddanne",rafac001,1,0,1B,1B,1,field_out,2,0,1
2025-06-21,SFN202506210,BOS,"Mayer, Marcelo",mayem002,1,1,1B,1B,1,grounded_into_double_play,2,0,1
2025-06-21,SFN202506210,BOS,"Wong, Connor",wongc001,1,0,empty,empty,1,strikeout,3,0,1
2025-06-21,SFN202506210,BOS,"Hamilton, David",hamid002,1,1,empty,empty,1,field_out,3,0,1
2025-06-21,SFN202506210,BOS,"Duran, Jarren",duraj001,2,2,empty,empty,1,strikeout,3,0,1
2025-06-21,SFN202506210,BOS,"Toro, Abraham",toroa001,2,0,empty,empty,1,field_out,4,0,3
2025-06-21,SFN202506210,BOS,"Anthony, Roman",anthr001,2,1,empty,empty,1,field_out,4,0,3
2025-06-21,SFN202506210,BOS,"Story, Trevor",stort001,2,2,empty,empty,1,single,4,0,3
2025-06-21,SFN202506210,BOS,"Abreu, Wilyer",abrew002,2,2,1B,1B,1,strikeout,4,0,3
2025-06-21,SFN202506210,BOS,"Rafaela, Ceddanne",rafac001,2,0,empty,empty,1,strikeout,5,0,3
2025-06-21,SFN202506210,BOS,"Mayer, Marcelo",mayem002,2,1,empty,empty,1,walk,5,0,3
2025-06-21,SFN202506210,BOS,"Wong, Connor",wongc001,2,1,1B,1B,1,field_out,5,0,3
2025-06-21,SFN202506210,BOS,"Hamilton, David",hamid002,2,2,2B,2B,1,strikeout,5,0,3
2025-06-21,SFN202506210,BOS,"Duran, Jarren",duraj001,3,0,empty,empty,1,field_out,6,0,3
2025-06-21,SFN202506210,BOS,"Toro, Abraham",toroa001,3,1,empty,empty,1,strikeout,6,0,3
2025-06-21,SFN202506210,BOS,"Anthony, Roman",anthr001,3,2,empty,empty,1,walk,6,0,3
2025-06-21,SFN202506210,BOS,"Story, Trevor",stort001,3,2,1B,1B,1,single,6,0,3
2025-06-21,SFN202506210,BOS,"Abreu, Wilyer",abrew002,3,2,1B+2B,1B+2B,1,field_out,6,0,3
2025-06-21,SFN202506210,BOS,"Rafaela, Ceddanne",rafac001,3,0,empty,empty,1,field_out,7,0,3
2025-06-21,SFN202506210,BOS,"Mayer, Marcelo",mayem002,3,1,empty,empty,1,strikeout,7,0,3
2025-06-21,SFN202506210,BOS,"Wong, Connor",wongc001,3,2,empty,empty,1,field_out,7,0,3
2025-06-21,SFN202506210,BOS,"Hamilton, David",hamid002,3,0,empty,empty,1,field_out,8,0,3
2025-06-21,SFN202506210,BOS,"Duran, Jarren",duraj001,4,1,empty,empty,1,field_out,8,0,3
2025-06-21,SFN202506210,BOS,"Toro, Abraham",toroa001,4,2,empty,empty,1,field_out,8,0,3
2025-06-21,SFN202506210,BOS,"Anthony, Roman",anthr001,4,0,empty,empty,1,double,9,0,3
2025-06-21,SFN202506210,BOS,"Story, Trevor",stort001,4,0,2B,2B,1,single,9,0,3
2025-06-21,SFN202506210,BOS,"Abreu, Wilyer",abrew002,4,0,1B+3B,1B+3B,1,single,9,0,3
2025-06-21,SFN202506210,BOS,"Rafaela, Ceddanne",rafac001,4,0,1B+3B,1B+3B,1,field_out,9,1,3
2025-06-21,SFN202506210,BOS,"Mayer, Marcelo",mayem002,4,1,1B+3B,2B,0,field_out,9,2,3
2025-06-21,SFN202506210,BOS,"Gonzalez, Romy",gonzr003,1,2,3B,3B,1,field_out,9,2,3
2025-06-22,SFN202506220,BOS,"Refsnyder, Rob",refsr001,1,0,empty,empty,1,field_out,1,0,0
2025-06-22,SFN202506220,BOS,"Anthony, Roman",anthr001,1,1,empty,empty,1,walk,1,0,0
2025-06-22,SFN202506220,BOS,"Gonzalez, Romy",gonzr003,1,1,1B,1B,1,strikeout,1,0,0
2025-06-22,SFN202506220,BOS,"Narvaez, Carlos",narvc002,1,2,1B,1B,1,single,1,0,0
2025-06-22,SFN202506220,BOS,"Duran, Jarren",duraj001,1,2,1B+2B,1B+3B,0,field_error,1,0,0
2025-06-22,SFN202506220,BOS,"Story, Trevor",stort001,1,2,2B+3B,2B+3B,1,strikeout,1,1,0
2025-06-22,SFN202506220,BOS,"Toro, Abraham",toroa001,1,0,empty,empty,1,field_out,2,1,0
2025-06-22,SFN202506220,BOS,"Rafaela, Ceddanne",rafac001,1,1,empty,empty,1,field_out,2,1,0
2025-06-22,SFN202506220,BOS,"Eaton, Nate",eaton001,1,2,empty,empty,1,single,2,1,0
2025-06-22,SFN202506220,BOS,"Refsnyder, Rob",refsr001,2,2,1B,1B,1,field_out,2,1,0
2025-06-22,SFN202506220,BOS,"Anthony, Roman",anthr001,2,0,empty,empty,1,strikeout,3,1,0
2025-06-22,SFN202506220,BOS,"Gonzalez, Romy",gonzr003,2,1,empty,empty,1,strikeout,3,1,0
2025-06-22,SFN202506220,BOS,"Narvaez, Carlos",narvc002,2,2,empty,empty,1,strikeout,3,1,0
2025-06-22,SFN202506220,BOS,"Duran, Jarren",duraj001,2,0,empty,empty,1,field_out,4,1,2
2025-06-22,SFN202506220,BOS,"Story, Trevor",stort001,2,1,empty,empty,1,strikeout,4,1,2
2025-06-22,SFN202506220,BOS,"Toro, Abraham",toroa001,2,2,empty,empty,1,single,4,1,2
2025-06-22,SFN202506220,BOS,"Rafaela, Ceddanne",rafac001,2,2,1B,1B,1,double,4,1,2
2025-06-22,SFN202506220,BOS,"Eaton, Nate",eaton001,2,0,empty,empty,1,single,5,1,2
2025-06-22,SFN202506220,BOS,"Refsnyder, Rob",refsr001,3,0,1B,1B,1,home_run,5,1,2
2025-06-22,SFN202506220,BOS,"Anthony, Roman",anthr001,3,0,empty,empty,1,strikeout,5,3,2
2025-06-22,SFN202506220,BOS,"Gonzalez, Romy",gonzr003,3,1,empty,empty,1,home_run,5,3,2
2025-06-22,SFN202506220,BOS,"Narvaez, Carlos",narvc002,3,1,empty,empty,1,double,5,4,2
2025-06-22,SFN202506220,BOS,"Duran, Jarren",duraj001,3,1,2B,2B,1,field_out,5,4,2
2025-06-22,SFN202506220,BOS,"Story, Trevor",stort001,3,2,2B,2B,1,field_out,5,4,2
2025-06-22,SFN202506220,BOS,"Toro, Abraham",toroa001,3,0,empty,empty,1,field_out,6,4,4
2025-06-22,SFN202506220,BOS,"Rafaela, Ceddanne",rafac001,3,1,empty,empty,1,home_run,6,4,4
2025-06-22,SFN202506220,BOS,"Eaton, Nate",eaton001,3,1,empty,empty,1,strikeout,6,5,4
2025-06-22,SFN202506220,BOS,"Refsnyder, Rob",refsr001,4,2,empty,empty,1,field_out,6,5,4
2025-06-22,SFN202506220,BOS,"Anthony, Roman",anthr001,4,0,empty,empty,1,field_out,7,5,4
2025-06-22,SFN202506220,BOS,"Gonzalez, Romy",gonzr003,4,1,empty,empty,1,walk,7,5,4
2025-06-22,SFN202506220,BOS,"Narvaez, Carlos",narvc002,4,1,1B,1B,1,field_out,7,5,4
2025-06-22,SFN202506220,BOS,"Duran, Jarren",duraj001,4,0,1B,empty,0,single,8,5,8
2025-06-22,SFN202506220,BOS,"Story, Trevor",stort001,4,1,empty,empty,1,field_out,8,5,8
2025-06-22,SFN202506220,BOS,"Toro, Abraham",toroa001,4,2,empty,empty,1,single,8,5,8
2025-06-22,SFN202506220,BOS,"Rafaela, Ceddanne",rafac001,4,2,1B,1B,1,strikeout,8,5,8
2025-06-22,SFN202506220,BOS,"Hamilton, David",hamid002,1,0,empty,empty,1,strikeout,9,5,9
2025-06-22,SFN202506220,BOS,"Refsnyder, Rob",refsr001,5,1,empty,empty,1,single,9,5,9
2025-06-22,SFN202506220,BOS,"Anthony, Roman",anthr001,5,1,1B,1B,1,walk,9,5,9
2025-06-22,SFN202506220,BOS,"Abreu, Wilyer",abrew002,1,1,1B+2B,1B+2B,1,field_out,9,5,9
2025-06-22,SFN202506220,BOS,"Narvaez, Carlos",narvc002,5,2,1B+2B,1B+2B,1,strikeout,9,5,9
2025-06-23,ANA202506230,BOS,"Duran, Jarren",duraj001,1,0,empty,empty,1,field_out,1,0,0
2025-06-23,ANA202506230,BOS,"Toro, Abraham",toroa001,1,1,empty,empty,1,single,1,0,0
2025-06-23,ANA202506230,BOS,"Anthony, Roman",anthr001,1,1,1B,1B,1,single,1,0,0
2025-06-23,ANA202506230,BOS,"Story, Trevor",stort001,1,1,1B+2B,1B+2B,1,single,1,0,0
2025-06-23,ANA202506230,BOS,"Abreu, Wilyer",abrew002,1,1,1B+2B+3B,1B+2B+3B,1,single,1,0,0
2025-06-23,ANA202506230,BOS,"Rafaela, Ceddanne",rafac001,1,2,3B,3B,1,single,1,2,0
2025-06-23,ANA202506230,BOS,"Mayer, Marcelo",mayem002,1,2,1B,1B,1,field_out,1,3,0
2025-06-23,ANA202506230,BOS,"Wong, Connor",wongc001,1,0,empty,empty,1,walk,2,3,5
2025-06-23,ANA202506230,BOS,"Hamilton, David",hamid002,1,0,1B,1B,1,field_out,2,3,5
2025-06-23,ANA202506230,BOS,"Duran, Jarren",duraj001,2,1,1B,1B,1,field_out,2,3,5
2025-06-23,ANA202506230,BOS,"Toro, Abraham",toroa001,2,0,1B,empty,0,strikeout,3,3,5
2025-06-23,ANA202506230,BOS,"Anthony, Roman",anthr001,2,1,empty,empty,1,walk,3,3,5
2025-06-23,ANA202506230,BOS,"Story, Trevor",stort001,2,1,1B,1B,1,field_out,3,3,5
2025-06-23,ANA202506230,BOS,"Abreu, Wilyer",abrew002,2,2,1B,1B,1,field_out,3,3,5
2025-06-23,ANA202506230,BOS,"Rafaela, Ceddanne",rafac001,2,0,empty,empty,1,hit_by_pitch,4,3,5
2025-06-23,ANA202506230,BOS,"Mayer, Marcelo",mayem002,2,0,1B,2B,0,field_out,4,3,5
2025-06-23,ANA202506230,BOS,"Wong, Connor",wongc001,2,1,3B,3B,1,sac_fly,4,3,5
2025-06-23,ANA202506230,BOS,"Hamilton, David",hamid002,2,2,empty,empty,1,field_out,4,4,5
2025-06-23,ANA202506230,BOS,"Duran, Jarren",duraj001,3,0,empty,empty,1,double,5,4,5
2025-06-23,ANA202506230,BOS,"Toro, Abraham",toroa001,3,0,2B,2B,1,double_play,5,4,5
2025-06-23,ANA202506230,BOS,"Anthony, Roman",anthr001,3,2,empty,empty,1,field_out,5,4,5
2025-06-23,ANA202506230,BOS,"Story, Trevor",stort001,3,0,empty,empty,1,home_run,6,4,5
2025-06-23,ANA202506230,BOS,"Abreu, Wilyer",abrew002,3,0,empty,empty,1,strikeout,6,5,5
2025-06-23,ANA202506230,BOS,"Rafaela, Ceddanne",rafac001,3,1,empty,empty,1,strikeout,6,5,5
2025-06-23,ANA202506230,BOS,"Mayer, Marcelo",mayem002,3,2,empty,empty,1,strikeout,6,5,5
2025-06-23,ANA202506230,BOS,"Wong, Connor",wongc001,3,0,empty,empty,1,single,7,5,5
2025-06-23,ANA202506230,BOS,"Hamilton, David",hamid002,3,0,1B,1B,1,single,7,5,5
2025-06-23,ANA202506230,BOS,"Duran, Jarren",duraj001,4,0,1B+2B,1B+2B,1,sac_bunt,7,5,5
2025-06-23,ANA202506230,BOS,"Gonzalez, Romy",gonzr003,1,1,2B+3B,2B+3B,1,intent_walk,7,5,5
2025-06-23,ANA202506230,BOS,"Anthony, Roman",anthr001,4,1,1B+2B+3B,1B+2B+3B,1,strikeout,7,5,5
2025-06-23,ANA202506230,BOS,"Story, Trevor",stort001,4,2,1B+2B+3B,1B+2B+3B,1,strikeout,7,5,5
2025-06-23,ANA202506230,BOS,"Abreu, Wilyer",abrew002,4,0,empty,empty,1,strikeout,8,5,5
2025-06-23,ANA202506230,BOS,"Rafaela, Ceddanne",rafac001,4,1,empty,empty,1,field_out,8,5,5
2025-06-23,ANA202506230,BOS,"Mayer, Marcelo",mayem002,4,2,empty,empty,1,strikeout,8,5,5
2025-06-23,ANA202506230,BOS,"Wong, Connor",wongc001,4,0,empty,empty,1,field_out,9,5,9
2025-06-23,ANA202506230,BOS,"Hamilton, David",hamid002,4,1,empty,empty,1,strikeout,9,5,9
2025-06-23,ANA202506230,BOS,"Duran, Jarren",duraj001,5,2,empty,empty,1,strikeout,9,5,9
2025-06-24,ANA202506240,BOS,"Refsnyder, Rob",refsr001,1,0,empty,empty,1,walk,1,0,0
2025-06-24,ANA202506240,BOS,"Anthony, Roman",anthr001,1,0,1B,1B,1,strikeout,1,0,0
2025-06-24,ANA202506240,BOS,"Gonzalez, Romy",gonzr003,1,1,1B,1B,1,strikeout,1,0,0
2025-06-24,ANA202506240,BOS,"Narvaez, Carlos",narvc002,1,2,1B,1B,1,field_out,1,0,0
2025-06-24,ANA202506240,BOS,"Duran, Jarren",duraj001,1,0,empty,empty,1,field_out,2,0,0
2025-06-24,ANA202506240,BOS,"Story, Trevor",stort001,1,1,empty,empty,1,field_out,2,0,0
2025-06-24,ANA202506240,BOS,"Rafaela, Ceddanne",rafac001,1,2,empty,empty,1,field_out,2,0,0
2025-06-24,ANA202506240,BOS,"Mayer, Marcelo",mayem002,1,0,empty,empty,1,triple,3,0,0
2025-06-24,ANA202506240,BOS,"Eaton, Nate",eaton001,1,0,3B,3B,1,sac_fly,3,0,0
2025-06-24,ANA202506240,BOS,"Refsnyder, Rob",refsr001,2,1,empty,empty,1,strikeout,3,1,0
2025-06-24,ANA202506240,BOS,"Anthony, Roman",anthr001,2,2,empty,empty,1,field_out,3,1,0
2025-06-24,ANA202506240,BOS,"Gonzalez, Romy",gonzr003,2,0,empty,empty,1,field_out,4,1,0
2025-06-24,ANA202506240,BOS,"Narvaez, Carlos",narvc002,2,1,empty,empty,1,strikeout,4,1,0
2025-06-24,ANA202506240,BOS,"Duran, Jarren",duraj001,2,2,empty,empty,1,strikeout,4,1,0
2025-06-24,ANA202506240,BOS,"Story, Trevor",stort001,2,0,empty,empty,1,field_out,5,1,0
2025-06-24,ANA202506240,BOS,"Rafaela, Ceddanne",rafac001,2,1,empty,empty,1,field_out,5,1,0
2025-06-24,ANA202506240,BOS,"Mayer, Marcelo",mayem002,2,2,empty,empty,1,single,5,1,0
2025-06-24,ANA202506240,BOS,"Eaton, Nate",eaton001,2,2,1B,1B,1,walk,5,1,0
2025-06-24,ANA202506240,BOS,"Refsnyder, Rob",refsr001,3,2,1B+2B,1B+2B,1,field_out,5,1,0
2025-06-24,ANA202506240,BOS,"Anthony, Roman",anthr001,3,0,empty,empty,1,field_out,6,1,0
2025-06-24,ANA202506240,BOS,"Gonzalez, Romy",gonzr003,3,1,empty,empty,1,strikeout,6,1,0
2025-06-24,ANA202506240,BOS,"Narvaez, Carlos",narvc002,3,2,empty,empty,1,field_out,6,1,0
2025-06-24,ANA202506240,BOS,"Duran, Jarren",duraj001,3,0,empty,empty,1,double,7,1,0
2025-06-24,ANA202506240,BOS,"Story, Trevor",stort001,3,0,2B,2B,1,field_out,7,1,0
2025-06-24,ANA202506240,BOS,"Rafaela, Ceddanne",rafac001,3,1,2B,2B,1,field_out,7,1,0
2025-06-24,ANA202506240,BOS,"Mayer, Marcelo",mayem002,3,2,2B,2B,1,strikeout,7,1,0
2025-06-24,ANA202506240,BOS,"Toro, Abraham",toroa001,1,0,empty,empty,1,field_out,8,1,0
2025-06-24,ANA202506240,BOS,"Abreu, Wilyer",abrew002,1,1,empty,empty,1,strikeout,8,1,0
2025-06-24,ANA202506240,BOS,"Anthony, Roman",anthr001,4,2,empty,empty,1,field_out,8,1,0
2025-06-24,ANA202506240,BOS,"Gonzalez, Romy",gonzr003,4,0,empty,empty,1,field_error,9,1,1
2025-06-24,ANA202506240,BOS,"Narvaez, Carlos",narvc002,4,0,1B,2B,0,field_out,9,1,1
2025-06-24,ANA202506240,BOS,"Duran, Jarren",duraj001,4,1,2B,2B,1,walk,9,1,1
2025-06-24,ANA202506240,BOS,"Story, Trevor",stort001,4,1,1B+2B,1B+2B,1,field_out,9,1,1
2025-06-24,ANA202506240,BOS,"Rafaela, Ceddanne",rafac001,4,2,1B+2B,1B+2B,1,field_out,9,1,1
2025-06-24,ANA202506240,BOS,"Mayer, Marcelo",mayem002,4,0,2B,2B,1,single,10,1,1
2025-06-24,ANA202506240,BOS,"Hamilton, David",hamid002,1,0,1B,1B,1,grounded_into_double_play,10,2,1
2025-06-24,ANA202506240,BOS,"Abreu, Wilyer",abrew002,2,2,empty,empty,1,single,10,2,1
2025-06-24,ANA202506240,BOS,"Anthony, Roman",anthr001,5,2,1B,1B,1,strikeout,10,2,1
2025-06-25,ANA202506250,BOS,"Refsnyder, Rob",refsr001,1,0,empty,empty,1,strikeout,1,0,0
2025-06-25,ANA202506250,BOS,"Duran, Jarren",duraj001,1,1,empty,empty,1,field_error,1,0,0
2025-06-25,ANA202506250,BOS,"Gonzalez, Romy",gonzr003,1,1,1B,1B,1,single,1,0,0
2025-06-25,ANA202506250,BOS,"Narvaez, Carlos",narvc002,1,1,1B+3B,1B+3B,1,field_out,1,0,0
2025-06-25,ANA202506250,BOS,"Abreu, Wilyer",abrew002,1,2,1B+3B,1B+3B,1,walk,1,0,0
2025-06-25,ANA202506250,BOS,"Story, Trevor",stort001,1,2,1B+2B+3B,1B+2B+3B,1,single,1,0,0
2025-06-25,ANA202506250,BOS,"Rafaela, Ceddanne",rafac001,1,2,1B+3B,1B+3B,1,field_out,1,2,0
2025-06-25,ANA202506250,BOS,"Mayer, Marcelo",mayem002,1,0,empty,empty,1,strikeout,2,2,0
2025-06-25,ANA202506250,BOS,"Eaton, Nate",eaton001,1,1,empty,empty,1,strikeout,2,2,0
2025-06-25,ANA202506250,BOS,"Refsnyder, Rob",refsr001,2,2,empty,empty,1,strikeout,2,2,0
2025-06-25,ANA202506250,BOS,"Duran, Jarren",duraj001,2,0,empty,empty,1,strikeout,3,2,0
2025-06-25,ANA202506250,BOS,"Gonzalez, Romy",gonzr003,2,1,empty,empty,1,field_out,3,2,0
2025-06-25,ANA202506250,BOS,"Narvaez, Carlos",narvc002,2,2,empty,empty,1,single,3,2,0
2025-06-25,ANA202506250,BOS,"Abreu, Wilyer",abrew002,2,2,1B,1B,1,strikeout,3,2,0
2025-06-25,ANA202506250,BOS,"Story, Trevor",stort001,2,0,empty,empty,1,strikeout,4,2,0
2025-06-25,ANA202506250,BOS,"Rafaela, Ceddanne",rafac001,2,1,empty,empty,1,strikeout,4,2,0
2025-06-25,ANA202506250,BOS,"Mayer, Marcelo",mayem002,2,2,empty,empty,1,field_out,4,2,0
2025-06-25,ANA202506250,BOS,"Eaton, Nate",eaton001,2,0,empty,empty,1,strikeout,5,2,2
2025-06-25,ANA202506250,BOS,"Refsnyder, Rob",refsr001,3,1,empty,empty,1,strikeout,5,2,2
2025-06-25,ANA202506250,BOS,"Duran, Jarren",duraj001,3,2,empty,empty,1,strikeout,5,2,2
2025-06-25,ANA202506250,BOS,"Gonzalez, Romy",gonzr003,3,0,empty,empty,1,field_out,6,2,4
2025-06-25,ANA202506250,BOS,"Narvaez, Carlos",narvc002,3,1,empty,empty,1,field_out,6,2,4
2025-06-25,ANA202506250,BOS,"Abreu, Wilyer",abrew002,3,2,empty,empty,1,field_out,6,2,4
2025-06-25,ANA202506250,BOS,"Story, Trevor",stort001,3,0,empty,empty,1,field_out,7,2,5
2025-06-25,ANA202506250,BOS,"Rafaela, Ceddanne",rafac001,3,1,empty,empty,1,strikeout,7,2,5
2025-06-25,ANA202506250,BOS,"Mayer, Marcelo",mayem002,3,2,empty,empty,1,field_out,7,2,5
2025-06-25,ANA202506250,BOS,"Hamilton, David",hamid002,1,0,empty,empty,1,field_out,8,2,5
2025-06-25,ANA202506250,BOS,"Anthony, Roman",anthr001,1,1,empty,empty,1,walk,8,2,5
2025-06-25,ANA202506250,BOS,"Duran, Jarren",duraj001,4,1,1B,1B,1,field_out,8,2,5
2025-06-25,ANA202506250,BOS,"Toro, Abraham",toroa001,1,2,1B,1B,1,field_out,8,2,5
2025-06-25,ANA202506250,BOS,"Narvaez, Carlos",narvc002,4,0,empty,empty,1,strikeout,9,2,5
2025-06-25,ANA202506250,BOS,"Abreu, Wilyer",abrew002,4,1,empty,empty,1,strikeout,9,2,5
2025-06-25,ANA202506250,BOS,"Story, Trevor",stort001,4,2,empty,empty,1,field_out,9,2,5
2025-06-27,BOS202506270,BOS,"Duran, Jarren",duraj001,1,0,empty,empty,1,field_out,1,0,1
2025-06-27,BOS202506270,BOS,"Toro, Abraham",toroa001,1,1,empty,empty,1,field_out,1,0,1
2025-06-27,BOS202506270,BOS,"Anthony, Roman",anthr001,1,2,empty,empty,1,double,1,0,1
2025-06-27,BOS202506270,BOS,"Story, Trevor",stort001,1,2,2B,2B,1,strikeout,1,0,1
2025-06-27,BOS202506270,BOS,"Abreu, Wilyer",abrew002,1,0,empty,empty,1,single,2,0,2
2025-06-27,BOS202506270,BOS,"Rafaela, Ceddanne",rafac001,1,0,1B,1B,1,grounded_into_double_play,2,0,2
2025-06-27,BOS202506270,BOS,"Hamilton, David",hamid002,1,2,empty,empty,1,field_out,2,0,2
2025-06-27,BOS202506270,BOS,"Wong, Connor",wongc001,1,0,empty,empty,1,strikeout,3,0,3
2025-06-27,BOS202506270,BOS,"Sogard, Nick",sogan001,1,1,empty,empty,1,strikeout,3,0,3
2025-06-27,BOS202506270,BOS,"Duran, Jarren",duraj001,2,2,empty,empty,1,field_out,3,0,3
2025-06-27,BOS202506270,BOS,"Toro, Abraham",toroa001,2,0,empty,empty,1,strikeout,4,0,3
2025-06-27,BOS202506270,BOS,"Anthony, Roman",anthr001,2,1,empty,empty,1,strikeout,4,0,3
2025-06-27,BOS202506270,BOS,"Story, Trevor",stort001,2,2,empty,empty,1,field_out,4,0,3
2025-06-27,BOS202506270,BOS,"Abreu, Wilyer",abrew002,2,0,empty,empty,1,strikeout,5,0,3
2025-06-27,BOS202506270,BOS,"Rafaela, Ceddanne",rafac001,2,1,empty,empty,1,single,5,0,3
2025-06-27,BOS202506270,BOS,"Hamilton, David",hamid002,2,1,1B,1B,1,walk,5,0,3
2025-06-27,BOS202506270,BOS,"Wong, Connor",wongc001,2,1,1B+2B,1B+2B,1,strikeout,5,0,3
2025-06-27,BOS202506270,BOS,"Sogard, Nick",sogan001,2,2,1B+2B,1B+2B,1,field_out,5,0,3
2025-06-27,BOS202506270,BOS,"Duran, Jarren",duraj001,3,0,empty,empty,1,single,6,0,3
2025-06-27,BOS202506270,BOS,"Toro, Abraham",toroa001,3,0,1B,1B,1,field_out,6,0,3
2025-06-27,BOS202506270,BOS,"Anthony, Roman",anthr001,3,1,1B,1B,1,grounded_into_double_play,6,0,3
2025-06-27,BOS202506270,BOS,"Story, Trevor",stort001,3,0,empty,empty,1,strikeout,7,0,5
2025-06-27,BOS202506270,BOS,"Abreu, Wilyer",abrew002,3,1,empty,empty,1,field_out,7,0,5
2025-06-27,BOS202506270,BOS,"Rafaela, Ceddanne",rafac001,3,2,empty,empty,1,field_out,7,0,5
2025-06-27,BOS202506270,BOS,"Hamilton, David",hamid002,3,0,empty,empty,1,walk,8,0,9
2025-06-27,BOS202506270,BOS,"Wong, Connor",wongc001,3,0,1B,1B,1,field_out,8,0,9
2025-06-27,BOS202506270,BOS,"Sogard, Nick",sogan001,3,1,1B,1B,1,grounded_into_double_play,8,0,9
2025-06-27,BOS202506270,BOS,"Duran, Jarren",duraj001,4,0,empty,empty,1,field_out,9,0,9
2025-06-27,BOS202506270,BOS,"Toro, Abraham",toroa001,4,1,empty,empty,1,field_out,9,0,9
2025-06-27,BOS202506270,BOS,"Eaton, Nate",eaton001,1,2,empty,empty,1,field_out,9,0,9
2025-06-28,BOS202506280,BOS,"Duran, Jarren",duraj001,1,0,empty,empty,1,strikeout,1,0,0
2025-06-28,BOS202506280,BOS,"Anthony, Roman",anthr001,1,1,empty,empty,1,field_out,1,0,0
2025-06-28,BOS202506280,BOS,"Toro, Abraham",toroa001,1,2,empty,empty,1,single,1,0,0
2025-06-28,BOS202506280,BOS,"Narvaez, Carlos",narvc002,1,2,1B,1B,1,single,1,0,0
2025-06-28,BOS202506280,BOS,"Abreu, Wilyer",abrew002,1,2,1B+2B,1B+2B,1,home_run,1,0,0
2025-06-28,BOS202506280,BOS,"Story, Trevor",stort001,1,2,empty,empty,1,walk,1,3,0
2025-06-28,BOS202506280,BOS,"Gonzalez, Romy",gonzr003,1,2,1B,1B,1,single,1,3,0
2025-06-28,BOS202506280,BOS,"Sogard, Nick",sogan001,1,2,1B+3B,1B+3B,1,hit_by_pitch,1,3,0
2025-06-28,BOS202506280,BOS,"Rafaela, Ceddanne",rafac001,1,2,1B+2B+3B,1B+2B+3B,1,field_out,1,3,0
2025-06-28,BOS202506280,BOS,"Duran, Jarren",duraj001,2,0,empty,empty,1,field_out,2,3,0
2025-06-28,BOS202506280,BOS,"Anthony, Roman",anthr001,2,1,empty,empty,1,single,2,3,0
2025-06-28,BOS202506280,BOS,"Toro, Abraham",toroa001,2,1,1B,1B,1,walk,2,3,0
2025-06-28,BOS202506280,BOS,"Narvaez, Carlos",narvc002,2,1,1B+2B,1B+2B,1,strikeout,2,3,0
2025-06-28,BOS202506280,BOS,"Abreu, Wilyer",abrew002,2,2,1B+2B,1B+2B,1,double,2,3,0
2025-06-28,BOS202506280,BOS,"Story, Trevor",stort001,2,2,2B+3B,2B+3B,1,single,2,4,0
2025-06-28,BOS202506280,BOS,"Gonzalez, Romy",gonzr003,2,2,1B,2B,0,strikeout,2,6,0
2025-06-28,BOS202506280,BOS,"Sogard, Nick",sogan001,2,0,empty,empty,1,walk,3,6,1
2025-06-28,BOS202506280,BOS,"Rafaela, Ceddanne",rafac001,2,0,1B,1B,1,single,3,6,1
2025-06-28,BOS202506280,BOS,"Duran, Jarren",duraj001,3,0,1B+2B,1B+2B,1,walk,3,6,1
2025-06-28,BOS202506280,BOS,"Anthony, Roman",anthr001,3,0,1B+2B+3B,1B+2B+3B,1,field_out,3,6,1
2025-06-28,BOS202506280,BOS,"Toro, Abraham",toroa001,3,1,1B+2B+3B,1B+2B+3B,1,walk,3,6,1
2025-06-28,BOS202506280,BOS,"Narvaez, Carlos",narvc002,3,1,1B+2B+3B,1B+2B+3B,1,sac_fly,3,7,1
2025-06-28,BOS202506280,BOS,"Abreu, Wilyer",abrew002,3,2,1B+3B,3B,0,strikeout,3,9,1
2025-06-28,BOS202506280,BOS,"Story, Trevor",stort001,3,0,empty,empty,1,field_out,4,9,1
2025-06-28,BOS202506280,BOS,"Gonzalez, Romy",gonzr003,3,1,empty,empty,1,double,4,9,1
2025-06-28,BOS202506280,BOS,"Sogard, Nick",sogan001,3,1,2B,2B,1,field_out,4,9,1
2025-06-28,BOS202506280,BOS,"Rafaela, Ceddanne",rafac001,3,2,3B,3B,1,field_out,4,9,1
2025-06-28,BOS202506280,BOS,"Duran, Jarren",duraj001,4,0,empty,empty,1,strikeout,5,9,1
2025-06-28,BOS202506280,BOS,"Anthony, Roman",anthr001,4,1,empty,empty,1,double,5,9,1
2025-06-28,BOS202506280,BOS,"Toro, Abraham",toroa001,4,1,2B,2B,1,single,5,9,1
2025-06-28,BOS202506280,BOS,"Narvaez, Carlos",narvc002,4,1,1B+3B,1B+3B,1,field_out,5,9,1
2025-06-28,BOS202506280,BOS,"Abreu, Wilyer",abrew002,4,2,1B+3B,1B+3B,1,field_out,5,9,1
2025-06-28,BOS202506280,BOS,"Story, Trevor",stort001,4,0,empty,empty,1,double,6,9,1
2025-06-28,BOS202506280,BOS,"Gonzalez, Romy",gonzr003,4,0,2B,2B,1,field_out,6,9,1
2025-06-28,BOS202506280,BOS,"Sogard, Nick",sogan001,4,1,2B,2B,1,single,6,9,1
2025-06-28,BOS202506280,BOS,"Rafaela, Ceddanne",rafac001,4,1,1B,1B,1,home_run,6,10,1
2025-06-28,BOS202506280,BOS,"Duran, Jarren",duraj001,5,1,empty,empty,1,walk,6,12,1
2025-06-28,BOS202506280,BOS,"Anthony, Roman",anthr001,5,1,1B,1B,1,strikeout,6,12,1
2025-06-28,BOS202506280,BOS,"Toro, Abraham",toroa001,5,2,1B,1B,1,field_out,6,12,1
2025-06-28,BOS202506280,BOS,"Narvaez, Carlos",narvc002,5,0,empty,empty,1,single,7,12,1
2025-06-28,BOS202506280,BOS,"Abreu, Wilyer",abrew002,5,0,1B,1B,1,strikeout,7,12,1
2025-06-28,BOS202506280,BOS,"Eaton, Nate",eaton001,1,1,1B,1B,1,field_out,7,12,1
2025-06-28,BOS202506280,BOS,"Gonzalez, Romy",gonzr003,5,2,1B,1B,1,home_run,7,12,1
2025-06-28,BOS202506280,BOS,"Sogard, Nick",sogan001,5,2,empty,empty,1,double,7,14,1
2025-06-28,BOS202506280,BOS,"Rafaela, Ceddanne",rafac001,5,2,2B,2B,1,field_out,7,14,1
2025-06-28,BOS202506280,BOS,"Duran, Jarren",duraj001,6,0,empty,empty,1,hit_by_pitch,8,14,1
2025-06-28,BOS202506280,BOS,"Anthony, Roman",anthr001,6,0,1B,1B,1,double,8,14,1
2025-06-28,BOS202506280,BOS,"Toro, Abraham",toroa001,6,0,2B+3B,2B+3B,1,sac_fly,8,14,1
2025-06-28,BOS202506280,BOS,"Narvaez, Carlos",narvc002,6,1,2B,2B,1,field_out,8,15,1
2025-06-28,BOS202506280,BOS,"Abreu, Wilyer",abrew002,6,2,2B,2B,1,field_out,8,15,1
2025-06-29,BOS202506290,BOS,"Gonzalez, Romy",gonzr003,1,0,empty,empty,1,field_out,1,0,2
2025-06-29,BOS202506290,BOS,"Anthony, Roman",anthr001,1,1,empty,empty,1,field_out,1,0,2
2025-06-29,BOS202506290,BOS,"Refsnyder, Rob",refsr001,1,2,empty,empty,1,field_out,1,0,2
2025-06-29,BOS202506290,BOS,"Narvaez, Carlos",narvc002,1,0,empty,empty,1,home_run,2,0,2
2025-06-29,BOS202506290,BOS,"Story, Trevor",stort001,1,0,empty,empty,1,single,2,1,2
2025-06-29,BOS202506290,BOS,"Duran, Jarren",duraj001,1,0,1B,1B,1,field_out,2,1,2
2025-06-29,BOS202506290,BOS,"Rafaela, Ceddanne",rafac001,1,1,1B,2B,0,double,2,1,2
2025-06-29,BOS202506290,BOS,"Eaton, Nate",eaton001,1,1,2B,2B,1,field_out,2,2,2
2025-06-29,BOS202506290,BOS,"Sogard, Nick",sogan001,1,2,2B,2B,1,strikeout,2,2,2
2025-06-29,BOS202506290,BOS,"Gonzalez, Romy",gonzr003,2,0,empty,empty,1,field_out,3,2,2
2025-06-29,BOS202506290,BOS,"Anthony, Roman",anthr001,2,1,empty,empty,1,single,3,2,2
2025-06-29,BOS202506290,BOS,"Refsnyder, Rob",refsr001,2,1,1B,1B,1,strikeout,3,2,2
2025-06-29,BOS202506290,BOS,"Narvaez, Carlos",narvc002,2,2,1B,1B,1,field_out,3,2,2
2025-06-29,BOS202506290,BOS,"Story, Trevor",stort001,2,0,empty,empty,1,field_out,4,2,4
2025-06-29,BOS202506290,BOS,"Duran, Jarren",duraj001,2,1,empty,empty,1,strikeout,4,2,4
2025-06-29,BOS202506290,BOS,"Rafaela, Ceddanne",rafac001,2,2,empty,empty,1,field_out,4,2,4
2025-06-29,BOS202506290,BOS,"Eaton, Nate",eaton001,2,0,empty,empty,1,strikeout,5,2,5
2025-06-29,BOS202506290,BOS,"Sogard, Nick",sogan001,2,1,empty,empty,1,double,5,2,5
2025-06-29,BOS202506290,BOS,"Gonzalez, Romy",gonzr003,3,1,2B,2B,1,double,5,2,5
2025-06-29,BOS202506290,BOS,"Anthony, Roman",anthr001,3,1,2B,2B,1,single,5,3,5
2025-06-29,BOS202506290,BOS,"Abreu, Wilyer",abrew002,1,1,1B+2B,2B+3B,0,field_out,5,3,5
2025-06-29,BOS202506290,BOS,"Narvaez, Carlos",narvc002,3,2,2B+3B,2B+3B,1,field_out,5,3,5
2025-06-29,BOS202506290,BOS,"Story, Trevor",stort001,3,0,empty,empty,1,strikeout,6,3,5
2025-06-29,BOS202506290,BOS,"Duran, Jarren",duraj001,3,1,empty,empty,1,triple,6,3,5
2025-06-29,BOS202506290,BOS,"Rafaela, Ceddanne",rafac001,3,1,3B,3B,1,field_out,6,3,5
2025-06-29,BOS202506290,BOS,"Toro, Abraham",toroa001,1,2,3B,3B,1,hit_by_pitch,6,3,5
2025-06-29,BOS202506290,BOS,"Sogard, Nick",sogan001,3,2,1B+3B,1B+3B,1,field_out,6,3,5
2025-06-29,BOS202506290,BOS,"Gonzalez, Romy",gonzr003,4,0,empty,empty,1,field_out,7,3,5
2025-06-29,BOS202506290,BOS,"Anthony, Roman",anthr001,4,1,empty,empty,1,strikeout,7,3,5
2025-06-29,BOS202506290,BOS,"Abreu, Wilyer",abrew002,2,2,empty,empty,1,field_out,7,3,5
2025-06-29,BOS202506290,BOS,"Narvaez, Carlos",narvc002,4,0,empty,empty,1,walk,8,3,5
2025-06-29,BOS202506290,BOS,"Story, Trevor",stort001,4,0,1B,1B,1,field_out,8,3,5
2025-06-29,BOS202506290,BOS,"Duran, Jarren",duraj001,4,1,2B,2B,1,field_out,8,3,5
2025-06-29,BOS202506290,BOS,"Rafaela, Ceddanne",rafac001,4,2,2B,2B,1,field_out,8,3,5
2025-06-29,BOS202506290,BOS,"Toro, Abraham",toroa001,2,0,empty,empty,1,strikeout,9,3,5
2025-06-29,BOS202506290,BOS,"Sogard, Nick",sogan001,4,1,empty,empty,1,strikeout,9,3,5
2025-06-29,BOS202506290,BOS,"Gonzalez, Romy",gonzr003,5,2,empty,empty,1,strikeout,9,3,5
2025-06-30,BOS202506300,BOS,"Duran, Jarren",duraj001,1,0,empty,empty,1,walk,1,0,0
2025-06-30,BOS202506300,BOS,"Anthony, Roman",anthr001,1,0,1B,1B,1,fielders_choice,1,0,0
2025-06-30,BOS202506300,BOS,"Toro, Abraham",toroa001,1,0,1B+3B,1B+3B,1,single,1,0,0
2025-06-30,BOS202506300,BOS,"Narvaez, Carlos",narvc002,1,0,1B+2B,1B+2B,1,double,1,1,0
2025-06-30,BOS202506300,BOS,"Abreu, Wilyer",abrew002,1,0,2B+3B,2B+3B,1,field_out,1,2,0
2025-06-30,BOS202506300,BOS,"Story, Trevor",stort001,1,1,2B+3B,2B+3B,1,home_run,1,2,0
2025-06-30,BOS202506300,BOS,"Mayer, Marcelo",mayem002,1,1,empty,empty,1,double,1,5,0
2025-06-30,BOS202506300,BOS,"Hamilton, David",hamid002,1,1,2B,2B,1,single,1,5,0
2025-06-30,BOS202506300,BOS,"Rafaela, Ceddanne",rafac001,1,1,1B,2B,0,walk,1,6,0
2025-06-30,BOS202506300,BOS,"Duran, Jarren",duraj001,2,1,1B+2B,1B+2B,1,strikeout,1,6,0
2025-06-30,BOS202506300,BOS,"Anthony, Roman",anthr001,2,2,1B+2B,1B+2B,1,single,1,6,0
2025-06-30,BOS202506300,BOS,"Toro, Abraham",toroa001,2,2,1B+3B,1B+3B,1,walk,1,7,0
2025-06-30,BOS202506300,BOS,"Narvaez, Carlos",narvc002,2,2,1B+2B+3B,1B+2B+3B,1,field_out,1,7,0
2025-06-30,BOS202506300,BOS,"Abreu, Wilyer",abrew002,2,0,empty,empty,1,field_out,2,7,0
2025-06-30,BOS202506300,BOS,"Story, Trevor",stort001,2,1,empty,empty,1,field_out,2,7,0
2025-06-30,BOS202506300,BOS,"Mayer, Marcelo",mayem002,2,2,empty,empty,1,field_out,2,7,0
2025-06-30,BOS202506300,BOS,"Hamilton, David",hamid002,2,0,empty,empty,1,field_out,3,7,0
2025-06-30,BOS202506300,BOS,"Rafaela, Ceddanne",rafac001,2,1,empty,empty,1,field_out,3,7,0
2025-06-30,BOS202506300,BOS,"Duran, Jarren",duraj001,3,2,empty,empty,1,field_out,3,7,0
2025-06-30,BOS202506300,BOS,"Anthony, Roman",anthr001,3,0,empty,empty,1,single,4,7,3
2025-06-30,BOS202506300,BOS,"Toro, Abraham",toroa001,3,0,1B,1B,1,field_out,4,7,3
2025-06-30,BOS202506300,BOS,"Narvaez, Carlos",narvc002,3,1,1B,1B,1,grounded_into_double_play,4,7,3
2025-06-30,BOS202506300,BOS,"Abreu, Wilyer",abrew002,3,0,empty,empty,1,home_run,5,7,4
2025-06-30,BOS202506300,BOS,"Story, Trevor",stort001,3,0,empty,empty,1,double,5,8,4
2025-06-30,BOS202506300,BOS,"Mayer, Marcelo",mayem002,3,0,2B,2B,1,field_out,5,8,4
2025-06-30,BOS202506300,BOS,"Hamilton, David",hamid002,3,1,2B,2B,1,field_out,5,8,4
2025-06-30,BOS202506300,BOS,"Rafaela, Ceddanne",rafac001,3,2,2B,2B,1,field_out,5,8,4
2025-06-30,BOS202506300,BOS,"Duran, Jarren",duraj001,4,0,empty,empty,1,home_run,6,8,5
2025-06-30,BOS202506300,BOS,"Anthony, Roman",anthr001,4,0,empty,empty,1,strikeout,6,9,5
2025-06-30,BOS202506300,BOS,"Toro, Abraham",toroa001,4,1,empty,empty,1,field_out,6,9,5
2025-06-30,BOS202506300,BOS,"Narvaez, Carlos",narvc002,4,2,empty,empty,1,single,6,9,5
2025-06-30,BOS202506300,BOS,"Abreu, Wilyer",abrew002,4,2,1B,1B,1,field_out,6,9,5
2025-06-30,BOS202506300,BOS,"Story, Trevor",stort001,4,0,empty,empty,1,field_out,7,9,5
2025-06-30,BOS202506300,BOS,"Mayer, Marcelo",mayem002,4,1,empty,empty,1,single,7,9,5
2025-06-30,BOS202506300,BOS,"Hamilton, David",hamid002,4,2,1B,empty,0,field_out,7,9,5
2025-06-30,BOS202506300,BOS,"Rafaela, Ceddanne",rafac001,4,0,empty,empty,1,double,8,9,5
2025-06-30,BOS202506300,BOS,"Duran, Jarren",duraj001,5,0,2B,2B,1,walk,8,9,5
2025-06-30,BOS202506300,BOS,"Anthony, Roman",anthr001,5,0,1B+2B,1B+2B,1,strikeout,8,9,5
2025-06-30,BOS202506300,BOS,"Toro, Abraham",toroa001,5,1,1B+2B,1B+2B,1,walk,8,9,5
2025-06-30,BOS202506300,BOS,"Narvaez, Carlos",narvc002,5,1,1B+2B+3B,1B+2B+3B,1,strikeout,8,9,5
2025-06-30,BOS202506300,BOS,"Abreu, Wilyer",abrew002,5,2,1B+2B+3B,1B+2B+3B,1,home_run,8,9,5
2025-06-30,BOS202506300,BOS,"Story, Trevor",stort001,5,2,empty,empty,1,walk,8,13,5
2025-06-30,BOS202506300,BOS,"Mayer, Marcelo",mayem002,5,2,1B,1B,1,strikeout,8,13,5
2025-07-01,BOS202507010,BOS,"Duran, Jarren",duraj001,1,0,empty,empty,1,double,1,0,0
2025-07-01,BOS202507010,BOS,"Anthony, Roman",anthr001,1,0,2B,2B,1,double,1,0,0
2025-07-01,BOS202507010,BOS,"Toro, Abraham",toroa001,1,0,2B,2B,1,field_out,1,1,0
2025-07-01,BOS202507010,BOS,"Narvaez, Carlos",narvc002,1,1,3B,3B,1,single,1,1,0
2025-07-01,BOS202507010,BOS,"Abreu, Wilyer",abrew002,1,1,1B,1B,1,walk,1,2,0
2025-07-01,BOS202507010,BOS,"Story, Trevor",stort001,1,1,1B+2B,1B+2B,1,strikeout,1,2,0
2025-07-01,BOS202507010,BOS,"Mayer, Marcelo",mayem002,1,2,1B+2B,1B+2B,1,strikeout,1,2,0
2025-07-01,BOS202507010,BOS,"Hamilton, David",hamid002,1,0,empty,empty,1,field_out,2,2,0
2025-07-01,BOS202507010,BOS,"Rafaela, Ceddanne",rafac001,1,1,empty,empty,1,field_out,2,2,0
2025-07-01,BOS202507010,BOS,"Duran, Jarren",duraj001,2,2,empty,empty,1,strikeout,2,2,0
2025-07-01,BOS202507010,BOS,"Anthony, Roman",anthr001,2,0,empty,empty,1,field_out,3,2,1
2025-07-01,BOS202507010,BOS,"Toro, Abraham",toroa001,2,1,empty,empty,1,field_out,3,2,1
2025-07-01,BOS202507010,BOS,"Narvaez, Carlos",narvc002,2,2,empty,empty,1,walk,3,2,1
2025-07-01,BOS202507010,BOS,"Abreu, Wilyer",abrew002,2,2,1B,1B,1,strikeout,3,2,1
2025-07-02,BOS202507010,BOS,"Story, Trevor",stort001,2,0,empty,empty,1,field_out,4,2,3
2025-07-02,BOS202507010,BOS,"Mayer, Marcelo",mayem002,2,1,empty,empty,1,strikeout,4,2,3
2025-07-02,BOS202507010,BOS,"Hamilton, David",hamid002,2,2,empty,empty,1,field_out,4,2,3
2025-07-02,BOS202507010,BOS,"Rafaela, Ceddanne",rafac001,2,0,empty,empty,1,strikeout,5,2,3
2025-07-02,BOS202507010,BOS,"Duran, Jarren",duraj001,3,1,empty,empty,1,strikeout,5,2,3
2025-07-02,BOS202507010,BOS,"Anthony, Roman",anthr001,3,2,empty,empty,1,strikeout,5,2,3
2025-07-02,BOS202507010,BOS,"Toro, Abraham",toroa001,3,0,empty,empty,1,double,6,2,3
2025-07-02,BOS202507010,BOS,"Narvaez, Carlos",narvc002,3,0,2B,3B,0,sac_fly,6,2,3
2025-07-02,BOS202507010,BOS,"Abreu, Wilyer",abrew002,3,1,empty,empty,1,single,6,3,3
2025-07-02,BOS202507010,BOS,"Story, Trevor",stort001,3,1,1B,1B,1,field_out,6,3,3
2025-07-02,BOS202507010,BOS,"Mayer, Marcelo",mayem002,3,2,1B,2B,0,field_out,6,3,3
2025-07-02,BOS202507010,BOS,"Hamilton, David",hamid002,3,0,empty,empty,1,field_out,7,3,3
2025-07-02,BOS202507010,BOS,"Rafaela, Ceddanne",rafac001,3,1,empty,empty,1,field_out,7,3,3
2025-07-02,BOS202507010,BOS,"Duran, Jarren",duraj001,4,2,empty,empty,1,strikeout,7,3,3
2025-07-02,BOS202507010,BOS,"Anthony, Roman",anthr001,4,0,empty,empty,1,strikeout,8,3,3
2025-07-02,BOS202507010,BOS,"Toro, Abraham",toroa001,4,1,empty,empty,1,single,8,3,3
2025-07-02,BOS202507010,BOS,"Narvaez, Carlos",narvc002,4,1,1B,2B,0,field_out,8,3,3
2025-07-02,BOS202507010,BOS,"Abreu, Wilyer",abrew002,4,2,3B,3B,1,single,8,3,3
2025-07-02,BOS202507010,BOS,"Story, Trevor",stort001,4,2,1B,1B,1,double,8,4,3
2025-07-02,BOS202507020,BOS,"Duran, Jarren",duraj001,1,0,empty,empty,1,strikeout,1,0,0
2025-07-02,BOS202507020,BOS,"Anthony, Roman",anthr001,1,1,empty,empty,1,field_out,1,0,0
2025-07-02,BOS202507020,BOS,"Toro, Abraham",toroa001,1,2,empty,empty,1,single,1,0,0
2025-07-02,BOS202507020,BOS,"Story, Trevor",stort001,1,2,1B,1B,1,single,1,0,0
2025-07-02,BOS202507020,BOS,"Abreu, Wilyer",abrew002,1,2,1B+2B,1B+2B,1,field_out,1,0,0
2025-07-02,BOS202507020,BOS,"Rafaela, Ceddanne",rafac001,1,0,empty,empty,1,double,2,0,0
2025-07-02,BOS202507020,BOS,"Mayer, Marcelo",mayem002,1,0,3B,3B,1,field_out,2,0,0
2025-07-02,BOS202507020,BOS,"Gonzalez, Romy",gonzr003,1,1,3B,3B,1,sac_fly,2,0,0
2025-07-02,BOS202507020,BOS,"Wong, Connor",wongc001,1,2,empty,empty,1,single,2,1,0
2025-07-02,BOS202507020,BOS,"Duran, Jarren",duraj001,2,0,1B,empty,0,field_out,3,1,0
2025-07-02,BOS202507020,BOS,"Anthony, Roman",anthr001,2,1,empty,empty,1,field_out,3,1,0
2025-07-02,BOS202507020,BOS,"Toro, Abraham",toroa001,2,2,empty,empty,1,field_out,3,1,0
2025-07-02,BOS202507020,BOS,"Story, Trevor",stort001,2,0,empty,empty,1,double,4,1,0
2025-07-02,BOS202507020,BOS,"Abreu, Wilyer",abrew002,2,0,2B,2B,1,strikeout,4,1,0
2025-07-02,BOS202507020,BOS,"Rafaela, Ceddanne",rafac001,2,1,2B,2B,1,field_out,4,1,0
2025-07-02,BOS202507020,BOS,"Mayer, Marcelo",mayem002,2,2,2B,2B,1,field_out,4,1,0
2025-07-02,BOS202507020,BOS,"Gonzalez, Romy",gonzr003,2,0,empty,empty,1,field_out,5,1,0
2025-07-02,BOS202507020,BOS,"Wong, Connor",wongc001,2,1,empty,empty,1,field_out,5,1,0
2025-07-02,BOS202507020,BOS,"Duran, Jarren",duraj001,3,2,empty,empty,1,field_out,5,1,0
2025-07-02,BOS202507020,BOS,"Anthony, Roman",anthr001,3,0,empty,empty,1,field_out,6,1,0
2025-07-02,BOS202507020,BOS,"Toro, Abraham",toroa001,3,1,empty,empty,1,field_out,6,1,0
2025-07-02,BOS202507020,BOS,"Story, Trevor",stort001,3,2,empty,empty,1,single,6,1,0
2025-07-02,BOS202507020,BOS,"Abreu, Wilyer",abrew002,3,2,1B,1B,1,home_run,6,1,0
2025-07-02,BOS202507020,BOS,"Rafaela, Ceddanne",rafac001,3,2,empty,empty,1,field_out,6,3,0
2025-07-02,BOS202507020,BOS,"Mayer, Marcelo",mayem002,3,0,empty,empty,1,double,7,3,5
2025-07-02,BOS202507020,BOS,"Gonzalez, Romy",gonzr003,3,0,2B,2B,1,double,7,3,5
2025-07-02,BOS202507020,BOS,"Wong, Connor",wongc001,3,1,empty,empty,1,field_out,7,4,5
2025-07-02,BOS202507020,BOS,"Duran, Jarren",duraj001,4,2,empty,empty,1,single,7,4,5
2025-07-02,BOS202507020,BOS,"Anthony, Roman",anthr001,4,2,1B,1B,1,strikeout,7,4,5
2025-07-02,BOS202507020,BOS,"Toro, Abraham",toroa001,4,0,empty,empty,1,strikeout,8,4,8
2025-07-02,BOS202507020,BOS,"Story, Trevor",stort001,4,1,empty,empty,1,field_out,8,4,8
2025-07-02,BOS202507020,BOS,"Abreu, Wilyer",abrew002,4,2,empty,empty,1,field_out,8,4,8
2025-07-02,BOS202507020,BOS,"Rafaela, Ceddanne",rafac001,4,0,empty,empty,1,double,9,4,8
2025-07-02,BOS202507020,BOS,"Mayer, Marcelo",mayem002,4,0,2B,2B,1,strikeout,9,4,8
2025-07-02,BOS202507020,BOS,"Gonzalez, Romy",gonzr003,4,1,2B,2B,1,strikeout,9,4,8
2025-07-02,BOS202507020,BOS,"Wong, Connor",wongc001,4,2,2B,2B,1,field_out,9,4,8
2025-07-04,WAS202507040,BOS,"Duran, Jarren",duraj001,1,0,empty,empty,1,field_out,1,0,0
2025-07-04,WAS202507040,BOS,"Anthony, Roman",anthr001,1,1,empty,empty,1,single,1,0,0
2025-07-04,WAS202507040,BOS,"Toro, Abraham",toroa001,1,1,1B,1B,1,single,1,0,0
2025-07-04,WAS202507040,BOS,"Narvaez, Carlos",narvc002,1,1,1B+3B,1B+3B,1,strikeout,1,0,0
2025-07-04,WAS202507040,BOS,"Abreu, Wilyer",abrew002,1,2,1B+3B,1B+3B,1,field_out,1,0,0
2025-07-04,WAS202507040,BOS,"Story, Trevor",stort001,1,0,empty,empty,1,single,2,0,0
2025-07-04,WAS202507040,BOS,"Mayer, Marcelo",mayem002,1,0,1B,2B,0,strikeout,2,0,0
2025-07-04,WAS202507040,BOS,"Rafaela, Ceddanne",rafac001,1,1,2B,2B,1,double,2,0,0
2025-07-04,WAS202507040,BOS,"Hamilton, David",hamid002,1,1,2B,2B,1,field_out,2,1,0
2025-07-04,WAS202507040,BOS,"Duran, Jarren",duraj001,2,2,3B,3B,1,single,2,1,0
2025-07-04,WAS202507040,BOS,"Anthony, Roman",anthr001,2,2,1B,1B,1,hit_by_pitch,2,2,0
2025-07-04,WAS202507040,BOS,"Toro, Abraham",toroa001,2,2,1B+2B,1B+2B,1,field_out,2,2,0
2025-07-04,WAS202507040,BOS,"Narvaez, Carlos",narvc002,2,0,empty,empty,1,strikeout,3,2,0
2025-07-04,WAS202507040,BOS,"Abreu, Wilyer",abrew002,2,1,empty,empty,1,strikeout,3,2,0
2025-07-04,WAS202507040,BOS,"Story, Trevor",stort001,2,2,empty,empty,1,field_out,3,2,0
2025-07-04,WAS202507040,BOS,"Mayer, Marcelo",mayem002,2,0,empty,empty,1,strikeout,4,2,0
2025-07-04,WAS202507040,BOS,"Rafaela, Ceddanne",rafac001,2,1,empty,empty,1,strikeout,4,2,0
2025-07-04,WAS202507040,BOS,"Hamilton, David",hamid002,2,2,empty,empty,1,single,4,2,0
2025-07-04,WAS202507040,BOS,"Duran, Jarren",duraj001,3,2,1B,2B,0,field_out,4,2,0
2025-07-04,WAS202507040,BOS,"Anthony, Roman",anthr001,3,0,empty,empty,1,double,5,2,0
2025-07-04,WAS202507040,BOS,"Toro, Abraham",toroa001,3,0,2B,2B,1,walk,5,2,0
2025-07-04,WAS202507040,BOS,"Narvaez, Carlos",narvc002,3,0,1B+2B,1B+2B,1,single,5,2,0
2025-07-04,WAS202507040,BOS,"Abreu, Wilyer",abrew002,3,0,1B+2B+3B,1B+2B+3B,1,walk,5,2,0
2025-07-04,WAS202507040,BOS,"Story, Trevor",stort001,3,0,1B+2B+3B,1B+2B+3B,1,single,5,3,0
2025-07-04,WAS202507040,BOS,"Mayer, Marcelo",mayem002,3,0,1B+3B,1B+3B,1,single,5,5,0
2025-07-04,WAS202507040,BOS,"Rafaela, Ceddanne",rafac001,3,0,1B+2B,1B+2B,1,field_out,5,6,0
2025-07-04,WAS202507040,BOS,"Hamilton, David",hamid002,3,1,1B+2B,1B+2B,1,strikeout,5,6,0
2025-07-04,WAS202507040,BOS,"Duran, Jarren",duraj001,4,2,1B+2B,1B+2B,1,double,5,6,0
2025-07-04,WAS202507040,BOS,"Anthony, Roman",anthr001,4,2,2B,2B,1,walk,5,8,0
2025-07-04,WAS202507040,BOS,"Toro, Abraham",toroa001,4,2,1B+2B,1B+2B,1,single,5,8,0
2025-07-04,WAS202507040,BOS,"Narvaez, Carlos",narvc002,4,2,1B+3B,1B+3B,1,strikeout,5,9,0
2025-07-04,WAS202507040,BOS,"Abreu, Wilyer",abrew002,4,0,empty,empty,1,field_out,6,9,0
2025-07-04,WAS202507040,BOS,"Story, Trevor",stort001,4,1,empty,empty,1,single,6,9,0
2025-07-04,WAS202507040,BOS,"Mayer, Marcelo",mayem002,4,1,1B,1B,1,field_out,6,9,0
2025-07-04,WAS202507040,BOS,"Rafaela, Ceddanne",rafac001,4,2,1B,1B,1,field_out,6,9,0
2025-07-04,WAS202507040,BOS,"Hamilton, David",hamid002,4,0,empty,empty,1,walk,7,9,1
2025-07-04,WAS202507040,BOS,"Duran, Jarren",duraj001,5,0,1B,2B,0,strikeout,7,9,1
2025-07-04,WAS202507040,BOS,"Anthony, Roman",anthr001,5,1,2B,2B,1,field_out,7,9,1
2025-07-04,WAS202507040,BOS,"Toro, Abraham",toroa001,5,2,3B,3B,1,field_out,7,9,1
2025-07-04,WAS202507040,BOS,"Narvaez, Carlos",narvc002,5,0,empty,empty,1,single,8,9,1
2025-07-04,WAS202507040,BOS,"Abreu, Wilyer",abrew002,5,0,1B,1B,1,field_out,8,9,1
2025-07-04,WAS202507040,BOS,"Story, Trevor",stort001,5,1,1B,1B,1,home_run,8,9,1
2025-07-04,WAS202507040,BOS,"Mayer, Marcelo",mayem002,5,1,empty,empty,1,single,8,11,1
2025-07-04,WAS202507040,BOS,"Rafaela, Ceddanne",rafac001,5,1,1B,1B,1,field_out,8,11,1
2025-07-04,WAS202507040,BOS,"Hamilton, David",hamid002,5,2,1B,1B,1,field_out,8,11,1
2025-07-04,WAS202507040,BOS,"Eaton, Nate",eaton001,1,0,empty,empty,1,field_out,9,11,1
2025-07-04,WAS202507040,BOS,"Anthony, Roman",anthr001,6,1,empty,empty,1,walk,9,11,1
2025-07-04,WAS202507040,BOS,"Toro, Abraham",toroa001,6,1,1B,1B,1,field_out,9,11,1
2025-07-04,WAS202507040,BOS,"Narvaez, Carlos",narvc002,6,2,1B,1B,1,field_out,9,11,1
2025-07-05,WAS202507050,BOS,"Eaton, Nate",eaton001,1,0,empty,empty,1,field_error,1,0,0
2025-07-05,WAS202507050,BOS,"Gonzalez, Romy",gonzr003,1,0,1B,1B,1,double,1,0,0
2025-07-05,WAS202507050,BOS,"Anthony, Roman",anthr001,1,0,2B,2B,1,field_out,1,1,0
2025-07-05,WAS202507050,BOS,"Refsnyder, Rob",refsr001,1,1,3B,3B,1,double,1,1,0
2025-07-05,WAS202507050,BOS,"Narvaez, Carlos",narvc002,1,1,2B,2B,1,walk,1,2,0
2025-07-05,WAS202507050,BOS,"Story, Trevor",stort001,1,1,1B+2B,1B+2B,1,field_out,1,2,0
2025-07-05,WAS202507050,BOS,"Duran, Jarren",duraj001,1,2,1B+3B,1B+3B,1,field_out,1,2,0
2025-07-05,WAS202507050,BOS,"Toro, Abraham",toroa001,1,0,empty,empty,1,strikeout,2,2,0
2025-07-05,WAS202507050,BOS,"Rafaela, Ceddanne",rafac001,1,1,empty,empty,1,field_out,2,2,0
2025-07-05,WAS202507050,BOS,"Eaton, Nate",eaton001,2,2,empty,empty,1,strikeout,2,2,0
2025-07-05,WAS202507050,BOS,"Gonzalez, Romy",gonzr003,2,0,empty,empty,1,double,3,2,0
2025-07-05,WAS202507050,BOS,"Anthony, Roman",anthr001,2,0,2B,2B,1,single,3,2,0
2025-07-05,WAS202507050,BOS,"Refsnyder, Rob",refsr001,2,0,1B,1B,1,field_out,3,3,0
2025-07-05,WAS202507050,BOS,"Narvaez, Carlos",narvc002,2,1,1B,1B,1,field_out,3,3,0
2025-07-05,WAS202507050,BOS,"Story, Trevor",stort001,2,2,1B,1B,1,single,3,3,0
2025-07-05,WAS202507050,BOS,"Duran, Jarren",duraj001,2,2,1B+2B,1B+2B,1,triple,3,3,0
2025-07-05,WAS202507050,BOS,"Toro, Abraham",toroa001,2,2,3B,3B,1,field_error,3,5,0
2025-07-05,WAS202507050,BOS,"Rafaela, Ceddanne",rafac001,2,2,1B,1B,1,home_run,3,6,0
2025-07-05,WAS202507050,BOS,"Eaton, Nate",eaton001,3,2,empty,empty,1,double,3,8,0
2025-07-05,WAS202507050,BOS,"Gonzalez, Romy",gonzr003,3,2,2B,2B,1,single,3,8,0
2025-07-05,WAS202507050,BOS,"Anthony, Roman",anthr001,3,2,1B,1B,1,field_out,3,9,0
2025-07-05,WAS202507050,BOS,"Refsnyder, Rob",refsr001,3,0,empty,empty,1,field_out,4,9,1
2025-07-05,WAS202507050,BOS,"Narvaez, Carlos",narvc002,3,1,empty,empty,1,field_out,4,9,1
2025-07-05,WAS202507050,BOS,"Story, Trevor",stort001,3,2,empty,empty,1,field_out,4,9,1
2025-07-05,WAS202507050,BOS,"Duran, Jarren",duraj001,3,0,empty,empty,1,field_out,5,9,2
2025-07-05,WAS202507050,BOS,"Toro, Abraham",toroa001,3,1,empty,empty,1,field_out,5,9,2
2025-07-05,WAS202507050,BOS,"Rafaela, Ceddanne",rafac001,3,2,empty,empty,1,field_out,5,9,2
2025-07-05,WAS202507050,BOS,"Eaton, Nate",eaton001,4,0,empty,empty,1,strikeout,6,9,2
2025-07-05,WAS202507050,BOS,"Gonzalez, Romy",gonzr003,4,1,empty,empty,1,strikeout,6,9,2
2025-07-05,WAS202507050,BOS,"Anthony, Roman",anthr001,4,2,empty,empty,1,single,6,9,2
2025-07-05,WAS202507050,BOS,"Refsnyder, Rob",refsr001,4,2,1B,1B,1,field_out,6,9,2
2025-07-05,WAS202507050,BOS,"Narvaez, Carlos",narvc002,4,0,empty,empty,1,field_out,7,9,3
2025-07-05,WAS202507050,BOS,"Story, Trevor",stort001,4,1,empty,empty,1,field_out,7,9,3
2025-07-05,WAS202507050,BOS,"Duran, Jarren",duraj001,4,2,empty,empty,1,strikeout,7,9,3
2025-07-05,WAS202507050,BOS,"Toro, Abraham",toroa001,4,0,empty,empty,1,field_error,8,9,3
2025-07-05,WAS202507050,BOS,"Rafaela, Ceddanne",rafac001,4,0,2B,2B,1,double,8,9,3
2025-07-05,WAS202507050,BOS,"Eaton, Nate",eaton001,5,1,empty,empty,1,strikeout,8,10,3
2025-07-05,WAS202507050,BOS,"Gonzalez, Romy",gonzr003,5,2,empty,empty,1,field_out,8,10,3
2025-07-05,WAS202507050,BOS,"Anthony, Roman",anthr001,5,0,empty,empty,1,field_out,9,10,3
2025-07-05,WAS202507050,BOS,"Refsnyder, Rob",refsr001,5,1,empty,empty,1,field_out,9,10,3
2025-07-05,WAS202507050,BOS,"Narvaez, Carlos",narvc002,5,2,empty,empty,1,field_out,9,10,3
2025-07-06,WAS202507060,BOS,"Eaton, Nate",eaton001,1,0,empty,empty,1,single,1,0,0
2025-07-06,WAS202507060,BOS,"Gonzalez, Romy",gonzr003,1,0,1B,1B,1,strikeout,1,0,0
2025-07-06,WAS202507060,BOS,"Anthony, Roman",anthr001,1,1,1B,2B,0,single,1,0,0
2025-07-06,WAS202507060,BOS,"Refsnyder, Rob",refsr001,1,1,1B,1B,1,double,1,1,0
2025-07-06,WAS202507060,BOS,"Story, Trevor",stort001,1,1,2B,2B,1,home_run,1,2,0
2025-07-06,WAS202507060,BOS,"Duran, Jarren",duraj001,1,1,empty,empty,1,field_out,1,4,0
2025-07-06,WAS202507060,BOS,"Toro, Abraham",toroa001,1,2,empty,empty,1,field_out,1,4,0
2025-07-06,WAS202507060,BOS,"Wong, Connor",wongc001,1,0,empty,empty,1,strikeout,2,4,0
2025-07-06,WAS202507060,BOS,"Rafaela, Ceddanne",rafac001,1,1,empty,empty,1,single,2,4,0
2025-07-06,WAS202507060,BOS,"Eaton, Nate",eaton001,2,2,1B,empty,0,hit_by_pitch,2,4,0
2025-07-06,WAS202507060,BOS,"Gonzalez, Romy",gonzr003,2,2,1B,1B,1,single,2,4,0
2025-07-06,WAS202507060,BOS,"Anthony, Roman",anthr001,2,2,1B+3B,1B+3B,1,field_out,2,4,0
2025-07-06,WAS202507060,BOS,"Refsnyder, Rob",refsr001,2,0,empty,empty,1,field_out,3,4,0
2025-07-06,WAS202507060,BOS,"Story, Trevor",stort001,2,1,empty,empty,1,field_out,3,4,0
2025-07-06,WAS202507060,BOS,"Duran, Jarren",duraj001,2,2,empty,empty,1,field_error,3,4,0
2025-07-06,WAS202507060,BOS,"Toro, Abraham",toroa001,2,2,1B,1B,1,single,3,4,0
2025-07-06,WAS202507060,BOS,"Wong, Connor",wongc001,2,2,1B+3B,1B+3B,1,field_out,3,4,0
2025-07-06,WAS202507060,BOS,"Rafaela, Ceddanne",rafac001,2,0,empty,empty,1,field_out,4,4,2
2025-07-06,WAS202507060,BOS,"Eaton, Nate",eaton001,3,1,empty,empty,1,strikeout,4,4,2
2025-07-06,WAS202507060,BOS,"Gonzalez, Romy",gonzr003,3,2,empty,empty,1,field_out,4,4,2
2025-07-06,WAS202507060,BOS,"Anthony, Roman",anthr001,3,0,empty,empty,1,strikeout,5,4,2
2025-07-06,WAS202507060,BOS,"Refsnyder, Rob",refsr001,3,1,empty,empty,1,field_out,5,4,2
2025-07-06,WAS202507060,BOS,"Story, Trevor",stort001,3,2,empty,empty,1,field_out,5,4,2
2025-07-06,WAS202507060,BOS,"Duran, Jarren",duraj001,3,0,empty,empty,1,field_out,6,4,2
2025-07-06,WAS202507060,BOS,"Toro, Abraham",toroa001,3,1,empty,empty,1,single,6,4,2
2025-07-06,WAS202507060,BOS,"Wong, Connor",wongc001,3,1,1B,1B,1,grounded_into_double_play,6,4,2
2025-07-06,WAS202507060,BOS,"Rafaela, Ceddanne",rafac001,3,0,empty,empty,1,double,7,4,2
2025-07-06,WAS202507060,BOS,"Mayer, Marcelo",mayem002,1,0,2B,2B,1,field_out,7,4,2
2025-07-06,WAS202507060,BOS,"Gonzalez, Romy",gonzr003,4,1,2B,3B,0,sac_fly,7,4,2
2025-07-06,WAS202507060,BOS,"Anthony, Roman",anthr001,4,2,empty,empty,1,strikeout,7,5,2
2025-07-06,WAS202507060,BOS,"Refsnyder, Rob",refsr001,4,0,empty,empty,1,field_out,8,5,3
2025-07-06,WAS202507060,BOS,"Story, Trevor",stort001,4,1,empty,empty,1,strikeout,8,5,3
2025-07-06,WAS202507060,BOS,"Duran, Jarren",duraj001,4,2,empty,empty,1,double,8,5,3
2025-07-06,WAS202507060,BOS,"Toro, Abraham",toroa001,4,2,2B,2B,1,intent_walk,8,5,3
2025-07-06,WAS202507060,BOS,"Narvaez, Carlos",narvc002,1,2,1B+2B,1B+2B,1,strikeout,8,5,3
2025-07-06,WAS202507060,BOS,"Rafaela, Ceddanne",rafac001,4,0,empty,empty,1,home_run,9,5,3
2025-07-06,WAS202507060,BOS,"Mayer, Marcelo",mayem002,2,0,empty,empty,1,field_out,9,6,3
2025-07-06,WAS202507060,BOS,"Gonzalez, Romy",gonzr003,5,1,empty,empty,1,single,9,6,3
2025-07-06,WAS202507060,BOS,"Anthony, Roman",anthr001,5,1,1B,1B,1,field_out,9,6,3
2025-07-06,WAS202507060,BOS,"Refsnyder, Rob",refsr001,5,2,2B,2B,1,field_out,9,6,3
2025-07-07,BOS202507070,BOS,"Eaton, Nate",eaton001,1,0,empty,empty,1,double,1,0,0
2025-07-07,BOS202507070,BOS,"Gonzalez, Romy",gonzr003,1,0,2B,2B,1,strikeout,1,0,0
2025-07-07,BOS202507070,BOS,"Anthony, Roman",anthr001,1,2,2B,empty,0,strikeout,1,0,0
2025-07-07,BOS202507070,BOS,"Refsnyder, Rob",refsr001,1,0,empty,empty,1,walk,2,0,1
2025-07-07,BOS202507070,BOS,"Story, Trevor",stort001,1,0,1B,1B,1,field_out,2,0,1
2025-07-07,BOS202507070,BOS,"Narvaez, Carlos",narvc002,1,1,1B,1B,1,fielders_choice,2,0,1
2025-07-07,BOS202507070,BOS,"Abreu, Wilyer",abrew002,1,1,1B+2B,1B+2B,1,double,2,0,1
2025-07-07,BOS202507070,BOS,"Toro, Abraham",toroa001,1,1,2B+3B,2B+3B,1,double,2,1,1
2025-07-07,BOS202507070,BOS,"Rafaela, Ceddanne",rafac001,1,1,2B,2B,1,field_out,2,3,1
2025-07-07,BOS202507070,BOS,"Eaton, Nate",eaton001,2,2,2B,2B,1,strikeout,2,3,1
2025-07-07,BOS202507070,BOS,"Gonzalez, Romy",gonzr003,2,0,empty,empty,1,strikeout,3,3,1
2025-07-07,BOS202507070,BOS,"Anthony, Roman",anthr001,2,1,empty,empty,1,single,3,3,1
2025-07-07,BOS202507070,BOS,"Refsnyder, Rob",refsr001,2,1,1B,1B,1,strikeout,3,3,1
2025-07-07,BOS202507070,BOS,"Story, Trevor",stort001,2,2,1B,1B,1,field_out,3,3,1
2025-07-07,BOS202507070,BOS,"Narvaez, Carlos",narvc002,2,0,empty,empty,1,field_out,4,3,1
2025-07-07,BOS202507070,BOS,"Abreu, Wilyer",abrew002,2,1,empty,empty,1,field_out,4,3,1
2025-07-07,BOS202507070,BOS,"Toro, Abraham",toroa001,2,2,empty,empty,1,field_out,4,3,1
2025-07-07,BOS202507070,BOS,"Rafaela, Ceddanne",rafac001,2,0,empty,empty,1,field_out,5,3,1
2025-07-07,BOS202507070,BOS,"Eaton, Nate",eaton001,3,1,empty,empty,1,field_out,5,3,1
2025-07-07,BOS202507070,BOS,"Gonzalez, Romy",gonzr003,3,2,empty,empty,1,triple,5,3,1
2025-07-07,BOS202507070,BOS,"Anthony, Roman",anthr001,3,2,3B,3B,1,home_run,5,3,1
2025-07-07,BOS202507070,BOS,"Refsnyder, Rob",refsr001,3,2,empty,empty,1,single,5,5,1
2025-07-07,BOS202507070,BOS,"Story, Trevor",stort001,3,2,1B,3B,0,strikeout,5,5,1
2025-07-07,BOS202507070,BOS,"Narvaez, Carlos",narvc002,3,0,empty,empty,1,single,6,5,3
2025-07-07,BOS202507070,BOS,"Abreu, Wilyer",abrew002,3,0,1B,1B,1,single,6,5,3
2025-07-07,BOS202507070,BOS,"Toro, Abraham",toroa001,3,0,1B+2B,1B+2B,1,field_out,6,5,3
2025-07-07,BOS202507070,BOS,"Rafaela, Ceddanne",rafac001,3,1,2B+3B,2B+3B,1,strikeout,6,5,3
2025-07-07,BOS202507070,BOS,"Mayer, Marcelo",mayem002,1,2,2B+3B,2B+3B,1,strikeout,6,5,3
2025-07-07,BOS202507070,BOS,"Gonzalez, Romy",gonzr003,4,0,empty,empty,1,field_out,7,5,3
2025-07-07,BOS202507070,BOS,"Anthony, Roman",anthr001,4,1,empty,empty,1,single,7,5,3
2025-07-07,BOS202507070,BOS,"Duran, Jarren",duraj001,1,1,1B,1B,1,single,7,5,3
2025-07-07,BOS202507070,BOS,"Story, Trevor",stort001,4,1,2B,2B,1,field_out,7,6,3
2025-07-07,BOS202507070,BOS,"Narvaez, Carlos",narvc002,4,2,2B,2B,1,single,7,6,3
2025-07-07,BOS202507070,BOS,"Abreu, Wilyer",abrew002,4,2,1B,1B,1,field_out,7,7,3
2025-07-07,BOS202507070,BOS,"Toro, Abraham",toroa001,4,0,empty,empty,1,strikeout,8,7,3
2025-07-07,BOS202507070,BOS,"Rafaela, Ceddanne",rafac001,4,1,empty,empty,1,home_run,8,7,3
2025-07-07,BOS202507070,BOS,"Mayer, Marcelo",mayem002,2,1,empty,empty,1,strikeout,8,8,3
2025-07-07,BOS202507070,BOS,"Gonzalez, Romy",gonzr003,5,2,empty,empty,1,home_run,8,8,3
2025-07-07,BOS202507070,BOS,"Anthony, Roman",anthr001,5,2,empty,empty,1,field_out,8,9,3
2025-07-08,BOS202507080,BOS,"Eaton, Nate",eaton001,1,0,empty,empty,1,field_out,1,0,0
2025-07-08,BOS202507080,BOS,"Gonzalez, Romy",gonzr003,1,1,empty,empty,1,field_error,1,0,0
2025-07-08,BOS202507080,BOS,"Anthony, Roman",anthr001,1,1,1B,1B,1,field_out,1,0,0
2025-07-08,BOS202507080,BOS,"Refsnyder, Rob",refsr001,1,2,1B,1B,1,field_out,1,0,0
2025-07-08,BOS202507080,BOS,"Story, Trevor",stort001,1,0,empty,empty,1,strikeout,2,0,0
2025-07-08,BOS202507080,BOS,"Rafaela, Ceddanne",rafac001,1,1,empty,empty,1,strikeout,2,0,0
2025-07-08,BOS202507080,BOS,"Duran, Jarren",duraj001,1,2,empty,empty,1,field_out,2,0,0
2025-07-08,BOS202507080,BOS,"Toro, Abraham",toroa001,1,0,empty,empty,1,field_out,3,0,0
2025-07-08,BOS202507080,BOS,"Wong, Connor",wongc001,1,1,empty,empty,1,strikeout,3,0,0
2025-07-08,BOS202507080,BOS,"Eaton, Nate",eaton001,2,2,empty,empty,1,field_out,3,0,0
2025-07-08,BOS202507080,BOS,"Gonzalez, Romy",gonzr003,2,0,empty,empty,1,single,4,0,0
2025-07-08,BOS202507080,BOS,"Anthony, Roman",anthr001,2,0,1B,1B,1,strikeout,4,0,0
2025-07-08,BOS202507080,BOS,"Refsnyder, Rob",refsr001,2,1,1B,1B,1,single,4,0,0
2025-07-08,BOS202507080,BOS,"Story, Trevor",stort001,2,1,1B+2B,1B+2B,1,double_play,4,0,0
2025-07-08,BOS202507080,BOS,"Rafaela, Ceddanne",rafac001,2,0,empty,empty,1,walk,5,0,0
2025-07-08,BOS202507080,BOS,"Duran, Jarren",duraj001,2,0,1B,1B,1,field_out,5,0,0
2025-07-08,BOS202507080,BOS,"Toro, Abraham",toroa001,2,1,1B,1B,1,field_out,5,0,0
2025-07-08,BOS202507080,BOS,"Wong, Connor",wongc001,2,2,2B,2B,1,field_out,5,0,0
2025-07-08,BOS202507080,BOS,"Eaton, Nate",eaton001,3,0,empty,empty,1,strikeout,6,0,0
2025-07-08,BOS202507080,BOS,"Gonzalez, Romy",gonzr003,3,1,empty,empty,1,single,6,0,0
2025-07-08,BOS202507080,BOS,"Anthony, Roman",anthr001,3,1,1B,1B,1,walk,6,0,0
2025-07-08,BOS202507080,BOS,"Refsnyder, Rob",refsr001,3,1,1B+2B,1B+2B,1,strikeout,6,0,0
2025-07-08,BOS202507080,BOS,"Story, Trevor",stort001,3,2,1B+2B,1B+2B,1,single,6,0,0
2025-07-08,BOS202507080,BOS,"Rafaela, Ceddanne",rafac001,3,2,2B+3B,2B+3B,1,double,6,1,0
2025-07-08,BOS202507080,BOS,"Duran, Jarren",duraj001,3,2,2B,2B,1,single,6,3,0
2025-07-08,BOS202507080,BOS,"Toro, Abraham",toroa001,3,2,1B,1B,1,field_out,6,4,0
2025-07-08,BOS202507080,BOS,"Wong, Connor",wongc001,3,0,empty,empty,1,field_out,7,4,0
2025-07-08,BOS202507080,BOS,"Mayer, Marcelo",mayem002,1,1,empty,empty,1,field_error,7,4,0
2025-07-08,BOS202507080,BOS,"Gonzalez, Romy",gonzr003,4,1,1B,1B,1,triple,7,4,0
2025-07-08,BOS202507080,BOS,"Anthony, Roman",anthr001,4,1,3B,3B,1,single,7,5,0
2025-07-08,BOS202507080,BOS,"Refsnyder, Rob",refsr001,4,1,1B,1B,1,walk,7,6,0
2025-07-08,BOS202507080,BOS,"Story, Trevor",stort001,4,1,1B+2B,1B+2B,1,home_run,7,6,0
2025-07-08,BOS202507080,BOS,"Rafaela, Ceddanne",rafac001,4,1,empty,empty,1,field_out,7,9,0
2025-07-08,BOS202507080,BOS,"Duran, Jarren",duraj001,4,2,empty,empty,1,home_run,7,9,0
2025-07-08,BOS202507080,BOS,"Toro, Abraham",toroa001,4,2,empty,empty,1,strikeout,7,10,0
2025-07-08,BOS202507080,BOS,"Wong, Connor",wongc001,4,0,empty,empty,1,strikeout,8,10,0
2025-07-08,BOS202507080,BOS,"Mayer, Marcelo",mayem002,2,1,empty,empty,1,field_out,8,10,0
2025-07-08,BOS202507080,BOS,"Hamilton, David",hamid002,1,2,empty,empty,1,field_out,8,10,0
2025-07-09,BOS202507090,BOS,"Duran, Jarren",duraj001,1,0,empty,empty,1,double,1,0,0
2025-07-09,BOS202507090,BOS,"Anthony, Roman",anthr001,1,0,3B,3B,1,hit_by_pitch,1,0,0
2025-07-09,BOS202507090,BOS,"Story, Trevor",stort001,1,0,1B+3B,1B+3B,1,strikeout,1,0,0
2025-07-09,BOS202507090,BOS,"Abreu, Wilyer",abrew002,1,1,1B+3B,1B+3B,1,grounded_into_double_play,1,0,0
2025-07-09,BOS202507090,BOS,"Narvaez, Carlos",narvc002,1,0,empty,empty,1,home_run,2,0,0
2025-07-09,BOS202507090,BOS,"Yoshida, Masataka",yoshm002,1,0,empty,empty,1,single,2,1,0
2025-07-09,BOS202507090,BOS,"Gonzalez, Romy",gonzr003,1,0,1B,1B,1,field_out,2,1,0
2025-07-09,BOS202507090,BOS,"Mayer, Marcelo",mayem002,1,1,1B,1B,1,field_out,2,1,0
2025-07-09,BOS202507090,BOS,"Hamilton, David",hamid002,1,2,1B,1B,1,field_out,2,1,0
2025-07-09,BOS202507090,BOS,"Duran, Jarren",duraj001,2,0,empty,empty,1,walk,3,1,0
2025-07-09,BOS202507090,BOS,"Anthony, Roman",anthr001,2,0,1B,1B,1,field_out,3,1,0
2025-07-09,BOS202507090,BOS,"Story, Trevor",stort001,2,1,1B,1B,1,grounded_into_double_play,3,1,0
2025-07-09,BOS202507090,BOS,"Abreu, Wilyer",abrew002,2,0,empty,empty,1,field_out,4,1,0
2025-07-09,BOS202507090,BOS,"Narvaez, Carlos",narvc002,2,1,empty,empty,1,double,4,1,0
2025-07-09,BOS202507090,BOS,"Yoshida, Masataka",yoshm002,2,1,2B,3B,0,single,4,1,0
2025-07-09,BOS202507090,BOS,"Gonzalez, Romy",gonzr003,2,1,1B,1B,1,strikeout,4,2,0
2025-07-09,BOS202507090,BOS,"Mayer, Marcelo",mayem002,2,2,1B,1B,1,single,4,2,0
2025-07-09,BOS202507090,BOS,"Hamilton, David",hamid002,2,2,1B+2B,1B+2B,1,field_out,4,2,0
2025-07-09,BOS202507090,BOS,"Duran, Jarren",duraj001,3,0,empty,empty,1,strikeout,5,2,0
2025-07-09,BOS202507090,BOS,"Anthony, Roman",anthr001,3,1,empty,empty,1,single,5,2,0
2025-07-09,BOS202507090,BOS,"Story, Trevor",stort001,3,1,1B,1B,1,field_out,5,2,0
2025-07-09,BOS202507090,BOS,"Abreu, Wilyer",abrew002,3,2,1B,1B,1,home_run,5,2,0
2025-07-09,BOS202507090,BOS,"Narvaez, Carlos",narvc002,3,2,empty,empty,1,field_out,5,4,0
2025-07-09,BOS202507090,BOS,"Yoshida, Masataka",yoshm002,3,0,empty,empty,1,field_out,6,4,0
2025-07-09,BOS202507090,BOS,"Gonzalez, Romy",gonzr003,3,1,empty,empty,1,walk,6,4,0
2025-07-09,BOS202507090,BOS,"Mayer, Marcelo",mayem002,3,1,1B,1B,1,field_out,6,4,0
2025-07-09,BOS202507090,BOS,"Hamilton, David",hamid002,3,2,2B,2B,1,single,6,4,0
2025-07-09,BOS202507090,BOS,"Duran, Jarren",duraj001,4,2,1B,1B,1,field_out,6,5,0
2025-07-09,BOS202507090,BOS,"Anthony, Roman",anthr001,4,0,empty,empty,1,field_out,7,5,0
2025-07-09,BOS202507090,BOS,"Story, Trevor",stort001,4,1,empty,empty,1,double,7,5,0
2025-07-09,BOS202507090,BOS,"Abreu, Wilyer",abrew002,4,1,2B,2B,1,strikeout,7,5,0
2025-07-09,BOS202507090,BOS,"Narvaez, Carlos",narvc002,4,2,2B,2B,1,field_out,7,5,0
2025-07-09,BOS202507090,BOS,"Yoshida, Masataka",yoshm002,4,0,empty,empty,1,double,8,5,2
2025-07-09,BOS202507090,BOS,"Gonzalez, Romy",gonzr003,4,0,2B,2B,1,home_run,8,5,2
2025-07-09,BOS202507090,BOS,"Mayer, Marcelo",mayem002,4,0,empty,empty,1,single,8,7,2
2025-07-09,BOS202507090,BOS,"Hamilton, David",hamid002,4,0,1B,1B,1,walk,8,7,2
2025-07-09,BOS202507090,BOS,"Duran, Jarren",duraj001,5,0,1B+2B,1B+2B,1,home_run,8,7,2
2025-07-09,BOS202507090,BOS,"Anthony, Roman",anthr001,5,0,empty,empty,1,single,8,10,2
2025-07-09,BOS202507090,BOS,"Story, Trevor",stort001,5,0,1B,1B,1,strikeout,8,10,2
2025-07-09,BOS202507090,BOS,"Abreu, Wilyer",abrew002,5,1,1B,1B,1,grounded_into_double_play,8,10,2
2025-07-10,BOS202507100,BOS,"Duran, Jarren",duraj001,1,0,empty,empty,1,strikeout,1,0,0
2025-07-10,BOS202507100,BOS,"Anthony, Roman",anthr001,1,1,empty,empty,1,strikeout,1,0,0
2025-07-10,BOS202507100,BOS,"Toro, Abraham",toroa001,1,2,empty,empty,1,field_out,1,0,0
2025-07-10,BOS202507100,BOS,"Narvaez, Carlos",narvc002,1,0,empty,empty,1,strikeout,2,0,0
2025-07-10,BOS202507100,BOS,"Abreu, Wilyer",abrew002,1,1,empty,empty,1,walk,2,0,0
2025-07-10,BOS202507100,BOS,"Story, Trevor",stort001,1,1,1B,1B,1,field_out,2,0,0
2025-07-10,BOS202507100,BOS,"Gonzalez, Romy",gonzr003,1,2,1B,1B,1,field_out,2,0,0
2025-07-10,BOS202507100,BOS,"Mayer, Marcelo",mayem002,1,0,empty,empty,1,field_out,3,0,0
2025-07-10,BOS202507100,BOS,"Rafaela, Ceddanne",rafac001,1,1,empty,empty,1,single,3,0,0
2025-07-10,BOS202507100,BOS,"Duran, Jarren",duraj001,2,1,1B,2B,0,strikeout,3,0,0
2025-07-10,BOS202507100,BOS,"Anthony, Roman",anthr001,2,2,2B,2B,1,single,3,0,0
2025-07-10,BOS202507100,BOS,"Toro, Abraham",toroa001,2,2,1B,2B,0,walk,3,1,0
2025-07-10,BOS202507100,BOS,"Narvaez, Carlos",narvc002,2,2,1B+2B,1B+2B,1,strikeout,3,1,0
2025-07-10,BOS202507100,BOS,"Abreu, Wilyer",abrew002,2,0,empty,empty,1,field_out,4,1,2
2025-07-10,BOS202507100,BOS,"Story, Trevor",stort001,2,1,empty,empty,1,field_out,4,1,2
2025-07-10,BOS202507100,BOS,"Gonzalez, Romy",gonzr003,2,2,empty,empty,1,field_out,4,1,2
2025-07-10,BOS202507100,BOS,"Mayer, Marcelo",mayem002,2,0,empty,empty,1,field_out,5,1,2
2025-07-10,BOS202507100,BOS,"Rafaela, Ceddanne",rafac001,2,1,empty,empty,1,field_out,5,1,2
2025-07-10,BOS202507100,BOS,"Duran, Jarren",duraj001,3,2,empty,empty,1,walk,5,1,2
2025-07-10,BOS202507100,BOS,"Anthony, Roman",anthr001,3,2,1B,1B,1,field_out,5,1,2
2025-07-10,BOS202507100,BOS,"Toro, Abraham",toroa001,3,0,empty,empty,1,field_out,6,1,3
2025-07-10,BOS202507100,BOS,"Narvaez, Carlos",narvc002,3,1,empty,empty,1,field_out,6,1,3
2025-07-10,BOS202507100,BOS,"Abreu, Wilyer",abrew002,3,2,empty,empty,1,field_out,6,1,3
2025-07-10,BOS202507100,BOS,"Story, Trevor",stort001,3,0,empty,empty,1,walk,7,1,3
2025-07-10,BOS202507100,BOS,"Gonzalez, Romy",gonzr003,3,0,1B,2B,0,walk,7,1,3
2025-07-10,BOS202507100,BOS,"Mayer, Marcelo",mayem002,3,0,1B+2B,1B+2B,1,double,7,1,3
2025-07-10,BOS202507100,BOS,"Rafaela, Ceddanne",rafac001,3,0,2B+3B,2B+3B,1,single,7,2,3
2025-07-10,BOS202507100,BOS,"Duran, Jarren",duraj001,4,0,1B,2B,0,field_out,7,4,3
2025-07-10,BOS202507100,BOS,"Anthony, Roman",anthr001,4,1,2B,2B,1,field_out,7,4,3
2025-07-10,BOS202507100,BOS,"Toro, Abraham",toroa001,4,2,3B,3B,1,strikeout,7,4,3
2025-07-10,BOS202507100,BOS,"Narvaez, Carlos",narvc002,4,0,empty,empty,1,field_out,8,4,3
2025-07-10,BOS202507100,BOS,"Abreu, Wilyer",abrew002,4,1,empty,empty,1,field_out,8,4,3
2025-07-10,BOS202507100,BOS,"Story, Trevor",stort001,4,2,empty,empty,1,field_out,8,4,3
2025-07-11,BOS202507110,BOS,"Duran, Jarren",duraj001,1,0,empty,empty,1,field_out,1,0,1
2025-07-11,BOS202507110,BOS,"Bregman, Alex",brega001,1,1,empty,empty,1,field_out,1,0,1
2025-07-11,BOS202507110,BOS,"Yoshida, Masataka",yoshm002,1,2,empty,empty,1,double,1,0,1
2025-07-11,BOS202507110,BOS,"Narvaez, Carlos",narvc002,1,2,2B,2B,1,field_out,1,0,1
2025-07-11,BOS202507110,BOS,"Abreu, Wilyer",abrew002,1,0,empty,empty,1,single,2,0,1
2025-07-11,BOS202507110,BOS,"Story, Trevor",stort001,1,0,1B,1B,1,walk,2,0,1
2025-07-11,BOS202507110,BOS,"Mayer, Marcelo",mayem002,1,0,1B+2B,1B+2B,1,strikeout,2,0,1
2025-07-11,BOS202507110,BOS,"Toro, Abraham",toroa001,1,1,1B+2B,1B+2B,1,field_out,2,0,1
2025-07-11,BOS202507110,BOS,"Rafaela, Ceddanne",rafac001,1,2,1B+3B,1B+3B,1,single,2,0,1
2025-07-11,BOS202507110,BOS,"Duran, Jarren",duraj001,2,2,1B+2B,1B+2B,1,field_out,2,1,1
2025-07-11,BOS202507110,BOS,"Bregman, Alex",brega001,2,0,empty,empty,1,strikeout,3,1,4
2025-07-11,BOS202507110,BOS,"Yoshida, Masataka",yoshm002,2,1,empty,empty,1,field_out,3,1,4
2025-07-11,BOS202507110,BOS,"Narvaez, Carlos",narvc002,2,2,empty,empty,1,field_out,3,1,4
2025-07-11,BOS202507110,BOS,"Abreu, Wilyer",abrew002,2,0,empty,empty,1,walk,4,1,4
2025-07-11,BOS202507110,BOS,"Story, Trevor",stort001,2,0,1B,1B,1,single,4,1,4
2025-07-11,BOS202507110,BOS,"Mayer, Marcelo",mayem002,2,0,1B+2B,1B+2B,1,double,4,1,4
2025-07-11,BOS202507110,BOS,"Toro, Abraham",toroa001,2,0,2B+3B,2B+3B,1,field_out,4,2,4
2025-07-11,BOS202507110,BOS,"Rafaela, Ceddanne",rafac001,2,1,3B,3B,1,double_play,4,3,4
2025-07-11,BOS202507110,BOS,"Duran, Jarren",duraj001,3,0,empty,empty,1,field_out,5,3,4
2025-07-11,BOS202507110,BOS,"Bregman, Alex",brega001,3,1,empty,empty,1,field_out,5,3,4
2025-07-11,BOS202507110,BOS,"Yoshida, Masataka",yoshm002,3,2,empty,empty,1,field_out,5,3,4
2025-07-11,BOS202507110,BOS,"Narvaez, Carlos",narvc002,3,0,empty,empty,1,walk,6,3,4
2025-07-11,BOS202507110,BOS,"Abreu, Wilyer",abrew002,3,0,1B,1B,1,field_out,6,3,4
2025-07-11,BOS202507110,BOS,"Story, Trevor",stort001,3,1,1B,1B,1,single,6,3,4
2025-07-11,BOS202507110,BOS,"Mayer, Marcelo",mayem002,3,1,1B+2B,1B+2B,1,field_out,6,3,4
2025-07-11,BOS202507110,BOS,"Toro, Abraham",toroa001,3,2,1B+2B,1B+2B,1,field_out,6,3,4
2025-07-11,BOS202507110,BOS,"Rafaela, Ceddanne",rafac001,3,0,empty,empty,1,field_out,7,3,4
2025-07-11,BOS202507110,BOS,"Duran, Jarren",duraj001,4,1,empty,empty,1,field_out,7,3,4
2025-07-11,BOS202507110,BOS,"Bregman, Alex",brega001,4,2,empty,empty,1,double,7,3,4
2025-07-11,BOS202507110,BOS,"Yoshida, Masataka",yoshm002,4,2,2B,2B,1,field_out,7,3,4
2025-07-11,BOS202507110,BOS,"Narvaez, Carlos",narvc002,4,0,empty,empty,1,field_out,8,3,4
2025-07-11,BOS202507110,BOS,"Refsnyder, Rob",refsr001,1,1,empty,empty,1,strikeout,8,3,4
2025-07-11,BOS202507110,BOS,"Story, Trevor",stort001,4,2,empty,empty,1,strikeout,8,3,4
2025-07-11,BOS202507110,BOS,"Mayer, Marcelo",mayem002,4,0,empty,empty,1,field_out,9,3,4
2025-07-11,BOS202507110,BOS,"Anthony, Roman",anthr001,1,1,empty,empty,1,walk,9,3,4
2025-07-11,BOS202507110,BOS,"Rafaela, Ceddanne",rafac001,4,1,1B,1B,1,home_run,9,3,4
2025-07-12,BOS202507120,BOS,"Duran, Jarren",duraj001,1,0,empty,empty,1,field_out,1,0,0
2025-07-12,BOS202507120,BOS,"Rafaela, Ceddanne",rafac001,1,1,empty,empty,1,single,1,0,0
2025-07-12,BOS202507120,BOS,"Anthony, Roman",anthr001,1,1,1B,2B,0,walk,1,0,0
2025-07-12,BOS202507120,BOS,"Narvaez, Carlos",narvc002,1,1,1B+2B,1B+2B,1,grounded_into_double_play,1,0,0
2025-07-12,BOS202507120,BOS,"Yoshida, Masataka",yoshm002,1,0,empty,empty,1,field_out,2,0,0
2025-07-12,BOS202507120,BOS,"Story, Trevor",stort001,1,1,empty,empty,1,field_out,2,0,0
2025-07-12,BOS202507120,BOS,"Abreu, Wilyer",abrew002,1,2,empty,empty,1,strikeout,2,0,0
2025-07-12,BOS202507120,BOS,"Toro, Abraham",toroa001,1,0,empty,empty,1,field_out,3,0,0
2025-07-12,BOS202507120,BOS,"Mayer, Marcelo",mayem002,1,1,empty,empty,1,walk,3,0,0
2025-07-12,BOS202507120,BOS,"Duran, Jarren",duraj001,2,1,1B,1B,1,field_out,3,0,0
2025-07-12,BOS202507120,BOS,"Rafaela, Ceddanne",rafac001,2,0,1B,empty,0,field_out,4,0,0
2025-07-12,BOS202507120,BOS,"Anthony, Roman",anthr001,2,1,empty,empty,1,double,4,0,0
2025-07-12,BOS202507120,BOS,"Narvaez, Carlos",narvc002,2,1,2B,2B,1,single,4,0,0
2025-07-12,BOS202507120,BOS,"Yoshida, Masataka",yoshm002,2,1,1B,1B,1,double_play,4,1,0
2025-07-12,BOS202507120,BOS,"Story, Trevor",stort001,2,0,empty,empty,1,double,5,1,0
2025-07-12,BOS202507120,BOS,"Abreu, Wilyer",abrew002,2,0,2B,2B,1,strikeout,5,1,0
2025-07-12,BOS202507120,BOS,"Toro, Abraham",toroa001,2,1,2B,2B,1,field_out,5,1,0
2025-07-12,BOS202507120,BOS,"Mayer, Marcelo",mayem002,2,2,2B,2B,1,field_out,5,1,0
2025-07-12,BOS202507120,BOS,"Duran, Jarren",duraj001,3,0,empty,empty,1,double,6,1,0
2025-07-12,BOS202507120,BOS,"Rafaela, Ceddanne",rafac001,3,0,2B,2B,1,field_out,6,1,0
2025-07-12,BOS202507120,BOS,"Anthony, Roman",anthr001,3,1,2B,2B,1,field_out,6,1,0
2025-07-12,BOS202507120,BOS,"Narvaez, Carlos",narvc002,3,2,3B,3B,1,field_out,6,1,0
2025-07-12,BOS202507120,BOS,"Yoshida, Masataka",yoshm002,3,0,empty,empty,1,hit_by_pitch,7,1,0
2025-07-12,BOS202507120,BOS,"Story, Trevor",stort001,3,0,1B,1B,1,strikeout,7,1,0
2025-07-12,BOS202507120,BOS,"Abreu, Wilyer",abrew002,3,1,1B,1B,1,strikeout,7,1,0
2025-07-12,BOS202507120,BOS,"Toro, Abraham",toroa001,3,2,1B,2B,0,strikeout,7,1,0
2025-07-12,BOS202507120,BOS,"Mayer, Marcelo",mayem002,3,0,empty,empty,1,strikeout,8,1,0
2025-07-12,BOS202507120,BOS,"Duran, Jarren",duraj001,4,1,empty,empty,1,walk,8,1,0
2025-07-12,BOS202507120,BOS,"Rafaela, Ceddanne",rafac001,4,1,1B,1B,1,strikeout,8,1,0
2025-07-12,BOS202507120,BOS,"Anthony, Roman",anthr001,4,2,1B,2B,0,field_out,8,1,0
2025-07-13,BOS202507130,BOS,"Duran, Jarren",duraj001,1,0,empty,empty,1,single,1,0,0
2025-07-13,BOS202507130,BOS,"Bregman, Alex",brega001,1,0,1B,1B,1,field_out,1,0,0
2025-07-13,BOS202507130,BOS,"Anthony, Roman",anthr001,1,2,1B,empty,0,field_out,1,0,0
2025-07-13,BOS202507130,BOS,"Yoshida, Masataka",yoshm002,1,0,empty,empty,1,field_out,2,0,0
2025-07-13,BOS202507130,BOS,"Story, Trevor",stort001,1,1,empty,empty,1,field_out,2,0,0
2025-07-13,BOS202507130,BOS,"Rafaela, Ceddanne",rafac001,1,2,empty,empty,1,field_out,2,0,0
2025-07-13,BOS202507130,BOS,"Mayer, Marcelo",mayem002,1,0,empty,empty,1,double,3,0,0
2025-07-13,BOS202507130,BOS,"Gonzalez, Romy",gonzr003,1,0,2B,2B,1,field_out,3,0,0
2025-07-13,BOS202507130,BOS,"Wong, Connor",wongc001,1,1,2B,2B,1,field_out,3,0,0
2025-07-13,BOS202507130,BOS,"Duran, Jarren",duraj001,2,2,3B,empty,0,walk,3,1,0
2025-07-13,BOS202507130,BOS,"Bregman, Alex",brega001,2,2,1B,1B,1,field_out,3,1,0
2025-07-13,BOS202507130,BOS,"Anthony, Roman",anthr001,2,0,empty,empty,1,field_out,4,1,1
2025-07-13,BOS202507130,BOS,"Yoshida, Masataka",yoshm002,2,1,empty,empty,1,field_out,4,1,1
2025-07-13,BOS202507130,BOS,"Story, Trevor",stort001,2,2,empty,empty,1,single,4,1,1
2025-07-13,BOS202507130,BOS,"Rafaela, Ceddanne",rafac001,2,2,1B,1B,1,strikeout,4,1,1
2025-07-13,BOS202507130,BOS,"Mayer, Marcelo",mayem002,2,0,empty,empty,1,field_out,5,1,1
2025-07-13,BOS202507130,BOS,"Gonzalez, Romy",gonzr003,2,1,empty,empty,1,field_out,5,1,1
2025-07-13,BOS202507130,BOS,"Wong, Connor",wongc001,2,2,empty,empty,1,single,5,1,1
2025-07-13,BOS202507130,BOS,"Duran, Jarren",duraj001,3,2,1B,1B,1,strikeout,5,1,1
2025-07-13,BOS202507130,BOS,"Bregman, Alex",brega001,3,0,empty,empty,1,field_out,6,1,1
2025-07-13,BOS202507130,BOS,"Anthony, Roman",anthr001,3,1,empty,empty,1,double,6,1,1
2025-07-13,BOS202507130,BOS,"Yoshida, Masataka",yoshm002,3,1,2B,2B,1,field_out,6,1,1
2025-07-13,BOS202507130,BOS,"Story, Trevor",stort001,3,2,3B,3B,1,single,6,1,1
2025-07-13,BOS202507130,BOS,"Rafaela, Ceddanne",rafac001,3,2,1B,2B,0,home_run,6,2,1
2025-07-13,BOS202507130,BOS,"Mayer, Marcelo",mayem002,3,2,empty,empty,1,strikeout,6,4,1
2025-07-13,BOS202507130,BOS,"Gonzalez, Romy",gonzr003,3,0,empty,empty,1,field_out,7,4,1
2025-07-13,BOS202507130,BOS,"Wong, Connor",wongc001,3,1,empty,empty,1,strikeout,7,4,1
2025-07-13,BOS202507130,BOS,"Duran, Jarren",duraj001,4,2,empty,empty,1,field_out,7,4,1
2025-07-13,BOS202507130,BOS,"Bregman, Alex",brega001,4,0,empty,empty,1,single,8,4,1
2025-07-13,BOS202507130,BOS,"Anthony, Roman",anthr001,4,0,1B,1B,1,field_out,8,4,1
2025-07-13,BOS202507130,BOS,"Yoshida, Masataka",yoshm002,4,1,1B,1B,1,grounded_into_double_play,8,4,1
2025-07-18,CHN202507180,BOS,"Duran, Jarren",duraj001,1,0,empty,empty,1,strikeout,1,0,0
2025-07-18,CHN202507180,BOS,"Bregman, Alex",brega001,1,1,empty,empty,1,field_out,1,0,0
2025-07-18,CHN202507180,BOS,"Anthony, Roman",anthr001,1,2,empty,empty,1,strikeout,1,0,0
2025-07-18,CHN202507180,BOS,"Narvaez, Carlos",narvc002,1,0,empty,empty,1,strikeout,2,0,3
2025-07-18,CHN202507180,BOS,"Abreu, Wilyer",abrew002,1,1,empty,empty,1,walk,2,0,3
2025-07-18,CHN202507180,BOS,"Story, Trevor",stort001,1,1,1B,1B,1,field_out,2,0,3
2025-07-18,CHN202507180,BOS,"Mayer, Marcelo",mayem002,1,2,1B,1B,1,field_out,2,0,3
2025-07-18,CHN202507180,BOS,"Rafaela, Ceddanne",rafac001,1,0,empty,empty,1,field_out,3,0,3
2025-07-18,CHN202507180,BOS,"Toro, Abraham",toroa001,1,1,empty,empty,1,field_out,3,0,3
2025-07-18,CHN202507180,BOS,"Duran, Jarren",duraj001,2,2,empty,empty,1,walk,3,0,3
2025-07-18,CHN202507180,BOS,"Bregman, Alex",brega001,2,2,1B,1B,1,single,3,0,3
2025-07-18,CHN202507180,BOS,"Anthony, Roman",anthr001,2,2,1B+3B,1B+3B,1,double,3,0,3
2025-07-18,CHN202507180,BOS,"Narvaez, Carlos",narvc002,2,2,2B+3B,2B+3B,1,strikeout,3,1,3
2025-07-18,CHN202507180,BOS,"Abreu, Wilyer",abrew002,2,0,empty,empty,1,strikeout,4,1,3
2025-07-18,CHN202507180,BOS,"Story, Trevor",stort001,2,1,empty,empty,1,field_out,4,1,3
2025-07-18,CHN202507180,BOS,"Mayer, Marcelo",mayem002,2,2,empty,empty,1,single,4,1,3
2025-07-18,CHN202507180,BOS,"Rafaela, Ceddanne",rafac001,2,2,1B,1B,1,field_out,4,1,3
2025-07-18,CHN202507180,BOS,"Toro, Abraham",toroa001,2,0,empty,empty,1,single,5,1,3
2025-07-18,CHN202507180,BOS,"Duran, Jarren",duraj001,3,0,1B,1B,1,walk,5,1,3
2025-07-18,CHN202507180,BOS,"Bregman, Alex",brega001,3,0,1B+2B,1B+2B,1,double_play,5,1,3
2025-07-18,CHN202507180,BOS,"Anthony, Roman",anthr001,3,2,1B,1B,1,walk,5,1,3
2025-07-18,CHN202507180,BOS,"Narvaez, Carlos",narvc002,3,2,1B+2B,1B+2B,1,field_out,5,1,3
2025-07-18,CHN202507180,BOS,"Abreu, Wilyer",abrew002,3,0,empty,empty,1,strikeout,6,1,3
2025-07-18,CHN202507180,BOS,"Story, Trevor",stort001,3,1,empty,empty,1,field_out,6,1,3
2025-07-18,CHN202507180,BOS,"Mayer, Marcelo",mayem002,3,2,empty,empty,1,strikeout,6,1,3
2025-07-18,CHN202507180,BOS,"Rafaela, Ceddanne",rafac001,3,0,empty,empty,1,single,7,1,4
2025-07-18,CHN202507180,BOS,"Toro, Abraham",toroa001,3,0,1B,1B,1,field_out,7,1,4
2025-07-18,CHN202507180,BOS,"Duran, Jarren",duraj001,4,1,1B,1B,1,single,7,1,4
2025-07-18,CHN202507180,BOS,"Bregman, Alex",brega001,4,1,1B+2B,1B+2B,1,field_out,7,1,4
2025-07-18,CHN202507180,BOS,"Anthony, Roman",anthr001,4,2,1B+3B,1B+3B,1,field_out,7,1,4
2025-07-18,CHN202507180,BOS,"Yoshida, Masataka",yoshm002,1,0,empty,empty,1,strikeout,8,1,4
2025-07-18,CHN202507180,BOS,"Abreu, Wilyer",abrew002,4,1,empty,empty,1,field_out,8,1,4
2025-07-18,CHN202507180,BOS,"Story, Trevor",stort001,4,2,empty,empty,1,field_out,8,1,4
2025-07-18,CHN202507180,BOS,"Mayer, Marcelo",mayem002,4,0,empty,empty,1,single,9,1,4
2025-07-18,CHN202507180,BOS,"Rafaela, Ceddanne",rafac001,4,0,1B,1B,1,grounded_into_double_play,9,1,4
2025-07-18,CHN202507180,BOS,"Toro, Abraham",toroa001,4,2,empty,empty,1,field_out,9,1,4
2025-07-19,CHN202507190,BOS,"Refsnyder, Rob",refsr001,1,0,empty,empty,1,double,1,0,0
2025-07-19,CHN202507190,BOS,"Bregman, Alex",brega001,1,0,2B,2B,1,field_out,1,0,0
2025-07-19,CHN202507190,BOS,"Gonzalez, Romy",gonzr003,1,1,3B,3B,1,strikeout,1,0,0
2025-07-19,CHN202507190,BOS,"Anthony, Roman",anthr001,1,2,3B,3B,1,strikeout,1,0,0
2025-07-19,CHN202507190,BOS,"Story, Trevor",stort001,1,0,empty,empty,1,field_out,2,0,2
2025-07-19,CHN202507190,BOS,"Rafaela, Ceddanne",rafac001,1,1,empty,empty,1,field_out,2,0,2
2025-07-19,CHN202507190,BOS,"Yoshida, Masataka",yoshm002,1,2,empty,empty,1,single,2,0,2
2025-07-19,CHN202507190,BOS,"Toro, Abraham",toroa001,1,2,1B,1B,1,single,2,0,2
2025-07-19,CHN202507190,BOS,"Wong, Connor",wongc001,1,2,1B+2B,1B+2B,1,field_out,2,0,2
2025-07-19,CHN202507190,BOS,"Refsnyder, Rob",refsr001,2,0,empty,empty,1,strikeout,3,0,3
2025-07-19,CHN202507190,BOS,"Bregman, Alex",brega001,2,1,empty,empty,1,field_out,3,0,3
2025-07-19,CHN202507190,BOS,"Gonzalez, Romy",gonzr003,2,2,empty,empty,1,strikeout,3,0,3
2025-07-19,CHN202507190,BOS,"Anthony, Roman",anthr001,2,0,empty,empty,1,walk,4,0,3
2025-07-19,CHN202507190,BOS,"Story, Trevor",stort001,2,0,1B,1B,1,strikeout,4,0,3
2025-07-19,CHN202507190,BOS,"Rafaela, Ceddanne",rafac001,2,1,1B,1B,1,field_out,4,0,3
2025-07-19,CHN202507190,BOS,"Yoshida, Masataka",yoshm002,2,2,1B,1B,1,field_out,4,0,3
2025-07-19,CHN202507190,BOS,"Toro, Abraham",toroa001,2,0,empty,empty,1,field_out,5,0,3
2025-07-19,CHN202507190,BOS,"Wong, Connor",wongc001,2,1,empty,empty,1,field_out,5,0,3
2025-07-19,CHN202507190,BOS,"Refsnyder, Rob",refsr001,3,2,empty,empty,1,field_out,5,0,3
2025-07-19,CHN202507190,BOS,"Bregman, Alex",brega001,3,0,empty,empty,1,field_out,6,0,3
2025-07-19,CHN202507190,BOS,"Gonzalez, Romy",gonzr003,3,1,empty,empty,1,field_out,6,0,3
2025-07-19,CHN202507190,BOS,"Anthony, Roman",anthr001,3,2,empty,empty,1,field_out,6,0,3
2025-07-19,CHN202507190,BOS,"Story, Trevor",stort001,3,0,empty,empty,1,field_out,7,0,3
2025-07-19,CHN202507190,BOS,"Rafaela, Ceddanne",rafac001,3,1,empty,empty,1,field_out,7,0,3
2025-07-19,CHN202507190,BOS,"Yoshida, Masataka",yoshm002,3,2,empty,empty,1,single,7,0,3
2025-07-19,CHN202507190,BOS,"Toro, Abraham",toroa001,3,2,1B,1B,1,single,7,0,3
2025-07-19,CHN202507190,BOS,"Wong, Connor",wongc001,3,2,1B+3B,1B+3B,1,field_out,7,0,3
2025-07-19,CHN202507190,BOS,"Duran, Jarren",duraj001,1,0,empty,empty,1,strikeout,8,0,4
2025-07-19,CHN202507190,BOS,"Bregman, Alex",brega001,4,1,empty,empty,1,strikeout,8,0,4
2025-07-19,CHN202507190,BOS,"Abreu, Wilyer",abrew002,1,2,empty,empty,1,strikeout,8,0,4
2025-07-19,CHN202507190,BOS,"Anthony, Roman",anthr001,4,0,empty,empty,1,strikeout,9,0,6
2025-07-19,CHN202507190,BOS,"Story, Trevor",stort001,4,1,empty,empty,1,strikeout,9,0,6
2025-07-19,CHN202507190,BOS,"Rafaela, Ceddanne",rafac001,4,2,empty,empty,1,single,9,0,6
2025-07-19,CHN202507190,BOS,"Yoshida, Masataka",yoshm002,4,2,1B,1B,1,field_out,9,0,6
2025-07-20,CHN202507200,BOS,"Duran, Jarren",duraj001,1,0,empty,empty,1,field_out,1,0,0
2025-07-20,CHN202507200,BOS,"Anthony, Roman",anthr001,1,1,empty,empty,1,single,1,0,0
2025-07-20,CHN202507200,BOS,"Rafaela, Ceddanne",rafac001,1,1,1B,1B,1,field_out,1,0,0
2025-07-20,CHN202507200,BOS,"Yoshida, Masataka",yoshm002,1,2,1B,1B,1,field_out,1,0,0
2025-07-20,CHN202507200,BOS,"Story, Trevor",stort001,1,0,empty,empty,1,strikeout,2,0,0
2025-07-20,CHN202507200,BOS,"Abreu, Wilyer",abrew002,1,1,empty,empty,1,field_out,2,0,0
2025-07-20,CHN202507200,BOS,"Narvaez, Carlos",narvc002,1,2,empty,empty,1,strikeout,2,0,0
2025-07-20,CHN202507200,BOS,"Mayer, Marcelo",mayem002,1,0,empty,empty,1,field_out,3,0,1
2025-07-20,CHN202507200,BOS,"Gonzalez, Romy",gonzr003,1,1,empty,empty,1,field_out,3,0,1
2025-07-20,CHN202507200,BOS,"Duran, Jarren",duraj001,2,2,empty,empty,1,strikeout,3,0,1
2025-07-20,CHN202507200,BOS,"Anthony, Roman",anthr001,2,0,empty,empty,1,walk,4,0,1
2025-07-20,CHN202507200,BOS,"Rafaela, Ceddanne",rafac001,2,0,1B,1B,1,field_out,4,0,1
2025-07-20,CHN202507200,BOS,"Yoshida, Masataka",yoshm002,2,1,1B,1B,1,field_out,4,0,1
2025-07-20,CHN202507200,BOS,"Story, Trevor",stort001,2,2,1B,1B,1,field_out,4,0,1
2025-07-20,CHN202507200,BOS,"Abreu, Wilyer",abrew002,2,0,empty,empty,1,walk,5,0,1
2025-07-20,CHN202507200,BOS,"Narvaez, Carlos",narvc002,2,0,1B,1B,1,strikeout,5,0,1
2025-07-20,CHN202507200,BOS,"Mayer, Marcelo",mayem002,2,2,1B,empty,0,single,5,0,1
2025-07-20,CHN202507200,BOS,"Gonzalez, Romy",gonzr003,2,2,1B,1B,1,field_out,5,0,1
2025-07-20,CHN202507200,BOS,"Duran, Jarren",duraj001,3,0,empty,empty,1,walk,6,0,1
2025-07-20,CHN202507200,BOS,"Anthony, Roman",anthr001,3,0,1B,1B,1,field_out,6,0,1
2025-07-20,CHN202507200,BOS,"Rafaela, Ceddanne",rafac001,3,1,3B,3B,1,field_out,6,0,1
2025-07-20,CHN202507200,BOS,"Yoshida, Masataka",yoshm002,3,2,3B,3B,1,strikeout,6,0,1
2025-07-20,CHN202507200,BOS,"Story, Trevor",stort001,3,0,empty,empty,1,walk,7,0,1
2025-07-20,CHN202507200,BOS,"Abreu, Wilyer",abrew002,3,0,1B,1B,1,home_run,7,0,1
2025-07-20,CHN202507200,BOS,"Narvaez, Carlos",narvc002,3,0,empty,empty,1,strikeout,7,2,1
2025-07-20,CHN202507200,BOS,"Mayer, Marcelo",mayem002,3,1,empty,empty,1,field_out,7,2,1
2025-07-20,CHN202507200,BOS,"Gonzalez, Romy",gonzr003,3,2,empty,empty,1,strikeout,7,2,1
2025-07-20,CHN202507200,BOS,"Duran, Jarren",duraj001,4,0,empty,empty,1,walk,8,2,1
2025-07-20,CHN202507200,BOS,"Anthony, Roman",anthr001,4,0,1B,1B,1,single,8,2,1
2025-07-20,CHN202507200,BOS,"Rafaela, Ceddanne",rafac001,4,0,1B+2B,1B+2B,1,field_out,8,2,1
2025-07-20,CHN202507200,BOS,"Bregman, Alex",brega001,1,1,1B+2B,1B+2B,1,home_run,8,2,1
2025-07-20,CHN202507200,BOS,"Story, Trevor",stort001,4,1,empty,empty,1,field_out,8,5,1
2025-07-20,CHN202507200,BOS,"Abreu, Wilyer",abrew002,4,2,empty,empty,1,home_run,8,5,1
2025-07-20,CHN202507200,BOS,"Narvaez, Carlos",narvc002,4,2,empty,empty,1,double,8,6,1
2025-07-20,CHN202507200,BOS,"Mayer, Marcelo",mayem002,4,2,2B,2B,1,field_out,8,6,1
2025-07-20,CHN202507200,BOS,"Gonzalez, Romy",gonzr003,4,0,empty,empty,1,strikeout,9,6,1
2025-07-20,CHN202507200,BOS,"Duran, Jarren",duraj001,5,1,empty,empty,1,field_out,9,6,1
2025-07-20,CHN202507200,BOS,"Anthony, Roman",anthr001,5,2,empty,empty,1,strikeout,9,6,1
2025-07-21,PHI202507210,BOS,"Duran, Jarren",duraj001,1,0,empty,empty,1,home_run,1,0,0
2025-07-21,PHI202507210,BOS,"Bregman, Alex",brega001,1,0,empty,empty,1,field_out,1,1,0
2025-07-21,PHI202507210,BOS,"Anthony, Roman",anthr001,1,1,empty,empty,1,strikeout,1,1,0
2025-07-21,PHI202507210,BOS,"Story, Trevor",stort001,1,2,empty,empty,1,field_out,1,1,0
2025-07-21,PHI202507210,BOS,"Abreu, Wilyer",abrew002,1,0,empty,empty,1,strikeout,2,1,0
2025-07-21,PHI202507210,BOS,"Rafaela, Ceddanne",rafac001,1,1,empty,empty,1,single,2,1,0
2025-07-21,PHI202507210,BOS,"Mayer, Marcelo",mayem002,1,1,1B,2B,0,strikeout,2,1,0
2025-07-21,PHI202507210,BOS,"Narvaez, Carlos",narvc002,1,2,2B,2B,1,field_out,2,1,0
2025-07-21,PHI202507210,BOS,"Toro, Abraham",toroa001,1,0,empty,empty,1,double,3,1,0
2025-07-21,PHI202507210,BOS,"Duran, Jarren",duraj001,2,0,2B,2B,1,hit_by_pitch,3,1,0
2025-07-21,PHI202507210,BOS,"Bregman, Alex",brega001,2,0,1B+2B,1B+2B,1,grounded_into_double_play,3,1,0
2025-07-21,PHI202507210,BOS,"Anthony, Roman",anthr001,2,2,2B,2B,1,strikeout,3,1,0
2025-07-21,PHI202507210,BOS,"Story, Trevor",stort001,2,0,empty,empty,1,strikeout,4,1,0
2025-07-21,PHI202507210,BOS,"Abreu, Wilyer",abrew002,2,1,empty,empty,1,field_out,4,1,0
2025-07-21,PHI202507210,BOS,"Rafaela, Ceddanne",rafac001,2,2,empty,empty,1,single,4,1,0
2025-07-21,PHI202507210,BOS,"Mayer, Marcelo",mayem002,2,0,1B,empty,0,strikeout,5,1,2
2025-07-21,PHI202507210,BOS,"Narvaez, Carlos",narvc002,2,1,empty,empty,1,strikeout,5,1,2
2025-07-21,PHI202507210,BOS,"Toro, Abraham",toroa001,2,2,empty,empty,1,field_out,5,1,2
2025-07-21,PHI202507210,BOS,"Duran, Jarren",duraj001,3,0,empty,empty,1,strikeout,6,1,2
2025-07-21,PHI202507210,BOS,"Bregman, Alex",brega001,3,1,empty,empty,1,single,6,1,2
2025-07-21,PHI202507210,BOS,"Anthony, Roman",anthr001,3,1,1B,1B,1,double,6,1,2
2025-07-21,PHI202507210,BOS,"Story, Trevor",stort001,3,1,2B+3B,2B+3B,1,single,6,1,2
2025-07-21,PHI202507210,BOS,"Abreu, Wilyer",abrew002,3,1,1B+3B,1B+3B,1,strikeout,6,2,2
2025-07-21,PHI202507210,BOS,"Rafaela, Ceddanne",rafac001,3,2,1B+3B,2B+3B,0,strikeout,6,2,2
2025-07-21,PHI202507210,BOS,"Gonzalez, Romy",gonzr003,1,0,empty,empty,1,strikeout,7,2,2
2025-07-21,PHI202507210,BOS,"Narvaez, Carlos",narvc002,3,1,empty,empty,1,strikeout,7,2,2
2025-07-21,PHI202507210,BOS,"Toro, Abraham",toroa001,3,2,empty,empty,1,walk,7,2,2
2025-07-21,PHI202507210,BOS,"Duran, Jarren",duraj001,4,2,1B,1B,1,field_out,7,2,2
2025-07-21,PHI202507210,BOS,"Bregman, Alex",brega001,4,0,empty,empty,1,field_out,8,2,2
2025-07-21,PHI202507210,BOS,"Anthony, Roman",anthr001,4,1,empty,empty,1,strikeout,8,2,2
2025-07-21,PHI202507210,BOS,"Story, Trevor",stort001,4,2,empty,empty,1,single,8,2,2
2025-07-21,PHI202507210,BOS,"Abreu, Wilyer",abrew002,4,2,1B,1B,1,field_out,8,2,2
2025-07-21,PHI202507210,BOS,"Rafaela, Ceddanne",rafac001,4,0,empty,empty,1,field_out,9,2,2
2025-07-21,PHI202507210,BOS,"Gonzalez, Romy",gonzr003,2,1,empty,empty,1,field_out,9,2,2
2025-07-21,PHI202507210,BOS,"Narvaez, Carlos",narvc002,4,2,empty,empty,1,walk,9,2,2
2025-07-21,PHI202507210,BOS,"Refsnyder, Rob",refsr001,1,2,1B,1B,1,strikeout,9,2,2
2025-07-21,PHI202507210,BOS,"Duran, Jarren",duraj001,5,0,2B,2B,1,strikeout,10,2,2
2025-07-21,PHI202507210,BOS,"Bregman, Alex",brega001,5,1,2B,2B,1,field_out,10,2,2
2025-07-21,PHI202507210,BOS,"Anthony, Roman",anthr001,5,2,3B,3B,1,strikeout,10,2,2
2025-07-22,PHI202507220,BOS,"Refsnyder, Rob",refsr001,1,0,empty,empty,1,field_out,1,0,0
2025-07-22,PHI202507220,BOS,"Anthony, Roman",anthr001,1,1,empty,empty,1,strikeout,1,0,0
2025-07-22,PHI202507220,BOS,"Bregman, Alex",brega001,1,2,empty,empty,1,field_out,1,0,0
2025-07-22,PHI202507220,BOS,"Gonzalez, Romy",gonzr003,1,0,empty,empty,1,strikeout,2,0,2
2025-07-22,PHI202507220,BOS,"Story, Trevor",stort001,1,1,empty,empty,1,strikeout,2,0,2
2025-07-22,PHI202507220,BOS,"Yoshida, Masataka",yoshm002,1,2,empty,empty,1,field_out,2,0,2
2025-07-22,PHI202507220,BOS,"Rafaela, Ceddanne",rafac001,1,0,empty,empty,1,field_out,3,0,4
2025-07-22,PHI202507220,BOS,"Narvaez, Carlos",narvc002,1,1,empty,empty,1,strikeout,3,0,4
2025-07-22,PHI202507220,BOS,"Toro, Abraham",toroa001,1,2,empty,empty,1,field_out,3,0,4
2025-07-22,PHI202507220,BOS,"Refsnyder, Rob",refsr001,2,0,empty,empty,1,home_run,4,0,4
2025-07-22,PHI202507220,BOS,"Anthony, Roman",anthr001,2,0,empty,empty,1,strikeout,4,1,4
2025-07-22,PHI202507220,BOS,"Bregman, Alex",brega001,2,1,empty,empty,1,single,4,1,4
2025-07-22,PHI202507220,BOS,"Gonzalez, Romy",gonzr003,2,1,1B,1B,1,strikeout,4,1,4
2025-07-22,PHI202507220,BOS,"Story, Trevor",stort001,2,2,1B,1B,1,field_out,4,1,4
2025-07-22,PHI202507220,BOS,"Yoshida, Masataka",yoshm002,2,0,empty,empty,1,field_out,5,1,4
2025-07-22,PHI202507220,BOS,"Rafaela, Ceddanne",rafac001,2,1,empty,empty,1,field_out,5,1,4
2025-07-22,PHI202507220,BOS,"Narvaez, Carlos",narvc002,2,2,empty,empty,1,field_out,5,1,4
2025-07-22,PHI202507220,BOS,"Toro, Abraham",toroa001,2,0,empty,empty,1,strikeout,6,1,4
2025-07-22,PHI202507220,BOS,"Refsnyder, Rob",refsr001,3,1,empty,empty,1,strikeout,6,1,4
2025-07-22,PHI202507220,BOS,"Anthony, Roman",anthr001,3,2,empty,empty,1,strikeout,6,1,4
2025-07-22,PHI202507220,BOS,"Bregman, Alex",brega001,3,0,empty,empty,1,field_out,7,1,4
2025-07-22,PHI202507220,BOS,"Gonzalez, Romy",gonzr003,3,1,empty,empty,1,field_out,7,1,4
2025-07-22,PHI202507220,BOS,"Story, Trevor",stort001,3,2,empty,empty,1,single,7,1,4
2025-07-22,PHI202507220,BOS,"Yoshida, Masataka",yoshm002,3,2,1B,1B,1,field_out,7,1,4
2025-07-22,PHI202507220,BOS,"Rafaela, Ceddanne",rafac001,3,0,empty,empty,1,single,8,1,4
2025-07-22,PHI202507220,BOS,"Narvaez, Carlos",narvc002,3,0,1B,1B,1,field_out,8,1,4
2025-07-22,PHI202507220,BOS,"Toro, Abraham",toroa001,3,1,1B,1B,1,field_out,8,1,4
2025-07-22,PHI202507220,BOS,"Refsnyder, Rob",refsr001,4,2,2B,2B,1,strikeout,8,1,4
2025-07-22,PHI202507220,BOS,"Anthony, Roman",anthr001,4,0,empty,empty,1,strikeout,9,1,4
2025-07-22,PHI202507220,BOS,"Bregman, Alex",brega001,4,1,empty,empty,1,field_out,9,1,4
2025-07-22,PHI202507220,BOS,"Gonzalez, Romy",gonzr003,4,2,empty,empty,1,strikeout,9,1,4
2025-07-23,PHI202507230,BOS,"Refsnyder, Rob",refsr001,1,0,empty,empty,1,field_out,1,0,0
2025-07-23,PHI202507230,BOS,"Duran, Jarren",duraj001,1,1,empty,empty,1,strikeout,1,0,0
2025-07-23,PHI202507230,BOS,"Gonzalez, Romy",gonzr003,1,2,empty,empty,1,field_out,1,0,0
2025-07-23,PHI202507230,BOS,"Story, Trevor",stort001,1,0,empty,empty,1,strikeout,2,0,3
2025-07-23,PHI202507230,BOS,"Yoshida, Masataka",yoshm002,1,1,empty,empty,1,strikeout,2,0,3
2025-07-23,PHI202507230,BOS,"Rafaela, Ceddanne",rafac001,1,2,empty,empty,1,strikeout,2,0,3
2025-07-23,PHI202507230,BOS,"Abreu, Wilyer",abrew002,1,0,empty,empty,1,field_out,3,0,3
2025-07-23,PHI202507230,BOS,"Narvaez, Carlos",narvc002,1,1,empty,empty,1,field_out,3,0,3
2025-07-23,PHI202507230,BOS,"Mayer, Marcelo",mayem002,1,2,empty,empty,1,strikeout,3,0,3
2025-07-23,PHI202507230,BOS,"Refsnyder, Rob",refsr001,2,0,empty,empty,1,walk,4,0,4
2025-07-23,PHI202507230,BOS,"Duran, Jarren",duraj001,2,0,1B,1B,1,strikeout,4,0,4
2025-07-23,PHI202507230,BOS,"Gonzalez, Romy",gonzr003,2,1,1B,1B,1,field_out,4,0,4
2025-07-23,PHI202507230,BOS,"Story, Trevor",stort001,2,2,1B,1B,1,field_out,4,0,4
2025-07-23,PHI202507230,BOS,"Yoshida, Masataka",yoshm002,2,0,empty,empty,1,double,5,0,5
2025-07-23,PHI202507230,BOS,"Rafaela, Ceddanne",rafac001,2,0,2B,2B,1,walk,5,0,5
2025-07-23,PHI202507230,BOS,"Abreu, Wilyer",abrew002,2,0,1B+2B,1B+2B,1,strikeout,5,0,5
2025-07-23,PHI202507230,BOS,"Narvaez, Carlos",narvc002,2,1,1B+2B,1B+2B,1,field_out,5,0,5
2025-07-23,PHI202507230,BOS,"Mayer, Marcelo",mayem002,2,2,1B+2B,1B+2B,1,walk,5,0,5
2025-07-23,PHI202507230,BOS,"Refsnyder, Rob",refsr001,3,2,1B+2B+3B,1B+2B+3B,1,walk,5,0,5
2025-07-23,PHI202507230,BOS,"Duran, Jarren",duraj001,3,2,1B+2B+3B,1B+2B+3B,1,walk,5,1,5
2025-07-23,PHI202507230,BOS,"Gonzalez, Romy",gonzr003,3,2,1B+2B+3B,1B+2B+3B,1,home_run,5,2,5
2025-07-23,PHI202507230,BOS,"Story, Trevor",stort001,3,2,empty,empty,1,field_out,5,6,5
2025-07-23,PHI202507230,BOS,"Yoshida, Masataka",yoshm002,3,0,empty,empty,1,strikeout,6,6,5
2025-07-23,PHI202507230,BOS,"Rafaela, Ceddanne",rafac001,3,1,empty,empty,1,field_out,6,6,5
2025-07-23,PHI202507230,BOS,"Abreu, Wilyer",abrew002,3,2,empty,empty,1,strikeout,6,6,5
2025-07-23,PHI202507230,BOS,"Narvaez, Carlos",narvc002,3,0,empty,empty,1,double,7,6,5
2025-07-23,PHI202507230,BOS,"Toro, Abraham",toroa001,1,0,2B,2B,1,field_out,7,6,5
2025-07-23,PHI202507230,BOS,"Anthony, Roman",anthr001,1,1,2B,2B,1,walk,7,6,5
2025-07-23,PHI202507230,BOS,"Duran, Jarren",duraj001,4,1,1B+2B,1B+2B,1,field_out,7,6,5
2025-07-23,PHI202507230,BOS,"Gonzalez, Romy",gonzr003,4,2,1B+3B,1B+3B,1,strikeout,7,6,5
2025-07-23,PHI202507230,BOS,"Story, Trevor",stort001,4,0,empty,empty,1,strikeout,8,6,5
2025-07-23,PHI202507230,BOS,"Yoshida, Masataka",yoshm002,4,1,empty,empty,1,field_out,8,6,5
2025-07-23,PHI202507230,BOS,"Rafaela, Ceddanne",rafac001,4,2,empty,empty,1,single,8,6,5
2025-07-23,PHI202507230,BOS,"Abreu, Wilyer",abrew002,4,2,1B,1B,1,field_out,8,6,5
2025-07-23,PHI202507230,BOS,"Narvaez, Carlos",narvc002,4,0,empty,empty,1,field_out,9,6,6
2025-07-23,PHI202507230,BOS,"Toro, Abraham",toroa001,2,1,empty,empty,1,hit_by_pitch,9,6,6
2025-07-23,PHI202507230,BOS,"Anthony, Roman",anthr001,2,1,1B,1B,1,strikeout,9,6,6
2025-07-23,PHI202507230,BOS,"Duran, Jarren",duraj001,5,2,1B,1B,1,strikeout,9,6,6
2025-07-23,PHI202507230,BOS,"Bregman, Alex",brega001,1,0,2B,2B,1,field_out,10,6,6
2025-07-23,PHI202507230,BOS,"Story, Trevor",stort001,5,1,2B,2B,1,double,10,6,6
2025-07-23,PHI202507230,BOS,"Yoshida, Masataka",yoshm002,5,1,2B,2B,1,field_out,10,7,6
2025-07-23,PHI202507230,BOS,"Rafaela, Ceddanne",rafac001,5,2,2B,2B,1,fielders_choice_out,10,7,6
2025-07-23,PHI202507230,BOS,"Abreu, Wilyer",abrew002,5,0,2B,2B,1,strikeout,11,7,7
2025-07-23,PHI202507230,BOS,"Narvaez, Carlos",narvc002,5,1,2B,2B,1,home_run,11,7,7
2025-07-23,PHI202507230,BOS,"Toro, Abraham",toroa001,3,1,empty,empty,1,strikeout,11,9,7
2025-07-23,PHI202507230,BOS,"Anthony, Roman",anthr001,3,2,empty,empty,1,double,11,9,7
2025-07-23,PHI202507230,BOS,"Duran, Jarren",duraj001,6,2,2B,2B,1,strikeout,11,9,7
2025-07-25,BOS202507250,BOS,"Duran, Jarren",duraj001,1,0,empty,empty,1,walk,1,0,0
2025-07-25,BOS202507250,BOS,"Bregman, Alex",brega001,1,0,1B,1B,1,field_out,1,0,0
2025-07-25,BOS202507250,BOS,"Anthony, Roman",anthr001,1,1,2B,2B,1,walk,1,0,0
2025-07-25,BOS202507250,BOS,"Story, Trevor",stort001,1,1,1B+2B,1B+2B,1,strikeout,1,0,0
2025-07-25,BOS202507250,BOS,"Yoshida, Masataka",yoshm002,1,2,1B+2B,1B+2B,1,strikeout,1,0,0
2025-07-25,BOS202507250,BOS,"Rafaela, Ceddanne",rafac001,1,0,empty,empty,1,field_out,2,0,1
2025-07-25,BOS202507250,BOS,"Abreu, Wilyer",abrew002,1,1,empty,empty,1,field_out,2,0,1
2025-07-25,BOS202507250,BOS,"Toro, Abraham",toroa001,1,2,empty,empty,1,field_out,2,0,1
2025-07-25,BOS202507250,BOS,"Wong, Connor",wongc001,1,0,empty,empty,1,double,3,0,3
2025-07-25,BOS202507250,BOS,"Duran, Jarren",duraj001,2,0,2B,2B,1,single,3,0,3
2025-07-25,BOS202507250,BOS,"Bregman, Alex",brega001,2,0,1B,1B,1,double,3,1,3
2025-07-25,BOS202507250,BOS,"Anthony, Roman",anthr001,2,0,2B,2B,1,field_out,3,2,3
2025-07-25,BOS202507250,BOS,"Story, Trevor",stort001,2,1,2B,2B,1,field_out,3,2,3
2025-07-25,BOS202507250,BOS,"Yoshida, Masataka",yoshm002,2,2,2B,2B,1,field_out,3,2,3
2025-07-25,BOS202507250,BOS,"Rafaela, Ceddanne",rafac001,2,0,empty,empty,1,strikeout,4,2,3
2025-07-25,BOS202507250,BOS,"Abreu, Wilyer",abrew002,2,1,empty,empty,1,strikeout,4,2,3
2025-07-25,BOS202507250,BOS,"Toro, Abraham",toroa001,2,2,empty,empty,1,strikeout,4,2,3
2025-07-25,BOS202507250,BOS,"Wong, Connor",wongc001,2,0,empty,empty,1,field_out,5,2,3
2025-07-25,BOS202507250,BOS,"Duran, Jarren",duraj001,3,1,empty,empty,1,field_out,5,2,3
2025-07-25,BOS202507250,BOS,"Bregman, Alex",brega001,3,2,empty,empty,1,field_out,5,2,3
2025-07-25,BOS202507250,BOS,"Anthony, Roman",anthr001,3,0,empty,empty,1,field_out,6,2,3
2025-07-25,BOS202507250,BOS,"Story, Trevor",stort001,3,1,empty,empty,1,field_out,6,2,3
2025-07-25,BOS202507250,BOS,"Yoshida, Masataka",yoshm002,3,2,empty,empty,1,single,6,2,3
2025-07-25,BOS202507250,BOS,"Rafaela, Ceddanne",rafac001,3,2,1B,1B,1,field_out,6,2,3
2025-07-25,BOS202507250,BOS,"Gonzalez, Romy",gonzr003,1,0,empty,empty,1,strikeout,7,2,3
2025-07-25,BOS202507250,BOS,"Refsnyder, Rob",refsr001,1,1,empty,empty,1,field_out,7,2,3
2025-07-25,BOS202507250,BOS,"Wong, Connor",wongc001,3,2,empty,empty,1,field_out,7,2,3
2025-07-25,BOS202507250,BOS,"Duran, Jarren",duraj001,4,0,empty,empty,1,strikeout,8,2,5
2025-07-25,BOS202507250,BOS,"Bregman, Alex",brega001,4,1,empty,empty,1,field_out,8,2,5
2025-07-25,BOS202507250,BOS,"Anthony, Roman",anthr001,4,2,empty,empty,1,strikeout,8,2,5
2025-07-25,BOS202507250,BOS,"Story, Trevor",stort001,4,0,empty,empty,1,double,9,2,5
2025-07-25,BOS202507250,BOS,"Yoshida, Masataka",yoshm002,4,0,2B,2B,1,field_out,9,2,5
2025-07-25,BOS202507250,BOS,"Rafaela, Ceddanne",rafac001,4,1,2B,2B,1,field_out,9,2,5
2025-07-25,BOS202507250,BOS,"Gonzalez, Romy",gonzr003,2,2,2B,2B,1,hit_by_pitch,9,2,5
2025-07-25,BOS202507250,BOS,"Refsnyder, Rob",refsr001,2,2,1B+2B,1B+2B,1,field_out,9,2,5
2025-07-26,BOS202507260,BOS,"Refsnyder, Rob",refsr001,1,0,empty,empty,1,field_out,1,0,2
2025-07-26,BOS202507260,BOS,"Bregman, Alex",brega001,1,1,empty,empty,1,field_out,1,0,2
2025-07-26,BOS202507260,BOS,"Anthony, Roman",anthr001,1,2,empty,empty,1,walk,1,0,2
2025-07-26,BOS202507260,BOS,"Gonzalez, Romy",gonzr003,1,2,1B,1B,1,field_out,1,0,2
2025-07-26,BOS202507260,BOS,"Story, Trevor",stort001,1,0,empty,empty,1,walk,2,0,2
2025-07-26,BOS202507260,BOS,"Narvaez, Carlos",narvc002,1,0,1B,1B,1,double,2,0,2
2025-07-26,BOS202507260,BOS,"Duran, Jarren",duraj001,1,0,2B+3B,2B+3B,1,triple,2,0,2
2025-07-26,BOS202507260,BOS,"Rafaela, Ceddanne",rafac001,1,0,3B,3B,1,field_out,2,2,2
2025-07-26,BOS202507260,BOS,"Toro, Abraham",toroa001,1,1,3B,3B,1,sac_fly,2,2,2
2025-07-26,BOS202507260,BOS,"Refsnyder, Rob",refsr001,2,2,empty,empty,1,field_out,2,3,2
2025-07-26,BOS202507260,BOS,"Bregman, Alex",brega001,2,0,empty,empty,1,single,3,3,2
2025-07-26,BOS202507260,BOS,"Anthony, Roman",anthr001,2,0,1B,1B,1,single,3,3,2
2025-07-26,BOS202507260,BOS,"Gonzalez, Romy",gonzr003,2,0,1B+2B,1B+2B,1,grounded_into_double_play,3,3,2
2025-07-26,BOS202507260,BOS,"Story, Trevor",stort001,2,2,3B,3B,1,strikeout,3,3,2
2025-07-26,BOS202507260,BOS,"Narvaez, Carlos",narvc002,2,0,empty,empty,1,strikeout,4,3,2
2025-07-26,BOS202507260,BOS,"Duran, Jarren",duraj001,2,1,empty,empty,1,field_out,4,3,2
2025-07-26,BOS202507260,BOS,"Rafaela, Ceddanne",rafac001,2,2,empty,empty,1,field_out,4,3,2
2025-07-26,BOS202507260,BOS,"Toro, Abraham",toroa001,2,0,empty,empty,1,field_out,5,3,2
2025-07-26,BOS202507260,BOS,"Refsnyder, Rob",refsr001,3,1,empty,empty,1,field_out,5,3,2
2025-07-26,BOS202507260,BOS,"Bregman, Alex",brega001,3,2,empty,empty,1,single,5,3,2
2025-07-26,BOS202507260,BOS,"Anthony, Roman",anthr001,3,2,1B,1B,1,double,5,3,2
2025-07-26,BOS202507260,BOS,"Gonzalez, Romy",gonzr003,3,2,2B,2B,1,field_out,5,4,2
2025-07-26,BOS202507260,BOS,"Story, Trevor",stort001,3,0,empty,empty,1,strikeout,6,4,2
2025-07-26,BOS202507260,BOS,"Narvaez, Carlos",narvc002,3,1,empty,empty,1,field_out,6,4,2
2025-07-26,BOS202507260,BOS,"Duran, Jarren",duraj001,3,2,empty,empty,1,triple,6,4,2
2025-07-26,BOS202507260,BOS,"Rafaela, Ceddanne",rafac001,3,2,3B,3B,1,field_out,6,4,2
2025-07-26,BOS202507260,BOS,"Toro, Abraham",toroa001,3,0,empty,empty,1,strikeout,7,4,2
2025-07-26,BOS202507260,BOS,"Refsnyder, Rob",refsr001,4,1,empty,empty,1,single,7,4,2
2025-07-26,BOS202507260,BOS,"Bregman, Alex",brega001,4,1,1B,1B,1,single,7,4,2
2025-07-26,BOS202507260,BOS,"Anthony, Roman",anthr001,4,1,1B+2B,1B+2B,1,walk,7,4,2
2025-07-26,BOS202507260,BOS,"Abreu, Wilyer",abrew002,1,1,1B+2B+3B,1B+2B+3B,1,grounded_into_double_play,7,4,2
2025-07-26,BOS202507260,BOS,"Story, Trevor",stort001,4,0,empty,empty,1,field_out,8,4,2
2025-07-26,BOS202507260,BOS,"Narvaez, Carlos",narvc002,4,1,empty,empty,1,field_out,8,4,2
2025-07-26,BOS202507260,BOS,"Duran, Jarren",duraj001,4,2,empty,empty,1,double,8,4,2
2025-07-26,BOS202507260,BOS,"Rafaela, Ceddanne",rafac001,4,2,2B,2B,1,strikeout,8,4,2
2025-07-27,BOS202507270,BOS,"Anthony, Roman",anthr001,1,0,empty,empty,1,hit_by_pitch,1,0,0
2025-07-27,BOS202507270,BOS,"Bregman, Alex",brega001,1,0,1B,1B,1,field_out,1,0,0
2025-07-27,BOS202507270,BOS,"Duran, Jarren",duraj001,1,1,1B,1B,1,single,1,0,0
2025-07-27,BOS202507270,BOS,"Story, Trevor",stort001,1,1,1B+3B,1B+3B,1,sac_fly,1,0,0
2025-07-27,BOS202507270,BOS,"Yoshida, Masataka",yoshm002,1,2,1B,1B,1,field_error,1,1,0
2025-07-27,BOS202507270,BOS,"Narvaez, Carlos",narvc002,1,2,1B+2B,1B+2B,1,field_out,1,1,0
2025-07-27,BOS202507270,BOS,"Abreu, Wilyer",abrew002,1,0,empty,empty,1,field_out,2,1,0
2025-07-27,BOS202507270,BOS,"Rafaela, Ceddanne",rafac001,1,1,empty,empty,1,single,2,1,0
2025-07-27,BOS202507270,BOS,"Toro, Abraham",toroa001,1,1,1B,1B,1,field_out,2,1,0
2025-07-27,BOS202507270,BOS,"Anthony, Roman",anthr001,2,2,1B,2B,0,field_out,2,1,0
2025-07-27,BOS202507270,BOS,"Bregman, Alex",brega001,2,0,empty,empty,1,strikeout,3,1,1
2025-07-27,BOS202507270,BOS,"Duran, Jarren",duraj001,2,1,empty,empty,1,strikeout,3,1,1
2025-07-27,BOS202507270,BOS,"Story, Trevor",stort001,2,2,empty,empty,1,strikeout,3,1,1
2025-07-27,BOS202507270,BOS,"Yoshida, Masataka",yoshm002,2,0,empty,empty,1,field_out,4,1,3
2025-07-27,BOS202507270,BOS,"Narvaez, Carlos",narvc002,2,1,empty,empty,1,strikeout,4,1,3
2025-07-27,BOS202507270,BOS,"Abreu, Wilyer",abrew002,2,2,empty,empty,1,strikeout,4,1,3
2025-07-27,BOS202507270,BOS,"Rafaela, Ceddanne",rafac001,2,0,empty,empty,1,field_out,5,1,3
2025-07-27,BOS202507270,BOS,"Toro, Abraham",toroa001,2,1,empty,empty,1,single,5,1,3
2025-07-27,BOS202507270,BOS,"Anthony, Roman",anthr001,3,1,1B,1B,1,triple,5,1,3
2025-07-27,BOS202507270,BOS,"Bregman, Alex",brega001,3,1,3B,3B,1,home_run,5,2,3
2025-07-27,BOS202507270,BOS,"Duran, Jarren",duraj001,3,1,empty,empty,1,field_out,5,4,3
2025-07-27,BOS202507270,BOS,"Story, Trevor",stort001,3,2,empty,empty,1,field_out,5,4,3
2025-07-27,BOS202507270,BOS,"Yoshida, Masataka",yoshm002,3,0,empty,empty,1,field_out,6,4,3
2025-07-27,BOS202507270,BOS,"Narvaez, Carlos",narvc002,3,1,empty,empty,1,strikeout,6,4,3
2025-07-27,BOS202507270,BOS,"Abreu, Wilyer",abrew002,3,2,empty,empty,1,field_out,6,4,3
2025-07-27,BOS202507270,BOS,"Rafaela, Ceddanne",rafac001,3,0,empty,empty,1,field_out,7,4,3
2025-07-27,BOS202507270,BOS,"Toro, Abraham",toroa001,3,1,empty,empty,1,hit_by_pitch,7,4,3
2025-07-27,BOS202507270,BOS,"Anthony, Roman",anthr001,4,1,1B,1B,1,field_out,7,4,3
2025-07-27,BOS202507270,BOS,"Bregman, Alex",brega001,4,2,1B,2B,0,walk,7,4,3
2025-07-27,BOS202507270,BOS,"Duran, Jarren",duraj001,4,2,1B+2B,1B+2B,1,strikeout,7,4,3
2025-07-27,BOS202507270,BOS,"Story, Trevor",stort001,4,0,empty,empty,1,field_out,8,4,3
2025-07-27,BOS202507270,BOS,"Refsnyder, Rob",refsr001,1,1,empty,empty,1,single,8,4,3
2025-07-27,BOS202507270,BOS,"Narvaez, Carlos",narvc002,4,1,1B,1B,1,grounded_into_double_play,8,4,3
2025-07-28,MIN202507280,BOS,"Anthony, Roman",anthr001,1,0,empty,empty,1,single,1,0,0
2025-07-28,MIN202507280,BOS,"Bregman, Alex",brega001,1,0,2B,2B,1,single,1,0,0
2025-07-28,MIN202507280,BOS,"Duran, Jarren",duraj001,1,0,1B+3B,1B+3B,1,strikeout,1,0,0
2025-07-28,MIN202507280,BOS,"Story, Trevor",stort001,1,1,1B+3B,1B+3B,1,field_out,1,0,0
2025-07-28,MIN202507280,BOS,"Yoshida, Masataka",yoshm002,1,2,1B+3B,1B+3B,1,strikeout,1,0,0
2025-07-28,MIN202507280,BOS,"Narvaez, Carlos",narvc002,1,0,empty,empty,1,field_out,2,0,0
2025-07-28,MIN202507280,BOS,"Abreu, Wilyer",abrew002,1,1,empty,empty,1,field_out,2,0,0
2025-07-28,MIN202507280,BOS,"Rafaela, Ceddanne",rafac001,1,2,empty,empty,1,field_out,2,0,0
2025-07-28,MIN202507280,BOS,"Toro, Abraham",toroa001,1,0,empty,empty,1,field_out,3,0,0
2025-07-28,MIN202507280,BOS,"Anthony, Roman",anthr001,2,1,empty,empty,1,walk,3,0,0
2025-07-28,MIN202507280,BOS,"Bregman, Alex",brega001,2,1,1B,1B,1,field_out,3,0,0
2025-07-28,MIN202507280,BOS,"Duran, Jarren",duraj001,2,2,1B,1B,1,field_out,3,0,0
2025-07-28,MIN202507280,BOS,"Story, Trevor",stort001,2,0,empty,empty,1,strikeout,4,0,2
2025-07-28,MIN202507280,BOS,"Yoshida, Masataka",yoshm002,2,1,empty,empty,1,single,4,0,2
2025-07-28,MIN202507280,BOS,"Narvaez, Carlos",narvc002,2,1,1B,1B,1,field_out,4,0,2
2025-07-28,MIN202507280,BOS,"Abreu, Wilyer",abrew002,2,2,1B,1B,1,single,4,0,2
2025-07-28,MIN202507280,BOS,"Rafaela, Ceddanne",rafac001,2,2,1B+3B,2B+3B,0,strikeout,4,0,2
2025-07-28,MIN202507280,BOS,"Toro, Abraham",toroa001,2,0,empty,empty,1,single,5,0,2
2025-07-28,MIN202507280,BOS,"Anthony, Roman",anthr001,3,0,1B,1B,1,walk,5,0,2
2025-07-28,MIN202507280,BOS,"Bregman, Alex",brega001,3,0,1B+2B,1B+2B,1,home_run,5,0,2
2025-07-28,MIN202507280,BOS,"Duran, Jarren",duraj001,3,0,empty,empty,1,double,5,3,2
2025-07-28,MIN202507280,BOS,"Story, Trevor",stort001,3,0,2B,2B,1,strikeout,5,3,2
2025-07-28,MIN202507280,BOS,"Yoshida, Masataka",yoshm002,3,1,2B,2B,1,field_out,5,3,2
2025-07-28,MIN202507280,BOS,"Narvaez, Carlos",narvc002,3,2,3B,3B,1,field_out,5,3,2
2025-07-28,MIN202507280,BOS,"Abreu, Wilyer",abrew002,3,0,empty,empty,1,single,6,3,2
2025-07-28,MIN202507280,BOS,"Rafaela, Ceddanne",rafac001,3,0,1B,1B,1,field_out,6,3,2
2025-07-28,MIN202507280,BOS,"Toro, Abraham",toroa001,3,1,2B,2B,1,field_out,6,3,2
2025-07-28,MIN202507280,BOS,"Anthony, Roman",anthr001,4,2,3B,3B,1,strikeout,6,3,2
2025-07-28,MIN202507280,BOS,"Bregman, Alex",brega001,4,0,empty,empty,1,strikeout,7,3,3
2025-07-28,MIN202507280,BOS,"Duran, Jarren",duraj001,4,1,empty,empty,1,strikeout,7,3,3
2025-07-28,MIN202507280,BOS,"Story, Trevor",stort001,4,2,empty,empty,1,field_out,7,3,3
2025-07-28,MIN202507280,BOS,"Yoshida, Masataka",yoshm002,4,0,empty,empty,1,field_out,8,3,3
2025-07-28,MIN202507280,BOS,"Narvaez, Carlos",narvc002,4,1,empty,empty,1,strikeout,8,3,3
2025-07-28,MIN202507280,BOS,"Abreu, Wilyer",abrew002,4,2,empty,empty,1,double,8,3,3
2025-07-28,MIN202507280,BOS,"Rafaela, Ceddanne",rafac001,4,2,2B,2B,1,field_out,8,3,3
2025-07-28,MIN202507280,BOS,"Toro, Abraham",toroa001,4,0,empty,empty,1,walk,9,3,3
2025-07-28,MIN202507280,BOS,"Anthony, Roman",anthr001,5,0,1B,3B,0,single,9,3,3
2025-07-28,MIN202507280,BOS,"Bregman, Alex",brega001,5,0,1B,1B,1,field_out,9,4,3
2025-07-28,MIN202507280,BOS,"Duran, Jarren",duraj001,5,2,1B,empty,0,walk,9,4,3
2025-07-28,MIN202507280,BOS,"Story, Trevor",stort001,5,2,1B,2B,0,strikeout,9,4,3
2025-07-29,MIN202507290,BOS,"Anthony, Roman",anthr001,1,0,empty,empty,1,strikeout,1,0,0
2025-07-29,MIN202507290,BOS,"Bregman, Alex",brega001,1,1,empty,empty,1,strikeout,1,0,0
2025-07-29,MIN202507290,BOS,"Duran, Jarren",duraj001,1,2,empty,empty,1,double,1,0,0
2025-07-29,MIN202507290,BOS,"Story, Trevor",stort001,1,2,2B,2B,1,strikeout,1,0,0
2025-07-29,MIN202507290,BOS,"Abreu, Wilyer",abrew002,1,0,empty,empty,1,field_out,2,0,0
2025-07-29,MIN202507290,BOS,"Narvaez, Carlos",narvc002,1,1,empty,empty,1,field_out,2,0,0
2025-07-29,MIN202507290,BOS,"Toro, Abraham",toroa001,1,2,empty,empty,1,field_out,2,0,0
2025-07-29,MIN202507290,BOS,"Hamilton, David",hamid002,1,0,empty,empty,1,field_out,3,0,0
2025-07-29,MIN202507290,BOS,"Rafaela, Ceddanne",rafac001,1,1,empty,empty,1,triple,3,0,0
2025-07-29,MIN202507290,BOS,"Anthony, Roman",anthr001,2,1,3B,3B,1,single,3,0,0
2025-07-29,MIN202507290,BOS,"Bregman, Alex",brega001,2,1,1B,1B,1,double,3,1,0
2025-07-29,MIN202507290,BOS,"Duran, Jarren",duraj001,2,1,2B,2B,1,strikeout,3,2,0
2025-07-29,MIN202507290,BOS,"Story, Trevor",stort001,2,2,2B,2B,1,home_run,3,2,0
2025-07-29,MIN202507290,BOS,"Abreu, Wilyer",abrew002,2,2,empty,empty,1,walk,3,4,0
2025-07-29,MIN202507290,BOS,"Narvaez, Carlos",narvc002,2,2,1B,1B,1,field_out,3,4,0
2025-07-29,MIN202507290,BOS,"Toro, Abraham",toroa001,2,0,empty,empty,1,hit_by_pitch,4,4,0
2025-07-29,MIN202507290,BOS,"Hamilton, David",hamid002,2,0,1B,1B,1,field_out,4,4,0
2025-07-29,MIN202507290,BOS,"Rafaela, Ceddanne",rafac001,2,1,1B,1B,1,field_out,4,4,0
2025-07-29,MIN202507290,BOS,"Anthony, Roman",anthr001,3,2,1B,1B,1,field_out,4,4,0
2025-07-29,MIN202507290,BOS,"Bregman, Alex",brega001,3,0,empty,empty,1,field_out,5,4,0
2025-07-29,MIN202507290,BOS,"Duran, Jarren",duraj001,3,1,empty,empty,1,home_run,5,4,0
2025-07-29,MIN202507290,BOS,"Story, Trevor",stort001,3,1,empty,empty,1,strikeout,5,5,0
2025-07-29,MIN202507290,BOS,"Abreu, Wilyer",abrew002,3,2,empty,empty,1,field_out,5,5,0
2025-07-29,MIN202507290,BOS,"Narvaez, Carlos",narvc002,3,0,empty,empty,1,single,6,5,1
2025-07-29,MIN202507290,BOS,"Toro, Abraham",toroa001,3,0,1B,1B,1,double,6,5,1
2025-07-29,MIN202507290,BOS,"Hamilton, David",hamid002,3,0,2B+3B,2B+3B,1,strikeout,6,5,1
2025-07-29,MIN202507290,BOS,"Rafaela, Ceddanne",rafac001,3,1,2B+3B,2B+3B,1,sac_fly,6,5,1
2025-07-29,MIN202507290,BOS,"Anthony, Roman",anthr001,4,2,2B,2B,1,walk,6,6,1
2025-07-29,MIN202507290,BOS,"Bregman, Alex",brega001,4,2,1B+2B,1B+2B,1,field_out,6,6,1
2025-07-29,MIN202507290,BOS,"Duran, Jarren",duraj001,4,0,empty,empty,1,walk,7,6,1
2025-07-29,MIN202507290,BOS,"Story, Trevor",stort001,4,0,1B,2B,0,field_out,7,6,1
2025-07-29,MIN202507290,BOS,"Abreu, Wilyer",abrew002,4,1,2B,2B,1,field_out,7,6,1
2025-07-29,MIN202507290,BOS,"Narvaez, Carlos",narvc002,4,2,3B,3B,1,field_out,7,6,1
2025-07-29,MIN202507290,BOS,"Toro, Abraham",toroa001,4,0,empty,empty,1,field_out,8,6,3
2025-07-29,MIN202507290,BOS,"Hamilton, David",hamid002,4,1,empty,empty,1,field_out,8,6,3
2025-07-29,MIN202507290,BOS,"Rafaela, Ceddanne",rafac001,4,2,empty,empty,1,field_out,8,6,3
2025-07-29,MIN202507290,BOS,"Anthony, Roman",anthr001,5,0,empty,empty,1,field_out,9,6,3
2025-07-29,MIN202507290,BOS,"Bregman, Alex",brega001,5,1,empty,empty,1,field_error,9,6,3
2025-07-29,MIN202507290,BOS,"Duran, Jarren",duraj001,5,1,1B,1B,1,field_out,9,6,3
2025-07-29,MIN202507290,BOS,"Story, Trevor",stort001,5,2,1B,1B,1,double,9,6,3
2025-07-29,MIN202507290,BOS,"Abreu, Wilyer",abrew002,5,2,2B,2B,1,double,9,7,3
2025-07-29,MIN202507290,BOS,"Narvaez, Carlos",narvc002,5,2,2B,2B,1,field_out,9,8,3
2025-07-30,MIN202507300,BOS,"Anthony, Roman",anthr001,1,0,empty,empty,1,field_out,1,0,0
2025-07-30,MIN202507300,BOS,"Toro, Abraham",toroa001,1,1,empty,empty,1,field_out,1,0,0
2025-07-30,MIN202507300,BOS,"Duran, Jarren",duraj001,1,2,empty,empty,1,strikeout,1,0,0
2025-07-30,MIN202507300,BOS,"Story, Trevor",stort001,1,0,empty,empty,1,home_run,2,0,0
2025-07-30,MIN202507300,BOS,"Abreu, Wilyer",abrew002,1,0,empty,empty,1,strikeout,2,1,0
2025-07-30,MIN202507300,BOS,"Gonzalez, Romy",gonzr003,1,1,empty,empty,1,single,2,1,0
2025-07-30,MIN202507300,BOS,"Yoshida, Masataka",yoshm002,1,1,1B,1B,1,field_out,2,1,0
2025-07-30,MIN202507300,BOS,"Rafaela, Ceddanne",rafac001,1,2,1B,1B,1,field_out,2,1,0
2025-07-30,MIN202507300,BOS,"Wong, Connor",wongc001,1,0,empty,empty,1,double,3,1,1
2025-07-30,MIN202507300,BOS,"Anthony, Roman",anthr001,2,0,2B,2B,1,single,3,1,1
2025-07-30,MIN202507300,BOS,"Toro, Abraham",toroa001,2,0,1B+3B,1B+3B,1,sac_fly,3,1,1
2025-07-30,MIN202507300,BOS,"Duran, Jarren",duraj001,2,1,1B,1B,1,grounded_into_double_play,3,2,1
2025-07-30,MIN202507300,BOS,"Story, Trevor",stort001,2,0,empty,empty,1,double,4,2,1
2025-07-30,MIN202507300,BOS,"Abreu, Wilyer",abrew002,2,0,2B,2B,1,field_out,4,2,1
2025-07-30,MIN202507300,BOS,"Gonzalez, Romy",gonzr003,2,1,2B,2B,1,strikeout,4,2,1
2025-07-30,MIN202507300,BOS,"Yoshida, Masataka",yoshm002,2,2,2B,2B,1,strikeout,4,2,1
2025-07-30,MIN202507300,BOS,"Rafaela, Ceddanne",rafac001,2,2,1B+3B,2B+3B,0,field_out,4,2,1
2025-07-30,MIN202507300,BOS,"Wong, Connor",wongc001,2,0,empty,empty,1,single,5,2,1
2025-07-30,MIN202507300,BOS,"Anthony, Roman",anthr001,3,0,1B,1B,1,double,5,2,1
2025-07-30,MIN202507300,BOS,"Toro, Abraham",toroa001,3,0,2B+3B,2B+3B,1,field_out,5,2,1
2025-07-30,MIN202507300,BOS,"Duran, Jarren",duraj001,3,1,2B+3B,2B+3B,1,single,5,2,1
2025-07-30,MIN202507300,BOS,"Story, Trevor",stort001,3,1,2B,2B,1,walk,5,4,1
2025-07-30,MIN202507300,BOS,"Abreu, Wilyer",abrew002,3,1,1B+2B,1B+2B,1,strikeout,5,4,1
2025-07-30,MIN202507300,BOS,"Gonzalez, Romy",gonzr003,3,2,1B+2B,1B+2B,1,walk,5,4,1
2025-07-30,MIN202507300,BOS,"Yoshida, Masataka",yoshm002,3,2,1B+2B+3B,1B+2B+3B,1,single,5,4,1
2025-07-30,MIN202507300,BOS,"Rafaela, Ceddanne",rafac001,3,2,1B+3B,1B+3B,1,strikeout,5,6,1
2025-07-30,MIN202507300,BOS,"Wong, Connor",wongc001,3,0,empty,empty,1,field_out,6,6,1
2025-07-30,MIN202507300,BOS,"Anthony, Roman",anthr001,4,1,empty,empty,1,hit_by_pitch,6,6,1
2025-07-30,MIN202507300,BOS,"Toro, Abraham",toroa001,4,1,1B,1B,1,field_out,6,6,1
2025-07-30,MIN202507300,BOS,"Duran, Jarren",duraj001,4,2,1B,1B,1,home_run,6,6,1
2025-07-30,MIN202507300,BOS,"Story, Trevor",stort001,4,2,empty,empty,1,strikeout,6,8,1
2025-07-30,MIN202507300,BOS,"Abreu, Wilyer",abrew002,4,0,empty,empty,1,field_out,7,8,1
2025-07-30,MIN202507300,BOS,"Gonzalez, Romy",gonzr003,4,1,empty,empty,1,strikeout,7,8,1
2025-07-30,MIN202507300,BOS,"Yoshida, Masataka",yoshm002,4,2,empty,empty,1,strikeout,7,8,1
2025-07-30,MIN202507300,BOS,"Rafaela, Ceddanne",rafac001,4,0,empty,empty,1,strikeout,8,8,1
2025-07-30,MIN202507300,BOS,"Wong, Connor",wongc001,4,1,empty,empty,1,walk,8,8,1
2025-07-30,MIN202507300,BOS,"Anthony, Roman",anthr001,5,1,1B,1B,1,strikeout,8,8,1
2025-07-30,MIN202507300,BOS,"Toro, Abraham",toroa001,5,2,1B,1B,1,field_out,8,8,1
2025-07-30,MIN202507300,BOS,"Duran, Jarren",duraj001,5,0,empty,empty,1,double,9,8,1
2025-07-30,MIN202507300,BOS,"Hamilton, David",hamid002,1,0,2B,2B,1,single,9,8,1
2025-07-30,MIN202507300,BOS,"Abreu, Wilyer",abrew002,5,0,1B+3B,1B+3B,1,single,9,8,1
2025-07-30,MIN202507300,BOS,"Gonzalez, Romy",gonzr003,5,0,1B+2B,1B+2B,1,home_run,9,9,1
2025-07-30,MIN202507300,BOS,"Yoshida, Masataka",yoshm002,5,0,empty,empty,1,home_run,9,12,1
2025-07-30,MIN202507300,BOS,"Rafaela, Ceddanne",rafac001,5,0,empty,empty,1,single,9,13,1
2025-07-30,MIN202507300,BOS,"Wong, Connor",wongc001,5,0,1B,1B,1,field_out,9,13,1
2025-07-30,MIN202507300,BOS,"Anthony, Roman",anthr001,6,1,1B,1B,1,field_out,9,13,1
2025-07-30,MIN202507300,BOS,"Toro, Abraham",toroa001,6,2,1B,1B,1,field_out,9,13,1
2025-08-01,BOS202508010,BOS,"Anthony, Roman",anthr001,1,0,empty,empty,1,field_out,1,0,0
2025-08-01,BOS202508010,BOS,"Bregman, Alex",brega001,1,1,empty,empty,1,single,1,0,0
2025-08-01,BOS202508010,BOS,"Duran, Jarren",duraj001,1,1,1B,1B,1,strikeout,1,0,0
2025-08-01,BOS202508010,BOS,"Toro, Abraham",toroa001,1,2,1B,1B,1,field_out,1,0,0
2025-08-01,BOS202508010,BOS,"Story, Trevor",stort001,1,0,empty,empty,1,field_out,2,0,1
2025-08-01,BOS202508010,BOS,"Yoshida, Masataka",yoshm002,1,1,empty,empty,1,strikeout,2,0,1
2025-08-01,BOS202508010,BOS,"Narvaez, Carlos",narvc002,1,2,empty,empty,1,field_out,2,0,1
2025-08-01,BOS202508010,BOS,"Abreu, Wilyer",abrew002,1,0,empty,empty,1,field_out,3,0,1
2025-08-01,BOS202508010,BOS,"Rafaela, Ceddanne",rafac001,1,1,empty,empty,1,field_out,3,0,1
2025-08-01,BOS202508010,BOS,"Anthony, Roman",anthr001,2,2,empty,empty,1,single,3,0,1
2025-08-01,BOS202508010,BOS,"Bregman, Alex",brega001,2,2,1B,1B,1,single,3,0,1
2025-08-01,BOS202508010,BOS,"Duran, Jarren",duraj001,2,2,2B+3B,2B+3B,1,strikeout,3,0,1
2025-08-01,BOS202508010,BOS,"Toro, Abraham",toroa001,2,0,empty,empty,1,strikeout,4,0,1
2025-08-01,BOS202508010,BOS,"Story, Trevor",stort001,2,1,empty,empty,1,strikeout,4,0,1
2025-08-01,BOS202508010,BOS,"Yoshida, Masataka",yoshm002,2,2,empty,empty,1,field_out,4,0,1
2025-08-01,BOS202508010,BOS,"Narvaez, Carlos",narvc002,2,0,empty,empty,1,strikeout,5,0,1
2025-08-01,BOS202508010,BOS,"Abreu, Wilyer",abrew002,2,1,empty,empty,1,field_out,5,0,1
2025-08-01,BOS202508010,BOS,"Rafaela, Ceddanne",rafac001,2,2,empty,empty,1,field_out,5,0,1
2025-08-01,BOS202508010,BOS,"Anthony, Roman",anthr001,3,0,empty,empty,1,field_out,6,0,1
2025-08-01,BOS202508010,BOS,"Bregman, Alex",brega001,3,1,empty,empty,1,field_out,6,0,1
2025-08-01,BOS202508010,BOS,"Duran, Jarren",duraj001,3,2,empty,empty,1,double,6,0,1
2025-08-01,BOS202508010,BOS,"Toro, Abraham",toroa001,3,2,2B,2B,1,field_out,6,0,1
2025-08-01,BOS202508010,BOS,"Story, Trevor",stort001,3,0,empty,empty,1,walk,7,0,1
2025-08-01,BOS202508010,BOS,"Yoshida, Masataka",yoshm002,3,0,1B,2B,0,hit_by_pitch,7,0,1
2025-08-01,BOS202508010,BOS,"Narvaez, Carlos",narvc002,3,0,1B+2B,1B+2B,1,sac_bunt,7,0,1
2025-08-01,BOS202508010,BOS,"Abreu, Wilyer",abrew002,3,1,2B+3B,2B+3B,1,sac_fly,7,0,1
2025-08-01,BOS202508010,BOS,"Rafaela, Ceddanne",rafac001,3,2,2B,2B,1,field_out,7,1,1
2025-08-01,BOS202508010,BOS,"Anthony, Roman",anthr001,4,0,empty,empty,1,field_out,8,1,1
2025-08-01,BOS202508010,BOS,"Bregman, Alex",brega001,4,1,empty,empty,1,field_out,8,1,1
2025-08-01,BOS202508010,BOS,"Duran, Jarren",duraj001,4,2,empty,empty,1,field_out,8,1,1
2025-08-01,BOS202508010,BOS,"Gonzalez, Romy",gonzr003,1,0,empty,empty,1,field_out,9,1,1
2025-08-01,BOS202508010,BOS,"Story, Trevor",stort001,4,1,empty,empty,1,double,9,1,1
2025-08-01,BOS202508010,BOS,"Refsnyder, Rob",refsr001,1,1,2B,2B,1,walk,9,1,1
2025-08-01,BOS202508010,BOS,"Narvaez, Carlos",narvc002,4,1,1B+2B,1B+2B,1,field_out,9,1,1
2025-08-01,BOS202508010,BOS,"Abreu, Wilyer",abrew002,4,2,1B+2B,1B+2B,1,strikeout,9,1,1
2025-08-01,BOS202508010,BOS,"Rafaela, Ceddanne",rafac001,4,0,2B,2B,1,fielders_choice,10,1,1
2025-08-01,BOS202508010,BOS,"Anthony, Roman",anthr001,5,0,1B+3B,2B+3B,0,single,10,1,1
2025-08-02,BOS202508020,BOS,"Gonzalez, Romy",gonzr003,1,0,empty,empty,1,home_run,1,0,2
2025-08-02,BOS202508020,BOS,"Bregman, Alex",brega001,1,0,empty,empty,1,strikeout,1,1,2
2025-08-02,BOS202508020,BOS,"Anthony, Roman",anthr001,1,1,empty,empty,1,walk,1,1,2
2025-08-02,BOS202508020,BOS,"Refsnyder, Rob",refsr001,1,1,1B,1B,1,strikeout,1,1,2
2025-08-02,BOS202508020,BOS,"Story, Trevor",stort001,1,2,1B,1B,1,hit_by_pitch,1,1,2
2025-08-02,BOS202508020,BOS,"Narvaez, Carlos",narvc002,1,2,1B+2B,1B+2B,1,field_out,1,1,2
2025-08-02,BOS202508020,BOS,"Duran, Jarren",duraj001,1,0,empty,empty,1,field_out,2,1,2
2025-08-02,BOS202508020,BOS,"Rafaela, Ceddanne",rafac001,1,1,empty,empty,1,strikeout,2,1,2
2025-08-02,BOS202508020,BOS,"Toro, Abraham",toroa001,1,2,empty,empty,1,field_out,2,1,2
2025-08-02,BOS202508020,BOS,"Gonzalez, Romy",gonzr003,2,0,empty,empty,1,double,3,1,2
2025-08-02,BOS202508020,BOS,"Bregman, Alex",brega001,2,0,2B,2B,1,field_out,3,1,2
2025-08-02,BOS202508020,BOS,"Anthony, Roman",anthr001,2,1,2B,2B,1,strikeout,3,1,2
2025-08-02,BOS202508020,BOS,"Refsnyder, Rob",refsr001,2,2,2B,2B,1,single,3,1,2
2025-08-02,BOS202508020,BOS,"Story, Trevor",stort001,2,2,1B,1B,1,home_run,3,2,2
2025-08-02,BOS202508020,BOS,"Narvaez, Carlos",narvc002,2,2,empty,empty,1,strikeout,3,4,2
2025-08-02,BOS202508020,BOS,"Duran, Jarren",duraj001,2,0,empty,empty,1,field_out,4,4,2
2025-08-02,BOS202508020,BOS,"Rafaela, Ceddanne",rafac001,2,1,empty,empty,1,double,4,4,2
2025-08-02,BOS202508020,BOS,"Toro, Abraham",toroa001,2,1,2B,2B,1,home_run,4,4,2
2025-08-02,BOS202508020,BOS,"Gonzalez, Romy",gonzr003,3,1,empty,empty,1,field_out,4,6,2
2025-08-02,BOS202508020,BOS,"Bregman, Alex",brega001,3,2,empty,empty,1,strikeout,4,6,2
2025-08-02,BOS202508020,BOS,"Anthony, Roman",anthr001,3,0,empty,empty,1,single,5,6,3
2025-08-02,BOS202508020,BOS,"Refsnyder, Rob",refsr001,3,0,1B,1B,1,strikeout,5,6,3
2025-08-02,BOS202508020,BOS,"Story, Trevor",stort001,3,1,1B,1B,1,strikeout,5,6,3
2025-08-02,BOS202508020,BOS,"Narvaez, Carlos",narvc002,3,2,1B,1B,1,walk,5,6,3
2025-08-02,BOS202508020,BOS,"Duran, Jarren",duraj001,3,2,1B+2B,1B+2B,1,strikeout,5,6,3
2025-08-02,BOS202508020,BOS,"Rafaela, Ceddanne",rafac001,3,0,empty,empty,1,strikeout,6,6,3
2025-08-02,BOS202508020,BOS,"Toro, Abraham",toroa001,3,1,empty,empty,1,field_out,6,6,3
2025-08-02,BOS202508020,BOS,"Gonzalez, Romy",gonzr003,4,2,empty,empty,1,strikeout,6,6,3
2025-08-02,BOS202508020,BOS,"Bregman, Alex",brega001,4,0,empty,empty,1,field_out,7,6,3
2025-08-02,BOS202508020,BOS,"Anthony, Roman",anthr001,4,1,empty,empty,1,strikeout,7,6,3
2025-08-02,BOS202508020,BOS,"Refsnyder, Rob",refsr001,4,2,empty,empty,1,double,7,6,3
2025-08-02,BOS202508020,BOS,"Story, Trevor",stort001,4,2,2B,2B,1,double,7,6,3
2025-08-02,BOS202508020,BOS,"Narvaez, Carlos",narvc002,4,2,2B,3B,0,field_out,7,7,3
2025-08-02,BOS202508020,BOS,"Duran, Jarren",duraj001,4,0,empty,empty,1,field_out,8,7,3
2025-08-02,BOS202508020,BOS,"Rafaela, Ceddanne",rafac001,4,1,empty,empty,1,double,8,7,3
2025-08-02,BOS202508020,BOS,"Toro, Abraham",toroa001,4,1,2B,2B,1,field_out,8,7,3
2025-08-02,BOS202508020,BOS,"Gonzalez, Romy",gonzr003,5,2,2B,2B,1,field_out,8,7,3
2025-08-03,BOS202508030,BOS,"Refsnyder, Rob",refsr001,1,0,empty,empty,1,single,1,0,0
2025-08-03,BOS202508030,BOS,"Bregman, Alex",brega001,1,0,1B,1B,1,field_out,1,0,0
2025-08-03,BOS202508030,BOS,"Anthony, Roman",anthr001,1,1,2B,2B,1,field_out,1,0,0
2025-08-03,BOS202508030,BOS,"Gonzalez, Romy",gonzr003,1,2,3B,3B,1,strikeout,1,0,0
2025-08-03,BOS202508030,BOS,"Story, Trevor",stort001,1,0,empty,empty,1,single,2,0,0
2025-08-03,BOS202508030,BOS,"Rafaela, Ceddanne",rafac001,1,0,1B,1B,1,single,2,0,0
2025-08-03,BOS202508030,BOS,"Toro, Abraham",toroa001,1,0,1B+2B,1B+2B,1,field_out,2,0,0
2025-08-03,BOS202508030,BOS,"Abreu, Wilyer",abrew002,1,1,1B+2B,1B+2B,1,grounded_into_double_play,2,0,0
2025-08-03,BOS202508030,BOS,"Wong, Connor",wongc001,1,0,empty,empty,1,field_out,3,0,0
2025-08-03,BOS202508030,BOS,"Refsnyder, Rob",refsr001,2,1,empty,empty,1,field_out,3,0,0
2025-08-03,BOS202508030,BOS,"Bregman, Alex",brega001,2,2,empty,empty,1,field_out,3,0,0
2025-08-03,BOS202508030,BOS,"Anthony, Roman",anthr001,2,0,empty,empty,1,double,4,0,1
2025-08-03,BOS202508030,BOS,"Gonzalez, Romy",gonzr003,2,0,2B,2B,1,walk,4,0,1
2025-08-03,BOS202508030,BOS,"Story, Trevor",stort001,2,0,1B+2B,1B+2B,1,single,4,0,1
2025-08-03,BOS202508030,BOS,"Rafaela, Ceddanne",rafac001,2,0,2B+3B,2B+3B,1,single,4,1,1
2025-08-03,BOS202508030,BOS,"Toro, Abraham",toroa001,2,0,1B+3B,3B,0,single,4,3,1
2025-08-03,BOS202508030,BOS,"Abreu, Wilyer",abrew002,2,0,1B+3B,1B+3B,1,sac_bunt,4,3,1
2025-08-03,BOS202508030,BOS,"Wong, Connor",wongc001,2,0,1B+2B,2B+3B,0,sac_fly,4,4,1
2025-08-03,BOS202508030,BOS,"Refsnyder, Rob",refsr001,3,1,3B,3B,1,field_out,4,5,1
2025-08-03,BOS202508030,BOS,"Bregman, Alex",brega001,3,2,empty,empty,1,field_out,4,6,1
2025-08-03,BOS202508030,BOS,"Anthony, Roman",anthr001,3,0,empty,empty,1,field_out,5,6,1
2025-08-03,BOS202508030,BOS,"Gonzalez, Romy",gonzr003,3,1,empty,empty,1,strikeout,5,6,1
2025-08-03,BOS202508030,BOS,"Story, Trevor",stort001,3,2,empty,empty,1,strikeout,5,6,1
2025-08-03,BOS202508030,BOS,"Rafaela, Ceddanne",rafac001,3,0,empty,empty,1,hit_by_pitch,6,6,1
2025-08-03,BOS202508030,BOS,"Toro, Abraham",toroa001,3,0,1B,1B,1,field_out,6,6,1
2025-08-03,BOS202508030,BOS,"Abreu, Wilyer",abrew002,3,2,1B,empty,0,field_out,6,6,1
2025-08-03,BOS202508030,BOS,"Wong, Connor",wongc001,3,0,empty,empty,1,field_out,7,6,1
2025-08-03,BOS202508030,BOS,"Refsnyder, Rob",refsr001,4,1,empty,empty,1,strikeout,7,6,1
2025-08-03,BOS202508030,BOS,"Bregman, Alex",brega001,4,2,empty,empty,1,walk,7,6,1
2025-08-03,BOS202508030,BOS,"Anthony, Roman",anthr001,4,2,1B,1B,1,strikeout,7,6,1
2025-08-03,BOS202508030,BOS,"Gonzalez, Romy",gonzr003,4,0,empty,empty,1,field_out,8,6,1
2025-08-03,BOS202508030,BOS,"Story, Trevor",stort001,4,1,empty,empty,1,field_out,8,6,1
2025-08-03,BOS202508030,BOS,"Rafaela, Ceddanne",rafac001,4,2,empty,empty,1,single,8,6,1
2025-08-03,BOS202508030,BOS,"Toro, Abraham",toroa001,4,2,1B,1B,1,field_out,8,6,1
2025-08-04,BOS202508040,BOS,"Gonzalez, Romy",gonzr003,1,0,empty,empty,1,single,1,0,0
2025-08-04,BOS202508040,BOS,"Bregman, Alex",brega001,1,0,1B,1B,1,single,1,0,0
2025-08-04,BOS202508040,BOS,"Abreu, Wilyer",abrew002,1,0,1B+3B,1B+3B,1,walk,1,0,0
2025-08-04,BOS202508040,BOS,"Refsnyder, Rob",refsr001,1,0,1B+2B+3B,1B+2B+3B,1,single,1,0,0
2025-08-04,BOS202508040,BOS,"Story, Trevor",stort001,1,0,1B+3B,1B+3B,1,field_out,1,2,0
2025-08-04,BOS202508040,BOS,"Rafaela, Ceddanne",rafac001,1,1,1B+3B,1B+3B,1,field_out,1,2,0
2025-08-04,BOS202508040,BOS,"Duran, Jarren",duraj001,1,2,1B+3B,1B+3B,1,home_run,1,2,0
2025-08-04,BOS202508040,BOS,"Toro, Abraham",toroa001,1,2,empty,empty,1,field_out,1,5,0
2025-08-04,BOS202508040,BOS,"Wong, Connor",wongc001,1,0,empty,empty,1,strikeout,2,5,0
2025-08-04,BOS202508040,BOS,"Gonzalez, Romy",gonzr003,2,1,empty,empty,1,field_out,2,5,0
2025-08-04,BOS202508040,BOS,"Bregman, Alex",brega001,2,2,empty,empty,1,strikeout,2,5,0
2025-08-04,BOS202508040,BOS,"Abreu, Wilyer",abrew002,2,0,empty,empty,1,single,3,5,0
2025-08-04,BOS202508040,BOS,"Refsnyder, Rob",refsr001,2,0,1B,1B,1,grounded_into_double_play,3,5,0
2025-08-04,BOS202508040,BOS,"Story, Trevor",stort001,2,2,empty,empty,1,walk,3,5,0
2025-08-04,BOS202508040,BOS,"Rafaela, Ceddanne",rafac001,2,2,1B,2B,0,single,3,5,0
2025-08-04,BOS202508040,BOS,"Duran, Jarren",duraj001,2,2,1B,2B,0,field_out,3,6,0
2025-08-04,BOS202508040,BOS,"Toro, Abraham",toroa001,2,0,empty,empty,1,single,4,6,1
2025-08-04,BOS202508040,BOS,"Wong, Connor",wongc001,2,0,1B,1B,1,field_out,4,6,1
2025-08-04,BOS202508040,BOS,"Gonzalez, Romy",gonzr003,3,1,2B,2B,1,field_out,4,6,1
2025-08-04,BOS202508040,BOS,"Bregman, Alex",brega001,3,2,2B,2B,1,single,4,6,1
2025-08-04,BOS202508040,BOS,"Abreu, Wilyer",abrew002,3,2,1B,1B,1,field_out,4,7,1
2025-08-04,BOS202508040,BOS,"Refsnyder, Rob",refsr001,3,0,empty,empty,1,field_out,5,7,1
2025-08-04,BOS202508040,BOS,"Story, Trevor",stort001,3,1,empty,empty,1,single,5,7,1
2025-08-04,BOS202508040,BOS,"Rafaela, Ceddanne",rafac001,3,1,1B,1B,1,grounded_into_double_play,5,7,1
2025-08-04,BOS202508040,BOS,"Duran, Jarren",duraj001,3,0,empty,empty,1,field_out,6,7,1
2025-08-04,BOS202508040,BOS,"Toro, Abraham",toroa001,3,1,empty,empty,1,strikeout,6,7,1
2025-08-04,BOS202508040,BOS,"Wong, Connor",wongc001,3,2,empty,empty,1,field_out,6,7,1
2025-08-04,BOS202508040,BOS,"Gonzalez, Romy",gonzr003,4,0,empty,empty,1,double,7,7,1
2025-08-04,BOS202508040,BOS,"Bregman, Alex",brega001,4,0,2B,2B,1,walk,7,7,1
2025-08-04,BOS202508040,BOS,"Abreu, Wilyer",abrew002,4,0,1B+2B,1B+2B,1,single,7,7,1
2025-08-04,BOS202508040,BOS,"Refsnyder, Rob",refsr001,4,0,1B+2B,1B+2B,1,field_out,7,8,1
2025-08-04,BOS202508040,BOS,"Story, Trevor",stort001,4,1,1B+3B,1B+3B,1,strikeout,7,8,1
2025-08-04,BOS202508040,BOS,"Rafaela, Ceddanne",rafac001,4,2,1B+3B,1B+3B,1,field_out,7,8,1
2025-08-04,BOS202508040,BOS,"Duran, Jarren",duraj001,4,0,empty,empty,1,field_out,8,8,5
2025-08-04,BOS202508040,BOS,"Toro, Abraham",toroa001,4,1,empty,empty,1,field_out,8,8,5
2025-08-04,BOS202508040,BOS,"Wong, Connor",wongc001,4,2,empty,empty,1,strikeout,8,8,5
2025-08-05,BOS202508050,BOS,"Duran, Jarren",duraj001,1,0,empty,empty,1,field_out,1,0,0
2025-08-05,BOS202508050,BOS,"Bregman, Alex",brega001,1,1,empty,empty,1,field_out,1,0,0
2025-08-05,BOS202508050,BOS,"Abreu, Wilyer",abrew002,1,2,empty,empty,1,strikeout,1,0,0
2025-08-05,BOS202508050,BOS,"Story, Trevor",stort001,1,0,empty,empty,1,field_out,2,0,0
2025-08-05,BOS202508050,BOS,"Yoshida, Masataka",yoshm002,1,1,empty,empty,1,walk,2,0,0
2025-08-05,BOS202508050,BOS,"Narvaez, Carlos",narvc002,1,1,1B,1B,1,grounded_into_double_play,2,0,0
2025-08-05,BOS202508050,BOS,"Toro, Abraham",toroa001,1,0,empty,empty,1,field_out,3,0,0
2025-08-05,BOS202508050,BOS,"Gonzalez, Romy",gonzr003,1,1,empty,empty,1,single,3,0,0
2025-08-05,BOS202508050,BOS,"Hamilton, David",hamid002,1,1,1B,1B,1,field_out,3,0,0
2025-08-05,BOS202508050,BOS,"Duran, Jarren",duraj001,2,2,2B,2B,1,double,3,0,0
2025-08-05,BOS202508050,BOS,"Bregman, Alex",brega001,2,2,2B,2B,1,field_out,3,1,0
2025-08-05,BOS202508050,BOS,"Abreu, Wilyer",abrew002,2,0,empty,empty,1,field_out,4,1,1
2025-08-05,BOS202508050,BOS,"Story, Trevor",stort001,2,1,empty,empty,1,strikeout,4,1,1
2025-08-05,BOS202508050,BOS,"Yoshida, Masataka",yoshm002,2,2,empty,empty,1,field_out,4,1,1
2025-08-05,BOS202508050,BOS,"Narvaez, Carlos",narvc002,2,0,empty,empty,1,field_out,5,1,1
2025-08-05,BOS202508050,BOS,"Toro, Abraham",toroa001,2,1,empty,empty,1,field_out,5,1,1
2025-08-05,BOS202508050,BOS,"Gonzalez, Romy",gonzr003,2,2,empty,empty,1,field_out,5,1,1
2025-08-05,BOS202508050,BOS,"Hamilton, David",hamid002,2,0,empty,empty,1,field_out,6,1,1
2025-08-05,BOS202508050,BOS,"Duran, Jarren",duraj001,3,1,empty,empty,1,field_out,6,1,1
2025-08-05,BOS202508050,BOS,"Bregman, Alex",brega001,3,2,empty,empty,1,walk,6,1,1
2025-08-05,BOS202508050,BOS,"Abreu, Wilyer",abrew002,3,2,1B,1B,1,double,6,1,1
2025-08-05,BOS202508050,BOS,"Story, Trevor",stort001,3,2,2B+3B,2B+3B,1,single,6,1,1
2025-08-05,BOS202508050,BOS,"Yoshida, Masataka",yoshm002,3,2,1B,1B,1,single,6,3,1
2025-08-05,BOS202508050,BOS,"Narvaez, Carlos",narvc002,3,2,1B+2B,1B+2B,1,field_out,6,3,1
2025-08-05,BOS202508050,BOS,"Toro, Abraham",toroa001,3,0,empty,empty,1,field_out,7,3,2
2025-08-05,BOS202508050,BOS,"Gonzalez, Romy",gonzr003,3,1,empty,empty,1,field_out,7,3,2
2025-08-05,BOS202508050,BOS,"Hamilton, David",hamid002,3,2,empty,empty,1,walk,7,3,2
2025-08-05,BOS202508050,BOS,"Duran, Jarren",duraj001,4,2,1B,1B,1,single,7,3,2
2025-08-05,BOS202508050,BOS,"Bregman, Alex",brega001,4,2,1B+3B,1B+3B,1,walk,7,3,2
2025-08-05,BOS202508050,BOS,"Abreu, Wilyer",abrew002,4,2,1B+2B+3B,1B+2B+3B,1,single,7,3,2
2025-08-05,BOS202508050,BOS,"Story, Trevor",stort001,4,2,1B+3B,1B+3B,1,single,7,5,2
2025-08-05,BOS202508050,BOS,"Rafaela, Ceddanne",rafac001,1,2,1B+3B,1B+3B,1,field_out,7,6,2
2025-08-05,BOS202508050,BOS,"Narvaez, Carlos",narvc002,4,0,empty,empty,1,field_out,8,6,2
2025-08-05,BOS202508050,BOS,"Toro, Abraham",toroa001,4,1,empty,empty,1,field_out,8,6,2
2025-08-05,BOS202508050,BOS,"Gonzalez, Romy",gonzr003,4,2,empty,empty,1,single,8,6,2
2025-08-05,BOS202508050,BOS,"Hamilton, David",hamid002,4,2,1B,1B,1,field_out,8,6,2
2025-08-06,BOS202508060,BOS,"Anthony, Roman",anthr001,1,0,empty,empty,1,field_out,1,0,0
2025-08-06,BOS202508060,BOS,"Bregman, Alex",brega001,1,1,empty,empty,1,single,1,0,0
2025-08-06,BOS202508060,BOS,"Story, Trevor",stort001,1,1,1B,1B,1,field_out,1,0,0
2025-08-06,BOS202508060,BOS,"Duran, Jarren",duraj001,1,2,1B,1B,1,single,1,0,0
2025-08-06,BOS202508060,BOS,"Gonzalez, Romy",gonzr003,1,2,1B+3B,1B+3B,1,double,1,0,0
2025-08-06,BOS202508060,BOS,"Abreu, Wilyer",abrew002,1,2,2B,2B,1,field_out,1,2,0
2025-08-06,BOS202508060,BOS,"Yoshida, Masataka",yoshm002,1,0,empty,empty,1,strikeout,2,2,0
2025-08-06,BOS202508060,BOS,"Rafaela, Ceddanne",rafac001,1,1,empty,empty,1,field_out,2,2,0
2025-08-06,BOS202508060,BOS,"Wong, Connor",wongc001,1,2,empty,empty,1,field_out,2,2,0
2025-08-06,BOS202508060,BOS,"Anthony, Roman",anthr001,2,0,empty,empty,1,field_out,3,2,1
2025-08-06,BOS202508060,BOS,"Bregman, Alex",brega001,2,1,empty,empty,1,field_out,3,2,1
2025-08-06,BOS202508060,BOS,"Story, Trevor",stort001,2,2,empty,empty,1,strikeout,3,2,1
2025-08-06,BOS202508060,BOS,"Duran, Jarren",duraj001,2,0,empty,empty,1,field_out,4,2,3
2025-08-06,BOS202508060,BOS,"Gonzalez, Romy",gonzr003,2,1,empty,empty,1,double,4,2,3
2025-08-06,BOS202508060,BOS,"Abreu, Wilyer",abrew002,2,1,2B,2B,1,field_out,4,2,3
2025-08-06,BOS202508060,BOS,"Yoshida, Masataka",yoshm002,2,2,3B,3B,1,field_out,4,2,3
2025-08-06,BOS202508060,BOS,"Rafaela, Ceddanne",rafac001,2,0,empty,empty,1,field_out,5,2,3
2025-08-06,BOS202508060,BOS,"Wong, Connor",wongc001,2,1,empty,empty,1,field_out,5,2,3
2025-08-06,BOS202508060,BOS,"Anthony, Roman",anthr001,3,2,empty,empty,1,field_out,5,2,3
2025-08-06,BOS202508060,BOS,"Bregman, Alex",brega001,3,0,empty,empty,1,strikeout,6,2,3
2025-08-06,BOS202508060,BOS,"Story, Trevor",stort001,3,1,empty,empty,1,single,6,2,3
2025-08-06,BOS202508060,BOS,"Duran, Jarren",duraj001,3,1,1B,1B,1,grounded_into_double_play,6,2,3
2025-08-06,BOS202508060,BOS,"Gonzalez, Romy",gonzr003,3,0,empty,empty,1,strikeout,7,2,6
2025-08-06,BOS202508060,BOS,"Abreu, Wilyer",abrew002,3,1,empty,empty,1,walk,7,2,6
2025-08-06,BOS202508060,BOS,"Yoshida, Masataka",yoshm002,3,1,1B,1B,1,field_out,7,2,6
2025-08-06,BOS202508060,BOS,"Rafaela, Ceddanne",rafac001,3,2,2B,2B,1,strikeout,7,2,6
2025-08-06,BOS202508060,BOS,"Wong, Connor",wongc001,3,0,empty,empty,1,single,8,2,7
2025-08-06,BOS202508060,BOS,"Anthony, Roman",anthr001,4,0,1B,1B,1,field_out,8,2,7
2025-08-06,BOS202508060,BOS,"Bregman, Alex",brega001,4,1,2B,2B,1,field_out,8,2,7
2025-08-06,BOS202508060,BOS,"Story, Trevor",stort001,4,2,2B,2B,1,single,8,2,7
2025-08-06,BOS202508060,BOS,"Duran, Jarren",duraj001,4,2,1B,1B,1,field_out,8,3,7
2025-08-06,BOS202508060,BOS,"Gonzalez, Romy",gonzr003,4,0,empty,empty,1,strikeout,9,3,7
2025-08-06,BOS202508060,BOS,"Abreu, Wilyer",abrew002,4,1,empty,empty,1,strikeout,9,3,7
2025-08-06,BOS202508060,BOS,"Yoshida, Masataka",yoshm002,4,2,empty,empty,1,field_out,9,3,7
2025-08-08,SDN202508080,BOS,"Anthony, Roman",anthr001,1,0,empty,empty,1,strikeout,1,0,0
2025-08-08,SDN202508080,BOS,"Bregman, Alex",brega001,1,1,empty,empty,1,walk,1,0,0
2025-08-08,SDN202508080,BOS,"Duran, Jarren",duraj001,1,1,1B,1B,1,field_out,1,0,0
2025-08-08,SDN202508080,BOS,"Story, Trevor",stort001,1,2,2B,2B,1,strikeout,1,0,0
2025-08-08,SDN202508080,BOS,"Yoshida, Masataka",yoshm002,1,0,empty,empty,1,field_out,2,0,0
2025-08-08,SDN202508080,BOS,"Toro, Abraham",toroa001,1,1,empty,empty,1,field_out,2,0,0
2025-08-08,SDN202508080,BOS,"Abreu, Wilyer",abrew002,1,2,empty,empty,1,field_out,2,0,0
2025-08-08,SDN202508080,BOS,"Rafaela, Ceddanne",rafac001,1,0,empty,empty,1,field_out,3,0,0
2025-08-08,SDN202508080,BOS,"Wong, Connor",wongc001,1,1,empty,empty,1,field_out,3,0,0
2025-08-08,SDN202508080,BOS,"Anthony, Roman",anthr001,2,2,empty,empty,1,field_out,3,0,0
2025-08-08,SDN202508080,BOS,"Bregman, Alex",brega001,2,0,empty,empty,1,single,4,0,0
2025-08-08,SDN202508080,BOS,"Duran, Jarren",duraj001,2,0,1B,1B,1,walk,4,0,0
2025-08-08,SDN202508080,BOS,"Story, Trevor",stort001,2,0,1B+2B,1B+2B,1,walk,4,0,0
2025-08-08,SDN202508080,BOS,"Yoshida, Masataka",yoshm002,2,0,1B+2B+3B,1B+2B+3B,1,sac_fly,4,0,0
2025-08-08,SDN202508080,BOS,"Toro, Abraham",toroa001,2,1,1B+3B,2B,0,field_out,4,2,0
2025-08-08,SDN202508080,BOS,"Abreu, Wilyer",abrew002,2,2,3B,3B,1,home_run,4,2,0
2025-08-08,SDN202508080,BOS,"Rafaela, Ceddanne",rafac001,2,2,empty,empty,1,field_out,4,4,0
2025-08-08,SDN202508080,BOS,"Wong, Connor",wongc001,2,0,empty,empty,1,single,5,4,0
2025-08-08,SDN202508080,BOS,"Anthony, Roman",anthr001,3,0,1B,1B,1,single,5,4,0
2025-08-08,SDN202508080,BOS,"Bregman, Alex",brega001,3,0,1B+3B,1B+3B,1,field_out,5,4,0
2025-08-08,SDN202508080,BOS,"Duran, Jarren",duraj001,3,1,2B,2B,1,strikeout,5,5,0
2025-08-08,SDN202508080,BOS,"Story, Trevor",stort001,3,2,2B,2B,1,field_out,5,5,0
2025-08-08,SDN202508080,BOS,"Yoshida, Masataka",yoshm002,3,0,empty,empty,1,double,6,5,0
2025-08-08,SDN202508080,BOS,"Toro, Abraham",toroa001,3,0,2B,2B,1,field_out,6,5,0
2025-08-08,SDN202508080,BOS,"Abreu, Wilyer",abrew002,3,1,2B,2B,1,field_out,6,5,0
2025-08-08,SDN202508080,BOS,"Rafaela, Ceddanne",rafac001,3,2,2B,2B,1,field_out,6,5,0
2025-08-08,SDN202508080,BOS,"Wong, Connor",wongc001,3,0,empty,empty,1,field_out,7,5,0
2025-08-08,SDN202508080,BOS,"Anthony, Roman",anthr001,4,1,empty,empty,1,single,7,5,0
2025-08-08,SDN202508080,BOS,"Bregman, Alex",brega001,4,1,1B,1B,1,field_out,7,5,0
2025-08-08,SDN202508080,BOS,"Duran, Jarren",duraj001,4,2,1B,1B,1,single,7,5,0
2025-08-08,SDN202508080,BOS,"Story, Trevor",stort001,4,2,1B+3B,1B+3B,1,strikeout,7,5,0
2025-08-08,SDN202508080,BOS,"Yoshida, Masataka",yoshm002,4,0,empty,empty,1,field_out,8,5,0
2025-08-08,SDN202508080,BOS,"Toro, Abraham",toroa001,4,1,empty,empty,1,walk,8,5,0
2025-08-08,SDN202508080,BOS,"Abreu, Wilyer",abrew002,4,1,1B,1B,1,walk,8,5,0
2025-08-08,SDN202508080,BOS,"Rafaela, Ceddanne",rafac001,4,1,1B+2B,1B+2B,1,walk,8,5,0
2025-08-08,SDN202508080,BOS,"Wong, Connor",wongc001,4,1,1B+2B+3B,1B+2B+3B,1,double,8,5,0
2025-08-08,SDN202508080,BOS,"Anthony, Roman",anthr001,5,1,2B,3B,0,walk,8,8,0
2025-08-08,SDN202508080,BOS,"Bregman, Alex",brega001,5,1,1B+3B,1B+3B,1,hit_by_pitch,8,8,0
2025-08-08,SDN202508080,BOS,"Duran, Jarren",duraj001,5,1,1B+2B+3B,1B+2B+3B,1,double_play,8,8,0
2025-08-08,SDN202508080,BOS,"Story, Trevor",stort001,5,0,empty,empty,1,walk,9,8,2
2025-08-08,SDN202508080,BOS,"Yoshida, Masataka",yoshm002,5,0,1B,1B,1,home_run,9,8,2
2025-08-08,SDN202508080,BOS,"Toro, Abraham",toroa001,5,0,empty,empty,1,single,9,10,2
2025-08-08,SDN202508080,BOS,"Abreu, Wilyer",abrew002,5,0,1B,1B,1,field_out,9,10,2
2025-08-08,SDN202508080,BOS,"Rafaela, Ceddanne",rafac001,5,1,1B,1B,1,field_out,9,10,2
2025-08-08,SDN202508080,BOS,"Wong, Connor",wongc001,5,2,1B,1B,1,field_out,9,10,2
2025-08-09,SDN202508090,BOS,"Anthony, Roman",anthr001,1,0,empty,empty,1,field_out,1,0,0
2025-08-09,SDN202508090,BOS,"Bregman, Alex",brega001,1,1,empty,empty,1,double,1,0,0
2025-08-09,SDN202508090,BOS,"Duran, Jarren",duraj001,1,1,2B,2B,1,single,1,0,0
2025-08-09,SDN202508090,BOS,"Story, Trevor",stort001,1,2,empty,empty,1,field_out,1,1,0
2025-08-09,SDN202508090,BOS,"Yoshida, Masataka",yoshm002,1,0,empty,empty,1,single,2,1,0
2025-08-09,SDN202508090,BOS,"Toro, Abraham",toroa001,1,0,1B,1B,1,field_out,2,1,0
2025-08-09,SDN202508090,BOS,"Abreu, Wilyer",abrew002,1,1,1B,2B,0,walk,2,1,0
2025-08-09,SDN202508090,BOS,"Rafaela, Ceddanne",rafac001,1,1,1B+2B,1B+2B,1,walk,2,1,0
2025-08-09,SDN202508090,BOS,"Wong, Connor",wongc001,1,1,1B+2B+3B,1B+2B+3B,1,field_out,2,1,0
2025-08-09,SDN202508090,BOS,"Anthony, Roman",anthr001,2,2,1B+2B+3B,1B+2B+3B,1,strikeout,2,1,0
2025-08-09,SDN202508090,BOS,"Bregman, Alex",brega001,2,0,empty,empty,1,double,3,1,1
2025-08-09,SDN202508090,BOS,"Duran, Jarren",duraj001,2,0,2B,2B,1,single,3,1,1
2025-08-09,SDN202508090,BOS,"Story, Trevor",stort001,2,0,1B+3B,1B+3B,1,fielders_choice_out,3,1,1
2025-08-09,SDN202508090,BOS,"Yoshida, Masataka",yoshm002,2,1,2B+3B,3B,0,fielders_choice,3,2,1
2025-08-09,SDN202508090,BOS,"Toro, Abraham",toroa001,2,1,1B,1B,1,field_out,3,3,1
2025-08-09,SDN202508090,BOS,"Abreu, Wilyer",abrew002,2,2,1B,1B,1,field_out,3,3,1
2025-08-09,SDN202508090,BOS,"Rafaela, Ceddanne",rafac001,2,0,empty,empty,1,strikeout,4,3,2
2025-08-09,SDN202508090,BOS,"Wong, Connor",wongc001,2,1,empty,empty,1,walk,4,3,2
2025-08-09,SDN202508090,BOS,"Anthony, Roman",anthr001,3,1,1B,1B,1,field_out,4,3,2
2025-08-09,SDN202508090,BOS,"Bregman, Alex",brega001,3,2,2B,2B,1,intent_walk,4,3,2
2025-08-09,SDN202508090,BOS,"Duran, Jarren",duraj001,3,2,1B+2B,2B+3B,0,field_out,4,3,2
2025-08-09,SDN202508090,BOS,"Story, Trevor",stort001,3,0,empty,empty,1,field_out,5,3,2
2025-08-09,SDN202508090,BOS,"Yoshida, Masataka",yoshm002,3,1,empty,empty,1,strikeout,5,3,2
2025-08-09,SDN202508090,BOS,"Toro, Abraham",toroa001,3,2,empty,empty,1,strikeout,5,3,2
2025-08-09,SDN202508090,BOS,"Abreu, Wilyer",abrew002,3,0,empty,empty,1,strikeout,6,3,4
2025-08-09,SDN202508090,BOS,"Rafaela, Ceddanne",rafac001,3,1,empty,empty,1,strikeout,6,3,4
2025-08-09,SDN202508090,BOS,"Wong, Connor",wongc001,3,2,empty,empty,1,strikeout,6,3,4
2025-08-09,SDN202508090,BOS,"Anthony, Roman",anthr001,4,0,empty,empty,1,strikeout,7,3,4
2025-08-09,SDN202508090,BOS,"Bregman, Alex",brega001,4,1,empty,empty,1,single,7,3,4
2025-08-09,SDN202508090,BOS,"Duran, Jarren",duraj001,4,1,1B,1B,1,strikeout,7,3,4
2025-08-09,SDN202508090,BOS,"Story, Trevor",stort001,4,2,1B,1B,1,strikeout,7,3,4
2025-08-09,SDN202508090,BOS,"Yoshida, Masataka",yoshm002,4,0,empty,empty,1,single,8,3,4
2025-08-09,SDN202508090,BOS,"Toro, Abraham",toroa001,4,1,1B,empty,0,strikeout,8,3,4
2025-08-09,SDN202508090,BOS,"Abreu, Wilyer",abrew002,4,2,empty,empty,1,strikeout,8,3,4
2025-08-09,SDN202508090,BOS,"Rafaela, Ceddanne",rafac001,4,0,empty,empty,1,single,9,3,4
2025-08-09,SDN202508090,BOS,"Wong, Connor",wongc001,4,0,1B,2B,0,strikeout,9,3,4
2025-08-09,SDN202508090,BOS,"Anthony, Roman",anthr001,5,1,2B,2B,1,double,9,3,4
2025-08-09,SDN202508090,BOS,"Bregman, Alex",brega001,5,1,2B,2B,1,field_out,9,4,4
2025-08-09,SDN202508090,BOS,"Duran, Jarren",duraj001,5,2,2B,2B,1,intent_walk,9,4,4
2025-08-09,SDN202508090,BOS,"Story, Trevor",stort001,5,2,1B+2B,1B+2B,1,strikeout,9,4,4
2025-08-09,SDN202508090,BOS,"Hamilton, David",hamid002,1,0,2B,2B,1,strikeout,10,4,4
2025-08-09,SDN202508090,BOS,"Gonzalez, Romy",gonzr003,1,1,2B,2B,1,field_out,10,4,4
2025-08-09,SDN202508090,BOS,"Abreu, Wilyer",abrew002,5,2,2B,2B,1,intent_walk,10,4,4
2025-08-09,SDN202508090,BOS,"Rafaela, Ceddanne",rafac001,5,2,1B+2B,1B+2B,1,field_out,10,4,4
2025-08-10,SDN202508100,BOS,"Anthony, Roman",anthr001,1,0,empty,empty,1,strikeout,1,0,0
2025-08-10,SDN202508100,BOS,"Bregman, Alex",brega001,1,1,empty,empty,1,field_out,1,0,0
2025-08-10,SDN202508100,BOS,"Duran, Jarren",duraj001,1,2,empty,empty,1,field_out,1,0,0
2025-08-10,SDN202508100,BOS,"Story, Trevor",stort001,1,0,empty,empty,1,field_out,2,0,0
2025-08-10,SDN202508100,BOS,"Yoshida, Masataka",yoshm002,1,1,empty,empty,1,field_out,2,0,0
2025-08-10,SDN202508100,BOS,"Gonzalez, Romy",gonzr003,1,2,empty,empty,1,field_out,2,0,0
2025-08-10,SDN202508100,BOS,"Abreu, Wilyer",abrew002,1,0,empty,empty,1,single,3,0,0
2025-08-10,SDN202508100,BOS,"Rafaela, Ceddanne",rafac001,1,0,1B,1B,1,grounded_into_double_play,3,0,0
2025-08-10,SDN202508100,BOS,"Wong, Connor",wongc001,1,2,empty,empty,1,field_out,3,0,0
2025-08-10,SDN202508100,BOS,"Anthony, Roman",anthr001,2,0,empty,empty,1,walk,4,0,2
2025-08-10,SDN202508100,BOS,"Bregman, Alex",brega001,2,0,1B,1B,1,strikeout,4,0,2
2025-08-10,SDN202508100,BOS,"Duran, Jarren",duraj001,2,1,1B,1B,1,strikeout,4,0,2
2025-08-10,SDN202508100,BOS,"Story, Trevor",stort001,2,2,1B,1B,1,strikeout,4,0,2
2025-08-10,SDN202508100,BOS,"Yoshida, Masataka",yoshm002,2,0,empty,empty,1,strikeout,5,0,2
2025-08-10,SDN202508100,BOS,"Gonzalez, Romy",gonzr003,2,1,empty,empty,1,single,5,0,2
2025-08-10,SDN202508100,BOS,"Abreu, Wilyer",abrew002,2,1,1B,1B,1,strikeout,5,0,2
2025-08-10,SDN202508100,BOS,"Rafaela, Ceddanne",rafac001,2,2,1B,1B,1,field_out,5,0,2
2025-08-10,SDN202508100,BOS,"Wong, Connor",wongc001,2,0,empty,empty,1,strikeout,6,0,3
2025-08-10,SDN202508100,BOS,"Anthony, Roman",anthr001,3,1,empty,empty,1,single,6,0,3
2025-08-10,SDN202508100,BOS,"Bregman, Alex",brega001,3,1,1B,1B,1,grounded_into_double_play,6,0,3
2025-08-10,SDN202508100,BOS,"Duran, Jarren",duraj001,3,0,empty,empty,1,walk,7,0,5
2025-08-10,SDN202508100,BOS,"Story, Trevor",stort001,3,0,1B,1B,1,single,7,0,5
2025-08-10,SDN202508100,BOS,"Yoshida, Masataka",yoshm002,3,0,1B+2B,1B+2B,1,hit_by_pitch,7,0,5
2025-08-10,SDN202508100,BOS,"Gonzalez, Romy",gonzr003,3,0,1B+2B+3B,1B+2B+3B,1,fielders_choice,7,0,5
2025-08-10,SDN202508100,BOS,"Abreu, Wilyer",abrew002,3,0,1B+2B,1B+2B,1,single,7,2,5
2025-08-10,SDN202508100,BOS,"Rafaela, Ceddanne",rafac001,3,0,1B+2B+3B,1B+2B+3B,1,strikeout,7,2,5
2025-08-10,SDN202508100,BOS,"Toro, Abraham",toroa001,1,1,1B+2B+3B,1B+2B+3B,1,strikeout,7,2,5
2025-08-10,SDN202508100,BOS,"Anthony, Roman",anthr001,4,2,1B+2B+3B,1B+2B+3B,1,strikeout,7,2,5
2025-08-10,SDN202508100,BOS,"Bregman, Alex",brega001,4,0,empty,empty,1,walk,8,2,6
2025-08-10,SDN202508100,BOS,"Duran, Jarren",duraj001,4,0,1B,1B,1,field_out,8,2,6
2025-08-10,SDN202508100,BOS,"Story, Trevor",stort001,4,1,1B,1B,1,strikeout,8,2,6
2025-08-10,SDN202508100,BOS,"Yoshida, Masataka",yoshm002,4,2,1B,1B,1,field_out,8,2,6
2025-08-10,SDN202508100,BOS,"Gonzalez, Romy",gonzr003,4,0,empty,empty,1,field_out,9,2,6
2025-08-10,SDN202508100,BOS,"Abreu, Wilyer",abrew002,4,1,empty,empty,1,strikeout,9,2,6
2025-08-10,SDN202508100,BOS,"Rafaela, Ceddanne",rafac001,4,2,empty,empty,1,strikeout,9,2,6
2025-08-11,HOU202508110,BOS,"Anthony, Roman",anthr001,1,0,empty,empty,1,single,1,0,0
2025-08-11,HOU202508110,BOS,"Bregman, Alex",brega001,1,0,1B,1B,1,home_run,1,0,0
2025-08-11,HOU202508110,BOS,"Duran, Jarren",duraj001,1,0,empty,empty,1,walk,1,2,0
2025-08-11,HOU202508110,BOS,"Story, Trevor",stort001,1,0,1B,2B,0,field_out,1,2,0
2025-08-11,HOU202508110,BOS,"Abreu, Wilyer",abrew002,1,1,2B,2B,1,field_out,1,2,0
2025-08-11,HOU202508110,BOS,"Gonzalez, Romy",gonzr003,1,2,3B,3B,1,strikeout,1,2,0
2025-08-11,HOU202508110,BOS,"Toro, Abraham",toroa001,1,0,empty,empty,1,field_out,2,2,0
2025-08-11,HOU202508110,BOS,"Rafaela, Ceddanne",rafac001,1,1,empty,empty,1,walk,2,2,0
2025-08-11,HOU202508110,BOS,"Narvaez, Carlos",narvc002,1,2,1B,empty,0,strikeout,2,2,0
2025-08-11,HOU202508110,BOS,"Anthony, Roman",anthr001,2,0,empty,empty,1,strikeout,3,2,0
2025-08-11,HOU202508110,BOS,"Bregman, Alex",brega001,2,1,empty,empty,1,field_out,3,2,0
2025-08-11,HOU202508110,BOS,"Duran, Jarren",duraj001,2,2,empty,empty,1,single,3,2,0
2025-08-11,HOU202508110,BOS,"Story, Trevor",stort001,2,2,1B,1B,1,strikeout,3,2,0
2025-08-11,HOU202508110,BOS,"Abreu, Wilyer",abrew002,2,0,empty,empty,1,field_out,4,2,3
2025-08-11,HOU202508110,BOS,"Gonzalez, Romy",gonzr003,2,1,empty,empty,1,field_out,4,2,3
2025-08-11,HOU202508110,BOS,"Toro, Abraham",toroa001,2,2,empty,empty,1,strikeout,4,2,3
2025-08-11,HOU202508110,BOS,"Rafaela, Ceddanne",rafac001,2,0,empty,empty,1,field_out,5,2,5
2025-08-11,HOU202508110,BOS,"Narvaez, Carlos",narvc002,2,1,empty,empty,1,field_out,5,2,5
2025-08-11,HOU202508110,BOS,"Anthony, Roman",anthr001,3,2,empty,empty,1,field_out,5,2,5
2025-08-11,HOU202508110,BOS,"Bregman, Alex",brega001,3,0,empty,empty,1,field_out,6,2,7
2025-08-11,HOU202508110,BOS,"Duran, Jarren",duraj001,3,1,empty,empty,1,strikeout,6,2,7
2025-08-11,HOU202508110,BOS,"Story, Trevor",stort001,3,2,empty,empty,1,strikeout,6,2,7
2025-08-11,HOU202508110,BOS,"Abreu, Wilyer",abrew002,3,0,empty,empty,1,field_out,7,2,7
2025-08-11,HOU202508110,BOS,"Gonzalez, Romy",gonzr003,3,1,empty,empty,1,field_out,7,2,7
2025-08-11,HOU202508110,BOS,"Toro, Abraham",toroa001,3,2,empty,empty,1,home_run,7,2,7
2025-08-11,HOU202508110,BOS,"Rafaela, Ceddanne",rafac001,3,2,empty,empty,1,double,7,3,7
2025-08-11,HOU202508110,BOS,"Yoshida, Masataka",yoshm002,1,2,2B,2B,1,double,7,3,7
2025-08-11,HOU202508110,BOS,"Anthony, Roman",anthr001,4,2,2B,2B,1,home_run,7,4,7
2025-08-11,HOU202508110,BOS,"Bregman, Alex",brega001,4,2,empty,empty,1,single,7,6,7
2025-08-11,HOU202508110,BOS,"Duran, Jarren",duraj001,4,2,1B,1B,1,field_out,7,6,7
2025-08-11,HOU202508110,BOS,"Story, Trevor",stort001,4,0,empty,empty,1,field_out,8,6,7
2025-08-11,HOU202508110,BOS,"Abreu, Wilyer",abrew002,4,1,empty,empty,1,field_out,8,6,7
2025-08-11,HOU202508110,BOS,"Gonzalez, Romy",gonzr003,4,2,empty,empty,1,single,8,6,7
2025-08-11,HOU202508110,BOS,"Refsnyder, Rob",refsr001,1,0,1B,empty,0,field_out,9,6,7
2025-08-11,HOU202508110,BOS,"Rafaela, Ceddanne",rafac001,4,1,empty,empty,1,field_out,9,6,7
2025-08-11,HOU202508110,BOS,"Wong, Connor",wongc001,1,2,empty,empty,1,double,9,6,7
2025-08-11,HOU202508110,BOS,"Anthony, Roman",anthr001,5,2,2B,2B,1,strikeout,9,6,7
2025-08-12,HOU202508120,BOS,"Anthony, Roman",anthr001,1,0,empty,empty,1,walk,1,0,0
2025-08-12,HOU202508120,BOS,"Bregman, Alex",brega001,1,0,1B,1B,1,field_out,1,0,0
2025-08-12,HOU202508120,BOS,"Duran, Jarren",duraj001,1,1,1B,2B,0,walk,1,0,0
2025-08-12,HOU202508120,BOS,"Story, Trevor",stort001,1,1,1B+2B,1B+2B,1,field_out,1,0,0
2025-08-12,HOU202508120,BOS,"Yoshida, Masataka",yoshm002,1,2,1B+2B,1B+2B,1,field_out,1,0,0
2025-08-12,HOU202508120,BOS,"Toro, Abraham",toroa001,1,0,empty,empty,1,field_out,2,0,0
2025-08-12,HOU202508120,BOS,"Abreu, Wilyer",abrew002,1,1,empty,empty,1,field_out,2,0,0
2025-08-12,HOU202508120,BOS,"Rafaela, Ceddanne",rafac001,1,2,empty,empty,1,field_out,2,0,0
2025-08-12,HOU202508120,BOS,"Narvaez, Carlos",narvc002,1,0,empty,empty,1,single,3,0,0
2025-08-12,HOU202508120,BOS,"Anthony, Roman",anthr001,2,0,1B,1B,1,walk,3,0,0
2025-08-12,HOU202508120,BOS,"Bregman, Alex",brega001,2,0,1B+2B,1B+2B,1,walk,3,0,0
2025-08-12,HOU202508120,BOS,"Duran, Jarren",duraj001,2,0,1B+2B+3B,1B+2B+3B,1,field_out,3,0,0
2025-08-12,HOU202508120,BOS,"Story, Trevor",stort001,2,1,1B+2B+3B,1B+2B+3B,1,hit_by_pitch,3,0,0
2025-08-12,HOU202508120,BOS,"Yoshida, Masataka",yoshm002,2,1,1B+2B+3B,1B+2B+3B,1,sac_fly,3,1,0
2025-08-12,HOU202508120,BOS,"Toro, Abraham",toroa001,2,2,1B+3B,2B+3B,0,field_out,3,2,0
2025-08-12,HOU202508120,BOS,"Abreu, Wilyer",abrew002,2,0,empty,empty,1,walk,4,2,0
2025-08-12,HOU202508120,BOS,"Rafaela, Ceddanne",rafac001,2,0,1B,1B,1,strikeout,4,2,0
2025-08-12,HOU202508120,BOS,"Narvaez, Carlos",narvc002,2,1,1B,1B,1,field_out,4,2,0
2025-08-12,HOU202508120,BOS,"Anthony, Roman",anthr001,3,2,1B,1B,1,strikeout,4,2,0
2025-08-12,HOU202508120,BOS,"Bregman, Alex",brega001,3,0,empty,empty,1,field_out,5,2,0
2025-08-12,HOU202508120,BOS,"Duran, Jarren",duraj001,3,1,empty,empty,1,field_out,5,2,0
2025-08-12,HOU202508120,BOS,"Story, Trevor",stort001,3,2,empty,empty,1,strikeout,5,2,0
2025-08-12,HOU202508120,BOS,"Yoshida, Masataka",yoshm002,3,0,empty,empty,1,single,6,2,0
2025-08-12,HOU202508120,BOS,"Toro, Abraham",toroa001,3,0,1B,1B,1,field_out,6,2,0
2025-08-12,HOU202508120,BOS,"Abreu, Wilyer",abrew002,3,1,1B,1B,1,field_out,6,2,0
2025-08-12,HOU202508120,BOS,"Rafaela, Ceddanne",rafac001,3,2,1B,1B,1,single,6,2,0
2025-08-12,HOU202508120,BOS,"Narvaez, Carlos",narvc002,3,2,1B+2B,1B+2B,1,home_run,6,2,0
2025-08-12,HOU202508120,BOS,"Anthony, Roman",anthr001,4,2,empty,empty,1,walk,6,5,0
2025-08-12,HOU202508120,BOS,"Bregman, Alex",brega001,4,2,1B,1B,1,home_run,6,5,0
2025-08-12,HOU202508120,BOS,"Duran, Jarren",duraj001,4,2,empty,empty,1,field_out,6,7,0
2025-08-12,HOU202508120,BOS,"Story, Trevor",stort001,4,0,empty,empty,1,field_error,7,7,0
2025-08-12,HOU202508120,BOS,"Yoshida, Masataka",yoshm002,4,0,1B,1B,1,walk,7,7,0
2025-08-12,HOU202508120,BOS,"Toro, Abraham",toroa001,4,0,1B+2B,1B+2B,1,field_out,7,7,0
2025-08-12,HOU202508120,BOS,"Abreu, Wilyer",abrew002,4,1,1B+3B,1B+3B,1,double,7,7,0
2025-08-12,HOU202508120,BOS,"Rafaela, Ceddanne",rafac001,4,1,2B+3B,2B+3B,1,field_out,7,8,0
2025-08-12,HOU202508120,BOS,"Narvaez, Carlos",narvc002,4,2,2B+3B,2B+3B,1,field_out,7,8,0
2025-08-12,HOU202508120,BOS,"Anthony, Roman",anthr001,5,0,empty,empty,1,home_run,8,8,0
2025-08-12,HOU202508120,BOS,"Bregman, Alex",brega001,5,0,empty,empty,1,field_out,8,9,0
2025-08-12,HOU202508120,BOS,"Duran, Jarren",duraj001,5,1,empty,empty,1,single,8,9,0
2025-08-12,HOU202508120,BOS,"Story, Trevor",stort001,5,1,1B,1B,1,single,8,9,0
2025-08-12,HOU202508120,BOS,"Yoshida, Masataka",yoshm002,5,1,1B+2B,1B+2B,1,strikeout,8,9,0
2025-08-12,HOU202508120,BOS,"Toro, Abraham",toroa001,5,2,1B+2B,1B+2B,1,single,8,9,0
2025-08-12,HOU202508120,BOS,"Abreu, Wilyer",abrew002,5,2,1B+2B,1B+2B,1,double,8,10,0
2025-08-12,HOU202508120,BOS,"Rafaela, Ceddanne",rafac001,5,2,2B,2B,1,strikeout,8,12,0
2025-08-12,HOU202508120,BOS,"Sanchez, Ali",sanca009,1,0,empty,empty,1,field_out,9,12,0
2025-08-12,HOU202508120,BOS,"Anthony, Roman",anthr001,6,1,empty,empty,1,walk,9,12,0
2025-08-12,HOU202508120,BOS,"Bregman, Alex",brega001,6,1,1B,1B,1,single,9,12,0
2025-08-12,HOU202508120,BOS,"Duran, Jarren",duraj001,6,1,1B+2B,1B+2B,1,hit_by_pitch,9,12,0
2025-08-12,HOU202508120,BOS,"Story, Trevor",stort001,6,1,1B+2B+3B,1B+2B+3B,1,single,9,12,0
2025-08-12,HOU202508120,BOS,"Yoshida, Masataka",yoshm002,6,1,1B+2B+3B,1B+2B+3B,1,field_out,9,13,0
2025-08-12,HOU202508120,BOS,"Toro, Abraham",toroa001,6,2,1B+3B,1B+3B,1,field_out,9,14,0
2025-08-13,HOU202508130,BOS,"Anthony, Roman",anthr001,1,0,empty,empty,1,field_out,1,0,0
2025-08-13,HOU202508130,BOS,"Bregman, Alex",brega001,1,1,empty,empty,1,field_out,1,0,0
2025-08-13,HOU202508130,BOS,"Duran, Jarren",duraj001,1,2,empty,empty,1,field_out,1,0,0
2025-08-13,HOU202508130,BOS,"Story, Trevor",stort001,1,0,empty,empty,1,double,2,0,2
2025-08-13,HOU202508130,BOS,"Yoshida, Masataka",yoshm002,1,0,2B,2B,1,walk,2,0,2
2025-08-13,HOU202508130,BOS,"Gonzalez, Romy",gonzr003,1,0,1B+2B,1B+2B,1,grounded_into_double_play,2,0,2
2025-08-13,HOU202508130,BOS,"Abreu, Wilyer",abrew002,1,2,3B,3B,1,walk,2,0,2
2025-08-13,HOU202508130,BOS,"Rafaela, Ceddanne",rafac001,1,2,1B+3B,1B+3B,1,single,2,0,2
2025-08-13,HOU202508130,BOS,"Wong, Connor",wongc001,1,2,1B+3B,2B+3B,0,strikeout,2,1,2
2025-08-13,HOU202508130,BOS,"Anthony, Roman",anthr001,2,0,empty,empty,1,strikeout,3,1,2
2025-08-13,HOU202508130,BOS,"Bregman, Alex",brega001,2,1,empty,empty,1,field_out,3,1,2
2025-08-13,HOU202508130,BOS,"Duran, Jarren",duraj001,2,2,empty,empty,1,strikeout,3,1,2
2025-08-13,HOU202508130,BOS,"Story, Trevor",stort001,2,0,empty,empty,1,field_out,4,1,2
2025-08-13,HOU202508130,BOS,"Yoshida, Masataka",yoshm002,2,1,empty,empty,1,field_out,4,1,2
2025-08-13,HOU202508130,BOS,"Gonzalez, Romy",gonzr003,2,2,empty,empty,1,single,4,1,2
2025-08-13,HOU202508130,BOS,"Abreu, Wilyer",abrew002,2,2,1B,1B,1,single,4,1,2
2025-08-13,HOU202508130,BOS,"Rafaela, Ceddanne",rafac001,2,2,1B+2B,1B+2B,1,field_out,4,1,2
2025-08-13,HOU202508130,BOS,"Wong, Connor",wongc001,2,0,empty,empty,1,field_out,5,1,2
2025-08-13,HOU202508130,BOS,"Anthony, Roman",anthr001,3,1,empty,empty,1,strikeout,5,1,2
2025-08-13,HOU202508130,BOS,"Bregman, Alex",brega001,3,2,empty,empty,1,field_out,5,1,2
2025-08-13,HOU202508130,BOS,"Duran, Jarren",duraj001,3,0,empty,empty,1,walk,6,1,2
2025-08-13,HOU202508130,BOS,"Story, Trevor",stort001,3,0,1B,2B,0,field_out,6,1,2
2025-08-13,HOU202508130,BOS,"Yoshida, Masataka",yoshm002,3,1,2B,2B,1,field_out,6,1,2
2025-08-13,HOU202508130,BOS,"Gonzalez, Romy",gonzr003,3,2,3B,3B,1,field_out,6,1,2
2025-08-13,HOU202508130,BOS,"Abreu, Wilyer",abrew002,3,0,empty,empty,1,single,7,1,4
2025-08-13,HOU202508130,BOS,"Rafaela, Ceddanne",rafac001,3,0,1B,1B,1,grounded_into_double_play,7,1,4
2025-08-13,HOU202508130,BOS,"Wong, Connor",wongc001,3,2,empty,empty,1,single,7,1,4
2025-08-13,HOU202508130,BOS,"Anthony, Roman",anthr001,4,2,1B,1B,1,strikeout,7,1,4
2025-08-13,HOU202508130,BOS,"Bregman, Alex",brega001,4,0,empty,empty,1,field_out,8,1,4
2025-08-13,HOU202508130,BOS,"Duran, Jarren",duraj001,4,1,empty,empty,1,strikeout,8,1,4
2025-08-13,HOU202508130,BOS,"Story, Trevor",stort001,4,2,empty,empty,1,strikeout,8,1,4
2025-08-13,HOU202508130,BOS,"Yoshida, Masataka",yoshm002,4,0,empty,empty,1,single,9,1,4
2025-08-13,HOU202508130,BOS,"Gonzalez, Romy",gonzr003,4,0,1B,1B,1,single,9,1,4
2025-08-13,HOU202508130,BOS,"Abreu, Wilyer",abrew002,4,0,1B+2B,1B+2B,1,field_out,9,1,4
2025-08-13,HOU202508130,BOS,"Rafaela, Ceddanne",rafac001,4,1,1B+2B,1B+2B,1,strikeout,9,1,4
2025-08-13,HOU202508130,BOS,"Refsnyder, Rob",refsr001,1,2,1B+2B,1B+2B,1,strikeout,9,1,4
2025-08-15,BOS202508150,BOS,"Anthony, Roman",anthr001,1,0,empty,empty,1,strikeout,1,0,0
2025-08-15,BOS202508150,BOS,"Bregman, Alex",brega001,1,1,empty,empty,1,field_out,1,0,0
2025-08-15,BOS202508150,BOS,"Duran, Jarren",duraj001,1,2,empty,empty,1,field_out,1,0,0
2025-08-15,BOS202508150,BOS,"Story, Trevor",stort001,1,0,empty,empty,1,field_out,2,0,0
2025-08-15,BOS202508150,BOS,"Abreu, Wilyer",abrew002,1,1,empty,empty,1,field_out,2,0,0
2025-08-15,BOS202508150,BOS,"Gonzalez, Romy",gonzr003,1,2,empty,empty,1,strikeout,2,0,0
2025-08-15,BOS202508150,BOS,"Toro, Abraham",toroa001,1,0,empty,empty,1,field_out,3,0,1
2025-08-15,BOS202508150,BOS,"Rafaela, Ceddanne",rafac001,1,1,empty,empty,1,strikeout,3,0,1
2025-08-15,BOS202508150,BOS,"Narvaez, Carlos",narvc002,1,2,empty,empty,1,field_out,3,0,1
2025-08-15,BOS202508150,BOS,"Anthony, Roman",anthr001,2,0,empty,empty,1,strikeout,4,0,1
2025-08-15,BOS202508150,BOS,"Bregman, Alex",brega001,2,1,empty,empty,1,field_out,4,0,1
2025-08-15,BOS202508150,BOS,"Duran, Jarren",duraj001,2,2,empty,empty,1,field_out,4,0,1
2025-08-15,BOS202508150,BOS,"Story, Trevor",stort001,2,0,empty,empty,1,single,5,0,1
2025-08-15,BOS202508150,BOS,"Abreu, Wilyer",abrew002,2,0,1B,1B,1,strikeout,5,0,1
2025-08-15,BOS202508150,BOS,"Gonzalez, Romy",gonzr003,2,1,1B,2B,0,strikeout,5,0,1
2025-08-15,BOS202508150,BOS,"Toro, Abraham",toroa001,2,2,2B,2B,1,field_out,5,0,1
2025-08-15,BOS202508150,BOS,"Rafaela, Ceddanne",rafac001,2,0,empty,empty,1,strikeout,6,0,1
2025-08-15,BOS202508150,BOS,"Narvaez, Carlos",narvc002,2,1,empty,empty,1,field_out,6,0,1
2025-08-15,BOS202508150,BOS,"Anthony, Roman",anthr001,3,2,empty,empty,1,walk,6,0,1
2025-08-15,BOS202508150,BOS,"Bregman, Alex",brega001,3,2,1B,1B,1,double,6,0,1
2025-08-15,BOS202508150,BOS,"Duran, Jarren",duraj001,3,2,2B,2B,1,field_out,6,1,1
2025-08-15,BOS202508150,BOS,"Story, Trevor",stort001,3,0,empty,empty,1,strikeout,7,1,1
2025-08-15,BOS202508150,BOS,"Abreu, Wilyer",abrew002,3,1,empty,empty,1,field_out,7,1,1
2025-08-15,BOS202508150,BOS,"Gonzalez, Romy",gonzr003,3,2,empty,empty,1,strikeout,7,1,1
2025-08-15,BOS202508150,BOS,"Toro, Abraham",toroa001,3,0,empty,empty,1,field_out,8,1,1
2025-08-15,BOS202508150,BOS,"Rafaela, Ceddanne",rafac001,3,1,empty,empty,1,field_out,8,1,1
2025-08-15,BOS202508150,BOS,"Narvaez, Carlos",narvc002,3,2,empty,empty,1,field_out,8,1,1
2025-08-15,BOS202508150,BOS,"Anthony, Roman",anthr001,4,0,empty,empty,1,walk,9,1,1
2025-08-15,BOS202508150,BOS,"Bregman, Alex",brega001,4,0,1B,1B,1,walk,9,1,1
2025-08-15,BOS202508150,BOS,"Duran, Jarren",duraj001,4,0,1B+2B,1B+2B,1,hit_by_pitch,9,1,1
2025-08-15,BOS202508150,BOS,"Story, Trevor",stort001,4,0,1B+2B+3B,1B+2B+3B,1,single,9,1,1
2025-08-16,BOS202508160,BOS,"Anthony, Roman",anthr001,1,0,empty,empty,1,single,1,0,0
2025-08-16,BOS202508160,BOS,"Bregman, Alex",brega001,1,0,1B,1B,1,field_out,1,0,0
2025-08-16,BOS202508160,BOS,"Duran, Jarren",duraj001,1,1,1B,2B,0,strikeout,1,0,0
2025-08-16,BOS202508160,BOS,"Story, Trevor",stort001,1,2,2B,2B,1,single,1,0,0
2025-08-16,BOS202508160,BOS,"Yoshida, Masataka",yoshm002,1,2,1B+3B,2B+3B,0,single,1,0,0
2025-08-16,BOS202508160,BOS,"Gonzalez, Romy",gonzr003,1,2,2B,2B,1,field_out,1,2,0
2025-08-16,BOS202508160,BOS,"Abreu, Wilyer",abrew002,1,0,empty,empty,1,strikeout,2,2,0
2025-08-16,BOS202508160,BOS,"Rafaela, Ceddanne",rafac001,1,1,empty,empty,1,field_out,2,2,0
2025-08-16,BOS202508160,BOS,"Wong, Connor",wongc001,1,2,empty,empty,1,field_out,2,2,0
2025-08-16,BOS202508160,BOS,"Anthony, Roman",anthr001,2,0,empty,empty,1,double,3,2,0
2025-08-16,BOS202508160,BOS,"Bregman, Alex",brega001,2,0,2B,3B,0,walk,3,2,0
2025-08-16,BOS202508160,BOS,"Duran, Jarren",duraj001,2,0,1B+3B,1B+3B,1,double,3,2,0
2025-08-16,BOS202508160,BOS,"Story, Trevor",stort001,2,0,2B+3B,2B+3B,1,home_run,3,3,0
2025-08-16,BOS202508160,BOS,"Yoshida, Masataka",yoshm002,2,0,empty,empty,1,field_out,3,6,0
2025-08-16,BOS202508160,BOS,"Gonzalez, Romy",gonzr003,2,1,empty,empty,1,field_out,3,6,0
2025-08-16,BOS202508160,BOS,"Abreu, Wilyer",abrew002,2,2,empty,empty,1,field_out,3,6,0
2025-08-16,BOS202508160,BOS,"Rafaela, Ceddanne",rafac001,2,0,empty,empty,1,double,4,6,0
2025-08-16,BOS202508160,BOS,"Wong, Connor",wongc001,2,0,2B,2B,1,field_out,4,6,0
2025-08-16,BOS202508160,BOS,"Anthony, Roman",anthr001,3,1,2B,2B,1,field_out,4,6,0
2025-08-16,BOS202508160,BOS,"Bregman, Alex",brega001,3,2,3B,3B,1,single,4,6,0
2025-08-16,BOS202508160,BOS,"Duran, Jarren",duraj001,3,2,1B,1B,1,hit_by_pitch,4,7,0
2025-08-16,BOS202508160,BOS,"Story, Trevor",stort001,3,2,1B+2B,1B+2B,1,strikeout,4,7,0
2025-08-16,BOS202508160,BOS,"Yoshida, Masataka",yoshm002,3,0,empty,empty,1,field_out,5,7,1
2025-08-16,BOS202508160,BOS,"Gonzalez, Romy",gonzr003,3,1,empty,empty,1,field_out,5,7,1
2025-08-16,BOS202508160,BOS,"Abreu, Wilyer",abrew002,3,2,empty,empty,1,field_out,5,7,1
2025-08-16,BOS202508160,BOS,"Rafaela, Ceddanne",rafac001,3,0,empty,empty,1,field_out,6,7,1
2025-08-16,BOS202508160,BOS,"Wong, Connor",wongc001,3,1,empty,empty,1,strikeout,6,7,1
2025-08-16,BOS202508160,BOS,"Anthony, Roman",anthr001,4,2,empty,empty,1,walk,6,7,1
2025-08-16,BOS202508160,BOS,"Bregman, Alex",brega001,4,2,1B,1B,1,single,6,7,1
2025-08-16,BOS202508160,BOS,"Duran, Jarren",duraj001,4,2,1B+3B,1B+3B,1,walk,6,7,1
2025-08-16,BOS202508160,BOS,"Story, Trevor",stort001,4,2,1B+2B+3B,1B+2B+3B,1,field_out,6,7,1
2025-08-16,BOS202508160,BOS,"Yoshida, Masataka",yoshm002,4,0,empty,empty,1,field_out,7,7,2
2025-08-16,BOS202508160,BOS,"Gonzalez, Romy",gonzr003,4,1,empty,empty,1,field_out,7,7,2
2025-08-16,BOS202508160,BOS,"Abreu, Wilyer",abrew002,4,2,empty,empty,1,strikeout,7,7,2
2025-08-16,BOS202508160,BOS,"Rafaela, Ceddanne",rafac001,4,0,empty,empty,1,field_out,8,7,2
2025-08-16,BOS202508160,BOS,"Wong, Connor",wongc001,4,1,empty,empty,1,field_out,8,7,2
2025-08-16,BOS202508160,BOS,"Anthony, Roman",anthr001,5,2,empty,empty,1,field_out,8,7,2
2025-08-17,BOS202508170,BOS,"Anthony, Roman",anthr001,1,0,empty,empty,1,field_out,1,0,0
2025-08-17,BOS202508170,BOS,"Story, Trevor",stort001,1,1,empty,empty,1,field_out,1,0,0
2025-08-17,BOS202508170,BOS,"Duran, Jarren",duraj001,1,2,empty,empty,1,strikeout,1,0,0
2025-08-17,BOS202508170,BOS,"Yoshida, Masataka",yoshm002,1,0,empty,empty,1,field_out,2,0,0
2025-08-17,BOS202508170,BOS,"Abreu, Wilyer",abrew002,1,1,empty,empty,1,field_out,2,0,0
2025-08-17,BOS202508170,BOS,"Gonzalez, Romy",gonzr003,1,2,empty,empty,1,strikeout,2,0,0
2025-08-17,BOS202508170,BOS,"Toro, Abraham",toroa001,1,0,empty,empty,1,single,3,0,1
2025-08-17,BOS202508170,BOS,"Rafaela, Ceddanne",rafac001,1,0,1B,1B,1,field_out,3,0,1
2025-08-17,BOS202508170,BOS,"Narvaez, Carlos",narvc002,1,1,2B,2B,1,field_out,3,0,1
2025-08-17,BOS202508170,BOS,"Anthony, Roman",anthr001,2,2,3B,3B,1,field_out,3,0,1
2025-08-17,BOS202508170,BOS,"Story, Trevor",stort001,2,0,empty,empty,1,field_out,4,0,1
2025-08-17,BOS202508170,BOS,"Duran, Jarren",duraj001,2,1,empty,empty,1,walk,4,0,1
2025-08-17,BOS202508170,BOS,"Yoshida, Masataka",yoshm002,2,1,1B,2B,0,field_out,4,0,1
2025-08-17,BOS202508170,BOS,"Abreu, Wilyer",abrew002,2,2,3B,3B,1,home_run,4,0,1
2025-08-17,BOS202508170,BOS,"Gonzalez, Romy",gonzr003,2,2,empty,empty,1,strikeout,4,2,1
2025-08-17,BOS202508170,BOS,"Toro, Abraham",toroa001,2,0,empty,empty,1,field_out,5,2,1
2025-08-17,BOS202508170,BOS,"Rafaela, Ceddanne",rafac001,2,1,empty,empty,1,field_out,5,2,1
2025-08-17,BOS202508170,BOS,"Narvaez, Carlos",narvc002,2,2,empty,empty,1,field_out,5,2,1
2025-08-17,BOS202508170,BOS,"Anthony, Roman",anthr001,3,0,empty,empty,1,strikeout,6,2,1
2025-08-17,BOS202508170,BOS,"Story, Trevor",stort001,3,1,empty,empty,1,field_out,6,2,1
2025-08-17,BOS202508170,BOS,"Duran, Jarren",duraj001,3,2,empty,empty,1,double,6,2,1
2025-08-17,BOS202508170,BOS,"Yoshida, Masataka",yoshm002,3,2,2B,2B,1,strikeout,6,2,1
2025-08-17,BOS202508170,BOS,"Abreu, Wilyer",abrew002,3,0,empty,empty,1,single,7,2,1
2025-08-17,BOS202508170,BOS,"Gonzalez, Romy",gonzr003,3,0,1B,1B,1,single,7,2,1
2025-08-17,BOS202508170,BOS,"Toro, Abraham",toroa001,3,0,1B+3B,1B+3B,1,sac_fly,7,2,1
2025-08-17,BOS202508170,BOS,"Rafaela, Ceddanne",rafac001,3,1,1B,2B,0,strikeout,7,3,1
2025-08-17,BOS202508170,BOS,"Narvaez, Carlos",narvc002,3,2,2B,2B,1,single,7,3,1
2025-08-17,BOS202508170,BOS,"Anthony, Roman",anthr001,4,2,1B+3B,1B+3B,1,field_out,7,3,1
2025-08-17,BOS202508170,BOS,"Story, Trevor",stort001,4,0,empty,empty,1,field_out,8,3,2
2025-08-17,BOS202508170,BOS,"Duran, Jarren",duraj001,4,1,empty,empty,1,field_out,8,3,2
2025-08-17,BOS202508170,BOS,"Yoshida, Masataka",yoshm002,4,2,empty,empty,1,field_out,8,3,2
2025-08-17,BOS202508170,BOS,"Bregman, Alex",brega001,1,0,empty,empty,1,single,9,3,5
2025-08-17,BOS202508170,BOS,"Gonzalez, Romy",gonzr003,4,0,1B,1B,1,strikeout,9,3,5
2025-08-17,BOS202508170,BOS,"Toro, Abraham",toroa001,4,1,1B,1B,1,field_out,9,3,5
2025-08-17,BOS202508170,BOS,"Rafaela, Ceddanne",rafac001,4,2,1B,1B,1,walk,9,3,5
2025-08-17,BOS202508170,BOS,"Narvaez, Carlos",narvc002,4,2,1B+2B,1B+2B,1,field_out,9,3,5
2025-08-18,BOS202508180,BOS,"Eaton, Nate",eaton001,1,0,empty,empty,1,single,1,0,0
2025-08-18,BOS202508180,BOS,"Anthony, Roman",anthr001,1,0,1B,1B,1,strikeout,1,0,0
2025-08-18,BOS202508180,BOS,"Bregman, Alex",brega001,1,1,1B,1B,1,grounded_into_double_play,1,0,0
2025-08-18,BOS202508180,BOS,"Gonzalez, Romy",gonzr003,1,0,empty,empty,1,strikeout,2,0,0
2025-08-18,BOS202508180,BOS,"Story, Trevor",stort001,1,1,empty,empty,1,single,2,0,0
2025-08-18,BOS202508180,BOS,"Duran, Jarren",duraj001,1,1,1B,1B,1,field_out,2,0,0
2025-08-18,BOS202508180,BOS,"Rafaela, Ceddanne",rafac001,1,2,1B,1B,1,field_out,2,0,0
2025-08-18,BOS202508180,BOS,"Narvaez, Carlos",narvc002,1,0,empty,empty,1,field_out,3,0,1
2025-08-18,BOS202508180,BOS,"Toro, Abraham",toroa001,1,1,empty,empty,1,field_out,3,0,1
2025-08-18,BOS202508180,BOS,"Eaton, Nate",eaton001,2,2,empty,empty,1,field_out,3,0,1
2025-08-18,BOS202508180,BOS,"Anthony, Roman",anthr001,2,0,empty,empty,1,single,4,0,2
2025-08-18,BOS202508180,BOS,"Bregman, Alex",brega001,2,0,1B,1B,1,strikeout,4,0,2
2025-08-18,BOS202508180,BOS,"Gonzalez, Romy",gonzr003,2,1,2B,2B,1,field_out,4,0,2
2025-08-18,BOS202508180,BOS,"Story, Trevor",stort001,2,2,3B,3B,1,field_out,4,0,2
2025-08-18,BOS202508180,BOS,"Duran, Jarren",duraj001,2,0,empty,empty,1,strikeout,5,0,2
2025-08-18,BOS202508180,BOS,"Rafaela, Ceddanne",rafac001,2,1,empty,empty,1,field_out,5,0,2
2025-08-18,BOS202508180,BOS,"Narvaez, Carlos",narvc002,2,2,empty,empty,1,field_out,5,0,2
2025-08-18,BOS202508180,BOS,"Toro, Abraham",toroa001,2,0,empty,empty,1,field_out,6,0,2
2025-08-18,BOS202508180,BOS,"Eaton, Nate",eaton001,3,1,empty,empty,1,field_out,6,0,2
2025-08-18,BOS202508180,BOS,"Anthony, Roman",anthr001,3,2,empty,empty,1,strikeout,6,0,2
2025-08-18,BOS202508180,BOS,"Bregman, Alex",brega001,3,0,empty,empty,1,walk,7,0,4
2025-08-18,BOS202508180,BOS,"Gonzalez, Romy",gonzr003,3,0,1B,1B,1,strikeout,7,0,4
2025-08-18,BOS202508180,BOS,"Story, Trevor",stort001,3,1,1B,1B,1,double,7,0,4
2025-08-18,BOS202508180,BOS,"Duran, Jarren",duraj001,3,1,2B+3B,2B+3B,1,sac_fly,7,0,4
2025-08-18,BOS202508180,BOS,"Rafaela, Ceddanne",rafac001,3,2,3B,3B,1,strikeout,7,1,4
2025-08-18,BOS202508180,BOS,"Narvaez, Carlos",narvc002,3,0,empty,empty,1,strikeout,8,1,4
2025-08-18,BOS202508180,BOS,"Toro, Abraham",toroa001,3,1,empty,empty,1,field_out,8,1,4
2025-08-18,BOS202508180,BOS,"Eaton, Nate",eaton001,4,2,empty,empty,1,field_out,8,1,4
2025-08-18,BOS202508180,BOS,"Anthony, Roman",anthr001,4,0,empty,empty,1,single,9,1,6
2025-08-18,BOS202508180,BOS,"Bregman, Alex",brega001,4,0,1B,1B,1,field_out,9,1,6
2025-08-18,BOS202508180,BOS,"Lowe, Nathaniel",lowen001,1,1,1B,1B,1,walk,9,1,6
2025-08-18,BOS202508180,BOS,"Story, Trevor",stort001,4,1,1B+2B,1B+2B,1,field_out,9,1,6
2025-08-18,BOS202508180,BOS,"Duran, Jarren",duraj001,4,2,1B+3B,2B+3B,0,double,9,1,6
2025-08-18,BOS202508180,BOS,"Rafaela, Ceddanne",rafac001,4,2,2B,2B,1,field_out,9,3,6
2025-08-19,BOS202508190,BOS,"Anthony, Roman",anthr001,1,0,empty,empty,1,single,1,0,0
2025-08-19,BOS202508190,BOS,"Bregman, Alex",brega001,1,0,1B,1B,1,field_out,1,0,0
2025-08-19,BOS202508190,BOS,"Duran, Jarren",duraj001,1,1,1B,1B,1,field_out,1,0,0
2025-08-19,BOS202508190,BOS,"Story, Trevor",stort001,1,2,1B,1B,1,single,1,0,0
2025-08-19,BOS202508190,BOS,"Yoshida, Masataka",yoshm002,1,2,1B+2B,1B+2B,1,strikeout,1,0,0
2025-08-19,BOS202508190,BOS,"Gonzalez, Romy",gonzr003,1,0,empty,empty,1,single,2,0,0
2025-08-19,BOS202508190,BOS,"Lowe, Nathaniel",lowen001,1,1,1B,empty,0,field_out,2,0,0
2025-08-19,BOS202508190,BOS,"Toro, Abraham",toroa001,1,2,empty,empty,1,strikeout,2,0,0
2025-08-19,BOS202508190,BOS,"Wong, Connor",wongc001,1,0,empty,empty,1,single,3,0,0
2025-08-19,BOS202508190,BOS,"Anthony, Roman",anthr001,2,0,1B,1B,1,fielders_choice,3,0,0
2025-08-19,BOS202508190,BOS,"Bregman, Alex",brega001,2,0,1B+2B,1B+2B,1,field_out,3,0,0
2025-08-19,BOS202508190,BOS,"Duran, Jarren",duraj001,2,1,1B+2B,1B+2B,1,field_out,3,0,0
2025-08-19,BOS202508190,BOS,"Story, Trevor",stort001,2,2,2B+3B,3B,0,field_out,3,1,0
2025-08-19,BOS202508190,BOS,"Yoshida, Masataka",yoshm002,2,0,empty,empty,1,strikeout,4,1,0
2025-08-19,BOS202508190,BOS,"Gonzalez, Romy",gonzr003,2,1,empty,empty,1,single,4,1,0
2025-08-19,BOS202508190,BOS,"Lowe, Nathaniel",lowen001,2,1,1B,1B,1,field_out,4,1,0
2025-08-19,BOS202508190,BOS,"Toro, Abraham",toroa001,2,2,2B,2B,1,field_out,4,1,0
2025-08-19,BOS202508190,BOS,"Wong, Connor",wongc001,2,0,empty,empty,1,field_out,5,1,3
2025-08-19,BOS202508190,BOS,"Anthony, Roman",anthr001,3,1,empty,empty,1,field_out,5,1,3
2025-08-19,BOS202508190,BOS,"Bregman, Alex",brega001,3,2,empty,empty,1,field_out,5,1,3
2025-08-19,BOS202508190,BOS,"Duran, Jarren",duraj001,3,0,empty,empty,1,field_out,6,1,3
2025-08-19,BOS202508190,BOS,"Story, Trevor",stort001,3,1,empty,empty,1,field_out,6,1,3
2025-08-19,BOS202508190,BOS,"Yoshida, Masataka",yoshm002,3,2,empty,empty,1,field_out,6,1,3
2025-08-19,BOS202508190,BOS,"Gonzalez, Romy",gonzr003,3,0,empty,empty,1,field_out,7,1,3
2025-08-19,BOS202508190,BOS,"Lowe, Nathaniel",lowen001,3,1,empty,empty,1,field_out,7,1,3
2025-08-19,BOS202508190,BOS,"Toro, Abraham",toroa001,3,2,empty,empty,1,field_out,7,1,3
2025-08-19,BOS202508190,BOS,"Wong, Connor",wongc001,3,0,empty,empty,1,single,8,1,3
2025-08-19,BOS202508190,BOS,"Anthony, Roman",anthr001,4,0,1B,1B,1,single,8,1,3
2025-08-19,BOS202508190,BOS,"Bregman, Alex",brega001,4,0,1B+2B,2B+3B,0,walk,8,1,3
2025-08-19,BOS202508190,BOS,"Duran, Jarren",duraj001,4,0,1B+2B+3B,1B+2B+3B,1,strikeout,8,1,3
2025-08-19,BOS202508190,BOS,"Story, Trevor",stort001,4,1,1B+2B+3B,1B+2B+3B,1,strikeout,8,1,3
2025-08-19,BOS202508190,BOS,"Yoshida, Masataka",yoshm002,4,2,1B+2B+3B,1B+2B+3B,1,strikeout,8,1,3
2025-08-19,BOS202508190,BOS,"Gonzalez, Romy",gonzr003,4,0,empty,empty,1,walk,9,1,3
2025-08-19,BOS202508190,BOS,"Lowe, Nathaniel",lowen001,4,0,1B,1B,1,home_run,9,1,3
2025-08-19,BOS202508190,BOS,"Toro, Abraham",toroa001,4,0,empty,empty,1,strikeout,9,3,3
2025-08-19,BOS202508190,BOS,"Wong, Connor",wongc001,4,1,empty,empty,1,strikeout,9,3,3
2025-08-19,BOS202508190,BOS,"Anthony, Roman",anthr001,5,2,empty,empty,1,walk,9,3,3
2025-08-19,BOS202508190,BOS,"Bregman, Alex",brega001,5,2,1B,1B,1,walk,9,3,3
2025-08-19,BOS202508190,BOS,"Duran, Jarren",duraj001,5,2,1B+2B,1B+2B,1,walk,9,3,3
2025-08-19,BOS202508190,BOS,"Story, Trevor",stort001,5,2,1B+2B+3B,1B+2B+3B,1,field_out,9,3,3
2025-08-19,BOS202508190,BOS,"Rafaela, Ceddanne",rafac001,1,0,2B,2B,1,hit_by_pitch,10,3,3
2025-08-19,BOS202508190,BOS,"Gonzalez, Romy",gonzr003,5,0,1B+2B,1B+2B,1,field_out,10,3,3
2025-08-19,BOS202508190,BOS,"Lowe, Nathaniel",lowen001,5,1,1B+3B,1B+3B,1,walk,10,3,3
2025-08-19,BOS202508190,BOS,"Toro, Abraham",toroa001,5,1,1B+2B+3B,1B+2B+3B,1,grounded_into_double_play,10,3,3
2025-08-19,BOS202508190,BOS,"Wong, Connor",wongc001,5,0,2B,2B,1,sac_bunt,11,3,4
2025-08-19,BOS202508190,BOS,"Anthony, Roman",anthr001,6,1,3B,3B,1,field_out,11,3,4
2025-08-19,BOS202508190,BOS,"Bregman, Alex",brega001,6,2,3B,3B,1,field_out,11,3,4
2025-08-21,NYA202508210,BOS,"Anthony, Roman",anthr001,1,0,empty,empty,1,field_out,1,0,0
2025-08-21,NYA202508210,BOS,"Bregman, Alex",brega001,1,1,empty,empty,1,walk,1,0,0
2025-08-21,NYA202508210,BOS,"Duran, Jarren",duraj001,1,1,1B,1B,1,strikeout,1,0,0
2025-08-21,NYA202508210,BOS,"Story, Trevor",stort001,1,2,1B,1B,1,walk,1,0,0
2025-08-21,NYA202508210,BOS,"Lowe, Nathaniel",lowen001,1,2,1B+2B,1B+2B,1,field_out,1,0,0
2025-08-21,NYA202508210,BOS,"Yoshida, Masataka",yoshm002,1,0,empty,empty,1,field_error,2,0,0
2025-08-21,NYA202508210,BOS,"Rafaela, Ceddanne",rafac001,1,0,1B,1B,1,field_out,2,0,0
2025-08-21,NYA202508210,BOS,"Hamilton, David",hamid002,1,1,2B,3B,0,walk,2,0,0
2025-08-21,NYA202508210,BOS,"Narvaez, Carlos",narvc002,1,2,1B+3B,empty,0,walk,2,1,0
2025-08-21,NYA202508210,BOS,"Anthony, Roman",anthr001,2,2,1B,1B,1,field_out,2,1,0
2025-08-21,NYA202508210,BOS,"Bregman, Alex",brega001,2,0,empty,empty,1,double,3,1,1
2025-08-21,NYA202508210,BOS,"Duran, Jarren",duraj001,2,0,2B,2B,1,field_out,3,1,1
2025-08-21,NYA202508210,BOS,"Story, Trevor",stort001,2,1,3B,3B,1,strikeout,3,1,1
2025-08-21,NYA202508210,BOS,"Lowe, Nathaniel",lowen001,2,2,3B,3B,1,field_out,3,1,1
2025-08-21,NYA202508210,BOS,"Yoshida, Masataka",yoshm002,2,0,empty,empty,1,double,4,1,1
2025-08-21,NYA202508210,BOS,"Rafaela, Ceddanne",rafac001,2,0,2B,2B,1,field_out,4,1,1
2025-08-21,NYA202508210,BOS,"Hamilton, David",hamid002,2,1,2B,2B,1,field_out,4,1,1
2025-08-21,NYA202508210,BOS,"Narvaez, Carlos",narvc002,2,2,2B,2B,1,field_out,4,1,1
2025-08-21,NYA202508210,BOS,"Anthony, Roman",anthr001,3,0,empty,empty,1,walk,5,1,2
2025-08-21,NYA202508210,BOS,"Bregman, Alex",brega001,3,0,1B,1B,1,single,5,1,2
2025-08-21,NYA202508210,BOS,"Duran, Jarren",duraj001,3,0,1B+2B,1B+2B,1,single,5,1,2
2025-08-21,NYA202508210,BOS,"Story, Trevor",stort001,3,0,1B+2B+3B,1B+2B+3B,1,strikeout,5,1,2
2025-08-21,NYA202508210,BOS,"Lowe, Nathaniel",lowen001,3,1,1B+2B+3B,1B+2B+3B,1,sac_fly,5,1,2
2025-08-21,NYA202508210,BOS,"Yoshida, Masataka",yoshm002,3,2,1B+2B,1B+2B,1,field_out,5,2,2
2025-08-21,NYA202508210,BOS,"Rafaela, Ceddanne",rafac001,3,0,empty,empty,1,field_out,6,2,3
2025-08-21,NYA202508210,BOS,"Hamilton, David",hamid002,3,1,empty,empty,1,single,6,2,3
2025-08-21,NYA202508210,BOS,"Narvaez, Carlos",narvc002,3,1,1B,2B,0,walk,6,2,3
2025-08-21,NYA202508210,BOS,"Anthony, Roman",anthr001,4,1,1B+2B,1B+2B,1,single,6,2,3
2025-08-21,NYA202508210,BOS,"Bregman, Alex",brega001,4,1,1B+2B,1B+2B,1,field_out,6,3,3
2025-08-21,NYA202508210,BOS,"Duran, Jarren",duraj001,4,2,1B+2B,1B+2B,1,field_out,6,3,3
2025-08-21,NYA202508210,BOS,"Story, Trevor",stort001,4,0,empty,empty,1,single,7,3,3
2025-08-21,NYA202508210,BOS,"Lowe, Nathaniel",lowen001,4,0,1B,1B,1,double,7,3,3
2025-08-21,NYA202508210,BOS,"Yoshida, Masataka",yoshm002,4,0,2B,2B,1,field_out,7,4,3
2025-08-21,NYA202508210,BOS,"Rafaela, Ceddanne",rafac001,4,1,3B,3B,1,walk,7,4,3
2025-08-21,NYA202508210,BOS,"Hamilton, David",hamid002,4,1,1B+3B,1B+3B,1,walk,7,4,3
2025-08-21,NYA202508210,BOS,"Narvaez, Carlos",narvc002,4,1,1B+2B+3B,1B+2B+3B,1,strikeout,7,4,3
2025-08-21,NYA202508210,BOS,"Anthony, Roman",anthr001,5,2,1B+2B+3B,1B+2B+3B,1,strikeout,7,4,3
2025-08-21,NYA202508210,BOS,"Bregman, Alex",brega001,5,0,empty,empty,1,single,8,4,3
2025-08-21,NYA202508210,BOS,"Duran, Jarren",duraj001,5,0,1B,1B,1,field_out,8,4,3
2025-08-21,NYA202508210,BOS,"Story, Trevor",stort001,5,1,2B,2B,1,intent_walk,8,4,3
2025-08-21,NYA202508210,BOS,"Lowe, Nathaniel",lowen001,5,1,1B+2B,1B+2B,1,field_out,8,4,3
2025-08-21,NYA202508210,BOS,"Gonzalez, Romy",gonzr003,1,2,2B+3B,2B+3B,1,field_out,8,4,3
2025-08-21,NYA202508210,BOS,"Rafaela, Ceddanne",rafac001,5,0,empty,empty,1,field_out,9,4,3
2025-08-21,NYA202508210,BOS,"Hamilton, David",hamid002,5,1,empty,empty,1,field_error,9,4,3
2025-08-21,NYA202508210,BOS,"Narvaez, Carlos",narvc002,5,1,1B,1B,1,field_out,9,4,3
2025-08-21,NYA202508210,BOS,"Anthony, Roman",anthr001,6,2,2B,2B,1,home_run,9,4,3
2025-08-21,NYA202508210,BOS,"Bregman, Alex",brega001,6,2,empty,empty,1,field_out,9,6,3
2025-08-22,NYA202508220,BOS,"Gonzalez, Romy",gonzr003,1,0,empty,empty,1,field_out,1,0,0
2025-08-22,NYA202508220,BOS,"Bregman, Alex",brega001,1,1,empty,empty,1,single,1,0,0
2025-08-22,NYA202508220,BOS,"Anthony, Roman",anthr001,1,1,1B,1B,1,strikeout,1,0,0
2025-08-22,NYA202508220,BOS,"Story, Trevor",stort001,1,2,1B,2B,0,field_out,1,0,0
2025-08-22,NYA202508220,BOS,"Garcia, Jhostynxon",garcj008,1,0,empty,empty,1,strikeout,2,0,0
2025-08-22,NYA202508220,BOS,"Duran, Jarren",duraj001,1,1,empty,empty,1,strikeout,2,0,0
2025-08-22,NYA202508220,BOS,"Rafaela, Ceddanne",rafac001,1,2,empty,empty,1,field_out,2,0,0
2025-08-22,NYA202508220,BOS,"Eaton, Nate",eaton001,1,0,empty,empty,1,walk,3,0,0
2025-08-22,NYA202508220,BOS,"Wong, Connor",wongc001,1,1,1B,empty,0,field_out,3,0,0
2025-08-22,NYA202508220,BOS,"Gonzalez, Romy",gonzr003,2,2,empty,empty,1,walk,3,0,0
2025-08-22,NYA202508220,BOS,"Bregman, Alex",brega001,2,2,1B,1B,1,single,3,0,0
2025-08-22,NYA202508220,BOS,"Anthony, Roman",anthr001,2,2,1B+2B,1B+2B,1,strikeout,3,0,0
2025-08-22,NYA202508220,BOS,"Story, Trevor",stort001,2,0,empty,empty,1,strikeout,4,0,0
2025-08-22,NYA202508220,BOS,"Garcia, Jhostynxon",garcj008,2,1,empty,empty,1,walk,4,0,0
2025-08-22,NYA202508220,BOS,"Duran, Jarren",duraj001,2,1,1B,1B,1,field_out,4,0,0
2025-08-22,NYA202508220,BOS,"Rafaela, Ceddanne",rafac001,2,2,2B,2B,1,field_out,4,0,0
2025-08-22,NYA202508220,BOS,"Eaton, Nate",eaton001,2,0,empty,empty,1,field_out,5,0,0
2025-08-22,NYA202508220,BOS,"Wong, Connor",wongc001,2,1,empty,empty,1,single,5,0,0
2025-08-22,NYA202508220,BOS,"Gonzalez, Romy",gonzr003,3,1,1B,1B,1,strikeout,5,0,0
2025-08-22,NYA202508220,BOS,"Bregman, Alex",brega001,3,2,1B,1B,1,single,5,0,0
2025-08-22,NYA202508220,BOS,"Anthony, Roman",anthr001,3,2,1B+2B,1B+2B,1,field_out,5,0,0
2025-08-22,NYA202508220,BOS,"Story, Trevor",stort001,3,0,empty,empty,1,field_out,6,0,0
2025-08-22,NYA202508220,BOS,"Garcia, Jhostynxon",garcj008,3,1,empty,empty,1,strikeout,6,0,0
2025-08-22,NYA202508220,BOS,"Duran, Jarren",duraj001,3,2,empty,empty,1,field_out,6,0,0
2025-08-22,NYA202508220,BOS,"Rafaela, Ceddanne",rafac001,3,0,empty,empty,1,field_out,7,0,0
2025-08-22,NYA202508220,BOS,"Lowe, Nathaniel",lowen001,1,1,empty,empty,1,double,7,0,0
2025-08-22,NYA202508220,BOS,"Wong, Connor",wongc001,3,1,2B,2B,1,double,7,0,0
2025-08-22,NYA202508220,BOS,"Gonzalez, Romy",gonzr003,4,1,2B,2B,1,field_out,7,1,0
2025-08-22,NYA202508220,BOS,"Bregman, Alex",brega001,4,2,2B,2B,1,field_out,7,1,0
2025-08-22,NYA202508220,BOS,"Anthony, Roman",anthr001,4,0,empty,empty,1,strikeout,8,1,0
2025-08-22,NYA202508220,BOS,"Story, Trevor",stort001,4,1,empty,empty,1,field_out,8,1,0
2025-08-22,NYA202508220,BOS,"Garcia, Jhostynxon",garcj008,4,2,empty,empty,1,strikeout,8,1,0
2025-08-22,NYA202508220,BOS,"Duran, Jarren",duraj001,4,0,empty,empty,1,walk,9,1,0
2025-08-22,NYA202508220,BOS,"Rafaela, Ceddanne",rafac001,4,0,1B,2B,0,fielders_choice,9,1,0
2025-08-22,NYA202508220,BOS,"Lowe, Nathaniel",lowen001,2,0,1B+2B,1B+2B,1,field_out,9,1,0
2025-08-22,NYA202508220,BOS,"Wong, Connor",wongc001,4,1,2B+3B,2B+3B,1,fielders_choice_out,9,1,0
2025-08-22,NYA202508220,BOS,"Yoshida, Masataka",yoshm002,1,2,1B+3B,2B+3B,0,field_out,9,1,0
2025-08-23,NYA202508230,BOS,"Anthony, Roman",anthr001,1,0,empty,empty,1,strikeout,1,0,0
2025-08-23,NYA202508230,BOS,"Bregman, Alex",brega001,1,1,empty,empty,1,field_out,1,0,0
2025-08-23,NYA202508230,BOS,"Duran, Jarren",duraj001,1,2,empty,empty,1,walk,1,0,0
2025-08-23,NYA202508230,BOS,"Story, Trevor",stort001,1,2,1B,1B,1,field_out,1,0,0
2025-08-23,NYA202508230,BOS,"Lowe, Nathaniel",lowen001,1,0,empty,empty,1,field_out,2,0,0
2025-08-23,NYA202508230,BOS,"Yoshida, Masataka",yoshm002,1,1,empty,empty,1,single,2,0,0
2025-08-23,NYA202508230,BOS,"Rafaela, Ceddanne",rafac001,1,1,1B,1B,1,field_out,2,0,0
2025-08-23,NYA202508230,BOS,"Hamilton, David",hamid002,1,0,1B,empty,0,strikeout,3,0,0
2025-08-23,NYA202508230,BOS,"Narvaez, Carlos",narvc002,1,1,empty,empty,1,single,3,0,0
2025-08-23,NYA202508230,BOS,"Anthony, Roman",anthr001,2,1,1B,1B,1,single,3,0,0
2025-08-23,NYA202508230,BOS,"Bregman, Alex",brega001,2,1,1B+3B,1B+3B,1,walk,3,0,0
2025-08-23,NYA202508230,BOS,"Duran, Jarren",duraj001,2,1,1B+2B+3B,1B+2B+3B,1,strikeout,3,0,0
2025-08-23,NYA202508230,BOS,"Story, Trevor",stort001,2,2,1B+2B+3B,1B+2B+3B,1,double,3,0,0
2025-08-23,NYA202508230,BOS,"Lowe, Nathaniel",lowen001,2,2,2B+3B,2B+3B,1,walk,3,2,0
2025-08-23,NYA202508230,BOS,"Yoshida, Masataka",yoshm002,2,2,1B+2B+3B,1B+2B+3B,1,field_out,3,2,0
2025-08-23,NYA202508230,BOS,"Rafaela, Ceddanne",rafac001,2,0,empty,empty,1,double,4,2,0
2025-08-23,NYA202508230,BOS,"Hamilton, David",hamid002,2,0,2B,2B,1,single,4,2,0
2025-08-23,NYA202508230,BOS,"Narvaez, Carlos",narvc002,2,0,1B+3B,1B+3B,1,hit_by_pitch,4,2,0
2025-08-23,NYA202508230,BOS,"Anthony, Roman",anthr001,3,0,1B+2B+3B,1B+2B+3B,1,sac_fly,4,2,0
2025-08-23,NYA202508230,BOS,"Bregman, Alex",brega001,3,1,2B+3B,2B+3B,1,sac_fly,4,3,0
2025-08-23,NYA202508230,BOS,"Duran, Jarren",duraj001,3,2,3B,3B,1,field_out,4,4,0
2025-08-23,NYA202508230,BOS,"Story, Trevor",stort001,3,0,empty,empty,1,home_run,5,4,1
2025-08-23,NYA202508230,BOS,"Lowe, Nathaniel",lowen001,3,0,empty,empty,1,single,5,5,1
2025-08-23,NYA202508230,BOS,"Yoshida, Masataka",yoshm002,3,0,1B,1B,1,grounded_into_double_play,5,5,1
2025-08-23,NYA202508230,BOS,"Rafaela, Ceddanne",rafac001,3,2,empty,empty,1,field_out,5,5,1
2025-08-23,NYA202508230,BOS,"Hamilton, David",hamid002,3,0,empty,empty,1,strikeout,6,5,1
2025-08-23,NYA202508230,BOS,"Narvaez, Carlos",narvc002,3,1,empty,empty,1,single,6,5,1
2025-08-23,NYA202508230,BOS,"Anthony, Roman",anthr001,4,1,1B,1B,1,strikeout,6,5,1
2025-08-23,NYA202508230,BOS,"Bregman, Alex",brega001,4,2,1B,1B,1,field_out,6,5,1
2025-08-23,NYA202508230,BOS,"Duran, Jarren",duraj001,4,0,empty,empty,1,field_out,7,5,1
2025-08-23,NYA202508230,BOS,"Story, Trevor",stort001,4,1,empty,empty,1,field_out,7,5,1
2025-08-23,NYA202508230,BOS,"Lowe, Nathaniel",lowen001,4,2,empty,empty,1,strikeout,7,5,1
2025-08-23,NYA202508230,BOS,"Yoshida, Masataka",yoshm002,4,0,empty,empty,1,walk,8,5,1
2025-08-23,NYA202508230,BOS,"Rafaela, Ceddanne",rafac001,4,0,1B,1B,1,grounded_into_double_play,8,5,1
2025-08-23,NYA202508230,BOS,"Hamilton, David",hamid002,4,2,empty,empty,1,triple,8,5,1
2025-08-23,NYA202508230,BOS,"Narvaez, Carlos",narvc002,4,2,3B,3B,1,strikeout,8,5,1
2025-08-23,NYA202508230,BOS,"Anthony, Roman",anthr001,5,0,empty,empty,1,double,9,5,1
2025-08-23,NYA202508230,BOS,"Bregman, Alex",brega001,5,0,2B,2B,1,field_out,9,5,1
2025-08-23,NYA202508230,BOS,"Duran, Jarren",duraj001,5,1,3B,3B,1,single,9,5,1
2025-08-23,NYA202508230,BOS,"Story, Trevor",stort001,5,1,1B,1B,1,single,9,6,1
2025-08-23,NYA202508230,BOS,"Lowe, Nathaniel",lowen001,5,1,1B+3B,1B+3B,1,single,9,6,1
2025-08-23,NYA202508230,BOS,"Yoshida, Masataka",yoshm002,5,1,1B+2B,1B+2B,1,field_out,9,7,1
2025-08-23,NYA202508230,BOS,"Rafaela, Ceddanne",rafac001,5,2,1B+2B,1B+2B,1,single,9,7,1
2025-08-23,NYA202508230,BOS,"Hamilton, David",hamid002,5,2,1B+2B,1B+2B,1,single,9,8,1
2025-08-23,NYA202508230,BOS,"Narvaez, Carlos",narvc002,5,2,1B+3B,2B,0,home_run,9,10,1
2025-08-23,NYA202508230,BOS,"Anthony, Roman",anthr001,6,2,empty,empty,1,walk,9,12,1
2025-08-23,NYA202508230,BOS,"Bregman, Alex",brega001,6,2,1B,1B,1,field_out,9,12,1
2025-08-24,NYA202508240,BOS,"Gonzalez, Romy",gonzr003,1,0,empty,empty,1,field_out,1,0,0
2025-08-24,NYA202508240,BOS,"Bregman, Alex",brega001,1,1,empty,empty,1,single,1,0,0
2025-08-24,NYA202508240,BOS,"Anthony, Roman",anthr001,1,1,1B,1B,1,strikeout,1,0,0
2025-08-24,NYA202508240,BOS,"Story, Trevor",stort001,1,2,1B,1B,1,hit_by_pitch,1,0,0
2025-08-24,NYA202508240,BOS,"Eaton, Nate",eaton001,1,2,1B+2B,1B+2B,1,field_out,1,0,0
2025-08-24,NYA202508240,BOS,"Duran, Jarren",duraj001,1,0,empty,empty,1,field_out,2,0,0
2025-08-24,NYA202508240,BOS,"Rafaela, Ceddanne",rafac001,1,1,empty,empty,1,field_out,2,0,0
2025-08-24,NYA202508240,BOS,"Narvaez, Carlos",narvc002,1,2,empty,empty,1,strikeout,2,0,0
2025-08-24,NYA202508240,BOS,"Garcia, Jhostynxon",garcj008,1,0,empty,empty,1,walk,3,0,2
2025-08-24,NYA202508240,BOS,"Gonzalez, Romy",gonzr003,2,0,1B,1B,1,grounded_into_double_play,3,0,2
2025-08-24,NYA202508240,BOS,"Bregman, Alex",brega001,2,2,empty,empty,1,field_out,3,0,2
2025-08-24,NYA202508240,BOS,"Anthony, Roman",anthr001,2,0,empty,empty,1,field_out,4,0,3
2025-08-24,NYA202508240,BOS,"Story, Trevor",stort001,2,1,empty,empty,1,field_out,4,0,3
2025-08-24,NYA202508240,BOS,"Eaton, Nate",eaton001,2,2,empty,empty,1,field_out,4,0,3
2025-08-24,NYA202508240,BOS,"Duran, Jarren",duraj001,2,0,empty,empty,1,walk,5,0,4
2025-08-24,NYA202508240,BOS,"Rafaela, Ceddanne",rafac001,2,0,1B,1B,1,field_out,5,0,4
2025-08-24,NYA202508240,BOS,"Narvaez, Carlos",narvc002,2,1,1B,1B,1,grounded_into_double_play,5,0,4
2025-08-24,NYA202508240,BOS,"Garcia, Jhostynxon",garcj008,2,0,empty,empty,1,strikeout,6,0,5
2025-08-24,NYA202508240,BOS,"Gonzalez, Romy",gonzr003,3,1,empty,empty,1,walk,6,0,5
2025-08-24,NYA202508240,BOS,"Bregman, Alex",brega001,3,1,1B,1B,1,walk,6,0,5
2025-08-24,NYA202508240,BOS,"Anthony, Roman",anthr001,3,1,1B+2B,1B+2B,1,field_out,6,0,5
2025-08-24,NYA202508240,BOS,"Story, Trevor",stort001,3,2,1B+3B,1B+3B,1,walk,6,0,5
2025-08-24,NYA202508240,BOS,"Lowe, Nathaniel",lowen001,1,2,1B+2B+3B,1B+2B+3B,1,single,6,0,5
2025-08-24,NYA202508240,BOS,"Duran, Jarren",duraj001,3,2,1B+3B,1B+3B,1,strikeout,6,2,5
2025-08-24,NYA202508240,BOS,"Rafaela, Ceddanne",rafac001,3,0,empty,empty,1,strikeout,7,2,5
2025-08-24,NYA202508240,BOS,"Narvaez, Carlos",narvc002,3,1,empty,empty,1,single,7,2,5
2025-08-24,NYA202508240,BOS,"Yoshida, Masataka",yoshm002,1,1,1B,1B,1,field_out,7,2,5
2025-08-24,NYA202508240,BOS,"Gonzalez, Romy",gonzr003,4,2,1B,1B,1,strikeout,7,2,5
2025-08-24,NYA202508240,BOS,"Bregman, Alex",brega001,4,0,empty,empty,1,field_out,8,2,5
2025-08-24,NYA202508240,BOS,"Anthony, Roman",anthr001,4,1,empty,empty,1,strikeout,8,2,5
2025-08-24,NYA202508240,BOS,"Story, Trevor",stort001,4,2,empty,empty,1,strikeout,8,2,5
2025-08-24,NYA202508240,BOS,"Lowe, Nathaniel",lowen001,2,0,empty,empty,1,single,9,2,7
2025-08-24,NYA202508240,BOS,"Duran, Jarren",duraj001,4,0,1B,1B,1,strikeout,9,2,7
2025-08-24,NYA202508240,BOS,"Rafaela, Ceddanne",rafac001,4,1,1B,1B,1,double,9,2,7
2025-08-24,NYA202508240,BOS,"Narvaez, Carlos",narvc002,4,1,2B+3B,2B+3B,1,strikeout,9,2,7
2025-08-24,NYA202508240,BOS,"Yoshida, Masataka",yoshm002,2,2,2B+3B,2B+3B,1,field_out,9,2,7
2025-08-25,BAL202508250,BOS,"Anthony, Roman",anthr001,1,0,empty,empty,1,home_run,1,0,0
2025-08-25,BAL202508250,BOS,"Bregman, Alex",brega001,1,0,empty,empty,1,field_out,1,1,0
2025-08-25,BAL202508250,BOS,"Duran, Jarren",duraj001,1,1,empty,empty,1,field_out,1,1,0
2025-08-25,BAL202508250,BOS,"Story, Trevor",stort001,1,2,empty,empty,1,strikeout,1,1,0
2025-08-25,BAL202508250,BOS,"Lowe, Nathaniel",lowen001,1,0,empty,empty,1,field_out,2,1,0
2025-08-25,BAL202508250,BOS,"Yoshida, Masataka",yoshm002,1,1,empty,empty,1,walk,2,1,0
2025-08-25,BAL202508250,BOS,"Rafaela, Ceddanne",rafac001,1,1,1B,1B,1,strikeout,2,1,0
2025-08-25,BAL202508250,BOS,"Hamilton, David",hamid002,1,2,1B,1B,1,field_out,2,1,0
2025-08-25,BAL202508250,BOS,"Wong, Connor",wongc001,1,0,empty,empty,1,double,3,1,1
2025-08-25,BAL202508250,BOS,"Anthony, Roman",anthr001,2,0,2B,2B,1,strikeout,3,1,1
2025-08-25,BAL202508250,BOS,"Bregman, Alex",brega001,2,1,2B,2B,1,field_out,3,1,1
2025-08-25,BAL202508250,BOS,"Duran, Jarren",duraj001,2,2,3B,3B,1,walk,3,1,1
2025-08-25,BAL202508250,BOS,"Story, Trevor",stort001,2,2,1B+3B,1B+3B,1,field_out,3,1,1
2025-08-25,BAL202508250,BOS,"Lowe, Nathaniel",lowen001,2,0,empty,empty,1,field_out,4,1,3
2025-08-25,BAL202508250,BOS,"Yoshida, Masataka",yoshm002,2,1,empty,empty,1,single,4,1,3
2025-08-25,BAL202508250,BOS,"Rafaela, Ceddanne",rafac001,2,1,1B,1B,1,field_out,4,1,3
2025-08-25,BAL202508250,BOS,"Hamilton, David",hamid002,2,2,1B,1B,1,field_out,4,1,3
2025-08-25,BAL202508250,BOS,"Wong, Connor",wongc001,2,0,empty,empty,1,single,5,1,3
2025-08-25,BAL202508250,BOS,"Anthony, Roman",anthr001,3,0,1B,1B,1,single,5,1,3
2025-08-25,BAL202508250,BOS,"Bregman, Alex",brega001,3,0,1B+2B,1B+2B,1,field_out,5,1,3
2025-08-25,BAL202508250,BOS,"Duran, Jarren",duraj001,3,1,1B+2B,1B+2B,1,home_run,5,1,3
2025-08-25,BAL202508250,BOS,"Story, Trevor",stort001,3,1,empty,empty,1,field_out,5,4,3
2025-08-25,BAL202508250,BOS,"Lowe, Nathaniel",lowen001,3,2,empty,empty,1,strikeout,5,4,3
2025-08-25,BAL202508250,BOS,"Yoshida, Masataka",yoshm002,3,0,empty,empty,1,field_out,6,4,3
2025-08-25,BAL202508250,BOS,"Rafaela, Ceddanne",rafac001,3,1,empty,empty,1,strikeout,6,4,3
2025-08-25,BAL202508250,BOS,"Hamilton, David",hamid002,3,2,empty,empty,1,strikeout,6,4,3
2025-08-25,BAL202508250,BOS,"Wong, Connor",wongc001,3,0,empty,empty,1,field_out,7,4,3
2025-08-25,BAL202508250,BOS,"Anthony, Roman",anthr001,4,1,empty,empty,1,strikeout,7,4,3
2025-08-25,BAL202508250,BOS,"Bregman, Alex",brega001,4,2,empty,empty,1,field_out,7,4,3
2025-08-25,BAL202508250,BOS,"Duran, Jarren",duraj001,4,0,empty,empty,1,field_out,8,4,3
2025-08-25,BAL202508250,BOS,"Story, Trevor",stort001,4,1,empty,empty,1,field_out,8,4,3
2025-08-25,BAL202508250,BOS,"Lowe, Nathaniel",lowen001,4,2,empty,empty,1,strikeout,8,4,3
2025-08-25,BAL202508250,BOS,"Yoshida, Masataka",yoshm002,4,0,empty,empty,1,single,9,4,3
2025-08-25,BAL202508250,BOS,"Rafaela, Ceddanne",rafac001,4,0,1B,1B,1,strikeout,9,4,3
2025-08-25,BAL202508250,BOS,"Hamilton, David",hamid002,4,1,1B,3B,0,strikeout,9,4,3
2025-08-25,BAL202508250,BOS,"Wong, Connor",wongc001,4,2,3B,3B,1,strikeout,9,4,3
2025-08-26,BAL202508260,BOS,"Anthony, Roman",anthr001,1,0,empty,empty,1,field_out,1,0,0
2025-08-26,BAL202508260,BOS,"Bregman, Alex",brega001,1,1,empty,empty,1,strikeout,1,0,0
2025-08-26,BAL202508260,BOS,"Duran, Jarren",duraj001,1,2,empty,empty,1,strikeout,1,0,0
2025-08-26,BAL202508260,BOS,"Story, Trevor",stort001,1,0,empty,empty,1,home_run,2,0,0
2025-08-26,BAL202508260,BOS,"Lowe, Nathaniel",lowen001,1,0,empty,empty,1,field_out,2,1,0
2025-08-26,BAL202508260,BOS,"Yoshida, Masataka",yoshm002,1,1,empty,empty,1,strikeout,2,1,0
2025-08-26,BAL202508260,BOS,"Rafaela, Ceddanne",rafac001,1,2,empty,empty,1,strikeout,2,1,0
2025-08-26,BAL202508260,BOS,"Hamilton, David",hamid002,1,0,empty,empty,1,home_run,3,1,0
2025-08-26,BAL202508260,BOS,"Narvaez, Carlos",narvc002,1,0,empty,empty,1,strikeout,3,2,0
2025-08-26,BAL202508260,BOS,"Anthony, Roman",anthr001,2,1,empty,empty,1,strikeout,3,2,0
2025-08-26,BAL202508260,BOS,"Bregman, Alex",brega001,2,2,empty,empty,1,field_out,3,2,0
2025-08-26,BAL202508260,BOS,"Duran, Jarren",duraj001,2,0,empty,empty,1,strikeout,4,2,0
2025-08-26,BAL202508260,BOS,"Story, Trevor",stort001,2,1,empty,empty,1,strikeout,4,2,0
2025-08-26,BAL202508260,BOS,"Lowe, Nathaniel",lowen001,2,2,empty,empty,1,single,4,2,0
2025-08-26,BAL202508260,BOS,"Yoshida, Masataka",yoshm002,2,2,1B,1B,1,field_out,4,2,0
2025-08-26,BAL202508260,BOS,"Rafaela, Ceddanne",rafac001,2,0,empty,empty,1,field_out,5,2,0
2025-08-26,BAL202508260,BOS,"Hamilton, David",hamid002,2,1,empty,empty,1,field_out,5,2,0
2025-08-26,BAL202508260,BOS,"Narvaez, Carlos",narvc002,2,2,empty,empty,1,strikeout,5,2,0
2025-08-26,BAL202508260,BOS,"Anthony, Roman",anthr001,3,0,empty,empty,1,single,6,2,0
2025-08-26,BAL202508260,BOS,"Bregman, Alex",brega001,3,0,1B,1B,1,grounded_into_double_play,6,2,0
2025-08-26,BAL202508260,BOS,"Duran, Jarren",duraj001,3,2,empty,empty,1,strikeout,6,2,0
2025-08-26,BAL202508260,BOS,"Story, Trevor",stort001,3,0,empty,empty,1,field_out,7,2,0
2025-08-26,BAL202508260,BOS,"Lowe, Nathaniel",lowen001,3,1,empty,empty,1,field_out,7,2,0
2025-08-26,BAL202508260,BOS,"Yoshida, Masataka",yoshm002,3,2,empty,empty,1,field_out,7,2,0
2025-08-26,BAL202508260,BOS,"Rafaela, Ceddanne",rafac001,3,0,empty,empty,1,double,8,2,0
2025-08-26,BAL202508260,BOS,"Hamilton, David",hamid002,3,0,2B,2B,1,sac_bunt,8,2,0
2025-08-26,BAL202508260,BOS,"Narvaez, Carlos",narvc002,3,1,3B,3B,1,fielders_choice_out,8,2,0
2025-08-26,BAL202508260,BOS,"Anthony, Roman",anthr001,4,2,empty,empty,1,single,8,3,0
2025-08-26,BAL202508260,BOS,"Bregman, Alex",brega001,4,2,1B,1B,1,single,8,3,0
2025-08-26,BAL202508260,BOS,"Duran, Jarren",duraj001,4,2,1B+2B,1B+2B,1,field_out,8,3,0
2025-08-26,BAL202508260,BOS,"Story, Trevor",stort001,4,0,empty,empty,1,single,9,3,0
2025-08-26,BAL202508260,BOS,"Lowe, Nathaniel",lowen001,4,0,1B,2B,0,walk,9,3,0
2025-08-26,BAL202508260,BOS,"Yoshida, Masataka",yoshm002,4,0,1B+2B,1B+2B,1,strikeout,9,3,0
2025-08-26,BAL202508260,BOS,"Rafaela, Ceddanne",rafac001,4,1,1B+2B,1B+2B,1,field_out,9,3,0
2025-08-26,BAL202508260,BOS,"Hamilton, David",hamid002,4,2,1B+2B,2B+3B,0,double,9,3,0
2025-08-26,BAL202508260,BOS,"Narvaez, Carlos",narvc002,4,2,2B,2B,1,field_out,9,5,0
2025-08-27,BAL202508270,BOS,"Anthony, Roman",anthr001,1,0,empty,empty,1,home_run,1,0,0
2025-08-27,BAL202508270,BOS,"Bregman, Alex",brega001,1,0,empty,empty,1,field_out,1,1,0
2025-08-27,BAL202508270,BOS,"Story, Trevor",stort001,1,1,empty,empty,1,field_out,1,1,0
2025-08-27,BAL202508270,BOS,"Duran, Jarren",duraj001,1,2,empty,empty,1,single,1,1,0
2025-08-27,BAL202508270,BOS,"Rafaela, Ceddanne",rafac001,1,2,1B,2B,0,field_out,1,1,0
2025-08-27,BAL202508270,BOS,"Lowe, Nathaniel",lowen001,1,0,empty,empty,1,strikeout,2,1,0
2025-08-27,BAL202508270,BOS,"Yoshida, Masataka",yoshm002,1,1,empty,empty,1,field_out,2,1,0
2025-08-27,BAL202508270,BOS,"Wong, Connor",wongc001,1,2,empty,empty,1,strikeout,2,1,0
2025-08-27,BAL202508270,BOS,"Hamilton, David",hamid002,1,0,empty,empty,1,strikeout,3,1,1
2025-08-27,BAL202508270,BOS,"Anthony, Roman",anthr001,2,1,empty,empty,1,field_out,3,1,1
2025-08-27,BAL202508270,BOS,"Bregman, Alex",brega001,2,2,empty,empty,1,hit_by_pitch,3,1,1
2025-08-27,BAL202508270,BOS,"Story, Trevor",stort001,2,2,1B,1B,1,field_out,3,1,1
2025-08-27,BAL202508270,BOS,"Duran, Jarren",duraj001,2,0,empty,empty,1,field_out,4,1,1
2025-08-27,BAL202508270,BOS,"Rafaela, Ceddanne",rafac001,2,1,empty,empty,1,double,4,1,1
2025-08-27,BAL202508270,BOS,"Lowe, Nathaniel",lowen001,2,1,2B,2B,1,field_out,4,1,1
2025-08-27,BAL202508270,BOS,"Yoshida, Masataka",yoshm002,2,2,2B,2B,1,field_out,4,1,1
2025-08-27,BAL202508270,BOS,"Wong, Connor",wongc001,2,0,empty,empty,1,field_out,5,1,1
2025-08-27,BAL202508270,BOS,"Hamilton, David",hamid002,2,1,empty,empty,1,single,5,1,1
2025-08-27,BAL202508270,BOS,"Anthony, Roman",anthr001,3,2,1B,empty,0,strikeout,5,1,1
2025-08-27,BAL202508270,BOS,"Bregman, Alex",brega001,3,0,empty,empty,1,strikeout,6,1,1
2025-08-27,BAL202508270,BOS,"Story, Trevor",stort001,3,1,empty,empty,1,field_out,6,1,1
2025-08-27,BAL202508270,BOS,"Duran, Jarren",duraj001,3,2,empty,empty,1,field_out,6,1,1
2025-08-27,BAL202508270,BOS,"Rafaela, Ceddanne",rafac001,3,0,empty,empty,1,field_out,7,1,1
2025-08-27,BAL202508270,BOS,"Lowe, Nathaniel",lowen001,3,1,empty,empty,1,field_out,7,1,1
2025-08-27,BAL202508270,BOS,"Yoshida, Masataka",yoshm002,3,2,empty,empty,1,field_out,7,1,1
2025-08-27,BAL202508270,BOS,"Wong, Connor",wongc001,3,0,empty,empty,1,walk,8,1,2
2025-08-27,BAL202508270,BOS,"Hamilton, David",hamid002,3,0,1B,1B,1,single,8,1,2
2025-08-27,BAL202508270,BOS,"Anthony, Roman",anthr001,4,0,1B+3B,1B+3B,1,strikeout,8,1,2
2025-08-27,BAL202508270,BOS,"Bregman, Alex",brega001,4,1,1B+3B,1B+3B,1,strikeout,8,1,2
2025-08-27,BAL202508270,BOS,"Story, Trevor",stort001,4,2,1B+3B,1B+3B,1,field_out,8,1,2
2025-08-27,BAL202508270,BOS,"Duran, Jarren",duraj001,4,0,empty,empty,1,single,9,1,2
2025-08-27,BAL202508270,BOS,"Rafaela, Ceddanne",rafac001,4,0,1B,1B,1,home_run,9,1,2
2025-08-27,BAL202508270,BOS,"Lowe, Nathaniel",lowen001,4,0,empty,empty,1,field_out,9,3,2
2025-08-27,BAL202508270,BOS,"Gonzalez, Romy",gonzr003,1,1,empty,empty,1,field_out,9,3,2
2025-08-27,BAL202508270,BOS,"Wong, Connor",wongc001,4,2,empty,empty,1,field_out,9,3,2
2025-08-28,BAL202508280,BOS,"Anthony, Roman",anthr001,1,0,empty,empty,1,single,1,0,0
2025-08-28,BAL202508280,BOS,"Bregman, Alex",brega001,1,0,1B,1B,1,grounded_into_double_play,1,0,0
2025-08-28,BAL202508280,BOS,"Story, Trevor",stort001,1,2,empty,empty,1,home_run,1,0,0
2025-08-28,BAL202508280,BOS,"Gonzalez, Romy",gonzr003,1,2,empty,empty,1,field_out,1,1,0
2025-08-28,BAL202508280,BOS,"Refsnyder, Rob",refsr001,1,0,empty,empty,1,single,2,1,0
2025-08-28,BAL202508280,BOS,"Eaton, Nate",eaton001,1,0,1B,1B,1,field_out,2,1,0
2025-08-28,BAL202508280,BOS,"Narvaez, Carlos",narvc002,1,1,1B,1B,1,field_out,2,1,0
2025-08-28,BAL202508280,BOS,"Rafaela, Ceddanne",rafac001,1,2,1B,1B,1,single,2,1,0
2025-08-28,BAL202508280,BOS,"Garcia, Jhostynxon",garcj008,1,2,1B+2B,1B+2B,1,strikeout,2,1,0
2025-08-28,BAL202508280,BOS,"Anthony, Roman",anthr001,2,0,empty,empty,1,single,3,1,0
2025-08-28,BAL202508280,BOS,"Bregman, Alex",brega001,2,0,1B,1B,1,field_out,3,1,0
2025-08-28,BAL202508280,BOS,"Story, Trevor",stort001,2,1,1B,1B,1,field_out,3,1,0
2025-08-28,BAL202508280,BOS,"Gonzalez, Romy",gonzr003,2,2,1B,1B,1,field_out,3,1,0
2025-08-28,BAL202508280,BOS,"Refsnyder, Rob",refsr001,2,0,empty,empty,1,home_run,4,1,1
2025-08-28,BAL202508280,BOS,"Eaton, Nate",eaton001,2,0,empty,empty,1,strikeout,4,2,1
2025-08-28,BAL202508280,BOS,"Narvaez, Carlos",narvc002,2,1,empty,empty,1,strikeout,4,2,1
2025-08-28,BAL202508280,BOS,"Rafaela, Ceddanne",rafac001,2,2,empty,empty,1,field_out,4,2,1
2025-08-28,BAL202508280,BOS,"Garcia, Jhostynxon",garcj008,2,0,empty,empty,1,double,5,2,1
2025-08-28,BAL202508280,BOS,"Anthony, Roman",anthr001,3,0,2B,2B,1,strikeout,5,2,1
2025-08-28,BAL202508280,BOS,"Bregman, Alex",brega001,3,1,2B,2B,1,strikeout,5,2,1
2025-08-28,BAL202508280,BOS,"Story, Trevor",stort001,3,2,2B,2B,1,field_out,5,2,1
2025-08-28,BAL202508280,BOS,"Gonzalez, Romy",gonzr003,3,0,empty,empty,1,field_out,6,2,2
2025-08-28,BAL202508280,BOS,"Refsnyder, Rob",refsr001,3,1,empty,empty,1,field_out,6,2,2
2025-08-28,BAL202508280,BOS,"Eaton, Nate",eaton001,3,2,empty,empty,1,field_out,6,2,2
2025-08-28,BAL202508280,BOS,"Narvaez, Carlos",narvc002,3,0,empty,empty,1,strikeout,7,2,2
2025-08-28,BAL202508280,BOS,"Rafaela, Ceddanne",rafac001,3,1,empty,empty,1,strikeout,7,2,2
2025-08-28,BAL202508280,BOS,"Garcia, Jhostynxon",garcj008,3,2,empty,empty,1,field_out,7,2,2
2025-08-28,BAL202508280,BOS,"Anthony, Roman",anthr001,4,0,empty,empty,1,walk,8,2,2
2025-08-28,BAL202508280,BOS,"Bregman, Alex",brega001,4,0,1B,1B,1,field_out,8,2,2
2025-08-28,BAL202508280,BOS,"Story, Trevor",stort001,4,1,1B,1B,1,field_out,8,2,2
2025-08-28,BAL202508280,BOS,"Gonzalez, Romy",gonzr003,4,2,2B,2B,1,single,8,2,2
2025-08-28,BAL202508280,BOS,"Refsnyder, Rob",refsr001,4,2,1B,1B,1,strikeout,8,3,2
2025-08-28,BAL202508280,BOS,"Eaton, Nate",eaton001,4,0,empty,empty,1,field_out,9,3,2
2025-08-28,BAL202508280,BOS,"Narvaez, Carlos",narvc002,4,1,empty,empty,1,field_out,9,3,2
2025-08-28,BAL202508280,BOS,"Rafaela, Ceddanne",rafac001,4,2,empty,empty,1,field_out,9,3,2
2025-08-29,BOS202508290,BOS,"Anthony, Roman",anthr001,1,0,empty,empty,1,field_out,1,0,0
2025-08-29,BOS202508290,BOS,"Bregman, Alex",brega001,1,1,empty,empty,1,field_out,1,0,0
2025-08-29,BOS202508290,BOS,"Duran, Jarren",duraj001,1,2,empty,empty,1,strikeout,1,0,0
2025-08-29,BOS202508290,BOS,"Story, Trevor",stort001,1,0,empty,empty,1,strikeout,2,0,0
2025-08-29,BOS202508290,BOS,"Yoshida, Masataka",yoshm002,1,1,empty,empty,1,single,2,0,0
2025-08-29,BOS202508290,BOS,"Gonzalez, Romy",gonzr003,1,1,1B,1B,1,single,2,0,0
2025-08-29,BOS202508290,BOS,"Sogard, Nick",sogan001,1,1,1B+2B,1B+2B,1,field_out,2,0,0
2025-08-29,BOS202508290,BOS,"Rafaela, Ceddanne",rafac001,1,2,1B+3B,2B+3B,0,strikeout,2,0,0
2025-08-29,BOS202508290,BOS,"Wong, Connor",wongc001,1,0,empty,empty,1,field_error,3,0,0
2025-08-29,BOS202508290,BOS,"Anthony, Roman",anthr001,2,0,1B,1B,1,single,3,0,0
2025-08-29,BOS202508290,BOS,"Bregman, Alex",brega001,2,0,1B+2B,1B+2B,1,grounded_into_double_play,3,0,0
2025-08-29,BOS202508290,BOS,"Duran, Jarren",duraj001,2,2,3B,3B,1,field_out,3,0,0
2025-08-29,BOS202508290,BOS,"Story, Trevor",stort001,2,0,empty,empty,1,field_out,4,0,0
2025-08-29,BOS202508290,BOS,"Yoshida, Masataka",yoshm002,2,1,empty,empty,1,walk,4,0,0
2025-08-29,BOS202508290,BOS,"Gonzalez, Romy",gonzr003,2,1,1B,1B,1,single,4,0,0
2025-08-29,BOS202508290,BOS,"Sogard, Nick",sogan001,2,1,1B+2B,1B+2B,1,field_out,4,0,0
2025-08-29,BOS202508290,BOS,"Rafaela, Ceddanne",rafac001,2,2,1B+2B,1B+2B,1,single,4,0,0
2025-08-29,BOS202508290,BOS,"Wong, Connor",wongc001,2,2,2B+3B,2B+3B,1,field_out,4,1,0
2025-08-29,BOS202508290,BOS,"Anthony, Roman",anthr001,3,0,empty,empty,1,home_run,5,1,0
2025-08-29,BOS202508290,BOS,"Bregman, Alex",brega001,3,0,empty,empty,1,field_out,5,2,0
2025-08-29,BOS202508290,BOS,"Duran, Jarren",duraj001,3,1,empty,empty,1,strikeout,5,2,0
2025-08-29,BOS202508290,BOS,"Story, Trevor",stort001,3,2,empty,empty,1,strikeout,5,2,0
2025-08-29,BOS202508290,BOS,"Yoshida, Masataka",yoshm002,3,0,empty,empty,1,field_out,6,2,3
2025-08-29,BOS202508290,BOS,"Gonzalez, Romy",gonzr003,3,1,empty,empty,1,single,6,2,3
2025-08-29,BOS202508290,BOS,"Sogard, Nick",sogan001,3,2,1B,empty,0,strikeout,6,2,3
2025-08-29,BOS202508290,BOS,"Rafaela, Ceddanne",rafac001,3,0,empty,empty,1,single,7,2,3
2025-08-29,BOS202508290,BOS,"Wong, Connor",wongc001,3,0,1B,1B,1,field_out,7,2,3
2025-08-29,BOS202508290,BOS,"Anthony, Roman",anthr001,4,1,1B,1B,1,grounded_into_double_play,7,2,3
2025-08-29,BOS202508290,BOS,"Bregman, Alex",brega001,4,0,empty,empty,1,field_out,8,2,4
2025-08-29,BOS202508290,BOS,"Duran, Jarren",duraj001,4,1,empty,empty,1,single,8,2,4
2025-08-29,BOS202508290,BOS,"Story, Trevor",stort001,4,1,1B,1B,1,strikeout,8,2,4
2025-08-29,BOS202508290,BOS,"Yoshida, Masataka",yoshm002,4,2,1B,1B,1,field_out,8,2,4
2025-08-29,BOS202508290,BOS,"Gonzalez, Romy",gonzr003,4,0,empty,empty,1,strikeout,9,2,4
2025-08-29,BOS202508290,BOS,"Sogard, Nick",sogan001,4,1,empty,empty,1,walk,9,2,4
2025-08-29,BOS202508290,BOS,"Rafaela, Ceddanne",rafac001,4,1,1B,1B,1,strikeout,9,2,4
2025-08-29,BOS202508290,BOS,"Wong, Connor",wongc001,4,2,1B,1B,1,field_out,9,2,4
2025-08-30,BOS202508300,BOS,"Anthony, Roman",anthr001,1,0,empty,empty,1,strikeout,1,0,1
2025-08-30,BOS202508300,BOS,"Bregman, Alex",brega001,1,1,empty,empty,1,field_out,1,0,1
2025-08-30,BOS202508300,BOS,"Duran, Jarren",duraj001,1,2,empty,empty,1,strikeout,1,0,1
2025-08-30,BOS202508300,BOS,"Story, Trevor",stort001,1,0,empty,empty,1,double,2,0,1
2025-08-30,BOS202508300,BOS,"Yoshida, Masataka",yoshm002,1,0,2B,2B,1,walk,2,0,1
2025-08-30,BOS202508300,BOS,"Gonzalez, Romy",gonzr003,1,0,1B+2B,1B+2B,1,strikeout,2,0,1
2025-08-30,BOS202508300,BOS,"Rafaela, Ceddanne",rafac001,1,1,1B+2B,1B+2B,1,field_out,2,0,1
2025-08-30,BOS202508300,BOS,"Hamilton, David",hamid002,1,2,1B+2B,1B+2B,1,field_out,2,0,1
2025-08-30,BOS202508300,BOS,"Narvaez, Carlos",narvc002,1,0,empty,empty,1,home_run,3,0,1
2025-08-30,BOS202508300,BOS,"Anthony, Roman",anthr001,2,0,empty,empty,1,strikeout,3,1,1
2025-08-30,BOS202508300,BOS,"Bregman, Alex",brega001,2,1,empty,empty,1,strikeout,3,1,1
2025-08-30,BOS202508300,BOS,"Duran, Jarren",duraj001,2,2,empty,empty,1,field_out,3,1,1
2025-08-30,BOS202508300,BOS,"Story, Trevor",stort001,2,0,empty,empty,1,walk,4,1,1
2025-08-30,BOS202508300,BOS,"Yoshida, Masataka",yoshm002,2,0,1B,2B,0,field_out,4,1,1
2025-08-30,BOS202508300,BOS,"Gonzalez, Romy",gonzr003,2,1,3B,3B,1,single,4,1,1
2025-08-30,BOS202508300,BOS,"Rafaela, Ceddanne",rafac001,2,1,1B,1B,1,field_out,4,2,1
2025-08-30,BOS202508300,BOS,"Hamilton, David",hamid002,2,0,1B,empty,0,field_out,5,2,4
2025-08-30,BOS202508300,BOS,"Narvaez, Carlos",narvc002,2,1,empty,empty,1,walk,5,2,4
2025-08-30,BOS202508300,BOS,"Anthony, Roman",anthr001,3,1,1B,1B,1,strikeout,5,2,4
2025-08-30,BOS202508300,BOS,"Bregman, Alex",brega001,3,2,1B,1B,1,field_out,5,2,4
2025-08-30,BOS202508300,BOS,"Duran, Jarren",duraj001,3,0,empty,empty,1,field_out,6,2,9
2025-08-30,BOS202508300,BOS,"Story, Trevor",stort001,3,1,empty,empty,1,single,6,2,9
2025-08-30,BOS202508300,BOS,"Yoshida, Masataka",yoshm002,3,1,1B,1B,1,single,6,2,9
2025-08-30,BOS202508300,BOS,"Gonzalez, Romy",gonzr003,3,1,1B+2B,1B+2B,1,single,6,2,9
2025-08-30,BOS202508300,BOS,"Rafaela, Ceddanne",rafac001,3,1,1B+2B,1B+2B,1,hit_by_pitch,6,3,9
2025-08-30,BOS202508300,BOS,"Hamilton, David",hamid002,3,1,1B+2B+3B,1B+2B+3B,1,strikeout,6,3,9
2025-08-30,BOS202508300,BOS,"Narvaez, Carlos",narvc002,3,2,1B+2B+3B,1B+2B+3B,1,strikeout,6,3,9
2025-08-30,BOS202508300,BOS,"Anthony, Roman",anthr001,4,0,empty,empty,1,single,7,3,9
2025-08-30,BOS202508300,BOS,"Bregman, Alex",brega001,4,0,1B,1B,1,field_out,7,3,9
2025-08-30,BOS202508300,BOS,"Duran, Jarren",duraj001,4,1,1B,1B,1,single,7,3,9
2025-08-30,BOS202508300,BOS,"Story, Trevor",stort001,4,1,1B+2B,1B+2B,1,field_out,7,3,9
2025-08-30,BOS202508300,BOS,"Yoshida, Masataka",yoshm002,4,2,1B+2B,1B+2B,1,field_out,7,3,9
2025-08-30,BOS202508300,BOS,"Gonzalez, Romy",gonzr003,4,0,empty,empty,1,field_out,8,3,9
2025-08-30,BOS202508300,BOS,"Rafaela, Ceddanne",rafac001,4,1,empty,empty,1,field_out,8,3,9
2025-08-30,BOS202508300,BOS,"Hamilton, David",hamid002,4,2,empty,empty,1,field_out,8,3,9
2025-08-30,BOS202508300,BOS,"Narvaez, Carlos",narvc002,4,0,empty,empty,1,field_out,9,3,10
2025-08-30,BOS202508300,BOS,"Anthony, Roman",anthr001,5,1,empty,empty,1,field_out,9,3,10
2025-08-30,BOS202508300,BOS,"Bregman, Alex",brega001,5,2,empty,empty,1,field_out,9,3,10
2025-08-31,BOS202508310,BOS,"Anthony, Roman",anthr001,1,0,empty,empty,1,strikeout,1,0,0
2025-08-31,BOS202508310,BOS,"Bregman, Alex",brega001,1,1,empty,empty,1,field_out,1,0,0
2025-08-31,BOS202508310,BOS,"Duran, Jarren",duraj001,1,2,empty,empty,1,double,1,0,0
2025-08-31,BOS202508310,BOS,"Story, Trevor",stort001,1,2,2B,2B,1,field_out,1,0,0
2025-08-31,BOS202508310,BOS,"Lowe, Nathaniel",lowen001,1,0,empty,empty,1,strikeout,2,0,0
2025-08-31,BOS202508310,BOS,"Yoshida, Masataka",yoshm002,1,1,empty,empty,1,field_out,2,0,0
2025-08-31,BOS202508310,BOS,"Gonzalez, Romy",gonzr003,1,2,empty,empty,1,strikeout,2,0,0
2025-08-31,BOS202508310,BOS,"Rafaela, Ceddanne",rafac001,1,0,empty,empty,1,field_out,3,0,0
2025-08-31,BOS202508310,BOS,"Narvaez, Carlos",narvc002,1,1,empty,empty,1,strikeout,3,0,0
2025-08-31,BOS202508310,BOS,"Anthony, Roman",anthr001,2,2,empty,empty,1,strikeout,3,0,0
2025-08-31,BOS202508310,BOS,"Bregman, Alex",brega001,2,0,empty,empty,1,single,4,0,1
2025-08-31,BOS202508310,BOS,"Duran, Jarren",duraj001,2,0,1B,1B,1,walk,4,0,1
2025-08-31,BOS202508310,BOS,"Story, Trevor",stort001,2,0,1B+2B,1B+2B,1,field_out,4,0,1
2025-08-31,BOS202508310,BOS,"Lowe, Nathaniel",lowen001,2,1,2B+3B,2B+3B,1,strikeout,4,0,1
2025-08-31,BOS202508310,BOS,"Yoshida, Masataka",yoshm002,2,2,2B+3B,2B+3B,1,field_out,4,0,1
2025-08-31,BOS202508310,BOS,"Gonzalez, Romy",gonzr003,2,0,empty,empty,1,field_error,5,0,1
2025-08-31,BOS202508310,BOS,"Rafaela, Ceddanne",rafac001,2,0,1B,1B,1,field_out,5,0,1
2025-08-31,BOS202508310,BOS,"Narvaez, Carlos",narvc002,2,1,1B,1B,1,double,5,0,1
2025-08-31,BOS202508310,BOS,"Anthony, Roman",anthr001,3,1,2B+3B,2B+3B,1,field_out,5,0,1
2025-08-31,BOS202508310,BOS,"Bregman, Alex",brega001,3,2,3B,3B,1,hit_by_pitch,5,1,1
2025-08-31,BOS202508310,BOS,"Duran, Jarren",duraj001,3,2,1B+3B,1B+3B,1,home_run,5,1,1
2025-08-31,BOS202508310,BOS,"Story, Trevor",stort001,3,2,empty,empty,1,strikeout,5,4,1
2025-08-31,BOS202508310,BOS,"Lowe, Nathaniel",lowen001,3,0,empty,empty,1,single,6,4,1
2025-08-31,BOS202508310,BOS,"Yoshida, Masataka",yoshm002,3,0,1B,1B,1,field_out,6,4,1
2025-08-31,BOS202508310,BOS,"Gonzalez, Romy",gonzr003,3,1,1B,1B,1,single,6,4,1
2025-08-31,BOS202508310,BOS,"Rafaela, Ceddanne",rafac001,3,1,1B+3B,1B+3B,1,single,6,4,1
2025-08-31,BOS202508310,BOS,"Narvaez, Carlos",narvc002,3,1,1B+2B,1B+2B,1,field_out,6,5,1
2025-08-31,BOS202508310,BOS,"Anthony, Roman",anthr001,4,2,1B+2B,1B+2B,1,walk,6,5,1
2025-08-31,BOS202508310,BOS,"Bregman, Alex",brega001,4,2,1B+2B+3B,1B+2B+3B,1,field_out,6,5,1
2025-08-31,BOS202508310,BOS,"Duran, Jarren",duraj001,4,0,empty,empty,1,walk,7,5,2
2025-08-31,BOS202508310,BOS,"Story, Trevor",stort001,4,0,1B,1B,1,strikeout_double_play,7,5,2
2025-08-31,BOS202508310,BOS,"Lowe, Nathaniel",lowen001,4,2,empty,empty,1,single,7,5,2
2025-08-31,BOS202508310,BOS,"Yoshida, Masataka",yoshm002,4,2,1B,1B,1,field_out,7,5,2
2025-08-31,BOS202508310,BOS,"Gonzalez, Romy",gonzr003,4,0,empty,empty,1,strikeout,8,5,2
2025-08-31,BOS202508310,BOS,"Rafaela, Ceddanne",rafac001,4,1,empty,empty,1,field_out,8,5,2
2025-08-31,BOS202508310,BOS,"Narvaez, Carlos",narvc002,4,2,empty,empty,1,field_out,8,5,2
2025-09-01,BOS202509010,BOS,"Anthony, Roman",anthr001,1,0,empty,empty,1,single,1,0,0
2025-09-01,BOS202509010,BOS,"Bregman, Alex",brega001,1,0,1B,1B,1,double,1,0,0
2025-09-01,BOS202509010,BOS,"Story, Trevor",stort001,1,0,2B+3B,3B,0,field_out,1,1,0
2025-09-01,BOS202509010,BOS,"Gonzalez, Romy",gonzr003,1,1,3B,3B,1,single,1,1,0
2025-09-01,BOS202509010,BOS,"Refsnyder, Rob",refsr001,1,1,1B,1B,1,strikeout,1,2,0
2025-09-01,BOS202509010,BOS,"Eaton, Nate",eaton001,1,2,1B,1B,1,single,1,2,0
2025-09-01,BOS202509010,BOS,"Rafaela, Ceddanne",rafac001,1,2,1B+2B,1B+2B,1,field_out,1,2,0
2025-09-01,BOS202509010,BOS,"Lowe, Nathaniel",lowen001,1,0,empty,empty,1,field_out,2,2,3
2025-09-01,BOS202509010,BOS,"Wong, Connor",wongc001,1,1,empty,empty,1,walk,2,2,3
2025-09-01,BOS202509010,BOS,"Anthony, Roman",anthr001,2,1,1B,1B,1,single,2,2,3
2025-09-01,BOS202509010,BOS,"Bregman, Alex",brega001,2,1,1B+2B,1B+2B,1,field_out,2,2,3
2025-09-01,BOS202509010,BOS,"Story, Trevor",stort001,2,2,1B+3B,1B+3B,1,single,2,2,3
2025-09-01,BOS202509010,BOS,"Gonzalez, Romy",gonzr003,2,2,1B+2B,1B+2B,1,single,2,3,3
2025-09-01,BOS202509010,BOS,"Refsnyder, Rob",refsr001,2,2,1B+2B+3B,1B+2B+3B,1,field_out,2,3,3
2025-09-01,BOS202509010,BOS,"Eaton, Nate",eaton001,2,0,empty,empty,1,single,3,3,3
2025-09-01,BOS202509010,BOS,"Rafaela, Ceddanne",rafac001,2,0,1B,1B,1,strikeout,3,3,3
2025-09-01,BOS202509010,BOS,"Lowe, Nathaniel",lowen001,2,1,1B,1B,1,grounded_into_double_play,3,3,3
2025-09-01,BOS202509010,BOS,"Wong, Connor",wongc001,2,0,empty,empty,1,single,4,3,3
2025-09-01,BOS202509010,BOS,"Anthony, Roman",anthr001,3,0,1B,1B,1,field_out,4,3,3
2025-09-01,BOS202509010,BOS,"Bregman, Alex",brega001,3,1,1B,1B,1,field_out,4,3,3
2025-09-01,BOS202509010,BOS,"Story, Trevor",stort001,3,2,1B,1B,1,walk,4,3,3
2025-09-01,BOS202509010,BOS,"Gonzalez, Romy",gonzr003,3,2,1B+2B,1B+2B,1,strikeout,4,3,3
2025-09-01,BOS202509010,BOS,"Refsnyder, Rob",refsr001,3,0,empty,empty,1,double,5,3,3
2025-09-01,BOS202509010,BOS,"Eaton, Nate",eaton001,3,0,2B,2B,1,walk,5,3,3
2025-09-01,BOS202509010,BOS,"Rafaela, Ceddanne",rafac001,3,0,1B+2B,1B+2B,1,hit_by_pitch,5,3,3
2025-09-01,BOS202509010,BOS,"Narvaez, Carlos",narvc002,1,0,1B+2B+3B,1B+2B+3B,1,single,5,3,3
2025-09-01,BOS202509010,BOS,"Wong, Connor",wongc001,3,0,1B+3B,2B+3B,0,walk,5,5,3
2025-09-01,BOS202509010,BOS,"Anthony, Roman",anthr001,4,0,1B+2B+3B,1B+2B+3B,1,strikeout,5,5,3
2025-09-01,BOS202509010,BOS,"Bregman, Alex",brega001,4,1,1B+2B+3B,1B+2B+3B,1,grounded_into_double_play,5,5,3
2025-09-01,BOS202509010,BOS,"Story, Trevor",stort001,4,0,empty,empty,1,home_run,6,5,3
2025-09-01,BOS202509010,BOS,"Gonzalez, Romy",gonzr003,4,0,empty,empty,1,field_out,6,6,3
2025-09-01,BOS202509010,BOS,"Refsnyder, Rob",refsr001,4,1,empty,empty,1,strikeout,6,6,3
2025-09-01,BOS202509010,BOS,"Eaton, Nate",eaton001,4,2,empty,empty,1,field_out,6,6,3
2025-09-01,BOS202509010,BOS,"Rafaela, Ceddanne",rafac001,4,0,empty,empty,1,field_out,7,6,3
2025-09-01,BOS202509010,BOS,"Hamilton, David",hamid002,1,1,empty,empty,1,walk,7,6,3
2025-09-01,BOS202509010,BOS,"Wong, Connor",wongc001,4,1,1B,3B,0,strikeout,7,6,3
2025-09-01,BOS202509010,BOS,"Anthony, Roman",anthr001,5,2,3B,3B,1,field_out,7,6,3
2025-09-01,BOS202509010,BOS,"Bregman, Alex",brega001,5,0,empty,empty,1,field_out,8,6,4
2025-09-01,BOS202509010,BOS,"Story, Trevor",stort001,5,1,empty,empty,1,single,8,6,4
2025-09-01,BOS202509010,BOS,"Gonzalez, Romy",gonzr003,5,1,1B,1B,1,field_out,8,6,4
2025-09-01,BOS202509010,BOS,"Refsnyder, Rob",refsr001,5,2,1B,1B,1,single,8,6,4
2025-09-01,BOS202509010,BOS,"Duran, Jarren",duraj001,1,2,1B+2B,1B+2B,1,field_out,8,6,4
2025-09-02,BOS202509020,BOS,"Anthony, Roman",anthr001,1,0,empty,empty,1,field_out,1,0,0
2025-09-02,BOS202509020,BOS,"Bregman, Alex",brega001,1,1,empty,empty,1,field_out,1,0,0
2025-09-02,BOS202509020,BOS,"Duran, Jarren",duraj001,1,2,empty,empty,1,strikeout,1,0,0
2025-09-02,BOS202509020,BOS,"Story, Trevor",stort001,1,0,empty,empty,1,strikeout,2,0,1
2025-09-02,BOS202509020,BOS,"Lowe, Nathaniel",lowen001,1,1,empty,empty,1,double,2,0,1
2025-09-02,BOS202509020,BOS,"Gonzalez, Romy",gonzr003,1,1,2B,2B,1,single,2,0,1
2025-09-02,BOS202509020,BOS,"Yoshida, Masataka",yoshm002,1,1,1B,1B,1,double,2,1,1
2025-09-02,BOS202509020,BOS,"Rafaela, Ceddanne",rafac001,1,1,2B+3B,2B+3B,1,single,2,1,1
2025-09-02,BOS202509020,BOS,"Narvaez, Carlos",narvc002,1,1,1B,1B,1,single,2,3,1
2025-09-02,BOS202509020,BOS,"Anthony, Roman",anthr001,2,1,1B+2B,1B+2B,1,single,2,3,1
2025-09-02,BOS202509020,BOS,"Bregman, Alex",brega001,2,2,1B+2B,1B,0,field_out,2,4,1
2025-09-02,BOS202509020,BOS,"Duran, Jarren",duraj001,2,0,empty,empty,1,strikeout,3,4,1
2025-09-02,BOS202509020,BOS,"Story, Trevor",stort001,2,1,empty,empty,1,strikeout,3,4,1
2025-09-02,BOS202509020,BOS,"Lowe, Nathaniel",lowen001,2,2,empty,empty,1,home_run,3,4,1
2025-09-02,BOS202509020,BOS,"Gonzalez, Romy",gonzr003,2,2,empty,empty,1,single,3,5,1
2025-09-02,BOS202509020,BOS,"Yoshida, Masataka",yoshm002,2,2,1B,1B,1,strikeout,3,5,1
2025-09-02,BOS202509020,BOS,"Rafaela, Ceddanne",rafac001,2,0,empty,empty,1,strikeout,4,5,1
2025-09-02,BOS202509020,BOS,"Narvaez, Carlos",narvc002,2,1,empty,empty,1,double,4,5,1
2025-09-02,BOS202509020,BOS,"Anthony, Roman",anthr001,3,1,2B,2B,1,strikeout,4,5,1
2025-09-02,BOS202509020,BOS,"Bregman, Alex",brega001,3,2,2B,2B,1,field_out,4,5,1
2025-09-02,BOS202509020,BOS,"Duran, Jarren",duraj001,3,0,empty,empty,1,field_out,5,5,1
2025-09-02,BOS202509020,BOS,"Story, Trevor",stort001,3,1,empty,empty,1,field_out,5,5,1
2025-09-02,BOS202509020,BOS,"Lowe, Nathaniel",lowen001,3,2,empty,empty,1,strikeout,5,5,1
2025-09-02,BOS202509020,BOS,"Gonzalez, Romy",gonzr003,3,0,empty,empty,1,field_out,6,5,7
2025-09-02,BOS202509020,BOS,"Yoshida, Masataka",yoshm002,3,1,empty,empty,1,double,6,5,7
2025-09-02,BOS202509020,BOS,"Rafaela, Ceddanne",rafac001,3,1,2B,2B,1,home_run,6,5,7
2025-09-02,BOS202509020,BOS,"Narvaez, Carlos",narvc002,3,1,empty,empty,1,strikeout,6,7,7
2025-09-02,BOS202509020,BOS,"Eaton, Nate",eaton001,1,2,empty,empty,1,single,6,7,7
2025-09-02,BOS202509020,BOS,"Bregman, Alex",brega001,4,2,1B,1B,1,field_out,6,7,7
2025-09-02,BOS202509020,BOS,"Duran, Jarren",duraj001,4,0,empty,empty,1,strikeout,7,7,7
2025-09-02,BOS202509020,BOS,"Story, Trevor",stort001,4,1,empty,empty,1,single,7,7,7
2025-09-02,BOS202509020,BOS,"Refsnyder, Rob",refsr001,1,1,1B,2B,0,field_out,7,7,7
2025-09-02,BOS202509020,BOS,"Gonzalez, Romy",gonzr003,4,2,3B,3B,1,strikeout,7,7,7
2025-09-02,BOS202509020,BOS,"Yoshida, Masataka",yoshm002,4,0,empty,empty,1,single,8,7,7
2025-09-02,BOS202509020,BOS,"Rafaela, Ceddanne",rafac001,4,0,1B,1B,1,field_out,8,7,7
2025-09-02,BOS202509020,BOS,"Narvaez, Carlos",narvc002,4,1,1B,1B,1,field_out,8,7,7
2025-09-02,BOS202509020,BOS,"Eaton, Nate",eaton001,2,2,1B,1B,1,single,8,7,7
2025-09-02,BOS202509020,BOS,"Bregman, Alex",brega001,5,2,1B+3B,1B+3B,1,single,8,7,7
2025-09-02,BOS202509020,BOS,"Duran, Jarren",duraj001,5,2,1B+2B,1B+2B,1,double,8,8,7
2025-09-02,BOS202509020,BOS,"Story, Trevor",stort001,5,2,2B+3B,2B+3B,1,double,8,9,7
2025-09-02,BOS202509020,BOS,"Refsnyder, Rob",refsr001,2,2,2B,2B,1,field_out,8,11,7
2025-09-03,BOS202509030,BOS,"Eaton, Nate",eaton001,1,0,empty,empty,1,field_out,1,0,1
2025-09-03,BOS202509030,BOS,"Bregman, Alex",brega001,1,1,empty,empty,1,field_out,1,0,1
2025-09-03,BOS202509030,BOS,"Story, Trevor",stort001,1,2,empty,empty,1,strikeout,1,0,1
2025-09-03,BOS202509030,BOS,"Gonzalez, Romy",gonzr003,1,0,empty,empty,1,single,2,0,7
2025-09-03,BOS202509030,BOS,"Refsnyder, Rob",refsr001,1,0,1B,1B,1,walk,2,0,7
2025-09-03,BOS202509030,BOS,"Duran, Jarren",duraj001,1,0,1B+2B,1B+2B,1,field_out,2,0,7
2025-09-03,BOS202509030,BOS,"Rafaela, Ceddanne",rafac001,1,1,1B+2B,1B+2B,1,field_out,2,0,7
2025-09-03,BOS202509030,BOS,"Sogard, Nick",sogan001,1,2,1B+3B,1B+3B,1,strikeout,2,0,7
2025-09-03,BOS202509030,BOS,"Wong, Connor",wongc001,1,0,empty,empty,1,strikeout,3,0,7
2025-09-03,BOS202509030,BOS,"Eaton, Nate",eaton001,2,1,empty,empty,1,single,3,0,7
2025-09-03,BOS202509030,BOS,"Bregman, Alex",brega001,2,1,1B,1B,1,strikeout,3,0,7
2025-09-03,BOS202509030,BOS,"Story, Trevor",stort001,2,2,1B,1B,1,field_out,3,0,7
2025-09-03,BOS202509030,BOS,"Gonzalez, Romy",gonzr003,2,0,empty,empty,1,field_out,4,0,7
2025-09-03,BOS202509030,BOS,"Refsnyder, Rob",refsr001,2,1,empty,empty,1,single,4,0,7
2025-09-03,BOS202509030,BOS,"Duran, Jarren",duraj001,2,1,1B,1B,1,single,4,0,7
2025-09-03,BOS202509030,BOS,"Rafaela, Ceddanne",rafac001,2,1,1B+2B,1B+2B,1,field_out,4,0,7
2025-09-03,BOS202509030,BOS,"Sogard, Nick",sogan001,2,2,1B+2B,1B+2B,1,single,4,0,7
2025-09-03,BOS202509030,BOS,"Wong, Connor",wongc001,2,2,1B+3B,1B+3B,1,strikeout,4,1,7
2025-09-03,BOS202509030,BOS,"Eaton, Nate",eaton001,3,0,empty,empty,1,strikeout,5,1,7
2025-09-03,BOS202509030,BOS,"Bregman, Alex",brega001,3,1,empty,empty,1,field_out,5,1,7
2025-09-03,BOS202509030,BOS,"Story, Trevor",stort001,3,2,empty,empty,1,strikeout,5,1,7
2025-09-03,BOS202509030,BOS,"Gonzalez, Romy",gonzr003,3,0,empty,empty,1,field_out,6,1,7
2025-09-03,BOS202509030,BOS,"Refsnyder, Rob",refsr001,3,1,empty,empty,1,field_out,6,1,7
2025-09-03,BOS202509030,BOS,"Duran, Jarren",duraj001,3,2,empty,empty,1,walk,6,1,7
2025-09-03,BOS202509030,BOS,"Rafaela, Ceddanne",rafac001,3,2,1B,1B,1,field_out,6,1,7
2025-09-03,BOS202509030,BOS,"Sogard, Nick",sogan001,3,0,empty,empty,1,field_out,7,1,7
2025-09-03,BOS202509030,BOS,"Wong, Connor",wongc001,3,1,empty,empty,1,double,7,1,7
2025-09-03,BOS202509030,BOS,"Lowe, Nathaniel",lowen001,1,1,2B,2B,1,strikeout,7,1,7
2025-09-03,BOS202509030,BOS,"Bregman, Alex",brega001,4,2,2B,2B,1,field_out,7,1,7
2025-09-03,BOS202509030,BOS,"Hamilton, David",hamid002,1,0,empty,empty,1,field_out,8,1,8
2025-09-03,BOS202509030,BOS,"Gonzalez, Romy",gonzr003,4,1,empty,empty,1,single,8,1,8
2025-09-03,BOS202509030,BOS,"Refsnyder, Rob",refsr001,4,1,1B,1B,1,strikeout,8,1,8
2025-09-03,BOS202509030,BOS,"Duran, Jarren",duraj001,4,2,1B,1B,1,field_out,8,1,8
2025-09-03,BOS202509030,BOS,"Rafaela, Ceddanne",rafac001,4,0,empty,empty,1,field_out,9,1,8
2025-09-03,BOS202509030,BOS,"Sogard, Nick",sogan001,4,1,empty,empty,1,field_out,9,1,8
2025-09-03,BOS202509030,BOS,"Sanchez, Ali",sanca009,1,2,empty,empty,1,strikeout,9,1,8
2025-09-05,ARI202509050,BOS,"Duran, Jarren",duraj001,1,0,empty,empty,1,field_out,1,0,0
2025-09-05,ARI202509050,BOS,"Bregman, Alex",brega001,1,1,empty,empty,1,field_out,1,0,0
2025-09-05,ARI202509050,BOS,"Story, Trevor",stort001,1,2,empty,empty,1,field_out,1,0,0
2025-09-05,ARI202509050,BOS,"Gonzalez, Romy",gonzr003,1,0,empty,empty,1,single,2,0,1
2025-09-05,ARI202509050,BOS,"Refsnyder, Rob",refsr001,1,0,1B,1B,1,strikeout,2,0,1
2025-09-05,ARI202509050,BOS,"Lowe, Nathaniel",lowen001,1,1,1B,1B,1,triple,2,0,1
2025-09-05,ARI202509050,BOS,"Eaton, Nate",eaton001,1,1,3B,3B,1,field_out,2,1,1
2025-09-05,ARI202509050,BOS,"Rafaela, Ceddanne",rafac001,1,2,3B,3B,1,strikeout,2,1,1
2025-09-05,ARI202509050,BOS,"Narvaez, Carlos",narvc002,1,0,empty,empty,1,walk,3,1,2
2025-09-05,ARI202509050,BOS,"Duran, Jarren",duraj001,2,0,1B,1B,1,field_out,3,1,2
2025-09-05,ARI202509050,BOS,"Bregman, Alex",brega001,2,1,1B,1B,1,single,3,1,2
2025-09-05,ARI202509050,BOS,"Story, Trevor",stort001,2,1,1B+2B,1B+2B,1,strikeout,3,1,2
2025-09-05,ARI202509050,BOS,"Gonzalez, Romy",gonzr003,2,2,1B+2B,1B+2B,1,single,3,1,2
2025-09-05,ARI202509050,BOS,"Refsnyder, Rob",refsr001,2,0,empty,empty,1,field_out,4,1,5
2025-09-05,ARI202509050,BOS,"Lowe, Nathaniel",lowen001,2,1,empty,empty,1,walk,4,1,5
2025-09-05,ARI202509050,BOS,"Eaton, Nate",eaton001,2,1,1B,1B,1,field_out,4,1,5
2025-09-05,ARI202509050,BOS,"Rafaela, Ceddanne",rafac001,2,2,1B,1B,1,field_out,4,1,5
2025-09-05,ARI202509050,BOS,"Narvaez, Carlos",narvc002,2,0,empty,empty,1,field_out,5,1,5
2025-09-05,ARI202509050,BOS,"Duran, Jarren",duraj001,3,1,empty,empty,1,strikeout,5,1,5
2025-09-05,ARI202509050,BOS,"Bregman, Alex",brega001,3,2,empty,empty,1,field_out,5,1,5
2025-09-05,ARI202509050,BOS,"Story, Trevor",stort001,3,0,empty,empty,1,field_out,6,1,6
2025-09-05,ARI202509050,BOS,"Gonzalez, Romy",gonzr003,3,1,empty,empty,1,field_out,6,1,6
2025-09-05,ARI202509050,BOS,"Refsnyder, Rob",refsr001,3,2,empty,empty,1,field_out,6,1,6
2025-09-05,ARI202509050,BOS,"Lowe, Nathaniel",lowen001,3,0,empty,empty,1,strikeout,7,1,6
2025-09-05,ARI202509050,BOS,"Eaton, Nate",eaton001,3,1,empty,empty,1,strikeout,7,1,6
2025-09-05,ARI202509050,BOS,"Rafaela, Ceddanne",rafac001,3,2,empty,empty,1,field_out,7,1,6
2025-09-05,ARI202509050,BOS,"Narvaez, Carlos",narvc002,3,0,empty,empty,1,double,8,1,6
2025-09-05,ARI202509050,BOS,"Duran, Jarren",duraj001,4,0,2B,2B,1,walk,8,1,6
2025-09-05,ARI202509050,BOS,"Bregman, Alex",brega001,4,0,1B+2B,1B+2B,1,double,8,1,6
2025-09-05,ARI202509050,BOS,"Story, Trevor",stort001,4,0,2B,2B,1,single,8,3,6
2025-09-05,ARI202509050,BOS,"Gonzalez, Romy",gonzr003,4,0,1B+3B,2B+3B,0,sac_fly,8,3,6
2025-09-05,ARI202509050,BOS,"Refsnyder, Rob",refsr001,4,1,3B,3B,1,double,8,4,6
2025-09-05,ARI202509050,BOS,"Lowe, Nathaniel",lowen001,4,1,2B,2B,1,field_out,8,5,6
2025-09-05,ARI202509050,BOS,"Eaton, Nate",eaton001,4,2,2B,2B,1,strikeout,8,5,6
2025-09-05,ARI202509050,BOS,"Rafaela, Ceddanne",rafac001,4,0,empty,empty,1,field_out,9,5,10
2025-09-05,ARI202509050,BOS,"Narvaez, Carlos",narvc002,4,1,empty,empty,1,strikeout,9,5,10
2025-09-05,ARI202509050,BOS,"Duran, Jarren",duraj001,5,2,empty,empty,1,field_out,9,5,10
2025-09-06,ARI202509060,BOS,"Yoshida, Masataka",yoshm002,1,0,empty,empty,1,field_out,1,0,0
2025-09-06,ARI202509060,BOS,"Bregman, Alex",brega001,1,1,empty,empty,1,field_out,1,0,0
2025-09-06,ARI202509060,BOS,"Duran, Jarren",duraj001,1,2,empty,empty,1,field_out,1,0,0
2025-09-06,ARI202509060,BOS,"Story, Trevor",stort001,1,0,empty,empty,1,field_out,2,0,0
2025-09-06,ARI202509060,BOS,"Lowe, Nathaniel",lowen001,1,1,empty,empty,1,strikeout,2,0,0
2025-09-06,ARI202509060,BOS,"Gonzalez, Romy",gonzr003,1,2,empty,empty,1,field_out,2,0,0
2025-09-06,ARI202509060,BOS,"Narvaez, Carlos",narvc002,1,0,empty,empty,1,field_out,3,0,3
2025-09-06,ARI202509060,BOS,"Rafaela, Ceddanne",rafac001,1,1,empty,empty,1,field_out,3,0,3
2025-09-06,ARI202509060,BOS,"Eaton, Nate",eaton001,1,2,empty,empty,1,double,3,0,3
2025-09-06,ARI202509060,BOS,"Yoshida, Masataka",yoshm002,2,2,2B,2B,1,single,3,0,3
2025-09-06,ARI202509060,BOS,"Bregman, Alex",brega001,2,2,1B,1B,1,field_out,3,1,3
2025-09-06,ARI202509060,BOS,"Duran, Jarren",duraj001,2,0,empty,empty,1,strikeout,4,1,3
2025-09-06,ARI202509060,BOS,"Story, Trevor",stort001,2,1,empty,empty,1,single,4,1,3
2025-09-06,ARI202509060,BOS,"Lowe, Nathaniel",lowen001,2,1,1B,1B,1,strikeout,4,1,3
2025-09-06,ARI202509060,BOS,"Gonzalez, Romy",gonzr003,2,2,1B,1B,1,single,4,1,3
2025-09-06,ARI202509060,BOS,"Narvaez, Carlos",narvc002,2,2,1B+3B,1B+3B,1,strikeout,4,1,3
2025-09-06,ARI202509060,BOS,"Rafaela, Ceddanne",rafac001,2,0,empty,empty,1,strikeout,5,1,4
2025-09-06,ARI202509060,BOS,"Eaton, Nate",eaton001,2,1,empty,empty,1,strikeout,5,1,4
2025-09-06,ARI202509060,BOS,"Yoshida, Masataka",yoshm002,3,2,empty,empty,1,field_out,5,1,4
2025-09-06,ARI202509060,BOS,"Bregman, Alex",brega001,3,0,empty,empty,1,field_out,6,1,4
2025-09-06,ARI202509060,BOS,"Duran, Jarren",duraj001,3,1,empty,empty,1,single,6,1,4
2025-09-06,ARI202509060,BOS,"Story, Trevor",stort001,3,1,1B,1B,1,field_out,6,1,4
2025-09-06,ARI202509060,BOS,"Lowe, Nathaniel",lowen001,3,2,1B,1B,1,single,6,1,4
2025-09-06,ARI202509060,BOS,"Gonzalez, Romy",gonzr003,3,2,1B+3B,1B+3B,1,strikeout,6,1,4
2025-09-06,ARI202509060,BOS,"Narvaez, Carlos",narvc002,3,0,empty,empty,1,strikeout,7,1,4
2025-09-06,ARI202509060,BOS,"Rafaela, Ceddanne",rafac001,3,1,empty,empty,1,field_out,7,1,4
2025-09-06,ARI202509060,BOS,"Eaton, Nate",eaton001,3,2,empty,empty,1,field_out,7,1,4
2025-09-06,ARI202509060,BOS,"Yoshida, Masataka",yoshm002,4,0,empty,empty,1,field_out,8,1,5
2025-09-06,ARI202509060,BOS,"Bregman, Alex",brega001,4,1,empty,empty,1,field_out,8,1,5
2025-09-06,ARI202509060,BOS,"Duran, Jarren",duraj001,4,2,empty,empty,1,single,8,1,5
2025-09-06,ARI202509060,BOS,"Story, Trevor",stort001,4,2,1B,1B,1,field_out,8,1,5
2025-09-06,ARI202509060,BOS,"Lowe, Nathaniel",lowen001,4,0,empty,empty,1,field_out,9,1,5
2025-09-06,ARI202509060,BOS,"Gonzalez, Romy",gonzr003,4,1,empty,empty,1,strikeout,9,1,5
2025-09-06,ARI202509060,BOS,"Narvaez, Carlos",narvc002,4,2,empty,empty,1,field_out,9,1,5
2025-09-07,ARI202509070,BOS,"Yoshida, Masataka",yoshm002,1,0,empty,empty,1,field_out,1,0,0
2025-09-07,ARI202509070,BOS,"Bregman, Alex",brega001,1,1,empty,empty,1,field_out,1,0,0
2025-09-07,ARI202509070,BOS,"Duran, Jarren",duraj001,1,2,empty,empty,1,field_out,1,0,0
2025-09-07,ARI202509070,BOS,"Story, Trevor",stort001,1,0,empty,empty,1,double,2,0,0
2025-09-07,ARI202509070,BOS,"Lowe, Nathaniel",lowen001,1,0,2B,2B,1,field_out,2,0,0
2025-09-07,ARI202509070,BOS,"Refsnyder, Rob",refsr001,1,1,2B,2B,1,walk,2,0,0
2025-09-07,ARI202509070,BOS,"Hamilton, David",hamid002,1,1,1B+2B,1B+2B,1,grounded_into_double_play,2,0,0
2025-09-07,ARI202509070,BOS,"Rafaela, Ceddanne",rafac001,1,0,empty,empty,1,single,3,0,1
2025-09-07,ARI202509070,BOS,"Wong, Connor",wongc001,1,0,1B,1B,1,grounded_into_double_play,3,0,1
2025-09-07,ARI202509070,BOS,"Yoshida, Masataka",yoshm002,2,2,empty,empty,1,field_out,3,0,1
2025-09-07,ARI202509070,BOS,"Bregman, Alex",brega001,2,0,empty,empty,1,walk,4,0,1
2025-09-07,ARI202509070,BOS,"Duran, Jarren",duraj001,2,0,1B,1B,1,field_out,4,0,1
2025-09-07,ARI202509070,BOS,"Story, Trevor",stort001,2,1,2B,2B,1,single,4,0,1
2025-09-07,ARI202509070,BOS,"Lowe, Nathaniel",lowen001,2,1,1B,1B,1,walk,4,1,1
2025-09-07,ARI202509070,BOS,"Refsnyder, Rob",refsr001,2,1,1B+2B,1B+2B,1,grounded_into_double_play,4,1,1
2025-09-07,ARI202509070,BOS,"Hamilton, David",hamid002,2,0,empty,empty,1,strikeout,5,1,2
2025-09-07,ARI202509070,BOS,"Rafaela, Ceddanne",rafac001,2,1,empty,empty,1,strikeout,5,1,2
2025-09-07,ARI202509070,BOS,"Wong, Connor",wongc001,2,2,empty,empty,1,field_out,5,1,2
2025-09-07,ARI202509070,BOS,"Yoshida, Masataka",yoshm002,3,0,empty,empty,1,field_out,6,1,2
2025-09-07,ARI202509070,BOS,"Bregman, Alex",brega001,3,1,empty,empty,1,strikeout,6,1,2
2025-09-07,ARI202509070,BOS,"Duran, Jarren",duraj001,3,2,empty,empty,1,field_out,6,1,2
2025-09-07,ARI202509070,BOS,"Story, Trevor",stort001,3,0,empty,empty,1,hit_by_pitch,7,1,3
2025-09-07,ARI202509070,BOS,"Lowe, Nathaniel",lowen001,3,0,1B,2B,0,single,7,1,3
2025-09-07,ARI202509070,BOS,"Gonzalez, Romy",gonzr003,1,0,1B+2B,1B+2B,1,field_out,7,1,3
2025-09-07,ARI202509070,BOS,"Hamilton, David",hamid002,3,1,2B+3B,2B+3B,1,single,7,1,3
2025-09-07,ARI202509070,BOS,"Rafaela, Ceddanne",rafac001,3,1,1B+3B,1B+3B,1,field_out,7,2,3
2025-09-07,ARI202509070,BOS,"Wong, Connor",wongc001,3,2,1B+3B,2B+3B,0,field_error,7,2,3
2025-09-07,ARI202509070,BOS,"Yoshida, Masataka",yoshm002,4,2,2B,2B,1,field_out,7,4,3
2025-09-07,ARI202509070,BOS,"Bregman, Alex",brega001,4,0,empty,empty,1,strikeout,8,4,4
2025-09-07,ARI202509070,BOS,"Duran, Jarren",duraj001,4,1,empty,empty,1,field_out,8,4,4
2025-09-07,ARI202509070,BOS,"Story, Trevor",stort001,4,2,empty,empty,1,strikeout,8,4,4
2025-09-07,ARI202509070,BOS,"Lowe, Nathaniel",lowen001,4,0,empty,empty,1,field_out,9,4,4
2025-09-07,ARI202509070,BOS,"Gonzalez, Romy",gonzr003,2,1,empty,empty,1,single,9,4,4
2025-09-07,ARI202509070,BOS,"Eaton, Nate",eaton001,1,1,1B,1B,1,walk,9,4,4
2025-09-07,ARI202509070,BOS,"Rafaela, Ceddanne",rafac001,4,1,1B+2B,1B+2B,1,field_out,9,4,4
2025-09-07,ARI202509070,BOS,"Sogard, Nick",sogan001,1,2,1B+2B,1B+2B,1,double,9,4,4
2025-09-07,ARI202509070,BOS,"Narvaez, Carlos",narvc002,1,2,2B,2B,1,single,9,6,4
2025-09-07,ARI202509070,BOS,"Bregman, Alex",brega001,5,2,1B,1B,1,field_error,9,7,4
2025-09-07,ARI202509070,BOS,"Duran, Jarren",duraj001,5,2,1B+2B,1B+2B,1,strikeout,9,7,4
2025-09-08,ATH202509080,BOS,"Duran, Jarren",duraj001,1,0,empty,empty,1,strikeout,1,0,0
2025-09-08,ATH202509080,BOS,"Bregman, Alex",brega001,1,1,empty,empty,1,field_out,1,0,0
2025-09-08,ATH202509080,BOS,"Story, Trevor",stort001,1,2,empty,empty,1,home_run,1,0,0
2025-09-08,ATH202509080,BOS,"Lowe, Nathaniel",lowen001,1,2,empty,empty,1,field_out,1,1,0
2025-09-08,ATH202509080,BOS,"Gonzalez, Romy",gonzr003,1,0,empty,empty,1,field_out,2,1,0
2025-09-08,ATH202509080,BOS,"Yoshida, Masataka",yoshm002,1,1,empty,empty,1,single,2,1,0
2025-09-08,ATH202509080,BOS,"Rafaela, Ceddanne",rafac001,1,1,1B,1B,1,walk,2,1,0
2025-09-08,ATH202509080,BOS,"Sogard, Nick",sogan001,1,1,1B+2B,1B+2B,1,single,2,1,0
2025-09-08,ATH202509080,BOS,"Narvaez, Carlos",narvc002,1,1,1B+2B,1B+2B,1,strikeout,2,2,0
2025-09-08,ATH202509080,BOS,"Duran, Jarren",duraj001,2,2,1B+2B,1B+2B,1,single,2,2,0
2025-09-08,ATH202509080,BOS,"Bregman, Alex",brega001,2,0,empty,empty,1,field_out,3,3,0
2025-09-08,ATH202509080,BOS,"Story, Trevor",stort001,2,1,empty,empty,1,field_out,3,3,0
2025-09-08,ATH202509080,BOS,"Lowe, Nathaniel",lowen001,2,2,empty,empty,1,field_out,3,3,0
2025-09-08,ATH202509080,BOS,"Gonzalez, Romy",gonzr003,2,0,empty,empty,1,field_out,4,3,0
2025-09-08,ATH202509080,BOS,"Yoshida, Masataka",yoshm002,2,1,empty,empty,1,field_out,4,3,0
2025-09-08,ATH202509080,BOS,"Rafaela, Ceddanne",rafac001,2,2,empty,empty,1,field_out,4,3,0
2025-09-08,ATH202509080,BOS,"Sogard, Nick",sogan001,2,0,empty,empty,1,field_out,5,3,0
2025-09-08,ATH202509080,BOS,"Narvaez, Carlos",narvc002,2,1,empty,empty,1,home_run,5,3,0
2025-09-08,ATH202509080,BOS,"Duran, Jarren",duraj001,3,1,empty,empty,1,double,5,4,0
2025-09-08,ATH202509080,BOS,"Bregman, Alex",brega001,3,1,2B,3B,0,single,5,4,0
2025-09-08,ATH202509080,BOS,"Story, Trevor",stort001,3,1,1B,1B,1,field_out,5,5,0
2025-09-08,ATH202509080,BOS,"Lowe, Nathaniel",lowen001,3,2,1B,1B,1,strikeout,5,5,0
2025-09-08,ATH202509080,BOS,"Gonzalez, Romy",gonzr003,3,0,empty,empty,1,field_out,6,5,0
2025-09-08,ATH202509080,BOS,"Yoshida, Masataka",yoshm002,3,1,empty,empty,1,strikeout,6,5,0
2025-09-08,ATH202509080,BOS,"Rafaela, Ceddanne",rafac001,3,2,empty,empty,1,strikeout,6,5,0
2025-09-08,ATH202509080,BOS,"Sogard, Nick",sogan001,3,0,empty,empty,1,strikeout,7,5,0
2025-09-08,ATH202509080,BOS,"Narvaez, Carlos",narvc002,3,1,empty,empty,1,single,7,5,0
2025-09-08,ATH202509080,BOS,"Duran, Jarren",duraj001,4,1,1B,1B,1,grounded_into_double_play,7,5,0
2025-09-08,ATH202509080,BOS,"Bregman, Alex",brega001,4,0,empty,empty,1,single,8,5,0
2025-09-08,ATH202509080,BOS,"Story, Trevor",stort001,4,0,1B,1B,1,double,8,5,0
2025-09-08,ATH202509080,BOS,"Lowe, Nathaniel",lowen001,4,0,2B+3B,2B+3B,1,strikeout,8,5,0
2025-09-08,ATH202509080,BOS,"Gonzalez, Romy",gonzr003,4,1,2B+3B,2B+3B,1,single,8,5,0
2025-09-08,ATH202509080,BOS,"Yoshida, Masataka",yoshm002,4,1,1B+3B,1B+3B,1,single,8,6,0
2025-09-08,ATH202509080,BOS,"Rafaela, Ceddanne",rafac001,4,1,1B+2B,1B+2B,1,field_out,8,7,0
2025-09-08,ATH202509080,BOS,"Sogard, Nick",sogan001,4,2,1B+2B,1B+2B,1,field_out,8,7,0
2025-09-08,ATH202509080,BOS,"Narvaez, Carlos",narvc002,4,0,empty,empty,1,field_out,9,7,0
2025-09-08,ATH202509080,BOS,"Duran, Jarren",duraj001,5,1,empty,empty,1,strikeout,9,7,0
2025-09-08,ATH202509080,BOS,"Bregman, Alex",brega001,5,2,empty,empty,1,field_out,9,7,0
2025-09-09,ATH202509090,BOS,"Gonzalez, Romy",gonzr003,1,0,empty,empty,1,home_run,1,0,0
2025-09-09,ATH202509090,BOS,"Bregman, Alex",brega001,1,0,empty,empty,1,single,1,1,0
2025-09-09,ATH202509090,BOS,"Story, Trevor",stort001,1,0,1B,1B,1,single,1,1,0
2025-09-09,ATH202509090,BOS,"Refsnyder, Rob",refsr001,1,0,1B+3B,2B+3B,0,home_run,1,1,0
2025-09-09,ATH202509090,BOS,"Duran, Jarren",duraj001,1,0,empty,empty,1,strikeout,1,4,0
2025-09-09,ATH202509090,BOS,"Narvaez, Carlos",narvc002,1,1,empty,empty,1,field_out,1,4,0
2025-09-09,ATH202509090,BOS,"Eaton, Nate",eaton001,1,2,empty,empty,1,field_out,1,4,0
2025-09-09,ATH202509090,BOS,"Sogard, Nick",sogan001,1,0,empty,empty,1,double,2,4,0
2025-09-09,ATH202509090,BOS,"Rafaela, Ceddanne",rafac001,1,0,2B,2B,1,strikeout,2,4,0
2025-09-09,ATH202509090,BOS,"Gonzalez, Romy",gonzr003,2,1,2B,2B,1,double,2,4,0
2025-09-09,ATH202509090,BOS,"Bregman, Alex",brega001,2,1,2B,2B,1,field_out,2,5,0
2025-09-09,ATH202509090,BOS,"Story, Trevor",stort001,2,2,2B,2B,1,field_out,2,5,0
2025-09-09,ATH202509090,BOS,"Refsnyder, Rob",refsr001,2,0,empty,empty,1,strikeout,3,5,0
2025-09-09,ATH202509090,BOS,"Duran, Jarren",duraj001,2,1,empty,empty,1,field_out,3,5,0
2025-09-09,ATH202509090,BOS,"Narvaez, Carlos",narvc002,2,2,empty,empty,1,field_out,3,5,0
2025-09-09,ATH202509090,BOS,"Eaton, Nate",eaton001,2,0,empty,empty,1,field_out,4,5,0
2025-09-09,ATH202509090,BOS,"Sogard, Nick",sogan001,2,1,empty,empty,1,strikeout,4,5,0
2025-09-09,ATH202509090,BOS,"Rafaela, Ceddanne",rafac001,2,2,empty,empty,1,strikeout,4,5,0
2025-09-09,ATH202509090,BOS,"Lowe, Nathaniel",lowen001,1,0,empty,empty,1,field_out,5,5,0
2025-09-09,ATH202509090,BOS,"Bregman, Alex",brega001,3,1,empty,empty,1,strikeout,5,5,0
2025-09-09,ATH202509090,BOS,"Story, Trevor",stort001,3,2,empty,empty,1,field_out,5,5,0
2025-09-09,ATH202509090,BOS,"Refsnyder, Rob",refsr001,3,0,empty,empty,1,single,6,5,0
2025-09-09,ATH202509090,BOS,"Duran, Jarren",duraj001,3,0,1B,1B,1,double,6,5,0
2025-09-09,ATH202509090,BOS,"Narvaez, Carlos",narvc002,3,0,2B+3B,2B+3B,1,field_out,6,5,0
2025-09-09,ATH202509090,BOS,"Eaton, Nate",eaton001,3,1,2B+3B,2B+3B,1,fielders_choice_out,6,5,0
2025-09-09,ATH202509090,BOS,"Sogard, Nick",sogan001,3,2,1B+3B,2B+3B,0,field_out,6,5,0
2025-09-09,ATH202509090,BOS,"Rafaela, Ceddanne",rafac001,3,0,empty,empty,1,field_out,7,5,0
2025-09-09,ATH202509090,BOS,"Lowe, Nathaniel",lowen001,2,1,empty,empty,1,walk,7,5,0
2025-09-09,ATH202509090,BOS,"Bregman, Alex",brega001,4,1,1B,1B,1,field_out,7,5,0
2025-09-09,ATH202509090,BOS,"Story, Trevor",stort001,4,2,1B,1B,1,strikeout,7,5,0
2025-09-09,ATH202509090,BOS,"Refsnyder, Rob",refsr001,4,0,empty,empty,1,field_out,8,5,0
2025-09-09,ATH202509090,BOS,"Duran, Jarren",duraj001,4,1,empty,empty,1,hit_by_pitch,8,5,0
2025-09-09,ATH202509090,BOS,"Narvaez, Carlos",narvc002,4,1,1B,1B,1,double,8,5,0
2025-09-09,ATH202509090,BOS,"Yoshida, Masataka",yoshm002,1,1,2B+3B,2B+3B,1,field_out,8,5,0
2025-09-09,ATH202509090,BOS,"Sogard, Nick",sogan001,4,2,2B,2B,1,strikeout,8,6,0
2025-09-09,ATH202509090,BOS,"Rafaela, Ceddanne",rafac001,4,0,empty,empty,1,strikeout,9,6,0
2025-09-09,ATH202509090,BOS,"Lowe, Nathaniel",lowen001,3,1,empty,empty,1,strikeout,9,6,0
2025-09-09,ATH202509090,BOS,"Bregman, Alex",brega001,5,2,empty,empty,1,walk,9,6,0
2025-09-09,ATH202509090,BOS,"Story, Trevor",stort001,5,2,1B,1B,1,walk,9,6,0
2025-09-09,ATH202509090,BOS,"Refsnyder, Rob",refsr001,5,2,1B+2B,1B+2B,1,field_out,9,6,0
2025-09-10,ATH202509100,BOS,"Duran, Jarren",duraj001,1,0,empty,empty,1,double,1,0,0
2025-09-10,ATH202509100,BOS,"Bregman, Alex",brega001,1,0,2B,2B,1,field_out,1,0,0
2025-09-10,ATH202509100,BOS,"Lowe, Nathaniel",lowen001,1,1,3B,3B,1,field_out,1,0,0
2025-09-10,ATH202509100,BOS,"Story, Trevor",stort001,1,2,3B,3B,1,strikeout,1,0,0
2025-09-10,ATH202509100,BOS,"Yoshida, Masataka",yoshm002,1,0,empty,empty,1,walk,2,0,1
2025-09-10,ATH202509100,BOS,"Sogard, Nick",sogan001,1,0,1B,1B,1,single,2,0,1
2025-09-10,ATH202509100,BOS,"Hamilton, David",hamid002,1,0,1B+2B,1B+2B,1,field_out,2,0,1
2025-09-10,ATH202509100,BOS,"Eaton, Nate",eaton001,1,1,2B+3B,2B+3B,1,double,2,0,1
2025-09-10,ATH202509100,BOS,"Wong, Connor",wongc001,1,1,2B+3B,2B+3B,1,field_out,2,1,1
2025-09-10,ATH202509100,BOS,"Duran, Jarren",duraj001,2,2,2B+3B,2B+3B,1,strikeout,2,1,1
2025-09-10,ATH202509100,BOS,"Bregman, Alex",brega001,2,0,empty,empty,1,double,3,1,2
2025-09-10,ATH202509100,BOS,"Lowe, Nathaniel",lowen001,2,0,2B,2B,1,strikeout,3,1,2
2025-09-10,ATH202509100,BOS,"Story, Trevor",stort001,2,1,2B,2B,1,double,3,1,2
2025-09-10,ATH202509100,BOS,"Yoshida, Masataka",yoshm002,2,1,2B,2B,1,strikeout,3,2,2
2025-09-10,ATH202509100,BOS,"Sogard, Nick",sogan001,2,2,2B,2B,1,field_error,3,2,2
2025-09-10,ATH202509100,BOS,"Hamilton, David",hamid002,2,2,1B+3B,2B+3B,0,field_out,3,2,2
2025-09-10,ATH202509100,BOS,"Eaton, Nate",eaton001,2,0,empty,empty,1,single,4,2,2
2025-09-10,ATH202509100,BOS,"Wong, Connor",wongc001,2,0,1B,1B,1,single,4,2,2
2025-09-10,ATH202509100,BOS,"Duran, Jarren",duraj001,3,0,2B+3B,2B+3B,1,field_out,4,2,2
2025-09-10,ATH202509100,BOS,"Bregman, Alex",brega001,3,1,3B,3B,1,fielders_choice_out,4,3,2
2025-09-10,ATH202509100,BOS,"Lowe, Nathaniel",lowen001,3,2,1B,1B,1,field_out,4,3,2
2025-09-10,ATH202509100,BOS,"Story, Trevor",stort001,3,0,empty,empty,1,field_out,5,3,2
2025-09-10,ATH202509100,BOS,"Yoshida, Masataka",yoshm002,3,1,empty,empty,1,field_out,5,3,2
2025-09-10,ATH202509100,BOS,"Sogard, Nick",sogan001,3,2,empty,empty,1,field_out,5,3,2
2025-09-10,ATH202509100,BOS,"Hamilton, David",hamid002,3,0,empty,empty,1,field_out,6,3,4
2025-09-10,ATH202509100,BOS,"Eaton, Nate",eaton001,3,1,empty,empty,1,field_out,6,3,4
2025-09-10,ATH202509100,BOS,"Wong, Connor",wongc001,3,2,empty,empty,1,field_out,6,3,4
2025-09-10,ATH202509100,BOS,"Duran, Jarren",duraj001,4,0,empty,empty,1,field_out,7,3,4
2025-09-10,ATH202509100,BOS,"Bregman, Alex",brega001,4,1,empty,empty,1,field_out,7,3,4
2025-09-10,ATH202509100,BOS,"Lowe, Nathaniel",lowen001,4,2,empty,empty,1,strikeout,7,3,4
2025-09-10,ATH202509100,BOS,"Story, Trevor",stort001,4,0,empty,empty,1,field_out,8,3,4
2025-09-10,ATH202509100,BOS,"Yoshida, Masataka",yoshm002,4,1,empty,empty,1,field_out,8,3,4
2025-09-10,ATH202509100,BOS,"Sogard, Nick",sogan001,4,2,empty,empty,1,strikeout,8,3,4
2025-09-10,ATH202509100,BOS,"Hamilton, David",hamid002,4,0,empty,empty,1,single,9,3,4
2025-09-10,ATH202509100,BOS,"Narvaez, Carlos",narvc002,1,1,1B,empty,0,walk,9,3,4
2025-09-10,ATH202509100,BOS,"Refsnyder, Rob",refsr001,1,1,1B,1B,1,double,9,3,4
2025-09-10,ATH202509100,BOS,"Duran, Jarren",duraj001,5,1,2B,2B,1,strikeout,9,4,4
2025-09-10,ATH202509100,BOS,"Bregman, Alex",brega001,5,2,2B,2B,1,intent_walk,9,4,4
2025-09-10,ATH202509100,BOS,"Lowe, Nathaniel",lowen001,5,2,1B+2B,1B+2B,1,field_out,9,4,4
2025-09-12,BOS202509120,BOS,"Duran, Jarren",duraj001,1,0,empty,empty,1,field_out,1,0,1
2025-09-12,BOS202509120,BOS,"Bregman, Alex",brega001,1,1,empty,empty,1,field_out,1,0,1
2025-09-12,BOS202509120,BOS,"Story, Trevor",stort001,1,2,empty,empty,1,field_out,1,0,1
2025-09-12,BOS202509120,BOS,"Lowe, Nathaniel",lowen001,1,0,empty,empty,1,field_out,2,0,1
2025-09-12,BOS202509120,BOS,"Yoshida, Masataka",yoshm002,1,1,empty,empty,1,field_error,2,0,1
2025-09-12,BOS202509120,BOS,"Narvaez, Carlos",narvc002,1,1,1B,1B,1,field_out,2,0,1
2025-09-12,BOS202509120,BOS,"Hamilton, David",hamid002,1,2,1B,2B,0,field_out,2,0,1
2025-09-12,BOS202509120,BOS,"Eaton, Nate",eaton001,1,0,empty,empty,1,strikeout,3,0,2
2025-09-12,BOS202509120,BOS,"Rafaela, Ceddanne",rafac001,1,1,empty,empty,1,walk,3,0,2
2025-09-12,BOS202509120,BOS,"Duran, Jarren",duraj001,2,1,1B,1B,1,field_out,3,0,2
2025-09-12,BOS202509120,BOS,"Bregman, Alex",brega001,2,2,1B,1B,1,field_out,3,0,2
2025-09-12,BOS202509120,BOS,"Story, Trevor",stort001,2,0,empty,empty,1,field_out,4,0,2
2025-09-12,BOS202509120,BOS,"Lowe, Nathaniel",lowen001,2,1,empty,empty,1,strikeout,4,0,2
2025-09-12,BOS202509120,BOS,"Yoshida, Masataka",yoshm002,2,2,empty,empty,1,field_out,4,0,2
2025-09-12,BOS202509120,BOS,"Narvaez, Carlos",narvc002,2,0,empty,empty,1,walk,5,0,2
2025-09-12,BOS202509120,BOS,"Hamilton, David",hamid002,2,0,1B,2B,0,walk,5,0,2
2025-09-12,BOS202509120,BOS,"Eaton, Nate",eaton001,2,0,1B+2B,1B+2B,1,field_out,5,0,2
2025-09-12,BOS202509120,BOS,"Rafaela, Ceddanne",rafac001,2,1,1B+2B,2B+3B,0,strikeout,5,0,2
2025-09-12,BOS202509120,BOS,"Duran, Jarren",duraj001,3,2,2B+3B,2B+3B,1,field_out,5,0,2
2025-09-12,BOS202509120,BOS,"Bregman, Alex",brega001,3,0,empty,empty,1,walk,6,0,2
2025-09-12,BOS202509120,BOS,"Story, Trevor",stort001,3,0,1B,1B,1,field_out,6,0,2
2025-09-12,BOS202509120,BOS,"Lowe, Nathaniel",lowen001,3,1,2B,2B,1,strikeout,6,0,2
2025-09-12,BOS202509120,BOS,"Yoshida, Masataka",yoshm002,3,2,2B,2B,1,field_out,6,0,2
2025-09-12,BOS202509120,BOS,"Narvaez, Carlos",narvc002,3,0,empty,empty,1,strikeout,7,0,4
2025-09-12,BOS202509120,BOS,"Hamilton, David",hamid002,3,1,empty,empty,1,strikeout,7,0,4
2025-09-12,BOS202509120,BOS,"Eaton, Nate",eaton001,3,2,empty,empty,1,home_run,7,0,4
2025-09-12,BOS202509120,BOS,"Rafaela, Ceddanne",rafac001,3,2,empty,empty,1,walk,7,1,4
2025-09-12,BOS202509120,BOS,"Duran, Jarren",duraj001,4,2,1B,1B,1,strikeout,7,1,4
2025-09-12,BOS202509120,BOS,"Bregman, Alex",brega001,4,0,empty,empty,1,single,8,1,4
2025-09-12,BOS202509120,BOS,"Story, Trevor",stort001,4,0,1B,1B,1,field_out,8,1,4
2025-09-12,BOS202509120,BOS,"Lowe, Nathaniel",lowen001,4,1,2B,2B,1,strikeout,8,1,4
2025-09-12,BOS202509120,BOS,"Yoshida, Masataka",yoshm002,4,2,2B,2B,1,field_out,8,1,4
2025-09-12,BOS202509120,BOS,"Narvaez, Carlos",narvc002,4,0,empty,empty,1,strikeout,9,1,4
2025-09-12,BOS202509120,BOS,"Hamilton, David",hamid002,4,1,empty,empty,1,field_out,9,1,4
2025-09-12,BOS202509120,BOS,"Eaton, Nate",eaton001,4,2,empty,empty,1,strikeout,9,1,4
2025-09-13,BOS202509130,BOS,"Gonzalez, Romy",gonzr003,1,0,empty,empty,1,single,1,0,2
2025-09-13,BOS202509130,BOS,"Bregman, Alex",brega001,1,0,1B,1B,1,strikeout,1,0,2
2025-09-13,BOS202509130,BOS,"Story, Trevor",stort001,1,1,1B,1B,1,field_out,1,0,2
2025-09-13,BOS202509130,BOS,"Refsnyder, Rob",refsr001,1,2,2B,2B,1,walk,1,0,2
2025-09-13,BOS202509130,BOS,"Narvaez, Carlos",narvc002,1,2,1B+2B,1B+2B,1,field_out,1,0,2
2025-09-13,BOS202509130,BOS,"Eaton, Nate",eaton001,1,0,empty,empty,1,walk,2,0,2
2025-09-13,BOS202509130,BOS,"Sogard, Nick",sogan001,1,0,1B,1B,1,single,2,0,2
2025-09-13,BOS202509130,BOS,"Wong, Connor",wongc001,1,1,1B,1B,1,double,2,0,2
2025-09-13,BOS202509130,BOS,"Rafaela, Ceddanne",rafac001,1,1,2B+3B,2B+3B,1,strikeout,2,0,2
2025-09-13,BOS202509130,BOS,"Gonzalez, Romy",gonzr003,2,2,2B+3B,2B+3B,1,strikeout,2,0,2
2025-09-13,BOS202509130,BOS,"Bregman, Alex",brega001,2,0,empty,empty,1,field_out,3,0,3
2025-09-13,BOS202509130,BOS,"Story, Trevor",stort001,2,1,empty,empty,1,strikeout,3,0,3
2025-09-13,BOS202509130,BOS,"Refsnyder, Rob",refsr001,2,2,empty,empty,1,strikeout,3,0,3
2025-09-13,BOS202509130,BOS,"Narvaez, Carlos",narvc002,2,0,empty,empty,1,field_out,4,0,3
2025-09-13,BOS202509130,BOS,"Eaton, Nate",eaton001,2,1,empty,empty,1,single,4,0,3
2025-09-13,BOS202509130,BOS,"Sogard, Nick",sogan001,2,1,1B,1B,1,field_out,4,0,3
2025-09-13,BOS202509130,BOS,"Wong, Connor",wongc001,2,2,2B,2B,1,field_out,4,0,3
2025-09-13,BOS202509130,BOS,"Rafaela, Ceddanne",rafac001,2,0,empty,empty,1,single,5,0,4
2025-09-13,BOS202509130,BOS,"Gonzalez, Romy",gonzr003,3,0,1B,1B,1,grounded_into_double_play,5,0,4
2025-09-13,BOS202509130,BOS,"Bregman, Alex",brega001,3,2,empty,empty,1,home_run,5,0,4
2025-09-13,BOS202509130,BOS,"Story, Trevor",stort001,3,2,empty,empty,1,field_error,5,1,4
2025-09-13,BOS202509130,BOS,"Refsnyder, Rob",refsr001,3,2,1B,1B,1,field_out,5,1,4
2025-09-13,BOS202509130,BOS,"Narvaez, Carlos",narvc002,3,0,empty,empty,1,strikeout,6,1,4
2025-09-13,BOS202509130,BOS,"Eaton, Nate",eaton001,3,1,empty,empty,1,single,6,1,4
2025-09-13,BOS202509130,BOS,"Sogard, Nick",sogan001,3,1,1B,1B,1,single,6,1,4
2025-09-13,BOS202509130,BOS,"Wong, Connor",wongc001,3,1,1B+2B,1B+2B,1,single,6,1,4
2025-09-13,BOS202509130,BOS,"Rafaela, Ceddanne",rafac001,3,1,1B+2B,1B+2B,1,strikeout,6,2,4
2025-09-13,BOS202509130,BOS,"Gonzalez, Romy",gonzr003,4,2,1B+2B,1B+2B,1,strikeout,6,2,4
2025-09-13,BOS202509130,BOS,"Bregman, Alex",brega001,4,0,empty,empty,1,field_out,7,2,4
2025-09-13,BOS202509130,BOS,"Story, Trevor",stort001,4,1,empty,empty,1,field_out,7,2,4
2025-09-13,BOS202509130,BOS,"Refsnyder, Rob",refsr001,4,2,empty,empty,1,field_out,7,2,4
2025-09-13,BOS202509130,BOS,"Lowe, Nathaniel",lowen001,1,0,empty,empty,1,field_out,8,2,4
2025-09-13,BOS202509130,BOS,"Duran, Jarren",duraj001,1,1,empty,empty,1,home_run,8,2,4
2025-09-13,BOS202509130,BOS,"Sogard, Nick",sogan001,4,1,empty,empty,1,strikeout,8,3,4
2025-09-13,BOS202509130,BOS,"Yoshida, Masataka",yoshm002,1,2,empty,empty,1,strikeout,8,3,4
2025-09-13,BOS202509130,BOS,"Rafaela, Ceddanne",rafac001,4,0,empty,empty,1,field_out,9,3,5
2025-09-13,BOS202509130,BOS,"Gonzalez, Romy",gonzr003,5,1,empty,empty,1,field_out,9,3,5
2025-09-13,BOS202509130,BOS,"Bregman, Alex",brega001,5,2,empty,empty,1,field_out,9,3,5
2025-09-14,BOS202509140,BOS,"Duran, Jarren",duraj001,1,0,empty,empty,1,triple,1,0,0
2025-09-14,BOS202509140,BOS,"Bregman, Alex",brega001,1,0,3B,3B,1,single,1,0,0
2025-09-14,BOS202509140,BOS,"Story, Trevor",stort001,1,0,1B,1B,1,single,1,1,0
2025-09-14,BOS202509140,BOS,"Lowe, Nathaniel",lowen001,1,0,1B+2B,1B+2B,1,single,1,1,0
2025-09-14,BOS202509140,BOS,"Gonzalez, Romy",gonzr003,1,0,1B+2B,1B+2B,1,double,1,2,0
2025-09-14,BOS202509140,BOS,"Yoshida, Masataka",yoshm002,1,0,2B+3B,2B+3B,1,sac_fly,1,3,0
2025-09-14,BOS202509140,BOS,"Refsnyder, Rob",refsr001,1,1,3B,3B,1,field_out,1,4,0
2025-09-14,BOS202509140,BOS,"Narvaez, Carlos",narvc002,1,2,empty,empty,1,home_run,1,5,0
2025-09-14,BOS202509140,BOS,"Rafaela, Ceddanne",rafac001,1,2,empty,empty,1,field_out,1,6,0
2025-09-14,BOS202509140,BOS,"Duran, Jarren",duraj001,2,0,empty,empty,1,field_out,2,6,0
2025-09-14,BOS202509140,BOS,"Bregman, Alex",brega001,2,1,empty,empty,1,field_out,2,6,0
2025-09-14,BOS202509140,BOS,"Story, Trevor",stort001,2,2,empty,empty,1,single,2,6,0
2025-09-14,BOS202509140,BOS,"Lowe, Nathaniel",lowen001,2,2,1B,1B,1,walk,2,6,0
2025-09-14,BOS202509140,BOS,"Gonzalez, Romy",gonzr003,2,2,1B+2B,1B+2B,1,field_out,2,6,0
2025-09-14,BOS202509140,BOS,"Yoshida, Masataka",yoshm002,2,0,empty,empty,1,single,3,6,0
2025-09-14,BOS202509140,BOS,"Refsnyder, Rob",refsr001,2,0,1B,1B,1,field_out,3,6,0
2025-09-14,BOS202509140,BOS,"Narvaez, Carlos",narvc002,2,1,1B,1B,1,field_out,3,6,0
2025-09-14,BOS202509140,BOS,"Rafaela, Ceddanne",rafac001,2,2,1B,1B,1,field_out,3,6,0
2025-09-14,BOS202509140,BOS,"Duran, Jarren",duraj001,3,0,empty,empty,1,field_out,4,6,2
2025-09-14,BOS202509140,BOS,"Bregman, Alex",brega001,3,1,empty,empty,1,field_out,4,6,2
2025-09-14,BOS202509140,BOS,"Story, Trevor",stort001,3,2,empty,empty,1,strikeout,4,6,2
2025-09-14,BOS202509140,BOS,"Lowe, Nathaniel",lowen001,3,0,empty,empty,1,field_out,5,6,3
2025-09-14,BOS202509140,BOS,"Gonzalez, Romy",gonzr003,3,1,empty,empty,1,single,5,6,3
2025-09-14,BOS202509140,BOS,"Yoshida, Masataka",yoshm002,3,1,1B,1B,1,single,5,6,3
2025-09-14,BOS202509140,BOS,"Refsnyder, Rob",refsr001,3,1,1B+2B,1B+2B,1,strikeout,5,6,3
2025-09-14,BOS202509140,BOS,"Narvaez, Carlos",narvc002,3,2,1B+2B,1B+2B,1,field_out,5,6,3
2025-09-14,BOS202509140,BOS,"Rafaela, Ceddanne",rafac001,3,0,empty,empty,1,strikeout,6,6,3
2025-09-14,BOS202509140,BOS,"Duran, Jarren",duraj001,4,1,empty,empty,1,field_out,6,6,3
2025-09-14,BOS202509140,BOS,"Bregman, Alex",brega001,4,2,empty,empty,1,strikeout,6,6,3
2025-09-14,BOS202509140,BOS,"Story, Trevor",stort001,4,0,empty,empty,1,field_out,7,6,4
2025-09-14,BOS202509140,BOS,"Lowe, Nathaniel",lowen001,4,1,empty,empty,1,single,7,6,4
2025-09-14,BOS202509140,BOS,"Gonzalez, Romy",gonzr003,4,1,1B,1B,1,grounded_into_double_play,7,6,4
2025-09-14,BOS202509140,BOS,"Yoshida, Masataka",yoshm002,4,0,empty,empty,1,field_out,8,6,4
2025-09-14,BOS202509140,BOS,"Refsnyder, Rob",refsr001,4,1,empty,empty,1,single,8,6,4
2025-09-14,BOS202509140,BOS,"Narvaez, Carlos",narvc002,4,1,1B,2B,0,strikeout,8,6,4
2025-09-14,BOS202509140,BOS,"Rafaela, Ceddanne",rafac001,4,2,2B,2B,1,field_out,8,6,4
2025-09-16,BOS202509160,BOS,"Gonzalez, Romy",gonzr003,1,0,empty,empty,1,field_out,1,0,0
2025-09-16,BOS202509160,BOS,"Bregman, Alex",brega001,1,1,empty,empty,1,field_out,1,0,0
2025-09-16,BOS202509160,BOS,"Story, Trevor",stort001,1,2,empty,empty,1,single,1,0,0
2025-09-16,BOS202509160,BOS,"Refsnyder, Rob",refsr001,1,2,1B,2B,0,walk,1,0,0
2025-09-16,BOS202509160,BOS,"Narvaez, Carlos",narvc002,1,2,1B+2B,1B+2B,1,strikeout,1,0,0
2025-09-16,BOS202509160,BOS,"Eaton, Nate",eaton001,1,0,empty,empty,1,single,2,0,0
2025-09-16,BOS202509160,BOS,"Sogard, Nick",sogan001,1,0,1B,1B,1,single,2,0,0
2025-09-16,BOS202509160,BOS,"Duran, Jarren",duraj001,1,0,1B+2B,1B+2B,1,walk,2,0,0
2025-09-16,BOS202509160,BOS,"Rafaela, Ceddanne",rafac001,1,0,1B+2B+3B,1B+2B+3B,1,strikeout,2,0,0
2025-09-16,BOS202509160,BOS,"Gonzalez, Romy",gonzr003,2,1,1B+2B+3B,1B+2B+3B,1,grounded_into_double_play,2,0,0
2025-09-16,BOS202509160,BOS,"Bregman, Alex",brega001,2,0,empty,empty,1,field_out,3,0,0
2025-09-16,BOS202509160,BOS,"Story, Trevor",stort001,2,1,empty,empty,1,field_out,3,0,0
2025-09-16,BOS202509160,BOS,"Refsnyder, Rob",refsr001,2,2,empty,empty,1,walk,3,0,0
2025-09-16,BOS202509160,BOS,"Narvaez, Carlos",narvc002,2,2,1B,1B,1,double,3,0,0
2025-09-16,BOS202509160,BOS,"Eaton, Nate",eaton001,2,2,2B,2B,1,field_out,3,1,0
2025-09-16,BOS202509160,BOS,"Sogard, Nick",sogan001,2,0,empty,empty,1,strikeout,4,1,0
2025-09-16,BOS202509160,BOS,"Duran, Jarren",duraj001,2,1,empty,empty,1,single,4,1,0
2025-09-16,BOS202509160,BOS,"Rafaela, Ceddanne",rafac001,2,1,1B,1B,1,field_out,4,1,0
2025-09-16,BOS202509160,BOS,"Gonzalez, Romy",gonzr003,3,2,2B,2B,1,field_out,4,1,0
2025-09-16,BOS202509160,BOS,"Bregman, Alex",brega001,3,0,empty,empty,1,field_out,5,1,0
2025-09-16,BOS202509160,BOS,"Story, Trevor",stort001,3,1,empty,empty,1,single,5,1,0
2025-09-16,BOS202509160,BOS,"Refsnyder, Rob",refsr001,3,1,1B,2B,0,walk,5,1,0
2025-09-16,BOS202509160,BOS,"Narvaez, Carlos",narvc002,3,1,1B+2B,1B+2B,1,field_out,5,1,0
2025-09-16,BOS202509160,BOS,"Eaton, Nate",eaton001,3,2,1B+3B,1B+3B,1,field_out,5,1,0
2025-09-16,BOS202509160,BOS,"Sogard, Nick",sogan001,3,0,empty,empty,1,field_out,6,1,2
2025-09-16,BOS202509160,BOS,"Duran, Jarren",duraj001,3,1,empty,empty,1,field_out,6,1,2
2025-09-16,BOS202509160,BOS,"Rafaela, Ceddanne",rafac001,3,2,empty,empty,1,field_out,6,1,2
2025-09-16,BOS202509160,BOS,"Gonzalez, Romy",gonzr003,4,0,empty,empty,1,field_out,7,1,2
2025-09-16,BOS202509160,BOS,"Bregman, Alex",brega001,4,1,empty,empty,1,field_out,7,1,2
2025-09-16,BOS202509160,BOS,"Story, Trevor",stort001,4,2,empty,empty,1,single,7,1,2
2025-09-16,BOS202509160,BOS,"Refsnyder, Rob",refsr001,4,2,1B,1B,1,field_out,7,1,2
2025-09-16,BOS202509160,BOS,"Lowe, Nathaniel",lowen001,1,0,empty,empty,1,strikeout,8,1,2
2025-09-16,BOS202509160,BOS,"Eaton, Nate",eaton001,4,1,empty,empty,1,field_out,8,1,2
2025-09-16,BOS202509160,BOS,"Sogard, Nick",sogan001,4,2,empty,empty,1,walk,8,1,2
2025-09-16,BOS202509160,BOS,"Duran, Jarren",duraj001,4,0,1B,empty,0,field_out,9,1,2
2025-09-16,BOS202509160,BOS,"Rafaela, Ceddanne",rafac001,4,1,empty,empty,1,single,9,1,2
2025-09-16,BOS202509160,BOS,"Gonzalez, Romy",gonzr003,5,1,1B,1B,1,grounded_into_double_play,9,1,2
2025-09-17,BOS202509170,BOS,"Duran, Jarren",duraj001,1,0,empty,empty,1,single,1,0,0
2025-09-17,BOS202509170,BOS,"Story, Trevor",stort001,1,0,1B,1B,1,field_out,1,0,0
2025-09-17,BOS202509170,BOS,"Bregman, Alex",brega001,1,1,1B,1B,1,field_out,1,0,0
2025-09-17,BOS202509170,BOS,"Yoshida, Masataka",yoshm002,1,2,1B,2B,0,single,1,0,0
2025-09-17,BOS202509170,BOS,"Gonzalez, Romy",gonzr003,1,2,1B,2B,0,field_out,1,1,0
2025-09-17,BOS202509170,BOS,"Refsnyder, Rob",refsr001,1,0,empty,empty,1,home_run,2,1,1
2025-09-17,BOS202509170,BOS,"Lowe, Nathaniel",lowen001,1,0,empty,empty,1,field_out,2,2,1
2025-09-17,BOS202509170,BOS,"Narvaez, Carlos",narvc002,1,1,empty,empty,1,field_out,2,2,1
2025-09-17,BOS202509170,BOS,"Rafaela, Ceddanne",rafac001,1,2,empty,empty,1,strikeout,2,2,1
2025-09-17,BOS202509170,BOS,"Duran, Jarren",duraj001,2,0,empty,empty,1,single,3,2,1
2025-09-17,BOS202509170,BOS,"Story, Trevor",stort001,2,0,1B,2B,0,walk,3,2,1
2025-09-17,BOS202509170,BOS,"Bregman, Alex",brega001,2,0,1B+2B,1B+2B,1,field_out,3,2,1
2025-09-17,BOS202509170,BOS,"Yoshida, Masataka",yoshm002,2,1,1B+2B,1B+2B,1,field_out,3,2,1
2025-09-17,BOS202509170,BOS,"Gonzalez, Romy",gonzr003,2,2,1B+2B,1B+2B,1,strikeout,3,2,1
2025-09-17,BOS202509170,BOS,"Refsnyder, Rob",refsr001,2,0,empty,empty,1,field_out,4,2,1
2025-09-17,BOS202509170,BOS,"Lowe, Nathaniel",lowen001,2,1,empty,empty,1,walk,4,2,1
2025-09-17,BOS202509170,BOS,"Narvaez, Carlos",narvc002,2,1,1B,1B,1,grounded_into_double_play,4,2,1
2025-09-17,BOS202509170,BOS,"Rafaela, Ceddanne",rafac001,2,0,empty,empty,1,single,5,2,4
2025-09-17,BOS202509170,BOS,"Duran, Jarren",duraj001,3,0,1B,1B,1,walk,5,2,4
2025-09-17,BOS202509170,BOS,"Story, Trevor",stort001,3,0,1B+2B,1B+2B,1,fielders_choice,5,2,4
2025-09-17,BOS202509170,BOS,"Bregman, Alex",brega001,3,0,1B+2B+3B,1B+2B+3B,1,field_out,5,2,4
2025-09-17,BOS202509170,BOS,"Yoshida, Masataka",yoshm002,3,1,1B+2B+3B,1B+2B+3B,1,single,5,2,4
2025-09-17,BOS202509170,BOS,"Gonzalez, Romy",gonzr003,3,1,1B+2B+3B,1B+2B+3B,1,strikeout,5,3,4
2025-09-17,BOS202509170,BOS,"Refsnyder, Rob",refsr001,3,2,1B+2B+3B,1B+2B+3B,1,strikeout,5,3,4
2025-09-17,BOS202509170,BOS,"Lowe, Nathaniel",lowen001,3,0,empty,empty,1,single,6,3,4
2025-09-17,BOS202509170,BOS,"Narvaez, Carlos",narvc002,3,0,1B,1B,1,strikeout,6,3,4
2025-09-17,BOS202509170,BOS,"Rafaela, Ceddanne",rafac001,3,1,1B,1B,1,field_out,6,3,4
2025-09-17,BOS202509170,BOS,"Duran, Jarren",duraj001,4,2,1B,1B,1,single,6,3,4
2025-09-17,BOS202509170,BOS,"Story, Trevor",stort001,4,2,1B+2B,1B+2B,1,single,6,3,4
2025-09-17,BOS202509170,BOS,"Bregman, Alex",brega001,4,2,1B+3B,2B+3B,0,field_out,6,4,4
2025-09-17,BOS202509170,BOS,"Yoshida, Masataka",yoshm002,4,0,empty,empty,1,field_error,7,4,4
2025-09-17,BOS202509170,BOS,"Gonzalez, Romy",gonzr003,4,0,1B,1B,1,strikeout,7,4,4
2025-09-17,BOS202509170,BOS,"Refsnyder, Rob",refsr001,4,1,1B,2B,0,field_out,7,4,4
2025-09-17,BOS202509170,BOS,"Lowe, Nathaniel",lowen001,4,2,3B,3B,1,intent_walk,7,4,4
2025-09-17,BOS202509170,BOS,"Narvaez, Carlos",narvc002,4,2,1B+3B,1B+3B,1,strikeout,7,4,4
2025-09-17,BOS202509170,BOS,"Rafaela, Ceddanne",rafac001,4,0,empty,empty,1,field_out,8,4,4
2025-09-17,BOS202509170,BOS,"Duran, Jarren",duraj001,5,1,empty,empty,1,field_out,8,4,4
2025-09-17,BOS202509170,BOS,"Story, Trevor",stort001,5,2,empty,empty,1,single,8,4,4
2025-09-17,BOS202509170,BOS,"Bregman, Alex",brega001,5,0,1B,empty,0,walk,9,4,4
2025-09-17,BOS202509170,BOS,"Hamilton, David",hamid002,1,0,1B,1B,1,field_out,9,4,4
2025-09-17,BOS202509170,BOS,"Gonzalez, Romy",gonzr003,5,1,2B,2B,1,field_out,9,4,4
2025-09-17,BOS202509170,BOS,"Refsnyder, Rob",refsr001,5,2,2B,2B,1,strikeout,9,4,4
2025-09-17,BOS202509170,BOS,"Lowe, Nathaniel",lowen001,5,0,2B,2B,1,intent_walk,10,4,4
2025-09-17,BOS202509170,BOS,"Narvaez, Carlos",narvc002,5,0,1B+2B,1B+2B,1,sac_bunt,10,4,4
2025-09-17,BOS202509170,BOS,"Sogard, Nick",sogan001,1,1,2B+3B,2B+3B,1,fielders_choice,10,4,4
2025-09-18,BOS202509180,BOS,"Duran, Jarren",duraj001,1,0,empty,empty,1,field_out,1,0,3
2025-09-18,BOS202509180,BOS,"Story, Trevor",stort001,1,1,empty,empty,1,double,1,0,3
2025-09-18,BOS202509180,BOS,"Bregman, Alex",brega001,1,1,2B,2B,1,single,1,0,3
2025-09-18,BOS202509180,BOS,"Yoshida, Masataka",yoshm002,1,1,1B+3B,1B+3B,1,sac_fly,1,0,3
2025-09-18,BOS202509180,BOS,"Lowe, Nathaniel",lowen001,1,2,2B,2B,1,single,1,1,3
2025-09-18,BOS202509180,BOS,"Wong, Connor",wongc001,1,2,1B+3B,1B+3B,1,field_out,1,1,3
2025-09-18,BOS202509180,BOS,"Hamilton, David",hamid002,1,0,empty,empty,1,home_run,2,1,3
2025-09-18,BOS202509180,BOS,"Eaton, Nate",eaton001,1,0,empty,empty,1,single,2,2,3
2025-09-18,BOS202509180,BOS,"Rafaela, Ceddanne",rafac001,1,0,1B,1B,1,field_out,2,2,3
2025-09-18,BOS202509180,BOS,"Duran, Jarren",duraj001,2,1,1B,1B,1,field_out,2,2,3
2025-09-18,BOS202509180,BOS,"Story, Trevor",stort001,2,2,1B,2B,0,strikeout,2,2,3
2025-09-18,BOS202509180,BOS,"Bregman, Alex",brega001,2,0,empty,empty,1,walk,3,2,4
2025-09-18,BOS202509180,BOS,"Yoshida, Masataka",yoshm002,2,0,1B,1B,1,field_out,3,2,4
2025-09-18,BOS202509180,BOS,"Lowe, Nathaniel",lowen001,2,1,2B,2B,1,field_out,3,2,4
2025-09-18,BOS202509180,BOS,"Wong, Connor",wongc001,2,2,2B,2B,1,strikeout,3,2,4
2025-09-18,BOS202509180,BOS,"Hamilton, David",hamid002,2,0,empty,empty,1,field_out,4,2,4
2025-09-18,BOS202509180,BOS,"Eaton, Nate",eaton001,2,1,empty,empty,1,field_out,4,2,4
2025-09-18,BOS202509180,BOS,"Rafaela, Ceddanne",rafac001,2,2,empty,empty,1,strikeout,4,2,4
2025-09-18,BOS202509180,BOS,"Duran, Jarren",duraj001,3,0,empty,empty,1,field_out,5,2,4
2025-09-18,BOS202509180,BOS,"Story, Trevor",stort001,3,1,empty,empty,1,field_out,5,2,4
2025-09-18,BOS202509180,BOS,"Bregman, Alex",brega001,3,2,empty,empty,1,field_out,5,2,4
2025-09-18,BOS202509180,BOS,"Yoshida, Masataka",yoshm002,3,0,empty,empty,1,field_out,6,2,4
2025-09-18,BOS202509180,BOS,"Lowe, Nathaniel",lowen001,3,1,empty,empty,1,field_out,6,2,4
2025-09-18,BOS202509180,BOS,"Wong, Connor",wongc001,3,2,empty,empty,1,field_out,6,2,4
2025-09-18,BOS202509180,BOS,"Hamilton, David",hamid002,3,0,empty,empty,1,strikeout,7,2,5
2025-09-18,BOS202509180,BOS,"Eaton, Nate",eaton001,3,1,empty,empty,1,single,7,2,5
2025-09-18,BOS202509180,BOS,"Rafaela, Ceddanne",rafac001,3,1,1B,1B,1,grounded_into_double_play,7,2,5
2025-09-18,BOS202509180,BOS,"Duran, Jarren",duraj001,4,0,empty,empty,1,field_out,8,2,5
2025-09-18,BOS202509180,BOS,"Story, Trevor",stort001,4,1,empty,empty,1,home_run,8,2,5
2025-09-18,BOS202509180,BOS,"Bregman, Alex",brega001,4,1,empty,empty,1,strikeout,8,3,5
2025-09-18,BOS202509180,BOS,"Gonzalez, Romy",gonzr003,1,2,empty,empty,1,field_out,8,3,5
2025-09-18,BOS202509180,BOS,"Narvaez, Carlos",narvc002,1,0,empty,empty,1,strikeout,9,3,5
2025-09-18,BOS202509180,BOS,"Refsnyder, Rob",refsr001,1,1,empty,empty,1,field_out,9,3,5
2025-09-18,BOS202509180,BOS,"Sogard, Nick",sogan001,1,2,empty,empty,1,strikeout,9,3,5
2025-09-19,TBA202509190,BOS,"Duran, Jarren",duraj001,1,0,empty,empty,1,field_out,1,0,0
2025-09-19,TBA202509190,BOS,"Story, Trevor",stort001,1,1,empty,empty,1,strikeout,1,0,0
2025-09-19,TBA202509190,BOS,"Bregman, Alex",brega001,1,2,empty,empty,1,walk,1,0,0
2025-09-19,TBA202509190,BOS,"Yoshida, Masataka",yoshm002,1,2,1B,1B,1,double,1,0,0
2025-09-19,TBA202509190,BOS,"Gonzalez, Romy",gonzr003,1,2,2B+3B,2B+3B,1,field_out,1,0,0
2025-09-19,TBA202509190,BOS,"Eaton, Nate",eaton001,1,0,empty,empty,1,single,2,0,1
2025-09-19,TBA202509190,BOS,"Lowe, Nathaniel",lowen001,1,0,1B,1B,1,single,2,0,1
2025-09-19,TBA202509190,BOS,"Narvaez, Carlos",narvc002,1,0,1B,1B,1,strikeout,2,1,1
2025-09-19,TBA202509190,BOS,"Rafaela, Ceddanne",rafac001,1,1,1B,1B,1,field_out,2,1,1
2025-09-19,TBA202509190,BOS,"Duran, Jarren",duraj001,2,2,1B,1B,1,field_out,2,1,1
2025-09-19,TBA202509190,BOS,"Story, Trevor",stort001,2,0,empty,empty,1,field_out,3,1,2
2025-09-19,TBA202509190,BOS,"Bregman, Alex",brega001,2,1,empty,empty,1,home_run,3,1,2
2025-09-19,TBA202509190,BOS,"Yoshida, Masataka",yoshm002,2,1,empty,empty,1,field_out,3,2,2
2025-09-19,TBA202509190,BOS,"Gonzalez, Romy",gonzr003,2,2,empty,empty,1,field_error,3,2,2
2025-09-19,TBA202509190,BOS,"Eaton, Nate",eaton001,2,2,1B,1B,1,field_out,3,2,2
2025-09-19,TBA202509190,BOS,"Lowe, Nathaniel",lowen001,2,0,empty,empty,1,field_out,4,2,3
2025-09-19,TBA202509190,BOS,"Narvaez, Carlos",narvc002,2,1,empty,empty,1,field_out,4,2,3
2025-09-19,TBA202509190,BOS,"Rafaela, Ceddanne",rafac001,2,2,empty,empty,1,double,4,2,3
2025-09-19,TBA202509190,BOS,"Duran, Jarren",duraj001,3,2,2B,2B,1,strikeout,4,2,3
2025-09-19,TBA202509190,BOS,"Story, Trevor",stort001,3,0,empty,empty,1,field_out,5,2,3
2025-09-19,TBA202509190,BOS,"Bregman, Alex",brega001,3,1,empty,empty,1,walk,5,2,3
2025-09-19,TBA202509190,BOS,"Yoshida, Masataka",yoshm002,3,1,1B,1B,1,field_out,5,2,3
2025-09-19,TBA202509190,BOS,"Gonzalez, Romy",gonzr003,3,2,1B,1B,1,field_out,5,2,3
2025-09-19,TBA202509190,BOS,"Eaton, Nate",eaton001,3,0,empty,empty,1,strikeout,6,2,3
2025-09-19,TBA202509190,BOS,"Lowe, Nathaniel",lowen001,3,1,empty,empty,1,strikeout,6,2,3
2025-09-19,TBA202509190,BOS,"Narvaez, Carlos",narvc002,3,2,empty,empty,1,field_out,6,2,3
2025-09-19,TBA202509190,BOS,"Rafaela, Ceddanne",rafac001,3,0,empty,empty,1,single,7,2,3
2025-09-19,TBA202509190,BOS,"Duran, Jarren",duraj001,4,0,1B,1B,1,home_run,7,2,3
2025-09-19,TBA202509190,BOS,"Story, Trevor",stort001,4,0,empty,empty,1,strikeout,7,4,3
2025-09-19,TBA202509190,BOS,"Bregman, Alex",brega001,4,1,empty,empty,1,field_out,7,4,3
2025-09-19,TBA202509190,BOS,"Yoshida, Masataka",yoshm002,4,2,empty,empty,1,field_out,7,4,3
2025-09-19,TBA202509190,BOS,"Gonzalez, Romy",gonzr003,4,0,empty,empty,1,double,8,4,3
2025-09-19,TBA202509190,BOS,"Eaton, Nate",eaton001,4,0,2B,2B,1,single,8,4,3
2025-09-19,TBA202509190,BOS,"Lowe, Nathaniel",lowen001,4,0,1B,2B,0,walk,8,5,3
2025-09-19,TBA202509190,BOS,"Narvaez, Carlos",narvc002,4,0,1B+2B,1B+2B,1,strikeout,8,5,3
2025-09-19,TBA202509190,BOS,"Rafaela, Ceddanne",rafac001,4,1,1B+2B,1B+2B,1,single,8,5,3
2025-09-19,TBA202509190,BOS,"Duran, Jarren",duraj001,5,1,1B+2B,1B+2B,1,single,8,6,3
2025-09-19,TBA202509190,BOS,"Story, Trevor",stort001,5,1,1B+2B+3B,1B+2B+3B,1,fielders_choice,8,6,3
2025-09-19,TBA202509190,BOS,"Bregman, Alex",brega001,5,1,1B+2B+3B,1B+2B+3B,1,field_out,8,7,3
2025-09-19,TBA202509190,BOS,"Yoshida, Masataka",yoshm002,5,2,1B+2B+3B,1B+2B+3B,1,walk,8,7,3
2025-09-19,TBA202509190,BOS,"Gonzalez, Romy",gonzr003,5,2,1B+2B+3B,1B+2B+3B,1,field_error,8,8,3
2025-09-19,TBA202509190,BOS,"Eaton, Nate",eaton001,5,2,1B+3B,1B+3B,1,walk,8,10,3
2025-09-19,TBA202509190,BOS,"Lowe, Nathaniel",lowen001,5,2,1B+2B+3B,1B+2B+3B,1,hit_by_pitch,8,10,3
2025-09-19,TBA202509190,BOS,"Narvaez, Carlos",narvc002,5,2,1B+2B+3B,1B+2B+3B,1,field_out,8,11,3
2025-09-19,TBA202509190,BOS,"Rafaela, Ceddanne",rafac001,5,0,empty,empty,1,single,9,11,3
2025-09-19,TBA202509190,BOS,"Duran, Jarren",duraj001,6,0,1B,1B,1,strikeout,9,11,3
2025-09-19,TBA202509190,BOS,"Story, Trevor",stort001,6,1,1B,1B,1,field_out,9,11,3
2025-09-19,TBA202509190,BOS,"Sogard, Nick",sogan001,1,2,1B,1B,1,field_out,9,11,3
2025-09-20,TBA202509200,BOS,"Duran, Jarren",duraj001,1,0,empty,empty,1,strikeout,1,0,0
2025-09-20,TBA202509200,BOS,"Story, Trevor",stort001,1,1,empty,empty,1,field_out,1,0,0
2025-09-20,TBA202509200,BOS,"Bregman, Alex",brega001,1,2,empty,empty,1,field_out,1,0,0
2025-09-20,TBA202509200,BOS,"Yoshida, Masataka",yoshm002,1,0,empty,empty,1,single,2,0,0
2025-09-20,TBA202509200,BOS,"Gonzalez, Romy",gonzr003,1,0,1B,1B,1,single,2,0,0
2025-09-20,TBA202509200,BOS,"Eaton, Nate",eaton001,1,0,1B+2B,1B+2B,1,fielders_choice,2,0,0
2025-09-20,TBA202509200,BOS,"Lowe, Nathaniel",lowen001,1,0,1B+2B+3B,1B+2B+3B,1,field_out,2,0,0
2025-09-20,TBA202509200,BOS,"Narvaez, Carlos",narvc002,1,1,1B+2B+3B,1B+2B+3B,1,grounded_into_double_play,2,0,0
2025-09-20,TBA202509200,BOS,"Rafaela, Ceddanne",rafac001,1,0,empty,empty,1,strikeout,3,0,0
2025-09-20,TBA202509200,BOS,"Duran, Jarren",duraj001,2,1,empty,empty,1,single,3,0,0
2025-09-20,TBA202509200,BOS,"Story, Trevor",stort001,2,1,1B,3B,0,walk,3,0,0
2025-09-20,TBA202509200,BOS,"Bregman, Alex",brega001,2,1,1B,1B,1,grounded_into_double_play,3,1,0
2025-09-20,TBA202509200,BOS,"Yoshida, Masataka",yoshm002,2,0,empty,empty,1,field_out,4,1,0
2025-09-20,TBA202509200,BOS,"Gonzalez, Romy",gonzr003,2,1,empty,empty,1,walk,4,1,0
2025-09-20,TBA202509200,BOS,"Eaton, Nate",eaton001,2,1,1B,1B,1,field_out,4,1,0
2025-09-20,TBA202509200,BOS,"Lowe, Nathaniel",lowen001,2,2,1B,2B,0,field_out,4,1,0
2025-09-20,TBA202509200,BOS,"Narvaez, Carlos",narvc002,2,0,empty,empty,1,field_out,5,1,1
2025-09-20,TBA202509200,BOS,"Rafaela, Ceddanne",rafac001,2,1,empty,empty,1,single,5,1,1
2025-09-20,TBA202509200,BOS,"Duran, Jarren",duraj001,3,1,1B,1B,1,walk,5,1,1
2025-09-20,TBA202509200,BOS,"Story, Trevor",stort001,3,1,1B+2B,1B+2B,1,field_out,5,1,1
2025-09-20,TBA202509200,BOS,"Bregman, Alex",brega001,3,2,1B+3B,1B+3B,1,single,5,1,1
2025-09-20,TBA202509200,BOS,"Yoshida, Masataka",yoshm002,3,2,1B+3B,1B+3B,1,field_out,5,2,1
2025-09-20,TBA202509200,BOS,"Gonzalez, Romy",gonzr003,3,0,empty,empty,1,hit_by_pitch,6,2,1
2025-09-20,TBA202509200,BOS,"Eaton, Nate",eaton001,3,0,1B,2B,0,sac_bunt,6,2,1
2025-09-20,TBA202509200,BOS,"Lowe, Nathaniel",lowen001,3,1,3B,3B,1,sac_fly,6,2,1
2025-09-20,TBA202509200,BOS,"Narvaez, Carlos",narvc002,3,2,empty,empty,1,field_out,6,3,1
2025-09-20,TBA202509200,BOS,"Rafaela, Ceddanne",rafac001,3,0,empty,empty,1,walk,7,3,1
2025-09-20,TBA202509200,BOS,"Duran, Jarren",duraj001,4,1,1B,empty,0,strikeout,7,3,1
2025-09-20,TBA202509200,BOS,"Story, Trevor",stort001,4,2,empty,empty,1,field_error,7,3,1
2025-09-20,TBA202509200,BOS,"Bregman, Alex",brega001,4,2,2B,2B,1,strikeout,7,3,1
2025-09-20,TBA202509200,BOS,"Yoshida, Masataka",yoshm002,4,0,empty,empty,1,field_out,8,3,3
2025-09-20,TBA202509200,BOS,"Gonzalez, Romy",gonzr003,4,1,empty,empty,1,single,8,3,3
2025-09-20,TBA202509200,BOS,"Eaton, Nate",eaton001,4,1,1B,1B,1,field_out,8,3,3
2025-09-20,TBA202509200,BOS,"Lowe, Nathaniel",lowen001,4,2,1B,1B,1,single,8,3,3
2025-09-20,TBA202509200,BOS,"Narvaez, Carlos",narvc002,4,2,1B+3B,1B+3B,1,field_out,8,3,3
2025-09-20,TBA202509200,BOS,"Rafaela, Ceddanne",rafac001,4,0,empty,empty,1,field_error,9,3,3
2025-09-20,TBA202509200,BOS,"Duran, Jarren",duraj001,5,0,2B,2B,1,strikeout,9,3,3
2025-09-20,TBA202509200,BOS,"Story, Trevor",stort001,5,1,2B,2B,1,single,9,3,3
2025-09-20,TBA202509200,BOS,"Bregman, Alex",brega001,5,1,1B,1B,1,single,9,4,3
2025-09-20,TBA202509200,BOS,"Yoshida, Masataka",yoshm002,5,1,1B+3B,1B+3B,1,single,9,4,3
2025-09-20,TBA202509200,BOS,"Gonzalez, Romy",gonzr003,5,1,1B+3B,2B+3B,0,sac_fly,9,5,3
2025-09-20,TBA202509200,BOS,"Eaton, Nate",eaton001,5,2,3B,3B,1,field_out,9,6,3
2025-09-21,TBA202509210,BOS,"Duran, Jarren",duraj001,1,0,empty,empty,1,strikeout,1,0,0
2025-09-21,TBA202509210,BOS,"Story, Trevor",stort001,1,1,empty,empty,1,field_out,1,0,0
2025-09-21,TBA202509210,BOS,"Bregman, Alex",brega001,1,2,empty,empty,1,walk,1,0,0
2025-09-21,TBA202509210,BOS,"Yoshida, Masataka",yoshm002,1,2,1B,1B,1,single,1,0,0
2025-09-21,TBA202509210,BOS,"Gonzalez, Romy",gonzr003,1,2,1B+2B,1B+2B,1,walk,1,0,0
2025-09-21,TBA202509210,BOS,"Lowe, Nathaniel",lowen001,1,2,1B+2B+3B,1B+2B+3B,1,strikeout,1,0,0
2025-09-21,TBA202509210,BOS,"Rafaela, Ceddanne",rafac001,1,0,empty,empty,1,strikeout,2,0,3
2025-09-21,TBA202509210,BOS,"Abreu, Wilyer",abrew002,1,1,empty,empty,1,strikeout,2,0,3
2025-09-21,TBA202509210,BOS,"Wong, Connor",wongc001,1,2,empty,empty,1,strikeout,2,0,3
2025-09-21,TBA202509210,BOS,"Duran, Jarren",duraj001,2,0,empty,empty,1,field_out,3,0,3
2025-09-21,TBA202509210,BOS,"Story, Trevor",stort001,2,1,empty,empty,1,strikeout,3,0,3
2025-09-21,TBA202509210,BOS,"Bregman, Alex",brega001,2,2,empty,empty,1,single,3,0,3
2025-09-21,TBA202509210,BOS,"Yoshida, Masataka",yoshm002,2,2,1B,1B,1,field_out,3,0,3
2025-09-21,TBA202509210,BOS,"Gonzalez, Romy",gonzr003,2,0,empty,empty,1,walk,4,0,3
2025-09-21,TBA202509210,BOS,"Lowe, Nathaniel",lowen001,2,0,1B,1B,1,double,4,0,3
2025-09-21,TBA202509210,BOS,"Rafaela, Ceddanne",rafac001,2,1,2B,2B,1,double,4,0,3
2025-09-21,TBA202509210,BOS,"Abreu, Wilyer",abrew002,2,1,2B,2B,1,strikeout,4,1,3
2025-09-21,TBA202509210,BOS,"Wong, Connor",wongc001,2,2,2B,2B,1,strikeout,4,1,3
2025-09-21,TBA202509210,BOS,"Duran, Jarren",duraj001,3,0,empty,empty,1,walk,5,1,3
2025-09-21,TBA202509210,BOS,"Story, Trevor",stort001,3,0,1B,1B,1,strikeout,5,1,3
2025-09-21,TBA202509210,BOS,"Bregman, Alex",brega001,3,2,1B,empty,0,walk,5,1,3
2025-09-21,TBA202509210,BOS,"Yoshida, Masataka",yoshm002,3,2,1B,1B,1,single,5,1,3
2025-09-21,TBA202509210,BOS,"Gonzalez, Romy",gonzr003,3,2,1B+2B,1B+2B,1,single,5,1,3
2025-09-21,TBA202509210,BOS,"Lowe, Nathaniel",lowen001,3,2,1B+2B+3B,1B+2B+3B,1,strikeout,5,1,3
2025-09-21,TBA202509210,BOS,"Rafaela, Ceddanne",rafac001,3,0,empty,empty,1,field_out,6,1,3
2025-09-21,TBA202509210,BOS,"Abreu, Wilyer",abrew002,3,1,empty,empty,1,strikeout,6,1,3
2025-09-21,TBA202509210,BOS,"Wong, Connor",wongc001,3,2,empty,empty,1,field_out,6,1,3
2025-09-21,TBA202509210,BOS,"Duran, Jarren",duraj001,4,0,empty,empty,1,single,7,1,4
2025-09-21,TBA202509210,BOS,"Story, Trevor",stort001,4,0,1B,1B,1,single,7,1,4
2025-09-21,TBA202509210,BOS,"Bregman, Alex",brega001,4,0,1B+3B,1B+3B,1,single,7,1,4
2025-09-21,TBA202509210,BOS,"Yoshida, Masataka",yoshm002,4,0,1B+2B,1B+2B,1,field_out,7,2,4
2025-09-21,TBA202509210,BOS,"Gonzalez, Romy",gonzr003,4,1,1B+2B,1B+2B,1,single,7,2,4
2025-09-21,TBA202509210,BOS,"Lowe, Nathaniel",lowen001,4,1,1B+3B,1B+3B,1,strikeout,7,3,4
2025-09-21,TBA202509210,BOS,"Rafaela, Ceddanne",rafac001,4,2,1B+3B,1B+3B,1,field_out,7,3,4
2025-09-21,TBA202509210,BOS,"Abreu, Wilyer",abrew002,4,0,empty,empty,1,strikeout,8,3,4
2025-09-21,TBA202509210,BOS,"Wong, Connor",wongc001,4,1,empty,empty,1,field_out,8,3,4
2025-09-21,TBA202509210,BOS,"Duran, Jarren",duraj001,5,2,empty,empty,1,strikeout,8,3,4
2025-09-21,TBA202509210,BOS,"Story, Trevor",stort001,5,0,empty,empty,1,field_out,9,3,7
2025-09-21,TBA202509210,BOS,"Bregman, Alex",brega001,5,1,empty,empty,1,field_out,9,3,7
2025-09-21,TBA202509210,BOS,"Yoshida, Masataka",yoshm002,5,2,empty,empty,1,field_out,9,3,7
2025-09-23,TOR202509230,BOS,"Duran, Jarren",duraj001,1,0,empty,empty,1,strikeout,1,0,0
2025-09-23,TOR202509230,BOS,"Story, Trevor",stort001,1,1,empty,empty,1,field_out,1,0,0
2025-09-23,TOR202509230,BOS,"Bregman, Alex",brega001,1,2,empty,empty,1,field_out,1,0,0
2025-09-23,TOR202509230,BOS,"Yoshida, Masataka",yoshm002,1,0,empty,empty,1,double,2,0,0
2025-09-23,TOR202509230,BOS,"Gonzalez, Romy",gonzr003,1,0,2B,2B,1,strikeout,2,0,0
2025-09-23,TOR202509230,BOS,"Rafaela, Ceddanne",rafac001,1,1,2B,2B,1,field_out,2,0,0
2025-09-23,TOR202509230,BOS,"Lowe, Nathaniel",lowen001,1,2,2B,2B,1,single,2,0,0
2025-09-23,TOR202509230,BOS,"Abreu, Wilyer",abrew002,1,2,1B,1B,1,double,2,1,0
2025-09-23,TOR202509230,BOS,"Narvaez, Carlos",narvc002,1,2,2B+3B,2B+3B,1,field_out,2,1,0
2025-09-23,TOR202509230,BOS,"Duran, Jarren",duraj001,2,0,empty,empty,1,strikeout,3,1,0
2025-09-23,TOR202509230,BOS,"Story, Trevor",stort001,2,1,empty,empty,1,strikeout,3,1,0
2025-09-23,TOR202509230,BOS,"Bregman, Alex",brega001,2,2,empty,empty,1,field_out,3,1,0
2025-09-23,TOR202509230,BOS,"Yoshida, Masataka",yoshm002,2,0,empty,empty,1,single,4,1,0
2025-09-23,TOR202509230,BOS,"Gonzalez, Romy",gonzr003,2,0,1B,2B,0,strikeout,4,1,0
2025-09-23,TOR202509230,BOS,"Rafaela, Ceddanne",rafac001,2,1,2B,2B,1,strikeout,4,1,0
2025-09-23,TOR202509230,BOS,"Lowe, Nathaniel",lowen001,2,2,2B,2B,1,walk,4,1,0
2025-09-23,TOR202509230,BOS,"Abreu, Wilyer",abrew002,2,2,1B+2B,1B+2B,1,field_out,4,1,0
2025-09-23,TOR202509230,BOS,"Narvaez, Carlos",narvc002,2,0,empty,empty,1,field_out,5,1,1
2025-09-23,TOR202509230,BOS,"Duran, Jarren",duraj001,3,1,empty,empty,1,field_out,5,1,1
2025-09-23,TOR202509230,BOS,"Story, Trevor",stort001,3,2,empty,empty,1,double,5,1,1
2025-09-23,TOR202509230,BOS,"Bregman, Alex",brega001,3,2,2B,3B,0,strikeout,5,1,1
2025-09-23,TOR202509230,BOS,"Yoshida, Masataka",yoshm002,3,0,empty,empty,1,field_out,6,1,1
2025-09-23,TOR202509230,BOS,"Gonzalez, Romy",gonzr003,3,1,empty,empty,1,double,6,1,1
2025-09-23,TOR202509230,BOS,"Rafaela, Ceddanne",rafac001,3,1,2B,2B,1,single,6,1,1
2025-09-23,TOR202509230,BOS,"Lowe, Nathaniel",lowen001,3,1,1B+3B,1B+3B,1,single,6,1,1
2025-09-23,TOR202509230,BOS,"Abreu, Wilyer",abrew002,3,1,1B+3B,1B+3B,1,fielders_choice_out,6,2,1
2025-09-23,TOR202509230,BOS,"Narvaez, Carlos",narvc002,3,2,1B+2B,1B+2B,1,double,6,2,1
2025-09-23,TOR202509230,BOS,"Duran, Jarren",duraj001,4,2,2B,2B,1,field_out,6,4,1
2025-09-23,TOR202509230,BOS,"Story, Trevor",stort001,4,0,empty,empty,1,field_out,7,4,1
2025-09-23,TOR202509230,BOS,"Bregman, Alex",brega001,4,1,empty,empty,1,field_out,7,4,1
2025-09-23,TOR202509230,BOS,"Yoshida, Masataka",yoshm002,4,2,empty,empty,1,field_out,7,4,1
2025-09-23,TOR202509230,BOS,"Gonzalez, Romy",gonzr003,4,0,empty,empty,1,walk,8,4,1
2025-09-23,TOR202509230,BOS,"Rafaela, Ceddanne",rafac001,4,0,1B,1B,1,strikeout,8,4,1
2025-09-23,TOR202509230,BOS,"Lowe, Nathaniel",lowen001,4,1,1B,1B,1,walk,8,4,1
2025-09-23,TOR202509230,BOS,"Refsnyder, Rob",refsr001,1,1,1B+2B,1B+2B,1,grounded_into_double_play,8,4,1
2025-09-23,TOR202509230,BOS,"Narvaez, Carlos",narvc002,4,0,empty,empty,1,field_out,9,4,1
2025-09-23,TOR202509230,BOS,"Duran, Jarren",duraj001,5,1,empty,empty,1,strikeout,9,4,1
2025-09-23,TOR202509230,BOS,"Story, Trevor",stort001,5,2,empty,empty,1,field_out,9,4,1
2025-09-24,TOR202509240,BOS,"Duran, Jarren",duraj001,1,0,empty,empty,1,strikeout,1,0,0
2025-09-24,TOR202509240,BOS,"Story, Trevor",stort001,1,1,empty,empty,1,single,1,0,0
2025-09-24,TOR202509240,BOS,"Bregman, Alex",brega001,1,1,1B,1B,1,single,1,0,0
2025-09-24,TOR202509240,BOS,"Yoshida, Masataka",yoshm002,1,1,1B+3B,1B+3B,1,double,1,0,0
2025-09-24,TOR202509240,BOS,"Gonzalez, Romy",gonzr003,1,1,2B+3B,2B+3B,1,single,1,1,0
2025-09-24,TOR202509240,BOS,"Rafaela, Ceddanne",rafac001,1,1,1B,1B,1,single,1,3,0
2025-09-24,TOR202509240,BOS,"Lowe, Nathaniel",lowen001,1,1,1B+2B,1B+2B,1,field_out,1,3,0
2025-09-24,TOR202509240,BOS,"Abreu, Wilyer",abrew002,1,2,1B+3B,1B+3B,1,field_out,1,3,0
2025-09-24,TOR202509240,BOS,"Narvaez, Carlos",narvc002,1,0,empty,empty,1,field_out,2,3,0
2025-09-24,TOR202509240,BOS,"Duran, Jarren",duraj001,2,1,empty,empty,1,field_out,2,3,0
2025-09-24,TOR202509240,BOS,"Story, Trevor",stort001,2,2,empty,empty,1,single,2,3,0
2025-09-24,TOR202509240,BOS,"Bregman, Alex",brega001,2,2,1B,1B,1,field_out,2,3,0
2025-09-24,TOR202509240,BOS,"Yoshida, Masataka",yoshm002,2,0,empty,empty,1,field_out,3,3,0
2025-09-24,TOR202509240,BOS,"Gonzalez, Romy",gonzr003,2,1,empty,empty,1,strikeout,3,3,0
2025-09-24,TOR202509240,BOS,"Rafaela, Ceddanne",rafac001,2,2,empty,empty,1,double,3,3,0
2025-09-24,TOR202509240,BOS,"Lowe, Nathaniel",lowen001,2,2,2B,2B,1,field_out,3,3,0
2025-09-24,TOR202509240,BOS,"Abreu, Wilyer",abrew002,2,0,empty,empty,1,single,4,3,0
2025-09-24,TOR202509240,BOS,"Narvaez, Carlos",narvc002,2,0,1B,1B,1,strikeout,4,3,0
2025-09-24,TOR202509240,BOS,"Duran, Jarren",duraj001,3,1,1B,1B,1,strikeout,4,3,0
2025-09-24,TOR202509240,BOS,"Story, Trevor",stort001,3,2,1B,1B,1,single,4,3,0
2025-09-24,TOR202509240,BOS,"Bregman, Alex",brega001,3,2,1B+2B,1B+2B,1,field_out,4,3,0
2025-09-24,TOR202509240,BOS,"Yoshida, Masataka",yoshm002,3,0,empty,empty,1,home_run,5,3,0
2025-09-24,TOR202509240,BOS,"Gonzalez, Romy",gonzr003,3,0,empty,empty,1,field_out,5,4,0
2025-09-24,TOR202509240,BOS,"Rafaela, Ceddanne",rafac001,3,1,empty,empty,1,field_out,5,4,0
2025-09-24,TOR202509240,BOS,"Lowe, Nathaniel",lowen001,3,2,empty,empty,1,strikeout,5,4,0
2025-09-24,TOR202509240,BOS,"Abreu, Wilyer",abrew002,3,0,empty,empty,1,field_out,6,4,0
2025-09-24,TOR202509240,BOS,"Narvaez, Carlos",narvc002,3,1,empty,empty,1,field_out,6,4,0
2025-09-24,TOR202509240,BOS,"Duran, Jarren",duraj001,4,2,empty,empty,1,field_out,6,4,0
2025-09-24,TOR202509240,BOS,"Story, Trevor",stort001,4,0,empty,empty,1,strikeout,7,4,0
2025-09-24,TOR202509240,BOS,"Bregman, Alex",brega001,4,1,empty,empty,1,field_out,7,4,0
2025-09-24,TOR202509240,BOS,"Yoshida, Masataka",yoshm002,4,2,empty,empty,1,field_out,7,4,0
2025-09-24,TOR202509240,BOS,"Gonzalez, Romy",gonzr003,4,0,empty,empty,1,single,8,4,0
2025-09-24,TOR202509240,BOS,"Rafaela, Ceddanne",rafac001,4,0,1B,1B,1,walk,8,4,0
2025-09-24,TOR202509240,BOS,"Lowe, Nathaniel",lowen001,4,0,1B+2B,1B+2B,1,strikeout,8,4,0
2025-09-24,TOR202509240,BOS,"Abreu, Wilyer",abrew002,4,1,1B+2B,1B+2B,1,field_out,8,4,0
2025-09-24,TOR202509240,BOS,"Narvaez, Carlos",narvc002,4,2,2B+3B,2B+3B,1,home_run,8,4,0
2025-09-24,TOR202509240,BOS,"Duran, Jarren",duraj001,5,2,empty,empty,1,walk,8,7,0
2025-09-24,TOR202509240,BOS,"Story, Trevor",stort001,5,2,1B,1B,1,strikeout,8,7,0
2025-09-24,TOR202509240,BOS,"Bregman, Alex",brega001,5,0,empty,empty,1,walk,9,7,0
2025-09-24,TOR202509240,BOS,"Yoshida, Masataka",yoshm002,5,0,1B,1B,1,grounded_into_double_play,9,7,0
2025-09-24,TOR202509240,BOS,"Gonzalez, Romy",gonzr003,5,2,empty,empty,1,field_out,9,7,0
2025-09-25,TOR202509250,BOS,"Duran, Jarren",duraj001,1,0,empty,empty,1,field_out,1,0,0
2025-09-25,TOR202509250,BOS,"Story, Trevor",stort001,1,1,empty,empty,1,field_out,1,0,0
2025-09-25,TOR202509250,BOS,"Bregman, Alex",brega001,1,2,empty,empty,1,strikeout,1,0,0
2025-09-25,TOR202509250,BOS,"Yoshida, Masataka",yoshm002,1,0,empty,empty,1,field_out,2,0,0
2025-09-25,TOR202509250,BOS,"Gonzalez, Romy",gonzr003,1,1,empty,empty,1,strikeout,2,0,0
2025-09-25,TOR202509250,BOS,"Rafaela, Ceddanne",rafac001,1,2,empty,empty,1,strikeout,2,0,0
2025-09-25,TOR202509250,BOS,"Lowe, Nathaniel",lowen001,1,0,empty,empty,1,field_out,3,0,0
2025-09-25,TOR202509250,BOS,"Refsnyder, Rob",refsr001,1,1,empty,empty,1,field_out,3,0,0
2025-09-25,TOR202509250,BOS,"Wong, Connor",wongc001,1,2,empty,empty,1,strikeout,3,0,0
2025-09-25,TOR202509250,BOS,"Duran, Jarren",duraj001,2,0,empty,empty,1,field_out,4,0,0
2025-09-25,TOR202509250,BOS,"Story, Trevor",stort001,2,1,empty,empty,1,field_out,4,0,0
2025-09-25,TOR202509250,BOS,"Bregman, Alex",brega001,2,2,empty,empty,1,field_out,4,0,0
2025-09-25,TOR202509250,BOS,"Yoshida, Masataka",yoshm002,2,0,empty,empty,1,field_out,5,0,0
2025-09-25,TOR202509250,BOS,"Gonzalez, Romy",gonzr003,2,1,empty,empty,1,field_out,5,0,0
2025-09-25,TOR202509250,BOS,"Rafaela, Ceddanne",rafac001,2,2,empty,empty,1,field_out,5,0,0
2025-09-25,TOR202509250,BOS,"Lowe, Nathaniel",lowen001,2,0,empty,empty,1,strikeout,6,0,0
2025-09-25,TOR202509250,BOS,"Refsnyder, Rob",refsr001,2,1,empty,empty,1,strikeout,6,0,0
2025-09-25,TOR202509250,BOS,"Wong, Connor",wongc001,2,2,empty,empty,1,field_out,6,0,0
2025-09-25,TOR202509250,BOS,"Duran, Jarren",duraj001,3,0,empty,empty,1,double,7,0,6
2025-09-25,TOR202509250,BOS,"Story, Trevor",stort001,3,0,2B,2B,1,single,7,0,6
2025-09-25,TOR202509250,BOS,"Bregman, Alex",brega001,3,0,1B,1B,1,grounded_into_double_play,7,1,6
2025-09-25,TOR202509250,BOS,"Yoshida, Masataka",yoshm002,3,2,empty,empty,1,walk,7,1,6
2025-09-25,TOR202509250,BOS,"Gonzalez, Romy",gonzr003,3,2,1B,1B,1,strikeout,7,1,6
2025-09-25,TOR202509250,BOS,"Rafaela, Ceddanne",rafac001,3,0,empty,empty,1,field_out,8,1,6
2025-09-25,TOR202509250,BOS,"Lowe, Nathaniel",lowen001,3,1,empty,empty,1,single,8,1,6
2025-09-25,TOR202509250,BOS,"Eaton, Nate",eaton001,1,1,1B,1B,1,grounded_into_double_play,8,1,6
2025-09-25,TOR202509250,BOS,"Hamilton, David",hamid002,1,0,empty,empty,1,strikeout,9,1,6
2025-09-25,TOR202509250,BOS,"Duran, Jarren",duraj001,4,1,empty,empty,1,hit_by_pitch,9,1,6
2025-09-25,TOR202509250,BOS,"Story, Trevor",stort001,4,1,1B,1B,1,field_out,9,1,6
2025-09-25,TOR202509250,BOS,"Bregman, Alex",brega001,4,2,1B,1B,1,walk,9,1,6
2025-09-25,TOR202509250,BOS,"Yoshida, Masataka",yoshm002,4,2,1B+2B,1B+2B,1,single,9,1,6
2025-09-25,TOR202509250,BOS,"Gonzalez, Romy",gonzr003,4,2,1B+2B+3B,1B+2B+3B,1,field_out,9,1,6
2025-09-26,BOS202509260,BOS,"Duran, Jarren",duraj001,1,0,empty,empty,1,field_out,1,0,0
2025-09-26,BOS202509260,BOS,"Story, Trevor",stort001,1,1,empty,empty,1,strikeout,1,0,0
2025-09-26,BOS202509260,BOS,"Bregman, Alex",brega001,1,2,empty,empty,1,field_out,1,0,0
2025-09-26,BOS202509260,BOS,"Yoshida, Masataka",yoshm002,1,0,empty,empty,1,single,2,0,0
2025-09-26,BOS202509260,BOS,"Gonzalez, Romy",gonzr003,1,0,1B,1B,1,strikeout,2,0,0
2025-09-26,BOS202509260,BOS,"Rafaela, Ceddanne",rafac001,1,1,1B,1B,1,field_out,2,0,0
2025-09-26,BOS202509260,BOS,"Lowe, Nathaniel",lowen001,1,2,1B,1B,1,double,2,0,0
2025-09-26,BOS202509260,BOS,"Abreu, Wilyer",abrew002,1,2,2B+3B,2B+3B,1,field_out,2,0,0
2025-09-26,BOS202509260,BOS,"Narvaez, Carlos",narvc002,1,0,empty,empty,1,field_out,3,0,0
2025-09-26,BOS202509260,BOS,"Duran, Jarren",duraj001,2,1,empty,empty,1,strikeout,3,0,0
2025-09-26,BOS202509260,BOS,"Story, Trevor",stort001,2,2,empty,empty,1,strikeout,3,0,0
2025-09-26,BOS202509260,BOS,"Bregman, Alex",brega001,2,0,empty,empty,1,double,4,0,3
2025-09-26,BOS202509260,BOS,"Yoshida, Masataka",yoshm002,2,0,2B,2B,1,single,4,0,3
2025-09-26,BOS202509260,BOS,"Gonzalez, Romy",gonzr003,2,0,1B,1B,1,field_out,4,1,3
2025-09-26,BOS202509260,BOS,"Rafaela, Ceddanne",rafac001,2,1,1B,1B,1,grounded_into_double_play,4,1,3
2025-09-26,BOS202509260,BOS,"Lowe, Nathaniel",lowen001,2,0,empty,empty,1,strikeout,5,1,3
2025-09-26,BOS202509260,BOS,"Abreu, Wilyer",abrew002,2,1,empty,empty,1,strikeout,5,1,3
2025-09-26,BOS202509260,BOS,"Narvaez, Carlos",narvc002,2,2,empty,empty,1,strikeout,5,1,3
2025-09-26,BOS202509260,BOS,"Duran, Jarren",duraj001,3,0,empty,empty,1,field_out,6,1,3
2025-09-26,BOS202509260,BOS,"Story, Trevor",stort001,3,1,empty,empty,1,field_out,6,1,3
2025-09-26,BOS202509260,BOS,"Bregman, Alex",brega001,3,2,empty,empty,1,strikeout,6,1,3
2025-09-26,BOS202509260,BOS,"Yoshida, Masataka",yoshm002,3,0,empty,empty,1,single,7,1,3
2025-09-26,BOS202509260,BOS,"Gonzalez, Romy",gonzr003,3,0,1B,1B,1,field_out,7,1,3
2025-09-26,BOS202509260,BOS,"Rafaela, Ceddanne",rafac001,3,1,1B,1B,1,double,7,1,3
2025-09-26,BOS202509260,BOS,"Lowe, Nathaniel",lowen001,3,1,2B+3B,2B+3B,1,sac_fly,7,1,3
2025-09-26,BOS202509260,BOS,"Abreu, Wilyer",abrew002,3,2,2B,2B,1,field_out,7,2,3
2025-09-26,BOS202509260,BOS,"Narvaez, Carlos",narvc002,3,0,empty,empty,1,single,8,2,3
2025-09-26,BOS202509260,BOS,"Duran, Jarren",duraj001,4,0,1B,3B,0,single,8,2,3
2025-09-26,BOS202509260,BOS,"Story, Trevor",stort001,4,0,1B,1B,1,grounded_into_double_play,8,3,3
2025-09-26,BOS202509260,BOS,"Bregman, Alex",brega001,4,2,empty,empty,1,strikeout,8,3,3
2025-09-26,BOS202509260,BOS,"Yoshida, Masataka",yoshm002,4,0,empty,empty,1,field_out,9,3,3
2025-09-26,BOS202509260,BOS,"Gonzalez, Romy",gonzr003,4,1,empty,empty,1,single,9,3,3
2025-09-26,BOS202509260,BOS,"Rafaela, Ceddanne",rafac001,4,1,1B,1B,1,triple,9,3,3
2025-09-27,BOS202509270,BOS,"Hamilton, David",hamid002,1,0,empty,empty,1,strikeout,1,0,0
2025-09-27,BOS202509270,BOS,"Abreu, Wilyer",abrew002,1,1,empty,empty,1,single,1,0,0
2025-09-27,BOS202509270,BOS,"Refsnyder, Rob",refsr001,1,1,1B,1B,1,strikeout,1,0,0
2025-09-27,BOS202509270,BOS,"Yoshida, Masataka",yoshm002,1,2,1B,1B,1,strikeout,1,0,0
2025-09-27,BOS202509270,BOS,"Rafaela, Ceddanne",rafac001,1,0,empty,empty,1,single,2,0,0
2025-09-27,BOS202509270,BOS,"Lowe, Nathaniel",lowen001,1,0,1B,1B,1,field_out,2,0,0
2025-09-27,BOS202509270,BOS,"Narvaez, Carlos",narvc002,1,1,1B,1B,1,single,2,0,0
2025-09-27,BOS202509270,BOS,"Eaton, Nate",eaton001,1,1,1B+2B,1B+2B,1,field_out,2,0,0
2025-09-27,BOS202509270,BOS,"Sogard, Nick",sogan001,1,2,1B+3B,1B+3B,1,single,2,0,0
2025-09-27,BOS202509270,BOS,"Hamilton, David",hamid002,2,2,1B+3B,1B+3B,1,field_out,2,1,0
2025-09-27,BOS202509270,BOS,"Abreu, Wilyer",abrew002,2,0,empty,empty,1,field_out,3,1,0
2025-09-27,BOS202509270,BOS,"Refsnyder, Rob",refsr001,2,1,empty,empty,1,strikeout,3,1,0
2025-09-27,BOS202509270,BOS,"Yoshida, Masataka",yoshm002,2,2,empty,empty,1,field_out,3,1,0
2025-09-27,BOS202509270,BOS,"Rafaela, Ceddanne",rafac001,2,0,empty,empty,1,field_out,4,1,0
2025-09-27,BOS202509270,BOS,"Lowe, Nathaniel",lowen001,2,1,empty,empty,1,single,4,1,0
2025-09-27,BOS202509270,BOS,"Narvaez, Carlos",narvc002,2,1,1B,1B,1,strikeout,4,1,0
2025-09-27,BOS202509270,BOS,"Eaton, Nate",eaton001,2,2,1B,1B,1,strikeout,4,1,0
2025-09-27,BOS202509270,BOS,"Sogard, Nick",sogan001,2,0,empty,empty,1,strikeout,5,1,2
2025-09-27,BOS202509270,BOS,"Hamilton, David",hamid002,3,1,empty,empty,1,strikeout,5,1,2
2025-09-27,BOS202509270,BOS,"Abreu, Wilyer",abrew002,3,2,empty,empty,1,strikeout,5,1,2
2025-09-27,BOS202509270,BOS,"Refsnyder, Rob",refsr001,3,0,empty,empty,1,single,6,1,2
2025-09-27,BOS202509270,BOS,"Yoshida, Masataka",yoshm002,3,0,1B,1B,1,field_out,6,1,2
2025-09-27,BOS202509270,BOS,"Rafaela, Ceddanne",rafac001,3,1,1B,1B,1,strikeout,6,1,2
2025-09-27,BOS202509270,BOS,"Lowe, Nathaniel",lowen001,3,2,1B,1B,1,field_out,6,1,2
2025-09-27,BOS202509270,BOS,"Narvaez, Carlos",narvc002,3,0,empty,empty,1,field_out,7,1,2
2025-09-27,BOS202509270,BOS,"Eaton, Nate",eaton001,3,1,empty,empty,1,single,7,1,2
2025-09-27,BOS202509270,BOS,"Sogard, Nick",sogan001,3,1,1B,1B,1,field_out,7,1,2
2025-09-27,BOS202509270,BOS,"Hamilton, David",hamid002,4,2,1B,1B,1,strikeout,7,1,2
2025-09-27,BOS202509270,BOS,"Abreu, Wilyer",abrew002,4,0,empty,empty,1,strikeout,8,1,2
2025-09-27,BOS202509270,BOS,"Refsnyder, Rob",refsr001,4,1,empty,empty,1,field_out,8,1,2
2025-09-27,BOS202509270,BOS,"Yoshida, Masataka",yoshm002,4,2,empty,empty,1,field_out,8,1,2
2025-09-27,BOS202509270,BOS,"Rafaela, Ceddanne",rafac001,4,0,empty,empty,1,field_out,9,1,2
2025-09-27,BOS202509270,BOS,"Lowe, Nathaniel",lowen001,4,1,empty,empty,1,strikeout,9,1,2
2025-09-27,BOS202509270,BOS,"Narvaez, Carlos",narvc002,4,2,empty,empty,1,field_out,9,1,2
2025-09-28,BOS202509280,BOS,"Duran, Jarren",duraj001,1,0,empty,empty,1,strikeout,1,0,0
2025-09-28,BOS202509280,BOS,"Story, Trevor",stort001,1,1,empty,empty,1,field_out,1,0,0
2025-09-28,BOS202509280,BOS,"Yoshida, Masataka",yoshm002,1,2,empty,empty,1,home_run,1,0,0
2025-09-28,BOS202509280,BOS,"Rafaela, Ceddanne",rafac001,1,2,empty,empty,1,single,1,1,0
2025-09-28,BOS202509280,BOS,"Abreu, Wilyer",abrew002,1,2,1B,2B,0,strikeout,1,1,0
2025-09-28,BOS202509280,BOS,"Lowe, Nathaniel",lowen001,1,0,empty,empty,1,double,2,1,0
2025-09-28,BOS202509280,BOS,"Wong, Connor",wongc001,1,0,2B,2B,1,field_out,2,1,0
2025-09-28,BOS202509280,BOS,"Hamilton, David",hamid002,1,1,2B,2B,1,walk,2,1,0
2025-09-28,BOS202509280,BOS,"Sogard, Nick",sogan001,1,1,1B+2B,1B+2B,1,strikeout,2,1,0
2025-09-28,BOS202509280,BOS,"Duran, Jarren",duraj001,2,2,1B+2B,1B+2B,1,field_out,2,1,0
2025-09-28,BOS202509280,BOS,"Story, Trevor",stort001,2,0,empty,empty,1,strikeout,3,1,0
2025-09-28,BOS202509280,BOS,"Yoshida, Masataka",yoshm002,2,1,empty,empty,1,field_out,3,1,0
2025-09-28,BOS202509280,BOS,"Rafaela, Ceddanne",rafac001,2,2,empty,empty,1,double,3,1,0
2025-09-28,BOS202509280,BOS,"Abreu, Wilyer",abrew002,2,2,2B,2B,1,field_out,3,1,0
2025-09-28,BOS202509280,BOS,"Lowe, Nathaniel",lowen001,2,0,empty,empty,1,field_out,4,1,3
2025-09-28,BOS202509280,BOS,"Wong, Connor",wongc001,2,1,empty,empty,1,walk,4,1,3
2025-09-28,BOS202509280,BOS,"Hamilton, David",hamid002,2,1,1B,1B,1,home_run,4,1,3
2025-09-28,BOS202509280,BOS,"Sogard, Nick",sogan001,2,1,empty,empty,1,double,4,3,3
2025-09-28,BOS202509280,BOS,"Duran, Jarren",duraj001,3,1,2B,2B,1,double,4,3,3
2025-09-28,BOS202509280,BOS,"Story, Trevor",stort001,3,1,2B,2B,1,strikeout,4,4,3
2025-09-28,BOS202509280,BOS,"Yoshida, Masataka",yoshm002,3,2,2B,2B,1,field_out,4,4,3
2025-09-28,BOS202509280,BOS,"Rafaela, Ceddanne",rafac001,3,0,empty,empty,1,field_out,5,4,3
2025-09-28,BOS202509280,BOS,"Abreu, Wilyer",abrew002,3,1,empty,empty,1,walk,5,4,3
2025-09-28,BOS202509280,BOS,"Lowe, Nathaniel",lowen001,3,1,1B,1B,1,walk,5,4,3
2025-09-28,BOS202509280,BOS,"Wong, Connor",wongc001,3,1,1B+2B,1B+2B,1,walk,5,4,3
2025-09-28,BOS202509280,BOS,"Hamilton, David",hamid002,3,1,1B+2B+3B,1B+2B+3B,1,field_out,5,4,3
2025-09-28,BOS202509280,BOS,"Sogard, Nick",sogan001,3,2,1B+2B+3B,1B+2B+3B,1,strikeout,5,4,3
2025-09-28,BOS202509280,BOS,"Duran, Jarren",duraj001,4,0,empty,empty,1,field_out,6,4,3
2025-09-28,BOS202509280,BOS,"Story, Trevor",stort001,4,1,empty,empty,1,field_out,6,4,3
2025-09-28,BOS202509280,BOS,"Yoshida, Masataka",yoshm002,4,2,empty,empty,1,field_out,6,4,3
2025-09-28,BOS202509280,BOS,"Rafaela, Ceddanne",rafac001,4,0,empty,empty,1,walk,7,4,3
2025-09-28,BOS202509280,BOS,"Abreu, Wilyer",abrew002,4,0,1B,1B,1,field_out,7,4,3
2025-09-28,BOS202509280,BOS,"Lowe, Nathaniel",lowen001,4,1,1B,1B,1,field_out,7,4,3
2025-09-28,BOS202509280,BOS,"Wong, Connor",wongc001,4,2,1B,1B,1,strikeout,7,4,3
2025-09-28,BOS202509280,BOS,"Hamilton, David",hamid002,4,0,empty,empty,1,strikeout,8,4,3
2025-09-28,BOS202509280,BOS,"Sogard, Nick",sogan001,4,1,empty,empty,1,field_out,8,4,3
2025-09-28,BOS202509280,BOS,"Duran, Jarren",duraj001,5,2,empty,empty,1,field_out,8,4,3
