game_date,game_pk,team,player_name,batter,batter_pa_number_this_game,outs_when_up,runner_situation_start,runner_situation_before_final_pitch,runner_situation_changed_during_pa,events,inning,bat_score,fld_score
2025-03-28,TBA202503280,COL,"Doyle, Brenton",doylb001,1,0,empty,empty,1,field_out,1,0,0
2025-03-28,TBA202503280,COL,"Tovar, Ezequiel",tovae001,1,1,empty,empty,1,single,1,0,0
2025-03-28,TBA202503280,COL,"McMahon, Ryan",mcmar001,1,1,1B,1B,1,single,1,0,0
2025-03-28,TBA202503280,COL,"Bryant, Kris",bryak001,1,1,1B+3B,1B+3B,1,strikeout,1,0,0
2025-03-28,TBA202503280,COL,"Toglia, Michael",toglm001,1,2,1B+3B,1B+3B,1,strikeout,1,0,0
2025-03-28,TBA202503280,COL,"Goodman, Hunter",goodh001,1,0,empty,empty,1,field_out,2,0,0
2025-03-28,TBA202503280,COL,"Martini, Nick",martn003,1,1,empty,empty,1,field_out,2,0,0
2025-03-28,TBA202503280,COL,"Farmer, Kyle",farmk001,1,2,empty,empty,1,field_out,2,0,0
2025-03-28,TBA202503280,COL,"Beck, Jordan",beckj003,1,0,empty,empty,1,field_error,3,0,0
2025-03-28,TBA202503280,COL,"Doyle, Brenton",doylb001,2,0,1B,2B,0,strikeout,3,0,0
2025-03-28,TBA202503280,COL,"Tovar, Ezequiel",tovae001,2,1,2B,2B,1,double,3,0,0
2025-03-28,TBA202503280,COL,"McMahon, Ryan",mcmar001,2,1,2B,2B,1,walk,3,1,0
2025-03-28,TBA202503280,COL,"Bryant, Kris",bryak001,2,2,1B,1B,1,field_out,3,1,0
2025-03-28,TBA202503280,COL,"Toglia, Michael",toglm001,2,0,empty,empty,1,hit_by_pitch,4,1,0
2025-03-28,TBA202503280,COL,"Goodman, Hunter",goodh001,2,0,1B,2B,0,single,4,1,0
2025-03-28,TBA202503280,COL,"Martini, Nick",martn003,2,0,1B+3B,1B+3B,1,strikeout,4,1,0
2025-03-28,TBA202503280,COL,"Farmer, Kyle",farmk001,2,1,1B+3B,1B+3B,1,sac_fly,4,1,0
2025-03-28,TBA202503280,COL,"Beck, Jordan",beckj003,2,2,1B,1B,1,field_out,4,2,0
2025-03-28,TBA202503280,COL,"Doyle, Brenton",doylb001,3,0,empty,empty,1,strikeout,5,2,0
2025-03-28,TBA202503280,COL,"Tovar, Ezequiel",tovae001,3,1,empty,empty,1,strikeout,5,2,0
2025-03-28,TBA202503280,COL,"McMahon, Ryan",mcmar001,3,2,empty,empty,1,double,5,2,0
2025-03-28,TBA202503280,COL,"Bryant, Kris",bryak001,3,2,2B,2B,1,field_out,5,2,0
2025-03-28,TBA202503280,COL,"Toglia, Michael",toglm001,3,0,empty,empty,1,strikeout,6,2,0
2025-03-28,TBA202503280,COL,"Goodman, Hunter",goodh001,3,1,empty,empty,1,double,6,2,0
2025-03-28,TBA202503280,COL,"Martini, Nick",martn003,3,1,2B,2B,1,strikeout,6,2,0
2025-03-28,TBA202503280,COL,"Farmer, Kyle",farmk001,3,2,2B,2B,1,field_out,6,2,0
2025-03-28,TBA202503280,COL,"Beck, Jordan",beckj003,3,0,empty,empty,1,strikeout,7,2,0
2025-03-28,TBA202503280,COL,"Doyle, Brenton",doylb001,4,1,empty,empty,1,field_out,7,2,0
2025-03-28,TBA202503280,COL,"Tovar, Ezequiel",tovae001,4,2,empty,empty,1,field_out,7,2,0
2025-03-28,TBA202503280,COL,"McMahon, Ryan",mcmar001,4,0,empty,empty,1,single,8,2,2
2025-03-28,TBA202503280,COL,"Bryant, Kris",bryak001,4,0,1B,1B,1,field_out,8,2,2
2025-03-28,TBA202503280,COL,"Toglia, Michael",toglm001,4,1,1B,1B,1,strikeout,8,2,2
2025-03-28,TBA202503280,COL,"Goodman, Hunter",goodh001,4,2,1B,1B,1,field_out,8,2,2
2025-03-28,TBA202503280,COL,"Martini, Nick",martn003,4,0,empty,empty,1,walk,9,2,2
2025-03-28,TBA202503280,COL,"Farmer, Kyle",farmk001,4,1,1B,empty,0,strikeout,9,2,2
2025-03-28,TBA202503280,COL,"Beck, Jordan",beckj003,4,2,empty,empty,1,walk,9,2,2
2025-03-28,TBA202503280,COL,"Doyle, Brenton",doylb001,5,2,1B,2B,0,strikeout,9,2,2
2025-03-29,TBA202503290,COL,"Doyle, Brenton",doylb001,1,0,empty,empty,1,field_out,1,0,0
2025-03-29,TBA202503290,COL,"Tovar, Ezequiel",tovae001,1,1,empty,empty,1,field_out,1,0,0
2025-03-29,TBA202503290,COL,"McMahon, Ryan",mcmar001,1,2,empty,empty,1,strikeout,1,0,0
2025-03-29,TBA202503290,COL,"Bryant, Kris",bryak001,1,0,empty,empty,1,strikeout,2,0,0
2025-03-29,TBA202503290,COL,"Toglia, Michael",toglm001,1,1,empty,empty,1,strikeout,2,0,0
2025-03-29,TBA202503290,COL,"Goodman, Hunter",goodh001,1,2,empty,empty,1,strikeout,2,0,0
2025-03-29,TBA202503290,COL,"Martini, Nick",martn003,1,0,empty,empty,1,single,3,0,0
2025-03-29,TBA202503290,COL,"Farmer, Kyle",farmk001,1,0,1B,1B,1,field_out,3,0,0
2025-03-29,TBA202503290,COL,"Beck, Jordan",beckj003,1,1,1B,1B,1,single,3,0,0
2025-03-29,TBA202503290,COL,"Doyle, Brenton",doylb001,2,1,1B+2B,1B+2B,1,single,3,0,0
2025-03-29,TBA202503290,COL,"Tovar, Ezequiel",tovae001,2,1,1B+2B,1B+2B,1,field_out,3,1,0
2025-03-29,TBA202503290,COL,"McMahon, Ryan",mcmar001,2,2,1B+2B,1B+2B,1,field_out,3,1,0
2025-03-29,TBA202503290,COL,"Bryant, Kris",bryak001,2,0,empty,empty,1,strikeout,4,1,0
2025-03-29,TBA202503290,COL,"Toglia, Michael",toglm001,2,1,empty,empty,1,field_out,4,1,0
2025-03-29,TBA202503290,COL,"Goodman, Hunter",goodh001,2,2,empty,empty,1,strikeout,4,1,0
2025-03-29,TBA202503290,COL,"Martini, Nick",martn003,2,0,empty,empty,1,strikeout,5,1,0
2025-03-29,TBA202503290,COL,"Farmer, Kyle",farmk001,2,1,empty,empty,1,field_out,5,1,0
2025-03-29,TBA202503290,COL,"Beck, Jordan",beckj003,2,2,empty,empty,1,field_out,5,1,0
2025-03-29,TBA202503290,COL,"Doyle, Brenton",doylb001,3,0,empty,empty,1,field_out,6,1,0
2025-03-29,TBA202503290,COL,"Tovar, Ezequiel",tovae001,3,1,empty,empty,1,field_out,6,1,0
2025-03-29,TBA202503290,COL,"McMahon, Ryan",mcmar001,3,2,empty,empty,1,single,6,1,0
2025-03-29,TBA202503290,COL,"Bryant, Kris",bryak001,3,2,1B,1B,1,field_out,6,1,0
2025-03-29,TBA202503290,COL,"Toglia, Michael",toglm001,3,0,empty,empty,1,field_out,7,1,0
2025-03-29,TBA202503290,COL,"Goodman, Hunter",goodh001,3,1,empty,empty,1,double,7,1,0
2025-03-29,TBA202503290,COL,"Bouchard, Sean",boucs001,1,1,2B,2B,1,strikeout,7,1,0
2025-03-29,TBA202503290,COL,"Farmer, Kyle",farmk001,3,2,2B,2B,1,single,7,1,0
2025-03-29,TBA202503290,COL,"Beck, Jordan",beckj003,3,2,2B,2B,1,field_out,7,2,0
2025-03-29,TBA202503290,COL,"Doyle, Brenton",doylb001,4,0,empty,empty,1,field_out,8,2,0
2025-03-29,TBA202503290,COL,"Tovar, Ezequiel",tovae001,4,1,empty,empty,1,strikeout,8,2,0
2025-03-29,TBA202503290,COL,"McMahon, Ryan",mcmar001,4,2,empty,empty,1,field_out,8,2,0
2025-03-29,TBA202503290,COL,"Bryant, Kris",bryak001,4,0,empty,empty,1,field_out,9,2,1
2025-03-29,TBA202503290,COL,"Toglia, Michael",toglm001,4,1,empty,empty,1,field_out,9,2,1
2025-03-29,TBA202503290,COL,"Goodman, Hunter",goodh001,4,2,empty,empty,1,field_out,9,2,1
2025-03-30,TBA202503300,COL,"Doyle, Brenton",doylb001,1,0,empty,empty,1,field_out,1,0,0
2025-03-30,TBA202503300,COL,"Tovar, Ezequiel",tovae001,1,1,empty,empty,1,single,1,0,0
2025-03-30,TBA202503300,COL,"McMahon, Ryan",mcmar001,1,1,1B,1B,1,strikeout,1,0,0
2025-03-30,TBA202503300,COL,"Goodman, Hunter",goodh001,1,2,1B,1B,1,strikeout,1,0,0
2025-03-30,TBA202503300,COL,"Toglia, Michael",toglm001,1,0,empty,empty,1,strikeout,2,0,2
2025-03-30,TBA202503300,COL,"Martini, Nick",martn003,1,1,empty,empty,1,field_out,2,0,2
2025-03-30,TBA202503300,COL,"Beck, Jordan",beckj003,1,2,empty,empty,1,strikeout,2,0,2
2025-03-30,TBA202503300,COL,"Stallings, Jacob",stalj001,1,0,empty,empty,1,field_out,3,0,2
2025-03-30,TBA202503300,COL,"Freeman, Tyler",freet001,1,1,empty,empty,1,field_out,3,0,2
2025-03-30,TBA202503300,COL,"Doyle, Brenton",doylb001,2,2,empty,empty,1,field_out,3,0,2
2025-03-30,TBA202503300,COL,"Tovar, Ezequiel",tovae001,2,0,empty,empty,1,field_out,4,0,2
2025-03-30,TBA202503300,COL,"McMahon, Ryan",mcmar001,2,1,empty,empty,1,field_out,4,0,2
2025-03-30,TBA202503300,COL,"Goodman, Hunter",goodh001,2,2,empty,empty,1,strikeout,4,0,2
2025-03-30,TBA202503300,COL,"Toglia, Michael",toglm001,2,0,empty,empty,1,double,5,0,2
2025-03-30,TBA202503300,COL,"Martini, Nick",martn003,2,0,2B,2B,1,single,5,0,2
2025-03-30,TBA202503300,COL,"Beck, Jordan",beckj003,2,0,1B,1B,1,grounded_into_double_play,5,1,2
2025-03-30,TBA202503300,COL,"Stallings, Jacob",stalj001,2,2,empty,empty,1,strikeout,5,1,2
2025-03-30,TBA202503300,COL,"Freeman, Tyler",freet001,2,0,empty,empty,1,hit_by_pitch,6,1,2
2025-03-30,TBA202503300,COL,"Doyle, Brenton",doylb001,3,0,1B,1B,1,single,6,1,2
2025-03-30,TBA202503300,COL,"Tovar, Ezequiel",tovae001,3,0,1B+2B,1B+2B,1,field_out,6,1,2
2025-03-30,TBA202503300,COL,"McMahon, Ryan",mcmar001,3,1,1B+2B,1B+2B,1,strikeout,6,1,2
2025-03-30,TBA202503300,COL,"Goodman, Hunter",goodh001,3,2,1B+2B,1B+2B,1,single,6,1,2
2025-03-30,TBA202503300,COL,"Toglia, Michael",toglm001,3,2,1B+3B,1B+3B,1,field_out,6,2,2
2025-03-30,TBA202503300,COL,"Martini, Nick",martn003,3,0,empty,empty,1,single,7,2,6
2025-03-30,TBA202503300,COL,"Beck, Jordan",beckj003,3,0,1B,2B,0,field_out,7,2,6
2025-03-30,TBA202503300,COL,"Stallings, Jacob",stalj001,3,1,2B,2B,1,field_out,7,2,6
2025-03-30,TBA202503300,COL,"Moniak, Mickey",monim001,1,2,3B,3B,1,home_run,7,2,6
2025-03-30,TBA202503300,COL,"Doyle, Brenton",doylb001,4,2,empty,empty,1,field_out,7,4,6
2025-03-30,TBA202503300,COL,"Tovar, Ezequiel",tovae001,4,0,empty,empty,1,field_out,8,4,6
2025-03-30,TBA202503300,COL,"McMahon, Ryan",mcmar001,4,1,empty,empty,1,strikeout,8,4,6
2025-03-30,TBA202503300,COL,"Goodman, Hunter",goodh001,4,2,empty,empty,1,field_out,8,4,6
2025-03-30,TBA202503300,COL,"Toglia, Michael",toglm001,4,0,empty,empty,1,strikeout,9,4,6
2025-03-30,TBA202503300,COL,"Martini, Nick",martn003,4,1,empty,empty,1,single,9,4,6
2025-03-30,TBA202503300,COL,"Farmer, Kyle",farmk001,1,1,1B,1B,1,single,9,4,6
2025-03-30,TBA202503300,COL,"Stallings, Jacob",stalj001,4,1,1B+3B,1B+3B,1,field_out,9,4,6
2025-03-30,TBA202503300,COL,"Moniak, Mickey",monim001,2,2,1B+3B,1B+3B,1,strikeout,9,4,6
2025-03-31,PHI202503310,COL,"Doyle, Brenton",doylb001,1,0,empty,empty,1,walk,1,0,0
2025-03-31,PHI202503310,COL,"Tovar, Ezequiel",tovae001,1,0,1B,1B,1,field_out,1,0,0
2025-03-31,PHI202503310,COL,"McMahon, Ryan",mcmar001,1,1,1B,1B,1,field_out,1,0,0
2025-03-31,PHI202503310,COL,"Goodman, Hunter",goodh001,1,2,2B,2B,1,field_out,1,0,0
2025-03-31,PHI202503310,COL,"Bryant, Kris",bryak001,1,0,empty,empty,1,strikeout,2,0,0
2025-03-31,PHI202503310,COL,"Toglia, Michael",toglm001,1,1,empty,empty,1,field_out,2,0,0
2025-03-31,PHI202503310,COL,"Farmer, Kyle",farmk001,1,2,empty,empty,1,field_out,2,0,0
2025-03-31,PHI202503310,COL,"Bouchard, Sean",boucs001,1,0,empty,empty,1,strikeout,3,0,0
2025-03-31,PHI202503310,COL,"Beck, Jordan",beckj003,1,1,empty,empty,1,walk,3,0,0
2025-03-31,PHI202503310,COL,"Doyle, Brenton",doylb001,2,1,1B,1B,1,single,3,0,0
2025-03-31,PHI202503310,COL,"Tovar, Ezequiel",tovae001,2,1,1B+2B,1B+2B,1,field_out,3,0,0
2025-03-31,PHI202503310,COL,"McMahon, Ryan",mcmar001,2,2,2B+3B,2B+3B,1,strikeout,3,0,0
2025-03-31,PHI202503310,COL,"Goodman, Hunter",goodh001,2,0,empty,empty,1,field_out,4,0,0
2025-03-31,PHI202503310,COL,"Bryant, Kris",bryak001,2,1,empty,empty,1,strikeout,4,0,0
2025-03-31,PHI202503310,COL,"Toglia, Michael",toglm001,2,2,empty,empty,1,strikeout,4,0,0
2025-03-31,PHI202503310,COL,"Farmer, Kyle",farmk001,2,0,empty,empty,1,strikeout,5,0,0
2025-03-31,PHI202503310,COL,"Bouchard, Sean",boucs001,2,1,empty,empty,1,strikeout,5,0,0
2025-03-31,PHI202503310,COL,"Beck, Jordan",beckj003,2,2,empty,empty,1,single,5,0,0
2025-03-31,PHI202503310,COL,"Doyle, Brenton",doylb001,3,2,1B,1B,1,single,5,0,0
2025-03-31,PHI202503310,COL,"Tovar, Ezequiel",tovae001,3,2,1B+2B,1B+2B,1,field_out,5,0,0
2025-03-31,PHI202503310,COL,"McMahon, Ryan",mcmar001,3,0,empty,empty,1,field_out,6,0,0
2025-03-31,PHI202503310,COL,"Goodman, Hunter",goodh001,3,1,empty,empty,1,home_run,6,0,0
2025-03-31,PHI202503310,COL,"Bryant, Kris",bryak001,3,1,empty,empty,1,walk,6,1,0
2025-03-31,PHI202503310,COL,"Toglia, Michael",toglm001,3,1,1B,1B,1,field_out,6,1,0
2025-03-31,PHI202503310,COL,"Farmer, Kyle",farmk001,3,2,1B,1B,1,field_out,6,1,0
2025-03-31,PHI202503310,COL,"Martini, Nick",martn003,1,0,empty,empty,1,field_out,7,1,0
2025-03-31,PHI202503310,COL,"Beck, Jordan",beckj003,3,1,empty,empty,1,strikeout,7,1,0
2025-03-31,PHI202503310,COL,"Doyle, Brenton",doylb001,4,2,empty,empty,1,single,7,1,0
2025-03-31,PHI202503310,COL,"Tovar, Ezequiel",tovae001,4,2,1B,1B,1,field_out,7,1,0
2025-03-31,PHI202503310,COL,"McMahon, Ryan",mcmar001,4,0,empty,empty,1,strikeout,8,1,4
2025-03-31,PHI202503310,COL,"Goodman, Hunter",goodh001,4,1,empty,empty,1,strikeout,8,1,4
2025-03-31,PHI202503310,COL,"Bryant, Kris",bryak001,4,2,empty,empty,1,walk,8,1,4
2025-03-31,PHI202503310,COL,"Toglia, Michael",toglm001,4,2,1B,1B,1,strikeout,8,1,4
2025-03-31,PHI202503310,COL,"Farmer, Kyle",farmk001,4,0,empty,empty,1,single,9,1,6
2025-03-31,PHI202503310,COL,"Martini, Nick",martn003,2,0,1B,1B,1,strikeout,9,1,6
2025-03-31,PHI202503310,COL,"Beck, Jordan",beckj003,4,1,1B,1B,1,strikeout,9,1,6
2025-03-31,PHI202503310,COL,"Doyle, Brenton",doylb001,5,2,1B,2B,0,field_out,9,1,6
2025-04-02,PHI202504020,COL,"Doyle, Brenton",doylb001,1,0,empty,empty,1,field_out,1,0,0
2025-04-02,PHI202504020,COL,"Tovar, Ezequiel",tovae001,1,1,empty,empty,1,strikeout,1,0,0
2025-04-02,PHI202504020,COL,"McMahon, Ryan",mcmar001,1,2,empty,empty,1,strikeout,1,0,0
2025-04-02,PHI202504020,COL,"Goodman, Hunter",goodh001,1,0,empty,empty,1,hit_by_pitch,2,0,0
2025-04-02,PHI202504020,COL,"Bryant, Kris",bryak001,1,0,1B,1B,1,grounded_into_double_play,2,0,0
2025-04-02,PHI202504020,COL,"Toglia, Michael",toglm001,1,2,empty,empty,1,strikeout,2,0,0
2025-04-02,PHI202504020,COL,"Martini, Nick",martn003,1,0,empty,empty,1,field_out,3,0,0
2025-04-02,PHI202504020,COL,"Farmer, Kyle",farmk001,1,1,empty,empty,1,field_out,3,0,0
2025-04-02,PHI202504020,COL,"Moniak, Mickey",monim001,1,2,empty,empty,1,single,3,0,0
2025-04-02,PHI202504020,COL,"Doyle, Brenton",doylb001,2,2,1B,1B,1,field_out,3,0,0
2025-04-02,PHI202504020,COL,"Tovar, Ezequiel",tovae001,2,0,empty,empty,1,field_out,4,0,0
2025-04-02,PHI202504020,COL,"McMahon, Ryan",mcmar001,2,1,empty,empty,1,field_out,4,0,0
2025-04-02,PHI202504020,COL,"Goodman, Hunter",goodh001,2,2,empty,empty,1,strikeout,4,0,0
2025-04-02,PHI202504020,COL,"Bryant, Kris",bryak001,2,0,empty,empty,1,single,5,0,2
2025-04-02,PHI202504020,COL,"Toglia, Michael",toglm001,2,0,1B,1B,1,strikeout,5,0,2
2025-04-02,PHI202504020,COL,"Martini, Nick",martn003,2,1,1B,1B,1,field_out,5,0,2
2025-04-02,PHI202504020,COL,"Farmer, Kyle",farmk001,2,2,2B,2B,1,strikeout,5,0,2
2025-04-02,PHI202504020,COL,"Moniak, Mickey",monim001,2,0,empty,empty,1,field_out,6,0,2
2025-04-02,PHI202504020,COL,"Doyle, Brenton",doylb001,3,1,empty,empty,1,strikeout,6,0,2
2025-04-02,PHI202504020,COL,"Tovar, Ezequiel",tovae001,3,2,empty,empty,1,field_out,6,0,2
2025-04-02,PHI202504020,COL,"McMahon, Ryan",mcmar001,3,0,empty,empty,1,strikeout,7,0,2
2025-04-02,PHI202504020,COL,"Goodman, Hunter",goodh001,3,1,empty,empty,1,home_run,7,0,2
2025-04-02,PHI202504020,COL,"Bryant, Kris",bryak001,3,1,empty,empty,1,strikeout,7,1,2
2025-04-02,PHI202504020,COL,"Toglia, Michael",toglm001,3,2,empty,empty,1,strikeout,7,1,2
2025-04-02,PHI202504020,COL,"Bouchard, Sean",boucs001,1,0,empty,empty,1,field_out,8,1,3
2025-04-02,PHI202504020,COL,"Farmer, Kyle",farmk001,3,1,empty,empty,1,walk,8,1,3
2025-04-02,PHI202504020,COL,"Beck, Jordan",beckj003,1,1,1B,1B,1,strikeout,8,1,3
2025-04-02,PHI202504020,COL,"Doyle, Brenton",doylb001,4,2,1B,1B,1,walk,8,1,3
2025-04-02,PHI202504020,COL,"Tovar, Ezequiel",tovae001,4,2,1B+2B,1B+2B,1,strikeout,8,1,3
2025-04-02,PHI202504020,COL,"McMahon, Ryan",mcmar001,4,0,empty,empty,1,strikeout,9,1,5
2025-04-02,PHI202504020,COL,"Goodman, Hunter",goodh001,4,1,empty,empty,1,double,9,1,5
2025-04-02,PHI202504020,COL,"Bryant, Kris",bryak001,4,1,2B,2B,1,field_out,9,1,5
2025-04-02,PHI202504020,COL,"Toglia, Michael",toglm001,4,2,2B,3B,0,strikeout,9,1,5
2025-04-03,PHI202504030,COL,"Doyle, Brenton",doylb001,1,0,empty,empty,1,field_out,1,0,0
2025-04-03,PHI202504030,COL,"Tovar, Ezequiel",tovae001,1,1,empty,empty,1,field_error,1,0,0
2025-04-03,PHI202504030,COL,"McMahon, Ryan",mcmar001,1,1,1B,1B,1,strikeout_double_play,1,0,0
2025-04-03,PHI202504030,COL,"Goodman, Hunter",goodh001,1,0,empty,empty,1,field_out,2,0,0
2025-04-03,PHI202504030,COL,"Toglia, Michael",toglm001,1,1,empty,empty,1,strikeout,2,0,0
2025-04-03,PHI202504030,COL,"Martini, Nick",martn003,1,2,empty,empty,1,field_out,2,0,0
2025-04-03,PHI202504030,COL,"Stallings, Jacob",stalj001,1,0,empty,empty,1,single,3,0,0
2025-04-03,PHI202504030,COL,"Moniak, Mickey",monim001,1,0,1B,1B,1,strikeout,3,0,0
2025-04-03,PHI202504030,COL,"Freeman, Tyler",freet001,1,1,1B,1B,1,field_out,3,0,0
2025-04-03,PHI202504030,COL,"Doyle, Brenton",doylb001,2,0,1B,empty,0,field_out,4,0,0
2025-04-03,PHI202504030,COL,"Tovar, Ezequiel",tovae001,2,1,empty,empty,1,field_out,4,0,0
2025-04-03,PHI202504030,COL,"McMahon, Ryan",mcmar001,2,2,empty,empty,1,single,4,0,0
2025-04-03,PHI202504030,COL,"Goodman, Hunter",goodh001,2,2,1B,1B,1,hit_by_pitch,4,0,0
2025-04-03,PHI202504030,COL,"Toglia, Michael",toglm001,2,2,1B+2B,1B+2B,1,field_out,4,0,0
2025-04-03,PHI202504030,COL,"Martini, Nick",martn003,2,0,empty,empty,1,field_out,5,0,0
2025-04-03,PHI202504030,COL,"Stallings, Jacob",stalj001,2,1,empty,empty,1,field_out,5,0,0
2025-04-03,PHI202504030,COL,"Moniak, Mickey",monim001,2,2,empty,empty,1,triple,5,0,0
2025-04-03,PHI202504030,COL,"Freeman, Tyler",freet001,2,2,3B,3B,1,walk,5,0,0
2025-04-03,PHI202504030,COL,"Doyle, Brenton",doylb001,3,2,1B+3B,1B+3B,1,field_out,5,0,0
2025-04-03,PHI202504030,COL,"Tovar, Ezequiel",tovae001,3,0,empty,empty,1,field_out,6,0,1
2025-04-03,PHI202504030,COL,"McMahon, Ryan",mcmar001,3,1,empty,empty,1,field_out,6,0,1
2025-04-03,PHI202504030,COL,"Goodman, Hunter",goodh001,3,2,empty,empty,1,strikeout,6,0,1
2025-04-03,PHI202504030,COL,"Toglia, Michael",toglm001,3,0,empty,empty,1,strikeout,7,0,1
2025-04-03,PHI202504030,COL,"Martini, Nick",martn003,3,1,empty,empty,1,single,7,0,1
2025-04-03,PHI202504030,COL,"Stallings, Jacob",stalj001,3,1,1B,1B,1,strikeout,7,0,1
2025-04-03,PHI202504030,COL,"Moniak, Mickey",monim001,3,2,1B,1B,1,field_out,7,0,1
2025-04-03,PHI202504030,COL,"Freeman, Tyler",freet001,3,0,empty,empty,1,field_out,8,0,2
2025-04-03,PHI202504030,COL,"Doyle, Brenton",doylb001,4,1,empty,empty,1,double,8,0,2
2025-04-03,PHI202504030,COL,"Tovar, Ezequiel",tovae001,4,1,2B,2B,1,field_out,8,0,2
2025-04-03,PHI202504030,COL,"McMahon, Ryan",mcmar001,4,2,2B,2B,1,strikeout,8,0,2
2025-04-03,PHI202504030,COL,"Goodman, Hunter",goodh001,4,0,empty,empty,1,walk,9,0,3
2025-04-03,PHI202504030,COL,"Toglia, Michael",toglm001,4,0,1B,1B,1,single,9,0,3
2025-04-03,PHI202504030,COL,"Bouchard, Sean",boucs001,1,0,1B+3B,1B+3B,1,single,9,0,3
2025-04-03,PHI202504030,COL,"Stallings, Jacob",stalj001,4,0,1B+2B,1B+2B,1,strikeout,9,1,3
2025-04-03,PHI202504030,COL,"Farmer, Kyle",farmk001,1,1,1B+2B,1B+2B,1,single,9,1,3
2025-04-03,PHI202504030,COL,"Freeman, Tyler",freet001,4,1,1B+2B+3B,1B+2B+3B,1,strikeout,9,1,3
2025-04-03,PHI202504030,COL,"Doyle, Brenton",doylb001,5,2,1B+2B+3B,1B+2B+3B,1,strikeout,9,1,3
2025-04-04,COL202504040,COL,"Doyle, Brenton",doylb001,1,0,empty,empty,1,field_out,1,0,1
2025-04-04,COL202504040,COL,"Tovar, Ezequiel",tovae001,1,1,empty,empty,1,triple,1,0,1
2025-04-04,COL202504040,COL,"McMahon, Ryan",mcmar001,1,1,3B,3B,1,sac_fly,1,0,1
2025-04-04,COL202504040,COL,"Goodman, Hunter",goodh001,1,2,empty,empty,1,strikeout,1,1,1
2025-04-04,COL202504040,COL,"Toglia, Michael",toglm001,1,0,empty,empty,1,strikeout,2,1,1
2025-04-04,COL202504040,COL,"Farmer, Kyle",farmk001,1,1,empty,empty,1,field_out,2,1,1
2025-04-04,COL202504040,COL,"Stallings, Jacob",stalj001,1,2,empty,empty,1,single,2,1,1
2025-04-04,COL202504040,COL,"Beck, Jordan",beckj003,1,2,1B,1B,1,walk,2,1,1
2025-04-04,COL202504040,COL,"Moniak, Mickey",monim001,1,2,1B+2B,1B+2B,1,field_out,2,1,1
2025-04-04,COL202504040,COL,"Doyle, Brenton",doylb001,2,0,empty,empty,1,field_out,3,1,1
2025-04-04,COL202504040,COL,"Tovar, Ezequiel",tovae001,2,1,empty,empty,1,single,3,1,1
2025-04-04,COL202504040,COL,"McMahon, Ryan",mcmar001,2,1,1B,1B,1,strikeout,3,1,1
2025-04-04,COL202504040,COL,"Goodman, Hunter",goodh001,2,2,1B,1B,1,field_out,3,1,1
2025-04-04,COL202504040,COL,"Toglia, Michael",toglm001,2,0,empty,empty,1,single,4,1,2
2025-04-04,COL202504040,COL,"Farmer, Kyle",farmk001,2,0,1B,1B,1,double,4,1,2
2025-04-04,COL202504040,COL,"Stallings, Jacob",stalj001,2,0,2B,2B,1,double_play,4,2,2
2025-04-04,COL202504040,COL,"Beck, Jordan",beckj003,2,2,empty,empty,1,strikeout,4,2,2
2025-04-04,COL202504040,COL,"Moniak, Mickey",monim001,2,0,empty,empty,1,strikeout,5,2,2
2025-04-04,COL202504040,COL,"Doyle, Brenton",doylb001,3,1,empty,empty,1,field_out,5,2,2
2025-04-04,COL202504040,COL,"Tovar, Ezequiel",tovae001,3,2,empty,empty,1,walk,5,2,2
2025-04-04,COL202504040,COL,"McMahon, Ryan",mcmar001,3,2,1B,1B,1,single,5,2,2
2025-04-04,COL202504040,COL,"Goodman, Hunter",goodh001,3,2,1B+3B,1B+3B,1,field_out,5,2,2
2025-04-04,COL202504040,COL,"Toglia, Michael",toglm001,3,0,empty,empty,1,single,6,2,3
2025-04-04,COL202504040,COL,"Farmer, Kyle",farmk001,3,0,1B,1B,1,strikeout,6,2,3
2025-04-04,COL202504040,COL,"Stallings, Jacob",stalj001,3,1,1B,1B,1,walk,6,2,3
2025-04-04,COL202504040,COL,"Beck, Jordan",beckj003,3,1,1B+2B,1B+2B,1,strikeout,6,2,3
2025-04-04,COL202504040,COL,"Moniak, Mickey",monim001,3,2,1B+2B,1B+2B,1,strikeout,6,2,3
2025-04-04,COL202504040,COL,"Doyle, Brenton",doylb001,4,0,empty,empty,1,single,7,2,3
2025-04-04,COL202504040,COL,"Tovar, Ezequiel",tovae001,4,0,1B,1B,1,single,7,2,3
2025-04-04,COL202504040,COL,"McMahon, Ryan",mcmar001,4,0,1B+2B,1B+2B,1,field_out,7,2,3
2025-04-04,COL202504040,COL,"Goodman, Hunter",goodh001,4,1,1B+2B,1B+2B,1,grounded_into_double_play,7,2,3
2025-04-04,COL202504040,COL,"Toglia, Michael",toglm001,4,0,empty,empty,1,strikeout,8,2,3
2025-04-04,COL202504040,COL,"Farmer, Kyle",farmk001,4,1,empty,empty,1,double,8,2,3
2025-04-04,COL202504040,COL,"Stallings, Jacob",stalj001,4,1,2B,2B,1,strikeout,8,2,3
2025-04-04,COL202504040,COL,"Beck, Jordan",beckj003,4,2,2B,2B,1,single,8,2,3
2025-04-04,COL202504040,COL,"Moniak, Mickey",monim001,4,2,1B,2B,0,field_out,8,3,3
2025-04-04,COL202504040,COL,"Doyle, Brenton",doylb001,5,0,empty,empty,1,field_out,9,3,3
2025-04-04,COL202504040,COL,"Tovar, Ezequiel",tovae001,5,1,empty,empty,1,strikeout,9,3,3
2025-04-04,COL202504040,COL,"McMahon, Ryan",mcmar001,5,2,empty,empty,1,field_out,9,3,3
2025-04-04,COL202504040,COL,"Goodman, Hunter",goodh001,5,0,2B,2B,1,field_out,10,3,3
2025-04-04,COL202504040,COL,"Toglia, Michael",toglm001,5,1,3B,3B,1,intent_walk,10,3,3
2025-04-04,COL202504040,COL,"Freeman, Tyler",freet001,1,1,1B+3B,1B+3B,1,strikeout,10,3,3
2025-04-04,COL202504040,COL,"Martini, Nick",martn003,1,2,1B+3B,1B+3B,1,intent_walk,10,3,3
2025-04-04,COL202504040,COL,"Beck, Jordan",beckj003,5,2,1B+2B+3B,1B+2B+3B,1,strikeout,10,3,3
2025-04-04,COL202504040,COL,"Moniak, Mickey",monim001,5,0,2B,2B,1,walk,11,3,6
2025-04-04,COL202504040,COL,"Doyle, Brenton",doylb001,6,0,1B+2B,1B+2B,1,grounded_into_double_play,11,3,6
2025-04-04,COL202504040,COL,"Tovar, Ezequiel",tovae001,6,2,3B,3B,1,strikeout,11,3,6
2025-04-05,COL202504050,COL,"Doyle, Brenton",doylb001,1,0,empty,empty,1,field_out,1,0,0
2025-04-05,COL202504050,COL,"Tovar, Ezequiel",tovae001,1,1,empty,empty,1,field_out,1,0,0
2025-04-05,COL202504050,COL,"McMahon, Ryan",mcmar001,1,2,empty,empty,1,single,1,0,0
2025-04-05,COL202504050,COL,"Goodman, Hunter",goodh001,1,2,1B,2B,0,field_out,1,0,0
2025-04-05,COL202504050,COL,"Bryant, Kris",bryak001,1,0,empty,empty,1,field_out,2,0,0
2025-04-05,COL202504050,COL,"Toglia, Michael",toglm001,1,1,empty,empty,1,field_out,2,0,0
2025-04-05,COL202504050,COL,"Farmer, Kyle",farmk001,1,2,empty,empty,1,double,2,0,0
2025-04-05,COL202504050,COL,"Bouchard, Sean",boucs001,1,2,2B,2B,1,home_run,2,0,0
2025-04-05,COL202504050,COL,"Beck, Jordan",beckj003,1,2,empty,empty,1,field_out,2,2,0
2025-04-05,COL202504050,COL,"Doyle, Brenton",doylb001,2,0,empty,empty,1,single,3,2,0
2025-04-05,COL202504050,COL,"Tovar, Ezequiel",tovae001,2,0,1B,1B,1,double,3,2,0
2025-04-05,COL202504050,COL,"McMahon, Ryan",mcmar001,2,0,2B+3B,2B+3B,1,walk,3,2,0
2025-04-05,COL202504050,COL,"Goodman, Hunter",goodh001,2,0,1B+2B+3B,1B+2B+3B,1,grounded_into_double_play,3,2,0
2025-04-05,COL202504050,COL,"Bryant, Kris",bryak001,2,2,3B,3B,1,strikeout,3,3,0
2025-04-05,COL202504050,COL,"Toglia, Michael",toglm001,2,0,empty,empty,1,field_out,4,3,1
2025-04-05,COL202504050,COL,"Farmer, Kyle",farmk001,2,1,empty,empty,1,field_out,4,3,1
2025-04-05,COL202504050,COL,"Bouchard, Sean",boucs001,2,2,empty,empty,1,field_out,4,3,1
2025-04-05,COL202504050,COL,"Beck, Jordan",beckj003,2,0,empty,empty,1,field_out,5,3,1
2025-04-05,COL202504050,COL,"Doyle, Brenton",doylb001,3,1,empty,empty,1,field_out,5,3,1
2025-04-05,COL202504050,COL,"Tovar, Ezequiel",tovae001,3,2,empty,empty,1,strikeout,5,3,1
2025-04-05,COL202504050,COL,"McMahon, Ryan",mcmar001,3,0,empty,empty,1,field_out,6,3,4
2025-04-05,COL202504050,COL,"Goodman, Hunter",goodh001,3,1,empty,empty,1,field_out,6,3,4
2025-04-05,COL202504050,COL,"Bryant, Kris",bryak001,3,2,empty,empty,1,field_out,6,3,4
2025-04-05,COL202504050,COL,"Toglia, Michael",toglm001,3,0,empty,empty,1,field_out,7,3,7
2025-04-05,COL202504050,COL,"Farmer, Kyle",farmk001,3,1,empty,empty,1,single,7,3,7
2025-04-05,COL202504050,COL,"Bouchard, Sean",boucs001,3,1,1B,1B,1,walk,7,3,7
2025-04-05,COL202504050,COL,"Beck, Jordan",beckj003,3,1,1B+2B,1B+2B,1,field_out,7,3,7
2025-04-05,COL202504050,COL,"Doyle, Brenton",doylb001,4,2,1B+2B,1B+2B,1,strikeout,7,3,7
2025-04-05,COL202504050,COL,"Tovar, Ezequiel",tovae001,4,0,empty,empty,1,field_out,8,3,7
2025-04-05,COL202504050,COL,"McMahon, Ryan",mcmar001,4,1,empty,empty,1,home_run,8,3,7
2025-04-05,COL202504050,COL,"Goodman, Hunter",goodh001,4,1,empty,empty,1,field_out,8,4,7
2025-04-05,COL202504050,COL,"Bryant, Kris",bryak001,4,2,empty,empty,1,single,8,4,7
2025-04-05,COL202504050,COL,"Toglia, Michael",toglm001,4,2,1B,1B,1,walk,8,4,7
2025-04-05,COL202504050,COL,"Farmer, Kyle",farmk001,4,2,1B+2B,1B+2B,1,field_out,8,4,7
2025-04-05,COL202504050,COL,"Bouchard, Sean",boucs001,4,0,empty,empty,1,strikeout,9,4,7
2025-04-05,COL202504050,COL,"Martini, Nick",martn003,1,1,empty,empty,1,single,9,4,7
2025-04-05,COL202504050,COL,"Doyle, Brenton",doylb001,5,1,1B,1B,1,field_out,9,4,7
2025-04-05,COL202504050,COL,"Tovar, Ezequiel",tovae001,5,2,1B,3B,0,strikeout,9,4,7
2025-04-06,COL202504060,COL,"Doyle, Brenton",doylb001,1,0,empty,empty,1,home_run,1,0,2
2025-04-06,COL202504060,COL,"Tovar, Ezequiel",tovae001,1,0,empty,empty,1,single,1,1,2
2025-04-06,COL202504060,COL,"McMahon, Ryan",mcmar001,1,0,1B,1B,1,strikeout,1,1,2
2025-04-06,COL202504060,COL,"Goodman, Hunter",goodh001,1,1,2B,2B,1,strikeout,1,1,2
2025-04-06,COL202504060,COL,"Bryant, Kris",bryak001,1,2,2B,2B,1,single,1,1,2
2025-04-06,COL202504060,COL,"Toglia, Michael",toglm001,1,2,1B,1B,1,field_out,1,2,2
2025-04-06,COL202504060,COL,"Martini, Nick",martn003,1,0,empty,empty,1,field_out,2,2,2
2025-04-06,COL202504060,COL,"Freeman, Tyler",freet001,1,1,empty,empty,1,hit_by_pitch,2,2,2
2025-04-06,COL202504060,COL,"Moniak, Mickey",monim001,1,1,1B,1B,1,walk,2,2,2
2025-04-06,COL202504060,COL,"Doyle, Brenton",doylb001,2,1,1B+2B,1B+2B,1,double,2,2,2
2025-04-06,COL202504060,COL,"Tovar, Ezequiel",tovae001,2,1,2B,2B,1,double,2,4,2
2025-04-06,COL202504060,COL,"McMahon, Ryan",mcmar001,2,1,2B,2B,1,field_out,2,5,2
2025-04-06,COL202504060,COL,"Goodman, Hunter",goodh001,2,2,2B,2B,1,field_out,2,5,2
2025-04-06,COL202504060,COL,"Bryant, Kris",bryak001,2,0,empty,empty,1,double,3,5,2
2025-04-06,COL202504060,COL,"Toglia, Michael",toglm001,2,0,2B,2B,1,field_out,3,5,2
2025-04-06,COL202504060,COL,"Martini, Nick",martn003,2,1,3B,3B,1,walk,3,5,2
2025-04-06,COL202504060,COL,"Freeman, Tyler",freet001,2,1,1B+3B,1B+3B,1,sac_fly,3,5,2
2025-04-06,COL202504060,COL,"Moniak, Mickey",monim001,2,2,1B,1B,1,strikeout,3,6,2
2025-04-06,COL202504060,COL,"Doyle, Brenton",doylb001,3,0,empty,empty,1,strikeout,4,6,3
2025-04-06,COL202504060,COL,"Tovar, Ezequiel",tovae001,3,1,empty,empty,1,double,4,6,3
2025-04-06,COL202504060,COL,"McMahon, Ryan",mcmar001,3,1,2B,2B,1,single,4,6,3
2025-04-06,COL202504060,COL,"Goodman, Hunter",goodh001,3,1,1B,1B,1,field_out,4,7,3
2025-04-06,COL202504060,COL,"Bryant, Kris",bryak001,3,2,1B,1B,1,field_out,4,7,3
2025-04-06,COL202504060,COL,"Toglia, Michael",toglm001,3,0,empty,empty,1,strikeout,5,7,4
2025-04-06,COL202504060,COL,"Martini, Nick",martn003,3,1,empty,empty,1,strikeout,5,7,4
2025-04-06,COL202504060,COL,"Freeman, Tyler",freet001,3,2,empty,empty,1,strikeout,5,7,4
2025-04-06,COL202504060,COL,"Moniak, Mickey",monim001,3,0,empty,empty,1,field_out,6,7,4
2025-04-06,COL202504060,COL,"Doyle, Brenton",doylb001,4,1,empty,empty,1,field_out,6,7,4
2025-04-06,COL202504060,COL,"Tovar, Ezequiel",tovae001,4,2,empty,empty,1,strikeout,6,7,4
2025-04-06,COL202504060,COL,"McMahon, Ryan",mcmar001,4,0,empty,empty,1,field_out,7,7,4
2025-04-06,COL202504060,COL,"Goodman, Hunter",goodh001,4,1,empty,empty,1,strikeout,7,7,4
2025-04-06,COL202504060,COL,"Bryant, Kris",bryak001,4,2,empty,empty,1,strikeout,7,7,4
2025-04-06,COL202504060,COL,"Toglia, Michael",toglm001,4,0,empty,empty,1,double,8,7,4
2025-04-06,COL202504060,COL,"Martini, Nick",martn003,4,1,empty,empty,1,single,8,7,4
2025-04-06,COL202504060,COL,"Freeman, Tyler",freet001,4,1,1B,1B,1,single,8,7,4
2025-04-06,COL202504060,COL,"Bouchard, Sean",boucs001,1,1,1B+2B,1B+2B,1,walk,8,7,4
2025-04-06,COL202504060,COL,"Doyle, Brenton",doylb001,5,1,1B+2B+3B,1B+2B+3B,1,single,8,7,4
2025-04-06,COL202504060,COL,"Tovar, Ezequiel",tovae001,5,1,1B+2B+3B,1B+2B+3B,1,single,8,8,4
2025-04-06,COL202504060,COL,"McMahon, Ryan",mcmar001,5,1,1B+2B,1B+2B,1,hit_by_pitch,8,10,4
2025-04-06,COL202504060,COL,"Goodman, Hunter",goodh001,5,1,1B+2B+3B,1B+2B+3B,1,single,8,10,4
2025-04-06,COL202504060,COL,"Bryant, Kris",bryak001,5,1,1B+2B,1B+2B,1,strikeout,8,12,4
2025-04-06,COL202504060,COL,"Toglia, Michael",toglm001,5,2,1B+2B,1B+2B,1,field_out,8,12,4
2025-04-08,COL202504080,COL,"Doyle, Brenton",doylb001,1,0,empty,empty,1,field_out,1,0,0
2025-04-08,COL202504080,COL,"Tovar, Ezequiel",tovae001,1,1,empty,empty,1,field_out,1,0,0
2025-04-08,COL202504080,COL,"McMahon, Ryan",mcmar001,1,2,empty,empty,1,single,1,0,0
2025-04-08,COL202504080,COL,"Bryant, Kris",bryak001,1,2,1B,1B,1,field_out,1,0,0
2025-04-08,COL202504080,COL,"Farmer, Kyle",farmk001,1,0,empty,empty,1,strikeout,2,0,0
2025-04-08,COL202504080,COL,"Toglia, Michael",toglm001,1,1,empty,empty,1,single,2,0,0
2025-04-08,COL202504080,COL,"Veen, Zac",veenz001,1,1,1B,1B,1,field_out,2,0,0
2025-04-08,COL202504080,COL,"Stallings, Jacob",stalj001,1,2,1B,2B,0,strikeout,2,0,0
2025-04-08,COL202504080,COL,"Moniak, Mickey",monim001,1,0,empty,empty,1,field_out,3,0,4
2025-04-08,COL202504080,COL,"Doyle, Brenton",doylb001,2,1,empty,empty,1,home_run,3,0,4
2025-04-08,COL202504080,COL,"Tovar, Ezequiel",tovae001,2,1,empty,empty,1,walk,3,1,4
2025-04-08,COL202504080,COL,"McMahon, Ryan",mcmar001,2,1,1B,1B,1,walk,3,1,4
2025-04-08,COL202504080,COL,"Bryant, Kris",bryak001,2,1,1B+2B,1B+2B,1,strikeout,3,1,4
2025-04-08,COL202504080,COL,"Farmer, Kyle",farmk001,2,2,1B+2B,1B+3B,0,field_out,3,1,4
2025-04-08,COL202504080,COL,"Toglia, Michael",toglm001,2,0,empty,empty,1,strikeout,4,1,4
2025-04-08,COL202504080,COL,"Veen, Zac",veenz001,2,1,empty,empty,1,strikeout,4,1,4
2025-04-08,COL202504080,COL,"Stallings, Jacob",stalj001,2,2,empty,empty,1,strikeout,4,1,4
2025-04-08,COL202504080,COL,"Moniak, Mickey",monim001,2,0,empty,empty,1,field_out,5,1,4
2025-04-08,COL202504080,COL,"Doyle, Brenton",doylb001,3,1,empty,empty,1,walk,5,1,4
2025-04-08,COL202504080,COL,"Tovar, Ezequiel",tovae001,3,1,1B,1B,1,field_out,5,1,4
2025-04-08,COL202504080,COL,"McMahon, Ryan",mcmar001,3,2,1B,2B,0,field_out,5,1,4
2025-04-08,COL202504080,COL,"Bryant, Kris",bryak001,3,0,empty,empty,1,field_out,6,1,4
2025-04-08,COL202504080,COL,"Farmer, Kyle",farmk001,3,1,empty,empty,1,walk,6,1,4
2025-04-08,COL202504080,COL,"Toglia, Michael",toglm001,3,1,1B,1B,1,strikeout,6,1,4
2025-04-08,COL202504080,COL,"Veen, Zac",veenz001,3,2,1B,1B,1,single,6,1,4
2025-04-08,COL202504080,COL,"Stallings, Jacob",stalj001,3,2,2B+3B,2B+3B,1,strikeout,6,1,4
2025-04-08,COL202504080,COL,"Moniak, Mickey",monim001,3,0,empty,empty,1,double,7,1,7
2025-04-08,COL202504080,COL,"Doyle, Brenton",doylb001,4,0,2B,2B,1,strikeout,7,1,7
2025-04-08,COL202504080,COL,"Tovar, Ezequiel",tovae001,4,1,2B,2B,1,field_out,7,1,7
2025-04-08,COL202504080,COL,"McMahon, Ryan",mcmar001,4,2,2B,2B,1,strikeout,7,1,7
2025-04-08,COL202504080,COL,"Bryant, Kris",bryak001,4,0,empty,empty,1,field_out,8,1,7
2025-04-08,COL202504080,COL,"Farmer, Kyle",farmk001,4,1,empty,empty,1,strikeout,8,1,7
2025-04-08,COL202504080,COL,"Toglia, Michael",toglm001,4,2,empty,empty,1,strikeout,8,1,7
2025-04-08,COL202504080,COL,"Veen, Zac",veenz001,4,0,empty,empty,1,field_out,9,1,7
2025-04-08,COL202504080,COL,"Stallings, Jacob",stalj001,4,1,empty,empty,1,strikeout,9,1,7
2025-04-08,COL202504080,COL,"Bouchard, Sean",boucs001,1,2,empty,empty,1,strikeout,9,1,7
2025-04-09,COL202504090,COL,"Doyle, Brenton",doylb001,1,0,empty,empty,1,field_out,1,0,0
2025-04-09,COL202504090,COL,"Bouchard, Sean",boucs001,1,1,empty,empty,1,walk,1,0,0
2025-04-09,COL202504090,COL,"Tovar, Ezequiel",tovae001,1,1,1B,1B,1,single,1,0,0
2025-04-09,COL202504090,COL,"McMahon, Ryan",mcmar001,1,1,1B+2B,1B+2B,1,field_out,1,0,0
2025-04-09,COL202504090,COL,"Goodman, Hunter",goodh001,1,2,1B+2B,1B+2B,1,field_out,1,0,0
2025-04-09,COL202504090,COL,"Farmer, Kyle",farmk001,1,0,empty,empty,1,single,2,0,0
2025-04-09,COL202504090,COL,"Bryant, Kris",bryak001,1,0,1B,1B,1,field_out,2,0,0
2025-04-09,COL202504090,COL,"Toglia, Michael",toglm001,1,1,1B,1B,1,field_out,2,0,0
2025-04-09,COL202504090,COL,"Veen, Zac",veenz001,1,2,1B,1B,1,walk,2,0,0
2025-04-09,COL202504090,COL,"Doyle, Brenton",doylb001,2,2,1B+2B,1B+2B,1,field_out,2,0,0
2025-04-09,COL202504090,COL,"Bouchard, Sean",boucs001,2,0,empty,empty,1,strikeout,3,0,5
2025-04-09,COL202504090,COL,"Tovar, Ezequiel",tovae001,2,1,empty,empty,1,strikeout,3,0,5
2025-04-09,COL202504090,COL,"McMahon, Ryan",mcmar001,2,2,empty,empty,1,home_run,3,0,5
2025-04-09,COL202504090,COL,"Goodman, Hunter",goodh001,2,2,empty,empty,1,single,3,1,5
2025-04-09,COL202504090,COL,"Farmer, Kyle",farmk001,2,2,1B,1B,1,strikeout,3,1,5
2025-04-09,COL202504090,COL,"Bryant, Kris",bryak001,2,0,empty,empty,1,double,4,1,5
2025-04-09,COL202504090,COL,"Toglia, Michael",toglm001,2,0,2B,2B,1,field_out,4,1,5
2025-04-09,COL202504090,COL,"Veen, Zac",veenz001,2,1,2B,2B,1,field_out,4,1,5
2025-04-09,COL202504090,COL,"Doyle, Brenton",doylb001,3,2,3B,3B,1,single,4,1,5
2025-04-09,COL202504090,COL,"Bouchard, Sean",boucs001,3,2,1B,1B,1,field_out,4,2,5
2025-04-09,COL202504090,COL,"Tovar, Ezequiel",tovae001,3,0,empty,empty,1,field_out,5,2,10
2025-04-09,COL202504090,COL,"McMahon, Ryan",mcmar001,3,1,empty,empty,1,walk,5,2,10
2025-04-09,COL202504090,COL,"Goodman, Hunter",goodh001,3,1,1B,1B,1,walk,5,2,10
2025-04-09,COL202504090,COL,"Farmer, Kyle",farmk001,3,1,1B+2B,1B+2B,1,strikeout,5,2,10
2025-04-09,COL202504090,COL,"Bryant, Kris",bryak001,3,2,1B+2B,2B+3B,0,field_out,5,2,10
2025-04-09,COL202504090,COL,"Toglia, Michael",toglm001,3,0,empty,empty,1,field_out,6,2,10
2025-04-09,COL202504090,COL,"Veen, Zac",veenz001,3,1,empty,empty,1,field_out,6,2,10
2025-04-09,COL202504090,COL,"Doyle, Brenton",doylb001,4,2,empty,empty,1,strikeout,6,2,10
2025-04-09,COL202504090,COL,"Bouchard, Sean",boucs001,4,0,empty,empty,1,walk,7,2,10
2025-04-09,COL202504090,COL,"Tovar, Ezequiel",tovae001,4,0,1B,1B,1,field_out,7,2,10
2025-04-09,COL202504090,COL,"McMahon, Ryan",mcmar001,4,1,1B,1B,1,field_out,7,2,10
2025-04-09,COL202504090,COL,"Goodman, Hunter",goodh001,4,2,1B,1B,1,strikeout,7,2,10
2025-04-09,COL202504090,COL,"Farmer, Kyle",farmk001,4,0,empty,empty,1,field_out,8,2,10
2025-04-09,COL202504090,COL,"Bryant, Kris",bryak001,4,1,empty,empty,1,single,8,2,10
2025-04-09,COL202504090,COL,"Toglia, Michael",toglm001,4,1,1B,1B,1,strikeout,8,2,10
2025-04-09,COL202504090,COL,"Veen, Zac",veenz001,4,2,1B,1B,1,strikeout,8,2,10
2025-04-09,COL202504090,COL,"Moniak, Mickey",monim001,1,0,empty,empty,1,field_out,9,2,17
2025-04-09,COL202504090,COL,"Bouchard, Sean",boucs001,5,1,empty,empty,1,strikeout,9,2,17
2025-04-09,COL202504090,COL,"Tovar, Ezequiel",tovae001,5,2,empty,empty,1,single,9,2,17
2025-04-09,COL202504090,COL,"Freeman, Tyler",freet001,1,2,1B,1B,1,field_out,9,2,17
2025-04-10,COL202504100,COL,"Doyle, Brenton",doylb001,1,0,empty,empty,1,home_run,1,0,0
2025-04-10,COL202504100,COL,"Veen, Zac",veenz001,1,0,empty,empty,1,field_out,1,1,0
2025-04-10,COL202504100,COL,"Farmer, Kyle",farmk001,1,1,empty,empty,1,single,1,1,0
2025-04-10,COL202504100,COL,"McMahon, Ryan",mcmar001,1,1,1B,1B,1,strikeout,1,1,0
2025-04-10,COL202504100,COL,"Martini, Nick",martn003,1,2,1B,1B,1,field_out,1,1,0
2025-04-10,COL202504100,COL,"Toglia, Michael",toglm001,1,0,empty,empty,1,field_out,2,1,0
2025-04-10,COL202504100,COL,"Freeman, Tyler",freet001,1,1,empty,empty,1,walk,2,1,0
2025-04-10,COL202504100,COL,"Moniak, Mickey",monim001,1,1,1B,2B,0,field_out,2,1,0
2025-04-10,COL202504100,COL,"Stallings, Jacob",stalj001,1,2,2B,2B,1,strikeout,2,1,0
2025-04-10,COL202504100,COL,"Doyle, Brenton",doylb001,2,0,empty,empty,1,single,3,1,0
2025-04-10,COL202504100,COL,"Veen, Zac",veenz001,2,0,1B,1B,1,field_out,3,1,0
2025-04-10,COL202504100,COL,"Farmer, Kyle",farmk001,2,2,1B,empty,0,walk,3,1,0
2025-04-10,COL202504100,COL,"McMahon, Ryan",mcmar001,2,2,1B,1B,1,single,3,1,0
2025-04-10,COL202504100,COL,"Martini, Nick",martn003,2,2,1B+3B,1B+3B,1,field_out,3,1,0
2025-04-10,COL202504100,COL,"Toglia, Michael",toglm001,2,0,empty,empty,1,single,4,1,1
2025-04-10,COL202504100,COL,"Freeman, Tyler",freet001,2,0,1B,1B,1,grounded_into_double_play,4,1,1
2025-04-10,COL202504100,COL,"Moniak, Mickey",monim001,2,2,empty,empty,1,double,4,1,1
2025-04-10,COL202504100,COL,"Stallings, Jacob",stalj001,2,2,2B,2B,1,strikeout,4,1,1
2025-04-10,COL202504100,COL,"Doyle, Brenton",doylb001,3,0,empty,empty,1,strikeout,5,1,1
2025-04-10,COL202504100,COL,"Veen, Zac",veenz001,3,1,empty,empty,1,field_out,5,1,1
2025-04-10,COL202504100,COL,"Farmer, Kyle",farmk001,3,2,empty,empty,1,field_out,5,1,1
2025-04-10,COL202504100,COL,"McMahon, Ryan",mcmar001,3,0,empty,empty,1,field_out,6,1,1
2025-04-10,COL202504100,COL,"Bouchard, Sean",boucs001,1,1,empty,empty,1,strikeout,6,1,1
2025-04-10,COL202504100,COL,"Toglia, Michael",toglm001,3,2,empty,empty,1,single,6,1,1
2025-04-10,COL202504100,COL,"Freeman, Tyler",freet001,3,2,1B,1B,1,field_out,6,1,1
2025-04-10,COL202504100,COL,"Moniak, Mickey",monim001,3,0,empty,empty,1,walk,7,1,1
2025-04-10,COL202504100,COL,"Stallings, Jacob",stalj001,3,0,1B,1B,1,sac_bunt,7,1,1
2025-04-10,COL202504100,COL,"Doyle, Brenton",doylb001,4,1,2B,2B,1,single,7,1,1
2025-04-10,COL202504100,COL,"Veen, Zac",veenz001,4,1,1B,1B,1,field_out,7,2,1
2025-04-10,COL202504100,COL,"Farmer, Kyle",farmk001,4,2,2B,3B,0,field_out,7,2,1
2025-04-10,COL202504100,COL,"McMahon, Ryan",mcmar001,4,0,empty,empty,1,double,8,2,2
2025-04-10,COL202504100,COL,"Bouchard, Sean",boucs001,2,0,2B,2B,1,walk,8,2,2
2025-04-10,COL202504100,COL,"Toglia, Michael",toglm001,4,0,1B+2B,1B+2B,1,double,8,2,2
2025-04-10,COL202504100,COL,"Freeman, Tyler",freet001,4,0,2B+3B,2B+3B,1,field_out,8,3,2
2025-04-10,COL202504100,COL,"Moniak, Mickey",monim001,4,1,2B+3B,2B+3B,1,intent_walk,8,3,2
2025-04-10,COL202504100,COL,"Bryant, Kris",bryak001,1,1,1B+2B+3B,1B+2B+3B,1,strikeout,8,3,2
2025-04-10,COL202504100,COL,"Doyle, Brenton",doylb001,5,2,1B+2B+3B,1B+2B+3B,1,double,8,3,2
2025-04-10,COL202504100,COL,"Veen, Zac",veenz001,5,2,2B,2B,1,double,8,6,2
2025-04-10,COL202504100,COL,"Farmer, Kyle",farmk001,5,2,2B,2B,1,strikeout,8,7,2
2025-04-11,SDN202504110,COL,"Veen, Zac",veenz001,1,0,empty,empty,1,strikeout,1,0,0
2025-04-11,SDN202504110,COL,"Farmer, Kyle",farmk001,1,1,empty,empty,1,double,1,0,0
2025-04-11,SDN202504110,COL,"Tovar, Ezequiel",tovae001,1,1,2B,2B,1,field_out,1,0,0
2025-04-11,SDN202504110,COL,"McMahon, Ryan",mcmar001,1,2,2B,2B,1,strikeout,1,0,0
2025-04-11,SDN202504110,COL,"Bryant, Kris",bryak001,1,0,empty,empty,1,field_out,2,0,0
2025-04-11,SDN202504110,COL,"Martini, Nick",martn003,1,1,empty,empty,1,field_out,2,0,0
2025-04-11,SDN202504110,COL,"Toglia, Michael",toglm001,1,2,empty,empty,1,strikeout,2,0,0
2025-04-11,SDN202504110,COL,"Goodman, Hunter",goodh001,1,0,empty,empty,1,field_out,3,0,0
2025-04-11,SDN202504110,COL,"Moniak, Mickey",monim001,1,1,empty,empty,1,field_out,3,0,0
2025-04-11,SDN202504110,COL,"Veen, Zac",veenz001,2,2,empty,empty,1,strikeout,3,0,0
2025-04-11,SDN202504110,COL,"Farmer, Kyle",farmk001,2,0,empty,empty,1,single,4,0,0
2025-04-11,SDN202504110,COL,"Tovar, Ezequiel",tovae001,2,0,1B,1B,1,field_out,4,0,0
2025-04-11,SDN202504110,COL,"McMahon, Ryan",mcmar001,2,1,1B,1B,1,field_out,4,0,0
2025-04-11,SDN202504110,COL,"Bryant, Kris",bryak001,2,2,1B,1B,1,field_out,4,0,0
2025-04-11,SDN202504110,COL,"Martini, Nick",martn003,2,0,empty,empty,1,field_out,5,0,0
2025-04-11,SDN202504110,COL,"Toglia, Michael",toglm001,2,1,empty,empty,1,strikeout,5,0,0
2025-04-11,SDN202504110,COL,"Goodman, Hunter",goodh001,2,2,empty,empty,1,strikeout,5,0,0
2025-04-11,SDN202504110,COL,"Moniak, Mickey",monim001,2,0,empty,empty,1,strikeout,6,0,6
2025-04-11,SDN202504110,COL,"Veen, Zac",veenz001,3,1,empty,empty,1,strikeout,6,0,6
2025-04-11,SDN202504110,COL,"Farmer, Kyle",farmk001,3,2,empty,empty,1,double,6,0,6
2025-04-11,SDN202504110,COL,"Tovar, Ezequiel",tovae001,3,2,2B,2B,1,walk,6,0,6
2025-04-11,SDN202504110,COL,"McMahon, Ryan",mcmar001,3,2,1B+2B,1B+2B,1,field_out,6,0,6
2025-04-11,SDN202504110,COL,"Bryant, Kris",bryak001,3,0,empty,empty,1,strikeout,7,0,7
2025-04-11,SDN202504110,COL,"Martini, Nick",martn003,3,1,empty,empty,1,strikeout,7,0,7
2025-04-11,SDN202504110,COL,"Toglia, Michael",toglm001,3,2,empty,empty,1,field_out,7,0,7
2025-04-11,SDN202504110,COL,"Goodman, Hunter",goodh001,3,0,empty,empty,1,strikeout,8,0,8
2025-04-11,SDN202504110,COL,"Moniak, Mickey",monim001,3,1,empty,empty,1,strikeout,8,0,8
2025-04-11,SDN202504110,COL,"Veen, Zac",veenz001,4,2,empty,empty,1,strikeout,8,0,8
2025-04-11,SDN202504110,COL,"Farmer, Kyle",farmk001,4,0,empty,empty,1,strikeout,9,0,8
2025-04-11,SDN202504110,COL,"Tovar, Ezequiel",tovae001,4,1,empty,empty,1,field_out,9,0,8
2025-04-11,SDN202504110,COL,"McMahon, Ryan",mcmar001,4,2,empty,empty,1,strikeout,9,0,8
2025-04-12,SDN202504120,COL,"Tovar, Ezequiel",tovae001,1,0,empty,empty,1,field_out,1,0,0
2025-04-12,SDN202504120,COL,"Farmer, Kyle",farmk001,1,1,empty,empty,1,field_out,1,0,0
2025-04-12,SDN202504120,COL,"McMahon, Ryan",mcmar001,1,2,empty,empty,1,field_out,1,0,0
2025-04-12,SDN202504120,COL,"Bryant, Kris",bryak001,1,0,empty,empty,1,field_out,2,0,1
2025-04-12,SDN202504120,COL,"Bouchard, Sean",boucs001,1,1,empty,empty,1,strikeout,2,0,1
2025-04-12,SDN202504120,COL,"Toglia, Michael",toglm001,1,2,empty,empty,1,field_out,2,0,1
2025-04-12,SDN202504120,COL,"Moniak, Mickey",monim001,1,0,empty,empty,1,field_out,3,0,1
2025-04-12,SDN202504120,COL,"Stallings, Jacob",stalj001,1,1,empty,empty,1,strikeout,3,0,1
2025-04-12,SDN202504120,COL,"Veen, Zac",veenz001,1,2,empty,empty,1,field_out,3,0,1
2025-04-12,SDN202504120,COL,"Tovar, Ezequiel",tovae001,2,0,empty,empty,1,field_out,4,0,1
2025-04-12,SDN202504120,COL,"Farmer, Kyle",farmk001,2,1,empty,empty,1,double,4,0,1
2025-04-12,SDN202504120,COL,"McMahon, Ryan",mcmar001,2,1,2B,2B,1,field_out,4,0,1
2025-04-12,SDN202504120,COL,"Bryant, Kris",bryak001,2,2,2B,2B,1,field_out,4,0,1
2025-04-12,SDN202504120,COL,"Bouchard, Sean",boucs001,2,0,empty,empty,1,strikeout,5,0,1
2025-04-12,SDN202504120,COL,"Toglia, Michael",toglm001,2,1,empty,empty,1,strikeout,5,0,1
2025-04-12,SDN202504120,COL,"Moniak, Mickey",monim001,2,2,empty,empty,1,field_out,5,0,1
2025-04-12,SDN202504120,COL,"Stallings, Jacob",stalj001,2,0,empty,empty,1,field_out,6,0,2
2025-04-12,SDN202504120,COL,"Veen, Zac",veenz001,2,1,empty,empty,1,field_out,6,0,2
2025-04-12,SDN202504120,COL,"Tovar, Ezequiel",tovae001,3,2,empty,empty,1,field_out,6,0,2
2025-04-12,SDN202504120,COL,"Farmer, Kyle",farmk001,3,0,empty,empty,1,walk,7,0,2
2025-04-12,SDN202504120,COL,"McMahon, Ryan",mcmar001,3,0,1B,1B,1,grounded_into_double_play,7,0,2
2025-04-12,SDN202504120,COL,"Bryant, Kris",bryak001,3,2,empty,empty,1,strikeout,7,0,2
2025-04-12,SDN202504120,COL,"Martini, Nick",martn003,1,0,empty,empty,1,single,8,0,2
2025-04-12,SDN202504120,COL,"Toglia, Michael",toglm001,3,0,1B,1B,1,strikeout,8,0,2
2025-04-12,SDN202504120,COL,"Moniak, Mickey",monim001,3,1,1B,1B,1,strikeout,8,0,2
2025-04-12,SDN202504120,COL,"Stallings, Jacob",stalj001,3,2,1B,1B,1,field_out,8,0,2
2025-04-12,SDN202504120,COL,"Veen, Zac",veenz001,3,0,empty,empty,1,single,9,0,2
2025-04-12,SDN202504120,COL,"Tovar, Ezequiel",tovae001,4,0,1B,1B,1,strikeout,9,0,2
2025-04-12,SDN202504120,COL,"Farmer, Kyle",farmk001,4,1,1B,1B,1,single,9,0,2
2025-04-12,SDN202504120,COL,"McMahon, Ryan",mcmar001,4,1,1B+2B,1B+2B,1,strikeout,9,0,2
2025-04-12,SDN202504120,COL,"Bryant, Kris",bryak001,4,2,1B+2B,1B+2B,1,field_out,9,0,2
2025-04-13,SDN202504130,COL,"Tovar, Ezequiel",tovae001,1,0,empty,empty,1,field_out,1,0,0
2025-04-13,SDN202504130,COL,"Martini, Nick",martn003,1,1,empty,empty,1,field_out,1,0,0
2025-04-13,SDN202504130,COL,"Farmer, Kyle",farmk001,1,2,empty,empty,1,strikeout,1,0,0
2025-04-13,SDN202504130,COL,"McMahon, Ryan",mcmar001,1,0,empty,empty,1,strikeout,2,0,4
2025-04-13,SDN202504130,COL,"Toglia, Michael",toglm001,1,1,empty,empty,1,strikeout,2,0,4
2025-04-13,SDN202504130,COL,"Moniak, Mickey",monim001,1,2,empty,empty,1,field_out,2,0,4
2025-04-13,SDN202504130,COL,"Goodman, Hunter",goodh001,1,0,empty,empty,1,field_out,3,0,4
2025-04-13,SDN202504130,COL,"Veen, Zac",veenz001,1,1,empty,empty,1,field_out,3,0,4
2025-04-13,SDN202504130,COL,"Amador, Adael",amada001,1,2,empty,empty,1,field_out,3,0,4
2025-04-13,SDN202504130,COL,"Tovar, Ezequiel",tovae001,2,0,empty,empty,1,field_out,4,0,4
2025-04-13,SDN202504130,COL,"Martini, Nick",martn003,2,1,empty,empty,1,field_out,4,0,4
2025-04-13,SDN202504130,COL,"Farmer, Kyle",farmk001,2,2,empty,empty,1,field_out,4,0,4
2025-04-13,SDN202504130,COL,"McMahon, Ryan",mcmar001,2,0,empty,empty,1,strikeout,5,0,5
2025-04-13,SDN202504130,COL,"Toglia, Michael",toglm001,2,1,empty,empty,1,single,5,0,5
2025-04-13,SDN202504130,COL,"Moniak, Mickey",monim001,2,1,1B,1B,1,field_out,5,0,5
2025-04-13,SDN202504130,COL,"Goodman, Hunter",goodh001,2,2,1B,1B,1,field_out,5,0,5
2025-04-13,SDN202504130,COL,"Veen, Zac",veenz001,2,0,empty,empty,1,strikeout,6,0,5
2025-04-13,SDN202504130,COL,"Amador, Adael",amada001,2,1,empty,empty,1,field_out,6,0,5
2025-04-13,SDN202504130,COL,"Tovar, Ezequiel",tovae001,3,2,empty,empty,1,field_out,6,0,5
2025-04-13,SDN202504130,COL,"Martini, Nick",martn003,3,0,empty,empty,1,field_out,7,0,5
2025-04-13,SDN202504130,COL,"Farmer, Kyle",farmk001,3,1,empty,empty,1,field_out,7,0,5
2025-04-13,SDN202504130,COL,"McMahon, Ryan",mcmar001,3,2,empty,empty,1,field_out,7,0,5
2025-04-13,SDN202504130,COL,"Toglia, Michael",toglm001,3,0,empty,empty,1,strikeout,8,0,6
2025-04-13,SDN202504130,COL,"Moniak, Mickey",monim001,3,1,empty,empty,1,field_out,8,0,6
2025-04-13,SDN202504130,COL,"Goodman, Hunter",goodh001,3,2,empty,empty,1,walk,8,0,6
2025-04-13,SDN202504130,COL,"Veen, Zac",veenz001,3,2,1B,1B,1,strikeout,8,0,6
2025-04-13,SDN202504130,COL,"Amador, Adael",amada001,3,0,empty,empty,1,strikeout,9,0,6
2025-04-13,SDN202504130,COL,"Tovar, Ezequiel",tovae001,4,1,empty,empty,1,single,9,0,6
2025-04-13,SDN202504130,COL,"Martini, Nick",martn003,4,1,1B,1B,1,grounded_into_double_play,9,0,6
2025-04-14,LAN202504140,COL,"Tovar, Ezequiel",tovae001,1,0,empty,empty,1,field_out,1,0,0
2025-04-14,LAN202504140,COL,"Martini, Nick",martn003,1,1,empty,empty,1,field_error,1,0,0
2025-04-14,LAN202504140,COL,"Farmer, Kyle",farmk001,1,1,1B,1B,1,field_out,1,0,0
2025-04-14,LAN202504140,COL,"McMahon, Ryan",mcmar001,1,2,1B,1B,1,strikeout,1,0,0
2025-04-14,LAN202504140,COL,"Toglia, Michael",toglm001,1,0,empty,empty,1,field_out,2,0,2
2025-04-14,LAN202504140,COL,"Moniak, Mickey",monim001,1,1,empty,empty,1,field_out,2,0,2
2025-04-14,LAN202504140,COL,"Goodman, Hunter",goodh001,1,2,empty,empty,1,strikeout,2,0,2
2025-04-14,LAN202504140,COL,"Veen, Zac",veenz001,1,0,empty,empty,1,strikeout,3,0,2
2025-04-14,LAN202504140,COL,"Amador, Adael",amada001,1,1,empty,empty,1,strikeout,3,0,2
2025-04-14,LAN202504140,COL,"Tovar, Ezequiel",tovae001,2,2,empty,empty,1,field_out,3,0,2
2025-04-14,LAN202504140,COL,"Martini, Nick",martn003,2,0,empty,empty,1,double,4,0,3
2025-04-14,LAN202504140,COL,"Farmer, Kyle",farmk001,2,0,2B,2B,1,field_out,4,0,3
2025-04-14,LAN202504140,COL,"McMahon, Ryan",mcmar001,2,1,2B,2B,1,strikeout,4,0,3
2025-04-14,LAN202504140,COL,"Toglia, Michael",toglm001,2,2,2B,2B,1,strikeout,4,0,3
2025-04-14,LAN202504140,COL,"Moniak, Mickey",monim001,2,0,empty,empty,1,field_out,5,0,3
2025-04-14,LAN202504140,COL,"Goodman, Hunter",goodh001,2,1,empty,empty,1,field_out,5,0,3
2025-04-14,LAN202504140,COL,"Veen, Zac",veenz001,2,2,empty,empty,1,field_out,5,0,3
2025-04-14,LAN202504140,COL,"Amador, Adael",amada001,2,0,empty,empty,1,field_out,6,0,4
2025-04-14,LAN202504140,COL,"Tovar, Ezequiel",tovae001,3,1,empty,empty,1,strikeout,6,0,4
2025-04-14,LAN202504140,COL,"Martini, Nick",martn003,3,2,empty,empty,1,single,6,0,4
2025-04-14,LAN202504140,COL,"Farmer, Kyle",farmk001,3,2,1B,1B,1,double,6,0,4
2025-04-14,LAN202504140,COL,"McMahon, Ryan",mcmar001,3,2,2B,2B,1,field_out,6,1,4
2025-04-14,LAN202504140,COL,"Toglia, Michael",toglm001,3,0,empty,empty,1,strikeout,7,1,5
2025-04-14,LAN202504140,COL,"Moniak, Mickey",monim001,3,1,empty,empty,1,single,7,1,5
2025-04-14,LAN202504140,COL,"Goodman, Hunter",goodh001,3,1,1B,1B,1,home_run,7,1,5
2025-04-14,LAN202504140,COL,"Veen, Zac",veenz001,3,1,empty,empty,1,walk,7,3,5
2025-04-14,LAN202504140,COL,"Amador, Adael",amada001,3,1,1B,1B,1,grounded_into_double_play,7,3,5
2025-04-14,LAN202504140,COL,"Tovar, Ezequiel",tovae001,4,0,empty,empty,1,hit_by_pitch,8,3,5
2025-04-14,LAN202504140,COL,"Martini, Nick",martn003,4,1,1B,empty,0,field_out,8,3,5
2025-04-14,LAN202504140,COL,"Farmer, Kyle",farmk001,4,2,empty,empty,1,double,8,3,5
2025-04-14,LAN202504140,COL,"McMahon, Ryan",mcmar001,4,2,2B,2B,1,walk,8,3,5
2025-04-14,LAN202504140,COL,"Toglia, Michael",toglm001,4,2,1B+2B,1B+2B,1,field_out,8,3,5
2025-04-14,LAN202504140,COL,"Moniak, Mickey",monim001,4,0,empty,empty,1,single,9,3,5
2025-04-14,LAN202504140,COL,"Goodman, Hunter",goodh001,4,0,1B,1B,1,field_out,9,3,5
2025-04-14,LAN202504140,COL,"Bouchard, Sean",boucs001,1,1,1B,1B,1,single,9,3,5
2025-04-14,LAN202504140,COL,"Stallings, Jacob",stalj001,1,1,1B+3B,1B+3B,1,strikeout,9,3,5
2025-04-14,LAN202504140,COL,"Tovar, Ezequiel",tovae001,5,2,1B+3B,1B+3B,1,field_out,9,3,5
2025-04-15,LAN202504150,COL,"Tovar, Ezequiel",tovae001,1,0,empty,empty,1,field_out,1,0,0
2025-04-15,LAN202504150,COL,"Martini, Nick",martn003,1,1,empty,empty,1,walk,1,0,0
2025-04-15,LAN202504150,COL,"Farmer, Kyle",farmk001,1,1,1B,1B,1,field_out,1,0,0
2025-04-15,LAN202504150,COL,"McMahon, Ryan",mcmar001,1,2,1B,1B,1,field_out,1,0,0
2025-04-15,LAN202504150,COL,"Goodman, Hunter",goodh001,1,0,empty,empty,1,single,2,0,0
2025-04-15,LAN202504150,COL,"Moniak, Mickey",monim001,1,0,1B,2B,0,field_out,2,0,0
2025-04-15,LAN202504150,COL,"Veen, Zac",veenz001,1,1,3B,3B,1,strikeout,2,0,0
2025-04-15,LAN202504150,COL,"Stallings, Jacob",stalj001,1,2,3B,3B,1,field_out,2,0,0
2025-04-15,LAN202504150,COL,"Amador, Adael",amada001,1,0,empty,empty,1,double,3,0,1
2025-04-15,LAN202504150,COL,"Tovar, Ezequiel",tovae001,2,0,2B,2B,1,field_out,3,0,1
2025-04-15,LAN202504150,COL,"Martini, Nick",martn003,2,1,2B,2B,1,field_out,3,0,1
2025-04-15,LAN202504150,COL,"Farmer, Kyle",farmk001,2,2,2B,2B,1,field_out,3,0,1
2025-04-15,LAN202504150,COL,"McMahon, Ryan",mcmar001,2,0,empty,empty,1,walk,4,0,5
2025-04-15,LAN202504150,COL,"Goodman, Hunter",goodh001,2,0,1B,1B,1,field_out,4,0,5
2025-04-15,LAN202504150,COL,"Moniak, Mickey",monim001,2,1,1B,1B,1,single,4,0,5
2025-04-15,LAN202504150,COL,"Veen, Zac",veenz001,2,1,1B+3B,1B+3B,1,field_out,4,0,5
2025-04-15,LAN202504150,COL,"Stallings, Jacob",stalj001,2,2,1B+3B,1B+3B,1,double,4,0,5
2025-04-15,LAN202504150,COL,"Amador, Adael",amada001,2,2,2B,2B,1,strikeout,4,2,5
2025-04-15,LAN202504150,COL,"Tovar, Ezequiel",tovae001,3,0,empty,empty,1,field_out,5,2,5
2025-04-15,LAN202504150,COL,"Martini, Nick",martn003,3,1,empty,empty,1,walk,5,2,5
2025-04-15,LAN202504150,COL,"Farmer, Kyle",farmk001,3,1,1B,1B,1,strikeout,5,2,5
2025-04-15,LAN202504150,COL,"McMahon, Ryan",mcmar001,3,2,1B,1B,1,strikeout,5,2,5
2025-04-15,LAN202504150,COL,"Goodman, Hunter",goodh001,3,0,empty,empty,1,field_out,6,2,5
2025-04-15,LAN202504150,COL,"Moniak, Mickey",monim001,3,1,empty,empty,1,strikeout,6,2,5
2025-04-15,LAN202504150,COL,"Veen, Zac",veenz001,3,2,empty,empty,1,strikeout,6,2,5
2025-04-15,LAN202504150,COL,"Stallings, Jacob",stalj001,3,0,empty,empty,1,walk,7,2,5
2025-04-15,LAN202504150,COL,"Amador, Adael",amada001,3,0,1B,1B,1,strikeout,7,2,5
2025-04-15,LAN202504150,COL,"Tovar, Ezequiel",tovae001,4,1,1B,1B,1,strikeout,7,2,5
2025-04-15,LAN202504150,COL,"Martini, Nick",martn003,4,2,1B,1B,1,double,7,2,5
2025-04-15,LAN202504150,COL,"Farmer, Kyle",farmk001,4,2,2B+3B,2B+3B,1,strikeout,7,2,5
2025-04-15,LAN202504150,COL,"McMahon, Ryan",mcmar001,4,0,empty,empty,1,walk,8,2,5
2025-04-15,LAN202504150,COL,"Goodman, Hunter",goodh001,4,0,1B,1B,1,grounded_into_double_play,8,2,5
2025-04-15,LAN202504150,COL,"Moniak, Mickey",monim001,4,2,empty,empty,1,field_out,8,2,5
2025-04-15,LAN202504150,COL,"Veen, Zac",veenz001,4,0,empty,empty,1,field_out,9,2,6
2025-04-15,LAN202504150,COL,"Stallings, Jacob",stalj001,4,1,empty,empty,1,field_out,9,2,6
2025-04-15,LAN202504150,COL,"Amador, Adael",amada001,4,2,empty,empty,1,strikeout,9,2,6
2025-04-16,LAN202504160,COL,"Martini, Nick",martn003,1,0,empty,empty,1,single,1,0,0
2025-04-16,LAN202504160,COL,"Bouchard, Sean",boucs001,1,0,1B,1B,1,strikeout,1,0,0
2025-04-16,LAN202504160,COL,"McMahon, Ryan",mcmar001,1,1,1B,1B,1,strikeout,1,0,0
2025-04-16,LAN202504160,COL,"Farmer, Kyle",farmk001,1,2,1B,1B,1,double,1,0,0
2025-04-16,LAN202504160,COL,"Goodman, Hunter",goodh001,1,2,2B,2B,1,single,1,1,0
2025-04-16,LAN202504160,COL,"Toglia, Michael",toglm001,1,2,1B+3B,1B+3B,1,strikeout,1,1,0
2025-04-16,LAN202504160,COL,"Moniak, Mickey",monim001,1,0,empty,empty,1,field_out,2,1,7
2025-04-16,LAN202504160,COL,"Fulford, Braxton",fulfb001,1,1,empty,empty,1,strikeout,2,1,7
2025-04-16,LAN202504160,COL,"Amador, Adael",amada001,1,2,empty,empty,1,single,2,1,7
2025-04-16,LAN202504160,COL,"Martini, Nick",martn003,2,2,1B,1B,1,strikeout,2,1,7
2025-04-16,LAN202504160,COL,"Bouchard, Sean",boucs001,2,0,empty,empty,1,single,3,1,7
2025-04-16,LAN202504160,COL,"McMahon, Ryan",mcmar001,2,0,1B,1B,1,strikeout,3,1,7
2025-04-16,LAN202504160,COL,"Farmer, Kyle",farmk001,2,1,1B,1B,1,single,3,1,7
2025-04-16,LAN202504160,COL,"Goodman, Hunter",goodh001,2,1,1B+2B,1B+2B,1,walk,3,1,7
2025-04-16,LAN202504160,COL,"Toglia, Michael",toglm001,2,1,1B+2B+3B,1B+2B+3B,1,home_run,3,1,7
2025-04-16,LAN202504160,COL,"Moniak, Mickey",monim001,2,1,empty,empty,1,home_run,3,5,7
2025-04-16,LAN202504160,COL,"Fulford, Braxton",fulfb001,2,1,empty,empty,1,strikeout,3,6,7
2025-04-16,LAN202504160,COL,"Amador, Adael",amada001,2,2,empty,empty,1,field_out,3,6,7
2025-04-16,LAN202504160,COL,"Martini, Nick",martn003,3,0,empty,empty,1,field_out,4,6,7
2025-04-16,LAN202504160,COL,"Bouchard, Sean",boucs001,3,1,empty,empty,1,field_out,4,6,7
2025-04-16,LAN202504160,COL,"McMahon, Ryan",mcmar001,3,2,empty,empty,1,strikeout,4,6,7
2025-04-16,LAN202504160,COL,"Farmer, Kyle",farmk001,3,0,empty,empty,1,field_out,5,6,7
2025-04-16,LAN202504160,COL,"Goodman, Hunter",goodh001,3,1,empty,empty,1,field_out,5,6,7
2025-04-16,LAN202504160,COL,"Toglia, Michael",toglm001,3,2,empty,empty,1,strikeout,5,6,7
2025-04-16,LAN202504160,COL,"Moniak, Mickey",monim001,3,0,empty,empty,1,field_out,6,6,8
2025-04-16,LAN202504160,COL,"Fulford, Braxton",fulfb001,3,1,empty,empty,1,strikeout,6,6,8
2025-04-16,LAN202504160,COL,"Amador, Adael",amada001,3,2,empty,empty,1,field_out,6,6,8
2025-04-16,LAN202504160,COL,"Martini, Nick",martn003,4,0,empty,empty,1,single,7,6,8
2025-04-16,LAN202504160,COL,"Bouchard, Sean",boucs001,4,0,1B,1B,1,strikeout,7,6,8
2025-04-16,LAN202504160,COL,"McMahon, Ryan",mcmar001,4,1,1B,1B,1,double,7,6,8
2025-04-16,LAN202504160,COL,"Farmer, Kyle",farmk001,4,1,2B+3B,2B+3B,1,field_out,7,6,8
2025-04-16,LAN202504160,COL,"Goodman, Hunter",goodh001,4,2,3B,3B,1,field_out,7,7,8
2025-04-16,LAN202504160,COL,"Toglia, Michael",toglm001,4,0,empty,empty,1,strikeout,8,7,8
2025-04-16,LAN202504160,COL,"Moniak, Mickey",monim001,4,1,empty,empty,1,field_out,8,7,8
2025-04-16,LAN202504160,COL,"Fulford, Braxton",fulfb001,4,2,empty,empty,1,strikeout,8,7,8
2025-04-16,LAN202504160,COL,"Amador, Adael",amada001,4,0,empty,empty,1,strikeout,9,7,8
2025-04-16,LAN202504160,COL,"Doyle, Brenton",doylb001,1,1,empty,empty,1,strikeout,9,7,8
2025-04-16,LAN202504160,COL,"Bouchard, Sean",boucs001,5,2,empty,empty,1,single,9,7,8
2025-04-16,LAN202504160,COL,"McMahon, Ryan",mcmar001,5,2,1B,1B,1,strikeout,9,7,8
2025-04-19,COL202504190,COL,"Bouchard, Sean",boucs001,1,0,empty,empty,1,strikeout,1,0,0
2025-04-19,COL202504190,COL,"Farmer, Kyle",farmk001,1,1,empty,empty,1,field_out,1,0,0
2025-04-19,COL202504190,COL,"McMahon, Ryan",mcmar001,1,2,empty,empty,1,strikeout,1,0,0
2025-04-19,COL202504190,COL,"Goodman, Hunter",goodh001,1,0,empty,empty,1,field_out,2,0,2
2025-04-19,COL202504190,COL,"Toglia, Michael",toglm001,1,1,empty,empty,1,strikeout,2,0,2
2025-04-19,COL202504190,COL,"Stallings, Jacob",stalj001,1,2,empty,empty,1,walk,2,0,2
2025-04-19,COL202504190,COL,"Moniak, Mickey",monim001,1,2,1B,1B,1,home_run,2,0,2
2025-04-19,COL202504190,COL,"Beck, Jordan",beckj003,1,2,empty,empty,1,strikeout,2,2,2
2025-04-19,COL202504190,COL,"Schunk, Aaron",schua002,1,0,empty,empty,1,strikeout,3,2,2
2025-04-19,COL202504190,COL,"Bouchard, Sean",boucs001,2,1,empty,empty,1,single,3,2,2
2025-04-19,COL202504190,COL,"Farmer, Kyle",farmk001,2,1,1B,1B,1,field_out,3,2,2
2025-04-19,COL202504190,COL,"McMahon, Ryan",mcmar001,2,2,1B,2B,0,walk,3,2,2
2025-04-19,COL202504190,COL,"Goodman, Hunter",goodh001,2,2,1B+2B,1B+2B,1,field_out,3,2,2
2025-04-19,COL202504190,COL,"Toglia, Michael",toglm001,2,0,empty,empty,1,single,4,2,7
2025-04-19,COL202504190,COL,"Stallings, Jacob",stalj001,2,0,1B,1B,1,strikeout,4,2,7
2025-04-19,COL202504190,COL,"Moniak, Mickey",monim001,2,1,1B,1B,1,field_out,4,2,7
2025-04-19,COL202504190,COL,"Beck, Jordan",beckj003,2,2,2B,2B,1,strikeout,4,2,7
2025-04-19,COL202504190,COL,"Schunk, Aaron",schua002,2,0,empty,empty,1,strikeout,5,2,9
2025-04-19,COL202504190,COL,"Bouchard, Sean",boucs001,3,1,empty,empty,1,strikeout,5,2,9
2025-04-19,COL202504190,COL,"Farmer, Kyle",farmk001,3,2,empty,empty,1,strikeout,5,2,9
2025-04-19,COL202504190,COL,"McMahon, Ryan",mcmar001,3,0,empty,empty,1,strikeout,6,2,9
2025-04-19,COL202504190,COL,"Goodman, Hunter",goodh001,3,1,empty,empty,1,single,6,2,9
2025-04-19,COL202504190,COL,"Toglia, Michael",toglm001,3,1,1B,1B,1,strikeout,6,2,9
2025-04-19,COL202504190,COL,"Stallings, Jacob",stalj001,3,2,1B,1B,1,strikeout,6,2,9
2025-04-19,COL202504190,COL,"Moniak, Mickey",monim001,3,0,empty,empty,1,hit_by_pitch,7,2,12
2025-04-19,COL202504190,COL,"Beck, Jordan",beckj003,3,0,1B,2B,0,walk,7,2,12
2025-04-19,COL202504190,COL,"Schunk, Aaron",schua002,3,0,1B+2B,1B+2B,1,strikeout,7,2,12
2025-04-19,COL202504190,COL,"Bouchard, Sean",boucs001,4,1,1B+2B,1B+2B,1,triple,7,2,12
2025-04-19,COL202504190,COL,"Amador, Adael",amada001,1,1,3B,3B,1,hit_by_pitch,7,4,12
2025-04-19,COL202504190,COL,"McMahon, Ryan",mcmar001,4,1,1B+3B,1B+3B,1,single,7,4,12
2025-04-19,COL202504190,COL,"Goodman, Hunter",goodh001,4,1,1B+2B+3B,1B+2B+3B,1,walk,7,4,12
2025-04-19,COL202504190,COL,"Toglia, Michael",toglm001,4,1,1B+2B+3B,1B+2B+3B,1,sac_fly,7,5,12
2025-04-19,COL202504190,COL,"Stallings, Jacob",stalj001,4,2,1B+2B,1B+2B,1,fielders_choice,7,6,12
2025-04-19,COL202504190,COL,"Moniak, Mickey",monim001,4,2,1B+2B+3B,1B+2B+3B,1,walk,7,6,12
2025-04-19,COL202504190,COL,"Beck, Jordan",beckj003,4,2,1B+2B+3B,1B+2B+3B,1,triple,7,7,12
2025-04-19,COL202504190,COL,"Schunk, Aaron",schua002,4,2,3B,3B,1,field_out,7,10,12
2025-04-19,COL202504190,COL,"Bouchard, Sean",boucs001,5,0,empty,empty,1,field_out,8,10,12
2025-04-19,COL202504190,COL,"Amador, Adael",amada001,2,1,empty,empty,1,field_out,8,10,12
2025-04-19,COL202504190,COL,"McMahon, Ryan",mcmar001,5,2,empty,empty,1,field_out,8,10,12
2025-04-19,COL202504190,COL,"Goodman, Hunter",goodh001,5,0,empty,empty,1,walk,9,10,12
2025-04-19,COL202504190,COL,"Toglia, Michael",toglm001,5,0,1B,1B,1,strikeout,9,10,12
2025-04-19,COL202504190,COL,"Martini, Nick",martn003,1,1,1B,1B,1,strikeout,9,10,12
2025-04-19,COL202504190,COL,"Moniak, Mickey",monim001,5,2,1B,2B,0,triple,9,10,12
2025-04-19,COL202504190,COL,"Beck, Jordan",beckj003,5,2,3B,3B,1,strikeout,9,11,12
2025-04-20,COL202504201,COL,"Moniak, Mickey",monim001,1,0,empty,empty,1,field_out,1,0,0
2025-04-20,COL202504201,COL,"Farmer, Kyle",farmk001,1,1,empty,empty,1,field_out,1,0,0
2025-04-20,COL202504201,COL,"McMahon, Ryan",mcmar001,1,2,empty,empty,1,strikeout,1,0,0
2025-04-20,COL202504201,COL,"Goodman, Hunter",goodh001,1,0,empty,empty,1,strikeout,2,0,3
2025-04-20,COL202504201,COL,"Martini, Nick",martn003,1,1,empty,empty,1,field_out,2,0,3
2025-04-20,COL202504201,COL,"Toglia, Michael",toglm001,1,2,empty,empty,1,field_out,2,0,3
2025-04-20,COL202504201,COL,"Veen, Zac",veenz001,1,0,empty,empty,1,home_run,3,0,3
2025-04-20,COL202504201,COL,"Amador, Adael",amada001,1,0,empty,empty,1,strikeout,3,1,3
2025-04-20,COL202504201,COL,"Fulford, Braxton",fulfb001,1,1,empty,empty,1,field_out,3,1,3
2025-04-20,COL202504201,COL,"Moniak, Mickey",monim001,2,2,empty,empty,1,strikeout,3,1,3
2025-04-20,COL202504201,COL,"Farmer, Kyle",farmk001,2,0,empty,empty,1,field_out,4,1,3
2025-04-20,COL202504201,COL,"McMahon, Ryan",mcmar001,2,1,empty,empty,1,field_out,4,1,3
2025-04-20,COL202504201,COL,"Goodman, Hunter",goodh001,2,2,empty,empty,1,strikeout,4,1,3
2025-04-20,COL202504201,COL,"Martini, Nick",martn003,2,0,empty,empty,1,field_out,5,1,3
2025-04-20,COL202504201,COL,"Toglia, Michael",toglm001,2,1,empty,empty,1,field_out,5,1,3
2025-04-20,COL202504201,COL,"Veen, Zac",veenz001,2,2,empty,empty,1,hit_by_pitch,5,1,3
2025-04-20,COL202504201,COL,"Amador, Adael",amada001,2,2,1B,2B,0,strikeout,5,1,3
2025-04-20,COL202504201,COL,"Fulford, Braxton",fulfb001,2,0,empty,empty,1,home_run,6,1,3
2025-04-20,COL202504201,COL,"Moniak, Mickey",monim001,3,0,empty,empty,1,strikeout,6,2,3
2025-04-20,COL202504201,COL,"Farmer, Kyle",farmk001,3,1,empty,empty,1,strikeout,6,2,3
2025-04-20,COL202504201,COL,"McMahon, Ryan",mcmar001,3,2,empty,empty,1,strikeout,6,2,3
2025-04-20,COL202504201,COL,"Goodman, Hunter",goodh001,3,0,empty,empty,1,single,7,2,3
2025-04-20,COL202504201,COL,"Martini, Nick",martn003,3,0,1B,1B,1,field_out,7,2,3
2025-04-20,COL202504201,COL,"Toglia, Michael",toglm001,3,1,1B,1B,1,grounded_into_double_play,7,2,3
2025-04-20,COL202504201,COL,"Veen, Zac",veenz001,3,0,empty,empty,1,field_out,8,2,3
2025-04-20,COL202504201,COL,"Bouchard, Sean",boucs001,1,1,empty,empty,1,single,8,2,3
2025-04-20,COL202504201,COL,"Fulford, Braxton",fulfb001,3,1,1B,1B,1,strikeout,8,2,3
2025-04-20,COL202504201,COL,"Moniak, Mickey",monim001,4,2,1B,1B,1,strikeout,8,2,3
2025-04-20,COL202504201,COL,"Farmer, Kyle",farmk001,4,0,empty,empty,1,field_out,9,2,3
2025-04-20,COL202504201,COL,"McMahon, Ryan",mcmar001,4,1,empty,empty,1,walk,9,2,3
2025-04-20,COL202504201,COL,"Goodman, Hunter",goodh001,4,1,1B,1B,1,strikeout,9,2,3
2025-04-20,COL202504201,COL,"Martini, Nick",martn003,4,2,3B,3B,1,field_out,9,2,3
2025-04-20,COL202504202,COL,"Moniak, Mickey",monim001,1,0,empty,empty,1,field_out,1,0,1
2025-04-20,COL202504202,COL,"Bouchard, Sean",boucs001,1,1,empty,empty,1,field_out,1,0,1
2025-04-20,COL202504202,COL,"McMahon, Ryan",mcmar001,1,2,empty,empty,1,walk,1,0,1
2025-04-20,COL202504202,COL,"Goodman, Hunter",goodh001,1,2,1B,1B,1,walk,1,0,1
2025-04-20,COL202504202,COL,"Veen, Zac",veenz001,1,2,1B+2B,1B+2B,1,strikeout,1,0,1
2025-04-20,COL202504202,COL,"Beck, Jordan",beckj003,1,0,empty,empty,1,field_out,2,0,1
2025-04-20,COL202504202,COL,"Stallings, Jacob",stalj001,1,1,empty,empty,1,single,2,0,1
2025-04-20,COL202504202,COL,"Amador, Adael",amada001,1,1,1B,1B,1,field_out,2,0,1
2025-04-20,COL202504202,COL,"Schunk, Aaron",schua002,1,2,1B,1B,1,single,2,0,1
2025-04-20,COL202504202,COL,"Moniak, Mickey",monim001,2,2,1B+2B,1B+2B,1,field_out,2,0,1
2025-04-20,COL202504202,COL,"Bouchard, Sean",boucs001,2,0,empty,empty,1,strikeout,3,0,1
2025-04-20,COL202504202,COL,"McMahon, Ryan",mcmar001,2,1,empty,empty,1,field_out,3,0,1
2025-04-20,COL202504202,COL,"Goodman, Hunter",goodh001,2,2,empty,empty,1,single,3,0,1
2025-04-20,COL202504202,COL,"Veen, Zac",veenz001,2,2,1B,1B,1,strikeout,3,0,1
2025-04-20,COL202504202,COL,"Beck, Jordan",beckj003,2,0,empty,empty,1,strikeout,4,0,1
2025-04-20,COL202504202,COL,"Stallings, Jacob",stalj001,2,1,empty,empty,1,hit_by_pitch,4,0,1
2025-04-20,COL202504202,COL,"Amador, Adael",amada001,2,1,1B,1B,1,field_out,4,0,1
2025-04-20,COL202504202,COL,"Schunk, Aaron",schua002,2,2,1B,1B,1,double,4,0,1
2025-04-20,COL202504202,COL,"Moniak, Mickey",monim001,3,2,2B+3B,2B+3B,1,triple,4,0,1
2025-04-20,COL202504202,COL,"Bouchard, Sean",boucs001,3,2,3B,3B,1,strikeout,4,2,1
2025-04-20,COL202504202,COL,"McMahon, Ryan",mcmar001,3,0,empty,empty,1,strikeout,5,2,1
2025-04-20,COL202504202,COL,"Goodman, Hunter",goodh001,3,1,empty,empty,1,strikeout,5,2,1
2025-04-20,COL202504202,COL,"Veen, Zac",veenz001,3,2,empty,empty,1,field_out,5,2,1
2025-04-20,COL202504202,COL,"Beck, Jordan",beckj003,3,0,empty,empty,1,strikeout,6,2,1
2025-04-20,COL202504202,COL,"Stallings, Jacob",stalj001,3,1,empty,empty,1,walk,6,2,1
2025-04-20,COL202504202,COL,"Amador, Adael",amada001,3,1,1B,1B,1,field_out,6,2,1
2025-04-20,COL202504202,COL,"Schunk, Aaron",schua002,3,2,1B,1B,1,field_out,6,2,1
2025-04-20,COL202504202,COL,"Moniak, Mickey",monim001,4,0,empty,empty,1,field_out,7,2,1
2025-04-20,COL202504202,COL,"Toglia, Michael",toglm001,1,1,empty,empty,1,single,7,2,1
2025-04-20,COL202504202,COL,"McMahon, Ryan",mcmar001,4,1,1B,1B,1,walk,7,2,1
2025-04-20,COL202504202,COL,"Goodman, Hunter",goodh001,4,1,1B+2B,1B+2B,1,strikeout,7,2,1
2025-04-20,COL202504202,COL,"Veen, Zac",veenz001,4,2,1B+2B,1B+2B,1,strikeout,7,2,1
2025-04-20,COL202504202,COL,"Beck, Jordan",beckj003,4,0,empty,empty,1,single,8,2,1
2025-04-20,COL202504202,COL,"Stallings, Jacob",stalj001,4,0,1B,1B,1,hit_by_pitch,8,2,1
2025-04-20,COL202504202,COL,"Amador, Adael",amada001,4,0,1B+2B,1B+2B,1,sac_bunt,8,2,1
2025-04-20,COL202504202,COL,"Martini, Nick",martn003,1,1,2B+3B,2B+3B,1,field_out,8,2,1
2025-04-20,COL202504202,COL,"Moniak, Mickey",monim001,5,2,3B,3B,1,field_out,8,3,1
2025-04-22,KCA202504220,COL,"Bouchard, Sean",boucs001,1,0,empty,empty,1,field_out,1,0,0
2025-04-22,KCA202504220,COL,"Farmer, Kyle",farmk001,1,1,empty,empty,1,field_out,1,0,0
2025-04-22,KCA202504220,COL,"McMahon, Ryan",mcmar001,1,2,empty,empty,1,strikeout,1,0,0
2025-04-22,KCA202504220,COL,"Goodman, Hunter",goodh001,1,0,empty,empty,1,field_out,2,0,0
2025-04-22,KCA202504220,COL,"Toglia, Michael",toglm001,1,1,empty,empty,1,field_out,2,0,0
2025-04-22,KCA202504220,COL,"Stallings, Jacob",stalj001,1,2,empty,empty,1,field_out,2,0,0
2025-04-22,KCA202504220,COL,"Moniak, Mickey",monim001,1,0,empty,empty,1,single,3,0,0
2025-04-22,KCA202504220,COL,"Beck, Jordan",beckj003,1,0,1B,1B,1,strikeout,3,0,0
2025-04-22,KCA202504220,COL,"Schunk, Aaron",schua002,1,1,1B,1B,1,single,3,0,0
2025-04-22,KCA202504220,COL,"Bouchard, Sean",boucs001,2,1,1B+2B,1B+2B,1,grounded_into_double_play,3,0,0
2025-04-22,KCA202504220,COL,"Farmer, Kyle",farmk001,2,0,empty,empty,1,field_out,4,0,0
2025-04-22,KCA202504220,COL,"McMahon, Ryan",mcmar001,2,1,empty,empty,1,strikeout,4,0,0
2025-04-22,KCA202504220,COL,"Goodman, Hunter",goodh001,2,2,empty,empty,1,single,4,0,0
2025-04-22,KCA202504220,COL,"Toglia, Michael",toglm001,2,2,1B,1B,1,field_out,4,0,0
2025-04-22,KCA202504220,COL,"Stallings, Jacob",stalj001,2,0,empty,empty,1,strikeout,5,0,0
2025-04-22,KCA202504220,COL,"Moniak, Mickey",monim001,2,1,empty,empty,1,field_out,5,0,0
2025-04-22,KCA202504220,COL,"Beck, Jordan",beckj003,2,2,empty,empty,1,field_out,5,0,0
2025-04-22,KCA202504220,COL,"Schunk, Aaron",schua002,2,0,empty,empty,1,field_out,6,0,0
2025-04-22,KCA202504220,COL,"Bouchard, Sean",boucs001,3,1,empty,empty,1,field_out,6,0,0
2025-04-22,KCA202504220,COL,"Farmer, Kyle",farmk001,3,2,empty,empty,1,field_out,6,0,0
2025-04-22,KCA202504220,COL,"McMahon, Ryan",mcmar001,3,0,empty,empty,1,strikeout,7,0,1
2025-04-22,KCA202504220,COL,"Goodman, Hunter",goodh001,3,1,empty,empty,1,strikeout,7,0,1
2025-04-22,KCA202504220,COL,"Toglia, Michael",toglm001,3,2,empty,empty,1,single,7,0,1
2025-04-22,KCA202504220,COL,"Stallings, Jacob",stalj001,3,2,1B,1B,1,field_out,7,0,1
2025-04-22,KCA202504220,COL,"Moniak, Mickey",monim001,3,0,empty,empty,1,field_out,8,0,1
2025-04-22,KCA202504220,COL,"Martini, Nick",martn003,1,1,empty,empty,1,field_out,8,0,1
2025-04-22,KCA202504220,COL,"Schunk, Aaron",schua002,3,2,empty,empty,1,field_out,8,0,1
2025-04-22,KCA202504220,COL,"Bouchard, Sean",boucs001,4,0,empty,empty,1,field_out,9,0,2
2025-04-22,KCA202504220,COL,"Farmer, Kyle",farmk001,4,1,empty,empty,1,field_out,9,0,2
2025-04-22,KCA202504220,COL,"McMahon, Ryan",mcmar001,4,2,empty,empty,1,walk,9,0,2
2025-04-22,KCA202504220,COL,"Goodman, Hunter",goodh001,4,2,1B,1B,1,walk,9,0,2
2025-04-22,KCA202504220,COL,"Toglia, Michael",toglm001,4,2,1B+2B,1B+2B,1,walk,9,0,2
2025-04-22,KCA202504220,COL,"Stallings, Jacob",stalj001,4,2,1B+2B+3B,1B+2B+3B,1,double,9,0,2
2025-04-22,KCA202504220,COL,"Moniak, Mickey",monim001,4,2,2B,2B,1,field_out,9,3,2
2025-04-22,KCA202504220,COL,"Martini, Nick",martn003,2,0,2B,2B,1,walk,10,3,3
2025-04-22,KCA202504220,COL,"Schunk, Aaron",schua002,4,0,1B+2B,1B+2B,1,sac_bunt,10,3,3
2025-04-22,KCA202504220,COL,"Bouchard, Sean",boucs001,5,2,2B+3B,2B,0,walk,10,3,3
2025-04-22,KCA202504220,COL,"Farmer, Kyle",farmk001,5,2,1B+2B,1B+2B,1,field_out,10,3,3
2025-04-22,KCA202504220,COL,"McMahon, Ryan",mcmar001,5,0,2B,2B,1,walk,11,3,3
2025-04-22,KCA202504220,COL,"Goodman, Hunter",goodh001,5,0,1B+2B,1B+2B,1,strikeout,11,3,3
2025-04-22,KCA202504220,COL,"Toglia, Michael",toglm001,5,1,1B+2B,1B+2B,1,field_out,11,3,3
2025-04-22,KCA202504220,COL,"Fulford, Braxton",fulfb001,1,2,1B+2B,1B+2B,1,field_out,11,3,3
2025-04-24,KCA202504241,COL,"Doyle, Brenton",doylb001,1,0,empty,empty,1,walk,1,0,0
2025-04-24,KCA202504241,COL,"Farmer, Kyle",farmk001,1,0,1B,2B,0,field_out,1,0,0
2025-04-24,KCA202504241,COL,"McMahon, Ryan",mcmar001,1,1,2B,2B,1,field_out,1,0,0
2025-04-24,KCA202504241,COL,"Goodman, Hunter",goodh001,1,2,3B,3B,1,single,1,0,0
2025-04-24,KCA202504241,COL,"Bouchard, Sean",boucs001,1,2,1B,1B,1,strikeout,1,1,0
2025-04-24,KCA202504241,COL,"Moniak, Mickey",monim001,1,0,empty,empty,1,strikeout,2,1,2
2025-04-24,KCA202504241,COL,"Toglia, Michael",toglm001,1,1,empty,empty,1,field_out,2,1,2
2025-04-24,KCA202504241,COL,"Beck, Jordan",beckj003,1,2,empty,empty,1,home_run,2,1,2
2025-04-24,KCA202504241,COL,"Schunk, Aaron",schua002,1,2,empty,empty,1,field_out,2,2,2
2025-04-24,KCA202504241,COL,"Doyle, Brenton",doylb001,2,0,empty,empty,1,strikeout,3,2,2
2025-04-24,KCA202504241,COL,"Farmer, Kyle",farmk001,2,1,empty,empty,1,strikeout,3,2,2
2025-04-24,KCA202504241,COL,"McMahon, Ryan",mcmar001,2,2,empty,empty,1,walk,3,2,2
2025-04-24,KCA202504241,COL,"Goodman, Hunter",goodh001,2,2,1B,1B,1,home_run,3,2,2
2025-04-24,KCA202504241,COL,"Bouchard, Sean",boucs001,2,2,empty,empty,1,field_out,3,4,2
2025-04-24,KCA202504241,COL,"Moniak, Mickey",monim001,2,0,empty,empty,1,field_out,4,4,4
2025-04-24,KCA202504241,COL,"Toglia, Michael",toglm001,2,1,empty,empty,1,field_out,4,4,4
2025-04-24,KCA202504241,COL,"Beck, Jordan",beckj003,2,2,empty,empty,1,single,4,4,4
2025-04-24,KCA202504241,COL,"Schunk, Aaron",schua002,2,2,1B,1B,1,strikeout,4,4,4
2025-04-24,KCA202504241,COL,"Doyle, Brenton",doylb001,3,0,empty,empty,1,walk,5,4,4
2025-04-24,KCA202504241,COL,"Farmer, Kyle",farmk001,3,0,1B,1B,1,grounded_into_double_play,5,4,4
2025-04-24,KCA202504241,COL,"McMahon, Ryan",mcmar001,3,2,empty,empty,1,field_out,5,4,4
2025-04-24,KCA202504241,COL,"Goodman, Hunter",goodh001,3,0,empty,empty,1,field_out,6,4,6
2025-04-24,KCA202504241,COL,"Bouchard, Sean",boucs001,3,1,empty,empty,1,field_out,6,4,6
2025-04-24,KCA202504241,COL,"Moniak, Mickey",monim001,3,2,empty,empty,1,field_out,6,4,6
2025-04-24,KCA202504241,COL,"Toglia, Michael",toglm001,3,0,empty,empty,1,strikeout,7,4,6
2025-04-24,KCA202504241,COL,"Beck, Jordan",beckj003,3,1,empty,empty,1,field_out,7,4,6
2025-04-24,KCA202504241,COL,"Schunk, Aaron",schua002,3,2,empty,empty,1,field_out,7,4,6
2025-04-24,KCA202504241,COL,"Doyle, Brenton",doylb001,4,0,empty,empty,1,field_out,8,4,7
2025-04-24,KCA202504241,COL,"Farmer, Kyle",farmk001,4,1,empty,empty,1,field_out,8,4,7
2025-04-24,KCA202504241,COL,"McMahon, Ryan",mcmar001,4,2,empty,empty,1,strikeout,8,4,7
2025-04-24,KCA202504241,COL,"Goodman, Hunter",goodh001,4,0,empty,empty,1,field_out,9,4,7
2025-04-24,KCA202504241,COL,"Bouchard, Sean",boucs001,4,1,empty,empty,1,field_out,9,4,7
2025-04-24,KCA202504241,COL,"Moniak, Mickey",monim001,4,2,empty,empty,1,field_out,9,4,7
2025-04-24,KCA202504242,COL,"Doyle, Brenton",doylb001,1,0,empty,empty,1,walk,1,0,0
2025-04-24,KCA202504242,COL,"Martini, Nick",martn003,1,0,1B,1B,1,field_out,1,0,0
2025-04-24,KCA202504242,COL,"McMahon, Ryan",mcmar001,1,1,1B,1B,1,strikeout,1,0,0
2025-04-24,KCA202504242,COL,"Goodman, Hunter",goodh001,1,2,1B,3B,0,field_out,1,0,0
2025-04-24,KCA202504242,COL,"Beck, Jordan",beckj003,1,0,empty,empty,1,strikeout,2,0,0
2025-04-24,KCA202504242,COL,"Toglia, Michael",toglm001,1,1,empty,empty,1,strikeout,2,0,0
2025-04-24,KCA202504242,COL,"Stallings, Jacob",stalj001,1,2,empty,empty,1,single,2,0,0
2025-04-24,KCA202504242,COL,"Amador, Adael",amada001,1,2,1B,1B,1,single,2,0,0
2025-04-24,KCA202504242,COL,"Schunk, Aaron",schua002,1,2,1B+2B,1B+2B,1,strikeout,2,0,0
2025-04-24,KCA202504242,COL,"Doyle, Brenton",doylb001,2,0,empty,empty,1,strikeout,3,0,1
2025-04-24,KCA202504242,COL,"Martini, Nick",martn003,2,1,empty,empty,1,field_out,3,0,1
2025-04-24,KCA202504242,COL,"McMahon, Ryan",mcmar001,2,2,empty,empty,1,strikeout,3,0,1
2025-04-24,KCA202504242,COL,"Goodman, Hunter",goodh001,2,0,empty,empty,1,field_out,4,0,2
2025-04-24,KCA202504242,COL,"Beck, Jordan",beckj003,2,1,empty,empty,1,walk,4,0,2
2025-04-24,KCA202504242,COL,"Toglia, Michael",toglm001,2,1,1B,1B,1,grounded_into_double_play,4,0,2
2025-04-24,KCA202504242,COL,"Stallings, Jacob",stalj001,2,0,empty,empty,1,field_out,5,0,2
2025-04-24,KCA202504242,COL,"Amador, Adael",amada001,2,1,empty,empty,1,walk,5,0,2
2025-04-24,KCA202504242,COL,"Schunk, Aaron",schua002,2,1,1B,1B,1,single,5,0,2
2025-04-24,KCA202504242,COL,"Doyle, Brenton",doylb001,3,1,1B+2B,1B+2B,1,field_out,5,0,2
2025-04-24,KCA202504242,COL,"Martini, Nick",martn003,3,2,1B+3B,1B+3B,1,field_out,5,0,2
2025-04-24,KCA202504242,COL,"McMahon, Ryan",mcmar001,3,0,empty,empty,1,strikeout,6,0,5
2025-04-24,KCA202504242,COL,"Goodman, Hunter",goodh001,3,1,empty,empty,1,field_out,6,0,5
2025-04-24,KCA202504242,COL,"Beck, Jordan",beckj003,3,2,empty,empty,1,home_run,6,0,5
2025-04-24,KCA202504242,COL,"Toglia, Michael",toglm001,3,2,empty,empty,1,walk,6,1,5
2025-04-24,KCA202504242,COL,"Stallings, Jacob",stalj001,3,2,1B,1B,1,single,6,1,5
2025-04-24,KCA202504242,COL,"Amador, Adael",amada001,3,2,1B+2B,1B+2B,1,field_out,6,1,5
2025-04-24,KCA202504242,COL,"Schunk, Aaron",schua002,3,0,empty,empty,1,field_out,7,1,5
2025-04-24,KCA202504242,COL,"Doyle, Brenton",doylb001,4,1,empty,empty,1,strikeout,7,1,5
2025-04-24,KCA202504242,COL,"Martini, Nick",martn003,4,2,empty,empty,1,strikeout,7,1,5
2025-04-24,KCA202504242,COL,"McMahon, Ryan",mcmar001,4,0,empty,empty,1,field_out,8,1,5
2025-04-24,KCA202504242,COL,"Goodman, Hunter",goodh001,4,1,empty,empty,1,field_out,8,1,5
2025-04-24,KCA202504242,COL,"Beck, Jordan",beckj003,4,2,empty,empty,1,home_run,8,1,5
2025-04-24,KCA202504242,COL,"Toglia, Michael",toglm001,4,2,empty,empty,1,single,8,2,5
2025-04-24,KCA202504242,COL,"Stallings, Jacob",stalj001,4,2,1B,1B,1,field_out,8,2,5
2025-04-24,KCA202504242,COL,"Amador, Adael",amada001,4,0,empty,empty,1,field_out,9,2,6
2025-04-24,KCA202504242,COL,"Schunk, Aaron",schua002,4,1,empty,empty,1,single,9,2,6
2025-04-24,KCA202504242,COL,"Doyle, Brenton",doylb001,5,1,1B,1B,1,single,9,2,6
2025-04-24,KCA202504242,COL,"Bouchard, Sean",boucs001,1,1,1B+2B,1B+2B,1,field_out,9,2,6
2025-04-24,KCA202504242,COL,"McMahon, Ryan",mcmar001,5,2,1B+2B,1B+2B,1,field_out,9,2,6
2025-04-25,COL202504250,COL,"Beck, Jordan",beckj003,1,0,empty,empty,1,strikeout,1,0,1
2025-04-25,COL202504250,COL,"Bouchard, Sean",boucs001,1,1,empty,empty,1,field_out,1,0,1
2025-04-25,COL202504250,COL,"McMahon, Ryan",mcmar001,1,2,empty,empty,1,field_out,1,0,1
2025-04-25,COL202504250,COL,"Goodman, Hunter",goodh001,1,0,empty,empty,1,double,2,0,1
2025-04-25,COL202504250,COL,"Stallings, Jacob",stalj001,1,0,2B,2B,1,walk,2,0,1
2025-04-25,COL202504250,COL,"Moniak, Mickey",monim001,1,0,1B+2B,1B+2B,1,field_out,2,0,1
2025-04-25,COL202504250,COL,"Toglia, Michael",toglm001,1,1,1B+2B,1B+2B,1,single,2,0,1
2025-04-25,COL202504250,COL,"Amador, Adael",amada001,1,1,1B+2B+3B,1B+2B+3B,1,walk,2,0,1
2025-04-25,COL202504250,COL,"Schunk, Aaron",schua002,1,1,1B+2B+3B,1B+2B+3B,1,grounded_into_double_play,2,1,1
2025-04-25,COL202504250,COL,"Beck, Jordan",beckj003,2,0,empty,empty,1,home_run,3,1,4
2025-04-25,COL202504250,COL,"Bouchard, Sean",boucs001,2,0,empty,empty,1,single,3,2,4
2025-04-25,COL202504250,COL,"McMahon, Ryan",mcmar001,2,0,1B,1B,1,field_out,3,2,4
2025-04-25,COL202504250,COL,"Goodman, Hunter",goodh001,2,1,1B,1B,1,walk,3,2,4
2025-04-25,COL202504250,COL,"Stallings, Jacob",stalj001,2,1,1B+2B,1B+2B,1,strikeout,3,2,4
2025-04-25,COL202504250,COL,"Moniak, Mickey",monim001,2,2,1B+2B,1B+2B,1,walk,3,2,4
2025-04-25,COL202504250,COL,"Toglia, Michael",toglm001,2,2,1B+2B+3B,1B+2B+3B,1,double,3,2,4
2025-04-25,COL202504250,COL,"Amador, Adael",amada001,2,2,2B+3B,2B+3B,1,strikeout,3,4,4
2025-04-25,COL202504250,COL,"Schunk, Aaron",schua002,2,0,empty,empty,1,field_out,4,4,4
2025-04-25,COL202504250,COL,"Beck, Jordan",beckj003,3,1,empty,empty,1,walk,4,4,4
2025-04-25,COL202504250,COL,"Bouchard, Sean",boucs001,3,1,1B,1B,1,field_out,4,4,4
2025-04-25,COL202504250,COL,"McMahon, Ryan",mcmar001,3,2,1B,2B,0,strikeout,4,4,4
2025-04-25,COL202504250,COL,"Goodman, Hunter",goodh001,3,0,empty,empty,1,double,5,4,6
2025-04-25,COL202504250,COL,"Stallings, Jacob",stalj001,3,0,2B,2B,1,double,5,4,6
2025-04-25,COL202504250,COL,"Moniak, Mickey",monim001,3,0,2B+3B,2B+3B,1,field_out,5,4,6
2025-04-25,COL202504250,COL,"Toglia, Michael",toglm001,3,1,2B+3B,2B+3B,1,single,5,4,6
2025-04-25,COL202504250,COL,"Doyle, Brenton",doylb001,1,1,1B+3B,1B+3B,1,sac_fly,5,5,6
2025-04-25,COL202504250,COL,"Schunk, Aaron",schua002,3,2,1B,2B,0,field_out,5,6,6
2025-04-25,COL202504250,COL,"Beck, Jordan",beckj003,4,0,empty,empty,1,walk,6,6,6
2025-04-25,COL202504250,COL,"Miller, Owen",millo002,1,0,1B,1B,1,field_out,6,6,6
2025-04-25,COL202504250,COL,"McMahon, Ryan",mcmar001,4,1,2B,2B,1,field_out,6,6,6
2025-04-25,COL202504250,COL,"Goodman, Hunter",goodh001,4,2,3B,3B,1,walk,6,6,6
2025-04-25,COL202504250,COL,"Stallings, Jacob",stalj001,4,2,1B+3B,1B+3B,1,strikeout,6,6,6
2025-04-25,COL202504250,COL,"Moniak, Mickey",monim001,4,0,empty,empty,1,field_out,7,6,8
2025-04-25,COL202504250,COL,"Toglia, Michael",toglm001,4,1,empty,empty,1,field_out,7,6,8
2025-04-25,COL202504250,COL,"Doyle, Brenton",doylb001,2,2,empty,empty,1,field_out,7,6,8
2025-04-25,COL202504250,COL,"Farmer, Kyle",farmk001,1,0,empty,empty,1,field_out,8,6,8
2025-04-25,COL202504250,COL,"Beck, Jordan",beckj003,5,1,empty,empty,1,home_run,8,6,8
2025-04-25,COL202504250,COL,"Miller, Owen",millo002,2,1,empty,empty,1,single,8,7,8
2025-04-25,COL202504250,COL,"McMahon, Ryan",mcmar001,5,1,1B,1B,1,field_out,8,7,8
2025-04-25,COL202504250,COL,"Goodman, Hunter",goodh001,5,2,1B,1B,1,field_out,8,7,8
2025-04-25,COL202504250,COL,"Stallings, Jacob",stalj001,5,0,empty,empty,1,field_out,9,7,8
2025-04-25,COL202504250,COL,"Moniak, Mickey",monim001,5,1,empty,empty,1,strikeout,9,7,8
2025-04-25,COL202504250,COL,"Toglia, Michael",toglm001,5,2,empty,empty,1,strikeout,9,7,8
2025-04-26,COL202504260,COL,"Doyle, Brenton",doylb001,1,0,empty,empty,1,strikeout,1,0,0
2025-04-26,COL202504260,COL,"Beck, Jordan",beckj003,1,1,empty,empty,1,strikeout,1,0,0
2025-04-26,COL202504260,COL,"McMahon, Ryan",mcmar001,1,2,empty,empty,1,field_out,1,0,0
2025-04-26,COL202504260,COL,"Goodman, Hunter",goodh001,1,0,empty,empty,1,single,2,0,2
2025-04-26,COL202504260,COL,"Toglia, Michael",toglm001,1,0,1B,1B,1,home_run,2,0,2
2025-04-26,COL202504260,COL,"Farmer, Kyle",farmk001,1,0,empty,empty,1,strikeout,2,2,2
2025-04-26,COL202504260,COL,"Moniak, Mickey",monim001,1,1,empty,empty,1,strikeout,2,2,2
2025-04-26,COL202504260,COL,"Martini, Nick",martn003,1,2,empty,empty,1,field_out,2,2,2
2025-04-26,COL202504260,COL,"Amador, Adael",amada001,1,0,empty,empty,1,single,3,2,2
2025-04-26,COL202504260,COL,"Doyle, Brenton",doylb001,2,0,1B,1B,1,strikeout,3,2,2
2025-04-26,COL202504260,COL,"Beck, Jordan",beckj003,2,1,2B,2B,1,strikeout,3,2,2
2025-04-26,COL202504260,COL,"McMahon, Ryan",mcmar001,2,2,2B,2B,1,field_out,3,2,2
2025-04-26,COL202504260,COL,"Goodman, Hunter",goodh001,2,0,empty,empty,1,single,4,2,3
2025-04-26,COL202504260,COL,"Toglia, Michael",toglm001,2,0,1B,1B,1,strikeout,4,2,3
2025-04-26,COL202504260,COL,"Farmer, Kyle",farmk001,2,1,1B,1B,1,field_out,4,2,3
2025-04-26,COL202504260,COL,"Moniak, Mickey",monim001,2,2,1B,1B,1,single,4,2,3
2025-04-26,COL202504260,COL,"Martini, Nick",martn003,2,2,1B+2B,1B+2B,1,field_out,4,2,3
2025-04-26,COL202504260,COL,"Amador, Adael",amada001,2,0,empty,empty,1,home_run,5,2,3
2025-04-26,COL202504260,COL,"Doyle, Brenton",doylb001,3,0,empty,empty,1,strikeout,5,3,3
2025-04-26,COL202504260,COL,"Beck, Jordan",beckj003,3,1,empty,empty,1,field_out,5,3,3
2025-04-26,COL202504260,COL,"McMahon, Ryan",mcmar001,3,2,empty,empty,1,field_out,5,3,3
2025-04-26,COL202504260,COL,"Goodman, Hunter",goodh001,3,0,empty,empty,1,field_out,6,3,4
2025-04-26,COL202504260,COL,"Toglia, Michael",toglm001,3,1,empty,empty,1,single,6,3,4
2025-04-26,COL202504260,COL,"Farmer, Kyle",farmk001,3,1,1B,1B,1,field_out,6,3,4
2025-04-26,COL202504260,COL,"Moniak, Mickey",monim001,3,2,1B,1B,1,field_out,6,3,4
2025-04-26,COL202504260,COL,"Martini, Nick",martn003,3,0,empty,empty,1,field_out,7,3,4
2025-04-26,COL202504260,COL,"Amador, Adael",amada001,3,1,empty,empty,1,strikeout,7,3,4
2025-04-26,COL202504260,COL,"Doyle, Brenton",doylb001,4,2,empty,empty,1,field_out,7,3,4
2025-04-26,COL202504260,COL,"Beck, Jordan",beckj003,4,0,empty,empty,1,field_out,8,3,4
2025-04-26,COL202504260,COL,"McMahon, Ryan",mcmar001,4,1,empty,empty,1,field_out,8,3,4
2025-04-26,COL202504260,COL,"Goodman, Hunter",goodh001,4,2,empty,empty,1,field_error,8,3,4
2025-04-26,COL202504260,COL,"Toglia, Michael",toglm001,4,2,2B,2B,1,strikeout,8,3,4
2025-04-26,COL202504260,COL,"Farmer, Kyle",farmk001,4,0,empty,empty,1,strikeout,9,3,6
2025-04-26,COL202504260,COL,"Moniak, Mickey",monim001,4,1,empty,empty,1,strikeout,9,3,6
2025-04-26,COL202504260,COL,"Martini, Nick",martn003,4,2,empty,empty,1,walk,9,3,6
2025-04-26,COL202504260,COL,"Amador, Adael",amada001,4,2,1B,1B,1,double,9,3,6
2025-04-26,COL202504260,COL,"Doyle, Brenton",doylb001,5,2,2B,2B,1,strikeout,9,4,6
2025-04-27,COL202504270,COL,"Doyle, Brenton",doylb001,1,0,empty,empty,1,field_out,1,0,3
2025-04-27,COL202504270,COL,"Beck, Jordan",beckj003,1,1,empty,empty,1,strikeout,1,0,3
2025-04-27,COL202504270,COL,"Goodman, Hunter",goodh001,1,2,empty,empty,1,strikeout,1,0,3
2025-04-27,COL202504270,COL,"Toglia, Michael",toglm001,1,0,empty,empty,1,walk,2,0,3
2025-04-27,COL202504270,COL,"Farmer, Kyle",farmk001,1,0,1B,1B,1,strikeout,2,0,3
2025-04-27,COL202504270,COL,"Bouchard, Sean",boucs001,1,1,1B,1B,1,strikeout,2,0,3
2025-04-27,COL202504270,COL,"Stallings, Jacob",stalj001,1,2,1B,1B,1,field_out,2,0,3
2025-04-27,COL202504270,COL,"Trejo, Alan",treja001,1,0,empty,empty,1,field_out,3,0,3
2025-04-27,COL202504270,COL,"Miller, Owen",millo002,1,1,empty,empty,1,strikeout,3,0,3
2025-04-27,COL202504270,COL,"Doyle, Brenton",doylb001,2,2,empty,empty,1,field_out,3,0,3
2025-04-27,COL202504270,COL,"Beck, Jordan",beckj003,2,0,empty,empty,1,strikeout,4,0,3
2025-04-27,COL202504270,COL,"Goodman, Hunter",goodh001,2,1,empty,empty,1,hit_by_pitch,4,0,3
2025-04-27,COL202504270,COL,"Toglia, Michael",toglm001,2,1,1B,1B,1,field_out,4,0,3
2025-04-27,COL202504270,COL,"Farmer, Kyle",farmk001,2,2,2B,2B,1,strikeout,4,0,3
2025-04-27,COL202504270,COL,"Bouchard, Sean",boucs001,2,0,empty,empty,1,field_error,5,0,7
2025-04-27,COL202504270,COL,"Stallings, Jacob",stalj001,2,0,1B,1B,1,grounded_into_double_play,5,0,7
2025-04-27,COL202504270,COL,"Trejo, Alan",treja001,2,2,empty,empty,1,field_out,5,0,7
2025-04-27,COL202504270,COL,"Miller, Owen",millo002,2,0,empty,empty,1,field_out,6,0,7
2025-04-27,COL202504270,COL,"Doyle, Brenton",doylb001,3,1,empty,empty,1,strikeout,6,0,7
2025-04-27,COL202504270,COL,"Beck, Jordan",beckj003,3,2,empty,empty,1,single,6,0,7
2025-04-27,COL202504270,COL,"Goodman, Hunter",goodh001,3,2,1B,1B,1,field_out,6,0,7
2025-04-27,COL202504270,COL,"Toglia, Michael",toglm001,3,0,empty,empty,1,field_out,7,0,7
2025-04-27,COL202504270,COL,"Farmer, Kyle",farmk001,3,1,empty,empty,1,single,7,0,7
2025-04-27,COL202504270,COL,"Bouchard, Sean",boucs001,3,1,1B,1B,1,strikeout,7,0,7
2025-04-27,COL202504270,COL,"Stallings, Jacob",stalj001,3,2,1B,1B,1,field_out,7,0,7
2025-04-27,COL202504270,COL,"Trejo, Alan",treja001,3,0,empty,empty,1,single,8,0,7
2025-04-27,COL202504270,COL,"Miller, Owen",millo002,3,0,1B,1B,1,walk,8,0,7
2025-04-27,COL202504270,COL,"Doyle, Brenton",doylb001,4,0,1B+2B,1B+2B,1,field_out,8,0,7
2025-04-27,COL202504270,COL,"Beck, Jordan",beckj003,4,1,1B+3B,1B+3B,1,sac_fly,8,0,7
2025-04-27,COL202504270,COL,"Goodman, Hunter",goodh001,4,2,1B,1B,1,field_out,8,1,7
2025-04-27,COL202504270,COL,"Toglia, Michael",toglm001,4,0,empty,empty,1,field_out,9,1,8
2025-04-27,COL202504270,COL,"Farmer, Kyle",farmk001,4,1,empty,empty,1,field_out,9,1,8
2025-04-27,COL202504270,COL,"Bouchard, Sean",boucs001,4,2,empty,empty,1,field_out,9,1,8
2025-04-28,COL202504280,COL,"Doyle, Brenton",doylb001,1,0,empty,empty,1,field_out,1,0,0
2025-04-28,COL202504280,COL,"Beck, Jordan",beckj003,1,1,empty,empty,1,double,1,0,0
2025-04-28,COL202504280,COL,"McMahon, Ryan",mcmar001,1,1,2B,2B,1,walk,1,0,0
2025-04-28,COL202504280,COL,"Goodman, Hunter",goodh001,1,1,1B+2B,1B+2B,1,home_run,1,0,0
2025-04-28,COL202504280,COL,"Toglia, Michael",toglm001,1,1,empty,empty,1,field_out,1,3,0
2025-04-28,COL202504280,COL,"Moniak, Mickey",monim001,1,2,empty,empty,1,field_out,1,3,0
2025-04-28,COL202504280,COL,"Stallings, Jacob",stalj001,1,0,empty,empty,1,field_out,2,3,0
2025-04-28,COL202504280,COL,"Trejo, Alan",treja001,1,1,empty,empty,1,field_out,2,3,0
2025-04-28,COL202504280,COL,"Amador, Adael",amada001,1,2,empty,empty,1,field_out,2,3,0
2025-04-28,COL202504280,COL,"Doyle, Brenton",doylb001,2,0,empty,empty,1,strikeout,3,3,2
2025-04-28,COL202504280,COL,"Beck, Jordan",beckj003,2,1,empty,empty,1,field_error,3,3,2
2025-04-28,COL202504280,COL,"McMahon, Ryan",mcmar001,2,1,2B,2B,1,walk,3,3,2
2025-04-28,COL202504280,COL,"Goodman, Hunter",goodh001,2,1,1B+2B,1B+2B,1,strikeout,3,3,2
2025-04-28,COL202504280,COL,"Toglia, Michael",toglm001,2,2,1B+2B,1B+2B,1,field_out,3,3,2
2025-04-28,COL202504280,COL,"Moniak, Mickey",monim001,2,0,empty,empty,1,single,4,3,3
2025-04-28,COL202504280,COL,"Stallings, Jacob",stalj001,2,0,1B,1B,1,strikeout,4,3,3
2025-04-28,COL202504280,COL,"Trejo, Alan",treja001,2,2,1B,empty,0,double,4,3,3
2025-04-28,COL202504280,COL,"Amador, Adael",amada001,2,2,2B,2B,1,field_out,4,3,3
2025-04-28,COL202504280,COL,"Doyle, Brenton",doylb001,3,0,empty,empty,1,field_out,5,3,5
2025-04-28,COL202504280,COL,"Beck, Jordan",beckj003,3,1,empty,empty,1,field_out,5,3,5
2025-04-28,COL202504280,COL,"McMahon, Ryan",mcmar001,3,2,empty,empty,1,field_out,5,3,5
2025-04-28,COL202504280,COL,"Goodman, Hunter",goodh001,3,0,empty,empty,1,strikeout,6,3,5
2025-04-28,COL202504280,COL,"Toglia, Michael",toglm001,3,1,empty,empty,1,single,6,3,5
2025-04-28,COL202504280,COL,"Moniak, Mickey",monim001,3,1,1B,1B,1,field_out,6,3,5
2025-04-28,COL202504280,COL,"Stallings, Jacob",stalj001,3,2,1B,1B,1,field_out,6,3,5
2025-04-28,COL202504280,COL,"Trejo, Alan",treja001,3,0,empty,empty,1,strikeout,7,3,6
2025-04-28,COL202504280,COL,"Amador, Adael",amada001,3,1,empty,empty,1,field_out,7,3,6
2025-04-28,COL202504280,COL,"Doyle, Brenton",doylb001,4,2,empty,empty,1,field_out,7,3,6
2025-04-28,COL202504280,COL,"Beck, Jordan",beckj003,4,0,empty,empty,1,double,8,3,6
2025-04-28,COL202504280,COL,"McMahon, Ryan",mcmar001,4,0,2B,2B,1,walk,8,3,6
2025-04-28,COL202504280,COL,"Goodman, Hunter",goodh001,4,0,1B+2B,1B+2B,1,field_out,8,3,6
2025-04-28,COL202504280,COL,"Toglia, Michael",toglm001,4,1,1B+2B,1B+2B,1,strikeout,8,3,6
2025-04-28,COL202504280,COL,"Moniak, Mickey",monim001,4,2,1B+2B,1B+2B,1,field_out,8,3,6
2025-04-28,COL202504280,COL,"Martini, Nick",martn003,1,0,empty,empty,1,field_out,9,3,6
2025-04-28,COL202504280,COL,"Trejo, Alan",treja001,4,1,empty,empty,1,field_out,9,3,6
2025-04-28,COL202504280,COL,"Amador, Adael",amada001,4,2,empty,empty,1,double,9,3,6
2025-04-28,COL202504280,COL,"Doyle, Brenton",doylb001,5,2,2B,2B,1,strikeout,9,3,6
2025-04-29,COL202504290,COL,"Doyle, Brenton",doylb001,1,0,empty,empty,1,field_out,1,0,0
2025-04-29,COL202504290,COL,"Beck, Jordan",beckj003,1,1,empty,empty,1,field_out,1,0,0
2025-04-29,COL202504290,COL,"McMahon, Ryan",mcmar001,1,2,empty,empty,1,field_out,1,0,0
2025-04-29,COL202504290,COL,"Goodman, Hunter",goodh001,1,0,empty,empty,1,strikeout,2,0,2
2025-04-29,COL202504290,COL,"Toglia, Michael",toglm001,1,1,empty,empty,1,home_run,2,0,2
2025-04-29,COL202504290,COL,"Moniak, Mickey",monim001,1,1,empty,empty,1,field_out,2,1,2
2025-04-29,COL202504290,COL,"Farmer, Kyle",farmk001,1,2,empty,empty,1,strikeout,2,1,2
2025-04-29,COL202504290,COL,"Martini, Nick",martn003,1,0,empty,empty,1,single,3,1,2
2025-04-29,COL202504290,COL,"Trejo, Alan",treja001,1,0,1B,1B,1,sac_bunt,3,1,2
2025-04-29,COL202504290,COL,"Doyle, Brenton",doylb001,2,1,2B,2B,1,strikeout,3,1,2
2025-04-29,COL202504290,COL,"Beck, Jordan",beckj003,2,2,2B,2B,1,walk,3,1,2
2025-04-29,COL202504290,COL,"McMahon, Ryan",mcmar001,2,2,1B+2B,1B+2B,1,field_out,3,1,2
2025-04-29,COL202504290,COL,"Goodman, Hunter",goodh001,2,0,empty,empty,1,field_out,4,1,5
2025-04-29,COL202504290,COL,"Toglia, Michael",toglm001,2,1,empty,empty,1,field_out,4,1,5
2025-04-29,COL202504290,COL,"Moniak, Mickey",monim001,2,2,empty,empty,1,strikeout,4,1,5
2025-04-29,COL202504290,COL,"Farmer, Kyle",farmk001,2,0,empty,empty,1,single,5,1,6
2025-04-29,COL202504290,COL,"Martini, Nick",martn003,2,0,1B,1B,1,field_out,5,1,6
2025-04-29,COL202504290,COL,"Trejo, Alan",treja001,2,1,1B,1B,1,strikeout,5,1,6
2025-04-29,COL202504290,COL,"Doyle, Brenton",doylb001,3,2,1B,1B,1,field_out,5,1,6
2025-04-29,COL202504290,COL,"Beck, Jordan",beckj003,3,0,empty,empty,1,single,6,1,7
2025-04-29,COL202504290,COL,"McMahon, Ryan",mcmar001,3,0,1B,1B,1,field_out,6,1,7
2025-04-29,COL202504290,COL,"Goodman, Hunter",goodh001,3,1,2B,2B,1,single,6,1,7
2025-04-29,COL202504290,COL,"Toglia, Michael",toglm001,3,1,1B+3B,1B+3B,1,field_out,6,1,7
2025-04-29,COL202504290,COL,"Moniak, Mickey",monim001,3,2,1B,1B,1,field_out,6,2,7
2025-04-29,COL202504290,COL,"Farmer, Kyle",farmk001,3,0,empty,empty,1,field_out,7,2,7
2025-04-29,COL202504290,COL,"Martini, Nick",martn003,3,1,empty,empty,1,field_out,7,2,7
2025-04-29,COL202504290,COL,"Trejo, Alan",treja001,3,2,empty,empty,1,strikeout,7,2,7
2025-04-29,COL202504290,COL,"Doyle, Brenton",doylb001,4,0,empty,empty,1,strikeout,8,2,8
2025-04-29,COL202504290,COL,"Beck, Jordan",beckj003,4,1,empty,empty,1,field_out,8,2,8
2025-04-29,COL202504290,COL,"McMahon, Ryan",mcmar001,4,2,empty,empty,1,field_out,8,2,8
2025-04-29,COL202504290,COL,"Goodman, Hunter",goodh001,4,0,empty,empty,1,single,9,2,8
2025-04-29,COL202504290,COL,"Toglia, Michael",toglm001,4,0,1B,1B,1,field_out,9,2,8
2025-04-29,COL202504290,COL,"Moniak, Mickey",monim001,4,1,1B,1B,1,walk,9,2,8
2025-04-29,COL202504290,COL,"Farmer, Kyle",farmk001,4,1,1B+2B,1B+2B,1,grounded_into_double_play,9,2,8
2025-04-30,COL202504300,COL,"Doyle, Brenton",doylb001,1,0,empty,empty,1,field_out,1,0,0
2025-04-30,COL202504300,COL,"Beck, Jordan",beckj003,1,1,empty,empty,1,strikeout,1,0,0
2025-04-30,COL202504300,COL,"McMahon, Ryan",mcmar001,1,2,empty,empty,1,strikeout,1,0,0
2025-04-30,COL202504300,COL,"Goodman, Hunter",goodh001,1,0,empty,empty,1,single,2,0,0
2025-04-30,COL202504300,COL,"Toglia, Michael",toglm001,1,0,1B,1B,1,double,2,0,0
2025-04-30,COL202504300,COL,"Bouchard, Sean",boucs001,1,0,2B+3B,2B+3B,1,field_out,2,0,0
2025-04-30,COL202504300,COL,"Stallings, Jacob",stalj001,1,1,2B,2B,1,strikeout,2,1,0
2025-04-30,COL202504300,COL,"Trejo, Alan",treja001,1,2,2B,2B,1,field_out,2,1,0
2025-04-30,COL202504300,COL,"Amador, Adael",amada001,1,0,empty,empty,1,field_out,3,1,1
2025-04-30,COL202504300,COL,"Doyle, Brenton",doylb001,2,1,empty,empty,1,home_run,3,1,1
2025-04-30,COL202504300,COL,"Beck, Jordan",beckj003,2,1,empty,empty,1,strikeout,3,2,1
2025-04-30,COL202504300,COL,"McMahon, Ryan",mcmar001,2,2,empty,empty,1,strikeout,3,2,1
2025-04-30,COL202504300,COL,"Goodman, Hunter",goodh001,2,0,empty,empty,1,strikeout,4,2,1
2025-04-30,COL202504300,COL,"Toglia, Michael",toglm001,2,1,empty,empty,1,field_out,4,2,1
2025-04-30,COL202504300,COL,"Bouchard, Sean",boucs001,2,2,empty,empty,1,strikeout,4,2,1
2025-04-30,COL202504300,COL,"Stallings, Jacob",stalj001,2,0,empty,empty,1,single,5,2,1
2025-04-30,COL202504300,COL,"Trejo, Alan",treja001,2,0,1B,1B,1,grounded_into_double_play,5,2,1
2025-04-30,COL202504300,COL,"Amador, Adael",amada001,2,2,empty,empty,1,field_out,5,2,1
2025-04-30,COL202504300,COL,"Doyle, Brenton",doylb001,3,0,empty,empty,1,double,6,2,1
2025-04-30,COL202504300,COL,"Beck, Jordan",beckj003,3,0,2B,3B,0,strikeout,6,2,1
2025-04-30,COL202504300,COL,"McMahon, Ryan",mcmar001,3,1,3B,3B,1,strikeout,6,2,1
2025-04-30,COL202504300,COL,"Goodman, Hunter",goodh001,3,2,3B,3B,1,field_out,6,2,1
2025-04-30,COL202504300,COL,"Toglia, Michael",toglm001,3,0,empty,empty,1,field_out,7,2,1
2025-04-30,COL202504300,COL,"Bouchard, Sean",boucs001,3,1,empty,empty,1,field_out,7,2,1
2025-04-30,COL202504300,COL,"Stallings, Jacob",stalj001,3,2,empty,empty,1,strikeout,7,2,1
2025-04-30,COL202504300,COL,"Trejo, Alan",treja001,3,0,empty,empty,1,strikeout,8,2,1
2025-04-30,COL202504300,COL,"Amador, Adael",amada001,3,1,empty,empty,1,strikeout,8,2,1
2025-04-30,COL202504300,COL,"Doyle, Brenton",doylb001,4,2,empty,empty,1,field_out,8,2,1
2025-05-01,SFN202505010,COL,"Doyle, Brenton",doylb001,1,0,empty,empty,1,field_out,1,0,0
2025-05-01,SFN202505010,COL,"Beck, Jordan",beckj003,1,1,empty,empty,1,field_error,1,0,0
2025-05-01,SFN202505010,COL,"Toglia, Michael",toglm001,1,2,1B,empty,0,strikeout,1,0,0
2025-05-01,SFN202505010,COL,"Goodman, Hunter",goodh001,1,0,empty,empty,1,strikeout,2,0,1
2025-05-01,SFN202505010,COL,"McMahon, Ryan",mcmar001,1,1,empty,empty,1,walk,2,0,1
2025-05-01,SFN202505010,COL,"Moniak, Mickey",monim001,1,1,1B,1B,1,field_out,2,0,1
2025-05-01,SFN202505010,COL,"Farmer, Kyle",farmk001,1,2,1B,2B,0,field_out,2,0,1
2025-05-01,SFN202505010,COL,"Martini, Nick",martn003,1,0,empty,empty,1,field_out,3,0,1
2025-05-01,SFN202505010,COL,"Trejo, Alan",treja001,1,1,empty,empty,1,double,3,0,1
2025-05-01,SFN202505010,COL,"Doyle, Brenton",doylb001,2,1,2B,2B,1,single,3,0,1
2025-05-01,SFN202505010,COL,"Beck, Jordan",beckj003,2,1,1B,1B,1,field_out,3,1,1
2025-05-01,SFN202505010,COL,"Toglia, Michael",toglm001,2,2,1B,1B,1,strikeout,3,1,1
2025-05-01,SFN202505010,COL,"Goodman, Hunter",goodh001,2,0,empty,empty,1,field_out,4,1,1
2025-05-01,SFN202505010,COL,"McMahon, Ryan",mcmar001,2,1,empty,empty,1,strikeout,4,1,1
2025-05-01,SFN202505010,COL,"Moniak, Mickey",monim001,2,2,empty,empty,1,single,4,1,1
2025-05-01,SFN202505010,COL,"Farmer, Kyle",farmk001,2,2,1B,1B,1,field_out,4,1,1
2025-05-01,SFN202505010,COL,"Martini, Nick",martn003,2,0,empty,empty,1,field_out,5,1,1
2025-05-01,SFN202505010,COL,"Trejo, Alan",treja001,2,1,empty,empty,1,single,5,1,1
2025-05-01,SFN202505010,COL,"Doyle, Brenton",doylb001,3,1,1B,1B,1,field_out,5,1,1
2025-05-01,SFN202505010,COL,"Beck, Jordan",beckj003,3,0,1B,empty,0,field_out,6,1,1
2025-05-01,SFN202505010,COL,"Toglia, Michael",toglm001,3,1,empty,empty,1,field_out,6,1,1
2025-05-01,SFN202505010,COL,"Goodman, Hunter",goodh001,3,2,empty,empty,1,field_out,6,1,1
2025-05-01,SFN202505010,COL,"McMahon, Ryan",mcmar001,3,0,empty,empty,1,home_run,7,1,3
2025-05-01,SFN202505010,COL,"Moniak, Mickey",monim001,3,0,empty,empty,1,field_out,7,2,3
2025-05-01,SFN202505010,COL,"Farmer, Kyle",farmk001,3,1,empty,empty,1,field_out,7,2,3
2025-05-01,SFN202505010,COL,"Martini, Nick",martn003,3,2,empty,empty,1,field_out,7,2,3
2025-05-01,SFN202505010,COL,"Trejo, Alan",treja001,3,0,empty,empty,1,field_out,8,2,3
2025-05-01,SFN202505010,COL,"Doyle, Brenton",doylb001,4,1,empty,empty,1,single,8,2,3
2025-05-01,SFN202505010,COL,"Beck, Jordan",beckj003,4,1,1B,2B,0,double,8,2,3
2025-05-01,SFN202505010,COL,"Toglia, Michael",toglm001,4,1,2B,2B,1,field_out,8,3,3
2025-05-01,SFN202505010,COL,"Goodman, Hunter",goodh001,4,2,2B,2B,1,single,8,3,3
2025-05-01,SFN202505010,COL,"McMahon, Ryan",mcmar001,4,2,2B,2B,1,field_out,8,4,3
2025-05-01,SFN202505010,COL,"Moniak, Mickey",monim001,4,0,empty,empty,1,strikeout,9,4,3
2025-05-01,SFN202505010,COL,"Farmer, Kyle",farmk001,4,1,empty,empty,1,strikeout,9,4,3
2025-05-01,SFN202505010,COL,"Martini, Nick",martn003,4,2,empty,empty,1,walk,9,4,3
2025-05-01,SFN202505010,COL,"Trejo, Alan",treja001,4,2,1B,1B,1,field_out,9,4,3
2025-05-02,SFN202505020,COL,"Doyle, Brenton",doylb001,1,0,empty,empty,1,walk,1,0,0
2025-05-02,SFN202505020,COL,"Beck, Jordan",beckj003,1,1,1B,empty,0,strikeout,1,0,0
2025-05-02,SFN202505020,COL,"Goodman, Hunter",goodh001,1,2,empty,empty,1,field_out,1,0,0
2025-05-02,SFN202505020,COL,"McMahon, Ryan",mcmar001,1,0,empty,empty,1,field_out,2,0,0
2025-05-02,SFN202505020,COL,"Toglia, Michael",toglm001,1,1,empty,empty,1,strikeout,2,0,0
2025-05-02,SFN202505020,COL,"Bouchard, Sean",boucs001,1,2,empty,empty,1,strikeout,2,0,0
2025-05-02,SFN202505020,COL,"Stallings, Jacob",stalj001,1,0,empty,empty,1,strikeout,3,0,3
2025-05-02,SFN202505020,COL,"Miller, Owen",millo002,1,1,empty,empty,1,field_out,3,0,3
2025-05-02,SFN202505020,COL,"Trejo, Alan",treja001,1,2,empty,empty,1,field_out,3,0,3
2025-05-02,SFN202505020,COL,"Doyle, Brenton",doylb001,2,0,empty,empty,1,strikeout,4,0,4
2025-05-02,SFN202505020,COL,"Beck, Jordan",beckj003,2,1,empty,empty,1,field_out,4,0,4
2025-05-02,SFN202505020,COL,"Goodman, Hunter",goodh001,2,2,empty,empty,1,single,4,0,4
2025-05-02,SFN202505020,COL,"McMahon, Ryan",mcmar001,2,2,1B,1B,1,field_out,4,0,4
2025-05-02,SFN202505020,COL,"Toglia, Michael",toglm001,2,0,empty,empty,1,strikeout,5,0,4
2025-05-02,SFN202505020,COL,"Bouchard, Sean",boucs001,2,1,empty,empty,1,field_out,5,0,4
2025-05-02,SFN202505020,COL,"Stallings, Jacob",stalj001,2,2,empty,empty,1,strikeout,5,0,4
2025-05-02,SFN202505020,COL,"Miller, Owen",millo002,2,0,empty,empty,1,walk,6,0,4
2025-05-02,SFN202505020,COL,"Trejo, Alan",treja001,2,0,1B,1B,1,strikeout,6,0,4
2025-05-02,SFN202505020,COL,"Doyle, Brenton",doylb001,3,1,1B,1B,1,field_out,6,0,4
2025-05-02,SFN202505020,COL,"Beck, Jordan",beckj003,3,2,1B,1B,1,single,6,0,4
2025-05-02,SFN202505020,COL,"Goodman, Hunter",goodh001,3,2,1B+3B,1B+3B,1,field_out,6,0,4
2025-05-02,SFN202505020,COL,"McMahon, Ryan",mcmar001,3,0,empty,empty,1,field_out,7,0,4
2025-05-02,SFN202505020,COL,"Toglia, Michael",toglm001,3,1,empty,empty,1,field_out,7,0,4
2025-05-02,SFN202505020,COL,"Bouchard, Sean",boucs001,3,2,empty,empty,1,field_out,7,0,4
2025-05-02,SFN202505020,COL,"Martini, Nick",martn003,1,0,empty,empty,1,single,8,0,4
2025-05-02,SFN202505020,COL,"Moniak, Mickey",monim001,1,0,1B,1B,1,field_out,8,0,4
2025-05-02,SFN202505020,COL,"Trejo, Alan",treja001,3,1,1B,1B,1,grounded_into_double_play,8,0,4
2025-05-02,SFN202505020,COL,"Doyle, Brenton",doylb001,4,0,empty,empty,1,field_out,9,0,4
2025-05-02,SFN202505020,COL,"Beck, Jordan",beckj003,4,1,empty,empty,1,strikeout,9,0,4
2025-05-02,SFN202505020,COL,"Goodman, Hunter",goodh001,4,2,empty,empty,1,field_out,9,0,4
2025-05-03,SFN202505030,COL,"Doyle, Brenton",doylb001,1,0,empty,empty,1,field_out,1,0,0
2025-05-03,SFN202505030,COL,"Beck, Jordan",beckj003,1,1,empty,empty,1,strikeout,1,0,0
2025-05-03,SFN202505030,COL,"McMahon, Ryan",mcmar001,1,2,empty,empty,1,walk,1,0,0
2025-05-03,SFN202505030,COL,"Goodman, Hunter",goodh001,1,2,1B,1B,1,strikeout,1,0,0
2025-05-03,SFN202505030,COL,"Toglia, Michael",toglm001,1,0,empty,empty,1,strikeout,2,0,0
2025-05-03,SFN202505030,COL,"Martini, Nick",martn003,1,1,empty,empty,1,field_out,2,0,0
2025-05-03,SFN202505030,COL,"Farmer, Kyle",farmk001,1,2,empty,empty,1,field_out,2,0,0
2025-05-03,SFN202505030,COL,"Moniak, Mickey",monim001,1,0,empty,empty,1,strikeout,3,0,0
2025-05-03,SFN202505030,COL,"Amador, Adael",amada001,1,1,empty,empty,1,strikeout,3,0,0
2025-05-03,SFN202505030,COL,"Doyle, Brenton",doylb001,2,2,empty,empty,1,field_error,3,0,0
2025-05-03,SFN202505030,COL,"Beck, Jordan",beckj003,2,2,1B,1B,1,strikeout,3,0,0
2025-05-03,SFN202505030,COL,"McMahon, Ryan",mcmar001,2,0,empty,empty,1,field_out,4,0,1
2025-05-03,SFN202505030,COL,"Goodman, Hunter",goodh001,2,1,empty,empty,1,field_out,4,0,1
2025-05-03,SFN202505030,COL,"Toglia, Michael",toglm001,2,2,empty,empty,1,field_out,4,0,1
2025-05-03,SFN202505030,COL,"Martini, Nick",martn003,2,0,empty,empty,1,field_out,5,0,1
2025-05-03,SFN202505030,COL,"Farmer, Kyle",farmk001,2,1,empty,empty,1,single,5,0,1
2025-05-03,SFN202505030,COL,"Moniak, Mickey",monim001,2,1,1B,1B,1,field_out,5,0,1
2025-05-03,SFN202505030,COL,"Amador, Adael",amada001,2,2,2B,2B,1,strikeout,5,0,1
2025-05-03,SFN202505030,COL,"Doyle, Brenton",doylb001,3,0,empty,empty,1,walk,6,0,1
2025-05-03,SFN202505030,COL,"Beck, Jordan",beckj003,3,0,1B,1B,1,single,6,0,1
2025-05-03,SFN202505030,COL,"McMahon, Ryan",mcmar001,3,0,1B+2B,1B+2B,1,single,6,0,1
2025-05-03,SFN202505030,COL,"Goodman, Hunter",goodh001,3,0,1B+3B,1B+3B,1,single,6,1,1
2025-05-03,SFN202505030,COL,"Toglia, Michael",toglm001,3,0,1B+2B,1B+2B,1,field_out,6,2,1
2025-05-03,SFN202505030,COL,"Martini, Nick",martn003,3,1,1B+3B,1B+3B,1,strikeout,6,2,1
2025-05-03,SFN202505030,COL,"Farmer, Kyle",farmk001,3,2,1B+3B,1B+3B,1,single,6,2,1
2025-05-03,SFN202505030,COL,"Moniak, Mickey",monim001,3,2,1B+3B,1B+3B,1,field_out,6,3,1
2025-05-03,SFN202505030,COL,"Amador, Adael",amada001,3,0,empty,empty,1,field_out,7,3,6
2025-05-03,SFN202505030,COL,"Doyle, Brenton",doylb001,4,1,empty,empty,1,field_out,7,3,6
2025-05-03,SFN202505030,COL,"Beck, Jordan",beckj003,4,2,empty,empty,1,field_out,7,3,6
2025-05-03,SFN202505030,COL,"McMahon, Ryan",mcmar001,4,0,empty,empty,1,field_out,8,3,6
2025-05-03,SFN202505030,COL,"Goodman, Hunter",goodh001,4,1,empty,empty,1,field_out,8,3,6
2025-05-03,SFN202505030,COL,"Toglia, Michael",toglm001,4,2,empty,empty,1,walk,8,3,6
2025-05-03,SFN202505030,COL,"Bouchard, Sean",boucs001,1,2,1B,1B,1,field_out,8,3,6
2025-05-03,SFN202505030,COL,"Farmer, Kyle",farmk001,4,0,empty,empty,1,field_out,9,3,6
2025-05-03,SFN202505030,COL,"Moniak, Mickey",monim001,4,1,empty,empty,1,field_out,9,3,6
2025-05-03,SFN202505030,COL,"Amador, Adael",amada001,4,2,empty,empty,1,strikeout,9,3,6
2025-05-04,SFN202505040,COL,"Doyle, Brenton",doylb001,1,0,empty,empty,1,field_out,1,0,0
2025-05-04,SFN202505040,COL,"Beck, Jordan",beckj003,1,1,empty,empty,1,field_out,1,0,0
2025-05-04,SFN202505040,COL,"McMahon, Ryan",mcmar001,1,2,empty,empty,1,single,1,0,0
2025-05-04,SFN202505040,COL,"Goodman, Hunter",goodh001,1,2,1B,1B,1,field_out,1,0,0
2025-05-04,SFN202505040,COL,"Toglia, Michael",toglm001,1,0,empty,empty,1,walk,2,0,1
2025-05-04,SFN202505040,COL,"Farmer, Kyle",farmk001,1,0,1B,1B,1,strikeout,2,0,1
2025-05-04,SFN202505040,COL,"Moniak, Mickey",monim001,1,1,1B,1B,1,strikeout,2,0,1
2025-05-04,SFN202505040,COL,"Stallings, Jacob",stalj001,1,2,1B,1B,1,strikeout,2,0,1
2025-05-04,SFN202505040,COL,"Trejo, Alan",treja001,1,0,empty,empty,1,field_out,3,0,1
2025-05-04,SFN202505040,COL,"Doyle, Brenton",doylb001,2,1,empty,empty,1,field_out,3,0,1
2025-05-04,SFN202505040,COL,"Beck, Jordan",beckj003,2,2,empty,empty,1,field_out,3,0,1
2025-05-04,SFN202505040,COL,"McMahon, Ryan",mcmar001,2,0,empty,empty,1,field_out,4,0,2
2025-05-04,SFN202505040,COL,"Goodman, Hunter",goodh001,2,1,empty,empty,1,single,4,0,2
2025-05-04,SFN202505040,COL,"Toglia, Michael",toglm001,2,1,1B,1B,1,walk,4,0,2
2025-05-04,SFN202505040,COL,"Farmer, Kyle",farmk001,2,1,1B+2B,1B+2B,1,grounded_into_double_play,4,0,2
2025-05-04,SFN202505040,COL,"Moniak, Mickey",monim001,2,0,empty,empty,1,triple,5,0,2
2025-05-04,SFN202505040,COL,"Stallings, Jacob",stalj001,2,0,3B,3B,1,single,5,0,2
2025-05-04,SFN202505040,COL,"Trejo, Alan",treja001,2,0,1B,1B,1,fielders_choice,5,1,2
2025-05-04,SFN202505040,COL,"Doyle, Brenton",doylb001,3,0,1B+2B,1B+2B,1,grounded_into_double_play,5,1,2
2025-05-04,SFN202505040,COL,"Beck, Jordan",beckj003,3,2,2B,2B,1,strikeout,5,1,2
2025-05-04,SFN202505040,COL,"McMahon, Ryan",mcmar001,3,0,empty,empty,1,field_out,6,1,5
2025-05-04,SFN202505040,COL,"Goodman, Hunter",goodh001,3,1,empty,empty,1,single,6,1,5
2025-05-04,SFN202505040,COL,"Toglia, Michael",toglm001,3,1,1B,1B,1,strikeout,6,1,5
2025-05-04,SFN202505040,COL,"Farmer, Kyle",farmk001,3,2,1B,1B,1,field_out,6,1,5
2025-05-04,SFN202505040,COL,"Moniak, Mickey",monim001,3,0,empty,empty,1,field_out,7,1,5
2025-05-04,SFN202505040,COL,"Stallings, Jacob",stalj001,3,1,empty,empty,1,strikeout,7,1,5
2025-05-04,SFN202505040,COL,"Trejo, Alan",treja001,3,2,empty,empty,1,single,7,1,5
2025-05-04,SFN202505040,COL,"Doyle, Brenton",doylb001,4,2,1B,1B,1,field_out,7,1,5
2025-05-04,SFN202505040,COL,"Beck, Jordan",beckj003,4,0,empty,empty,1,triple,8,1,9
2025-05-04,SFN202505040,COL,"McMahon, Ryan",mcmar001,4,0,3B,3B,1,triple,8,1,9
2025-05-04,SFN202505040,COL,"Goodman, Hunter",goodh001,4,0,3B,3B,1,field_out,8,2,9
2025-05-04,SFN202505040,COL,"Toglia, Michael",toglm001,4,1,empty,empty,1,strikeout,8,3,9
2025-05-04,SFN202505040,COL,"Farmer, Kyle",farmk001,4,2,empty,empty,1,field_out,8,3,9
2025-05-04,SFN202505040,COL,"Moniak, Mickey",monim001,4,0,empty,empty,1,single,9,3,9
2025-05-04,SFN202505040,COL,"Stallings, Jacob",stalj001,4,0,1B,1B,1,field_out,9,3,9
2025-05-04,SFN202505040,COL,"Martini, Nick",martn003,1,1,1B,1B,1,single,9,3,9
2025-05-04,SFN202505040,COL,"Doyle, Brenton",doylb001,5,1,2B+3B,2B+3B,1,strikeout,9,3,9
2025-05-04,SFN202505040,COL,"Beck, Jordan",beckj003,5,2,2B+3B,2B+3B,1,field_out,9,3,9
2025-05-07,COL202505070,COL,"Doyle, Brenton",doylb001,1,0,empty,empty,1,strikeout,1,0,0
2025-05-07,COL202505070,COL,"Beck, Jordan",beckj003,1,1,empty,empty,1,single,1,0,0
2025-05-07,COL202505070,COL,"McMahon, Ryan",mcmar001,1,1,1B,1B,1,home_run,1,0,0
2025-05-07,COL202505070,COL,"Goodman, Hunter",goodh001,1,1,empty,empty,1,single,1,2,0
2025-05-07,COL202505070,COL,"Toglia, Michael",toglm001,1,1,1B,1B,1,field_out,1,2,0
2025-05-07,COL202505070,COL,"Martini, Nick",martn003,1,2,1B,1B,1,field_out,1,2,0
2025-05-07,COL202505070,COL,"Moniak, Mickey",monim001,1,0,empty,empty,1,single,2,2,0
2025-05-07,COL202505070,COL,"Trejo, Alan",treja001,1,0,1B,1B,1,strikeout,2,2,0
2025-05-07,COL202505070,COL,"Amador, Adael",amada001,1,1,1B,2B,0,field_out,2,2,0
2025-05-07,COL202505070,COL,"Doyle, Brenton",doylb001,2,2,3B,3B,1,single,2,2,0
2025-05-07,COL202505070,COL,"Beck, Jordan",beckj003,2,2,1B,1B,1,field_out,2,3,0
2025-05-07,COL202505070,COL,"McMahon, Ryan",mcmar001,2,0,empty,empty,1,walk,3,3,3
2025-05-07,COL202505070,COL,"Goodman, Hunter",goodh001,2,0,1B,1B,1,field_out,3,3,3
2025-05-07,COL202505070,COL,"Toglia, Michael",toglm001,2,1,1B,1B,1,home_run,3,3,3
2025-05-07,COL202505070,COL,"Martini, Nick",martn003,2,1,empty,empty,1,field_out,3,5,3
2025-05-07,COL202505070,COL,"Moniak, Mickey",monim001,2,2,empty,empty,1,field_out,3,5,3
2025-05-07,COL202505070,COL,"Trejo, Alan",treja001,2,0,empty,empty,1,single,4,5,6
2025-05-07,COL202505070,COL,"Amador, Adael",amada001,2,0,1B,1B,1,field_out,4,5,6
2025-05-07,COL202505070,COL,"Doyle, Brenton",doylb001,3,1,2B,2B,1,field_out,4,5,6
2025-05-07,COL202505070,COL,"Beck, Jordan",beckj003,3,2,3B,3B,1,single,4,5,6
2025-05-07,COL202505070,COL,"McMahon, Ryan",mcmar001,3,0,1B,empty,0,single,5,6,6
2025-05-07,COL202505070,COL,"Goodman, Hunter",goodh001,3,0,1B,1B,1,grounded_into_double_play,5,6,6
2025-05-07,COL202505070,COL,"Toglia, Michael",toglm001,3,2,empty,empty,1,double,5,6,6
2025-05-07,COL202505070,COL,"Bouchard, Sean",boucs001,1,2,2B,2B,1,field_out,5,6,6
2025-05-07,COL202505070,COL,"Moniak, Mickey",monim001,3,0,empty,empty,1,strikeout,6,6,6
2025-05-07,COL202505070,COL,"Trejo, Alan",treja001,3,1,empty,empty,1,field_out,6,6,6
2025-05-07,COL202505070,COL,"Amador, Adael",amada001,3,2,empty,empty,1,strikeout,6,6,6
2025-05-07,COL202505070,COL,"Doyle, Brenton",doylb001,4,0,empty,empty,1,field_out,7,6,6
2025-05-07,COL202505070,COL,"Beck, Jordan",beckj003,4,1,empty,empty,1,field_out,7,6,6
2025-05-07,COL202505070,COL,"McMahon, Ryan",mcmar001,4,2,empty,empty,1,double,7,6,6
2025-05-07,COL202505070,COL,"Goodman, Hunter",goodh001,4,2,2B,2B,1,strikeout,7,6,6
2025-05-07,COL202505070,COL,"Toglia, Michael",toglm001,4,0,empty,empty,1,double,8,6,6
2025-05-07,COL202505070,COL,"Bouchard, Sean",boucs001,2,0,2B,2B,1,strikeout,8,6,6
2025-05-07,COL202505070,COL,"Moniak, Mickey",monim001,4,1,2B,2B,1,field_out,8,6,6
2025-05-07,COL202505070,COL,"Trejo, Alan",treja001,4,2,2B,2B,1,walk,8,6,6
2025-05-07,COL202505070,COL,"Amador, Adael",amada001,4,2,1B+2B,1B+2B,1,walk,8,6,6
2025-05-07,COL202505070,COL,"Doyle, Brenton",doylb001,5,2,1B+2B+3B,1B+2B+3B,1,field_out,8,6,6
2025-05-07,COL202505070,COL,"Beck, Jordan",beckj003,5,0,empty,empty,1,field_out,9,6,6
2025-05-07,COL202505070,COL,"McMahon, Ryan",mcmar001,5,1,empty,empty,1,double,9,6,6
2025-05-07,COL202505070,COL,"Goodman, Hunter",goodh001,5,1,2B,2B,1,strikeout,9,6,6
2025-05-07,COL202505070,COL,"Toglia, Michael",toglm001,5,2,2B,2B,1,intent_walk,9,6,6
2025-05-07,COL202505070,COL,"Farmer, Kyle",farmk001,1,2,1B+2B,1B+2B,1,strikeout,9,6,6
2025-05-07,COL202505070,COL,"Moniak, Mickey",monim001,5,0,2B,2B,1,walk,10,6,8
2025-05-07,COL202505070,COL,"Trejo, Alan",treja001,5,0,1B+2B,1B+2B,1,grounded_into_double_play,10,6,8
2025-05-07,COL202505070,COL,"Amador, Adael",amada001,5,2,2B,2B,1,field_out,10,6,8
2025-05-08,COL202505081,COL,"Doyle, Brenton",doylb001,1,0,empty,empty,1,single,1,0,2
2025-05-08,COL202505081,COL,"Beck, Jordan",beckj003,1,0,1B,1B,1,strikeout,1,0,2
2025-05-08,COL202505081,COL,"McMahon, Ryan",mcmar001,1,1,1B,2B,0,strikeout,1,0,2
2025-05-08,COL202505081,COL,"Goodman, Hunter",goodh001,1,2,2B,2B,1,field_out,1,0,2
2025-05-08,COL202505081,COL,"Toglia, Michael",toglm001,1,0,empty,empty,1,field_out,2,0,7
2025-05-08,COL202505081,COL,"Martini, Nick",martn003,1,1,empty,empty,1,field_out,2,0,7
2025-05-08,COL202505081,COL,"Moniak, Mickey",monim001,1,2,empty,empty,1,field_out,2,0,7
2025-05-08,COL202505081,COL,"Trejo, Alan",treja001,1,0,empty,empty,1,field_out,3,0,9
2025-05-08,COL202505081,COL,"Amador, Adael",amada001,1,1,empty,empty,1,field_out,3,0,9
2025-05-08,COL202505081,COL,"Doyle, Brenton",doylb001,2,2,empty,empty,1,field_out,3,0,9
2025-05-08,COL202505081,COL,"Beck, Jordan",beckj003,2,0,empty,empty,1,field_out,4,0,9
2025-05-08,COL202505081,COL,"McMahon, Ryan",mcmar001,2,1,empty,empty,1,strikeout,4,0,9
2025-05-08,COL202505081,COL,"Goodman, Hunter",goodh001,2,2,empty,empty,1,strikeout,4,0,9
2025-05-08,COL202505081,COL,"Toglia, Michael",toglm001,2,0,empty,empty,1,strikeout,5,0,9
2025-05-08,COL202505081,COL,"Martini, Nick",martn003,2,1,empty,empty,1,single,5,0,9
2025-05-08,COL202505081,COL,"Moniak, Mickey",monim001,2,1,1B,1B,1,double,5,0,9
2025-05-08,COL202505081,COL,"Trejo, Alan",treja001,2,1,2B+3B,2B+3B,1,sac_fly,5,0,9
2025-05-08,COL202505081,COL,"Amador, Adael",amada001,2,2,3B,3B,1,field_out,5,1,9
2025-05-08,COL202505081,COL,"Doyle, Brenton",doylb001,3,0,empty,empty,1,strikeout,6,1,9
2025-05-08,COL202505081,COL,"Beck, Jordan",beckj003,3,1,empty,empty,1,strikeout,6,1,9
2025-05-08,COL202505081,COL,"McMahon, Ryan",mcmar001,3,2,empty,empty,1,strikeout,6,1,9
2025-05-08,COL202505081,COL,"Goodman, Hunter",goodh001,3,0,empty,empty,1,field_out,7,1,10
2025-05-08,COL202505081,COL,"Toglia, Michael",toglm001,3,1,empty,empty,1,walk,7,1,10
2025-05-08,COL202505081,COL,"Miller, Owen",millo002,1,1,1B,1B,1,field_out,7,1,10
2025-05-08,COL202505081,COL,"Moniak, Mickey",monim001,3,2,1B,2B,0,strikeout,7,1,10
2025-05-08,COL202505081,COL,"Trejo, Alan",treja001,3,0,empty,empty,1,field_out,8,1,10
2025-05-08,COL202505081,COL,"Amador, Adael",amada001,3,1,empty,empty,1,field_out,8,1,10
2025-05-08,COL202505081,COL,"Doyle, Brenton",doylb001,4,2,empty,empty,1,strikeout,8,1,10
2025-05-08,COL202505081,COL,"Beck, Jordan",beckj003,4,0,empty,empty,1,triple,9,1,10
2025-05-08,COL202505081,COL,"McMahon, Ryan",mcmar001,4,0,3B,3B,1,strikeout,9,1,10
2025-05-08,COL202505081,COL,"Goodman, Hunter",goodh001,4,1,3B,3B,1,sac_fly,9,1,10
2025-05-08,COL202505081,COL,"Toglia, Michael",toglm001,4,2,empty,empty,1,field_out,9,2,10
2025-05-08,COL202505082,COL,"Doyle, Brenton",doylb001,1,0,empty,empty,1,walk,1,0,0
2025-05-08,COL202505082,COL,"Beck, Jordan",beckj003,1,0,1B,1B,1,field_out,1,0,0
2025-05-08,COL202505082,COL,"McMahon, Ryan",mcmar001,1,1,1B,1B,1,walk,1,0,0
2025-05-08,COL202505082,COL,"Goodman, Hunter",goodh001,1,1,1B+2B,1B+2B,1,grounded_into_double_play,1,0,0
2025-05-08,COL202505082,COL,"Toglia, Michael",toglm001,1,0,empty,empty,1,field_out,2,0,0
2025-05-08,COL202505082,COL,"Moniak, Mickey",monim001,1,1,empty,empty,1,single,2,0,0
2025-05-08,COL202505082,COL,"Farmer, Kyle",farmk001,1,1,1B,1B,1,single,2,0,0
2025-05-08,COL202505082,COL,"Miller, Owen",millo002,1,1,1B+3B,1B+3B,1,field_out,2,0,0
2025-05-08,COL202505082,COL,"Stallings, Jacob",stalj001,1,2,1B,1B,1,field_out,2,1,0
2025-05-08,COL202505082,COL,"Doyle, Brenton",doylb001,2,0,empty,empty,1,field_out,3,1,6
2025-05-08,COL202505082,COL,"Beck, Jordan",beckj003,2,1,empty,empty,1,single,3,1,6
2025-05-08,COL202505082,COL,"McMahon, Ryan",mcmar001,2,1,1B,1B,1,walk,3,1,6
2025-05-08,COL202505082,COL,"Goodman, Hunter",goodh001,2,1,1B+2B,1B+2B,1,single,3,1,6
2025-05-08,COL202505082,COL,"Toglia, Michael",toglm001,2,1,1B+2B+3B,1B+2B+3B,1,grounded_into_double_play,3,1,6
2025-05-08,COL202505082,COL,"Moniak, Mickey",monim001,2,0,empty,empty,1,single,4,1,6
2025-05-08,COL202505082,COL,"Farmer, Kyle",farmk001,2,0,1B,1B,1,field_out,4,1,6
2025-05-08,COL202505082,COL,"Miller, Owen",millo002,2,2,1B,empty,0,strikeout,4,1,6
2025-05-08,COL202505082,COL,"Stallings, Jacob",stalj001,2,0,empty,empty,1,hit_by_pitch,5,1,6
2025-05-08,COL202505082,COL,"Doyle, Brenton",doylb001,3,0,1B,1B,1,grounded_into_double_play,5,1,6
2025-05-08,COL202505082,COL,"Beck, Jordan",beckj003,3,2,empty,empty,1,field_out,5,1,6
2025-05-08,COL202505082,COL,"McMahon, Ryan",mcmar001,3,0,empty,empty,1,field_out,6,1,6
2025-05-08,COL202505082,COL,"Goodman, Hunter",goodh001,3,1,empty,empty,1,field_out,6,1,6
2025-05-08,COL202505082,COL,"Toglia, Michael",toglm001,3,2,empty,empty,1,field_out,6,1,6
2025-05-08,COL202505082,COL,"Moniak, Mickey",monim001,3,0,empty,empty,1,field_out,7,1,8
2025-05-08,COL202505082,COL,"Farmer, Kyle",farmk001,3,1,empty,empty,1,field_out,7,1,8
2025-05-08,COL202505082,COL,"Miller, Owen",millo002,3,2,empty,empty,1,field_out,7,1,8
2025-05-08,COL202505082,COL,"Stallings, Jacob",stalj001,3,0,empty,empty,1,field_out,8,1,11
2025-05-08,COL202505082,COL,"Doyle, Brenton",doylb001,4,1,empty,empty,1,strikeout,8,1,11
2025-05-08,COL202505082,COL,"Beck, Jordan",beckj003,4,2,empty,empty,1,field_out,8,1,11
2025-05-08,COL202505082,COL,"Bouchard, Sean",boucs001,1,0,empty,empty,1,strikeout,9,1,11
2025-05-08,COL202505082,COL,"Goodman, Hunter",goodh001,4,1,empty,empty,1,strikeout,9,1,11
2025-05-08,COL202505082,COL,"Toglia, Michael",toglm001,4,2,empty,empty,1,walk,9,1,11
2025-05-08,COL202505082,COL,"Moniak, Mickey",monim001,4,2,1B,1B,1,field_out,9,1,11
2025-05-09,COL202505090,COL,"Doyle, Brenton",doylb001,1,0,empty,empty,1,field_out,1,0,1
2025-05-09,COL202505090,COL,"Beck, Jordan",beckj003,1,1,empty,empty,1,field_out,1,0,1
2025-05-09,COL202505090,COL,"McMahon, Ryan",mcmar001,1,2,empty,empty,1,strikeout,1,0,1
2025-05-09,COL202505090,COL,"Goodman, Hunter",goodh001,1,0,empty,empty,1,double,2,0,1
2025-05-09,COL202505090,COL,"Toglia, Michael",toglm001,1,0,2B,2B,1,strikeout,2,0,1
2025-05-09,COL202505090,COL,"Moniak, Mickey",monim001,1,1,2B,2B,1,single,2,0,1
2025-05-09,COL202505090,COL,"Farmer, Kyle",farmk001,1,1,1B+3B,1B+3B,1,fielders_choice_out,2,0,1
2025-05-09,COL202505090,COL,"Martini, Nick",martn003,1,2,1B+2B,1B+2B,1,field_out,2,0,1
2025-05-09,COL202505090,COL,"Amador, Adael",amada001,1,0,empty,empty,1,field_out,3,0,5
2025-05-09,COL202505090,COL,"Doyle, Brenton",doylb001,2,1,empty,empty,1,single,3,0,5
2025-05-09,COL202505090,COL,"Beck, Jordan",beckj003,2,1,1B,1B,1,field_out,3,0,5
2025-05-09,COL202505090,COL,"McMahon, Ryan",mcmar001,2,2,2B,2B,1,field_out,3,0,5
2025-05-09,COL202505090,COL,"Goodman, Hunter",goodh001,2,0,empty,empty,1,strikeout,4,0,5
2025-05-09,COL202505090,COL,"Toglia, Michael",toglm001,2,1,empty,empty,1,home_run,4,0,5
2025-05-09,COL202505090,COL,"Moniak, Mickey",monim001,2,1,empty,empty,1,field_out,4,1,5
2025-05-09,COL202505090,COL,"Farmer, Kyle",farmk001,2,2,empty,empty,1,field_out,4,1,5
2025-05-09,COL202505090,COL,"Martini, Nick",martn003,2,0,empty,empty,1,field_out,5,1,10
2025-05-09,COL202505090,COL,"Amador, Adael",amada001,2,1,empty,empty,1,double,5,1,10
2025-05-09,COL202505090,COL,"Doyle, Brenton",doylb001,3,1,2B,2B,1,strikeout,5,1,10
2025-05-09,COL202505090,COL,"Beck, Jordan",beckj003,3,2,2B,2B,1,field_out,5,1,10
2025-05-09,COL202505090,COL,"McMahon, Ryan",mcmar001,3,0,empty,empty,1,home_run,6,1,12
2025-05-09,COL202505090,COL,"Goodman, Hunter",goodh001,3,0,empty,empty,1,field_out,6,2,12
2025-05-09,COL202505090,COL,"Toglia, Michael",toglm001,3,1,empty,empty,1,walk,6,2,12
2025-05-09,COL202505090,COL,"Moniak, Mickey",monim001,3,1,1B,2B,0,strikeout,6,2,12
2025-05-09,COL202505090,COL,"Farmer, Kyle",farmk001,3,2,2B,2B,1,field_out,6,2,12
2025-05-09,COL202505090,COL,"Martini, Nick",martn003,3,0,empty,empty,1,field_out,7,2,12
2025-05-09,COL202505090,COL,"Amador, Adael",amada001,3,1,empty,empty,1,field_out,7,2,12
2025-05-09,COL202505090,COL,"Doyle, Brenton",doylb001,4,2,empty,empty,1,field_out,7,2,12
2025-05-09,COL202505090,COL,"Beck, Jordan",beckj003,4,0,empty,empty,1,home_run,8,2,13
2025-05-09,COL202505090,COL,"McMahon, Ryan",mcmar001,4,0,empty,empty,1,single,8,3,13
2025-05-09,COL202505090,COL,"Goodman, Hunter",goodh001,4,0,1B,1B,1,single,8,3,13
2025-05-09,COL202505090,COL,"Toglia, Michael",toglm001,4,0,1B+2B,1B+2B,1,strikeout,8,3,13
2025-05-09,COL202505090,COL,"Moniak, Mickey",monim001,4,1,1B+2B,1B+2B,1,field_out,8,3,13
2025-05-09,COL202505090,COL,"Farmer, Kyle",farmk001,4,2,1B+2B,1B+2B,1,double,8,3,13
2025-05-09,COL202505090,COL,"Bouchard, Sean",boucs001,1,2,2B,2B,1,single,8,5,13
2025-05-09,COL202505090,COL,"Amador, Adael",amada001,4,2,1B,1B,1,field_error,8,6,13
2025-05-09,COL202505090,COL,"Doyle, Brenton",doylb001,5,2,1B+2B,1B+2B,1,single,8,6,13
2025-05-09,COL202505090,COL,"Beck, Jordan",beckj003,5,2,1B+2B,1B+2B,1,field_out,8,7,13
2025-05-09,COL202505090,COL,"McMahon, Ryan",mcmar001,5,0,empty,empty,1,single,9,7,13
2025-05-09,COL202505090,COL,"Goodman, Hunter",goodh001,5,0,1B,1B,1,double,9,7,13
2025-05-09,COL202505090,COL,"Toglia, Michael",toglm001,5,0,3B,3B,1,walk,9,8,13
2025-05-09,COL202505090,COL,"Moniak, Mickey",monim001,5,0,1B+3B,1B+3B,1,sac_fly,9,8,13
2025-05-09,COL202505090,COL,"Farmer, Kyle",farmk001,5,1,1B,1B,1,single,9,9,13
2025-05-09,COL202505090,COL,"Bouchard, Sean",boucs001,2,1,1B+2B,1B+2B,1,grounded_into_double_play,9,9,13
2025-05-10,COL202505100,COL,"Doyle, Brenton",doylb001,1,0,empty,empty,1,strikeout,1,0,5
2025-05-10,COL202505100,COL,"Beck, Jordan",beckj003,1,1,empty,empty,1,field_out,1,0,5
2025-05-10,COL202505100,COL,"McMahon, Ryan",mcmar001,1,2,empty,empty,1,walk,1,0,5
2025-05-10,COL202505100,COL,"Goodman, Hunter",goodh001,1,2,1B,1B,1,field_out,1,0,5
2025-05-10,COL202505100,COL,"Toglia, Michael",toglm001,1,0,empty,empty,1,strikeout,2,0,6
2025-05-10,COL202505100,COL,"Moniak, Mickey",monim001,1,1,empty,empty,1,field_out,2,0,6
2025-05-10,COL202505100,COL,"Martini, Nick",martn003,1,2,empty,empty,1,single,2,0,6
2025-05-10,COL202505100,COL,"Trejo, Alan",treja001,1,2,1B,1B,1,field_out,2,0,6
2025-05-10,COL202505100,COL,"Amador, Adael",amada001,1,0,empty,empty,1,walk,3,0,7
2025-05-10,COL202505100,COL,"Doyle, Brenton",doylb001,2,0,1B,1B,1,grounded_into_double_play,3,0,7
2025-05-10,COL202505100,COL,"Beck, Jordan",beckj003,2,2,empty,empty,1,strikeout,3,0,7
2025-05-10,COL202505100,COL,"McMahon, Ryan",mcmar001,2,0,empty,empty,1,field_out,4,0,15
2025-05-10,COL202505100,COL,"Goodman, Hunter",goodh001,2,1,empty,empty,1,field_out,4,0,15
2025-05-10,COL202505100,COL,"Toglia, Michael",toglm001,2,2,empty,empty,1,field_out,4,0,15
2025-05-10,COL202505100,COL,"Moniak, Mickey",monim001,2,0,empty,empty,1,field_out,5,0,19
2025-05-10,COL202505100,COL,"Martini, Nick",martn003,2,1,empty,empty,1,double,5,0,19
2025-05-10,COL202505100,COL,"Trejo, Alan",treja001,2,1,2B,2B,1,field_out,5,0,19
2025-05-10,COL202505100,COL,"Amador, Adael",amada001,2,2,3B,3B,1,strikeout,5,0,19
2025-05-10,COL202505100,COL,"Bouchard, Sean",boucs001,1,0,empty,empty,1,strikeout,6,0,20
2025-05-10,COL202505100,COL,"Beck, Jordan",beckj003,3,1,empty,empty,1,single,6,0,20
2025-05-10,COL202505100,COL,"Miller, Owen",millo002,1,1,1B,1B,1,single,6,0,20
2025-05-10,COL202505100,COL,"Goodman, Hunter",goodh001,3,1,1B+3B,1B+3B,1,grounded_into_double_play,6,0,20
2025-05-10,COL202505100,COL,"Toglia, Michael",toglm001,3,0,empty,empty,1,field_out,7,0,20
2025-05-10,COL202505100,COL,"Moniak, Mickey",monim001,3,1,empty,empty,1,field_out,7,0,20
2025-05-10,COL202505100,COL,"Martini, Nick",martn003,3,2,empty,empty,1,field_out,7,0,20
2025-05-10,COL202505100,COL,"Trejo, Alan",treja001,3,0,empty,empty,1,field_out,8,0,21
2025-05-10,COL202505100,COL,"Amador, Adael",amada001,3,1,empty,empty,1,field_out,8,0,21
2025-05-10,COL202505100,COL,"Bouchard, Sean",boucs001,2,2,empty,empty,1,strikeout,8,0,21
2025-05-10,COL202505100,COL,"Beck, Jordan",beckj003,4,0,empty,empty,1,field_out,9,0,21
2025-05-10,COL202505100,COL,"Miller, Owen",millo002,2,1,empty,empty,1,field_out,9,0,21
2025-05-10,COL202505100,COL,"Goodman, Hunter",goodh001,4,2,empty,empty,1,single,9,0,21
2025-05-10,COL202505100,COL,"Toglia, Michael",toglm001,4,2,1B,1B,1,strikeout,9,0,21
2025-05-11,COL202505110,COL,"Doyle, Brenton",doylb001,1,0,empty,empty,1,single,1,0,1
2025-05-11,COL202505110,COL,"Beck, Jordan",beckj003,1,0,1B,1B,1,hit_by_pitch,1,0,1
2025-05-11,COL202505110,COL,"McMahon, Ryan",mcmar001,1,0,1B+2B,1B+2B,1,field_out,1,0,1
2025-05-11,COL202505110,COL,"Goodman, Hunter",goodh001,1,1,1B+3B,1B+3B,1,home_run,1,0,1
2025-05-11,COL202505110,COL,"Toglia, Michael",toglm001,1,1,empty,empty,1,single,1,3,1
2025-05-11,COL202505110,COL,"Moniak, Mickey",monim001,1,1,1B,1B,1,strikeout,1,3,1
2025-05-11,COL202505110,COL,"Farmer, Kyle",farmk001,1,2,1B,1B,1,strikeout,1,3,1
2025-05-11,COL202505110,COL,"Stallings, Jacob",stalj001,1,0,empty,empty,1,field_out,2,3,1
2025-05-11,COL202505110,COL,"Trejo, Alan",treja001,1,1,empty,empty,1,strikeout,2,3,1
2025-05-11,COL202505110,COL,"Doyle, Brenton",doylb001,2,2,empty,empty,1,field_out,2,3,1
2025-05-11,COL202505110,COL,"Beck, Jordan",beckj003,2,0,empty,empty,1,single,3,3,1
2025-05-11,COL202505110,COL,"McMahon, Ryan",mcmar001,2,0,1B,1B,1,walk,3,3,1
2025-05-11,COL202505110,COL,"Goodman, Hunter",goodh001,2,0,1B+2B,1B+2B,1,triple,3,3,1
2025-05-11,COL202505110,COL,"Toglia, Michael",toglm001,2,0,3B,3B,1,strikeout,3,5,1
2025-05-11,COL202505110,COL,"Moniak, Mickey",monim001,2,1,3B,3B,1,single,3,5,1
2025-05-11,COL202505110,COL,"Farmer, Kyle",farmk001,2,1,1B,1B,1,field_out,3,6,1
2025-05-11,COL202505110,COL,"Stallings, Jacob",stalj001,2,2,1B,1B,1,field_out,3,6,1
2025-05-11,COL202505110,COL,"Trejo, Alan",treja001,2,0,empty,empty,1,field_out,4,6,1
2025-05-11,COL202505110,COL,"Doyle, Brenton",doylb001,3,1,empty,empty,1,strikeout,4,6,1
2025-05-11,COL202505110,COL,"Beck, Jordan",beckj003,3,2,empty,empty,1,double,4,6,1
2025-05-11,COL202505110,COL,"McMahon, Ryan",mcmar001,3,2,2B,2B,1,walk,4,6,1
2025-05-11,COL202505110,COL,"Goodman, Hunter",goodh001,3,2,1B+2B,1B+2B,1,field_out,4,6,1
2025-05-11,COL202505110,COL,"Toglia, Michael",toglm001,3,0,empty,empty,1,strikeout,5,6,1
2025-05-11,COL202505110,COL,"Moniak, Mickey",monim001,3,1,empty,empty,1,strikeout,5,6,1
2025-05-11,COL202505110,COL,"Farmer, Kyle",farmk001,3,2,empty,empty,1,field_out,5,6,1
2025-05-11,COL202505110,COL,"Stallings, Jacob",stalj001,3,0,empty,empty,1,field_out,6,6,1
2025-05-11,COL202505110,COL,"Trejo, Alan",treja001,3,1,empty,empty,1,single,6,6,1
2025-05-11,COL202505110,COL,"Doyle, Brenton",doylb001,4,1,1B,1B,1,field_out,6,6,1
2025-05-11,COL202505110,COL,"Beck, Jordan",beckj003,4,2,1B,1B,1,field_out,6,6,1
2025-05-11,COL202505110,COL,"McMahon, Ryan",mcmar001,4,0,empty,empty,1,single,7,6,1
2025-05-11,COL202505110,COL,"Goodman, Hunter",goodh001,4,0,1B,1B,1,double,7,6,1
2025-05-11,COL202505110,COL,"Toglia, Michael",toglm001,4,0,2B+3B,2B+3B,1,sac_fly,7,6,1
2025-05-11,COL202505110,COL,"Moniak, Mickey",monim001,4,1,3B,3B,1,double,7,7,1
2025-05-11,COL202505110,COL,"Farmer, Kyle",farmk001,4,1,2B,2B,1,walk,7,8,1
2025-05-11,COL202505110,COL,"Stallings, Jacob",stalj001,4,1,1B+2B,1B+2B,1,field_out,7,8,1
2025-05-11,COL202505110,COL,"Trejo, Alan",treja001,4,2,1B+3B,1B+3B,1,field_out,7,8,1
2025-05-11,COL202505110,COL,"Doyle, Brenton",doylb001,5,0,empty,empty,1,strikeout,8,8,3
2025-05-11,COL202505110,COL,"Beck, Jordan",beckj003,5,1,empty,empty,1,strikeout,8,8,3
2025-05-11,COL202505110,COL,"McMahon, Ryan",mcmar001,5,2,empty,empty,1,home_run,8,8,3
2025-05-11,COL202505110,COL,"Goodman, Hunter",goodh001,5,2,empty,empty,1,field_out,8,9,3
2025-05-12,TEX202505120,COL,"Doyle, Brenton",doylb001,1,0,empty,empty,1,field_out,1,0,0
2025-05-12,TEX202505120,COL,"Beck, Jordan",beckj003,1,1,empty,empty,1,field_out,1,0,0
2025-05-12,TEX202505120,COL,"McMahon, Ryan",mcmar001,1,2,empty,empty,1,field_out,1,0,0
2025-05-12,TEX202505120,COL,"Goodman, Hunter",goodh001,1,0,empty,empty,1,single,2,0,0
2025-05-12,TEX202505120,COL,"Toglia, Michael",toglm001,1,0,1B,1B,1,field_out,2,0,0
2025-05-12,TEX202505120,COL,"Moniak, Mickey",monim001,1,1,1B,1B,1,strikeout,2,0,0
2025-05-12,TEX202505120,COL,"Martini, Nick",martn003,1,2,1B,2B,0,single,2,0,0
2025-05-12,TEX202505120,COL,"Amador, Adael",amada001,1,2,1B,1B,1,field_out,2,1,0
2025-05-12,TEX202505120,COL,"Trejo, Alan",treja001,1,0,empty,empty,1,field_out,3,1,0
2025-05-12,TEX202505120,COL,"Doyle, Brenton",doylb001,2,1,empty,empty,1,single,3,1,0
2025-05-12,TEX202505120,COL,"Beck, Jordan",beckj003,2,1,1B,1B,1,walk,3,1,0
2025-05-12,TEX202505120,COL,"McMahon, Ryan",mcmar001,2,1,1B+2B,1B+2B,1,grounded_into_double_play,3,1,0
2025-05-12,TEX202505120,COL,"Goodman, Hunter",goodh001,2,0,empty,empty,1,strikeout,4,1,0
2025-05-12,TEX202505120,COL,"Toglia, Michael",toglm001,2,1,empty,empty,1,field_out,4,1,0
2025-05-12,TEX202505120,COL,"Moniak, Mickey",monim001,2,2,empty,empty,1,field_out,4,1,0
2025-05-12,TEX202505120,COL,"Martini, Nick",martn003,2,0,empty,empty,1,field_out,5,1,0
2025-05-12,TEX202505120,COL,"Amador, Adael",amada001,2,1,empty,empty,1,strikeout,5,1,0
2025-05-12,TEX202505120,COL,"Trejo, Alan",treja001,2,2,empty,empty,1,field_out,5,1,0
2025-05-12,TEX202505120,COL,"Doyle, Brenton",doylb001,3,0,empty,empty,1,field_out,6,1,0
2025-05-12,TEX202505120,COL,"Beck, Jordan",beckj003,3,1,empty,empty,1,strikeout,6,1,0
2025-05-12,TEX202505120,COL,"McMahon, Ryan",mcmar001,3,2,empty,empty,1,field_out,6,1,0
2025-05-12,TEX202505120,COL,"Goodman, Hunter",goodh001,3,0,empty,empty,1,double,7,1,2
2025-05-12,TEX202505120,COL,"Toglia, Michael",toglm001,3,0,2B,2B,1,strikeout,7,1,2
2025-05-12,TEX202505120,COL,"Bouchard, Sean",boucs001,1,1,2B,2B,1,field_out,7,1,2
2025-05-12,TEX202505120,COL,"Farmer, Kyle",farmk001,1,2,3B,3B,1,walk,7,1,2
2025-05-12,TEX202505120,COL,"Amador, Adael",amada001,3,2,1B+3B,1B+3B,1,strikeout,7,1,2
2025-05-12,TEX202505120,COL,"Trejo, Alan",treja001,3,0,empty,empty,1,field_out,8,1,2
2025-05-12,TEX202505120,COL,"Doyle, Brenton",doylb001,4,1,empty,empty,1,field_out,8,1,2
2025-05-12,TEX202505120,COL,"Beck, Jordan",beckj003,4,2,empty,empty,1,strikeout,8,1,2
2025-05-12,TEX202505120,COL,"McMahon, Ryan",mcmar001,4,0,empty,empty,1,single,9,1,2
2025-05-12,TEX202505120,COL,"Goodman, Hunter",goodh001,4,0,1B,1B,1,field_out,9,1,2
2025-05-12,TEX202505120,COL,"Toglia, Michael",toglm001,4,1,1B,1B,1,single,9,1,2
2025-05-12,TEX202505120,COL,"Bouchard, Sean",boucs001,2,1,1B+2B,1B+2B,1,walk,9,1,2
2025-05-12,TEX202505120,COL,"Farmer, Kyle",farmk001,2,1,1B+2B+3B,1B+2B+3B,1,grounded_into_double_play,9,1,2
2025-05-13,TEX202505130,COL,"Doyle, Brenton",doylb001,1,0,empty,empty,1,strikeout,1,0,0
2025-05-13,TEX202505130,COL,"Beck, Jordan",beckj003,1,1,empty,empty,1,single,1,0,0
2025-05-13,TEX202505130,COL,"McMahon, Ryan",mcmar001,1,1,1B,1B,1,field_out,1,0,0
2025-05-13,TEX202505130,COL,"Goodman, Hunter",goodh001,1,2,1B,2B,0,single,1,0,0
2025-05-13,TEX202505130,COL,"Toglia, Michael",toglm001,1,2,1B,1B,1,strikeout,1,1,0
2025-05-13,TEX202505130,COL,"Moniak, Mickey",monim001,1,0,empty,empty,1,field_out,2,1,3
2025-05-13,TEX202505130,COL,"Martini, Nick",martn003,1,1,empty,empty,1,field_out,2,1,3
2025-05-13,TEX202505130,COL,"Amador, Adael",amada001,1,2,empty,empty,1,field_out,2,1,3
2025-05-13,TEX202505130,COL,"Trejo, Alan",treja001,1,0,empty,empty,1,field_out,3,1,3
2025-05-13,TEX202505130,COL,"Doyle, Brenton",doylb001,2,1,empty,empty,1,field_out,3,1,3
2025-05-13,TEX202505130,COL,"Beck, Jordan",beckj003,2,2,empty,empty,1,field_out,3,1,3
2025-05-13,TEX202505130,COL,"McMahon, Ryan",mcmar001,2,0,empty,empty,1,strikeout,4,1,3
2025-05-13,TEX202505130,COL,"Goodman, Hunter",goodh001,2,1,empty,empty,1,strikeout,4,1,3
2025-05-13,TEX202505130,COL,"Toglia, Michael",toglm001,2,2,empty,empty,1,strikeout,4,1,3
2025-05-13,TEX202505130,COL,"Moniak, Mickey",monim001,2,0,empty,empty,1,field_out,5,1,3
2025-05-13,TEX202505130,COL,"Martini, Nick",martn003,2,1,empty,empty,1,walk,5,1,3
2025-05-13,TEX202505130,COL,"Amador, Adael",amada001,2,1,1B,1B,1,walk,5,1,3
2025-05-13,TEX202505130,COL,"Trejo, Alan",treja001,2,1,1B+2B,1B+2B,1,field_out,5,1,3
2025-05-13,TEX202505130,COL,"Doyle, Brenton",doylb001,3,2,1B+2B,1B+2B,1,field_out,5,1,3
2025-05-13,TEX202505130,COL,"Beck, Jordan",beckj003,3,0,empty,empty,1,field_out,6,1,3
2025-05-13,TEX202505130,COL,"McMahon, Ryan",mcmar001,3,1,empty,empty,1,walk,6,1,3
2025-05-13,TEX202505130,COL,"Goodman, Hunter",goodh001,3,1,1B,1B,1,grounded_into_double_play,6,1,3
2025-05-13,TEX202505130,COL,"Toglia, Michael",toglm001,3,0,empty,empty,1,single,7,1,3
2025-05-13,TEX202505130,COL,"Bouchard, Sean",boucs001,1,0,1B,1B,1,field_out,7,1,3
2025-05-13,TEX202505130,COL,"Miller, Owen",millo002,1,1,1B,1B,1,field_out,7,1,3
2025-05-13,TEX202505130,COL,"Amador, Adael",amada001,3,2,1B,1B,1,field_out,7,1,3
2025-05-13,TEX202505130,COL,"Farmer, Kyle",farmk001,1,0,empty,empty,1,field_out,8,1,3
2025-05-13,TEX202505130,COL,"Doyle, Brenton",doylb001,4,1,empty,empty,1,field_out,8,1,3
2025-05-13,TEX202505130,COL,"Beck, Jordan",beckj003,4,2,empty,empty,1,field_out,8,1,3
2025-05-13,TEX202505130,COL,"McMahon, Ryan",mcmar001,4,0,empty,empty,1,double,9,1,4
2025-05-13,TEX202505130,COL,"Goodman, Hunter",goodh001,4,0,2B,2B,1,single,9,1,4
2025-05-13,TEX202505130,COL,"Toglia, Michael",toglm001,4,0,1B+3B,1B+3B,1,strikeout,9,1,4
2025-05-13,TEX202505130,COL,"Bouchard, Sean",boucs001,2,1,1B+3B,1B+3B,1,strikeout,9,1,4
2025-05-13,TEX202505130,COL,"Miller, Owen",millo002,2,2,1B+3B,1B+3B,1,strikeout,9,1,4
2025-05-14,TEX202505140,COL,"Doyle, Brenton",doylb001,1,0,empty,empty,1,field_out,1,0,0
2025-05-14,TEX202505140,COL,"Farmer, Kyle",farmk001,1,1,empty,empty,1,field_out,1,0,0
2025-05-14,TEX202505140,COL,"Beck, Jordan",beckj003,1,2,empty,empty,1,strikeout,1,0,0
2025-05-14,TEX202505140,COL,"Goodman, Hunter",goodh001,1,0,empty,empty,1,field_out,2,0,4
2025-05-14,TEX202505140,COL,"McMahon, Ryan",mcmar001,1,1,empty,empty,1,strikeout,2,0,4
2025-05-14,TEX202505140,COL,"Toglia, Michael",toglm001,1,2,empty,empty,1,home_run,2,0,4
2025-05-14,TEX202505140,COL,"Bouchard, Sean",boucs001,1,2,empty,empty,1,single,2,1,4
2025-05-14,TEX202505140,COL,"Miller, Owen",millo002,1,0,1B,empty,0,hit_by_pitch,3,1,4
2025-05-14,TEX202505140,COL,"Stallings, Jacob",stalj001,1,0,1B,1B,1,field_out,3,1,4
2025-05-14,TEX202505140,COL,"Doyle, Brenton",doylb001,2,1,1B,1B,1,field_out,3,1,4
2025-05-14,TEX202505140,COL,"Farmer, Kyle",farmk001,2,2,1B,2B,0,walk,3,1,4
2025-05-14,TEX202505140,COL,"Beck, Jordan",beckj003,2,2,1B+2B,1B+2B,1,field_out,3,1,4
2025-05-14,TEX202505140,COL,"Goodman, Hunter",goodh001,2,0,empty,empty,1,strikeout,4,1,4
2025-05-14,TEX202505140,COL,"McMahon, Ryan",mcmar001,2,1,empty,empty,1,strikeout,4,1,4
2025-05-14,TEX202505140,COL,"Toglia, Michael",toglm001,2,2,empty,empty,1,strikeout,4,1,4
2025-05-14,TEX202505140,COL,"Bouchard, Sean",boucs001,2,0,empty,empty,1,strikeout,5,1,4
2025-05-14,TEX202505140,COL,"Miller, Owen",millo002,2,1,empty,empty,1,strikeout,5,1,4
2025-05-14,TEX202505140,COL,"Stallings, Jacob",stalj001,2,2,empty,empty,1,strikeout,5,1,4
2025-05-14,TEX202505140,COL,"Doyle, Brenton",doylb001,3,0,empty,empty,1,single,6,1,6
2025-05-14,TEX202505140,COL,"Farmer, Kyle",farmk001,3,0,1B,1B,1,home_run,6,1,6
2025-05-14,TEX202505140,COL,"Beck, Jordan",beckj003,3,0,empty,empty,1,field_out,6,3,6
2025-05-14,TEX202505140,COL,"Goodman, Hunter",goodh001,3,1,empty,empty,1,strikeout,6,3,6
2025-05-14,TEX202505140,COL,"McMahon, Ryan",mcmar001,3,2,empty,empty,1,field_out,6,3,6
2025-05-14,TEX202505140,COL,"Toglia, Michael",toglm001,3,0,empty,empty,1,strikeout,7,3,8
2025-05-14,TEX202505140,COL,"Moniak, Mickey",monim001,1,1,empty,empty,1,field_out,7,3,8
2025-05-14,TEX202505140,COL,"Amador, Adael",amada001,1,2,empty,empty,1,single,7,3,8
2025-05-14,TEX202505140,COL,"Stallings, Jacob",stalj001,3,2,1B,1B,1,field_out,7,3,8
2025-05-14,TEX202505140,COL,"Doyle, Brenton",doylb001,4,0,empty,empty,1,strikeout,8,3,8
2025-05-14,TEX202505140,COL,"Farmer, Kyle",farmk001,4,1,empty,empty,1,field_out,8,3,8
2025-05-14,TEX202505140,COL,"Beck, Jordan",beckj003,4,2,empty,empty,1,walk,8,3,8
2025-05-14,TEX202505140,COL,"Goodman, Hunter",goodh001,4,2,1B,1B,1,strikeout,8,3,8
2025-05-14,TEX202505140,COL,"McMahon, Ryan",mcmar001,4,0,empty,empty,1,strikeout,9,3,8
2025-05-14,TEX202505140,COL,"Toglia, Michael",toglm001,4,1,empty,empty,1,single,9,3,8
2025-05-14,TEX202505140,COL,"Moniak, Mickey",monim001,2,1,1B,1B,1,single,9,3,8
2025-05-14,TEX202505140,COL,"Amador, Adael",amada001,2,1,1B+2B,1B+2B,1,field_out,9,3,8
2025-05-14,TEX202505140,COL,"Stallings, Jacob",stalj001,4,2,1B+2B,1B+2B,1,strikeout,9,3,8
2025-05-16,ARI202505160,COL,"Beck, Jordan",beckj003,1,0,empty,empty,1,field_out,1,0,0
2025-05-16,ARI202505160,COL,"Tovar, Ezequiel",tovae001,1,1,empty,empty,1,strikeout,1,0,0
2025-05-16,ARI202505160,COL,"Goodman, Hunter",goodh001,1,2,empty,empty,1,single,1,0,0
2025-05-16,ARI202505160,COL,"McMahon, Ryan",mcmar001,1,2,1B,1B,1,field_out,1,0,0
2025-05-16,ARI202505160,COL,"Doyle, Brenton",doylb001,1,0,empty,empty,1,field_out,2,0,0
2025-05-16,ARI202505160,COL,"Toglia, Michael",toglm001,1,1,empty,empty,1,field_out,2,0,0
2025-05-16,ARI202505160,COL,"Moniak, Mickey",monim001,1,2,empty,empty,1,field_out,2,0,0
2025-05-16,ARI202505160,COL,"Amador, Adael",amada001,1,0,empty,empty,1,field_out,3,0,2
2025-05-16,ARI202505160,COL,"Stallings, Jacob",stalj001,1,1,empty,empty,1,strikeout,3,0,2
2025-05-16,ARI202505160,COL,"Beck, Jordan",beckj003,2,2,empty,empty,1,strikeout,3,0,2
2025-05-16,ARI202505160,COL,"Tovar, Ezequiel",tovae001,2,0,empty,empty,1,single,4,0,3
2025-05-16,ARI202505160,COL,"Goodman, Hunter",goodh001,2,0,1B,1B,1,walk,4,0,3
2025-05-16,ARI202505160,COL,"McMahon, Ryan",mcmar001,2,0,1B+2B,1B+2B,1,strikeout,4,0,3
2025-05-16,ARI202505160,COL,"Doyle, Brenton",doylb001,2,1,1B+2B,1B+2B,1,field_out,4,0,3
2025-05-16,ARI202505160,COL,"Toglia, Michael",toglm001,2,2,1B+2B,1B+2B,1,walk,4,0,3
2025-05-16,ARI202505160,COL,"Moniak, Mickey",monim001,2,2,1B+2B+3B,1B+2B+3B,1,strikeout,4,0,3
2025-05-16,ARI202505160,COL,"Amador, Adael",amada001,2,0,empty,empty,1,strikeout,5,0,5
2025-05-16,ARI202505160,COL,"Stallings, Jacob",stalj001,2,1,empty,empty,1,strikeout,5,0,5
2025-05-16,ARI202505160,COL,"Beck, Jordan",beckj003,3,2,empty,empty,1,walk,5,0,5
2025-05-16,ARI202505160,COL,"Tovar, Ezequiel",tovae001,3,2,1B,1B,1,field_out,5,0,5
2025-05-16,ARI202505160,COL,"Goodman, Hunter",goodh001,3,0,empty,empty,1,strikeout,6,0,5
2025-05-16,ARI202505160,COL,"McMahon, Ryan",mcmar001,3,1,empty,empty,1,strikeout,6,0,5
2025-05-16,ARI202505160,COL,"Doyle, Brenton",doylb001,3,2,empty,empty,1,strikeout,6,0,5
2025-05-16,ARI202505160,COL,"Toglia, Michael",toglm001,3,0,empty,empty,1,strikeout,7,0,5
2025-05-16,ARI202505160,COL,"Moniak, Mickey",monim001,3,1,empty,empty,1,strikeout,7,0,5
2025-05-16,ARI202505160,COL,"Amador, Adael",amada001,3,2,empty,empty,1,walk,7,0,5
2025-05-16,ARI202505160,COL,"Stallings, Jacob",stalj001,3,2,1B,1B,1,field_out,7,0,5
2025-05-16,ARI202505160,COL,"Beck, Jordan",beckj003,4,0,empty,empty,1,field_out,8,0,7
2025-05-16,ARI202505160,COL,"Tovar, Ezequiel",tovae001,4,1,empty,empty,1,field_out,8,0,7
2025-05-16,ARI202505160,COL,"Goodman, Hunter",goodh001,4,2,empty,empty,1,field_out,8,0,7
2025-05-16,ARI202505160,COL,"McMahon, Ryan",mcmar001,4,0,empty,empty,1,strikeout,9,0,8
2025-05-16,ARI202505160,COL,"Doyle, Brenton",doylb001,4,1,empty,empty,1,strikeout,9,0,8
2025-05-16,ARI202505160,COL,"Toglia, Michael",toglm001,4,2,empty,empty,1,field_out,9,0,8
2025-05-17,ARI202505170,COL,"Beck, Jordan",beckj003,1,0,empty,empty,1,home_run,1,0,0
2025-05-17,ARI202505170,COL,"Tovar, Ezequiel",tovae001,1,0,empty,empty,1,single,1,1,0
2025-05-17,ARI202505170,COL,"Goodman, Hunter",goodh001,1,0,1B,1B,1,home_run,1,1,0
2025-05-17,ARI202505170,COL,"McMahon, Ryan",mcmar001,1,0,empty,empty,1,strikeout,1,3,0
2025-05-17,ARI202505170,COL,"Farmer, Kyle",farmk001,1,1,empty,empty,1,strikeout,1,3,0
2025-05-17,ARI202505170,COL,"Moniak, Mickey",monim001,1,2,empty,empty,1,field_out,1,3,0
2025-05-17,ARI202505170,COL,"Freeman, Tyler",freet001,1,0,empty,empty,1,field_out,2,3,3
2025-05-17,ARI202505170,COL,"Martini, Nick",martn003,1,1,empty,empty,1,strikeout,2,3,3
2025-05-17,ARI202505170,COL,"Amador, Adael",amada001,1,2,empty,empty,1,walk,2,3,3
2025-05-17,ARI202505170,COL,"Beck, Jordan",beckj003,2,2,1B,1B,1,field_out,2,3,3
2025-05-17,ARI202505170,COL,"Tovar, Ezequiel",tovae001,2,0,empty,empty,1,home_run,3,3,6
2025-05-17,ARI202505170,COL,"Goodman, Hunter",goodh001,2,0,empty,empty,1,strikeout,3,4,6
2025-05-17,ARI202505170,COL,"McMahon, Ryan",mcmar001,2,1,empty,empty,1,single,3,4,6
2025-05-17,ARI202505170,COL,"Farmer, Kyle",farmk001,2,1,1B,1B,1,home_run,3,4,6
2025-05-17,ARI202505170,COL,"Moniak, Mickey",monim001,2,1,empty,empty,1,field_out,3,6,6
2025-05-17,ARI202505170,COL,"Freeman, Tyler",freet001,2,2,empty,empty,1,walk,3,6,6
2025-05-17,ARI202505170,COL,"Martini, Nick",martn003,2,2,1B,2B,0,field_out,3,6,6
2025-05-17,ARI202505170,COL,"Amador, Adael",amada001,2,0,empty,empty,1,field_out,4,6,7
2025-05-17,ARI202505170,COL,"Beck, Jordan",beckj003,3,1,empty,empty,1,field_out,4,6,7
2025-05-17,ARI202505170,COL,"Tovar, Ezequiel",tovae001,3,2,empty,empty,1,triple,4,6,7
2025-05-17,ARI202505170,COL,"Goodman, Hunter",goodh001,3,2,3B,3B,1,field_out,4,6,7
2025-05-17,ARI202505170,COL,"McMahon, Ryan",mcmar001,3,0,empty,empty,1,field_out,5,6,10
2025-05-17,ARI202505170,COL,"Farmer, Kyle",farmk001,3,1,empty,empty,1,strikeout,5,6,10
2025-05-17,ARI202505170,COL,"Moniak, Mickey",monim001,3,2,empty,empty,1,single,5,6,10
2025-05-17,ARI202505170,COL,"Freeman, Tyler",freet001,3,2,1B,1B,1,field_out,5,6,10
2025-05-17,ARI202505170,COL,"Toglia, Michael",toglm001,1,0,empty,empty,1,walk,6,6,11
2025-05-17,ARI202505170,COL,"Amador, Adael",amada001,3,0,1B,1B,1,field_out,6,6,11
2025-05-17,ARI202505170,COL,"Beck, Jordan",beckj003,4,1,1B,1B,1,walk,6,6,11
2025-05-17,ARI202505170,COL,"Tovar, Ezequiel",tovae001,4,1,1B+2B,1B+2B,1,field_out,6,6,11
2025-05-17,ARI202505170,COL,"Goodman, Hunter",goodh001,4,2,2B+3B,2B+3B,1,single,6,6,11
2025-05-17,ARI202505170,COL,"McMahon, Ryan",mcmar001,4,2,1B,1B,1,walk,6,8,11
2025-05-17,ARI202505170,COL,"Farmer, Kyle",farmk001,4,2,1B+2B,1B+2B,1,double,6,8,11
2025-05-17,ARI202505170,COL,"Doyle, Brenton",doylb001,1,2,2B,2B,1,field_out,6,10,11
2025-05-17,ARI202505170,COL,"Freeman, Tyler",freet001,4,0,empty,empty,1,single,7,10,11
2025-05-17,ARI202505170,COL,"Toglia, Michael",toglm001,2,0,1B,2B,0,double,7,10,11
2025-05-17,ARI202505170,COL,"Amador, Adael",amada001,4,0,2B,2B,1,strikeout,7,11,11
2025-05-17,ARI202505170,COL,"Beck, Jordan",beckj003,5,1,2B,2B,1,home_run,7,11,11
2025-05-17,ARI202505170,COL,"Tovar, Ezequiel",tovae001,5,1,empty,empty,1,single,7,13,11
2025-05-17,ARI202505170,COL,"Goodman, Hunter",goodh001,5,1,1B,1B,1,field_out,7,13,11
2025-05-17,ARI202505170,COL,"McMahon, Ryan",mcmar001,5,2,1B,1B,1,single,7,13,11
2025-05-17,ARI202505170,COL,"Farmer, Kyle",farmk001,5,2,1B+3B,1B+3B,1,field_out,7,13,11
2025-05-17,ARI202505170,COL,"Doyle, Brenton",doylb001,2,0,empty,empty,1,field_out,8,13,11
2025-05-17,ARI202505170,COL,"Freeman, Tyler",freet001,5,1,empty,empty,1,field_out,8,13,11
2025-05-17,ARI202505170,COL,"Toglia, Michael",toglm001,3,2,empty,empty,1,strikeout,8,13,11
2025-05-17,ARI202505170,COL,"Amador, Adael",amada001,5,0,empty,empty,1,single,9,13,12
2025-05-17,ARI202505170,COL,"Beck, Jordan",beckj003,6,1,1B,empty,0,triple,9,13,12
2025-05-17,ARI202505170,COL,"Tovar, Ezequiel",tovae001,6,1,3B,3B,1,single,9,13,12
2025-05-17,ARI202505170,COL,"Goodman, Hunter",goodh001,6,1,1B,1B,1,double,9,14,12
2025-05-17,ARI202505170,COL,"McMahon, Ryan",mcmar001,6,2,3B,3B,1,field_out,9,14,12
2025-05-18,ARI202505180,COL,"Beck, Jordan",beckj003,1,0,empty,empty,1,strikeout,1,0,0
2025-05-18,ARI202505180,COL,"Farmer, Kyle",farmk001,1,1,empty,empty,1,field_out,1,0,0
2025-05-18,ARI202505180,COL,"Goodman, Hunter",goodh001,1,2,empty,empty,1,field_out,1,0,0
2025-05-18,ARI202505180,COL,"McMahon, Ryan",mcmar001,1,0,empty,empty,1,walk,2,0,1
2025-05-18,ARI202505180,COL,"Doyle, Brenton",doylb001,1,0,1B,1B,1,strikeout,2,0,1
2025-05-18,ARI202505180,COL,"Toglia, Michael",toglm001,1,1,1B,1B,1,strikeout,2,0,1
2025-05-18,ARI202505180,COL,"Moniak, Mickey",monim001,1,2,1B,1B,1,strikeout,2,0,1
2025-05-18,ARI202505180,COL,"Martini, Nick",martn003,1,0,empty,empty,1,strikeout,3,0,1
2025-05-18,ARI202505180,COL,"Amador, Adael",amada001,1,1,empty,empty,1,walk,3,0,1
2025-05-18,ARI202505180,COL,"Beck, Jordan",beckj003,2,1,1B,1B,1,field_out,3,0,1
2025-05-18,ARI202505180,COL,"Farmer, Kyle",farmk001,2,2,1B,1B,1,field_out,3,0,1
2025-05-18,ARI202505180,COL,"Goodman, Hunter",goodh001,2,0,empty,empty,1,strikeout,4,0,1
2025-05-18,ARI202505180,COL,"McMahon, Ryan",mcmar001,2,1,empty,empty,1,strikeout,4,0,1
2025-05-18,ARI202505180,COL,"Doyle, Brenton",doylb001,2,2,empty,empty,1,walk,4,0,1
2025-05-18,ARI202505180,COL,"Toglia, Michael",toglm001,2,2,1B,1B,1,field_out,4,0,1
2025-05-18,ARI202505180,COL,"Moniak, Mickey",monim001,2,0,empty,empty,1,strikeout,5,0,1
2025-05-18,ARI202505180,COL,"Martini, Nick",martn003,2,1,empty,empty,1,strikeout,5,0,1
2025-05-18,ARI202505180,COL,"Amador, Adael",amada001,2,2,empty,empty,1,field_out,5,0,1
2025-05-18,ARI202505180,COL,"Beck, Jordan",beckj003,3,0,empty,empty,1,double,6,0,1
2025-05-18,ARI202505180,COL,"Farmer, Kyle",farmk001,3,0,2B,2B,1,fielders_choice_out,6,0,1
2025-05-18,ARI202505180,COL,"Goodman, Hunter",goodh001,3,1,1B,1B,1,grounded_into_double_play,6,0,1
2025-05-18,ARI202505180,COL,"McMahon, Ryan",mcmar001,3,0,empty,empty,1,strikeout,7,0,1
2025-05-18,ARI202505180,COL,"Doyle, Brenton",doylb001,3,1,empty,empty,1,field_out,7,0,1
2025-05-18,ARI202505180,COL,"Toglia, Michael",toglm001,3,2,empty,empty,1,strikeout,7,0,1
2025-05-18,ARI202505180,COL,"Moniak, Mickey",monim001,3,0,empty,empty,1,strikeout,8,0,1
2025-05-18,ARI202505180,COL,"Martini, Nick",martn003,3,1,empty,empty,1,field_out,8,0,1
2025-05-18,ARI202505180,COL,"Amador, Adael",amada001,3,2,empty,empty,1,strikeout,8,0,1
2025-05-18,ARI202505180,COL,"Beck, Jordan",beckj003,4,0,empty,empty,1,strikeout,9,0,1
2025-05-18,ARI202505180,COL,"Farmer, Kyle",farmk001,4,1,empty,empty,1,single,9,0,1
2025-05-18,ARI202505180,COL,"Goodman, Hunter",goodh001,4,1,1B,1B,1,double,9,0,1
2025-05-18,ARI202505180,COL,"McMahon, Ryan",mcmar001,4,1,2B+3B,2B+3B,1,intent_walk,9,0,1
2025-05-18,ARI202505180,COL,"Doyle, Brenton",doylb001,4,1,1B+2B+3B,1B+2B+3B,1,field_out,9,0,1
2025-05-18,ARI202505180,COL,"Toglia, Michael",toglm001,4,2,1B+2B+3B,1B+2B+3B,1,field_out,9,0,1
2025-05-19,COL202505190,COL,"Beck, Jordan",beckj003,1,0,empty,empty,1,strikeout,1,0,0
2025-05-19,COL202505190,COL,"Tovar, Ezequiel",tovae001,1,1,empty,empty,1,home_run,1,0,0
2025-05-19,COL202505190,COL,"Goodman, Hunter",goodh001,1,1,empty,empty,1,strikeout,1,1,0
2025-05-19,COL202505190,COL,"Toglia, Michael",toglm001,1,2,empty,empty,1,strikeout,1,1,0
2025-05-19,COL202505190,COL,"Doyle, Brenton",doylb001,1,0,empty,empty,1,field_out,2,1,0
2025-05-19,COL202505190,COL,"McMahon, Ryan",mcmar001,1,1,empty,empty,1,field_out,2,1,0
2025-05-19,COL202505190,COL,"Freeman, Tyler",freet001,1,2,empty,empty,1,field_out,2,1,0
2025-05-19,COL202505190,COL,"Amador, Adael",amada001,1,0,empty,empty,1,strikeout,3,1,0
2025-05-19,COL202505190,COL,"Stallings, Jacob",stalj001,1,1,empty,empty,1,field_out,3,1,0
2025-05-19,COL202505190,COL,"Beck, Jordan",beckj003,2,2,empty,empty,1,double,3,1,0
2025-05-19,COL202505190,COL,"Tovar, Ezequiel",tovae001,2,2,2B,2B,1,single,3,1,0
2025-05-19,COL202505190,COL,"Goodman, Hunter",goodh001,2,2,1B,1B,1,strikeout,3,2,0
2025-05-19,COL202505190,COL,"Toglia, Michael",toglm001,2,0,empty,empty,1,strikeout,4,2,0
2025-05-19,COL202505190,COL,"Doyle, Brenton",doylb001,2,1,empty,empty,1,field_error,4,2,0
2025-05-19,COL202505190,COL,"McMahon, Ryan",mcmar001,2,1,2B,2B,1,field_out,4,2,0
2025-05-19,COL202505190,COL,"Freeman, Tyler",freet001,2,2,2B,2B,1,field_out,4,2,0
2025-05-19,COL202505190,COL,"Amador, Adael",amada001,2,0,empty,empty,1,field_out,5,2,1
2025-05-19,COL202505190,COL,"Stallings, Jacob",stalj001,2,1,empty,empty,1,field_out,5,2,1
2025-05-19,COL202505190,COL,"Beck, Jordan",beckj003,3,2,empty,empty,1,field_out,5,2,1
2025-05-19,COL202505190,COL,"Tovar, Ezequiel",tovae001,3,0,empty,empty,1,field_out,6,2,1
2025-05-19,COL202505190,COL,"Goodman, Hunter",goodh001,3,1,empty,empty,1,field_out,6,2,1
2025-05-19,COL202505190,COL,"Toglia, Michael",toglm001,3,2,empty,empty,1,double,6,2,1
2025-05-19,COL202505190,COL,"Doyle, Brenton",doylb001,3,2,2B,2B,1,double,6,2,1
2025-05-19,COL202505190,COL,"McMahon, Ryan",mcmar001,3,2,2B,2B,1,strikeout,6,3,1
2025-05-19,COL202505190,COL,"Moniak, Mickey",monim001,1,0,empty,empty,1,single,7,3,2
2025-05-19,COL202505190,COL,"Amador, Adael",amada001,3,0,1B,1B,1,sac_bunt,7,3,2
2025-05-19,COL202505190,COL,"Stallings, Jacob",stalj001,3,1,2B,2B,1,field_out,7,3,2
2025-05-19,COL202505190,COL,"Beck, Jordan",beckj003,4,2,3B,3B,1,field_out,7,3,2
2025-05-19,COL202505190,COL,"Tovar, Ezequiel",tovae001,4,0,empty,empty,1,field_out,8,3,6
2025-05-19,COL202505190,COL,"Goodman, Hunter",goodh001,4,1,empty,empty,1,field_out,8,3,6
2025-05-19,COL202505190,COL,"Toglia, Michael",toglm001,4,2,empty,empty,1,strikeout,8,3,6
2025-05-19,COL202505190,COL,"Doyle, Brenton",doylb001,4,0,empty,empty,1,field_out,9,3,9
2025-05-19,COL202505190,COL,"McMahon, Ryan",mcmar001,4,1,empty,empty,1,strikeout,9,3,9
2025-05-19,COL202505190,COL,"Moniak, Mickey",monim001,2,2,empty,empty,1,field_out,9,3,9
2025-05-20,COL202505200,COL,"Beck, Jordan",beckj003,1,0,empty,empty,1,strikeout,1,0,3
2025-05-20,COL202505200,COL,"Tovar, Ezequiel",tovae001,1,1,empty,empty,1,field_out,1,0,3
2025-05-20,COL202505200,COL,"Goodman, Hunter",goodh001,1,2,empty,empty,1,field_out,1,0,3
2025-05-20,COL202505200,COL,"Toglia, Michael",toglm001,1,0,empty,empty,1,strikeout,2,0,3
2025-05-20,COL202505200,COL,"Doyle, Brenton",doylb001,1,1,empty,empty,1,walk,2,0,3
2025-05-20,COL202505200,COL,"Farmer, Kyle",farmk001,1,1,1B,1B,1,field_out,2,0,3
2025-05-20,COL202505200,COL,"Freeman, Tyler",freet001,1,2,1B,1B,1,single,2,0,3
2025-05-20,COL202505200,COL,"Amador, Adael",amada001,1,2,1B+2B,1B+2B,1,field_out,2,0,3
2025-05-20,COL202505200,COL,"Schunk, Aaron",schua002,1,0,empty,empty,1,strikeout,3,0,3
2025-05-20,COL202505200,COL,"Beck, Jordan",beckj003,2,1,empty,empty,1,strikeout,3,0,3
2025-05-20,COL202505200,COL,"Tovar, Ezequiel",tovae001,2,2,empty,empty,1,walk,3,0,3
2025-05-20,COL202505200,COL,"Goodman, Hunter",goodh001,2,2,1B,1B,1,field_out,3,0,3
2025-05-20,COL202505200,COL,"Toglia, Michael",toglm001,2,0,empty,empty,1,field_out,4,0,3
2025-05-20,COL202505200,COL,"Doyle, Brenton",doylb001,2,1,empty,empty,1,walk,4,0,3
2025-05-20,COL202505200,COL,"Farmer, Kyle",farmk001,2,1,1B,1B,1,strikeout,4,0,3
2025-05-20,COL202505200,COL,"Freeman, Tyler",freet001,2,2,2B,2B,1,single,4,0,3
2025-05-20,COL202505200,COL,"Amador, Adael",amada001,2,2,1B,2B,0,strikeout,4,1,3
2025-05-20,COL202505200,COL,"Schunk, Aaron",schua002,2,0,empty,empty,1,field_out,5,1,4
2025-05-20,COL202505200,COL,"Beck, Jordan",beckj003,3,1,empty,empty,1,strikeout,5,1,4
2025-05-20,COL202505200,COL,"Tovar, Ezequiel",tovae001,3,2,empty,empty,1,strikeout,5,1,4
2025-05-20,COL202505200,COL,"Goodman, Hunter",goodh001,3,0,empty,empty,1,strikeout,6,1,4
2025-05-20,COL202505200,COL,"Toglia, Michael",toglm001,3,1,empty,empty,1,strikeout,6,1,4
2025-05-20,COL202505200,COL,"Doyle, Brenton",doylb001,3,2,empty,empty,1,field_out,6,1,4
2025-05-20,COL202505200,COL,"Farmer, Kyle",farmk001,3,0,empty,empty,1,field_out,7,1,7
2025-05-20,COL202505200,COL,"Freeman, Tyler",freet001,3,1,empty,empty,1,double,7,1,7
2025-05-20,COL202505200,COL,"Amador, Adael",amada001,3,1,2B,2B,1,single,7,1,7
2025-05-20,COL202505200,COL,"McMahon, Ryan",mcmar001,1,1,1B,1B,1,single,7,2,7
2025-05-20,COL202505200,COL,"Beck, Jordan",beckj003,4,2,2B,2B,1,field_out,7,2,7
2025-05-20,COL202505200,COL,"Tovar, Ezequiel",tovae001,4,0,empty,empty,1,field_out,8,2,7
2025-05-20,COL202505200,COL,"Goodman, Hunter",goodh001,4,1,empty,empty,1,field_out,8,2,7
2025-05-20,COL202505200,COL,"Toglia, Michael",toglm001,4,2,empty,empty,1,strikeout,8,2,7
2025-05-20,COL202505200,COL,"Doyle, Brenton",doylb001,4,0,empty,empty,1,double,9,2,7
2025-05-20,COL202505200,COL,"Moniak, Mickey",monim001,1,0,2B,2B,1,single,9,2,7
2025-05-20,COL202505200,COL,"Freeman, Tyler",freet001,4,0,1B,1B,1,field_out,9,3,7
2025-05-20,COL202505200,COL,"Amador, Adael",amada001,4,1,1B,1B,1,field_out,9,3,7
2025-05-20,COL202505200,COL,"McMahon, Ryan",mcmar001,2,2,2B,2B,1,single,9,3,7
2025-05-20,COL202505200,COL,"Beck, Jordan",beckj003,5,2,2B,2B,1,field_out,9,4,7
2025-05-21,COL202505210,COL,"Beck, Jordan",beckj003,1,0,empty,empty,1,single,1,0,2
2025-05-21,COL202505210,COL,"Tovar, Ezequiel",tovae001,1,0,1B,1B,1,sac_bunt,1,0,2
2025-05-21,COL202505210,COL,"Goodman, Hunter",goodh001,1,1,2B,2B,1,single,1,0,2
2025-05-21,COL202505210,COL,"McMahon, Ryan",mcmar001,1,1,1B,2B,0,field_out,1,1,2
2025-05-21,COL202505210,COL,"Doyle, Brenton",doylb001,1,2,3B,3B,1,walk,1,1,2
2025-05-21,COL202505210,COL,"Moniak, Mickey",monim001,1,2,1B+3B,1B+3B,1,field_out,1,1,2
2025-05-21,COL202505210,COL,"Farmer, Kyle",farmk001,1,0,empty,empty,1,double,2,1,2
2025-05-21,COL202505210,COL,"Martini, Nick",martn003,1,0,2B,2B,1,field_out,2,1,2
2025-05-21,COL202505210,COL,"Amador, Adael",amada001,1,1,3B,3B,1,single,2,1,2
2025-05-21,COL202505210,COL,"Beck, Jordan",beckj003,2,1,1B,1B,1,field_out,2,2,2
2025-05-21,COL202505210,COL,"Tovar, Ezequiel",tovae001,2,2,1B,1B,1,field_out,2,2,2
2025-05-21,COL202505210,COL,"Goodman, Hunter",goodh001,2,0,empty,empty,1,field_out,3,2,6
2025-05-21,COL202505210,COL,"McMahon, Ryan",mcmar001,2,1,empty,empty,1,field_out,3,2,6
2025-05-21,COL202505210,COL,"Doyle, Brenton",doylb001,2,2,empty,empty,1,field_out,3,2,6
2025-05-21,COL202505210,COL,"Moniak, Mickey",monim001,2,0,empty,empty,1,field_out,4,2,6
2025-05-21,COL202505210,COL,"Farmer, Kyle",farmk001,2,1,empty,empty,1,field_out,4,2,6
2025-05-21,COL202505210,COL,"Martini, Nick",martn003,2,2,empty,empty,1,home_run,4,2,6
2025-05-21,COL202505210,COL,"Amador, Adael",amada001,2,2,empty,empty,1,field_out,4,3,6
2025-05-21,COL202505210,COL,"Beck, Jordan",beckj003,3,0,empty,empty,1,single,5,3,7
2025-05-21,COL202505210,COL,"Tovar, Ezequiel",tovae001,3,0,1B,1B,1,strikeout,5,3,7
2025-05-21,COL202505210,COL,"Goodman, Hunter",goodh001,3,1,1B,1B,1,field_out,5,3,7
2025-05-21,COL202505210,COL,"McMahon, Ryan",mcmar001,3,2,1B,1B,1,walk,5,3,7
2025-05-21,COL202505210,COL,"Doyle, Brenton",doylb001,3,2,1B+2B,1B+2B,1,strikeout,5,3,7
2025-05-21,COL202505210,COL,"Freeman, Tyler",freet001,1,0,empty,empty,1,strikeout,6,3,9
2025-05-21,COL202505210,COL,"Farmer, Kyle",farmk001,3,1,empty,empty,1,field_out,6,3,9
2025-05-21,COL202505210,COL,"Martini, Nick",martn003,3,2,empty,empty,1,field_out,6,3,9
2025-05-21,COL202505210,COL,"Amador, Adael",amada001,3,0,empty,empty,1,field_out,7,3,9
2025-05-21,COL202505210,COL,"Beck, Jordan",beckj003,4,1,empty,empty,1,field_out,7,3,9
2025-05-21,COL202505210,COL,"Tovar, Ezequiel",tovae001,4,2,empty,empty,1,double,7,3,9
2025-05-21,COL202505210,COL,"Goodman, Hunter",goodh001,4,2,2B,2B,1,strikeout,7,3,9
2025-05-21,COL202505210,COL,"McMahon, Ryan",mcmar001,4,0,empty,empty,1,strikeout,8,3,9
2025-05-21,COL202505210,COL,"Doyle, Brenton",doylb001,4,1,empty,empty,1,single,8,3,9
2025-05-21,COL202505210,COL,"Freeman, Tyler",freet001,2,1,1B,1B,1,field_out,8,3,9
2025-05-21,COL202505210,COL,"Farmer, Kyle",farmk001,4,2,1B,1B,1,strikeout,8,3,9
2025-05-21,COL202505210,COL,"Martini, Nick",martn003,4,0,empty,empty,1,double,9,3,9
2025-05-21,COL202505210,COL,"Amador, Adael",amada001,4,0,2B,2B,1,walk,9,3,9
2025-05-21,COL202505210,COL,"Beck, Jordan",beckj003,5,0,1B+2B,1B+2B,1,strikeout,9,3,9
2025-05-21,COL202505210,COL,"Tovar, Ezequiel",tovae001,5,1,1B+2B,1B+2B,1,single,9,3,9
2025-05-21,COL202505210,COL,"Goodman, Hunter",goodh001,5,2,3B,3B,1,single,9,4,9
2025-05-21,COL202505210,COL,"McMahon, Ryan",mcmar001,5,2,1B,1B,1,field_out,9,5,9
2025-05-22,COL202505220,COL,"Beck, Jordan",beckj003,1,0,empty,empty,1,field_out,1,0,0
2025-05-22,COL202505220,COL,"Tovar, Ezequiel",tovae001,1,1,empty,empty,1,strikeout,1,0,0
2025-05-22,COL202505220,COL,"Goodman, Hunter",goodh001,1,2,empty,empty,1,field_out,1,0,0
2025-05-22,COL202505220,COL,"McMahon, Ryan",mcmar001,1,0,empty,empty,1,field_out,2,0,0
2025-05-22,COL202505220,COL,"Doyle, Brenton",doylb001,1,1,empty,empty,1,triple,2,0,0
2025-05-22,COL202505220,COL,"Freeman, Tyler",freet001,1,1,3B,3B,1,field_out,2,0,0
2025-05-22,COL202505220,COL,"Farmer, Kyle",farmk001,1,2,3B,3B,1,field_out,2,0,0
2025-05-22,COL202505220,COL,"Schunk, Aaron",schua002,1,0,empty,empty,1,field_out,3,0,0
2025-05-22,COL202505220,COL,"Stallings, Jacob",stalj001,1,1,empty,empty,1,field_out,3,0,0
2025-05-22,COL202505220,COL,"Beck, Jordan",beckj003,2,2,empty,empty,1,single,3,0,0
2025-05-22,COL202505220,COL,"Tovar, Ezequiel",tovae001,2,2,1B,1B,1,single,3,0,0
2025-05-22,COL202505220,COL,"Goodman, Hunter",goodh001,2,2,1B+3B,1B+3B,1,strikeout,3,0,0
2025-05-22,COL202505220,COL,"McMahon, Ryan",mcmar001,2,0,empty,empty,1,field_out,4,0,1
2025-05-22,COL202505220,COL,"Doyle, Brenton",doylb001,2,1,empty,empty,1,walk,4,0,1
2025-05-22,COL202505220,COL,"Freeman, Tyler",freet001,2,1,1B,2B,0,field_out,4,0,1
2025-05-22,COL202505220,COL,"Farmer, Kyle",farmk001,2,2,2B,2B,1,walk,4,0,1
2025-05-22,COL202505220,COL,"Schunk, Aaron",schua002,2,2,1B+2B,1B+2B,1,field_out,4,0,1
2025-05-22,COL202505220,COL,"Stallings, Jacob",stalj001,2,0,empty,empty,1,strikeout,5,0,1
2025-05-22,COL202505220,COL,"Beck, Jordan",beckj003,3,1,empty,empty,1,strikeout,5,0,1
2025-05-22,COL202505220,COL,"Tovar, Ezequiel",tovae001,3,2,empty,empty,1,single,5,0,1
2025-05-22,COL202505220,COL,"Goodman, Hunter",goodh001,3,2,1B,1B,1,field_out,5,0,1
2025-05-22,COL202505220,COL,"McMahon, Ryan",mcmar001,3,0,empty,empty,1,single,6,0,1
2025-05-22,COL202505220,COL,"Doyle, Brenton",doylb001,3,0,1B,1B,1,strikeout,6,0,1
2025-05-22,COL202505220,COL,"Freeman, Tyler",freet001,3,1,1B,1B,1,field_out,6,0,1
2025-05-22,COL202505220,COL,"Farmer, Kyle",farmk001,3,2,1B,1B,1,field_out,6,0,1
2025-05-22,COL202505220,COL,"Schunk, Aaron",schua002,3,0,empty,empty,1,field_out,7,0,2
2025-05-22,COL202505220,COL,"Stallings, Jacob",stalj001,3,1,empty,empty,1,strikeout,7,0,2
2025-05-22,COL202505220,COL,"Beck, Jordan",beckj003,4,2,empty,empty,1,double,7,0,2
2025-05-22,COL202505220,COL,"Tovar, Ezequiel",tovae001,4,2,2B,3B,0,walk,7,0,2
2025-05-22,COL202505220,COL,"Goodman, Hunter",goodh001,4,2,1B+3B,1B+3B,1,field_out,7,0,2
2025-05-22,COL202505220,COL,"McMahon, Ryan",mcmar001,4,0,empty,empty,1,field_out,8,0,2
2025-05-22,COL202505220,COL,"Doyle, Brenton",doylb001,4,1,empty,empty,1,single,8,0,2
2025-05-22,COL202505220,COL,"Freeman, Tyler",freet001,4,1,1B,1B,1,field_out,8,0,2
2025-05-22,COL202505220,COL,"Farmer, Kyle",farmk001,4,2,1B,1B,1,field_out,8,0,2
2025-05-22,COL202505220,COL,"Martini, Nick",martn003,1,0,empty,empty,1,strikeout,9,0,2
2025-05-22,COL202505220,COL,"Moniak, Mickey",monim001,1,1,empty,empty,1,strikeout,9,0,2
2025-05-22,COL202505220,COL,"Beck, Jordan",beckj003,5,2,empty,empty,1,field_out,9,0,2
2025-05-23,COL202505230,COL,"Beck, Jordan",beckj003,1,0,empty,empty,1,strikeout,1,0,1
2025-05-23,COL202505230,COL,"Tovar, Ezequiel",tovae001,1,1,empty,empty,1,double,1,0,1
2025-05-23,COL202505230,COL,"Goodman, Hunter",goodh001,1,1,2B,2B,1,field_out,1,0,1
2025-05-23,COL202505230,COL,"McMahon, Ryan",mcmar001,1,2,2B,2B,1,walk,1,0,1
2025-05-23,COL202505230,COL,"Doyle, Brenton",doylb001,1,2,1B+2B,1B+2B,1,strikeout,1,0,1
2025-05-23,COL202505230,COL,"Moniak, Mickey",monim001,1,0,empty,empty,1,strikeout,2,0,1
2025-05-23,COL202505230,COL,"Farmer, Kyle",farmk001,1,1,empty,empty,1,double,2,0,1
2025-05-23,COL202505230,COL,"Martini, Nick",martn003,1,1,2B,2B,1,field_out,2,0,1
2025-05-23,COL202505230,COL,"Amador, Adael",amada001,1,2,3B,3B,1,strikeout,2,0,1
2025-05-23,COL202505230,COL,"Beck, Jordan",beckj003,2,0,empty,empty,1,single,3,0,1
2025-05-23,COL202505230,COL,"Tovar, Ezequiel",tovae001,2,0,1B,1B,1,strikeout,3,0,1
2025-05-23,COL202505230,COL,"Goodman, Hunter",goodh001,2,1,1B,1B,1,strikeout,3,0,1
2025-05-23,COL202505230,COL,"McMahon, Ryan",mcmar001,2,0,1B,empty,0,walk,4,0,1
2025-05-23,COL202505230,COL,"Doyle, Brenton",doylb001,2,0,1B,1B,1,field_out,4,0,1
2025-05-23,COL202505230,COL,"Moniak, Mickey",monim001,2,1,1B,1B,1,strikeout,4,0,1
2025-05-23,COL202505230,COL,"Farmer, Kyle",farmk001,2,2,1B,2B,0,single,4,0,1
2025-05-23,COL202505230,COL,"Martini, Nick",martn003,2,2,1B,1B,1,field_out,4,1,1
2025-05-23,COL202505230,COL,"Amador, Adael",amada001,2,0,empty,empty,1,field_out,5,1,2
2025-05-23,COL202505230,COL,"Beck, Jordan",beckj003,3,1,empty,empty,1,strikeout,5,1,2
2025-05-23,COL202505230,COL,"Tovar, Ezequiel",tovae001,3,2,empty,empty,1,single,5,1,2
2025-05-23,COL202505230,COL,"Goodman, Hunter",goodh001,3,2,1B,1B,1,single,5,1,2
2025-05-23,COL202505230,COL,"McMahon, Ryan",mcmar001,3,2,1B+3B,1B+3B,1,double,5,1,2
2025-05-23,COL202505230,COL,"Doyle, Brenton",doylb001,3,2,2B,2B,1,field_out,5,3,2
2025-05-23,COL202505230,COL,"Moniak, Mickey",monim001,3,0,empty,empty,1,field_out,6,3,2
2025-05-23,COL202505230,COL,"Farmer, Kyle",farmk001,3,1,empty,empty,1,field_out,6,3,2
2025-05-23,COL202505230,COL,"Martini, Nick",martn003,3,2,empty,empty,1,field_out,6,3,2
2025-05-23,COL202505230,COL,"Amador, Adael",amada001,3,0,empty,empty,1,field_out,7,3,2
2025-05-23,COL202505230,COL,"Beck, Jordan",beckj003,4,1,empty,empty,1,single,7,3,2
2025-05-23,COL202505230,COL,"Tovar, Ezequiel",tovae001,4,1,1B,2B,0,field_out,7,3,2
2025-05-23,COL202505230,COL,"Goodman, Hunter",goodh001,4,2,3B,3B,1,strikeout,7,3,2
2025-05-23,COL202505230,COL,"McMahon, Ryan",mcmar001,4,0,empty,empty,1,field_out,8,3,2
2025-05-23,COL202505230,COL,"Doyle, Brenton",doylb001,4,1,empty,empty,1,field_out,8,3,2
2025-05-23,COL202505230,COL,"Moniak, Mickey",monim001,4,2,empty,empty,1,strikeout,8,3,2
2025-05-24,COL202505240,COL,"Beck, Jordan",beckj003,1,0,empty,empty,1,single,1,0,1
2025-05-24,COL202505240,COL,"Tovar, Ezequiel",tovae001,1,1,1B,empty,0,field_out,1,0,1
2025-05-24,COL202505240,COL,"Goodman, Hunter",goodh001,1,2,empty,empty,1,strikeout,1,0,1
2025-05-24,COL202505240,COL,"Toglia, Michael",toglm001,1,0,empty,empty,1,field_out,2,0,1
2025-05-24,COL202505240,COL,"Doyle, Brenton",doylb001,1,1,empty,empty,1,strikeout,2,0,1
2025-05-24,COL202505240,COL,"Freeman, Tyler",freet001,1,2,empty,empty,1,field_out,2,0,1
2025-05-24,COL202505240,COL,"Amador, Adael",amada001,1,0,empty,empty,1,field_out,3,0,1
2025-05-24,COL202505240,COL,"Schunk, Aaron",schua002,1,1,empty,empty,1,single,3,0,1
2025-05-24,COL202505240,COL,"Stallings, Jacob",stalj001,1,1,1B,1B,1,field_out,3,0,1
2025-05-24,COL202505240,COL,"Beck, Jordan",beckj003,2,0,1B,empty,0,strikeout,4,0,1
2025-05-24,COL202505240,COL,"Tovar, Ezequiel",tovae001,2,1,empty,empty,1,single,4,0,1
2025-05-24,COL202505240,COL,"Goodman, Hunter",goodh001,2,1,1B,2B,0,strikeout,4,0,1
2025-05-24,COL202505240,COL,"Toglia, Michael",toglm001,2,2,2B,2B,1,triple,4,0,1
2025-05-24,COL202505240,COL,"Doyle, Brenton",doylb001,2,2,3B,3B,1,field_out,4,1,1
2025-05-24,COL202505240,COL,"Freeman, Tyler",freet001,2,0,empty,empty,1,double,5,1,11
2025-05-24,COL202505240,COL,"Amador, Adael",amada001,2,0,2B,2B,1,field_out,5,1,11
2025-05-24,COL202505240,COL,"Schunk, Aaron",schua002,2,1,2B,2B,1,strikeout,5,1,11
2025-05-24,COL202505240,COL,"Stallings, Jacob",stalj001,2,2,2B,3B,0,field_out,5,1,11
2025-05-24,COL202505240,COL,"Beck, Jordan",beckj003,3,0,empty,empty,1,field_out,6,1,11
2025-05-24,COL202505240,COL,"Tovar, Ezequiel",tovae001,3,1,empty,empty,1,walk,6,1,11
2025-05-24,COL202505240,COL,"Goodman, Hunter",goodh001,3,1,1B,1B,1,grounded_into_double_play,6,1,11
2025-05-24,COL202505240,COL,"Toglia, Michael",toglm001,3,0,empty,empty,1,strikeout,7,1,11
2025-05-24,COL202505240,COL,"Doyle, Brenton",doylb001,3,1,empty,empty,1,single,7,1,11
2025-05-24,COL202505240,COL,"Freeman, Tyler",freet001,3,1,1B,1B,1,field_out,7,1,11
2025-05-24,COL202505240,COL,"Amador, Adael",amada001,3,2,1B,1B,1,field_out,7,1,11
2025-05-24,COL202505240,COL,"Schunk, Aaron",schua002,3,0,empty,empty,1,strikeout,8,1,13
2025-05-24,COL202505240,COL,"Stallings, Jacob",stalj001,3,1,empty,empty,1,single,8,1,13
2025-05-24,COL202505240,COL,"Beck, Jordan",beckj003,4,1,1B,1B,1,strikeout,8,1,13
2025-05-24,COL202505240,COL,"Martini, Nick",martn003,1,2,1B,1B,1,single,8,1,13
2025-05-24,COL202505240,COL,"Goodman, Hunter",goodh001,4,2,1B+2B,1B+2B,1,strikeout,8,1,13
2025-05-24,COL202505240,COL,"Toglia, Michael",toglm001,4,0,empty,empty,1,strikeout,9,1,13
2025-05-24,COL202505240,COL,"Moniak, Mickey",monim001,1,1,empty,empty,1,field_out,9,1,13
2025-05-24,COL202505240,COL,"Freeman, Tyler",freet001,4,2,empty,empty,1,field_out,9,1,13
2025-05-25,COL202505250,COL,"Beck, Jordan",beckj003,1,0,empty,empty,1,double,1,0,1
2025-05-25,COL202505250,COL,"Tovar, Ezequiel",tovae001,1,0,2B,2B,1,single,1,0,1
2025-05-25,COL202505250,COL,"Goodman, Hunter",goodh001,1,0,1B+3B,1B+3B,1,walk,1,0,1
2025-05-25,COL202505250,COL,"McMahon, Ryan",mcmar001,1,0,1B+2B+3B,2B+3B,0,field_out,1,1,1
2025-05-25,COL202505250,COL,"Doyle, Brenton",doylb001,1,1,3B,3B,1,strikeout,1,2,1
2025-05-25,COL202505250,COL,"Toglia, Michael",toglm001,1,2,3B,3B,1,field_out,1,2,1
2025-05-25,COL202505250,COL,"Moniak, Mickey",monim001,1,0,empty,empty,1,strikeout,2,2,2
2025-05-25,COL202505250,COL,"Martini, Nick",martn003,1,1,empty,empty,1,field_out,2,2,2
2025-05-25,COL202505250,COL,"Amador, Adael",amada001,1,2,empty,empty,1,field_out,2,2,2
2025-05-25,COL202505250,COL,"Beck, Jordan",beckj003,2,0,empty,empty,1,strikeout,3,2,2
2025-05-25,COL202505250,COL,"Tovar, Ezequiel",tovae001,2,1,empty,empty,1,strikeout,3,2,2
2025-05-25,COL202505250,COL,"Goodman, Hunter",goodh001,2,2,empty,empty,1,strikeout,3,2,2
2025-05-25,COL202505250,COL,"McMahon, Ryan",mcmar001,2,0,empty,empty,1,strikeout,4,2,2
2025-05-25,COL202505250,COL,"Doyle, Brenton",doylb001,2,1,empty,empty,1,strikeout,4,2,2
2025-05-25,COL202505250,COL,"Toglia, Michael",toglm001,2,2,empty,empty,1,walk,4,2,2
2025-05-25,COL202505250,COL,"Moniak, Mickey",monim001,2,2,1B,1B,1,field_out,4,2,2
2025-05-25,COL202505250,COL,"Martini, Nick",martn003,2,0,empty,empty,1,field_out,5,2,4
2025-05-25,COL202505250,COL,"Amador, Adael",amada001,2,1,empty,empty,1,field_out,5,2,4
2025-05-25,COL202505250,COL,"Beck, Jordan",beckj003,3,2,empty,empty,1,field_out,5,2,4
2025-05-25,COL202505250,COL,"Tovar, Ezequiel",tovae001,3,0,empty,empty,1,strikeout,6,2,4
2025-05-25,COL202505250,COL,"Goodman, Hunter",goodh001,3,1,empty,empty,1,field_out,6,2,4
2025-05-25,COL202505250,COL,"McMahon, Ryan",mcmar001,3,2,empty,empty,1,single,6,2,4
2025-05-25,COL202505250,COL,"Doyle, Brenton",doylb001,3,2,1B,1B,1,double,6,2,4
2025-05-25,COL202505250,COL,"Toglia, Michael",toglm001,3,2,2B,3B,0,walk,6,3,4
2025-05-25,COL202505250,COL,"Moniak, Mickey",monim001,3,2,1B+3B,1B+3B,1,field_out,6,3,4
2025-05-25,COL202505250,COL,"Martini, Nick",martn003,3,0,empty,empty,1,strikeout,7,3,4
2025-05-25,COL202505250,COL,"Amador, Adael",amada001,3,1,empty,empty,1,strikeout,7,3,4
2025-05-25,COL202505250,COL,"Beck, Jordan",beckj003,4,2,empty,empty,1,field_out,7,3,4
2025-05-25,COL202505250,COL,"Tovar, Ezequiel",tovae001,4,0,empty,empty,1,strikeout,8,3,5
2025-05-25,COL202505250,COL,"Goodman, Hunter",goodh001,4,1,empty,empty,1,single,8,3,5
2025-05-25,COL202505250,COL,"McMahon, Ryan",mcmar001,4,1,1B,1B,1,strikeout,8,3,5
2025-05-25,COL202505250,COL,"Doyle, Brenton",doylb001,4,2,1B,1B,1,walk,8,3,5
2025-05-25,COL202505250,COL,"Toglia, Michael",toglm001,4,2,1B+2B,1B+2B,1,strikeout,8,3,5
2025-05-25,COL202505250,COL,"Moniak, Mickey",monim001,4,0,empty,empty,1,home_run,9,3,5
2025-05-25,COL202505250,COL,"Martini, Nick",martn003,4,0,empty,empty,1,field_out,9,4,5
2025-05-25,COL202505250,COL,"Amador, Adael",amada001,4,1,empty,empty,1,single,9,4,5
2025-05-25,COL202505250,COL,"Beck, Jordan",beckj003,5,1,1B,1B,1,single,9,4,5
2025-05-25,COL202505250,COL,"Tovar, Ezequiel",tovae001,5,1,1B+2B,1B+2B,1,field_out,9,4,5
2025-05-25,COL202505250,COL,"Goodman, Hunter",goodh001,5,2,1B+2B,1B+2B,1,field_out,9,4,5
2025-05-26,CHN202505260,COL,"Beck, Jordan",beckj003,1,0,empty,empty,1,strikeout,1,0,0
2025-05-26,CHN202505260,COL,"Tovar, Ezequiel",tovae001,1,1,empty,empty,1,strikeout,1,0,0
2025-05-26,CHN202505260,COL,"McMahon, Ryan",mcmar001,1,2,empty,empty,1,field_out,1,0,0
2025-05-26,CHN202505260,COL,"Toglia, Michael",toglm001,1,0,empty,empty,1,field_out,2,0,1
2025-05-26,CHN202505260,COL,"Doyle, Brenton",doylb001,1,1,empty,empty,1,field_out,2,0,1
2025-05-26,CHN202505260,COL,"Moniak, Mickey",monim001,1,2,empty,empty,1,field_out,2,0,1
2025-05-26,CHN202505260,COL,"Farmer, Kyle",farmk001,1,0,empty,empty,1,field_out,3,0,1
2025-05-26,CHN202505260,COL,"Martini, Nick",martn003,1,1,empty,empty,1,strikeout,3,0,1
2025-05-26,CHN202505260,COL,"Stallings, Jacob",stalj001,1,2,empty,empty,1,field_out,3,0,1
2025-05-26,CHN202505260,COL,"Beck, Jordan",beckj003,2,0,empty,empty,1,strikeout,4,0,1
2025-05-26,CHN202505260,COL,"Tovar, Ezequiel",tovae001,2,1,empty,empty,1,field_out,4,0,1
2025-05-26,CHN202505260,COL,"McMahon, Ryan",mcmar001,2,2,empty,empty,1,field_out,4,0,1
2025-05-26,CHN202505260,COL,"Toglia, Michael",toglm001,2,0,empty,empty,1,strikeout,5,0,1
2025-05-26,CHN202505260,COL,"Doyle, Brenton",doylb001,2,1,empty,empty,1,field_out,5,0,1
2025-05-26,CHN202505260,COL,"Moniak, Mickey",monim001,2,2,empty,empty,1,home_run,5,0,1
2025-05-26,CHN202505260,COL,"Farmer, Kyle",farmk001,2,2,empty,empty,1,single,5,1,1
2025-05-26,CHN202505260,COL,"Martini, Nick",martn003,2,2,1B,1B,1,field_out,5,1,1
2025-05-26,CHN202505260,COL,"Stallings, Jacob",stalj001,2,0,empty,empty,1,single,6,1,2
2025-05-26,CHN202505260,COL,"Beck, Jordan",beckj003,3,0,1B,1B,1,single,6,1,2
2025-05-26,CHN202505260,COL,"Tovar, Ezequiel",tovae001,3,0,1B+2B,1B+2B,1,sac_bunt,6,1,2
2025-05-26,CHN202505260,COL,"McMahon, Ryan",mcmar001,3,1,2B+3B,2B+3B,1,fielders_choice_out,6,1,2
2025-05-26,CHN202505260,COL,"Toglia, Michael",toglm001,3,2,1B+3B,1B+3B,1,strikeout,6,1,2
2025-05-26,CHN202505260,COL,"Doyle, Brenton",doylb001,3,0,empty,empty,1,strikeout,7,1,2
2025-05-26,CHN202505260,COL,"Moniak, Mickey",monim001,3,1,empty,empty,1,walk,7,1,2
2025-05-26,CHN202505260,COL,"Farmer, Kyle",farmk001,3,1,1B,1B,1,grounded_into_double_play,7,1,2
2025-05-26,CHN202505260,COL,"Martini, Nick",martn003,3,0,empty,empty,1,field_out,8,1,3
2025-05-26,CHN202505260,COL,"Goodman, Hunter",goodh001,1,1,empty,empty,1,field_out,8,1,3
2025-05-26,CHN202505260,COL,"Beck, Jordan",beckj003,4,2,empty,empty,1,walk,8,1,3
2025-05-26,CHN202505260,COL,"Tovar, Ezequiel",tovae001,4,2,1B,1B,1,single,8,1,3
2025-05-26,CHN202505260,COL,"McMahon, Ryan",mcmar001,4,2,1B+2B,1B+2B,1,field_out,8,1,3
2025-05-26,CHN202505260,COL,"Toglia, Michael",toglm001,4,0,empty,empty,1,strikeout,9,1,3
2025-05-26,CHN202505260,COL,"Doyle, Brenton",doylb001,4,1,empty,empty,1,field_out,9,1,3
2025-05-26,CHN202505260,COL,"Moniak, Mickey",monim001,4,2,empty,empty,1,strikeout,9,1,3
2025-05-27,CHN202505270,COL,"Beck, Jordan",beckj003,1,0,empty,empty,1,strikeout,1,0,0
2025-05-27,CHN202505270,COL,"Tovar, Ezequiel",tovae001,1,1,empty,empty,1,field_out,1,0,0
2025-05-27,CHN202505270,COL,"Goodman, Hunter",goodh001,1,2,empty,empty,1,field_out,1,0,0
2025-05-27,CHN202505270,COL,"McMahon, Ryan",mcmar001,1,0,empty,empty,1,field_out,2,0,0
2025-05-27,CHN202505270,COL,"Doyle, Brenton",doylb001,1,1,empty,empty,1,field_out,2,0,0
2025-05-27,CHN202505270,COL,"Moniak, Mickey",monim001,1,2,empty,empty,1,field_out,2,0,0
2025-05-27,CHN202505270,COL,"Toglia, Michael",toglm001,1,0,empty,empty,1,strikeout,3,0,0
2025-05-27,CHN202505270,COL,"Martini, Nick",martn003,1,1,empty,empty,1,strikeout,3,0,0
2025-05-27,CHN202505270,COL,"Amador, Adael",amada001,1,2,empty,empty,1,field_out,3,0,0
2025-05-27,CHN202505270,COL,"Beck, Jordan",beckj003,2,0,empty,empty,1,hit_by_pitch,4,0,2
2025-05-27,CHN202505270,COL,"Tovar, Ezequiel",tovae001,2,0,1B,2B,0,field_out,4,0,2
2025-05-27,CHN202505270,COL,"Goodman, Hunter",goodh001,2,1,2B,2B,1,strikeout,4,0,2
2025-05-27,CHN202505270,COL,"McMahon, Ryan",mcmar001,2,2,2B,2B,1,single,4,0,2
2025-05-27,CHN202505270,COL,"Doyle, Brenton",doylb001,2,2,1B,1B,1,walk,4,1,2
2025-05-27,CHN202505270,COL,"Moniak, Mickey",monim001,2,2,1B+2B,1B+2B,1,single,4,1,2
2025-05-27,CHN202505270,COL,"Toglia, Michael",toglm001,2,2,1B+2B+3B,1B+2B+3B,1,field_out,4,1,2
2025-05-27,CHN202505270,COL,"Martini, Nick",martn003,2,0,empty,empty,1,strikeout,5,1,2
2025-05-27,CHN202505270,COL,"Amador, Adael",amada001,2,1,empty,empty,1,field_out,5,1,2
2025-05-27,CHN202505270,COL,"Beck, Jordan",beckj003,3,2,empty,empty,1,strikeout,5,1,2
2025-05-27,CHN202505270,COL,"Tovar, Ezequiel",tovae001,3,0,empty,empty,1,field_out,6,1,2
2025-05-27,CHN202505270,COL,"Goodman, Hunter",goodh001,3,1,empty,empty,1,single,6,1,2
2025-05-27,CHN202505270,COL,"McMahon, Ryan",mcmar001,3,2,1B,empty,0,field_out,6,1,2
2025-05-27,CHN202505270,COL,"Doyle, Brenton",doylb001,3,0,empty,empty,1,home_run,7,1,2
2025-05-27,CHN202505270,COL,"Freeman, Tyler",freet001,1,0,empty,empty,1,strikeout,7,2,2
2025-05-27,CHN202505270,COL,"Toglia, Michael",toglm001,3,1,empty,empty,1,field_out,7,2,2
2025-05-27,CHN202505270,COL,"Farmer, Kyle",farmk001,1,2,empty,empty,1,single,7,2,2
2025-05-27,CHN202505270,COL,"Amador, Adael",amada001,3,2,1B,1B,1,walk,7,2,2
2025-05-27,CHN202505270,COL,"Beck, Jordan",beckj003,4,2,1B+2B,1B+2B,1,field_out,7,2,2
2025-05-27,CHN202505270,COL,"Tovar, Ezequiel",tovae001,4,0,empty,empty,1,field_out,8,2,2
2025-05-27,CHN202505270,COL,"Goodman, Hunter",goodh001,4,1,empty,empty,1,field_out,8,2,2
2025-05-27,CHN202505270,COL,"McMahon, Ryan",mcmar001,4,2,empty,empty,1,field_out,8,2,2
2025-05-27,CHN202505270,COL,"Doyle, Brenton",doylb001,4,0,empty,empty,1,field_out,9,2,2
2025-05-27,CHN202505270,COL,"Freeman, Tyler",freet001,2,1,empty,empty,1,single,9,2,2
2025-05-27,CHN202505270,COL,"Toglia, Michael",toglm001,4,2,1B,empty,0,walk,9,2,2
2025-05-27,CHN202505270,COL,"Farmer, Kyle",farmk001,2,2,1B,1B,1,field_out,9,2,2
2025-05-27,CHN202505270,COL,"Amador, Adael",amada001,4,0,2B,2B,1,field_out,10,2,2
2025-05-27,CHN202505270,COL,"Beck, Jordan",beckj003,5,1,2B,2B,1,field_out,10,2,2
2025-05-27,CHN202505270,COL,"Tovar, Ezequiel",tovae001,5,2,2B,2B,1,field_out,10,2,2
2025-05-27,CHN202505270,COL,"Goodman, Hunter",goodh001,5,0,2B,2B,1,single,11,2,2
2025-05-27,CHN202505270,COL,"McMahon, Ryan",mcmar001,5,0,1B+3B,1B+3B,1,strikeout,11,2,2
2025-05-27,CHN202505270,COL,"Doyle, Brenton",doylb001,5,1,1B+3B,1B+3B,1,field_out,11,2,2
2025-05-27,CHN202505270,COL,"Freeman, Tyler",freet001,3,2,2B,2B,1,field_out,11,3,2
2025-05-28,CHN202505280,COL,"Beck, Jordan",beckj003,1,0,empty,empty,1,strikeout,1,0,0
2025-05-28,CHN202505280,COL,"Freeman, Tyler",freet001,1,1,empty,empty,1,strikeout,1,0,0
2025-05-28,CHN202505280,COL,"Tovar, Ezequiel",tovae001,1,2,empty,empty,1,field_out,1,0,0
2025-05-28,CHN202505280,COL,"Goodman, Hunter",goodh001,1,0,empty,empty,1,strikeout,2,0,1
2025-05-28,CHN202505280,COL,"Farmer, Kyle",farmk001,1,1,empty,empty,1,field_out,2,0,1
2025-05-28,CHN202505280,COL,"McMahon, Ryan",mcmar001,1,2,empty,empty,1,field_out,2,0,1
2025-05-28,CHN202505280,COL,"Arcia, Orlando",arcio002,1,0,empty,empty,1,single,3,0,1
2025-05-28,CHN202505280,COL,"Toglia, Michael",toglm001,1,0,1B,1B,1,strikeout,3,0,1
2025-05-28,CHN202505280,COL,"Moniak, Mickey",monim001,1,1,1B,1B,1,strikeout,3,0,1
2025-05-28,CHN202505280,COL,"Beck, Jordan",beckj003,2,2,1B,1B,1,field_out,3,0,1
2025-05-28,CHN202505280,COL,"Freeman, Tyler",freet001,2,0,empty,empty,1,field_out,4,0,1
2025-05-28,CHN202505280,COL,"Tovar, Ezequiel",tovae001,2,1,empty,empty,1,strikeout,4,0,1
2025-05-28,CHN202505280,COL,"Goodman, Hunter",goodh001,2,2,empty,empty,1,field_out,4,0,1
2025-05-28,CHN202505280,COL,"Farmer, Kyle",farmk001,2,0,empty,empty,1,strikeout,5,0,2
2025-05-28,CHN202505280,COL,"McMahon, Ryan",mcmar001,2,1,empty,empty,1,single,5,0,2
2025-05-28,CHN202505280,COL,"Arcia, Orlando",arcio002,2,1,1B,1B,1,single,5,0,2
2025-05-28,CHN202505280,COL,"Toglia, Michael",toglm001,2,1,1B+2B,1B+2B,1,grounded_into_double_play,5,0,2
2025-05-28,CHN202505280,COL,"Moniak, Mickey",monim001,2,0,empty,empty,1,single,6,0,2
2025-05-28,CHN202505280,COL,"Beck, Jordan",beckj003,3,0,1B,1B,1,field_out,6,0,2
2025-05-28,CHN202505280,COL,"Freeman, Tyler",freet001,3,1,1B,3B,0,sac_fly,6,0,2
2025-05-28,CHN202505280,COL,"Tovar, Ezequiel",tovae001,3,2,empty,empty,1,strikeout,6,1,2
2025-05-28,CHN202505280,COL,"Goodman, Hunter",goodh001,3,0,empty,empty,1,single,7,1,2
2025-05-28,CHN202505280,COL,"Farmer, Kyle",farmk001,3,0,1B,1B,1,grounded_into_double_play,7,1,2
2025-05-28,CHN202505280,COL,"McMahon, Ryan",mcmar001,3,2,empty,empty,1,field_out,7,1,2
2025-05-28,CHN202505280,COL,"Arcia, Orlando",arcio002,3,0,empty,empty,1,field_out,8,1,2
2025-05-28,CHN202505280,COL,"Toglia, Michael",toglm001,3,1,empty,empty,1,single,8,1,2
2025-05-28,CHN202505280,COL,"Moniak, Mickey",monim001,3,1,1B,1B,1,strikeout,8,1,2
2025-05-28,CHN202505280,COL,"Beck, Jordan",beckj003,4,2,1B,1B,1,field_out,8,1,2
2025-05-28,CHN202505280,COL,"Freeman, Tyler",freet001,4,0,empty,empty,1,strikeout,9,1,2
2025-05-28,CHN202505280,COL,"Tovar, Ezequiel",tovae001,4,1,empty,empty,1,field_out,9,1,2
2025-05-28,CHN202505280,COL,"Goodman, Hunter",goodh001,4,2,empty,empty,1,strikeout,9,1,2
2025-05-30,NYN202505300,COL,"Beck, Jordan",beckj003,1,0,empty,empty,1,field_out,1,0,0
2025-05-30,NYN202505300,COL,"Tovar, Ezequiel",tovae001,1,1,empty,empty,1,strikeout,1,0,0
2025-05-30,NYN202505300,COL,"Goodman, Hunter",goodh001,1,2,empty,empty,1,field_out,1,0,0
2025-05-30,NYN202505300,COL,"Estrada, Thairo",estrt001,1,0,empty,empty,1,field_out,2,0,1
2025-05-30,NYN202505300,COL,"Doyle, Brenton",doylb001,1,1,empty,empty,1,single,2,0,1
2025-05-30,NYN202505300,COL,"McMahon, Ryan",mcmar001,1,1,1B,1B,1,strikeout,2,0,1
2025-05-30,NYN202505300,COL,"Farmer, Kyle",farmk001,1,2,1B,1B,1,field_out,2,0,1
2025-05-30,NYN202505300,COL,"Toglia, Michael",toglm001,1,0,empty,empty,1,field_out,3,0,1
2025-05-30,NYN202505300,COL,"Freeman, Tyler",freet001,1,1,empty,empty,1,single,3,0,1
2025-05-30,NYN202505300,COL,"Beck, Jordan",beckj003,2,1,1B,1B,1,single,3,0,1
2025-05-30,NYN202505300,COL,"Tovar, Ezequiel",tovae001,2,1,1B+2B,1B+2B,1,strikeout,3,0,1
2025-05-30,NYN202505300,COL,"Goodman, Hunter",goodh001,2,2,1B+2B,1B+2B,1,walk,3,0,1
2025-05-30,NYN202505300,COL,"Estrada, Thairo",estrt001,2,2,1B+2B+3B,1B+2B+3B,1,field_out,3,0,1
2025-05-30,NYN202505300,COL,"Doyle, Brenton",doylb001,2,0,empty,empty,1,strikeout,4,0,2
2025-05-30,NYN202505300,COL,"McMahon, Ryan",mcmar001,2,1,empty,empty,1,field_out,4,0,2
2025-05-30,NYN202505300,COL,"Farmer, Kyle",farmk001,2,2,empty,empty,1,field_out,4,0,2
2025-05-30,NYN202505300,COL,"Toglia, Michael",toglm001,2,0,empty,empty,1,field_out,5,0,3
2025-05-30,NYN202505300,COL,"Freeman, Tyler",freet001,2,1,empty,empty,1,field_out,5,0,3
2025-05-30,NYN202505300,COL,"Beck, Jordan",beckj003,3,2,empty,empty,1,field_out,5,0,3
2025-05-30,NYN202505300,COL,"Tovar, Ezequiel",tovae001,3,0,empty,empty,1,strikeout,6,0,3
2025-05-30,NYN202505300,COL,"Goodman, Hunter",goodh001,3,1,empty,empty,1,field_out,6,0,3
2025-05-30,NYN202505300,COL,"Estrada, Thairo",estrt001,3,2,empty,empty,1,hit_by_pitch,6,0,3
2025-05-30,NYN202505300,COL,"Doyle, Brenton",doylb001,3,2,1B,1B,1,single,6,0,3
2025-05-30,NYN202505300,COL,"McMahon, Ryan",mcmar001,3,2,1B+2B,1B+2B,1,double,6,0,3
2025-05-30,NYN202505300,COL,"Moniak, Mickey",monim001,1,2,2B+3B,2B+3B,1,field_out,6,1,3
2025-05-30,NYN202505300,COL,"Toglia, Michael",toglm001,3,0,empty,empty,1,strikeout,7,1,3
2025-05-30,NYN202505300,COL,"Hilliard, Sam",hills005,1,1,empty,empty,1,home_run,7,1,3
2025-05-30,NYN202505300,COL,"Beck, Jordan",beckj003,4,1,empty,empty,1,field_out,7,2,3
2025-05-30,NYN202505300,COL,"Tovar, Ezequiel",tovae001,4,2,empty,empty,1,field_out,7,2,3
2025-05-30,NYN202505300,COL,"Goodman, Hunter",goodh001,4,0,empty,empty,1,field_out,8,2,3
2025-05-30,NYN202505300,COL,"Estrada, Thairo",estrt001,4,1,empty,empty,1,strikeout,8,2,3
2025-05-30,NYN202505300,COL,"Doyle, Brenton",doylb001,4,2,empty,empty,1,strikeout,8,2,3
2025-05-30,NYN202505300,COL,"McMahon, Ryan",mcmar001,4,0,empty,empty,1,strikeout,9,2,4
2025-05-30,NYN202505300,COL,"Moniak, Mickey",monim001,2,1,empty,empty,1,strikeout,9,2,4
2025-05-30,NYN202505300,COL,"Toglia, Michael",toglm001,4,2,empty,empty,1,strikeout,9,2,4
2025-05-31,NYN202505310,COL,"Beck, Jordan",beckj003,1,0,empty,empty,1,strikeout,1,0,0
2025-05-31,NYN202505310,COL,"Tovar, Ezequiel",tovae001,1,1,empty,empty,1,home_run,1,0,0
2025-05-31,NYN202505310,COL,"Goodman, Hunter",goodh001,1,1,empty,empty,1,strikeout,1,1,0
2025-05-31,NYN202505310,COL,"McMahon, Ryan",mcmar001,1,2,empty,empty,1,strikeout,1,1,0
2025-05-31,NYN202505310,COL,"Estrada, Thairo",estrt001,1,0,empty,empty,1,field_out,2,1,4
2025-05-31,NYN202505310,COL,"Doyle, Brenton",doylb001,1,1,empty,empty,1,strikeout,2,1,4
2025-05-31,NYN202505310,COL,"Hilliard, Sam",hills005,1,2,empty,empty,1,strikeout,2,1,4
2025-05-31,NYN202505310,COL,"Farmer, Kyle",farmk001,1,0,empty,empty,1,field_out,3,1,4
2025-05-31,NYN202505310,COL,"Moniak, Mickey",monim001,1,1,empty,empty,1,field_out,3,1,4
2025-05-31,NYN202505310,COL,"Beck, Jordan",beckj003,2,2,empty,empty,1,field_out,3,1,4
2025-05-31,NYN202505310,COL,"Tovar, Ezequiel",tovae001,2,0,empty,empty,1,field_out,4,1,4
2025-05-31,NYN202505310,COL,"Goodman, Hunter",goodh001,2,1,empty,empty,1,field_out,4,1,4
2025-05-31,NYN202505310,COL,"McMahon, Ryan",mcmar001,2,2,empty,empty,1,field_out,4,1,4
2025-05-31,NYN202505310,COL,"Estrada, Thairo",estrt001,2,0,empty,empty,1,field_out,5,1,7
2025-05-31,NYN202505310,COL,"Doyle, Brenton",doylb001,2,1,empty,empty,1,strikeout,5,1,7
2025-05-31,NYN202505310,COL,"Hilliard, Sam",hills005,2,2,empty,empty,1,field_out,5,1,7
2025-05-31,NYN202505310,COL,"Farmer, Kyle",farmk001,2,0,empty,empty,1,field_out,6,1,7
2025-05-31,NYN202505310,COL,"Moniak, Mickey",monim001,2,1,empty,empty,1,field_out,6,1,7
2025-05-31,NYN202505310,COL,"Beck, Jordan",beckj003,3,2,empty,empty,1,strikeout,6,1,7
2025-05-31,NYN202505310,COL,"Tovar, Ezequiel",tovae001,3,0,empty,empty,1,walk,7,1,7
2025-05-31,NYN202505310,COL,"Goodman, Hunter",goodh001,3,0,1B,1B,1,field_out,7,1,7
2025-05-31,NYN202505310,COL,"McMahon, Ryan",mcmar001,3,1,1B,1B,1,walk,7,1,7
2025-05-31,NYN202505310,COL,"Estrada, Thairo",estrt001,3,1,1B+2B,1B+2B,1,single,7,1,7
2025-05-31,NYN202505310,COL,"Doyle, Brenton",doylb001,3,1,1B+2B,1B+2B,1,field_out,7,2,7
2025-05-31,NYN202505310,COL,"Hilliard, Sam",hills005,3,2,2B+3B,2B+3B,1,walk,7,2,7
2025-05-31,NYN202505310,COL,"Farmer, Kyle",farmk001,3,2,1B+2B+3B,1B+2B+3B,1,strikeout,7,2,7
2025-05-31,NYN202505310,COL,"Moniak, Mickey",monim001,3,0,empty,empty,1,field_out,8,2,7
2025-05-31,NYN202505310,COL,"Beck, Jordan",beckj003,4,1,empty,empty,1,walk,8,2,7
2025-05-31,NYN202505310,COL,"Tovar, Ezequiel",tovae001,4,1,1B,1B,1,grounded_into_double_play,8,2,7
2025-05-31,NYN202505310,COL,"Goodman, Hunter",goodh001,4,0,empty,empty,1,strikeout,9,2,8
2025-05-31,NYN202505310,COL,"McMahon, Ryan",mcmar001,4,1,empty,empty,1,double,9,2,8
2025-05-31,NYN202505310,COL,"Estrada, Thairo",estrt001,4,1,2B,2B,1,field_out,9,2,8
2025-05-31,NYN202505310,COL,"Doyle, Brenton",doylb001,4,2,2B,2B,1,field_out,9,2,8
2025-06-01,NYN202506010,COL,"Beck, Jordan",beckj003,1,0,empty,empty,1,field_out,1,0,0
2025-06-01,NYN202506010,COL,"Hilliard, Sam",hills005,1,1,empty,empty,1,single,1,0,0
2025-06-01,NYN202506010,COL,"Tovar, Ezequiel",tovae001,1,1,1B,1B,1,grounded_into_double_play,1,0,0
2025-06-01,NYN202506010,COL,"McMahon, Ryan",mcmar001,1,0,empty,empty,1,field_out,2,0,0
2025-06-01,NYN202506010,COL,"Doyle, Brenton",doylb001,1,1,empty,empty,1,field_out,2,0,0
2025-06-01,NYN202506010,COL,"Hiura, Keston",hiurk001,1,2,empty,empty,1,strikeout,2,0,0
2025-06-01,NYN202506010,COL,"Arcia, Orlando",arcio002,1,0,empty,empty,1,home_run,3,0,0
2025-06-01,NYN202506010,COL,"Freeman, Tyler",freet001,1,0,empty,empty,1,field_out,3,1,0
2025-06-01,NYN202506010,COL,"Stallings, Jacob",stalj001,1,1,empty,empty,1,strikeout,3,1,0
2025-06-01,NYN202506010,COL,"Beck, Jordan",beckj003,2,2,empty,empty,1,field_out,3,1,0
2025-06-01,NYN202506010,COL,"Hilliard, Sam",hills005,2,0,empty,empty,1,field_out,4,1,0
2025-06-01,NYN202506010,COL,"Tovar, Ezequiel",tovae001,2,1,empty,empty,1,field_out,4,1,0
2025-06-01,NYN202506010,COL,"McMahon, Ryan",mcmar001,2,2,empty,empty,1,field_out,4,1,0
2025-06-01,NYN202506010,COL,"Doyle, Brenton",doylb001,2,0,empty,empty,1,strikeout,5,1,3
2025-06-01,NYN202506010,COL,"Hiura, Keston",hiurk001,2,1,empty,empty,1,hit_by_pitch,5,1,3
2025-06-01,NYN202506010,COL,"Arcia, Orlando",arcio002,2,1,1B,1B,1,field_out,5,1,3
2025-06-01,NYN202506010,COL,"Freeman, Tyler",freet001,2,2,1B,1B,1,home_run,5,1,3
2025-06-01,NYN202506010,COL,"Stallings, Jacob",stalj001,2,2,empty,empty,1,field_out,5,3,3
2025-06-01,NYN202506010,COL,"Beck, Jordan",beckj003,3,0,empty,empty,1,field_out,6,3,4
2025-06-01,NYN202506010,COL,"Hilliard, Sam",hills005,3,1,empty,empty,1,field_out,6,3,4
2025-06-01,NYN202506010,COL,"Tovar, Ezequiel",tovae001,3,2,empty,empty,1,field_out,6,3,4
2025-06-01,NYN202506010,COL,"McMahon, Ryan",mcmar001,3,0,empty,empty,1,field_out,7,3,4
2025-06-01,NYN202506010,COL,"Doyle, Brenton",doylb001,3,1,empty,empty,1,field_out,7,3,4
2025-06-01,NYN202506010,COL,"Hiura, Keston",hiurk001,3,2,empty,empty,1,field_out,7,3,4
2025-06-01,NYN202506010,COL,"Arcia, Orlando",arcio002,3,0,empty,empty,1,field_out,8,3,4
2025-06-01,NYN202506010,COL,"Freeman, Tyler",freet001,3,1,empty,empty,1,single,8,3,4
2025-06-01,NYN202506010,COL,"Goodman, Hunter",goodh001,1,1,1B,2B,0,strikeout,8,3,4
2025-06-01,NYN202506010,COL,"Beck, Jordan",beckj003,4,2,2B,2B,1,strikeout,8,3,4
2025-06-01,NYN202506010,COL,"Hilliard, Sam",hills005,4,0,empty,empty,1,single,9,3,5
2025-06-01,NYN202506010,COL,"Tovar, Ezequiel",tovae001,4,0,1B,2B,0,strikeout,9,3,5
2025-06-01,NYN202506010,COL,"McMahon, Ryan",mcmar001,4,1,2B,2B,1,strikeout,9,3,5
2025-06-01,NYN202506010,COL,"Doyle, Brenton",doylb001,4,2,2B,2B,1,strikeout,9,3,5
2025-06-02,MIA202506020,COL,"Hilliard, Sam",hills005,1,0,empty,empty,1,strikeout,1,0,0
2025-06-02,MIA202506020,COL,"Tovar, Ezequiel",tovae001,1,1,empty,empty,1,field_out,1,0,0
2025-06-02,MIA202506020,COL,"Goodman, Hunter",goodh001,1,2,empty,empty,1,single,1,0,0
2025-06-02,MIA202506020,COL,"Estrada, Thairo",estrt001,1,2,1B,2B,0,double,1,0,0
2025-06-02,MIA202506020,COL,"McMahon, Ryan",mcmar001,1,2,2B,2B,1,strikeout,1,1,0
2025-06-02,MIA202506020,COL,"Doyle, Brenton",doylb001,1,0,empty,empty,1,strikeout,2,1,3
2025-06-02,MIA202506020,COL,"Arcia, Orlando",arcio002,1,1,empty,empty,1,walk,2,1,3
2025-06-02,MIA202506020,COL,"Hiura, Keston",hiurk001,1,1,1B,1B,1,field_out,2,1,3
2025-06-02,MIA202506020,COL,"Freeman, Tyler",freet001,1,2,2B,2B,1,field_out,2,1,3
2025-06-02,MIA202506020,COL,"Hilliard, Sam",hills005,2,0,empty,empty,1,strikeout,3,1,4
2025-06-02,MIA202506020,COL,"Tovar, Ezequiel",tovae001,2,1,empty,empty,1,strikeout,3,1,4
2025-06-02,MIA202506020,COL,"Goodman, Hunter",goodh001,2,2,empty,empty,1,home_run,3,1,4
2025-06-02,MIA202506020,COL,"Estrada, Thairo",estrt001,2,2,empty,empty,1,single,3,2,4
2025-06-02,MIA202506020,COL,"McMahon, Ryan",mcmar001,2,2,1B,1B,1,field_out,3,2,4
2025-06-02,MIA202506020,COL,"Doyle, Brenton",doylb001,2,0,empty,empty,1,single,4,2,4
2025-06-02,MIA202506020,COL,"Arcia, Orlando",arcio002,2,0,1B,1B,1,field_out,4,2,4
2025-06-02,MIA202506020,COL,"Hiura, Keston",hiurk001,2,1,2B,2B,1,field_out,4,2,4
2025-06-02,MIA202506020,COL,"Freeman, Tyler",freet001,2,2,3B,3B,1,single,4,2,4
2025-06-02,MIA202506020,COL,"Hilliard, Sam",hills005,3,2,1B,1B,1,field_out,4,3,4
2025-06-02,MIA202506020,COL,"Tovar, Ezequiel",tovae001,3,0,empty,empty,1,single,5,3,4
2025-06-02,MIA202506020,COL,"Goodman, Hunter",goodh001,3,0,1B,1B,1,home_run,5,3,4
2025-06-02,MIA202506020,COL,"Estrada, Thairo",estrt001,3,0,empty,empty,1,single,5,5,4
2025-06-02,MIA202506020,COL,"McMahon, Ryan",mcmar001,3,1,1B,empty,0,single,5,5,4
2025-06-02,MIA202506020,COL,"Doyle, Brenton",doylb001,3,1,1B,1B,1,field_out,5,5,4
2025-06-02,MIA202506020,COL,"Arcia, Orlando",arcio002,3,2,1B,1B,1,field_out,5,5,4
2025-06-02,MIA202506020,COL,"Hiura, Keston",hiurk001,3,0,empty,empty,1,field_out,6,5,4
2025-06-02,MIA202506020,COL,"Freeman, Tyler",freet001,3,1,empty,empty,1,field_out,6,5,4
2025-06-02,MIA202506020,COL,"Hilliard, Sam",hills005,4,2,empty,empty,1,field_out,6,5,4
2025-06-02,MIA202506020,COL,"Tovar, Ezequiel",tovae001,4,0,empty,empty,1,strikeout,7,5,4
2025-06-02,MIA202506020,COL,"Goodman, Hunter",goodh001,4,1,empty,empty,1,strikeout,7,5,4
2025-06-02,MIA202506020,COL,"Estrada, Thairo",estrt001,4,2,empty,empty,1,strikeout,7,5,4
2025-06-02,MIA202506020,COL,"McMahon, Ryan",mcmar001,4,0,empty,empty,1,field_out,8,5,4
2025-06-02,MIA202506020,COL,"Doyle, Brenton",doylb001,4,1,empty,empty,1,strikeout,8,5,4
2025-06-02,MIA202506020,COL,"Arcia, Orlando",arcio002,4,2,empty,empty,1,field_out,8,5,4
2025-06-02,MIA202506020,COL,"Hiura, Keston",hiurk001,4,0,empty,empty,1,double,9,5,4
2025-06-02,MIA202506020,COL,"Freeman, Tyler",freet001,4,0,2B,2B,1,field_out,9,5,4
2025-06-02,MIA202506020,COL,"Hilliard, Sam",hills005,5,1,2B,2B,1,double,9,5,4
2025-06-02,MIA202506020,COL,"Beck, Jordan",beckj003,1,1,2B,2B,1,field_out,9,6,4
2025-06-02,MIA202506020,COL,"Goodman, Hunter",goodh001,5,2,2B,2B,1,field_out,9,6,4
2025-06-03,MIA202506030,COL,"Beck, Jordan",beckj003,1,0,empty,empty,1,strikeout,1,0,0
2025-06-03,MIA202506030,COL,"Estrada, Thairo",estrt001,1,1,empty,empty,1,field_out,1,0,0
2025-06-03,MIA202506030,COL,"Goodman, Hunter",goodh001,1,2,empty,empty,1,strikeout,1,0,0
2025-06-03,MIA202506030,COL,"McMahon, Ryan",mcmar001,1,0,empty,empty,1,field_out,2,0,0
2025-06-03,MIA202506030,COL,"Doyle, Brenton",doylb001,1,1,empty,empty,1,field_out,2,0,0
2025-06-03,MIA202506030,COL,"Arcia, Orlando",arcio002,1,2,empty,empty,1,field_out,2,0,0
2025-06-03,MIA202506030,COL,"Farmer, Kyle",farmk001,1,0,empty,empty,1,field_out,3,0,0
2025-06-03,MIA202506030,COL,"Moniak, Mickey",monim001,1,1,empty,empty,1,field_out,3,0,0
2025-06-03,MIA202506030,COL,"Freeman, Tyler",freet001,1,2,empty,empty,1,field_error,3,0,0
2025-06-03,MIA202506030,COL,"Beck, Jordan",beckj003,2,2,1B,1B,1,single,3,0,0
2025-06-03,MIA202506030,COL,"Estrada, Thairo",estrt001,2,2,1B+2B,1B+2B,1,field_out,3,0,0
2025-06-03,MIA202506030,COL,"Goodman, Hunter",goodh001,2,0,empty,empty,1,double,4,0,2
2025-06-03,MIA202506030,COL,"McMahon, Ryan",mcmar001,2,0,2B,2B,1,strikeout,4,0,2
2025-06-03,MIA202506030,COL,"Doyle, Brenton",doylb001,2,1,2B,2B,1,field_out,4,0,2
2025-06-03,MIA202506030,COL,"Arcia, Orlando",arcio002,2,2,2B,2B,1,field_out,4,0,2
2025-06-03,MIA202506030,COL,"Farmer, Kyle",farmk001,2,0,empty,empty,1,field_out,5,0,2
2025-06-03,MIA202506030,COL,"Moniak, Mickey",monim001,2,1,empty,empty,1,walk,5,0,2
2025-06-03,MIA202506030,COL,"Freeman, Tyler",freet001,2,1,1B,2B,0,single,5,0,2
2025-06-03,MIA202506030,COL,"Beck, Jordan",beckj003,3,1,1B+3B,1B+3B,1,single,5,0,2
2025-06-03,MIA202506030,COL,"Estrada, Thairo",estrt001,3,1,1B+3B,1B+3B,1,sac_fly,5,1,2
2025-06-03,MIA202506030,COL,"Goodman, Hunter",goodh001,3,2,1B,2B,0,strikeout,5,2,2
2025-06-03,MIA202506030,COL,"McMahon, Ryan",mcmar001,3,0,empty,empty,1,field_out,6,2,2
2025-06-03,MIA202506030,COL,"Doyle, Brenton",doylb001,3,1,empty,empty,1,field_out,6,2,2
2025-06-03,MIA202506030,COL,"Arcia, Orlando",arcio002,3,2,empty,empty,1,field_out,6,2,2
2025-06-03,MIA202506030,COL,"Farmer, Kyle",farmk001,3,0,empty,empty,1,field_out,7,2,2
2025-06-03,MIA202506030,COL,"Moniak, Mickey",monim001,3,1,empty,empty,1,field_out,7,2,2
2025-06-03,MIA202506030,COL,"Freeman, Tyler",freet001,3,2,empty,empty,1,single,7,2,2
2025-06-03,MIA202506030,COL,"Beck, Jordan",beckj003,4,2,1B,1B,1,field_out,7,2,2
2025-06-03,MIA202506030,COL,"Estrada, Thairo",estrt001,4,0,empty,empty,1,strikeout,8,2,2
2025-06-03,MIA202506030,COL,"Goodman, Hunter",goodh001,4,1,empty,empty,1,home_run,8,2,2
2025-06-03,MIA202506030,COL,"McMahon, Ryan",mcmar001,4,1,empty,empty,1,field_out,8,3,2
2025-06-03,MIA202506030,COL,"Doyle, Brenton",doylb001,4,2,empty,empty,1,field_out,8,3,2
2025-06-03,MIA202506030,COL,"Arcia, Orlando",arcio002,4,0,empty,empty,1,field_out,9,3,2
2025-06-03,MIA202506030,COL,"Farmer, Kyle",farmk001,4,1,empty,empty,1,hit_by_pitch,9,3,2
2025-06-03,MIA202506030,COL,"Moniak, Mickey",monim001,4,1,1B,1B,1,field_out,9,3,2
2025-06-03,MIA202506030,COL,"Freeman, Tyler",freet001,4,2,1B,1B,1,single,9,3,2
2025-06-03,MIA202506030,COL,"Beck, Jordan",beckj003,5,2,1B+2B,1B+2B,1,field_out,9,3,2
2025-06-04,MIA202506040,COL,"Beck, Jordan",beckj003,1,0,empty,empty,1,field_out,1,0,0
2025-06-04,MIA202506040,COL,"Estrada, Thairo",estrt001,1,1,empty,empty,1,double,1,0,0
2025-06-04,MIA202506040,COL,"Goodman, Hunter",goodh001,1,1,2B,2B,1,triple,1,0,0
2025-06-04,MIA202506040,COL,"McMahon, Ryan",mcmar001,1,1,3B,3B,1,walk,1,1,0
2025-06-04,MIA202506040,COL,"Doyle, Brenton",doylb001,1,1,1B+3B,1B+3B,1,grounded_into_double_play,1,1,0
2025-06-04,MIA202506040,COL,"Arcia, Orlando",arcio002,1,0,empty,empty,1,field_out,2,1,0
2025-06-04,MIA202506040,COL,"Hiura, Keston",hiurk001,1,1,empty,empty,1,single,2,1,0
2025-06-04,MIA202506040,COL,"Stallings, Jacob",stalj001,1,1,1B,1B,1,field_out,2,1,0
2025-06-04,MIA202506040,COL,"Freeman, Tyler",freet001,1,2,1B,2B,0,field_out,2,1,0
2025-06-04,MIA202506040,COL,"Beck, Jordan",beckj003,2,0,empty,empty,1,field_out,3,1,0
2025-06-04,MIA202506040,COL,"Estrada, Thairo",estrt001,2,1,empty,empty,1,field_out,3,1,0
2025-06-04,MIA202506040,COL,"Goodman, Hunter",goodh001,2,2,empty,empty,1,field_out,3,1,0
2025-06-04,MIA202506040,COL,"McMahon, Ryan",mcmar001,2,0,empty,empty,1,field_out,4,1,0
2025-06-04,MIA202506040,COL,"Doyle, Brenton",doylb001,2,1,empty,empty,1,field_out,4,1,0
2025-06-04,MIA202506040,COL,"Arcia, Orlando",arcio002,2,2,empty,empty,1,strikeout,4,1,0
2025-06-04,MIA202506040,COL,"Hiura, Keston",hiurk001,2,0,empty,empty,1,field_out,5,1,0
2025-06-04,MIA202506040,COL,"Stallings, Jacob",stalj001,2,1,empty,empty,1,field_out,5,1,0
2025-06-04,MIA202506040,COL,"Freeman, Tyler",freet001,2,2,empty,empty,1,double,5,1,0
2025-06-04,MIA202506040,COL,"Beck, Jordan",beckj003,3,2,2B,2B,1,double,5,1,0
2025-06-04,MIA202506040,COL,"Estrada, Thairo",estrt001,3,2,2B,2B,1,strikeout,5,2,0
2025-06-04,MIA202506040,COL,"Goodman, Hunter",goodh001,3,0,empty,empty,1,double,6,2,0
2025-06-04,MIA202506040,COL,"McMahon, Ryan",mcmar001,3,0,2B,2B,1,field_out,6,2,0
2025-06-04,MIA202506040,COL,"Doyle, Brenton",doylb001,3,1,3B,3B,1,sac_fly,6,2,0
2025-06-04,MIA202506040,COL,"Arcia, Orlando",arcio002,3,2,empty,empty,1,strikeout,6,3,0
2025-06-04,MIA202506040,COL,"Hiura, Keston",hiurk001,3,0,empty,empty,1,strikeout,7,3,0
2025-06-04,MIA202506040,COL,"Stallings, Jacob",stalj001,3,1,empty,empty,1,field_out,7,3,0
2025-06-04,MIA202506040,COL,"Freeman, Tyler",freet001,3,2,empty,empty,1,field_out,7,3,0
2025-06-04,MIA202506040,COL,"Beck, Jordan",beckj003,4,0,empty,empty,1,strikeout,8,3,2
2025-06-04,MIA202506040,COL,"Estrada, Thairo",estrt001,4,1,empty,empty,1,field_out,8,3,2
2025-06-04,MIA202506040,COL,"Goodman, Hunter",goodh001,4,2,empty,empty,1,strikeout,8,3,2
2025-06-04,MIA202506040,COL,"McMahon, Ryan",mcmar001,4,0,empty,empty,1,strikeout,9,3,2
2025-06-04,MIA202506040,COL,"Doyle, Brenton",doylb001,4,1,empty,empty,1,field_out,9,3,2
2025-06-04,MIA202506040,COL,"Arcia, Orlando",arcio002,4,2,empty,empty,1,strikeout,9,3,2
2025-06-06,COL202506060,COL,"Beck, Jordan",beckj003,1,0,empty,empty,1,field_out,1,0,0
2025-06-06,COL202506060,COL,"Estrada, Thairo",estrt001,1,1,empty,empty,1,strikeout,1,0,0
2025-06-06,COL202506060,COL,"Goodman, Hunter",goodh001,1,2,empty,empty,1,field_out,1,0,0
2025-06-06,COL202506060,COL,"McMahon, Ryan",mcmar001,1,0,empty,empty,1,field_out,2,0,0
2025-06-06,COL202506060,COL,"Doyle, Brenton",doylb001,1,1,empty,empty,1,field_out,2,0,0
2025-06-06,COL202506060,COL,"Ritter, Ryan",rittr002,1,2,empty,empty,1,field_out,2,0,0
2025-06-06,COL202506060,COL,"Hiura, Keston",hiurk001,1,0,empty,empty,1,strikeout,3,0,0
2025-06-06,COL202506060,COL,"Moniak, Mickey",monim001,1,1,empty,empty,1,home_run,3,0,0
2025-06-06,COL202506060,COL,"Freeman, Tyler",freet001,1,1,empty,empty,1,double,3,1,0
2025-06-06,COL202506060,COL,"Beck, Jordan",beckj003,2,1,2B,2B,1,walk,3,1,0
2025-06-06,COL202506060,COL,"Estrada, Thairo",estrt001,2,1,1B+2B,1B+2B,1,grounded_into_double_play,3,1,0
2025-06-06,COL202506060,COL,"Goodman, Hunter",goodh001,2,0,empty,empty,1,single,4,1,0
2025-06-06,COL202506060,COL,"McMahon, Ryan",mcmar001,2,0,1B,1B,1,strikeout,4,1,0
2025-06-06,COL202506060,COL,"Doyle, Brenton",doylb001,2,2,1B,empty,0,strikeout,4,1,0
2025-06-06,COL202506060,COL,"Ritter, Ryan",rittr002,2,0,empty,empty,1,triple,5,1,0
2025-06-06,COL202506060,COL,"Hiura, Keston",hiurk001,2,0,3B,3B,1,strikeout,5,1,0
2025-06-06,COL202506060,COL,"Moniak, Mickey",monim001,2,1,3B,3B,1,fielders_choice_out,5,1,0
2025-06-06,COL202506060,COL,"Freeman, Tyler",freet001,2,2,1B,1B,1,walk,5,1,0
2025-06-06,COL202506060,COL,"Beck, Jordan",beckj003,3,2,1B+2B,1B+2B,1,field_out,5,1,0
2025-06-06,COL202506060,COL,"Estrada, Thairo",estrt001,3,0,empty,empty,1,field_out,6,1,0
2025-06-06,COL202506060,COL,"Goodman, Hunter",goodh001,3,1,empty,empty,1,strikeout,6,1,0
2025-06-06,COL202506060,COL,"McMahon, Ryan",mcmar001,3,2,empty,empty,1,single,6,1,0
2025-06-06,COL202506060,COL,"Doyle, Brenton",doylb001,3,2,1B,1B,1,field_out,6,1,0
2025-06-06,COL202506060,COL,"Ritter, Ryan",rittr002,3,0,empty,empty,1,field_out,7,1,2
2025-06-06,COL202506060,COL,"Hilliard, Sam",hills005,1,1,empty,empty,1,triple,7,1,2
2025-06-06,COL202506060,COL,"Moniak, Mickey",monim001,3,1,3B,3B,1,single,7,1,2
2025-06-06,COL202506060,COL,"Freeman, Tyler",freet001,3,2,empty,empty,1,field_out,7,2,2
2025-06-06,COL202506060,COL,"Beck, Jordan",beckj003,4,0,empty,empty,1,single,8,2,2
2025-06-06,COL202506060,COL,"Estrada, Thairo",estrt001,4,0,1B,1B,1,double,8,2,2
2025-06-06,COL202506060,COL,"Goodman, Hunter",goodh001,4,0,2B+3B,2B+3B,1,walk,8,2,2
2025-06-06,COL202506060,COL,"McMahon, Ryan",mcmar001,4,0,1B+2B+3B,1B+2B+3B,1,double_play,8,2,2
2025-06-06,COL202506060,COL,"Doyle, Brenton",doylb001,4,2,1B+2B,1B+2B,1,strikeout,8,2,2
2025-06-06,COL202506060,COL,"Ritter, Ryan",rittr002,4,0,empty,empty,1,strikeout,9,2,4
2025-06-06,COL202506060,COL,"Hilliard, Sam",hills005,2,1,empty,empty,1,field_out,9,2,4
2025-06-06,COL202506060,COL,"Farmer, Kyle",farmk001,1,2,empty,empty,1,field_out,9,2,4
2025-06-07,COL202506070,COL,"Beck, Jordan",beckj003,1,0,empty,empty,1,single,1,0,0
2025-06-07,COL202506070,COL,"Estrada, Thairo",estrt001,1,0,1B,1B,1,single,1,0,0
2025-06-07,COL202506070,COL,"Goodman, Hunter",goodh001,1,0,1B+3B,1B+3B,1,field_out,1,0,0
2025-06-07,COL202506070,COL,"McMahon, Ryan",mcmar001,1,1,1B+3B,1B+3B,1,field_out,1,0,0
2025-06-07,COL202506070,COL,"Ritter, Ryan",rittr002,1,2,1B+3B,1B+3B,1,strikeout,1,0,0
2025-06-07,COL202506070,COL,"Doyle, Brenton",doylb001,1,0,empty,empty,1,field_out,2,0,0
2025-06-07,COL202506070,COL,"Hilliard, Sam",hills005,1,1,empty,empty,1,strikeout,2,0,0
2025-06-07,COL202506070,COL,"Farmer, Kyle",farmk001,1,2,empty,empty,1,strikeout,2,0,0
2025-06-07,COL202506070,COL,"Freeman, Tyler",freet001,1,0,empty,empty,1,single,3,0,1
2025-06-07,COL202506070,COL,"Beck, Jordan",beckj003,2,0,1B,1B,1,single,3,0,1
2025-06-07,COL202506070,COL,"Estrada, Thairo",estrt001,2,0,1B+2B,1B+2B,1,grounded_into_double_play,3,0,1
2025-06-07,COL202506070,COL,"Goodman, Hunter",goodh001,2,2,3B,3B,1,field_out,3,0,1
2025-06-07,COL202506070,COL,"McMahon, Ryan",mcmar001,2,0,empty,empty,1,home_run,4,0,1
2025-06-07,COL202506070,COL,"Ritter, Ryan",rittr002,2,0,empty,empty,1,strikeout,4,1,1
2025-06-07,COL202506070,COL,"Doyle, Brenton",doylb001,2,1,empty,empty,1,field_out,4,1,1
2025-06-07,COL202506070,COL,"Hilliard, Sam",hills005,2,2,empty,empty,1,double,4,1,1
2025-06-07,COL202506070,COL,"Farmer, Kyle",farmk001,2,2,2B,2B,1,strikeout,4,1,1
2025-06-07,COL202506070,COL,"Freeman, Tyler",freet001,2,0,empty,empty,1,field_out,5,1,3
2025-06-07,COL202506070,COL,"Beck, Jordan",beckj003,3,1,empty,empty,1,field_out,5,1,3
2025-06-07,COL202506070,COL,"Estrada, Thairo",estrt001,3,2,empty,empty,1,single,5,1,3
2025-06-07,COL202506070,COL,"Goodman, Hunter",goodh001,3,2,1B,1B,1,double,5,1,3
2025-06-07,COL202506070,COL,"McMahon, Ryan",mcmar001,3,2,2B+3B,2B+3B,1,field_out,5,1,3
2025-06-07,COL202506070,COL,"Ritter, Ryan",rittr002,3,0,empty,empty,1,single,6,1,4
2025-06-07,COL202506070,COL,"Doyle, Brenton",doylb001,3,0,1B,1B,1,strikeout,6,1,4
2025-06-07,COL202506070,COL,"Hilliard, Sam",hills005,3,1,1B,1B,1,field_out,6,1,4
2025-06-07,COL202506070,COL,"Farmer, Kyle",farmk001,3,2,1B,1B,1,field_error,6,1,4
2025-06-07,COL202506070,COL,"Freeman, Tyler",freet001,3,2,1B+2B,1B+2B,1,field_out,6,1,4
2025-06-07,COL202506070,COL,"Beck, Jordan",beckj003,4,0,empty,empty,1,strikeout,7,1,7
2025-06-07,COL202506070,COL,"Estrada, Thairo",estrt001,4,1,empty,empty,1,strikeout,7,1,7
2025-06-07,COL202506070,COL,"Goodman, Hunter",goodh001,4,2,empty,empty,1,field_out,7,1,7
2025-06-07,COL202506070,COL,"McMahon, Ryan",mcmar001,4,0,empty,empty,1,single,8,1,8
2025-06-07,COL202506070,COL,"Ritter, Ryan",rittr002,4,0,1B,1B,1,grounded_into_double_play,8,1,8
2025-06-07,COL202506070,COL,"Doyle, Brenton",doylb001,4,2,empty,empty,1,field_out,8,1,8
2025-06-07,COL202506070,COL,"Bouchard, Sean",boucs001,1,0,empty,empty,1,field_out,9,1,8
2025-06-07,COL202506070,COL,"Farmer, Kyle",farmk001,4,1,empty,empty,1,strikeout,9,1,8
2025-06-07,COL202506070,COL,"Freeman, Tyler",freet001,4,2,empty,empty,1,field_out,9,1,8
2025-06-08,COL202506080,COL,"Beck, Jordan",beckj003,1,0,empty,empty,1,strikeout,1,0,0
2025-06-08,COL202506080,COL,"Ritter, Ryan",rittr002,1,1,empty,empty,1,strikeout,1,0,0
2025-06-08,COL202506080,COL,"Goodman, Hunter",goodh001,1,2,empty,empty,1,strikeout,1,0,0
2025-06-08,COL202506080,COL,"Estrada, Thairo",estrt001,1,0,empty,empty,1,field_out,2,0,2
2025-06-08,COL202506080,COL,"McMahon, Ryan",mcmar001,1,1,empty,empty,1,walk,2,0,2
2025-06-08,COL202506080,COL,"Hilliard, Sam",hills005,1,1,1B,1B,1,walk,2,0,2
2025-06-08,COL202506080,COL,"Arcia, Orlando",arcio002,1,1,1B+2B,1B+2B,1,strikeout,2,0,2
2025-06-08,COL202506080,COL,"Fulford, Braxton",fulfb001,1,2,1B+2B,1B+2B,1,field_out,2,0,2
2025-06-08,COL202506080,COL,"Freeman, Tyler",freet001,1,0,empty,empty,1,field_out,3,0,5
2025-06-08,COL202506080,COL,"Beck, Jordan",beckj003,2,1,empty,empty,1,field_out,3,0,5
2025-06-08,COL202506080,COL,"Ritter, Ryan",rittr002,2,2,empty,empty,1,strikeout,3,0,5
2025-06-08,COL202506080,COL,"Goodman, Hunter",goodh001,2,0,empty,empty,1,field_out,4,0,8
2025-06-08,COL202506080,COL,"Estrada, Thairo",estrt001,2,1,empty,empty,1,field_out,4,0,8
2025-06-08,COL202506080,COL,"McMahon, Ryan",mcmar001,2,2,empty,empty,1,field_out,4,0,8
2025-06-08,COL202506080,COL,"Hilliard, Sam",hills005,2,0,empty,empty,1,double,5,0,8
2025-06-08,COL202506080,COL,"Arcia, Orlando",arcio002,2,0,2B,2B,1,field_out,5,0,8
2025-06-08,COL202506080,COL,"Fulford, Braxton",fulfb001,2,1,2B,2B,1,single,5,0,8
2025-06-08,COL202506080,COL,"Freeman, Tyler",freet001,2,1,1B,1B,1,walk,5,1,8
2025-06-08,COL202506080,COL,"Beck, Jordan",beckj003,3,1,1B+2B,1B+2B,1,double,5,1,8
2025-06-08,COL202506080,COL,"Ritter, Ryan",rittr002,3,1,2B+3B,2B+3B,1,hit_by_pitch,5,2,8
2025-06-08,COL202506080,COL,"Goodman, Hunter",goodh001,3,1,1B+2B+3B,1B+2B+3B,1,field_out,5,2,8
2025-06-08,COL202506080,COL,"Estrada, Thairo",estrt001,3,2,1B+2B+3B,1B+2B+3B,1,field_out,5,2,8
2025-06-08,COL202506080,COL,"McMahon, Ryan",mcmar001,3,0,empty,empty,1,single,6,2,8
2025-06-08,COL202506080,COL,"Hilliard, Sam",hills005,3,0,1B,1B,1,walk,6,2,8
2025-06-08,COL202506080,COL,"Arcia, Orlando",arcio002,3,0,1B+2B,1B+2B,1,grounded_into_double_play,6,2,8
2025-06-08,COL202506080,COL,"Fulford, Braxton",fulfb001,3,2,3B,3B,1,strikeout,6,2,8
2025-06-08,COL202506080,COL,"Freeman, Tyler",freet001,3,0,empty,empty,1,double,7,2,10
2025-06-08,COL202506080,COL,"Beck, Jordan",beckj003,4,0,2B,2B,1,field_out,7,2,10
2025-06-08,COL202506080,COL,"Ritter, Ryan",rittr002,4,1,2B,2B,1,field_out,7,2,10
2025-06-08,COL202506080,COL,"Goodman, Hunter",goodh001,4,2,2B,2B,1,single,7,2,10
2025-06-08,COL202506080,COL,"Estrada, Thairo",estrt001,4,2,1B,1B,1,field_out,7,3,10
2025-06-08,COL202506080,COL,"McMahon, Ryan",mcmar001,4,0,empty,empty,1,double,8,3,12
2025-06-08,COL202506080,COL,"Hilliard, Sam",hills005,4,0,2B,2B,1,field_out,8,3,12
2025-06-08,COL202506080,COL,"Arcia, Orlando",arcio002,4,1,3B,3B,1,strikeout,8,3,12
2025-06-08,COL202506080,COL,"Fulford, Braxton",fulfb001,4,2,3B,3B,1,strikeout,8,3,12
2025-06-08,COL202506080,COL,"Freeman, Tyler",freet001,4,0,empty,empty,1,triple,9,3,13
2025-06-08,COL202506080,COL,"Beck, Jordan",beckj003,5,0,3B,3B,1,double,9,3,13
2025-06-08,COL202506080,COL,"Ritter, Ryan",rittr002,5,0,2B,3B,0,single,9,4,13
2025-06-08,COL202506080,COL,"Goodman, Hunter",goodh001,5,0,1B,1B,1,field_out,9,5,13
2025-06-08,COL202506080,COL,"Estrada, Thairo",estrt001,5,1,1B,1B,1,field_out,9,5,13
2025-06-08,COL202506080,COL,"McMahon, Ryan",mcmar001,5,2,2B,2B,1,field_out,9,5,13
2025-06-10,COL202506100,COL,"Beck, Jordan",beckj003,1,0,empty,empty,1,strikeout,1,0,1
2025-06-10,COL202506100,COL,"Farmer, Kyle",farmk001,1,1,empty,empty,1,walk,1,0,1
2025-06-10,COL202506100,COL,"Goodman, Hunter",goodh001,1,1,1B,1B,1,field_out,1,0,1
2025-06-10,COL202506100,COL,"Estrada, Thairo",estrt001,1,2,1B,1B,1,strikeout,1,0,1
2025-06-10,COL202506100,COL,"McMahon, Ryan",mcmar001,1,0,empty,empty,1,strikeout,2,0,1
2025-06-10,COL202506100,COL,"Doyle, Brenton",doylb001,1,1,empty,empty,1,double,2,0,1
2025-06-10,COL202506100,COL,"Hiura, Keston",hiurk001,1,1,2B,2B,1,strikeout,2,0,1
2025-06-10,COL202506100,COL,"Ritter, Ryan",rittr002,1,2,2B,2B,1,single,2,0,1
2025-06-10,COL202506100,COL,"Freeman, Tyler",freet001,1,2,1B,1B,1,walk,2,1,1
2025-06-10,COL202506100,COL,"Beck, Jordan",beckj003,2,2,1B+2B,1B+2B,1,field_out,2,1,1
2025-06-10,COL202506100,COL,"Farmer, Kyle",farmk001,2,0,empty,empty,1,field_out,3,1,1
2025-06-10,COL202506100,COL,"Goodman, Hunter",goodh001,2,1,empty,empty,1,field_out,3,1,1
2025-06-10,COL202506100,COL,"Estrada, Thairo",estrt001,2,2,empty,empty,1,field_out,3,1,1
2025-06-10,COL202506100,COL,"McMahon, Ryan",mcmar001,2,0,empty,empty,1,home_run,4,1,1
2025-06-10,COL202506100,COL,"Doyle, Brenton",doylb001,2,0,empty,empty,1,field_out,4,2,1
2025-06-10,COL202506100,COL,"Hiura, Keston",hiurk001,2,1,empty,empty,1,strikeout,4,2,1
2025-06-10,COL202506100,COL,"Ritter, Ryan",rittr002,2,2,empty,empty,1,field_out,4,2,1
2025-06-10,COL202506100,COL,"Freeman, Tyler",freet001,2,0,empty,empty,1,field_out,5,2,2
2025-06-10,COL202506100,COL,"Beck, Jordan",beckj003,3,1,empty,empty,1,field_out,5,2,2
2025-06-10,COL202506100,COL,"Farmer, Kyle",farmk001,3,2,empty,empty,1,home_run,5,2,2
2025-06-10,COL202506100,COL,"Goodman, Hunter",goodh001,3,2,empty,empty,1,strikeout,5,3,2
2025-06-10,COL202506100,COL,"Estrada, Thairo",estrt001,3,0,empty,empty,1,field_out,6,3,2
2025-06-10,COL202506100,COL,"McMahon, Ryan",mcmar001,3,1,empty,empty,1,walk,6,3,2
2025-06-10,COL202506100,COL,"Doyle, Brenton",doylb001,3,2,1B,empty,0,field_out,6,3,2
2025-06-10,COL202506100,COL,"Moniak, Mickey",monim001,1,0,empty,empty,1,strikeout,7,3,2
2025-06-10,COL202506100,COL,"Ritter, Ryan",rittr002,3,1,empty,empty,1,strikeout,7,3,2
2025-06-10,COL202506100,COL,"Freeman, Tyler",freet001,3,2,empty,empty,1,walk,7,3,2
2025-06-10,COL202506100,COL,"Beck, Jordan",beckj003,4,2,1B,3B,0,field_out,7,3,2
2025-06-10,COL202506100,COL,"Hilliard, Sam",hills005,1,0,empty,empty,1,strikeout,8,3,2
2025-06-10,COL202506100,COL,"Goodman, Hunter",goodh001,4,1,empty,empty,1,triple,8,3,2
2025-06-10,COL202506100,COL,"Estrada, Thairo",estrt001,4,1,3B,3B,1,field_out,8,3,2
2025-06-10,COL202506100,COL,"McMahon, Ryan",mcmar001,4,2,empty,empty,1,walk,8,4,2
2025-06-10,COL202506100,COL,"Doyle, Brenton",doylb001,4,2,1B,1B,1,triple,8,4,2
2025-06-10,COL202506100,COL,"Moniak, Mickey",monim001,2,2,3B,3B,1,walk,8,5,2
2025-06-10,COL202506100,COL,"Ritter, Ryan",rittr002,4,2,1B+3B,1B+3B,1,strikeout,8,5,2
2025-06-10,COL202506100,COL,"Arcia, Orlando",arcio002,1,0,empty,empty,1,single,9,5,6
2025-06-10,COL202506100,COL,"Beck, Jordan",beckj003,5,0,1B,1B,1,grounded_into_double_play,9,5,6
2025-06-10,COL202506100,COL,"Hilliard, Sam",hills005,2,2,empty,empty,1,walk,9,5,6
2025-06-10,COL202506100,COL,"Goodman, Hunter",goodh001,5,2,1B,1B,1,single,9,5,6
2025-06-10,COL202506100,COL,"Estrada, Thairo",estrt001,5,2,1B+3B,1B+3B,1,field_out,9,5,6
2025-06-11,COL202506110,COL,"Beck, Jordan",beckj003,1,0,empty,empty,1,field_out,1,0,2
2025-06-11,COL202506110,COL,"Farmer, Kyle",farmk001,1,1,empty,empty,1,field_out,1,0,2
2025-06-11,COL202506110,COL,"Goodman, Hunter",goodh001,1,2,empty,empty,1,double,1,0,2
2025-06-11,COL202506110,COL,"Estrada, Thairo",estrt001,1,2,2B,2B,1,field_out,1,0,2
2025-06-11,COL202506110,COL,"Doyle, Brenton",doylb001,1,0,empty,empty,1,strikeout,2,0,2
2025-06-11,COL202506110,COL,"Arcia, Orlando",arcio002,1,1,empty,empty,1,walk,2,0,2
2025-06-11,COL202506110,COL,"Hiura, Keston",hiurk001,1,1,1B,1B,1,field_out,2,0,2
2025-06-11,COL202506110,COL,"Ritter, Ryan",rittr002,1,2,1B,1B,1,field_out,2,0,2
2025-06-11,COL202506110,COL,"Freeman, Tyler",freet001,1,0,empty,empty,1,single,3,0,3
2025-06-11,COL202506110,COL,"Beck, Jordan",beckj003,2,0,1B,1B,1,single,3,0,3
2025-06-11,COL202506110,COL,"Farmer, Kyle",farmk001,2,0,1B+2B,1B+2B,1,strikeout,3,0,3
2025-06-11,COL202506110,COL,"Goodman, Hunter",goodh001,2,1,1B+2B,1B+2B,1,double,3,0,3
2025-06-11,COL202506110,COL,"Estrada, Thairo",estrt001,2,1,2B+3B,2B+3B,1,field_error,3,1,3
2025-06-11,COL202506110,COL,"Doyle, Brenton",doylb001,2,1,1B,1B,1,walk,3,3,3
2025-06-11,COL202506110,COL,"Arcia, Orlando",arcio002,2,1,1B+2B,1B+2B,1,field_out,3,3,3
2025-06-11,COL202506110,COL,"Hiura, Keston",hiurk001,2,2,1B+2B,1B+2B,1,single,3,3,3
2025-06-11,COL202506110,COL,"Ritter, Ryan",rittr002,2,2,1B+2B,1B+2B,1,strikeout,3,4,3
2025-06-11,COL202506110,COL,"Freeman, Tyler",freet001,2,0,empty,empty,1,field_out,4,4,3
2025-06-11,COL202506110,COL,"Beck, Jordan",beckj003,3,1,empty,empty,1,single,4,4,3
2025-06-11,COL202506110,COL,"Farmer, Kyle",farmk001,3,1,1B,1B,1,strikeout,4,4,3
2025-06-11,COL202506110,COL,"Goodman, Hunter",goodh001,3,2,1B,2B,0,strikeout,4,4,3
2025-06-11,COL202506110,COL,"Estrada, Thairo",estrt001,3,0,empty,empty,1,field_out,5,4,3
2025-06-11,COL202506110,COL,"Doyle, Brenton",doylb001,3,1,empty,empty,1,single,5,4,3
2025-06-11,COL202506110,COL,"Arcia, Orlando",arcio002,3,1,1B,2B,0,single,5,4,3
2025-06-11,COL202506110,COL,"Hiura, Keston",hiurk001,3,2,empty,empty,1,field_out,5,5,3
2025-06-11,COL202506110,COL,"Ritter, Ryan",rittr002,3,0,empty,empty,1,triple,6,5,3
2025-06-11,COL202506110,COL,"Freeman, Tyler",freet001,3,0,3B,3B,1,sac_fly,6,5,3
2025-06-11,COL202506110,COL,"Beck, Jordan",beckj003,4,1,empty,empty,1,field_out,6,6,3
2025-06-11,COL202506110,COL,"Hilliard, Sam",hills005,1,2,empty,empty,1,field_out,6,6,3
2025-06-11,COL202506110,COL,"Goodman, Hunter",goodh001,4,0,empty,empty,1,field_out,7,6,3
2025-06-11,COL202506110,COL,"Estrada, Thairo",estrt001,4,1,empty,empty,1,field_out,7,6,3
2025-06-11,COL202506110,COL,"Doyle, Brenton",doylb001,4,2,empty,empty,1,strikeout,7,6,3
2025-06-11,COL202506110,COL,"Arcia, Orlando",arcio002,4,0,empty,empty,1,field_out,8,6,7
2025-06-11,COL202506110,COL,"McMahon, Ryan",mcmar001,1,1,empty,empty,1,single,8,6,7
2025-06-11,COL202506110,COL,"Ritter, Ryan",rittr002,4,1,1B,1B,1,field_out,8,6,7
2025-06-11,COL202506110,COL,"Freeman, Tyler",freet001,4,2,2B,2B,1,field_out,8,6,7
2025-06-11,COL202506110,COL,"Beck, Jordan",beckj003,5,0,empty,empty,1,walk,9,6,10
2025-06-11,COL202506110,COL,"Hilliard, Sam",hills005,2,0,1B,1B,1,grounded_into_double_play,9,6,10
2025-06-11,COL202506110,COL,"Goodman, Hunter",goodh001,5,2,empty,empty,1,home_run,9,6,10
2025-06-11,COL202506110,COL,"Estrada, Thairo",estrt001,5,2,empty,empty,1,single,9,7,10
2025-06-11,COL202506110,COL,"Doyle, Brenton",doylb001,5,2,1B,1B,1,single,9,7,10
2025-06-11,COL202506110,COL,"Arcia, Orlando",arcio002,5,2,1B+2B,1B+2B,1,field_out,9,7,10
2025-06-12,COL202506120,COL,"Beck, Jordan",beckj003,1,0,empty,empty,1,field_out,1,0,0
2025-06-12,COL202506120,COL,"Hilliard, Sam",hills005,1,1,empty,empty,1,field_out,1,0,0
2025-06-12,COL202506120,COL,"Estrada, Thairo",estrt001,1,2,empty,empty,1,field_out,1,0,0
2025-06-12,COL202506120,COL,"McMahon, Ryan",mcmar001,1,0,empty,empty,1,strikeout,2,0,4
2025-06-12,COL202506120,COL,"Doyle, Brenton",doylb001,1,1,empty,empty,1,walk,2,0,4
2025-06-12,COL202506120,COL,"Moniak, Mickey",monim001,1,1,1B,1B,1,strikeout,2,0,4
2025-06-12,COL202506120,COL,"Arcia, Orlando",arcio002,1,2,1B,1B,1,field_out,2,0,4
2025-06-12,COL202506120,COL,"Ritter, Ryan",rittr002,1,0,empty,empty,1,strikeout,3,0,4
2025-06-12,COL202506120,COL,"Fulford, Braxton",fulfb001,1,1,empty,empty,1,field_out,3,0,4
2025-06-12,COL202506120,COL,"Beck, Jordan",beckj003,2,2,empty,empty,1,single,3,0,4
2025-06-12,COL202506120,COL,"Hilliard, Sam",hills005,2,2,1B,1B,1,field_out,3,0,4
2025-06-12,COL202506120,COL,"Estrada, Thairo",estrt001,2,0,empty,empty,1,field_out,4,0,4
2025-06-12,COL202506120,COL,"McMahon, Ryan",mcmar001,2,1,empty,empty,1,field_out,4,0,4
2025-06-12,COL202506120,COL,"Doyle, Brenton",doylb001,2,2,empty,empty,1,single,4,0,4
2025-06-12,COL202506120,COL,"Moniak, Mickey",monim001,2,2,1B,1B,1,single,4,0,4
2025-06-12,COL202506120,COL,"Arcia, Orlando",arcio002,2,2,1B+2B,1B+2B,1,walk,4,0,4
2025-06-12,COL202506120,COL,"Ritter, Ryan",rittr002,2,2,1B+2B+3B,1B+2B+3B,1,single,4,0,4
2025-06-12,COL202506120,COL,"Fulford, Braxton",fulfb001,2,2,1B+3B,1B+3B,1,field_out,4,2,4
2025-06-12,COL202506120,COL,"Beck, Jordan",beckj003,3,0,empty,empty,1,field_out,5,2,7
2025-06-12,COL202506120,COL,"Hilliard, Sam",hills005,3,1,empty,empty,1,strikeout,5,2,7
2025-06-12,COL202506120,COL,"Estrada, Thairo",estrt001,3,2,empty,empty,1,single,5,2,7
2025-06-12,COL202506120,COL,"McMahon, Ryan",mcmar001,3,2,1B,1B,1,strikeout,5,2,7
2025-06-12,COL202506120,COL,"Doyle, Brenton",doylb001,3,0,empty,empty,1,field_out,6,2,7
2025-06-12,COL202506120,COL,"Moniak, Mickey",monim001,3,1,empty,empty,1,home_run,6,2,7
2025-06-12,COL202506120,COL,"Arcia, Orlando",arcio002,3,1,empty,empty,1,strikeout,6,3,7
2025-06-12,COL202506120,COL,"Ritter, Ryan",rittr002,3,2,empty,empty,1,field_out,6,3,7
2025-06-12,COL202506120,COL,"Fulford, Braxton",fulfb001,3,0,empty,empty,1,field_out,7,3,7
2025-06-12,COL202506120,COL,"Beck, Jordan",beckj003,4,1,empty,empty,1,single,7,3,7
2025-06-12,COL202506120,COL,"Hilliard, Sam",hills005,4,1,1B,1B,1,walk,7,3,7
2025-06-12,COL202506120,COL,"Estrada, Thairo",estrt001,4,1,1B+2B,1B+2B,1,double,7,3,7
2025-06-12,COL202506120,COL,"McMahon, Ryan",mcmar001,4,1,2B,2B,1,walk,7,5,7
2025-06-12,COL202506120,COL,"Doyle, Brenton",doylb001,4,1,1B+2B,1B+2B,1,field_out,7,5,7
2025-06-12,COL202506120,COL,"Freeman, Tyler",freet001,1,2,1B+2B,1B+2B,1,field_out,7,5,7
2025-06-12,COL202506120,COL,"Arcia, Orlando",arcio002,4,0,empty,empty,1,field_out,8,5,7
2025-06-12,COL202506120,COL,"Ritter, Ryan",rittr002,4,1,empty,empty,1,field_out,8,5,7
2025-06-12,COL202506120,COL,"Fulford, Braxton",fulfb001,4,2,empty,empty,1,strikeout,8,5,7
2025-06-12,COL202506120,COL,"Beck, Jordan",beckj003,5,0,empty,empty,1,field_out,9,5,7
2025-06-12,COL202506120,COL,"Hilliard, Sam",hills005,5,1,empty,empty,1,walk,9,5,7
2025-06-12,COL202506120,COL,"Estrada, Thairo",estrt001,5,1,1B,1B,1,double,9,5,7
2025-06-12,COL202506120,COL,"McMahon, Ryan",mcmar001,5,1,2B+3B,2B+3B,1,walk,9,5,7
2025-06-12,COL202506120,COL,"Doyle, Brenton",doylb001,5,1,1B+2B+3B,1B+2B+3B,1,fielders_choice,9,5,7
2025-06-12,COL202506120,COL,"Goodman, Hunter",goodh001,1,1,1B+2B+3B,1B+2B+3B,1,strikeout,9,6,7
2025-06-12,COL202506120,COL,"Arcia, Orlando",arcio002,5,2,1B+2B+3B,1B+2B+3B,1,single,9,6,7
2025-06-13,ATL202506130,COL,"Beck, Jordan",beckj003,1,0,empty,empty,1,field_out,1,0,0
2025-06-13,ATL202506130,COL,"Estrada, Thairo",estrt001,1,1,empty,empty,1,strikeout,1,0,0
2025-06-13,ATL202506130,COL,"Goodman, Hunter",goodh001,1,2,empty,empty,1,single,1,0,0
2025-06-13,ATL202506130,COL,"McMahon, Ryan",mcmar001,1,2,1B,1B,1,home_run,1,0,0
2025-06-13,ATL202506130,COL,"Doyle, Brenton",doylb001,1,2,empty,empty,1,field_out,1,2,0
2025-06-13,ATL202506130,COL,"Moniak, Mickey",monim001,1,0,empty,empty,1,double,2,2,1
2025-06-13,ATL202506130,COL,"Arcia, Orlando",arcio002,1,0,2B,2B,1,single,2,2,1
2025-06-13,ATL202506130,COL,"Hiura, Keston",hiurk001,1,0,1B+3B,1B+3B,1,hit_by_pitch,2,2,1
2025-06-13,ATL202506130,COL,"Freeman, Tyler",freet001,1,0,1B+2B+3B,1B+2B+3B,1,grounded_into_double_play,2,2,1
2025-06-13,ATL202506130,COL,"Beck, Jordan",beckj003,2,2,2B+3B,2B+3B,1,walk,2,2,1
2025-06-13,ATL202506130,COL,"Estrada, Thairo",estrt001,2,2,1B+2B+3B,1B+2B+3B,1,field_out,2,2,1
2025-06-13,ATL202506130,COL,"Goodman, Hunter",goodh001,2,0,empty,empty,1,field_out,3,2,1
2025-06-13,ATL202506130,COL,"McMahon, Ryan",mcmar001,2,1,empty,empty,1,double,3,2,1
2025-06-13,ATL202506130,COL,"Doyle, Brenton",doylb001,2,1,2B,2B,1,field_out,3,2,1
2025-06-13,ATL202506130,COL,"Moniak, Mickey",monim001,2,2,2B,2B,1,walk,3,2,1
2025-06-13,ATL202506130,COL,"Arcia, Orlando",arcio002,2,2,1B+2B,1B+2B,1,field_out,3,2,1
2025-06-13,ATL202506130,COL,"Hiura, Keston",hiurk001,2,0,empty,empty,1,hit_by_pitch,4,2,1
2025-06-13,ATL202506130,COL,"Freeman, Tyler",freet001,2,0,1B,1B,1,walk,4,2,1
2025-06-13,ATL202506130,COL,"Beck, Jordan",beckj003,3,0,1B+2B,1B+2B,1,strikeout,4,2,1
2025-06-13,ATL202506130,COL,"Estrada, Thairo",estrt001,3,1,1B+2B,1B+2B,1,single,4,2,1
2025-06-13,ATL202506130,COL,"Goodman, Hunter",goodh001,3,1,1B+2B+3B,1B+2B+3B,1,single,4,2,1
2025-06-13,ATL202506130,COL,"McMahon, Ryan",mcmar001,3,1,1B+2B+3B,1B+2B+3B,1,single,4,3,1
2025-06-13,ATL202506130,COL,"Doyle, Brenton",doylb001,3,1,1B+2B+3B,1B+2B+3B,1,grounded_into_double_play,4,4,1
2025-06-13,ATL202506130,COL,"Moniak, Mickey",monim001,3,0,empty,empty,1,single,5,4,1
2025-06-13,ATL202506130,COL,"Arcia, Orlando",arcio002,3,0,1B,1B,1,grounded_into_double_play,5,4,1
2025-06-13,ATL202506130,COL,"Hiura, Keston",hiurk001,3,2,empty,empty,1,single,5,4,1
2025-06-13,ATL202506130,COL,"Freeman, Tyler",freet001,3,2,1B,1B,1,single,5,4,1
2025-06-13,ATL202506130,COL,"Beck, Jordan",beckj003,4,2,1B+2B,1B+2B,1,strikeout,5,4,1
2025-06-13,ATL202506130,COL,"Estrada, Thairo",estrt001,4,0,empty,empty,1,single,6,4,1
2025-06-13,ATL202506130,COL,"Goodman, Hunter",goodh001,4,0,1B,1B,1,strikeout,6,4,1
2025-06-13,ATL202506130,COL,"McMahon, Ryan",mcmar001,4,1,1B,1B,1,walk,6,4,1
2025-06-13,ATL202506130,COL,"Doyle, Brenton",doylb001,4,1,1B+2B,1B+2B,1,strikeout,6,4,1
2025-06-13,ATL202506130,COL,"Moniak, Mickey",monim001,4,2,1B+2B,1B+2B,1,field_out,6,4,1
2025-06-13,ATL202506130,COL,"Arcia, Orlando",arcio002,4,0,empty,empty,1,field_out,7,4,4
2025-06-13,ATL202506130,COL,"Hiura, Keston",hiurk001,4,1,empty,empty,1,strikeout,7,4,4
2025-06-13,ATL202506130,COL,"Freeman, Tyler",freet001,4,2,empty,empty,1,field_out,7,4,4
2025-06-13,ATL202506130,COL,"Beck, Jordan",beckj003,5,0,empty,empty,1,single,8,4,7
2025-06-13,ATL202506130,COL,"Estrada, Thairo",estrt001,5,0,1B,1B,1,grounded_into_double_play,8,4,7
2025-06-13,ATL202506130,COL,"Goodman, Hunter",goodh001,5,2,empty,empty,1,strikeout,8,4,7
2025-06-13,ATL202506130,COL,"McMahon, Ryan",mcmar001,5,0,empty,empty,1,strikeout,9,4,12
2025-06-13,ATL202506130,COL,"Doyle, Brenton",doylb001,5,1,empty,empty,1,field_out,9,4,12
2025-06-13,ATL202506130,COL,"Farmer, Kyle",farmk001,1,2,empty,empty,1,single,9,4,12
2025-06-13,ATL202506130,COL,"Arcia, Orlando",arcio002,5,2,1B,2B,0,field_out,9,4,12
2025-06-14,ATL202506140,COL,"Hilliard, Sam",hills005,1,0,empty,empty,1,strikeout,1,0,0
2025-06-14,ATL202506140,COL,"Estrada, Thairo",estrt001,1,1,empty,empty,1,field_out,1,0,0
2025-06-14,ATL202506140,COL,"Goodman, Hunter",goodh001,1,2,empty,empty,1,field_out,1,0,0
2025-06-14,ATL202506140,COL,"McMahon, Ryan",mcmar001,1,0,empty,empty,1,strikeout,2,0,1
2025-06-14,ATL202506140,COL,"Doyle, Brenton",doylb001,1,1,empty,empty,1,strikeout,2,0,1
2025-06-14,ATL202506140,COL,"Moniak, Mickey",monim001,1,2,empty,empty,1,strikeout,2,0,1
2025-06-14,ATL202506140,COL,"Ritter, Ryan",rittr002,1,0,empty,empty,1,strikeout,3,0,3
2025-06-14,ATL202506140,COL,"Farmer, Kyle",farmk001,1,1,empty,empty,1,strikeout,3,0,3
2025-06-14,ATL202506140,COL,"Freeman, Tyler",freet001,1,2,empty,empty,1,single,3,0,3
2025-06-14,ATL202506140,COL,"Hilliard, Sam",hills005,2,2,1B,1B,1,strikeout,3,0,3
2025-06-14,ATL202506140,COL,"Estrada, Thairo",estrt001,2,0,empty,empty,1,field_out,4,0,3
2025-06-14,ATL202506140,COL,"Goodman, Hunter",goodh001,2,1,empty,empty,1,single,4,0,3
2025-06-14,ATL202506140,COL,"McMahon, Ryan",mcmar001,2,1,1B,1B,1,strikeout,4,0,3
2025-06-14,ATL202506140,COL,"Doyle, Brenton",doylb001,2,2,1B,1B,1,field_out,4,0,3
2025-06-14,ATL202506140,COL,"Moniak, Mickey",monim001,2,0,empty,empty,1,strikeout,5,0,3
2025-06-14,ATL202506140,COL,"Ritter, Ryan",rittr002,2,1,empty,empty,1,strikeout,5,0,3
2025-06-14,ATL202506140,COL,"Farmer, Kyle",farmk001,2,2,empty,empty,1,double,5,0,3
2025-06-14,ATL202506140,COL,"Freeman, Tyler",freet001,2,2,2B,2B,1,strikeout,5,0,3
2025-06-14,ATL202506140,COL,"Hilliard, Sam",hills005,3,0,empty,empty,1,walk,6,0,4
2025-06-14,ATL202506140,COL,"Estrada, Thairo",estrt001,3,0,1B,1B,1,field_out,6,0,4
2025-06-14,ATL202506140,COL,"Goodman, Hunter",goodh001,3,1,1B,1B,1,strikeout,6,0,4
2025-06-14,ATL202506140,COL,"McMahon, Ryan",mcmar001,3,2,1B,1B,1,strikeout,6,0,4
2025-06-14,ATL202506140,COL,"Doyle, Brenton",doylb001,3,0,empty,empty,1,strikeout,7,0,4
2025-06-14,ATL202506140,COL,"Moniak, Mickey",monim001,3,1,empty,empty,1,strikeout,7,0,4
2025-06-14,ATL202506140,COL,"Ritter, Ryan",rittr002,3,2,empty,empty,1,strikeout,7,0,4
2025-06-14,ATL202506140,COL,"Farmer, Kyle",farmk001,3,0,empty,empty,1,field_out,8,0,4
2025-06-14,ATL202506140,COL,"Freeman, Tyler",freet001,3,1,empty,empty,1,field_out,8,0,4
2025-06-14,ATL202506140,COL,"Hilliard, Sam",hills005,4,2,empty,empty,1,strikeout,8,0,4
2025-06-14,ATL202506140,COL,"Estrada, Thairo",estrt001,4,0,empty,empty,1,field_out,9,0,4
2025-06-14,ATL202506140,COL,"Goodman, Hunter",goodh001,4,1,empty,empty,1,field_error,9,0,4
2025-06-14,ATL202506140,COL,"McMahon, Ryan",mcmar001,4,1,1B,1B,1,strikeout,9,0,4
2025-06-14,ATL202506140,COL,"Doyle, Brenton",doylb001,4,2,1B,2B,0,single,9,0,4
2025-06-14,ATL202506140,COL,"Beck, Jordan",beckj003,1,2,1B,1B,1,strikeout,9,1,4
2025-06-15,ATL202506150,COL,"Beck, Jordan",beckj003,1,0,empty,empty,1,strikeout,1,0,0
2025-06-15,ATL202506150,COL,"Freeman, Tyler",freet001,1,1,empty,empty,1,field_out,1,0,0
2025-06-15,ATL202506150,COL,"Goodman, Hunter",goodh001,1,2,empty,empty,1,strikeout,1,0,0
2025-06-15,ATL202506150,COL,"McMahon, Ryan",mcmar001,1,0,empty,empty,1,strikeout,2,0,0
2025-06-15,ATL202506150,COL,"Estrada, Thairo",estrt001,1,1,empty,empty,1,strikeout,2,0,0
2025-06-15,ATL202506150,COL,"Doyle, Brenton",doylb001,1,2,empty,empty,1,strikeout,2,0,0
2025-06-15,ATL202506150,COL,"Arcia, Orlando",arcio002,1,0,empty,empty,1,field_out,3,0,0
2025-06-15,ATL202506150,COL,"Ritter, Ryan",rittr002,1,1,empty,empty,1,single,3,0,0
2025-06-15,ATL202506150,COL,"Fulford, Braxton",fulfb001,1,1,3B,3B,1,sac_fly,3,0,0
2025-06-15,ATL202506150,COL,"Beck, Jordan",beckj003,2,2,empty,empty,1,strikeout,3,1,0
2025-06-15,ATL202506150,COL,"Freeman, Tyler",freet001,2,0,empty,empty,1,hit_by_pitch,4,1,0
2025-06-15,ATL202506150,COL,"Goodman, Hunter",goodh001,2,1,1B,empty,0,strikeout,4,1,0
2025-06-15,ATL202506150,COL,"McMahon, Ryan",mcmar001,2,2,empty,empty,1,strikeout,4,1,0
2025-06-15,ATL202506150,COL,"Estrada, Thairo",estrt001,2,0,empty,empty,1,strikeout,5,1,0
2025-06-15,ATL202506150,COL,"Doyle, Brenton",doylb001,2,1,empty,empty,1,strikeout,5,1,0
2025-06-15,ATL202506150,COL,"Arcia, Orlando",arcio002,2,2,empty,empty,1,strikeout,5,1,0
2025-06-15,ATL202506150,COL,"Ritter, Ryan",rittr002,2,0,empty,empty,1,strikeout,6,1,0
2025-06-15,ATL202506150,COL,"Fulford, Braxton",fulfb001,2,1,empty,empty,1,single,6,1,0
2025-06-15,ATL202506150,COL,"Beck, Jordan",beckj003,3,1,1B,1B,1,strikeout,6,1,0
2025-06-15,ATL202506150,COL,"Freeman, Tyler",freet001,3,2,1B,1B,1,walk,6,1,0
2025-06-15,ATL202506150,COL,"Goodman, Hunter",goodh001,3,2,1B+2B,1B+2B,1,strikeout,6,1,0
2025-06-15,ATL202506150,COL,"McMahon, Ryan",mcmar001,3,0,empty,empty,1,home_run,7,1,1
2025-06-15,ATL202506150,COL,"Estrada, Thairo",estrt001,3,0,empty,empty,1,strikeout,7,2,1
2025-06-15,ATL202506150,COL,"Doyle, Brenton",doylb001,3,1,empty,empty,1,walk,7,2,1
2025-06-15,ATL202506150,COL,"Arcia, Orlando",arcio002,3,1,1B,1B,1,single,7,2,1
2025-06-15,ATL202506150,COL,"Ritter, Ryan",rittr002,3,1,1B+2B,1B+2B,1,single,7,2,1
2025-06-15,ATL202506150,COL,"Fulford, Braxton",fulfb001,3,1,1B+2B+3B,1B+2B+3B,1,walk,7,2,1
2025-06-15,ATL202506150,COL,"Beck, Jordan",beckj003,4,1,1B+2B+3B,1B+2B+3B,1,double,7,3,1
2025-06-15,ATL202506150,COL,"Freeman, Tyler",freet001,4,1,2B+3B,2B+3B,1,single,7,5,1
2025-06-15,ATL202506150,COL,"Goodman, Hunter",goodh001,4,1,1B+3B,2B,0,strikeout,7,7,1
2025-06-15,ATL202506150,COL,"McMahon, Ryan",mcmar001,4,2,2B,2B,1,field_out,7,7,1
2025-06-15,ATL202506150,COL,"Estrada, Thairo",estrt001,4,0,empty,empty,1,single,8,7,1
2025-06-15,ATL202506150,COL,"Doyle, Brenton",doylb001,4,0,1B,1B,1,walk,8,7,1
2025-06-15,ATL202506150,COL,"Arcia, Orlando",arcio002,4,0,1B+2B,1B+2B,1,field_out,8,7,1
2025-06-15,ATL202506150,COL,"Ritter, Ryan",rittr002,4,1,1B+2B,1B+2B,1,walk,8,7,1
2025-06-15,ATL202506150,COL,"Fulford, Braxton",fulfb001,4,1,1B+2B+3B,1B+2B+3B,1,triple,8,7,1
2025-06-15,ATL202506150,COL,"Beck, Jordan",beckj003,5,1,3B,3B,1,hit_by_pitch,8,10,1
2025-06-15,ATL202506150,COL,"Freeman, Tyler",freet001,5,1,1B+3B,1B+3B,1,grounded_into_double_play,8,10,1
2025-06-15,ATL202506150,COL,"Goodman, Hunter",goodh001,5,0,empty,empty,1,field_out,9,10,1
2025-06-15,ATL202506150,COL,"McMahon, Ryan",mcmar001,5,1,empty,empty,1,field_out,9,10,1
2025-06-15,ATL202506150,COL,"Estrada, Thairo",estrt001,5,2,empty,empty,1,single,9,10,1
2025-06-15,ATL202506150,COL,"Doyle, Brenton",doylb001,5,2,1B,1B,1,field_out,9,10,1
2025-06-16,WAS202506160,COL,"Beck, Jordan",beckj003,1,0,empty,empty,1,field_out,1,0,0
2025-06-16,WAS202506160,COL,"Freeman, Tyler",freet001,1,1,empty,empty,1,single,1,0,0
2025-06-16,WAS202506160,COL,"Goodman, Hunter",goodh001,1,1,1B,2B,0,home_run,1,0,0
2025-06-16,WAS202506160,COL,"McMahon, Ryan",mcmar001,1,1,empty,empty,1,strikeout,1,2,0
2025-06-16,WAS202506160,COL,"Estrada, Thairo",estrt001,1,2,empty,empty,1,field_out,1,2,0
2025-06-16,WAS202506160,COL,"Doyle, Brenton",doylb001,1,0,empty,empty,1,strikeout,2,2,0
2025-06-16,WAS202506160,COL,"Moniak, Mickey",monim001,1,1,empty,empty,1,field_out,2,2,0
2025-06-16,WAS202506160,COL,"Toglia, Michael",toglm001,1,2,empty,empty,1,field_out,2,2,0
2025-06-16,WAS202506160,COL,"Ritter, Ryan",rittr002,1,0,empty,empty,1,field_out,3,2,0
2025-06-16,WAS202506160,COL,"Beck, Jordan",beckj003,2,1,empty,empty,1,strikeout,3,2,0
2025-06-16,WAS202506160,COL,"Freeman, Tyler",freet001,2,2,empty,empty,1,field_out,3,2,0
2025-06-16,WAS202506160,COL,"Goodman, Hunter",goodh001,2,0,empty,empty,1,field_out,4,2,0
2025-06-16,WAS202506160,COL,"McMahon, Ryan",mcmar001,2,1,empty,empty,1,strikeout,4,2,0
2025-06-16,WAS202506160,COL,"Estrada, Thairo",estrt001,2,2,empty,empty,1,double,4,2,0
2025-06-16,WAS202506160,COL,"Doyle, Brenton",doylb001,2,2,2B,2B,1,field_out,4,2,0
2025-06-16,WAS202506160,COL,"Moniak, Mickey",monim001,2,0,empty,empty,1,triple,5,2,1
2025-06-16,WAS202506160,COL,"Toglia, Michael",toglm001,2,0,3B,3B,1,single,5,2,1
2025-06-16,WAS202506160,COL,"Ritter, Ryan",rittr002,2,0,1B,1B,1,field_out,5,3,1
2025-06-16,WAS202506160,COL,"Beck, Jordan",beckj003,3,1,1B,1B,1,walk,5,3,1
2025-06-16,WAS202506160,COL,"Freeman, Tyler",freet001,3,1,1B+2B,1B+2B,1,grounded_into_double_play,5,3,1
2025-06-16,WAS202506160,COL,"Goodman, Hunter",goodh001,3,0,empty,empty,1,field_out,6,3,4
2025-06-16,WAS202506160,COL,"McMahon, Ryan",mcmar001,3,1,empty,empty,1,strikeout,6,3,4
2025-06-16,WAS202506160,COL,"Estrada, Thairo",estrt001,3,2,empty,empty,1,field_out,6,3,4
2025-06-16,WAS202506160,COL,"Doyle, Brenton",doylb001,3,0,empty,empty,1,field_out,7,3,4
2025-06-16,WAS202506160,COL,"Moniak, Mickey",monim001,3,1,empty,empty,1,strikeout,7,3,4
2025-06-16,WAS202506160,COL,"Toglia, Michael",toglm001,3,2,empty,empty,1,strikeout,7,3,4
2025-06-16,WAS202506160,COL,"Ritter, Ryan",rittr002,3,0,empty,empty,1,field_out,8,3,4
2025-06-16,WAS202506160,COL,"Beck, Jordan",beckj003,4,1,empty,empty,1,field_out,8,3,4
2025-06-16,WAS202506160,COL,"Freeman, Tyler",freet001,4,2,empty,empty,1,field_out,8,3,4
2025-06-16,WAS202506160,COL,"Goodman, Hunter",goodh001,4,0,empty,empty,1,home_run,9,3,4
2025-06-16,WAS202506160,COL,"McMahon, Ryan",mcmar001,4,0,empty,empty,1,field_out,9,4,4
2025-06-16,WAS202506160,COL,"Estrada, Thairo",estrt001,4,1,empty,empty,1,single,9,4,4
2025-06-16,WAS202506160,COL,"Doyle, Brenton",doylb001,4,1,1B,1B,1,field_out,9,4,4
2025-06-16,WAS202506160,COL,"Moniak, Mickey",monim001,4,2,1B,2B,0,home_run,9,4,4
2025-06-16,WAS202506160,COL,"Toglia, Michael",toglm001,4,2,empty,empty,1,field_out,9,6,4
2025-06-17,WAS202506170,COL,"Moniak, Mickey",monim001,1,0,empty,empty,1,strikeout,1,0,0
2025-06-17,WAS202506170,COL,"Freeman, Tyler",freet001,1,1,empty,empty,1,single,1,0,0
2025-06-17,WAS202506170,COL,"Goodman, Hunter",goodh001,1,2,1B,empty,0,strikeout,1,0,0
2025-06-17,WAS202506170,COL,"McMahon, Ryan",mcmar001,1,0,empty,empty,1,strikeout,2,0,1
2025-06-17,WAS202506170,COL,"Estrada, Thairo",estrt001,1,1,empty,empty,1,home_run,2,0,1
2025-06-17,WAS202506170,COL,"Doyle, Brenton",doylb001,1,1,empty,empty,1,strikeout,2,1,1
2025-06-17,WAS202506170,COL,"Toglia, Michael",toglm001,1,2,empty,empty,1,single,2,1,1
2025-06-17,WAS202506170,COL,"Hilliard, Sam",hills005,1,2,1B,1B,1,strikeout,2,1,1
2025-06-17,WAS202506170,COL,"Ritter, Ryan",rittr002,1,0,empty,empty,1,field_out,3,1,1
2025-06-17,WAS202506170,COL,"Moniak, Mickey",monim001,2,1,empty,empty,1,field_out,3,1,1
2025-06-17,WAS202506170,COL,"Freeman, Tyler",freet001,2,2,empty,empty,1,hit_by_pitch,3,1,1
2025-06-17,WAS202506170,COL,"Goodman, Hunter",goodh001,2,2,1B,1B,1,strikeout,3,1,1
2025-06-17,WAS202506170,COL,"McMahon, Ryan",mcmar001,2,0,empty,empty,1,walk,4,1,1
2025-06-17,WAS202506170,COL,"Estrada, Thairo",estrt001,2,0,1B,1B,1,field_out,4,1,1
2025-06-17,WAS202506170,COL,"Doyle, Brenton",doylb001,2,1,1B,1B,1,field_out,4,1,1
2025-06-17,WAS202506170,COL,"Toglia, Michael",toglm001,2,2,1B,1B,1,home_run,4,1,1
2025-06-17,WAS202506170,COL,"Hilliard, Sam",hills005,2,2,empty,empty,1,strikeout,4,3,1
2025-06-17,WAS202506170,COL,"Ritter, Ryan",rittr002,2,0,empty,empty,1,field_out,5,3,1
2025-06-17,WAS202506170,COL,"Moniak, Mickey",monim001,3,1,empty,empty,1,field_out,5,3,1
2025-06-17,WAS202506170,COL,"Freeman, Tyler",freet001,3,2,empty,empty,1,hit_by_pitch,5,3,1
2025-06-17,WAS202506170,COL,"Goodman, Hunter",goodh001,3,2,1B,1B,1,strikeout,5,3,1
2025-06-17,WAS202506170,COL,"McMahon, Ryan",mcmar001,3,0,empty,empty,1,double,6,3,1
2025-06-17,WAS202506170,COL,"Estrada, Thairo",estrt001,3,0,2B,2B,1,hit_by_pitch,6,3,1
2025-06-17,WAS202506170,COL,"Doyle, Brenton",doylb001,3,0,1B+2B,1B+2B,1,field_out,6,3,1
2025-06-17,WAS202506170,COL,"Toglia, Michael",toglm001,3,1,1B+2B,1B+2B,1,field_out,6,3,1
2025-06-17,WAS202506170,COL,"Hilliard, Sam",hills005,3,2,1B+2B,1B+2B,1,walk,6,3,1
2025-06-17,WAS202506170,COL,"Ritter, Ryan",rittr002,3,2,1B+2B+3B,1B+2B+3B,1,strikeout,6,3,1
2025-06-17,WAS202506170,COL,"Moniak, Mickey",monim001,4,0,empty,empty,1,walk,7,3,1
2025-06-17,WAS202506170,COL,"Freeman, Tyler",freet001,4,0,1B,2B,0,hit_by_pitch,7,3,1
2025-06-17,WAS202506170,COL,"Goodman, Hunter",goodh001,4,0,1B+2B,1B+2B,1,home_run,7,3,1
2025-06-17,WAS202506170,COL,"McMahon, Ryan",mcmar001,4,0,empty,empty,1,home_run,7,6,1
2025-06-17,WAS202506170,COL,"Arcia, Orlando",arcio002,1,0,empty,empty,1,field_out,7,7,1
2025-06-17,WAS202506170,COL,"Doyle, Brenton",doylb001,4,1,empty,empty,1,field_out,7,7,1
2025-06-17,WAS202506170,COL,"Toglia, Michael",toglm001,4,2,empty,empty,1,home_run,7,7,1
2025-06-17,WAS202506170,COL,"Hilliard, Sam",hills005,4,2,empty,empty,1,home_run,7,8,1
2025-06-17,WAS202506170,COL,"Ritter, Ryan",rittr002,4,2,empty,empty,1,strikeout,7,9,1
2025-06-17,WAS202506170,COL,"Moniak, Mickey",monim001,5,0,empty,empty,1,home_run,8,9,1
2025-06-17,WAS202506170,COL,"Freeman, Tyler",freet001,5,0,empty,empty,1,walk,8,10,1
2025-06-17,WAS202506170,COL,"Goodman, Hunter",goodh001,5,0,1B,1B,1,grounded_into_double_play,8,10,1
2025-06-17,WAS202506170,COL,"McMahon, Ryan",mcmar001,5,2,empty,empty,1,field_out,8,10,1
2025-06-17,WAS202506170,COL,"Arcia, Orlando",arcio002,2,0,empty,empty,1,strikeout,9,10,2
2025-06-17,WAS202506170,COL,"Doyle, Brenton",doylb001,5,1,empty,empty,1,field_out,9,10,2
2025-06-17,WAS202506170,COL,"Toglia, Michael",toglm001,5,2,empty,empty,1,strikeout,9,10,2
2025-06-18,WAS202506180,COL,"Freeman, Tyler",freet001,1,0,empty,empty,1,double,1,0,0
2025-06-18,WAS202506180,COL,"Farmer, Kyle",farmk001,1,0,2B,2B,1,field_out,1,0,0
2025-06-18,WAS202506180,COL,"Beck, Jordan",beckj003,1,1,2B,2B,1,field_out,1,0,0
2025-06-18,WAS202506180,COL,"Toglia, Michael",toglm001,1,2,2B,2B,1,strikeout,1,0,0
2025-06-18,WAS202506180,COL,"Doyle, Brenton",doylb001,1,0,empty,empty,1,field_out,2,0,0
2025-06-18,WAS202506180,COL,"Arcia, Orlando",arcio002,1,1,empty,empty,1,single,2,0,0
2025-06-18,WAS202506180,COL,"Hilliard, Sam",hills005,1,1,1B,1B,1,field_out,2,0,0
2025-06-18,WAS202506180,COL,"Ritter, Ryan",rittr002,1,2,1B,1B,1,field_out,2,0,0
2025-06-18,WAS202506180,COL,"Fulford, Braxton",fulfb001,1,0,empty,empty,1,single,3,0,0
2025-06-18,WAS202506180,COL,"Freeman, Tyler",freet001,2,0,1B,1B,1,grounded_into_double_play,3,0,0
2025-06-18,WAS202506180,COL,"Farmer, Kyle",farmk001,2,2,empty,empty,1,single,3,0,0
2025-06-18,WAS202506180,COL,"Beck, Jordan",beckj003,2,2,1B,1B,1,double,3,0,0
2025-06-18,WAS202506180,COL,"Toglia, Michael",toglm001,2,2,2B+3B,2B+3B,1,field_out,3,0,0
2025-06-18,WAS202506180,COL,"Doyle, Brenton",doylb001,2,0,empty,empty,1,field_out,4,0,0
2025-06-18,WAS202506180,COL,"Arcia, Orlando",arcio002,2,1,empty,empty,1,strikeout,4,0,0
2025-06-18,WAS202506180,COL,"Hilliard, Sam",hills005,2,2,empty,empty,1,strikeout,4,0,0
2025-06-18,WAS202506180,COL,"Ritter, Ryan",rittr002,2,0,empty,empty,1,strikeout,5,0,0
2025-06-18,WAS202506180,COL,"Fulford, Braxton",fulfb001,2,1,empty,empty,1,strikeout,5,0,0
2025-06-18,WAS202506180,COL,"Freeman, Tyler",freet001,3,2,empty,empty,1,field_out,5,0,0
2025-06-18,WAS202506180,COL,"Farmer, Kyle",farmk001,3,0,empty,empty,1,strikeout,6,0,0
2025-06-18,WAS202506180,COL,"Beck, Jordan",beckj003,3,1,empty,empty,1,strikeout,6,0,0
2025-06-18,WAS202506180,COL,"Toglia, Michael",toglm001,3,2,empty,empty,1,home_run,6,0,0
2025-06-18,WAS202506180,COL,"Doyle, Brenton",doylb001,3,2,empty,empty,1,strikeout,6,1,0
2025-06-18,WAS202506180,COL,"Arcia, Orlando",arcio002,3,0,empty,empty,1,triple,7,1,0
2025-06-18,WAS202506180,COL,"Hilliard, Sam",hills005,3,0,3B,3B,1,strikeout,7,1,0
2025-06-18,WAS202506180,COL,"Ritter, Ryan",rittr002,3,1,3B,3B,1,sac_bunt,7,1,0
2025-06-18,WAS202506180,COL,"Fulford, Braxton",fulfb001,3,2,empty,empty,1,field_out,7,2,0
2025-06-18,WAS202506180,COL,"Freeman, Tyler",freet001,4,0,empty,empty,1,field_out,8,2,1
2025-06-18,WAS202506180,COL,"Farmer, Kyle",farmk001,4,1,empty,empty,1,field_out,8,2,1
2025-06-18,WAS202506180,COL,"Beck, Jordan",beckj003,4,2,empty,empty,1,home_run,8,2,1
2025-06-18,WAS202506180,COL,"Toglia, Michael",toglm001,4,2,empty,empty,1,field_out,8,3,1
2025-06-18,WAS202506180,COL,"Doyle, Brenton",doylb001,4,0,empty,empty,1,field_out,9,3,1
2025-06-18,WAS202506180,COL,"Arcia, Orlando",arcio002,4,1,empty,empty,1,field_out,9,3,1
2025-06-18,WAS202506180,COL,"Hilliard, Sam",hills005,4,2,empty,empty,1,field_out,9,3,1
2025-06-19,WAS202506190,COL,"Beck, Jordan",beckj003,1,0,empty,empty,1,strikeout,1,0,0
2025-06-19,WAS202506190,COL,"Moniak, Mickey",monim001,1,1,empty,empty,1,field_out,1,0,0
2025-06-19,WAS202506190,COL,"Goodman, Hunter",goodh001,1,2,empty,empty,1,strikeout,1,0,0
2025-06-19,WAS202506190,COL,"McMahon, Ryan",mcmar001,1,0,empty,empty,1,field_out,2,0,0
2025-06-19,WAS202506190,COL,"Toglia, Michael",toglm001,1,1,empty,empty,1,field_out,2,0,0
2025-06-19,WAS202506190,COL,"Doyle, Brenton",doylb001,1,2,empty,empty,1,field_out,2,0,0
2025-06-19,WAS202506190,COL,"Hilliard, Sam",hills005,1,0,empty,empty,1,single,3,0,0
2025-06-19,WAS202506190,COL,"Arcia, Orlando",arcio002,1,0,1B,1B,1,field_out,3,0,0
2025-06-19,WAS202506190,COL,"Ritter, Ryan",rittr002,1,2,1B,empty,0,strikeout,3,0,0
2025-06-19,WAS202506190,COL,"Beck, Jordan",beckj003,2,0,empty,empty,1,strikeout,4,0,0
2025-06-19,WAS202506190,COL,"Moniak, Mickey",monim001,2,1,empty,empty,1,field_out,4,0,0
2025-06-19,WAS202506190,COL,"Goodman, Hunter",goodh001,2,2,empty,empty,1,single,4,0,0
2025-06-19,WAS202506190,COL,"McMahon, Ryan",mcmar001,2,2,1B,1B,1,single,4,0,0
2025-06-19,WAS202506190,COL,"Toglia, Michael",toglm001,2,2,1B+3B,1B+3B,1,walk,4,0,0
2025-06-19,WAS202506190,COL,"Doyle, Brenton",doylb001,2,2,1B+2B+3B,1B+2B+3B,1,field_out,4,0,0
2025-06-19,WAS202506190,COL,"Hilliard, Sam",hills005,2,0,empty,empty,1,strikeout,5,0,2
2025-06-19,WAS202506190,COL,"Arcia, Orlando",arcio002,2,1,empty,empty,1,single,5,0,2
2025-06-19,WAS202506190,COL,"Ritter, Ryan",rittr002,2,1,1B,1B,1,field_out,5,0,2
2025-06-19,WAS202506190,COL,"Beck, Jordan",beckj003,3,2,3B,3B,1,double,5,0,2
2025-06-19,WAS202506190,COL,"Moniak, Mickey",monim001,3,2,2B,2B,1,single,5,1,2
2025-06-19,WAS202506190,COL,"Goodman, Hunter",goodh001,3,2,1B,1B,1,field_out,5,2,2
2025-06-19,WAS202506190,COL,"McMahon, Ryan",mcmar001,3,0,empty,empty,1,single,6,2,2
2025-06-19,WAS202506190,COL,"Toglia, Michael",toglm001,3,0,1B,1B,1,strikeout,6,2,2
2025-06-19,WAS202506190,COL,"Doyle, Brenton",doylb001,3,1,1B,1B,1,double,6,2,2
2025-06-19,WAS202506190,COL,"Hilliard, Sam",hills005,3,1,2B+3B,2B+3B,1,strikeout,6,2,2
2025-06-19,WAS202506190,COL,"Arcia, Orlando",arcio002,3,2,2B+3B,2B+3B,1,strikeout,6,2,2
2025-06-19,WAS202506190,COL,"Ritter, Ryan",rittr002,3,0,empty,empty,1,single,7,2,2
2025-06-19,WAS202506190,COL,"Beck, Jordan",beckj003,4,0,1B,1B,1,grounded_into_double_play,7,2,2
2025-06-19,WAS202506190,COL,"Freeman, Tyler",freet001,1,2,empty,empty,1,single,7,2,2
2025-06-19,WAS202506190,COL,"Goodman, Hunter",goodh001,4,2,1B,1B,1,field_out,7,2,2
2025-06-19,WAS202506190,COL,"McMahon, Ryan",mcmar001,4,0,empty,empty,1,strikeout,8,2,2
2025-06-19,WAS202506190,COL,"Toglia, Michael",toglm001,4,1,empty,empty,1,strikeout,8,2,2
2025-06-19,WAS202506190,COL,"Doyle, Brenton",doylb001,4,2,empty,empty,1,strikeout,8,2,2
2025-06-19,WAS202506190,COL,"Hilliard, Sam",hills005,4,0,empty,empty,1,field_out,9,2,2
2025-06-19,WAS202506190,COL,"Arcia, Orlando",arcio002,4,1,empty,empty,1,field_out,9,2,2
2025-06-19,WAS202506190,COL,"Ritter, Ryan",rittr002,4,2,empty,empty,1,field_out,9,2,2
2025-06-19,WAS202506190,COL,"Beck, Jordan",beckj003,5,0,2B,2B,1,field_out,10,2,2
2025-06-19,WAS202506190,COL,"Freeman, Tyler",freet001,2,1,2B,2B,1,field_out,10,2,2
2025-06-19,WAS202506190,COL,"Goodman, Hunter",goodh001,5,2,2B,2B,1,walk,10,2,2
2025-06-19,WAS202506190,COL,"McMahon, Ryan",mcmar001,5,2,1B+2B,1B+2B,1,strikeout,10,2,2
2025-06-19,WAS202506190,COL,"Toglia, Michael",toglm001,5,0,2B,2B,1,single,11,2,2
2025-06-19,WAS202506190,COL,"Doyle, Brenton",doylb001,5,0,1B,1B,1,field_out,11,3,2
2025-06-19,WAS202506190,COL,"Hilliard, Sam",hills005,5,1,1B,1B,1,strikeout,11,3,2
2025-06-19,WAS202506190,COL,"Arcia, Orlando",arcio002,5,2,1B,1B,1,field_out,11,3,2
2025-06-20,COL202506200,COL,"Beck, Jordan",beckj003,1,0,empty,empty,1,field_out,1,0,1
2025-06-20,COL202506200,COL,"Freeman, Tyler",freet001,1,1,empty,empty,1,field_out,1,0,1
2025-06-20,COL202506200,COL,"Goodman, Hunter",goodh001,1,2,empty,empty,1,field_out,1,0,1
2025-06-20,COL202506200,COL,"McMahon, Ryan",mcmar001,1,0,empty,empty,1,strikeout,2,0,2
2025-06-20,COL202506200,COL,"Toglia, Michael",toglm001,1,1,empty,empty,1,walk,2,0,2
2025-06-20,COL202506200,COL,"Doyle, Brenton",doylb001,1,1,1B,1B,1,strikeout,2,0,2
2025-06-20,COL202506200,COL,"Moniak, Mickey",monim001,1,2,1B,1B,1,field_out,2,0,2
2025-06-20,COL202506200,COL,"Arcia, Orlando",arcio002,1,0,empty,empty,1,field_out,3,0,2
2025-06-20,COL202506200,COL,"Ritter, Ryan",rittr002,1,1,empty,empty,1,double,3,0,2
2025-06-20,COL202506200,COL,"Beck, Jordan",beckj003,2,1,2B,2B,1,field_out,3,0,2
2025-06-20,COL202506200,COL,"Freeman, Tyler",freet001,2,2,2B,2B,1,single,3,0,2
2025-06-20,COL202506200,COL,"Goodman, Hunter",goodh001,2,2,1B,1B,1,strikeout,3,1,2
2025-06-20,COL202506200,COL,"McMahon, Ryan",mcmar001,2,0,empty,empty,1,home_run,4,1,6
2025-06-20,COL202506200,COL,"Toglia, Michael",toglm001,2,0,empty,empty,1,field_out,4,2,6
2025-06-20,COL202506200,COL,"Doyle, Brenton",doylb001,2,1,empty,empty,1,double,4,2,6
2025-06-20,COL202506200,COL,"Moniak, Mickey",monim001,2,1,2B,2B,1,home_run,4,2,6
2025-06-20,COL202506200,COL,"Arcia, Orlando",arcio002,2,1,empty,empty,1,field_out,4,4,6
2025-06-20,COL202506200,COL,"Ritter, Ryan",rittr002,2,2,empty,empty,1,single,4,4,6
2025-06-20,COL202506200,COL,"Beck, Jordan",beckj003,3,2,1B,1B,1,single,4,4,6
2025-06-20,COL202506200,COL,"Freeman, Tyler",freet001,3,2,1B+3B,1B+3B,1,single,4,4,6
2025-06-20,COL202506200,COL,"Goodman, Hunter",goodh001,3,2,1B+3B,1B+3B,1,double,4,5,6
2025-06-20,COL202506200,COL,"McMahon, Ryan",mcmar001,3,2,3B,3B,1,strikeout,4,7,6
2025-06-20,COL202506200,COL,"Toglia, Michael",toglm001,3,0,empty,empty,1,strikeout,5,7,9
2025-06-20,COL202506200,COL,"Doyle, Brenton",doylb001,3,1,empty,empty,1,field_out,5,7,9
2025-06-20,COL202506200,COL,"Moniak, Mickey",monim001,3,2,empty,empty,1,single,5,7,9
2025-06-20,COL202506200,COL,"Arcia, Orlando",arcio002,3,2,1B,1B,1,field_out,5,7,9
2025-06-20,COL202506200,COL,"Ritter, Ryan",rittr002,3,0,empty,empty,1,strikeout,6,7,11
2025-06-20,COL202506200,COL,"Beck, Jordan",beckj003,4,1,empty,empty,1,strikeout,6,7,11
2025-06-20,COL202506200,COL,"Freeman, Tyler",freet001,4,2,empty,empty,1,strikeout,6,7,11
2025-06-20,COL202506200,COL,"Goodman, Hunter",goodh001,4,0,empty,empty,1,strikeout,7,7,13
2025-06-20,COL202506200,COL,"McMahon, Ryan",mcmar001,4,1,empty,empty,1,strikeout,7,7,13
2025-06-20,COL202506200,COL,"Toglia, Michael",toglm001,4,2,empty,empty,1,field_out,7,7,13
2025-06-20,COL202506200,COL,"Doyle, Brenton",doylb001,4,0,empty,empty,1,single,8,7,14
2025-06-20,COL202506200,COL,"Moniak, Mickey",monim001,4,0,1B,1B,1,strikeout,8,7,14
2025-06-20,COL202506200,COL,"Arcia, Orlando",arcio002,4,1,1B,1B,1,double,8,7,14
2025-06-20,COL202506200,COL,"Ritter, Ryan",rittr002,4,1,2B+3B,2B+3B,1,sac_fly,8,7,14
2025-06-20,COL202506200,COL,"Beck, Jordan",beckj003,5,2,2B,2B,1,field_out,8,8,14
2025-06-20,COL202506200,COL,"Freeman, Tyler",freet001,5,0,empty,empty,1,field_out,9,8,14
2025-06-20,COL202506200,COL,"Goodman, Hunter",goodh001,5,1,empty,empty,1,field_out,9,8,14
2025-06-20,COL202506200,COL,"McMahon, Ryan",mcmar001,5,2,empty,empty,1,strikeout,9,8,14
2025-06-21,COL202506210,COL,"Freeman, Tyler",freet001,1,0,empty,empty,1,walk,1,0,1
2025-06-21,COL202506210,COL,"Beck, Jordan",beckj003,1,0,1B,2B,0,home_run,1,0,1
2025-06-21,COL202506210,COL,"Goodman, Hunter",goodh001,1,0,empty,empty,1,strikeout,1,2,1
2025-06-21,COL202506210,COL,"McMahon, Ryan",mcmar001,1,1,empty,empty,1,strikeout,1,2,1
2025-06-21,COL202506210,COL,"Toglia, Michael",toglm001,1,2,empty,empty,1,field_out,1,2,1
2025-06-21,COL202506210,COL,"Moniak, Mickey",monim001,1,0,empty,empty,1,field_out,2,2,2
2025-06-21,COL202506210,COL,"Hilliard, Sam",hills005,1,1,empty,empty,1,strikeout,2,2,2
2025-06-21,COL202506210,COL,"Arcia, Orlando",arcio002,1,2,empty,empty,1,field_out,2,2,2
2025-06-21,COL202506210,COL,"Ritter, Ryan",rittr002,1,0,empty,empty,1,field_error,3,2,3
2025-06-21,COL202506210,COL,"Freeman, Tyler",freet001,2,0,1B,1B,1,single,3,2,3
2025-06-21,COL202506210,COL,"Beck, Jordan",beckj003,2,0,1B+3B,1B+3B,1,grounded_into_double_play,3,2,3
2025-06-21,COL202506210,COL,"Goodman, Hunter",goodh001,2,2,empty,empty,1,walk,3,3,3
2025-06-21,COL202506210,COL,"McMahon, Ryan",mcmar001,2,2,1B,1B,1,strikeout,3,3,3
2025-06-21,COL202506210,COL,"Toglia, Michael",toglm001,2,0,empty,empty,1,single,4,3,3
2025-06-21,COL202506210,COL,"Moniak, Mickey",monim001,2,0,1B,1B,1,field_out,4,3,3
2025-06-21,COL202506210,COL,"Hilliard, Sam",hills005,2,1,1B,2B,0,field_out,4,3,3
2025-06-21,COL202506210,COL,"Arcia, Orlando",arcio002,2,2,3B,3B,1,field_out,4,3,3
2025-06-21,COL202506210,COL,"Ritter, Ryan",rittr002,2,0,empty,empty,1,strikeout,5,3,5
2025-06-21,COL202506210,COL,"Freeman, Tyler",freet001,3,1,empty,empty,1,single,5,3,5
2025-06-21,COL202506210,COL,"Beck, Jordan",beckj003,3,2,1B,empty,0,strikeout,5,3,5
2025-06-21,COL202506210,COL,"Goodman, Hunter",goodh001,3,0,empty,empty,1,single,6,3,5
2025-06-21,COL202506210,COL,"McMahon, Ryan",mcmar001,3,0,1B,1B,1,grounded_into_double_play,6,3,5
2025-06-21,COL202506210,COL,"Toglia, Michael",toglm001,3,2,empty,empty,1,strikeout,6,3,5
2025-06-21,COL202506210,COL,"Moniak, Mickey",monim001,3,0,empty,empty,1,double,7,3,5
2025-06-21,COL202506210,COL,"Hilliard, Sam",hills005,3,0,2B,2B,1,walk,7,3,5
2025-06-21,COL202506210,COL,"Arcia, Orlando",arcio002,3,1,1B+2B,2B,0,field_out,7,3,5
2025-06-21,COL202506210,COL,"Ritter, Ryan",rittr002,3,2,2B,2B,1,strikeout,7,3,5
2025-06-21,COL202506210,COL,"Freeman, Tyler",freet001,4,0,empty,empty,1,field_out,8,3,5
2025-06-21,COL202506210,COL,"Beck, Jordan",beckj003,4,1,empty,empty,1,field_out,8,3,5
2025-06-21,COL202506210,COL,"Goodman, Hunter",goodh001,4,2,empty,empty,1,field_out,8,3,5
2025-06-21,COL202506210,COL,"McMahon, Ryan",mcmar001,4,0,empty,empty,1,single,9,3,5
2025-06-21,COL202506210,COL,"Toglia, Michael",toglm001,4,0,2B,2B,1,strikeout,9,3,5
2025-06-21,COL202506210,COL,"Moniak, Mickey",monim001,4,1,2B,2B,1,strikeout,9,3,5
2025-06-21,COL202506210,COL,"Hilliard, Sam",hills005,4,2,2B,2B,1,strikeout,9,3,5
2025-06-22,COL202506220,COL,"Freeman, Tyler",freet001,1,0,empty,empty,1,single,1,0,0
2025-06-22,COL202506220,COL,"Moniak, Mickey",monim001,1,0,1B,1B,1,strikeout,1,0,0
2025-06-22,COL202506220,COL,"Beck, Jordan",beckj003,1,1,1B,2B,0,strikeout,1,0,0
2025-06-22,COL202506220,COL,"McMahon, Ryan",mcmar001,1,2,2B,2B,1,field_out,1,0,0
2025-06-22,COL202506220,COL,"Toglia, Michael",toglm001,1,0,empty,empty,1,field_out,2,0,1
2025-06-22,COL202506220,COL,"Doyle, Brenton",doylb001,1,1,empty,empty,1,strikeout,2,0,1
2025-06-22,COL202506220,COL,"Farmer, Kyle",farmk001,1,2,empty,empty,1,strikeout,2,0,1
2025-06-22,COL202506220,COL,"Fulford, Braxton",fulfb001,1,0,empty,empty,1,strikeout,3,0,1
2025-06-22,COL202506220,COL,"Ritter, Ryan",rittr002,1,1,empty,empty,1,field_out,3,0,1
2025-06-22,COL202506220,COL,"Freeman, Tyler",freet001,2,2,empty,empty,1,field_out,3,0,1
2025-06-22,COL202506220,COL,"Moniak, Mickey",monim001,2,0,empty,empty,1,field_out,4,0,2
2025-06-22,COL202506220,COL,"Beck, Jordan",beckj003,2,1,empty,empty,1,single,4,0,2
2025-06-22,COL202506220,COL,"McMahon, Ryan",mcmar001,2,1,2B,2B,1,field_out,4,0,2
2025-06-22,COL202506220,COL,"Toglia, Michael",toglm001,2,2,3B,3B,1,strikeout,4,0,2
2025-06-22,COL202506220,COL,"Doyle, Brenton",doylb001,2,0,empty,empty,1,single,5,0,2
2025-06-22,COL202506220,COL,"Farmer, Kyle",farmk001,2,0,1B,2B,0,single,5,0,2
2025-06-22,COL202506220,COL,"Fulford, Braxton",fulfb001,2,0,1B+3B,1B+3B,1,single,5,0,2
2025-06-22,COL202506220,COL,"Ritter, Ryan",rittr002,2,0,1B+2B,1B+2B,1,strikeout,5,1,2
2025-06-22,COL202506220,COL,"Freeman, Tyler",freet001,3,1,1B+2B,1B+2B,1,field_out,5,1,2
2025-06-22,COL202506220,COL,"Moniak, Mickey",monim001,3,2,1B+2B,1B+2B,1,home_run,5,1,2
2025-06-22,COL202506220,COL,"Beck, Jordan",beckj003,3,2,empty,empty,1,walk,5,4,2
2025-06-22,COL202506220,COL,"McMahon, Ryan",mcmar001,3,2,1B,2B,0,field_out,5,4,2
2025-06-22,COL202506220,COL,"Toglia, Michael",toglm001,3,0,empty,empty,1,strikeout,6,4,2
2025-06-22,COL202506220,COL,"Doyle, Brenton",doylb001,3,1,empty,empty,1,field_out,6,4,2
2025-06-22,COL202506220,COL,"Farmer, Kyle",farmk001,3,2,empty,empty,1,field_out,6,4,2
2025-06-22,COL202506220,COL,"Fulford, Braxton",fulfb001,3,0,empty,empty,1,strikeout,7,4,2
2025-06-22,COL202506220,COL,"Ritter, Ryan",rittr002,3,1,empty,empty,1,walk,7,4,2
2025-06-22,COL202506220,COL,"Freeman, Tyler",freet001,4,1,1B,1B,1,field_out,7,4,2
2025-06-22,COL202506220,COL,"Moniak, Mickey",monim001,4,2,1B,1B,1,strikeout,7,4,2
2025-06-22,COL202506220,COL,"Beck, Jordan",beckj003,4,0,empty,empty,1,field_out,8,4,2
2025-06-22,COL202506220,COL,"McMahon, Ryan",mcmar001,4,1,empty,empty,1,field_out,8,4,2
2025-06-22,COL202506220,COL,"Toglia, Michael",toglm001,4,2,empty,empty,1,field_out,8,4,2
2025-06-24,COL202506240,COL,"Freeman, Tyler",freet001,1,0,empty,empty,1,field_out,1,0,0
2025-06-24,COL202506240,COL,"Goodman, Hunter",goodh001,1,1,empty,empty,1,single,1,0,0
2025-06-24,COL202506240,COL,"Beck, Jordan",beckj003,1,1,1B,1B,1,field_out,1,0,0
2025-06-24,COL202506240,COL,"Toglia, Michael",toglm001,1,2,1B,1B,1,double,1,0,0
2025-06-24,COL202506240,COL,"Estrada, Thairo",estrt001,1,2,3B,3B,1,field_out,1,1,0
2025-06-24,COL202506240,COL,"McMahon, Ryan",mcmar001,1,0,empty,empty,1,single,2,1,0
2025-06-24,COL202506240,COL,"Doyle, Brenton",doylb001,1,0,1B,1B,1,strikeout,2,1,0
2025-06-24,COL202506240,COL,"Farmer, Kyle",farmk001,1,1,1B,1B,1,strikeout,2,1,0
2025-06-24,COL202506240,COL,"Ritter, Ryan",rittr002,1,2,1B,2B,0,strikeout,2,1,0
2025-06-24,COL202506240,COL,"Freeman, Tyler",freet001,2,0,empty,empty,1,field_out,3,1,0
2025-06-24,COL202506240,COL,"Goodman, Hunter",goodh001,2,1,empty,empty,1,strikeout,3,1,0
2025-06-24,COL202506240,COL,"Beck, Jordan",beckj003,2,2,empty,empty,1,single,3,1,0
2025-06-24,COL202506240,COL,"Toglia, Michael",toglm001,2,2,1B,1B,1,double,3,1,0
2025-06-24,COL202506240,COL,"Estrada, Thairo",estrt001,2,2,2B,2B,1,walk,3,2,0
2025-06-24,COL202506240,COL,"McMahon, Ryan",mcmar001,2,2,1B+2B,1B+2B,1,strikeout,3,2,0
2025-06-24,COL202506240,COL,"Doyle, Brenton",doylb001,2,0,empty,empty,1,strikeout,4,2,6
2025-06-24,COL202506240,COL,"Farmer, Kyle",farmk001,2,1,empty,empty,1,field_out,4,2,6
2025-06-24,COL202506240,COL,"Ritter, Ryan",rittr002,2,2,empty,empty,1,walk,4,2,6
2025-06-24,COL202506240,COL,"Freeman, Tyler",freet001,3,2,1B,1B,1,field_out,4,2,6
2025-06-24,COL202506240,COL,"Goodman, Hunter",goodh001,3,0,empty,empty,1,field_out,5,2,6
2025-06-24,COL202506240,COL,"Beck, Jordan",beckj003,3,1,empty,empty,1,single,5,2,6
2025-06-24,COL202506240,COL,"Toglia, Michael",toglm001,3,1,1B,1B,1,double,5,2,6
2025-06-24,COL202506240,COL,"Estrada, Thairo",estrt001,3,1,2B+3B,2B+3B,1,sac_fly,5,2,6
2025-06-24,COL202506240,COL,"McMahon, Ryan",mcmar001,3,2,2B,2B,1,field_out,5,3,6
2025-06-24,COL202506240,COL,"Doyle, Brenton",doylb001,3,0,empty,empty,1,field_out,6,3,8
2025-06-24,COL202506240,COL,"Farmer, Kyle",farmk001,3,1,empty,empty,1,field_out,6,3,8
2025-06-24,COL202506240,COL,"Ritter, Ryan",rittr002,3,2,empty,empty,1,strikeout,6,3,8
2025-06-24,COL202506240,COL,"Freeman, Tyler",freet001,4,0,empty,empty,1,single,7,3,8
2025-06-24,COL202506240,COL,"Goodman, Hunter",goodh001,4,0,1B,2B,0,single,7,3,8
2025-06-24,COL202506240,COL,"Beck, Jordan",beckj003,4,0,1B+2B,1B+2B,1,strikeout,7,3,8
2025-06-24,COL202506240,COL,"Toglia, Michael",toglm001,4,1,1B+2B,1B+2B,1,strikeout,7,3,8
2025-06-24,COL202506240,COL,"Estrada, Thairo",estrt001,4,2,1B+2B,1B+2B,1,single,7,3,8
2025-06-24,COL202506240,COL,"McMahon, Ryan",mcmar001,4,2,1B+2B,2B+3B,0,strikeout,7,4,8
2025-06-24,COL202506240,COL,"Doyle, Brenton",doylb001,4,0,empty,empty,1,strikeout,8,4,8
2025-06-24,COL202506240,COL,"Farmer, Kyle",farmk001,4,1,empty,empty,1,field_out,8,4,8
2025-06-24,COL202506240,COL,"Ritter, Ryan",rittr002,4,2,empty,empty,1,double,8,4,8
2025-06-24,COL202506240,COL,"Freeman, Tyler",freet001,5,2,2B,2B,1,double,8,4,8
2025-06-24,COL202506240,COL,"Goodman, Hunter",goodh001,5,2,2B,2B,1,walk,8,5,8
2025-06-24,COL202506240,COL,"Beck, Jordan",beckj003,5,2,1B+2B,1B+2B,1,double,8,5,8
2025-06-24,COL202506240,COL,"Toglia, Michael",toglm001,5,2,2B,2B,1,field_out,8,7,8
2025-06-24,COL202506240,COL,"Estrada, Thairo",estrt001,5,0,empty,empty,1,field_out,9,7,9
2025-06-24,COL202506240,COL,"McMahon, Ryan",mcmar001,5,1,empty,empty,1,single,9,7,9
2025-06-24,COL202506240,COL,"Doyle, Brenton",doylb001,5,1,1B,1B,1,grounded_into_double_play,9,7,9
2025-06-25,COL202506250,COL,"Freeman, Tyler",freet001,1,0,empty,empty,1,field_out,1,0,0
2025-06-25,COL202506250,COL,"Goodman, Hunter",goodh001,1,1,empty,empty,1,field_out,1,0,0
2025-06-25,COL202506250,COL,"Beck, Jordan",beckj003,1,2,empty,empty,1,strikeout,1,0,0
2025-06-25,COL202506250,COL,"McMahon, Ryan",mcmar001,1,0,empty,empty,1,strikeout,2,0,0
2025-06-25,COL202506250,COL,"Estrada, Thairo",estrt001,1,1,empty,empty,1,field_out,2,0,0
2025-06-25,COL202506250,COL,"Toglia, Michael",toglm001,1,2,empty,empty,1,strikeout,2,0,0
2025-06-25,COL202506250,COL,"Moniak, Mickey",monim001,1,0,empty,empty,1,strikeout,3,0,0
2025-06-25,COL202506250,COL,"Arcia, Orlando",arcio002,1,1,empty,empty,1,field_out,3,0,0
2025-06-25,COL202506250,COL,"Hilliard, Sam",hills005,1,2,empty,empty,1,single,3,0,0
2025-06-25,COL202506250,COL,"Freeman, Tyler",freet001,2,2,1B,1B,1,field_out,3,0,0
2025-06-25,COL202506250,COL,"Goodman, Hunter",goodh001,2,0,empty,empty,1,field_out,4,0,0
2025-06-25,COL202506250,COL,"Beck, Jordan",beckj003,2,1,empty,empty,1,strikeout,4,0,0
2025-06-25,COL202506250,COL,"McMahon, Ryan",mcmar001,2,2,empty,empty,1,field_out,4,0,0
2025-06-25,COL202506250,COL,"Estrada, Thairo",estrt001,2,0,empty,empty,1,walk,5,0,0
2025-06-25,COL202506250,COL,"Toglia, Michael",toglm001,2,0,1B,1B,1,grounded_into_double_play,5,0,0
2025-06-25,COL202506250,COL,"Moniak, Mickey",monim001,2,2,empty,empty,1,strikeout,5,0,0
2025-06-25,COL202506250,COL,"Arcia, Orlando",arcio002,2,0,empty,empty,1,field_out,6,0,3
2025-06-25,COL202506250,COL,"Hilliard, Sam",hills005,2,1,empty,empty,1,field_out,6,0,3
2025-06-25,COL202506250,COL,"Freeman, Tyler",freet001,3,2,empty,empty,1,single,6,0,3
2025-06-25,COL202506250,COL,"Goodman, Hunter",goodh001,3,2,1B,1B,1,single,6,0,3
2025-06-25,COL202506250,COL,"Beck, Jordan",beckj003,3,2,2B,2B,1,walk,6,1,3
2025-06-25,COL202506250,COL,"McMahon, Ryan",mcmar001,3,2,1B+2B,1B+2B,1,strikeout,6,1,3
2025-06-25,COL202506250,COL,"Estrada, Thairo",estrt001,3,0,empty,empty,1,strikeout,7,1,7
2025-06-25,COL202506250,COL,"Toglia, Michael",toglm001,3,1,empty,empty,1,field_error,7,1,7
2025-06-25,COL202506250,COL,"Moniak, Mickey",monim001,3,1,1B,1B,1,field_out,7,1,7
2025-06-25,COL202506250,COL,"Arcia, Orlando",arcio002,3,2,1B,1B,1,field_out,7,1,7
2025-06-25,COL202506250,COL,"Hilliard, Sam",hills005,3,0,empty,empty,1,strikeout,8,1,8
2025-06-25,COL202506250,COL,"Freeman, Tyler",freet001,4,1,empty,empty,1,single,8,1,8
2025-06-25,COL202506250,COL,"Fulford, Braxton",fulfb001,1,1,1B,1B,1,strikeout,8,1,8
2025-06-25,COL202506250,COL,"Beck, Jordan",beckj003,4,2,1B,1B,1,single,8,1,8
2025-06-25,COL202506250,COL,"McMahon, Ryan",mcmar001,4,2,1B+2B,1B+2B,1,strikeout,8,1,8
2025-06-25,COL202506250,COL,"Estrada, Thairo",estrt001,4,0,empty,empty,1,field_out,9,1,8
2025-06-25,COL202506250,COL,"Toglia, Michael",toglm001,4,1,empty,empty,1,field_out,9,1,8
2025-06-25,COL202506250,COL,"Moniak, Mickey",monim001,4,2,empty,empty,1,field_out,9,1,8
2025-06-26,COL202506260,COL,"Freeman, Tyler",freet001,1,0,empty,empty,1,field_out,1,0,0
2025-06-26,COL202506260,COL,"Beck, Jordan",beckj003,1,1,empty,empty,1,field_out,1,0,0
2025-06-26,COL202506260,COL,"Estrada, Thairo",estrt001,1,2,empty,empty,1,strikeout,1,0,0
2025-06-26,COL202506260,COL,"Toglia, Michael",toglm001,1,0,empty,empty,1,strikeout,2,0,0
2025-06-26,COL202506260,COL,"Farmer, Kyle",farmk001,1,1,empty,empty,1,field_out,2,0,0
2025-06-26,COL202506260,COL,"Doyle, Brenton",doylb001,1,2,empty,empty,1,home_run,2,0,0
2025-06-26,COL202506260,COL,"Arcia, Orlando",arcio002,1,2,empty,empty,1,strikeout,2,1,0
2025-06-26,COL202506260,COL,"Fulford, Braxton",fulfb001,1,0,empty,empty,1,field_out,3,1,1
2025-06-26,COL202506260,COL,"Ritter, Ryan",rittr002,1,1,empty,empty,1,single,3,1,1
2025-06-26,COL202506260,COL,"Freeman, Tyler",freet001,2,1,1B,1B,1,field_out,3,1,1
2025-06-26,COL202506260,COL,"Beck, Jordan",beckj003,2,2,1B,1B,1,field_out,3,1,1
2025-06-26,COL202506260,COL,"Estrada, Thairo",estrt001,2,0,empty,empty,1,walk,4,1,1
2025-06-26,COL202506260,COL,"Toglia, Michael",toglm001,2,0,1B,1B,1,grounded_into_double_play,4,1,1
2025-06-26,COL202506260,COL,"Farmer, Kyle",farmk001,2,2,empty,empty,1,field_out,4,1,1
2025-06-26,COL202506260,COL,"Doyle, Brenton",doylb001,2,0,empty,empty,1,field_out,5,1,1
2025-06-26,COL202506260,COL,"Arcia, Orlando",arcio002,2,1,empty,empty,1,field_out,5,1,1
2025-06-26,COL202506260,COL,"Fulford, Braxton",fulfb001,2,2,empty,empty,1,strikeout,5,1,1
2025-06-26,COL202506260,COL,"Ritter, Ryan",rittr002,2,0,empty,empty,1,field_out,6,1,2
2025-06-26,COL202506260,COL,"Freeman, Tyler",freet001,3,1,empty,empty,1,strikeout,6,1,2
2025-06-26,COL202506260,COL,"Beck, Jordan",beckj003,3,2,empty,empty,1,field_out,6,1,2
2025-06-26,COL202506260,COL,"Estrada, Thairo",estrt001,3,0,empty,empty,1,field_out,7,1,3
2025-06-26,COL202506260,COL,"Toglia, Michael",toglm001,3,1,empty,empty,1,strikeout,7,1,3
2025-06-26,COL202506260,COL,"Moniak, Mickey",monim001,1,2,empty,empty,1,walk,7,1,3
2025-06-26,COL202506260,COL,"Doyle, Brenton",doylb001,3,2,1B,1B,1,field_out,7,1,3
2025-06-26,COL202506260,COL,"McMahon, Ryan",mcmar001,1,0,empty,empty,1,field_out,8,1,3
2025-06-26,COL202506260,COL,"Fulford, Braxton",fulfb001,3,1,empty,empty,1,strikeout,8,1,3
2025-06-26,COL202506260,COL,"Ritter, Ryan",rittr002,3,2,empty,empty,1,field_out,8,1,3
2025-06-26,COL202506260,COL,"Freeman, Tyler",freet001,4,0,empty,empty,1,walk,9,1,3
2025-06-26,COL202506260,COL,"Beck, Jordan",beckj003,4,0,1B,1B,1,strikeout,9,1,3
2025-06-26,COL202506260,COL,"Estrada, Thairo",estrt001,4,1,1B,1B,1,double_play,9,1,3
2025-06-27,MIL202506270,COL,"Moniak, Mickey",monim001,1,0,empty,empty,1,field_out,1,0,0
2025-06-27,MIL202506270,COL,"Beck, Jordan",beckj003,1,1,empty,empty,1,walk,1,0,0
2025-06-27,MIL202506270,COL,"Estrada, Thairo",estrt001,1,1,1B,1B,1,single,1,0,0
2025-06-27,MIL202506270,COL,"Toglia, Michael",toglm001,1,1,1B+2B,1B+2B,1,strikeout,1,0,0
2025-06-27,MIL202506270,COL,"Farmer, Kyle",farmk001,1,2,1B+2B,1B+2B,1,field_out,1,0,0
2025-06-27,MIL202506270,COL,"McMahon, Ryan",mcmar001,1,0,empty,empty,1,field_out,2,0,0
2025-06-27,MIL202506270,COL,"Doyle, Brenton",doylb001,1,1,empty,empty,1,field_out,2,0,0
2025-06-27,MIL202506270,COL,"Fulford, Braxton",fulfb001,1,2,empty,empty,1,strikeout,2,0,0
2025-06-27,MIL202506270,COL,"Ritter, Ryan",rittr002,1,0,empty,empty,1,double,3,0,0
2025-06-27,MIL202506270,COL,"Moniak, Mickey",monim001,2,0,2B,2B,1,field_out,3,0,0
2025-06-27,MIL202506270,COL,"Beck, Jordan",beckj003,2,1,2B,2B,1,strikeout,3,0,0
2025-06-27,MIL202506270,COL,"Estrada, Thairo",estrt001,2,2,2B,2B,1,field_out,3,0,0
2025-06-27,MIL202506270,COL,"Toglia, Michael",toglm001,2,0,empty,empty,1,field_out,4,0,0
2025-06-27,MIL202506270,COL,"Farmer, Kyle",farmk001,2,1,empty,empty,1,field_out,4,0,0
2025-06-27,MIL202506270,COL,"McMahon, Ryan",mcmar001,2,2,empty,empty,1,field_out,4,0,0
2025-06-27,MIL202506270,COL,"Doyle, Brenton",doylb001,2,0,empty,empty,1,single,5,0,6
2025-06-27,MIL202506270,COL,"Fulford, Braxton",fulfb001,2,0,1B,1B,1,single,5,0,6
2025-06-27,MIL202506270,COL,"Ritter, Ryan",rittr002,2,0,1B+3B,1B+3B,1,field_out,5,0,6
2025-06-27,MIL202506270,COL,"Moniak, Mickey",monim001,3,1,1B,1B,1,strikeout,5,1,6
2025-06-27,MIL202506270,COL,"Beck, Jordan",beckj003,3,2,1B,1B,1,double,5,1,6
2025-06-27,MIL202506270,COL,"Estrada, Thairo",estrt001,3,2,2B+3B,2B+3B,1,single,5,1,6
2025-06-27,MIL202506270,COL,"Toglia, Michael",toglm001,3,2,1B,1B,1,field_out,5,3,6
2025-06-27,MIL202506270,COL,"Farmer, Kyle",farmk001,3,0,empty,empty,1,strikeout,6,3,7
2025-06-27,MIL202506270,COL,"McMahon, Ryan",mcmar001,3,1,empty,empty,1,walk,6,3,7
2025-06-27,MIL202506270,COL,"Doyle, Brenton",doylb001,3,1,1B,1B,1,field_out,6,3,7
2025-06-27,MIL202506270,COL,"Fulford, Braxton",fulfb001,3,2,1B,1B,1,double,6,3,7
2025-06-27,MIL202506270,COL,"Ritter, Ryan",rittr002,3,2,2B,2B,1,strikeout,6,4,7
2025-06-27,MIL202506270,COL,"Moniak, Mickey",monim001,4,0,empty,empty,1,field_out,7,4,7
2025-06-27,MIL202506270,COL,"Beck, Jordan",beckj003,4,1,empty,empty,1,single,7,4,7
2025-06-27,MIL202506270,COL,"Estrada, Thairo",estrt001,4,1,1B,1B,1,single,7,4,7
2025-06-27,MIL202506270,COL,"Toglia, Michael",toglm001,4,2,1B+2B,3B,0,strikeout,7,4,7
2025-06-27,MIL202506270,COL,"Farmer, Kyle",farmk001,4,0,empty,empty,1,single,8,4,7
2025-06-27,MIL202506270,COL,"McMahon, Ryan",mcmar001,4,0,1B,1B,1,single,8,4,7
2025-06-27,MIL202506270,COL,"Doyle, Brenton",doylb001,4,0,1B+2B,1B+2B,1,field_out,8,4,7
2025-06-27,MIL202506270,COL,"Fulford, Braxton",fulfb001,4,1,1B+3B,1B+3B,1,double,8,4,7
2025-06-27,MIL202506270,COL,"Ritter, Ryan",rittr002,4,1,2B,2B,1,strikeout,8,6,7
2025-06-27,MIL202506270,COL,"Moniak, Mickey",monim001,5,2,2B,2B,1,strikeout,8,6,7
2025-06-27,MIL202506270,COL,"Beck, Jordan",beckj003,5,0,empty,empty,1,field_error,9,6,10
2025-06-27,MIL202506270,COL,"Estrada, Thairo",estrt001,5,0,1B,1B,1,field_out,9,6,10
2025-06-27,MIL202506270,COL,"Toglia, Michael",toglm001,5,1,1B,1B,1,strikeout,9,6,10
2025-06-27,MIL202506270,COL,"Farmer, Kyle",farmk001,5,2,1B,2B,0,strikeout,9,6,10
2025-06-28,MIL202506280,COL,"Freeman, Tyler",freet001,1,0,empty,empty,1,field_out,1,0,0
2025-06-28,MIL202506280,COL,"Beck, Jordan",beckj003,1,1,empty,empty,1,strikeout,1,0,0
2025-06-28,MIL202506280,COL,"Estrada, Thairo",estrt001,1,2,empty,empty,1,field_out,1,0,0
2025-06-28,MIL202506280,COL,"McMahon, Ryan",mcmar001,1,0,empty,empty,1,strikeout,2,0,2
2025-06-28,MIL202506280,COL,"Doyle, Brenton",doylb001,1,1,empty,empty,1,field_out,2,0,2
2025-06-28,MIL202506280,COL,"Toglia, Michael",toglm001,1,2,empty,empty,1,strikeout,2,0,2
2025-06-28,MIL202506280,COL,"Fulford, Braxton",fulfb001,1,0,empty,empty,1,field_out,3,0,2
2025-06-28,MIL202506280,COL,"Hilliard, Sam",hills005,1,1,empty,empty,1,strikeout,3,0,2
2025-06-28,MIL202506280,COL,"Ritter, Ryan",rittr002,1,2,empty,empty,1,walk,3,0,2
2025-06-28,MIL202506280,COL,"Freeman, Tyler",freet001,2,2,1B,1B,1,field_out,3,0,2
2025-06-28,MIL202506280,COL,"Beck, Jordan",beckj003,2,0,empty,empty,1,field_out,4,0,2
2025-06-28,MIL202506280,COL,"Estrada, Thairo",estrt001,2,1,empty,empty,1,field_out,4,0,2
2025-06-28,MIL202506280,COL,"McMahon, Ryan",mcmar001,2,2,empty,empty,1,strikeout,4,0,2
2025-06-28,MIL202506280,COL,"Doyle, Brenton",doylb001,2,0,empty,empty,1,field_out,5,0,4
2025-06-28,MIL202506280,COL,"Toglia, Michael",toglm001,2,1,empty,empty,1,single,5,0,4
2025-06-28,MIL202506280,COL,"Fulford, Braxton",fulfb001,2,1,1B,1B,1,strikeout,5,0,4
2025-06-28,MIL202506280,COL,"Hilliard, Sam",hills005,2,2,1B,1B,1,strikeout,5,0,4
2025-06-28,MIL202506280,COL,"Ritter, Ryan",rittr002,2,2,1B+2B,1B+2B,1,strikeout,5,0,4
2025-06-28,MIL202506280,COL,"Freeman, Tyler",freet001,3,0,empty,empty,1,walk,6,0,5
2025-06-28,MIL202506280,COL,"Beck, Jordan",beckj003,3,0,1B,1B,1,field_out,6,0,5
2025-06-28,MIL202506280,COL,"Estrada, Thairo",estrt001,3,1,2B,2B,1,strikeout,6,0,5
2025-06-28,MIL202506280,COL,"McMahon, Ryan",mcmar001,3,2,2B,2B,1,strikeout,6,0,5
2025-06-28,MIL202506280,COL,"Doyle, Brenton",doylb001,3,0,empty,empty,1,field_out,7,0,5
2025-06-28,MIL202506280,COL,"Toglia, Michael",toglm001,3,1,empty,empty,1,field_out,7,0,5
2025-06-28,MIL202506280,COL,"Fulford, Braxton",fulfb001,3,2,empty,empty,1,strikeout,7,0,5
2025-06-28,MIL202506280,COL,"Hilliard, Sam",hills005,3,0,empty,empty,1,walk,8,0,5
2025-06-28,MIL202506280,COL,"Ritter, Ryan",rittr002,3,0,1B,1B,1,grounded_into_double_play,8,0,5
2025-06-28,MIL202506280,COL,"Freeman, Tyler",freet001,4,2,empty,empty,1,walk,8,0,5
2025-06-28,MIL202506280,COL,"Beck, Jordan",beckj003,4,2,1B,1B,1,field_out,8,0,5
2025-06-28,MIL202506280,COL,"Estrada, Thairo",estrt001,4,0,empty,empty,1,field_out,9,0,5
2025-06-28,MIL202506280,COL,"McMahon, Ryan",mcmar001,4,1,empty,empty,1,field_out,9,0,5
2025-06-28,MIL202506280,COL,"Doyle, Brenton",doylb001,4,2,empty,empty,1,field_out,9,0,5
2025-06-29,MIL202506290,COL,"Freeman, Tyler",freet001,1,0,empty,empty,1,walk,1,0,0
2025-06-29,MIL202506290,COL,"Beck, Jordan",beckj003,1,0,1B,1B,1,field_out,1,0,0
2025-06-29,MIL202506290,COL,"Estrada, Thairo",estrt001,1,1,1B,1B,1,single,1,0,0
2025-06-29,MIL202506290,COL,"McMahon, Ryan",mcmar001,1,1,1B+3B,1B+3B,1,strikeout,1,0,0
2025-06-29,MIL202506290,COL,"Doyle, Brenton",doylb001,1,2,1B+3B,1B+3B,1,strikeout,1,0,0
2025-06-29,MIL202506290,COL,"Toglia, Michael",toglm001,1,0,empty,empty,1,strikeout,2,0,0
2025-06-29,MIL202506290,COL,"Moniak, Mickey",monim001,1,1,empty,empty,1,double,2,0,0
2025-06-29,MIL202506290,COL,"Fulford, Braxton",fulfb001,1,1,2B,2B,1,field_out,2,0,0
2025-06-29,MIL202506290,COL,"Arcia, Orlando",arcio002,1,2,3B,3B,1,field_out,2,0,0
2025-06-29,MIL202506290,COL,"Freeman, Tyler",freet001,2,0,empty,empty,1,strikeout,3,0,0
2025-06-29,MIL202506290,COL,"Beck, Jordan",beckj003,2,1,empty,empty,1,field_out,3,0,0
2025-06-29,MIL202506290,COL,"Estrada, Thairo",estrt001,2,2,empty,empty,1,strikeout,3,0,0
2025-06-29,MIL202506290,COL,"McMahon, Ryan",mcmar001,2,0,empty,empty,1,walk,4,0,0
2025-06-29,MIL202506290,COL,"Doyle, Brenton",doylb001,2,0,1B,1B,1,grounded_into_double_play,4,0,0
2025-06-29,MIL202506290,COL,"Toglia, Michael",toglm001,2,2,empty,empty,1,single,4,0,0
2025-06-29,MIL202506290,COL,"Moniak, Mickey",monim001,2,2,1B,1B,1,strikeout,4,0,0
2025-06-29,MIL202506290,COL,"Fulford, Braxton",fulfb001,2,0,empty,empty,1,single,5,0,0
2025-06-29,MIL202506290,COL,"Arcia, Orlando",arcio002,2,0,1B,1B,1,strikeout,5,0,0
2025-06-29,MIL202506290,COL,"Hilliard, Sam",hills005,1,1,1B,3B,0,strikeout,5,0,0
2025-06-29,MIL202506290,COL,"Beck, Jordan",beckj003,3,2,3B,3B,1,field_out,5,0,0
2025-06-29,MIL202506290,COL,"Estrada, Thairo",estrt001,3,0,empty,empty,1,single,6,0,0
2025-06-29,MIL202506290,COL,"McMahon, Ryan",mcmar001,3,0,1B,1B,1,field_out,6,0,0
2025-06-29,MIL202506290,COL,"Doyle, Brenton",doylb001,3,1,1B,1B,1,field_out,6,0,0
2025-06-29,MIL202506290,COL,"Toglia, Michael",toglm001,3,2,1B,1B,1,field_out,6,0,0
2025-06-29,MIL202506290,COL,"Farmer, Kyle",farmk001,1,0,empty,empty,1,single,7,0,2
2025-06-29,MIL202506290,COL,"Fulford, Braxton",fulfb001,3,0,1B,1B,1,field_out,7,0,2
2025-06-29,MIL202506290,COL,"Arcia, Orlando",arcio002,3,1,1B,1B,1,field_out,7,0,2
2025-06-29,MIL202506290,COL,"Hilliard, Sam",hills005,2,2,1B,1B,1,strikeout,7,0,2
2025-06-29,MIL202506290,COL,"Beck, Jordan",beckj003,4,0,empty,empty,1,strikeout,8,0,2
2025-06-29,MIL202506290,COL,"Estrada, Thairo",estrt001,4,1,empty,empty,1,field_out,8,0,2
2025-06-29,MIL202506290,COL,"McMahon, Ryan",mcmar001,4,2,empty,empty,1,single,8,0,2
2025-06-29,MIL202506290,COL,"Doyle, Brenton",doylb001,4,2,2B,2B,1,double,8,0,2
2025-06-29,MIL202506290,COL,"Toglia, Michael",toglm001,4,2,2B,2B,1,strikeout,8,1,2
2025-06-29,MIL202506290,COL,"Farmer, Kyle",farmk001,2,0,empty,empty,1,field_out,9,1,2
2025-06-29,MIL202506290,COL,"Fulford, Braxton",fulfb001,4,1,empty,empty,1,field_out,9,1,2
2025-06-29,MIL202506290,COL,"Arcia, Orlando",arcio002,4,2,empty,empty,1,home_run,9,1,2
2025-06-29,MIL202506290,COL,"Hilliard, Sam",hills005,3,2,empty,empty,1,field_out,9,2,2
2025-06-29,MIL202506290,COL,"Beck, Jordan",beckj003,5,0,2B,2B,1,field_out,10,2,2
2025-06-29,MIL202506290,COL,"Estrada, Thairo",estrt001,5,1,3B,3B,1,single,10,2,2
2025-06-29,MIL202506290,COL,"McMahon, Ryan",mcmar001,5,1,1B,1B,1,strikeout,10,3,2
2025-06-29,MIL202506290,COL,"Doyle, Brenton",doylb001,5,2,2B,2B,1,strikeout,10,3,2
2025-06-29,MIL202506290,COL,"Toglia, Michael",toglm001,5,0,2B,2B,1,strikeout,11,3,3
2025-06-29,MIL202506290,COL,"Farmer, Kyle",farmk001,3,1,2B,2B,1,single,11,3,3
2025-06-29,MIL202506290,COL,"Fulford, Braxton",fulfb001,5,1,1B,1B,1,strikeout_double_play,11,4,3
2025-07-01,COL202507010,COL,"Freeman, Tyler",freet001,1,0,empty,empty,1,strikeout,1,0,0
2025-07-01,COL202507010,COL,"Goodman, Hunter",goodh001,1,1,empty,empty,1,home_run,1,0,0
2025-07-01,COL202507010,COL,"Beck, Jordan",beckj003,1,1,empty,empty,1,single,1,1,0
2025-07-01,COL202507010,COL,"Estrada, Thairo",estrt001,1,1,1B,1B,1,field_out,1,1,0
2025-07-01,COL202507010,COL,"Doyle, Brenton",doylb001,1,2,1B,1B,1,field_out,1,1,0
2025-07-01,COL202507010,COL,"Farmer, Kyle",farmk001,1,0,empty,empty,1,strikeout,2,1,1
2025-07-01,COL202507010,COL,"Toglia, Michael",toglm001,1,1,empty,empty,1,field_out,2,1,1
2025-07-01,COL202507010,COL,"Arcia, Orlando",arcio002,1,2,empty,empty,1,walk,2,1,1
2025-07-01,COL202507010,COL,"Ritter, Ryan",rittr002,1,2,1B,1B,1,single,2,1,1
2025-07-01,COL202507010,COL,"Freeman, Tyler",freet001,2,2,1B+2B,2B+3B,0,field_out,2,1,1
2025-07-01,COL202507010,COL,"Goodman, Hunter",goodh001,2,0,empty,empty,1,walk,3,1,6
2025-07-01,COL202507010,COL,"Beck, Jordan",beckj003,2,0,1B,1B,1,single,3,1,6
2025-07-01,COL202507010,COL,"Estrada, Thairo",estrt001,2,0,1B+3B,1B+3B,1,sac_fly,3,1,6
2025-07-01,COL202507010,COL,"Doyle, Brenton",doylb001,2,1,1B,1B,1,field_out,3,2,6
2025-07-01,COL202507010,COL,"Farmer, Kyle",farmk001,2,2,1B,1B,1,field_out,3,2,6
2025-07-01,COL202507010,COL,"Toglia, Michael",toglm001,2,0,empty,empty,1,field_out,4,2,6
2025-07-01,COL202507010,COL,"Arcia, Orlando",arcio002,2,1,empty,empty,1,strikeout,4,2,6
2025-07-01,COL202507010,COL,"Ritter, Ryan",rittr002,2,2,empty,empty,1,single,4,2,6
2025-07-01,COL202507010,COL,"Freeman, Tyler",freet001,3,2,1B,1B,1,double,4,2,6
2025-07-01,COL202507010,COL,"Goodman, Hunter",goodh001,3,2,2B,2B,1,field_out,4,3,6
2025-07-01,COL202507010,COL,"Beck, Jordan",beckj003,3,0,empty,empty,1,double,5,3,6
2025-07-01,COL202507010,COL,"Estrada, Thairo",estrt001,3,0,2B,2B,1,field_out,5,3,6
2025-07-01,COL202507010,COL,"Doyle, Brenton",doylb001,3,1,3B,3B,1,single,5,3,6
2025-07-01,COL202507010,COL,"Farmer, Kyle",farmk001,3,1,1B,1B,1,field_out,5,4,6
2025-07-01,COL202507010,COL,"Toglia, Michael",toglm001,3,2,1B,1B,1,single,5,4,6
2025-07-01,COL202507010,COL,"Arcia, Orlando",arcio002,3,2,1B+2B,1B+2B,1,field_out,5,4,6
2025-07-01,COL202507010,COL,"Ritter, Ryan",rittr002,3,0,empty,empty,1,strikeout,6,4,6
2025-07-01,COL202507010,COL,"Freeman, Tyler",freet001,4,1,empty,empty,1,field_out,6,4,6
2025-07-01,COL202507010,COL,"Goodman, Hunter",goodh001,4,2,empty,empty,1,field_out,6,4,6
2025-07-01,COL202507010,COL,"Beck, Jordan",beckj003,4,0,empty,empty,1,single,7,4,6
2025-07-01,COL202507010,COL,"Estrada, Thairo",estrt001,4,0,1B,2B,0,fielders_choice_out,7,4,6
2025-07-01,COL202507010,COL,"Doyle, Brenton",doylb001,4,1,1B,1B,1,strikeout,7,4,6
2025-07-01,COL202507010,COL,"Farmer, Kyle",farmk001,4,2,1B,1B,1,field_out,7,4,6
2025-07-01,COL202507010,COL,"Toglia, Michael",toglm001,4,0,empty,empty,1,strikeout,8,4,6
2025-07-01,COL202507010,COL,"McMahon, Ryan",mcmar001,1,1,empty,empty,1,strikeout,8,4,6
2025-07-01,COL202507010,COL,"Ritter, Ryan",rittr002,4,2,empty,empty,1,strikeout,8,4,6
2025-07-01,COL202507010,COL,"Freeman, Tyler",freet001,5,0,empty,empty,1,field_out,9,4,6
2025-07-01,COL202507010,COL,"Goodman, Hunter",goodh001,5,1,empty,empty,1,home_run,9,4,6
2025-07-01,COL202507010,COL,"Beck, Jordan",beckj003,5,1,empty,empty,1,single,9,5,6
2025-07-01,COL202507010,COL,"Estrada, Thairo",estrt001,5,1,1B,1B,1,strikeout,9,5,6
2025-07-01,COL202507010,COL,"Doyle, Brenton",doylb001,5,2,1B,1B,1,strikeout,9,5,6
2025-07-02,COL202507020,COL,"Freeman, Tyler",freet001,1,0,empty,empty,1,field_out,1,0,1
2025-07-02,COL202507020,COL,"Goodman, Hunter",goodh001,1,1,empty,empty,1,field_out,1,0,1
2025-07-02,COL202507020,COL,"Beck, Jordan",beckj003,1,2,empty,empty,1,field_out,1,0,1
2025-07-02,COL202507020,COL,"McMahon, Ryan",mcmar001,1,0,empty,empty,1,strikeout,2,0,2
2025-07-02,COL202507020,COL,"Estrada, Thairo",estrt001,1,1,empty,empty,1,single,2,0,2
2025-07-02,COL202507020,COL,"Moniak, Mickey",monim001,1,1,1B,1B,1,home_run,2,0,2
2025-07-02,COL202507020,COL,"Toglia, Michael",toglm001,1,1,empty,empty,1,strikeout,2,2,2
2025-07-02,COL202507020,COL,"Fernandez, Yanquiel",ferny001,1,2,empty,empty,1,field_out,2,2,2
2025-07-02,COL202507020,COL,"Ritter, Ryan",rittr002,1,0,empty,empty,1,field_out,3,2,2
2025-07-02,COL202507020,COL,"Freeman, Tyler",freet001,2,1,empty,empty,1,single,3,2,2
2025-07-02,COL202507020,COL,"Goodman, Hunter",goodh001,2,1,1B,1B,1,strikeout,3,2,2
2025-07-02,COL202507020,COL,"Beck, Jordan",beckj003,2,2,1B,2B,0,strikeout,3,2,2
2025-07-02,COL202507020,COL,"McMahon, Ryan",mcmar001,2,0,empty,empty,1,strikeout,4,2,2
2025-07-02,COL202507020,COL,"Estrada, Thairo",estrt001,2,1,empty,empty,1,single,4,2,2
2025-07-02,COL202507020,COL,"Moniak, Mickey",monim001,2,1,1B,1B,1,field_out,4,2,2
2025-07-02,COL202507020,COL,"Toglia, Michael",toglm001,2,2,1B,1B,1,strikeout,4,2,2
2025-07-02,COL202507020,COL,"Fernandez, Yanquiel",ferny001,2,0,empty,empty,1,field_out,5,2,2
2025-07-02,COL202507020,COL,"Ritter, Ryan",rittr002,2,1,empty,empty,1,walk,5,2,2
2025-07-02,COL202507020,COL,"Freeman, Tyler",freet001,3,1,1B,1B,1,single,5,2,2
2025-07-02,COL202507020,COL,"Goodman, Hunter",goodh001,3,1,1B+3B,1B+3B,1,strikeout,5,2,2
2025-07-02,COL202507020,COL,"Beck, Jordan",beckj003,3,2,2B+3B,2B+3B,1,field_out,5,2,2
2025-07-02,COL202507020,COL,"McMahon, Ryan",mcmar001,3,0,empty,empty,1,field_out,6,2,5
2025-07-02,COL202507020,COL,"Estrada, Thairo",estrt001,3,1,empty,empty,1,single,6,2,5
2025-07-02,COL202507020,COL,"Moniak, Mickey",monim001,3,1,1B,2B,0,field_out,6,2,5
2025-07-02,COL202507020,COL,"Toglia, Michael",toglm001,3,2,3B,3B,1,strikeout,6,2,5
2025-07-02,COL202507020,COL,"Fernandez, Yanquiel",ferny001,3,0,empty,empty,1,strikeout,7,2,5
2025-07-02,COL202507020,COL,"Ritter, Ryan",rittr002,3,1,empty,empty,1,field_out,7,2,5
2025-07-02,COL202507020,COL,"Freeman, Tyler",freet001,4,2,empty,empty,1,single,7,2,5
2025-07-02,COL202507020,COL,"Goodman, Hunter",goodh001,4,2,1B,1B,1,field_out,7,2,5
2025-07-02,COL202507020,COL,"Beck, Jordan",beckj003,4,0,empty,empty,1,strikeout,8,2,5
2025-07-02,COL202507020,COL,"McMahon, Ryan",mcmar001,4,1,empty,empty,1,field_out,8,2,5
2025-07-02,COL202507020,COL,"Estrada, Thairo",estrt001,4,2,empty,empty,1,field_out,8,2,5
2025-07-02,COL202507020,COL,"Doyle, Brenton",doylb001,1,0,empty,empty,1,double,9,2,5
2025-07-02,COL202507020,COL,"Toglia, Michael",toglm001,4,0,2B,2B,1,single,9,2,5
2025-07-02,COL202507020,COL,"Farmer, Kyle",farmk001,1,0,1B+3B,1B+3B,1,grounded_into_double_play,9,2,5
2025-07-02,COL202507020,COL,"Ritter, Ryan",rittr002,4,2,empty,empty,1,single,9,3,5
2025-07-02,COL202507020,COL,"Freeman, Tyler",freet001,5,2,1B,2B,0,strikeout,9,3,5
2025-07-03,COL202507030,COL,"Freeman, Tyler",freet001,1,0,empty,empty,1,single,1,0,2
2025-07-03,COL202507030,COL,"Farmer, Kyle",farmk001,1,0,1B,1B,1,strikeout,1,0,2
2025-07-03,COL202507030,COL,"Beck, Jordan",beckj003,1,1,1B,2B,0,strikeout,1,0,2
2025-07-03,COL202507030,COL,"Estrada, Thairo",estrt001,1,2,2B,2B,1,home_run,1,0,2
2025-07-03,COL202507030,COL,"McMahon, Ryan",mcmar001,1,2,empty,empty,1,strikeout,1,2,2
2025-07-03,COL202507030,COL,"Doyle, Brenton",doylb001,1,0,empty,empty,1,single,2,2,3
2025-07-03,COL202507030,COL,"Arcia, Orlando",arcio002,1,0,1B,1B,1,field_out,2,2,3
2025-07-03,COL202507030,COL,"Nola, Austin",nolaa002,1,1,1B,1B,1,field_out,2,2,3
2025-07-03,COL202507030,COL,"Ritter, Ryan",rittr002,1,2,2B,2B,1,field_out,2,2,3
2025-07-03,COL202507030,COL,"Freeman, Tyler",freet001,2,0,empty,empty,1,field_out,3,2,3
2025-07-03,COL202507030,COL,"Farmer, Kyle",farmk001,2,1,empty,empty,1,hit_by_pitch,3,2,3
2025-07-03,COL202507030,COL,"Beck, Jordan",beckj003,2,1,1B,1B,1,double,3,2,3
2025-07-03,COL202507030,COL,"Estrada, Thairo",estrt001,2,1,2B+3B,2B+3B,1,field_out,3,2,3
2025-07-03,COL202507030,COL,"McMahon, Ryan",mcmar001,2,2,3B,3B,1,field_out,3,3,3
2025-07-03,COL202507030,COL,"Doyle, Brenton",doylb001,2,0,empty,empty,1,single,4,3,3
2025-07-03,COL202507030,COL,"Arcia, Orlando",arcio002,2,0,1B,1B,1,single,4,3,3
2025-07-03,COL202507030,COL,"Nola, Austin",nolaa002,2,0,1B+2B,1B+2B,1,sac_bunt,4,3,3
2025-07-03,COL202507030,COL,"Ritter, Ryan",rittr002,2,1,2B+3B,2B+3B,1,single,4,3,3
2025-07-03,COL202507030,COL,"Freeman, Tyler",freet001,3,1,1B,1B,1,field_out,4,5,3
2025-07-03,COL202507030,COL,"Farmer, Kyle",farmk001,3,2,1B,1B,1,field_out,4,5,3
2025-07-03,COL202507030,COL,"Beck, Jordan",beckj003,3,0,empty,empty,1,field_out,5,5,3
2025-07-03,COL202507030,COL,"Estrada, Thairo",estrt001,3,1,empty,empty,1,single,5,5,3
2025-07-03,COL202507030,COL,"McMahon, Ryan",mcmar001,3,1,1B,1B,1,field_out,5,5,3
2025-07-03,COL202507030,COL,"Doyle, Brenton",doylb001,3,0,1B,empty,0,field_out,6,5,3
2025-07-03,COL202507030,COL,"Arcia, Orlando",arcio002,3,1,empty,empty,1,single,6,5,3
2025-07-03,COL202507030,COL,"Nola, Austin",nolaa002,3,1,1B,1B,1,double_play,6,5,3
2025-07-03,COL202507030,COL,"Ritter, Ryan",rittr002,3,0,empty,empty,1,field_out,7,5,5
2025-07-03,COL202507030,COL,"Freeman, Tyler",freet001,4,1,empty,empty,1,single,7,5,5
2025-07-03,COL202507030,COL,"Moniak, Mickey",monim001,1,1,1B,1B,1,double,7,5,5
2025-07-03,COL202507030,COL,"Beck, Jordan",beckj003,4,2,3B,3B,1,single,7,5,5
2025-07-03,COL202507030,COL,"Estrada, Thairo",estrt001,4,2,1B,2B,0,single,7,6,5
2025-07-03,COL202507030,COL,"McMahon, Ryan",mcmar001,4,2,1B,1B,1,field_out,7,7,5
2025-07-03,COL202507030,COL,"Doyle, Brenton",doylb001,4,0,empty,empty,1,field_out,8,7,5
2025-07-03,COL202507030,COL,"Arcia, Orlando",arcio002,4,1,empty,empty,1,walk,8,7,5
2025-07-03,COL202507030,COL,"Nola, Austin",nolaa002,4,1,1B,1B,1,grounded_into_double_play,8,7,5
2025-07-04,COL202507040,COL,"Freeman, Tyler",freet001,1,0,empty,empty,1,field_out,1,0,0
2025-07-04,COL202507040,COL,"Goodman, Hunter",goodh001,1,1,empty,empty,1,field_out,1,0,0
2025-07-04,COL202507040,COL,"Beck, Jordan",beckj003,1,2,empty,empty,1,field_out,1,0,0
2025-07-04,COL202507040,COL,"Estrada, Thairo",estrt001,1,0,empty,empty,1,field_out,2,0,0
2025-07-04,COL202507040,COL,"Moniak, Mickey",monim001,1,1,empty,empty,1,single,2,0,0
2025-07-04,COL202507040,COL,"McMahon, Ryan",mcmar001,1,1,1B,1B,1,strikeout,2,0,0
2025-07-04,COL202507040,COL,"Toglia, Michael",toglm001,1,2,1B,3B,0,walk,2,0,0
2025-07-04,COL202507040,COL,"Ritter, Ryan",rittr002,1,2,1B+3B,1B+3B,1,field_out,2,0,0
2025-07-04,COL202507040,COL,"Fernandez, Yanquiel",ferny001,1,0,empty,empty,1,single,3,0,0
2025-07-04,COL202507040,COL,"Freeman, Tyler",freet001,2,0,1B,1B,1,field_out,3,0,0
2025-07-04,COL202507040,COL,"Goodman, Hunter",goodh001,2,2,1B,empty,0,strikeout,3,0,0
2025-07-04,COL202507040,COL,"Beck, Jordan",beckj003,2,0,empty,empty,1,field_out,4,0,2
2025-07-04,COL202507040,COL,"Estrada, Thairo",estrt001,2,1,empty,empty,1,field_out,4,0,2
2025-07-04,COL202507040,COL,"Moniak, Mickey",monim001,2,2,empty,empty,1,field_out,4,0,2
2025-07-04,COL202507040,COL,"McMahon, Ryan",mcmar001,2,0,empty,empty,1,field_out,5,0,2
2025-07-04,COL202507040,COL,"Toglia, Michael",toglm001,2,1,empty,empty,1,double,5,0,2
2025-07-04,COL202507040,COL,"Ritter, Ryan",rittr002,2,1,2B,2B,1,field_error,5,0,2
2025-07-04,COL202507040,COL,"Fernandez, Yanquiel",ferny001,2,1,2B,2B,1,field_out,5,1,2
2025-07-04,COL202507040,COL,"Freeman, Tyler",freet001,3,2,2B,2B,1,double,5,1,2
2025-07-04,COL202507040,COL,"Goodman, Hunter",goodh001,3,2,2B,2B,1,field_out,5,2,2
2025-07-04,COL202507040,COL,"Beck, Jordan",beckj003,3,0,empty,empty,1,strikeout,6,2,3
2025-07-04,COL202507040,COL,"Estrada, Thairo",estrt001,3,1,empty,empty,1,field_out,6,2,3
2025-07-04,COL202507040,COL,"Moniak, Mickey",monim001,3,2,empty,empty,1,field_out,6,2,3
2025-07-04,COL202507040,COL,"McMahon, Ryan",mcmar001,3,0,empty,empty,1,strikeout,7,2,3
2025-07-04,COL202507040,COL,"Toglia, Michael",toglm001,3,1,empty,empty,1,walk,7,2,3
2025-07-04,COL202507040,COL,"Ritter, Ryan",rittr002,3,1,1B,1B,1,grounded_into_double_play,7,2,3
2025-07-04,COL202507040,COL,"Fernandez, Yanquiel",ferny001,3,0,empty,empty,1,strikeout,8,2,3
2025-07-04,COL202507040,COL,"Freeman, Tyler",freet001,4,1,empty,empty,1,field_out,8,2,3
2025-07-04,COL202507040,COL,"Goodman, Hunter",goodh001,4,2,empty,empty,1,strikeout,8,2,3
2025-07-04,COL202507040,COL,"Beck, Jordan",beckj003,4,0,empty,empty,1,strikeout,9,2,3
2025-07-04,COL202507040,COL,"Estrada, Thairo",estrt001,4,1,empty,empty,1,field_out,9,2,3
2025-07-04,COL202507040,COL,"Moniak, Mickey",monim001,4,2,empty,empty,1,single,9,2,3
2025-07-04,COL202507040,COL,"McMahon, Ryan",mcmar001,4,2,1B,1B,1,strikeout,9,2,3
2025-07-05,COL202507050,COL,"Freeman, Tyler",freet001,1,0,empty,empty,1,single,1,0,2
2025-07-05,COL202507050,COL,"Goodman, Hunter",goodh001,1,0,1B,1B,1,double,1,0,2
2025-07-05,COL202507050,COL,"Beck, Jordan",beckj003,1,0,2B+3B,2B+3B,1,single,1,0,2
2025-07-05,COL202507050,COL,"Estrada, Thairo",estrt001,1,0,1B,1B,1,field_out,1,2,2
2025-07-05,COL202507050,COL,"Moniak, Mickey",monim001,1,1,1B,1B,1,grounded_into_double_play,1,2,2
2025-07-05,COL202507050,COL,"McMahon, Ryan",mcmar001,1,0,empty,empty,1,field_out,2,2,5
2025-07-05,COL202507050,COL,"Toglia, Michael",toglm001,1,1,empty,empty,1,field_out,2,2,5
2025-07-05,COL202507050,COL,"Arcia, Orlando",arcio002,1,2,empty,empty,1,field_out,2,2,5
2025-07-05,COL202507050,COL,"Fernandez, Yanquiel",ferny001,1,0,empty,empty,1,field_out,3,2,5
2025-07-05,COL202507050,COL,"Freeman, Tyler",freet001,2,1,empty,empty,1,field_out,3,2,5
2025-07-05,COL202507050,COL,"Goodman, Hunter",goodh001,2,2,empty,empty,1,strikeout,3,2,5
2025-07-05,COL202507050,COL,"Beck, Jordan",beckj003,2,0,empty,empty,1,field_out,4,2,5
2025-07-05,COL202507050,COL,"Estrada, Thairo",estrt001,2,1,empty,empty,1,field_out,4,2,5
2025-07-05,COL202507050,COL,"Moniak, Mickey",monim001,2,2,empty,empty,1,double,4,2,5
2025-07-05,COL202507050,COL,"McMahon, Ryan",mcmar001,2,2,2B,2B,1,single,4,2,5
2025-07-05,COL202507050,COL,"Toglia, Michael",toglm001,2,2,2B+3B,2B+3B,1,walk,4,2,5
2025-07-05,COL202507050,COL,"Arcia, Orlando",arcio002,2,2,1B+2B+3B,1B+2B+3B,1,field_out,4,2,5
2025-07-05,COL202507050,COL,"Fernandez, Yanquiel",ferny001,2,0,empty,empty,1,single,5,2,6
2025-07-05,COL202507050,COL,"Freeman, Tyler",freet001,3,0,1B,1B,1,double,5,2,6
2025-07-05,COL202507050,COL,"Goodman, Hunter",goodh001,3,0,2B+3B,2B+3B,1,field_out,5,2,6
2025-07-05,COL202507050,COL,"Beck, Jordan",beckj003,3,1,2B+3B,2B+3B,1,field_out,5,2,6
2025-07-05,COL202507050,COL,"Estrada, Thairo",estrt001,3,2,2B+3B,2B+3B,1,field_out,5,2,6
2025-07-05,COL202507050,COL,"Moniak, Mickey",monim001,3,0,empty,empty,1,field_out,6,2,6
2025-07-05,COL202507050,COL,"McMahon, Ryan",mcmar001,3,1,empty,empty,1,walk,6,2,6
2025-07-05,COL202507050,COL,"Toglia, Michael",toglm001,3,1,1B,1B,1,single,6,2,6
2025-07-05,COL202507050,COL,"Arcia, Orlando",arcio002,3,1,1B+2B,1B+2B,1,grounded_into_double_play,6,2,6
2025-07-05,COL202507050,COL,"Fernandez, Yanquiel",ferny001,3,0,empty,empty,1,double,7,2,6
2025-07-05,COL202507050,COL,"Freeman, Tyler",freet001,4,0,2B,2B,1,walk,7,2,6
2025-07-05,COL202507050,COL,"Goodman, Hunter",goodh001,4,0,1B+2B,1B+2B,1,fielders_choice,7,2,6
2025-07-05,COL202507050,COL,"Beck, Jordan",beckj003,4,0,1B+2B+3B,1B+2B+3B,1,strikeout,7,2,6
2025-07-05,COL202507050,COL,"Estrada, Thairo",estrt001,4,1,1B+2B+3B,1B+2B+3B,1,grounded_into_double_play,7,2,6
2025-07-05,COL202507050,COL,"Doyle, Brenton",doylb001,1,0,empty,empty,1,home_run,8,2,8
2025-07-05,COL202507050,COL,"McMahon, Ryan",mcmar001,4,0,empty,empty,1,field_out,8,3,8
2025-07-05,COL202507050,COL,"Toglia, Michael",toglm001,4,1,empty,empty,1,strikeout,8,3,8
2025-07-05,COL202507050,COL,"Arcia, Orlando",arcio002,4,2,empty,empty,1,field_out,8,3,8
2025-07-05,COL202507050,COL,"Fernandez, Yanquiel",ferny001,4,0,empty,empty,1,field_out,9,3,10
2025-07-05,COL202507050,COL,"Freeman, Tyler",freet001,5,1,empty,empty,1,double,9,3,10
2025-07-05,COL202507050,COL,"Goodman, Hunter",goodh001,5,1,2B,2B,1,field_out,9,3,10
2025-07-05,COL202507050,COL,"Beck, Jordan",beckj003,5,2,2B,2B,1,field_out,9,3,10
2025-07-06,COL202507060,COL,"Moniak, Mickey",monim001,1,0,empty,empty,1,home_run,1,0,0
2025-07-06,COL202507060,COL,"Beck, Jordan",beckj003,1,0,empty,empty,1,field_out,1,1,0
2025-07-06,COL202507060,COL,"Estrada, Thairo",estrt001,1,1,empty,empty,1,field_out,1,1,0
2025-07-06,COL202507060,COL,"Toglia, Michael",toglm001,1,2,empty,empty,1,field_out,1,1,0
2025-07-06,COL202507060,COL,"McMahon, Ryan",mcmar001,1,0,empty,empty,1,walk,2,1,0
2025-07-06,COL202507060,COL,"Farmer, Kyle",farmk001,1,0,1B,1B,1,strikeout,2,1,0
2025-07-06,COL202507060,COL,"Nola, Austin",nolaa002,1,1,1B,1B,1,single,2,1,0
2025-07-06,COL202507060,COL,"Fernandez, Yanquiel",ferny001,1,1,1B+3B,1B+3B,1,field_out,2,1,0
2025-07-06,COL202507060,COL,"Ritter, Ryan",rittr002,1,2,1B,1B,1,walk,2,2,0
2025-07-06,COL202507060,COL,"Moniak, Mickey",monim001,2,2,1B+2B,1B+2B,1,strikeout,2,2,0
2025-07-06,COL202507060,COL,"Beck, Jordan",beckj003,2,0,empty,empty,1,field_out,3,2,2
2025-07-06,COL202507060,COL,"Estrada, Thairo",estrt001,2,1,empty,empty,1,field_out,3,2,2
2025-07-06,COL202507060,COL,"Toglia, Michael",toglm001,2,2,empty,empty,1,field_out,3,2,2
2025-07-06,COL202507060,COL,"McMahon, Ryan",mcmar001,2,0,empty,empty,1,field_out,4,2,3
2025-07-06,COL202507060,COL,"Farmer, Kyle",farmk001,2,1,empty,empty,1,hit_by_pitch,4,2,3
2025-07-06,COL202507060,COL,"Nola, Austin",nolaa002,2,1,1B,1B,1,grounded_into_double_play,4,2,3
2025-07-06,COL202507060,COL,"Fernandez, Yanquiel",ferny001,2,0,empty,empty,1,single,5,2,4
2025-07-06,COL202507060,COL,"Ritter, Ryan",rittr002,2,0,1B,1B,1,single,5,2,4
2025-07-06,COL202507060,COL,"Moniak, Mickey",monim001,3,0,1B+2B,1B+2B,1,triple,5,2,4
2025-07-06,COL202507060,COL,"Beck, Jordan",beckj003,3,0,3B,3B,1,field_out,5,4,4
2025-07-06,COL202507060,COL,"Estrada, Thairo",estrt001,3,1,3B,3B,1,fielders_choice_out,5,4,4
2025-07-06,COL202507060,COL,"Toglia, Michael",toglm001,3,2,1B,1B,1,home_run,5,4,4
2025-07-06,COL202507060,COL,"McMahon, Ryan",mcmar001,3,2,empty,empty,1,field_out,5,6,4
2025-07-06,COL202507060,COL,"Farmer, Kyle",farmk001,3,0,empty,empty,1,field_out,6,6,4
2025-07-06,COL202507060,COL,"Nola, Austin",nolaa002,3,1,empty,empty,1,field_out,6,6,4
2025-07-06,COL202507060,COL,"Fernandez, Yanquiel",ferny001,3,2,empty,empty,1,field_out,6,6,4
2025-07-06,COL202507060,COL,"Ritter, Ryan",rittr002,3,0,empty,empty,1,field_out,7,6,4
2025-07-06,COL202507060,COL,"Moniak, Mickey",monim001,4,1,empty,empty,1,single,7,6,4
2025-07-06,COL202507060,COL,"Beck, Jordan",beckj003,4,1,1B,2B,0,field_out,7,6,4
2025-07-06,COL202507060,COL,"Estrada, Thairo",estrt001,4,2,2B,2B,1,walk,7,6,4
2025-07-06,COL202507060,COL,"Toglia, Michael",toglm001,4,2,1B+2B,2B+3B,0,walk,7,6,4
2025-07-06,COL202507060,COL,"McMahon, Ryan",mcmar001,4,2,1B+2B+3B,1B+2B+3B,1,strikeout,7,6,4
2025-07-06,COL202507060,COL,"Farmer, Kyle",farmk001,4,0,empty,empty,1,field_out,8,6,4
2025-07-06,COL202507060,COL,"Nola, Austin",nolaa002,4,1,empty,empty,1,field_out,8,6,4
2025-07-06,COL202507060,COL,"Doyle, Brenton",doylb001,1,2,empty,empty,1,single,8,6,4
2025-07-06,COL202507060,COL,"Ritter, Ryan",rittr002,4,2,1B,2B,0,strikeout,8,6,4
2025-07-07,BOS202507070,COL,"Freeman, Tyler",freet001,1,0,empty,empty,1,single,1,0,0
2025-07-07,BOS202507070,COL,"Goodman, Hunter",goodh001,1,0,1B,1B,1,field_out,1,0,0
2025-07-07,BOS202507070,COL,"Moniak, Mickey",monim001,1,2,1B,empty,0,strikeout,1,0,0
2025-07-07,BOS202507070,COL,"Estrada, Thairo",estrt001,1,0,empty,empty,1,field_error,2,0,0
2025-07-07,BOS202507070,COL,"Toglia, Michael",toglm001,1,0,2B,2B,1,walk,2,0,0
2025-07-07,BOS202507070,COL,"McMahon, Ryan",mcmar001,1,0,1B+2B,1B+2B,1,field_out,2,0,0
2025-07-07,BOS202507070,COL,"Doyle, Brenton",doylb001,1,1,2B+3B,2B+3B,1,single,2,0,0
2025-07-07,BOS202507070,COL,"Fernandez, Yanquiel",ferny001,1,1,1B+3B,1B+3B,1,strikeout,2,1,0
2025-07-07,BOS202507070,COL,"Ritter, Ryan",rittr002,1,2,1B+3B,1B+3B,1,field_out,2,1,0
2025-07-07,BOS202507070,COL,"Freeman, Tyler",freet001,2,0,empty,empty,1,single,3,1,3
2025-07-07,BOS202507070,COL,"Goodman, Hunter",goodh001,2,0,1B,1B,1,grounded_into_double_play,3,1,3
2025-07-07,BOS202507070,COL,"Moniak, Mickey",monim001,2,2,empty,empty,1,field_out,3,1,3
2025-07-07,BOS202507070,COL,"Estrada, Thairo",estrt001,2,0,empty,empty,1,field_out,4,1,3
2025-07-07,BOS202507070,COL,"Toglia, Michael",toglm001,2,1,empty,empty,1,strikeout,4,1,3
2025-07-07,BOS202507070,COL,"McMahon, Ryan",mcmar001,2,2,empty,empty,1,strikeout,4,1,3
2025-07-07,BOS202507070,COL,"Doyle, Brenton",doylb001,2,0,empty,empty,1,field_out,5,1,3
2025-07-07,BOS202507070,COL,"Fernandez, Yanquiel",ferny001,2,1,empty,empty,1,field_out,5,1,3
2025-07-07,BOS202507070,COL,"Ritter, Ryan",rittr002,2,2,empty,empty,1,strikeout,5,1,3
2025-07-07,BOS202507070,COL,"Freeman, Tyler",freet001,3,0,empty,empty,1,field_out,6,1,5
2025-07-07,BOS202507070,COL,"Goodman, Hunter",goodh001,3,1,empty,empty,1,strikeout,6,1,5
2025-07-07,BOS202507070,COL,"Moniak, Mickey",monim001,3,2,empty,empty,1,single,6,1,5
2025-07-07,BOS202507070,COL,"Estrada, Thairo",estrt001,3,2,1B,1B,1,double,6,1,5
2025-07-07,BOS202507070,COL,"Toglia, Michael",toglm001,3,2,2B+3B,2B+3B,1,fielders_choice,6,1,5
2025-07-07,BOS202507070,COL,"McMahon, Ryan",mcmar001,3,2,1B+3B,1B+3B,1,single,6,2,5
2025-07-07,BOS202507070,COL,"Doyle, Brenton",doylb001,3,2,1B+3B,1B+3B,1,strikeout,6,3,5
2025-07-07,BOS202507070,COL,"Farmer, Kyle",farmk001,1,0,empty,empty,1,field_out,7,3,5
2025-07-07,BOS202507070,COL,"Ritter, Ryan",rittr002,3,1,empty,empty,1,field_out,7,3,5
2025-07-07,BOS202507070,COL,"Freeman, Tyler",freet001,4,2,empty,empty,1,walk,7,3,5
2025-07-07,BOS202507070,COL,"Goodman, Hunter",goodh001,4,2,1B,1B,1,strikeout,7,3,5
2025-07-07,BOS202507070,COL,"Beck, Jordan",beckj003,1,0,empty,empty,1,field_out,8,3,7
2025-07-07,BOS202507070,COL,"Estrada, Thairo",estrt001,4,1,empty,empty,1,field_out,8,3,7
2025-07-07,BOS202507070,COL,"Toglia, Michael",toglm001,4,2,empty,empty,1,strikeout,8,3,7
2025-07-07,BOS202507070,COL,"McMahon, Ryan",mcmar001,4,0,empty,empty,1,double,9,3,9
2025-07-07,BOS202507070,COL,"Doyle, Brenton",doylb001,4,0,2B,2B,1,strikeout,9,3,9
2025-07-07,BOS202507070,COL,"Farmer, Kyle",farmk001,2,1,2B,2B,1,strikeout,9,3,9
2025-07-07,BOS202507070,COL,"Ritter, Ryan",rittr002,4,2,2B,2B,1,walk,9,3,9
2025-07-07,BOS202507070,COL,"Freeman, Tyler",freet001,5,2,1B+2B,1B+2B,1,field_out,9,3,9
2025-07-08,BOS202507080,COL,"Freeman, Tyler",freet001,1,0,empty,empty,1,strikeout,1,0,0
2025-07-08,BOS202507080,COL,"Goodman, Hunter",goodh001,1,1,empty,empty,1,strikeout,1,0,0
2025-07-08,BOS202507080,COL,"Moniak, Mickey",monim001,1,2,empty,empty,1,field_out,1,0,0
2025-07-08,BOS202507080,COL,"Beck, Jordan",beckj003,1,0,empty,empty,1,strikeout,2,0,0
2025-07-08,BOS202507080,COL,"Toglia, Michael",toglm001,1,1,empty,empty,1,strikeout,2,0,0
2025-07-08,BOS202507080,COL,"McMahon, Ryan",mcmar001,1,2,empty,empty,1,strikeout,2,0,0
2025-07-08,BOS202507080,COL,"Doyle, Brenton",doylb001,1,0,empty,empty,1,field_out,3,0,0
2025-07-08,BOS202507080,COL,"Arcia, Orlando",arcio002,1,1,empty,empty,1,strikeout,3,0,0
2025-07-08,BOS202507080,COL,"Ritter, Ryan",rittr002,1,2,empty,empty,1,strikeout,3,0,0
2025-07-08,BOS202507080,COL,"Freeman, Tyler",freet001,2,0,empty,empty,1,field_out,4,0,0
2025-07-08,BOS202507080,COL,"Goodman, Hunter",goodh001,2,1,empty,empty,1,single,4,0,0
2025-07-08,BOS202507080,COL,"Moniak, Mickey",monim001,2,1,1B,2B,0,field_out,4,0,0
2025-07-08,BOS202507080,COL,"Beck, Jordan",beckj003,2,2,3B,3B,1,field_out,4,0,0
2025-07-08,BOS202507080,COL,"Toglia, Michael",toglm001,2,0,empty,empty,1,field_out,5,0,0
2025-07-08,BOS202507080,COL,"McMahon, Ryan",mcmar001,2,1,empty,empty,1,strikeout,5,0,0
2025-07-08,BOS202507080,COL,"Doyle, Brenton",doylb001,2,2,empty,empty,1,walk,5,0,0
2025-07-08,BOS202507080,COL,"Arcia, Orlando",arcio002,2,2,1B,1B,1,field_out,5,0,0
2025-07-08,BOS202507080,COL,"Ritter, Ryan",rittr002,2,0,empty,empty,1,field_out,6,0,0
2025-07-08,BOS202507080,COL,"Freeman, Tyler",freet001,3,1,empty,empty,1,field_out,6,0,0
2025-07-08,BOS202507080,COL,"Goodman, Hunter",goodh001,3,2,empty,empty,1,field_out,6,0,0
2025-07-08,BOS202507080,COL,"Moniak, Mickey",monim001,3,0,empty,empty,1,hit_by_pitch,7,0,4
2025-07-08,BOS202507080,COL,"Beck, Jordan",beckj003,3,0,1B,1B,1,grounded_into_double_play,7,0,4
2025-07-08,BOS202507080,COL,"Toglia, Michael",toglm001,3,2,empty,empty,1,field_out,7,0,4
2025-07-08,BOS202507080,COL,"McMahon, Ryan",mcmar001,3,0,empty,empty,1,field_out,8,0,10
2025-07-08,BOS202507080,COL,"Doyle, Brenton",doylb001,3,1,empty,empty,1,single,8,0,10
2025-07-08,BOS202507080,COL,"Arcia, Orlando",arcio002,3,1,1B,1B,1,field_out,8,0,10
2025-07-08,BOS202507080,COL,"Ritter, Ryan",rittr002,3,2,1B,1B,1,field_out,8,0,10
2025-07-08,BOS202507080,COL,"Freeman, Tyler",freet001,4,0,empty,empty,1,single,9,0,10
2025-07-08,BOS202507080,COL,"Goodman, Hunter",goodh001,4,0,1B,1B,1,home_run,9,0,10
2025-07-08,BOS202507080,COL,"Fernandez, Yanquiel",ferny001,1,0,empty,empty,1,strikeout,9,2,10
2025-07-08,BOS202507080,COL,"Beck, Jordan",beckj003,4,1,empty,empty,1,single,9,2,10
2025-07-08,BOS202507080,COL,"Toglia, Michael",toglm001,4,1,1B,1B,1,field_out,9,2,10
2025-07-08,BOS202507080,COL,"McMahon, Ryan",mcmar001,4,2,1B,1B,1,strikeout,9,2,10
2025-07-09,BOS202507090,COL,"Freeman, Tyler",freet001,1,0,empty,empty,1,field_out,1,0,0
2025-07-09,BOS202507090,COL,"Beck, Jordan",beckj003,1,1,empty,empty,1,single,1,0,0
2025-07-09,BOS202507090,COL,"McMahon, Ryan",mcmar001,1,1,1B,1B,1,strikeout,1,0,0
2025-07-09,BOS202507090,COL,"Toglia, Michael",toglm001,1,0,1B,empty,0,strikeout,2,0,0
2025-07-09,BOS202507090,COL,"Doyle, Brenton",doylb001,1,1,empty,empty,1,field_out,2,0,0
2025-07-09,BOS202507090,COL,"Arcia, Orlando",arcio002,1,2,empty,empty,1,field_out,2,0,0
2025-07-09,BOS202507090,COL,"Fernandez, Yanquiel",ferny001,1,0,empty,empty,1,field_out,3,0,1
2025-07-09,BOS202507090,COL,"Farmer, Kyle",farmk001,1,1,empty,empty,1,field_out,3,0,1
2025-07-09,BOS202507090,COL,"Nola, Austin",nolaa002,1,2,empty,empty,1,strikeout,3,0,1
2025-07-09,BOS202507090,COL,"Freeman, Tyler",freet001,2,0,empty,empty,1,single,4,0,1
2025-07-09,BOS202507090,COL,"Beck, Jordan",beckj003,2,0,1B,1B,1,field_out,4,0,1
2025-07-09,BOS202507090,COL,"McMahon, Ryan",mcmar001,2,1,1B,1B,1,field_out,4,0,1
2025-07-09,BOS202507090,COL,"Toglia, Michael",toglm001,2,2,1B,1B,1,double,4,0,1
2025-07-09,BOS202507090,COL,"Doyle, Brenton",doylb001,2,0,empty,empty,1,strikeout,5,0,2
2025-07-09,BOS202507090,COL,"Arcia, Orlando",arcio002,2,1,empty,empty,1,strikeout,5,0,2
2025-07-09,BOS202507090,COL,"Fernandez, Yanquiel",ferny001,2,2,empty,empty,1,field_out,5,0,2
2025-07-09,BOS202507090,COL,"Farmer, Kyle",farmk001,2,0,empty,empty,1,field_out,6,0,4
2025-07-09,BOS202507090,COL,"Nola, Austin",nolaa002,2,1,empty,empty,1,field_out,6,0,4
2025-07-09,BOS202507090,COL,"Freeman, Tyler",freet001,3,2,empty,empty,1,single,6,0,4
2025-07-09,BOS202507090,COL,"Beck, Jordan",beckj003,3,2,1B,1B,1,strikeout,6,0,4
2025-07-09,BOS202507090,COL,"McMahon, Ryan",mcmar001,3,0,empty,empty,1,field_out,7,0,5
2025-07-09,BOS202507090,COL,"Toglia, Michael",toglm001,3,1,empty,empty,1,strikeout,7,0,5
2025-07-09,BOS202507090,COL,"Doyle, Brenton",doylb001,3,2,empty,empty,1,field_out,7,0,5
2025-07-09,BOS202507090,COL,"Arcia, Orlando",arcio002,3,0,empty,empty,1,field_out,8,0,5
2025-07-09,BOS202507090,COL,"Fernandez, Yanquiel",ferny001,3,1,empty,empty,1,single,8,0,5
2025-07-09,BOS202507090,COL,"Farmer, Kyle",farmk001,3,1,1B,1B,1,home_run,8,0,5
2025-07-09,BOS202507090,COL,"Nola, Austin",nolaa002,3,1,empty,empty,1,field_out,8,2,5
2025-07-09,BOS202507090,COL,"Freeman, Tyler",freet001,4,2,empty,empty,1,field_out,8,2,5
2025-07-09,BOS202507090,COL,"Beck, Jordan",beckj003,4,0,empty,empty,1,single,9,2,10
2025-07-09,BOS202507090,COL,"McMahon, Ryan",mcmar001,4,0,1B,1B,1,grounded_into_double_play,9,2,10
2025-07-09,BOS202507090,COL,"Toglia, Michael",toglm001,4,2,empty,empty,1,single,9,2,10
2025-07-09,BOS202507090,COL,"Doyle, Brenton",doylb001,4,2,1B,1B,1,field_out,9,2,10
2025-07-11,CIN202507110,COL,"Freeman, Tyler",freet001,1,0,empty,empty,1,strikeout,1,0,0
2025-07-11,CIN202507110,COL,"Moniak, Mickey",monim001,1,1,empty,empty,1,strikeout,1,0,0
2025-07-11,CIN202507110,COL,"Goodman, Hunter",goodh001,1,2,empty,empty,1,field_out,1,0,0
2025-07-11,CIN202507110,COL,"Beck, Jordan",beckj003,1,0,empty,empty,1,strikeout,2,0,0
2025-07-11,CIN202507110,COL,"Toglia, Michael",toglm001,1,1,empty,empty,1,field_out,2,0,0
2025-07-11,CIN202507110,COL,"McMahon, Ryan",mcmar001,1,2,empty,empty,1,single,2,0,0
2025-07-11,CIN202507110,COL,"Doyle, Brenton",doylb001,1,2,1B,1B,1,strikeout,2,0,0
2025-07-11,CIN202507110,COL,"Farmer, Kyle",farmk001,1,0,empty,empty,1,field_out,3,0,0
2025-07-11,CIN202507110,COL,"Ritter, Ryan",rittr002,1,1,empty,empty,1,strikeout,3,0,0
2025-07-11,CIN202507110,COL,"Freeman, Tyler",freet001,2,2,empty,empty,1,walk,3,0,0
2025-07-11,CIN202507110,COL,"Moniak, Mickey",monim001,2,2,1B,1B,1,single,3,0,0
2025-07-11,CIN202507110,COL,"Goodman, Hunter",goodh001,2,2,1B+3B,1B+3B,1,walk,3,0,0
2025-07-11,CIN202507110,COL,"Beck, Jordan",beckj003,2,2,1B+2B+3B,1B+2B+3B,1,strikeout,3,0,0
2025-07-11,CIN202507110,COL,"Toglia, Michael",toglm001,2,0,empty,empty,1,walk,4,0,1
2025-07-11,CIN202507110,COL,"McMahon, Ryan",mcmar001,2,0,1B,1B,1,home_run,4,0,1
2025-07-11,CIN202507110,COL,"Doyle, Brenton",doylb001,2,0,empty,empty,1,strikeout,4,2,1
2025-07-11,CIN202507110,COL,"Farmer, Kyle",farmk001,2,1,empty,empty,1,strikeout,4,2,1
2025-07-11,CIN202507110,COL,"Ritter, Ryan",rittr002,2,2,empty,empty,1,single,4,2,1
2025-07-11,CIN202507110,COL,"Freeman, Tyler",freet001,3,2,1B,1B,1,strikeout,4,2,1
2025-07-11,CIN202507110,COL,"Moniak, Mickey",monim001,3,0,empty,empty,1,field_out,5,2,1
2025-07-11,CIN202507110,COL,"Goodman, Hunter",goodh001,3,1,empty,empty,1,field_out,5,2,1
2025-07-11,CIN202507110,COL,"Beck, Jordan",beckj003,3,2,empty,empty,1,field_out,5,2,1
2025-07-11,CIN202507110,COL,"Toglia, Michael",toglm001,3,0,empty,empty,1,field_out,6,2,1
2025-07-11,CIN202507110,COL,"McMahon, Ryan",mcmar001,3,1,empty,empty,1,strikeout,6,2,1
2025-07-11,CIN202507110,COL,"Doyle, Brenton",doylb001,3,2,empty,empty,1,field_out,6,2,1
2025-07-11,CIN202507110,COL,"Farmer, Kyle",farmk001,3,0,empty,empty,1,strikeout,7,2,1
2025-07-11,CIN202507110,COL,"Ritter, Ryan",rittr002,3,1,empty,empty,1,strikeout,7,2,1
2025-07-11,CIN202507110,COL,"Freeman, Tyler",freet001,4,2,empty,empty,1,strikeout,7,2,1
2025-07-11,CIN202507110,COL,"Moniak, Mickey",monim001,4,0,empty,empty,1,strikeout,8,2,2
2025-07-11,CIN202507110,COL,"Goodman, Hunter",goodh001,4,1,empty,empty,1,walk,8,2,2
2025-07-11,CIN202507110,COL,"Beck, Jordan",beckj003,4,1,1B,1B,1,single,8,2,2
2025-07-11,CIN202507110,COL,"Toglia, Michael",toglm001,4,1,1B+2B,1B+2B,1,strikeout,8,2,2
2025-07-11,CIN202507110,COL,"McMahon, Ryan",mcmar001,4,2,1B+2B,1B+2B,1,single,8,2,2
2025-07-11,CIN202507110,COL,"Doyle, Brenton",doylb001,4,2,1B+2B+3B,2B+3B,0,strikeout,8,3,2
2025-07-11,CIN202507110,COL,"Fernandez, Yanquiel",ferny001,1,0,empty,empty,1,field_out,9,3,2
2025-07-11,CIN202507110,COL,"Ritter, Ryan",rittr002,4,1,empty,empty,1,field_out,9,3,2
2025-07-11,CIN202507110,COL,"Freeman, Tyler",freet001,5,2,empty,empty,1,field_out,9,3,2
2025-07-12,CIN202507120,COL,"Freeman, Tyler",freet001,1,0,empty,empty,1,single,1,0,0
2025-07-12,CIN202507120,COL,"McMahon, Ryan",mcmar001,1,0,1B,1B,1,field_out,1,0,0
2025-07-12,CIN202507120,COL,"Goodman, Hunter",goodh001,1,1,1B,1B,1,grounded_into_double_play,1,0,0
2025-07-12,CIN202507120,COL,"Beck, Jordan",beckj003,1,0,empty,empty,1,strikeout,2,0,1
2025-07-12,CIN202507120,COL,"Toglia, Michael",toglm001,1,1,empty,empty,1,field_out,2,0,1
2025-07-12,CIN202507120,COL,"Doyle, Brenton",doylb001,1,2,empty,empty,1,strikeout,2,0,1
2025-07-12,CIN202507120,COL,"Fernandez, Yanquiel",ferny001,1,0,empty,empty,1,single,3,0,1
2025-07-12,CIN202507120,COL,"Arcia, Orlando",arcio002,1,0,1B,1B,1,strikeout,3,0,1
2025-07-12,CIN202507120,COL,"Ritter, Ryan",rittr002,1,1,1B,1B,1,home_run,3,0,1
2025-07-12,CIN202507120,COL,"Freeman, Tyler",freet001,2,1,empty,empty,1,field_out,3,2,1
2025-07-12,CIN202507120,COL,"McMahon, Ryan",mcmar001,2,2,empty,empty,1,field_out,3,2,1
2025-07-12,CIN202507120,COL,"Goodman, Hunter",goodh001,2,0,empty,empty,1,triple,4,2,1
2025-07-12,CIN202507120,COL,"Beck, Jordan",beckj003,2,0,3B,3B,1,strikeout,4,2,1
2025-07-12,CIN202507120,COL,"Toglia, Michael",toglm001,2,1,3B,3B,1,strikeout,4,2,1
2025-07-12,CIN202507120,COL,"Doyle, Brenton",doylb001,2,2,3B,3B,1,strikeout,4,2,1
2025-07-12,CIN202507120,COL,"Fernandez, Yanquiel",ferny001,2,0,empty,empty,1,single,5,2,1
2025-07-12,CIN202507120,COL,"Arcia, Orlando",arcio002,2,0,1B,1B,1,single,5,2,1
2025-07-12,CIN202507120,COL,"Ritter, Ryan",rittr002,2,0,1B+3B,1B+3B,1,fielders_choice_out,5,2,1
2025-07-12,CIN202507120,COL,"Freeman, Tyler",freet001,3,1,1B+2B,1B+2B,1,grounded_into_double_play,5,2,1
2025-07-12,CIN202507120,COL,"McMahon, Ryan",mcmar001,3,0,empty,empty,1,strikeout,6,2,1
2025-07-12,CIN202507120,COL,"Goodman, Hunter",goodh001,3,1,empty,empty,1,strikeout,6,2,1
2025-07-12,CIN202507120,COL,"Beck, Jordan",beckj003,3,2,empty,empty,1,field_out,6,2,1
2025-07-12,CIN202507120,COL,"Toglia, Michael",toglm001,3,0,empty,empty,1,strikeout,7,2,1
2025-07-12,CIN202507120,COL,"Doyle, Brenton",doylb001,3,1,empty,empty,1,walk,7,2,1
2025-07-12,CIN202507120,COL,"Fernandez, Yanquiel",ferny001,3,1,1B,1B,1,double,7,2,1
2025-07-12,CIN202507120,COL,"Arcia, Orlando",arcio002,3,1,2B,2B,1,field_out,7,3,1
2025-07-12,CIN202507120,COL,"Ritter, Ryan",rittr002,3,2,3B,3B,1,field_out,7,3,1
2025-07-12,CIN202507120,COL,"Freeman, Tyler",freet001,4,0,empty,empty,1,field_out,8,3,2
2025-07-12,CIN202507120,COL,"McMahon, Ryan",mcmar001,4,1,empty,empty,1,field_out,8,3,2
2025-07-12,CIN202507120,COL,"Goodman, Hunter",goodh001,4,2,empty,empty,1,field_out,8,3,2
2025-07-12,CIN202507120,COL,"Beck, Jordan",beckj003,4,0,empty,empty,1,walk,9,3,2
2025-07-12,CIN202507120,COL,"Toglia, Michael",toglm001,4,0,1B,1B,1,single,9,3,2
2025-07-12,CIN202507120,COL,"Doyle, Brenton",doylb001,4,0,1B+3B,1B+3B,1,strikeout,9,3,2
2025-07-12,CIN202507120,COL,"Fernandez, Yanquiel",ferny001,4,1,1B+3B,1B+3B,1,strikeout,9,3,2
2025-07-12,CIN202507120,COL,"Arcia, Orlando",arcio002,4,2,1B+3B,1B+3B,1,field_out,9,3,2
2025-07-13,CIN202507130,COL,"Freeman, Tyler",freet001,1,0,empty,empty,1,field_out,1,0,0
2025-07-13,CIN202507130,COL,"Moniak, Mickey",monim001,1,1,empty,empty,1,field_out,1,0,0
2025-07-13,CIN202507130,COL,"Toglia, Michael",toglm001,1,2,empty,empty,1,field_out,1,0,0
2025-07-13,CIN202507130,COL,"McMahon, Ryan",mcmar001,1,0,empty,empty,1,strikeout,2,0,1
2025-07-13,CIN202507130,COL,"Doyle, Brenton",doylb001,1,1,empty,empty,1,field_out,2,0,1
2025-07-13,CIN202507130,COL,"Fernandez, Yanquiel",ferny001,1,2,empty,empty,1,field_out,2,0,1
2025-07-13,CIN202507130,COL,"Farmer, Kyle",farmk001,1,0,empty,empty,1,single,3,0,1
2025-07-13,CIN202507130,COL,"Nola, Austin",nolaa002,1,0,1B,1B,1,single,3,0,1
2025-07-13,CIN202507130,COL,"Ritter, Ryan",rittr002,1,0,1B+2B,1B+2B,1,sac_bunt,3,0,1
2025-07-13,CIN202507130,COL,"Freeman, Tyler",freet001,2,1,2B+3B,2B+3B,1,field_out,3,0,1
2025-07-13,CIN202507130,COL,"Moniak, Mickey",monim001,2,2,2B+3B,2B+3B,1,single,3,0,1
2025-07-13,CIN202507130,COL,"Toglia, Michael",toglm001,2,2,1B,1B,1,field_out,3,2,1
2025-07-13,CIN202507130,COL,"McMahon, Ryan",mcmar001,2,0,empty,empty,1,field_out,4,2,2
2025-07-13,CIN202507130,COL,"Doyle, Brenton",doylb001,2,1,empty,empty,1,strikeout,4,2,2
2025-07-13,CIN202507130,COL,"Fernandez, Yanquiel",ferny001,2,2,empty,empty,1,strikeout,4,2,2
2025-07-13,CIN202507130,COL,"Farmer, Kyle",farmk001,2,0,empty,empty,1,field_out,5,2,2
2025-07-13,CIN202507130,COL,"Nola, Austin",nolaa002,2,1,empty,empty,1,field_out,5,2,2
2025-07-13,CIN202507130,COL,"Ritter, Ryan",rittr002,2,2,empty,empty,1,single,5,2,2
2025-07-13,CIN202507130,COL,"Freeman, Tyler",freet001,3,2,1B,1B,1,field_out,5,2,2
2025-07-13,CIN202507130,COL,"Moniak, Mickey",monim001,3,0,empty,empty,1,walk,6,2,3
2025-07-13,CIN202507130,COL,"Toglia, Michael",toglm001,3,0,1B,1B,1,field_out,6,2,3
2025-07-13,CIN202507130,COL,"McMahon, Ryan",mcmar001,3,1,1B,1B,1,single,6,2,3
2025-07-13,CIN202507130,COL,"Doyle, Brenton",doylb001,3,1,1B+2B,1B+2B,1,field_out,6,2,3
2025-07-13,CIN202507130,COL,"Fernandez, Yanquiel",ferny001,3,2,1B+3B,1B+3B,1,strikeout,6,2,3
2025-07-13,CIN202507130,COL,"Farmer, Kyle",farmk001,3,0,empty,empty,1,walk,7,2,3
2025-07-13,CIN202507130,COL,"Nola, Austin",nolaa002,3,0,1B,1B,1,field_out,7,2,3
2025-07-13,CIN202507130,COL,"Ritter, Ryan",rittr002,3,1,1B,1B,1,single,7,2,3
2025-07-13,CIN202507130,COL,"Freeman, Tyler",freet001,4,1,1B+2B,1B+2B,1,field_out,7,2,3
2025-07-13,CIN202507130,COL,"Moniak, Mickey",monim001,4,2,1B+3B,1B+3B,1,field_out,7,2,3
2025-07-13,CIN202507130,COL,"Toglia, Michael",toglm001,4,0,empty,empty,1,strikeout,8,2,4
2025-07-13,CIN202507130,COL,"McMahon, Ryan",mcmar001,4,1,empty,empty,1,field_out,8,2,4
2025-07-13,CIN202507130,COL,"Doyle, Brenton",doylb001,4,2,empty,empty,1,single,8,2,4
2025-07-13,CIN202507130,COL,"Fernandez, Yanquiel",ferny001,4,2,1B,1B,1,walk,8,2,4
2025-07-13,CIN202507130,COL,"Goodman, Hunter",goodh001,1,2,1B+2B,1B+2B,1,strikeout,8,2,4
2025-07-13,CIN202507130,COL,"Nola, Austin",nolaa002,4,0,empty,empty,1,field_out,9,2,4
2025-07-13,CIN202507130,COL,"Ritter, Ryan",rittr002,4,1,empty,empty,1,strikeout,9,2,4
2025-07-13,CIN202507130,COL,"Freeman, Tyler",freet001,5,2,empty,empty,1,field_out,9,2,4
2025-07-18,COL202507180,COL,"Freeman, Tyler",freet001,1,0,empty,empty,1,double,1,0,0
2025-07-18,COL202507180,COL,"Moniak, Mickey",monim001,1,0,2B,2B,1,double,1,0,0
2025-07-18,COL202507180,COL,"Beck, Jordan",beckj003,1,0,2B,2B,1,triple,1,1,0
2025-07-18,COL202507180,COL,"McMahon, Ryan",mcmar001,1,0,3B,3B,1,home_run,1,2,0
2025-07-18,COL202507180,COL,"Tovar, Ezequiel",tovae001,1,0,empty,empty,1,field_out,1,4,0
2025-07-18,COL202507180,COL,"Toglia, Michael",toglm001,1,1,empty,empty,1,walk,1,4,0
2025-07-18,COL202507180,COL,"Fernandez, Yanquiel",ferny001,1,1,1B,1B,1,strikeout,1,4,0
2025-07-18,COL202507180,COL,"Nola, Austin",nolaa002,1,2,1B,1B,1,single,1,4,0
2025-07-18,COL202507180,COL,"Ritter, Ryan",rittr002,1,2,1B+3B,1B+3B,1,strikeout,1,4,0
2025-07-18,COL202507180,COL,"Freeman, Tyler",freet001,2,0,empty,empty,1,field_out,2,4,0
2025-07-18,COL202507180,COL,"Moniak, Mickey",monim001,2,1,empty,empty,1,strikeout,2,4,0
2025-07-18,COL202507180,COL,"Beck, Jordan",beckj003,2,2,empty,empty,1,home_run,2,4,0
2025-07-18,COL202507180,COL,"McMahon, Ryan",mcmar001,2,2,empty,empty,1,field_out,2,5,0
2025-07-18,COL202507180,COL,"Tovar, Ezequiel",tovae001,2,0,empty,empty,1,single,3,5,0
2025-07-18,COL202507180,COL,"Toglia, Michael",toglm001,2,0,1B,1B,1,grounded_into_double_play,3,5,0
2025-07-18,COL202507180,COL,"Fernandez, Yanquiel",ferny001,2,2,empty,empty,1,field_out,3,5,0
2025-07-18,COL202507180,COL,"Nola, Austin",nolaa002,2,0,empty,empty,1,field_out,4,5,0
2025-07-18,COL202507180,COL,"Ritter, Ryan",rittr002,2,1,empty,empty,1,field_out,4,5,0
2025-07-18,COL202507180,COL,"Freeman, Tyler",freet001,3,2,empty,empty,1,field_out,4,5,0
2025-07-18,COL202507180,COL,"Moniak, Mickey",monim001,3,0,empty,empty,1,field_out,5,5,1
2025-07-18,COL202507180,COL,"Beck, Jordan",beckj003,3,1,empty,empty,1,single,5,5,1
2025-07-18,COL202507180,COL,"McMahon, Ryan",mcmar001,3,1,1B,2B,0,walk,5,5,1
2025-07-18,COL202507180,COL,"Tovar, Ezequiel",tovae001,3,1,1B+2B,1B+2B,1,strikeout,5,5,1
2025-07-18,COL202507180,COL,"Toglia, Michael",toglm001,3,2,1B+2B,1B+3B,0,strikeout,5,5,1
2025-07-18,COL202507180,COL,"Fernandez, Yanquiel",ferny001,3,0,empty,empty,1,single,6,5,1
2025-07-18,COL202507180,COL,"Nola, Austin",nolaa002,3,0,1B,1B,1,single,6,5,1
2025-07-18,COL202507180,COL,"Ritter, Ryan",rittr002,3,0,1B+2B,1B+2B,1,field_out,6,5,1
2025-07-18,COL202507180,COL,"Freeman, Tyler",freet001,4,1,1B+2B,1B+2B,1,double,6,5,1
2025-07-18,COL202507180,COL,"Moniak, Mickey",monim001,4,1,2B+3B,2B+3B,1,walk,6,6,1
2025-07-18,COL202507180,COL,"Beck, Jordan",beckj003,4,1,1B+2B+3B,1B+2B+3B,1,field_out,6,6,1
2025-07-18,COL202507180,COL,"McMahon, Ryan",mcmar001,4,2,1B+2B+3B,1B+2B+3B,1,strikeout,6,6,1
2025-07-18,COL202507180,COL,"Tovar, Ezequiel",tovae001,4,0,empty,empty,1,field_out,7,6,4
2025-07-18,COL202507180,COL,"Toglia, Michael",toglm001,4,1,empty,empty,1,double,7,6,4
2025-07-18,COL202507180,COL,"Fernandez, Yanquiel",ferny001,4,1,2B,2B,1,strikeout,7,6,4
2025-07-18,COL202507180,COL,"Nola, Austin",nolaa002,4,2,2B,2B,1,field_out,7,6,4
2025-07-18,COL202507180,COL,"Ritter, Ryan",rittr002,4,0,empty,empty,1,field_out,8,6,4
2025-07-18,COL202507180,COL,"Doyle, Brenton",doylb001,1,1,empty,empty,1,strikeout,8,6,4
2025-07-18,COL202507180,COL,"Moniak, Mickey",monim001,5,2,empty,empty,1,double,8,6,4
2025-07-18,COL202507180,COL,"Beck, Jordan",beckj003,5,2,2B,3B,0,strikeout,8,6,4
2025-07-19,COL202507190,COL,"Freeman, Tyler",freet001,1,0,empty,empty,1,field_out,1,0,0
2025-07-19,COL202507190,COL,"Moniak, Mickey",monim001,1,1,empty,empty,1,strikeout,1,0,0
2025-07-19,COL202507190,COL,"Goodman, Hunter",goodh001,1,2,empty,empty,1,single,1,0,0
2025-07-19,COL202507190,COL,"Beck, Jordan",beckj003,1,2,1B,1B,1,walk,1,0,0
2025-07-19,COL202507190,COL,"McMahon, Ryan",mcmar001,1,2,1B+2B,2B+3B,0,strikeout,1,0,0
2025-07-19,COL202507190,COL,"Tovar, Ezequiel",tovae001,1,0,empty,empty,1,single,2,0,3
2025-07-19,COL202507190,COL,"Toglia, Michael",toglm001,1,0,1B,1B,1,strikeout,2,0,3
2025-07-19,COL202507190,COL,"Doyle, Brenton",doylb001,1,1,1B,1B,1,strikeout,2,0,3
2025-07-19,COL202507190,COL,"Ritter, Ryan",rittr002,1,2,1B,1B,1,double,2,0,3
2025-07-19,COL202507190,COL,"Freeman, Tyler",freet001,2,2,2B,2B,1,field_out,2,1,3
2025-07-19,COL202507190,COL,"Moniak, Mickey",monim001,2,0,empty,empty,1,strikeout,3,1,3
2025-07-19,COL202507190,COL,"Goodman, Hunter",goodh001,2,1,empty,empty,1,field_out,3,1,3
2025-07-19,COL202507190,COL,"Beck, Jordan",beckj003,2,2,empty,empty,1,single,3,1,3
2025-07-19,COL202507190,COL,"McMahon, Ryan",mcmar001,2,2,1B,1B,1,home_run,3,1,3
2025-07-19,COL202507190,COL,"Tovar, Ezequiel",tovae001,2,2,empty,empty,1,field_out,3,3,3
2025-07-19,COL202507190,COL,"Toglia, Michael",toglm001,2,0,empty,empty,1,strikeout,4,3,3
2025-07-19,COL202507190,COL,"Doyle, Brenton",doylb001,2,1,empty,empty,1,single,4,3,3
2025-07-19,COL202507190,COL,"Ritter, Ryan",rittr002,2,1,1B,1B,1,field_out,4,3,3
2025-07-19,COL202507190,COL,"Freeman, Tyler",freet001,3,2,1B,3B,0,field_out,4,3,3
2025-07-19,COL202507190,COL,"Moniak, Mickey",monim001,3,0,empty,empty,1,single,5,3,3
2025-07-19,COL202507190,COL,"Goodman, Hunter",goodh001,3,0,1B,1B,1,single,5,3,3
2025-07-19,COL202507190,COL,"Beck, Jordan",beckj003,3,0,1B+2B,1B+2B,1,strikeout,5,3,3
2025-07-19,COL202507190,COL,"McMahon, Ryan",mcmar001,3,1,1B+2B,1B+2B,1,field_out,5,3,3
2025-07-19,COL202507190,COL,"Tovar, Ezequiel",tovae001,3,2,1B+2B,1B+2B,1,home_run,5,3,3
2025-07-19,COL202507190,COL,"Toglia, Michael",toglm001,3,2,empty,empty,1,field_out,5,6,3
2025-07-19,COL202507190,COL,"Doyle, Brenton",doylb001,3,0,empty,empty,1,single,6,6,3
2025-07-19,COL202507190,COL,"Ritter, Ryan",rittr002,3,0,1B,2B,0,sac_bunt,6,6,3
2025-07-19,COL202507190,COL,"Freeman, Tyler",freet001,4,1,3B,3B,1,double,6,6,3
2025-07-19,COL202507190,COL,"Moniak, Mickey",monim001,4,1,2B,2B,1,single,6,7,3
2025-07-19,COL202507190,COL,"Goodman, Hunter",goodh001,4,1,1B+3B,1B+3B,1,field_out,6,7,3
2025-07-19,COL202507190,COL,"Beck, Jordan",beckj003,4,2,2B,2B,1,strikeout,6,8,3
2025-07-19,COL202507190,COL,"McMahon, Ryan",mcmar001,4,0,empty,empty,1,field_out,7,8,3
2025-07-19,COL202507190,COL,"Tovar, Ezequiel",tovae001,4,1,empty,empty,1,single,7,8,3
2025-07-19,COL202507190,COL,"Toglia, Michael",toglm001,4,1,1B,1B,1,field_out,7,8,3
2025-07-19,COL202507190,COL,"Doyle, Brenton",doylb001,4,2,1B,1B,1,field_out,7,8,3
2025-07-19,COL202507190,COL,"Arcia, Orlando",arcio002,1,0,empty,empty,1,field_out,8,8,5
2025-07-19,COL202507190,COL,"Freeman, Tyler",freet001,5,1,empty,empty,1,field_out,8,8,5
2025-07-19,COL202507190,COL,"Moniak, Mickey",monim001,5,2,empty,empty,1,single,8,8,5
2025-07-19,COL202507190,COL,"Goodman, Hunter",goodh001,5,2,1B,1B,1,home_run,8,8,5
2025-07-19,COL202507190,COL,"Beck, Jordan",beckj003,5,2,empty,empty,1,strikeout,8,10,5
2025-07-20,COL202507200,COL,"Moniak, Mickey",monim001,1,0,empty,empty,1,strikeout,1,0,0
2025-07-20,COL202507200,COL,"Goodman, Hunter",goodh001,1,1,empty,empty,1,field_out,1,0,0
2025-07-20,COL202507200,COL,"Beck, Jordan",beckj003,1,2,empty,empty,1,single,1,0,0
2025-07-20,COL202507200,COL,"McMahon, Ryan",mcmar001,1,0,1B,empty,0,double,2,0,0
2025-07-20,COL202507200,COL,"Toglia, Michael",toglm001,1,0,2B,2B,1,strikeout,2,0,0
2025-07-20,COL202507200,COL,"Fernandez, Yanquiel",ferny001,1,1,2B,2B,1,field_out,2,0,0
2025-07-20,COL202507200,COL,"Nola, Austin",nolaa002,1,2,2B,2B,1,field_out,2,0,0
2025-07-20,COL202507200,COL,"Arcia, Orlando",arcio002,1,0,empty,empty,1,field_out,3,0,3
2025-07-20,COL202507200,COL,"Farmer, Kyle",farmk001,1,1,empty,empty,1,strikeout,3,0,3
2025-07-20,COL202507200,COL,"Moniak, Mickey",monim001,2,2,empty,empty,1,home_run,3,0,3
2025-07-20,COL202507200,COL,"Goodman, Hunter",goodh001,2,2,empty,empty,1,strikeout,3,1,3
2025-07-20,COL202507200,COL,"Beck, Jordan",beckj003,2,0,empty,empty,1,single,4,1,4
2025-07-20,COL202507200,COL,"McMahon, Ryan",mcmar001,2,1,empty,empty,1,strikeout,4,1,4
2025-07-20,COL202507200,COL,"Toglia, Michael",toglm001,2,2,empty,empty,1,field_out,4,1,4
2025-07-20,COL202507200,COL,"Fernandez, Yanquiel",ferny001,2,0,empty,empty,1,field_out,5,1,4
2025-07-20,COL202507200,COL,"Nola, Austin",nolaa002,2,1,empty,empty,1,strikeout,5,1,4
2025-07-20,COL202507200,COL,"Arcia, Orlando",arcio002,2,2,empty,empty,1,strikeout,5,1,4
2025-07-20,COL202507200,COL,"Farmer, Kyle",farmk001,2,0,empty,empty,1,field_out,6,1,5
2025-07-20,COL202507200,COL,"Moniak, Mickey",monim001,3,1,empty,empty,1,strikeout,6,1,5
2025-07-20,COL202507200,COL,"Goodman, Hunter",goodh001,3,2,empty,empty,1,strikeout,6,1,5
2025-07-20,COL202507200,COL,"Beck, Jordan",beckj003,3,0,empty,empty,1,strikeout,7,1,5
2025-07-20,COL202507200,COL,"McMahon, Ryan",mcmar001,3,1,empty,empty,1,double,7,1,5
2025-07-20,COL202507200,COL,"Toglia, Michael",toglm001,3,1,2B,2B,1,strikeout,7,1,5
2025-07-20,COL202507200,COL,"Fernandez, Yanquiel",ferny001,3,2,2B,2B,1,field_out,7,1,5
2025-07-20,COL202507200,COL,"Nola, Austin",nolaa002,3,0,empty,empty,1,strikeout,8,1,6
2025-07-20,COL202507200,COL,"Arcia, Orlando",arcio002,3,1,empty,empty,1,field_out,8,1,6
2025-07-20,COL202507200,COL,"Farmer, Kyle",farmk001,3,2,empty,empty,1,field_out,8,1,6
2025-07-20,COL202507200,COL,"Moniak, Mickey",monim001,4,0,empty,empty,1,field_out,9,1,7
2025-07-20,COL202507200,COL,"Goodman, Hunter",goodh001,4,1,empty,empty,1,strikeout,9,1,7
2025-07-20,COL202507200,COL,"Beck, Jordan",beckj003,4,2,empty,empty,1,single,9,1,7
2025-07-20,COL202507200,COL,"McMahon, Ryan",mcmar001,4,2,1B,1B,1,field_out,9,1,7
2025-07-21,COL202507210,COL,"Moniak, Mickey",monim001,1,0,empty,empty,1,single,1,0,0
2025-07-21,COL202507210,COL,"Tovar, Ezequiel",tovae001,1,0,1B,1B,1,sac_bunt,1,0,0
2025-07-21,COL202507210,COL,"Goodman, Hunter",goodh001,1,1,2B,2B,1,field_out,1,0,0
2025-07-21,COL202507210,COL,"Beck, Jordan",beckj003,1,2,2B,2B,1,field_out,1,0,0
2025-07-21,COL202507210,COL,"McMahon, Ryan",mcmar001,1,0,empty,empty,1,single,2,0,0
2025-07-21,COL202507210,COL,"Doyle, Brenton",doylb001,1,0,1B,1B,1,single,2,0,0
2025-07-21,COL202507210,COL,"Fernandez, Yanquiel",ferny001,1,1,1B+3B,3B,0,fielders_choice_out,2,0,0
2025-07-21,COL202507210,COL,"Arcia, Orlando",arcio002,1,2,1B,1B,1,field_out,2,0,0
2025-07-21,COL202507210,COL,"Amador, Adael",amada001,1,0,empty,empty,1,single,3,0,0
2025-07-21,COL202507210,COL,"Moniak, Mickey",monim001,2,0,1B,1B,1,single,3,0,0
2025-07-21,COL202507210,COL,"Tovar, Ezequiel",tovae001,2,0,2B,2B,1,field_out,3,1,0
2025-07-21,COL202507210,COL,"Goodman, Hunter",goodh001,2,1,2B,2B,1,single,3,1,0
2025-07-21,COL202507210,COL,"Beck, Jordan",beckj003,2,1,1B,1B,1,grounded_into_double_play,3,2,0
2025-07-21,COL202507210,COL,"McMahon, Ryan",mcmar001,2,0,empty,empty,1,field_out,4,2,2
2025-07-21,COL202507210,COL,"Doyle, Brenton",doylb001,2,1,empty,empty,1,field_out,4,2,2
2025-07-21,COL202507210,COL,"Fernandez, Yanquiel",ferny001,2,2,empty,empty,1,field_out,4,2,2
2025-07-21,COL202507210,COL,"Arcia, Orlando",arcio002,2,0,empty,empty,1,field_out,5,2,3
2025-07-21,COL202507210,COL,"Amador, Adael",amada001,2,1,empty,empty,1,field_out,5,2,3
2025-07-21,COL202507210,COL,"Moniak, Mickey",monim001,3,2,empty,empty,1,field_out,5,2,3
2025-07-21,COL202507210,COL,"Tovar, Ezequiel",tovae001,3,0,empty,empty,1,field_out,6,2,5
2025-07-21,COL202507210,COL,"Goodman, Hunter",goodh001,3,1,empty,empty,1,strikeout,6,2,5
2025-07-21,COL202507210,COL,"Beck, Jordan",beckj003,3,2,empty,empty,1,field_out,6,2,5
2025-07-21,COL202507210,COL,"McMahon, Ryan",mcmar001,3,0,empty,empty,1,field_out,7,2,6
2025-07-21,COL202507210,COL,"Doyle, Brenton",doylb001,3,1,empty,empty,1,single,7,2,6
2025-07-21,COL202507210,COL,"Fernandez, Yanquiel",ferny001,3,1,1B,1B,1,field_out,7,2,6
2025-07-21,COL202507210,COL,"Arcia, Orlando",arcio002,3,2,1B,1B,1,field_out,7,2,6
2025-07-21,COL202507210,COL,"Amador, Adael",amada001,3,0,empty,empty,1,single,8,2,6
2025-07-21,COL202507210,COL,"Moniak, Mickey",monim001,4,0,1B,1B,1,field_out,8,2,6
2025-07-21,COL202507210,COL,"Tovar, Ezequiel",tovae001,4,1,1B,1B,1,strikeout,8,2,6
2025-07-21,COL202507210,COL,"Goodman, Hunter",goodh001,4,2,1B,1B,1,strikeout,8,2,6
2025-07-21,COL202507210,COL,"Beck, Jordan",beckj003,4,0,empty,empty,1,strikeout,9,2,6
2025-07-21,COL202507210,COL,"McMahon, Ryan",mcmar001,4,1,empty,empty,1,walk,9,2,6
2025-07-21,COL202507210,COL,"Doyle, Brenton",doylb001,4,1,1B,1B,1,field_out,9,2,6
2025-07-21,COL202507210,COL,"Fernandez, Yanquiel",ferny001,4,2,2B,2B,1,strikeout,9,2,6
2025-07-22,COL202507220,COL,"Freeman, Tyler",freet001,1,0,empty,empty,1,strikeout,1,0,0
2025-07-22,COL202507220,COL,"Moniak, Mickey",monim001,1,1,empty,empty,1,home_run,1,0,0
2025-07-22,COL202507220,COL,"Goodman, Hunter",goodh001,1,1,empty,empty,1,single,1,1,0
2025-07-22,COL202507220,COL,"Beck, Jordan",beckj003,1,1,1B,1B,1,grounded_into_double_play,1,1,0
2025-07-22,COL202507220,COL,"McMahon, Ryan",mcmar001,1,0,empty,empty,1,walk,2,1,0
2025-07-22,COL202507220,COL,"Tovar, Ezequiel",tovae001,1,0,1B,1B,1,strikeout,2,1,0
2025-07-22,COL202507220,COL,"Doyle, Brenton",doylb001,1,1,1B,1B,1,single,2,1,0
2025-07-22,COL202507220,COL,"Toglia, Michael",toglm001,1,1,1B+2B,1B+2B,1,strikeout,2,1,0
2025-07-22,COL202507220,COL,"Amador, Adael",amada001,1,2,1B+2B,1B+2B,1,double,2,1,0
2025-07-22,COL202507220,COL,"Freeman, Tyler",freet001,2,2,2B,2B,1,field_out,2,3,0
2025-07-22,COL202507220,COL,"Moniak, Mickey",monim001,2,0,empty,empty,1,single,3,3,0
2025-07-22,COL202507220,COL,"Goodman, Hunter",goodh001,2,0,1B,1B,1,field_out,3,3,0
2025-07-22,COL202507220,COL,"Beck, Jordan",beckj003,2,1,1B,1B,1,single,3,3,0
2025-07-22,COL202507220,COL,"McMahon, Ryan",mcmar001,2,1,1B+2B,1B+2B,1,home_run,3,3,0
2025-07-22,COL202507220,COL,"Tovar, Ezequiel",tovae001,2,1,empty,empty,1,strikeout,3,6,0
2025-07-22,COL202507220,COL,"Doyle, Brenton",doylb001,2,2,empty,empty,1,strikeout,3,6,0
2025-07-22,COL202507220,COL,"Toglia, Michael",toglm001,2,0,empty,empty,1,field_out,4,6,2
2025-07-22,COL202507220,COL,"Amador, Adael",amada001,2,1,empty,empty,1,double,4,6,2
2025-07-22,COL202507220,COL,"Freeman, Tyler",freet001,3,1,2B,2B,1,walk,4,6,2
2025-07-22,COL202507220,COL,"Moniak, Mickey",monim001,3,1,1B+2B,1B+2B,1,field_out,4,6,2
2025-07-22,COL202507220,COL,"Goodman, Hunter",goodh001,3,2,1B+2B,1B+2B,1,strikeout,4,6,2
2025-07-22,COL202507220,COL,"Beck, Jordan",beckj003,3,0,empty,empty,1,strikeout,5,6,2
2025-07-22,COL202507220,COL,"McMahon, Ryan",mcmar001,3,1,empty,empty,1,strikeout,5,6,2
2025-07-22,COL202507220,COL,"Tovar, Ezequiel",tovae001,3,2,empty,empty,1,double,5,6,2
2025-07-22,COL202507220,COL,"Doyle, Brenton",doylb001,3,2,2B,2B,1,single,5,6,2
2025-07-22,COL202507220,COL,"Toglia, Michael",toglm001,3,2,2B,2B,1,strikeout,5,7,2
2025-07-22,COL202507220,COL,"Amador, Adael",amada001,3,0,empty,empty,1,strikeout,6,7,2
2025-07-22,COL202507220,COL,"Freeman, Tyler",freet001,4,1,empty,empty,1,field_out,6,7,2
2025-07-22,COL202507220,COL,"Moniak, Mickey",monim001,4,2,empty,empty,1,field_out,6,7,2
2025-07-22,COL202507220,COL,"Goodman, Hunter",goodh001,4,0,empty,empty,1,strikeout,7,7,3
2025-07-22,COL202507220,COL,"Beck, Jordan",beckj003,4,1,empty,empty,1,strikeout,7,7,3
2025-07-22,COL202507220,COL,"McMahon, Ryan",mcmar001,4,2,empty,empty,1,field_out,7,7,3
2025-07-22,COL202507220,COL,"Tovar, Ezequiel",tovae001,4,0,empty,empty,1,field_out,8,7,4
2025-07-22,COL202507220,COL,"Doyle, Brenton",doylb001,4,1,empty,empty,1,single,8,7,4
2025-07-22,COL202507220,COL,"Toglia, Michael",toglm001,4,1,1B,1B,1,fielders_choice,8,7,4
2025-07-22,COL202507220,COL,"Amador, Adael",amada001,4,1,1B+3B,1B+3B,1,walk,8,7,4
2025-07-22,COL202507220,COL,"Freeman, Tyler",freet001,5,1,1B+2B+3B,1B+2B+3B,1,field_out,8,7,4
2025-07-22,COL202507220,COL,"Moniak, Mickey",monim001,5,2,1B+2B+3B,1B+2B+3B,1,walk,8,7,4
2025-07-22,COL202507220,COL,"Goodman, Hunter",goodh001,5,2,1B+2B+3B,1B+2B+3B,1,strikeout,8,8,4
2025-07-23,COL202507230,COL,"Freeman, Tyler",freet001,1,0,empty,empty,1,field_out,1,0,0
2025-07-23,COL202507230,COL,"Moniak, Mickey",monim001,1,1,empty,empty,1,field_out,1,0,0
2025-07-23,COL202507230,COL,"Goodman, Hunter",goodh001,1,2,empty,empty,1,single,1,0,0
2025-07-23,COL202507230,COL,"Beck, Jordan",beckj003,1,2,1B,1B,1,field_out,1,0,0
2025-07-23,COL202507230,COL,"McMahon, Ryan",mcmar001,1,0,empty,empty,1,walk,2,0,0
2025-07-23,COL202507230,COL,"Tovar, Ezequiel",tovae001,1,0,1B,1B,1,field_out,2,0,0
2025-07-23,COL202507230,COL,"Nola, Austin",nolaa002,1,1,1B,1B,1,single,2,0,0
2025-07-23,COL202507230,COL,"Farmer, Kyle",farmk001,1,1,1B+3B,1B+3B,1,single,2,0,0
2025-07-23,COL202507230,COL,"Amador, Adael",amada001,1,1,1B+2B,1B+2B,1,single,2,1,0
2025-07-23,COL202507230,COL,"Freeman, Tyler",freet001,2,1,1B+2B,1B+2B,1,single,2,2,0
2025-07-23,COL202507230,COL,"Moniak, Mickey",monim001,2,1,1B+3B,1B+3B,1,single,2,3,0
2025-07-23,COL202507230,COL,"Goodman, Hunter",goodh001,2,1,1B+3B,1B+3B,1,grounded_into_double_play,2,4,0
2025-07-23,COL202507230,COL,"Beck, Jordan",beckj003,2,0,empty,empty,1,field_out,3,4,0
2025-07-23,COL202507230,COL,"McMahon, Ryan",mcmar001,2,1,empty,empty,1,field_out,3,4,0
2025-07-23,COL202507230,COL,"Tovar, Ezequiel",tovae001,2,2,empty,empty,1,strikeout,3,4,0
2025-07-23,COL202507230,COL,"Nola, Austin",nolaa002,2,0,empty,empty,1,field_out,4,4,0
2025-07-23,COL202507230,COL,"Farmer, Kyle",farmk001,2,1,empty,empty,1,strikeout,4,4,0
2025-07-23,COL202507230,COL,"Amador, Adael",amada001,2,2,empty,empty,1,field_out,4,4,0
2025-07-23,COL202507230,COL,"Freeman, Tyler",freet001,3,0,empty,empty,1,walk,5,4,0
2025-07-23,COL202507230,COL,"Moniak, Mickey",monim001,3,0,1B,1B,1,strikeout,5,4,0
2025-07-23,COL202507230,COL,"Goodman, Hunter",goodh001,3,1,1B,1B,1,single,5,4,0
2025-07-23,COL202507230,COL,"Beck, Jordan",beckj003,3,1,1B+2B,1B+2B,1,double,5,4,0
2025-07-23,COL202507230,COL,"McMahon, Ryan",mcmar001,3,1,2B+3B,2B+3B,1,strikeout,5,5,0
2025-07-23,COL202507230,COL,"Tovar, Ezequiel",tovae001,3,2,2B+3B,2B+3B,1,strikeout,5,5,0
2025-07-23,COL202507230,COL,"Nola, Austin",nolaa002,3,0,empty,empty,1,single,6,5,0
2025-07-23,COL202507230,COL,"Farmer, Kyle",farmk001,3,0,1B,1B,1,grounded_into_double_play,6,5,0
2025-07-23,COL202507230,COL,"Amador, Adael",amada001,3,2,empty,empty,1,field_out,6,5,0
2025-07-23,COL202507230,COL,"Freeman, Tyler",freet001,4,0,empty,empty,1,field_out,7,5,0
2025-07-23,COL202507230,COL,"Moniak, Mickey",monim001,4,1,empty,empty,1,strikeout,7,5,0
2025-07-23,COL202507230,COL,"Goodman, Hunter",goodh001,4,2,empty,empty,1,walk,7,5,0
2025-07-23,COL202507230,COL,"Beck, Jordan",beckj003,4,2,1B,1B,1,single,7,5,0
2025-07-23,COL202507230,COL,"McMahon, Ryan",mcmar001,4,2,1B+2B,1B+2B,1,strikeout,7,5,0
2025-07-23,COL202507230,COL,"Tovar, Ezequiel",tovae001,4,0,empty,empty,1,home_run,8,5,0
2025-07-23,COL202507230,COL,"Nola, Austin",nolaa002,4,0,empty,empty,1,field_out,8,6,0
2025-07-23,COL202507230,COL,"Farmer, Kyle",farmk001,4,1,empty,empty,1,single,8,6,0
2025-07-23,COL202507230,COL,"Arcia, Orlando",arcio002,1,1,1B,1B,1,strikeout,8,6,0
2025-07-23,COL202507230,COL,"Freeman, Tyler",freet001,5,2,1B,1B,1,field_out,8,6,0
2025-07-25,BAL202507250,COL,"Freeman, Tyler",freet001,1,0,empty,empty,1,field_out,1,0,0
2025-07-25,BAL202507250,COL,"Moniak, Mickey",monim001,1,1,empty,empty,1,field_out,1,0,0
2025-07-25,BAL202507250,COL,"Goodman, Hunter",goodh001,1,2,empty,empty,1,single,1,0,0
2025-07-25,BAL202507250,COL,"Beck, Jordan",beckj003,1,2,1B,1B,1,single,1,0,0
2025-07-25,BAL202507250,COL,"Tovar, Ezequiel",tovae001,1,2,1B+2B,1B+2B,1,field_out,1,0,0
2025-07-25,BAL202507250,COL,"Estrada, Thairo",estrt001,1,0,empty,empty,1,field_out,2,0,2
2025-07-25,BAL202507250,COL,"Fernandez, Yanquiel",ferny001,1,1,empty,empty,1,field_out,2,0,2
2025-07-25,BAL202507250,COL,"Arcia, Orlando",arcio002,1,2,empty,empty,1,strikeout,2,0,2
2025-07-25,BAL202507250,COL,"Toglia, Michael",toglm001,1,0,empty,empty,1,field_out,3,0,4
2025-07-25,BAL202507250,COL,"Freeman, Tyler",freet001,2,1,empty,empty,1,field_out,3,0,4
2025-07-25,BAL202507250,COL,"Moniak, Mickey",monim001,2,2,empty,empty,1,home_run,3,0,4
2025-07-25,BAL202507250,COL,"Goodman, Hunter",goodh001,2,2,empty,empty,1,field_out,3,1,4
2025-07-25,BAL202507250,COL,"Beck, Jordan",beckj003,2,0,empty,empty,1,field_out,4,1,4
2025-07-25,BAL202507250,COL,"Tovar, Ezequiel",tovae001,2,1,empty,empty,1,walk,4,1,4
2025-07-25,BAL202507250,COL,"Estrada, Thairo",estrt001,2,1,1B,1B,1,home_run,4,1,4
2025-07-25,BAL202507250,COL,"Fernandez, Yanquiel",ferny001,2,1,empty,empty,1,field_out,4,3,4
2025-07-25,BAL202507250,COL,"Arcia, Orlando",arcio002,2,2,empty,empty,1,strikeout,4,3,4
2025-07-25,BAL202507250,COL,"Toglia, Michael",toglm001,2,0,empty,empty,1,field_out,5,3,4
2025-07-25,BAL202507250,COL,"Freeman, Tyler",freet001,3,1,empty,empty,1,strikeout,5,3,4
2025-07-25,BAL202507250,COL,"Moniak, Mickey",monim001,3,2,empty,empty,1,walk,5,3,4
2025-07-25,BAL202507250,COL,"Goodman, Hunter",goodh001,3,2,1B,1B,1,double,5,3,4
2025-07-25,BAL202507250,COL,"Beck, Jordan",beckj003,3,2,2B,2B,1,single,5,4,4
2025-07-25,BAL202507250,COL,"Tovar, Ezequiel",tovae001,3,2,1B,1B,1,field_out,5,5,4
2025-07-25,BAL202507250,COL,"Estrada, Thairo",estrt001,3,0,empty,empty,1,field_out,6,5,4
2025-07-25,BAL202507250,COL,"Fernandez, Yanquiel",ferny001,3,1,empty,empty,1,strikeout,6,5,4
2025-07-25,BAL202507250,COL,"Arcia, Orlando",arcio002,3,2,empty,empty,1,strikeout,6,5,4
2025-07-25,BAL202507250,COL,"Toglia, Michael",toglm001,3,0,empty,empty,1,strikeout,7,5,4
2025-07-25,BAL202507250,COL,"Freeman, Tyler",freet001,4,1,empty,empty,1,walk,7,5,4
2025-07-25,BAL202507250,COL,"Moniak, Mickey",monim001,4,1,1B,1B,1,field_out,7,5,4
2025-07-25,BAL202507250,COL,"Goodman, Hunter",goodh001,4,2,1B,1B,1,strikeout,7,5,4
2025-07-25,BAL202507250,COL,"Beck, Jordan",beckj003,4,0,empty,empty,1,strikeout,8,5,5
2025-07-25,BAL202507250,COL,"Tovar, Ezequiel",tovae001,4,1,empty,empty,1,home_run,8,5,5
2025-07-25,BAL202507250,COL,"Estrada, Thairo",estrt001,4,1,empty,empty,1,strikeout,8,6,5
2025-07-25,BAL202507250,COL,"Fernandez, Yanquiel",ferny001,4,2,empty,empty,1,strikeout,8,6,5
2025-07-25,BAL202507250,COL,"Arcia, Orlando",arcio002,4,0,empty,empty,1,field_out,9,6,5
2025-07-25,BAL202507250,COL,"Toglia, Michael",toglm001,4,1,empty,empty,1,field_out,9,6,5
2025-07-25,BAL202507250,COL,"Freeman, Tyler",freet001,5,2,empty,empty,1,field_out,9,6,5
2025-07-26,BAL202507260,COL,"Freeman, Tyler",freet001,1,0,empty,empty,1,field_out,1,0,0
2025-07-26,BAL202507260,COL,"Tovar, Ezequiel",tovae001,1,1,empty,empty,1,strikeout,1,0,0
2025-07-26,BAL202507260,COL,"Goodman, Hunter",goodh001,1,2,empty,empty,1,strikeout,1,0,0
2025-07-26,BAL202507260,COL,"Beck, Jordan",beckj003,1,0,empty,empty,1,field_out,2,0,1
2025-07-26,BAL202507260,COL,"Estrada, Thairo",estrt001,1,1,empty,empty,1,single,2,0,1
2025-07-26,BAL202507260,COL,"Moniak, Mickey",monim001,1,1,1B,1B,1,strikeout,2,0,1
2025-07-26,BAL202507260,COL,"Farmer, Kyle",farmk001,1,2,1B,1B,1,strikeout,2,0,1
2025-07-26,BAL202507260,COL,"Bernabel, Warming",bernw002,1,0,empty,empty,1,field_out,3,0,3
2025-07-26,BAL202507260,COL,"Arcia, Orlando",arcio002,1,1,empty,empty,1,field_out,3,0,3
2025-07-26,BAL202507260,COL,"Freeman, Tyler",freet001,2,2,empty,empty,1,strikeout,3,0,3
2025-07-26,BAL202507260,COL,"Tovar, Ezequiel",tovae001,2,0,empty,empty,1,field_out,4,0,3
2025-07-26,BAL202507260,COL,"Goodman, Hunter",goodh001,2,1,empty,empty,1,field_out,4,0,3
2025-07-26,BAL202507260,COL,"Beck, Jordan",beckj003,2,2,empty,empty,1,field_out,4,0,3
2025-07-26,BAL202507260,COL,"Estrada, Thairo",estrt001,2,0,empty,empty,1,field_out,5,0,6
2025-07-26,BAL202507260,COL,"Moniak, Mickey",monim001,2,1,empty,empty,1,field_out,5,0,6
2025-07-26,BAL202507260,COL,"Farmer, Kyle",farmk001,2,2,empty,empty,1,field_out,5,0,6
2025-07-26,BAL202507260,COL,"Bernabel, Warming",bernw002,2,0,empty,empty,1,field_out,6,0,6
2025-07-26,BAL202507260,COL,"Arcia, Orlando",arcio002,2,1,empty,empty,1,field_out,6,0,6
2025-07-26,BAL202507260,COL,"Freeman, Tyler",freet001,3,2,empty,empty,1,field_out,6,0,6
2025-07-26,BAL202507260,COL,"Tovar, Ezequiel",tovae001,3,0,empty,empty,1,walk,7,0,8
2025-07-26,BAL202507260,COL,"Goodman, Hunter",goodh001,3,0,1B,1B,1,grounded_into_double_play,7,0,8
2025-07-26,BAL202507260,COL,"Beck, Jordan",beckj003,3,2,empty,empty,1,field_out,7,0,8
2025-07-26,BAL202507260,COL,"Estrada, Thairo",estrt001,3,0,empty,empty,1,field_out,8,0,17
2025-07-26,BAL202507260,COL,"Fernandez, Yanquiel",ferny001,1,1,empty,empty,1,field_out,8,0,17
2025-07-26,BAL202507260,COL,"Farmer, Kyle",farmk001,3,2,empty,empty,1,field_out,8,0,17
2025-07-26,BAL202507260,COL,"Bernabel, Warming",bernw002,3,0,empty,empty,1,single,9,0,18
2025-07-26,BAL202507260,COL,"Arcia, Orlando",arcio002,3,0,1B,1B,1,strikeout,9,0,18
2025-07-26,BAL202507260,COL,"Freeman, Tyler",freet001,4,1,1B,1B,1,walk,9,0,18
2025-07-26,BAL202507260,COL,"Toglia, Michael",toglm001,1,1,1B+2B,1B+2B,1,strikeout,9,0,18
2025-07-26,BAL202507260,COL,"Nola, Austin",nolaa002,1,2,1B+2B,1B+2B,1,field_out,9,0,18
2025-07-27,BAL202507270,COL,"Freeman, Tyler",freet001,1,0,empty,empty,1,field_out,1,0,0
2025-07-27,BAL202507270,COL,"Moniak, Mickey",monim001,1,1,empty,empty,1,strikeout,1,0,0
2025-07-27,BAL202507270,COL,"Tovar, Ezequiel",tovae001,1,2,empty,empty,1,single,1,0,0
2025-07-27,BAL202507270,COL,"Beck, Jordan",beckj003,1,2,1B,1B,1,walk,1,0,0
2025-07-27,BAL202507270,COL,"Estrada, Thairo",estrt001,1,2,1B+2B,1B+2B,1,field_out,1,0,0
2025-07-27,BAL202507270,COL,"Fernandez, Yanquiel",ferny001,1,0,empty,empty,1,strikeout,2,0,0
2025-07-27,BAL202507270,COL,"Bernabel, Warming",bernw002,1,1,empty,empty,1,home_run,2,0,0
2025-07-27,BAL202507270,COL,"Nola, Austin",nolaa002,1,1,empty,empty,1,field_out,2,1,0
2025-07-27,BAL202507270,COL,"Arcia, Orlando",arcio002,1,2,empty,empty,1,field_out,2,1,0
2025-07-27,BAL202507270,COL,"Freeman, Tyler",freet001,2,0,empty,empty,1,strikeout,3,1,2
2025-07-27,BAL202507270,COL,"Moniak, Mickey",monim001,2,1,empty,empty,1,field_out,3,1,2
2025-07-27,BAL202507270,COL,"Tovar, Ezequiel",tovae001,2,2,empty,empty,1,field_out,3,1,2
2025-07-27,BAL202507270,COL,"Beck, Jordan",beckj003,2,0,empty,empty,1,walk,4,1,4
2025-07-27,BAL202507270,COL,"Estrada, Thairo",estrt001,2,0,1B,1B,1,field_out,4,1,4
2025-07-27,BAL202507270,COL,"Fernandez, Yanquiel",ferny001,2,1,1B,1B,1,strikeout_double_play,4,1,4
2025-07-27,BAL202507270,COL,"Bernabel, Warming",bernw002,2,0,empty,empty,1,strikeout,5,1,4
2025-07-27,BAL202507270,COL,"Nola, Austin",nolaa002,2,1,empty,empty,1,field_out,5,1,4
2025-07-27,BAL202507270,COL,"Arcia, Orlando",arcio002,2,2,empty,empty,1,single,5,1,4
2025-07-27,BAL202507270,COL,"Freeman, Tyler",freet001,3,2,1B,1B,1,single,5,1,4
2025-07-27,BAL202507270,COL,"Moniak, Mickey",monim001,3,2,1B+3B,1B+3B,1,strikeout,5,1,4
2025-07-27,BAL202507270,COL,"Tovar, Ezequiel",tovae001,3,0,empty,empty,1,field_out,6,1,4
2025-07-27,BAL202507270,COL,"Beck, Jordan",beckj003,3,1,empty,empty,1,strikeout,6,1,4
2025-07-27,BAL202507270,COL,"Estrada, Thairo",estrt001,3,2,empty,empty,1,strikeout,6,1,4
2025-07-27,BAL202507270,COL,"Fernandez, Yanquiel",ferny001,3,0,empty,empty,1,field_out,7,1,4
2025-07-27,BAL202507270,COL,"Bernabel, Warming",bernw002,3,1,empty,empty,1,walk,7,1,4
2025-07-27,BAL202507270,COL,"Nola, Austin",nolaa002,3,1,1B,1B,1,walk,7,1,4
2025-07-27,BAL202507270,COL,"Arcia, Orlando",arcio002,3,1,1B+2B,1B+2B,1,strikeout,7,1,4
2025-07-27,BAL202507270,COL,"Freeman, Tyler",freet001,4,2,1B+2B,1B+2B,1,field_out,7,1,4
2025-07-27,BAL202507270,COL,"Moniak, Mickey",monim001,4,0,empty,empty,1,single,8,1,4
2025-07-27,BAL202507270,COL,"Tovar, Ezequiel",tovae001,4,0,1B,1B,1,field_out,8,1,4
2025-07-27,BAL202507270,COL,"Beck, Jordan",beckj003,4,1,2B,2B,1,strikeout,8,1,4
2025-07-27,BAL202507270,COL,"Estrada, Thairo",estrt001,4,2,2B,2B,1,strikeout,8,1,4
2025-07-27,BAL202507270,COL,"Fernandez, Yanquiel",ferny001,4,0,empty,empty,1,single,9,1,5
2025-07-27,BAL202507270,COL,"Bernabel, Warming",bernw002,4,0,1B,1B,1,field_out,9,1,5
2025-07-27,BAL202507270,COL,"Nola, Austin",nolaa002,4,1,1B,1B,1,field_out,9,1,5
2025-07-27,BAL202507270,COL,"Arcia, Orlando",arcio002,4,2,2B,2B,1,strikeout,9,1,5
2025-07-28,CLE202507280,COL,"Freeman, Tyler",freet001,1,0,empty,empty,1,field_out,1,0,0
2025-07-28,CLE202507280,COL,"Moniak, Mickey",monim001,1,1,empty,empty,1,field_out,1,0,0
2025-07-28,CLE202507280,COL,"Goodman, Hunter",goodh001,1,2,empty,empty,1,field_out,1,0,0
2025-07-28,CLE202507280,COL,"Beck, Jordan",beckj003,1,0,empty,empty,1,single,2,0,0
2025-07-28,CLE202507280,COL,"Estrada, Thairo",estrt001,1,0,1B,1B,1,grounded_into_double_play,2,0,0
2025-07-28,CLE202507280,COL,"Bernabel, Warming",bernw002,1,2,empty,empty,1,field_out,2,0,0
2025-07-28,CLE202507280,COL,"Doyle, Brenton",doylb001,1,0,empty,empty,1,single,3,0,0
2025-07-28,CLE202507280,COL,"Farmer, Kyle",farmk001,1,0,1B,1B,1,field_out,3,0,0
2025-07-28,CLE202507280,COL,"Arcia, Orlando",arcio002,1,1,1B,1B,1,double,3,0,0
2025-07-28,CLE202507280,COL,"Freeman, Tyler",freet001,2,1,2B+3B,2B+3B,1,sac_fly,3,0,0
2025-07-28,CLE202507280,COL,"Moniak, Mickey",monim001,2,2,3B,3B,1,field_out,3,1,0
2025-07-28,CLE202507280,COL,"Goodman, Hunter",goodh001,2,0,empty,empty,1,field_out,4,1,0
2025-07-28,CLE202507280,COL,"Beck, Jordan",beckj003,2,1,empty,empty,1,single,4,1,0
2025-07-28,CLE202507280,COL,"Estrada, Thairo",estrt001,2,1,1B,1B,1,field_out,4,1,0
2025-07-28,CLE202507280,COL,"Bernabel, Warming",bernw002,2,2,1B,1B,1,field_out,4,1,0
2025-07-28,CLE202507280,COL,"Doyle, Brenton",doylb001,2,0,empty,empty,1,field_out,5,1,0
2025-07-28,CLE202507280,COL,"Farmer, Kyle",farmk001,2,1,empty,empty,1,walk,5,1,0
2025-07-28,CLE202507280,COL,"Arcia, Orlando",arcio002,2,1,1B,1B,1,walk,5,1,0
2025-07-28,CLE202507280,COL,"Freeman, Tyler",freet001,3,1,1B+2B,1B+2B,1,single,5,1,0
2025-07-28,CLE202507280,COL,"Moniak, Mickey",monim001,3,1,1B+3B,1B+3B,1,fielders_choice_out,5,2,0
2025-07-28,CLE202507280,COL,"Goodman, Hunter",goodh001,3,2,2B+3B,2B+3B,1,strikeout,5,2,0
2025-07-28,CLE202507280,COL,"Beck, Jordan",beckj003,3,0,empty,empty,1,field_out,6,2,0
2025-07-28,CLE202507280,COL,"Estrada, Thairo",estrt001,3,1,empty,empty,1,strikeout,6,2,0
2025-07-28,CLE202507280,COL,"Bernabel, Warming",bernw002,3,2,empty,empty,1,home_run,6,2,0
2025-07-28,CLE202507280,COL,"Doyle, Brenton",doylb001,3,2,empty,empty,1,strikeout,6,3,0
2025-07-28,CLE202507280,COL,"Farmer, Kyle",farmk001,3,0,empty,empty,1,field_out,7,3,0
2025-07-28,CLE202507280,COL,"Arcia, Orlando",arcio002,3,1,empty,empty,1,field_out,7,3,0
2025-07-28,CLE202507280,COL,"Freeman, Tyler",freet001,4,2,empty,empty,1,field_out,7,3,0
2025-07-28,CLE202507280,COL,"Moniak, Mickey",monim001,4,0,empty,empty,1,field_out,8,3,5
2025-07-28,CLE202507280,COL,"Goodman, Hunter",goodh001,4,1,empty,empty,1,home_run,8,3,5
2025-07-28,CLE202507280,COL,"Beck, Jordan",beckj003,4,1,empty,empty,1,field_out,8,4,5
2025-07-28,CLE202507280,COL,"Estrada, Thairo",estrt001,4,2,empty,empty,1,strikeout,8,4,5
2025-07-28,CLE202507280,COL,"Bernabel, Warming",bernw002,4,0,empty,empty,1,double,9,4,5
2025-07-28,CLE202507280,COL,"Doyle, Brenton",doylb001,4,0,2B,2B,1,sac_bunt,9,4,5
2025-07-28,CLE202507280,COL,"Farmer, Kyle",farmk001,4,0,2B,2B,1,hit_by_pitch,9,5,5
2025-07-28,CLE202507280,COL,"Arcia, Orlando",arcio002,4,0,1B+2B,1B+2B,1,field_out,9,5,5
2025-07-28,CLE202507280,COL,"Freeman, Tyler",freet001,5,1,2B+3B,2B+3B,1,single,9,5,5
2025-07-28,CLE202507280,COL,"Moniak, Mickey",monim001,5,1,1B+3B,1B+3B,1,sac_fly,9,6,5
2025-07-28,CLE202507280,COL,"Goodman, Hunter",goodh001,5,2,1B,1B,1,double,9,7,5
2025-07-28,CLE202507280,COL,"Beck, Jordan",beckj003,5,2,2B,2B,1,walk,9,8,5
2025-07-28,CLE202507280,COL,"Estrada, Thairo",estrt001,5,2,1B+2B,1B+2B,1,walk,9,8,5
2025-07-28,CLE202507280,COL,"Bernabel, Warming",bernw002,5,2,1B+2B+3B,1B+2B+3B,1,field_out,9,8,5
2025-07-29,CLE202507290,COL,"Freeman, Tyler",freet001,1,0,empty,empty,1,field_out,1,0,0
2025-07-29,CLE202507290,COL,"Tovar, Ezequiel",tovae001,1,1,empty,empty,1,field_out,1,0,0
2025-07-29,CLE202507290,COL,"Goodman, Hunter",goodh001,1,2,empty,empty,1,field_out,1,0,0
2025-07-29,CLE202507290,COL,"Beck, Jordan",beckj003,1,0,empty,empty,1,walk,2,0,2
2025-07-29,CLE202507290,COL,"Bernabel, Warming",bernw002,1,0,1B,1B,1,field_out,2,0,2
2025-07-29,CLE202507290,COL,"Doyle, Brenton",doylb001,1,1,1B,1B,1,single,2,0,2
2025-07-29,CLE202507290,COL,"Farmer, Kyle",farmk001,1,1,1B+2B,1B+2B,1,strikeout,2,0,2
2025-07-29,CLE202507290,COL,"Toglia, Michael",toglm001,1,0,1B+2B,empty,0,field_out,3,0,3
2025-07-29,CLE202507290,COL,"Arcia, Orlando",arcio002,1,1,empty,empty,1,field_out,3,0,3
2025-07-29,CLE202507290,COL,"Freeman, Tyler",freet001,2,2,empty,empty,1,single,3,0,3
2025-07-29,CLE202507290,COL,"Tovar, Ezequiel",tovae001,2,2,1B,1B,1,single,3,0,3
2025-07-29,CLE202507290,COL,"Goodman, Hunter",goodh001,2,2,1B+3B,1B+3B,1,field_out,3,0,3
2025-07-29,CLE202507290,COL,"Beck, Jordan",beckj003,2,0,empty,empty,1,home_run,4,0,7
2025-07-29,CLE202507290,COL,"Bernabel, Warming",bernw002,2,0,empty,empty,1,field_out,4,1,7
2025-07-29,CLE202507290,COL,"Doyle, Brenton",doylb001,2,1,empty,empty,1,field_out,4,1,7
2025-07-29,CLE202507290,COL,"Farmer, Kyle",farmk001,2,2,empty,empty,1,field_out,4,1,7
2025-07-29,CLE202507290,COL,"Toglia, Michael",toglm001,2,0,empty,empty,1,field_out,5,1,8
2025-07-29,CLE202507290,COL,"Arcia, Orlando",arcio002,2,1,empty,empty,1,field_out,5,1,8
2025-07-29,CLE202507290,COL,"Freeman, Tyler",freet001,3,2,empty,empty,1,double,5,1,8
2025-07-29,CLE202507290,COL,"Tovar, Ezequiel",tovae001,3,2,2B,2B,1,strikeout,5,1,8
2025-07-29,CLE202507290,COL,"Goodman, Hunter",goodh001,3,0,empty,empty,1,field_out,6,1,9
2025-07-29,CLE202507290,COL,"Beck, Jordan",beckj003,3,1,empty,empty,1,strikeout,6,1,9
2025-07-29,CLE202507290,COL,"Bernabel, Warming",bernw002,3,2,empty,empty,1,single,6,1,9
2025-07-29,CLE202507290,COL,"Doyle, Brenton",doylb001,3,2,1B,1B,1,field_out,6,1,9
2025-07-29,CLE202507290,COL,"Farmer, Kyle",farmk001,3,0,empty,empty,1,field_out,7,1,10
2025-07-29,CLE202507290,COL,"Toglia, Michael",toglm001,3,1,empty,empty,1,home_run,7,1,10
2025-07-29,CLE202507290,COL,"Arcia, Orlando",arcio002,3,1,empty,empty,1,single,7,2,10
2025-07-29,CLE202507290,COL,"Freeman, Tyler",freet001,4,1,1B,1B,1,grounded_into_double_play,7,2,10
2025-07-29,CLE202507290,COL,"Tovar, Ezequiel",tovae001,4,0,empty,empty,1,field_error,8,2,10
2025-07-29,CLE202507290,COL,"Goodman, Hunter",goodh001,4,0,1B,1B,1,strikeout,8,2,10
2025-07-29,CLE202507290,COL,"Beck, Jordan",beckj003,4,1,1B,1B,1,field_out,8,2,10
2025-07-29,CLE202507290,COL,"Bernabel, Warming",bernw002,4,2,1B,1B,1,double,8,2,10
2025-07-29,CLE202507290,COL,"Doyle, Brenton",doylb001,4,2,2B,2B,1,strikeout,8,3,10
2025-07-29,CLE202507290,COL,"Farmer, Kyle",farmk001,4,0,empty,empty,1,home_run,9,3,10
2025-07-29,CLE202507290,COL,"Toglia, Michael",toglm001,4,0,empty,empty,1,strikeout,9,4,10
2025-07-29,CLE202507290,COL,"Arcia, Orlando",arcio002,4,1,empty,empty,1,field_out,9,4,10
2025-07-29,CLE202507290,COL,"Fernandez, Yanquiel",ferny001,1,2,empty,empty,1,strikeout,9,4,10
2025-07-30,CLE202507300,COL,"Freeman, Tyler",freet001,1,0,empty,empty,1,field_out,1,0,0
2025-07-30,CLE202507300,COL,"Tovar, Ezequiel",tovae001,1,1,empty,empty,1,field_out,1,0,0
2025-07-30,CLE202507300,COL,"Goodman, Hunter",goodh001,1,2,empty,empty,1,strikeout,1,0,0
2025-07-30,CLE202507300,COL,"Beck, Jordan",beckj003,1,0,empty,empty,1,strikeout,2,0,2
2025-07-30,CLE202507300,COL,"Bernabel, Warming",bernw002,1,1,empty,empty,1,field_out,2,0,2
2025-07-30,CLE202507300,COL,"Estrada, Thairo",estrt001,1,2,empty,empty,1,strikeout,2,0,2
2025-07-30,CLE202507300,COL,"Doyle, Brenton",doylb001,1,0,empty,empty,1,strikeout,3,0,2
2025-07-30,CLE202507300,COL,"Arcia, Orlando",arcio002,1,1,empty,empty,1,strikeout,3,0,2
2025-07-30,CLE202507300,COL,"Nola, Austin",nolaa002,1,2,empty,empty,1,field_out,3,0,2
2025-07-30,CLE202507300,COL,"Freeman, Tyler",freet001,2,0,empty,empty,1,single,4,0,2
2025-07-30,CLE202507300,COL,"Tovar, Ezequiel",tovae001,2,0,1B,1B,1,field_out,4,0,2
2025-07-30,CLE202507300,COL,"Goodman, Hunter",goodh001,2,2,1B,empty,0,strikeout,4,0,2
2025-07-30,CLE202507300,COL,"Beck, Jordan",beckj003,2,0,empty,empty,1,strikeout,5,0,3
2025-07-30,CLE202507300,COL,"Bernabel, Warming",bernw002,2,1,empty,empty,1,field_out,5,0,3
2025-07-30,CLE202507300,COL,"Estrada, Thairo",estrt001,2,2,empty,empty,1,field_out,5,0,3
2025-07-30,CLE202507300,COL,"Doyle, Brenton",doylb001,2,0,empty,empty,1,strikeout,6,0,3
2025-07-30,CLE202507300,COL,"Arcia, Orlando",arcio002,2,1,empty,empty,1,single,6,0,3
2025-07-30,CLE202507300,COL,"Nola, Austin",nolaa002,2,1,1B,1B,1,field_out,6,0,3
2025-07-30,CLE202507300,COL,"Freeman, Tyler",freet001,3,2,1B,1B,1,field_out,6,0,3
2025-07-30,CLE202507300,COL,"Tovar, Ezequiel",tovae001,3,0,empty,empty,1,field_out,7,0,3
2025-07-30,CLE202507300,COL,"Goodman, Hunter",goodh001,3,1,empty,empty,1,walk,7,0,3
2025-07-30,CLE202507300,COL,"Beck, Jordan",beckj003,3,1,1B,1B,1,field_out,7,0,3
2025-07-30,CLE202507300,COL,"Bernabel, Warming",bernw002,3,2,1B,1B,1,single,7,0,3
2025-07-30,CLE202507300,COL,"Estrada, Thairo",estrt001,3,2,1B+2B,1B+2B,1,field_out,7,0,3
2025-07-30,CLE202507300,COL,"Moniak, Mickey",monim001,1,0,empty,empty,1,strikeout,8,0,3
2025-07-30,CLE202507300,COL,"Arcia, Orlando",arcio002,3,1,empty,empty,1,strikeout,8,0,3
2025-07-30,CLE202507300,COL,"Nola, Austin",nolaa002,3,2,empty,empty,1,field_out,8,0,3
2025-07-30,CLE202507300,COL,"Freeman, Tyler",freet001,4,0,empty,empty,1,field_out,9,0,5
2025-07-30,CLE202507300,COL,"Tovar, Ezequiel",tovae001,4,1,empty,empty,1,field_out,9,0,5
2025-07-30,CLE202507300,COL,"Goodman, Hunter",goodh001,4,2,empty,empty,1,field_out,9,0,5
2025-08-01,COL202508010,COL,"Freeman, Tyler",freet001,1,0,empty,empty,1,field_out,1,0,9
2025-08-01,COL202508010,COL,"Tovar, Ezequiel",tovae001,1,1,empty,empty,1,field_out,1,0,9
2025-08-01,COL202508010,COL,"Goodman, Hunter",goodh001,1,2,empty,empty,1,field_error,1,0,9
2025-08-01,COL202508010,COL,"Beck, Jordan",beckj003,1,2,2B,2B,1,single,1,0,9
2025-08-01,COL202508010,COL,"Bernabel, Warming",bernw002,1,2,1B,1B,1,single,1,1,9
2025-08-01,COL202508010,COL,"Estrada, Thairo",estrt001,1,2,1B+2B,1B+2B,1,strikeout,1,1,9
2025-08-01,COL202508010,COL,"Doyle, Brenton",doylb001,1,0,empty,empty,1,double,2,1,9
2025-08-01,COL202508010,COL,"Farmer, Kyle",farmk001,1,1,empty,empty,1,field_out,2,1,9
2025-08-01,COL202508010,COL,"Moniak, Mickey",monim001,1,2,empty,empty,1,single,2,1,9
2025-08-01,COL202508010,COL,"Freeman, Tyler",freet001,2,2,1B,1B,1,field_out,2,1,9
2025-08-01,COL202508010,COL,"Tovar, Ezequiel",tovae001,2,0,empty,empty,1,double,3,1,9
2025-08-01,COL202508010,COL,"Goodman, Hunter",goodh001,2,0,2B,2B,1,field_out,3,1,9
2025-08-01,COL202508010,COL,"Beck, Jordan",beckj003,2,1,2B,2B,1,walk,3,1,9
2025-08-01,COL202508010,COL,"Bernabel, Warming",bernw002,2,1,1B+2B,1B+2B,1,home_run,3,1,9
2025-08-01,COL202508010,COL,"Estrada, Thairo",estrt001,2,1,empty,empty,1,double,3,4,9
2025-08-01,COL202508010,COL,"Doyle, Brenton",doylb001,2,1,2B,2B,1,field_out,3,4,9
2025-08-01,COL202508010,COL,"Farmer, Kyle",farmk001,2,2,3B,3B,1,field_out,3,4,9
2025-08-01,COL202508010,COL,"Moniak, Mickey",monim001,2,0,empty,empty,1,field_out,4,4,12
2025-08-01,COL202508010,COL,"Freeman, Tyler",freet001,3,1,empty,empty,1,walk,4,4,12
2025-08-01,COL202508010,COL,"Tovar, Ezequiel",tovae001,3,1,1B,1B,1,double,4,4,12
2025-08-01,COL202508010,COL,"Goodman, Hunter",goodh001,3,1,2B,3B,0,single,4,5,12
2025-08-01,COL202508010,COL,"Beck, Jordan",beckj003,3,1,1B,1B,1,field_out,4,6,12
2025-08-01,COL202508010,COL,"Bernabel, Warming",bernw002,3,2,1B,1B,1,single,4,6,12
2025-08-01,COL202508010,COL,"Estrada, Thairo",estrt001,3,2,1B+2B,1B+2B,1,field_out,4,6,12
2025-08-01,COL202508010,COL,"Doyle, Brenton",doylb001,3,0,empty,empty,1,walk,5,6,15
2025-08-01,COL202508010,COL,"Farmer, Kyle",farmk001,3,0,1B,1B,1,single,5,6,15
2025-08-01,COL202508010,COL,"Moniak, Mickey",monim001,3,0,1B+2B,1B+2B,1,double,5,6,15
2025-08-01,COL202508010,COL,"Freeman, Tyler",freet001,4,0,2B+3B,2B+3B,1,double,5,7,15
2025-08-01,COL202508010,COL,"Tovar, Ezequiel",tovae001,4,0,2B,2B,1,double,5,9,15
2025-08-01,COL202508010,COL,"Goodman, Hunter",goodh001,4,0,2B,2B,1,field_out,5,10,15
2025-08-01,COL202508010,COL,"Beck, Jordan",beckj003,4,1,2B,2B,1,field_out,5,10,15
2025-08-01,COL202508010,COL,"Bernabel, Warming",bernw002,4,2,2B,3B,0,field_out,5,10,15
2025-08-01,COL202508010,COL,"Estrada, Thairo",estrt001,4,0,empty,empty,1,field_out,6,10,16
2025-08-01,COL202508010,COL,"Doyle, Brenton",doylb001,4,1,empty,empty,1,single,6,10,16
2025-08-01,COL202508010,COL,"Farmer, Kyle",farmk001,4,1,1B,1B,1,strikeout,6,10,16
2025-08-01,COL202508010,COL,"Moniak, Mickey",monim001,4,2,1B,1B,1,strikeout,6,10,16
2025-08-01,COL202508010,COL,"Freeman, Tyler",freet001,5,0,empty,empty,1,field_out,7,10,16
2025-08-01,COL202508010,COL,"Tovar, Ezequiel",tovae001,5,1,empty,empty,1,double,7,10,16
2025-08-01,COL202508010,COL,"Goodman, Hunter",goodh001,5,1,2B,2B,1,walk,7,10,16
2025-08-01,COL202508010,COL,"Beck, Jordan",beckj003,5,1,1B+2B,1B+2B,1,strikeout,7,10,16
2025-08-01,COL202508010,COL,"Bernabel, Warming",bernw002,5,2,1B+2B,1B+2B,1,strikeout,7,10,16
2025-08-01,COL202508010,COL,"Estrada, Thairo",estrt001,5,0,empty,empty,1,field_out,8,10,16
2025-08-01,COL202508010,COL,"Doyle, Brenton",doylb001,5,1,empty,empty,1,single,8,10,16
2025-08-01,COL202508010,COL,"Fernandez, Yanquiel",ferny001,1,1,1B,1B,1,home_run,8,10,16
2025-08-01,COL202508010,COL,"Moniak, Mickey",monim001,5,1,empty,empty,1,strikeout,8,12,16
2025-08-01,COL202508010,COL,"Freeman, Tyler",freet001,6,2,empty,empty,1,field_out,8,12,16
2025-08-01,COL202508010,COL,"Tovar, Ezequiel",tovae001,6,0,empty,empty,1,strikeout,9,12,16
2025-08-01,COL202508010,COL,"Goodman, Hunter",goodh001,6,1,empty,empty,1,home_run,9,12,16
2025-08-01,COL202508010,COL,"Beck, Jordan",beckj003,6,1,empty,empty,1,walk,9,13,16
2025-08-01,COL202508010,COL,"Bernabel, Warming",bernw002,6,1,1B,1B,1,triple,9,13,16
2025-08-01,COL202508010,COL,"Estrada, Thairo",estrt001,6,1,3B,3B,1,single,9,14,16
2025-08-01,COL202508010,COL,"Doyle, Brenton",doylb001,6,1,1B,1B,1,home_run,9,15,16
2025-08-02,COL202508020,COL,"Moniak, Mickey",monim001,1,0,empty,empty,1,field_out,1,0,1
2025-08-02,COL202508020,COL,"Tovar, Ezequiel",tovae001,1,1,empty,empty,1,field_out,1,0,1
2025-08-02,COL202508020,COL,"Beck, Jordan",beckj003,1,2,empty,empty,1,walk,1,0,1
2025-08-02,COL202508020,COL,"Bernabel, Warming",bernw002,1,2,1B,2B,0,strikeout,1,0,1
2025-08-02,COL202508020,COL,"Estrada, Thairo",estrt001,1,0,empty,empty,1,strikeout,2,0,1
2025-08-02,COL202508020,COL,"Doyle, Brenton",doylb001,1,1,empty,empty,1,strikeout,2,0,1
2025-08-02,COL202508020,COL,"Fernandez, Yanquiel",ferny001,1,2,empty,empty,1,strikeout,2,0,1
2025-08-02,COL202508020,COL,"Nola, Austin",nolaa002,1,0,empty,empty,1,field_out,3,0,1
2025-08-02,COL202508020,COL,"Arcia, Orlando",arcio002,1,1,empty,empty,1,field_out,3,0,1
2025-08-02,COL202508020,COL,"Moniak, Mickey",monim001,2,2,empty,empty,1,strikeout,3,0,1
2025-08-02,COL202508020,COL,"Tovar, Ezequiel",tovae001,2,0,empty,empty,1,field_out,4,0,1
2025-08-02,COL202508020,COL,"Beck, Jordan",beckj003,2,1,empty,empty,1,single,4,0,1
2025-08-02,COL202508020,COL,"Bernabel, Warming",bernw002,2,1,1B,1B,1,double,4,0,1
2025-08-02,COL202508020,COL,"Estrada, Thairo",estrt001,2,1,2B+3B,2B+3B,1,fielders_choice_out,4,0,1
2025-08-02,COL202508020,COL,"Doyle, Brenton",doylb001,2,2,1B+3B,1B+3B,1,strikeout,4,0,1
2025-08-02,COL202508020,COL,"Fernandez, Yanquiel",ferny001,2,0,empty,empty,1,strikeout,5,0,4
2025-08-02,COL202508020,COL,"Nola, Austin",nolaa002,2,1,empty,empty,1,strikeout,5,0,4
2025-08-02,COL202508020,COL,"Arcia, Orlando",arcio002,2,2,empty,empty,1,field_out,5,0,4
2025-08-02,COL202508020,COL,"Moniak, Mickey",monim001,3,0,empty,empty,1,single,6,0,4
2025-08-02,COL202508020,COL,"Tovar, Ezequiel",tovae001,3,0,1B,1B,1,walk,6,0,4
2025-08-02,COL202508020,COL,"Beck, Jordan",beckj003,3,0,1B+2B,1B+2B,1,home_run,6,0,4
2025-08-02,COL202508020,COL,"Bernabel, Warming",bernw002,3,0,empty,empty,1,double,6,3,4
2025-08-02,COL202508020,COL,"Estrada, Thairo",estrt001,3,0,2B,2B,1,single,6,3,4
2025-08-02,COL202508020,COL,"Doyle, Brenton",doylb001,3,0,1B+3B,1B+3B,1,single,6,3,4
2025-08-02,COL202508020,COL,"Fernandez, Yanquiel",ferny001,3,0,1B+2B,1B+2B,1,strikeout,6,4,4
2025-08-02,COL202508020,COL,"Nola, Austin",nolaa002,3,1,1B+2B,1B+2B,1,double,6,4,4
2025-08-02,COL202508020,COL,"Arcia, Orlando",arcio002,3,1,2B+3B,2B+3B,1,field_out,6,5,4
2025-08-02,COL202508020,COL,"Moniak, Mickey",monim001,4,2,3B,3B,1,field_out,6,6,4
2025-08-02,COL202508020,COL,"Tovar, Ezequiel",tovae001,4,0,empty,empty,1,single,7,6,4
2025-08-02,COL202508020,COL,"Beck, Jordan",beckj003,4,0,1B,1B,1,strikeout,7,6,4
2025-08-02,COL202508020,COL,"Bernabel, Warming",bernw002,4,1,1B,3B,0,single,7,6,4
2025-08-02,COL202508020,COL,"Estrada, Thairo",estrt001,4,1,1B,1B,1,field_out,7,7,4
2025-08-02,COL202508020,COL,"Doyle, Brenton",doylb001,4,2,2B,2B,1,field_out,7,7,4
2025-08-02,COL202508020,COL,"Freeman, Tyler",freet001,1,0,empty,empty,1,field_out,8,7,4
2025-08-02,COL202508020,COL,"Nola, Austin",nolaa002,4,1,empty,empty,1,field_out,8,7,4
2025-08-02,COL202508020,COL,"Arcia, Orlando",arcio002,4,2,empty,empty,1,home_run,8,7,4
2025-08-02,COL202508020,COL,"Moniak, Mickey",monim001,5,2,empty,empty,1,double,8,8,4
2025-08-02,COL202508020,COL,"Tovar, Ezequiel",tovae001,5,2,2B,2B,1,field_out,8,8,4
2025-08-03,COL202508030,COL,"Freeman, Tyler",freet001,1,0,empty,empty,1,field_out,1,0,3
2025-08-03,COL202508030,COL,"Moniak, Mickey",monim001,1,1,empty,empty,1,strikeout,1,0,3
2025-08-03,COL202508030,COL,"Goodman, Hunter",goodh001,1,2,empty,empty,1,field_out,1,0,3
2025-08-03,COL202508030,COL,"Beck, Jordan",beckj003,1,0,empty,empty,1,field_out,2,0,5
2025-08-03,COL202508030,COL,"Tovar, Ezequiel",tovae001,1,1,empty,empty,1,strikeout,2,0,5
2025-08-03,COL202508030,COL,"Bernabel, Warming",bernw002,1,2,empty,empty,1,field_out,2,0,5
2025-08-03,COL202508030,COL,"Estrada, Thairo",estrt001,1,0,empty,empty,1,field_out,3,0,5
2025-08-03,COL202508030,COL,"Fernandez, Yanquiel",ferny001,1,1,empty,empty,1,single,3,0,5
2025-08-03,COL202508030,COL,"Arcia, Orlando",arcio002,1,2,empty,empty,1,field_out,3,0,5
2025-08-03,COL202508030,COL,"Freeman, Tyler",freet001,2,0,empty,empty,1,single,4,0,5
2025-08-03,COL202508030,COL,"Moniak, Mickey",monim001,2,0,2B,2B,1,field_out,4,0,5
2025-08-03,COL202508030,COL,"Goodman, Hunter",goodh001,2,1,2B,3B,0,field_out,4,0,5
2025-08-03,COL202508030,COL,"Beck, Jordan",beckj003,2,2,3B,3B,1,single,4,0,5
2025-08-03,COL202508030,COL,"Tovar, Ezequiel",tovae001,2,2,1B,1B,1,field_out,4,1,5
2025-08-03,COL202508030,COL,"Bernabel, Warming",bernw002,2,0,empty,empty,1,field_out,5,1,5
2025-08-03,COL202508030,COL,"Estrada, Thairo",estrt001,2,1,empty,empty,1,strikeout,5,1,5
2025-08-03,COL202508030,COL,"Fernandez, Yanquiel",ferny001,2,2,empty,empty,1,single,5,1,5
2025-08-03,COL202508030,COL,"Arcia, Orlando",arcio002,2,2,1B,1B,1,strikeout,5,1,5
2025-08-03,COL202508030,COL,"Freeman, Tyler",freet001,3,0,empty,empty,1,walk,6,1,8
2025-08-03,COL202508030,COL,"Moniak, Mickey",monim001,3,0,1B,1B,1,home_run,6,1,8
2025-08-03,COL202508030,COL,"Goodman, Hunter",goodh001,3,0,empty,empty,1,home_run,6,3,8
2025-08-03,COL202508030,COL,"Beck, Jordan",beckj003,3,0,empty,empty,1,home_run,6,4,8
2025-08-03,COL202508030,COL,"Tovar, Ezequiel",tovae001,3,0,empty,empty,1,strikeout,6,5,8
2025-08-03,COL202508030,COL,"Bernabel, Warming",bernw002,3,1,empty,empty,1,strikeout,6,5,8
2025-08-03,COL202508030,COL,"Estrada, Thairo",estrt001,3,2,empty,empty,1,double,6,5,8
2025-08-03,COL202508030,COL,"Fernandez, Yanquiel",ferny001,3,2,2B,2B,1,strikeout,6,5,8
2025-08-03,COL202508030,COL,"Arcia, Orlando",arcio002,3,0,empty,empty,1,single,7,5,8
2025-08-03,COL202508030,COL,"Freeman, Tyler",freet001,4,0,1B,1B,1,walk,7,5,8
2025-08-03,COL202508030,COL,"Moniak, Mickey",monim001,4,0,1B+2B,1B+2B,1,field_out,7,5,8
2025-08-03,COL202508030,COL,"Goodman, Hunter",goodh001,4,1,1B+2B,1B+2B,1,field_out,7,5,8
2025-08-03,COL202508030,COL,"Beck, Jordan",beckj003,4,2,1B+3B,1B+3B,1,strikeout,7,5,8
2025-08-03,COL202508030,COL,"Tovar, Ezequiel",tovae001,4,0,empty,empty,1,strikeout,8,5,9
2025-08-03,COL202508030,COL,"Bernabel, Warming",bernw002,4,1,empty,empty,1,field_error,8,5,9
2025-08-03,COL202508030,COL,"Estrada, Thairo",estrt001,4,1,1B,1B,1,walk,8,5,9
2025-08-03,COL202508030,COL,"Fernandez, Yanquiel",ferny001,4,1,1B+2B,1B+2B,1,field_out,8,5,9
2025-08-03,COL202508030,COL,"Arcia, Orlando",arcio002,4,2,1B+2B,1B+2B,1,field_out,8,5,9
2025-08-03,COL202508030,COL,"Freeman, Tyler",freet001,5,0,empty,empty,1,hit_by_pitch,9,5,9
2025-08-03,COL202508030,COL,"Moniak, Mickey",monim001,5,0,1B,1B,1,field_out,9,5,9
2025-08-03,COL202508030,COL,"Goodman, Hunter",goodh001,5,1,1B,1B,1,field_out,9,5,9
2025-08-03,COL202508030,COL,"Doyle, Brenton",doylb001,1,2,2B,2B,1,field_out,9,5,9
2025-08-04,COL202508040,COL,"Freeman, Tyler",freet001,1,0,empty,empty,1,field_out,1,0,1
2025-08-04,COL202508040,COL,"Tovar, Ezequiel",tovae001,1,1,empty,empty,1,single,1,0,1
2025-08-04,COL202508040,COL,"Goodman, Hunter",goodh001,1,1,1B,1B,1,single,1,0,1
2025-08-04,COL202508040,COL,"Beck, Jordan",beckj003,1,2,1B+2B,2B,0,strikeout,1,0,1
2025-08-04,COL202508040,COL,"Bernabel, Warming",bernw002,1,0,empty,empty,1,field_out,2,0,2
2025-08-04,COL202508040,COL,"Doyle, Brenton",doylb001,1,1,empty,empty,1,single,2,0,2
2025-08-04,COL202508040,COL,"Estrada, Thairo",estrt001,1,1,1B,1B,1,field_out,2,0,2
2025-08-04,COL202508040,COL,"Fulford, Braxton",fulfb001,1,2,2B,2B,1,walk,2,0,2
2025-08-04,COL202508040,COL,"Farmer, Kyle",farmk001,1,2,1B+2B,1B+2B,1,field_out,2,0,2
2025-08-04,COL202508040,COL,"Freeman, Tyler",freet001,2,0,empty,empty,1,field_out,3,0,9
2025-08-04,COL202508040,COL,"Tovar, Ezequiel",tovae001,2,1,empty,empty,1,strikeout,3,0,9
2025-08-04,COL202508040,COL,"Goodman, Hunter",goodh001,2,2,empty,empty,1,field_out,3,0,9
2025-08-04,COL202508040,COL,"Beck, Jordan",beckj003,2,0,empty,empty,1,single,4,0,9
2025-08-04,COL202508040,COL,"Bernabel, Warming",bernw002,2,0,1B,1B,1,field_out,4,0,9
2025-08-04,COL202508040,COL,"Doyle, Brenton",doylb001,2,1,1B,1B,1,strikeout,4,0,9
2025-08-04,COL202508040,COL,"Estrada, Thairo",estrt001,2,2,1B,1B,1,field_out,4,0,9
2025-08-04,COL202508040,COL,"Fulford, Braxton",fulfb001,2,0,empty,empty,1,field_out,5,0,9
2025-08-04,COL202508040,COL,"Farmer, Kyle",farmk001,2,1,empty,empty,1,field_out,5,0,9
2025-08-04,COL202508040,COL,"Freeman, Tyler",freet001,3,2,empty,empty,1,double,5,0,9
2025-08-04,COL202508040,COL,"Tovar, Ezequiel",tovae001,3,2,2B,2B,1,single,5,0,9
2025-08-04,COL202508040,COL,"Goodman, Hunter",goodh001,3,2,1B,1B,1,strikeout,5,1,9
2025-08-04,COL202508040,COL,"Beck, Jordan",beckj003,3,0,empty,empty,1,field_out,6,1,9
2025-08-04,COL202508040,COL,"Bernabel, Warming",bernw002,3,1,empty,empty,1,single,6,1,9
2025-08-04,COL202508040,COL,"Doyle, Brenton",doylb001,3,1,1B,1B,1,grounded_into_double_play,6,1,9
2025-08-04,COL202508040,COL,"Estrada, Thairo",estrt001,3,0,empty,empty,1,strikeout,7,1,14
2025-08-04,COL202508040,COL,"Fulford, Braxton",fulfb001,3,1,empty,empty,1,strikeout,7,1,14
2025-08-04,COL202508040,COL,"Farmer, Kyle",farmk001,3,2,empty,empty,1,single,7,1,14
2025-08-04,COL202508040,COL,"Freeman, Tyler",freet001,4,2,1B,1B,1,strikeout,7,1,14
2025-08-04,COL202508040,COL,"Arcia, Orlando",arcio002,1,0,empty,empty,1,field_out,8,1,14
2025-08-04,COL202508040,COL,"Nola, Austin",nolaa002,1,1,empty,empty,1,walk,8,1,14
2025-08-04,COL202508040,COL,"Fernandez, Yanquiel",ferny001,1,1,1B,1B,1,grounded_into_double_play,8,1,14
2025-08-04,COL202508040,COL,"Bernabel, Warming",bernw002,4,0,empty,empty,1,field_out,9,1,15
2025-08-04,COL202508040,COL,"Doyle, Brenton",doylb001,4,1,empty,empty,1,field_out,9,1,15
2025-08-04,COL202508040,COL,"Estrada, Thairo",estrt001,4,2,empty,empty,1,field_out,9,1,15
2025-08-05,COL202508050,COL,"Freeman, Tyler",freet001,1,0,empty,empty,1,strikeout,1,0,0
2025-08-05,COL202508050,COL,"Tovar, Ezequiel",tovae001,1,1,empty,empty,1,double,1,0,0
2025-08-05,COL202508050,COL,"Goodman, Hunter",goodh001,1,1,2B,2B,1,home_run,1,0,0
2025-08-05,COL202508050,COL,"Beck, Jordan",beckj003,1,1,empty,empty,1,field_out,1,2,0
2025-08-05,COL202508050,COL,"Moniak, Mickey",monim001,1,2,empty,empty,1,strikeout,1,2,0
2025-08-05,COL202508050,COL,"Bernabel, Warming",bernw002,1,0,empty,empty,1,strikeout,2,2,0
2025-08-05,COL202508050,COL,"Estrada, Thairo",estrt001,1,1,empty,empty,1,field_out,2,2,0
2025-08-05,COL202508050,COL,"Doyle, Brenton",doylb001,1,2,empty,empty,1,field_out,2,2,0
2025-08-05,COL202508050,COL,"Arcia, Orlando",arcio002,1,0,empty,empty,1,field_error,3,2,1
2025-08-05,COL202508050,COL,"Freeman, Tyler",freet001,2,0,1B,1B,1,field_out,3,2,1
2025-08-05,COL202508050,COL,"Tovar, Ezequiel",tovae001,2,1,1B,1B,1,field_out,3,2,1
2025-08-05,COL202508050,COL,"Goodman, Hunter",goodh001,2,2,1B,1B,1,walk,3,2,1
2025-08-05,COL202508050,COL,"Beck, Jordan",beckj003,2,0,1B+2B,empty,0,single,4,2,3
2025-08-05,COL202508050,COL,"Moniak, Mickey",monim001,2,0,1B,2B,0,field_out,4,2,3
2025-08-05,COL202508050,COL,"Bernabel, Warming",bernw002,2,1,3B,3B,1,fielders_choice_out,4,2,3
2025-08-05,COL202508050,COL,"Estrada, Thairo",estrt001,2,2,2B,2B,1,field_out,4,2,3
2025-08-05,COL202508050,COL,"Doyle, Brenton",doylb001,2,0,empty,empty,1,strikeout,5,2,3
2025-08-05,COL202508050,COL,"Arcia, Orlando",arcio002,2,1,empty,empty,1,single,5,2,3
2025-08-05,COL202508050,COL,"Freeman, Tyler",freet001,3,1,1B,1B,1,grounded_into_double_play,5,2,3
2025-08-05,COL202508050,COL,"Tovar, Ezequiel",tovae001,3,0,empty,empty,1,strikeout,6,2,7
2025-08-05,COL202508050,COL,"Goodman, Hunter",goodh001,3,1,empty,empty,1,single,6,2,7
2025-08-05,COL202508050,COL,"Beck, Jordan",beckj003,3,1,1B,1B,1,hit_by_pitch,6,2,7
2025-08-05,COL202508050,COL,"Moniak, Mickey",monim001,3,1,1B+2B,1B+2B,1,single,6,2,7
2025-08-05,COL202508050,COL,"Bernabel, Warming",bernw002,3,1,2B+3B,2B+3B,1,single,6,3,7
2025-08-05,COL202508050,COL,"Estrada, Thairo",estrt001,3,1,1B+3B,1B+3B,1,grounded_into_double_play,6,4,7
2025-08-05,COL202508050,COL,"Doyle, Brenton",doylb001,3,0,empty,empty,1,single,7,4,7
2025-08-05,COL202508050,COL,"Farmer, Kyle",farmk001,1,1,empty,empty,1,walk,7,4,7
2025-08-05,COL202508050,COL,"Freeman, Tyler",freet001,4,1,1B,1B,1,single,7,4,7
2025-08-05,COL202508050,COL,"Tovar, Ezequiel",tovae001,4,1,1B+2B,1B+2B,1,field_out,7,4,7
2025-08-05,COL202508050,COL,"Goodman, Hunter",goodh001,4,2,1B+2B,1B+2B,1,field_out,7,4,7
2025-08-05,COL202508050,COL,"Beck, Jordan",beckj003,4,0,empty,empty,1,walk,8,4,7
2025-08-05,COL202508050,COL,"Moniak, Mickey",monim001,4,0,1B,1B,1,field_out,8,4,7
2025-08-05,COL202508050,COL,"Bernabel, Warming",bernw002,4,1,1B,1B,1,strikeout,8,4,7
2025-08-05,COL202508050,COL,"Nola, Austin",nolaa002,1,2,1B,1B,1,strikeout,8,4,7
2025-08-05,COL202508050,COL,"Doyle, Brenton",doylb001,4,0,empty,empty,1,field_out,9,4,10
2025-08-05,COL202508050,COL,"Farmer, Kyle",farmk001,2,1,empty,empty,1,field_out,9,4,10
2025-08-05,COL202508050,COL,"Freeman, Tyler",freet001,5,2,empty,empty,1,field_out,9,4,10
2025-08-06,COL202508060,COL,"Freeman, Tyler",freet001,1,0,empty,empty,1,single,1,0,0
2025-08-06,COL202508060,COL,"Moniak, Mickey",monim001,1,0,1B,1B,1,strikeout,1,0,0
2025-08-06,COL202508060,COL,"Tovar, Ezequiel",tovae001,1,1,2B,2B,1,double,1,0,0
2025-08-06,COL202508060,COL,"Beck, Jordan",beckj003,1,1,2B,2B,1,walk,1,1,0
2025-08-06,COL202508060,COL,"Bernabel, Warming",bernw002,1,1,1B+2B,1B+2B,1,field_out,1,1,0
2025-08-06,COL202508060,COL,"Fernandez, Yanquiel",ferny001,1,2,1B+2B,1B+2B,1,field_out,1,1,0
2025-08-06,COL202508060,COL,"Fulford, Braxton",fulfb001,1,0,empty,empty,1,field_out,2,1,0
2025-08-06,COL202508060,COL,"Amador, Adael",amada001,1,1,empty,empty,1,field_out,2,1,0
2025-08-06,COL202508060,COL,"Farmer, Kyle",farmk001,1,2,empty,empty,1,field_out,2,1,0
2025-08-06,COL202508060,COL,"Freeman, Tyler",freet001,2,0,empty,empty,1,field_out,3,1,3
2025-08-06,COL202508060,COL,"Moniak, Mickey",monim001,2,1,empty,empty,1,field_out,3,1,3
2025-08-06,COL202508060,COL,"Tovar, Ezequiel",tovae001,2,2,empty,empty,1,single,3,1,3
2025-08-06,COL202508060,COL,"Beck, Jordan",beckj003,2,2,1B,1B,1,walk,3,1,3
2025-08-06,COL202508060,COL,"Bernabel, Warming",bernw002,2,2,1B+2B,1B+2B,1,strikeout,3,1,3
2025-08-06,COL202508060,COL,"Fernandez, Yanquiel",ferny001,2,0,empty,empty,1,field_out,4,1,3
2025-08-06,COL202508060,COL,"Fulford, Braxton",fulfb001,2,1,empty,empty,1,strikeout,4,1,3
2025-08-06,COL202508060,COL,"Amador, Adael",amada001,2,2,empty,empty,1,strikeout,4,1,3
2025-08-06,COL202508060,COL,"Farmer, Kyle",farmk001,2,0,empty,empty,1,field_out,5,1,6
2025-08-06,COL202508060,COL,"Freeman, Tyler",freet001,3,1,empty,empty,1,field_error,5,1,6
2025-08-06,COL202508060,COL,"Moniak, Mickey",monim001,3,1,2B,2B,1,field_out,5,1,6
2025-08-06,COL202508060,COL,"Tovar, Ezequiel",tovae001,3,2,2B,2B,1,field_out,5,1,6
2025-08-06,COL202508060,COL,"Beck, Jordan",beckj003,3,0,empty,empty,1,strikeout,6,1,10
2025-08-06,COL202508060,COL,"Bernabel, Warming",bernw002,3,1,empty,empty,1,strikeout,6,1,10
2025-08-06,COL202508060,COL,"Fernandez, Yanquiel",ferny001,3,2,empty,empty,1,field_out,6,1,10
2025-08-06,COL202508060,COL,"Fulford, Braxton",fulfb001,3,0,empty,empty,1,strikeout,7,1,10
2025-08-06,COL202508060,COL,"Amador, Adael",amada001,3,1,empty,empty,1,field_out,7,1,10
2025-08-06,COL202508060,COL,"Farmer, Kyle",farmk001,3,2,empty,empty,1,strikeout,7,1,10
2025-08-06,COL202508060,COL,"Freeman, Tyler",freet001,4,0,empty,empty,1,field_out,8,1,12
2025-08-06,COL202508060,COL,"Moniak, Mickey",monim001,4,1,empty,empty,1,strikeout,8,1,12
2025-08-06,COL202508060,COL,"Tovar, Ezequiel",tovae001,4,2,empty,empty,1,strikeout,8,1,12
2025-08-06,COL202508060,COL,"Beck, Jordan",beckj003,4,0,empty,empty,1,field_out,9,1,20
2025-08-06,COL202508060,COL,"Bernabel, Warming",bernw002,4,1,empty,empty,1,field_error,9,1,20
2025-08-06,COL202508060,COL,"Fernandez, Yanquiel",ferny001,4,1,1B,1B,1,strikeout,9,1,20
2025-08-06,COL202508060,COL,"Fulford, Braxton",fulfb001,4,2,1B,1B,1,field_out,9,1,20
2025-08-08,ARI202508080,COL,"Freeman, Tyler",freet001,1,0,empty,empty,1,single,1,0,0
2025-08-08,ARI202508080,COL,"Tovar, Ezequiel",tovae001,1,0,2B,2B,1,strikeout,1,0,0
2025-08-08,ARI202508080,COL,"Goodman, Hunter",goodh001,1,1,2B,2B,1,field_out,1,0,0
2025-08-08,ARI202508080,COL,"Beck, Jordan",beckj003,1,2,2B,2B,1,walk,1,0,0
2025-08-08,ARI202508080,COL,"Moniak, Mickey",monim001,1,2,1B+2B,1B+2B,1,field_out,1,0,0
2025-08-08,ARI202508080,COL,"Bernabel, Warming",bernw002,1,0,empty,empty,1,double,2,0,3
2025-08-08,ARI202508080,COL,"Doyle, Brenton",doylb001,1,0,2B,2B,1,strikeout,2,0,3
2025-08-08,ARI202508080,COL,"Karros, Kyle",karrk001,1,1,2B,2B,1,single,2,0,3
2025-08-08,ARI202508080,COL,"Amador, Adael",amada001,1,1,1B,1B,1,grounded_into_double_play,2,1,3
2025-08-08,ARI202508080,COL,"Freeman, Tyler",freet001,2,0,empty,empty,1,strikeout,3,1,3
2025-08-08,ARI202508080,COL,"Tovar, Ezequiel",tovae001,2,1,empty,empty,1,field_out,3,1,3
2025-08-08,ARI202508080,COL,"Goodman, Hunter",goodh001,2,2,empty,empty,1,walk,3,1,3
2025-08-08,ARI202508080,COL,"Beck, Jordan",beckj003,2,2,1B,1B,1,strikeout,3,1,3
2025-08-08,ARI202508080,COL,"Moniak, Mickey",monim001,2,0,empty,empty,1,strikeout,4,1,3
2025-08-08,ARI202508080,COL,"Bernabel, Warming",bernw002,2,1,empty,empty,1,field_out,4,1,3
2025-08-08,ARI202508080,COL,"Doyle, Brenton",doylb001,2,2,empty,empty,1,field_out,4,1,3
2025-08-08,ARI202508080,COL,"Karros, Kyle",karrk001,2,0,empty,empty,1,walk,5,1,4
2025-08-08,ARI202508080,COL,"Amador, Adael",amada001,2,0,1B,1B,1,sac_bunt,5,1,4
2025-08-08,ARI202508080,COL,"Freeman, Tyler",freet001,3,1,2B,2B,1,fielders_choice_out,5,1,4
2025-08-08,ARI202508080,COL,"Tovar, Ezequiel",tovae001,3,2,1B,1B,1,field_out,5,1,4
2025-08-08,ARI202508080,COL,"Goodman, Hunter",goodh001,3,0,empty,empty,1,field_out,6,1,6
2025-08-08,ARI202508080,COL,"Beck, Jordan",beckj003,3,1,empty,empty,1,strikeout,6,1,6
2025-08-08,ARI202508080,COL,"Moniak, Mickey",monim001,3,2,empty,empty,1,double,6,1,6
2025-08-08,ARI202508080,COL,"Bernabel, Warming",bernw002,3,2,2B,2B,1,field_out,6,1,6
2025-08-08,ARI202508080,COL,"Doyle, Brenton",doylb001,3,0,empty,empty,1,single,7,1,6
2025-08-08,ARI202508080,COL,"Karros, Kyle",karrk001,3,0,1B,1B,1,strikeout,7,1,6
2025-08-08,ARI202508080,COL,"Amador, Adael",amada001,3,1,1B,2B,0,field_out,7,1,6
2025-08-08,ARI202508080,COL,"Freeman, Tyler",freet001,4,2,3B,3B,1,field_out,7,1,6
2025-08-08,ARI202508080,COL,"Tovar, Ezequiel",tovae001,4,0,empty,empty,1,field_out,8,1,6
2025-08-08,ARI202508080,COL,"Goodman, Hunter",goodh001,4,1,empty,empty,1,single,8,1,6
2025-08-08,ARI202508080,COL,"Beck, Jordan",beckj003,4,1,1B,1B,1,strikeout,8,1,6
2025-08-08,ARI202508080,COL,"Moniak, Mickey",monim001,4,2,1B,1B,1,field_out,8,1,6
2025-08-08,ARI202508080,COL,"Bernabel, Warming",bernw002,4,0,empty,empty,1,field_out,9,1,6
2025-08-08,ARI202508080,COL,"Doyle, Brenton",doylb001,4,1,empty,empty,1,walk,9,1,6
2025-08-08,ARI202508080,COL,"Karros, Kyle",karrk001,4,1,1B,1B,1,grounded_into_double_play,9,1,6
2025-08-09,ARI202508090,COL,"Freeman, Tyler",freet001,1,0,empty,empty,1,strikeout,1,0,0
2025-08-09,ARI202508090,COL,"Tovar, Ezequiel",tovae001,1,1,empty,empty,1,field_out,1,0,0
2025-08-09,ARI202508090,COL,"Goodman, Hunter",goodh001,1,2,empty,empty,1,strikeout,1,0,0
2025-08-09,ARI202508090,COL,"Beck, Jordan",beckj003,1,0,empty,empty,1,walk,2,0,1
2025-08-09,ARI202508090,COL,"Bernabel, Warming",bernw002,1,0,1B,1B,1,field_out,2,0,1
2025-08-09,ARI202508090,COL,"Doyle, Brenton",doylb001,1,1,1B,1B,1,home_run,2,0,1
2025-08-09,ARI202508090,COL,"Karros, Kyle",karrk001,1,1,empty,empty,1,double,2,2,1
2025-08-09,ARI202508090,COL,"Fulford, Braxton",fulfb001,1,1,2B,2B,1,field_out,2,2,1
2025-08-09,ARI202508090,COL,"Farmer, Kyle",farmk001,1,2,3B,3B,1,single,2,2,1
2025-08-09,ARI202508090,COL,"Freeman, Tyler",freet001,2,2,1B,1B,1,field_out,2,3,1
2025-08-09,ARI202508090,COL,"Tovar, Ezequiel",tovae001,2,0,empty,empty,1,walk,3,3,1
2025-08-09,ARI202508090,COL,"Goodman, Hunter",goodh001,2,0,1B,1B,1,field_out,3,3,1
2025-08-09,ARI202508090,COL,"Beck, Jordan",beckj003,2,1,1B,2B,0,single,3,3,1
2025-08-09,ARI202508090,COL,"Bernabel, Warming",bernw002,2,1,1B+3B,1B+3B,1,single,3,3,1
2025-08-09,ARI202508090,COL,"Doyle, Brenton",doylb001,2,1,1B+2B,1B+2B,1,field_out,3,4,1
2025-08-09,ARI202508090,COL,"Karros, Kyle",karrk001,2,2,1B+2B,1B+2B,1,walk,3,4,1
2025-08-09,ARI202508090,COL,"Fulford, Braxton",fulfb001,2,2,1B+2B+3B,1B+2B+3B,1,field_out,3,4,1
2025-08-09,ARI202508090,COL,"Farmer, Kyle",farmk001,2,0,empty,empty,1,walk,4,4,3
2025-08-09,ARI202508090,COL,"Freeman, Tyler",freet001,3,0,1B,1B,1,field_out,4,4,3
2025-08-09,ARI202508090,COL,"Tovar, Ezequiel",tovae001,3,1,1B,1B,1,single,4,4,3
2025-08-09,ARI202508090,COL,"Goodman, Hunter",goodh001,3,1,1B+2B,1B+2B,1,field_out,4,4,3
2025-08-09,ARI202508090,COL,"Beck, Jordan",beckj003,3,2,1B+2B,1B+2B,1,field_out,4,4,3
2025-08-09,ARI202508090,COL,"Bernabel, Warming",bernw002,3,0,empty,empty,1,field_out,5,4,3
2025-08-09,ARI202508090,COL,"Doyle, Brenton",doylb001,3,1,empty,empty,1,field_out,5,4,3
2025-08-09,ARI202508090,COL,"Karros, Kyle",karrk001,3,2,empty,empty,1,field_out,5,4,3
2025-08-09,ARI202508090,COL,"Fulford, Braxton",fulfb001,3,0,empty,empty,1,field_out,6,4,5
2025-08-09,ARI202508090,COL,"Farmer, Kyle",farmk001,3,1,empty,empty,1,walk,6,4,5
2025-08-09,ARI202508090,COL,"Freeman, Tyler",freet001,4,1,1B,1B,1,walk,6,4,5
2025-08-09,ARI202508090,COL,"Tovar, Ezequiel",tovae001,4,1,1B+2B,1B+2B,1,single,6,4,5
2025-08-09,ARI202508090,COL,"Goodman, Hunter",goodh001,4,1,1B+3B,1B+3B,1,strikeout,6,5,5
2025-08-09,ARI202508090,COL,"Beck, Jordan",beckj003,4,2,1B+3B,1B+3B,1,strikeout,6,5,5
2025-08-09,ARI202508090,COL,"Bernabel, Warming",bernw002,4,0,empty,empty,1,strikeout,7,5,5
2025-08-09,ARI202508090,COL,"Doyle, Brenton",doylb001,4,1,empty,empty,1,single,7,5,5
2025-08-09,ARI202508090,COL,"Karros, Kyle",karrk001,4,1,1B,1B,1,grounded_into_double_play,7,5,5
2025-08-09,ARI202508090,COL,"Fulford, Braxton",fulfb001,4,0,empty,empty,1,single,8,5,5
2025-08-09,ARI202508090,COL,"Farmer, Kyle",farmk001,4,0,1B,1B,1,field_out,8,5,5
2025-08-09,ARI202508090,COL,"Freeman, Tyler",freet001,5,1,1B,1B,1,grounded_into_double_play,8,5,5
2025-08-09,ARI202508090,COL,"Tovar, Ezequiel",tovae001,5,0,empty,empty,1,strikeout,9,5,5
2025-08-09,ARI202508090,COL,"Goodman, Hunter",goodh001,5,1,empty,empty,1,field_out,9,5,5
2025-08-09,ARI202508090,COL,"Beck, Jordan",beckj003,5,2,empty,empty,1,field_out,9,5,5
2025-08-10,ARI202508100,COL,"Moniak, Mickey",monim001,1,0,empty,empty,1,field_out,1,0,0
2025-08-10,ARI202508100,COL,"Tovar, Ezequiel",tovae001,1,1,empty,empty,1,single,1,0,0
2025-08-10,ARI202508100,COL,"Goodman, Hunter",goodh001,1,1,1B,1B,1,single,1,0,0
2025-08-10,ARI202508100,COL,"Bernabel, Warming",bernw002,1,1,1B+2B,1B+2B,1,field_out,1,0,0
2025-08-10,ARI202508100,COL,"Karros, Kyle",karrk001,1,2,2B+3B,2B+3B,1,field_out,1,0,0
2025-08-10,ARI202508100,COL,"Doyle, Brenton",doylb001,1,0,empty,empty,1,field_out,2,0,3
2025-08-10,ARI202508100,COL,"Fernandez, Yanquiel",ferny001,1,1,empty,empty,1,single,2,0,3
2025-08-10,ARI202508100,COL,"Fulford, Braxton",fulfb001,1,1,1B,1B,1,single,2,0,3
2025-08-10,ARI202508100,COL,"Amador, Adael",amada001,1,1,1B+2B,1B+2B,1,double,2,0,3
2025-08-10,ARI202508100,COL,"Moniak, Mickey",monim001,2,2,empty,empty,1,strikeout,2,2,3
2025-08-10,ARI202508100,COL,"Tovar, Ezequiel",tovae001,2,0,empty,empty,1,double,3,2,4
2025-08-10,ARI202508100,COL,"Goodman, Hunter",goodh001,2,0,2B,2B,1,field_out,3,2,4
2025-08-10,ARI202508100,COL,"Bernabel, Warming",bernw002,2,1,2B,2B,1,field_out,3,2,4
2025-08-10,ARI202508100,COL,"Karros, Kyle",karrk001,2,2,3B,3B,1,single,3,2,4
2025-08-10,ARI202508100,COL,"Doyle, Brenton",doylb001,2,2,1B,1B,1,strikeout,3,3,4
2025-08-10,ARI202508100,COL,"Fernandez, Yanquiel",ferny001,2,0,empty,empty,1,field_out,4,3,4
2025-08-10,ARI202508100,COL,"Fulford, Braxton",fulfb001,2,1,empty,empty,1,single,4,3,4
2025-08-10,ARI202508100,COL,"Amador, Adael",amada001,2,1,1B,1B,1,single,4,3,4
2025-08-10,ARI202508100,COL,"Moniak, Mickey",monim001,3,1,1B+3B,1B+3B,1,field_out,4,3,4
2025-08-10,ARI202508100,COL,"Tovar, Ezequiel",tovae001,3,2,1B+3B,1B+3B,1,field_out,4,3,4
2025-08-10,ARI202508100,COL,"Goodman, Hunter",goodh001,3,0,empty,empty,1,field_out,5,3,4
2025-08-10,ARI202508100,COL,"Bernabel, Warming",bernw002,3,1,empty,empty,1,double,5,3,4
2025-08-10,ARI202508100,COL,"Karros, Kyle",karrk001,3,1,2B,2B,1,field_out,5,3,4
2025-08-10,ARI202508100,COL,"Doyle, Brenton",doylb001,3,2,2B,2B,1,single,5,3,4
2025-08-10,ARI202508100,COL,"Fernandez, Yanquiel",ferny001,3,0,empty,empty,1,single,6,3,12
2025-08-10,ARI202508100,COL,"Fulford, Braxton",fulfb001,3,0,1B,1B,1,single,6,3,12
2025-08-10,ARI202508100,COL,"Amador, Adael",amada001,3,0,1B+2B,1B+2B,1,field_out,6,3,12
2025-08-10,ARI202508100,COL,"Moniak, Mickey",monim001,4,2,1B+2B,2B,0,field_out,6,3,12
2025-08-10,ARI202508100,COL,"Tovar, Ezequiel",tovae001,4,0,empty,empty,1,double,7,3,12
2025-08-10,ARI202508100,COL,"Goodman, Hunter",goodh001,4,0,2B,2B,1,field_out,7,3,12
2025-08-10,ARI202508100,COL,"Bernabel, Warming",bernw002,4,1,2B,2B,1,field_out,7,3,12
2025-08-10,ARI202508100,COL,"Karros, Kyle",karrk001,4,2,3B,3B,1,double,7,3,12
2025-08-10,ARI202508100,COL,"Doyle, Brenton",doylb001,4,2,2B,2B,1,home_run,7,4,12
2025-08-10,ARI202508100,COL,"Fernandez, Yanquiel",ferny001,4,2,empty,empty,1,walk,7,6,12
2025-08-10,ARI202508100,COL,"Fulford, Braxton",fulfb001,4,2,1B,1B,1,field_out,7,6,12
2025-08-10,ARI202508100,COL,"Amador, Adael",amada001,4,0,empty,empty,1,field_out,8,6,13
2025-08-10,ARI202508100,COL,"Moniak, Mickey",monim001,5,1,empty,empty,1,strikeout,8,6,13
2025-08-10,ARI202508100,COL,"Schunk, Aaron",schua002,1,2,empty,empty,1,strikeout,8,6,13
2025-08-10,ARI202508100,COL,"Nola, Austin",nolaa002,1,0,empty,empty,1,field_out,9,6,13
2025-08-10,ARI202508100,COL,"Bernabel, Warming",bernw002,5,1,empty,empty,1,field_out,9,6,13
2025-08-10,ARI202508100,COL,"Karros, Kyle",karrk001,5,2,empty,empty,1,strikeout,9,6,13
2025-08-11,SLN202508110,COL,"Freeman, Tyler",freet001,1,0,empty,empty,1,strikeout,1,0,0
2025-08-11,SLN202508110,COL,"Tovar, Ezequiel",tovae001,1,1,empty,empty,1,field_out,1,0,0
2025-08-11,SLN202508110,COL,"Goodman, Hunter",goodh001,1,2,empty,empty,1,field_out,1,0,0
2025-08-11,SLN202508110,COL,"Beck, Jordan",beckj003,1,0,empty,empty,1,field_out,2,0,0
2025-08-11,SLN202508110,COL,"Moniak, Mickey",monim001,1,1,empty,empty,1,field_out,2,0,0
2025-08-11,SLN202508110,COL,"Bernabel, Warming",bernw002,1,2,empty,empty,1,field_out,2,0,0
2025-08-11,SLN202508110,COL,"Karros, Kyle",karrk001,1,0,empty,empty,1,strikeout,3,0,0
2025-08-11,SLN202508110,COL,"Doyle, Brenton",doylb001,1,1,empty,empty,1,field_error,3,0,0
2025-08-11,SLN202508110,COL,"Amador, Adael",amada001,1,1,1B,1B,1,field_out,3,0,0
2025-08-11,SLN202508110,COL,"Freeman, Tyler",freet001,2,2,1B,1B,1,field_out,3,0,0
2025-08-11,SLN202508110,COL,"Tovar, Ezequiel",tovae001,2,0,empty,empty,1,strikeout,4,0,1
2025-08-11,SLN202508110,COL,"Goodman, Hunter",goodh001,2,1,empty,empty,1,field_out,4,0,1
2025-08-11,SLN202508110,COL,"Beck, Jordan",beckj003,2,2,empty,empty,1,walk,4,0,1
2025-08-11,SLN202508110,COL,"Moniak, Mickey",monim001,2,2,1B,1B,1,field_out,4,0,1
2025-08-11,SLN202508110,COL,"Bernabel, Warming",bernw002,2,0,empty,empty,1,field_out,5,0,1
2025-08-11,SLN202508110,COL,"Karros, Kyle",karrk001,2,1,empty,empty,1,field_out,5,0,1
2025-08-11,SLN202508110,COL,"Doyle, Brenton",doylb001,2,2,empty,empty,1,field_out,5,0,1
2025-08-11,SLN202508110,COL,"Amador, Adael",amada001,2,0,empty,empty,1,field_out,6,0,1
2025-08-11,SLN202508110,COL,"Freeman, Tyler",freet001,3,1,empty,empty,1,single,6,0,1
2025-08-11,SLN202508110,COL,"Tovar, Ezequiel",tovae001,3,1,1B,1B,1,field_out,6,0,1
2025-08-11,SLN202508110,COL,"Goodman, Hunter",goodh001,3,2,1B,1B,1,field_out,6,0,1
2025-08-11,SLN202508110,COL,"Beck, Jordan",beckj003,3,0,empty,empty,1,single,7,0,1
2025-08-11,SLN202508110,COL,"Moniak, Mickey",monim001,3,0,2B,2B,1,single,7,0,1
2025-08-11,SLN202508110,COL,"Bernabel, Warming",bernw002,3,0,1B+3B,1B+3B,1,field_out,7,0,1
2025-08-11,SLN202508110,COL,"Karros, Kyle",karrk001,3,1,2B,2B,1,field_out,7,1,1
2025-08-11,SLN202508110,COL,"Doyle, Brenton",doylb001,3,2,2B,2B,1,single,7,1,1
2025-08-11,SLN202508110,COL,"Amador, Adael",amada001,3,2,1B,1B,1,field_out,7,2,1
2025-08-11,SLN202508110,COL,"Freeman, Tyler",freet001,4,0,empty,empty,1,field_out,8,2,1
2025-08-11,SLN202508110,COL,"Tovar, Ezequiel",tovae001,4,1,empty,empty,1,strikeout,8,2,1
2025-08-11,SLN202508110,COL,"Goodman, Hunter",goodh001,4,2,empty,empty,1,strikeout,8,2,1
2025-08-11,SLN202508110,COL,"Beck, Jordan",beckj003,4,0,empty,empty,1,field_out,9,2,3
2025-08-11,SLN202508110,COL,"Moniak, Mickey",monim001,4,1,empty,empty,1,field_out,9,2,3
2025-08-11,SLN202508110,COL,"Bernabel, Warming",bernw002,4,2,empty,empty,1,single,9,2,3
2025-08-11,SLN202508110,COL,"Karros, Kyle",karrk001,4,2,1B,1B,1,field_out,9,2,3
2025-08-12,SLN202508120,COL,"Freeman, Tyler",freet001,1,0,empty,empty,1,strikeout,1,0,0
2025-08-12,SLN202508120,COL,"Tovar, Ezequiel",tovae001,1,1,empty,empty,1,strikeout,1,0,0
2025-08-12,SLN202508120,COL,"Goodman, Hunter",goodh001,1,2,empty,empty,1,strikeout,1,0,0
2025-08-12,SLN202508120,COL,"Beck, Jordan",beckj003,1,0,empty,empty,1,field_out,2,0,0
2025-08-12,SLN202508120,COL,"Bernabel, Warming",bernw002,1,1,empty,empty,1,field_out,2,0,0
2025-08-12,SLN202508120,COL,"Doyle, Brenton",doylb001,1,2,empty,empty,1,field_out,2,0,0
2025-08-12,SLN202508120,COL,"Karros, Kyle",karrk001,1,0,empty,empty,1,field_out,3,0,0
2025-08-12,SLN202508120,COL,"Fulford, Braxton",fulfb001,1,1,empty,empty,1,field_out,3,0,0
2025-08-12,SLN202508120,COL,"Farmer, Kyle",farmk001,1,2,empty,empty,1,field_out,3,0,0
2025-08-12,SLN202508120,COL,"Freeman, Tyler",freet001,2,0,empty,empty,1,single,4,0,0
2025-08-12,SLN202508120,COL,"Tovar, Ezequiel",tovae001,2,1,1B,empty,0,single,4,0,0
2025-08-12,SLN202508120,COL,"Goodman, Hunter",goodh001,2,1,1B,1B,1,home_run,4,0,0
2025-08-12,SLN202508120,COL,"Beck, Jordan",beckj003,2,1,empty,empty,1,field_out,4,2,0
2025-08-12,SLN202508120,COL,"Bernabel, Warming",bernw002,2,2,empty,empty,1,field_out,4,2,0
2025-08-12,SLN202508120,COL,"Doyle, Brenton",doylb001,2,0,empty,empty,1,walk,5,2,0
2025-08-12,SLN202508120,COL,"Karros, Kyle",karrk001,2,0,1B,1B,1,single,5,2,0
2025-08-12,SLN202508120,COL,"Fulford, Braxton",fulfb001,2,0,1B+3B,1B+3B,1,strikeout,5,2,0
2025-08-12,SLN202508120,COL,"Farmer, Kyle",farmk001,2,1,1B+3B,1B+3B,1,single,5,2,0
2025-08-12,SLN202508120,COL,"Freeman, Tyler",freet001,3,1,1B+2B,1B+2B,1,grounded_into_double_play,5,3,0
2025-08-12,SLN202508120,COL,"Tovar, Ezequiel",tovae001,3,0,empty,empty,1,field_out,6,3,0
2025-08-12,SLN202508120,COL,"Goodman, Hunter",goodh001,3,1,empty,empty,1,strikeout,6,3,0
2025-08-12,SLN202508120,COL,"Beck, Jordan",beckj003,3,2,empty,empty,1,strikeout,6,3,0
2025-08-12,SLN202508120,COL,"Bernabel, Warming",bernw002,3,0,empty,empty,1,field_out,7,3,0
2025-08-12,SLN202508120,COL,"Doyle, Brenton",doylb001,3,1,empty,empty,1,field_out,7,3,0
2025-08-12,SLN202508120,COL,"Karros, Kyle",karrk001,3,2,empty,empty,1,strikeout,7,3,0
2025-08-12,SLN202508120,COL,"Fulford, Braxton",fulfb001,3,0,empty,empty,1,field_out,8,3,0
2025-08-12,SLN202508120,COL,"Moniak, Mickey",monim001,1,1,empty,empty,1,field_out,8,3,0
2025-08-12,SLN202508120,COL,"Freeman, Tyler",freet001,4,2,empty,empty,1,field_out,8,3,0
2025-08-12,SLN202508120,COL,"Tovar, Ezequiel",tovae001,4,0,empty,empty,1,strikeout,9,3,0
2025-08-12,SLN202508120,COL,"Goodman, Hunter",goodh001,4,1,empty,empty,1,strikeout,9,3,0
2025-08-12,SLN202508120,COL,"Beck, Jordan",beckj003,4,2,empty,empty,1,strikeout,9,3,0
2025-08-13,SLN202508130,COL,"Freeman, Tyler",freet001,1,0,empty,empty,1,field_out,1,0,0
2025-08-13,SLN202508130,COL,"Moniak, Mickey",monim001,1,1,empty,empty,1,field_out,1,0,0
2025-08-13,SLN202508130,COL,"Tovar, Ezequiel",tovae001,1,2,empty,empty,1,strikeout,1,0,0
2025-08-13,SLN202508130,COL,"Beck, Jordan",beckj003,1,0,empty,empty,1,single,2,0,0
2025-08-13,SLN202508130,COL,"Bernabel, Warming",bernw002,1,1,1B,empty,0,field_out,2,0,0
2025-08-13,SLN202508130,COL,"Karros, Kyle",karrk001,1,2,empty,empty,1,field_out,2,0,0
2025-08-13,SLN202508130,COL,"Fernandez, Yanquiel",ferny001,1,0,empty,empty,1,field_out,3,0,2
2025-08-13,SLN202508130,COL,"Fulford, Braxton",fulfb001,1,1,empty,empty,1,strikeout,3,0,2
2025-08-13,SLN202508130,COL,"Amador, Adael",amada001,1,2,empty,empty,1,field_out,3,0,2
2025-08-13,SLN202508130,COL,"Freeman, Tyler",freet001,2,0,empty,empty,1,single,4,0,2
2025-08-13,SLN202508130,COL,"Moniak, Mickey",monim001,2,0,1B,1B,1,single,4,0,2
2025-08-13,SLN202508130,COL,"Tovar, Ezequiel",tovae001,2,0,1B+3B,1B+3B,1,single,4,0,2
2025-08-13,SLN202508130,COL,"Beck, Jordan",beckj003,2,0,1B+2B,1B+2B,1,grounded_into_double_play,4,1,2
2025-08-13,SLN202508130,COL,"Bernabel, Warming",bernw002,2,2,3B,3B,1,field_out,4,1,2
2025-08-13,SLN202508130,COL,"Karros, Kyle",karrk001,2,0,empty,empty,1,single,5,1,3
2025-08-13,SLN202508130,COL,"Fernandez, Yanquiel",ferny001,2,0,1B,1B,1,single,5,1,3
2025-08-13,SLN202508130,COL,"Fulford, Braxton",fulfb001,2,0,1B+3B,1B+3B,1,field_out,5,1,3
2025-08-13,SLN202508130,COL,"Amador, Adael",amada001,2,1,2B,2B,1,field_out,5,2,3
2025-08-13,SLN202508130,COL,"Freeman, Tyler",freet001,3,2,2B,2B,1,field_out,5,2,3
2025-08-13,SLN202508130,COL,"Moniak, Mickey",monim001,3,0,empty,empty,1,home_run,6,2,5
2025-08-13,SLN202508130,COL,"Tovar, Ezequiel",tovae001,3,0,empty,empty,1,field_out,6,3,5
2025-08-13,SLN202508130,COL,"Beck, Jordan",beckj003,3,1,empty,empty,1,field_out,6,3,5
2025-08-13,SLN202508130,COL,"Bernabel, Warming",bernw002,3,2,empty,empty,1,field_out,6,3,5
2025-08-13,SLN202508130,COL,"Karros, Kyle",karrk001,3,0,empty,empty,1,double,7,3,5
2025-08-13,SLN202508130,COL,"Fernandez, Yanquiel",ferny001,3,0,2B,3B,0,strikeout,7,3,5
2025-08-13,SLN202508130,COL,"Fulford, Braxton",fulfb001,3,1,3B,3B,1,sac_fly,7,3,5
2025-08-13,SLN202508130,COL,"Amador, Adael",amada001,3,2,empty,empty,1,field_out,7,4,5
2025-08-13,SLN202508130,COL,"Freeman, Tyler",freet001,4,0,empty,empty,1,single,8,4,5
2025-08-13,SLN202508130,COL,"Moniak, Mickey",monim001,4,0,1B,1B,1,field_out,8,4,5
2025-08-13,SLN202508130,COL,"Tovar, Ezequiel",tovae001,4,1,1B,1B,1,field_out,8,4,5
2025-08-13,SLN202508130,COL,"Beck, Jordan",beckj003,4,2,1B,1B,1,single,8,4,5
2025-08-13,SLN202508130,COL,"Bernabel, Warming",bernw002,4,2,1B+2B,1B+2B,1,field_out,8,4,5
2025-08-13,SLN202508130,COL,"Karros, Kyle",karrk001,4,0,empty,empty,1,walk,9,4,5
2025-08-13,SLN202508130,COL,"Doyle, Brenton",doylb001,1,0,1B,1B,1,strikeout,9,4,5
2025-08-13,SLN202508130,COL,"Goodman, Hunter",goodh001,1,1,1B,1B,1,home_run,9,4,5
2025-08-13,SLN202508130,COL,"Farmer, Kyle",farmk001,1,1,empty,empty,1,strikeout,9,6,5
2025-08-13,SLN202508130,COL,"Freeman, Tyler",freet001,5,2,empty,empty,1,single,9,6,5
2025-08-13,SLN202508130,COL,"Moniak, Mickey",monim001,5,2,1B,2B,0,strikeout,9,6,5
2025-08-14,COL202508140,COL,"Freeman, Tyler",freet001,1,0,empty,empty,1,single,1,0,3
2025-08-14,COL202508140,COL,"Tovar, Ezequiel",tovae001,1,0,1B,1B,1,field_out,1,0,3
2025-08-14,COL202508140,COL,"Goodman, Hunter",goodh001,1,1,1B,1B,1,strikeout,1,0,3
2025-08-14,COL202508140,COL,"Beck, Jordan",beckj003,1,2,1B,1B,1,single,1,0,3
2025-08-14,COL202508140,COL,"Doyle, Brenton",doylb001,1,2,1B+2B,2B+3B,0,strikeout,1,0,3
2025-08-14,COL202508140,COL,"Karros, Kyle",karrk001,1,0,empty,empty,1,field_out,2,0,5
2025-08-14,COL202508140,COL,"Fulford, Braxton",fulfb001,1,1,empty,empty,1,strikeout,2,0,5
2025-08-14,COL202508140,COL,"Farmer, Kyle",farmk001,1,2,empty,empty,1,single,2,0,5
2025-08-14,COL202508140,COL,"Schunk, Aaron",schua002,1,2,1B,1B,1,strikeout,2,0,5
2025-08-14,COL202508140,COL,"Freeman, Tyler",freet001,2,0,empty,empty,1,field_out,3,0,5
2025-08-14,COL202508140,COL,"Tovar, Ezequiel",tovae001,2,1,empty,empty,1,strikeout,3,0,5
2025-08-14,COL202508140,COL,"Goodman, Hunter",goodh001,2,2,empty,empty,1,walk,3,0,5
2025-08-14,COL202508140,COL,"Beck, Jordan",beckj003,2,2,1B,1B,1,strikeout,3,0,5
2025-08-14,COL202508140,COL,"Doyle, Brenton",doylb001,2,0,empty,empty,1,field_out,4,0,7
2025-08-14,COL202508140,COL,"Karros, Kyle",karrk001,2,1,empty,empty,1,field_out,4,0,7
2025-08-14,COL202508140,COL,"Fulford, Braxton",fulfb001,2,2,empty,empty,1,field_out,4,0,7
2025-08-14,COL202508140,COL,"Farmer, Kyle",farmk001,2,0,empty,empty,1,home_run,5,0,7
2025-08-14,COL202508140,COL,"Schunk, Aaron",schua002,2,0,empty,empty,1,field_out,5,1,7
2025-08-14,COL202508140,COL,"Freeman, Tyler",freet001,3,1,empty,empty,1,single,5,1,7
2025-08-14,COL202508140,COL,"Tovar, Ezequiel",tovae001,3,1,1B,1B,1,field_out,5,1,7
2025-08-14,COL202508140,COL,"Goodman, Hunter",goodh001,3,2,1B,1B,1,field_out,5,1,7
2025-08-14,COL202508140,COL,"Beck, Jordan",beckj003,3,0,empty,empty,1,field_out,6,1,7
2025-08-14,COL202508140,COL,"Doyle, Brenton",doylb001,3,1,empty,empty,1,single,6,1,7
2025-08-14,COL202508140,COL,"Karros, Kyle",karrk001,3,1,1B,1B,1,grounded_into_double_play,6,1,7
2025-08-14,COL202508140,COL,"Fulford, Braxton",fulfb001,3,0,empty,empty,1,field_out,7,1,8
2025-08-14,COL202508140,COL,"Farmer, Kyle",farmk001,3,1,empty,empty,1,field_out,7,1,8
2025-08-14,COL202508140,COL,"Schunk, Aaron",schua002,3,2,empty,empty,1,field_out,7,1,8
2025-08-14,COL202508140,COL,"Freeman, Tyler",freet001,4,0,empty,empty,1,field_out,8,1,8
2025-08-14,COL202508140,COL,"Tovar, Ezequiel",tovae001,4,1,empty,empty,1,field_out,8,1,8
2025-08-14,COL202508140,COL,"Goodman, Hunter",goodh001,4,2,empty,empty,1,single,8,1,8
2025-08-14,COL202508140,COL,"Beck, Jordan",beckj003,4,2,1B,1B,1,strikeout,8,1,8
2025-08-14,COL202508140,COL,"Doyle, Brenton",doylb001,4,0,empty,empty,1,home_run,9,1,8
2025-08-14,COL202508140,COL,"Karros, Kyle",karrk001,4,0,empty,empty,1,field_out,9,2,8
2025-08-14,COL202508140,COL,"Fulford, Braxton",fulfb001,4,1,empty,empty,1,field_out,9,2,8
2025-08-14,COL202508140,COL,"Farmer, Kyle",farmk001,4,2,empty,empty,1,single,9,2,8
2025-08-14,COL202508140,COL,"Bernabel, Warming",bernw002,1,2,1B,1B,1,strikeout,9,2,8
2025-08-15,COL202508150,COL,"Freeman, Tyler",freet001,1,0,empty,empty,1,field_out,1,0,0
2025-08-15,COL202508150,COL,"Moniak, Mickey",monim001,1,1,empty,empty,1,field_out,1,0,0
2025-08-15,COL202508150,COL,"Goodman, Hunter",goodh001,1,2,empty,empty,1,home_run,1,0,0
2025-08-15,COL202508150,COL,"Beck, Jordan",beckj003,1,2,empty,empty,1,field_out,1,1,0
2025-08-15,COL202508150,COL,"Bernabel, Warming",bernw002,1,0,empty,empty,1,single,2,1,0
2025-08-15,COL202508150,COL,"Karros, Kyle",karrk001,1,0,1B,1B,1,single,2,1,0
2025-08-15,COL202508150,COL,"Doyle, Brenton",doylb001,1,0,1B+2B,1B+2B,1,grounded_into_double_play,2,1,0
2025-08-15,COL202508150,COL,"Fernandez, Yanquiel",ferny001,1,2,3B,3B,1,field_out,2,1,0
2025-08-15,COL202508150,COL,"Ritter, Ryan",rittr002,1,0,empty,empty,1,double,3,1,0
2025-08-15,COL202508150,COL,"Freeman, Tyler",freet001,2,0,2B,2B,1,field_out,3,1,0
2025-08-15,COL202508150,COL,"Moniak, Mickey",monim001,2,1,3B,3B,1,sac_fly,3,1,0
2025-08-15,COL202508150,COL,"Goodman, Hunter",goodh001,2,2,empty,empty,1,walk,3,2,0
2025-08-15,COL202508150,COL,"Beck, Jordan",beckj003,2,2,1B,1B,1,field_out,3,2,0
2025-08-15,COL202508150,COL,"Bernabel, Warming",bernw002,2,0,empty,empty,1,field_out,4,2,2
2025-08-15,COL202508150,COL,"Karros, Kyle",karrk001,2,1,empty,empty,1,single,4,2,2
2025-08-15,COL202508150,COL,"Doyle, Brenton",doylb001,2,1,1B,1B,1,double,4,2,2
2025-08-15,COL202508150,COL,"Fernandez, Yanquiel",ferny001,2,1,2B+3B,2B+3B,1,field_out,4,2,2
2025-08-15,COL202508150,COL,"Ritter, Ryan",rittr002,2,2,3B,3B,1,field_out,4,3,2
2025-08-15,COL202508150,COL,"Freeman, Tyler",freet001,3,0,empty,empty,1,triple,5,3,2
2025-08-15,COL202508150,COL,"Moniak, Mickey",monim001,3,0,3B,3B,1,strikeout,5,3,2
2025-08-15,COL202508150,COL,"Goodman, Hunter",goodh001,3,1,3B,3B,1,field_out,5,3,2
2025-08-15,COL202508150,COL,"Beck, Jordan",beckj003,3,2,3B,3B,1,double,5,3,2
2025-08-15,COL202508150,COL,"Bernabel, Warming",bernw002,3,2,2B,2B,1,walk,5,4,2
2025-08-15,COL202508150,COL,"Karros, Kyle",karrk001,3,2,1B+2B,1B+2B,1,strikeout,5,4,2
2025-08-15,COL202508150,COL,"Doyle, Brenton",doylb001,3,0,empty,empty,1,strikeout,6,4,3
2025-08-15,COL202508150,COL,"Fernandez, Yanquiel",ferny001,3,1,empty,empty,1,field_out,6,4,3
2025-08-15,COL202508150,COL,"Ritter, Ryan",rittr002,3,2,empty,empty,1,strikeout,6,4,3
2025-08-15,COL202508150,COL,"Freeman, Tyler",freet001,4,0,empty,empty,1,walk,7,4,3
2025-08-15,COL202508150,COL,"Moniak, Mickey",monim001,4,0,1B,1B,1,strikeout,7,4,3
2025-08-15,COL202508150,COL,"Goodman, Hunter",goodh001,4,1,1B,1B,1,strikeout_double_play,7,4,3
2025-08-15,COL202508150,COL,"Beck, Jordan",beckj003,4,0,empty,empty,1,strikeout,8,4,3
2025-08-15,COL202508150,COL,"Bernabel, Warming",bernw002,4,1,empty,empty,1,field_out,8,4,3
2025-08-15,COL202508150,COL,"Karros, Kyle",karrk001,4,2,empty,empty,1,walk,8,4,3
2025-08-15,COL202508150,COL,"Doyle, Brenton",doylb001,4,2,1B,1B,1,field_out,8,4,3
2025-08-16,COL202508160,COL,"Moniak, Mickey",monim001,1,0,empty,empty,1,single,1,0,1
2025-08-16,COL202508160,COL,"Tovar, Ezequiel",tovae001,1,0,1B,1B,1,field_out,1,0,1
2025-08-16,COL202508160,COL,"Goodman, Hunter",goodh001,1,1,1B,1B,1,field_out,1,0,1
2025-08-16,COL202508160,COL,"Beck, Jordan",beckj003,1,2,2B,2B,1,field_out,1,0,1
2025-08-16,COL202508160,COL,"Bernabel, Warming",bernw002,1,0,empty,empty,1,home_run,2,0,1
2025-08-16,COL202508160,COL,"Karros, Kyle",karrk001,1,0,empty,empty,1,field_out,2,1,1
2025-08-16,COL202508160,COL,"Doyle, Brenton",doylb001,1,1,empty,empty,1,field_out,2,1,1
2025-08-16,COL202508160,COL,"Fernandez, Yanquiel",ferny001,1,2,empty,empty,1,single,2,1,1
2025-08-16,COL202508160,COL,"Ritter, Ryan",rittr002,1,2,1B,1B,1,strikeout,2,1,1
2025-08-16,COL202508160,COL,"Moniak, Mickey",monim001,2,0,empty,empty,1,field_out,3,1,3
2025-08-16,COL202508160,COL,"Tovar, Ezequiel",tovae001,2,1,empty,empty,1,strikeout,3,1,3
2025-08-16,COL202508160,COL,"Goodman, Hunter",goodh001,2,2,empty,empty,1,double,3,1,3
2025-08-16,COL202508160,COL,"Beck, Jordan",beckj003,2,2,2B,2B,1,double,3,1,3
2025-08-16,COL202508160,COL,"Bernabel, Warming",bernw002,2,2,2B,2B,1,field_out,3,2,3
2025-08-16,COL202508160,COL,"Karros, Kyle",karrk001,2,0,empty,empty,1,strikeout,4,2,3
2025-08-16,COL202508160,COL,"Doyle, Brenton",doylb001,2,1,empty,empty,1,single,4,2,3
2025-08-16,COL202508160,COL,"Fernandez, Yanquiel",ferny001,2,1,1B,1B,1,field_out,4,2,3
2025-08-16,COL202508160,COL,"Ritter, Ryan",rittr002,2,2,1B,1B,1,field_out,4,2,3
2025-08-16,COL202508160,COL,"Moniak, Mickey",monim001,3,0,empty,empty,1,field_out,5,2,5
2025-08-16,COL202508160,COL,"Tovar, Ezequiel",tovae001,3,1,empty,empty,1,strikeout,5,2,5
2025-08-16,COL202508160,COL,"Goodman, Hunter",goodh001,3,2,empty,empty,1,field_out,5,2,5
2025-08-16,COL202508160,COL,"Beck, Jordan",beckj003,3,0,empty,empty,1,field_out,6,2,5
2025-08-16,COL202508160,COL,"Bernabel, Warming",bernw002,3,1,empty,empty,1,field_out,6,2,5
2025-08-16,COL202508160,COL,"Karros, Kyle",karrk001,3,2,empty,empty,1,field_out,6,2,5
2025-08-16,COL202508160,COL,"Doyle, Brenton",doylb001,3,0,empty,empty,1,field_out,7,2,7
2025-08-16,COL202508160,COL,"Fernandez, Yanquiel",ferny001,3,1,empty,empty,1,single,7,2,7
2025-08-16,COL202508160,COL,"Ritter, Ryan",rittr002,3,1,1B,1B,1,triple,7,2,7
2025-08-16,COL202508160,COL,"Freeman, Tyler",freet001,1,1,3B,3B,1,field_out,7,3,7
2025-08-16,COL202508160,COL,"Tovar, Ezequiel",tovae001,4,2,empty,empty,1,strikeout,7,4,7
2025-08-16,COL202508160,COL,"Goodman, Hunter",goodh001,4,0,empty,empty,1,strikeout,8,4,7
2025-08-16,COL202508160,COL,"Beck, Jordan",beckj003,4,1,empty,empty,1,double,8,4,7
2025-08-16,COL202508160,COL,"Bernabel, Warming",bernw002,4,1,2B,2B,1,walk,8,4,7
2025-08-16,COL202508160,COL,"Karros, Kyle",karrk001,4,1,1B+2B,1B+2B,1,walk,8,4,7
2025-08-16,COL202508160,COL,"Doyle, Brenton",doylb001,4,1,1B+2B+3B,1B+2B+3B,1,double,8,4,7
2025-08-16,COL202508160,COL,"Farmer, Kyle",farmk001,1,1,2B+3B,2B+3B,1,single,8,6,7
2025-08-16,COL202508160,COL,"Ritter, Ryan",rittr002,4,1,1B,1B,1,field_out,8,8,7
2025-08-16,COL202508160,COL,"Freeman, Tyler",freet001,2,2,2B,2B,1,home_run,8,8,7
2025-08-16,COL202508160,COL,"Tovar, Ezequiel",tovae001,5,2,empty,empty,1,field_out,8,10,7
2025-08-17,COL202508170,COL,"Freeman, Tyler",freet001,1,0,empty,empty,1,field_out,1,0,0
2025-08-17,COL202508170,COL,"Moniak, Mickey",monim001,1,1,empty,empty,1,field_out,1,0,0
2025-08-17,COL202508170,COL,"Tovar, Ezequiel",tovae001,1,2,empty,empty,1,field_out,1,0,0
2025-08-17,COL202508170,COL,"Beck, Jordan",beckj003,1,0,empty,empty,1,strikeout,2,0,0
2025-08-17,COL202508170,COL,"Bernabel, Warming",bernw002,1,1,empty,empty,1,field_out,2,0,0
2025-08-17,COL202508170,COL,"Doyle, Brenton",doylb001,1,2,empty,empty,1,strikeout,2,0,0
2025-08-17,COL202508170,COL,"Fulford, Braxton",fulfb001,1,0,empty,empty,1,field_out,3,0,0
2025-08-17,COL202508170,COL,"Arcia, Orlando",arcio002,1,1,empty,empty,1,strikeout,3,0,0
2025-08-17,COL202508170,COL,"Ritter, Ryan",rittr002,1,2,empty,empty,1,strikeout,3,0,0
2025-08-17,COL202508170,COL,"Freeman, Tyler",freet001,2,0,empty,empty,1,field_out,4,0,0
2025-08-17,COL202508170,COL,"Moniak, Mickey",monim001,2,1,empty,empty,1,field_out,4,0,0
2025-08-17,COL202508170,COL,"Tovar, Ezequiel",tovae001,2,2,empty,empty,1,single,4,0,0
2025-08-17,COL202508170,COL,"Beck, Jordan",beckj003,2,2,1B,1B,1,strikeout,4,0,0
2025-08-17,COL202508170,COL,"Bernabel, Warming",bernw002,2,0,empty,empty,1,field_out,5,0,0
2025-08-17,COL202508170,COL,"Doyle, Brenton",doylb001,2,1,empty,empty,1,walk,5,0,0
2025-08-17,COL202508170,COL,"Fulford, Braxton",fulfb001,2,1,1B,2B,0,field_out,5,0,0
2025-08-17,COL202508170,COL,"Arcia, Orlando",arcio002,2,2,2B,2B,1,single,5,0,0
2025-08-17,COL202508170,COL,"Ritter, Ryan",rittr002,2,2,1B,1B,1,single,5,1,0
2025-08-17,COL202508170,COL,"Freeman, Tyler",freet001,3,2,1B+2B,1B+2B,1,field_out,5,1,0
2025-08-17,COL202508170,COL,"Moniak, Mickey",monim001,3,0,empty,empty,1,field_out,6,1,4
2025-08-17,COL202508170,COL,"Tovar, Ezequiel",tovae001,3,1,empty,empty,1,field_out,6,1,4
2025-08-17,COL202508170,COL,"Beck, Jordan",beckj003,3,2,empty,empty,1,field_out,6,1,4
2025-08-17,COL202508170,COL,"Bernabel, Warming",bernw002,3,0,empty,empty,1,single,7,1,4
2025-08-17,COL202508170,COL,"Doyle, Brenton",doylb001,3,0,1B,1B,1,strikeout,7,1,4
2025-08-17,COL202508170,COL,"Fulford, Braxton",fulfb001,3,1,1B,1B,1,hit_by_pitch,7,1,4
2025-08-17,COL202508170,COL,"Goodman, Hunter",goodh001,1,1,1B+2B,1B+2B,1,hit_by_pitch,7,1,4
2025-08-17,COL202508170,COL,"Ritter, Ryan",rittr002,3,1,1B+2B+3B,1B+2B+3B,1,single,7,1,4
2025-08-17,COL202508170,COL,"Freeman, Tyler",freet001,4,1,1B+2B,1B+2B,1,field_out,7,3,4
2025-08-17,COL202508170,COL,"Moniak, Mickey",monim001,4,2,2B+3B,2B+3B,1,single,7,3,4
2025-08-17,COL202508170,COL,"Tovar, Ezequiel",tovae001,4,2,1B,1B,1,single,7,5,4
2025-08-17,COL202508170,COL,"Beck, Jordan",beckj003,4,2,1B+3B,1B+3B,1,strikeout,7,5,4
2025-08-17,COL202508170,COL,"Bernabel, Warming",bernw002,4,0,empty,empty,1,single,8,5,4
2025-08-17,COL202508170,COL,"Doyle, Brenton",doylb001,4,0,1B,1B,1,field_out,8,5,4
2025-08-17,COL202508170,COL,"Fulford, Braxton",fulfb001,4,1,1B,1B,1,double,8,5,4
2025-08-17,COL202508170,COL,"Karros, Kyle",karrk001,1,1,2B,2B,1,field_out,8,6,4
2025-08-17,COL202508170,COL,"Ritter, Ryan",rittr002,4,2,2B,2B,1,field_out,8,6,4
2025-08-18,COL202508180,COL,"Freeman, Tyler",freet001,1,0,empty,empty,1,field_out,1,0,0
2025-08-18,COL202508180,COL,"Moniak, Mickey",monim001,1,1,empty,empty,1,strikeout,1,0,0
2025-08-18,COL202508180,COL,"Goodman, Hunter",goodh001,1,2,empty,empty,1,field_out,1,0,0
2025-08-18,COL202508180,COL,"Beck, Jordan",beckj003,1,0,empty,empty,1,field_out,2,0,2
2025-08-18,COL202508180,COL,"Tovar, Ezequiel",tovae001,1,1,empty,empty,1,strikeout,2,0,2
2025-08-18,COL202508180,COL,"Bernabel, Warming",bernw002,1,2,empty,empty,1,strikeout,2,0,2
2025-08-18,COL202508180,COL,"Karros, Kyle",karrk001,1,0,empty,empty,1,walk,3,0,2
2025-08-18,COL202508180,COL,"Doyle, Brenton",doylb001,1,0,1B,1B,1,single,3,0,2
2025-08-18,COL202508180,COL,"Ritter, Ryan",rittr002,1,0,2B+3B,2B+3B,1,single,3,0,2
2025-08-18,COL202508180,COL,"Freeman, Tyler",freet001,2,0,1B,1B,1,field_out,3,2,2
2025-08-18,COL202508180,COL,"Moniak, Mickey",monim001,2,1,2B,2B,1,field_out,3,2,2
2025-08-18,COL202508180,COL,"Goodman, Hunter",goodh001,2,2,3B,3B,1,field_out,3,2,2
2025-08-18,COL202508180,COL,"Beck, Jordan",beckj003,2,0,empty,empty,1,field_out,4,2,2
2025-08-18,COL202508180,COL,"Tovar, Ezequiel",tovae001,2,1,empty,empty,1,field_out,4,2,2
2025-08-18,COL202508180,COL,"Bernabel, Warming",bernw002,2,2,empty,empty,1,field_out,4,2,2
2025-08-18,COL202508180,COL,"Karros, Kyle",karrk001,2,0,empty,empty,1,strikeout,5,2,2
2025-08-18,COL202508180,COL,"Doyle, Brenton",doylb001,2,1,empty,empty,1,field_out,5,2,2
2025-08-18,COL202508180,COL,"Ritter, Ryan",rittr002,2,2,empty,empty,1,field_out,5,2,2
2025-08-18,COL202508180,COL,"Freeman, Tyler",freet001,3,0,empty,empty,1,field_out,6,2,3
2025-08-18,COL202508180,COL,"Moniak, Mickey",monim001,3,1,empty,empty,1,field_out,6,2,3
2025-08-18,COL202508180,COL,"Goodman, Hunter",goodh001,3,2,empty,empty,1,strikeout,6,2,3
2025-08-18,COL202508180,COL,"Beck, Jordan",beckj003,3,0,empty,empty,1,strikeout,7,2,3
2025-08-18,COL202508180,COL,"Tovar, Ezequiel",tovae001,3,1,empty,empty,1,home_run,7,2,3
2025-08-18,COL202508180,COL,"Bernabel, Warming",bernw002,3,1,empty,empty,1,field_out,7,3,3
2025-08-18,COL202508180,COL,"Karros, Kyle",karrk001,3,2,empty,empty,1,walk,7,3,3
2025-08-18,COL202508180,COL,"Doyle, Brenton",doylb001,3,2,1B,1B,1,single,7,3,3
2025-08-18,COL202508180,COL,"Ritter, Ryan",rittr002,3,2,1B+3B,1B+3B,1,field_out,7,3,3
2025-08-18,COL202508180,COL,"Freeman, Tyler",freet001,4,0,empty,empty,1,field_out,8,3,3
2025-08-18,COL202508180,COL,"Moniak, Mickey",monim001,4,1,empty,empty,1,field_out,8,3,3
2025-08-18,COL202508180,COL,"Goodman, Hunter",goodh001,4,2,empty,empty,1,field_out,8,3,3
2025-08-18,COL202508180,COL,"Beck, Jordan",beckj003,4,0,empty,empty,1,field_out,9,3,3
2025-08-18,COL202508180,COL,"Tovar, Ezequiel",tovae001,4,1,empty,empty,1,double,9,3,3
2025-08-18,COL202508180,COL,"Bernabel, Warming",bernw002,4,1,2B,2B,1,single,9,3,3
2025-08-19,COL202508190,COL,"Freeman, Tyler",freet001,1,0,empty,empty,1,strikeout,1,0,2
2025-08-19,COL202508190,COL,"Moniak, Mickey",monim001,1,1,empty,empty,1,field_out,1,0,2
2025-08-19,COL202508190,COL,"Goodman, Hunter",goodh001,1,2,empty,empty,1,field_out,1,0,2
2025-08-19,COL202508190,COL,"Bernabel, Warming",bernw002,1,0,empty,empty,1,single,2,0,4
2025-08-19,COL202508190,COL,"Tovar, Ezequiel",tovae001,1,0,1B,1B,1,field_out,2,0,4
2025-08-19,COL202508190,COL,"Karros, Kyle",karrk001,1,1,1B,1B,1,strikeout,2,0,4
2025-08-19,COL202508190,COL,"Doyle, Brenton",doylb001,1,2,1B,1B,1,field_out,2,0,4
2025-08-19,COL202508190,COL,"Fernandez, Yanquiel",ferny001,1,0,empty,empty,1,strikeout,3,0,7
2025-08-19,COL202508190,COL,"Ritter, Ryan",rittr002,1,1,empty,empty,1,single,3,0,7
2025-08-19,COL202508190,COL,"Freeman, Tyler",freet001,2,1,1B,1B,1,walk,3,0,7
2025-08-19,COL202508190,COL,"Moniak, Mickey",monim001,2,1,1B+2B,1B+2B,1,field_out,3,0,7
2025-08-19,COL202508190,COL,"Goodman, Hunter",goodh001,2,2,1B+2B,1B+2B,1,field_out,3,0,7
2025-08-19,COL202508190,COL,"Bernabel, Warming",bernw002,2,0,empty,empty,1,single,4,0,7
2025-08-19,COL202508190,COL,"Tovar, Ezequiel",tovae001,2,1,empty,empty,1,single,4,0,7
2025-08-19,COL202508190,COL,"Karros, Kyle",karrk001,2,1,1B,1B,1,strikeout,4,0,7
2025-08-19,COL202508190,COL,"Doyle, Brenton",doylb001,2,2,1B,1B,1,home_run,4,0,7
2025-08-19,COL202508190,COL,"Fernandez, Yanquiel",ferny001,2,2,empty,empty,1,strikeout,4,2,7
2025-08-19,COL202508190,COL,"Ritter, Ryan",rittr002,2,0,empty,empty,1,field_out,5,2,7
2025-08-19,COL202508190,COL,"Freeman, Tyler",freet001,3,1,empty,empty,1,strikeout,5,2,7
2025-08-19,COL202508190,COL,"Moniak, Mickey",monim001,3,2,empty,empty,1,field_out,5,2,7
2025-08-19,COL202508190,COL,"Goodman, Hunter",goodh001,3,0,empty,empty,1,field_out,6,2,7
2025-08-19,COL202508190,COL,"Bernabel, Warming",bernw002,3,1,empty,empty,1,walk,6,2,7
2025-08-19,COL202508190,COL,"Tovar, Ezequiel",tovae001,3,1,1B,1B,1,strikeout,6,2,7
2025-08-19,COL202508190,COL,"Karros, Kyle",karrk001,3,2,1B,1B,1,home_run,6,2,7
2025-08-19,COL202508190,COL,"Doyle, Brenton",doylb001,3,2,empty,empty,1,field_out,6,4,7
2025-08-19,COL202508190,COL,"Farmer, Kyle",farmk001,1,0,empty,empty,1,field_out,7,4,10
2025-08-19,COL202508190,COL,"Ritter, Ryan",rittr002,3,1,empty,empty,1,field_out,7,4,10
2025-08-19,COL202508190,COL,"Freeman, Tyler",freet001,4,2,empty,empty,1,single,7,4,10
2025-08-19,COL202508190,COL,"Beck, Jordan",beckj003,1,2,1B,1B,1,field_out,7,4,10
2025-08-19,COL202508190,COL,"Goodman, Hunter",goodh001,4,0,empty,empty,1,field_out,8,4,10
2025-08-19,COL202508190,COL,"Bernabel, Warming",bernw002,4,1,empty,empty,1,field_out,8,4,10
2025-08-19,COL202508190,COL,"Tovar, Ezequiel",tovae001,4,2,empty,empty,1,triple,8,4,10
2025-08-19,COL202508190,COL,"Karros, Kyle",karrk001,4,2,3B,3B,1,strikeout,8,4,10
2025-08-19,COL202508190,COL,"Doyle, Brenton",doylb001,4,0,empty,empty,1,field_out,9,4,11
2025-08-19,COL202508190,COL,"Farmer, Kyle",farmk001,2,1,empty,empty,1,field_out,9,4,11
2025-08-19,COL202508190,COL,"Ritter, Ryan",rittr002,4,2,empty,empty,1,field_out,9,4,11
2025-08-20,COL202508200,COL,"Freeman, Tyler",freet001,1,0,empty,empty,1,strikeout,1,0,0
2025-08-20,COL202508200,COL,"Tovar, Ezequiel",tovae001,1,1,empty,empty,1,field_out,1,0,0
2025-08-20,COL202508200,COL,"Goodman, Hunter",goodh001,1,2,empty,empty,1,field_out,1,0,0
2025-08-20,COL202508200,COL,"Beck, Jordan",beckj003,1,0,empty,empty,1,single,2,0,0
2025-08-20,COL202508200,COL,"Bernabel, Warming",bernw002,1,0,1B,1B,1,field_out,2,0,0
2025-08-20,COL202508200,COL,"Moniak, Mickey",monim001,1,1,1B,1B,1,single,2,0,0
2025-08-20,COL202508200,COL,"Doyle, Brenton",doylb001,1,1,1B+2B,1B+2B,1,double,2,0,0
2025-08-20,COL202508200,COL,"Arcia, Orlando",arcio002,1,1,2B+3B,2B+3B,1,sac_fly,2,1,0
2025-08-20,COL202508200,COL,"Ritter, Ryan",rittr002,1,2,3B,3B,1,strikeout,2,2,0
2025-08-20,COL202508200,COL,"Freeman, Tyler",freet001,2,0,empty,empty,1,field_out,3,2,0
2025-08-20,COL202508200,COL,"Tovar, Ezequiel",tovae001,2,1,empty,empty,1,field_out,3,2,0
2025-08-20,COL202508200,COL,"Goodman, Hunter",goodh001,2,2,empty,empty,1,field_out,3,2,0
2025-08-20,COL202508200,COL,"Beck, Jordan",beckj003,2,0,empty,empty,1,single,4,2,0
2025-08-20,COL202508200,COL,"Bernabel, Warming",bernw002,2,0,1B,1B,1,double,4,2,0
2025-08-20,COL202508200,COL,"Moniak, Mickey",monim001,2,1,empty,empty,1,single,4,3,0
2025-08-20,COL202508200,COL,"Doyle, Brenton",doylb001,2,1,1B,1B,1,single,4,3,0
2025-08-20,COL202508200,COL,"Arcia, Orlando",arcio002,2,1,2B+3B,2B+3B,1,single,4,3,0
2025-08-20,COL202508200,COL,"Ritter, Ryan",rittr002,2,1,1B+3B,1B+3B,1,fielders_choice_out,4,4,0
2025-08-20,COL202508200,COL,"Freeman, Tyler",freet001,3,2,1B+3B,1B+3B,1,single,4,4,0
2025-08-20,COL202508200,COL,"Tovar, Ezequiel",tovae001,3,2,1B+2B,1B+2B,1,strikeout,4,5,0
2025-08-20,COL202508200,COL,"Goodman, Hunter",goodh001,3,0,empty,empty,1,single,5,5,0
2025-08-20,COL202508200,COL,"Beck, Jordan",beckj003,3,0,1B,1B,1,single,5,5,0
2025-08-20,COL202508200,COL,"Bernabel, Warming",bernw002,3,0,1B+2B,1B+2B,1,field_out,5,5,0
2025-08-20,COL202508200,COL,"Moniak, Mickey",monim001,3,1,1B+2B,1B+2B,1,field_out,5,5,0
2025-08-20,COL202508200,COL,"Doyle, Brenton",doylb001,3,2,1B+2B,1B+2B,1,field_out,5,5,0
2025-08-20,COL202508200,COL,"Arcia, Orlando",arcio002,3,0,empty,empty,1,walk,6,5,1
2025-08-20,COL202508200,COL,"Ritter, Ryan",rittr002,3,0,1B,1B,1,field_out,6,5,1
2025-08-20,COL202508200,COL,"Freeman, Tyler",freet001,4,1,2B,2B,1,single,6,5,1
2025-08-20,COL202508200,COL,"Tovar, Ezequiel",tovae001,4,1,1B+3B,1B+3B,1,strikeout,6,5,1
2025-08-20,COL202508200,COL,"Goodman, Hunter",goodh001,4,2,1B+3B,1B+3B,1,single,6,5,1
2025-08-20,COL202508200,COL,"Beck, Jordan",beckj003,4,2,1B+3B,1B+3B,1,strikeout,6,6,1
2025-08-20,COL202508200,COL,"Bernabel, Warming",bernw002,4,0,empty,empty,1,field_out,7,6,1
2025-08-20,COL202508200,COL,"Moniak, Mickey",monim001,4,1,empty,empty,1,field_out,7,6,1
2025-08-20,COL202508200,COL,"Doyle, Brenton",doylb001,4,2,empty,empty,1,field_out,7,6,1
2025-08-20,COL202508200,COL,"Arcia, Orlando",arcio002,4,0,empty,empty,1,field_out,8,6,1
2025-08-20,COL202508200,COL,"Ritter, Ryan",rittr002,4,1,empty,empty,1,single,8,6,1
2025-08-20,COL202508200,COL,"Freeman, Tyler",freet001,5,1,1B,1B,1,field_out,8,6,1
2025-08-20,COL202508200,COL,"Tovar, Ezequiel",tovae001,5,2,1B,1B,1,single,8,6,1
2025-08-20,COL202508200,COL,"Goodman, Hunter",goodh001,5,2,1B+2B,1B+2B,1,double,8,6,1
2025-08-20,COL202508200,COL,"Beck, Jordan",beckj003,5,2,2B,2B,1,strikeout,8,8,1
2025-08-21,COL202508210,COL,"Freeman, Tyler",freet001,1,0,empty,empty,1,single,1,0,2
2025-08-21,COL202508210,COL,"Tovar, Ezequiel",tovae001,1,0,1B,1B,1,sac_bunt,1,0,2
2025-08-21,COL202508210,COL,"Goodman, Hunter",goodh001,1,1,2B,3B,0,field_out,1,0,2
2025-08-21,COL202508210,COL,"Beck, Jordan",beckj003,1,2,empty,empty,1,field_out,1,1,2
2025-08-21,COL202508210,COL,"Doyle, Brenton",doylb001,1,0,empty,empty,1,field_out,2,1,4
2025-08-21,COL202508210,COL,"Fulford, Braxton",fulfb001,1,1,empty,empty,1,single,2,1,4
2025-08-21,COL202508210,COL,"Farmer, Kyle",farmk001,1,1,1B,1B,1,grounded_into_double_play,2,1,4
2025-08-21,COL202508210,COL,"Arcia, Orlando",arcio002,1,0,empty,empty,1,field_out,3,1,5
2025-08-21,COL202508210,COL,"Ritter, Ryan",rittr002,1,1,empty,empty,1,strikeout,3,1,5
2025-08-21,COL202508210,COL,"Freeman, Tyler",freet001,2,2,empty,empty,1,field_out,3,1,5
2025-08-21,COL202508210,COL,"Tovar, Ezequiel",tovae001,2,0,empty,empty,1,strikeout,4,1,7
2025-08-21,COL202508210,COL,"Goodman, Hunter",goodh001,2,1,empty,empty,1,single,4,1,7
2025-08-21,COL202508210,COL,"Beck, Jordan",beckj003,2,1,1B,1B,1,double,4,1,7
2025-08-21,COL202508210,COL,"Doyle, Brenton",doylb001,2,1,2B+3B,2B+3B,1,sac_fly,4,1,7
2025-08-21,COL202508210,COL,"Fulford, Braxton",fulfb001,2,2,2B,2B,1,field_out,4,2,7
2025-08-21,COL202508210,COL,"Farmer, Kyle",farmk001,2,0,empty,empty,1,strikeout,5,2,8
2025-08-21,COL202508210,COL,"Arcia, Orlando",arcio002,2,1,empty,empty,1,field_out,5,2,8
2025-08-21,COL202508210,COL,"Ritter, Ryan",rittr002,2,2,empty,empty,1,field_out,5,2,8
2025-08-21,COL202508210,COL,"Freeman, Tyler",freet001,3,0,empty,empty,1,field_out,6,2,8
2025-08-21,COL202508210,COL,"Tovar, Ezequiel",tovae001,3,1,empty,empty,1,field_out,6,2,8
2025-08-21,COL202508210,COL,"Goodman, Hunter",goodh001,3,2,empty,empty,1,walk,6,2,8
2025-08-21,COL202508210,COL,"Beck, Jordan",beckj003,3,2,1B,1B,1,single,6,2,8
2025-08-21,COL202508210,COL,"Doyle, Brenton",doylb001,3,2,1B+2B,1B+2B,1,single,6,2,8
2025-08-21,COL202508210,COL,"Fulford, Braxton",fulfb001,3,2,1B+2B,1B+2B,1,walk,6,3,8
2025-08-21,COL202508210,COL,"Farmer, Kyle",farmk001,3,2,1B+2B+3B,1B+2B+3B,1,field_out,6,3,8
2025-08-21,COL202508210,COL,"Arcia, Orlando",arcio002,3,0,empty,empty,1,double,7,3,8
2025-08-21,COL202508210,COL,"Ritter, Ryan",rittr002,3,0,2B,2B,1,strikeout,7,3,8
2025-08-21,COL202508210,COL,"Freeman, Tyler",freet001,4,1,2B,2B,1,field_out,7,3,8
2025-08-21,COL202508210,COL,"Tovar, Ezequiel",tovae001,4,2,2B,2B,1,field_out,7,3,8
2025-08-21,COL202508210,COL,"Fernandez, Yanquiel",ferny001,1,0,empty,empty,1,single,8,3,9
2025-08-21,COL202508210,COL,"Beck, Jordan",beckj003,4,0,1B,1B,1,field_out,8,3,9
2025-08-21,COL202508210,COL,"Doyle, Brenton",doylb001,4,1,1B,1B,1,home_run,8,3,9
2025-08-21,COL202508210,COL,"Fulford, Braxton",fulfb001,4,1,empty,empty,1,strikeout,8,5,9
2025-08-21,COL202508210,COL,"Farmer, Kyle",farmk001,4,2,empty,empty,1,field_out,8,5,9
2025-08-21,COL202508210,COL,"Arcia, Orlando",arcio002,4,0,empty,empty,1,strikeout,9,5,9
2025-08-21,COL202508210,COL,"Ritter, Ryan",rittr002,4,1,empty,empty,1,single,9,5,9
2025-08-21,COL202508210,COL,"Freeman, Tyler",freet001,5,1,1B,1B,1,field_out,9,5,9
2025-08-21,COL202508210,COL,"Tovar, Ezequiel",tovae001,5,2,1B,2B,0,strikeout,9,5,9
2025-08-22,PIT202508220,COL,"Freeman, Tyler",freet001,1,0,empty,empty,1,field_out,1,0,0
2025-08-22,PIT202508220,COL,"Moniak, Mickey",monim001,1,1,empty,empty,1,strikeout,1,0,0
2025-08-22,PIT202508220,COL,"Tovar, Ezequiel",tovae001,1,2,empty,empty,1,strikeout,1,0,0
2025-08-22,PIT202508220,COL,"Beck, Jordan",beckj003,1,0,empty,empty,1,field_out,2,0,2
2025-08-22,PIT202508220,COL,"Karros, Kyle",karrk001,1,1,empty,empty,1,field_out,2,0,2
2025-08-22,PIT202508220,COL,"Fulford, Braxton",fulfb001,1,2,empty,empty,1,strikeout,2,0,2
2025-08-22,PIT202508220,COL,"Fernandez, Yanquiel",ferny001,1,0,empty,empty,1,walk,3,0,5
2025-08-22,PIT202508220,COL,"Arcia, Orlando",arcio002,1,0,1B,1B,1,field_out,3,0,5
2025-08-22,PIT202508220,COL,"Ritter, Ryan",rittr002,1,1,1B,1B,1,strikeout,3,0,5
2025-08-22,PIT202508220,COL,"Freeman, Tyler",freet001,2,2,1B,1B,1,field_out,3,0,5
2025-08-22,PIT202508220,COL,"Moniak, Mickey",monim001,2,0,empty,empty,1,single,4,0,5
2025-08-22,PIT202508220,COL,"Tovar, Ezequiel",tovae001,2,0,1B,1B,1,strikeout,4,0,5
2025-08-22,PIT202508220,COL,"Beck, Jordan",beckj003,2,2,1B,empty,0,strikeout,4,0,5
2025-08-22,PIT202508220,COL,"Karros, Kyle",karrk001,2,0,empty,empty,1,field_out,5,0,5
2025-08-22,PIT202508220,COL,"Fulford, Braxton",fulfb001,2,1,empty,empty,1,field_out,5,0,5
2025-08-22,PIT202508220,COL,"Fernandez, Yanquiel",ferny001,2,2,empty,empty,1,field_out,5,0,5
2025-08-22,PIT202508220,COL,"Arcia, Orlando",arcio002,2,0,empty,empty,1,double,6,0,5
2025-08-22,PIT202508220,COL,"Ritter, Ryan",rittr002,2,0,2B,2B,1,strikeout,6,0,5
2025-08-22,PIT202508220,COL,"Freeman, Tyler",freet001,3,1,2B,2B,1,field_out,6,0,5
2025-08-22,PIT202508220,COL,"Moniak, Mickey",monim001,3,2,3B,3B,1,strikeout,6,0,5
2025-08-22,PIT202508220,COL,"Tovar, Ezequiel",tovae001,3,0,empty,empty,1,field_out,7,0,8
2025-08-22,PIT202508220,COL,"Beck, Jordan",beckj003,3,1,empty,empty,1,field_out,7,0,8
2025-08-22,PIT202508220,COL,"Karros, Kyle",karrk001,3,2,empty,empty,1,field_out,7,0,8
2025-08-22,PIT202508220,COL,"Fulford, Braxton",fulfb001,3,0,empty,empty,1,hit_by_pitch,8,0,8
2025-08-22,PIT202508220,COL,"Fernandez, Yanquiel",ferny001,3,0,1B,1B,1,grounded_into_double_play,8,0,8
2025-08-22,PIT202508220,COL,"Arcia, Orlando",arcio002,3,2,empty,empty,1,strikeout,8,0,8
2025-08-22,PIT202508220,COL,"Ritter, Ryan",rittr002,3,0,empty,empty,1,single,9,0,9
2025-08-22,PIT202508220,COL,"Freeman, Tyler",freet001,4,0,1B,1B,1,field_out,9,0,9
2025-08-22,PIT202508220,COL,"Moniak, Mickey",monim001,4,1,1B,1B,1,field_out,9,0,9
2025-08-22,PIT202508220,COL,"Bernabel, Warming",bernw002,1,2,1B,1B,1,field_out,9,0,9
2025-08-23,PIT202508230,COL,"Freeman, Tyler",freet001,1,0,empty,empty,1,field_out,1,0,0
2025-08-23,PIT202508230,COL,"Bernabel, Warming",bernw002,1,1,empty,empty,1,strikeout,1,0,0
2025-08-23,PIT202508230,COL,"Goodman, Hunter",goodh001,1,2,empty,empty,1,strikeout,1,0,0
2025-08-23,PIT202508230,COL,"Beck, Jordan",beckj003,1,0,empty,empty,1,field_out,2,0,0
2025-08-23,PIT202508230,COL,"Tovar, Ezequiel",tovae001,1,1,empty,empty,1,walk,2,0,0
2025-08-23,PIT202508230,COL,"Doyle, Brenton",doylb001,1,1,1B,1B,1,field_out,2,0,0
2025-08-23,PIT202508230,COL,"Karros, Kyle",karrk001,1,2,1B,2B,0,single,2,0,0
2025-08-23,PIT202508230,COL,"Fernandez, Yanquiel",ferny001,1,2,1B+3B,1B+3B,1,field_out,2,0,0
2025-08-23,PIT202508230,COL,"Ritter, Ryan",rittr002,1,0,empty,empty,1,field_out,3,0,2
2025-08-23,PIT202508230,COL,"Freeman, Tyler",freet001,2,1,empty,empty,1,strikeout,3,0,2
2025-08-23,PIT202508230,COL,"Bernabel, Warming",bernw002,2,2,empty,empty,1,field_out,3,0,2
2025-08-23,PIT202508230,COL,"Goodman, Hunter",goodh001,2,0,empty,empty,1,strikeout,4,0,4
2025-08-23,PIT202508230,COL,"Beck, Jordan",beckj003,2,1,empty,empty,1,single,4,0,4
2025-08-23,PIT202508230,COL,"Tovar, Ezequiel",tovae001,2,1,1B,1B,1,field_out,4,0,4
2025-08-23,PIT202508230,COL,"Doyle, Brenton",doylb001,2,2,1B,1B,1,strikeout,4,0,4
2025-08-23,PIT202508230,COL,"Karros, Kyle",karrk001,2,0,empty,empty,1,hit_by_pitch,5,0,4
2025-08-23,PIT202508230,COL,"Fernandez, Yanquiel",ferny001,2,0,1B,1B,1,field_out,5,0,4
2025-08-23,PIT202508230,COL,"Ritter, Ryan",rittr002,2,1,2B,2B,1,strikeout,5,0,4
2025-08-23,PIT202508230,COL,"Freeman, Tyler",freet001,3,2,2B,2B,1,strikeout,5,0,4
2025-08-23,PIT202508230,COL,"Bernabel, Warming",bernw002,3,0,empty,empty,1,strikeout,6,0,5
2025-08-23,PIT202508230,COL,"Goodman, Hunter",goodh001,3,1,empty,empty,1,strikeout,6,0,5
2025-08-23,PIT202508230,COL,"Beck, Jordan",beckj003,3,2,empty,empty,1,strikeout,6,0,5
2025-08-23,PIT202508230,COL,"Tovar, Ezequiel",tovae001,3,0,empty,empty,1,field_out,7,0,5
2025-08-23,PIT202508230,COL,"Doyle, Brenton",doylb001,3,1,empty,empty,1,single,7,0,5
2025-08-23,PIT202508230,COL,"Karros, Kyle",karrk001,3,1,1B,1B,1,field_out,7,0,5
2025-08-23,PIT202508230,COL,"Fernandez, Yanquiel",ferny001,3,2,1B,1B,1,field_out,7,0,5
2025-08-23,PIT202508230,COL,"Ritter, Ryan",rittr002,3,0,empty,empty,1,double,8,0,5
2025-08-23,PIT202508230,COL,"Freeman, Tyler",freet001,4,0,2B,2B,1,field_out,8,0,5
2025-08-23,PIT202508230,COL,"Bernabel, Warming",bernw002,4,1,2B,2B,1,field_out,8,0,5
2025-08-23,PIT202508230,COL,"Goodman, Hunter",goodh001,4,2,2B,2B,1,strikeout,8,0,5
2025-08-23,PIT202508230,COL,"Beck, Jordan",beckj003,4,0,empty,empty,1,strikeout,9,0,5
2025-08-23,PIT202508230,COL,"Tovar, Ezequiel",tovae001,4,1,empty,empty,1,field_out,9,0,5
2025-08-23,PIT202508230,COL,"Doyle, Brenton",doylb001,4,2,empty,empty,1,home_run,9,0,5
2025-08-23,PIT202508230,COL,"Karros, Kyle",karrk001,4,2,empty,empty,1,single,9,1,5
2025-08-23,PIT202508230,COL,"Fernandez, Yanquiel",ferny001,4,2,1B,1B,1,strikeout,9,1,5
2025-08-24,PIT202508240,COL,"Freeman, Tyler",freet001,1,0,empty,empty,1,field_out,1,0,0
2025-08-24,PIT202508240,COL,"Moniak, Mickey",monim001,1,1,empty,empty,1,strikeout,1,0,0
2025-08-24,PIT202508240,COL,"Goodman, Hunter",goodh001,1,2,empty,empty,1,field_out,1,0,0
2025-08-24,PIT202508240,COL,"Beck, Jordan",beckj003,1,0,empty,empty,1,field_out,2,0,0
2025-08-24,PIT202508240,COL,"Doyle, Brenton",doylb001,1,1,empty,empty,1,field_out,2,0,0
2025-08-24,PIT202508240,COL,"Tovar, Ezequiel",tovae001,1,2,empty,empty,1,single,2,0,0
2025-08-24,PIT202508240,COL,"Bernabel, Warming",bernw002,1,2,1B,1B,1,strikeout,2,0,0
2025-08-24,PIT202508240,COL,"Karros, Kyle",karrk001,1,0,empty,empty,1,single,3,0,0
2025-08-24,PIT202508240,COL,"Fulford, Braxton",fulfb001,1,0,1B,1B,1,field_out,3,0,0
2025-08-24,PIT202508240,COL,"Freeman, Tyler",freet001,2,2,2B,empty,0,strikeout,3,0,0
2025-08-24,PIT202508240,COL,"Moniak, Mickey",monim001,2,0,empty,empty,1,field_out,4,0,0
2025-08-24,PIT202508240,COL,"Goodman, Hunter",goodh001,2,1,empty,empty,1,field_out,4,0,0
2025-08-24,PIT202508240,COL,"Beck, Jordan",beckj003,2,2,empty,empty,1,field_out,4,0,0
2025-08-24,PIT202508240,COL,"Doyle, Brenton",doylb001,2,0,empty,empty,1,field_error,5,0,4
2025-08-24,PIT202508240,COL,"Tovar, Ezequiel",tovae001,2,0,1B,1B,1,field_out,5,0,4
2025-08-24,PIT202508240,COL,"Bernabel, Warming",bernw002,2,1,1B,1B,1,field_out,5,0,4
2025-08-24,PIT202508240,COL,"Karros, Kyle",karrk001,2,2,1B,1B,1,field_out,5,0,4
2025-08-24,PIT202508240,COL,"Fulford, Braxton",fulfb001,2,0,empty,empty,1,strikeout,6,0,4
2025-08-24,PIT202508240,COL,"Freeman, Tyler",freet001,3,1,empty,empty,1,field_out,6,0,4
2025-08-24,PIT202508240,COL,"Moniak, Mickey",monim001,3,2,empty,empty,1,field_out,6,0,4
2025-08-24,PIT202508240,COL,"Goodman, Hunter",goodh001,3,0,empty,empty,1,strikeout,7,0,4
2025-08-24,PIT202508240,COL,"Beck, Jordan",beckj003,3,1,empty,empty,1,strikeout,7,0,4
2025-08-24,PIT202508240,COL,"Doyle, Brenton",doylb001,3,2,empty,empty,1,double,7,0,4
2025-08-24,PIT202508240,COL,"Tovar, Ezequiel",tovae001,3,2,2B,2B,1,strikeout,7,0,4
2025-08-24,PIT202508240,COL,"Bernabel, Warming",bernw002,3,0,empty,empty,1,field_out,8,0,4
2025-08-24,PIT202508240,COL,"Karros, Kyle",karrk001,3,1,empty,empty,1,strikeout,8,0,4
2025-08-24,PIT202508240,COL,"Fulford, Braxton",fulfb001,3,2,empty,empty,1,field_out,8,0,4
2025-08-24,PIT202508240,COL,"Freeman, Tyler",freet001,4,0,empty,empty,1,strikeout,9,0,4
2025-08-24,PIT202508240,COL,"Moniak, Mickey",monim001,4,1,empty,empty,1,field_out,9,0,4
2025-08-24,PIT202508240,COL,"Goodman, Hunter",goodh001,4,2,empty,empty,1,double,9,0,4
2025-08-24,PIT202508240,COL,"Beck, Jordan",beckj003,4,2,2B,2B,1,walk,9,0,4
2025-08-24,PIT202508240,COL,"Doyle, Brenton",doylb001,4,2,1B+2B,1B+2B,1,field_out,9,0,4
2025-08-26,HOU202508260,COL,"Freeman, Tyler",freet001,1,0,empty,empty,1,strikeout,1,0,0
2025-08-26,HOU202508260,COL,"Moniak, Mickey",monim001,1,1,empty,empty,1,field_out,1,0,0
2025-08-26,HOU202508260,COL,"Goodman, Hunter",goodh001,1,2,empty,empty,1,strikeout,1,0,0
2025-08-26,HOU202508260,COL,"Beck, Jordan",beckj003,1,0,empty,empty,1,strikeout,2,0,0
2025-08-26,HOU202508260,COL,"Doyle, Brenton",doylb001,1,1,empty,empty,1,field_out,2,0,0
2025-08-26,HOU202508260,COL,"Tovar, Ezequiel",tovae001,1,2,empty,empty,1,field_out,2,0,0
2025-08-26,HOU202508260,COL,"Bernabel, Warming",bernw002,1,0,empty,empty,1,strikeout,3,0,1
2025-08-26,HOU202508260,COL,"Karros, Kyle",karrk001,1,1,empty,empty,1,single,3,0,1
2025-08-26,HOU202508260,COL,"Ritter, Ryan",rittr002,1,1,1B,1B,1,fielders_choice,3,0,1
2025-08-26,HOU202508260,COL,"Freeman, Tyler",freet001,2,1,1B+3B,1B+3B,1,field_out,3,0,1
2025-08-26,HOU202508260,COL,"Moniak, Mickey",monim001,2,2,2B,2B,1,single,3,1,1
2025-08-26,HOU202508260,COL,"Goodman, Hunter",goodh001,2,2,1B,2B,0,home_run,3,2,1
2025-08-26,HOU202508260,COL,"Beck, Jordan",beckj003,2,2,empty,empty,1,strikeout,3,4,1
2025-08-26,HOU202508260,COL,"Doyle, Brenton",doylb001,2,0,empty,empty,1,field_out,4,4,1
2025-08-26,HOU202508260,COL,"Tovar, Ezequiel",tovae001,2,1,empty,empty,1,field_out,4,4,1
2025-08-26,HOU202508260,COL,"Bernabel, Warming",bernw002,2,2,empty,empty,1,strikeout,4,4,1
2025-08-26,HOU202508260,COL,"Karros, Kyle",karrk001,2,0,empty,empty,1,single,5,4,1
2025-08-26,HOU202508260,COL,"Ritter, Ryan",rittr002,2,0,1B,1B,1,hit_by_pitch,5,4,1
2025-08-26,HOU202508260,COL,"Freeman, Tyler",freet001,3,0,1B+2B,1B+2B,1,sac_bunt,5,4,1
2025-08-26,HOU202508260,COL,"Moniak, Mickey",monim001,3,1,2B+3B,2B+3B,1,double,5,4,1
2025-08-26,HOU202508260,COL,"Goodman, Hunter",goodh001,3,1,2B,2B,1,field_out,5,6,1
2025-08-26,HOU202508260,COL,"Beck, Jordan",beckj003,3,2,3B,3B,1,strikeout,5,6,1
2025-08-26,HOU202508260,COL,"Doyle, Brenton",doylb001,3,0,empty,empty,1,field_out,6,6,1
2025-08-26,HOU202508260,COL,"Tovar, Ezequiel",tovae001,3,1,empty,empty,1,field_out,6,6,1
2025-08-26,HOU202508260,COL,"Bernabel, Warming",bernw002,3,2,empty,empty,1,field_out,6,6,1
2025-08-26,HOU202508260,COL,"Karros, Kyle",karrk001,3,0,empty,empty,1,field_out,7,6,1
2025-08-26,HOU202508260,COL,"Ritter, Ryan",rittr002,3,1,empty,empty,1,field_out,7,6,1
2025-08-26,HOU202508260,COL,"Freeman, Tyler",freet001,4,2,empty,empty,1,single,7,6,1
2025-08-26,HOU202508260,COL,"Moniak, Mickey",monim001,4,0,1B,empty,0,field_out,8,6,1
2025-08-26,HOU202508260,COL,"Goodman, Hunter",goodh001,4,1,empty,empty,1,strikeout,8,6,1
2025-08-26,HOU202508260,COL,"Beck, Jordan",beckj003,4,2,empty,empty,1,field_out,8,6,1
2025-08-26,HOU202508260,COL,"Doyle, Brenton",doylb001,4,0,empty,empty,1,strikeout,9,6,1
2025-08-26,HOU202508260,COL,"Tovar, Ezequiel",tovae001,4,1,empty,empty,1,walk,9,6,1
2025-08-26,HOU202508260,COL,"Bernabel, Warming",bernw002,4,1,1B,1B,1,strikeout,9,6,1
2025-08-26,HOU202508260,COL,"Karros, Kyle",karrk001,4,2,1B,1B,1,strikeout,9,6,1
2025-08-27,HOU202508270,COL,"Freeman, Tyler",freet001,1,0,empty,empty,1,field_out,1,0,0
2025-08-27,HOU202508270,COL,"Doyle, Brenton",doylb001,1,1,empty,empty,1,field_out,1,0,0
2025-08-27,HOU202508270,COL,"Goodman, Hunter",goodh001,1,2,empty,empty,1,field_out,1,0,0
2025-08-27,HOU202508270,COL,"Beck, Jordan",beckj003,1,0,empty,empty,1,strikeout,2,0,1
2025-08-27,HOU202508270,COL,"Bernabel, Warming",bernw002,1,1,empty,empty,1,field_out,2,0,1
2025-08-27,HOU202508270,COL,"Tovar, Ezequiel",tovae001,1,2,empty,empty,1,walk,2,0,1
2025-08-27,HOU202508270,COL,"Karros, Kyle",karrk001,1,2,1B,1B,1,strikeout,2,0,1
2025-08-27,HOU202508270,COL,"Farmer, Kyle",farmk001,1,0,empty,empty,1,field_out,3,0,1
2025-08-27,HOU202508270,COL,"Arcia, Orlando",arcio002,1,1,empty,empty,1,field_out,3,0,1
2025-08-27,HOU202508270,COL,"Freeman, Tyler",freet001,2,2,empty,empty,1,field_out,3,0,1
2025-08-27,HOU202508270,COL,"Doyle, Brenton",doylb001,2,0,empty,empty,1,single,4,0,1
2025-08-27,HOU202508270,COL,"Goodman, Hunter",goodh001,2,0,1B,1B,1,strikeout,4,0,1
2025-08-27,HOU202508270,COL,"Beck, Jordan",beckj003,2,1,1B,2B,0,strikeout,4,0,1
2025-08-27,HOU202508270,COL,"Bernabel, Warming",bernw002,2,2,2B,2B,1,field_out,4,0,1
2025-08-27,HOU202508270,COL,"Tovar, Ezequiel",tovae001,2,0,empty,empty,1,field_out,5,0,1
2025-08-27,HOU202508270,COL,"Karros, Kyle",karrk001,2,1,empty,empty,1,field_out,5,0,1
2025-08-27,HOU202508270,COL,"Farmer, Kyle",farmk001,2,2,empty,empty,1,single,5,0,1
2025-08-27,HOU202508270,COL,"Arcia, Orlando",arcio002,2,2,1B,1B,1,field_out,5,0,1
2025-08-27,HOU202508270,COL,"Freeman, Tyler",freet001,3,0,empty,empty,1,single,6,0,1
2025-08-27,HOU202508270,COL,"Doyle, Brenton",doylb001,3,0,1B,1B,1,grounded_into_double_play,6,0,1
2025-08-27,HOU202508270,COL,"Goodman, Hunter",goodh001,3,2,empty,empty,1,strikeout,6,0,1
2025-08-27,HOU202508270,COL,"Beck, Jordan",beckj003,3,0,empty,empty,1,walk,7,0,1
2025-08-27,HOU202508270,COL,"Bernabel, Warming",bernw002,3,0,1B,1B,1,field_out,7,0,1
2025-08-27,HOU202508270,COL,"Tovar, Ezequiel",tovae001,3,1,1B,2B,0,field_out,7,0,1
2025-08-27,HOU202508270,COL,"Karros, Kyle",karrk001,3,2,3B,3B,1,field_out,7,0,1
2025-08-27,HOU202508270,COL,"Farmer, Kyle",farmk001,3,0,empty,empty,1,strikeout,8,0,2
2025-08-27,HOU202508270,COL,"Arcia, Orlando",arcio002,3,1,empty,empty,1,field_out,8,0,2
2025-08-27,HOU202508270,COL,"Freeman, Tyler",freet001,4,2,empty,empty,1,single,8,0,2
2025-08-27,HOU202508270,COL,"Doyle, Brenton",doylb001,4,2,1B,1B,1,strikeout,8,0,2
2025-08-27,HOU202508270,COL,"Fulford, Braxton",fulfb001,1,0,empty,empty,1,field_out,9,0,4
2025-08-27,HOU202508270,COL,"Beck, Jordan",beckj003,4,1,empty,empty,1,strikeout,9,0,4
2025-08-27,HOU202508270,COL,"Bernabel, Warming",bernw002,4,2,empty,empty,1,strikeout,9,0,4
2025-08-28,HOU202508280,COL,"Freeman, Tyler",freet001,1,0,empty,empty,1,strikeout,1,0,0
2025-08-28,HOU202508280,COL,"Moniak, Mickey",monim001,1,1,empty,empty,1,strikeout,1,0,0
2025-08-28,HOU202508280,COL,"Karros, Kyle",karrk001,1,2,empty,empty,1,field_out,1,0,0
2025-08-28,HOU202508280,COL,"Beck, Jordan",beckj003,1,0,empty,empty,1,strikeout,2,0,2
2025-08-28,HOU202508280,COL,"Doyle, Brenton",doylb001,1,1,empty,empty,1,strikeout,2,0,2
2025-08-28,HOU202508280,COL,"Tovar, Ezequiel",tovae001,1,2,empty,empty,1,strikeout,2,0,2
2025-08-28,HOU202508280,COL,"Bernabel, Warming",bernw002,1,0,empty,empty,1,field_out,3,0,3
2025-08-28,HOU202508280,COL,"Fulford, Braxton",fulfb001,1,1,empty,empty,1,single,3,0,3
2025-08-28,HOU202508280,COL,"Fernandez, Yanquiel",ferny001,1,1,1B,1B,1,single,3,0,3
2025-08-28,HOU202508280,COL,"Freeman, Tyler",freet001,2,1,1B+3B,1B+3B,1,hit_by_pitch,3,0,3
2025-08-28,HOU202508280,COL,"Moniak, Mickey",monim001,2,1,1B+2B+3B,1B+2B+3B,1,field_out,3,0,3
2025-08-28,HOU202508280,COL,"Karros, Kyle",karrk001,2,2,1B+3B,1B+3B,1,strikeout,3,1,3
2025-08-28,HOU202508280,COL,"Beck, Jordan",beckj003,2,0,empty,empty,1,field_out,4,1,3
2025-08-28,HOU202508280,COL,"Doyle, Brenton",doylb001,2,1,empty,empty,1,strikeout,4,1,3
2025-08-28,HOU202508280,COL,"Tovar, Ezequiel",tovae001,2,2,empty,empty,1,home_run,4,1,3
2025-08-28,HOU202508280,COL,"Bernabel, Warming",bernw002,2,2,empty,empty,1,field_out,4,2,3
2025-08-28,HOU202508280,COL,"Fulford, Braxton",fulfb001,2,0,empty,empty,1,field_out,5,2,3
2025-08-28,HOU202508280,COL,"Fernandez, Yanquiel",ferny001,2,1,empty,empty,1,home_run,5,2,3
2025-08-28,HOU202508280,COL,"Freeman, Tyler",freet001,3,1,empty,empty,1,single,5,3,3
2025-08-28,HOU202508280,COL,"Moniak, Mickey",monim001,3,1,1B,1B,1,strikeout,5,3,3
2025-08-28,HOU202508280,COL,"Karros, Kyle",karrk001,3,2,2B,2B,1,single,5,3,3
2025-08-28,HOU202508280,COL,"Beck, Jordan",beckj003,3,0,empty,empty,1,single,6,3,3
2025-08-28,HOU202508280,COL,"Doyle, Brenton",doylb001,3,0,1B,1B,1,field_out,6,3,3
2025-08-28,HOU202508280,COL,"Tovar, Ezequiel",tovae001,3,1,1B,1B,1,field_out,6,3,3
2025-08-28,HOU202508280,COL,"Bernabel, Warming",bernw002,3,2,1B,3B,0,walk,6,3,3
2025-08-28,HOU202508280,COL,"Fulford, Braxton",fulfb001,3,2,1B+3B,1B+3B,1,field_out,6,3,3
2025-08-28,HOU202508280,COL,"Farmer, Kyle",farmk001,1,0,empty,empty,1,walk,7,3,3
2025-08-28,HOU202508280,COL,"Freeman, Tyler",freet001,4,0,1B,1B,1,walk,7,3,3
2025-08-28,HOU202508280,COL,"Moniak, Mickey",monim001,4,0,1B+2B,1B+2B,1,field_out,7,3,3
2025-08-28,HOU202508280,COL,"Karros, Kyle",karrk001,4,1,1B+2B,1B+2B,1,strikeout,7,3,3
2025-08-28,HOU202508280,COL,"Beck, Jordan",beckj003,4,2,1B+2B,1B+2B,1,catcher_interf,7,3,3
2025-08-28,HOU202508280,COL,"Doyle, Brenton",doylb001,4,2,1B+2B+3B,1B+2B+3B,1,strikeout,7,3,3
2025-08-28,HOU202508280,COL,"Tovar, Ezequiel",tovae001,4,0,empty,empty,1,strikeout,8,3,3
2025-08-28,HOU202508280,COL,"Bernabel, Warming",bernw002,4,1,empty,empty,1,field_out,8,3,3
2025-08-28,HOU202508280,COL,"Fulford, Braxton",fulfb001,4,2,empty,empty,1,walk,8,3,3
2025-08-28,HOU202508280,COL,"Goodman, Hunter",goodh001,1,2,1B,1B,1,field_out,8,3,3
2025-08-28,HOU202508280,COL,"Freeman, Tyler",freet001,5,0,empty,empty,1,strikeout,9,3,4
2025-08-28,HOU202508280,COL,"Moniak, Mickey",monim001,5,1,empty,empty,1,single,9,3,4
2025-08-28,HOU202508280,COL,"Karros, Kyle",karrk001,5,1,1B,1B,1,field_out,9,3,4
2025-08-28,HOU202508280,COL,"Beck, Jordan",beckj003,5,2,1B,1B,1,strikeout,9,3,4
2025-08-29,COL202508290,COL,"Moniak, Mickey",monim001,1,0,empty,empty,1,double,1,0,0
2025-08-29,COL202508290,COL,"Tovar, Ezequiel",tovae001,1,0,2B,2B,1,strikeout,1,0,0
2025-08-29,COL202508290,COL,"Goodman, Hunter",goodh001,1,1,2B,2B,1,field_out,1,0,0
2025-08-29,COL202508290,COL,"Beck, Jordan",beckj003,1,2,2B,2B,1,field_out,1,0,0
2025-08-29,COL202508290,COL,"Doyle, Brenton",doylb001,1,0,empty,empty,1,double,2,0,2
2025-08-29,COL202508290,COL,"Karros, Kyle",karrk001,1,0,2B,2B,1,field_out,2,0,2
2025-08-29,COL202508290,COL,"Bernabel, Warming",bernw002,1,1,2B,2B,1,field_out,2,0,2
2025-08-29,COL202508290,COL,"Fernandez, Yanquiel",ferny001,1,2,2B,2B,1,field_out,2,0,2
2025-08-29,COL202508290,COL,"Arcia, Orlando",arcio002,1,0,empty,empty,1,field_out,3,0,2
2025-08-29,COL202508290,COL,"Moniak, Mickey",monim001,2,1,empty,empty,1,double,3,0,2
2025-08-29,COL202508290,COL,"Tovar, Ezequiel",tovae001,2,1,2B,2B,1,walk,3,0,2
2025-08-29,COL202508290,COL,"Goodman, Hunter",goodh001,2,1,1B+2B,1B+2B,1,strikeout,3,0,2
2025-08-29,COL202508290,COL,"Beck, Jordan",beckj003,2,2,1B+2B,1B+2B,1,field_out,3,0,2
2025-08-29,COL202508290,COL,"Doyle, Brenton",doylb001,2,0,empty,empty,1,walk,4,0,3
2025-08-29,COL202508290,COL,"Karros, Kyle",karrk001,2,0,1B,1B,1,field_out,4,0,3
2025-08-29,COL202508290,COL,"Bernabel, Warming",bernw002,2,1,1B,1B,1,field_out,4,0,3
2025-08-29,COL202508290,COL,"Fernandez, Yanquiel",ferny001,2,2,1B,1B,1,home_run,4,0,3
2025-08-29,COL202508290,COL,"Arcia, Orlando",arcio002,2,2,empty,empty,1,field_out,4,2,3
2025-08-29,COL202508290,COL,"Moniak, Mickey",monim001,3,0,empty,empty,1,field_out,5,2,9
2025-08-29,COL202508290,COL,"Tovar, Ezequiel",tovae001,3,1,empty,empty,1,strikeout,5,2,9
2025-08-29,COL202508290,COL,"Goodman, Hunter",goodh001,3,2,empty,empty,1,single,5,2,9
2025-08-29,COL202508290,COL,"Beck, Jordan",beckj003,3,2,1B,1B,1,single,5,2,9
2025-08-29,COL202508290,COL,"Doyle, Brenton",doylb001,3,2,1B+2B,2B+3B,0,strikeout,5,2,9
2025-08-29,COL202508290,COL,"Karros, Kyle",karrk001,3,0,empty,empty,1,field_error,6,2,9
2025-08-29,COL202508290,COL,"Bernabel, Warming",bernw002,3,0,1B,1B,1,strikeout,6,2,9
2025-08-29,COL202508290,COL,"Fernandez, Yanquiel",ferny001,3,1,1B,1B,1,strikeout,6,2,9
2025-08-29,COL202508290,COL,"Arcia, Orlando",arcio002,3,2,1B,1B,1,double,6,2,9
2025-08-29,COL202508290,COL,"Moniak, Mickey",monim001,4,2,2B,3B,0,strikeout,6,3,9
2025-08-29,COL202508290,COL,"Tovar, Ezequiel",tovae001,4,0,empty,empty,1,single,7,3,11
2025-08-29,COL202508290,COL,"Goodman, Hunter",goodh001,4,0,1B,1B,1,single,7,3,11
2025-08-29,COL202508290,COL,"Beck, Jordan",beckj003,4,0,1B+2B,1B+2B,1,strikeout,7,3,11
2025-08-29,COL202508290,COL,"Doyle, Brenton",doylb001,4,1,1B+2B,1B+2B,1,double,7,3,11
2025-08-29,COL202508290,COL,"Karros, Kyle",karrk001,4,1,2B+3B,2B+3B,1,sac_fly,7,4,11
2025-08-29,COL202508290,COL,"Bernabel, Warming",bernw002,4,2,3B,3B,1,strikeout,7,5,11
2025-08-29,COL202508290,COL,"Fernandez, Yanquiel",ferny001,4,0,empty,empty,1,double,8,5,11
2025-08-29,COL202508290,COL,"Arcia, Orlando",arcio002,4,0,2B,2B,1,field_out,8,5,11
2025-08-29,COL202508290,COL,"Freeman, Tyler",freet001,1,1,2B,2B,1,field_out,8,5,11
2025-08-29,COL202508290,COL,"Farmer, Kyle",farmk001,1,2,2B,2B,1,home_run,8,5,11
2025-08-29,COL202508290,COL,"Goodman, Hunter",goodh001,5,2,empty,empty,1,single,8,7,11
2025-08-29,COL202508290,COL,"Beck, Jordan",beckj003,5,2,1B,1B,1,strikeout,8,7,11
2025-08-29,COL202508290,COL,"Doyle, Brenton",doylb001,5,0,empty,empty,1,walk,9,7,11
2025-08-29,COL202508290,COL,"Karros, Kyle",karrk001,5,0,1B,1B,1,single,9,7,11
2025-08-29,COL202508290,COL,"Bernabel, Warming",bernw002,5,0,1B+2B,1B+2B,1,grounded_into_double_play,9,7,11
2025-08-29,COL202508290,COL,"Fernandez, Yanquiel",ferny001,5,2,2B,2B,1,field_out,9,7,11
2025-08-30,COL202508300,COL,"Freeman, Tyler",freet001,1,0,empty,empty,1,field_out,1,0,1
2025-08-30,COL202508300,COL,"Moniak, Mickey",monim001,1,1,empty,empty,1,field_out,1,0,1
2025-08-30,COL202508300,COL,"Goodman, Hunter",goodh001,1,2,empty,empty,1,single,1,0,1
2025-08-30,COL202508300,COL,"Doyle, Brenton",doylb001,1,2,1B,1B,1,walk,1,0,1
2025-08-30,COL202508300,COL,"Tovar, Ezequiel",tovae001,1,2,1B+2B,1B+2B,1,field_out,1,0,1
2025-08-30,COL202508300,COL,"Karros, Kyle",karrk001,1,0,empty,empty,1,field_out,2,0,1
2025-08-30,COL202508300,COL,"Bernabel, Warming",bernw002,1,1,empty,empty,1,single,2,0,1
2025-08-30,COL202508300,COL,"Fernandez, Yanquiel",ferny001,1,1,1B,1B,1,single,2,0,1
2025-08-30,COL202508300,COL,"Ritter, Ryan",rittr002,1,2,empty,empty,1,field_out,2,1,1
2025-08-30,COL202508300,COL,"Freeman, Tyler",freet001,2,0,empty,empty,1,field_out,3,1,1
2025-08-30,COL202508300,COL,"Moniak, Mickey",monim001,2,1,empty,empty,1,field_out,3,1,1
2025-08-30,COL202508300,COL,"Goodman, Hunter",goodh001,2,2,empty,empty,1,field_out,3,1,1
2025-08-30,COL202508300,COL,"Doyle, Brenton",doylb001,2,0,empty,empty,1,field_out,4,1,1
2025-08-30,COL202508300,COL,"Tovar, Ezequiel",tovae001,2,1,empty,empty,1,single,4,1,1
2025-08-30,COL202508300,COL,"Karros, Kyle",karrk001,2,1,1B,1B,1,grounded_into_double_play,4,1,1
2025-08-30,COL202508300,COL,"Arcia, Orlando",arcio002,1,0,empty,empty,1,walk,5,1,3
2025-08-30,COL202508300,COL,"Fernandez, Yanquiel",ferny001,2,0,1B,1B,1,grounded_into_double_play,5,1,3
2025-08-30,COL202508300,COL,"Ritter, Ryan",rittr002,2,2,empty,empty,1,strikeout,5,1,3
2025-08-30,COL202508300,COL,"Freeman, Tyler",freet001,3,0,empty,empty,1,single,6,1,4
2025-08-30,COL202508300,COL,"Moniak, Mickey",monim001,3,0,1B,1B,1,triple,6,1,4
2025-08-30,COL202508300,COL,"Goodman, Hunter",goodh001,3,0,3B,3B,1,sac_fly,6,2,4
2025-08-30,COL202508300,COL,"Doyle, Brenton",doylb001,3,1,empty,empty,1,field_out,6,3,4
2025-08-30,COL202508300,COL,"Tovar, Ezequiel",tovae001,3,2,empty,empty,1,single,6,3,4
2025-08-30,COL202508300,COL,"Karros, Kyle",karrk001,3,2,1B,1B,1,field_out,6,3,4
2025-08-30,COL202508300,COL,"Arcia, Orlando",arcio002,2,0,empty,empty,1,field_out,7,3,4
2025-08-30,COL202508300,COL,"Fernandez, Yanquiel",ferny001,3,1,empty,empty,1,field_out,7,3,4
2025-08-30,COL202508300,COL,"Ritter, Ryan",rittr002,3,2,empty,empty,1,strikeout,7,3,4
2025-08-30,COL202508300,COL,"Freeman, Tyler",freet001,4,0,empty,empty,1,field_out,8,3,4
2025-08-30,COL202508300,COL,"Moniak, Mickey",monim001,4,1,empty,empty,1,field_out,8,3,4
2025-08-30,COL202508300,COL,"Goodman, Hunter",goodh001,4,2,empty,empty,1,field_out,8,3,4
2025-08-30,COL202508300,COL,"Doyle, Brenton",doylb001,4,0,empty,empty,1,strikeout,9,3,4
2025-08-30,COL202508300,COL,"Tovar, Ezequiel",tovae001,4,1,empty,empty,1,field_out,9,3,4
2025-08-30,COL202508300,COL,"Karros, Kyle",karrk001,4,2,empty,empty,1,strikeout,9,3,4
2025-08-31,COL202508310,COL,"Freeman, Tyler",freet001,1,0,empty,empty,1,field_out,1,0,0
2025-08-31,COL202508310,COL,"Tovar, Ezequiel",tovae001,1,1,empty,empty,1,field_out,1,0,0
2025-08-31,COL202508310,COL,"Doyle, Brenton",doylb001,1,2,empty,empty,1,strikeout,1,0,0
2025-08-31,COL202508310,COL,"Beck, Jordan",beckj003,1,0,empty,empty,1,field_out,2,0,0
2025-08-31,COL202508310,COL,"Karros, Kyle",karrk001,1,1,empty,empty,1,strikeout,2,0,0
2025-08-31,COL202508310,COL,"Farmer, Kyle",farmk001,1,2,empty,empty,1,strikeout,2,0,0
2025-08-31,COL202508310,COL,"Fulford, Braxton",fulfb001,1,0,empty,empty,1,double,3,0,2
2025-08-31,COL202508310,COL,"Arcia, Orlando",arcio002,1,0,2B,2B,1,single,3,0,2
2025-08-31,COL202508310,COL,"Ritter, Ryan",rittr002,1,0,1B+3B,1B+3B,1,strikeout,3,0,2
2025-08-31,COL202508310,COL,"Freeman, Tyler",freet001,2,1,1B+3B,1B+3B,1,single,3,0,2
2025-08-31,COL202508310,COL,"Tovar, Ezequiel",tovae001,2,1,1B+2B,1B+2B,1,field_out,3,1,2
2025-08-31,COL202508310,COL,"Doyle, Brenton",doylb001,2,2,1B+2B,1B+2B,1,single,3,1,2
2025-08-31,COL202508310,COL,"Beck, Jordan",beckj003,2,0,empty,empty,1,field_out,4,2,2
2025-08-31,COL202508310,COL,"Karros, Kyle",karrk001,2,1,empty,empty,1,field_out,4,2,2
2025-08-31,COL202508310,COL,"Farmer, Kyle",farmk001,2,2,empty,empty,1,walk,4,2,2
2025-08-31,COL202508310,COL,"Fulford, Braxton",fulfb001,2,2,1B,1B,1,triple,4,2,2
2025-08-31,COL202508310,COL,"Arcia, Orlando",arcio002,2,2,3B,3B,1,single,4,3,2
2025-08-31,COL202508310,COL,"Ritter, Ryan",rittr002,2,2,1B,1B,1,hit_by_pitch,4,4,2
2025-08-31,COL202508310,COL,"Freeman, Tyler",freet001,3,2,1B+2B,1B+2B,1,field_out,4,4,2
2025-08-31,COL202508310,COL,"Tovar, Ezequiel",tovae001,3,0,empty,empty,1,field_out,5,4,2
2025-08-31,COL202508310,COL,"Doyle, Brenton",doylb001,3,1,empty,empty,1,field_out,5,4,2
2025-08-31,COL202508310,COL,"Beck, Jordan",beckj003,3,2,empty,empty,1,strikeout,5,4,2
2025-08-31,COL202508310,COL,"Karros, Kyle",karrk001,3,0,empty,empty,1,field_out,6,4,2
2025-08-31,COL202508310,COL,"Farmer, Kyle",farmk001,3,1,empty,empty,1,field_out,6,4,2
2025-08-31,COL202508310,COL,"Fulford, Braxton",fulfb001,3,2,empty,empty,1,field_out,6,4,2
2025-08-31,COL202508310,COL,"Arcia, Orlando",arcio002,3,0,empty,empty,1,single,7,4,2
2025-08-31,COL202508310,COL,"Ritter, Ryan",rittr002,3,0,1B,1B,1,double,7,4,2
2025-08-31,COL202508310,COL,"Freeman, Tyler",freet001,4,0,2B+3B,2B+3B,1,walk,7,4,2
2025-08-31,COL202508310,COL,"Tovar, Ezequiel",tovae001,4,0,1B+2B+3B,1B+2B+3B,1,strikeout,7,4,2
2025-08-31,COL202508310,COL,"Doyle, Brenton",doylb001,4,1,1B+2B+3B,1B+2B+3B,1,sac_fly,7,4,2
2025-08-31,COL202508310,COL,"Beck, Jordan",beckj003,4,2,1B+2B,2B+3B,0,walk,7,5,2
2025-08-31,COL202508310,COL,"Karros, Kyle",karrk001,4,2,1B+2B+3B,1B+2B+3B,1,strikeout,7,5,2
2025-08-31,COL202508310,COL,"Farmer, Kyle",farmk001,4,0,empty,empty,1,single,8,5,5
2025-08-31,COL202508310,COL,"Fulford, Braxton",fulfb001,4,0,1B,1B,1,grounded_into_double_play,8,5,5
2025-08-31,COL202508310,COL,"Arcia, Orlando",arcio002,4,2,empty,empty,1,field_out,8,5,5
2025-08-31,COL202508310,COL,"Ritter, Ryan",rittr002,4,0,empty,empty,1,single,9,5,5
2025-08-31,COL202508310,COL,"Moniak, Mickey",monim001,1,0,1B,1B,1,triple,9,5,5
2025-09-01,COL202509010,COL,"Freeman, Tyler",freet001,1,0,empty,empty,1,field_out,1,0,1
2025-09-01,COL202509010,COL,"Moniak, Mickey",monim001,1,1,empty,empty,1,field_out,1,0,1
2025-09-01,COL202509010,COL,"Goodman, Hunter",goodh001,1,2,empty,empty,1,field_out,1,0,1
2025-09-01,COL202509010,COL,"Beck, Jordan",beckj003,1,0,empty,empty,1,double,2,0,1
2025-09-01,COL202509010,COL,"Doyle, Brenton",doylb001,1,0,2B,2B,1,strikeout,2,0,1
2025-09-01,COL202509010,COL,"Tovar, Ezequiel",tovae001,1,1,2B,2B,1,single,2,0,1
2025-09-01,COL202509010,COL,"Karros, Kyle",karrk001,1,1,1B+3B,1B+3B,1,strikeout,2,0,1
2025-09-01,COL202509010,COL,"Fernandez, Yanquiel",ferny001,1,2,1B+3B,1B+3B,1,strikeout,2,0,1
2025-09-01,COL202509010,COL,"Arcia, Orlando",arcio002,1,0,empty,empty,1,strikeout,3,0,3
2025-09-01,COL202509010,COL,"Freeman, Tyler",freet001,2,1,empty,empty,1,single,3,0,3
2025-09-01,COL202509010,COL,"Moniak, Mickey",monim001,2,1,1B,1B,1,single,3,0,3
2025-09-01,COL202509010,COL,"Goodman, Hunter",goodh001,2,1,1B+2B,1B+2B,1,strikeout,3,0,3
2025-09-01,COL202509010,COL,"Beck, Jordan",beckj003,2,2,1B+2B,1B+2B,1,strikeout,3,0,3
2025-09-01,COL202509010,COL,"Doyle, Brenton",doylb001,2,0,empty,empty,1,single,4,0,3
2025-09-01,COL202509010,COL,"Tovar, Ezequiel",tovae001,2,0,1B,1B,1,field_out,4,0,3
2025-09-01,COL202509010,COL,"Karros, Kyle",karrk001,2,1,1B,1B,1,field_out,4,0,3
2025-09-01,COL202509010,COL,"Fernandez, Yanquiel",ferny001,2,2,1B,1B,1,single,4,0,3
2025-09-01,COL202509010,COL,"Arcia, Orlando",arcio002,2,2,1B+2B,1B+2B,1,strikeout,4,0,3
2025-09-01,COL202509010,COL,"Freeman, Tyler",freet001,3,0,empty,empty,1,single,5,0,6
2025-09-01,COL202509010,COL,"Moniak, Mickey",monim001,3,0,1B,1B,1,grounded_into_double_play,5,0,6
2025-09-01,COL202509010,COL,"Goodman, Hunter",goodh001,3,2,empty,empty,1,strikeout,5,0,6
2025-09-01,COL202509010,COL,"Beck, Jordan",beckj003,3,0,empty,empty,1,field_out,6,0,6
2025-09-01,COL202509010,COL,"Doyle, Brenton",doylb001,3,1,empty,empty,1,single,6,0,6
2025-09-01,COL202509010,COL,"Tovar, Ezequiel",tovae001,3,1,1B,1B,1,double,6,0,6
2025-09-01,COL202509010,COL,"Karros, Kyle",karrk001,3,1,2B+3B,2B+3B,1,field_out,6,0,6
2025-09-01,COL202509010,COL,"Fernandez, Yanquiel",ferny001,3,2,3B,3B,1,double,6,1,6
2025-09-01,COL202509010,COL,"Arcia, Orlando",arcio002,3,2,2B,2B,1,field_out,6,2,6
2025-09-01,COL202509010,COL,"Freeman, Tyler",freet001,4,0,empty,empty,1,single,7,2,8
2025-09-01,COL202509010,COL,"Moniak, Mickey",monim001,4,0,1B,1B,1,grounded_into_double_play,7,2,8
2025-09-01,COL202509010,COL,"Goodman, Hunter",goodh001,4,2,empty,empty,1,strikeout,7,2,8
2025-09-01,COL202509010,COL,"Beck, Jordan",beckj003,4,0,empty,empty,1,single,8,2,8
2025-09-01,COL202509010,COL,"Doyle, Brenton",doylb001,4,0,1B,1B,1,single,8,2,8
2025-09-01,COL202509010,COL,"Tovar, Ezequiel",tovae001,4,0,1B+2B,1B+2B,1,field_out,8,2,8
2025-09-01,COL202509010,COL,"Karros, Kyle",karrk001,4,1,1B+2B,1B+2B,1,grounded_into_double_play,8,2,8
2025-09-01,COL202509010,COL,"Fernandez, Yanquiel",ferny001,4,0,empty,empty,1,strikeout,9,2,8
2025-09-01,COL202509010,COL,"Arcia, Orlando",arcio002,4,1,empty,empty,1,field_out,9,2,8
2025-09-01,COL202509010,COL,"Freeman, Tyler",freet001,5,2,empty,empty,1,field_out,9,2,8
2025-09-02,COL202509020,COL,"Freeman, Tyler",freet001,1,0,empty,empty,1,field_out,1,0,2
2025-09-02,COL202509020,COL,"Moniak, Mickey",monim001,1,1,empty,empty,1,strikeout,1,0,2
2025-09-02,COL202509020,COL,"Goodman, Hunter",goodh001,1,2,empty,empty,1,field_out,1,0,2
2025-09-02,COL202509020,COL,"Doyle, Brenton",doylb001,1,0,empty,empty,1,strikeout,2,0,2
2025-09-02,COL202509020,COL,"Tovar, Ezequiel",tovae001,1,1,empty,empty,1,single,2,0,2
2025-09-02,COL202509020,COL,"Karros, Kyle",karrk001,1,1,1B,1B,1,walk,2,0,2
2025-09-02,COL202509020,COL,"Fernandez, Yanquiel",ferny001,1,1,1B+2B,1B+2B,1,strikeout,2,0,2
2025-09-02,COL202509020,COL,"Farmer, Kyle",farmk001,1,2,1B+2B,1B+2B,1,field_out,2,0,2
2025-09-02,COL202509020,COL,"Ritter, Ryan",rittr002,1,0,empty,empty,1,strikeout,3,0,2
2025-09-02,COL202509020,COL,"Freeman, Tyler",freet001,2,1,empty,empty,1,walk,3,0,2
2025-09-02,COL202509020,COL,"Moniak, Mickey",monim001,2,1,1B,1B,1,single,3,0,2
2025-09-02,COL202509020,COL,"Goodman, Hunter",goodh001,2,1,1B+2B,1B+2B,1,single,3,0,2
2025-09-02,COL202509020,COL,"Doyle, Brenton",doylb001,2,1,1B+3B,1B+3B,1,grounded_into_double_play,3,1,2
2025-09-02,COL202509020,COL,"Tovar, Ezequiel",tovae001,2,0,empty,empty,1,strikeout,4,1,2
2025-09-02,COL202509020,COL,"Karros, Kyle",karrk001,2,1,empty,empty,1,single,4,1,2
2025-09-02,COL202509020,COL,"Fernandez, Yanquiel",ferny001,2,1,1B,1B,1,strikeout,4,1,2
2025-09-02,COL202509020,COL,"Farmer, Kyle",farmk001,2,2,1B,1B,1,strikeout,4,1,2
2025-09-02,COL202509020,COL,"Ritter, Ryan",rittr002,2,0,empty,empty,1,single,5,1,5
2025-09-02,COL202509020,COL,"Freeman, Tyler",freet001,3,0,1B,1B,1,single,5,1,5
2025-09-02,COL202509020,COL,"Moniak, Mickey",monim001,3,0,1B+2B,1B+2B,1,field_out,5,1,5
2025-09-02,COL202509020,COL,"Goodman, Hunter",goodh001,3,1,1B+3B,1B+3B,1,single,5,1,5
2025-09-02,COL202509020,COL,"Doyle, Brenton",doylb001,3,1,1B+2B,1B+2B,1,grounded_into_double_play,5,2,5
2025-09-02,COL202509020,COL,"Tovar, Ezequiel",tovae001,3,0,empty,empty,1,single,6,2,5
2025-09-02,COL202509020,COL,"Karros, Kyle",karrk001,3,0,1B,1B,1,strikeout,6,2,5
2025-09-02,COL202509020,COL,"Fernandez, Yanquiel",ferny001,3,1,1B,1B,1,field_out,6,2,5
2025-09-02,COL202509020,COL,"Farmer, Kyle",farmk001,3,2,2B,2B,1,field_out,6,2,5
2025-09-02,COL202509020,COL,"Ritter, Ryan",rittr002,3,0,empty,empty,1,field_out,7,2,5
2025-09-02,COL202509020,COL,"Freeman, Tyler",freet001,4,1,empty,empty,1,walk,7,2,5
2025-09-02,COL202509020,COL,"Moniak, Mickey",monim001,4,1,1B,1B,1,strikeout,7,2,5
2025-09-02,COL202509020,COL,"Goodman, Hunter",goodh001,4,2,1B,1B,1,home_run,7,2,5
2025-09-02,COL202509020,COL,"Doyle, Brenton",doylb001,4,2,empty,empty,1,field_out,7,4,5
2025-09-02,COL202509020,COL,"Tovar, Ezequiel",tovae001,4,0,empty,empty,1,field_out,8,4,7
2025-09-02,COL202509020,COL,"Karros, Kyle",karrk001,4,1,empty,empty,1,field_out,8,4,7
2025-09-02,COL202509020,COL,"Fulford, Braxton",fulfb001,1,2,empty,empty,1,field_out,8,4,7
2025-09-02,COL202509020,COL,"Beck, Jordan",beckj003,1,0,empty,empty,1,field_out,9,4,7
2025-09-02,COL202509020,COL,"Ritter, Ryan",rittr002,4,1,empty,empty,1,field_out,9,4,7
2025-09-02,COL202509020,COL,"Freeman, Tyler",freet001,5,2,empty,empty,1,strikeout,9,4,7
2025-09-03,COL202509030,COL,"Freeman, Tyler",freet001,1,0,empty,empty,1,hit_by_pitch,1,0,0
2025-09-03,COL202509030,COL,"Tovar, Ezequiel",tovae001,1,1,1B,empty,0,strikeout,1,0,0
2025-09-03,COL202509030,COL,"Goodman, Hunter",goodh001,1,2,empty,empty,1,field_out,1,0,0
2025-09-03,COL202509030,COL,"Beck, Jordan",beckj003,1,0,empty,empty,1,strikeout,2,0,1
2025-09-03,COL202509030,COL,"Doyle, Brenton",doylb001,1,1,empty,empty,1,strikeout,2,0,1
2025-09-03,COL202509030,COL,"Bernabel, Warming",bernw002,1,2,empty,empty,1,field_out,2,0,1
2025-09-03,COL202509030,COL,"Fulford, Braxton",fulfb001,1,0,empty,empty,1,field_out,3,0,4
2025-09-03,COL202509030,COL,"Karros, Kyle",karrk001,1,1,empty,empty,1,strikeout,3,0,4
2025-09-03,COL202509030,COL,"Ritter, Ryan",rittr002,1,2,empty,empty,1,strikeout,3,0,4
2025-09-03,COL202509030,COL,"Freeman, Tyler",freet001,2,0,empty,empty,1,strikeout,4,0,4
2025-09-03,COL202509030,COL,"Tovar, Ezequiel",tovae001,2,1,empty,empty,1,single,4,0,4
2025-09-03,COL202509030,COL,"Goodman, Hunter",goodh001,2,1,1B,1B,1,single,4,0,4
2025-09-03,COL202509030,COL,"Beck, Jordan",beckj003,2,1,1B+3B,1B+3B,1,strikeout,4,0,4
2025-09-03,COL202509030,COL,"Doyle, Brenton",doylb001,2,2,1B+3B,1B+3B,1,single,4,0,4
2025-09-03,COL202509030,COL,"Bernabel, Warming",bernw002,2,2,1B+3B,1B+3B,1,field_out,4,1,4
2025-09-03,COL202509030,COL,"Fulford, Braxton",fulfb001,2,0,empty,empty,1,strikeout,5,1,4
2025-09-03,COL202509030,COL,"Karros, Kyle",karrk001,2,1,empty,empty,1,double,5,1,4
2025-09-03,COL202509030,COL,"Ritter, Ryan",rittr002,2,1,2B,2B,1,field_out,5,1,4
2025-09-03,COL202509030,COL,"Freeman, Tyler",freet001,3,2,3B,3B,1,single,5,1,4
2025-09-03,COL202509030,COL,"Tovar, Ezequiel",tovae001,3,2,1B,1B,1,walk,5,2,4
2025-09-03,COL202509030,COL,"Goodman, Hunter",goodh001,3,2,1B+2B,1B+2B,1,single,5,2,4
2025-09-03,COL202509030,COL,"Beck, Jordan",beckj003,3,2,2B+3B,2B+3B,1,single,5,3,4
2025-09-03,COL202509030,COL,"Doyle, Brenton",doylb001,3,2,1B,2B,0,field_out,5,5,4
2025-09-03,COL202509030,COL,"Bernabel, Warming",bernw002,3,0,empty,empty,1,field_out,6,5,9
2025-09-03,COL202509030,COL,"Fulford, Braxton",fulfb001,3,1,empty,empty,1,field_out,6,5,9
2025-09-03,COL202509030,COL,"Karros, Kyle",karrk001,3,2,empty,empty,1,field_out,6,5,9
2025-09-03,COL202509030,COL,"Ritter, Ryan",rittr002,3,0,empty,empty,1,strikeout,7,5,10
2025-09-03,COL202509030,COL,"Freeman, Tyler",freet001,4,1,empty,empty,1,field_out,7,5,10
2025-09-03,COL202509030,COL,"Tovar, Ezequiel",tovae001,4,2,empty,empty,1,field_out,7,5,10
2025-09-03,COL202509030,COL,"Goodman, Hunter",goodh001,4,0,empty,empty,1,strikeout,8,5,10
2025-09-03,COL202509030,COL,"Beck, Jordan",beckj003,4,1,empty,empty,1,double,8,5,10
2025-09-03,COL202509030,COL,"Doyle, Brenton",doylb001,4,1,2B,2B,1,field_out,8,5,10
2025-09-03,COL202509030,COL,"Bernabel, Warming",bernw002,4,2,3B,3B,1,field_out,8,5,10
2025-09-03,COL202509030,COL,"Fulford, Braxton",fulfb001,4,0,empty,empty,1,field_out,9,5,10
2025-09-03,COL202509030,COL,"Karros, Kyle",karrk001,4,1,empty,empty,1,single,9,5,10
2025-09-03,COL202509030,COL,"Moniak, Mickey",monim001,1,1,1B,1B,1,walk,9,5,10
2025-09-03,COL202509030,COL,"Freeman, Tyler",freet001,5,1,1B+2B,1B+2B,1,single,9,5,10
2025-09-03,COL202509030,COL,"Tovar, Ezequiel",tovae001,5,1,1B+2B+3B,1B+2B+3B,1,sac_fly,9,5,10
2025-09-03,COL202509030,COL,"Goodman, Hunter",goodh001,5,2,1B+3B,1B+3B,1,double,9,6,10
2025-09-03,COL202509030,COL,"Beck, Jordan",beckj003,5,2,2B,2B,1,strikeout,9,8,10
2025-09-05,COL202509050,COL,"Freeman, Tyler",freet001,1,0,empty,empty,1,field_out,1,0,0
2025-09-05,COL202509050,COL,"Moniak, Mickey",monim001,1,1,empty,empty,1,single,1,0,0
2025-09-05,COL202509050,COL,"Goodman, Hunter",goodh001,1,1,1B,1B,1,walk,1,0,0
2025-09-05,COL202509050,COL,"Beck, Jordan",beckj003,1,1,1B+2B,1B+2B,1,field_out,1,0,0
2025-09-05,COL202509050,COL,"Doyle, Brenton",doylb001,1,2,1B+2B,1B+2B,1,fielders_choice_out,1,0,0
2025-09-05,COL202509050,COL,"Tovar, Ezequiel",tovae001,1,0,empty,empty,1,strikeout,2,0,0
2025-09-05,COL202509050,COL,"Karros, Kyle",karrk001,1,1,empty,empty,1,field_out,2,0,0
2025-09-05,COL202509050,COL,"Bernabel, Warming",bernw002,1,2,empty,empty,1,walk,2,0,0
2025-09-05,COL202509050,COL,"Ritter, Ryan",rittr002,1,2,1B,2B,0,strikeout,2,0,0
2025-09-05,COL202509050,COL,"Freeman, Tyler",freet001,2,0,empty,empty,1,strikeout,3,0,0
2025-09-05,COL202509050,COL,"Moniak, Mickey",monim001,2,1,empty,empty,1,field_out,3,0,0
2025-09-05,COL202509050,COL,"Goodman, Hunter",goodh001,2,2,empty,empty,1,home_run,3,0,0
2025-09-05,COL202509050,COL,"Beck, Jordan",beckj003,2,2,empty,empty,1,field_out,3,1,0
2025-09-05,COL202509050,COL,"Doyle, Brenton",doylb001,2,0,empty,empty,1,strikeout,4,1,0
2025-09-05,COL202509050,COL,"Tovar, Ezequiel",tovae001,2,1,empty,empty,1,field_out,4,1,0
2025-09-05,COL202509050,COL,"Karros, Kyle",karrk001,2,2,empty,empty,1,single,4,1,0
2025-09-05,COL202509050,COL,"Bernabel, Warming",bernw002,2,2,1B,1B,1,strikeout,4,1,0
2025-09-05,COL202509050,COL,"Ritter, Ryan",rittr002,2,0,empty,empty,1,field_out,5,1,0
2025-09-05,COL202509050,COL,"Freeman, Tyler",freet001,3,1,empty,empty,1,field_out,5,1,0
2025-09-05,COL202509050,COL,"Moniak, Mickey",monim001,3,2,empty,empty,1,single,5,1,0
2025-09-05,COL202509050,COL,"Goodman, Hunter",goodh001,3,2,1B,1B,1,single,5,1,0
2025-09-05,COL202509050,COL,"Beck, Jordan",beckj003,3,2,1B+3B,1B+3B,1,single,5,1,0
2025-09-05,COL202509050,COL,"Doyle, Brenton",doylb001,3,2,1B+2B,1B+2B,1,fielders_choice_out,5,2,0
2025-09-05,COL202509050,COL,"Tovar, Ezequiel",tovae001,3,0,empty,empty,1,field_out,6,2,0
2025-09-05,COL202509050,COL,"Karros, Kyle",karrk001,3,1,empty,empty,1,single,6,2,0
2025-09-05,COL202509050,COL,"Bernabel, Warming",bernw002,3,1,1B,1B,1,grounded_into_double_play,6,2,0
2025-09-05,COL202509050,COL,"Ritter, Ryan",rittr002,3,0,empty,empty,1,field_out,7,2,0
2025-09-05,COL202509050,COL,"Freeman, Tyler",freet001,4,1,empty,empty,1,strikeout,7,2,0
2025-09-05,COL202509050,COL,"Moniak, Mickey",monim001,4,2,empty,empty,1,walk,7,2,0
2025-09-05,COL202509050,COL,"Goodman, Hunter",goodh001,4,2,1B,1B,1,double,7,2,0
2025-09-05,COL202509050,COL,"Beck, Jordan",beckj003,4,2,2B,2B,1,strikeout,7,3,0
2025-09-05,COL202509050,COL,"Doyle, Brenton",doylb001,4,0,empty,empty,1,single,8,3,0
2025-09-05,COL202509050,COL,"Tovar, Ezequiel",tovae001,4,0,1B,1B,1,strikeout,8,3,0
2025-09-05,COL202509050,COL,"Karros, Kyle",karrk001,4,1,2B,2B,1,walk,8,3,0
2025-09-05,COL202509050,COL,"Bernabel, Warming",bernw002,4,1,1B+2B,1B+2B,1,strikeout,8,3,0
2025-09-05,COL202509050,COL,"Ritter, Ryan",rittr002,4,2,1B+2B,1B+2B,1,field_out,8,3,0
2025-09-06,COL202509060,COL,"Freeman, Tyler",freet001,1,0,empty,empty,1,field_out,1,0,0
2025-09-06,COL202509060,COL,"Moniak, Mickey",monim001,1,1,empty,empty,1,field_out,1,0,0
2025-09-06,COL202509060,COL,"Goodman, Hunter",goodh001,1,2,empty,empty,1,field_out,1,0,0
2025-09-06,COL202509060,COL,"Beck, Jordan",beckj003,1,0,empty,empty,1,field_error,2,0,6
2025-09-06,COL202509060,COL,"Doyle, Brenton",doylb001,1,0,1B,1B,1,double,2,0,6
2025-09-06,COL202509060,COL,"Tovar, Ezequiel",tovae001,1,0,2B,2B,1,single,2,1,6
2025-09-06,COL202509060,COL,"Karros, Kyle",karrk001,1,0,1B+3B,1B+3B,1,strikeout,2,1,6
2025-09-06,COL202509060,COL,"Bernabel, Warming",bernw002,1,1,1B+3B,1B+3B,1,single,2,1,6
2025-09-06,COL202509060,COL,"Ritter, Ryan",rittr002,1,1,1B+2B,1B+2B,1,grounded_into_double_play,2,2,6
2025-09-06,COL202509060,COL,"Freeman, Tyler",freet001,2,0,empty,empty,1,field_out,3,2,6
2025-09-06,COL202509060,COL,"Moniak, Mickey",monim001,2,1,empty,empty,1,strikeout,3,2,6
2025-09-06,COL202509060,COL,"Goodman, Hunter",goodh001,2,2,empty,empty,1,field_out,3,2,6
2025-09-06,COL202509060,COL,"Beck, Jordan",beckj003,2,0,empty,empty,1,single,4,2,6
2025-09-06,COL202509060,COL,"Doyle, Brenton",doylb001,2,0,1B,1B,1,field_out,4,2,6
2025-09-06,COL202509060,COL,"Tovar, Ezequiel",tovae001,2,1,1B,1B,1,single,4,2,6
2025-09-06,COL202509060,COL,"Karros, Kyle",karrk001,2,1,1B+3B,1B+3B,1,double_play,4,2,6
2025-09-06,COL202509060,COL,"Bernabel, Warming",bernw002,2,0,empty,empty,1,field_out,5,2,10
2025-09-06,COL202509060,COL,"Ritter, Ryan",rittr002,2,1,empty,empty,1,single,5,2,10
2025-09-06,COL202509060,COL,"Freeman, Tyler",freet001,3,1,1B,1B,1,field_out,5,2,10
2025-09-06,COL202509060,COL,"Moniak, Mickey",monim001,3,2,1B,1B,1,field_out,5,2,10
2025-09-06,COL202509060,COL,"Goodman, Hunter",goodh001,3,0,empty,empty,1,home_run,6,2,10
2025-09-06,COL202509060,COL,"Beck, Jordan",beckj003,3,0,empty,empty,1,field_out,6,3,10
2025-09-06,COL202509060,COL,"Doyle, Brenton",doylb001,3,1,empty,empty,1,field_out,6,3,10
2025-09-06,COL202509060,COL,"Tovar, Ezequiel",tovae001,3,2,empty,empty,1,single,6,3,10
2025-09-06,COL202509060,COL,"Karros, Kyle",karrk001,3,2,1B,1B,1,strikeout,6,3,10
2025-09-06,COL202509060,COL,"Bernabel, Warming",bernw002,3,0,empty,empty,1,double,7,3,10
2025-09-06,COL202509060,COL,"Ritter, Ryan",rittr002,3,0,2B,2B,1,strikeout,7,3,10
2025-09-06,COL202509060,COL,"Freeman, Tyler",freet001,4,1,2B,2B,1,walk,7,3,10
2025-09-06,COL202509060,COL,"Moniak, Mickey",monim001,4,1,1B+2B,1B+2B,1,single,7,3,10
2025-09-06,COL202509060,COL,"Goodman, Hunter",goodh001,4,1,1B+3B,1B+3B,1,strikeout,7,4,10
2025-09-06,COL202509060,COL,"Beck, Jordan",beckj003,4,2,1B+3B,1B+3B,1,home_run,7,4,10
2025-09-06,COL202509060,COL,"Doyle, Brenton",doylb001,4,2,empty,empty,1,strikeout,7,7,10
2025-09-06,COL202509060,COL,"Tovar, Ezequiel",tovae001,4,0,empty,empty,1,walk,8,7,10
2025-09-06,COL202509060,COL,"Karros, Kyle",karrk001,4,0,1B,1B,1,strikeout,8,7,10
2025-09-06,COL202509060,COL,"Bernabel, Warming",bernw002,4,1,1B,1B,1,single,8,7,10
2025-09-06,COL202509060,COL,"Fernandez, Yanquiel",ferny001,1,1,1B+3B,1B+3B,1,grounded_into_double_play,8,7,10
2025-09-06,COL202509060,COL,"Freeman, Tyler",freet001,5,0,empty,empty,1,field_out,9,7,10
2025-09-06,COL202509060,COL,"Moniak, Mickey",monim001,5,1,empty,empty,1,home_run,9,7,10
2025-09-06,COL202509060,COL,"Goodman, Hunter",goodh001,5,1,empty,empty,1,field_out,9,8,10
2025-09-06,COL202509060,COL,"Beck, Jordan",beckj003,5,2,empty,empty,1,single,9,8,10
2025-09-06,COL202509060,COL,"Doyle, Brenton",doylb001,5,2,1B,1B,1,field_out,9,8,10
2025-09-07,COL202509070,COL,"Freeman, Tyler",freet001,1,0,empty,empty,1,strikeout,1,0,2
2025-09-07,COL202509070,COL,"Tovar, Ezequiel",tovae001,1,1,empty,empty,1,field_out,1,0,2
2025-09-07,COL202509070,COL,"Moniak, Mickey",monim001,1,2,empty,empty,1,field_out,1,0,2
2025-09-07,COL202509070,COL,"Beck, Jordan",beckj003,1,0,empty,empty,1,field_out,2,0,3
2025-09-07,COL202509070,COL,"Doyle, Brenton",doylb001,1,1,empty,empty,1,single,2,0,3
2025-09-07,COL202509070,COL,"Bernabel, Warming",bernw002,1,2,1B,empty,0,single,2,0,3
2025-09-07,COL202509070,COL,"Fernandez, Yanquiel",ferny001,1,2,1B,1B,1,strikeout,2,0,3
2025-09-07,COL202509070,COL,"Fulford, Braxton",fulfb001,1,0,empty,empty,1,field_out,3,0,3
2025-09-07,COL202509070,COL,"Arcia, Orlando",arcio002,1,1,empty,empty,1,double,3,0,3
2025-09-07,COL202509070,COL,"Freeman, Tyler",freet001,2,1,2B,2B,1,field_out,3,0,3
2025-09-07,COL202509070,COL,"Tovar, Ezequiel",tovae001,2,2,2B,2B,1,single,3,0,3
2025-09-07,COL202509070,COL,"Moniak, Mickey",monim001,2,2,1B,1B,1,field_out,3,1,3
2025-09-07,COL202509070,COL,"Beck, Jordan",beckj003,2,0,empty,empty,1,strikeout,4,1,6
2025-09-07,COL202509070,COL,"Doyle, Brenton",doylb001,2,1,empty,empty,1,strikeout,4,1,6
2025-09-07,COL202509070,COL,"Bernabel, Warming",bernw002,2,2,empty,empty,1,strikeout,4,1,6
2025-09-07,COL202509070,COL,"Fernandez, Yanquiel",ferny001,2,0,empty,empty,1,walk,5,1,8
2025-09-07,COL202509070,COL,"Fulford, Braxton",fulfb001,2,0,1B,1B,1,field_out,5,1,8
2025-09-07,COL202509070,COL,"Arcia, Orlando",arcio002,2,1,1B,1B,1,field_out,5,1,8
2025-09-07,COL202509070,COL,"Freeman, Tyler",freet001,3,2,1B,1B,1,field_out,5,1,8
2025-09-07,COL202509070,COL,"Tovar, Ezequiel",tovae001,3,0,empty,empty,1,walk,6,1,8
2025-09-07,COL202509070,COL,"Moniak, Mickey",monim001,3,0,1B,1B,1,walk,6,1,8
2025-09-07,COL202509070,COL,"Beck, Jordan",beckj003,3,0,1B+2B,1B+2B,1,field_out,6,1,8
2025-09-07,COL202509070,COL,"Doyle, Brenton",doylb001,3,1,1B+3B,1B+3B,1,grounded_into_double_play,6,1,8
2025-09-07,COL202509070,COL,"Bernabel, Warming",bernw002,3,0,empty,empty,1,single,7,1,8
2025-09-07,COL202509070,COL,"Fernandez, Yanquiel",ferny001,3,0,1B,1B,1,single,7,1,8
2025-09-07,COL202509070,COL,"Fulford, Braxton",fulfb001,3,0,1B+2B,1B+2B,1,field_out,7,1,8
2025-09-07,COL202509070,COL,"Arcia, Orlando",arcio002,3,1,1B+3B,1B+3B,1,grounded_into_double_play,7,1,8
2025-09-07,COL202509070,COL,"Freeman, Tyler",freet001,4,0,empty,empty,1,field_out,8,1,8
2025-09-07,COL202509070,COL,"Farmer, Kyle",farmk001,1,1,empty,empty,1,strikeout,8,1,8
2025-09-07,COL202509070,COL,"Moniak, Mickey",monim001,4,2,empty,empty,1,strikeout,8,1,8
2025-09-07,COL202509070,COL,"Beck, Jordan",beckj003,4,0,empty,empty,1,strikeout,9,1,8
2025-09-07,COL202509070,COL,"Romo, Drew",romod001,1,1,empty,empty,1,strikeout,9,1,8
2025-09-07,COL202509070,COL,"Bernabel, Warming",bernw002,4,2,empty,empty,1,walk,9,1,8
2025-09-07,COL202509070,COL,"Fernandez, Yanquiel",ferny001,4,2,1B,1B,1,field_out,9,1,8
2025-09-08,LAN202509080,COL,"Freeman, Tyler",freet001,1,0,empty,empty,1,strikeout,1,0,0
2025-09-08,LAN202509080,COL,"Moniak, Mickey",monim001,1,1,empty,empty,1,strikeout,1,0,0
2025-09-08,LAN202509080,COL,"Goodman, Hunter",goodh001,1,2,empty,empty,1,strikeout,1,0,0
2025-09-08,LAN202509080,COL,"Beck, Jordan",beckj003,1,0,empty,empty,1,walk,2,0,0
2025-09-08,LAN202509080,COL,"Tovar, Ezequiel",tovae001,1,0,1B,2B,0,field_out,2,0,0
2025-09-08,LAN202509080,COL,"Farmer, Kyle",farmk001,1,1,3B,3B,1,sac_fly,2,0,0
2025-09-08,LAN202509080,COL,"Karros, Kyle",karrk001,1,2,empty,empty,1,strikeout,2,1,0
2025-09-08,LAN202509080,COL,"Fernandez, Yanquiel",ferny001,1,0,empty,empty,1,strikeout,3,1,0
2025-09-08,LAN202509080,COL,"Ritter, Ryan",rittr002,1,1,empty,empty,1,walk,3,1,0
2025-09-08,LAN202509080,COL,"Freeman, Tyler",freet001,2,1,1B,2B,0,field_out,3,1,0
2025-09-08,LAN202509080,COL,"Moniak, Mickey",monim001,2,2,3B,3B,1,strikeout,3,1,0
2025-09-08,LAN202509080,COL,"Goodman, Hunter",goodh001,2,0,empty,empty,1,field_out,4,1,0
2025-09-08,LAN202509080,COL,"Beck, Jordan",beckj003,2,1,empty,empty,1,strikeout,4,1,0
2025-09-08,LAN202509080,COL,"Tovar, Ezequiel",tovae001,2,2,empty,empty,1,field_out,4,1,0
2025-09-08,LAN202509080,COL,"Farmer, Kyle",farmk001,2,0,empty,empty,1,field_out,5,1,0
2025-09-08,LAN202509080,COL,"Karros, Kyle",karrk001,2,1,empty,empty,1,field_out,5,1,0
2025-09-08,LAN202509080,COL,"Fernandez, Yanquiel",ferny001,2,2,empty,empty,1,field_out,5,1,0
2025-09-08,LAN202509080,COL,"Ritter, Ryan",rittr002,2,0,empty,empty,1,strikeout,6,1,0
2025-09-08,LAN202509080,COL,"Freeman, Tyler",freet001,3,1,empty,empty,1,strikeout,6,1,0
2025-09-08,LAN202509080,COL,"Moniak, Mickey",monim001,3,2,empty,empty,1,strikeout,6,1,0
2025-09-08,LAN202509080,COL,"Goodman, Hunter",goodh001,3,0,empty,empty,1,field_out,7,1,1
2025-09-08,LAN202509080,COL,"Beck, Jordan",beckj003,3,1,empty,empty,1,field_out,7,1,1
2025-09-08,LAN202509080,COL,"Tovar, Ezequiel",tovae001,3,2,empty,empty,1,strikeout,7,1,1
2025-09-08,LAN202509080,COL,"Farmer, Kyle",farmk001,3,0,empty,empty,1,field_out,8,1,3
2025-09-08,LAN202509080,COL,"Karros, Kyle",karrk001,3,1,empty,empty,1,strikeout,8,1,3
2025-09-08,LAN202509080,COL,"Fernandez, Yanquiel",ferny001,3,2,empty,empty,1,field_out,8,1,3
2025-09-08,LAN202509080,COL,"Ritter, Ryan",rittr002,3,0,empty,empty,1,double,9,1,3
2025-09-08,LAN202509080,COL,"Freeman, Tyler",freet001,4,0,2B,2B,1,field_out,9,1,3
2025-09-08,LAN202509080,COL,"Doyle, Brenton",doylb001,1,1,2B,2B,1,field_out,9,1,3
2025-09-08,LAN202509080,COL,"Goodman, Hunter",goodh001,4,2,2B,2B,1,field_out,9,1,3
2025-09-09,LAN202509090,COL,"Freeman, Tyler",freet001,1,0,empty,empty,1,field_out,1,0,0
2025-09-09,LAN202509090,COL,"Moniak, Mickey",monim001,1,1,empty,empty,1,field_out,1,0,0
2025-09-09,LAN202509090,COL,"Goodman, Hunter",goodh001,1,2,empty,empty,1,strikeout,1,0,0
2025-09-09,LAN202509090,COL,"Beck, Jordan",beckj003,1,0,empty,empty,1,field_out,2,0,0
2025-09-09,LAN202509090,COL,"Tovar, Ezequiel",tovae001,1,1,empty,empty,1,strikeout,2,0,0
2025-09-09,LAN202509090,COL,"Doyle, Brenton",doylb001,1,2,empty,empty,1,strikeout,2,0,0
2025-09-09,LAN202509090,COL,"Karros, Kyle",karrk001,1,0,empty,empty,1,field_out,3,0,1
2025-09-09,LAN202509090,COL,"Fernandez, Yanquiel",ferny001,1,1,empty,empty,1,field_out,3,0,1
2025-09-09,LAN202509090,COL,"Toglia, Michael",toglm001,1,2,empty,empty,1,field_out,3,0,1
2025-09-09,LAN202509090,COL,"Freeman, Tyler",freet001,2,0,empty,empty,1,strikeout,4,0,3
2025-09-09,LAN202509090,COL,"Moniak, Mickey",monim001,2,1,empty,empty,1,field_out,4,0,3
2025-09-09,LAN202509090,COL,"Goodman, Hunter",goodh001,2,2,empty,empty,1,strikeout,4,0,3
2025-09-09,LAN202509090,COL,"Beck, Jordan",beckj003,2,0,empty,empty,1,field_out,5,0,4
2025-09-09,LAN202509090,COL,"Tovar, Ezequiel",tovae001,2,1,empty,empty,1,field_out,5,0,4
2025-09-09,LAN202509090,COL,"Doyle, Brenton",doylb001,2,2,empty,empty,1,field_out,5,0,4
2025-09-09,LAN202509090,COL,"Karros, Kyle",karrk001,2,0,empty,empty,1,single,6,0,5
2025-09-09,LAN202509090,COL,"Fernandez, Yanquiel",ferny001,2,0,1B,1B,1,single,6,0,5
2025-09-09,LAN202509090,COL,"Toglia, Michael",toglm001,2,0,1B+2B,1B+2B,1,strikeout,6,0,5
2025-09-09,LAN202509090,COL,"Freeman, Tyler",freet001,3,1,1B+2B,1B+2B,1,single,6,0,5
2025-09-09,LAN202509090,COL,"Moniak, Mickey",monim001,3,1,1B+2B,1B+2B,1,grounded_into_double_play,6,1,5
2025-09-09,LAN202509090,COL,"Goodman, Hunter",goodh001,3,0,empty,empty,1,strikeout,7,1,5
2025-09-09,LAN202509090,COL,"Beck, Jordan",beckj003,3,1,empty,empty,1,walk,7,1,5
2025-09-09,LAN202509090,COL,"Tovar, Ezequiel",tovae001,3,1,1B,1B,1,strikeout,7,1,5
2025-09-09,LAN202509090,COL,"Doyle, Brenton",doylb001,3,2,1B,1B,1,strikeout,7,1,5
2025-09-09,LAN202509090,COL,"Karros, Kyle",karrk001,3,0,empty,empty,1,field_out,8,1,5
2025-09-09,LAN202509090,COL,"Fulford, Braxton",fulfb001,1,1,empty,empty,1,strikeout,8,1,5
2025-09-09,LAN202509090,COL,"Toglia, Michael",toglm001,3,2,empty,empty,1,strikeout,8,1,5
2025-09-09,LAN202509090,COL,"Freeman, Tyler",freet001,4,0,empty,empty,1,field_out,9,1,7
2025-09-09,LAN202509090,COL,"Moniak, Mickey",monim001,4,1,empty,empty,1,field_out,9,1,7
2025-09-09,LAN202509090,COL,"Goodman, Hunter",goodh001,4,2,empty,empty,1,home_run,9,1,7
2025-09-09,LAN202509090,COL,"Beck, Jordan",beckj003,4,2,empty,empty,1,double,9,2,7
2025-09-09,LAN202509090,COL,"Tovar, Ezequiel",tovae001,4,2,2B,2B,1,strikeout,9,2,7
2025-09-10,LAN202509100,COL,"Freeman, Tyler",freet001,1,0,empty,empty,1,field_out,1,0,0
2025-09-10,LAN202509100,COL,"Goodman, Hunter",goodh001,1,1,empty,empty,1,walk,1,0,0
2025-09-10,LAN202509100,COL,"Beck, Jordan",beckj003,1,1,1B,1B,1,strikeout,1,0,0
2025-09-10,LAN202509100,COL,"Doyle, Brenton",doylb001,1,2,1B,1B,1,field_out,1,0,0
2025-09-10,LAN202509100,COL,"Tovar, Ezequiel",tovae001,1,0,empty,empty,1,strikeout,2,0,0
2025-09-10,LAN202509100,COL,"Karros, Kyle",karrk001,1,1,empty,empty,1,field_out,2,0,0
2025-09-10,LAN202509100,COL,"Farmer, Kyle",farmk001,1,2,empty,empty,1,strikeout,2,0,0
2025-09-10,LAN202509100,COL,"Fulford, Braxton",fulfb001,1,0,empty,empty,1,strikeout,3,0,4
2025-09-10,LAN202509100,COL,"Arcia, Orlando",arcio002,1,1,empty,empty,1,field_out,3,0,4
2025-09-10,LAN202509100,COL,"Freeman, Tyler",freet001,2,2,empty,empty,1,single,3,0,4
2025-09-10,LAN202509100,COL,"Goodman, Hunter",goodh001,2,2,1B,1B,1,strikeout,3,0,4
2025-09-10,LAN202509100,COL,"Beck, Jordan",beckj003,2,0,empty,empty,1,strikeout,4,0,4
2025-09-10,LAN202509100,COL,"Doyle, Brenton",doylb001,2,1,empty,empty,1,field_out,4,0,4
2025-09-10,LAN202509100,COL,"Tovar, Ezequiel",tovae001,2,2,empty,empty,1,walk,4,0,4
2025-09-10,LAN202509100,COL,"Karros, Kyle",karrk001,2,2,1B,2B,0,strikeout,4,0,4
2025-09-10,LAN202509100,COL,"Farmer, Kyle",farmk001,2,0,empty,empty,1,field_out,5,0,4
2025-09-10,LAN202509100,COL,"Fulford, Braxton",fulfb001,2,1,empty,empty,1,strikeout,5,0,4
2025-09-10,LAN202509100,COL,"Arcia, Orlando",arcio002,2,2,empty,empty,1,strikeout,5,0,4
2025-09-10,LAN202509100,COL,"Freeman, Tyler",freet001,3,0,empty,empty,1,field_out,6,0,4
2025-09-10,LAN202509100,COL,"Goodman, Hunter",goodh001,3,1,empty,empty,1,single,6,0,4
2025-09-10,LAN202509100,COL,"Beck, Jordan",beckj003,3,1,1B,1B,1,strikeout,6,0,4
2025-09-10,LAN202509100,COL,"Doyle, Brenton",doylb001,3,2,1B,1B,1,strikeout,6,0,4
2025-09-10,LAN202509100,COL,"Tovar, Ezequiel",tovae001,3,0,empty,empty,1,field_out,7,0,4
2025-09-10,LAN202509100,COL,"Karros, Kyle",karrk001,3,1,empty,empty,1,walk,7,0,4
2025-09-10,LAN202509100,COL,"Toglia, Michael",toglm001,1,1,1B,1B,1,walk,7,0,4
2025-09-10,LAN202509100,COL,"Fulford, Braxton",fulfb001,3,1,1B+2B,1B+2B,1,walk,7,0,4
2025-09-10,LAN202509100,COL,"Moniak, Mickey",monim001,1,1,1B+2B+3B,1B+2B+3B,1,strikeout,7,0,4
2025-09-10,LAN202509100,COL,"Freeman, Tyler",freet001,4,2,1B+2B+3B,1B+2B+3B,1,strikeout,7,0,4
2025-09-10,LAN202509100,COL,"Goodman, Hunter",goodh001,4,0,empty,empty,1,field_out,8,0,4
2025-09-10,LAN202509100,COL,"Beck, Jordan",beckj003,4,1,empty,empty,1,strikeout,8,0,4
2025-09-10,LAN202509100,COL,"Doyle, Brenton",doylb001,4,2,empty,empty,1,field_out,8,0,4
2025-09-10,LAN202509100,COL,"Tovar, Ezequiel",tovae001,4,0,empty,empty,1,walk,9,0,9
2025-09-10,LAN202509100,COL,"Karros, Kyle",karrk001,4,0,1B,1B,1,strikeout,9,0,9
2025-09-10,LAN202509100,COL,"Toglia, Michael",toglm001,2,1,1B,1B,1,strikeout,9,0,9
2025-09-10,LAN202509100,COL,"Romo, Drew",romod001,1,2,1B,1B,1,strikeout,9,0,9
2025-09-11,SDN202509110,COL,"Freeman, Tyler",freet001,1,0,empty,empty,1,field_out,1,0,0
2025-09-11,SDN202509110,COL,"Moniak, Mickey",monim001,1,1,empty,empty,1,field_out,1,0,0
2025-09-11,SDN202509110,COL,"Goodman, Hunter",goodh001,1,2,empty,empty,1,field_error,1,0,0
2025-09-11,SDN202509110,COL,"Beck, Jordan",beckj003,1,2,1B,1B,1,single,1,0,0
2025-09-11,SDN202509110,COL,"Tovar, Ezequiel",tovae001,1,2,1B+2B,1B+2B,1,strikeout,1,0,0
2025-09-11,SDN202509110,COL,"Doyle, Brenton",doylb001,1,0,empty,empty,1,double,2,0,0
2025-09-11,SDN202509110,COL,"Karros, Kyle",karrk001,1,0,2B,2B,1,field_out,2,0,0
2025-09-11,SDN202509110,COL,"Fernandez, Yanquiel",ferny001,1,1,2B,2B,1,strikeout,2,0,0
2025-09-11,SDN202509110,COL,"Toglia, Michael",toglm001,1,2,2B,2B,1,strikeout,2,0,0
2025-09-11,SDN202509110,COL,"Freeman, Tyler",freet001,2,0,empty,empty,1,field_out,3,0,0
2025-09-11,SDN202509110,COL,"Moniak, Mickey",monim001,2,1,empty,empty,1,single,3,0,0
2025-09-11,SDN202509110,COL,"Goodman, Hunter",goodh001,2,1,1B,1B,1,grounded_into_double_play,3,0,0
2025-09-11,SDN202509110,COL,"Beck, Jordan",beckj003,2,0,empty,empty,1,field_out,4,0,1
2025-09-11,SDN202509110,COL,"Tovar, Ezequiel",tovae001,2,1,empty,empty,1,strikeout,4,0,1
2025-09-11,SDN202509110,COL,"Doyle, Brenton",doylb001,2,2,empty,empty,1,strikeout,4,0,1
2025-09-11,SDN202509110,COL,"Karros, Kyle",karrk001,2,0,empty,empty,1,field_out,5,0,2
2025-09-11,SDN202509110,COL,"Fernandez, Yanquiel",ferny001,2,1,empty,empty,1,strikeout,5,0,2
2025-09-11,SDN202509110,COL,"Toglia, Michael",toglm001,2,2,empty,empty,1,strikeout,5,0,2
2025-09-11,SDN202509110,COL,"Freeman, Tyler",freet001,3,0,empty,empty,1,field_out,6,0,2
2025-09-11,SDN202509110,COL,"Moniak, Mickey",monim001,3,1,empty,empty,1,single,6,0,2
2025-09-11,SDN202509110,COL,"Goodman, Hunter",goodh001,3,1,1B,1B,1,strikeout,6,0,2
2025-09-11,SDN202509110,COL,"Beck, Jordan",beckj003,3,2,2B,2B,1,strikeout,6,0,2
2025-09-11,SDN202509110,COL,"Tovar, Ezequiel",tovae001,3,0,empty,empty,1,strikeout,7,0,2
2025-09-11,SDN202509110,COL,"Doyle, Brenton",doylb001,3,1,empty,empty,1,strikeout,7,0,2
2025-09-11,SDN202509110,COL,"Karros, Kyle",karrk001,3,2,empty,empty,1,field_out,7,0,2
2025-09-11,SDN202509110,COL,"Fernandez, Yanquiel",ferny001,3,0,empty,empty,1,strikeout,8,0,2
2025-09-11,SDN202509110,COL,"Toglia, Michael",toglm001,3,1,empty,empty,1,strikeout,8,0,2
2025-09-11,SDN202509110,COL,"Freeman, Tyler",freet001,4,2,empty,empty,1,field_out,8,0,2
2025-09-11,SDN202509110,COL,"Moniak, Mickey",monim001,4,0,empty,empty,1,strikeout,9,0,2
2025-09-11,SDN202509110,COL,"Goodman, Hunter",goodh001,4,1,empty,empty,1,field_out,9,0,2
2025-09-11,SDN202509110,COL,"Beck, Jordan",beckj003,4,2,empty,empty,1,field_out,9,0,2
2025-09-12,SDN202509120,COL,"Freeman, Tyler",freet001,1,0,empty,empty,1,strikeout,1,0,0
2025-09-12,SDN202509120,COL,"Goodman, Hunter",goodh001,1,1,empty,empty,1,field_out,1,0,0
2025-09-12,SDN202509120,COL,"Beck, Jordan",beckj003,1,2,empty,empty,1,strikeout,1,0,0
2025-09-12,SDN202509120,COL,"Doyle, Brenton",doylb001,1,0,empty,empty,1,strikeout,2,0,1
2025-09-12,SDN202509120,COL,"Tovar, Ezequiel",tovae001,1,1,empty,empty,1,field_out,2,0,1
2025-09-12,SDN202509120,COL,"Crim, Blaine",crimb001,1,2,empty,empty,1,strikeout,2,0,1
2025-09-12,SDN202509120,COL,"Farmer, Kyle",farmk001,1,0,empty,empty,1,walk,3,0,1
2025-09-12,SDN202509120,COL,"Karros, Kyle",karrk001,1,0,1B,1B,1,strikeout,3,0,1
2025-09-12,SDN202509120,COL,"Arcia, Orlando",arcio002,1,1,1B,1B,1,strikeout,3,0,1
2025-09-12,SDN202509120,COL,"Freeman, Tyler",freet001,2,2,1B,1B,1,strikeout,3,0,1
2025-09-12,SDN202509120,COL,"Goodman, Hunter",goodh001,2,0,empty,empty,1,single,4,0,1
2025-09-12,SDN202509120,COL,"Beck, Jordan",beckj003,2,0,1B,1B,1,single,4,0,1
2025-09-12,SDN202509120,COL,"Doyle, Brenton",doylb001,2,0,1B+2B,1B+2B,1,sac_bunt,4,0,1
2025-09-12,SDN202509120,COL,"Tovar, Ezequiel",tovae001,2,1,2B+3B,2B+3B,1,strikeout,4,0,1
2025-09-12,SDN202509120,COL,"Crim, Blaine",crimb001,2,2,2B+3B,2B+3B,1,home_run,4,0,1
2025-09-12,SDN202509120,COL,"Farmer, Kyle",farmk001,2,2,empty,empty,1,home_run,4,3,1
2025-09-12,SDN202509120,COL,"Karros, Kyle",karrk001,2,2,empty,empty,1,field_out,4,4,1
2025-09-12,SDN202509120,COL,"Arcia, Orlando",arcio002,2,0,empty,empty,1,single,5,4,1
2025-09-12,SDN202509120,COL,"Freeman, Tyler",freet001,3,0,1B,1B,1,sac_bunt,5,4,1
2025-09-12,SDN202509120,COL,"Goodman, Hunter",goodh001,3,1,2B,2B,1,field_out,5,4,1
2025-09-12,SDN202509120,COL,"Beck, Jordan",beckj003,3,2,2B,2B,1,field_out,5,4,1
2025-09-12,SDN202509120,COL,"Doyle, Brenton",doylb001,3,0,empty,empty,1,strikeout,6,4,1
2025-09-12,SDN202509120,COL,"Tovar, Ezequiel",tovae001,3,1,empty,empty,1,field_out,6,4,1
2025-09-12,SDN202509120,COL,"Crim, Blaine",crimb001,3,2,empty,empty,1,field_out,6,4,1
2025-09-12,SDN202509120,COL,"Moniak, Mickey",monim001,1,0,empty,empty,1,field_out,7,4,1
2025-09-12,SDN202509120,COL,"Karros, Kyle",karrk001,3,1,empty,empty,1,field_out,7,4,1
2025-09-12,SDN202509120,COL,"Arcia, Orlando",arcio002,3,2,empty,empty,1,single,7,4,1
2025-09-12,SDN202509120,COL,"Freeman, Tyler",freet001,4,2,1B,1B,1,single,7,4,1
2025-09-12,SDN202509120,COL,"Goodman, Hunter",goodh001,4,2,1B+2B,1B+2B,1,field_out,7,4,1
2025-09-12,SDN202509120,COL,"Beck, Jordan",beckj003,4,0,empty,empty,1,single,8,4,1
2025-09-12,SDN202509120,COL,"Doyle, Brenton",doylb001,4,0,1B,1B,1,field_out,8,4,1
2025-09-12,SDN202509120,COL,"Tovar, Ezequiel",tovae001,4,1,1B,1B,1,strikeout,8,4,1
2025-09-12,SDN202509120,COL,"Crim, Blaine",crimb001,4,2,1B,1B,1,field_out,8,4,1
2025-09-12,SDN202509120,COL,"Moniak, Mickey",monim001,2,0,empty,empty,1,strikeout,9,4,1
2025-09-12,SDN202509120,COL,"Karros, Kyle",karrk001,4,1,empty,empty,1,field_out,9,4,1
2025-09-12,SDN202509120,COL,"Arcia, Orlando",arcio002,4,2,empty,empty,1,single,9,4,1
2025-09-12,SDN202509120,COL,"Freeman, Tyler",freet001,5,2,1B,1B,1,field_out,9,4,1
2025-09-13,SDN202509130,COL,"Freeman, Tyler",freet001,1,0,empty,empty,1,double,1,0,0
2025-09-13,SDN202509130,COL,"Moniak, Mickey",monim001,1,0,2B,2B,1,field_out,1,0,0
2025-09-13,SDN202509130,COL,"Goodman, Hunter",goodh001,1,1,2B,2B,1,field_out,1,0,0
2025-09-13,SDN202509130,COL,"Beck, Jordan",beckj003,1,2,2B,2B,1,single,1,0,0
2025-09-13,SDN202509130,COL,"Crim, Blaine",crimb001,1,2,1B,2B,0,strikeout,1,1,0
2025-09-13,SDN202509130,COL,"Tovar, Ezequiel",tovae001,1,0,empty,empty,1,strikeout,2,1,1
2025-09-13,SDN202509130,COL,"Karros, Kyle",karrk001,1,1,empty,empty,1,field_out,2,1,1
2025-09-13,SDN202509130,COL,"Fernandez, Yanquiel",ferny001,1,2,empty,empty,1,strikeout,2,1,1
2025-09-13,SDN202509130,COL,"Arcia, Orlando",arcio002,1,0,empty,empty,1,field_out,3,1,3
2025-09-13,SDN202509130,COL,"Freeman, Tyler",freet001,2,1,empty,empty,1,double,3,1,3
2025-09-13,SDN202509130,COL,"Moniak, Mickey",monim001,2,1,2B,2B,1,single,3,1,3
2025-09-13,SDN202509130,COL,"Goodman, Hunter",goodh001,2,1,1B+3B,1B+3B,1,strikeout,3,1,3
2025-09-13,SDN202509130,COL,"Beck, Jordan",beckj003,2,2,1B+3B,1B+3B,1,field_out,3,1,3
2025-09-13,SDN202509130,COL,"Crim, Blaine",crimb001,2,0,empty,empty,1,field_out,4,1,5
2025-09-13,SDN202509130,COL,"Tovar, Ezequiel",tovae001,2,1,empty,empty,1,strikeout,4,1,5
2025-09-13,SDN202509130,COL,"Karros, Kyle",karrk001,2,2,empty,empty,1,single,4,1,5
2025-09-13,SDN202509130,COL,"Fernandez, Yanquiel",ferny001,2,2,1B,2B,0,walk,4,1,5
2025-09-13,SDN202509130,COL,"Arcia, Orlando",arcio002,2,2,1B+2B,1B+2B,1,field_out,4,1,5
2025-09-13,SDN202509130,COL,"Freeman, Tyler",freet001,3,0,empty,empty,1,field_out,5,1,9
2025-09-13,SDN202509130,COL,"Moniak, Mickey",monim001,3,1,empty,empty,1,field_out,5,1,9
2025-09-13,SDN202509130,COL,"Goodman, Hunter",goodh001,3,2,empty,empty,1,strikeout,5,1,9
2025-09-13,SDN202509130,COL,"Beck, Jordan",beckj003,3,0,empty,empty,1,field_out,6,1,9
2025-09-13,SDN202509130,COL,"Crim, Blaine",crimb001,3,1,empty,empty,1,field_out,6,1,9
2025-09-13,SDN202509130,COL,"Tovar, Ezequiel",tovae001,3,2,empty,empty,1,field_out,6,1,9
2025-09-13,SDN202509130,COL,"Karros, Kyle",karrk001,3,0,empty,empty,1,strikeout,7,1,9
2025-09-13,SDN202509130,COL,"Fernandez, Yanquiel",ferny001,3,1,empty,empty,1,field_out,7,1,9
2025-09-13,SDN202509130,COL,"Arcia, Orlando",arcio002,3,2,empty,empty,1,field_out,7,1,9
2025-09-13,SDN202509130,COL,"Freeman, Tyler",freet001,4,0,empty,empty,1,single,8,1,9
2025-09-13,SDN202509130,COL,"Moniak, Mickey",monim001,4,0,1B,1B,1,strikeout,8,1,9
2025-09-13,SDN202509130,COL,"Romo, Drew",romod001,1,1,1B,1B,1,strikeout,8,1,9
2025-09-13,SDN202509130,COL,"Beck, Jordan",beckj003,4,2,1B,1B,1,single,8,1,9
2025-09-13,SDN202509130,COL,"Crim, Blaine",crimb001,4,2,1B+3B,1B+3B,1,double,8,1,9
2025-09-13,SDN202509130,COL,"Ritter, Ryan",rittr002,1,2,2B,2B,1,hit_by_pitch,8,3,9
2025-09-13,SDN202509130,COL,"Karros, Kyle",karrk001,4,2,1B+2B,1B+2B,1,field_out,8,3,9
2025-09-13,SDN202509130,COL,"Fernandez, Yanquiel",ferny001,4,0,empty,empty,1,field_out,9,3,11
2025-09-13,SDN202509130,COL,"Arcia, Orlando",arcio002,4,1,empty,empty,1,strikeout,9,3,11
2025-09-13,SDN202509130,COL,"Freeman, Tyler",freet001,5,2,empty,empty,1,field_out,9,3,11
2025-09-14,SDN202509140,COL,"Freeman, Tyler",freet001,1,0,empty,empty,1,field_out,1,0,0
2025-09-14,SDN202509140,COL,"Tovar, Ezequiel",tovae001,1,1,empty,empty,1,field_out,1,0,0
2025-09-14,SDN202509140,COL,"Moniak, Mickey",monim001,1,2,empty,empty,1,single,1,0,0
2025-09-14,SDN202509140,COL,"Crim, Blaine",crimb001,1,2,1B,2B,0,strikeout,1,0,0
2025-09-14,SDN202509140,COL,"Doyle, Brenton",doylb001,1,0,empty,empty,1,field_out,2,0,3
2025-09-14,SDN202509140,COL,"Fernandez, Yanquiel",ferny001,1,1,empty,empty,1,strikeout,2,0,3
2025-09-14,SDN202509140,COL,"Farmer, Kyle",farmk001,1,2,empty,empty,1,single,2,0,3
2025-09-14,SDN202509140,COL,"Fulford, Braxton",fulfb001,1,2,1B,1B,1,field_out,2,0,3
2025-09-14,SDN202509140,COL,"Ritter, Ryan",rittr002,1,0,empty,empty,1,strikeout,3,0,6
2025-09-14,SDN202509140,COL,"Freeman, Tyler",freet001,2,1,empty,empty,1,field_out,3,0,6
2025-09-14,SDN202509140,COL,"Tovar, Ezequiel",tovae001,2,2,empty,empty,1,field_out,3,0,6
2025-09-14,SDN202509140,COL,"Moniak, Mickey",monim001,2,0,empty,empty,1,home_run,4,0,7
2025-09-14,SDN202509140,COL,"Crim, Blaine",crimb001,2,0,empty,empty,1,strikeout,4,1,7
2025-09-14,SDN202509140,COL,"Doyle, Brenton",doylb001,2,1,empty,empty,1,field_out,4,1,7
2025-09-14,SDN202509140,COL,"Fernandez, Yanquiel",ferny001,2,2,empty,empty,1,field_out,4,1,7
2025-09-14,SDN202509140,COL,"Farmer, Kyle",farmk001,2,0,empty,empty,1,strikeout,5,1,7
2025-09-14,SDN202509140,COL,"Fulford, Braxton",fulfb001,2,1,empty,empty,1,field_out,5,1,7
2025-09-14,SDN202509140,COL,"Ritter, Ryan",rittr002,2,2,empty,empty,1,field_out,5,1,7
2025-09-14,SDN202509140,COL,"Freeman, Tyler",freet001,3,0,empty,empty,1,hit_by_pitch,6,1,7
2025-09-14,SDN202509140,COL,"Tovar, Ezequiel",tovae001,3,0,1B,1B,1,single,6,1,7
2025-09-14,SDN202509140,COL,"Moniak, Mickey",monim001,3,0,1B+2B,1B+2B,1,home_run,6,1,7
2025-09-14,SDN202509140,COL,"Crim, Blaine",crimb001,3,0,empty,empty,1,strikeout,6,4,7
2025-09-14,SDN202509140,COL,"Doyle, Brenton",doylb001,3,1,empty,empty,1,strikeout,6,4,7
2025-09-14,SDN202509140,COL,"Fernandez, Yanquiel",ferny001,3,2,empty,empty,1,walk,6,4,7
2025-09-14,SDN202509140,COL,"Farmer, Kyle",farmk001,3,2,1B,1B,1,field_out,6,4,7
2025-09-14,SDN202509140,COL,"Fulford, Braxton",fulfb001,3,0,empty,empty,1,single,7,4,7
2025-09-14,SDN202509140,COL,"Ritter, Ryan",rittr002,3,0,1B,1B,1,sac_bunt,7,4,7
2025-09-14,SDN202509140,COL,"Freeman, Tyler",freet001,4,1,2B,2B,1,field_out,7,4,7
2025-09-14,SDN202509140,COL,"Tovar, Ezequiel",tovae001,4,2,2B,2B,1,double,7,4,7
2025-09-14,SDN202509140,COL,"Moniak, Mickey",monim001,4,2,2B,2B,1,single,7,5,7
2025-09-14,SDN202509140,COL,"Crim, Blaine",crimb001,4,2,1B,2B,0,strikeout,7,6,7
2025-09-14,SDN202509140,COL,"Doyle, Brenton",doylb001,4,0,empty,empty,1,field_out,8,6,7
2025-09-14,SDN202509140,COL,"Beck, Jordan",beckj003,1,1,empty,empty,1,strikeout,8,6,7
2025-09-14,SDN202509140,COL,"Farmer, Kyle",farmk001,4,2,empty,empty,1,strikeout,8,6,7
2025-09-14,SDN202509140,COL,"Fulford, Braxton",fulfb001,4,0,empty,empty,1,strikeout,9,6,9
2025-09-14,SDN202509140,COL,"Goodman, Hunter",goodh001,1,1,empty,empty,1,field_error,9,6,9
2025-09-14,SDN202509140,COL,"Freeman, Tyler",freet001,5,1,1B,1B,1,strikeout,9,6,9
2025-09-14,SDN202509140,COL,"Tovar, Ezequiel",tovae001,5,2,1B,2B,0,strikeout,9,6,9
2025-09-16,COL202509160,COL,"Freeman, Tyler",freet001,1,0,empty,empty,1,strikeout,1,0,0
2025-09-16,COL202509160,COL,"Moniak, Mickey",monim001,1,1,empty,empty,1,field_out,1,0,0
2025-09-16,COL202509160,COL,"Goodman, Hunter",goodh001,1,2,empty,empty,1,strikeout,1,0,0
2025-09-16,COL202509160,COL,"Beck, Jordan",beckj003,1,0,empty,empty,1,strikeout,2,0,0
2025-09-16,COL202509160,COL,"Tovar, Ezequiel",tovae001,1,1,empty,empty,1,strikeout,2,0,0
2025-09-16,COL202509160,COL,"Doyle, Brenton",doylb001,1,2,empty,empty,1,field_out,2,0,0
2025-09-16,COL202509160,COL,"Crim, Blaine",crimb001,1,0,empty,empty,1,single,3,0,3
2025-09-16,COL202509160,COL,"Karros, Kyle",karrk001,1,0,1B,2B,0,strikeout,3,0,3
2025-09-16,COL202509160,COL,"Ritter, Ryan",rittr002,1,1,2B,2B,1,field_out,3,0,3
2025-09-16,COL202509160,COL,"Freeman, Tyler",freet001,2,2,2B,2B,1,field_out,3,0,3
2025-09-16,COL202509160,COL,"Moniak, Mickey",monim001,2,0,empty,empty,1,strikeout,4,0,3
2025-09-16,COL202509160,COL,"Goodman, Hunter",goodh001,2,1,empty,empty,1,field_error,4,0,3
2025-09-16,COL202509160,COL,"Beck, Jordan",beckj003,2,1,2B,2B,1,field_out,4,0,3
2025-09-16,COL202509160,COL,"Tovar, Ezequiel",tovae001,2,2,2B,2B,1,field_out,4,0,3
2025-09-16,COL202509160,COL,"Doyle, Brenton",doylb001,2,0,empty,empty,1,field_out,5,0,3
2025-09-16,COL202509160,COL,"Crim, Blaine",crimb001,2,1,empty,empty,1,field_out,5,0,3
2025-09-16,COL202509160,COL,"Karros, Kyle",karrk001,2,2,empty,empty,1,field_out,5,0,3
2025-09-16,COL202509160,COL,"Ritter, Ryan",rittr002,2,0,empty,empty,1,field_out,6,0,6
2025-09-16,COL202509160,COL,"Freeman, Tyler",freet001,3,1,empty,empty,1,walk,6,0,6
2025-09-16,COL202509160,COL,"Moniak, Mickey",monim001,3,1,1B,1B,1,field_out,6,0,6
2025-09-16,COL202509160,COL,"Goodman, Hunter",goodh001,3,2,1B,1B,1,field_out,6,0,6
2025-09-16,COL202509160,COL,"Beck, Jordan",beckj003,3,0,empty,empty,1,field_out,7,0,6
2025-09-16,COL202509160,COL,"Tovar, Ezequiel",tovae001,3,1,empty,empty,1,field_out,7,0,6
2025-09-16,COL202509160,COL,"Doyle, Brenton",doylb001,3,2,empty,empty,1,strikeout,7,0,6
2025-09-16,COL202509160,COL,"Crim, Blaine",crimb001,3,0,empty,empty,1,field_out,8,0,6
2025-09-16,COL202509160,COL,"Karros, Kyle",karrk001,3,1,empty,empty,1,single,8,0,6
2025-09-16,COL202509160,COL,"Ritter, Ryan",rittr002,3,1,1B,1B,1,strikeout,8,0,6
2025-09-16,COL202509160,COL,"Freeman, Tyler",freet001,4,2,1B,1B,1,single,8,0,6
2025-09-16,COL202509160,COL,"Moniak, Mickey",monim001,4,2,1B+3B,1B+3B,1,home_run,8,0,6
2025-09-16,COL202509160,COL,"Goodman, Hunter",goodh001,4,2,empty,empty,1,single,8,3,6
2025-09-16,COL202509160,COL,"Beck, Jordan",beckj003,4,2,1B,2B,0,walk,8,3,6
2025-09-16,COL202509160,COL,"Tovar, Ezequiel",tovae001,4,2,1B+2B,1B+2B,1,field_out,8,3,6
2025-09-16,COL202509160,COL,"Doyle, Brenton",doylb001,4,0,empty,empty,1,single,9,3,6
2025-09-16,COL202509160,COL,"Crim, Blaine",crimb001,4,0,1B,1B,1,strikeout,9,3,6
2025-09-16,COL202509160,COL,"Karros, Kyle",karrk001,4,1,1B,1B,1,single,9,3,6
2025-09-16,COL202509160,COL,"Fernandez, Yanquiel",ferny001,1,1,1B+3B,1B+3B,1,sac_fly,9,3,6
2025-09-16,COL202509160,COL,"Freeman, Tyler",freet001,5,2,1B,1B,1,hit_by_pitch,9,4,6
2025-09-16,COL202509160,COL,"Moniak, Mickey",monim001,5,2,1B+2B,1B+2B,1,single,9,4,6
2025-09-16,COL202509160,COL,"Goodman, Hunter",goodh001,5,2,1B+3B,1B+3B,1,field_out,9,5,6
2025-09-17,COL202509170,COL,"Freeman, Tyler",freet001,1,0,empty,empty,1,field_out,1,0,0
2025-09-17,COL202509170,COL,"Goodman, Hunter",goodh001,1,1,empty,empty,1,single,1,0,0
2025-09-17,COL202509170,COL,"Beck, Jordan",beckj003,1,1,1B,1B,1,field_out,1,0,0
2025-09-17,COL202509170,COL,"Doyle, Brenton",doylb001,1,2,2B,2B,1,field_out,1,0,0
2025-09-17,COL202509170,COL,"Tovar, Ezequiel",tovae001,1,0,empty,empty,1,single,2,0,0
2025-09-17,COL202509170,COL,"Crim, Blaine",crimb001,1,0,1B,1B,1,walk,2,0,0
2025-09-17,COL202509170,COL,"Farmer, Kyle",farmk001,1,0,1B+2B,1B+2B,1,single,2,0,0
2025-09-17,COL202509170,COL,"Fulford, Braxton",fulfb001,1,0,1B+3B,1B+3B,1,sac_fly,2,1,0
2025-09-17,COL202509170,COL,"Arcia, Orlando",arcio002,1,1,1B,1B,1,field_out,2,2,0
2025-09-17,COL202509170,COL,"Freeman, Tyler",freet001,2,2,1B,1B,1,single,2,2,0
2025-09-17,COL202509170,COL,"Goodman, Hunter",goodh001,2,2,1B+2B,2B+3B,0,walk,2,2,0
2025-09-17,COL202509170,COL,"Beck, Jordan",beckj003,2,2,1B+2B+3B,1B+2B+3B,1,field_out,2,2,0
2025-09-17,COL202509170,COL,"Doyle, Brenton",doylb001,2,0,empty,empty,1,field_out,3,2,1
2025-09-17,COL202509170,COL,"Tovar, Ezequiel",tovae001,2,1,empty,empty,1,strikeout,3,2,1
2025-09-17,COL202509170,COL,"Crim, Blaine",crimb001,2,2,empty,empty,1,single,3,2,1
2025-09-17,COL202509170,COL,"Farmer, Kyle",farmk001,2,2,1B,1B,1,single,3,2,1
2025-09-17,COL202509170,COL,"Fulford, Braxton",fulfb001,2,2,1B+2B,1B+2B,1,field_out,3,2,1
2025-09-17,COL202509170,COL,"Arcia, Orlando",arcio002,2,0,empty,empty,1,strikeout,4,2,3
2025-09-17,COL202509170,COL,"Freeman, Tyler",freet001,3,1,empty,empty,1,field_out,4,2,3
2025-09-17,COL202509170,COL,"Goodman, Hunter",goodh001,3,2,empty,empty,1,double,4,2,3
2025-09-17,COL202509170,COL,"Beck, Jordan",beckj003,3,2,2B,2B,1,single,4,2,3
2025-09-17,COL202509170,COL,"Doyle, Brenton",doylb001,3,2,1B,1B,1,field_out,4,3,3
2025-09-17,COL202509170,COL,"Tovar, Ezequiel",tovae001,3,0,empty,empty,1,field_out,5,3,3
2025-09-17,COL202509170,COL,"Crim, Blaine",crimb001,3,1,empty,empty,1,field_out,5,3,3
2025-09-17,COL202509170,COL,"Farmer, Kyle",farmk001,3,2,empty,empty,1,strikeout,5,3,3
2025-09-17,COL202509170,COL,"Fulford, Braxton",fulfb001,3,0,empty,empty,1,field_out,6,3,4
2025-09-17,COL202509170,COL,"Moniak, Mickey",monim001,1,1,empty,empty,1,strikeout,6,3,4
2025-09-17,COL202509170,COL,"Freeman, Tyler",freet001,4,2,empty,empty,1,field_out,6,3,4
2025-09-17,COL202509170,COL,"Goodman, Hunter",goodh001,4,0,empty,empty,1,field_out,7,3,5
2025-09-17,COL202509170,COL,"Beck, Jordan",beckj003,4,1,empty,empty,1,field_out,7,3,5
2025-09-17,COL202509170,COL,"Doyle, Brenton",doylb001,4,2,empty,empty,1,walk,7,3,5
2025-09-17,COL202509170,COL,"Tovar, Ezequiel",tovae001,4,2,1B,1B,1,field_out,7,3,5
2025-09-17,COL202509170,COL,"Crim, Blaine",crimb001,4,0,empty,empty,1,strikeout,8,3,7
2025-09-17,COL202509170,COL,"Fernandez, Yanquiel",ferny001,1,1,empty,empty,1,field_out,8,3,7
2025-09-17,COL202509170,COL,"Fulford, Braxton",fulfb001,4,2,empty,empty,1,field_out,8,3,7
2025-09-17,COL202509170,COL,"Moniak, Mickey",monim001,2,0,empty,empty,1,home_run,9,3,8
2025-09-17,COL202509170,COL,"Freeman, Tyler",freet001,5,0,empty,empty,1,field_out,9,4,8
2025-09-17,COL202509170,COL,"Goodman, Hunter",goodh001,5,1,empty,empty,1,single,9,4,8
2025-09-17,COL202509170,COL,"Beck, Jordan",beckj003,5,1,1B,1B,1,single,9,4,8
2025-09-17,COL202509170,COL,"Doyle, Brenton",doylb001,5,1,1B+2B,1B+2B,1,field_out,9,4,8
2025-09-17,COL202509170,COL,"Tovar, Ezequiel",tovae001,5,2,1B+2B,1B+2B,1,field_out,9,4,8
2025-09-18,COL202509180,COL,"Freeman, Tyler",freet001,1,0,empty,empty,1,single,1,0,0
2025-09-18,COL202509180,COL,"Moniak, Mickey",monim001,1,0,1B,2B,0,field_out,1,0,0
2025-09-18,COL202509180,COL,"Goodman, Hunter",goodh001,1,1,3B,3B,1,strikeout,1,0,0
2025-09-18,COL202509180,COL,"Beck, Jordan",beckj003,1,2,3B,3B,1,strikeout,1,0,0
2025-09-18,COL202509180,COL,"Tovar, Ezequiel",tovae001,1,0,empty,empty,1,single,2,0,1
2025-09-18,COL202509180,COL,"Crim, Blaine",crimb001,1,1,1B,empty,0,home_run,2,0,1
2025-09-18,COL202509180,COL,"Karros, Kyle",karrk001,1,1,empty,empty,1,hit_by_pitch,2,1,1
2025-09-18,COL202509180,COL,"Fernandez, Yanquiel",ferny001,1,1,1B,1B,1,walk,2,1,1
2025-09-18,COL202509180,COL,"Ritter, Ryan",rittr002,1,1,1B+2B,1B+2B,1,strikeout,2,1,1
2025-09-18,COL202509180,COL,"Freeman, Tyler",freet001,2,2,1B+2B,1B+2B,1,single,2,1,1
2025-09-18,COL202509180,COL,"Moniak, Mickey",monim001,2,2,1B+2B,1B+2B,1,field_out,2,2,1
2025-09-18,COL202509180,COL,"Goodman, Hunter",goodh001,2,0,empty,empty,1,field_out,3,2,4
2025-09-18,COL202509180,COL,"Beck, Jordan",beckj003,2,1,empty,empty,1,strikeout,3,2,4
2025-09-18,COL202509180,COL,"Tovar, Ezequiel",tovae001,2,2,empty,empty,1,field_out,3,2,4
2025-09-18,COL202509180,COL,"Crim, Blaine",crimb001,2,0,empty,empty,1,strikeout,4,2,4
2025-09-18,COL202509180,COL,"Karros, Kyle",karrk001,2,1,empty,empty,1,field_out,4,2,4
2025-09-18,COL202509180,COL,"Fernandez, Yanquiel",ferny001,2,2,empty,empty,1,strikeout,4,2,4
2025-09-18,COL202509180,COL,"Ritter, Ryan",rittr002,2,0,empty,empty,1,field_out,5,2,4
2025-09-18,COL202509180,COL,"Freeman, Tyler",freet001,3,1,empty,empty,1,field_out,5,2,4
2025-09-18,COL202509180,COL,"Moniak, Mickey",monim001,3,2,empty,empty,1,field_out,5,2,4
2025-09-18,COL202509180,COL,"Goodman, Hunter",goodh001,3,0,empty,empty,1,field_out,6,2,4
2025-09-18,COL202509180,COL,"Beck, Jordan",beckj003,3,1,empty,empty,1,strikeout,6,2,4
2025-09-18,COL202509180,COL,"Tovar, Ezequiel",tovae001,3,2,empty,empty,1,field_out,6,2,4
2025-09-18,COL202509180,COL,"Crim, Blaine",crimb001,3,0,empty,empty,1,field_out,7,2,6
2025-09-18,COL202509180,COL,"Karros, Kyle",karrk001,3,1,empty,empty,1,strikeout,7,2,6
2025-09-18,COL202509180,COL,"Fernandez, Yanquiel",ferny001,3,2,empty,empty,1,home_run,7,2,6
2025-09-18,COL202509180,COL,"Ritter, Ryan",rittr002,3,2,empty,empty,1,walk,7,3,6
2025-09-18,COL202509180,COL,"Freeman, Tyler",freet001,4,2,1B,1B,1,field_out,7,3,6
2025-09-18,COL202509180,COL,"Moniak, Mickey",monim001,4,0,empty,empty,1,double,8,3,7
2025-09-18,COL202509180,COL,"Goodman, Hunter",goodh001,4,0,2B,2B,1,field_out,8,3,7
2025-09-18,COL202509180,COL,"Beck, Jordan",beckj003,4,1,3B,3B,1,strikeout,8,3,7
2025-09-18,COL202509180,COL,"Tovar, Ezequiel",tovae001,4,2,3B,3B,1,field_out,8,3,7
2025-09-18,COL202509180,COL,"Crim, Blaine",crimb001,4,0,empty,empty,1,home_run,9,3,9
2025-09-18,COL202509180,COL,"Karros, Kyle",karrk001,4,0,empty,empty,1,field_out,9,4,9
2025-09-18,COL202509180,COL,"Fernandez, Yanquiel",ferny001,4,1,empty,empty,1,double,9,4,9
2025-09-18,COL202509180,COL,"Ritter, Ryan",rittr002,4,1,2B,2B,1,double,9,4,9
2025-09-18,COL202509180,COL,"Freeman, Tyler",freet001,5,1,2B,2B,1,field_out,9,5,9
2025-09-18,COL202509180,COL,"Moniak, Mickey",monim001,5,2,3B,3B,1,home_run,9,5,9
2025-09-18,COL202509180,COL,"Goodman, Hunter",goodh001,5,2,empty,empty,1,single,9,7,9
2025-09-18,COL202509180,COL,"Beck, Jordan",beckj003,5,2,1B,1B,1,field_out,9,7,9
2025-09-19,COL202509190,COL,"Freeman, Tyler",freet001,1,0,empty,empty,1,double,1,0,0
2025-09-19,COL202509190,COL,"Moniak, Mickey",monim001,1,0,2B,2B,1,strikeout,1,0,0
2025-09-19,COL202509190,COL,"Goodman, Hunter",goodh001,1,1,2B,2B,1,triple,1,0,0
2025-09-19,COL202509190,COL,"Crim, Blaine",crimb001,1,1,3B,3B,1,sac_fly,1,1,0
2025-09-19,COL202509190,COL,"Doyle, Brenton",doylb001,1,2,empty,empty,1,strikeout,1,2,0
2025-09-19,COL202509190,COL,"Tovar, Ezequiel",tovae001,1,0,empty,empty,1,single,2,2,3
2025-09-19,COL202509190,COL,"Farmer, Kyle",farmk001,1,0,1B,1B,1,strikeout,2,2,3
2025-09-19,COL202509190,COL,"Karros, Kyle",karrk001,1,1,1B,1B,1,walk,2,2,3
2025-09-19,COL202509190,COL,"Ritter, Ryan",rittr002,1,1,1B+2B,1B+2B,1,field_out,2,2,3
2025-09-19,COL202509190,COL,"Freeman, Tyler",freet001,2,2,1B+2B,1B+2B,1,single,2,2,3
2025-09-19,COL202509190,COL,"Moniak, Mickey",monim001,2,2,1B+3B,1B+3B,1,strikeout,2,3,3
2025-09-19,COL202509190,COL,"Goodman, Hunter",goodh001,2,0,empty,empty,1,field_out,3,3,3
2025-09-19,COL202509190,COL,"Crim, Blaine",crimb001,2,1,empty,empty,1,field_out,3,3,3
2025-09-19,COL202509190,COL,"Doyle, Brenton",doylb001,2,2,empty,empty,1,strikeout,3,3,3
2025-09-19,COL202509190,COL,"Tovar, Ezequiel",tovae001,2,0,empty,empty,1,field_out,4,3,3
2025-09-19,COL202509190,COL,"Farmer, Kyle",farmk001,2,1,empty,empty,1,field_out,4,3,3
2025-09-19,COL202509190,COL,"Karros, Kyle",karrk001,2,2,empty,empty,1,single,4,3,3
2025-09-19,COL202509190,COL,"Ritter, Ryan",rittr002,2,2,1B,1B,1,field_out,4,3,3
2025-09-19,COL202509190,COL,"Freeman, Tyler",freet001,3,0,empty,empty,1,single,5,3,6
2025-09-19,COL202509190,COL,"Moniak, Mickey",monim001,3,0,1B,1B,1,single,5,3,6
2025-09-19,COL202509190,COL,"Goodman, Hunter",goodh001,3,0,1B+2B,1B+2B,1,walk,5,3,6
2025-09-19,COL202509190,COL,"Crim, Blaine",crimb001,3,0,1B+2B+3B,1B+2B+3B,1,sac_fly,5,3,6
2025-09-19,COL202509190,COL,"Doyle, Brenton",doylb001,3,1,2B+3B,2B+3B,1,single,5,4,6
2025-09-19,COL202509190,COL,"Tovar, Ezequiel",tovae001,3,1,2B,3B,0,sac_fly,5,6,6
2025-09-19,COL202509190,COL,"Fernandez, Yanquiel",ferny001,1,2,empty,empty,1,walk,5,7,6
2025-09-19,COL202509190,COL,"Karros, Kyle",karrk001,3,2,1B,1B,1,field_out,5,7,6
2025-09-19,COL202509190,COL,"Ritter, Ryan",rittr002,3,0,empty,empty,1,single,6,7,6
2025-09-19,COL202509190,COL,"Freeman, Tyler",freet001,4,0,1B,3B,0,field_out,6,7,6
2025-09-19,COL202509190,COL,"Moniak, Mickey",monim001,4,1,3B,3B,1,field_out,6,7,6
2025-09-19,COL202509190,COL,"Goodman, Hunter",goodh001,4,2,3B,3B,1,strikeout,6,7,6
2025-09-19,COL202509190,COL,"Crim, Blaine",crimb001,4,0,empty,empty,1,single,7,7,6
2025-09-19,COL202509190,COL,"Doyle, Brenton",doylb001,4,0,1B,1B,1,strikeout_double_play,7,7,6
2025-09-19,COL202509190,COL,"Tovar, Ezequiel",tovae001,4,2,empty,empty,1,strikeout,7,7,6
2025-09-19,COL202509190,COL,"Beck, Jordan",beckj003,1,0,empty,empty,1,field_out,8,7,6
2025-09-19,COL202509190,COL,"Karros, Kyle",karrk001,4,1,empty,empty,1,strikeout,8,7,6
2025-09-19,COL202509190,COL,"Ritter, Ryan",rittr002,4,2,empty,empty,1,field_out,8,7,6
2025-09-20,COL202509200,COL,"Freeman, Tyler",freet001,1,0,empty,empty,1,field_out,1,0,0
2025-09-20,COL202509200,COL,"Moniak, Mickey",monim001,1,1,empty,empty,1,field_out,1,0,0
2025-09-20,COL202509200,COL,"Goodman, Hunter",goodh001,1,2,empty,empty,1,single,1,0,0
2025-09-20,COL202509200,COL,"Crim, Blaine",crimb001,1,2,1B,1B,1,strikeout,1,0,0
2025-09-20,COL202509200,COL,"Beck, Jordan",beckj003,1,0,empty,empty,1,single,2,0,1
2025-09-20,COL202509200,COL,"Tovar, Ezequiel",tovae001,1,0,1B,2B,0,sac_bunt,2,0,1
2025-09-20,COL202509200,COL,"Doyle, Brenton",doylb001,1,1,3B,3B,1,double_play,2,0,1
2025-09-20,COL202509200,COL,"Fernandez, Yanquiel",ferny001,1,0,empty,empty,1,field_out,3,0,1
2025-09-20,COL202509200,COL,"Arcia, Orlando",arcio002,1,1,empty,empty,1,strikeout,3,0,1
2025-09-20,COL202509200,COL,"Freeman, Tyler",freet001,2,2,empty,empty,1,strikeout,3,0,1
2025-09-20,COL202509200,COL,"Moniak, Mickey",monim001,2,0,empty,empty,1,field_out,4,0,1
2025-09-20,COL202509200,COL,"Goodman, Hunter",goodh001,2,1,empty,empty,1,field_out,4,0,1
2025-09-20,COL202509200,COL,"Crim, Blaine",crimb001,2,2,empty,empty,1,single,4,0,1
2025-09-20,COL202509200,COL,"Beck, Jordan",beckj003,2,2,1B,1B,1,field_out,4,0,1
2025-09-20,COL202509200,COL,"Tovar, Ezequiel",tovae001,2,0,empty,empty,1,field_out,5,0,1
2025-09-20,COL202509200,COL,"Doyle, Brenton",doylb001,2,1,empty,empty,1,field_out,5,0,1
2025-09-20,COL202509200,COL,"Fernandez, Yanquiel",ferny001,2,2,empty,empty,1,strikeout,5,0,1
2025-09-20,COL202509200,COL,"Arcia, Orlando",arcio002,2,0,empty,empty,1,field_error,6,0,2
2025-09-20,COL202509200,COL,"Freeman, Tyler",freet001,3,0,1B,1B,1,field_out,6,0,2
2025-09-20,COL202509200,COL,"Moniak, Mickey",monim001,3,1,1B,1B,1,field_out,6,0,2
2025-09-20,COL202509200,COL,"Goodman, Hunter",goodh001,3,2,1B,1B,1,strikeout,6,0,2
2025-09-20,COL202509200,COL,"Crim, Blaine",crimb001,3,0,empty,empty,1,field_out,7,0,2
2025-09-20,COL202509200,COL,"Beck, Jordan",beckj003,3,1,empty,empty,1,field_out,7,0,2
2025-09-20,COL202509200,COL,"Tovar, Ezequiel",tovae001,3,2,empty,empty,1,field_out,7,0,2
2025-09-20,COL202509200,COL,"Doyle, Brenton",doylb001,3,0,empty,empty,1,field_out,8,0,3
2025-09-20,COL202509200,COL,"Fernandez, Yanquiel",ferny001,3,1,empty,empty,1,field_out,8,0,3
2025-09-20,COL202509200,COL,"Arcia, Orlando",arcio002,3,2,empty,empty,1,strikeout,8,0,3
2025-09-20,COL202509200,COL,"Freeman, Tyler",freet001,4,0,empty,empty,1,field_out,9,0,3
2025-09-20,COL202509200,COL,"Moniak, Mickey",monim001,4,1,empty,empty,1,single,9,0,3
2025-09-20,COL202509200,COL,"Goodman, Hunter",goodh001,4,1,1B,1B,1,single,9,0,3
2025-09-20,COL202509200,COL,"Crim, Blaine",crimb001,4,1,1B+3B,1B+3B,1,walk,9,0,3
2025-09-20,COL202509200,COL,"Beck, Jordan",beckj003,4,1,1B+2B+3B,1B+2B+3B,1,grounded_into_double_play,9,0,3
2025-09-21,COL202509210,COL,"Moniak, Mickey",monim001,1,0,empty,empty,1,field_out,1,0,1
2025-09-21,COL202509210,COL,"Tovar, Ezequiel",tovae001,1,1,empty,empty,1,field_out,1,0,1
2025-09-21,COL202509210,COL,"Goodman, Hunter",goodh001,1,2,empty,empty,1,strikeout,1,0,1
2025-09-21,COL202509210,COL,"Crim, Blaine",crimb001,1,0,empty,empty,1,walk,2,0,1
2025-09-21,COL202509210,COL,"Beck, Jordan",beckj003,1,0,1B,1B,1,walk,2,0,1
2025-09-21,COL202509210,COL,"Doyle, Brenton",doylb001,1,0,1B+2B,1B+2B,1,field_out,2,0,1
2025-09-21,COL202509210,COL,"Karros, Kyle",karrk001,1,1,1B+3B,1B+3B,1,sac_fly,2,0,1
2025-09-21,COL202509210,COL,"Fulford, Braxton",fulfb001,1,2,1B,2B,0,walk,2,1,1
2025-09-21,COL202509210,COL,"Ritter, Ryan",rittr002,1,2,1B+2B,1B+2B,1,field_out,2,1,1
2025-09-21,COL202509210,COL,"Moniak, Mickey",monim001,2,0,empty,empty,1,strikeout,3,1,1
2025-09-21,COL202509210,COL,"Tovar, Ezequiel",tovae001,2,1,empty,empty,1,field_out,3,1,1
2025-09-21,COL202509210,COL,"Goodman, Hunter",goodh001,2,2,empty,empty,1,field_out,3,1,1
2025-09-21,COL202509210,COL,"Crim, Blaine",crimb001,2,0,empty,empty,1,home_run,4,1,1
2025-09-21,COL202509210,COL,"Beck, Jordan",beckj003,2,0,empty,empty,1,field_out,4,2,1
2025-09-21,COL202509210,COL,"Doyle, Brenton",doylb001,2,1,empty,empty,1,strikeout,4,2,1
2025-09-21,COL202509210,COL,"Karros, Kyle",karrk001,2,2,empty,empty,1,strikeout,4,2,1
2025-09-21,COL202509210,COL,"Fulford, Braxton",fulfb001,2,0,empty,empty,1,field_out,5,2,1
2025-09-21,COL202509210,COL,"Ritter, Ryan",rittr002,2,1,empty,empty,1,single,5,2,1
2025-09-21,COL202509210,COL,"Moniak, Mickey",monim001,3,1,1B,1B,1,field_out,5,2,1
2025-09-21,COL202509210,COL,"Tovar, Ezequiel",tovae001,3,0,1B,empty,0,single,6,2,1
2025-09-21,COL202509210,COL,"Goodman, Hunter",goodh001,3,0,1B,1B,1,field_out,6,2,1
2025-09-21,COL202509210,COL,"Crim, Blaine",crimb001,3,1,2B,2B,1,strikeout,6,2,1
2025-09-21,COL202509210,COL,"Beck, Jordan",beckj003,3,2,2B,2B,1,field_out,6,2,1
2025-09-21,COL202509210,COL,"Doyle, Brenton",doylb001,3,0,empty,empty,1,strikeout,7,2,1
2025-09-21,COL202509210,COL,"Karros, Kyle",karrk001,3,1,empty,empty,1,strikeout,7,2,1
2025-09-21,COL202509210,COL,"Fulford, Braxton",fulfb001,3,2,empty,empty,1,double,7,2,1
2025-09-21,COL202509210,COL,"Ritter, Ryan",rittr002,3,2,2B,2B,1,strikeout,7,2,1
2025-09-21,COL202509210,COL,"Moniak, Mickey",monim001,4,0,empty,empty,1,walk,8,2,1
2025-09-21,COL202509210,COL,"Tovar, Ezequiel",tovae001,4,0,1B,1B,1,walk,8,2,1
2025-09-21,COL202509210,COL,"Goodman, Hunter",goodh001,4,0,1B+2B,1B+2B,1,strikeout,8,2,1
2025-09-21,COL202509210,COL,"Crim, Blaine",crimb001,4,1,1B+2B,2B+3B,0,fielders_choice_out,8,2,1
2025-09-21,COL202509210,COL,"Beck, Jordan",beckj003,4,2,1B,1B,1,field_out,8,3,1
2025-09-23,SEA202509230,COL,"Moniak, Mickey",monim001,1,0,empty,empty,1,field_out,1,0,0
2025-09-23,SEA202509230,COL,"Goodman, Hunter",goodh001,1,1,empty,empty,1,field_out,1,0,0
2025-09-23,SEA202509230,COL,"Crim, Blaine",crimb001,1,2,empty,empty,1,field_out,1,0,0
2025-09-23,SEA202509230,COL,"Beck, Jordan",beckj003,1,0,empty,empty,1,double,2,0,0
2025-09-23,SEA202509230,COL,"Tovar, Ezequiel",tovae001,1,0,2B,2B,1,sac_bunt,2,0,0
2025-09-23,SEA202509230,COL,"Doyle, Brenton",doylb001,1,1,3B,3B,1,strikeout,2,0,0
2025-09-23,SEA202509230,COL,"Karros, Kyle",karrk001,1,2,3B,3B,1,single,2,0,0
2025-09-23,SEA202509230,COL,"Farmer, Kyle",farmk001,1,2,1B,1B,1,strikeout,2,1,0
2025-09-23,SEA202509230,COL,"Ritter, Ryan",rittr002,1,0,empty,empty,1,field_out,3,1,0
2025-09-23,SEA202509230,COL,"Moniak, Mickey",monim001,2,1,empty,empty,1,field_out,3,1,0
2025-09-23,SEA202509230,COL,"Goodman, Hunter",goodh001,2,2,empty,empty,1,single,3,1,0
2025-09-23,SEA202509230,COL,"Crim, Blaine",crimb001,2,2,1B,1B,1,field_out,3,1,0
2025-09-23,SEA202509230,COL,"Beck, Jordan",beckj003,2,0,empty,empty,1,strikeout,4,1,0
2025-09-23,SEA202509230,COL,"Tovar, Ezequiel",tovae001,2,1,empty,empty,1,strikeout,4,1,0
2025-09-23,SEA202509230,COL,"Doyle, Brenton",doylb001,2,2,empty,empty,1,field_out,4,1,0
2025-09-23,SEA202509230,COL,"Karros, Kyle",karrk001,2,0,empty,empty,1,single,5,1,0
2025-09-23,SEA202509230,COL,"Farmer, Kyle",farmk001,2,0,1B,1B,1,field_out,5,1,0
2025-09-23,SEA202509230,COL,"Ritter, Ryan",rittr002,2,1,1B,1B,1,grounded_into_double_play,5,1,0
2025-09-23,SEA202509230,COL,"Moniak, Mickey",monim001,3,0,empty,empty,1,double,6,1,1
2025-09-23,SEA202509230,COL,"Goodman, Hunter",goodh001,3,0,2B,2B,1,field_out,6,1,1
2025-09-23,SEA202509230,COL,"Crim, Blaine",crimb001,3,1,2B,2B,1,walk,6,1,1
2025-09-23,SEA202509230,COL,"Beck, Jordan",beckj003,3,1,1B+2B,1B+2B,1,field_out,6,1,1
2025-09-23,SEA202509230,COL,"Tovar, Ezequiel",tovae001,3,2,2B+3B,2B+3B,1,single,6,1,1
2025-09-23,SEA202509230,COL,"Doyle, Brenton",doylb001,3,2,2B,2B,1,field_out,6,3,1
2025-09-23,SEA202509230,COL,"Karros, Kyle",karrk001,3,0,empty,empty,1,strikeout,7,3,1
2025-09-23,SEA202509230,COL,"Farmer, Kyle",farmk001,3,1,empty,empty,1,field_error,7,3,1
2025-09-23,SEA202509230,COL,"Ritter, Ryan",rittr002,3,1,1B,1B,1,grounded_into_double_play,7,3,1
2025-09-23,SEA202509230,COL,"Moniak, Mickey",monim001,4,0,empty,empty,1,strikeout,8,3,1
2025-09-23,SEA202509230,COL,"Goodman, Hunter",goodh001,4,1,empty,empty,1,strikeout,8,3,1
2025-09-23,SEA202509230,COL,"Crim, Blaine",crimb001,4,2,empty,empty,1,single,8,3,1
2025-09-23,SEA202509230,COL,"Beck, Jordan",beckj003,4,2,1B,1B,1,strikeout,8,3,1
2025-09-23,SEA202509230,COL,"Tovar, Ezequiel",tovae001,4,0,empty,empty,1,strikeout,9,3,4
2025-09-23,SEA202509230,COL,"Doyle, Brenton",doylb001,4,1,empty,empty,1,field_out,9,3,4
2025-09-23,SEA202509230,COL,"Karros, Kyle",karrk001,4,2,empty,empty,1,strikeout,9,3,4
2025-09-24,SEA202509240,COL,"Moniak, Mickey",monim001,1,0,empty,empty,1,strikeout,1,0,0
2025-09-24,SEA202509240,COL,"Goodman, Hunter",goodh001,1,1,empty,empty,1,field_out,1,0,0
2025-09-24,SEA202509240,COL,"Crim, Blaine",crimb001,1,2,empty,empty,1,field_out,1,0,0
2025-09-24,SEA202509240,COL,"Beck, Jordan",beckj003,1,0,empty,empty,1,field_out,2,0,3
2025-09-24,SEA202509240,COL,"Tovar, Ezequiel",tovae001,1,1,empty,empty,1,field_out,2,0,3
2025-09-24,SEA202509240,COL,"Karros, Kyle",karrk001,1,2,empty,empty,1,field_out,2,0,3
2025-09-24,SEA202509240,COL,"Fernandez, Yanquiel",ferny001,1,0,empty,empty,1,strikeout,3,0,5
2025-09-24,SEA202509240,COL,"Bernabel, Warming",bernw002,1,1,empty,empty,1,field_out,3,0,5
2025-09-24,SEA202509240,COL,"Arcia, Orlando",arcio002,1,2,empty,empty,1,field_out,3,0,5
2025-09-24,SEA202509240,COL,"Moniak, Mickey",monim001,2,0,empty,empty,1,strikeout,4,0,5
2025-09-24,SEA202509240,COL,"Goodman, Hunter",goodh001,2,1,empty,empty,1,field_out,4,0,5
2025-09-24,SEA202509240,COL,"Crim, Blaine",crimb001,2,2,empty,empty,1,home_run,4,0,5
2025-09-24,SEA202509240,COL,"Beck, Jordan",beckj003,2,2,empty,empty,1,strikeout,4,1,5
2025-09-24,SEA202509240,COL,"Tovar, Ezequiel",tovae001,2,0,empty,empty,1,strikeout,5,1,7
2025-09-24,SEA202509240,COL,"Karros, Kyle",karrk001,2,1,empty,empty,1,strikeout,5,1,7
2025-09-24,SEA202509240,COL,"Fernandez, Yanquiel",ferny001,2,2,empty,empty,1,strikeout,5,1,7
2025-09-24,SEA202509240,COL,"Bernabel, Warming",bernw002,2,0,empty,empty,1,field_out,6,1,7
2025-09-24,SEA202509240,COL,"Arcia, Orlando",arcio002,2,1,empty,empty,1,strikeout,6,1,7
2025-09-24,SEA202509240,COL,"Moniak, Mickey",monim001,3,2,empty,empty,1,field_out,6,1,7
2025-09-24,SEA202509240,COL,"Goodman, Hunter",goodh001,3,0,empty,empty,1,field_out,7,1,7
2025-09-24,SEA202509240,COL,"Crim, Blaine",crimb001,3,1,empty,empty,1,strikeout,7,1,7
2025-09-24,SEA202509240,COL,"Beck, Jordan",beckj003,3,2,empty,empty,1,strikeout,7,1,7
2025-09-24,SEA202509240,COL,"Tovar, Ezequiel",tovae001,3,0,empty,empty,1,field_out,8,1,8
2025-09-24,SEA202509240,COL,"Karros, Kyle",karrk001,3,1,empty,empty,1,field_out,8,1,8
2025-09-24,SEA202509240,COL,"Fernandez, Yanquiel",ferny001,3,2,empty,empty,1,field_out,8,1,8
2025-09-24,SEA202509240,COL,"Bernabel, Warming",bernw002,3,0,empty,empty,1,field_out,9,1,9
2025-09-24,SEA202509240,COL,"Arcia, Orlando",arcio002,3,1,empty,empty,1,walk,9,1,9
2025-09-24,SEA202509240,COL,"Moniak, Mickey",monim001,4,1,1B,1B,1,double,9,1,9
2025-09-24,SEA202509240,COL,"Goodman, Hunter",goodh001,4,1,2B+3B,2B+3B,1,field_out,9,1,9
2025-09-24,SEA202509240,COL,"Crim, Blaine",crimb001,4,2,3B,3B,1,strikeout,9,2,9
2025-09-25,SEA202509250,COL,"Moniak, Mickey",monim001,1,0,empty,empty,1,single,1,0,0
2025-09-25,SEA202509250,COL,"Goodman, Hunter",goodh001,1,0,1B,1B,1,field_out,1,0,0
2025-09-25,SEA202509250,COL,"Crim, Blaine",crimb001,1,1,1B,1B,1,strikeout,1,0,0
2025-09-25,SEA202509250,COL,"Beck, Jordan",beckj003,1,2,1B,1B,1,field_out,1,0,0
2025-09-25,SEA202509250,COL,"Tovar, Ezequiel",tovae001,1,0,empty,empty,1,strikeout,2,0,0
2025-09-25,SEA202509250,COL,"Doyle, Brenton",doylb001,1,1,empty,empty,1,field_out,2,0,0
2025-09-25,SEA202509250,COL,"Karros, Kyle",karrk001,1,2,empty,empty,1,strikeout,2,0,0
2025-09-25,SEA202509250,COL,"Fulford, Braxton",fulfb001,1,0,empty,empty,1,strikeout,3,0,2
2025-09-25,SEA202509250,COL,"Ritter, Ryan",rittr002,1,1,empty,empty,1,single,3,0,2
2025-09-25,SEA202509250,COL,"Moniak, Mickey",monim001,2,1,1B,1B,1,field_out,3,0,2
2025-09-25,SEA202509250,COL,"Goodman, Hunter",goodh001,2,2,1B,1B,1,strikeout,3,0,2
2025-09-25,SEA202509250,COL,"Crim, Blaine",crimb001,2,0,empty,empty,1,strikeout,4,0,2
2025-09-25,SEA202509250,COL,"Beck, Jordan",beckj003,2,1,empty,empty,1,strikeout,4,0,2
2025-09-25,SEA202509250,COL,"Tovar, Ezequiel",tovae001,2,2,empty,empty,1,field_out,4,0,2
2025-09-25,SEA202509250,COL,"Doyle, Brenton",doylb001,2,0,empty,empty,1,field_out,5,0,5
2025-09-25,SEA202509250,COL,"Karros, Kyle",karrk001,2,1,empty,empty,1,strikeout,5,0,5
2025-09-25,SEA202509250,COL,"Fulford, Braxton",fulfb001,2,2,empty,empty,1,single,5,0,5
2025-09-25,SEA202509250,COL,"Ritter, Ryan",rittr002,2,2,1B,1B,1,single,5,0,5
2025-09-25,SEA202509250,COL,"Moniak, Mickey",monim001,3,2,1B+3B,1B+3B,1,field_out,5,0,5
2025-09-25,SEA202509250,COL,"Goodman, Hunter",goodh001,3,0,empty,empty,1,field_out,6,0,6
2025-09-25,SEA202509250,COL,"Crim, Blaine",crimb001,3,1,empty,empty,1,double,6,0,6
2025-09-25,SEA202509250,COL,"Beck, Jordan",beckj003,3,1,2B,2B,1,strikeout,6,0,6
2025-09-25,SEA202509250,COL,"Tovar, Ezequiel",tovae001,3,2,2B,2B,1,single,6,0,6
2025-09-25,SEA202509250,COL,"Doyle, Brenton",doylb001,3,2,1B,1B,1,field_out,6,1,6
2025-09-25,SEA202509250,COL,"Karros, Kyle",karrk001,3,0,empty,empty,1,field_out,7,1,6
2025-09-25,SEA202509250,COL,"Fulford, Braxton",fulfb001,3,1,empty,empty,1,walk,7,1,6
2025-09-25,SEA202509250,COL,"Ritter, Ryan",rittr002,3,1,1B,1B,1,field_out,7,1,6
2025-09-25,SEA202509250,COL,"Moniak, Mickey",monim001,4,2,1B,1B,1,field_out,7,1,6
2025-09-25,SEA202509250,COL,"Goodman, Hunter",goodh001,4,0,empty,empty,1,double,8,1,6
2025-09-25,SEA202509250,COL,"Crim, Blaine",crimb001,4,0,2B,2B,1,walk,8,1,6
2025-09-25,SEA202509250,COL,"Beck, Jordan",beckj003,4,0,1B+2B,1B+2B,1,field_out,8,1,6
2025-09-25,SEA202509250,COL,"Tovar, Ezequiel",tovae001,4,1,1B+3B,1B+3B,1,strikeout,8,1,6
2025-09-25,SEA202509250,COL,"Doyle, Brenton",doylb001,4,2,1B+3B,1B+3B,1,strikeout,8,1,6
2025-09-25,SEA202509250,COL,"Karros, Kyle",karrk001,4,0,empty,empty,1,walk,9,1,6
2025-09-25,SEA202509250,COL,"Fulford, Braxton",fulfb001,4,0,1B,1B,1,strikeout,9,1,6
2025-09-25,SEA202509250,COL,"Ritter, Ryan",rittr002,4,1,1B,1B,1,single,9,1,6
2025-09-25,SEA202509250,COL,"Fernandez, Yanquiel",ferny001,1,1,1B+2B,1B+2B,1,strikeout,9,1,6
2025-09-25,SEA202509250,COL,"Goodman, Hunter",goodh001,5,2,1B+2B,1B+2B,1,single,9,1,6
2025-09-25,SEA202509250,COL,"Crim, Blaine",crimb001,5,2,1B+2B,1B+2B,1,field_out,9,2,6
2025-09-26,SFN202509260,COL,"Tovar, Ezequiel",tovae001,1,0,empty,empty,1,field_out,1,0,0
2025-09-26,SFN202509260,COL,"Goodman, Hunter",goodh001,1,1,empty,empty,1,strikeout,1,0,0
2025-09-26,SFN202509260,COL,"Crim, Blaine",crimb001,1,2,empty,empty,1,single,1,0,0
2025-09-26,SFN202509260,COL,"Beck, Jordan",beckj003,1,2,1B,1B,1,strikeout,1,0,0
2025-09-26,SFN202509260,COL,"Fernandez, Yanquiel",ferny001,1,0,empty,empty,1,strikeout,2,0,2
2025-09-26,SFN202509260,COL,"Doyle, Brenton",doylb001,1,1,empty,empty,1,field_out,2,0,2
2025-09-26,SFN202509260,COL,"Karros, Kyle",karrk001,1,2,empty,empty,1,single,2,0,2
2025-09-26,SFN202509260,COL,"Fulford, Braxton",fulfb001,1,2,1B,1B,1,strikeout,2,0,2
2025-09-26,SFN202509260,COL,"Ritter, Ryan",rittr002,1,0,empty,empty,1,field_out,3,0,5
2025-09-26,SFN202509260,COL,"Tovar, Ezequiel",tovae001,2,1,empty,empty,1,field_out,3,0,5
2025-09-26,SFN202509260,COL,"Goodman, Hunter",goodh001,2,2,empty,empty,1,strikeout,3,0,5
2025-09-26,SFN202509260,COL,"Crim, Blaine",crimb001,2,0,empty,empty,1,strikeout,4,0,5
2025-09-26,SFN202509260,COL,"Beck, Jordan",beckj003,2,1,empty,empty,1,strikeout,4,0,5
2025-09-26,SFN202509260,COL,"Fernandez, Yanquiel",ferny001,2,2,empty,empty,1,field_out,4,0,5
2025-09-26,SFN202509260,COL,"Doyle, Brenton",doylb001,2,0,empty,empty,1,field_error,5,0,5
2025-09-26,SFN202509260,COL,"Karros, Kyle",karrk001,2,0,1B,1B,1,field_out,5,0,5
2025-09-26,SFN202509260,COL,"Fulford, Braxton",fulfb001,2,1,1B,1B,1,single,5,0,5
2025-09-26,SFN202509260,COL,"Ritter, Ryan",rittr002,2,1,1B+2B,2B+3B,0,strikeout,5,0,5
2025-09-26,SFN202509260,COL,"Tovar, Ezequiel",tovae001,3,2,2B+3B,2B+3B,1,home_run,5,0,5
2025-09-26,SFN202509260,COL,"Goodman, Hunter",goodh001,3,2,empty,empty,1,field_out,5,3,5
2025-09-26,SFN202509260,COL,"Crim, Blaine",crimb001,3,0,empty,empty,1,field_out,6,3,6
2025-09-26,SFN202509260,COL,"Beck, Jordan",beckj003,3,1,empty,empty,1,strikeout,6,3,6
2025-09-26,SFN202509260,COL,"Fernandez, Yanquiel",ferny001,3,2,empty,empty,1,field_out,6,3,6
2025-09-26,SFN202509260,COL,"Doyle, Brenton",doylb001,3,0,empty,empty,1,field_out,7,3,6
2025-09-26,SFN202509260,COL,"Karros, Kyle",karrk001,3,1,empty,empty,1,field_out,7,3,6
2025-09-26,SFN202509260,COL,"Fulford, Braxton",fulfb001,3,2,empty,empty,1,strikeout,7,3,6
2025-09-26,SFN202509260,COL,"Ritter, Ryan",rittr002,3,0,empty,empty,1,field_out,8,3,6
2025-09-26,SFN202509260,COL,"Tovar, Ezequiel",tovae001,4,1,empty,empty,1,single,8,3,6
2025-09-26,SFN202509260,COL,"Goodman, Hunter",goodh001,4,1,1B,1B,1,field_out,8,3,6
2025-09-26,SFN202509260,COL,"Crim, Blaine",crimb001,4,2,3B,3B,1,strikeout,8,3,6
2025-09-26,SFN202509260,COL,"Beck, Jordan",beckj003,4,0,empty,empty,1,strikeout,9,3,6
2025-09-26,SFN202509260,COL,"Fernandez, Yanquiel",ferny001,4,1,empty,empty,1,strikeout,9,3,6
2025-09-26,SFN202509260,COL,"Doyle, Brenton",doylb001,4,2,empty,empty,1,field_out,9,3,6
2025-09-27,SFN202509270,COL,"Tovar, Ezequiel",tovae001,1,0,empty,empty,1,strikeout,1,0,0
2025-09-27,SFN202509270,COL,"Goodman, Hunter",goodh001,1,1,empty,empty,1,home_run,1,0,0
2025-09-27,SFN202509270,COL,"Crim, Blaine",crimb001,1,1,empty,empty,1,field_out,1,1,0
2025-09-27,SFN202509270,COL,"Beck, Jordan",beckj003,1,2,empty,empty,1,field_out,1,1,0
2025-09-27,SFN202509270,COL,"Doyle, Brenton",doylb001,1,0,empty,empty,1,home_run,2,1,0
2025-09-27,SFN202509270,COL,"Fernandez, Yanquiel",ferny001,1,0,empty,empty,1,field_out,2,2,0
2025-09-27,SFN202509270,COL,"Karros, Kyle",karrk001,1,1,empty,empty,1,strikeout,2,2,0
2025-09-27,SFN202509270,COL,"Bernabel, Warming",bernw002,1,2,empty,empty,1,field_out,2,2,0
2025-09-27,SFN202509270,COL,"Ritter, Ryan",rittr002,1,0,empty,empty,1,strikeout,3,2,3
2025-09-27,SFN202509270,COL,"Tovar, Ezequiel",tovae001,2,1,empty,empty,1,field_out,3,2,3
2025-09-27,SFN202509270,COL,"Goodman, Hunter",goodh001,2,2,empty,empty,1,single,3,2,3
2025-09-27,SFN202509270,COL,"Crim, Blaine",crimb001,2,2,1B,1B,1,strikeout,3,2,3
2025-09-27,SFN202509270,COL,"Beck, Jordan",beckj003,2,0,empty,empty,1,field_out,4,2,3
2025-09-27,SFN202509270,COL,"Doyle, Brenton",doylb001,2,1,empty,empty,1,field_out,4,2,3
2025-09-27,SFN202509270,COL,"Fernandez, Yanquiel",ferny001,2,2,empty,empty,1,single,4,2,3
2025-09-27,SFN202509270,COL,"Karros, Kyle",karrk001,2,2,1B,2B,0,field_out,4,2,3
2025-09-27,SFN202509270,COL,"Bernabel, Warming",bernw002,2,0,empty,empty,1,field_out,5,2,3
2025-09-27,SFN202509270,COL,"Ritter, Ryan",rittr002,2,1,empty,empty,1,strikeout,5,2,3
2025-09-27,SFN202509270,COL,"Tovar, Ezequiel",tovae001,3,2,empty,empty,1,triple,5,2,3
2025-09-27,SFN202509270,COL,"Goodman, Hunter",goodh001,3,2,3B,3B,1,walk,5,2,3
2025-09-27,SFN202509270,COL,"Crim, Blaine",crimb001,3,2,1B+3B,1B+3B,1,strikeout,5,2,3
2025-09-27,SFN202509270,COL,"Beck, Jordan",beckj003,3,0,empty,empty,1,field_out,6,2,3
2025-09-27,SFN202509270,COL,"Doyle, Brenton",doylb001,3,1,empty,empty,1,strikeout,6,2,3
2025-09-27,SFN202509270,COL,"Fernandez, Yanquiel",ferny001,3,2,empty,empty,1,field_out,6,2,3
2025-09-27,SFN202509270,COL,"Karros, Kyle",karrk001,3,0,empty,empty,1,walk,7,2,3
2025-09-27,SFN202509270,COL,"Bernabel, Warming",bernw002,3,0,1B,1B,1,field_out,7,2,3
2025-09-27,SFN202509270,COL,"Ritter, Ryan",rittr002,3,1,1B,1B,1,grounded_into_double_play,7,2,3
2025-09-27,SFN202509270,COL,"Tovar, Ezequiel",tovae001,4,0,empty,empty,1,field_out,8,2,3
2025-09-27,SFN202509270,COL,"Goodman, Hunter",goodh001,4,1,empty,empty,1,field_out,8,2,3
2025-09-27,SFN202509270,COL,"Crim, Blaine",crimb001,4,2,empty,empty,1,field_out,8,2,3
2025-09-27,SFN202509270,COL,"Beck, Jordan",beckj003,4,0,empty,empty,1,home_run,9,2,4
2025-09-27,SFN202509270,COL,"Doyle, Brenton",doylb001,4,0,empty,empty,1,double,9,3,4
2025-09-27,SFN202509270,COL,"Fernandez, Yanquiel",ferny001,4,0,2B,2B,1,field_out,9,3,4
2025-09-27,SFN202509270,COL,"Karros, Kyle",karrk001,4,1,3B,3B,1,walk,9,3,4
2025-09-27,SFN202509270,COL,"Bernabel, Warming",bernw002,4,1,1B+3B,1B+3B,1,strikeout,9,3,4
2025-09-27,SFN202509270,COL,"Ritter, Ryan",rittr002,4,2,1B+3B,1B+3B,1,hit_by_pitch,9,3,4
2025-09-27,SFN202509270,COL,"Tovar, Ezequiel",tovae001,5,2,1B+2B+3B,1B+2B+3B,1,field_out,9,3,4
2025-09-28,SFN202509280,COL,"Tovar, Ezequiel",tovae001,1,0,empty,empty,1,strikeout,1,0,0
2025-09-28,SFN202509280,COL,"Goodman, Hunter",goodh001,1,1,empty,empty,1,strikeout,1,0,0
2025-09-28,SFN202509280,COL,"Crim, Blaine",crimb001,1,2,empty,empty,1,strikeout,1,0,0
2025-09-28,SFN202509280,COL,"Beck, Jordan",beckj003,1,0,empty,empty,1,field_out,2,0,1
2025-09-28,SFN202509280,COL,"Doyle, Brenton",doylb001,1,1,empty,empty,1,double,2,0,1
2025-09-28,SFN202509280,COL,"Fernandez, Yanquiel",ferny001,1,1,2B,2B,1,strikeout,2,0,1
2025-09-28,SFN202509280,COL,"Karros, Kyle",karrk001,1,2,2B,2B,1,field_out,2,0,1
2025-09-28,SFN202509280,COL,"Bernabel, Warming",bernw002,1,0,empty,empty,1,field_out,3,0,1
2025-09-28,SFN202509280,COL,"Ritter, Ryan",rittr002,1,1,empty,empty,1,strikeout,3,0,1
2025-09-28,SFN202509280,COL,"Tovar, Ezequiel",tovae001,2,2,empty,empty,1,strikeout,3,0,1
2025-09-28,SFN202509280,COL,"Goodman, Hunter",goodh001,2,0,empty,empty,1,strikeout,4,0,1
2025-09-28,SFN202509280,COL,"Crim, Blaine",crimb001,2,1,empty,empty,1,field_out,4,0,1
2025-09-28,SFN202509280,COL,"Beck, Jordan",beckj003,2,2,empty,empty,1,field_out,4,0,1
2025-09-28,SFN202509280,COL,"Doyle, Brenton",doylb001,2,0,empty,empty,1,strikeout,5,0,2
2025-09-28,SFN202509280,COL,"Fernandez, Yanquiel",ferny001,2,1,empty,empty,1,field_out,5,0,2
2025-09-28,SFN202509280,COL,"Karros, Kyle",karrk001,2,2,empty,empty,1,single,5,0,2
2025-09-28,SFN202509280,COL,"Bernabel, Warming",bernw002,2,2,1B,1B,1,single,5,0,2
2025-09-28,SFN202509280,COL,"Ritter, Ryan",rittr002,2,2,1B+2B,1B+2B,1,field_out,5,0,2
2025-09-28,SFN202509280,COL,"Tovar, Ezequiel",tovae001,3,0,empty,empty,1,field_out,6,0,2
2025-09-28,SFN202509280,COL,"Goodman, Hunter",goodh001,3,1,empty,empty,1,double,6,0,2
2025-09-28,SFN202509280,COL,"Crim, Blaine",crimb001,3,2,empty,empty,1,strikeout,6,0,2
2025-09-28,SFN202509280,COL,"Beck, Jordan",beckj003,3,0,empty,empty,1,field_out,7,0,2
2025-09-28,SFN202509280,COL,"Doyle, Brenton",doylb001,3,1,empty,empty,1,single,7,0,2
2025-09-28,SFN202509280,COL,"Fernandez, Yanquiel",ferny001,3,1,1B,1B,1,field_out,7,0,2
2025-09-28,SFN202509280,COL,"Karros, Kyle",karrk001,3,2,1B,2B,0,walk,7,0,2
2025-09-28,SFN202509280,COL,"Bernabel, Warming",bernw002,3,2,1B+2B,1B+2B,1,strikeout,7,0,2
2025-09-28,SFN202509280,COL,"Ritter, Ryan",rittr002,3,0,empty,empty,1,walk,8,0,2
2025-09-28,SFN202509280,COL,"Tovar, Ezequiel",tovae001,4,0,1B,1B,1,field_out,8,0,2
2025-09-28,SFN202509280,COL,"Goodman, Hunter",goodh001,4,1,1B,1B,1,grounded_into_double_play,8,0,2
2025-09-28,SFN202509280,COL,"Crim, Blaine",crimb001,4,0,empty,empty,1,strikeout,9,0,4
2025-09-28,SFN202509280,COL,"Beck, Jordan",beckj003,4,1,empty,empty,1,strikeout,9,0,4
2025-09-28,SFN202509280,COL,"Doyle, Brenton",doylb001,4,2,empty,empty,1,strikeout,9,0,4
