game_date,game_pk,team,player_name,batter,batter_pa_number_this_game,outs_when_up,runner_situation_start,runner_situation_before_final_pitch,runner_situation_changed_during_pa,events,inning,bat_score,fld_score
2025-03-27,NYA202503270,MIL,"Chourio, Jackson",chouj001,1,0,empty,empty,1,strikeout,1,0,0
2025-03-27,NYA202503270,MIL,"Yelich, Christian",yelic001,1,1,empty,empty,1,field_out,1,0,0
2025-03-27,NYA202503270,MIL,"Contreras, William",contw002,1,2,empty,empty,1,field_out,1,0,0
2025-03-27,NYA202503270,MIL,"Hoskins, Rhys",hoskr001,1,0,empty,empty,1,field_out,2,0,1
2025-03-27,NYA202503270,MIL,"Frelick, Sal",frels001,1,1,empty,empty,1,single,2,0,1
2025-03-27,NYA202503270,MIL,"Ortiz, Joey",ortij005,1,1,1B,1B,1,field_out,2,0,1
2025-03-27,NYA202503270,MIL,"Mitchell, Garrett",mitcg001,1,2,1B,1B,1,field_out,2,0,1
2025-03-27,NYA202503270,MIL,"Capra, Vinny",caprv001,1,0,empty,empty,1,home_run,3,0,2
2025-03-27,NYA202503270,MIL,"Turang, Brice",turab002,1,0,empty,empty,1,single,3,1,2
2025-03-27,NYA202503270,MIL,"Chourio, Jackson",chouj001,2,0,1B,1B,1,strikeout,3,1,2
2025-03-27,NYA202503270,MIL,"Yelich, Christian",yelic001,2,1,1B,1B,1,field_out,3,1,2
2025-03-27,NYA202503270,MIL,"Contreras, William",contw002,2,2,1B,1B,1,strikeout,3,1,2
2025-03-27,NYA202503270,MIL,"Hoskins, Rhys",hoskr001,2,0,empty,empty,1,strikeout,4,1,2
2025-03-27,NYA202503270,MIL,"Frelick, Sal",frels001,2,1,empty,empty,1,single,4,1,2
2025-03-27,NYA202503270,MIL,"Ortiz, Joey",ortij005,2,1,1B,1B,1,field_out,4,1,2
2025-03-27,NYA202503270,MIL,"Mitchell, Garrett",mitcg001,2,2,2B,2B,1,field_out,4,1,2
2025-03-27,NYA202503270,MIL,"Capra, Vinny",caprv001,2,0,empty,empty,1,strikeout,5,1,2
2025-03-27,NYA202503270,MIL,"Turang, Brice",turab002,2,1,empty,empty,1,strikeout,5,1,2
2025-03-27,NYA202503270,MIL,"Chourio, Jackson",chouj001,3,2,empty,empty,1,strikeout,5,1,2
2025-03-27,NYA202503270,MIL,"Yelich, Christian",yelic001,3,0,empty,empty,1,walk,6,1,2
2025-03-27,NYA202503270,MIL,"Contreras, William",contw002,3,0,1B,1B,1,field_out,6,1,2
2025-03-27,NYA202503270,MIL,"Hoskins, Rhys",hoskr001,3,1,1B,1B,1,walk,6,1,2
2025-03-27,NYA202503270,MIL,"Frelick, Sal",frels001,3,1,1B+2B,1B+2B,1,field_out,6,1,2
2025-03-27,NYA202503270,MIL,"Ortiz, Joey",ortij005,3,2,1B+2B,1B+2B,1,single,6,1,2
2025-03-27,NYA202503270,MIL,"Collins, Isaac",colli001,1,2,1B+2B+3B,1B+2B+3B,1,field_out,6,1,2
2025-03-27,NYA202503270,MIL,"Capra, Vinny",caprv001,3,0,empty,empty,1,field_out,7,1,2
2025-03-27,NYA202503270,MIL,"Turang, Brice",turab002,3,1,empty,empty,1,strikeout,7,1,2
2025-03-27,NYA202503270,MIL,"Chourio, Jackson",chouj001,4,2,empty,empty,1,strikeout,7,1,2
2025-03-27,NYA202503270,MIL,"Yelich, Christian",yelic001,4,0,empty,empty,1,strikeout,8,1,4
2025-03-27,NYA202503270,MIL,"Contreras, William",contw002,4,1,empty,empty,1,field_out,8,1,4
2025-03-27,NYA202503270,MIL,"Hoskins, Rhys",hoskr001,4,2,empty,empty,1,walk,8,1,4
2025-03-27,NYA202503270,MIL,"Frelick, Sal",frels001,4,2,1B,1B,1,strikeout,8,1,4
2025-03-27,NYA202503270,MIL,"Ortiz, Joey",ortij005,4,0,empty,empty,1,single,9,1,4
2025-03-27,NYA202503270,MIL,"Collins, Isaac",colli001,2,0,1B,1B,1,double,9,1,4
2025-03-27,NYA202503270,MIL,"Bauers, Jake",bauej001,1,0,2B+3B,2B+3B,1,walk,9,1,4
2025-03-27,NYA202503270,MIL,"Turang, Brice",turab002,4,0,1B+2B+3B,1B+2B+3B,1,sac_fly,9,1,4
2025-03-27,NYA202503270,MIL,"Chourio, Jackson",chouj001,5,1,1B+3B,2B+3B,0,strikeout,9,2,4
2025-03-27,NYA202503270,MIL,"Yelich, Christian",yelic001,5,2,2B+3B,2B+3B,1,strikeout,9,2,4
2025-03-29,NYA202503290,MIL,"Chourio, Jackson",chouj001,1,0,empty,empty,1,field_out,1,0,0
2025-03-29,NYA202503290,MIL,"Yelich, Christian",yelic001,1,1,empty,empty,1,walk,1,0,0
2025-03-29,NYA202503290,MIL,"Contreras, William",contw002,1,1,1B,1B,1,strikeout,1,0,0
2025-03-29,NYA202503290,MIL,"Hoskins, Rhys",hoskr001,1,2,1B,1B,1,field_out,1,0,0
2025-03-29,NYA202503290,MIL,"Frelick, Sal",frels001,1,0,empty,empty,1,single,2,0,4
2025-03-29,NYA202503290,MIL,"Ortiz, Joey",ortij005,1,0,1B,1B,1,field_out,2,0,4
2025-03-29,NYA202503290,MIL,"Mitchell, Garrett",mitcg001,1,1,1B,1B,1,hit_by_pitch,2,0,4
2025-03-29,NYA202503290,MIL,"Capra, Vinny",caprv001,1,1,1B+2B,1B+2B,1,single,2,0,4
2025-03-29,NYA202503290,MIL,"Turang, Brice",turab002,1,1,1B+2B,1B+2B,1,field_out,2,1,4
2025-03-29,NYA202503290,MIL,"Chourio, Jackson",chouj001,2,2,1B,1B,1,single,2,2,4
2025-03-29,NYA202503290,MIL,"Yelich, Christian",yelic001,2,2,1B+3B,1B+3B,1,field_error,2,2,4
2025-03-29,NYA202503290,MIL,"Contreras, William",contw002,2,2,1B+3B,2B+3B,0,strikeout,2,3,4
2025-03-29,NYA202503290,MIL,"Hoskins, Rhys",hoskr001,2,0,empty,empty,1,strikeout,3,3,7
2025-03-29,NYA202503290,MIL,"Frelick, Sal",frels001,2,1,empty,empty,1,hit_by_pitch,3,3,7
2025-03-29,NYA202503290,MIL,"Ortiz, Joey",ortij005,2,1,1B,1B,1,field_out,3,3,7
2025-03-29,NYA202503290,MIL,"Mitchell, Garrett",mitcg001,2,2,1B,1B,1,single,3,3,7
2025-03-29,NYA202503290,MIL,"Capra, Vinny",caprv001,2,2,1B+2B,1B+2B,1,field_out,3,3,7
2025-03-29,NYA202503290,MIL,"Turang, Brice",turab002,2,0,empty,empty,1,field_out,4,3,13
2025-03-29,NYA202503290,MIL,"Chourio, Jackson",chouj001,3,1,empty,empty,1,double,4,3,13
2025-03-29,NYA202503290,MIL,"Yelich, Christian",yelic001,3,1,2B,2B,1,strikeout,4,3,13
2025-03-29,NYA202503290,MIL,"Contreras, William",contw002,3,2,2B,2B,1,field_error,4,3,13
2025-03-29,NYA202503290,MIL,"Hoskins, Rhys",hoskr001,3,2,1B+3B,1B+3B,1,single,4,3,13
2025-03-29,NYA202503290,MIL,"Frelick, Sal",frels001,3,2,1B+2B,1B+2B,1,walk,4,4,13
2025-03-29,NYA202503290,MIL,"Ortiz, Joey",ortij005,3,2,1B+2B+3B,1B+2B+3B,1,field_out,4,4,13
2025-03-29,NYA202503290,MIL,"Mitchell, Garrett",mitcg001,3,0,empty,empty,1,field_out,5,4,16
2025-03-29,NYA202503290,MIL,"Capra, Vinny",caprv001,3,1,empty,empty,1,field_error,5,4,16
2025-03-29,NYA202503290,MIL,"Turang, Brice",turab002,3,1,2B,2B,1,field_error,5,4,16
2025-03-29,NYA202503290,MIL,"Chourio, Jackson",chouj001,4,1,1B+3B,1B+3B,1,field_out,5,4,16
2025-03-29,NYA202503290,MIL,"Yelich, Christian",yelic001,4,2,2B,2B,1,single,5,5,16
2025-03-29,NYA202503290,MIL,"Contreras, William",contw002,4,2,1B,1B,1,single,5,6,16
2025-03-29,NYA202503290,MIL,"Hoskins, Rhys",hoskr001,4,2,1B+3B,1B+3B,1,field_out,5,6,16
2025-03-29,NYA202503290,MIL,"Frelick, Sal",frels001,4,0,empty,empty,1,field_out,6,6,16
2025-03-29,NYA202503290,MIL,"Ortiz, Joey",ortij005,4,1,empty,empty,1,field_out,6,6,16
2025-03-29,NYA202503290,MIL,"Mitchell, Garrett",mitcg001,4,2,empty,empty,1,strikeout,6,6,16
2025-03-29,NYA202503290,MIL,"Dunn, Oliver",dunno001,1,0,empty,empty,1,strikeout,7,6,18
2025-03-29,NYA202503290,MIL,"Turang, Brice",turab002,4,1,empty,empty,1,strikeout,7,6,18
2025-03-29,NYA202503290,MIL,"Chourio, Jackson",chouj001,5,2,empty,empty,1,field_out,7,6,18
2025-03-29,NYA202503290,MIL,"Collins, Isaac",colli001,1,0,empty,empty,1,strikeout,8,6,20
2025-03-29,NYA202503290,MIL,"Haase, Eric",haase001,1,1,empty,empty,1,single,8,6,20
2025-03-29,NYA202503290,MIL,"Bauers, Jake",bauej001,1,1,1B,1B,1,double,8,6,20
2025-03-29,NYA202503290,MIL,"Frelick, Sal",frels001,5,1,2B,2B,1,field_out,8,7,20
2025-03-29,NYA202503290,MIL,"Ortiz, Joey",ortij005,5,2,3B,3B,1,strikeout,8,7,20
2025-03-29,NYA202503290,MIL,"Mitchell, Garrett",mitcg001,5,0,empty,empty,1,single,9,7,20
2025-03-29,NYA202503290,MIL,"Dunn, Oliver",dunno001,2,0,1B,1B,1,field_out,9,7,20
2025-03-29,NYA202503290,MIL,"Turang, Brice",turab002,5,1,1B,1B,1,home_run,9,7,20
2025-03-29,NYA202503290,MIL,"Chourio, Jackson",chouj001,6,1,empty,empty,1,field_out,9,9,20
2025-03-29,NYA202503290,MIL,"Collins, Isaac",colli001,2,2,empty,empty,1,single,9,9,20
2025-03-29,NYA202503290,MIL,"Haase, Eric",haase001,2,2,1B,2B,0,field_out,9,9,20
2025-03-30,NYA202503300,MIL,"Turang, Brice",turab002,1,0,empty,empty,1,single,1,0,0
2025-03-30,NYA202503300,MIL,"Chourio, Jackson",chouj001,1,0,1B,1B,1,field_out,1,0,0
2025-03-30,NYA202503300,MIL,"Yelich, Christian",yelic001,1,1,1B,1B,1,field_out,1,0,0
2025-03-30,NYA202503300,MIL,"Contreras, William",contw002,1,2,1B,2B,0,walk,1,0,0
2025-03-30,NYA202503300,MIL,"Frelick, Sal",frels001,1,2,1B+2B,1B+2B,1,single,1,0,0
2025-03-30,NYA202503300,MIL,"Bauers, Jake",bauej001,1,2,1B+2B,1B+2B,1,strikeout,1,1,0
2025-03-30,NYA202503300,MIL,"Mitchell, Garrett",mitcg001,1,0,empty,empty,1,strikeout,2,1,2
2025-03-30,NYA202503300,MIL,"Ortiz, Joey",ortij005,1,1,empty,empty,1,field_out,2,1,2
2025-03-30,NYA202503300,MIL,"Dunn, Oliver",dunno001,1,2,empty,empty,1,field_out,2,1,2
2025-03-30,NYA202503300,MIL,"Turang, Brice",turab002,2,0,empty,empty,1,field_out,3,1,3
2025-03-30,NYA202503300,MIL,"Chourio, Jackson",chouj001,2,1,empty,empty,1,strikeout,3,1,3
2025-03-30,NYA202503300,MIL,"Yelich, Christian",yelic001,2,2,empty,empty,1,field_out,3,1,3
2025-03-30,NYA202503300,MIL,"Contreras, William",contw002,2,0,empty,empty,1,single,4,1,5
2025-03-30,NYA202503300,MIL,"Frelick, Sal",frels001,2,0,1B,1B,1,field_out,4,1,5
2025-03-30,NYA202503300,MIL,"Bauers, Jake",bauej001,2,1,1B,1B,1,home_run,4,1,5
2025-03-30,NYA202503300,MIL,"Mitchell, Garrett",mitcg001,2,1,empty,empty,1,field_out,4,3,5
2025-03-30,NYA202503300,MIL,"Ortiz, Joey",ortij005,2,2,empty,empty,1,field_out,4,3,5
2025-03-30,NYA202503300,MIL,"Dunn, Oliver",dunno001,2,0,empty,empty,1,field_out,5,3,5
2025-03-30,NYA202503300,MIL,"Turang, Brice",turab002,3,1,empty,empty,1,field_out,5,3,5
2025-03-30,NYA202503300,MIL,"Chourio, Jackson",chouj001,3,2,empty,empty,1,single,5,3,5
2025-03-30,NYA202503300,MIL,"Yelich, Christian",yelic001,3,2,1B,1B,1,strikeout,5,3,5
2025-03-30,NYA202503300,MIL,"Contreras, William",contw002,3,0,empty,empty,1,field_out,6,3,5
2025-03-30,NYA202503300,MIL,"Frelick, Sal",frels001,3,1,empty,empty,1,strikeout,6,3,5
2025-03-30,NYA202503300,MIL,"Bauers, Jake",bauej001,3,2,empty,empty,1,strikeout,6,3,5
2025-03-30,NYA202503300,MIL,"Mitchell, Garrett",mitcg001,3,0,empty,empty,1,strikeout,7,3,7
2025-03-30,NYA202503300,MIL,"Ortiz, Joey",ortij005,3,1,empty,empty,1,field_out,7,3,7
2025-03-30,NYA202503300,MIL,"Dunn, Oliver",dunno001,3,2,empty,empty,1,strikeout,7,3,7
2025-03-30,NYA202503300,MIL,"Turang, Brice",turab002,4,0,empty,empty,1,walk,8,3,12
2025-03-30,NYA202503300,MIL,"Chourio, Jackson",chouj001,4,0,1B,1B,1,strikeout,8,3,12
2025-03-30,NYA202503300,MIL,"Capra, Vinny",caprv001,1,1,1B,1B,1,field_out,8,3,12
2025-03-30,NYA202503300,MIL,"Contreras, William",contw002,4,2,1B,1B,1,field_out,8,3,12
2025-03-30,NYA202503300,MIL,"Frelick, Sal",frels001,4,0,empty,empty,1,single,9,3,12
2025-03-30,NYA202503300,MIL,"Bauers, Jake",bauej001,4,0,1B,1B,1,strikeout,9,3,12
2025-03-30,NYA202503300,MIL,"Mitchell, Garrett",mitcg001,4,1,1B,1B,1,field_out,9,3,12
2025-03-30,NYA202503300,MIL,"Ortiz, Joey",ortij005,4,2,1B,1B,1,field_out,9,3,12
2025-03-31,MIL202503310,MIL,"Chourio, Jackson",chouj001,1,0,empty,empty,1,strikeout,1,0,3
2025-03-31,MIL202503310,MIL,"Yelich, Christian",yelic001,1,1,empty,empty,1,strikeout,1,0,3
2025-03-31,MIL202503310,MIL,"Contreras, William",contw002,1,2,empty,empty,1,strikeout,1,0,3
2025-03-31,MIL202503310,MIL,"Hoskins, Rhys",hoskr001,1,0,empty,empty,1,field_out,2,0,4
2025-03-31,MIL202503310,MIL,"Frelick, Sal",frels001,1,1,empty,empty,1,walk,2,0,4
2025-03-31,MIL202503310,MIL,"Capra, Vinny",caprv001,1,1,1B,1B,1,field_out,2,0,4
2025-03-31,MIL202503310,MIL,"Mitchell, Garrett",mitcg001,1,2,1B,1B,1,single,2,0,4
2025-03-31,MIL202503310,MIL,"Ortiz, Joey",ortij005,1,2,1B+2B,1B+2B,1,single,2,0,4
2025-03-31,MIL202503310,MIL,"Turang, Brice",turab002,1,2,1B+2B+3B,1B+2B+3B,1,field_out,2,0,4
2025-03-31,MIL202503310,MIL,"Chourio, Jackson",chouj001,2,0,empty,empty,1,strikeout,3,0,4
2025-03-31,MIL202503310,MIL,"Yelich, Christian",yelic001,2,1,empty,empty,1,hit_by_pitch,3,0,4
2025-03-31,MIL202503310,MIL,"Contreras, William",contw002,2,1,1B,1B,1,strikeout,3,0,4
2025-03-31,MIL202503310,MIL,"Hoskins, Rhys",hoskr001,2,2,1B,1B,1,walk,3,0,4
2025-03-31,MIL202503310,MIL,"Frelick, Sal",frels001,2,2,1B+2B,1B+2B,1,field_out,3,0,4
2025-03-31,MIL202503310,MIL,"Capra, Vinny",caprv001,2,0,empty,empty,1,strikeout,4,0,4
2025-03-31,MIL202503310,MIL,"Mitchell, Garrett",mitcg001,2,1,empty,empty,1,strikeout,4,0,4
2025-03-31,MIL202503310,MIL,"Ortiz, Joey",ortij005,2,2,empty,empty,1,field_out,4,0,4
2025-03-31,MIL202503310,MIL,"Turang, Brice",turab002,2,0,empty,empty,1,single,5,0,4
2025-03-31,MIL202503310,MIL,"Chourio, Jackson",chouj001,3,0,1B,1B,1,strikeout,5,0,4
2025-03-31,MIL202503310,MIL,"Yelich, Christian",yelic001,3,1,1B,1B,1,field_out,5,0,4
2025-03-31,MIL202503310,MIL,"Contreras, William",contw002,3,2,1B,1B,1,field_out,5,0,4
2025-03-31,MIL202503310,MIL,"Hoskins, Rhys",hoskr001,3,0,empty,empty,1,field_out,6,0,4
2025-03-31,MIL202503310,MIL,"Frelick, Sal",frels001,3,1,empty,empty,1,field_out,6,0,4
2025-03-31,MIL202503310,MIL,"Capra, Vinny",caprv001,3,2,empty,empty,1,field_out,6,0,4
2025-03-31,MIL202503310,MIL,"Collins, Isaac",colli001,1,0,empty,empty,1,double,7,0,10
2025-03-31,MIL202503310,MIL,"Ortiz, Joey",ortij005,3,0,2B,2B,1,strikeout,7,0,10
2025-03-31,MIL202503310,MIL,"Turang, Brice",turab002,3,1,2B,2B,1,field_out,7,0,10
2025-03-31,MIL202503310,MIL,"Chourio, Jackson",chouj001,4,2,3B,3B,1,double,7,0,10
2025-03-31,MIL202503310,MIL,"Yelich, Christian",yelic001,4,2,2B,2B,1,field_out,7,1,10
2025-03-31,MIL202503310,MIL,"Contreras, William",contw002,4,0,empty,empty,1,walk,8,1,10
2025-03-31,MIL202503310,MIL,"Hoskins, Rhys",hoskr001,4,0,1B,1B,1,strikeout,8,1,10
2025-03-31,MIL202503310,MIL,"Frelick, Sal",frels001,4,1,1B,1B,1,single,8,1,10
2025-03-31,MIL202503310,MIL,"Capra, Vinny",caprv001,4,1,1B+2B,1B+2B,1,grounded_into_double_play,8,1,10
2025-03-31,MIL202503310,MIL,"Collins, Isaac",colli001,2,0,empty,empty,1,field_out,9,1,11
2025-03-31,MIL202503310,MIL,"Ortiz, Joey",ortij005,4,1,empty,empty,1,field_out,9,1,11
2025-03-31,MIL202503310,MIL,"Turang, Brice",turab002,4,2,empty,empty,1,strikeout,9,1,11
2025-04-01,MIL202504010,MIL,"Turang, Brice",turab002,1,0,empty,empty,1,single,1,0,0
2025-04-01,MIL202504010,MIL,"Chourio, Jackson",chouj001,1,0,1B,1B,1,field_out,1,0,0
2025-04-01,MIL202504010,MIL,"Yelich, Christian",yelic001,1,1,1B,1B,1,field_out,1,0,0
2025-04-01,MIL202504010,MIL,"Contreras, William",contw002,1,2,1B,1B,1,strikeout,1,0,0
2025-04-01,MIL202504010,MIL,"Frelick, Sal",frels001,1,0,empty,empty,1,strikeout,2,0,0
2025-04-01,MIL202504010,MIL,"Hoskins, Rhys",hoskr001,1,1,empty,empty,1,field_out,2,0,0
2025-04-01,MIL202504010,MIL,"Dunn, Oliver",dunno001,1,2,empty,empty,1,strikeout,2,0,0
2025-04-01,MIL202504010,MIL,"Ortiz, Joey",ortij005,1,0,empty,empty,1,field_out,3,0,0
2025-04-01,MIL202504010,MIL,"Haase, Eric",haase001,1,1,empty,empty,1,home_run,3,0,0
2025-04-01,MIL202504010,MIL,"Turang, Brice",turab002,2,1,empty,empty,1,single,3,1,0
2025-04-01,MIL202504010,MIL,"Chourio, Jackson",chouj001,2,1,1B,1B,1,single,3,1,0
2025-04-01,MIL202504010,MIL,"Yelich, Christian",yelic001,2,1,1B+3B,1B+3B,1,field_out,3,1,0
2025-04-01,MIL202504010,MIL,"Contreras, William",contw002,2,2,2B,2B,1,walk,3,2,0
2025-04-01,MIL202504010,MIL,"Frelick, Sal",frels001,2,2,1B+3B,1B+3B,1,field_out,3,2,0
2025-04-01,MIL202504010,MIL,"Hoskins, Rhys",hoskr001,2,0,empty,empty,1,field_out,4,2,0
2025-04-01,MIL202504010,MIL,"Dunn, Oliver",dunno001,2,1,empty,empty,1,strikeout,4,2,0
2025-04-01,MIL202504010,MIL,"Ortiz, Joey",ortij005,2,2,empty,empty,1,strikeout,4,2,0
2025-04-01,MIL202504010,MIL,"Haase, Eric",haase001,2,0,empty,empty,1,field_out,5,2,0
2025-04-01,MIL202504010,MIL,"Turang, Brice",turab002,3,1,empty,empty,1,field_out,5,2,0
2025-04-01,MIL202504010,MIL,"Chourio, Jackson",chouj001,3,2,empty,empty,1,strikeout,5,2,0
2025-04-01,MIL202504010,MIL,"Yelich, Christian",yelic001,3,0,empty,empty,1,walk,6,2,0
2025-04-01,MIL202504010,MIL,"Contreras, William",contw002,3,0,1B,2B,0,walk,6,2,0
2025-04-01,MIL202504010,MIL,"Frelick, Sal",frels001,3,0,1B+2B,1B+2B,1,strikeout,6,2,0
2025-04-01,MIL202504010,MIL,"Hoskins, Rhys",hoskr001,3,1,1B+2B,1B+2B,1,single,6,2,0
2025-04-01,MIL202504010,MIL,"Capra, Vinny",caprv001,1,1,1B+3B,1B+3B,1,field_out,6,3,0
2025-04-01,MIL202504010,MIL,"Ortiz, Joey",ortij005,3,2,1B,1B,1,field_out,6,4,0
2025-04-01,MIL202504010,MIL,"Haase, Eric",haase001,3,0,empty,empty,1,strikeout,7,4,0
2025-04-01,MIL202504010,MIL,"Turang, Brice",turab002,4,1,empty,empty,1,single,7,4,0
2025-04-01,MIL202504010,MIL,"Chourio, Jackson",chouj001,4,1,1B,1B,1,grounded_into_double_play,7,4,0
2025-04-01,MIL202504010,MIL,"Yelich, Christian",yelic001,4,0,empty,empty,1,home_run,8,4,0
2025-04-01,MIL202504010,MIL,"Contreras, William",contw002,4,0,empty,empty,1,field_out,8,5,0
2025-04-01,MIL202504010,MIL,"Frelick, Sal",frels001,4,1,empty,empty,1,field_out,8,5,0
2025-04-01,MIL202504010,MIL,"Hoskins, Rhys",hoskr001,4,2,empty,empty,1,field_out,8,5,0
2025-04-02,MIL202504020,MIL,"Turang, Brice",turab002,1,0,empty,empty,1,strikeout,1,0,0
2025-04-02,MIL202504020,MIL,"Chourio, Jackson",chouj001,1,1,empty,empty,1,home_run,1,0,0
2025-04-02,MIL202504020,MIL,"Collins, Isaac",colli001,1,1,empty,empty,1,double,1,1,0
2025-04-02,MIL202504020,MIL,"Contreras, William",contw002,1,1,2B,2B,1,strikeout,1,1,0
2025-04-02,MIL202504020,MIL,"Frelick, Sal",frels001,1,2,2B,2B,1,field_out,1,1,0
2025-04-02,MIL202504020,MIL,"Hoskins, Rhys",hoskr001,1,0,empty,empty,1,strikeout,2,1,1
2025-04-02,MIL202504020,MIL,"Capra, Vinny",caprv001,1,1,empty,empty,1,single,2,1,1
2025-04-02,MIL202504020,MIL,"Mitchell, Garrett",mitcg001,1,1,1B,1B,1,field_out,2,1,1
2025-04-02,MIL202504020,MIL,"Ortiz, Joey",ortij005,1,2,1B,1B,1,single,2,1,1
2025-04-02,MIL202504020,MIL,"Turang, Brice",turab002,2,2,1B+2B,1B+2B,1,strikeout,2,1,1
2025-04-02,MIL202504020,MIL,"Chourio, Jackson",chouj001,2,0,empty,empty,1,strikeout,3,1,1
2025-04-02,MIL202504020,MIL,"Collins, Isaac",colli001,2,1,empty,empty,1,strikeout,3,1,1
2025-04-02,MIL202504020,MIL,"Contreras, William",contw002,2,2,empty,empty,1,strikeout,3,1,1
2025-04-02,MIL202504020,MIL,"Frelick, Sal",frels001,2,0,empty,empty,1,strikeout,4,1,1
2025-04-02,MIL202504020,MIL,"Hoskins, Rhys",hoskr001,2,1,empty,empty,1,walk,4,1,1
2025-04-02,MIL202504020,MIL,"Capra, Vinny",caprv001,2,1,1B,1B,1,field_out,4,1,1
2025-04-02,MIL202504020,MIL,"Mitchell, Garrett",mitcg001,2,2,1B,1B,1,walk,4,1,1
2025-04-02,MIL202504020,MIL,"Ortiz, Joey",ortij005,2,2,1B+2B,1B+2B,1,strikeout,4,1,1
2025-04-02,MIL202504020,MIL,"Turang, Brice",turab002,3,0,empty,empty,1,strikeout,5,1,1
2025-04-02,MIL202504020,MIL,"Chourio, Jackson",chouj001,3,1,empty,empty,1,single,5,1,1
2025-04-02,MIL202504020,MIL,"Collins, Isaac",colli001,3,1,1B,1B,1,field_out,5,1,1
2025-04-02,MIL202504020,MIL,"Contreras, William",contw002,3,2,1B,2B,0,field_out,5,1,1
2025-04-02,MIL202504020,MIL,"Frelick, Sal",frels001,3,0,empty,empty,1,strikeout,6,1,1
2025-04-02,MIL202504020,MIL,"Hoskins, Rhys",hoskr001,3,1,empty,empty,1,strikeout,6,1,1
2025-04-02,MIL202504020,MIL,"Capra, Vinny",caprv001,3,2,empty,empty,1,field_out,6,1,1
2025-04-02,MIL202504020,MIL,"Mitchell, Garrett",mitcg001,3,0,empty,empty,1,walk,7,1,1
2025-04-02,MIL202504020,MIL,"Ortiz, Joey",ortij005,3,0,1B,1B,1,double,7,1,1
2025-04-02,MIL202504020,MIL,"Turang, Brice",turab002,4,0,2B+3B,2B+3B,1,field_out,7,1,1
2025-04-02,MIL202504020,MIL,"Chourio, Jackson",chouj001,4,1,2B+3B,2B+3B,1,fielders_choice_out,7,1,1
2025-04-02,MIL202504020,MIL,"Yelich, Christian",yelic001,1,2,1B+3B,1B+3B,1,strikeout,7,1,1
2025-04-02,MIL202504020,MIL,"Contreras, William",contw002,4,0,empty,empty,1,field_out,8,1,1
2025-04-02,MIL202504020,MIL,"Frelick, Sal",frels001,4,1,empty,empty,1,walk,8,1,1
2025-04-02,MIL202504020,MIL,"Bauers, Jake",bauej001,1,1,1B,1B,1,strikeout,8,1,1
2025-04-02,MIL202504020,MIL,"Capra, Vinny",caprv001,4,2,1B,1B,1,strikeout,8,1,1
2025-04-02,MIL202504020,MIL,"Mitchell, Garrett",mitcg001,4,0,empty,empty,1,field_out,9,1,1
2025-04-02,MIL202504020,MIL,"Ortiz, Joey",ortij005,4,1,empty,empty,1,strikeout,9,1,1
2025-04-02,MIL202504020,MIL,"Turang, Brice",turab002,5,2,empty,empty,1,field_out,9,1,1
2025-04-02,MIL202504020,MIL,"Chourio, Jackson",chouj001,5,0,2B,3B,0,double,10,1,2
2025-04-02,MIL202504020,MIL,"Yelich, Christian",yelic001,2,0,2B,2B,1,intent_walk,10,2,2
2025-04-02,MIL202504020,MIL,"Contreras, William",contw002,5,0,1B+2B,2B+3B,0,intent_walk,10,2,2
2025-04-02,MIL202504020,MIL,"Frelick, Sal",frels001,5,0,1B+2B+3B,1B+2B+3B,1,field_out,10,2,2
2025-04-02,MIL202504020,MIL,"Bauers, Jake",bauej001,2,1,1B+2B+3B,1B+2B+3B,1,strikeout,10,2,2
2025-04-02,MIL202504020,MIL,"Capra, Vinny",caprv001,5,2,1B+2B+3B,1B+2B+3B,1,field_out,10,2,2
2025-04-02,MIL202504020,MIL,"Mitchell, Garrett",mitcg001,5,0,2B,2B,1,field_out,11,2,2
2025-04-02,MIL202504020,MIL,"Ortiz, Joey",ortij005,5,1,3B,3B,1,walk,11,2,2
2025-04-02,MIL202504020,MIL,"Turang, Brice",turab002,6,1,1B+3B,1B+3B,1,single,11,2,2
2025-04-03,MIL202504030,MIL,"Chourio, Jackson",chouj001,1,0,empty,empty,1,field_out,1,0,0
2025-04-03,MIL202504030,MIL,"Yelich, Christian",yelic001,1,1,empty,empty,1,field_out,1,0,0
2025-04-03,MIL202504030,MIL,"Contreras, William",contw002,1,2,empty,empty,1,field_out,1,0,0
2025-04-03,MIL202504030,MIL,"Hoskins, Rhys",hoskr001,1,0,empty,empty,1,field_out,2,0,0
2025-04-03,MIL202504030,MIL,"Frelick, Sal",frels001,1,1,empty,empty,1,field_out,2,0,0
2025-04-03,MIL202504030,MIL,"Capra, Vinny",caprv001,1,2,empty,empty,1,strikeout,2,0,0
2025-04-03,MIL202504030,MIL,"Collins, Isaac",colli001,1,0,empty,empty,1,field_out,3,0,0
2025-04-03,MIL202504030,MIL,"Ortiz, Joey",ortij005,1,1,empty,empty,1,field_out,3,0,0
2025-04-03,MIL202504030,MIL,"Turang, Brice",turab002,1,2,empty,empty,1,strikeout,3,0,0
2025-04-03,MIL202504030,MIL,"Chourio, Jackson",chouj001,2,0,empty,empty,1,double,4,0,0
2025-04-03,MIL202504030,MIL,"Yelich, Christian",yelic001,2,0,2B,2B,1,strikeout,4,0,0
2025-04-03,MIL202504030,MIL,"Contreras, William",contw002,2,1,2B,2B,1,field_error,4,0,0
2025-04-03,MIL202504030,MIL,"Hoskins, Rhys",hoskr001,2,1,1B+3B,1B+3B,1,field_out,4,0,0
2025-04-03,MIL202504030,MIL,"Frelick, Sal",frels001,2,2,1B+3B,1B+3B,1,single,4,0,0
2025-04-03,MIL202504030,MIL,"Capra, Vinny",caprv001,2,2,1B+3B,2B+3B,0,field_out,4,1,0
2025-04-03,MIL202504030,MIL,"Collins, Isaac",colli001,2,0,empty,empty,1,field_out,5,1,0
2025-04-03,MIL202504030,MIL,"Ortiz, Joey",ortij005,2,1,empty,empty,1,field_out,5,1,0
2025-04-03,MIL202504030,MIL,"Turang, Brice",turab002,2,2,empty,empty,1,field_out,5,1,0
2025-04-03,MIL202504030,MIL,"Chourio, Jackson",chouj001,3,0,empty,empty,1,field_out,6,1,0
2025-04-03,MIL202504030,MIL,"Yelich, Christian",yelic001,3,1,empty,empty,1,strikeout,6,1,0
2025-04-03,MIL202504030,MIL,"Contreras, William",contw002,3,2,empty,empty,1,field_out,6,1,0
2025-04-03,MIL202504030,MIL,"Hoskins, Rhys",hoskr001,3,0,empty,empty,1,single,7,1,0
2025-04-03,MIL202504030,MIL,"Frelick, Sal",frels001,3,0,1B,1B,1,single,7,1,0
2025-04-03,MIL202504030,MIL,"Capra, Vinny",caprv001,3,0,1B+2B,1B+2B,1,sac_bunt,7,1,0
2025-04-03,MIL202504030,MIL,"Collins, Isaac",colli001,3,1,2B+3B,2B+3B,1,fielders_choice_out,7,1,0
2025-04-03,MIL202504030,MIL,"Ortiz, Joey",ortij005,3,2,1B+3B,2B+3B,0,field_out,7,1,0
2025-04-03,MIL202504030,MIL,"Turang, Brice",turab002,3,0,empty,empty,1,single,8,1,0
2025-04-03,MIL202504030,MIL,"Chourio, Jackson",chouj001,4,0,1B,1B,1,grounded_into_double_play,8,1,0
2025-04-03,MIL202504030,MIL,"Yelich, Christian",yelic001,4,2,empty,empty,1,walk,8,1,0
2025-04-03,MIL202504030,MIL,"Contreras, William",contw002,4,2,1B,2B,0,field_out,8,1,0
2025-04-04,MIL202504040,MIL,"Turang, Brice",turab002,1,0,empty,empty,1,field_out,1,0,0
2025-04-04,MIL202504040,MIL,"Chourio, Jackson",chouj001,1,1,empty,empty,1,field_error,1,0,0
2025-04-04,MIL202504040,MIL,"Yelich, Christian",yelic001,1,2,1B,empty,0,field_out,1,0,0
2025-04-04,MIL202504040,MIL,"Contreras, William",contw002,1,0,empty,empty,1,field_out,2,0,0
2025-04-04,MIL202504040,MIL,"Frelick, Sal",frels001,1,1,empty,empty,1,single,2,0,0
2025-04-04,MIL202504040,MIL,"Hoskins, Rhys",hoskr001,1,1,1B,2B,0,walk,2,0,0
2025-04-04,MIL202504040,MIL,"Dunn, Oliver",dunno001,1,1,1B+2B,1B+2B,1,field_out,2,0,0
2025-04-04,MIL202504040,MIL,"Mitchell, Garrett",mitcg001,1,2,1B+2B,1B+2B,1,single,2,0,0
2025-04-04,MIL202504040,MIL,"Ortiz, Joey",ortij005,1,2,1B+2B,1B+2B,1,field_out,2,1,0
2025-04-04,MIL202504040,MIL,"Turang, Brice",turab002,2,0,empty,empty,1,field_out,3,1,0
2025-04-04,MIL202504040,MIL,"Chourio, Jackson",chouj001,2,1,empty,empty,1,field_out,3,1,0
2025-04-04,MIL202504040,MIL,"Yelich, Christian",yelic001,2,2,empty,empty,1,strikeout,3,1,0
2025-04-04,MIL202504040,MIL,"Contreras, William",contw002,2,0,empty,empty,1,field_out,4,1,0
2025-04-04,MIL202504040,MIL,"Frelick, Sal",frels001,2,1,empty,empty,1,field_out,4,1,0
2025-04-04,MIL202504040,MIL,"Hoskins, Rhys",hoskr001,2,2,empty,empty,1,walk,4,1,0
2025-04-04,MIL202504040,MIL,"Dunn, Oliver",dunno001,2,2,1B,1B,1,strikeout,4,1,0
2025-04-04,MIL202504040,MIL,"Mitchell, Garrett",mitcg001,2,0,empty,empty,1,double,5,1,0
2025-04-04,MIL202504040,MIL,"Ortiz, Joey",ortij005,2,0,2B,2B,1,field_out,5,1,0
2025-04-04,MIL202504040,MIL,"Turang, Brice",turab002,3,1,2B,2B,1,home_run,5,1,0
2025-04-04,MIL202504040,MIL,"Chourio, Jackson",chouj001,3,1,empty,empty,1,single,5,3,0
2025-04-04,MIL202504040,MIL,"Yelich, Christian",yelic001,3,1,1B,1B,1,field_out,5,3,0
2025-04-04,MIL202504040,MIL,"Contreras, William",contw002,3,2,1B,1B,1,field_out,5,3,0
2025-04-04,MIL202504040,MIL,"Frelick, Sal",frels001,3,0,empty,empty,1,walk,6,3,0
2025-04-04,MIL202504040,MIL,"Hoskins, Rhys",hoskr001,3,1,1B,empty,0,strikeout,6,3,0
2025-04-04,MIL202504040,MIL,"Dunn, Oliver",dunno001,3,2,empty,empty,1,field_out,6,3,0
2025-04-04,MIL202504040,MIL,"Mitchell, Garrett",mitcg001,3,0,empty,empty,1,strikeout,7,3,0
2025-04-04,MIL202504040,MIL,"Ortiz, Joey",ortij005,3,1,empty,empty,1,field_out,7,3,0
2025-04-04,MIL202504040,MIL,"Turang, Brice",turab002,4,2,empty,empty,1,field_out,7,3,0
2025-04-04,MIL202504040,MIL,"Chourio, Jackson",chouj001,4,0,empty,empty,1,field_out,8,3,2
2025-04-04,MIL202504040,MIL,"Yelich, Christian",yelic001,4,1,empty,empty,1,strikeout,8,3,2
2025-04-04,MIL202504040,MIL,"Contreras, William",contw002,4,2,empty,empty,1,walk,8,3,2
2025-04-04,MIL202504040,MIL,"Frelick, Sal",frels001,4,2,1B,1B,1,field_out,8,3,2
2025-04-05,MIL202504050,MIL,"Turang, Brice",turab002,1,0,empty,empty,1,single,1,0,1
2025-04-05,MIL202504050,MIL,"Chourio, Jackson",chouj001,1,0,1B,1B,1,strikeout,1,0,1
2025-04-05,MIL202504050,MIL,"Yelich, Christian",yelic001,1,1,1B,1B,1,strikeout,1,0,1
2025-04-05,MIL202504050,MIL,"Contreras, William",contw002,1,2,1B,2B,0,strikeout,1,0,1
2025-04-05,MIL202504050,MIL,"Frelick, Sal",frels001,1,0,empty,empty,1,field_out,2,0,4
2025-04-05,MIL202504050,MIL,"Hoskins, Rhys",hoskr001,1,1,empty,empty,1,field_out,2,0,4
2025-04-05,MIL202504050,MIL,"Dunn, Oliver",dunno001,1,2,empty,empty,1,single,2,0,4
2025-04-05,MIL202504050,MIL,"Mitchell, Garrett",mitcg001,1,2,1B,1B,1,single,2,0,4
2025-04-05,MIL202504050,MIL,"Ortiz, Joey",ortij005,1,2,1B+2B,1B+2B,1,single,2,0,4
2025-04-05,MIL202504050,MIL,"Turang, Brice",turab002,2,2,1B+2B+3B,1B+2B+3B,1,strikeout,2,0,4
2025-04-05,MIL202504050,MIL,"Chourio, Jackson",chouj001,2,0,empty,empty,1,strikeout,3,0,4
2025-04-05,MIL202504050,MIL,"Yelich, Christian",yelic001,2,1,empty,empty,1,field_out,3,0,4
2025-04-05,MIL202504050,MIL,"Contreras, William",contw002,2,2,empty,empty,1,field_out,3,0,4
2025-04-05,MIL202504050,MIL,"Frelick, Sal",frels001,2,0,empty,empty,1,triple,4,0,7
2025-04-05,MIL202504050,MIL,"Hoskins, Rhys",hoskr001,2,0,3B,3B,1,field_out,4,0,7
2025-04-05,MIL202504050,MIL,"Dunn, Oliver",dunno001,2,1,3B,3B,1,sac_fly,4,0,7
2025-04-05,MIL202504050,MIL,"Mitchell, Garrett",mitcg001,2,2,empty,empty,1,strikeout,4,1,7
2025-04-05,MIL202504050,MIL,"Ortiz, Joey",ortij005,2,0,empty,empty,1,field_out,5,1,7
2025-04-05,MIL202504050,MIL,"Turang, Brice",turab002,3,1,empty,empty,1,walk,5,1,7
2025-04-05,MIL202504050,MIL,"Chourio, Jackson",chouj001,3,1,1B,1B,1,single,5,1,7
2025-04-05,MIL202504050,MIL,"Yelich, Christian",yelic001,3,1,1B+2B,1B+2B,1,single,5,1,7
2025-04-05,MIL202504050,MIL,"Contreras, William",contw002,3,1,1B+2B,1B+2B,1,single,5,2,7
2025-04-05,MIL202504050,MIL,"Frelick, Sal",frels001,3,1,1B+2B+3B,1B+2B+3B,1,single,5,2,7
2025-04-05,MIL202504050,MIL,"Hoskins, Rhys",hoskr001,3,1,3B,3B,1,field_out,5,5,7
2025-04-05,MIL202504050,MIL,"Dunn, Oliver",dunno001,3,2,3B,3B,1,strikeout,5,5,7
2025-04-05,MIL202504050,MIL,"Collins, Isaac",colli001,1,0,empty,empty,1,field_out,6,5,7
2025-04-05,MIL202504050,MIL,"Ortiz, Joey",ortij005,3,1,empty,empty,1,field_out,6,5,7
2025-04-05,MIL202504050,MIL,"Turang, Brice",turab002,4,2,empty,empty,1,strikeout,6,5,7
2025-04-05,MIL202504050,MIL,"Chourio, Jackson",chouj001,4,0,empty,empty,1,field_out,7,5,10
2025-04-05,MIL202504050,MIL,"Yelich, Christian",yelic001,4,1,empty,empty,1,walk,7,5,10
2025-04-05,MIL202504050,MIL,"Contreras, William",contw002,4,1,1B,1B,1,field_out,7,5,10
2025-04-05,MIL202504050,MIL,"Frelick, Sal",frels001,4,2,1B,1B,1,double,7,5,10
2025-04-05,MIL202504050,MIL,"Bauers, Jake",bauej001,1,2,2B+3B,2B+3B,1,walk,7,5,10
2025-04-05,MIL202504050,MIL,"Dunn, Oliver",dunno001,4,2,1B+2B+3B,1B+2B+3B,1,double,7,5,10
2025-04-05,MIL202504050,MIL,"Collins, Isaac",colli001,2,2,2B+3B,2B+3B,1,strikeout,7,7,10
2025-04-05,MIL202504050,MIL,"Ortiz, Joey",ortij005,4,0,empty,empty,1,strikeout,8,7,10
2025-04-05,MIL202504050,MIL,"Turang, Brice",turab002,5,1,empty,empty,1,strikeout,8,7,10
2025-04-05,MIL202504050,MIL,"Chourio, Jackson",chouj001,5,2,empty,empty,1,field_out,8,7,10
2025-04-05,MIL202504050,MIL,"Yelich, Christian",yelic001,5,0,empty,empty,1,field_out,9,7,11
2025-04-05,MIL202504050,MIL,"Contreras, William",contw002,5,1,empty,empty,1,walk,9,7,11
2025-04-05,MIL202504050,MIL,"Frelick, Sal",frels001,5,1,1B,1B,1,single,9,7,11
2025-04-05,MIL202504050,MIL,"Bauers, Jake",bauej001,2,1,1B+2B,1B+2B,1,field_out,9,7,11
2025-04-05,MIL202504050,MIL,"Dunn, Oliver",dunno001,5,2,1B+3B,2B+3B,0,strikeout,9,7,11
2025-04-06,MIL202504060,MIL,"Turang, Brice",turab002,1,0,empty,empty,1,field_out,1,0,0
2025-04-06,MIL202504060,MIL,"Chourio, Jackson",chouj001,1,1,empty,empty,1,strikeout,1,0,0
2025-04-06,MIL202504060,MIL,"Yelich, Christian",yelic001,1,2,empty,empty,1,field_out,1,0,0
2025-04-06,MIL202504060,MIL,"Mitchell, Garrett",mitcg001,1,0,empty,empty,1,walk,2,0,0
2025-04-06,MIL202504060,MIL,"Frelick, Sal",frels001,1,0,1B,1B,1,field_out,2,0,0
2025-04-06,MIL202504060,MIL,"Bauers, Jake",bauej001,1,1,2B,2B,1,field_out,2,0,0
2025-04-06,MIL202504060,MIL,"Ortiz, Joey",ortij005,1,2,2B,2B,1,strikeout,2,0,0
2025-04-06,MIL202504060,MIL,"Dunn, Oliver",dunno001,1,0,empty,empty,1,single,3,0,0
2025-04-06,MIL202504060,MIL,"Haase, Eric",haase001,1,0,1B,1B,1,strikeout,3,0,0
2025-04-06,MIL202504060,MIL,"Turang, Brice",turab002,2,1,1B,1B,1,double,3,0,0
2025-04-06,MIL202504060,MIL,"Chourio, Jackson",chouj001,2,1,2B+3B,2B+3B,1,sac_fly,3,0,0
2025-04-06,MIL202504060,MIL,"Yelich, Christian",yelic001,2,2,3B,3B,1,single,3,1,0
2025-04-06,MIL202504060,MIL,"Mitchell, Garrett",mitcg001,2,2,1B,1B,1,field_out,3,2,0
2025-04-06,MIL202504060,MIL,"Frelick, Sal",frels001,2,0,empty,empty,1,single,4,2,0
2025-04-06,MIL202504060,MIL,"Bauers, Jake",bauej001,2,0,1B,1B,1,single,4,2,0
2025-04-06,MIL202504060,MIL,"Ortiz, Joey",ortij005,2,0,1B+3B,1B+3B,1,sac_bunt,4,2,0
2025-04-06,MIL202504060,MIL,"Dunn, Oliver",dunno001,2,1,2B+3B,3B,0,sac_bunt,4,3,0
2025-04-06,MIL202504060,MIL,"Haase, Eric",haase001,2,2,empty,empty,1,walk,4,4,0
2025-04-06,MIL202504060,MIL,"Turang, Brice",turab002,3,2,1B,1B,1,single,4,4,0
2025-04-06,MIL202504060,MIL,"Chourio, Jackson",chouj001,3,2,1B+3B,1B+3B,1,home_run,4,4,0
2025-04-06,MIL202504060,MIL,"Yelich, Christian",yelic001,3,2,empty,empty,1,field_out,4,7,0
2025-04-06,MIL202504060,MIL,"Mitchell, Garrett",mitcg001,3,0,empty,empty,1,field_out,5,7,1
2025-04-06,MIL202504060,MIL,"Frelick, Sal",frels001,3,1,empty,empty,1,field_out,5,7,1
2025-04-06,MIL202504060,MIL,"Bauers, Jake",bauej001,3,2,empty,empty,1,walk,5,7,1
2025-04-06,MIL202504060,MIL,"Ortiz, Joey",ortij005,3,2,1B,2B,0,field_out,5,7,1
2025-04-06,MIL202504060,MIL,"Dunn, Oliver",dunno001,3,0,empty,empty,1,field_out,6,7,1
2025-04-06,MIL202504060,MIL,"Haase, Eric",haase001,3,1,empty,empty,1,field_out,6,7,1
2025-04-06,MIL202504060,MIL,"Turang, Brice",turab002,4,2,empty,empty,1,field_out,6,7,1
2025-04-06,MIL202504060,MIL,"Chourio, Jackson",chouj001,4,0,empty,empty,1,home_run,7,7,1
2025-04-06,MIL202504060,MIL,"Yelich, Christian",yelic001,4,0,empty,empty,1,field_out,7,8,1
2025-04-06,MIL202504060,MIL,"Mitchell, Garrett",mitcg001,4,1,empty,empty,1,strikeout,7,8,1
2025-04-06,MIL202504060,MIL,"Frelick, Sal",frels001,4,2,empty,empty,1,field_out,7,8,1
2025-04-06,MIL202504060,MIL,"Bauers, Jake",bauej001,4,0,empty,empty,1,strikeout,8,8,2
2025-04-06,MIL202504060,MIL,"Ortiz, Joey",ortij005,4,1,empty,empty,1,field_out,8,8,2
2025-04-06,MIL202504060,MIL,"Dunn, Oliver",dunno001,4,2,empty,empty,1,field_out,8,8,2
2025-04-08,COL202504080,MIL,"Chourio, Jackson",chouj001,1,0,empty,empty,1,field_out,1,0,0
2025-04-08,COL202504080,MIL,"Yelich, Christian",yelic001,1,1,empty,empty,1,strikeout,1,0,0
2025-04-08,COL202504080,MIL,"Contreras, William",contw002,1,2,empty,empty,1,field_out,1,0,0
2025-04-08,COL202504080,MIL,"Hoskins, Rhys",hoskr001,1,0,empty,empty,1,strikeout,2,0,0
2025-04-08,COL202504080,MIL,"Frelick, Sal",frels001,1,1,empty,empty,1,field_out,2,0,0
2025-04-08,COL202504080,MIL,"Capra, Vinny",caprv001,1,2,empty,empty,1,field_out,2,0,0
2025-04-08,COL202504080,MIL,"Collins, Isaac",colli001,1,0,empty,empty,1,single,3,0,0
2025-04-08,COL202504080,MIL,"Ortiz, Joey",ortij005,1,0,1B,1B,1,single,3,0,0
2025-04-08,COL202504080,MIL,"Turang, Brice",turab002,1,0,1B+2B,1B+2B,1,field_out,3,0,0
2025-04-08,COL202504080,MIL,"Chourio, Jackson",chouj001,2,1,2B+3B,2B+3B,1,double,3,0,0
2025-04-08,COL202504080,MIL,"Yelich, Christian",yelic001,2,1,2B,2B,1,strikeout,3,2,0
2025-04-08,COL202504080,MIL,"Contreras, William",contw002,2,2,2B,3B,0,single,3,2,0
2025-04-08,COL202504080,MIL,"Hoskins, Rhys",hoskr001,2,2,1B,1B,1,single,3,3,0
2025-04-08,COL202504080,MIL,"Frelick, Sal",frels001,2,2,1B+2B,1B+2B,1,single,3,3,0
2025-04-08,COL202504080,MIL,"Capra, Vinny",caprv001,2,2,1B+2B,1B+2B,1,field_out,3,4,0
2025-04-08,COL202504080,MIL,"Collins, Isaac",colli001,2,0,empty,empty,1,field_error,4,4,1
2025-04-08,COL202504080,MIL,"Ortiz, Joey",ortij005,2,0,1B,1B,1,grounded_into_double_play,4,4,1
2025-04-08,COL202504080,MIL,"Turang, Brice",turab002,2,2,empty,empty,1,field_out,4,4,1
2025-04-08,COL202504080,MIL,"Chourio, Jackson",chouj001,3,0,empty,empty,1,triple,5,4,1
2025-04-08,COL202504080,MIL,"Yelich, Christian",yelic001,3,0,3B,3B,1,strikeout,5,4,1
2025-04-08,COL202504080,MIL,"Contreras, William",contw002,3,1,3B,3B,1,strikeout,5,4,1
2025-04-08,COL202504080,MIL,"Hoskins, Rhys",hoskr001,3,2,3B,3B,1,field_out,5,4,1
2025-04-08,COL202504080,MIL,"Frelick, Sal",frels001,3,0,empty,empty,1,hit_by_pitch,6,4,1
2025-04-08,COL202504080,MIL,"Capra, Vinny",caprv001,3,0,1B,1B,1,grounded_into_double_play,6,4,1
2025-04-08,COL202504080,MIL,"Collins, Isaac",colli001,3,2,empty,empty,1,field_out,6,4,1
2025-04-08,COL202504080,MIL,"Ortiz, Joey",ortij005,3,0,empty,empty,1,field_out,7,4,1
2025-04-08,COL202504080,MIL,"Turang, Brice",turab002,3,1,empty,empty,1,home_run,7,4,1
2025-04-08,COL202504080,MIL,"Chourio, Jackson",chouj001,4,1,empty,empty,1,field_out,7,5,1
2025-04-08,COL202504080,MIL,"Yelich, Christian",yelic001,4,2,empty,empty,1,home_run,7,5,1
2025-04-08,COL202504080,MIL,"Contreras, William",contw002,4,2,empty,empty,1,home_run,7,6,1
2025-04-08,COL202504080,MIL,"Hoskins, Rhys",hoskr001,4,2,empty,empty,1,single,7,7,1
2025-04-08,COL202504080,MIL,"Frelick, Sal",frels001,4,0,1B,empty,0,field_out,8,7,1
2025-04-08,COL202504080,MIL,"Capra, Vinny",caprv001,4,1,empty,empty,1,strikeout,8,7,1
2025-04-08,COL202504080,MIL,"Mitchell, Garrett",mitcg001,1,2,empty,empty,1,field_out,8,7,1
2025-04-08,COL202504080,MIL,"Ortiz, Joey",ortij005,4,0,empty,empty,1,field_out,9,7,1
2025-04-08,COL202504080,MIL,"Turang, Brice",turab002,4,1,empty,empty,1,strikeout,9,7,1
2025-04-08,COL202504080,MIL,"Chourio, Jackson",chouj001,5,2,empty,empty,1,field_out,9,7,1
2025-04-09,COL202504090,MIL,"Turang, Brice",turab002,1,0,empty,empty,1,field_out,1,0,0
2025-04-09,COL202504090,MIL,"Chourio, Jackson",chouj001,1,1,empty,empty,1,strikeout,1,0,0
2025-04-09,COL202504090,MIL,"Yelich, Christian",yelic001,1,2,empty,empty,1,field_out,1,0,0
2025-04-09,COL202504090,MIL,"Contreras, William",contw002,1,0,empty,empty,1,strikeout,2,0,0
2025-04-09,COL202504090,MIL,"Frelick, Sal",frels001,1,1,empty,empty,1,field_out,2,0,0
2025-04-09,COL202504090,MIL,"Hoskins, Rhys",hoskr001,1,2,empty,empty,1,strikeout,2,0,0
2025-04-09,COL202504090,MIL,"Mitchell, Garrett",mitcg001,1,0,empty,empty,1,double,3,0,0
2025-04-09,COL202504090,MIL,"Dunn, Oliver",dunno001,1,0,2B,2B,1,fielders_choice_out,3,0,0
2025-04-09,COL202504090,MIL,"Ortiz, Joey",ortij005,1,1,1B,1B,1,walk,3,0,0
2025-04-09,COL202504090,MIL,"Turang, Brice",turab002,2,1,1B+2B,1B+2B,1,single,3,0,0
2025-04-09,COL202504090,MIL,"Chourio, Jackson",chouj001,2,1,2B+3B,2B+3B,1,double,3,1,0
2025-04-09,COL202504090,MIL,"Yelich, Christian",yelic001,2,1,2B,2B,1,field_out,3,3,0
2025-04-09,COL202504090,MIL,"Contreras, William",contw002,2,2,2B,2B,1,home_run,3,3,0
2025-04-09,COL202504090,MIL,"Frelick, Sal",frels001,2,2,empty,empty,1,field_out,3,5,0
2025-04-09,COL202504090,MIL,"Hoskins, Rhys",hoskr001,2,0,empty,empty,1,field_out,4,5,1
2025-04-09,COL202504090,MIL,"Mitchell, Garrett",mitcg001,2,1,empty,empty,1,field_out,4,5,1
2025-04-09,COL202504090,MIL,"Dunn, Oliver",dunno001,2,2,empty,empty,1,field_out,4,5,1
2025-04-09,COL202504090,MIL,"Ortiz, Joey",ortij005,2,0,empty,empty,1,single,5,5,2
2025-04-09,COL202504090,MIL,"Turang, Brice",turab002,3,0,1B,1B,1,single,5,5,2
2025-04-09,COL202504090,MIL,"Chourio, Jackson",chouj001,3,0,1B+2B,1B+2B,1,home_run,5,5,2
2025-04-09,COL202504090,MIL,"Yelich, Christian",yelic001,3,0,empty,empty,1,single,5,8,2
2025-04-09,COL202504090,MIL,"Contreras, William",contw002,3,0,1B,1B,1,field_out,5,8,2
2025-04-09,COL202504090,MIL,"Frelick, Sal",frels001,3,1,1B,1B,1,fielders_choice,5,8,2
2025-04-09,COL202504090,MIL,"Hoskins, Rhys",hoskr001,3,1,1B+2B,2B+3B,0,sac_fly,5,8,2
2025-04-09,COL202504090,MIL,"Mitchell, Garrett",mitcg001,3,2,3B,3B,1,single,5,9,2
2025-04-09,COL202504090,MIL,"Dunn, Oliver",dunno001,3,2,1B,2B,0,field_out,5,10,2
2025-04-09,COL202504090,MIL,"Ortiz, Joey",ortij005,3,0,empty,empty,1,walk,6,10,2
2025-04-09,COL202504090,MIL,"Turang, Brice",turab002,4,0,1B,1B,1,field_out,6,10,2
2025-04-09,COL202504090,MIL,"Chourio, Jackson",chouj001,4,1,1B,1B,1,grounded_into_double_play,6,10,2
2025-04-09,COL202504090,MIL,"Yelich, Christian",yelic001,4,0,empty,empty,1,field_out,7,10,2
2025-04-09,COL202504090,MIL,"Contreras, William",contw002,4,1,empty,empty,1,field_out,7,10,2
2025-04-09,COL202504090,MIL,"Frelick, Sal",frels001,4,2,empty,empty,1,field_out,7,10,2
2025-04-09,COL202504090,MIL,"Hoskins, Rhys",hoskr001,4,0,empty,empty,1,field_out,8,10,2
2025-04-09,COL202504090,MIL,"Mitchell, Garrett",mitcg001,4,1,empty,empty,1,field_out,8,10,2
2025-04-09,COL202504090,MIL,"Dunn, Oliver",dunno001,4,2,empty,empty,1,field_out,8,10,2
2025-04-09,COL202504090,MIL,"Ortiz, Joey",ortij005,4,0,empty,empty,1,walk,9,10,2
2025-04-09,COL202504090,MIL,"Turang, Brice",turab002,5,0,1B,1B,1,walk,9,10,2
2025-04-09,COL202504090,MIL,"Chourio, Jackson",chouj001,5,0,1B+2B,1B+2B,1,field_error,9,10,2
2025-04-09,COL202504090,MIL,"Yelich, Christian",yelic001,5,0,2B,2B,1,home_run,9,12,2
2025-04-09,COL202504090,MIL,"Contreras, William",contw002,5,0,empty,empty,1,walk,9,14,2
2025-04-09,COL202504090,MIL,"Frelick, Sal",frels001,5,0,1B,1B,1,single,9,14,2
2025-04-09,COL202504090,MIL,"Hoskins, Rhys",hoskr001,5,0,1B+2B,1B+2B,1,strikeout,9,14,2
2025-04-09,COL202504090,MIL,"Mitchell, Garrett",mitcg001,5,1,1B+2B,1B+2B,1,strikeout,9,14,2
2025-04-09,COL202504090,MIL,"Dunn, Oliver",dunno001,5,2,1B+2B,1B+2B,1,single,9,14,2
2025-04-09,COL202504090,MIL,"Ortiz, Joey",ortij005,5,2,2B+3B,2B+3B,1,single,9,15,2
2025-04-09,COL202504090,MIL,"Turang, Brice",turab002,6,2,1B,1B,1,strikeout,9,17,2
2025-04-10,COL202504100,MIL,"Turang, Brice",turab002,1,0,empty,empty,1,field_out,1,0,0
2025-04-10,COL202504100,MIL,"Chourio, Jackson",chouj001,1,1,empty,empty,1,field_out,1,0,0
2025-04-10,COL202504100,MIL,"Yelich, Christian",yelic001,1,2,empty,empty,1,field_out,1,0,0
2025-04-10,COL202504100,MIL,"Contreras, William",contw002,1,0,empty,empty,1,strikeout,2,0,1
2025-04-10,COL202504100,MIL,"Mitchell, Garrett",mitcg001,1,1,empty,empty,1,field_out,2,0,1
2025-04-10,COL202504100,MIL,"Bauers, Jake",bauej001,1,2,empty,empty,1,strikeout,2,0,1
2025-04-10,COL202504100,MIL,"Ortiz, Joey",ortij005,1,0,empty,empty,1,field_out,3,0,1
2025-04-10,COL202504100,MIL,"Dunn, Oliver",dunno001,1,1,empty,empty,1,double,3,0,1
2025-04-10,COL202504100,MIL,"Haase, Eric",haase001,1,1,2B,2B,1,strikeout,3,0,1
2025-04-10,COL202504100,MIL,"Turang, Brice",turab002,2,2,2B,2B,1,field_error,3,0,1
2025-04-10,COL202504100,MIL,"Chourio, Jackson",chouj001,2,2,1B+3B,1B+3B,1,field_out,3,0,1
2025-04-10,COL202504100,MIL,"Yelich, Christian",yelic001,2,0,empty,empty,1,double,4,0,1
2025-04-10,COL202504100,MIL,"Contreras, William",contw002,2,0,2B,2B,1,double,4,0,1
2025-04-10,COL202504100,MIL,"Mitchell, Garrett",mitcg001,2,0,2B,2B,1,walk,4,1,1
2025-04-10,COL202504100,MIL,"Bauers, Jake",bauej001,2,0,1B+2B,1B+2B,1,walk,4,1,1
2025-04-10,COL202504100,MIL,"Ortiz, Joey",ortij005,2,0,1B+2B+3B,1B+2B+3B,1,field_out,4,1,1
2025-04-10,COL202504100,MIL,"Dunn, Oliver",dunno001,2,1,1B+2B+3B,1B+2B+3B,1,strikeout,4,1,1
2025-04-10,COL202504100,MIL,"Haase, Eric",haase001,2,2,1B+2B+3B,1B+2B+3B,1,strikeout,4,1,1
2025-04-10,COL202504100,MIL,"Turang, Brice",turab002,3,0,empty,empty,1,field_out,5,1,1
2025-04-10,COL202504100,MIL,"Chourio, Jackson",chouj001,3,1,empty,empty,1,strikeout,5,1,1
2025-04-10,COL202504100,MIL,"Yelich, Christian",yelic001,3,2,empty,empty,1,field_out,5,1,1
2025-04-10,COL202504100,MIL,"Contreras, William",contw002,3,0,empty,empty,1,field_out,6,1,1
2025-04-10,COL202504100,MIL,"Mitchell, Garrett",mitcg001,3,1,empty,empty,1,strikeout,6,1,1
2025-04-10,COL202504100,MIL,"Bauers, Jake",bauej001,3,2,empty,empty,1,field_out,6,1,1
2025-04-10,COL202504100,MIL,"Ortiz, Joey",ortij005,3,0,empty,empty,1,walk,7,1,1
2025-04-10,COL202504100,MIL,"Dunn, Oliver",dunno001,3,0,1B,1B,1,field_out,7,1,1
2025-04-10,COL202504100,MIL,"Haase, Eric",haase001,3,1,2B,2B,1,field_out,7,1,1
2025-04-10,COL202504100,MIL,"Turang, Brice",turab002,4,2,2B,2B,1,strikeout,7,1,1
2025-04-10,COL202504100,MIL,"Chourio, Jackson",chouj001,4,0,empty,empty,1,single,8,1,2
2025-04-10,COL202504100,MIL,"Yelich, Christian",yelic001,4,0,1B,1B,1,walk,8,1,2
2025-04-10,COL202504100,MIL,"Contreras, William",contw002,4,0,1B+2B,1B+2B,1,walk,8,1,2
2025-04-10,COL202504100,MIL,"Collins, Isaac",colli001,1,0,1B+2B+3B,1B+2B+3B,1,grounded_into_double_play,8,1,2
2025-04-10,COL202504100,MIL,"Hoskins, Rhys",hoskr001,1,2,3B,3B,1,strikeout,8,2,2
2025-04-10,COL202504100,MIL,"Ortiz, Joey",ortij005,4,0,empty,empty,1,walk,9,2,7
2025-04-10,COL202504100,MIL,"Dunn, Oliver",dunno001,4,0,1B,1B,1,field_out,9,2,7
2025-04-10,COL202504100,MIL,"Capra, Vinny",caprv001,1,1,2B,3B,0,strikeout,9,2,7
2025-04-10,COL202504100,MIL,"Turang, Brice",turab002,5,2,3B,3B,1,field_out,9,2,7
2025-04-11,ARI202504110,MIL,"Chourio, Jackson",chouj001,1,0,empty,empty,1,field_out,1,0,0
2025-04-11,ARI202504110,MIL,"Yelich, Christian",yelic001,1,1,empty,empty,1,field_out,1,0,0
2025-04-11,ARI202504110,MIL,"Contreras, William",contw002,1,2,empty,empty,1,field_out,1,0,0
2025-04-11,ARI202504110,MIL,"Hoskins, Rhys",hoskr001,1,0,empty,empty,1,walk,2,0,0
2025-04-11,ARI202504110,MIL,"Frelick, Sal",frels001,1,0,1B,1B,1,field_out,2,0,0
2025-04-11,ARI202504110,MIL,"Ortiz, Joey",ortij005,1,1,1B,1B,1,single,2,0,0
2025-04-11,ARI202504110,MIL,"Collins, Isaac",colli001,1,1,1B+2B,1B+2B,1,strikeout,2,0,0
2025-04-11,ARI202504110,MIL,"Capra, Vinny",caprv001,1,2,1B+2B,2B+3B,0,field_out,2,0,0
2025-04-11,ARI202504110,MIL,"Turang, Brice",turab002,1,0,empty,empty,1,field_out,3,0,0
2025-04-11,ARI202504110,MIL,"Chourio, Jackson",chouj001,2,1,empty,empty,1,field_out,3,0,0
2025-04-11,ARI202504110,MIL,"Yelich, Christian",yelic001,2,2,empty,empty,1,walk,3,0,0
2025-04-11,ARI202504110,MIL,"Contreras, William",contw002,2,2,1B,1B,1,field_out,3,0,0
2025-04-11,ARI202504110,MIL,"Hoskins, Rhys",hoskr001,2,0,empty,empty,1,double,4,0,0
2025-04-11,ARI202504110,MIL,"Frelick, Sal",frels001,2,0,2B,2B,1,double,4,0,0
2025-04-11,ARI202504110,MIL,"Ortiz, Joey",ortij005,2,0,2B,2B,1,sac_bunt,4,1,0
2025-04-11,ARI202504110,MIL,"Collins, Isaac",colli001,2,1,3B,3B,1,field_out,4,1,0
2025-04-11,ARI202504110,MIL,"Capra, Vinny",caprv001,2,2,3B,3B,1,field_out,4,1,0
2025-04-11,ARI202504110,MIL,"Turang, Brice",turab002,2,0,empty,empty,1,single,5,1,0
2025-04-11,ARI202504110,MIL,"Chourio, Jackson",chouj001,3,0,1B,1B,1,single,5,1,0
2025-04-11,ARI202504110,MIL,"Yelich, Christian",yelic001,3,0,1B+2B,2B+3B,0,field_out,5,1,0
2025-04-11,ARI202504110,MIL,"Contreras, William",contw002,3,1,3B,3B,1,sac_fly,5,2,0
2025-04-11,ARI202504110,MIL,"Hoskins, Rhys",hoskr001,3,2,empty,empty,1,field_out,5,3,0
2025-04-11,ARI202504110,MIL,"Frelick, Sal",frels001,3,0,empty,empty,1,field_out,6,3,0
2025-04-11,ARI202504110,MIL,"Ortiz, Joey",ortij005,3,1,empty,empty,1,strikeout,6,3,0
2025-04-11,ARI202504110,MIL,"Collins, Isaac",colli001,3,2,empty,empty,1,field_out,6,3,0
2025-04-11,ARI202504110,MIL,"Capra, Vinny",caprv001,3,0,empty,empty,1,strikeout,7,3,0
2025-04-11,ARI202504110,MIL,"Turang, Brice",turab002,3,1,empty,empty,1,single,7,3,0
2025-04-11,ARI202504110,MIL,"Chourio, Jackson",chouj001,4,1,1B,1B,1,field_out,7,3,0
2025-04-11,ARI202504110,MIL,"Yelich, Christian",yelic001,4,2,1B,1B,1,field_out,7,3,0
2025-04-11,ARI202504110,MIL,"Contreras, William",contw002,4,0,empty,empty,1,field_out,8,3,0
2025-04-11,ARI202504110,MIL,"Hoskins, Rhys",hoskr001,4,1,empty,empty,1,field_out,8,3,0
2025-04-11,ARI202504110,MIL,"Frelick, Sal",frels001,4,2,empty,empty,1,field_out,8,3,0
2025-04-11,ARI202504110,MIL,"Ortiz, Joey",ortij005,4,0,empty,empty,1,single,9,3,0
2025-04-11,ARI202504110,MIL,"Mitchell, Garrett",mitcg001,1,0,1B,1B,1,single,9,3,0
2025-04-11,ARI202504110,MIL,"Capra, Vinny",caprv001,4,0,1B+2B,1B+2B,1,hit_by_pitch,9,3,0
2025-04-11,ARI202504110,MIL,"Turang, Brice",turab002,4,0,1B+2B+3B,1B+2B+3B,1,single,9,3,0
2025-04-11,ARI202504110,MIL,"Chourio, Jackson",chouj001,5,0,2B+3B,2B+3B,1,field_out,9,5,0
2025-04-11,ARI202504110,MIL,"Yelich, Christian",yelic001,5,1,2B+3B,2B+3B,1,field_out,9,5,0
2025-04-11,ARI202504110,MIL,"Contreras, William",contw002,5,2,3B,3B,1,single,9,6,0
2025-04-11,ARI202504110,MIL,"Hoskins, Rhys",hoskr001,5,2,1B,1B,1,walk,9,7,0
2025-04-11,ARI202504110,MIL,"Frelick, Sal",frels001,5,2,1B+2B,1B+2B,1,strikeout,9,7,0
2025-04-12,ARI202504120,MIL,"Turang, Brice",turab002,1,0,empty,empty,1,field_out,1,0,0
2025-04-12,ARI202504120,MIL,"Chourio, Jackson",chouj001,1,1,empty,empty,1,field_out,1,0,0
2025-04-12,ARI202504120,MIL,"Yelich, Christian",yelic001,1,2,empty,empty,1,strikeout,1,0,0
2025-04-12,ARI202504120,MIL,"Contreras, William",contw002,1,0,empty,empty,1,single,2,0,0
2025-04-12,ARI202504120,MIL,"Frelick, Sal",frels001,1,0,1B,1B,1,walk,2,0,0
2025-04-12,ARI202504120,MIL,"Hoskins, Rhys",hoskr001,1,0,1B+2B,1B+2B,1,single,2,0,0
2025-04-12,ARI202504120,MIL,"Mitchell, Garrett",mitcg001,1,0,1B+2B,1B+2B,1,walk,2,1,0
2025-04-12,ARI202504120,MIL,"Ortiz, Joey",ortij005,1,0,1B+2B+3B,1B+2B+3B,1,grounded_into_double_play,2,1,0
2025-04-12,ARI202504120,MIL,"Dunn, Oliver",dunno001,1,2,3B,3B,1,field_out,2,2,0
2025-04-12,ARI202504120,MIL,"Turang, Brice",turab002,2,0,empty,empty,1,single,3,2,0
2025-04-12,ARI202504120,MIL,"Chourio, Jackson",chouj001,2,1,1B,empty,0,field_out,3,2,0
2025-04-12,ARI202504120,MIL,"Yelich, Christian",yelic001,2,2,empty,empty,1,field_out,3,2,0
2025-04-12,ARI202504120,MIL,"Contreras, William",contw002,2,0,empty,empty,1,field_out,4,2,0
2025-04-12,ARI202504120,MIL,"Frelick, Sal",frels001,2,1,empty,empty,1,field_out,4,2,0
2025-04-12,ARI202504120,MIL,"Hoskins, Rhys",hoskr001,2,2,empty,empty,1,strikeout,4,2,0
2025-04-12,ARI202504120,MIL,"Mitchell, Garrett",mitcg001,2,0,empty,empty,1,strikeout,5,2,0
2025-04-12,ARI202504120,MIL,"Ortiz, Joey",ortij005,2,1,empty,empty,1,field_out,5,2,0
2025-04-12,ARI202504120,MIL,"Dunn, Oliver",dunno001,2,2,empty,empty,1,field_out,5,2,0
2025-04-12,ARI202504120,MIL,"Turang, Brice",turab002,3,0,empty,empty,1,field_out,6,2,0
2025-04-12,ARI202504120,MIL,"Chourio, Jackson",chouj001,3,1,empty,empty,1,home_run,6,2,0
2025-04-12,ARI202504120,MIL,"Yelich, Christian",yelic001,3,1,empty,empty,1,field_out,6,3,0
2025-04-12,ARI202504120,MIL,"Contreras, William",contw002,3,2,empty,empty,1,field_out,6,3,0
2025-04-12,ARI202504120,MIL,"Frelick, Sal",frels001,3,0,empty,empty,1,field_out,7,3,0
2025-04-12,ARI202504120,MIL,"Hoskins, Rhys",hoskr001,3,1,empty,empty,1,field_out,7,3,0
2025-04-12,ARI202504120,MIL,"Mitchell, Garrett",mitcg001,3,2,empty,empty,1,strikeout,7,3,0
2025-04-12,ARI202504120,MIL,"Ortiz, Joey",ortij005,3,0,empty,empty,1,field_out,8,3,0
2025-04-12,ARI202504120,MIL,"Dunn, Oliver",dunno001,3,1,empty,empty,1,field_out,8,3,0
2025-04-12,ARI202504120,MIL,"Turang, Brice",turab002,4,2,empty,empty,1,strikeout,8,3,0
2025-04-12,ARI202504120,MIL,"Chourio, Jackson",chouj001,4,0,empty,empty,1,single,9,3,0
2025-04-12,ARI202504120,MIL,"Yelich, Christian",yelic001,4,0,1B,1B,1,strikeout,9,3,0
2025-04-12,ARI202504120,MIL,"Contreras, William",contw002,4,1,1B,1B,1,double,9,3,0
2025-04-12,ARI202504120,MIL,"Frelick, Sal",frels001,4,1,2B,2B,1,field_out,9,4,0
2025-04-12,ARI202504120,MIL,"Hoskins, Rhys",hoskr001,4,2,2B,2B,1,field_out,9,4,0
2025-04-13,ARI202504130,MIL,"Turang, Brice",turab002,1,0,empty,empty,1,single,1,0,0
2025-04-13,ARI202504130,MIL,"Chourio, Jackson",chouj001,1,0,1B,1B,1,field_out,1,0,0
2025-04-13,ARI202504130,MIL,"Yelich, Christian",yelic001,1,1,1B,1B,1,field_out,1,0,0
2025-04-13,ARI202504130,MIL,"Contreras, William",contw002,1,2,1B,1B,1,home_run,1,0,0
2025-04-13,ARI202504130,MIL,"Frelick, Sal",frels001,1,2,empty,empty,1,single,1,2,0
2025-04-13,ARI202504130,MIL,"Hoskins, Rhys",hoskr001,1,2,1B,1B,1,field_out,1,2,0
2025-04-13,ARI202504130,MIL,"Mitchell, Garrett",mitcg001,1,0,empty,empty,1,field_out,2,2,0
2025-04-13,ARI202504130,MIL,"Ortiz, Joey",ortij005,1,1,empty,empty,1,walk,2,2,0
2025-04-13,ARI202504130,MIL,"Dunn, Oliver",dunno001,1,1,1B,1B,1,walk,2,2,0
2025-04-13,ARI202504130,MIL,"Turang, Brice",turab002,2,1,1B+2B,1B+2B,1,field_out,2,2,0
2025-04-13,ARI202504130,MIL,"Chourio, Jackson",chouj001,2,2,1B+2B,1B+2B,1,field_out,2,2,0
2025-04-13,ARI202504130,MIL,"Yelich, Christian",yelic001,2,0,empty,empty,1,field_out,3,2,0
2025-04-13,ARI202504130,MIL,"Contreras, William",contw002,2,1,empty,empty,1,strikeout,3,2,0
2025-04-13,ARI202504130,MIL,"Frelick, Sal",frels001,2,2,empty,empty,1,walk,3,2,0
2025-04-13,ARI202504130,MIL,"Hoskins, Rhys",hoskr001,2,2,1B,1B,1,field_out,3,2,0
2025-04-13,ARI202504130,MIL,"Mitchell, Garrett",mitcg001,2,0,empty,empty,1,strikeout,4,2,0
2025-04-13,ARI202504130,MIL,"Ortiz, Joey",ortij005,2,1,empty,empty,1,strikeout,4,2,0
2025-04-13,ARI202504130,MIL,"Dunn, Oliver",dunno001,2,2,empty,empty,1,single,4,2,0
2025-04-13,ARI202504130,MIL,"Turang, Brice",turab002,3,2,1B,1B,1,hit_by_pitch,4,2,0
2025-04-13,ARI202504130,MIL,"Chourio, Jackson",chouj001,3,2,1B+2B,1B+2B,1,field_out,4,2,0
2025-04-13,ARI202504130,MIL,"Yelich, Christian",yelic001,3,0,empty,empty,1,field_out,5,2,0
2025-04-13,ARI202504130,MIL,"Contreras, William",contw002,3,1,empty,empty,1,single,5,2,0
2025-04-13,ARI202504130,MIL,"Frelick, Sal",frels001,3,1,1B,1B,1,grounded_into_double_play,5,2,0
2025-04-13,ARI202504130,MIL,"Hoskins, Rhys",hoskr001,3,0,empty,empty,1,strikeout,6,2,1
2025-04-13,ARI202504130,MIL,"Mitchell, Garrett",mitcg001,3,1,empty,empty,1,strikeout,6,2,1
2025-04-13,ARI202504130,MIL,"Ortiz, Joey",ortij005,3,2,empty,empty,1,field_out,6,2,1
2025-04-13,ARI202504130,MIL,"Dunn, Oliver",dunno001,3,0,empty,empty,1,field_out,7,2,2
2025-04-13,ARI202504130,MIL,"Turang, Brice",turab002,4,1,empty,empty,1,single,7,2,2
2025-04-13,ARI202504130,MIL,"Chourio, Jackson",chouj001,4,1,1B,1B,1,strikeout,7,2,2
2025-04-13,ARI202504130,MIL,"Yelich, Christian",yelic001,4,2,1B,2B,0,field_out,7,2,2
2025-04-13,ARI202504130,MIL,"Contreras, William",contw002,4,0,empty,empty,1,field_out,8,2,3
2025-04-13,ARI202504130,MIL,"Frelick, Sal",frels001,4,1,empty,empty,1,strikeout,8,2,3
2025-04-13,ARI202504130,MIL,"Bauers, Jake",bauej001,1,2,empty,empty,1,strikeout,8,2,3
2025-04-13,ARI202504130,MIL,"Capra, Vinny",caprv001,1,0,empty,empty,1,strikeout,9,2,5
2025-04-13,ARI202504130,MIL,"Ortiz, Joey",ortij005,4,1,empty,empty,1,hit_by_pitch,9,2,5
2025-04-13,ARI202504130,MIL,"Collins, Isaac",colli001,1,1,1B,2B,0,walk,9,2,5
2025-04-13,ARI202504130,MIL,"Turang, Brice",turab002,5,1,1B+2B,1B+2B,1,strikeout,9,2,5
2025-04-13,ARI202504130,MIL,"Chourio, Jackson",chouj001,5,2,1B+2B,1B+2B,1,strikeout,9,2,5
2025-04-14,MIL202504140,MIL,"Chourio, Jackson",chouj001,1,0,empty,empty,1,strikeout,1,0,2
2025-04-14,MIL202504140,MIL,"Collins, Isaac",colli001,1,1,empty,empty,1,field_out,1,0,2
2025-04-14,MIL202504140,MIL,"Contreras, William",contw002,1,2,empty,empty,1,field_out,1,0,2
2025-04-14,MIL202504140,MIL,"Hoskins, Rhys",hoskr001,1,0,empty,empty,1,field_out,2,0,4
2025-04-14,MIL202504140,MIL,"Frelick, Sal",frels001,1,1,empty,empty,1,strikeout,2,0,4
2025-04-14,MIL202504140,MIL,"Ortiz, Joey",ortij005,1,2,empty,empty,1,field_out,2,0,4
2025-04-14,MIL202504140,MIL,"Mitchell, Garrett",mitcg001,1,0,empty,empty,1,field_out,3,0,4
2025-04-14,MIL202504140,MIL,"Capra, Vinny",caprv001,1,1,empty,empty,1,strikeout,3,0,4
2025-04-14,MIL202504140,MIL,"Turang, Brice",turab002,1,2,empty,empty,1,strikeout,3,0,4
2025-04-14,MIL202504140,MIL,"Chourio, Jackson",chouj001,2,0,empty,empty,1,field_out,4,0,8
2025-04-14,MIL202504140,MIL,"Collins, Isaac",colli001,2,1,empty,empty,1,field_out,4,0,8
2025-04-14,MIL202504140,MIL,"Contreras, William",contw002,2,2,empty,empty,1,field_out,4,0,8
2025-04-14,MIL202504140,MIL,"Hoskins, Rhys",hoskr001,2,0,empty,empty,1,single,5,0,9
2025-04-14,MIL202504140,MIL,"Frelick, Sal",frels001,2,0,1B,1B,1,field_out,5,0,9
2025-04-14,MIL202504140,MIL,"Ortiz, Joey",ortij005,2,1,2B,2B,1,field_out,5,0,9
2025-04-14,MIL202504140,MIL,"Mitchell, Garrett",mitcg001,2,2,3B,3B,1,field_out,5,0,9
2025-04-14,MIL202504140,MIL,"Capra, Vinny",caprv001,2,0,empty,empty,1,strikeout,6,0,9
2025-04-14,MIL202504140,MIL,"Turang, Brice",turab002,2,1,empty,empty,1,single,6,0,9
2025-04-14,MIL202504140,MIL,"Chourio, Jackson",chouj001,3,1,1B,1B,1,single,6,0,9
2025-04-14,MIL202504140,MIL,"Collins, Isaac",colli001,3,1,1B+2B,1B+2B,1,strikeout,6,0,9
2025-04-14,MIL202504140,MIL,"Contreras, William",contw002,3,2,1B+2B,1B+2B,1,single,6,0,9
2025-04-14,MIL202504140,MIL,"Hoskins, Rhys",hoskr001,3,2,1B+2B+3B,1B+2B+3B,1,strikeout,6,0,9
2025-04-14,MIL202504140,MIL,"Frelick, Sal",frels001,3,0,empty,empty,1,field_out,7,0,9
2025-04-14,MIL202504140,MIL,"Ortiz, Joey",ortij005,3,1,empty,empty,1,strikeout,7,0,9
2025-04-14,MIL202504140,MIL,"Mitchell, Garrett",mitcg001,3,2,empty,empty,1,strikeout,7,0,9
2025-04-14,MIL202504140,MIL,"Dunn, Oliver",dunno001,1,0,empty,empty,1,strikeout,8,0,9
2025-04-14,MIL202504140,MIL,"Turang, Brice",turab002,3,1,empty,empty,1,field_out,8,0,9
2025-04-14,MIL202504140,MIL,"Chourio, Jackson",chouj001,4,2,empty,empty,1,field_out,8,0,9
2025-04-14,MIL202504140,MIL,"Bauers, Jake",bauej001,1,0,empty,empty,1,field_out,9,0,9
2025-04-14,MIL202504140,MIL,"Haase, Eric",haase001,1,1,empty,empty,1,strikeout,9,0,9
2025-04-14,MIL202504140,MIL,"Hoskins, Rhys",hoskr001,4,2,empty,empty,1,hit_by_pitch,9,0,9
2025-04-14,MIL202504140,MIL,"Frelick, Sal",frels001,4,2,1B,2B,0,walk,9,0,9
2025-04-14,MIL202504140,MIL,"Ortiz, Joey",ortij005,4,2,1B+2B,1B+2B,1,single,9,0,9
2025-04-14,MIL202504140,MIL,"Mitchell, Garrett",mitcg001,4,2,1B+2B,1B+2B,1,field_out,9,1,9
2025-04-15,MIL202504150,MIL,"Chourio, Jackson",chouj001,1,0,empty,empty,1,walk,1,0,0
2025-04-15,MIL202504150,MIL,"Turang, Brice",turab002,1,0,1B,1B,1,field_out,1,0,0
2025-04-15,MIL202504150,MIL,"Contreras, William",contw002,1,1,1B,1B,1,field_out,1,0,0
2025-04-15,MIL202504150,MIL,"Yelich, Christian",yelic001,1,2,1B,2B,0,strikeout,1,0,0
2025-04-15,MIL202504150,MIL,"Hoskins, Rhys",hoskr001,1,0,empty,empty,1,home_run,2,0,0
2025-04-15,MIL202504150,MIL,"Frelick, Sal",frels001,1,0,empty,empty,1,triple,2,1,0
2025-04-15,MIL202504150,MIL,"Mitchell, Garrett",mitcg001,1,0,3B,3B,1,sac_fly,2,1,0
2025-04-15,MIL202504150,MIL,"Ortiz, Joey",ortij005,1,1,empty,empty,1,field_out,2,2,0
2025-04-15,MIL202504150,MIL,"Dunn, Oliver",dunno001,1,2,empty,empty,1,strikeout,2,2,0
2025-04-15,MIL202504150,MIL,"Chourio, Jackson",chouj001,2,0,empty,empty,1,field_out,3,2,0
2025-04-15,MIL202504150,MIL,"Turang, Brice",turab002,2,1,empty,empty,1,field_out,3,2,0
2025-04-15,MIL202504150,MIL,"Contreras, William",contw002,2,2,empty,empty,1,single,3,2,0
2025-04-15,MIL202504150,MIL,"Yelich, Christian",yelic001,2,2,1B,1B,1,field_out,3,2,0
2025-04-15,MIL202504150,MIL,"Hoskins, Rhys",hoskr001,2,0,empty,empty,1,strikeout,4,2,0
2025-04-15,MIL202504150,MIL,"Frelick, Sal",frels001,2,1,empty,empty,1,field_out,4,2,0
2025-04-15,MIL202504150,MIL,"Mitchell, Garrett",mitcg001,2,2,empty,empty,1,double,4,2,0
2025-04-15,MIL202504150,MIL,"Ortiz, Joey",ortij005,2,2,2B,2B,1,single,4,2,0
2025-04-15,MIL202504150,MIL,"Dunn, Oliver",dunno001,2,2,1B,1B,1,strikeout,4,3,0
2025-04-15,MIL202504150,MIL,"Chourio, Jackson",chouj001,3,0,empty,empty,1,field_out,5,3,0
2025-04-15,MIL202504150,MIL,"Turang, Brice",turab002,3,1,empty,empty,1,field_out,5,3,0
2025-04-15,MIL202504150,MIL,"Contreras, William",contw002,3,2,empty,empty,1,walk,5,3,0
2025-04-15,MIL202504150,MIL,"Yelich, Christian",yelic001,3,2,1B,1B,1,strikeout,5,3,0
2025-04-15,MIL202504150,MIL,"Hoskins, Rhys",hoskr001,3,0,empty,empty,1,single,6,3,0
2025-04-15,MIL202504150,MIL,"Frelick, Sal",frels001,3,0,1B,1B,1,field_out,6,3,0
2025-04-15,MIL202504150,MIL,"Mitchell, Garrett",mitcg001,3,1,1B,2B,0,field_out,6,3,0
2025-04-15,MIL202504150,MIL,"Ortiz, Joey",ortij005,3,2,2B,2B,1,field_out,6,3,0
2025-04-15,MIL202504150,MIL,"Dunn, Oliver",dunno001,3,0,empty,empty,1,field_out,7,3,0
2025-04-15,MIL202504150,MIL,"Chourio, Jackson",chouj001,4,1,empty,empty,1,field_error,7,3,0
2025-04-15,MIL202504150,MIL,"Turang, Brice",turab002,4,1,1B,2B,0,single,7,3,0
2025-04-15,MIL202504150,MIL,"Contreras, William",contw002,4,1,1B+3B,1B+3B,1,field_out,7,3,0
2025-04-15,MIL202504150,MIL,"Yelich, Christian",yelic001,4,2,1B,1B,1,single,7,4,0
2025-04-15,MIL202504150,MIL,"Hoskins, Rhys",hoskr001,4,2,1B+3B,1B+3B,1,single,7,4,0
2025-04-15,MIL202504150,MIL,"Frelick, Sal",frels001,4,2,1B+2B,1B+2B,1,walk,7,5,0
2025-04-15,MIL202504150,MIL,"Mitchell, Garrett",mitcg001,4,2,1B+2B+3B,1B+2B+3B,1,field_out,7,5,0
2025-04-15,MIL202504150,MIL,"Ortiz, Joey",ortij005,4,0,empty,empty,1,field_out,8,5,0
2025-04-15,MIL202504150,MIL,"Dunn, Oliver",dunno001,4,1,empty,empty,1,walk,8,5,0
2025-04-15,MIL202504150,MIL,"Chourio, Jackson",chouj001,5,1,1B,1B,1,field_out,8,5,0
2025-04-15,MIL202504150,MIL,"Turang, Brice",turab002,5,2,1B,2B,0,walk,8,5,0
2025-04-15,MIL202504150,MIL,"Contreras, William",contw002,5,2,1B+2B,1B+2B,1,field_out,8,5,0
2025-04-16,MIL202504160,MIL,"Turang, Brice",turab002,1,0,empty,empty,1,strikeout,1,0,0
2025-04-16,MIL202504160,MIL,"Chourio, Jackson",chouj001,1,1,empty,empty,1,strikeout,1,0,0
2025-04-16,MIL202504160,MIL,"Yelich, Christian",yelic001,1,2,empty,empty,1,single,1,0,0
2025-04-16,MIL202504160,MIL,"Contreras, William",contw002,1,2,1B,1B,1,single,1,0,0
2025-04-16,MIL202504160,MIL,"Frelick, Sal",frels001,1,2,1B+2B,1B+2B,1,strikeout,1,0,0
2025-04-16,MIL202504160,MIL,"Hoskins, Rhys",hoskr001,1,0,empty,empty,1,strikeout,2,0,0
2025-04-16,MIL202504160,MIL,"Mitchell, Garrett",mitcg001,1,1,empty,empty,1,triple,2,0,0
2025-04-16,MIL202504160,MIL,"Ortiz, Joey",ortij005,1,1,3B,3B,1,walk,2,0,0
2025-04-16,MIL202504160,MIL,"Dunn, Oliver",dunno001,1,1,1B+3B,1B+3B,1,sac_bunt,2,0,0
2025-04-16,MIL202504160,MIL,"Turang, Brice",turab002,2,2,2B,2B,1,field_out,2,1,0
2025-04-16,MIL202504160,MIL,"Chourio, Jackson",chouj001,2,0,empty,empty,1,field_out,3,1,0
2025-04-16,MIL202504160,MIL,"Yelich, Christian",yelic001,2,1,empty,empty,1,home_run,3,1,0
2025-04-16,MIL202504160,MIL,"Contreras, William",contw002,2,1,empty,empty,1,field_out,3,2,0
2025-04-16,MIL202504160,MIL,"Frelick, Sal",frels001,2,2,empty,empty,1,single,3,2,0
2025-04-16,MIL202504160,MIL,"Hoskins, Rhys",hoskr001,2,2,1B,1B,1,home_run,3,2,0
2025-04-16,MIL202504160,MIL,"Mitchell, Garrett",mitcg001,2,2,empty,empty,1,field_out,3,4,0
2025-04-16,MIL202504160,MIL,"Ortiz, Joey",ortij005,2,0,empty,empty,1,strikeout,4,4,0
2025-04-16,MIL202504160,MIL,"Dunn, Oliver",dunno001,2,1,empty,empty,1,field_out,4,4,0
2025-04-16,MIL202504160,MIL,"Turang, Brice",turab002,3,2,empty,empty,1,field_out,4,4,0
2025-04-16,MIL202504160,MIL,"Chourio, Jackson",chouj001,3,0,empty,empty,1,strikeout,5,4,0
2025-04-16,MIL202504160,MIL,"Yelich, Christian",yelic001,3,1,empty,empty,1,strikeout,5,4,0
2025-04-16,MIL202504160,MIL,"Contreras, William",contw002,3,2,empty,empty,1,strikeout,5,4,0
2025-04-16,MIL202504160,MIL,"Frelick, Sal",frels001,3,0,empty,empty,1,home_run,6,4,1
2025-04-16,MIL202504160,MIL,"Hoskins, Rhys",hoskr001,3,0,empty,empty,1,single,6,5,1
2025-04-16,MIL202504160,MIL,"Mitchell, Garrett",mitcg001,3,0,1B,1B,1,sac_bunt,6,5,1
2025-04-16,MIL202504160,MIL,"Ortiz, Joey",ortij005,3,1,2B,2B,1,field_out,6,5,1
2025-04-16,MIL202504160,MIL,"Capra, Vinny",caprv001,1,2,2B,2B,1,field_out,6,5,1
2025-04-16,MIL202504160,MIL,"Turang, Brice",turab002,4,0,empty,empty,1,field_error,7,5,1
2025-04-16,MIL202504160,MIL,"Chourio, Jackson",chouj001,4,0,2B,2B,1,field_out,7,5,1
2025-04-16,MIL202504160,MIL,"Yelich, Christian",yelic001,4,1,3B,3B,1,strikeout,7,5,1
2025-04-16,MIL202504160,MIL,"Contreras, William",contw002,4,2,3B,3B,1,intent_walk,7,5,1
2025-04-16,MIL202504160,MIL,"Frelick, Sal",frels001,4,2,1B+3B,2B+3B,0,field_out,7,5,1
2025-04-16,MIL202504160,MIL,"Bauers, Jake",bauej001,1,0,empty,empty,1,strikeout,8,5,1
2025-04-16,MIL202504160,MIL,"Mitchell, Garrett",mitcg001,4,1,empty,empty,1,strikeout,8,5,1
2025-04-16,MIL202504160,MIL,"Ortiz, Joey",ortij005,4,2,empty,empty,1,field_out,8,5,1
2025-04-18,MIL202504180,MIL,"Turang, Brice",turab002,1,0,empty,empty,1,strikeout,1,0,0
2025-04-18,MIL202504180,MIL,"Chourio, Jackson",chouj001,1,1,empty,empty,1,field_out,1,0,0
2025-04-18,MIL202504180,MIL,"Yelich, Christian",yelic001,1,2,empty,empty,1,walk,1,0,0
2025-04-18,MIL202504180,MIL,"Contreras, William",contw002,1,2,1B,1B,1,field_out,1,0,0
2025-04-18,MIL202504180,MIL,"Frelick, Sal",frels001,1,0,empty,empty,1,field_out,2,0,0
2025-04-18,MIL202504180,MIL,"Bauers, Jake",bauej001,1,1,empty,empty,1,strikeout,2,0,0
2025-04-18,MIL202504180,MIL,"Ortiz, Joey",ortij005,1,2,empty,empty,1,strikeout,2,0,0
2025-04-18,MIL202504180,MIL,"Mitchell, Garrett",mitcg001,1,0,empty,empty,1,strikeout,3,0,0
2025-04-18,MIL202504180,MIL,"Durbin, Caleb",durbc002,1,1,empty,empty,1,single,3,0,0
2025-04-18,MIL202504180,MIL,"Turang, Brice",turab002,2,1,1B,1B,1,field_out,3,0,0
2025-04-18,MIL202504180,MIL,"Chourio, Jackson",chouj001,2,2,1B,1B,1,double,3,0,0
2025-04-18,MIL202504180,MIL,"Yelich, Christian",yelic001,2,2,2B,2B,1,single,3,1,0
2025-04-18,MIL202504180,MIL,"Contreras, William",contw002,2,2,1B,1B,1,strikeout,3,2,0
2025-04-18,MIL202504180,MIL,"Frelick, Sal",frels001,2,0,empty,empty,1,field_out,4,2,0
2025-04-18,MIL202504180,MIL,"Bauers, Jake",bauej001,2,1,empty,empty,1,strikeout,4,2,0
2025-04-18,MIL202504180,MIL,"Ortiz, Joey",ortij005,2,2,empty,empty,1,field_out,4,2,0
2025-04-18,MIL202504180,MIL,"Mitchell, Garrett",mitcg001,2,0,empty,empty,1,strikeout,5,2,0
2025-04-18,MIL202504180,MIL,"Durbin, Caleb",durbc002,2,1,empty,empty,1,field_out,5,2,0
2025-04-18,MIL202504180,MIL,"Turang, Brice",turab002,3,2,empty,empty,1,single,5,2,0
2025-04-18,MIL202504180,MIL,"Chourio, Jackson",chouj001,3,2,1B,2B,0,walk,5,2,0
2025-04-18,MIL202504180,MIL,"Yelich, Christian",yelic001,3,2,1B+2B,1B+2B,1,single,5,2,0
2025-04-18,MIL202504180,MIL,"Contreras, William",contw002,3,2,1B+3B,1B+3B,1,field_out,5,3,0
2025-04-18,MIL202504180,MIL,"Frelick, Sal",frels001,3,0,empty,empty,1,double,6,3,1
2025-04-18,MIL202504180,MIL,"Hoskins, Rhys",hoskr001,1,0,2B,2B,1,field_out,6,3,1
2025-04-18,MIL202504180,MIL,"Ortiz, Joey",ortij005,3,1,2B,2B,1,field_out,6,3,1
2025-04-18,MIL202504180,MIL,"Mitchell, Garrett",mitcg001,3,2,2B,2B,1,strikeout,6,3,1
2025-04-18,MIL202504180,MIL,"Durbin, Caleb",durbc002,3,0,empty,empty,1,single,7,3,1
2025-04-18,MIL202504180,MIL,"Turang, Brice",turab002,4,0,1B,1B,1,sac_bunt,7,3,1
2025-04-18,MIL202504180,MIL,"Chourio, Jackson",chouj001,4,0,1B+2B,1B+2B,1,field_out,7,3,1
2025-04-18,MIL202504180,MIL,"Yelich, Christian",yelic001,4,1,1B+3B,1B+3B,1,field_out,7,3,1
2025-04-18,MIL202504180,MIL,"Contreras, William",contw002,4,2,2B,2B,1,single,7,4,1
2025-04-18,MIL202504180,MIL,"Frelick, Sal",frels001,4,2,1B,2B,0,walk,7,5,1
2025-04-18,MIL202504180,MIL,"Hoskins, Rhys",hoskr001,2,2,1B+2B,1B+2B,1,field_out,7,5,1
2025-04-18,MIL202504180,MIL,"Ortiz, Joey",ortij005,4,0,empty,empty,1,field_out,8,5,1
2025-04-18,MIL202504180,MIL,"Mitchell, Garrett",mitcg001,4,1,empty,empty,1,field_out,8,5,1
2025-04-18,MIL202504180,MIL,"Durbin, Caleb",durbc002,4,2,empty,empty,1,field_out,8,5,1
2025-04-19,MIL202504190,MIL,"Turang, Brice",turab002,1,0,empty,empty,1,field_out,1,0,0
2025-04-19,MIL202504190,MIL,"Chourio, Jackson",chouj001,1,1,empty,empty,1,field_out,1,0,0
2025-04-19,MIL202504190,MIL,"Yelich, Christian",yelic001,1,2,empty,empty,1,strikeout,1,0,0
2025-04-19,MIL202504190,MIL,"Contreras, William",contw002,1,0,empty,empty,1,field_out,2,0,0
2025-04-19,MIL202504190,MIL,"Frelick, Sal",frels001,1,1,empty,empty,1,field_out,2,0,0
2025-04-19,MIL202504190,MIL,"Hoskins, Rhys",hoskr001,1,2,empty,empty,1,field_out,2,0,0
2025-04-19,MIL202504190,MIL,"Mitchell, Garrett",mitcg001,1,0,empty,empty,1,double,3,0,0
2025-04-19,MIL202504190,MIL,"Ortiz, Joey",ortij005,1,0,2B,2B,1,field_out,3,0,0
2025-04-19,MIL202504190,MIL,"Durbin, Caleb",durbc002,1,1,3B,3B,1,field_out,3,0,0
2025-04-19,MIL202504190,MIL,"Turang, Brice",turab002,2,2,empty,empty,1,field_out,3,1,0
2025-04-19,MIL202504190,MIL,"Chourio, Jackson",chouj001,2,0,empty,empty,1,field_out,4,1,0
2025-04-19,MIL202504190,MIL,"Yelich, Christian",yelic001,2,1,empty,empty,1,field_out,4,1,0
2025-04-19,MIL202504190,MIL,"Contreras, William",contw002,2,2,empty,empty,1,field_out,4,1,0
2025-04-19,MIL202504190,MIL,"Frelick, Sal",frels001,2,0,empty,empty,1,single,5,1,1
2025-04-19,MIL202504190,MIL,"Hoskins, Rhys",hoskr001,2,0,1B,1B,1,field_out,5,1,1
2025-04-19,MIL202504190,MIL,"Mitchell, Garrett",mitcg001,2,1,1B,1B,1,field_out,5,1,1
2025-04-19,MIL202504190,MIL,"Ortiz, Joey",ortij005,2,2,1B,1B,1,field_out,5,1,1
2025-04-19,MIL202504190,MIL,"Durbin, Caleb",durbc002,2,0,empty,empty,1,field_out,6,1,2
2025-04-19,MIL202504190,MIL,"Turang, Brice",turab002,3,1,empty,empty,1,single,6,1,2
2025-04-19,MIL202504190,MIL,"Chourio, Jackson",chouj001,3,1,1B,1B,1,field_out,6,1,2
2025-04-19,MIL202504190,MIL,"Yelich, Christian",yelic001,3,2,1B,1B,1,field_out,6,1,2
2025-04-19,MIL202504190,MIL,"Contreras, William",contw002,3,0,empty,empty,1,field_out,7,1,2
2025-04-19,MIL202504190,MIL,"Frelick, Sal",frels001,3,1,empty,empty,1,field_out,7,1,2
2025-04-19,MIL202504190,MIL,"Hoskins, Rhys",hoskr001,3,2,empty,empty,1,field_out,7,1,2
2025-04-19,MIL202504190,MIL,"Mitchell, Garrett",mitcg001,3,0,empty,empty,1,field_out,8,1,2
2025-04-19,MIL202504190,MIL,"Ortiz, Joey",ortij005,3,1,empty,empty,1,field_out,8,1,2
2025-04-19,MIL202504190,MIL,"Durbin, Caleb",durbc002,3,2,empty,empty,1,field_out,8,1,2
2025-04-19,MIL202504190,MIL,"Turang, Brice",turab002,4,0,empty,empty,1,field_out,9,1,3
2025-04-19,MIL202504190,MIL,"Chourio, Jackson",chouj001,4,1,empty,empty,1,strikeout,9,1,3
2025-04-19,MIL202504190,MIL,"Yelich, Christian",yelic001,4,2,empty,empty,1,strikeout,9,1,3
2025-04-20,MIL202504200,MIL,"Turang, Brice",turab002,1,0,empty,empty,1,single,1,0,0
2025-04-20,MIL202504200,MIL,"Chourio, Jackson",chouj001,1,0,1B,1B,1,strikeout,1,0,0
2025-04-20,MIL202504200,MIL,"Yelich, Christian",yelic001,1,1,1B,2B,0,walk,1,0,0
2025-04-20,MIL202504200,MIL,"Contreras, William",contw002,1,1,1B+2B,3B,0,walk,1,1,0
2025-04-20,MIL202504200,MIL,"Hoskins, Rhys",hoskr001,1,1,1B+3B,1B+3B,1,single,1,1,0
2025-04-20,MIL202504200,MIL,"Frelick, Sal",frels001,1,1,1B+2B,3B,0,walk,1,3,0
2025-04-20,MIL202504200,MIL,"Ortiz, Joey",ortij005,1,2,1B+3B,empty,0,field_out,1,4,0
2025-04-20,MIL202504200,MIL,"Haase, Eric",haase001,1,0,empty,empty,1,field_out,2,4,0
2025-04-20,MIL202504200,MIL,"Durbin, Caleb",durbc002,1,1,empty,empty,1,field_out,2,4,0
2025-04-20,MIL202504200,MIL,"Turang, Brice",turab002,2,2,empty,empty,1,walk,2,4,0
2025-04-20,MIL202504200,MIL,"Chourio, Jackson",chouj001,2,2,1B,2B,0,double,2,4,0
2025-04-20,MIL202504200,MIL,"Yelich, Christian",yelic001,2,2,2B,2B,1,strikeout,2,5,0
2025-04-20,MIL202504200,MIL,"Contreras, William",contw002,2,0,empty,empty,1,strikeout,3,5,0
2025-04-20,MIL202504200,MIL,"Hoskins, Rhys",hoskr001,2,1,empty,empty,1,home_run,3,5,0
2025-04-20,MIL202504200,MIL,"Frelick, Sal",frels001,2,1,empty,empty,1,single,3,6,0
2025-04-20,MIL202504200,MIL,"Ortiz, Joey",ortij005,2,1,1B,1B,1,field_out,3,6,0
2025-04-20,MIL202504200,MIL,"Haase, Eric",haase001,2,2,1B,2B,0,field_out,3,6,0
2025-04-20,MIL202504200,MIL,"Durbin, Caleb",durbc002,2,0,empty,empty,1,hit_by_pitch,4,6,0
2025-04-20,MIL202504200,MIL,"Turang, Brice",turab002,3,0,1B,2B,0,field_out,4,6,0
2025-04-20,MIL202504200,MIL,"Chourio, Jackson",chouj001,3,1,3B,3B,1,field_out,4,6,0
2025-04-20,MIL202504200,MIL,"Yelich, Christian",yelic001,3,2,3B,3B,1,double,4,6,0
2025-04-20,MIL202504200,MIL,"Contreras, William",contw002,3,2,2B,2B,1,single,4,7,0
2025-04-20,MIL202504200,MIL,"Hoskins, Rhys",hoskr001,3,2,1B,1B,1,field_out,4,8,0
2025-04-20,MIL202504200,MIL,"Frelick, Sal",frels001,3,0,empty,empty,1,single,5,8,1
2025-04-20,MIL202504200,MIL,"Ortiz, Joey",ortij005,3,0,1B,1B,1,field_out,5,8,1
2025-04-20,MIL202504200,MIL,"Haase, Eric",haase001,3,2,1B,empty,0,walk,5,8,1
2025-04-20,MIL202504200,MIL,"Durbin, Caleb",durbc002,3,2,1B,1B,1,field_out,5,8,1
2025-04-20,MIL202504200,MIL,"Turang, Brice",turab002,4,0,empty,empty,1,single,6,8,1
2025-04-20,MIL202504200,MIL,"Chourio, Jackson",chouj001,4,0,1B,1B,1,field_out,6,8,1
2025-04-20,MIL202504200,MIL,"Yelich, Christian",yelic001,4,1,2B,2B,1,single,6,8,1
2025-04-20,MIL202504200,MIL,"Contreras, William",contw002,4,1,1B+3B,1B+3B,1,single,6,8,1
2025-04-20,MIL202504200,MIL,"Hoskins, Rhys",hoskr001,4,1,1B+2B,1B+2B,1,grounded_into_double_play,6,9,1
2025-04-20,MIL202504200,MIL,"Frelick, Sal",frels001,4,0,empty,empty,1,single,7,9,1
2025-04-20,MIL202504200,MIL,"Ortiz, Joey",ortij005,4,0,1B,1B,1,single,7,9,1
2025-04-20,MIL202504200,MIL,"Haase, Eric",haase001,4,0,1B+2B,1B+2B,1,single,7,9,1
2025-04-20,MIL202504200,MIL,"Durbin, Caleb",durbc002,4,0,3B,3B,1,field_out,7,11,1
2025-04-20,MIL202504200,MIL,"Turang, Brice",turab002,5,1,3B,3B,1,sac_fly,7,11,1
2025-04-20,MIL202504200,MIL,"Chourio, Jackson",chouj001,5,2,empty,empty,1,single,7,12,1
2025-04-20,MIL202504200,MIL,"Yelich, Christian",yelic001,5,2,1B,1B,1,walk,7,12,1
2025-04-20,MIL202504200,MIL,"Contreras, William",contw002,5,2,1B+2B,1B+2B,1,walk,7,12,1
2025-04-20,MIL202504200,MIL,"Hoskins, Rhys",hoskr001,5,2,1B+2B+3B,1B+2B+3B,1,single,7,12,1
2025-04-20,MIL202504200,MIL,"Frelick, Sal",frels001,5,2,1B+3B,1B+3B,1,field_out,7,14,1
2025-04-20,MIL202504200,MIL,"Ortiz, Joey",ortij005,5,0,empty,empty,1,field_out,8,14,1
2025-04-20,MIL202504200,MIL,"Haase, Eric",haase001,5,1,empty,empty,1,single,8,14,1
2025-04-20,MIL202504200,MIL,"Durbin, Caleb",durbc002,5,1,1B,1B,1,field_out,8,14,1
2025-04-20,MIL202504200,MIL,"Capra, Vinny",caprv001,1,2,1B,1B,1,field_out,8,14,1
2025-04-21,SFN202504210,MIL,"Turang, Brice",turab002,1,0,empty,empty,1,strikeout,1,0,0
2025-04-21,SFN202504210,MIL,"Chourio, Jackson",chouj001,1,1,empty,empty,1,single,1,0,0
2025-04-21,SFN202504210,MIL,"Yelich, Christian",yelic001,1,2,1B,empty,0,single,1,0,0
2025-04-21,SFN202504210,MIL,"Contreras, William",contw002,1,2,1B,1B,1,walk,1,0,0
2025-04-21,SFN202504210,MIL,"Hoskins, Rhys",hoskr001,1,2,1B+2B,1B+2B,1,field_out,1,0,0
2025-04-21,SFN202504210,MIL,"Frelick, Sal",frels001,1,0,empty,empty,1,single,2,0,0
2025-04-21,SFN202504210,MIL,"Ortiz, Joey",ortij005,1,0,1B,1B,1,field_out,2,0,0
2025-04-21,SFN202504210,MIL,"Collins, Isaac",colli001,1,1,1B,1B,1,strikeout,2,0,0
2025-04-21,SFN202504210,MIL,"Durbin, Caleb",durbc002,1,2,1B,1B,1,home_run,2,0,0
2025-04-21,SFN202504210,MIL,"Turang, Brice",turab002,2,2,empty,empty,1,field_out,2,2,0
2025-04-21,SFN202504210,MIL,"Chourio, Jackson",chouj001,2,0,empty,empty,1,field_out,3,2,1
2025-04-21,SFN202504210,MIL,"Yelich, Christian",yelic001,2,1,empty,empty,1,field_out,3,2,1
2025-04-21,SFN202504210,MIL,"Contreras, William",contw002,2,2,empty,empty,1,single,3,2,1
2025-04-21,SFN202504210,MIL,"Hoskins, Rhys",hoskr001,2,2,1B,1B,1,walk,3,2,1
2025-04-21,SFN202504210,MIL,"Frelick, Sal",frels001,2,2,1B+2B,1B+2B,1,field_out,3,2,1
2025-04-21,SFN202504210,MIL,"Ortiz, Joey",ortij005,2,0,empty,empty,1,strikeout,4,2,1
2025-04-21,SFN202504210,MIL,"Collins, Isaac",colli001,2,1,empty,empty,1,field_out,4,2,1
2025-04-21,SFN202504210,MIL,"Durbin, Caleb",durbc002,2,2,empty,empty,1,field_out,4,2,1
2025-04-21,SFN202504210,MIL,"Turang, Brice",turab002,3,0,empty,empty,1,strikeout,5,2,1
2025-04-21,SFN202504210,MIL,"Chourio, Jackson",chouj001,3,1,empty,empty,1,field_out,5,2,1
2025-04-21,SFN202504210,MIL,"Yelich, Christian",yelic001,3,2,empty,empty,1,walk,5,2,1
2025-04-21,SFN202504210,MIL,"Contreras, William",contw002,3,2,1B,2B,0,field_out,5,2,1
2025-04-21,SFN202504210,MIL,"Hoskins, Rhys",hoskr001,3,0,empty,empty,1,single,6,2,2
2025-04-21,SFN202504210,MIL,"Frelick, Sal",frels001,3,0,1B,1B,1,field_out,6,2,2
2025-04-21,SFN202504210,MIL,"Ortiz, Joey",ortij005,3,1,1B,1B,1,grounded_into_double_play,6,2,2
2025-04-21,SFN202504210,MIL,"Mitchell, Garrett",mitcg001,1,0,empty,empty,1,strikeout,7,2,3
2025-04-21,SFN202504210,MIL,"Durbin, Caleb",durbc002,3,1,empty,empty,1,field_out,7,2,3
2025-04-21,SFN202504210,MIL,"Turang, Brice",turab002,4,2,empty,empty,1,field_out,7,2,3
2025-04-21,SFN202504210,MIL,"Chourio, Jackson",chouj001,4,0,empty,empty,1,strikeout,8,2,4
2025-04-21,SFN202504210,MIL,"Yelich, Christian",yelic001,4,1,empty,empty,1,walk,8,2,4
2025-04-21,SFN202504210,MIL,"Contreras, William",contw002,4,1,1B,1B,1,strikeout,8,2,4
2025-04-21,SFN202504210,MIL,"Hoskins, Rhys",hoskr001,4,2,1B,1B,1,walk,8,2,4
2025-04-21,SFN202504210,MIL,"Frelick, Sal",frels001,4,2,1B+2B,1B+2B,1,strikeout,8,2,4
2025-04-21,SFN202504210,MIL,"Bauers, Jake",bauej001,1,0,empty,empty,1,field_out,9,2,5
2025-04-21,SFN202504210,MIL,"Mitchell, Garrett",mitcg001,2,1,empty,empty,1,strikeout,9,2,5
2025-04-21,SFN202504210,MIL,"Durbin, Caleb",durbc002,4,2,empty,empty,1,field_out,9,2,5
2025-04-22,SFN202504220,MIL,"Turang, Brice",turab002,1,0,empty,empty,1,single,1,0,0
2025-04-22,SFN202504220,MIL,"Chourio, Jackson",chouj001,1,0,1B,1B,1,single,1,0,0
2025-04-22,SFN202504220,MIL,"Yelich, Christian",yelic001,1,0,1B+2B,1B+2B,1,grounded_into_double_play,1,0,0
2025-04-22,SFN202504220,MIL,"Contreras, William",contw002,1,2,3B,3B,1,strikeout,1,0,0
2025-04-22,SFN202504220,MIL,"Frelick, Sal",frels001,1,0,empty,empty,1,field_out,2,0,0
2025-04-22,SFN202504220,MIL,"Bauers, Jake",bauej001,1,1,empty,empty,1,field_out,2,0,0
2025-04-22,SFN202504220,MIL,"Capra, Vinny",caprv001,1,2,empty,empty,1,walk,2,0,0
2025-04-22,SFN202504220,MIL,"Mitchell, Garrett",mitcg001,1,2,1B,1B,1,strikeout,2,0,0
2025-04-22,SFN202504220,MIL,"Durbin, Caleb",durbc002,1,0,empty,empty,1,double,3,0,0
2025-04-22,SFN202504220,MIL,"Turang, Brice",turab002,2,0,2B,2B,1,single,3,0,0
2025-04-22,SFN202504220,MIL,"Chourio, Jackson",chouj001,2,0,1B+3B,1B+3B,1,field_out,3,0,0
2025-04-22,SFN202504220,MIL,"Yelich, Christian",yelic001,2,1,1B,1B,1,double,3,1,0
2025-04-22,SFN202504220,MIL,"Contreras, William",contw002,2,1,2B+3B,2B+3B,1,single,3,1,0
2025-04-22,SFN202504220,MIL,"Frelick, Sal",frels001,2,1,1B,1B,1,field_out,3,3,0
2025-04-22,SFN202504220,MIL,"Bauers, Jake",bauej001,2,2,1B,1B,1,strikeout,3,3,0
2025-04-22,SFN202504220,MIL,"Capra, Vinny",caprv001,2,0,empty,empty,1,field_out,4,3,1
2025-04-22,SFN202504220,MIL,"Mitchell, Garrett",mitcg001,2,1,empty,empty,1,strikeout,4,3,1
2025-04-22,SFN202504220,MIL,"Durbin, Caleb",durbc002,2,2,empty,empty,1,single,4,3,1
2025-04-22,SFN202504220,MIL,"Turang, Brice",turab002,3,2,1B,1B,1,walk,4,3,1
2025-04-22,SFN202504220,MIL,"Chourio, Jackson",chouj001,3,2,1B+2B,1B+2B,1,field_out,4,3,1
2025-04-22,SFN202504220,MIL,"Yelich, Christian",yelic001,3,0,empty,empty,1,strikeout,5,3,1
2025-04-22,SFN202504220,MIL,"Contreras, William",contw002,3,1,empty,empty,1,field_out,5,3,1
2025-04-22,SFN202504220,MIL,"Frelick, Sal",frels001,3,2,empty,empty,1,field_out,5,3,1
2025-04-22,SFN202504220,MIL,"Bauers, Jake",bauej001,3,0,empty,empty,1,single,6,3,1
2025-04-22,SFN202504220,MIL,"Capra, Vinny",caprv001,3,0,1B,1B,1,field_error,6,3,1
2025-04-22,SFN202504220,MIL,"Mitchell, Garrett",mitcg001,3,0,1B+2B,2B,0,walk,6,4,1
2025-04-22,SFN202504220,MIL,"Durbin, Caleb",durbc002,3,0,1B+2B,1B+2B,1,field_out,6,4,1
2025-04-22,SFN202504220,MIL,"Turang, Brice",turab002,4,1,1B+2B,1B+2B,1,single,6,4,1
2025-04-22,SFN202504220,MIL,"Chourio, Jackson",chouj001,4,1,1B+3B,1B+3B,1,hit_by_pitch,6,5,1
2025-04-22,SFN202504220,MIL,"Yelich, Christian",yelic001,4,1,1B+2B+3B,1B+2B+3B,1,home_run,6,5,1
2025-04-22,SFN202504220,MIL,"Contreras, William",contw002,4,1,empty,empty,1,field_out,6,9,1
2025-04-22,SFN202504220,MIL,"Frelick, Sal",frels001,4,2,empty,empty,1,walk,6,9,1
2025-04-22,SFN202504220,MIL,"Bauers, Jake",bauej001,4,2,1B,1B,1,home_run,6,9,1
2025-04-22,SFN202504220,MIL,"Capra, Vinny",caprv001,4,2,empty,empty,1,field_out,6,11,1
2025-04-22,SFN202504220,MIL,"Mitchell, Garrett",mitcg001,4,0,empty,empty,1,field_out,7,11,1
2025-04-22,SFN202504220,MIL,"Durbin, Caleb",durbc002,4,1,empty,empty,1,field_out,7,11,1
2025-04-22,SFN202504220,MIL,"Turang, Brice",turab002,5,2,empty,empty,1,single,7,11,1
2025-04-22,SFN202504220,MIL,"Chourio, Jackson",chouj001,5,2,1B,1B,1,strikeout,7,11,1
2025-04-22,SFN202504220,MIL,"Yelich, Christian",yelic001,5,0,empty,empty,1,field_out,8,11,2
2025-04-22,SFN202504220,MIL,"Contreras, William",contw002,5,1,empty,empty,1,field_out,8,11,2
2025-04-22,SFN202504220,MIL,"Frelick, Sal",frels001,5,2,empty,empty,1,field_out,8,11,2
2025-04-22,SFN202504220,MIL,"Bauers, Jake",bauej001,5,0,empty,empty,1,single,9,11,3
2025-04-22,SFN202504220,MIL,"Capra, Vinny",caprv001,5,0,1B,1B,1,field_out,9,11,3
2025-04-22,SFN202504220,MIL,"Mitchell, Garrett",mitcg001,5,1,1B,1B,1,field_out,9,11,3
2025-04-22,SFN202504220,MIL,"Durbin, Caleb",durbc002,5,2,2B,2B,1,field_out,9,11,3
2025-04-23,SFN202504230,MIL,"Turang, Brice",turab002,1,0,empty,empty,1,single,1,0,0
2025-04-23,SFN202504230,MIL,"Chourio, Jackson",chouj001,1,0,1B,1B,1,strikeout,1,0,0
2025-04-23,SFN202504230,MIL,"Yelich, Christian",yelic001,1,1,1B,1B,1,walk,1,0,0
2025-04-23,SFN202504230,MIL,"Contreras, William",contw002,1,1,1B+2B,1B+2B,1,field_out,1,0,0
2025-04-23,SFN202504230,MIL,"Frelick, Sal",frels001,1,2,1B+2B,1B+2B,1,field_out,1,0,0
2025-04-23,SFN202504230,MIL,"Hoskins, Rhys",hoskr001,1,0,empty,empty,1,walk,2,0,0
2025-04-23,SFN202504230,MIL,"Mitchell, Garrett",mitcg001,1,0,1B,1B,1,strikeout,2,0,0
2025-04-23,SFN202504230,MIL,"Ortiz, Joey",ortij005,1,1,1B,1B,1,strikeout,2,0,0
2025-04-23,SFN202504230,MIL,"Durbin, Caleb",durbc002,1,2,1B,1B,1,single,2,0,0
2025-04-23,SFN202504230,MIL,"Turang, Brice",turab002,2,2,1B+2B,1B+2B,1,single,2,0,0
2025-04-23,SFN202504230,MIL,"Chourio, Jackson",chouj001,2,2,1B+2B+3B,1B+2B+3B,1,strikeout,2,0,0
2025-04-23,SFN202504230,MIL,"Yelich, Christian",yelic001,2,0,empty,empty,1,strikeout,3,0,0
2025-04-23,SFN202504230,MIL,"Contreras, William",contw002,2,1,empty,empty,1,field_out,3,0,0
2025-04-23,SFN202504230,MIL,"Frelick, Sal",frels001,2,2,empty,empty,1,field_out,3,0,0
2025-04-23,SFN202504230,MIL,"Hoskins, Rhys",hoskr001,2,0,empty,empty,1,strikeout,4,0,0
2025-04-23,SFN202504230,MIL,"Mitchell, Garrett",mitcg001,2,1,empty,empty,1,field_out,4,0,0
2025-04-23,SFN202504230,MIL,"Ortiz, Joey",ortij005,2,2,empty,empty,1,field_out,4,0,0
2025-04-23,SFN202504230,MIL,"Durbin, Caleb",durbc002,2,0,empty,empty,1,field_out,5,0,0
2025-04-23,SFN202504230,MIL,"Turang, Brice",turab002,3,1,empty,empty,1,field_out,5,0,0
2025-04-23,SFN202504230,MIL,"Chourio, Jackson",chouj001,3,2,empty,empty,1,field_out,5,0,0
2025-04-23,SFN202504230,MIL,"Yelich, Christian",yelic001,3,0,empty,empty,1,field_out,6,0,0
2025-04-23,SFN202504230,MIL,"Contreras, William",contw002,3,1,empty,empty,1,single,6,0,0
2025-04-23,SFN202504230,MIL,"Frelick, Sal",frels001,3,1,1B,1B,1,single,6,0,0
2025-04-23,SFN202504230,MIL,"Hoskins, Rhys",hoskr001,3,2,1B,1B,1,field_out,6,0,0
2025-04-23,SFN202504230,MIL,"Mitchell, Garrett",mitcg001,3,0,empty,empty,1,single,7,0,4
2025-04-23,SFN202504230,MIL,"Ortiz, Joey",ortij005,3,0,1B,1B,1,walk,7,0,4
2025-04-23,SFN202504230,MIL,"Durbin, Caleb",durbc002,3,0,1B+2B,1B+2B,1,field_out,7,0,4
2025-04-23,SFN202504230,MIL,"Turang, Brice",turab002,4,1,1B+2B,1B+2B,1,field_out,7,0,4
2025-04-23,SFN202504230,MIL,"Chourio, Jackson",chouj001,4,2,1B+3B,1B+3B,1,field_out,7,0,4
2025-04-23,SFN202504230,MIL,"Yelich, Christian",yelic001,4,0,empty,empty,1,field_out,8,0,4
2025-04-23,SFN202504230,MIL,"Contreras, William",contw002,4,1,empty,empty,1,field_out,8,0,4
2025-04-23,SFN202504230,MIL,"Frelick, Sal",frels001,4,2,empty,empty,1,field_out,8,0,4
2025-04-23,SFN202504230,MIL,"Hoskins, Rhys",hoskr001,4,0,empty,empty,1,single,9,0,4
2025-04-23,SFN202504230,MIL,"Mitchell, Garrett",mitcg001,4,0,1B,1B,1,strikeout,9,0,4
2025-04-23,SFN202504230,MIL,"Bauers, Jake",bauej001,1,1,1B,1B,1,single,9,0,4
2025-04-23,SFN202504230,MIL,"Durbin, Caleb",durbc002,4,1,1B+3B,1B+3B,1,hit_by_pitch,9,0,4
2025-04-23,SFN202504230,MIL,"Turang, Brice",turab002,5,1,1B+2B+3B,1B+2B+3B,1,double,9,0,4
2025-04-23,SFN202504230,MIL,"Chourio, Jackson",chouj001,5,1,2B+3B,2B+3B,1,strikeout,9,2,4
2025-04-23,SFN202504230,MIL,"Yelich, Christian",yelic001,5,2,2B+3B,2B+3B,1,field_out,9,2,4
2025-04-24,SFN202504240,MIL,"Turang, Brice",turab002,1,0,empty,empty,1,walk,1,0,0
2025-04-24,SFN202504240,MIL,"Frelick, Sal",frels001,1,0,1B,1B,1,single,1,0,0
2025-04-24,SFN202504240,MIL,"Yelich, Christian",yelic001,1,0,1B+3B,1B+3B,1,sac_fly,1,0,0
2025-04-24,SFN202504240,MIL,"Hoskins, Rhys",hoskr001,1,2,empty,empty,1,single,1,1,0
2025-04-24,SFN202504240,MIL,"Bauers, Jake",bauej001,1,2,1B,1B,1,single,1,1,0
2025-04-24,SFN202504240,MIL,"Ortiz, Joey",ortij005,1,2,1B+3B,1B+3B,1,field_out,1,1,0
2025-04-24,SFN202504240,MIL,"Mitchell, Garrett",mitcg001,1,0,empty,empty,1,walk,2,1,1
2025-04-24,SFN202504240,MIL,"Capra, Vinny",caprv001,1,0,1B,1B,1,strikeout,2,1,1
2025-04-24,SFN202504240,MIL,"Haase, Eric",haase001,1,1,2B,2B,1,field_out,2,1,1
2025-04-24,SFN202504240,MIL,"Turang, Brice",turab002,2,2,3B,empty,0,field_out,2,2,1
2025-04-24,SFN202504240,MIL,"Frelick, Sal",frels001,2,0,empty,empty,1,field_out,3,2,1
2025-04-24,SFN202504240,MIL,"Yelich, Christian",yelic001,2,1,empty,empty,1,field_out,3,2,1
2025-04-24,SFN202504240,MIL,"Hoskins, Rhys",hoskr001,2,2,empty,empty,1,double,3,2,1
2025-04-24,SFN202504240,MIL,"Bauers, Jake",bauej001,2,2,2B,2B,1,strikeout,3,2,1
2025-04-24,SFN202504240,MIL,"Ortiz, Joey",ortij005,2,0,empty,empty,1,single,4,2,2
2025-04-24,SFN202504240,MIL,"Mitchell, Garrett",mitcg001,2,0,1B,1B,1,field_out,4,2,2
2025-04-24,SFN202504240,MIL,"Capra, Vinny",caprv001,2,1,2B,3B,0,walk,4,2,2
2025-04-24,SFN202504240,MIL,"Haase, Eric",haase001,2,1,1B+3B,1B+3B,1,sac_bunt,4,2,2
2025-04-24,SFN202504240,MIL,"Turang, Brice",turab002,3,1,2B,2B,1,single,4,4,2
2025-04-24,SFN202504240,MIL,"Frelick, Sal",frels001,3,1,1B+3B,1B+3B,1,field_out,4,4,2
2025-04-24,SFN202504240,MIL,"Yelich, Christian",yelic001,3,0,2B,empty,0,walk,5,5,2
2025-04-24,SFN202504240,MIL,"Hoskins, Rhys",hoskr001,3,0,1B,1B,1,walk,5,5,2
2025-04-24,SFN202504240,MIL,"Bauers, Jake",bauej001,3,0,1B+2B,1B+2B,1,field_out,5,5,2
2025-04-24,SFN202504240,MIL,"Ortiz, Joey",ortij005,3,1,1B+3B,1B+3B,1,grounded_into_double_play,5,5,2
2025-04-24,SFN202504240,MIL,"Mitchell, Garrett",mitcg001,3,0,empty,empty,1,strikeout,6,5,4
2025-04-24,SFN202504240,MIL,"Capra, Vinny",caprv001,3,1,empty,empty,1,field_out,6,5,4
2025-04-24,SFN202504240,MIL,"Haase, Eric",haase001,3,2,empty,empty,1,single,6,5,4
2025-04-24,SFN202504240,MIL,"Turang, Brice",turab002,4,2,1B,1B,1,field_out,6,5,4
2025-04-24,SFN202504240,MIL,"Frelick, Sal",frels001,4,0,empty,empty,1,strikeout,7,5,4
2025-04-24,SFN202504240,MIL,"Yelich, Christian",yelic001,4,1,empty,empty,1,field_out,7,5,4
2025-04-24,SFN202504240,MIL,"Hoskins, Rhys",hoskr001,4,2,empty,empty,1,field_out,7,5,4
2025-04-24,SFN202504240,MIL,"Bauers, Jake",bauej001,4,0,empty,empty,1,strikeout,8,5,4
2025-04-24,SFN202504240,MIL,"Ortiz, Joey",ortij005,4,1,empty,empty,1,strikeout,8,5,4
2025-04-24,SFN202504240,MIL,"Mitchell, Garrett",mitcg001,4,2,empty,empty,1,single,8,5,4
2025-04-24,SFN202504240,MIL,"Capra, Vinny",caprv001,4,2,1B,2B,0,strikeout,8,5,4
2025-04-24,SFN202504240,MIL,"Durbin, Caleb",durbc002,1,0,empty,empty,1,walk,9,5,6
2025-04-24,SFN202504240,MIL,"Turang, Brice",turab002,5,0,1B,1B,1,field_out,9,5,6
2025-04-24,SFN202504240,MIL,"Frelick, Sal",frels001,5,1,1B,1B,1,field_out,9,5,6
2025-04-24,SFN202504240,MIL,"Yelich, Christian",yelic001,5,2,1B,1B,1,single,9,5,6
2025-04-24,SFN202504240,MIL,"Hoskins, Rhys",hoskr001,5,2,1B+2B,1B+2B,1,field_out,9,5,6
2025-04-25,SLN202504250,MIL,"Turang, Brice",turab002,1,0,empty,empty,1,field_out,1,0,0
2025-04-25,SLN202504250,MIL,"Chourio, Jackson",chouj001,1,1,empty,empty,1,field_out,1,0,0
2025-04-25,SLN202504250,MIL,"Yelich, Christian",yelic001,1,2,empty,empty,1,single,1,0,0
2025-04-25,SLN202504250,MIL,"Contreras, William",contw002,1,2,1B,1B,1,strikeout,1,0,0
2025-04-25,SLN202504250,MIL,"Frelick, Sal",frels001,1,0,empty,empty,1,field_out,2,0,0
2025-04-25,SLN202504250,MIL,"Hoskins, Rhys",hoskr001,1,1,empty,empty,1,single,2,0,0
2025-04-25,SLN202504250,MIL,"Mitchell, Garrett",mitcg001,1,1,1B,1B,1,field_out,2,0,0
2025-04-25,SLN202504250,MIL,"Ortiz, Joey",ortij005,1,2,1B,1B,1,strikeout,2,0,0
2025-04-25,SLN202504250,MIL,"Durbin, Caleb",durbc002,1,0,empty,empty,1,strikeout,3,0,0
2025-04-25,SLN202504250,MIL,"Turang, Brice",turab002,2,1,empty,empty,1,field_out,3,0,0
2025-04-25,SLN202504250,MIL,"Chourio, Jackson",chouj001,2,2,empty,empty,1,field_out,3,0,0
2025-04-25,SLN202504250,MIL,"Yelich, Christian",yelic001,2,0,empty,empty,1,field_out,4,0,0
2025-04-25,SLN202504250,MIL,"Contreras, William",contw002,2,1,empty,empty,1,field_out,4,0,0
2025-04-25,SLN202504250,MIL,"Frelick, Sal",frels001,2,2,empty,empty,1,field_out,4,0,0
2025-04-25,SLN202504250,MIL,"Hoskins, Rhys",hoskr001,2,0,empty,empty,1,field_out,5,0,1
2025-04-25,SLN202504250,MIL,"Collins, Isaac",colli001,1,1,empty,empty,1,field_out,5,0,1
2025-04-25,SLN202504250,MIL,"Ortiz, Joey",ortij005,2,2,empty,empty,1,field_out,5,0,1
2025-04-25,SLN202504250,MIL,"Durbin, Caleb",durbc002,2,0,empty,empty,1,field_out,6,0,3
2025-04-25,SLN202504250,MIL,"Turang, Brice",turab002,3,1,empty,empty,1,strikeout,6,0,3
2025-04-25,SLN202504250,MIL,"Chourio, Jackson",chouj001,3,2,empty,empty,1,double,6,0,3
2025-04-25,SLN202504250,MIL,"Yelich, Christian",yelic001,3,2,2B,2B,1,single,6,0,3
2025-04-25,SLN202504250,MIL,"Contreras, William",contw002,3,2,1B,1B,1,field_out,6,1,3
2025-04-25,SLN202504250,MIL,"Frelick, Sal",frels001,3,0,empty,empty,1,double,7,1,3
2025-04-25,SLN202504250,MIL,"Hoskins, Rhys",hoskr001,3,0,2B,2B,1,single,7,1,3
2025-04-25,SLN202504250,MIL,"Collins, Isaac",colli001,2,0,1B+3B,1B+3B,1,walk,7,1,3
2025-04-25,SLN202504250,MIL,"Bauers, Jake",bauej001,1,0,1B+2B+3B,1B+2B+3B,1,field_out,7,1,3
2025-04-25,SLN202504250,MIL,"Durbin, Caleb",durbc002,3,1,2B+3B,2B+3B,1,field_out,7,2,3
2025-04-25,SLN202504250,MIL,"Turang, Brice",turab002,4,2,2B+3B,2B+3B,1,field_out,7,2,3
2025-04-25,SLN202504250,MIL,"Chourio, Jackson",chouj001,4,0,empty,empty,1,single,8,2,3
2025-04-25,SLN202504250,MIL,"Yelich, Christian",yelic001,4,0,1B,1B,1,field_out,8,2,3
2025-04-25,SLN202504250,MIL,"Contreras, William",contw002,4,1,1B,1B,1,single,8,2,3
2025-04-25,SLN202504250,MIL,"Frelick, Sal",frels001,4,1,1B+3B,1B+3B,1,fielders_choice_out,8,2,3
2025-04-25,SLN202504250,MIL,"Hoskins, Rhys",hoskr001,4,2,1B+2B,1B+2B,1,strikeout,8,2,3
2025-04-25,SLN202504250,MIL,"Collins, Isaac",colli001,3,0,empty,empty,1,single,9,2,3
2025-04-25,SLN202504250,MIL,"Capra, Vinny",caprv001,1,0,1B,1B,1,grounded_into_double_play,9,2,3
2025-04-25,SLN202504250,MIL,"Durbin, Caleb",durbc002,4,2,empty,empty,1,field_out,9,2,3
2025-04-26,SLN202504260,MIL,"Turang, Brice",turab002,1,0,empty,empty,1,strikeout,1,0,0
2025-04-26,SLN202504260,MIL,"Chourio, Jackson",chouj001,1,1,empty,empty,1,field_out,1,0,0
2025-04-26,SLN202504260,MIL,"Yelich, Christian",yelic001,1,2,empty,empty,1,single,1,0,0
2025-04-26,SLN202504260,MIL,"Contreras, William",contw002,1,2,1B,1B,1,field_out,1,0,0
2025-04-26,SLN202504260,MIL,"Frelick, Sal",frels001,1,0,empty,empty,1,strikeout,2,0,0
2025-04-26,SLN202504260,MIL,"Hoskins, Rhys",hoskr001,1,1,empty,empty,1,field_out,2,0,0
2025-04-26,SLN202504260,MIL,"Bauers, Jake",bauej001,1,2,empty,empty,1,field_out,2,0,0
2025-04-26,SLN202504260,MIL,"Ortiz, Joey",ortij005,1,0,empty,empty,1,field_out,3,0,1
2025-04-26,SLN202504260,MIL,"Durbin, Caleb",durbc002,1,1,empty,empty,1,field_out,3,0,1
2025-04-26,SLN202504260,MIL,"Turang, Brice",turab002,2,2,empty,empty,1,field_out,3,0,1
2025-04-26,SLN202504260,MIL,"Chourio, Jackson",chouj001,2,0,empty,empty,1,single,4,0,3
2025-04-26,SLN202504260,MIL,"Yelich, Christian",yelic001,2,0,1B,1B,1,field_out,4,0,3
2025-04-26,SLN202504260,MIL,"Contreras, William",contw002,2,1,2B,2B,1,walk,4,0,3
2025-04-26,SLN202504260,MIL,"Frelick, Sal",frels001,2,1,1B+2B,1B+2B,1,field_out,4,0,3
2025-04-26,SLN202504260,MIL,"Hoskins, Rhys",hoskr001,2,2,2B+3B,2B+3B,1,field_out,4,0,3
2025-04-26,SLN202504260,MIL,"Bauers, Jake",bauej001,2,0,empty,empty,1,field_out,5,0,5
2025-04-26,SLN202504260,MIL,"Ortiz, Joey",ortij005,2,1,empty,empty,1,double,5,0,5
2025-04-26,SLN202504260,MIL,"Durbin, Caleb",durbc002,2,1,2B,2B,1,double,5,0,5
2025-04-26,SLN202504260,MIL,"Turang, Brice",turab002,3,2,2B,empty,0,walk,5,1,5
2025-04-26,SLN202504260,MIL,"Chourio, Jackson",chouj001,3,2,1B,1B,1,double,5,1,5
2025-04-26,SLN202504260,MIL,"Yelich, Christian",yelic001,3,2,2B,2B,1,strikeout,5,2,5
2025-04-26,SLN202504260,MIL,"Contreras, William",contw002,3,0,empty,empty,1,single,6,2,5
2025-04-26,SLN202504260,MIL,"Cameron, Daz",camed001,1,0,1B,1B,1,strikeout,6,2,5
2025-04-26,SLN202504260,MIL,"Hoskins, Rhys",hoskr001,3,1,1B,1B,1,single,6,2,5
2025-04-26,SLN202504260,MIL,"Bauers, Jake",bauej001,3,1,1B+2B,1B+2B,1,walk,6,2,5
2025-04-26,SLN202504260,MIL,"Ortiz, Joey",ortij005,3,1,1B+2B+3B,1B+2B+3B,1,field_out,6,2,5
2025-04-26,SLN202504260,MIL,"Capra, Vinny",caprv001,1,2,1B+3B,1B+3B,1,field_out,6,3,5
2025-04-26,SLN202504260,MIL,"Turang, Brice",turab002,4,0,empty,empty,1,strikeout,7,3,5
2025-04-26,SLN202504260,MIL,"Chourio, Jackson",chouj001,4,1,empty,empty,1,single,7,3,5
2025-04-26,SLN202504260,MIL,"Yelich, Christian",yelic001,4,1,1B,1B,1,field_out,7,3,5
2025-04-26,SLN202504260,MIL,"Contreras, William",contw002,4,2,1B,1B,1,field_out,7,3,5
2025-04-26,SLN202504260,MIL,"Cameron, Daz",camed001,2,0,empty,empty,1,field_out,8,3,5
2025-04-26,SLN202504260,MIL,"Hoskins, Rhys",hoskr001,4,1,empty,empty,1,hit_by_pitch,8,3,5
2025-04-26,SLN202504260,MIL,"Bauers, Jake",bauej001,4,1,1B,1B,1,strikeout,8,3,5
2025-04-26,SLN202504260,MIL,"Ortiz, Joey",ortij005,4,2,1B,1B,1,field_out,8,3,5
2025-04-26,SLN202504260,MIL,"Collins, Isaac",colli001,1,0,empty,empty,1,single,9,3,5
2025-04-26,SLN202504260,MIL,"Turang, Brice",turab002,5,0,1B,1B,1,field_out,9,3,5
2025-04-26,SLN202504260,MIL,"Chourio, Jackson",chouj001,5,1,1B,1B,1,home_run,9,3,5
2025-04-26,SLN202504260,MIL,"Yelich, Christian",yelic001,5,1,empty,empty,1,field_out,9,5,5
2025-04-26,SLN202504260,MIL,"Contreras, William",contw002,5,2,empty,empty,1,field_out,9,5,5
2025-04-27,SLN202504270,MIL,"Turang, Brice",turab002,1,0,empty,empty,1,walk,1,0,0
2025-04-27,SLN202504270,MIL,"Chourio, Jackson",chouj001,1,0,1B,1B,1,field_out,1,0,0
2025-04-27,SLN202504270,MIL,"Yelich, Christian",yelic001,1,1,1B,1B,1,walk,1,0,0
2025-04-27,SLN202504270,MIL,"Contreras, William",contw002,1,1,1B+2B,1B+2B,1,single,1,0,0
2025-04-27,SLN202504270,MIL,"Frelick, Sal",frels001,1,1,1B+2B,1B+2B,1,single,1,1,0
2025-04-27,SLN202504270,MIL,"Hoskins, Rhys",hoskr001,1,1,1B+2B,1B+2B,1,single,1,2,0
2025-04-27,SLN202504270,MIL,"Collins, Isaac",colli001,1,1,1B+2B,1B+2B,1,field_out,1,3,0
2025-04-27,SLN202504270,MIL,"Ortiz, Joey",ortij005,1,2,1B+2B,1B+2B,1,field_out,1,3,0
2025-04-27,SLN202504270,MIL,"Durbin, Caleb",durbc002,1,0,empty,empty,1,hit_by_pitch,2,3,0
2025-04-27,SLN202504270,MIL,"Turang, Brice",turab002,2,0,1B,1B,1,strikeout,2,3,0
2025-04-27,SLN202504270,MIL,"Chourio, Jackson",chouj001,2,1,1B,1B,1,grounded_into_double_play,2,3,0
2025-04-27,SLN202504270,MIL,"Yelich, Christian",yelic001,2,0,empty,empty,1,single,3,3,0
2025-04-27,SLN202504270,MIL,"Contreras, William",contw002,2,0,1B,2B,0,field_out,3,3,0
2025-04-27,SLN202504270,MIL,"Frelick, Sal",frels001,2,1,2B,2B,1,field_out,3,3,0
2025-04-27,SLN202504270,MIL,"Hoskins, Rhys",hoskr001,2,2,3B,3B,1,field_out,3,3,0
2025-04-27,SLN202504270,MIL,"Collins, Isaac",colli001,2,0,empty,empty,1,single,4,3,0
2025-04-27,SLN202504270,MIL,"Ortiz, Joey",ortij005,2,0,1B,1B,1,double,4,3,0
2025-04-27,SLN202504270,MIL,"Durbin, Caleb",durbc002,2,0,2B+3B,2B+3B,1,single,4,3,0
2025-04-27,SLN202504270,MIL,"Turang, Brice",turab002,3,0,1B+3B,1B+3B,1,single,4,4,0
2025-04-27,SLN202504270,MIL,"Chourio, Jackson",chouj001,3,0,1B+2B,2B+3B,0,strikeout,4,5,0
2025-04-27,SLN202504270,MIL,"Yelich, Christian",yelic001,3,1,2B+3B,2B+3B,1,single,4,5,0
2025-04-27,SLN202504270,MIL,"Contreras, William",contw002,3,1,1B,1B,1,field_out,4,7,0
2025-04-27,SLN202504270,MIL,"Frelick, Sal",frels001,3,2,1B,1B,1,field_out,4,7,0
2025-04-27,SLN202504270,MIL,"Hoskins, Rhys",hoskr001,3,0,empty,empty,1,strikeout,5,7,0
2025-04-27,SLN202504270,MIL,"Collins, Isaac",colli001,3,1,empty,empty,1,field_out,5,7,0
2025-04-27,SLN202504270,MIL,"Ortiz, Joey",ortij005,3,2,empty,empty,1,field_out,5,7,0
2025-04-27,SLN202504270,MIL,"Durbin, Caleb",durbc002,3,0,empty,empty,1,strikeout,6,7,1
2025-04-27,SLN202504270,MIL,"Turang, Brice",turab002,4,1,empty,empty,1,field_out,6,7,1
2025-04-27,SLN202504270,MIL,"Chourio, Jackson",chouj001,4,2,empty,empty,1,double,6,7,1
2025-04-27,SLN202504270,MIL,"Yelich, Christian",yelic001,4,2,2B,2B,1,strikeout,6,7,1
2025-04-27,SLN202504270,MIL,"Contreras, William",contw002,4,0,empty,empty,1,walk,7,7,1
2025-04-27,SLN202504270,MIL,"Frelick, Sal",frels001,4,0,1B,1B,1,sac_bunt,7,7,1
2025-04-27,SLN202504270,MIL,"Hoskins, Rhys",hoskr001,4,1,2B,2B,1,field_out,7,7,1
2025-04-27,SLN202504270,MIL,"Collins, Isaac",colli001,4,2,2B,2B,1,strikeout,7,7,1
2025-04-27,SLN202504270,MIL,"Ortiz, Joey",ortij005,4,0,empty,empty,1,field_out,8,7,1
2025-04-27,SLN202504270,MIL,"Durbin, Caleb",durbc002,4,1,empty,empty,1,field_out,8,7,1
2025-04-27,SLN202504270,MIL,"Turang, Brice",turab002,5,2,empty,empty,1,field_out,8,7,1
2025-04-27,SLN202504270,MIL,"Chourio, Jackson",chouj001,5,0,empty,empty,1,single,9,7,1
2025-04-27,SLN202504270,MIL,"Yelich, Christian",yelic001,5,0,1B,1B,1,field_out,9,7,1
2025-04-27,SLN202504270,MIL,"Contreras, William",contw002,5,1,2B,2B,1,strikeout,9,7,1
2025-04-27,SLN202504270,MIL,"Frelick, Sal",frels001,5,2,2B,2B,1,field_out,9,7,1
2025-04-29,CHA202504290,MIL,"Chourio, Jackson",chouj001,1,0,empty,empty,1,field_out,1,0,0
2025-04-29,CHA202504290,MIL,"Collins, Isaac",colli001,1,1,empty,empty,1,home_run,1,0,0
2025-04-29,CHA202504290,MIL,"Contreras, William",contw002,1,1,empty,empty,1,field_out,1,1,0
2025-04-29,CHA202504290,MIL,"Yelich, Christian",yelic001,1,2,empty,empty,1,strikeout,1,1,0
2025-04-29,CHA202504290,MIL,"Hoskins, Rhys",hoskr001,1,0,empty,empty,1,walk,2,1,2
2025-04-29,CHA202504290,MIL,"Frelick, Sal",frels001,1,0,1B,1B,1,strikeout,2,1,2
2025-04-29,CHA202504290,MIL,"Durbin, Caleb",durbc002,1,1,1B,1B,1,field_out,2,1,2
2025-04-29,CHA202504290,MIL,"Turang, Brice",turab002,1,2,1B,1B,1,strikeout,2,1,2
2025-04-29,CHA202504290,MIL,"Ortiz, Joey",ortij005,1,0,empty,empty,1,field_out,3,1,2
2025-04-29,CHA202504290,MIL,"Chourio, Jackson",chouj001,2,1,empty,empty,1,field_out,3,1,2
2025-04-29,CHA202504290,MIL,"Collins, Isaac",colli001,2,2,empty,empty,1,field_out,3,1,2
2025-04-29,CHA202504290,MIL,"Contreras, William",contw002,2,0,empty,empty,1,field_out,4,1,2
2025-04-29,CHA202504290,MIL,"Yelich, Christian",yelic001,2,1,empty,empty,1,walk,4,1,2
2025-04-29,CHA202504290,MIL,"Hoskins, Rhys",hoskr001,2,1,1B,1B,1,grounded_into_double_play,4,1,2
2025-04-29,CHA202504290,MIL,"Frelick, Sal",frels001,2,0,empty,empty,1,strikeout,5,1,2
2025-04-29,CHA202504290,MIL,"Durbin, Caleb",durbc002,2,1,empty,empty,1,field_out,5,1,2
2025-04-29,CHA202504290,MIL,"Turang, Brice",turab002,2,2,empty,empty,1,walk,5,1,2
2025-04-29,CHA202504290,MIL,"Ortiz, Joey",ortij005,2,0,1B,empty,0,single,6,1,2
2025-04-29,CHA202504290,MIL,"Chourio, Jackson",chouj001,3,0,1B,1B,1,field_out,6,1,2
2025-04-29,CHA202504290,MIL,"Collins, Isaac",colli001,3,1,1B,2B,0,walk,6,1,2
2025-04-29,CHA202504290,MIL,"Contreras, William",contw002,3,1,1B+2B,1B+2B,1,single,6,1,2
2025-04-29,CHA202504290,MIL,"Yelich, Christian",yelic001,3,1,1B+3B,2B+3B,0,strikeout,6,2,2
2025-04-29,CHA202504290,MIL,"Hoskins, Rhys",hoskr001,3,2,2B+3B,2B+3B,1,intent_walk,6,2,2
2025-04-29,CHA202504290,MIL,"Frelick, Sal",frels001,3,2,1B+2B+3B,1B+2B+3B,1,hit_by_pitch,6,2,2
2025-04-29,CHA202504290,MIL,"Durbin, Caleb",durbc002,3,2,1B+2B+3B,1B+2B+3B,1,single,6,3,2
2025-04-29,CHA202504290,MIL,"Turang, Brice",turab002,3,2,1B+2B,1B+2B,1,single,6,5,2
2025-04-29,CHA202504290,MIL,"Ortiz, Joey",ortij005,3,0,empty,empty,1,single,7,5,2
2025-04-29,CHA202504290,MIL,"Chourio, Jackson",chouj001,4,0,1B,1B,1,field_out,7,5,2
2025-04-29,CHA202504290,MIL,"Collins, Isaac",colli001,4,1,1B,1B,1,strikeout,7,5,2
2025-04-29,CHA202504290,MIL,"Contreras, William",contw002,4,2,2B,2B,1,walk,7,5,2
2025-04-29,CHA202504290,MIL,"Yelich, Christian",yelic001,4,2,1B+2B,1B+2B,1,walk,7,5,2
2025-04-29,CHA202504290,MIL,"Hoskins, Rhys",hoskr001,4,2,1B+2B+3B,1B+2B+3B,1,strikeout,7,5,2
2025-04-29,CHA202504290,MIL,"Frelick, Sal",frels001,4,0,empty,empty,1,single,8,5,2
2025-04-29,CHA202504290,MIL,"Durbin, Caleb",durbc002,4,0,1B,1B,1,hit_by_pitch,8,5,2
2025-04-29,CHA202504290,MIL,"Turang, Brice",turab002,4,0,1B+2B,2B+3B,0,field_error,8,5,2
2025-04-29,CHA202504290,MIL,"Ortiz, Joey",ortij005,4,0,1B+2B+3B,1B+2B+3B,1,strikeout,8,5,2
2025-04-29,CHA202504290,MIL,"Chourio, Jackson",chouj001,5,1,1B+2B+3B,1B+2B+3B,1,single,8,5,2
2025-04-29,CHA202504290,MIL,"Collins, Isaac",colli001,5,1,1B+2B+3B,1B+2B+3B,1,field_out,8,6,2
2025-04-29,CHA202504290,MIL,"Contreras, William",contw002,5,2,2B+3B,2B+3B,1,intent_walk,8,7,2
2025-04-29,CHA202504290,MIL,"Yelich, Christian",yelic001,5,2,1B+2B+3B,1B+2B+3B,1,field_out,8,7,2
2025-04-29,CHA202504290,MIL,"Bauers, Jake",bauej001,1,0,empty,empty,1,field_out,9,7,2
2025-04-29,CHA202504290,MIL,"Cameron, Daz",camed001,1,1,empty,empty,1,walk,9,7,2
2025-04-29,CHA202504290,MIL,"Durbin, Caleb",durbc002,5,1,1B,1B,1,walk,9,7,2
2025-04-29,CHA202504290,MIL,"Turang, Brice",turab002,5,1,1B+2B,1B+2B,1,strikeout,9,7,2
2025-04-29,CHA202504290,MIL,"Ortiz, Joey",ortij005,5,2,1B+2B,1B+2B,1,field_out,9,7,2
2025-04-30,CHA202504300,MIL,"Collins, Isaac",colli001,1,0,empty,empty,1,double,1,0,0
2025-04-30,CHA202504300,MIL,"Chourio, Jackson",chouj001,1,0,2B,2B,1,field_out,1,0,0
2025-04-30,CHA202504300,MIL,"Yelich, Christian",yelic001,1,1,3B,3B,1,strikeout,1,0,0
2025-04-30,CHA202504300,MIL,"Contreras, William",contw002,1,2,3B,3B,1,single,1,0,0
2025-04-30,CHA202504300,MIL,"Frelick, Sal",frels001,1,2,1B,1B,1,double,1,1,0
2025-04-30,CHA202504300,MIL,"Hoskins, Rhys",hoskr001,1,2,2B+3B,2B+3B,1,field_error,1,1,0
2025-04-30,CHA202504300,MIL,"Bauers, Jake",bauej001,1,2,1B+2B,1B+2B,1,walk,1,2,0
2025-04-30,CHA202504300,MIL,"Ortiz, Joey",ortij005,1,2,1B+2B+3B,1B+2B+3B,1,field_out,1,2,0
2025-04-30,CHA202504300,MIL,"Durbin, Caleb",durbc002,1,0,empty,empty,1,field_out,2,2,0
2025-04-30,CHA202504300,MIL,"Collins, Isaac",colli001,2,1,empty,empty,1,hit_by_pitch,2,2,0
2025-04-30,CHA202504300,MIL,"Chourio, Jackson",chouj001,2,1,1B,1B,1,grounded_into_double_play,2,2,0
2025-04-30,CHA202504300,MIL,"Yelich, Christian",yelic001,2,0,empty,empty,1,strikeout,3,2,2
2025-04-30,CHA202504300,MIL,"Contreras, William",contw002,2,1,empty,empty,1,walk,3,2,2
2025-04-30,CHA202504300,MIL,"Frelick, Sal",frels001,2,1,1B,1B,1,field_out,3,2,2
2025-04-30,CHA202504300,MIL,"Hoskins, Rhys",hoskr001,2,2,2B,2B,1,walk,3,2,2
2025-04-30,CHA202504300,MIL,"Bauers, Jake",bauej001,2,2,1B+2B,1B+2B,1,field_out,3,2,2
2025-04-30,CHA202504300,MIL,"Ortiz, Joey",ortij005,2,0,empty,empty,1,single,4,2,2
2025-04-30,CHA202504300,MIL,"Durbin, Caleb",durbc002,2,0,2B,2B,1,single,4,2,2
2025-04-30,CHA202504300,MIL,"Capra, Vinny",caprv001,1,0,1B+3B,1B+3B,1,sac_fly,4,2,2
2025-04-30,CHA202504300,MIL,"Chourio, Jackson",chouj001,3,2,1B,empty,0,strikeout,4,3,2
2025-04-30,CHA202504300,MIL,"Yelich, Christian",yelic001,3,0,empty,empty,1,field_out,5,3,2
2025-04-30,CHA202504300,MIL,"Contreras, William",contw002,3,1,empty,empty,1,single,5,3,2
2025-04-30,CHA202504300,MIL,"Frelick, Sal",frels001,3,1,1B,1B,1,field_out,5,3,2
2025-04-30,CHA202504300,MIL,"Hoskins, Rhys",hoskr001,3,2,1B,1B,1,strikeout,5,3,2
2025-04-30,CHA202504300,MIL,"Bauers, Jake",bauej001,3,0,empty,empty,1,strikeout,6,3,3
2025-04-30,CHA202504300,MIL,"Ortiz, Joey",ortij005,3,1,empty,empty,1,field_out,6,3,3
2025-04-30,CHA202504300,MIL,"Durbin, Caleb",durbc002,3,2,empty,empty,1,field_out,6,3,3
2025-04-30,CHA202504300,MIL,"Capra, Vinny",caprv001,2,0,empty,empty,1,strikeout,7,3,3
2025-04-30,CHA202504300,MIL,"Chourio, Jackson",chouj001,4,1,empty,empty,1,field_out,7,3,3
2025-04-30,CHA202504300,MIL,"Yelich, Christian",yelic001,4,2,empty,empty,1,field_out,7,3,3
2025-04-30,CHA202504300,MIL,"Contreras, William",contw002,4,0,empty,empty,1,walk,8,3,3
2025-04-30,CHA202504300,MIL,"Frelick, Sal",frels001,4,0,1B,1B,1,single,8,3,3
2025-04-30,CHA202504300,MIL,"Hoskins, Rhys",hoskr001,4,0,1B+3B,1B+3B,1,walk,8,3,3
2025-04-30,CHA202504300,MIL,"Bauers, Jake",bauej001,4,0,1B+2B+3B,1B+2B+3B,1,double,8,3,3
2025-04-30,CHA202504300,MIL,"Ortiz, Joey",ortij005,4,0,2B+3B,2B+3B,1,fielders_choice_out,8,5,3
2025-04-30,CHA202504300,MIL,"Durbin, Caleb",durbc002,4,1,1B+3B,1B+3B,1,sac_fly,8,5,3
2025-04-30,CHA202504300,MIL,"Capra, Vinny",caprv001,3,2,1B,1B,1,strikeout,8,6,3
2025-04-30,CHA202504300,MIL,"Chourio, Jackson",chouj001,5,0,empty,empty,1,strikeout,9,6,4
2025-04-30,CHA202504300,MIL,"Yelich, Christian",yelic001,5,1,empty,empty,1,strikeout,9,6,4
2025-04-30,CHA202504300,MIL,"Contreras, William",contw002,5,2,empty,empty,1,field_out,9,6,4
2025-05-01,CHA202505010,MIL,"Turang, Brice",turab002,1,0,empty,empty,1,walk,1,0,0
2025-05-01,CHA202505010,MIL,"Chourio, Jackson",chouj001,1,0,1B,1B,1,field_out,1,0,0
2025-05-01,CHA202505010,MIL,"Frelick, Sal",frels001,1,1,1B,1B,1,walk,1,0,0
2025-05-01,CHA202505010,MIL,"Contreras, William",contw002,1,1,1B+2B,1B+2B,1,field_out,1,0,0
2025-05-01,CHA202505010,MIL,"Bauers, Jake",bauej001,1,2,1B+2B,1B+2B,1,walk,1,0,0
2025-05-01,CHA202505010,MIL,"Hoskins, Rhys",hoskr001,1,2,1B+2B+3B,1B+2B+3B,1,field_out,1,0,0
2025-05-01,CHA202505010,MIL,"Durbin, Caleb",durbc002,1,0,empty,empty,1,field_out,2,0,1
2025-05-01,CHA202505010,MIL,"Ortiz, Joey",ortij005,1,1,empty,empty,1,single,2,0,1
2025-05-01,CHA202505010,MIL,"Haase, Eric",haase001,1,2,1B,empty,0,strikeout,2,0,1
2025-05-01,CHA202505010,MIL,"Turang, Brice",turab002,2,0,empty,empty,1,field_out,3,0,1
2025-05-01,CHA202505010,MIL,"Chourio, Jackson",chouj001,2,1,empty,empty,1,field_out,3,0,1
2025-05-01,CHA202505010,MIL,"Frelick, Sal",frels001,2,2,empty,empty,1,strikeout,3,0,1
2025-05-01,CHA202505010,MIL,"Contreras, William",contw002,2,0,empty,empty,1,field_out,4,0,1
2025-05-01,CHA202505010,MIL,"Bauers, Jake",bauej001,2,1,empty,empty,1,strikeout,4,0,1
2025-05-01,CHA202505010,MIL,"Hoskins, Rhys",hoskr001,2,2,empty,empty,1,strikeout,4,0,1
2025-05-01,CHA202505010,MIL,"Durbin, Caleb",durbc002,2,0,empty,empty,1,field_out,5,0,1
2025-05-01,CHA202505010,MIL,"Ortiz, Joey",ortij005,2,1,empty,empty,1,field_out,5,0,1
2025-05-01,CHA202505010,MIL,"Haase, Eric",haase001,2,2,empty,empty,1,double,5,0,1
2025-05-01,CHA202505010,MIL,"Turang, Brice",turab002,3,2,2B,2B,1,strikeout,5,0,1
2025-05-01,CHA202505010,MIL,"Chourio, Jackson",chouj001,3,0,empty,empty,1,field_out,6,0,1
2025-05-01,CHA202505010,MIL,"Frelick, Sal",frels001,3,1,empty,empty,1,field_out,6,0,1
2025-05-01,CHA202505010,MIL,"Contreras, William",contw002,3,2,empty,empty,1,field_out,6,0,1
2025-05-01,CHA202505010,MIL,"Bauers, Jake",bauej001,3,0,empty,empty,1,strikeout,7,0,4
2025-05-01,CHA202505010,MIL,"Hoskins, Rhys",hoskr001,3,1,empty,empty,1,walk,7,0,4
2025-05-01,CHA202505010,MIL,"Durbin, Caleb",durbc002,3,1,1B,1B,1,grounded_into_double_play,7,0,4
2025-05-01,CHA202505010,MIL,"Ortiz, Joey",ortij005,3,0,empty,empty,1,strikeout,8,0,8
2025-05-01,CHA202505010,MIL,"Haase, Eric",haase001,3,1,empty,empty,1,strikeout,8,0,8
2025-05-01,CHA202505010,MIL,"Capra, Vinny",caprv001,1,2,empty,empty,1,field_out,8,0,8
2025-05-01,CHA202505010,MIL,"Chourio, Jackson",chouj001,4,0,empty,empty,1,field_error,9,0,8
2025-05-01,CHA202505010,MIL,"Cameron, Daz",camed001,1,0,1B,2B,0,strikeout,9,0,8
2025-05-01,CHA202505010,MIL,"Contreras, William",contw002,4,1,2B,2B,1,field_out,9,0,8
2025-05-01,CHA202505010,MIL,"Bauers, Jake",bauej001,4,2,3B,3B,1,field_out,9,0,8
2025-05-02,MIL202505020,MIL,"Turang, Brice",turab002,1,0,empty,empty,1,single,1,0,2
2025-05-02,MIL202505020,MIL,"Chourio, Jackson",chouj001,1,0,1B,1B,1,field_out,1,0,2
2025-05-02,MIL202505020,MIL,"Yelich, Christian",yelic001,1,1,1B,1B,1,grounded_into_double_play,1,0,2
2025-05-02,MIL202505020,MIL,"Contreras, William",contw002,1,0,empty,empty,1,single,2,0,9
2025-05-02,MIL202505020,MIL,"Frelick, Sal",frels001,1,0,1B,1B,1,field_out,2,0,9
2025-05-02,MIL202505020,MIL,"Hoskins, Rhys",hoskr001,1,1,1B,1B,1,strikeout,2,0,9
2025-05-02,MIL202505020,MIL,"Collins, Isaac",colli001,1,2,1B,1B,1,single,2,0,9
2025-05-02,MIL202505020,MIL,"Ortiz, Joey",ortij005,1,2,1B+2B,1B+2B,1,field_out,2,0,9
2025-05-02,MIL202505020,MIL,"Durbin, Caleb",durbc002,1,0,empty,empty,1,field_out,3,0,9
2025-05-02,MIL202505020,MIL,"Turang, Brice",turab002,2,1,empty,empty,1,strikeout,3,0,9
2025-05-02,MIL202505020,MIL,"Chourio, Jackson",chouj001,2,2,empty,empty,1,field_out,3,0,9
2025-05-02,MIL202505020,MIL,"Yelich, Christian",yelic001,2,0,empty,empty,1,field_out,4,0,9
2025-05-02,MIL202505020,MIL,"Contreras, William",contw002,2,1,empty,empty,1,field_out,4,0,9
2025-05-02,MIL202505020,MIL,"Frelick, Sal",frels001,2,2,empty,empty,1,single,4,0,9
2025-05-02,MIL202505020,MIL,"Hoskins, Rhys",hoskr001,2,2,1B,1B,1,field_out,4,0,9
2025-05-02,MIL202505020,MIL,"Collins, Isaac",colli001,2,0,empty,empty,1,strikeout,5,0,9
2025-05-02,MIL202505020,MIL,"Ortiz, Joey",ortij005,2,1,empty,empty,1,field_out,5,0,9
2025-05-02,MIL202505020,MIL,"Durbin, Caleb",durbc002,2,2,empty,empty,1,field_out,5,0,9
2025-05-02,MIL202505020,MIL,"Capra, Vinny",caprv001,1,0,empty,empty,1,field_out,6,0,9
2025-05-02,MIL202505020,MIL,"Chourio, Jackson",chouj001,3,1,empty,empty,1,field_out,6,0,9
2025-05-02,MIL202505020,MIL,"Yelich, Christian",yelic001,3,2,empty,empty,1,strikeout,6,0,9
2025-05-02,MIL202505020,MIL,"Contreras, William",contw002,3,0,empty,empty,1,field_out,7,0,10
2025-05-02,MIL202505020,MIL,"Frelick, Sal",frels001,3,1,empty,empty,1,walk,7,0,10
2025-05-02,MIL202505020,MIL,"Hoskins, Rhys",hoskr001,3,1,1B,1B,1,field_out,7,0,10
2025-05-02,MIL202505020,MIL,"Collins, Isaac",colli001,3,2,1B,1B,1,walk,7,0,10
2025-05-02,MIL202505020,MIL,"Ortiz, Joey",ortij005,3,2,1B+2B,1B+2B,1,strikeout,7,0,10
2025-05-02,MIL202505020,MIL,"Durbin, Caleb",durbc002,3,0,empty,empty,1,single,8,0,10
2025-05-02,MIL202505020,MIL,"Capra, Vinny",caprv001,2,0,1B,2B,0,field_out,8,0,10
2025-05-02,MIL202505020,MIL,"Chourio, Jackson",chouj001,4,1,2B,2B,1,strikeout,8,0,10
2025-05-02,MIL202505020,MIL,"Yelich, Christian",yelic001,4,2,2B,2B,1,strikeout,8,0,10
2025-05-02,MIL202505020,MIL,"Haase, Eric",haase001,1,0,empty,empty,1,strikeout,9,0,10
2025-05-02,MIL202505020,MIL,"Cameron, Daz",camed001,1,1,empty,empty,1,field_out,9,0,10
2025-05-02,MIL202505020,MIL,"Hoskins, Rhys",hoskr001,4,2,empty,empty,1,field_out,9,0,10
2025-05-03,MIL202505030,MIL,"Chourio, Jackson",chouj001,1,0,empty,empty,1,field_out,1,0,1
2025-05-03,MIL202505030,MIL,"Turang, Brice",turab002,1,1,empty,empty,1,walk,1,0,1
2025-05-03,MIL202505030,MIL,"Contreras, William",contw002,1,1,1B,1B,1,strikeout,1,0,1
2025-05-03,MIL202505030,MIL,"Yelich, Christian",yelic001,1,2,1B,1B,1,strikeout,1,0,1
2025-05-03,MIL202505030,MIL,"Hoskins, Rhys",hoskr001,1,0,empty,empty,1,strikeout,2,0,1
2025-05-03,MIL202505030,MIL,"Frelick, Sal",frels001,1,1,empty,empty,1,field_out,2,0,1
2025-05-03,MIL202505030,MIL,"Collins, Isaac",colli001,1,2,empty,empty,1,field_out,2,0,1
2025-05-03,MIL202505030,MIL,"Ortiz, Joey",ortij005,1,0,empty,empty,1,field_out,3,0,1
2025-05-03,MIL202505030,MIL,"Durbin, Caleb",durbc002,1,1,empty,empty,1,field_out,3,0,1
2025-05-03,MIL202505030,MIL,"Chourio, Jackson",chouj001,2,2,empty,empty,1,double,3,0,1
2025-05-03,MIL202505030,MIL,"Turang, Brice",turab002,2,2,2B,2B,1,single,3,0,1
2025-05-03,MIL202505030,MIL,"Contreras, William",contw002,2,2,1B,1B,1,field_out,3,1,1
2025-05-03,MIL202505030,MIL,"Yelich, Christian",yelic001,2,0,empty,empty,1,strikeout,4,1,5
2025-05-03,MIL202505030,MIL,"Hoskins, Rhys",hoskr001,2,1,empty,empty,1,home_run,4,1,5
2025-05-03,MIL202505030,MIL,"Frelick, Sal",frels001,2,1,empty,empty,1,field_out,4,2,5
2025-05-03,MIL202505030,MIL,"Collins, Isaac",colli001,2,2,empty,empty,1,strikeout,4,2,5
2025-05-03,MIL202505030,MIL,"Ortiz, Joey",ortij005,2,0,empty,empty,1,field_out,5,2,6
2025-05-03,MIL202505030,MIL,"Durbin, Caleb",durbc002,2,1,empty,empty,1,field_out,5,2,6
2025-05-03,MIL202505030,MIL,"Chourio, Jackson",chouj001,3,2,empty,empty,1,field_out,5,2,6
2025-05-03,MIL202505030,MIL,"Turang, Brice",turab002,3,0,empty,empty,1,field_out,6,2,6
2025-05-03,MIL202505030,MIL,"Contreras, William",contw002,3,1,empty,empty,1,field_out,6,2,6
2025-05-03,MIL202505030,MIL,"Yelich, Christian",yelic001,3,2,empty,empty,1,field_out,6,2,6
2025-05-03,MIL202505030,MIL,"Hoskins, Rhys",hoskr001,3,0,empty,empty,1,strikeout,7,2,6
2025-05-03,MIL202505030,MIL,"Frelick, Sal",frels001,3,1,empty,empty,1,field_out,7,2,6
2025-05-03,MIL202505030,MIL,"Collins, Isaac",colli001,3,2,empty,empty,1,field_out,7,2,6
2025-05-03,MIL202505030,MIL,"Ortiz, Joey",ortij005,3,0,empty,empty,1,field_out,8,2,6
2025-05-03,MIL202505030,MIL,"Durbin, Caleb",durbc002,3,1,empty,empty,1,strikeout,8,2,6
2025-05-03,MIL202505030,MIL,"Chourio, Jackson",chouj001,4,2,empty,empty,1,field_out,8,2,6
2025-05-03,MIL202505030,MIL,"Turang, Brice",turab002,4,0,empty,empty,1,single,9,2,6
2025-05-03,MIL202505030,MIL,"Contreras, William",contw002,4,0,1B,1B,1,grounded_into_double_play,9,2,6
2025-05-03,MIL202505030,MIL,"Yelich, Christian",yelic001,4,2,empty,empty,1,field_out,9,2,6
2025-05-04,MIL202505040,MIL,"Chourio, Jackson",chouj001,1,0,empty,empty,1,field_out,1,0,0
2025-05-04,MIL202505040,MIL,"Collins, Isaac",colli001,1,1,empty,empty,1,single,1,0,0
2025-05-04,MIL202505040,MIL,"Contreras, William",contw002,1,1,1B,1B,1,single,1,0,0
2025-05-04,MIL202505040,MIL,"Yelich, Christian",yelic001,1,1,1B+2B,1B+2B,1,field_out,1,0,0
2025-05-04,MIL202505040,MIL,"Hoskins, Rhys",hoskr001,1,2,1B+3B,1B+3B,1,field_out,1,0,0
2025-05-04,MIL202505040,MIL,"Frelick, Sal",frels001,1,0,empty,empty,1,field_out,2,0,0
2025-05-04,MIL202505040,MIL,"Durbin, Caleb",durbc002,1,1,empty,empty,1,field_out,2,0,0
2025-05-04,MIL202505040,MIL,"Ortiz, Joey",ortij005,1,2,empty,empty,1,strikeout,2,0,0
2025-05-04,MIL202505040,MIL,"Turang, Brice",turab002,1,0,empty,empty,1,strikeout,3,0,0
2025-05-04,MIL202505040,MIL,"Chourio, Jackson",chouj001,2,1,empty,empty,1,field_out,3,0,0
2025-05-04,MIL202505040,MIL,"Collins, Isaac",colli001,2,2,empty,empty,1,field_out,3,0,0
2025-05-04,MIL202505040,MIL,"Contreras, William",contw002,2,0,empty,empty,1,strikeout,4,0,0
2025-05-04,MIL202505040,MIL,"Yelich, Christian",yelic001,2,1,empty,empty,1,single,4,0,0
2025-05-04,MIL202505040,MIL,"Hoskins, Rhys",hoskr001,2,1,1B,1B,1,field_out,4,0,0
2025-05-04,MIL202505040,MIL,"Cameron, Daz",camed001,1,2,1B,1B,1,field_out,4,0,0
2025-05-04,MIL202505040,MIL,"Durbin, Caleb",durbc002,2,0,empty,empty,1,field_out,5,0,0
2025-05-04,MIL202505040,MIL,"Ortiz, Joey",ortij005,2,1,empty,empty,1,field_out,5,0,0
2025-05-04,MIL202505040,MIL,"Turang, Brice",turab002,2,2,empty,empty,1,strikeout,5,0,0
2025-05-04,MIL202505040,MIL,"Chourio, Jackson",chouj001,3,0,empty,empty,1,single,6,0,0
2025-05-04,MIL202505040,MIL,"Collins, Isaac",colli001,3,0,1B,1B,1,field_out,6,0,0
2025-05-04,MIL202505040,MIL,"Contreras, William",contw002,3,1,1B,1B,1,walk,6,0,0
2025-05-04,MIL202505040,MIL,"Yelich, Christian",yelic001,3,1,1B+2B,1B+2B,1,field_out,6,0,0
2025-05-04,MIL202505040,MIL,"Hoskins, Rhys",hoskr001,3,2,1B+3B,2B,0,intent_walk,6,1,0
2025-05-04,MIL202505040,MIL,"Cameron, Daz",camed001,2,2,1B+2B,1B+2B,1,single,6,1,0
2025-05-04,MIL202505040,MIL,"Durbin, Caleb",durbc002,3,2,1B+3B,2B+3B,0,double,6,2,0
2025-05-04,MIL202505040,MIL,"Ortiz, Joey",ortij005,3,2,2B,2B,1,field_out,6,4,0
2025-05-04,MIL202505040,MIL,"Turang, Brice",turab002,3,0,empty,empty,1,strikeout,7,4,0
2025-05-04,MIL202505040,MIL,"Chourio, Jackson",chouj001,4,1,empty,empty,1,field_out,7,4,0
2025-05-04,MIL202505040,MIL,"Collins, Isaac",colli001,4,2,empty,empty,1,strikeout,7,4,0
2025-05-04,MIL202505040,MIL,"Contreras, William",contw002,4,0,empty,empty,1,walk,8,4,0
2025-05-04,MIL202505040,MIL,"Yelich, Christian",yelic001,4,0,1B,1B,1,strikeout,8,4,0
2025-05-04,MIL202505040,MIL,"Hoskins, Rhys",hoskr001,4,1,1B,1B,1,grounded_into_double_play,8,4,0
2025-05-05,MIL202505050,MIL,"Chourio, Jackson",chouj001,1,0,empty,empty,1,field_out,1,0,0
2025-05-05,MIL202505050,MIL,"Collins, Isaac",colli001,1,1,empty,empty,1,single,1,0,0
2025-05-05,MIL202505050,MIL,"Contreras, William",contw002,1,1,1B,1B,1,strikeout_double_play,1,0,0
2025-05-05,MIL202505050,MIL,"Yelich, Christian",yelic001,1,0,empty,empty,1,field_out,2,0,0
2025-05-05,MIL202505050,MIL,"Hoskins, Rhys",hoskr001,1,1,empty,empty,1,strikeout,2,0,0
2025-05-05,MIL202505050,MIL,"Bauers, Jake",bauej001,1,2,empty,empty,1,single,2,0,0
2025-05-05,MIL202505050,MIL,"Durbin, Caleb",durbc002,1,2,1B,1B,1,walk,2,0,0
2025-05-05,MIL202505050,MIL,"Capra, Vinny",caprv001,1,2,1B+2B,1B+2B,1,field_out,2,0,0
2025-05-05,MIL202505050,MIL,"Ortiz, Joey",ortij005,1,0,empty,empty,1,double,3,0,0
2025-05-05,MIL202505050,MIL,"Chourio, Jackson",chouj001,2,0,2B,2B,1,field_out,3,0,0
2025-05-05,MIL202505050,MIL,"Collins, Isaac",colli001,2,1,2B,2B,1,strikeout,3,0,0
2025-05-05,MIL202505050,MIL,"Contreras, William",contw002,2,2,2B,2B,1,single,3,0,0
2025-05-05,MIL202505050,MIL,"Yelich, Christian",yelic001,2,2,1B,1B,1,home_run,3,1,0
2025-05-05,MIL202505050,MIL,"Hoskins, Rhys",hoskr001,2,2,empty,empty,1,single,3,3,0
2025-05-05,MIL202505050,MIL,"Bauers, Jake",bauej001,2,2,1B,1B,1,field_out,3,3,0
2025-05-05,MIL202505050,MIL,"Durbin, Caleb",durbc002,2,0,empty,empty,1,field_out,4,3,0
2025-05-05,MIL202505050,MIL,"Capra, Vinny",caprv001,2,1,empty,empty,1,field_out,4,3,0
2025-05-05,MIL202505050,MIL,"Ortiz, Joey",ortij005,2,2,empty,empty,1,field_out,4,3,0
2025-05-05,MIL202505050,MIL,"Chourio, Jackson",chouj001,3,0,empty,empty,1,single,5,3,0
2025-05-05,MIL202505050,MIL,"Collins, Isaac",colli001,3,0,1B,1B,1,walk,5,3,0
2025-05-05,MIL202505050,MIL,"Contreras, William",contw002,3,0,1B+2B,1B+2B,1,strikeout,5,3,0
2025-05-05,MIL202505050,MIL,"Yelich, Christian",yelic001,3,1,1B+2B,1B+2B,1,strikeout,5,3,0
2025-05-05,MIL202505050,MIL,"Hoskins, Rhys",hoskr001,3,2,1B+2B,1B+2B,1,strikeout,5,3,0
2025-05-05,MIL202505050,MIL,"Bauers, Jake",bauej001,3,0,empty,empty,1,field_out,6,3,1
2025-05-05,MIL202505050,MIL,"Durbin, Caleb",durbc002,3,1,empty,empty,1,field_out,6,3,1
2025-05-05,MIL202505050,MIL,"Capra, Vinny",caprv001,3,2,empty,empty,1,field_out,6,3,1
2025-05-05,MIL202505050,MIL,"Ortiz, Joey",ortij005,3,0,empty,empty,1,field_out,7,3,1
2025-05-05,MIL202505050,MIL,"Chourio, Jackson",chouj001,4,1,empty,empty,1,field_out,7,3,1
2025-05-05,MIL202505050,MIL,"Collins, Isaac",colli001,4,2,empty,empty,1,field_out,7,3,1
2025-05-05,MIL202505050,MIL,"Contreras, William",contw002,4,0,empty,empty,1,strikeout,8,3,1
2025-05-05,MIL202505050,MIL,"Yelich, Christian",yelic001,4,1,empty,empty,1,walk,8,3,1
2025-05-05,MIL202505050,MIL,"Hoskins, Rhys",hoskr001,4,1,1B,2B,0,double,8,3,1
2025-05-05,MIL202505050,MIL,"Bauers, Jake",bauej001,4,1,2B,2B,1,single,8,4,1
2025-05-05,MIL202505050,MIL,"Durbin, Caleb",durbc002,4,1,1B,1B,1,field_out,8,5,1
2025-05-05,MIL202505050,MIL,"Capra, Vinny",caprv001,4,2,1B,1B,1,single,8,5,1
2025-05-05,MIL202505050,MIL,"Ortiz, Joey",ortij005,4,2,1B+2B,2B+3B,0,strikeout,8,5,1
2025-05-06,MIL202505060,MIL,"Chourio, Jackson",chouj001,1,0,empty,empty,1,field_out,1,0,0
2025-05-06,MIL202505060,MIL,"Turang, Brice",turab002,1,1,empty,empty,1,double,1,0,0
2025-05-06,MIL202505060,MIL,"Contreras, William",contw002,1,1,2B,2B,1,walk,1,0,0
2025-05-06,MIL202505060,MIL,"Yelich, Christian",yelic001,1,1,1B+2B,1B+2B,1,strikeout,1,0,0
2025-05-06,MIL202505060,MIL,"Hoskins, Rhys",hoskr001,1,2,1B+2B,1B+2B,1,double,1,0,0
2025-05-06,MIL202505060,MIL,"Bauers, Jake",bauej001,1,2,2B,2B,1,home_run,1,2,0
2025-05-06,MIL202505060,MIL,"Collins, Isaac",colli001,1,2,empty,empty,1,strikeout,1,4,0
2025-05-06,MIL202505060,MIL,"Durbin, Caleb",durbc002,1,0,empty,empty,1,field_out,2,4,0
2025-05-06,MIL202505060,MIL,"Ortiz, Joey",ortij005,1,1,empty,empty,1,field_out,2,4,0
2025-05-06,MIL202505060,MIL,"Chourio, Jackson",chouj001,2,2,empty,empty,1,double,2,4,0
2025-05-06,MIL202505060,MIL,"Turang, Brice",turab002,2,2,2B,2B,1,walk,2,4,0
2025-05-06,MIL202505060,MIL,"Contreras, William",contw002,2,2,1B+2B,1B+2B,1,strikeout,2,4,0
2025-05-06,MIL202505060,MIL,"Yelich, Christian",yelic001,2,0,empty,empty,1,field_out,3,4,0
2025-05-06,MIL202505060,MIL,"Hoskins, Rhys",hoskr001,2,1,empty,empty,1,field_out,3,4,0
2025-05-06,MIL202505060,MIL,"Bauers, Jake",bauej001,2,2,empty,empty,1,field_out,3,4,0
2025-05-06,MIL202505060,MIL,"Collins, Isaac",colli001,2,0,empty,empty,1,single,4,4,0
2025-05-06,MIL202505060,MIL,"Durbin, Caleb",durbc002,2,0,1B,1B,1,sac_bunt,4,4,0
2025-05-06,MIL202505060,MIL,"Ortiz, Joey",ortij005,2,1,2B,2B,1,field_out,4,4,0
2025-05-06,MIL202505060,MIL,"Chourio, Jackson",chouj001,3,2,3B,3B,1,field_out,4,4,0
2025-05-06,MIL202505060,MIL,"Turang, Brice",turab002,3,0,empty,empty,1,field_out,5,4,0
2025-05-06,MIL202505060,MIL,"Contreras, William",contw002,3,1,empty,empty,1,strikeout,5,4,0
2025-05-06,MIL202505060,MIL,"Yelich, Christian",yelic001,3,2,empty,empty,1,strikeout,5,4,0
2025-05-06,MIL202505060,MIL,"Hoskins, Rhys",hoskr001,3,0,empty,empty,1,field_out,6,4,0
2025-05-06,MIL202505060,MIL,"Cameron, Daz",camed001,1,1,empty,empty,1,strikeout,6,4,0
2025-05-06,MIL202505060,MIL,"Collins, Isaac",colli001,3,2,empty,empty,1,walk,6,4,0
2025-05-06,MIL202505060,MIL,"Durbin, Caleb",durbc002,3,2,1B,2B,0,field_out,6,4,0
2025-05-06,MIL202505060,MIL,"Ortiz, Joey",ortij005,3,0,empty,empty,1,field_out,7,4,3
2025-05-06,MIL202505060,MIL,"Chourio, Jackson",chouj001,4,1,empty,empty,1,single,7,4,3
2025-05-06,MIL202505060,MIL,"Turang, Brice",turab002,4,1,1B,2B,0,walk,7,4,3
2025-05-06,MIL202505060,MIL,"Contreras, William",contw002,4,1,1B+2B,1B+2B,1,field_out,7,4,3
2025-05-06,MIL202505060,MIL,"Yelich, Christian",yelic001,4,2,1B+2B,1B+2B,1,strikeout,7,4,3
2025-05-06,MIL202505060,MIL,"Hoskins, Rhys",hoskr001,4,0,empty,empty,1,strikeout,8,4,3
2025-05-06,MIL202505060,MIL,"Cameron, Daz",camed001,2,1,empty,empty,1,strikeout,8,4,3
2025-05-06,MIL202505060,MIL,"Collins, Isaac",colli001,4,2,empty,empty,1,strikeout,8,4,3
2025-05-07,MIL202505070,MIL,"Chourio, Jackson",chouj001,1,0,empty,empty,1,strikeout,1,0,0
2025-05-07,MIL202505070,MIL,"Collins, Isaac",colli001,1,1,empty,empty,1,field_out,1,0,0
2025-05-07,MIL202505070,MIL,"Yelich, Christian",yelic001,1,2,empty,empty,1,field_out,1,0,0
2025-05-07,MIL202505070,MIL,"Hoskins, Rhys",hoskr001,1,0,empty,empty,1,field_out,2,0,1
2025-05-07,MIL202505070,MIL,"Cameron, Daz",camed001,1,1,empty,empty,1,single,2,0,1
2025-05-07,MIL202505070,MIL,"Durbin, Caleb",durbc002,1,1,1B,1B,1,single,2,0,1
2025-05-07,MIL202505070,MIL,"Capra, Vinny",caprv001,1,1,1B+2B,1B+2B,1,grounded_into_double_play,2,0,1
2025-05-07,MIL202505070,MIL,"Haase, Eric",haase001,1,0,empty,empty,1,strikeout,3,0,1
2025-05-07,MIL202505070,MIL,"Ortiz, Joey",ortij005,1,1,empty,empty,1,field_out,3,0,1
2025-05-07,MIL202505070,MIL,"Chourio, Jackson",chouj001,2,2,empty,empty,1,walk,3,0,1
2025-05-07,MIL202505070,MIL,"Collins, Isaac",colli001,2,2,1B,1B,1,strikeout,3,0,1
2025-05-07,MIL202505070,MIL,"Yelich, Christian",yelic001,2,0,empty,empty,1,field_out,4,0,1
2025-05-07,MIL202505070,MIL,"Hoskins, Rhys",hoskr001,2,1,empty,empty,1,field_out,4,0,1
2025-05-07,MIL202505070,MIL,"Cameron, Daz",camed001,2,2,empty,empty,1,strikeout,4,0,1
2025-05-07,MIL202505070,MIL,"Durbin, Caleb",durbc002,2,0,empty,empty,1,strikeout,5,0,3
2025-05-07,MIL202505070,MIL,"Capra, Vinny",caprv001,2,1,empty,empty,1,strikeout,5,0,3
2025-05-07,MIL202505070,MIL,"Haase, Eric",haase001,2,2,empty,empty,1,home_run,5,0,3
2025-05-07,MIL202505070,MIL,"Ortiz, Joey",ortij005,2,2,empty,empty,1,field_out,5,1,3
2025-05-07,MIL202505070,MIL,"Chourio, Jackson",chouj001,3,0,empty,empty,1,strikeout,6,1,6
2025-05-07,MIL202505070,MIL,"Collins, Isaac",colli001,3,1,empty,empty,1,walk,6,1,6
2025-05-07,MIL202505070,MIL,"Yelich, Christian",yelic001,3,1,1B,1B,1,field_out,6,1,6
2025-05-07,MIL202505070,MIL,"Hoskins, Rhys",hoskr001,3,2,1B,1B,1,field_out,6,1,6
2025-05-07,MIL202505070,MIL,"Cameron, Daz",camed001,3,0,empty,empty,1,field_out,7,1,6
2025-05-07,MIL202505070,MIL,"Durbin, Caleb",durbc002,3,1,empty,empty,1,field_out,7,1,6
2025-05-07,MIL202505070,MIL,"Capra, Vinny",caprv001,3,2,empty,empty,1,field_out,7,1,6
2025-05-07,MIL202505070,MIL,"Haase, Eric",haase001,3,0,empty,empty,1,field_out,8,1,6
2025-05-07,MIL202505070,MIL,"Ortiz, Joey",ortij005,3,1,empty,empty,1,field_out,8,1,6
2025-05-07,MIL202505070,MIL,"Chourio, Jackson",chouj001,4,2,empty,empty,1,field_out,8,1,6
2025-05-07,MIL202505070,MIL,"Collins, Isaac",colli001,4,0,empty,empty,1,walk,9,1,9
2025-05-07,MIL202505070,MIL,"Yelich, Christian",yelic001,4,0,1B,1B,1,strikeout,9,1,9
2025-05-07,MIL202505070,MIL,"Hoskins, Rhys",hoskr001,4,1,1B,1B,1,double,9,1,9
2025-05-07,MIL202505070,MIL,"Cameron, Daz",camed001,4,1,2B+3B,2B+3B,1,strikeout,9,1,9
2025-05-07,MIL202505070,MIL,"Durbin, Caleb",durbc002,4,2,2B+3B,2B+3B,1,hit_by_pitch,9,1,9
2025-05-07,MIL202505070,MIL,"Capra, Vinny",caprv001,4,2,1B+2B+3B,1B+2B+3B,1,field_out,9,1,9
2025-05-09,TBA202505090,MIL,"Chourio, Jackson",chouj001,1,0,empty,empty,1,single,1,0,0
2025-05-09,TBA202505090,MIL,"Turang, Brice",turab002,1,0,1B,1B,1,strikeout,1,0,0
2025-05-09,TBA202505090,MIL,"Contreras, William",contw002,1,1,1B,2B,0,single,1,0,0
2025-05-09,TBA202505090,MIL,"Yelich, Christian",yelic001,1,1,1B,1B,1,grounded_into_double_play,1,1,0
2025-05-09,TBA202505090,MIL,"Hoskins, Rhys",hoskr001,1,0,empty,empty,1,field_out,2,1,0
2025-05-09,TBA202505090,MIL,"Frelick, Sal",frels001,1,1,empty,empty,1,field_out,2,1,0
2025-05-09,TBA202505090,MIL,"Durbin, Caleb",durbc002,1,2,empty,empty,1,single,2,1,0
2025-05-09,TBA202505090,MIL,"Bauers, Jake",bauej001,1,2,1B,1B,1,strikeout,2,1,0
2025-05-09,TBA202505090,MIL,"Ortiz, Joey",ortij005,1,0,empty,empty,1,field_out,3,1,0
2025-05-09,TBA202505090,MIL,"Chourio, Jackson",chouj001,2,1,empty,empty,1,field_out,3,1,0
2025-05-09,TBA202505090,MIL,"Turang, Brice",turab002,2,2,empty,empty,1,field_out,3,1,0
2025-05-09,TBA202505090,MIL,"Contreras, William",contw002,2,0,empty,empty,1,walk,4,1,1
2025-05-09,TBA202505090,MIL,"Yelich, Christian",yelic001,2,0,1B,1B,1,single,4,1,1
2025-05-09,TBA202505090,MIL,"Hoskins, Rhys",hoskr001,2,0,1B+3B,1B+3B,1,strikeout,4,1,1
2025-05-09,TBA202505090,MIL,"Frelick, Sal",frels001,2,1,1B+3B,1B+3B,1,catcher_interf,4,1,1
2025-05-09,TBA202505090,MIL,"Durbin, Caleb",durbc002,2,1,1B+2B+3B,1B+2B+3B,1,field_out,4,1,1
2025-05-09,TBA202505090,MIL,"Bauers, Jake",bauej001,2,2,2B+3B,2B+3B,1,strikeout,4,2,1
2025-05-09,TBA202505090,MIL,"Ortiz, Joey",ortij005,2,0,empty,empty,1,field_out,5,2,2
2025-05-09,TBA202505090,MIL,"Chourio, Jackson",chouj001,3,1,empty,empty,1,single,5,2,2
2025-05-09,TBA202505090,MIL,"Turang, Brice",turab002,3,1,1B,1B,1,field_out,5,2,2
2025-05-09,TBA202505090,MIL,"Contreras, William",contw002,3,2,1B,2B,0,field_out,5,2,2
2025-05-09,TBA202505090,MIL,"Yelich, Christian",yelic001,3,0,empty,empty,1,strikeout,6,2,2
2025-05-09,TBA202505090,MIL,"Hoskins, Rhys",hoskr001,3,1,empty,empty,1,single,6,2,2
2025-05-09,TBA202505090,MIL,"Frelick, Sal",frels001,3,1,1B,1B,1,field_out,6,2,2
2025-05-09,TBA202505090,MIL,"Durbin, Caleb",durbc002,3,2,1B,1B,1,field_out,6,2,2
2025-05-09,TBA202505090,MIL,"Cameron, Daz",camed001,1,0,empty,empty,1,strikeout,7,2,3
2025-05-09,TBA202505090,MIL,"Ortiz, Joey",ortij005,3,1,empty,empty,1,field_out,7,2,3
2025-05-09,TBA202505090,MIL,"Chourio, Jackson",chouj001,4,2,empty,empty,1,strikeout,7,2,3
2025-05-09,TBA202505090,MIL,"Turang, Brice",turab002,4,0,empty,empty,1,walk,8,2,3
2025-05-09,TBA202505090,MIL,"Contreras, William",contw002,4,0,1B,1B,1,strikeout,8,2,3
2025-05-09,TBA202505090,MIL,"Yelich, Christian",yelic001,4,1,1B,1B,1,field_out,8,2,3
2025-05-09,TBA202505090,MIL,"Hoskins, Rhys",hoskr001,4,2,2B,2B,1,single,8,2,3
2025-05-09,TBA202505090,MIL,"Frelick, Sal",frels001,4,2,1B,1B,1,walk,8,3,3
2025-05-09,TBA202505090,MIL,"Durbin, Caleb",durbc002,4,2,1B+2B,1B+2B,1,field_out,8,3,3
2025-05-09,TBA202505090,MIL,"Cameron, Daz",camed001,2,0,empty,empty,1,field_out,9,3,4
2025-05-09,TBA202505090,MIL,"Collins, Isaac",colli001,1,1,empty,empty,1,strikeout,9,3,4
2025-05-09,TBA202505090,MIL,"Chourio, Jackson",chouj001,5,2,empty,empty,1,single,9,3,4
2025-05-09,TBA202505090,MIL,"Turang, Brice",turab002,5,2,1B,1B,1,field_out,9,3,4
2025-05-10,TBA202505100,MIL,"Chourio, Jackson",chouj001,1,0,empty,empty,1,field_out,1,0,0
2025-05-10,TBA202505100,MIL,"Turang, Brice",turab002,1,1,empty,empty,1,field_out,1,0,0
2025-05-10,TBA202505100,MIL,"Contreras, William",contw002,1,2,empty,empty,1,strikeout,1,0,0
2025-05-10,TBA202505100,MIL,"Yelich, Christian",yelic001,1,0,empty,empty,1,field_out,2,0,0
2025-05-10,TBA202505100,MIL,"Hoskins, Rhys",hoskr001,1,1,empty,empty,1,double,2,0,0
2025-05-10,TBA202505100,MIL,"Frelick, Sal",frels001,1,1,2B,2B,1,field_out,2,0,0
2025-05-10,TBA202505100,MIL,"Durbin, Caleb",durbc002,1,2,3B,3B,1,field_out,2,0,0
2025-05-10,TBA202505100,MIL,"Collins, Isaac",colli001,1,0,empty,empty,1,field_out,3,0,0
2025-05-10,TBA202505100,MIL,"Ortiz, Joey",ortij005,1,1,empty,empty,1,field_out,3,0,0
2025-05-10,TBA202505100,MIL,"Chourio, Jackson",chouj001,2,2,empty,empty,1,home_run,3,0,0
2025-05-10,TBA202505100,MIL,"Turang, Brice",turab002,2,2,empty,empty,1,walk,3,1,0
2025-05-10,TBA202505100,MIL,"Contreras, William",contw002,2,2,1B,1B,1,field_out,3,1,0
2025-05-10,TBA202505100,MIL,"Yelich, Christian",yelic001,2,0,empty,empty,1,single,4,1,0
2025-05-10,TBA202505100,MIL,"Hoskins, Rhys",hoskr001,2,0,1B,1B,1,strikeout,4,1,0
2025-05-10,TBA202505100,MIL,"Frelick, Sal",frels001,2,1,1B,1B,1,field_out,4,1,0
2025-05-10,TBA202505100,MIL,"Durbin, Caleb",durbc002,2,0,1B,empty,0,field_out,5,1,2
2025-05-10,TBA202505100,MIL,"Collins, Isaac",colli001,2,1,empty,empty,1,field_out,5,1,2
2025-05-10,TBA202505100,MIL,"Ortiz, Joey",ortij005,2,2,empty,empty,1,home_run,5,1,2
2025-05-10,TBA202505100,MIL,"Chourio, Jackson",chouj001,3,2,empty,empty,1,strikeout,5,2,2
2025-05-10,TBA202505100,MIL,"Turang, Brice",turab002,3,0,empty,empty,1,field_out,6,2,2
2025-05-10,TBA202505100,MIL,"Contreras, William",contw002,3,1,empty,empty,1,strikeout,6,2,2
2025-05-10,TBA202505100,MIL,"Yelich, Christian",yelic001,3,2,empty,empty,1,strikeout,6,2,2
2025-05-10,TBA202505100,MIL,"Hoskins, Rhys",hoskr001,3,0,empty,empty,1,field_out,7,2,2
2025-05-10,TBA202505100,MIL,"Frelick, Sal",frels001,3,1,empty,empty,1,field_out,7,2,2
2025-05-10,TBA202505100,MIL,"Durbin, Caleb",durbc002,3,2,empty,empty,1,field_out,7,2,2
2025-05-10,TBA202505100,MIL,"Collins, Isaac",colli001,3,0,empty,empty,1,strikeout,8,2,2
2025-05-10,TBA202505100,MIL,"Ortiz, Joey",ortij005,3,1,empty,empty,1,field_out,8,2,2
2025-05-10,TBA202505100,MIL,"Chourio, Jackson",chouj001,4,2,empty,empty,1,field_out,8,2,2
2025-05-10,TBA202505100,MIL,"Turang, Brice",turab002,4,0,empty,empty,1,strikeout,9,2,2
2025-05-10,TBA202505100,MIL,"Contreras, William",contw002,4,1,empty,empty,1,field_error,9,2,2
2025-05-10,TBA202505100,MIL,"Yelich, Christian",yelic001,4,1,2B,2B,1,field_error,9,2,2
2025-05-10,TBA202505100,MIL,"Hoskins, Rhys",hoskr001,4,1,1B+3B,1B+3B,1,walk,9,2,2
2025-05-10,TBA202505100,MIL,"Frelick, Sal",frels001,4,1,1B+2B+3B,1B+2B+3B,1,field_out,9,2,2
2025-05-10,TBA202505100,MIL,"Durbin, Caleb",durbc002,4,2,1B+2B+3B,1B+2B+3B,1,field_out,9,2,2
2025-05-11,TBA202505110,MIL,"Frelick, Sal",frels001,1,0,empty,empty,1,field_out,1,0,0
2025-05-11,TBA202505110,MIL,"Chourio, Jackson",chouj001,1,1,empty,empty,1,field_out,1,0,0
2025-05-11,TBA202505110,MIL,"Yelich, Christian",yelic001,1,2,empty,empty,1,field_out,1,0,0
2025-05-11,TBA202505110,MIL,"Contreras, William",contw002,1,0,empty,empty,1,field_out,2,0,1
2025-05-11,TBA202505110,MIL,"Turang, Brice",turab002,1,1,empty,empty,1,field_out,2,0,1
2025-05-11,TBA202505110,MIL,"Hoskins, Rhys",hoskr001,1,2,empty,empty,1,strikeout,2,0,1
2025-05-11,TBA202505110,MIL,"Bauers, Jake",bauej001,1,0,empty,empty,1,single,3,0,1
2025-05-11,TBA202505110,MIL,"Ortiz, Joey",ortij005,1,0,1B,1B,1,strikeout,3,0,1
2025-05-11,TBA202505110,MIL,"Durbin, Caleb",durbc002,1,1,1B,2B,0,field_out,3,0,1
2025-05-11,TBA202505110,MIL,"Frelick, Sal",frels001,2,2,3B,3B,1,field_out,3,0,1
2025-05-11,TBA202505110,MIL,"Chourio, Jackson",chouj001,2,0,empty,empty,1,field_out,4,0,1
2025-05-11,TBA202505110,MIL,"Yelich, Christian",yelic001,2,1,empty,empty,1,home_run,4,0,1
2025-05-11,TBA202505110,MIL,"Contreras, William",contw002,2,1,empty,empty,1,home_run,4,1,1
2025-05-11,TBA202505110,MIL,"Turang, Brice",turab002,2,1,empty,empty,1,field_out,4,2,1
2025-05-11,TBA202505110,MIL,"Hoskins, Rhys",hoskr001,2,2,empty,empty,1,strikeout,4,2,1
2025-05-11,TBA202505110,MIL,"Bauers, Jake",bauej001,2,0,empty,empty,1,walk,5,2,2
2025-05-11,TBA202505110,MIL,"Ortiz, Joey",ortij005,2,0,1B,1B,1,single,5,2,2
2025-05-11,TBA202505110,MIL,"Durbin, Caleb",durbc002,2,0,1B+3B,1B+3B,1,field_out,5,2,2
2025-05-11,TBA202505110,MIL,"Frelick, Sal",frels001,3,1,2B,2B,1,field_out,5,3,2
2025-05-11,TBA202505110,MIL,"Chourio, Jackson",chouj001,3,2,2B,2B,1,field_out,5,3,2
2025-05-11,TBA202505110,MIL,"Yelich, Christian",yelic001,3,0,empty,empty,1,strikeout,6,3,2
2025-05-11,TBA202505110,MIL,"Contreras, William",contw002,3,1,empty,empty,1,field_out,6,3,2
2025-05-11,TBA202505110,MIL,"Turang, Brice",turab002,3,2,empty,empty,1,walk,6,3,2
2025-05-11,TBA202505110,MIL,"Hoskins, Rhys",hoskr001,3,2,1B,2B,0,strikeout,6,3,2
2025-05-11,TBA202505110,MIL,"Collins, Isaac",colli001,1,0,empty,empty,1,field_out,7,3,2
2025-05-11,TBA202505110,MIL,"Ortiz, Joey",ortij005,3,1,empty,empty,1,field_out,7,3,2
2025-05-11,TBA202505110,MIL,"Durbin, Caleb",durbc002,3,2,empty,empty,1,walk,7,3,2
2025-05-11,TBA202505110,MIL,"Frelick, Sal",frels001,4,2,1B,1B,1,single,7,3,2
2025-05-11,TBA202505110,MIL,"Chourio, Jackson",chouj001,4,2,1B+2B,1B+2B,1,field_out,7,3,2
2025-05-11,TBA202505110,MIL,"Yelich, Christian",yelic001,4,0,empty,empty,1,single,8,3,2
2025-05-11,TBA202505110,MIL,"Contreras, William",contw002,4,0,1B,2B,0,strikeout,8,3,2
2025-05-11,TBA202505110,MIL,"Turang, Brice",turab002,4,1,2B,2B,1,field_out,8,3,2
2025-05-11,TBA202505110,MIL,"Hoskins, Rhys",hoskr001,4,2,2B,2B,1,single,8,3,2
2025-05-11,TBA202505110,MIL,"Collins, Isaac",colli001,2,2,1B,1B,1,field_out,8,4,2
2025-05-11,TBA202505110,MIL,"Ortiz, Joey",ortij005,4,0,empty,empty,1,strikeout,9,4,2
2025-05-11,TBA202505110,MIL,"Durbin, Caleb",durbc002,4,1,empty,empty,1,field_out,9,4,2
2025-05-11,TBA202505110,MIL,"Frelick, Sal",frels001,5,2,empty,empty,1,field_out,9,4,2
2025-05-12,CLE202505120,MIL,"Frelick, Sal",frels001,1,0,empty,empty,1,field_out,1,0,0
2025-05-12,CLE202505120,MIL,"Chourio, Jackson",chouj001,1,1,empty,empty,1,field_out,1,0,0
2025-05-12,CLE202505120,MIL,"Yelich, Christian",yelic001,1,2,empty,empty,1,double,1,0,0
2025-05-12,CLE202505120,MIL,"Contreras, William",contw002,1,2,2B,2B,1,field_out,1,0,0
2025-05-12,CLE202505120,MIL,"Turang, Brice",turab002,1,0,empty,empty,1,field_out,2,0,0
2025-05-12,CLE202505120,MIL,"Hoskins, Rhys",hoskr001,1,1,empty,empty,1,walk,2,0,0
2025-05-12,CLE202505120,MIL,"Bauers, Jake",bauej001,1,1,1B,1B,1,strikeout,2,0,0
2025-05-12,CLE202505120,MIL,"Monasterio, Andruw",monaa001,1,2,2B,2B,1,field_out,2,0,0
2025-05-12,CLE202505120,MIL,"Durbin, Caleb",durbc002,1,0,empty,empty,1,field_out,3,0,0
2025-05-12,CLE202505120,MIL,"Frelick, Sal",frels001,2,1,empty,empty,1,field_out,3,0,0
2025-05-12,CLE202505120,MIL,"Chourio, Jackson",chouj001,2,2,empty,empty,1,walk,3,0,0
2025-05-12,CLE202505120,MIL,"Yelich, Christian",yelic001,2,2,1B,1B,1,field_out,3,0,0
2025-05-12,CLE202505120,MIL,"Contreras, William",contw002,2,0,empty,empty,1,field_out,4,0,0
2025-05-12,CLE202505120,MIL,"Turang, Brice",turab002,2,1,empty,empty,1,field_out,4,0,0
2025-05-12,CLE202505120,MIL,"Hoskins, Rhys",hoskr001,2,2,empty,empty,1,single,4,0,0
2025-05-12,CLE202505120,MIL,"Bauers, Jake",bauej001,2,2,1B,1B,1,double,4,0,0
2025-05-12,CLE202505120,MIL,"Monasterio, Andruw",monaa001,2,2,2B+3B,2B+3B,1,walk,4,0,0
2025-05-12,CLE202505120,MIL,"Durbin, Caleb",durbc002,2,2,1B+2B+3B,1B+2B+3B,1,field_out,4,0,0
2025-05-12,CLE202505120,MIL,"Frelick, Sal",frels001,3,0,empty,empty,1,single,5,0,3
2025-05-12,CLE202505120,MIL,"Chourio, Jackson",chouj001,3,0,1B,1B,1,field_out,5,0,3
2025-05-12,CLE202505120,MIL,"Yelich, Christian",yelic001,3,1,1B,2B,0,walk,5,0,3
2025-05-12,CLE202505120,MIL,"Contreras, William",contw002,3,1,1B+2B,1B+2B,1,grounded_into_double_play,5,0,3
2025-05-12,CLE202505120,MIL,"Turang, Brice",turab002,3,0,empty,empty,1,strikeout,6,0,3
2025-05-12,CLE202505120,MIL,"Hoskins, Rhys",hoskr001,3,1,empty,empty,1,field_out,6,0,3
2025-05-12,CLE202505120,MIL,"Bauers, Jake",bauej001,3,2,empty,empty,1,single,6,0,3
2025-05-12,CLE202505120,MIL,"Monasterio, Andruw",monaa001,3,2,1B,1B,1,walk,6,0,3
2025-05-12,CLE202505120,MIL,"Durbin, Caleb",durbc002,3,2,1B+2B,1B+2B,1,field_out,6,0,3
2025-05-12,CLE202505120,MIL,"Frelick, Sal",frels001,4,0,empty,empty,1,field_out,7,0,4
2025-05-12,CLE202505120,MIL,"Chourio, Jackson",chouj001,4,1,empty,empty,1,single,7,0,4
2025-05-12,CLE202505120,MIL,"Yelich, Christian",yelic001,4,1,1B,1B,1,strikeout,7,0,4
2025-05-12,CLE202505120,MIL,"Contreras, William",contw002,4,2,1B,2B,0,strikeout,7,0,4
2025-05-12,CLE202505120,MIL,"Turang, Brice",turab002,4,0,empty,empty,1,single,8,0,5
2025-05-12,CLE202505120,MIL,"Hoskins, Rhys",hoskr001,4,0,1B,1B,1,strikeout,8,0,5
2025-05-12,CLE202505120,MIL,"Bauers, Jake",bauej001,4,1,1B,1B,1,strikeout,8,0,5
2025-05-12,CLE202505120,MIL,"Monasterio, Andruw",monaa001,4,2,1B,1B,1,field_out,8,0,5
2025-05-12,CLE202505120,MIL,"Collins, Isaac",colli001,1,0,empty,empty,1,strikeout,9,0,5
2025-05-12,CLE202505120,MIL,"Frelick, Sal",frels001,5,1,empty,empty,1,strikeout,9,0,5
2025-05-12,CLE202505120,MIL,"Chourio, Jackson",chouj001,5,2,empty,empty,1,field_out,9,0,5
2025-05-13,CLE202505130,MIL,"Chourio, Jackson",chouj001,1,0,empty,empty,1,single,1,0,0
2025-05-13,CLE202505130,MIL,"Cameron, Daz",camed001,1,0,1B,1B,1,field_out,1,0,0
2025-05-13,CLE202505130,MIL,"Contreras, William",contw002,1,1,1B,1B,1,field_out,1,0,0
2025-05-13,CLE202505130,MIL,"Yelich, Christian",yelic001,1,2,1B,3B,0,strikeout,1,0,0
2025-05-13,CLE202505130,MIL,"Hoskins, Rhys",hoskr001,1,0,empty,empty,1,field_out,2,0,1
2025-05-13,CLE202505130,MIL,"Turang, Brice",turab002,1,1,empty,empty,1,field_out,2,0,1
2025-05-13,CLE202505130,MIL,"Haase, Eric",haase001,1,2,empty,empty,1,strikeout,2,0,1
2025-05-13,CLE202505130,MIL,"Monasterio, Andruw",monaa001,1,0,empty,empty,1,field_out,3,0,1
2025-05-13,CLE202505130,MIL,"Ortiz, Joey",ortij005,1,1,empty,empty,1,field_out,3,0,1
2025-05-13,CLE202505130,MIL,"Chourio, Jackson",chouj001,2,2,empty,empty,1,field_out,3,0,1
2025-05-13,CLE202505130,MIL,"Cameron, Daz",camed001,2,0,empty,empty,1,strikeout,4,0,1
2025-05-13,CLE202505130,MIL,"Contreras, William",contw002,2,1,empty,empty,1,field_out,4,0,1
2025-05-13,CLE202505130,MIL,"Yelich, Christian",yelic001,2,2,empty,empty,1,field_out,4,0,1
2025-05-13,CLE202505130,MIL,"Hoskins, Rhys",hoskr001,2,0,empty,empty,1,field_out,5,0,1
2025-05-13,CLE202505130,MIL,"Turang, Brice",turab002,2,1,empty,empty,1,single,5,0,1
2025-05-13,CLE202505130,MIL,"Haase, Eric",haase001,2,1,1B,1B,1,strikeout,5,0,1
2025-05-13,CLE202505130,MIL,"Monasterio, Andruw",monaa001,2,2,1B,1B,1,walk,5,0,1
2025-05-13,CLE202505130,MIL,"Ortiz, Joey",ortij005,2,2,1B+2B,1B+2B,1,field_out,5,0,1
2025-05-13,CLE202505130,MIL,"Chourio, Jackson",chouj001,3,0,empty,empty,1,double,6,0,1
2025-05-13,CLE202505130,MIL,"Cameron, Daz",camed001,3,0,2B,2B,1,strikeout,6,0,1
2025-05-13,CLE202505130,MIL,"Contreras, William",contw002,3,1,2B,2B,1,field_out,6,0,1
2025-05-13,CLE202505130,MIL,"Yelich, Christian",yelic001,3,2,3B,3B,1,strikeout,6,0,1
2025-05-13,CLE202505130,MIL,"Hoskins, Rhys",hoskr001,3,0,empty,empty,1,field_out,7,0,1
2025-05-13,CLE202505130,MIL,"Turang, Brice",turab002,3,1,empty,empty,1,strikeout,7,0,1
2025-05-13,CLE202505130,MIL,"Haase, Eric",haase001,3,2,empty,empty,1,strikeout,7,0,1
2025-05-13,CLE202505130,MIL,"Frelick, Sal",frels001,1,0,empty,empty,1,field_out,8,0,1
2025-05-13,CLE202505130,MIL,"Ortiz, Joey",ortij005,3,1,empty,empty,1,field_out,8,0,1
2025-05-13,CLE202505130,MIL,"Chourio, Jackson",chouj001,4,2,empty,empty,1,field_out,8,0,1
2025-05-13,CLE202505130,MIL,"Bauers, Jake",bauej001,1,0,empty,empty,1,strikeout,9,0,2
2025-05-13,CLE202505130,MIL,"Contreras, William",contw002,4,1,empty,empty,1,field_out,9,0,2
2025-05-13,CLE202505130,MIL,"Yelich, Christian",yelic001,4,2,empty,empty,1,strikeout,9,0,2
2025-05-14,CLE202505140,MIL,"Frelick, Sal",frels001,1,0,empty,empty,1,field_out,1,0,0
2025-05-14,CLE202505140,MIL,"Chourio, Jackson",chouj001,1,1,empty,empty,1,strikeout,1,0,0
2025-05-14,CLE202505140,MIL,"Yelich, Christian",yelic001,1,2,empty,empty,1,field_out,1,0,0
2025-05-14,CLE202505140,MIL,"Contreras, William",contw002,1,0,empty,empty,1,single,2,0,0
2025-05-14,CLE202505140,MIL,"Turang, Brice",turab002,1,0,1B,1B,1,strikeout,2,0,0
2025-05-14,CLE202505140,MIL,"Hoskins, Rhys",hoskr001,1,1,1B,1B,1,walk,2,0,0
2025-05-14,CLE202505140,MIL,"Bauers, Jake",bauej001,1,1,1B+2B,1B+2B,1,double,2,0,0
2025-05-14,CLE202505140,MIL,"Monasterio, Andruw",monaa001,1,1,2B+3B,2B+3B,1,strikeout,2,1,0
2025-05-14,CLE202505140,MIL,"Durbin, Caleb",durbc002,1,2,2B+3B,2B+3B,1,field_out,2,1,0
2025-05-14,CLE202505140,MIL,"Frelick, Sal",frels001,2,0,empty,empty,1,field_out,3,1,1
2025-05-14,CLE202505140,MIL,"Chourio, Jackson",chouj001,2,1,empty,empty,1,strikeout,3,1,1
2025-05-14,CLE202505140,MIL,"Yelich, Christian",yelic001,2,2,empty,empty,1,field_out,3,1,1
2025-05-14,CLE202505140,MIL,"Contreras, William",contw002,2,0,empty,empty,1,field_out,4,1,1
2025-05-14,CLE202505140,MIL,"Turang, Brice",turab002,2,1,empty,empty,1,field_out,4,1,1
2025-05-14,CLE202505140,MIL,"Hoskins, Rhys",hoskr001,2,2,empty,empty,1,double,4,1,1
2025-05-14,CLE202505140,MIL,"Bauers, Jake",bauej001,2,2,2B,2B,1,strikeout,4,1,1
2025-05-14,CLE202505140,MIL,"Monasterio, Andruw",monaa001,2,0,empty,empty,1,strikeout,5,1,2
2025-05-14,CLE202505140,MIL,"Durbin, Caleb",durbc002,2,1,empty,empty,1,field_out,5,1,2
2025-05-14,CLE202505140,MIL,"Frelick, Sal",frels001,3,2,empty,empty,1,home_run,5,1,2
2025-05-14,CLE202505140,MIL,"Chourio, Jackson",chouj001,3,2,empty,empty,1,field_out,5,2,2
2025-05-14,CLE202505140,MIL,"Yelich, Christian",yelic001,3,0,empty,empty,1,strikeout,6,2,2
2025-05-14,CLE202505140,MIL,"Contreras, William",contw002,3,1,empty,empty,1,double,6,2,2
2025-05-14,CLE202505140,MIL,"Turang, Brice",turab002,3,1,2B,2B,1,walk,6,2,2
2025-05-14,CLE202505140,MIL,"Hoskins, Rhys",hoskr001,3,1,1B+2B,1B+2B,1,single,6,2,2
2025-05-14,CLE202505140,MIL,"Bauers, Jake",bauej001,3,1,2B+3B,2B+3B,1,single,6,3,2
2025-05-14,CLE202505140,MIL,"Collins, Isaac",colli001,1,1,1B+3B,1B+3B,1,single,6,4,2
2025-05-14,CLE202505140,MIL,"Durbin, Caleb",durbc002,3,1,1B+2B+3B,1B+2B+3B,1,hit_by_pitch,6,4,2
2025-05-14,CLE202505140,MIL,"Frelick, Sal",frels001,4,1,1B+2B+3B,1B+2B+3B,1,strikeout,6,5,2
2025-05-14,CLE202505140,MIL,"Chourio, Jackson",chouj001,4,2,1B+2B+3B,1B+2B+3B,1,field_out,6,5,2
2025-05-14,CLE202505140,MIL,"Yelich, Christian",yelic001,4,0,empty,empty,1,field_out,7,5,2
2025-05-14,CLE202505140,MIL,"Contreras, William",contw002,4,1,empty,empty,1,walk,7,5,2
2025-05-14,CLE202505140,MIL,"Turang, Brice",turab002,4,1,1B,1B,1,field_out,7,5,2
2025-05-14,CLE202505140,MIL,"Hoskins, Rhys",hoskr001,4,2,1B,1B,1,home_run,7,5,2
2025-05-14,CLE202505140,MIL,"Bauers, Jake",bauej001,4,2,empty,empty,1,field_out,7,7,2
2025-05-14,CLE202505140,MIL,"Ortiz, Joey",ortij005,1,0,empty,empty,1,single,8,7,2
2025-05-14,CLE202505140,MIL,"Durbin, Caleb",durbc002,4,1,1B,empty,0,field_out,8,7,2
2025-05-14,CLE202505140,MIL,"Frelick, Sal",frels001,5,2,empty,empty,1,field_out,8,7,2
2025-05-14,CLE202505140,MIL,"Chourio, Jackson",chouj001,5,0,empty,empty,1,field_out,9,7,5
2025-05-14,CLE202505140,MIL,"Yelich, Christian",yelic001,5,1,empty,empty,1,single,9,7,5
2025-05-14,CLE202505140,MIL,"Contreras, William",contw002,5,1,1B,1B,1,single,9,7,5
2025-05-14,CLE202505140,MIL,"Turang, Brice",turab002,5,2,1B+2B,2B,0,walk,9,7,5
2025-05-14,CLE202505140,MIL,"Hoskins, Rhys",hoskr001,5,2,1B+2B,1B+2B,1,single,9,7,5
2025-05-14,CLE202505140,MIL,"Bauers, Jake",bauej001,5,2,1B,1B,1,strikeout,9,9,5
2025-05-16,MIL202505160,MIL,"Turang, Brice",turab002,1,0,empty,empty,1,single,1,0,2
2025-05-16,MIL202505160,MIL,"Contreras, William",contw002,1,0,1B,1B,1,field_out,1,0,2
2025-05-16,MIL202505160,MIL,"Yelich, Christian",yelic001,1,1,1B,1B,1,strikeout,1,0,2
2025-05-16,MIL202505160,MIL,"Hoskins, Rhys",hoskr001,1,2,2B,2B,1,walk,1,0,2
2025-05-16,MIL202505160,MIL,"Frelick, Sal",frels001,1,2,1B+3B,1B+3B,1,field_out,1,0,2
2025-05-16,MIL202505160,MIL,"Chourio, Jackson",chouj001,1,0,empty,empty,1,strikeout,2,0,3
2025-05-16,MIL202505160,MIL,"Bauers, Jake",bauej001,1,1,empty,empty,1,strikeout,2,0,3
2025-05-16,MIL202505160,MIL,"Durbin, Caleb",durbc002,1,2,empty,empty,1,strikeout,2,0,3
2025-05-16,MIL202505160,MIL,"Ortiz, Joey",ortij005,1,0,empty,empty,1,strikeout,3,0,3
2025-05-16,MIL202505160,MIL,"Turang, Brice",turab002,2,1,empty,empty,1,strikeout,3,0,3
2025-05-16,MIL202505160,MIL,"Contreras, William",contw002,2,2,empty,empty,1,strikeout,3,0,3
2025-05-16,MIL202505160,MIL,"Yelich, Christian",yelic001,2,0,empty,empty,1,hit_by_pitch,4,0,3
2025-05-16,MIL202505160,MIL,"Hoskins, Rhys",hoskr001,2,0,1B,1B,1,field_out,4,0,3
2025-05-16,MIL202505160,MIL,"Frelick, Sal",frels001,2,1,2B,2B,1,field_out,4,0,3
2025-05-16,MIL202505160,MIL,"Chourio, Jackson",chouj001,2,2,2B,2B,1,strikeout,4,0,3
2025-05-16,MIL202505160,MIL,"Bauers, Jake",bauej001,2,0,empty,empty,1,field_out,5,0,3
2025-05-16,MIL202505160,MIL,"Durbin, Caleb",durbc002,2,1,empty,empty,1,field_out,5,0,3
2025-05-16,MIL202505160,MIL,"Ortiz, Joey",ortij005,2,2,empty,empty,1,field_out,5,0,3
2025-05-16,MIL202505160,MIL,"Turang, Brice",turab002,3,0,empty,empty,1,field_out,6,0,3
2025-05-16,MIL202505160,MIL,"Contreras, William",contw002,3,1,empty,empty,1,double,6,0,3
2025-05-16,MIL202505160,MIL,"Yelich, Christian",yelic001,3,1,2B,2B,1,field_out,6,0,3
2025-05-16,MIL202505160,MIL,"Hoskins, Rhys",hoskr001,3,2,3B,3B,1,strikeout,6,0,3
2025-05-16,MIL202505160,MIL,"Frelick, Sal",frels001,3,0,empty,empty,1,single,7,0,3
2025-05-16,MIL202505160,MIL,"Chourio, Jackson",chouj001,3,0,1B,1B,1,strikeout,7,0,3
2025-05-16,MIL202505160,MIL,"Bauers, Jake",bauej001,3,1,1B,1B,1,single,7,0,3
2025-05-16,MIL202505160,MIL,"Durbin, Caleb",durbc002,3,1,1B+2B,1B+2B,1,strikeout,7,0,3
2025-05-16,MIL202505160,MIL,"Collins, Isaac",colli001,1,2,1B+2B,1B+2B,1,strikeout,7,0,3
2025-05-16,MIL202505160,MIL,"Turang, Brice",turab002,4,0,empty,empty,1,field_out,8,0,3
2025-05-16,MIL202505160,MIL,"Contreras, William",contw002,4,1,empty,empty,1,single,8,0,3
2025-05-16,MIL202505160,MIL,"Yelich, Christian",yelic001,4,1,1B,1B,1,strikeout,8,0,3
2025-05-16,MIL202505160,MIL,"Hoskins, Rhys",hoskr001,4,2,1B,1B,1,strikeout,8,0,3
2025-05-16,MIL202505160,MIL,"Frelick, Sal",frels001,4,0,empty,empty,1,field_out,9,0,3
2025-05-16,MIL202505160,MIL,"Chourio, Jackson",chouj001,4,1,empty,empty,1,strikeout,9,0,3
2025-05-16,MIL202505160,MIL,"Bauers, Jake",bauej001,4,2,empty,empty,1,strikeout,9,0,3
2025-05-17,MIL202505170,MIL,"Turang, Brice",turab002,1,0,empty,empty,1,single,1,0,1
2025-05-17,MIL202505170,MIL,"Chourio, Jackson",chouj001,1,0,1B,1B,1,field_out,1,0,1
2025-05-17,MIL202505170,MIL,"Yelich, Christian",yelic001,1,1,1B,2B,0,field_out,1,0,1
2025-05-17,MIL202505170,MIL,"Contreras, William",contw002,1,2,3B,3B,1,walk,1,0,1
2025-05-17,MIL202505170,MIL,"Frelick, Sal",frels001,1,2,1B+3B,1B+3B,1,field_out,1,0,1
2025-05-17,MIL202505170,MIL,"Hoskins, Rhys",hoskr001,1,0,empty,empty,1,field_out,2,0,2
2025-05-17,MIL202505170,MIL,"Bauers, Jake",bauej001,1,1,empty,empty,1,strikeout,2,0,2
2025-05-17,MIL202505170,MIL,"Durbin, Caleb",durbc002,1,2,empty,empty,1,field_out,2,0,2
2025-05-17,MIL202505170,MIL,"Ortiz, Joey",ortij005,1,0,empty,empty,1,field_out,3,0,3
2025-05-17,MIL202505170,MIL,"Turang, Brice",turab002,2,1,empty,empty,1,single,3,0,3
2025-05-17,MIL202505170,MIL,"Chourio, Jackson",chouj001,2,1,1B,1B,1,field_out,3,0,3
2025-05-17,MIL202505170,MIL,"Yelich, Christian",yelic001,2,2,1B,1B,1,field_out,3,0,3
2025-05-17,MIL202505170,MIL,"Contreras, William",contw002,2,0,empty,empty,1,field_out,4,0,4
2025-05-17,MIL202505170,MIL,"Frelick, Sal",frels001,2,1,empty,empty,1,field_out,4,0,4
2025-05-17,MIL202505170,MIL,"Hoskins, Rhys",hoskr001,2,2,empty,empty,1,strikeout,4,0,4
2025-05-17,MIL202505170,MIL,"Bauers, Jake",bauej001,2,0,empty,empty,1,strikeout,5,0,5
2025-05-17,MIL202505170,MIL,"Durbin, Caleb",durbc002,2,1,empty,empty,1,strikeout,5,0,5
2025-05-17,MIL202505170,MIL,"Ortiz, Joey",ortij005,2,2,empty,empty,1,strikeout,5,0,5
2025-05-17,MIL202505170,MIL,"Turang, Brice",turab002,3,0,empty,empty,1,walk,6,0,6
2025-05-17,MIL202505170,MIL,"Chourio, Jackson",chouj001,3,0,1B,1B,1,field_out,6,0,6
2025-05-17,MIL202505170,MIL,"Yelich, Christian",yelic001,3,1,1B,1B,1,strikeout,6,0,6
2025-05-17,MIL202505170,MIL,"Contreras, William",contw002,3,2,1B,1B,1,field_out,6,0,6
2025-05-17,MIL202505170,MIL,"Frelick, Sal",frels001,3,0,empty,empty,1,strikeout,7,0,6
2025-05-17,MIL202505170,MIL,"Hoskins, Rhys",hoskr001,3,1,empty,empty,1,single,7,0,6
2025-05-17,MIL202505170,MIL,"Bauers, Jake",bauej001,3,1,1B,1B,1,walk,7,0,6
2025-05-17,MIL202505170,MIL,"Durbin, Caleb",durbc002,3,1,1B+2B,1B+2B,1,hit_by_pitch,7,0,6
2025-05-17,MIL202505170,MIL,"Collins, Isaac",colli001,1,1,1B+2B+3B,1B+2B+3B,1,field_out,7,0,6
2025-05-17,MIL202505170,MIL,"Turang, Brice",turab002,4,2,1B+2B+3B,1B+2B+3B,1,field_out,7,0,6
2025-05-17,MIL202505170,MIL,"Chourio, Jackson",chouj001,4,0,empty,empty,1,strikeout,8,0,6
2025-05-17,MIL202505170,MIL,"Yelich, Christian",yelic001,4,1,empty,empty,1,field_out,8,0,6
2025-05-17,MIL202505170,MIL,"Haase, Eric",haase001,1,2,empty,empty,1,strikeout,8,0,6
2025-05-17,MIL202505170,MIL,"Cameron, Daz",camed001,1,0,empty,empty,1,field_out,9,0,7
2025-05-17,MIL202505170,MIL,"Hoskins, Rhys",hoskr001,4,1,empty,empty,1,strikeout,9,0,7
2025-05-17,MIL202505170,MIL,"Monasterio, Andruw",monaa001,1,2,empty,empty,1,field_out,9,0,7
2025-05-18,MIL202505180,MIL,"Turang, Brice",turab002,1,0,empty,empty,1,strikeout,1,0,0
2025-05-18,MIL202505180,MIL,"Chourio, Jackson",chouj001,1,1,empty,empty,1,strikeout,1,0,0
2025-05-18,MIL202505180,MIL,"Contreras, William",contw002,1,2,empty,empty,1,strikeout,1,0,0
2025-05-18,MIL202505180,MIL,"Yelich, Christian",yelic001,1,0,empty,empty,1,single,2,0,0
2025-05-18,MIL202505180,MIL,"Hoskins, Rhys",hoskr001,1,0,1B,1B,1,single,2,0,0
2025-05-18,MIL202505180,MIL,"Collins, Isaac",colli001,1,0,1B+2B,1B+2B,1,sac_bunt,2,0,0
2025-05-18,MIL202505180,MIL,"Frelick, Sal",frels001,1,1,2B+3B,2B+3B,1,single,2,0,0
2025-05-18,MIL202505180,MIL,"Durbin, Caleb",durbc002,1,1,1B+3B,1B+3B,1,field_out,2,1,0
2025-05-18,MIL202505180,MIL,"Ortiz, Joey",ortij005,1,2,1B+3B,1B+3B,1,field_out,2,1,0
2025-05-18,MIL202505180,MIL,"Turang, Brice",turab002,2,0,empty,empty,1,strikeout,3,1,0
2025-05-18,MIL202505180,MIL,"Chourio, Jackson",chouj001,2,1,empty,empty,1,strikeout,3,1,0
2025-05-18,MIL202505180,MIL,"Contreras, William",contw002,2,2,empty,empty,1,walk,3,1,0
2025-05-18,MIL202505180,MIL,"Yelich, Christian",yelic001,2,2,1B,1B,1,walk,3,1,0
2025-05-18,MIL202505180,MIL,"Hoskins, Rhys",hoskr001,2,2,1B+2B,1B+2B,1,walk,3,1,0
2025-05-18,MIL202505180,MIL,"Collins, Isaac",colli001,2,2,1B+2B+3B,1B+2B+3B,1,single,3,1,0
2025-05-18,MIL202505180,MIL,"Frelick, Sal",frels001,2,2,1B+2B,1B+2B,1,single,3,3,0
2025-05-18,MIL202505180,MIL,"Durbin, Caleb",durbc002,2,2,1B+3B,1B+3B,1,field_out,3,4,0
2025-05-18,MIL202505180,MIL,"Ortiz, Joey",ortij005,2,0,empty,empty,1,strikeout,4,4,1
2025-05-18,MIL202505180,MIL,"Turang, Brice",turab002,3,1,empty,empty,1,field_out,4,4,1
2025-05-18,MIL202505180,MIL,"Chourio, Jackson",chouj001,3,2,empty,empty,1,field_out,4,4,1
2025-05-18,MIL202505180,MIL,"Contreras, William",contw002,3,0,empty,empty,1,field_out,5,4,1
2025-05-18,MIL202505180,MIL,"Yelich, Christian",yelic001,3,1,empty,empty,1,field_out,5,4,1
2025-05-18,MIL202505180,MIL,"Hoskins, Rhys",hoskr001,3,2,empty,empty,1,field_out,5,4,1
2025-05-18,MIL202505180,MIL,"Collins, Isaac",colli001,3,0,empty,empty,1,strikeout,6,4,1
2025-05-18,MIL202505180,MIL,"Frelick, Sal",frels001,3,1,empty,empty,1,field_out,6,4,1
2025-05-18,MIL202505180,MIL,"Durbin, Caleb",durbc002,3,2,empty,empty,1,field_out,6,4,1
2025-05-18,MIL202505180,MIL,"Ortiz, Joey",ortij005,3,0,empty,empty,1,field_out,7,4,2
2025-05-18,MIL202505180,MIL,"Turang, Brice",turab002,4,1,empty,empty,1,field_out,7,4,2
2025-05-18,MIL202505180,MIL,"Chourio, Jackson",chouj001,4,2,empty,empty,1,field_out,7,4,2
2025-05-18,MIL202505180,MIL,"Contreras, William",contw002,4,0,empty,empty,1,walk,8,4,2
2025-05-18,MIL202505180,MIL,"Yelich, Christian",yelic001,4,0,1B,2B,0,field_out,8,4,2
2025-05-18,MIL202505180,MIL,"Hoskins, Rhys",hoskr001,4,1,3B,3B,1,sac_fly,8,4,2
2025-05-18,MIL202505180,MIL,"Collins, Isaac",colli001,4,2,empty,empty,1,field_out,8,5,2
2025-05-19,MIL202505190,MIL,"Turang, Brice",turab002,1,0,empty,empty,1,strikeout,1,0,0
2025-05-19,MIL202505190,MIL,"Contreras, William",contw002,1,1,empty,empty,1,single,1,0,0
2025-05-19,MIL202505190,MIL,"Chourio, Jackson",chouj001,1,1,1B,1B,1,strikeout,1,0,0
2025-05-19,MIL202505190,MIL,"Yelich, Christian",yelic001,1,2,1B,1B,1,field_out,1,0,0
2025-05-19,MIL202505190,MIL,"Hoskins, Rhys",hoskr001,1,0,empty,empty,1,walk,2,0,1
2025-05-19,MIL202505190,MIL,"Collins, Isaac",colli001,1,0,1B,1B,1,single,2,0,1
2025-05-19,MIL202505190,MIL,"Frelick, Sal",frels001,1,0,1B+2B,1B+2B,1,field_out,2,0,1
2025-05-19,MIL202505190,MIL,"Monasterio, Andruw",monaa001,1,1,1B+2B,1B+2B,1,strikeout,2,0,1
2025-05-19,MIL202505190,MIL,"Durbin, Caleb",durbc002,1,2,1B+2B,1B+2B,1,single,2,0,1
2025-05-19,MIL202505190,MIL,"Turang, Brice",turab002,2,2,2B+3B,2B+3B,1,single,2,1,1
2025-05-19,MIL202505190,MIL,"Contreras, William",contw002,2,0,empty,empty,1,double,3,3,1
2025-05-19,MIL202505190,MIL,"Chourio, Jackson",chouj001,2,0,2B,2B,1,field_out,3,3,1
2025-05-19,MIL202505190,MIL,"Yelich, Christian",yelic001,2,1,2B,2B,1,field_out,3,3,1
2025-05-19,MIL202505190,MIL,"Hoskins, Rhys",hoskr001,2,2,2B,2B,1,field_out,3,3,1
2025-05-19,MIL202505190,MIL,"Collins, Isaac",colli001,2,0,empty,empty,1,strikeout,4,3,1
2025-05-19,MIL202505190,MIL,"Frelick, Sal",frels001,2,1,empty,empty,1,single,4,3,1
2025-05-19,MIL202505190,MIL,"Monasterio, Andruw",monaa001,2,1,1B,1B,1,field_out,4,3,1
2025-05-19,MIL202505190,MIL,"Durbin, Caleb",durbc002,2,2,1B,1B,1,field_out,4,3,1
2025-05-19,MIL202505190,MIL,"Turang, Brice",turab002,3,0,empty,empty,1,double,5,3,1
2025-05-19,MIL202505190,MIL,"Contreras, William",contw002,3,0,2B,2B,1,double,5,3,1
2025-05-19,MIL202505190,MIL,"Chourio, Jackson",chouj001,3,0,2B,2B,1,field_out,5,4,1
2025-05-19,MIL202505190,MIL,"Yelich, Christian",yelic001,3,1,3B,3B,1,strikeout,5,4,1
2025-05-19,MIL202505190,MIL,"Hoskins, Rhys",hoskr001,3,2,3B,3B,1,walk,5,4,1
2025-05-19,MIL202505190,MIL,"Collins, Isaac",colli001,3,2,1B+3B,1B+3B,1,field_out,5,4,1
2025-05-19,MIL202505190,MIL,"Frelick, Sal",frels001,3,0,empty,empty,1,triple,6,4,1
2025-05-19,MIL202505190,MIL,"Monasterio, Andruw",monaa001,3,0,3B,3B,1,strikeout,6,4,1
2025-05-19,MIL202505190,MIL,"Durbin, Caleb",durbc002,3,1,3B,3B,1,walk,6,4,1
2025-05-19,MIL202505190,MIL,"Turang, Brice",turab002,4,1,1B+3B,2B+3B,0,strikeout,6,4,1
2025-05-19,MIL202505190,MIL,"Contreras, William",contw002,4,2,2B+3B,2B+3B,1,walk,6,4,1
2025-05-19,MIL202505190,MIL,"Chourio, Jackson",chouj001,4,2,1B+2B+3B,1B+2B+3B,1,field_out,6,4,1
2025-05-19,MIL202505190,MIL,"Yelich, Christian",yelic001,4,0,empty,empty,1,field_out,7,4,4
2025-05-19,MIL202505190,MIL,"Hoskins, Rhys",hoskr001,4,1,empty,empty,1,double,7,4,4
2025-05-19,MIL202505190,MIL,"Collins, Isaac",colli001,4,1,2B,2B,1,field_out,7,4,4
2025-05-19,MIL202505190,MIL,"Frelick, Sal",frels001,4,2,2B,2B,1,field_out,7,4,4
2025-05-19,MIL202505190,MIL,"Bauers, Jake",bauej001,1,0,empty,empty,1,field_out,8,4,4
2025-05-19,MIL202505190,MIL,"Durbin, Caleb",durbc002,4,1,empty,empty,1,field_out,8,4,4
2025-05-19,MIL202505190,MIL,"Turang, Brice",turab002,5,2,empty,empty,1,walk,8,4,4
2025-05-19,MIL202505190,MIL,"Contreras, William",contw002,5,2,1B,2B,0,single,8,4,4
2025-05-19,MIL202505190,MIL,"Chourio, Jackson",chouj001,5,2,1B,2B,0,field_out,8,5,4
2025-05-20,MIL202505200,MIL,"Turang, Brice",turab002,1,0,empty,empty,1,field_out,1,0,0
2025-05-20,MIL202505200,MIL,"Chourio, Jackson",chouj001,1,1,empty,empty,1,strikeout,1,0,0
2025-05-20,MIL202505200,MIL,"Contreras, William",contw002,1,2,empty,empty,1,walk,1,0,0
2025-05-20,MIL202505200,MIL,"Yelich, Christian",yelic001,1,2,1B,1B,1,strikeout,1,0,0
2025-05-20,MIL202505200,MIL,"Hoskins, Rhys",hoskr001,1,0,empty,empty,1,field_out,2,0,0
2025-05-20,MIL202505200,MIL,"Collins, Isaac",colli001,1,1,empty,empty,1,walk,2,0,0
2025-05-20,MIL202505200,MIL,"Frelick, Sal",frels001,1,1,1B,1B,1,field_out,2,0,0
2025-05-20,MIL202505200,MIL,"Durbin, Caleb",durbc002,1,2,1B,1B,1,field_out,2,0,0
2025-05-20,MIL202505200,MIL,"Ortiz, Joey",ortij005,1,0,empty,empty,1,strikeout,3,0,0
2025-05-20,MIL202505200,MIL,"Turang, Brice",turab002,2,1,empty,empty,1,home_run,3,0,0
2025-05-20,MIL202505200,MIL,"Chourio, Jackson",chouj001,2,1,empty,empty,1,walk,3,1,0
2025-05-20,MIL202505200,MIL,"Contreras, William",contw002,2,1,1B,1B,1,field_out,3,1,0
2025-05-20,MIL202505200,MIL,"Yelich, Christian",yelic001,2,2,1B,1B,1,field_out,3,1,0
2025-05-20,MIL202505200,MIL,"Hoskins, Rhys",hoskr001,2,0,empty,empty,1,double,4,1,0
2025-05-20,MIL202505200,MIL,"Collins, Isaac",colli001,2,0,2B,2B,1,field_out,4,1,0
2025-05-20,MIL202505200,MIL,"Frelick, Sal",frels001,2,1,3B,3B,1,home_run,4,1,0
2025-05-20,MIL202505200,MIL,"Durbin, Caleb",durbc002,2,1,empty,empty,1,field_out,4,3,0
2025-05-20,MIL202505200,MIL,"Ortiz, Joey",ortij005,2,2,empty,empty,1,walk,4,3,0
2025-05-20,MIL202505200,MIL,"Turang, Brice",turab002,3,2,1B,1B,1,field_out,4,3,0
2025-05-20,MIL202505200,MIL,"Chourio, Jackson",chouj001,3,0,empty,empty,1,single,5,3,0
2025-05-20,MIL202505200,MIL,"Contreras, William",contw002,3,0,1B,1B,1,walk,5,3,0
2025-05-20,MIL202505200,MIL,"Yelich, Christian",yelic001,3,0,1B+2B,1B+2B,1,field_out,5,3,0
2025-05-20,MIL202505200,MIL,"Hoskins, Rhys",hoskr001,3,1,2B+3B,2B+3B,1,strikeout,5,3,0
2025-05-20,MIL202505200,MIL,"Collins, Isaac",colli001,3,2,2B+3B,2B+3B,1,field_out,5,3,0
2025-05-20,MIL202505200,MIL,"Frelick, Sal",frels001,3,0,empty,empty,1,walk,6,3,0
2025-05-20,MIL202505200,MIL,"Durbin, Caleb",durbc002,3,0,1B,1B,1,sac_bunt,6,3,0
2025-05-20,MIL202505200,MIL,"Ortiz, Joey",ortij005,3,1,2B,2B,1,field_out,6,3,0
2025-05-20,MIL202505200,MIL,"Turang, Brice",turab002,4,2,3B,3B,1,strikeout,6,3,0
2025-05-20,MIL202505200,MIL,"Chourio, Jackson",chouj001,4,0,empty,empty,1,field_out,7,3,2
2025-05-20,MIL202505200,MIL,"Contreras, William",contw002,4,1,empty,empty,1,field_out,7,3,2
2025-05-20,MIL202505200,MIL,"Yelich, Christian",yelic001,4,2,empty,empty,1,field_out,7,3,2
2025-05-20,MIL202505200,MIL,"Hoskins, Rhys",hoskr001,4,0,empty,empty,1,home_run,8,3,2
2025-05-20,MIL202505200,MIL,"Collins, Isaac",colli001,4,0,empty,empty,1,field_out,8,4,2
2025-05-20,MIL202505200,MIL,"Frelick, Sal",frels001,4,1,empty,empty,1,walk,8,4,2
2025-05-20,MIL202505200,MIL,"Durbin, Caleb",durbc002,4,1,1B,2B,0,strikeout,8,4,2
2025-05-20,MIL202505200,MIL,"Ortiz, Joey",ortij005,4,2,2B,2B,1,single,8,4,2
2025-05-20,MIL202505200,MIL,"Turang, Brice",turab002,5,2,1B,1B,1,single,8,5,2
2025-05-20,MIL202505200,MIL,"Chourio, Jackson",chouj001,5,2,1B+2B,2B+3B,0,field_out,8,5,2
2025-05-21,MIL202505210,MIL,"Turang, Brice",turab002,1,0,empty,empty,1,field_out,1,0,0
2025-05-21,MIL202505210,MIL,"Chourio, Jackson",chouj001,1,1,empty,empty,1,field_out,1,0,0
2025-05-21,MIL202505210,MIL,"Yelich, Christian",yelic001,1,2,empty,empty,1,field_out,1,0,0
2025-05-21,MIL202505210,MIL,"Hoskins, Rhys",hoskr001,1,0,empty,empty,1,strikeout,2,0,0
2025-05-21,MIL202505210,MIL,"Frelick, Sal",frels001,1,1,empty,empty,1,strikeout,2,0,0
2025-05-21,MIL202505210,MIL,"Haase, Eric",haase001,1,2,empty,empty,1,walk,2,0,0
2025-05-21,MIL202505210,MIL,"Bauers, Jake",bauej001,1,2,1B,1B,1,single,2,0,0
2025-05-21,MIL202505210,MIL,"Durbin, Caleb",durbc002,1,2,1B+3B,2B+3B,0,field_out,2,0,0
2025-05-21,MIL202505210,MIL,"Ortiz, Joey",ortij005,1,0,empty,empty,1,field_out,3,0,0
2025-05-21,MIL202505210,MIL,"Turang, Brice",turab002,2,1,empty,empty,1,field_out,3,0,0
2025-05-21,MIL202505210,MIL,"Chourio, Jackson",chouj001,2,2,empty,empty,1,single,3,0,0
2025-05-21,MIL202505210,MIL,"Yelich, Christian",yelic001,2,2,1B,2B,0,field_out,3,0,0
2025-05-21,MIL202505210,MIL,"Hoskins, Rhys",hoskr001,2,0,empty,empty,1,single,4,0,1
2025-05-21,MIL202505210,MIL,"Frelick, Sal",frels001,2,0,1B,1B,1,field_out,4,0,1
2025-05-21,MIL202505210,MIL,"Haase, Eric",haase001,2,1,2B,2B,1,field_out,4,0,1
2025-05-21,MIL202505210,MIL,"Bauers, Jake",bauej001,2,2,2B,2B,1,field_out,4,0,1
2025-05-21,MIL202505210,MIL,"Durbin, Caleb",durbc002,2,0,empty,empty,1,double,5,0,1
2025-05-21,MIL202505210,MIL,"Ortiz, Joey",ortij005,2,0,2B,2B,1,field_out,5,0,1
2025-05-21,MIL202505210,MIL,"Turang, Brice",turab002,3,1,2B,2B,1,field_out,5,0,1
2025-05-21,MIL202505210,MIL,"Chourio, Jackson",chouj001,3,2,empty,empty,1,field_out,5,1,1
2025-05-21,MIL202505210,MIL,"Yelich, Christian",yelic001,3,0,empty,empty,1,field_out,6,1,1
2025-05-21,MIL202505210,MIL,"Hoskins, Rhys",hoskr001,3,1,empty,empty,1,home_run,6,1,1
2025-05-21,MIL202505210,MIL,"Frelick, Sal",frels001,3,1,empty,empty,1,strikeout,6,2,1
2025-05-21,MIL202505210,MIL,"Haase, Eric",haase001,3,2,empty,empty,1,field_out,6,2,1
2025-05-21,MIL202505210,MIL,"Bauers, Jake",bauej001,3,0,empty,empty,1,field_out,7,2,1
2025-05-21,MIL202505210,MIL,"Durbin, Caleb",durbc002,3,1,empty,empty,1,strikeout,7,2,1
2025-05-21,MIL202505210,MIL,"Ortiz, Joey",ortij005,3,2,empty,empty,1,field_out,7,2,1
2025-05-21,MIL202505210,MIL,"Turang, Brice",turab002,4,0,empty,empty,1,strikeout,8,2,3
2025-05-21,MIL202505210,MIL,"Chourio, Jackson",chouj001,4,1,empty,empty,1,field_out,8,2,3
2025-05-21,MIL202505210,MIL,"Yelich, Christian",yelic001,4,2,empty,empty,1,field_out,8,2,3
2025-05-21,MIL202505210,MIL,"Hoskins, Rhys",hoskr001,4,0,empty,empty,1,strikeout,9,2,3
2025-05-21,MIL202505210,MIL,"Frelick, Sal",frels001,4,1,empty,empty,1,walk,9,2,3
2025-05-21,MIL202505210,MIL,"Haase, Eric",haase001,4,1,1B,1B,1,field_out,9,2,3
2025-05-21,MIL202505210,MIL,"Bauers, Jake",bauej001,4,2,1B,1B,1,walk,9,2,3
2025-05-21,MIL202505210,MIL,"Durbin, Caleb",durbc002,4,2,1B+2B,1B+2B,1,single,9,2,3
2025-05-21,MIL202505210,MIL,"Collins, Isaac",colli001,1,2,1B+2B,1B+2B,1,field_out,9,3,3
2025-05-21,MIL202505210,MIL,"Turang, Brice",turab002,5,0,2B,2B,1,field_out,10,3,4
2025-05-21,MIL202505210,MIL,"Chourio, Jackson",chouj001,5,1,2B,2B,1,single,10,3,4
2025-05-21,MIL202505210,MIL,"Yelich, Christian",yelic001,5,2,empty,empty,1,strikeout,10,4,4
2025-05-21,MIL202505210,MIL,"Hoskins, Rhys",hoskr001,5,0,2B,2B,1,field_out,11,4,8
2025-05-21,MIL202505210,MIL,"Frelick, Sal",frels001,5,1,2B,2B,1,field_out,11,4,8
2025-05-21,MIL202505210,MIL,"Haase, Eric",haase001,5,2,3B,3B,1,strikeout,11,4,8
2025-05-22,PIT202505220,MIL,"Turang, Brice",turab002,1,0,empty,empty,1,strikeout,1,0,0
2025-05-22,PIT202505220,MIL,"Chourio, Jackson",chouj001,1,1,empty,empty,1,walk,1,0,0
2025-05-22,PIT202505220,MIL,"Contreras, William",contw002,1,1,1B,1B,1,single,1,0,0
2025-05-22,PIT202505220,MIL,"Yelich, Christian",yelic001,1,1,1B+2B,1B+2B,1,home_run,1,0,0
2025-05-22,PIT202505220,MIL,"Hoskins, Rhys",hoskr001,1,1,empty,empty,1,field_out,1,3,0
2025-05-22,PIT202505220,MIL,"Collins, Isaac",colli001,1,2,empty,empty,1,field_out,1,3,0
2025-05-22,PIT202505220,MIL,"Frelick, Sal",frels001,1,0,empty,empty,1,field_out,2,3,1
2025-05-22,PIT202505220,MIL,"Durbin, Caleb",durbc002,1,1,empty,empty,1,field_out,2,3,1
2025-05-22,PIT202505220,MIL,"Ortiz, Joey",ortij005,1,2,empty,empty,1,home_run,2,3,1
2025-05-22,PIT202505220,MIL,"Turang, Brice",turab002,2,2,empty,empty,1,field_out,2,4,1
2025-05-22,PIT202505220,MIL,"Chourio, Jackson",chouj001,2,0,empty,empty,1,single,3,4,1
2025-05-22,PIT202505220,MIL,"Contreras, William",contw002,2,0,1B,1B,1,strikeout,3,4,1
2025-05-22,PIT202505220,MIL,"Yelich, Christian",yelic001,2,1,1B,1B,1,grounded_into_double_play,3,4,1
2025-05-22,PIT202505220,MIL,"Hoskins, Rhys",hoskr001,2,0,empty,empty,1,field_out,4,4,1
2025-05-22,PIT202505220,MIL,"Collins, Isaac",colli001,2,1,empty,empty,1,walk,4,4,1
2025-05-22,PIT202505220,MIL,"Frelick, Sal",frels001,2,1,1B,1B,1,field_out,4,4,1
2025-05-22,PIT202505220,MIL,"Durbin, Caleb",durbc002,2,2,1B,1B,1,field_out,4,4,1
2025-05-22,PIT202505220,MIL,"Ortiz, Joey",ortij005,2,0,empty,empty,1,field_out,5,4,2
2025-05-22,PIT202505220,MIL,"Turang, Brice",turab002,3,1,empty,empty,1,strikeout,5,4,2
2025-05-22,PIT202505220,MIL,"Chourio, Jackson",chouj001,3,2,empty,empty,1,field_out,5,4,2
2025-05-22,PIT202505220,MIL,"Contreras, William",contw002,3,0,empty,empty,1,field_out,6,4,2
2025-05-22,PIT202505220,MIL,"Yelich, Christian",yelic001,3,1,empty,empty,1,home_run,6,4,2
2025-05-22,PIT202505220,MIL,"Hoskins, Rhys",hoskr001,3,1,empty,empty,1,strikeout,6,5,2
2025-05-22,PIT202505220,MIL,"Collins, Isaac",colli001,3,2,empty,empty,1,strikeout,6,5,2
2025-05-22,PIT202505220,MIL,"Frelick, Sal",frels001,3,0,empty,empty,1,single,7,5,3
2025-05-22,PIT202505220,MIL,"Durbin, Caleb",durbc002,3,0,1B,1B,1,single,7,5,3
2025-05-22,PIT202505220,MIL,"Ortiz, Joey",ortij005,3,0,1B+2B,1B+2B,1,sac_bunt,7,5,3
2025-05-22,PIT202505220,MIL,"Turang, Brice",turab002,4,1,2B+3B,2B+3B,1,double_play,7,5,3
2025-05-22,PIT202505220,MIL,"Chourio, Jackson",chouj001,4,0,empty,empty,1,double,8,5,3
2025-05-22,PIT202505220,MIL,"Contreras, William",contw002,4,0,2B,2B,1,field_out,8,5,3
2025-05-22,PIT202505220,MIL,"Yelich, Christian",yelic001,4,1,2B,2B,1,intent_walk,8,5,3
2025-05-22,PIT202505220,MIL,"Hoskins, Rhys",hoskr001,4,1,1B+2B,1B+2B,1,field_out,8,5,3
2025-05-22,PIT202505220,MIL,"Collins, Isaac",colli001,4,2,1B+2B,1B+2B,1,single,8,5,3
2025-05-22,PIT202505220,MIL,"Frelick, Sal",frels001,4,2,1B+3B,2B+3B,0,single,8,6,3
2025-05-22,PIT202505220,MIL,"Durbin, Caleb",durbc002,4,2,1B,1B,1,field_out,8,8,3
2025-05-22,PIT202505220,MIL,"Ortiz, Joey",ortij005,4,0,empty,empty,1,field_out,9,8,3
2025-05-22,PIT202505220,MIL,"Turang, Brice",turab002,5,1,empty,empty,1,field_out,9,8,3
2025-05-22,PIT202505220,MIL,"Chourio, Jackson",chouj001,5,2,empty,empty,1,field_out,9,8,3
2025-05-23,PIT202505230,MIL,"Turang, Brice",turab002,1,0,empty,empty,1,strikeout,1,0,0
2025-05-23,PIT202505230,MIL,"Chourio, Jackson",chouj001,1,1,empty,empty,1,single,1,0,0
2025-05-23,PIT202505230,MIL,"Contreras, William",contw002,1,1,1B,1B,1,field_out,1,0,0
2025-05-23,PIT202505230,MIL,"Yelich, Christian",yelic001,1,2,1B,1B,1,single,1,0,0
2025-05-23,PIT202505230,MIL,"Hoskins, Rhys",hoskr001,1,2,1B+2B,1B+2B,1,strikeout,1,0,0
2025-05-23,PIT202505230,MIL,"Frelick, Sal",frels001,1,0,empty,empty,1,strikeout,2,0,0
2025-05-23,PIT202505230,MIL,"Durbin, Caleb",durbc002,1,1,empty,empty,1,field_out,2,0,0
2025-05-23,PIT202505230,MIL,"Bauers, Jake",bauej001,1,2,empty,empty,1,strikeout,2,0,0
2025-05-23,PIT202505230,MIL,"Monasterio, Andruw",monaa001,1,0,empty,empty,1,field_out,3,0,0
2025-05-23,PIT202505230,MIL,"Turang, Brice",turab002,2,1,empty,empty,1,field_out,3,0,0
2025-05-23,PIT202505230,MIL,"Chourio, Jackson",chouj001,2,2,empty,empty,1,strikeout,3,0,0
2025-05-23,PIT202505230,MIL,"Contreras, William",contw002,2,0,empty,empty,1,strikeout,4,0,1
2025-05-23,PIT202505230,MIL,"Yelich, Christian",yelic001,2,1,empty,empty,1,strikeout,4,0,1
2025-05-23,PIT202505230,MIL,"Hoskins, Rhys",hoskr001,2,2,empty,empty,1,walk,4,0,1
2025-05-23,PIT202505230,MIL,"Frelick, Sal",frels001,2,2,1B,1B,1,field_out,4,0,1
2025-05-23,PIT202505230,MIL,"Durbin, Caleb",durbc002,2,0,empty,empty,1,field_out,5,0,1
2025-05-23,PIT202505230,MIL,"Bauers, Jake",bauej001,2,1,empty,empty,1,field_out,5,0,1
2025-05-23,PIT202505230,MIL,"Monasterio, Andruw",monaa001,2,2,empty,empty,1,field_out,5,0,1
2025-05-23,PIT202505230,MIL,"Turang, Brice",turab002,3,0,empty,empty,1,field_out,6,0,2
2025-05-23,PIT202505230,MIL,"Chourio, Jackson",chouj001,3,1,empty,empty,1,walk,6,0,2
2025-05-23,PIT202505230,MIL,"Contreras, William",contw002,3,1,1B,1B,1,strikeout,6,0,2
2025-05-23,PIT202505230,MIL,"Yelich, Christian",yelic001,3,2,1B,1B,1,single,6,0,2
2025-05-23,PIT202505230,MIL,"Hoskins, Rhys",hoskr001,3,2,1B+3B,1B+3B,1,single,6,0,2
2025-05-23,PIT202505230,MIL,"Frelick, Sal",frels001,3,2,2B+3B,2B+3B,1,field_out,6,1,2
2025-05-23,PIT202505230,MIL,"Durbin, Caleb",durbc002,3,0,empty,empty,1,strikeout,7,1,2
2025-05-23,PIT202505230,MIL,"Bauers, Jake",bauej001,3,1,empty,empty,1,walk,7,1,2
2025-05-23,PIT202505230,MIL,"Monasterio, Andruw",monaa001,3,1,1B,1B,1,single,7,1,2
2025-05-23,PIT202505230,MIL,"Turang, Brice",turab002,4,1,1B+3B,1B+3B,1,single,7,1,2
2025-05-23,PIT202505230,MIL,"Chourio, Jackson",chouj001,4,1,1B+3B,1B+3B,1,single,7,2,2
2025-05-23,PIT202505230,MIL,"Contreras, William",contw002,4,1,1B+2B,1B+2B,1,strikeout,7,3,2
2025-05-23,PIT202505230,MIL,"Yelich, Christian",yelic001,4,2,1B+2B,1B+2B,1,strikeout,7,3,2
2025-05-23,PIT202505230,MIL,"Hoskins, Rhys",hoskr001,4,0,empty,empty,1,single,8,3,3
2025-05-23,PIT202505230,MIL,"Frelick, Sal",frels001,4,0,1B,1B,1,strikeout,8,3,3
2025-05-23,PIT202505230,MIL,"Durbin, Caleb",durbc002,4,1,1B,1B,1,single,8,3,3
2025-05-23,PIT202505230,MIL,"Bauers, Jake",bauej001,4,1,1B+3B,1B+3B,1,strikeout,8,3,3
2025-05-23,PIT202505230,MIL,"Monasterio, Andruw",monaa001,4,2,1B+3B,2B+3B,0,walk,8,3,3
2025-05-23,PIT202505230,MIL,"Turang, Brice",turab002,5,2,1B+2B+3B,1B+2B+3B,1,field_out,8,3,3
2025-05-23,PIT202505230,MIL,"Chourio, Jackson",chouj001,5,0,empty,empty,1,strikeout,9,3,3
2025-05-23,PIT202505230,MIL,"Contreras, William",contw002,5,1,empty,empty,1,home_run,9,3,3
2025-05-23,PIT202505230,MIL,"Yelich, Christian",yelic001,5,1,empty,empty,1,walk,9,4,3
2025-05-23,PIT202505230,MIL,"Ortiz, Joey",ortij005,1,1,1B,1B,1,walk,9,4,3
2025-05-23,PIT202505230,MIL,"Frelick, Sal",frels001,5,1,1B+2B,1B+2B,1,strikeout,9,4,3
2025-05-23,PIT202505230,MIL,"Durbin, Caleb",durbc002,5,2,1B+2B,1B+2B,1,field_out,9,4,3
2025-05-23,PIT202505230,MIL,"Bauers, Jake",bauej001,5,0,2B,2B,1,strikeout,10,4,4
2025-05-23,PIT202505230,MIL,"Collins, Isaac",colli001,1,1,2B,3B,0,single,10,4,4
2025-05-23,PIT202505230,MIL,"Turang, Brice",turab002,6,2,1B,empty,0,field_out,10,5,4
2025-05-24,PIT202505240,MIL,"Turang, Brice",turab002,1,0,empty,empty,1,field_out,1,0,0
2025-05-24,PIT202505240,MIL,"Chourio, Jackson",chouj001,1,1,empty,empty,1,field_out,1,0,0
2025-05-24,PIT202505240,MIL,"Contreras, William",contw002,1,2,empty,empty,1,field_out,1,0,0
2025-05-24,PIT202505240,MIL,"Yelich, Christian",yelic001,1,0,empty,empty,1,single,2,0,1
2025-05-24,PIT202505240,MIL,"Hoskins, Rhys",hoskr001,1,0,1B,1B,1,strikeout,2,0,1
2025-05-24,PIT202505240,MIL,"Frelick, Sal",frels001,1,1,1B,1B,1,field_out,2,0,1
2025-05-24,PIT202505240,MIL,"Durbin, Caleb",durbc002,1,2,1B,2B,0,single,2,0,1
2025-05-24,PIT202505240,MIL,"Bauers, Jake",bauej001,1,0,1B,empty,0,field_out,3,1,1
2025-05-24,PIT202505240,MIL,"Ortiz, Joey",ortij005,1,1,empty,empty,1,single,3,1,1
2025-05-24,PIT202505240,MIL,"Turang, Brice",turab002,2,1,1B,1B,1,strikeout,3,1,1
2025-05-24,PIT202505240,MIL,"Chourio, Jackson",chouj001,2,2,1B,1B,1,strikeout,3,1,1
2025-05-24,PIT202505240,MIL,"Contreras, William",contw002,2,0,empty,empty,1,field_out,4,1,1
2025-05-24,PIT202505240,MIL,"Yelich, Christian",yelic001,2,1,empty,empty,1,field_out,4,1,1
2025-05-24,PIT202505240,MIL,"Hoskins, Rhys",hoskr001,2,2,empty,empty,1,strikeout,4,1,1
2025-05-24,PIT202505240,MIL,"Frelick, Sal",frels001,2,0,empty,empty,1,field_out,5,1,1
2025-05-24,PIT202505240,MIL,"Durbin, Caleb",durbc002,2,1,empty,empty,1,double,5,1,1
2025-05-24,PIT202505240,MIL,"Bauers, Jake",bauej001,2,1,2B,2B,1,field_out,5,1,1
2025-05-24,PIT202505240,MIL,"Ortiz, Joey",ortij005,2,2,2B,2B,1,single,5,1,1
2025-05-24,PIT202505240,MIL,"Turang, Brice",turab002,3,2,1B+3B,2B+3B,0,strikeout,5,1,1
2025-05-24,PIT202505240,MIL,"Chourio, Jackson",chouj001,3,0,empty,empty,1,single,6,1,1
2025-05-24,PIT202505240,MIL,"Contreras, William",contw002,3,0,1B,1B,1,strikeout_double_play,6,1,1
2025-05-24,PIT202505240,MIL,"Yelich, Christian",yelic001,3,2,empty,empty,1,single,6,1,1
2025-05-24,PIT202505240,MIL,"Hoskins, Rhys",hoskr001,3,2,1B,1B,1,strikeout,6,1,1
2025-05-24,PIT202505240,MIL,"Frelick, Sal",frels001,3,0,empty,empty,1,single,7,1,1
2025-05-24,PIT202505240,MIL,"Durbin, Caleb",durbc002,3,0,1B,1B,1,single,7,1,1
2025-05-24,PIT202505240,MIL,"Bauers, Jake",bauej001,3,0,1B+2B,1B+2B,1,field_out,7,1,1
2025-05-24,PIT202505240,MIL,"Ortiz, Joey",ortij005,3,1,1B+3B,1B+3B,1,hit_by_pitch,7,1,1
2025-05-24,PIT202505240,MIL,"Turang, Brice",turab002,4,1,1B+2B+3B,1B+2B+3B,1,field_out,7,1,1
2025-05-24,PIT202505240,MIL,"Chourio, Jackson",chouj001,4,2,1B+2B+3B,1B+2B+3B,1,field_out,7,1,1
2025-05-24,PIT202505240,MIL,"Contreras, William",contw002,4,0,empty,empty,1,single,8,1,2
2025-05-24,PIT202505240,MIL,"Yelich, Christian",yelic001,4,0,1B,1B,1,strikeout,8,1,2
2025-05-24,PIT202505240,MIL,"Hoskins, Rhys",hoskr001,4,1,1B,1B,1,strikeout,8,1,2
2025-05-24,PIT202505240,MIL,"Frelick, Sal",frels001,4,2,1B,1B,1,field_out,8,1,2
2025-05-24,PIT202505240,MIL,"Durbin, Caleb",durbc002,4,0,empty,empty,1,hit_by_pitch,9,1,2
2025-05-24,PIT202505240,MIL,"Bauers, Jake",bauej001,4,0,1B,1B,1,field_out,9,1,2
2025-05-24,PIT202505240,MIL,"Ortiz, Joey",ortij005,4,1,1B,1B,1,single,9,1,2
2025-05-24,PIT202505240,MIL,"Turang, Brice",turab002,5,1,1B+2B,1B+2B,1,grounded_into_double_play,9,1,2
2025-05-25,PIT202505250,MIL,"Chourio, Jackson",chouj001,1,0,empty,empty,1,walk,1,0,0
2025-05-25,PIT202505250,MIL,"Contreras, William",contw002,1,0,1B,1B,1,field_out,1,0,0
2025-05-25,PIT202505250,MIL,"Yelich, Christian",yelic001,1,1,1B,1B,1,single,1,0,0
2025-05-25,PIT202505250,MIL,"Hoskins, Rhys",hoskr001,1,1,1B+3B,1B+3B,1,sac_fly,1,0,0
2025-05-25,PIT202505250,MIL,"Collins, Isaac",colli001,1,2,2B,2B,1,walk,1,1,0
2025-05-25,PIT202505250,MIL,"Frelick, Sal",frels001,1,2,1B+2B,1B+2B,1,single,1,1,0
2025-05-25,PIT202505250,MIL,"Durbin, Caleb",durbc002,1,2,3B,3B,1,field_out,1,3,0
2025-05-25,PIT202505250,MIL,"Turang, Brice",turab002,1,0,empty,empty,1,field_out,2,3,0
2025-05-25,PIT202505250,MIL,"Ortiz, Joey",ortij005,1,1,empty,empty,1,field_out,2,3,0
2025-05-25,PIT202505250,MIL,"Chourio, Jackson",chouj001,2,2,empty,empty,1,field_out,2,3,0
2025-05-25,PIT202505250,MIL,"Contreras, William",contw002,2,0,empty,empty,1,walk,3,3,0
2025-05-25,PIT202505250,MIL,"Yelich, Christian",yelic001,2,0,1B,1B,1,field_out,3,3,0
2025-05-25,PIT202505250,MIL,"Hoskins, Rhys",hoskr001,2,1,1B,1B,1,field_out,3,3,0
2025-05-25,PIT202505250,MIL,"Collins, Isaac",colli001,2,2,1B,1B,1,single,3,3,0
2025-05-25,PIT202505250,MIL,"Frelick, Sal",frels001,2,2,1B+2B,1B+2B,1,field_out,3,3,0
2025-05-25,PIT202505250,MIL,"Durbin, Caleb",durbc002,2,0,empty,empty,1,field_out,4,3,1
2025-05-25,PIT202505250,MIL,"Turang, Brice",turab002,2,1,empty,empty,1,field_out,4,3,1
2025-05-25,PIT202505250,MIL,"Ortiz, Joey",ortij005,2,2,empty,empty,1,field_out,4,3,1
2025-05-25,PIT202505250,MIL,"Chourio, Jackson",chouj001,3,0,empty,empty,1,field_out,5,3,1
2025-05-25,PIT202505250,MIL,"Contreras, William",contw002,3,1,empty,empty,1,field_out,5,3,1
2025-05-25,PIT202505250,MIL,"Yelich, Christian",yelic001,3,2,empty,empty,1,field_out,5,3,1
2025-05-25,PIT202505250,MIL,"Hoskins, Rhys",hoskr001,3,0,empty,empty,1,field_out,6,3,1
2025-05-25,PIT202505250,MIL,"Collins, Isaac",colli001,3,1,empty,empty,1,strikeout,6,3,1
2025-05-25,PIT202505250,MIL,"Frelick, Sal",frels001,3,2,empty,empty,1,single,6,3,1
2025-05-25,PIT202505250,MIL,"Durbin, Caleb",durbc002,3,2,1B,1B,1,field_out,6,3,1
2025-05-25,PIT202505250,MIL,"Turang, Brice",turab002,3,0,empty,empty,1,strikeout,7,3,3
2025-05-25,PIT202505250,MIL,"Ortiz, Joey",ortij005,3,1,empty,empty,1,walk,7,3,3
2025-05-25,PIT202505250,MIL,"Chourio, Jackson",chouj001,4,1,1B,1B,1,field_out,7,3,3
2025-05-25,PIT202505250,MIL,"Contreras, William",contw002,4,2,1B,1B,1,field_out,7,3,3
2025-05-25,PIT202505250,MIL,"Yelich, Christian",yelic001,4,0,empty,empty,1,field_out,8,3,5
2025-05-25,PIT202505250,MIL,"Hoskins, Rhys",hoskr001,4,1,empty,empty,1,walk,8,3,5
2025-05-25,PIT202505250,MIL,"Collins, Isaac",colli001,4,1,1B,1B,1,double,8,3,5
2025-05-25,PIT202505250,MIL,"Frelick, Sal",frels001,4,1,2B+3B,2B+3B,1,field_out,8,3,5
2025-05-25,PIT202505250,MIL,"Durbin, Caleb",durbc002,4,2,2B+3B,2B+3B,1,double,8,3,5
2025-05-25,PIT202505250,MIL,"Turang, Brice",turab002,4,2,2B,2B,1,double,8,5,5
2025-05-25,PIT202505250,MIL,"Ortiz, Joey",ortij005,4,2,2B,2B,1,field_out,8,6,5
2025-05-25,PIT202505250,MIL,"Chourio, Jackson",chouj001,5,0,empty,empty,1,field_out,9,6,5
2025-05-25,PIT202505250,MIL,"Contreras, William",contw002,5,1,empty,empty,1,field_out,9,6,5
2025-05-25,PIT202505250,MIL,"Yelich, Christian",yelic001,5,2,empty,empty,1,field_out,9,6,5
2025-05-26,MIL202505260,MIL,"Chourio, Jackson",chouj001,1,0,empty,empty,1,home_run,1,0,0
2025-05-26,MIL202505260,MIL,"Collins, Isaac",colli001,1,0,empty,empty,1,strikeout,1,1,0
2025-05-26,MIL202505260,MIL,"Contreras, William",contw002,1,1,empty,empty,1,strikeout,1,1,0
2025-05-26,MIL202505260,MIL,"Hoskins, Rhys",hoskr001,1,2,empty,empty,1,single,1,1,0
2025-05-26,MIL202505260,MIL,"Cameron, Daz",camed001,1,2,1B,1B,1,field_out,1,1,0
2025-05-26,MIL202505260,MIL,"Durbin, Caleb",durbc002,1,0,empty,empty,1,field_out,2,1,0
2025-05-26,MIL202505260,MIL,"Haase, Eric",haase001,1,1,empty,empty,1,field_out,2,1,0
2025-05-26,MIL202505260,MIL,"Ortiz, Joey",ortij005,1,2,empty,empty,1,strikeout,2,1,0
2025-05-26,MIL202505260,MIL,"Monasterio, Andruw",monaa001,1,0,empty,empty,1,field_out,3,1,0
2025-05-26,MIL202505260,MIL,"Chourio, Jackson",chouj001,2,1,empty,empty,1,strikeout,3,1,0
2025-05-26,MIL202505260,MIL,"Collins, Isaac",colli001,2,2,empty,empty,1,single,3,1,0
2025-05-26,MIL202505260,MIL,"Contreras, William",contw002,2,2,1B,1B,1,walk,3,1,0
2025-05-26,MIL202505260,MIL,"Hoskins, Rhys",hoskr001,2,2,1B+2B,1B+2B,1,strikeout,3,1,0
2025-05-26,MIL202505260,MIL,"Cameron, Daz",camed001,2,0,empty,empty,1,field_out,4,1,0
2025-05-26,MIL202505260,MIL,"Durbin, Caleb",durbc002,2,1,empty,empty,1,field_out,4,1,0
2025-05-26,MIL202505260,MIL,"Haase, Eric",haase001,2,2,empty,empty,1,strikeout,4,1,0
2025-05-26,MIL202505260,MIL,"Ortiz, Joey",ortij005,2,0,empty,empty,1,double,5,1,0
2025-05-26,MIL202505260,MIL,"Monasterio, Andruw",monaa001,2,0,2B,2B,1,double,5,1,0
2025-05-26,MIL202505260,MIL,"Chourio, Jackson",chouj001,3,0,2B,2B,1,strikeout,5,2,0
2025-05-26,MIL202505260,MIL,"Collins, Isaac",colli001,3,1,2B,2B,1,field_out,5,2,0
2025-05-26,MIL202505260,MIL,"Contreras, William",contw002,3,2,2B,2B,1,strikeout,5,2,0
2025-05-26,MIL202505260,MIL,"Hoskins, Rhys",hoskr001,3,0,empty,empty,1,strikeout,6,2,0
2025-05-26,MIL202505260,MIL,"Cameron, Daz",camed001,3,1,empty,empty,1,field_out,6,2,0
2025-05-26,MIL202505260,MIL,"Durbin, Caleb",durbc002,3,2,empty,empty,1,field_out,6,2,0
2025-05-26,MIL202505260,MIL,"Haase, Eric",haase001,3,0,empty,empty,1,strikeout,7,2,0
2025-05-26,MIL202505260,MIL,"Ortiz, Joey",ortij005,3,1,empty,empty,1,strikeout,7,2,0
2025-05-26,MIL202505260,MIL,"Monasterio, Andruw",monaa001,3,2,empty,empty,1,walk,7,2,0
2025-05-26,MIL202505260,MIL,"Chourio, Jackson",chouj001,4,2,1B,1B,1,field_out,7,2,0
2025-05-26,MIL202505260,MIL,"Collins, Isaac",colli001,4,0,empty,empty,1,field_out,8,2,1
2025-05-26,MIL202505260,MIL,"Contreras, William",contw002,4,1,empty,empty,1,walk,8,2,1
2025-05-26,MIL202505260,MIL,"Hoskins, Rhys",hoskr001,4,1,1B,1B,1,strikeout,8,2,1
2025-05-26,MIL202505260,MIL,"Frelick, Sal",frels001,1,2,1B,1B,1,single,8,2,1
2025-05-26,MIL202505260,MIL,"Durbin, Caleb",durbc002,4,2,1B+3B,2B+3B,0,walk,8,2,1
2025-05-26,MIL202505260,MIL,"Haase, Eric",haase001,4,2,1B+2B+3B,1B+2B+3B,1,single,8,2,1
2025-05-26,MIL202505260,MIL,"Ortiz, Joey",ortij005,4,2,1B+2B+3B,1B+2B+3B,1,field_out,8,3,1
2025-05-27,MIL202505270,MIL,"Turang, Brice",turab002,1,0,empty,empty,1,walk,1,0,0
2025-05-27,MIL202505270,MIL,"Chourio, Jackson",chouj001,1,0,1B,1B,1,grounded_into_double_play,1,0,0
2025-05-27,MIL202505270,MIL,"Contreras, William",contw002,1,2,empty,empty,1,strikeout,1,0,0
2025-05-27,MIL202505270,MIL,"Yelich, Christian",yelic001,1,0,empty,empty,1,field_out,2,0,0
2025-05-27,MIL202505270,MIL,"Hoskins, Rhys",hoskr001,1,1,empty,empty,1,field_out,2,0,0
2025-05-27,MIL202505270,MIL,"Collins, Isaac",colli001,1,2,empty,empty,1,single,2,0,0
2025-05-27,MIL202505270,MIL,"Frelick, Sal",frels001,1,2,1B,2B,0,field_out,2,0,0
2025-05-27,MIL202505270,MIL,"Durbin, Caleb",durbc002,1,0,empty,empty,1,hit_by_pitch,3,0,0
2025-05-27,MIL202505270,MIL,"Ortiz, Joey",ortij005,1,0,1B,1B,1,field_out,3,0,0
2025-05-27,MIL202505270,MIL,"Turang, Brice",turab002,2,1,1B,1B,1,single,3,0,0
2025-05-27,MIL202505270,MIL,"Chourio, Jackson",chouj001,2,1,1B+2B,1B+2B,1,strikeout,3,0,0
2025-05-27,MIL202505270,MIL,"Contreras, William",contw002,2,2,1B+2B,1B+2B,1,field_out,3,0,0
2025-05-27,MIL202505270,MIL,"Yelich, Christian",yelic001,2,0,empty,empty,1,strikeout,4,0,0
2025-05-27,MIL202505270,MIL,"Hoskins, Rhys",hoskr001,2,1,empty,empty,1,strikeout,4,0,0
2025-05-27,MIL202505270,MIL,"Collins, Isaac",colli001,2,2,empty,empty,1,hit_by_pitch,4,0,0
2025-05-27,MIL202505270,MIL,"Frelick, Sal",frels001,2,2,1B,1B,1,field_out,4,0,0
2025-05-27,MIL202505270,MIL,"Durbin, Caleb",durbc002,2,0,empty,empty,1,field_out,5,0,0
2025-05-27,MIL202505270,MIL,"Ortiz, Joey",ortij005,2,1,empty,empty,1,strikeout,5,0,0
2025-05-27,MIL202505270,MIL,"Turang, Brice",turab002,3,2,empty,empty,1,field_out,5,0,0
2025-05-27,MIL202505270,MIL,"Chourio, Jackson",chouj001,3,0,empty,empty,1,double,6,0,1
2025-05-27,MIL202505270,MIL,"Contreras, William",contw002,3,0,2B,2B,1,field_out,6,0,1
2025-05-27,MIL202505270,MIL,"Yelich, Christian",yelic001,3,1,3B,3B,1,field_out,6,0,1
2025-05-27,MIL202505270,MIL,"Hoskins, Rhys",hoskr001,3,2,3B,3B,1,field_out,6,0,1
2025-05-27,MIL202505270,MIL,"Collins, Isaac",colli001,3,0,empty,empty,1,strikeout,7,0,1
2025-05-27,MIL202505270,MIL,"Frelick, Sal",frels001,3,1,empty,empty,1,field_out,7,0,1
2025-05-27,MIL202505270,MIL,"Durbin, Caleb",durbc002,3,2,empty,empty,1,field_out,7,0,1
2025-05-27,MIL202505270,MIL,"Ortiz, Joey",ortij005,3,0,empty,empty,1,walk,8,0,1
2025-05-27,MIL202505270,MIL,"Turang, Brice",turab002,4,0,1B,1B,1,field_out,8,0,1
2025-05-27,MIL202505270,MIL,"Chourio, Jackson",chouj001,4,1,2B,2B,1,field_out,8,0,1
2025-05-27,MIL202505270,MIL,"Contreras, William",contw002,4,2,2B,2B,1,strikeout,8,0,1
2025-05-27,MIL202505270,MIL,"Yelich, Christian",yelic001,4,0,empty,empty,1,double,9,0,1
2025-05-27,MIL202505270,MIL,"Hoskins, Rhys",hoskr001,4,0,2B,2B,1,walk,9,0,1
2025-05-27,MIL202505270,MIL,"Collins, Isaac",colli001,4,0,1B+3B,1B+3B,1,field_out,9,0,1
2025-05-27,MIL202505270,MIL,"Frelick, Sal",frels001,4,1,1B+3B,1B+3B,1,single,9,0,1
2025-05-27,MIL202505270,MIL,"Durbin, Caleb",durbc002,4,1,1B+2B,1B+2B,1,field_out,9,1,1
2025-05-27,MIL202505270,MIL,"Ortiz, Joey",ortij005,4,2,1B+2B,1B+2B,1,strikeout,9,1,1
2025-05-27,MIL202505270,MIL,"Turang, Brice",turab002,5,0,2B,2B,1,single,10,1,1
2025-05-27,MIL202505270,MIL,"Chourio, Jackson",chouj001,5,0,1B+3B,2B+3B,0,walk,10,1,1
2025-05-27,MIL202505270,MIL,"Contreras, William",contw002,5,0,1B+2B+3B,1B+2B+3B,1,field_out,10,1,1
2025-05-27,MIL202505270,MIL,"Yelich, Christian",yelic001,5,1,1B+2B+3B,1B+2B+3B,1,home_run,10,1,1
2025-05-28,MIL202505280,MIL,"Turang, Brice",turab002,1,0,empty,empty,1,field_out,1,0,0
2025-05-28,MIL202505280,MIL,"Chourio, Jackson",chouj001,1,1,empty,empty,1,strikeout,1,0,0
2025-05-28,MIL202505280,MIL,"Yelich, Christian",yelic001,1,2,empty,empty,1,field_out,1,0,0
2025-05-28,MIL202505280,MIL,"Contreras, William",contw002,1,0,empty,empty,1,strikeout,2,0,1
2025-05-28,MIL202505280,MIL,"Frelick, Sal",frels001,1,1,empty,empty,1,single,2,0,1
2025-05-28,MIL202505280,MIL,"Collins, Isaac",colli001,1,1,2B,2B,1,field_out,2,0,1
2025-05-28,MIL202505280,MIL,"Durbin, Caleb",durbc002,1,2,2B,2B,1,field_out,2,0,1
2025-05-28,MIL202505280,MIL,"Bauers, Jake",bauej001,1,0,empty,empty,1,home_run,3,0,1
2025-05-28,MIL202505280,MIL,"Ortiz, Joey",ortij005,1,0,empty,empty,1,field_out,3,1,1
2025-05-28,MIL202505280,MIL,"Turang, Brice",turab002,2,1,empty,empty,1,walk,3,1,1
2025-05-28,MIL202505280,MIL,"Chourio, Jackson",chouj001,2,1,1B,1B,1,field_out,3,1,1
2025-05-28,MIL202505280,MIL,"Yelich, Christian",yelic001,2,2,1B,1B,1,field_out,3,1,1
2025-05-28,MIL202505280,MIL,"Contreras, William",contw002,2,0,empty,empty,1,field_out,4,1,3
2025-05-28,MIL202505280,MIL,"Frelick, Sal",frels001,2,1,empty,empty,1,single,4,1,3
2025-05-28,MIL202505280,MIL,"Collins, Isaac",colli001,2,1,1B,1B,1,field_out,4,1,3
2025-05-28,MIL202505280,MIL,"Durbin, Caleb",durbc002,2,2,2B,2B,1,field_out,4,1,3
2025-05-28,MIL202505280,MIL,"Bauers, Jake",bauej001,2,0,empty,empty,1,walk,5,1,3
2025-05-28,MIL202505280,MIL,"Ortiz, Joey",ortij005,2,0,1B,1B,1,sac_bunt,5,1,3
2025-05-28,MIL202505280,MIL,"Turang, Brice",turab002,3,1,2B,2B,1,field_error,5,1,3
2025-05-28,MIL202505280,MIL,"Chourio, Jackson",chouj001,3,1,1B+3B,2B+3B,0,field_out,5,1,3
2025-05-28,MIL202505280,MIL,"Yelich, Christian",yelic001,3,2,3B,3B,1,strikeout,5,2,3
2025-05-28,MIL202505280,MIL,"Contreras, William",contw002,3,0,empty,empty,1,walk,6,2,3
2025-05-28,MIL202505280,MIL,"Frelick, Sal",frels001,3,0,1B,1B,1,single,6,2,3
2025-05-28,MIL202505280,MIL,"Collins, Isaac",colli001,3,0,1B+2B,1B+2B,1,field_out,6,2,3
2025-05-28,MIL202505280,MIL,"Durbin, Caleb",durbc002,3,1,2B+3B,2B+3B,1,double,6,2,3
2025-05-28,MIL202505280,MIL,"Bauers, Jake",bauej001,3,1,2B,2B,1,field_out,6,4,3
2025-05-28,MIL202505280,MIL,"Ortiz, Joey",ortij005,3,2,3B,3B,1,field_out,6,4,3
2025-05-28,MIL202505280,MIL,"Turang, Brice",turab002,4,0,empty,empty,1,field_out,7,4,4
2025-05-28,MIL202505280,MIL,"Chourio, Jackson",chouj001,4,1,empty,empty,1,field_out,7,4,4
2025-05-28,MIL202505280,MIL,"Yelich, Christian",yelic001,4,2,empty,empty,1,walk,7,4,4
2025-05-28,MIL202505280,MIL,"Contreras, William",contw002,4,2,1B,1B,1,field_out,7,4,4
2025-05-28,MIL202505280,MIL,"Frelick, Sal",frels001,4,0,empty,empty,1,strikeout,8,4,4
2025-05-28,MIL202505280,MIL,"Collins, Isaac",colli001,4,1,empty,empty,1,field_out,8,4,4
2025-05-28,MIL202505280,MIL,"Durbin, Caleb",durbc002,4,2,empty,empty,1,double,8,4,4
2025-05-28,MIL202505280,MIL,"Bauers, Jake",bauej001,4,2,2B,2B,1,intent_walk,8,4,4
2025-05-28,MIL202505280,MIL,"Ortiz, Joey",ortij005,4,2,1B+2B,1B+2B,1,field_out,8,4,4
2025-05-28,MIL202505280,MIL,"Turang, Brice",turab002,5,0,empty,empty,1,strikeout,9,4,4
2025-05-28,MIL202505280,MIL,"Chourio, Jackson",chouj001,5,1,empty,empty,1,field_out,9,4,4
2025-05-28,MIL202505280,MIL,"Yelich, Christian",yelic001,5,2,empty,empty,1,single,9,4,4
2025-05-28,MIL202505280,MIL,"Contreras, William",contw002,5,2,1B,1B,1,field_out,9,4,4
2025-05-28,MIL202505280,MIL,"Frelick, Sal",frels001,5,0,2B,2B,1,single,10,4,5
2025-05-28,MIL202505280,MIL,"Collins, Isaac",colli001,5,0,1B+3B,1B+3B,1,fielders_choice,10,4,5
2025-05-28,MIL202505280,MIL,"Durbin, Caleb",durbc002,5,0,2B+3B,2B+3B,1,sac_fly,10,5,5
2025-05-30,PHI202505300,MIL,"Turang, Brice",turab002,1,0,empty,empty,1,double,1,0,0
2025-05-30,PHI202505300,MIL,"Chourio, Jackson",chouj001,1,0,2B,2B,1,single,1,0,0
2025-05-30,PHI202505300,MIL,"Yelich, Christian",yelic001,1,0,1B+3B,1B+3B,1,strikeout,1,0,0
2025-05-30,PHI202505300,MIL,"Contreras, William",contw002,1,1,1B+3B,2B+3B,0,field_out,1,0,0
2025-05-30,PHI202505300,MIL,"Frelick, Sal",frels001,1,2,3B,3B,1,single,1,1,0
2025-05-30,PHI202505300,MIL,"Hoskins, Rhys",hoskr001,1,2,1B,2B,0,strikeout,1,2,0
2025-05-30,PHI202505300,MIL,"Collins, Isaac",colli001,1,0,empty,empty,1,field_out,2,2,0
2025-05-30,PHI202505300,MIL,"Durbin, Caleb",durbc002,1,1,empty,empty,1,field_out,2,2,0
2025-05-30,PHI202505300,MIL,"Ortiz, Joey",ortij005,1,2,empty,empty,1,field_out,2,2,0
2025-05-30,PHI202505300,MIL,"Turang, Brice",turab002,2,0,empty,empty,1,strikeout,3,2,0
2025-05-30,PHI202505300,MIL,"Chourio, Jackson",chouj001,2,1,empty,empty,1,field_out,3,2,0
2025-05-30,PHI202505300,MIL,"Yelich, Christian",yelic001,2,2,empty,empty,1,single,3,2,0
2025-05-30,PHI202505300,MIL,"Contreras, William",contw002,2,2,1B,1B,1,single,3,2,0
2025-05-30,PHI202505300,MIL,"Frelick, Sal",frels001,2,2,1B+2B,1B+2B,1,field_out,3,2,0
2025-05-30,PHI202505300,MIL,"Hoskins, Rhys",hoskr001,2,0,empty,empty,1,strikeout,4,2,0
2025-05-30,PHI202505300,MIL,"Collins, Isaac",colli001,2,1,empty,empty,1,strikeout,4,2,0
2025-05-30,PHI202505300,MIL,"Durbin, Caleb",durbc002,2,2,empty,empty,1,double,4,2,0
2025-05-30,PHI202505300,MIL,"Ortiz, Joey",ortij005,2,2,2B,2B,1,strikeout,4,2,0
2025-05-30,PHI202505300,MIL,"Turang, Brice",turab002,3,0,empty,empty,1,walk,5,2,1
2025-05-30,PHI202505300,MIL,"Chourio, Jackson",chouj001,3,0,1B,1B,1,double,5,2,1
2025-05-30,PHI202505300,MIL,"Yelich, Christian",yelic001,3,0,2B+3B,2B+3B,1,home_run,5,2,1
2025-05-30,PHI202505300,MIL,"Contreras, William",contw002,3,0,empty,empty,1,single,5,5,1
2025-05-30,PHI202505300,MIL,"Frelick, Sal",frels001,3,0,1B,1B,1,field_out,5,5,1
2025-05-30,PHI202505300,MIL,"Hoskins, Rhys",hoskr001,3,1,1B,1B,1,strikeout,5,5,1
2025-05-30,PHI202505300,MIL,"Collins, Isaac",colli001,3,2,1B,1B,1,field_out,5,5,1
2025-05-30,PHI202505300,MIL,"Durbin, Caleb",durbc002,3,0,empty,empty,1,strikeout,6,5,1
2025-05-30,PHI202505300,MIL,"Ortiz, Joey",ortij005,3,1,empty,empty,1,field_out,6,5,1
2025-05-30,PHI202505300,MIL,"Turang, Brice",turab002,4,2,empty,empty,1,strikeout,6,5,1
2025-05-30,PHI202505300,MIL,"Chourio, Jackson",chouj001,4,0,empty,empty,1,field_out,7,5,1
2025-05-30,PHI202505300,MIL,"Yelich, Christian",yelic001,4,1,empty,empty,1,strikeout,7,5,1
2025-05-30,PHI202505300,MIL,"Contreras, William",contw002,4,2,empty,empty,1,single,7,5,1
2025-05-30,PHI202505300,MIL,"Frelick, Sal",frels001,4,2,1B,1B,1,field_out,7,5,1
2025-05-30,PHI202505300,MIL,"Hoskins, Rhys",hoskr001,4,0,empty,empty,1,field_out,8,5,2
2025-05-30,PHI202505300,MIL,"Collins, Isaac",colli001,4,1,empty,empty,1,walk,8,5,2
2025-05-30,PHI202505300,MIL,"Durbin, Caleb",durbc002,4,1,1B,2B,0,walk,8,5,2
2025-05-30,PHI202505300,MIL,"Ortiz, Joey",ortij005,4,1,1B+2B,2B+3B,0,strikeout,8,5,2
2025-05-30,PHI202505300,MIL,"Turang, Brice",turab002,5,2,2B+3B,2B+3B,1,walk,8,5,2
2025-05-30,PHI202505300,MIL,"Chourio, Jackson",chouj001,5,2,1B+2B+3B,1B+2B+3B,1,field_out,8,5,2
2025-05-30,PHI202505300,MIL,"Yelich, Christian",yelic001,5,0,empty,empty,1,home_run,9,5,2
2025-05-30,PHI202505300,MIL,"Contreras, William",contw002,5,0,empty,empty,1,strikeout,9,6,2
2025-05-30,PHI202505300,MIL,"Frelick, Sal",frels001,5,1,empty,empty,1,single,9,6,2
2025-05-30,PHI202505300,MIL,"Hoskins, Rhys",hoskr001,5,1,1B,1B,1,field_out,9,6,2
2025-05-30,PHI202505300,MIL,"Collins, Isaac",colli001,5,2,1B,1B,1,strikeout,9,6,2
2025-05-31,PHI202505310,MIL,"Chourio, Jackson",chouj001,1,0,empty,empty,1,single,1,0,0
2025-05-31,PHI202505310,MIL,"Contreras, William",contw002,1,0,1B,2B,0,walk,1,0,0
2025-05-31,PHI202505310,MIL,"Yelich, Christian",yelic001,1,0,1B+2B,1B+2B,1,single,1,0,0
2025-05-31,PHI202505310,MIL,"Hoskins, Rhys",hoskr001,1,0,1B+2B,1B+2B,1,home_run,1,1,0
2025-05-31,PHI202505310,MIL,"Cameron, Daz",camed001,1,0,empty,empty,1,strikeout,1,4,0
2025-05-31,PHI202505310,MIL,"Frelick, Sal",frels001,1,1,empty,empty,1,field_out,1,4,0
2025-05-31,PHI202505310,MIL,"Durbin, Caleb",durbc002,1,2,empty,empty,1,field_out,1,4,0
2025-05-31,PHI202505310,MIL,"Ortiz, Joey",ortij005,1,0,empty,empty,1,strikeout,2,4,0
2025-05-31,PHI202505310,MIL,"Turang, Brice",turab002,1,1,empty,empty,1,strikeout,2,4,0
2025-05-31,PHI202505310,MIL,"Chourio, Jackson",chouj001,2,2,empty,empty,1,double,2,4,0
2025-05-31,PHI202505310,MIL,"Contreras, William",contw002,2,2,2B,2B,1,single,2,4,0
2025-05-31,PHI202505310,MIL,"Yelich, Christian",yelic001,2,0,empty,empty,1,single,3,4,0
2025-05-31,PHI202505310,MIL,"Hoskins, Rhys",hoskr001,2,0,1B,1B,1,strikeout,3,4,0
2025-05-31,PHI202505310,MIL,"Cameron, Daz",camed001,2,1,1B,1B,1,grounded_into_double_play,3,4,0
2025-05-31,PHI202505310,MIL,"Frelick, Sal",frels001,2,0,empty,empty,1,double,4,4,0
2025-05-31,PHI202505310,MIL,"Durbin, Caleb",durbc002,2,0,2B,2B,1,single,4,4,0
2025-05-31,PHI202505310,MIL,"Ortiz, Joey",ortij005,2,0,1B,2B,0,walk,4,5,0
2025-05-31,PHI202505310,MIL,"Turang, Brice",turab002,2,0,1B+2B,1B+2B,1,walk,4,5,0
2025-05-31,PHI202505310,MIL,"Chourio, Jackson",chouj001,3,0,1B+2B+3B,1B+2B+3B,1,single,4,5,0
2025-05-31,PHI202505310,MIL,"Contreras, William",contw002,3,0,1B+3B,1B+3B,1,single,4,7,0
2025-05-31,PHI202505310,MIL,"Yelich, Christian",yelic001,3,0,1B+3B,1B+3B,1,field_out,4,8,0
2025-05-31,PHI202505310,MIL,"Hoskins, Rhys",hoskr001,3,1,1B+3B,1B+3B,1,home_run,4,8,0
2025-05-31,PHI202505310,MIL,"Cameron, Daz",camed001,3,1,empty,empty,1,double,4,11,0
2025-05-31,PHI202505310,MIL,"Frelick, Sal",frels001,3,1,2B,2B,1,single,4,11,0
2025-05-31,PHI202505310,MIL,"Durbin, Caleb",durbc002,3,1,1B,1B,1,field_out,4,12,0
2025-05-31,PHI202505310,MIL,"Ortiz, Joey",ortij005,3,2,1B,1B,1,field_out,4,12,0
2025-05-31,PHI202505310,MIL,"Turang, Brice",turab002,3,0,empty,empty,1,field_out,5,12,1
2025-05-31,PHI202505310,MIL,"Chourio, Jackson",chouj001,4,1,empty,empty,1,field_out,5,12,1
2025-05-31,PHI202505310,MIL,"Contreras, William",contw002,4,2,empty,empty,1,double,5,12,1
2025-05-31,PHI202505310,MIL,"Yelich, Christian",yelic001,4,2,2B,2B,1,strikeout,5,12,1
2025-05-31,PHI202505310,MIL,"Hoskins, Rhys",hoskr001,4,0,empty,empty,1,field_out,6,12,1
2025-05-31,PHI202505310,MIL,"Cameron, Daz",camed001,4,1,empty,empty,1,single,6,12,1
2025-05-31,PHI202505310,MIL,"Frelick, Sal",frels001,4,1,1B,1B,1,field_out,6,12,1
2025-05-31,PHI202505310,MIL,"Durbin, Caleb",durbc002,4,2,1B,1B,1,single,6,12,1
2025-05-31,PHI202505310,MIL,"Ortiz, Joey",ortij005,4,2,1B+3B,1B+3B,1,single,6,12,1
2025-05-31,PHI202505310,MIL,"Turang, Brice",turab002,4,2,1B+2B,1B+2B,1,single,6,13,1
2025-05-31,PHI202505310,MIL,"Chourio, Jackson",chouj001,5,2,1B+3B,1B+3B,1,home_run,6,14,1
2025-05-31,PHI202505310,MIL,"Contreras, William",contw002,5,2,empty,empty,1,field_out,6,17,1
2025-05-31,PHI202505310,MIL,"Yelich, Christian",yelic001,5,0,empty,empty,1,single,7,17,2
2025-05-31,PHI202505310,MIL,"Hoskins, Rhys",hoskr001,5,0,1B,1B,1,strikeout,7,17,2
2025-05-31,PHI202505310,MIL,"Cameron, Daz",camed001,5,1,1B,1B,1,single,7,17,2
2025-05-31,PHI202505310,MIL,"Frelick, Sal",frels001,5,1,1B+2B,1B+2B,1,strikeout,7,17,2
2025-05-31,PHI202505310,MIL,"Durbin, Caleb",durbc002,5,2,1B+2B,1B+2B,1,field_out,7,17,2
2025-05-31,PHI202505310,MIL,"Monasterio, Andruw",monaa001,1,0,empty,empty,1,field_out,8,17,2
2025-05-31,PHI202505310,MIL,"Turang, Brice",turab002,5,1,empty,empty,1,field_out,8,17,2
2025-05-31,PHI202505310,MIL,"Haase, Eric",haase001,1,2,empty,empty,1,single,8,17,2
2025-05-31,PHI202505310,MIL,"Collins, Isaac",colli001,1,2,1B,1B,1,field_out,8,17,2
2025-05-31,PHI202505310,MIL,"Yelich, Christian",yelic001,6,0,empty,empty,1,single,9,17,2
2025-05-31,PHI202505310,MIL,"Hoskins, Rhys",hoskr001,6,0,1B,1B,1,field_out,9,17,2
2025-05-31,PHI202505310,MIL,"Cameron, Daz",camed001,6,1,1B,1B,1,field_out,9,17,2
2025-05-31,PHI202505310,MIL,"Frelick, Sal",frels001,6,2,1B,1B,1,field_out,9,17,2
2025-06-01,PHI202506010,MIL,"Chourio, Jackson",chouj001,1,0,empty,empty,1,single,1,0,0
2025-06-01,PHI202506010,MIL,"Contreras, William",contw002,1,0,2B,2B,1,field_out,1,0,0
2025-06-01,PHI202506010,MIL,"Yelich, Christian",yelic001,1,1,2B,2B,1,hit_by_pitch,1,0,0
2025-06-01,PHI202506010,MIL,"Hoskins, Rhys",hoskr001,1,1,1B+2B,1B+2B,1,field_out,1,0,0
2025-06-01,PHI202506010,MIL,"Cameron, Daz",camed001,1,2,2B+3B,2B+3B,1,field_out,1,0,0
2025-06-01,PHI202506010,MIL,"Frelick, Sal",frels001,1,0,empty,empty,1,field_out,2,0,1
2025-06-01,PHI202506010,MIL,"Durbin, Caleb",durbc002,1,1,empty,empty,1,field_out,2,0,1
2025-06-01,PHI202506010,MIL,"Ortiz, Joey",ortij005,1,2,empty,empty,1,single,2,0,1
2025-06-01,PHI202506010,MIL,"Turang, Brice",turab002,1,2,1B,1B,1,field_out,2,0,1
2025-06-01,PHI202506010,MIL,"Chourio, Jackson",chouj001,2,0,empty,empty,1,single,3,0,2
2025-06-01,PHI202506010,MIL,"Contreras, William",contw002,2,0,1B,1B,1,strikeout,3,0,2
2025-06-01,PHI202506010,MIL,"Haase, Eric",haase001,1,2,1B,empty,0,field_out,3,0,2
2025-06-01,PHI202506010,MIL,"Hoskins, Rhys",hoskr001,2,0,empty,empty,1,field_out,4,0,2
2025-06-01,PHI202506010,MIL,"Cameron, Daz",camed001,2,1,empty,empty,1,field_out,4,0,2
2025-06-01,PHI202506010,MIL,"Frelick, Sal",frels001,2,2,empty,empty,1,field_out,4,0,2
2025-06-01,PHI202506010,MIL,"Durbin, Caleb",durbc002,2,0,empty,empty,1,field_out,5,0,2
2025-06-01,PHI202506010,MIL,"Ortiz, Joey",ortij005,2,1,empty,empty,1,double,5,0,2
2025-06-01,PHI202506010,MIL,"Turang, Brice",turab002,2,1,2B,2B,1,single,5,0,2
2025-06-01,PHI202506010,MIL,"Chourio, Jackson",chouj001,3,1,1B+3B,1B+3B,1,field_out,5,0,2
2025-06-01,PHI202506010,MIL,"Contreras, William",contw002,3,2,1B,1B,1,single,5,1,2
2025-06-01,PHI202506010,MIL,"Haase, Eric",haase001,2,2,1B+2B,1B+2B,1,field_out,5,1,2
2025-06-01,PHI202506010,MIL,"Hoskins, Rhys",hoskr001,3,0,empty,empty,1,strikeout,6,1,2
2025-06-01,PHI202506010,MIL,"Cameron, Daz",camed001,3,1,empty,empty,1,field_out,6,1,2
2025-06-01,PHI202506010,MIL,"Frelick, Sal",frels001,3,2,empty,empty,1,field_out,6,1,2
2025-06-01,PHI202506010,MIL,"Durbin, Caleb",durbc002,3,0,empty,empty,1,double,7,1,2
2025-06-01,PHI202506010,MIL,"Ortiz, Joey",ortij005,3,0,2B,2B,1,field_out,7,1,2
2025-06-01,PHI202506010,MIL,"Turang, Brice",turab002,3,1,2B,2B,1,walk,7,1,2
2025-06-01,PHI202506010,MIL,"Chourio, Jackson",chouj001,4,1,1B+2B,1B+2B,1,field_out,7,1,2
2025-06-01,PHI202506010,MIL,"Contreras, William",contw002,4,2,1B+3B,1B+3B,1,field_error,7,1,2
2025-06-01,PHI202506010,MIL,"Bauers, Jake",bauej001,1,2,1B+2B,1B+2B,1,double,7,2,2
2025-06-01,PHI202506010,MIL,"Hoskins, Rhys",hoskr001,4,2,2B,2B,1,field_out,7,4,2
2025-06-01,PHI202506010,MIL,"Cameron, Daz",camed001,4,0,empty,empty,1,field_out,8,4,2
2025-06-01,PHI202506010,MIL,"Frelick, Sal",frels001,4,1,empty,empty,1,field_out,8,4,2
2025-06-01,PHI202506010,MIL,"Durbin, Caleb",durbc002,4,2,empty,empty,1,strikeout,8,4,2
2025-06-01,PHI202506010,MIL,"Ortiz, Joey",ortij005,4,0,empty,empty,1,walk,9,4,2
2025-06-01,PHI202506010,MIL,"Turang, Brice",turab002,4,0,1B,2B,0,single,9,4,2
2025-06-01,PHI202506010,MIL,"Chourio, Jackson",chouj001,5,1,1B,empty,0,strikeout,9,5,2
2025-06-01,PHI202506010,MIL,"Contreras, William",contw002,5,2,empty,empty,1,strikeout,9,5,2
2025-06-02,CIN202506020,MIL,"Turang, Brice",turab002,1,0,empty,empty,1,strikeout,1,0,0
2025-06-02,CIN202506020,MIL,"Chourio, Jackson",chouj001,1,1,empty,empty,1,single,1,0,0
2025-06-02,CIN202506020,MIL,"Contreras, William",contw002,1,1,1B,1B,1,field_out,1,0,0
2025-06-02,CIN202506020,MIL,"Yelich, Christian",yelic001,1,2,1B,1B,1,strikeout,1,0,0
2025-06-02,CIN202506020,MIL,"Hoskins, Rhys",hoskr001,1,0,empty,empty,1,field_out,2,0,2
2025-06-02,CIN202506020,MIL,"Frelick, Sal",frels001,1,1,empty,empty,1,single,2,0,2
2025-06-02,CIN202506020,MIL,"Monasterio, Andruw",monaa001,1,1,1B,1B,1,double,2,0,2
2025-06-02,CIN202506020,MIL,"Bauers, Jake",bauej001,1,1,2B+3B,2B+3B,1,walk,2,0,2
2025-06-02,CIN202506020,MIL,"Ortiz, Joey",ortij005,1,1,1B+2B+3B,1B+2B+3B,1,walk,2,0,2
2025-06-02,CIN202506020,MIL,"Turang, Brice",turab002,2,1,1B+2B+3B,1B+2B+3B,1,sac_fly,2,1,2
2025-06-02,CIN202506020,MIL,"Chourio, Jackson",chouj001,2,0,empty,empty,1,field_out,3,2,2
2025-06-02,CIN202506020,MIL,"Contreras, William",contw002,2,1,empty,empty,1,field_out,3,2,2
2025-06-02,CIN202506020,MIL,"Yelich, Christian",yelic001,2,2,empty,empty,1,home_run,3,2,2
2025-06-02,CIN202506020,MIL,"Hoskins, Rhys",hoskr001,2,2,empty,empty,1,field_out,3,3,2
2025-06-02,CIN202506020,MIL,"Frelick, Sal",frels001,2,0,empty,empty,1,field_out,4,3,2
2025-06-02,CIN202506020,MIL,"Monasterio, Andruw",monaa001,2,1,empty,empty,1,strikeout,4,3,2
2025-06-02,CIN202506020,MIL,"Bauers, Jake",bauej001,2,2,empty,empty,1,field_out,4,3,2
2025-06-02,CIN202506020,MIL,"Ortiz, Joey",ortij005,2,0,empty,empty,1,walk,5,3,2
2025-06-02,CIN202506020,MIL,"Turang, Brice",turab002,3,0,1B,1B,1,field_out,5,3,2
2025-06-02,CIN202506020,MIL,"Chourio, Jackson",chouj001,3,1,1B,1B,1,strikeout,5,3,2
2025-06-02,CIN202506020,MIL,"Contreras, William",contw002,3,2,1B,1B,1,field_out,5,3,2
2025-06-02,CIN202506020,MIL,"Yelich, Christian",yelic001,3,0,empty,empty,1,field_out,6,3,2
2025-06-02,CIN202506020,MIL,"Hoskins, Rhys",hoskr001,3,1,empty,empty,1,strikeout,6,3,2
2025-06-02,CIN202506020,MIL,"Frelick, Sal",frels001,3,2,empty,empty,1,single,6,3,2
2025-06-02,CIN202506020,MIL,"Monasterio, Andruw",monaa001,3,2,1B,1B,1,field_out,6,3,2
2025-06-02,CIN202506020,MIL,"Bauers, Jake",bauej001,3,0,empty,empty,1,strikeout,7,3,2
2025-06-02,CIN202506020,MIL,"Ortiz, Joey",ortij005,3,1,empty,empty,1,field_out,7,3,2
2025-06-02,CIN202506020,MIL,"Turang, Brice",turab002,4,2,empty,empty,1,field_out,7,3,2
2025-06-02,CIN202506020,MIL,"Chourio, Jackson",chouj001,4,0,empty,empty,1,field_out,8,3,2
2025-06-02,CIN202506020,MIL,"Contreras, William",contw002,4,1,empty,empty,1,field_out,8,3,2
2025-06-02,CIN202506020,MIL,"Yelich, Christian",yelic001,4,2,empty,empty,1,field_out,8,3,2
2025-06-02,CIN202506020,MIL,"Hoskins, Rhys",hoskr001,4,0,empty,empty,1,field_out,9,3,2
2025-06-02,CIN202506020,MIL,"Frelick, Sal",frels001,4,1,empty,empty,1,strikeout,9,3,2
2025-06-02,CIN202506020,MIL,"Monasterio, Andruw",monaa001,4,2,empty,empty,1,field_out,9,3,2
2025-06-03,CIN202506030,MIL,"Turang, Brice",turab002,1,0,empty,empty,1,double,1,0,0
2025-06-03,CIN202506030,MIL,"Chourio, Jackson",chouj001,1,0,2B,2B,1,field_out,1,0,0
2025-06-03,CIN202506030,MIL,"Yelich, Christian",yelic001,1,1,2B,2B,1,single,1,0,0
2025-06-03,CIN202506030,MIL,"Contreras, William",contw002,1,1,1B,1B,1,strikeout,1,1,0
2025-06-03,CIN202506030,MIL,"Frelick, Sal",frels001,1,2,1B,1B,1,strikeout,1,1,0
2025-06-03,CIN202506030,MIL,"Hoskins, Rhys",hoskr001,1,0,empty,empty,1,strikeout,2,1,0
2025-06-03,CIN202506030,MIL,"Collins, Isaac",colli001,1,1,empty,empty,1,field_out,2,1,0
2025-06-03,CIN202506030,MIL,"Durbin, Caleb",durbc002,1,2,empty,empty,1,field_out,2,1,0
2025-06-03,CIN202506030,MIL,"Ortiz, Joey",ortij005,1,0,empty,empty,1,strikeout,3,1,0
2025-06-03,CIN202506030,MIL,"Turang, Brice",turab002,2,1,empty,empty,1,field_out,3,1,0
2025-06-03,CIN202506030,MIL,"Chourio, Jackson",chouj001,2,2,empty,empty,1,field_out,3,1,0
2025-06-03,CIN202506030,MIL,"Yelich, Christian",yelic001,2,0,empty,empty,1,field_out,4,1,0
2025-06-03,CIN202506030,MIL,"Contreras, William",contw002,2,1,empty,empty,1,field_out,4,1,0
2025-06-03,CIN202506030,MIL,"Frelick, Sal",frels001,2,2,empty,empty,1,home_run,4,1,0
2025-06-03,CIN202506030,MIL,"Hoskins, Rhys",hoskr001,2,2,empty,empty,1,single,4,2,0
2025-06-03,CIN202506030,MIL,"Collins, Isaac",colli001,2,2,1B,1B,1,walk,4,2,0
2025-06-03,CIN202506030,MIL,"Durbin, Caleb",durbc002,2,2,1B+2B,1B+2B,1,walk,4,2,0
2025-06-03,CIN202506030,MIL,"Ortiz, Joey",ortij005,2,2,1B+2B+3B,1B+2B+3B,1,strikeout,4,2,0
2025-06-03,CIN202506030,MIL,"Turang, Brice",turab002,3,0,empty,empty,1,walk,5,2,2
2025-06-03,CIN202506030,MIL,"Chourio, Jackson",chouj001,3,0,1B,1B,1,strikeout,5,2,2
2025-06-03,CIN202506030,MIL,"Yelich, Christian",yelic001,3,1,1B,1B,1,single,5,2,2
2025-06-03,CIN202506030,MIL,"Contreras, William",contw002,3,1,1B+2B,1B+2B,1,strikeout,5,2,2
2025-06-03,CIN202506030,MIL,"Frelick, Sal",frels001,3,2,1B+2B,1B+2B,1,field_out,5,2,2
2025-06-03,CIN202506030,MIL,"Hoskins, Rhys",hoskr001,3,0,empty,empty,1,field_out,6,2,2
2025-06-03,CIN202506030,MIL,"Collins, Isaac",colli001,3,1,empty,empty,1,field_out,6,2,2
2025-06-03,CIN202506030,MIL,"Durbin, Caleb",durbc002,3,2,empty,empty,1,field_out,6,2,2
2025-06-03,CIN202506030,MIL,"Ortiz, Joey",ortij005,3,0,empty,empty,1,strikeout,7,2,2
2025-06-03,CIN202506030,MIL,"Turang, Brice",turab002,4,1,empty,empty,1,field_out,7,2,2
2025-06-03,CIN202506030,MIL,"Chourio, Jackson",chouj001,4,2,empty,empty,1,field_out,7,2,2
2025-06-03,CIN202506030,MIL,"Yelich, Christian",yelic001,4,0,empty,empty,1,field_out,8,2,3
2025-06-03,CIN202506030,MIL,"Contreras, William",contw002,4,1,empty,empty,1,field_out,8,2,3
2025-06-03,CIN202506030,MIL,"Frelick, Sal",frels001,4,2,empty,empty,1,field_out,8,2,3
2025-06-03,CIN202506030,MIL,"Hoskins, Rhys",hoskr001,4,0,empty,empty,1,field_out,9,2,4
2025-06-03,CIN202506030,MIL,"Collins, Isaac",colli001,4,1,empty,empty,1,strikeout,9,2,4
2025-06-03,CIN202506030,MIL,"Durbin, Caleb",durbc002,4,2,empty,empty,1,field_error,9,2,4
2025-06-03,CIN202506030,MIL,"Bauers, Jake",bauej001,1,2,2B,2B,1,field_out,9,2,4
2025-06-04,CIN202506040,MIL,"Monasterio, Andruw",monaa001,1,0,empty,empty,1,field_out,1,0,0
2025-06-04,CIN202506040,MIL,"Chourio, Jackson",chouj001,1,1,empty,empty,1,field_out,1,0,0
2025-06-04,CIN202506040,MIL,"Yelich, Christian",yelic001,1,2,empty,empty,1,field_out,1,0,0
2025-06-04,CIN202506040,MIL,"Hoskins, Rhys",hoskr001,1,0,empty,empty,1,strikeout,2,0,0
2025-06-04,CIN202506040,MIL,"Cameron, Daz",camed001,1,1,empty,empty,1,field_out,2,0,0
2025-06-04,CIN202506040,MIL,"Frelick, Sal",frels001,1,2,empty,empty,1,strikeout,2,0,0
2025-06-04,CIN202506040,MIL,"Ortiz, Joey",ortij005,1,0,empty,empty,1,field_out,3,0,0
2025-06-04,CIN202506040,MIL,"Haase, Eric",haase001,1,1,empty,empty,1,strikeout,3,0,0
2025-06-04,CIN202506040,MIL,"Turang, Brice",turab002,1,2,empty,empty,1,double,3,0,0
2025-06-04,CIN202506040,MIL,"Monasterio, Andruw",monaa001,2,2,2B,2B,1,single,3,0,0
2025-06-04,CIN202506040,MIL,"Chourio, Jackson",chouj001,2,2,1B,1B,1,single,3,1,0
2025-06-04,CIN202506040,MIL,"Yelich, Christian",yelic001,2,2,1B+3B,2B+3B,0,field_out,3,1,0
2025-06-04,CIN202506040,MIL,"Hoskins, Rhys",hoskr001,2,0,empty,empty,1,single,4,1,0
2025-06-04,CIN202506040,MIL,"Cameron, Daz",camed001,2,0,1B,1B,1,field_out,4,1,0
2025-06-04,CIN202506040,MIL,"Frelick, Sal",frels001,2,1,1B,1B,1,sac_bunt,4,1,0
2025-06-04,CIN202506040,MIL,"Ortiz, Joey",ortij005,2,2,2B,2B,1,field_out,4,1,0
2025-06-04,CIN202506040,MIL,"Haase, Eric",haase001,2,0,empty,empty,1,strikeout,5,1,0
2025-06-04,CIN202506040,MIL,"Turang, Brice",turab002,2,1,empty,empty,1,single,5,1,0
2025-06-04,CIN202506040,MIL,"Monasterio, Andruw",monaa001,3,1,1B,1B,1,field_out,5,1,0
2025-06-04,CIN202506040,MIL,"Chourio, Jackson",chouj001,3,2,1B,1B,1,home_run,5,1,0
2025-06-04,CIN202506040,MIL,"Yelich, Christian",yelic001,3,2,empty,empty,1,strikeout,5,3,0
2025-06-04,CIN202506040,MIL,"Hoskins, Rhys",hoskr001,3,0,empty,empty,1,walk,6,3,1
2025-06-04,CIN202506040,MIL,"Cameron, Daz",camed001,3,0,1B,1B,1,home_run,6,3,1
2025-06-04,CIN202506040,MIL,"Frelick, Sal",frels001,3,0,empty,empty,1,field_out,6,5,1
2025-06-04,CIN202506040,MIL,"Ortiz, Joey",ortij005,3,1,empty,empty,1,strikeout,6,5,1
2025-06-04,CIN202506040,MIL,"Haase, Eric",haase001,3,2,empty,empty,1,field_out,6,5,1
2025-06-04,CIN202506040,MIL,"Turang, Brice",turab002,3,0,empty,empty,1,walk,7,5,1
2025-06-04,CIN202506040,MIL,"Monasterio, Andruw",monaa001,4,0,1B,1B,1,strikeout,7,5,1
2025-06-04,CIN202506040,MIL,"Chourio, Jackson",chouj001,4,1,1B,1B,1,field_out,7,5,1
2025-06-04,CIN202506040,MIL,"Yelich, Christian",yelic001,4,2,2B,2B,1,field_out,7,5,1
2025-06-04,CIN202506040,MIL,"Hoskins, Rhys",hoskr001,4,0,empty,empty,1,single,8,5,1
2025-06-04,CIN202506040,MIL,"Cameron, Daz",camed001,4,0,1B,1B,1,single,8,5,1
2025-06-04,CIN202506040,MIL,"Frelick, Sal",frels001,4,0,1B+2B,1B+2B,1,catcher_interf,8,5,1
2025-06-04,CIN202506040,MIL,"Ortiz, Joey",ortij005,4,0,1B+2B+3B,1B+2B+3B,1,field_out,8,5,1
2025-06-04,CIN202506040,MIL,"Haase, Eric",haase001,4,1,1B+2B+3B,1B+2B+3B,1,single,8,5,1
2025-06-04,CIN202506040,MIL,"Turang, Brice",turab002,4,1,1B+2B+3B,1B+2B+3B,1,field_out,8,6,1
2025-06-04,CIN202506040,MIL,"Monasterio, Andruw",monaa001,5,2,1B+2B+3B,1B+2B+3B,1,field_out,8,6,1
2025-06-04,CIN202506040,MIL,"Chourio, Jackson",chouj001,5,0,empty,empty,1,single,9,6,1
2025-06-04,CIN202506040,MIL,"Yelich, Christian",yelic001,5,0,1B,1B,1,single,9,6,1
2025-06-04,CIN202506040,MIL,"Hoskins, Rhys",hoskr001,5,0,1B+2B,1B+2B,1,field_out,9,6,1
2025-06-04,CIN202506040,MIL,"Collins, Isaac",colli001,1,1,1B+2B,1B+2B,1,home_run,9,6,1
2025-06-04,CIN202506040,MIL,"Frelick, Sal",frels001,5,1,empty,empty,1,field_out,9,9,1
2025-06-04,CIN202506040,MIL,"Ortiz, Joey",ortij005,5,2,empty,empty,1,field_out,9,9,1
2025-06-06,MIL202506060,MIL,"Turang, Brice",turab002,1,0,empty,empty,1,field_out,1,0,0
2025-06-06,MIL202506060,MIL,"Chourio, Jackson",chouj001,1,1,empty,empty,1,field_out,1,0,0
2025-06-06,MIL202506060,MIL,"Yelich, Christian",yelic001,1,2,empty,empty,1,walk,1,0,0
2025-06-06,MIL202506060,MIL,"Contreras, William",contw002,1,2,1B,1B,1,field_out,1,0,0
2025-06-06,MIL202506060,MIL,"Frelick, Sal",frels001,1,0,empty,empty,1,walk,2,0,0
2025-06-06,MIL202506060,MIL,"Collins, Isaac",colli001,1,0,1B,1B,1,walk,2,0,0
2025-06-06,MIL202506060,MIL,"Bauers, Jake",bauej001,1,0,1B+2B,1B+2B,1,field_out,2,0,0
2025-06-06,MIL202506060,MIL,"Durbin, Caleb",durbc002,1,1,1B+3B,1B+3B,1,grounded_into_double_play,2,0,0
2025-06-06,MIL202506060,MIL,"Ortiz, Joey",ortij005,1,0,empty,empty,1,field_out,3,0,1
2025-06-06,MIL202506060,MIL,"Turang, Brice",turab002,2,1,empty,empty,1,strikeout,3,0,1
2025-06-06,MIL202506060,MIL,"Chourio, Jackson",chouj001,2,2,empty,empty,1,field_out,3,0,1
2025-06-06,MIL202506060,MIL,"Yelich, Christian",yelic001,2,0,empty,empty,1,strikeout,4,0,1
2025-06-06,MIL202506060,MIL,"Contreras, William",contw002,2,1,empty,empty,1,field_out,4,0,1
2025-06-06,MIL202506060,MIL,"Frelick, Sal",frels001,2,2,empty,empty,1,single,4,0,1
2025-06-06,MIL202506060,MIL,"Collins, Isaac",colli001,2,2,1B,1B,1,walk,4,0,1
2025-06-06,MIL202506060,MIL,"Bauers, Jake",bauej001,2,2,1B+2B,1B+2B,1,field_out,4,0,1
2025-06-06,MIL202506060,MIL,"Durbin, Caleb",durbc002,2,0,empty,empty,1,field_out,5,0,1
2025-06-06,MIL202506060,MIL,"Ortiz, Joey",ortij005,2,1,empty,empty,1,hit_by_pitch,5,0,1
2025-06-06,MIL202506060,MIL,"Turang, Brice",turab002,3,1,1B,1B,1,single,5,0,1
2025-06-06,MIL202506060,MIL,"Chourio, Jackson",chouj001,3,1,1B+2B,1B+2B,1,field_out,5,0,1
2025-06-06,MIL202506060,MIL,"Yelich, Christian",yelic001,3,2,1B+3B,2B+3B,0,strikeout,5,0,1
2025-06-06,MIL202506060,MIL,"Contreras, William",contw002,3,0,empty,empty,1,walk,6,0,1
2025-06-06,MIL202506060,MIL,"Frelick, Sal",frels001,3,0,1B,1B,1,strikeout,6,0,1
2025-06-06,MIL202506060,MIL,"Collins, Isaac",colli001,3,1,1B,1B,1,walk,6,0,1
2025-06-06,MIL202506060,MIL,"Bauers, Jake",bauej001,3,1,1B+2B,1B+2B,1,strikeout,6,0,1
2025-06-06,MIL202506060,MIL,"Durbin, Caleb",durbc002,3,2,1B+2B,1B+2B,1,field_out,6,0,1
2025-06-06,MIL202506060,MIL,"Ortiz, Joey",ortij005,3,0,empty,empty,1,field_out,7,0,1
2025-06-06,MIL202506060,MIL,"Turang, Brice",turab002,4,1,empty,empty,1,field_out,7,0,1
2025-06-06,MIL202506060,MIL,"Chourio, Jackson",chouj001,4,2,empty,empty,1,single,7,0,1
2025-06-06,MIL202506060,MIL,"Yelich, Christian",yelic001,4,2,1B,2B,0,single,7,0,1
2025-06-06,MIL202506060,MIL,"Contreras, William",contw002,4,2,1B+3B,1B+3B,1,strikeout,7,0,1
2025-06-06,MIL202506060,MIL,"Frelick, Sal",frels001,4,0,empty,empty,1,field_out,8,0,2
2025-06-06,MIL202506060,MIL,"Collins, Isaac",colli001,4,1,empty,empty,1,field_out,8,0,2
2025-06-06,MIL202506060,MIL,"Cameron, Daz",camed001,1,2,empty,empty,1,strikeout,8,0,2
2025-06-06,MIL202506060,MIL,"Durbin, Caleb",durbc002,4,0,empty,empty,1,field_out,9,0,2
2025-06-06,MIL202506060,MIL,"Hoskins, Rhys",hoskr001,1,1,empty,empty,1,strikeout,9,0,2
2025-06-06,MIL202506060,MIL,"Turang, Brice",turab002,5,2,empty,empty,1,field_out,9,0,2
2025-06-07,MIL202506070,MIL,"Turang, Brice",turab002,1,0,empty,empty,1,strikeout,1,0,0
2025-06-07,MIL202506070,MIL,"Chourio, Jackson",chouj001,1,1,empty,empty,1,field_out,1,0,0
2025-06-07,MIL202506070,MIL,"Yelich, Christian",yelic001,1,2,empty,empty,1,walk,1,0,0
2025-06-07,MIL202506070,MIL,"Contreras, William",contw002,1,2,1B,1B,1,field_out,1,0,0
2025-06-07,MIL202506070,MIL,"Frelick, Sal",frels001,1,0,empty,empty,1,single,2,0,0
2025-06-07,MIL202506070,MIL,"Hoskins, Rhys",hoskr001,1,0,1B,1B,1,field_out,2,0,0
2025-06-07,MIL202506070,MIL,"Collins, Isaac",colli001,1,1,1B,1B,1,walk,2,0,0
2025-06-07,MIL202506070,MIL,"Durbin, Caleb",durbc002,1,1,1B+2B,1B+2B,1,grounded_into_double_play,2,0,0
2025-06-07,MIL202506070,MIL,"Ortiz, Joey",ortij005,1,0,empty,empty,1,single,3,0,0
2025-06-07,MIL202506070,MIL,"Turang, Brice",turab002,2,0,1B,1B,1,field_out,3,0,0
2025-06-07,MIL202506070,MIL,"Chourio, Jackson",chouj001,2,1,1B,1B,1,grounded_into_double_play,3,0,0
2025-06-07,MIL202506070,MIL,"Yelich, Christian",yelic001,2,0,empty,empty,1,field_out,4,0,1
2025-06-07,MIL202506070,MIL,"Contreras, William",contw002,2,1,empty,empty,1,strikeout,4,0,1
2025-06-07,MIL202506070,MIL,"Frelick, Sal",frels001,2,2,empty,empty,1,field_out,4,0,1
2025-06-07,MIL202506070,MIL,"Hoskins, Rhys",hoskr001,2,0,empty,empty,1,field_out,5,0,1
2025-06-07,MIL202506070,MIL,"Collins, Isaac",colli001,2,1,empty,empty,1,walk,5,0,1
2025-06-07,MIL202506070,MIL,"Durbin, Caleb",durbc002,2,1,1B,1B,1,field_out,5,0,1
2025-06-07,MIL202506070,MIL,"Ortiz, Joey",ortij005,2,2,1B,1B,1,field_out,5,0,1
2025-06-07,MIL202506070,MIL,"Turang, Brice",turab002,3,0,empty,empty,1,field_out,6,0,1
2025-06-07,MIL202506070,MIL,"Chourio, Jackson",chouj001,3,1,empty,empty,1,field_out,6,0,1
2025-06-07,MIL202506070,MIL,"Yelich, Christian",yelic001,3,2,empty,empty,1,walk,6,0,1
2025-06-07,MIL202506070,MIL,"Contreras, William",contw002,3,2,1B,1B,1,single,6,0,1
2025-06-07,MIL202506070,MIL,"Frelick, Sal",frels001,3,2,1B+3B,1B+3B,1,field_out,6,0,1
2025-06-07,MIL202506070,MIL,"Hoskins, Rhys",hoskr001,3,0,empty,empty,1,field_out,7,0,1
2025-06-07,MIL202506070,MIL,"Collins, Isaac",colli001,3,1,empty,empty,1,single,7,0,1
2025-06-07,MIL202506070,MIL,"Durbin, Caleb",durbc002,3,1,1B,1B,1,single,7,0,1
2025-06-07,MIL202506070,MIL,"Bauers, Jake",bauej001,1,1,1B+3B,1B+3B,1,sac_fly,7,0,1
2025-06-07,MIL202506070,MIL,"Turang, Brice",turab002,4,2,1B,1B,1,field_out,7,1,1
2025-06-07,MIL202506070,MIL,"Chourio, Jackson",chouj001,4,0,empty,empty,1,field_out,8,1,1
2025-06-07,MIL202506070,MIL,"Yelich, Christian",yelic001,4,1,empty,empty,1,walk,8,1,1
2025-06-07,MIL202506070,MIL,"Contreras, William",contw002,4,1,1B,1B,1,single,8,1,1
2025-06-07,MIL202506070,MIL,"Frelick, Sal",frels001,4,1,1B+2B,1B+2B,1,catcher_interf,8,1,1
2025-06-07,MIL202506070,MIL,"Hoskins, Rhys",hoskr001,4,1,1B+2B+3B,1B+2B+3B,1,sac_fly,8,1,1
2025-06-07,MIL202506070,MIL,"Collins, Isaac",colli001,4,2,1B+2B,1B+2B,1,single,8,2,1
2025-06-07,MIL202506070,MIL,"Durbin, Caleb",durbc002,4,0,empty,empty,1,home_run,9,3,3
2025-06-08,MIL202506080,MIL,"Turang, Brice",turab002,1,0,empty,empty,1,field_out,1,0,0
2025-06-08,MIL202506080,MIL,"Chourio, Jackson",chouj001,1,1,empty,empty,1,strikeout,1,0,0
2025-06-08,MIL202506080,MIL,"Yelich, Christian",yelic001,1,2,empty,empty,1,field_out,1,0,0
2025-06-08,MIL202506080,MIL,"Contreras, William",contw002,1,0,empty,empty,1,field_out,2,0,0
2025-06-08,MIL202506080,MIL,"Frelick, Sal",frels001,1,1,empty,empty,1,field_out,2,0,0
2025-06-08,MIL202506080,MIL,"Hoskins, Rhys",hoskr001,1,2,empty,empty,1,field_out,2,0,0
2025-06-08,MIL202506080,MIL,"Bauers, Jake",bauej001,1,0,empty,empty,1,field_out,3,0,0
2025-06-08,MIL202506080,MIL,"Durbin, Caleb",durbc002,1,1,empty,empty,1,walk,3,0,0
2025-06-08,MIL202506080,MIL,"Ortiz, Joey",ortij005,1,1,1B,1B,1,double_play,3,0,0
2025-06-08,MIL202506080,MIL,"Turang, Brice",turab002,2,0,empty,empty,1,field_out,4,0,0
2025-06-08,MIL202506080,MIL,"Chourio, Jackson",chouj001,2,1,empty,empty,1,field_out,4,0,0
2025-06-08,MIL202506080,MIL,"Yelich, Christian",yelic001,2,2,empty,empty,1,strikeout,4,0,0
2025-06-08,MIL202506080,MIL,"Contreras, William",contw002,2,0,empty,empty,1,strikeout,5,0,0
2025-06-08,MIL202506080,MIL,"Frelick, Sal",frels001,2,1,empty,empty,1,walk,5,0,0
2025-06-08,MIL202506080,MIL,"Hoskins, Rhys",hoskr001,2,1,1B,1B,1,single,5,0,0
2025-06-08,MIL202506080,MIL,"Bauers, Jake",bauej001,2,1,1B+3B,1B+3B,1,strikeout,5,0,0
2025-06-08,MIL202506080,MIL,"Durbin, Caleb",durbc002,2,2,1B+3B,1B+3B,1,field_out,5,0,0
2025-06-08,MIL202506080,MIL,"Ortiz, Joey",ortij005,2,0,empty,empty,1,field_out,6,0,0
2025-06-08,MIL202506080,MIL,"Turang, Brice",turab002,3,1,empty,empty,1,walk,6,0,0
2025-06-08,MIL202506080,MIL,"Chourio, Jackson",chouj001,3,1,1B,2B,0,walk,6,0,0
2025-06-08,MIL202506080,MIL,"Yelich, Christian",yelic001,3,1,1B+2B,1B+2B,1,strikeout,6,0,0
2025-06-08,MIL202506080,MIL,"Contreras, William",contw002,3,2,1B+2B,1B+2B,1,walk,6,0,0
2025-06-08,MIL202506080,MIL,"Frelick, Sal",frels001,3,2,1B+2B+3B,1B+2B+3B,1,strikeout,6,0,0
2025-06-08,MIL202506080,MIL,"Hoskins, Rhys",hoskr001,3,0,empty,empty,1,walk,7,0,1
2025-06-08,MIL202506080,MIL,"Collins, Isaac",colli001,1,0,1B,1B,1,strikeout,7,0,1
2025-06-08,MIL202506080,MIL,"Durbin, Caleb",durbc002,3,1,1B,1B,1,hit_by_pitch,7,0,1
2025-06-08,MIL202506080,MIL,"Ortiz, Joey",ortij005,3,1,1B+2B,1B+2B,1,field_out,7,0,1
2025-06-08,MIL202506080,MIL,"Turang, Brice",turab002,4,2,1B+2B,1B+2B,1,field_out,7,0,1
2025-06-08,MIL202506080,MIL,"Chourio, Jackson",chouj001,4,0,empty,empty,1,field_out,8,0,1
2025-06-08,MIL202506080,MIL,"Yelich, Christian",yelic001,4,1,empty,empty,1,field_out,8,0,1
2025-06-08,MIL202506080,MIL,"Contreras, William",contw002,4,2,empty,empty,1,single,8,0,1
2025-06-08,MIL202506080,MIL,"Frelick, Sal",frels001,4,2,1B,1B,1,single,8,0,1
2025-06-08,MIL202506080,MIL,"Monasterio, Andruw",monaa001,1,2,1B+3B,2B+3B,0,strikeout,8,0,1
2025-06-08,MIL202506080,MIL,"Collins, Isaac",colli001,2,0,empty,empty,1,strikeout,9,0,1
2025-06-08,MIL202506080,MIL,"Durbin, Caleb",durbc002,4,1,empty,empty,1,field_out,9,0,1
2025-06-08,MIL202506080,MIL,"Ortiz, Joey",ortij005,4,2,empty,empty,1,single,9,0,1
2025-06-08,MIL202506080,MIL,"Turang, Brice",turab002,5,2,1B,1B,1,field_out,9,0,1
2025-06-09,MIL202506090,MIL,"Chourio, Jackson",chouj001,1,0,empty,empty,1,single,1,0,0
2025-06-09,MIL202506090,MIL,"Contreras, William",contw002,1,1,1B,empty,0,field_out,1,0,0
2025-06-09,MIL202506090,MIL,"Yelich, Christian",yelic001,1,2,empty,empty,1,single,1,0,0
2025-06-09,MIL202506090,MIL,"Hoskins, Rhys",hoskr001,1,2,1B,1B,1,strikeout,1,0,0
2025-06-09,MIL202506090,MIL,"Cameron, Daz",camed001,1,0,empty,empty,1,strikeout,2,0,0
2025-06-09,MIL202506090,MIL,"Frelick, Sal",frels001,1,1,empty,empty,1,field_out,2,0,0
2025-06-09,MIL202506090,MIL,"Durbin, Caleb",durbc002,1,2,empty,empty,1,field_out,2,0,0
2025-06-09,MIL202506090,MIL,"Ortiz, Joey",ortij005,1,0,empty,empty,1,double,3,0,0
2025-06-09,MIL202506090,MIL,"Turang, Brice",turab002,1,0,2B,2B,1,strikeout,3,0,0
2025-06-09,MIL202506090,MIL,"Chourio, Jackson",chouj001,2,1,2B,2B,1,field_out,3,0,0
2025-06-09,MIL202506090,MIL,"Contreras, William",contw002,2,2,3B,3B,1,single,3,0,0
2025-06-09,MIL202506090,MIL,"Yelich, Christian",yelic001,2,2,1B,1B,1,strikeout,3,1,0
2025-06-09,MIL202506090,MIL,"Hoskins, Rhys",hoskr001,2,0,empty,empty,1,strikeout,4,1,0
2025-06-09,MIL202506090,MIL,"Cameron, Daz",camed001,2,1,empty,empty,1,strikeout,4,1,0
2025-06-09,MIL202506090,MIL,"Frelick, Sal",frels001,2,2,empty,empty,1,strikeout,4,1,0
2025-06-09,MIL202506090,MIL,"Durbin, Caleb",durbc002,2,0,empty,empty,1,field_out,5,1,3
2025-06-09,MIL202506090,MIL,"Ortiz, Joey",ortij005,2,1,empty,empty,1,field_out,5,1,3
2025-06-09,MIL202506090,MIL,"Turang, Brice",turab002,2,2,empty,empty,1,walk,5,1,3
2025-06-09,MIL202506090,MIL,"Chourio, Jackson",chouj001,3,2,1B,1B,1,strikeout,5,1,3
2025-06-09,MIL202506090,MIL,"Contreras, William",contw002,3,0,empty,empty,1,strikeout,6,1,3
2025-06-09,MIL202506090,MIL,"Yelich, Christian",yelic001,3,1,empty,empty,1,strikeout,6,1,3
2025-06-09,MIL202506090,MIL,"Hoskins, Rhys",hoskr001,3,2,empty,empty,1,strikeout,6,1,3
2025-06-09,MIL202506090,MIL,"Cameron, Daz",camed001,3,0,empty,empty,1,single,7,1,3
2025-06-09,MIL202506090,MIL,"Frelick, Sal",frels001,3,0,1B,1B,1,field_out,7,1,3
2025-06-09,MIL202506090,MIL,"Durbin, Caleb",durbc002,3,1,1B,1B,1,field_out,7,1,3
2025-06-09,MIL202506090,MIL,"Ortiz, Joey",ortij005,3,2,1B,1B,1,field_out,7,1,3
2025-06-09,MIL202506090,MIL,"Turang, Brice",turab002,3,0,empty,empty,1,walk,8,1,5
2025-06-09,MIL202506090,MIL,"Chourio, Jackson",chouj001,4,0,1B,1B,1,strikeout,8,1,5
2025-06-09,MIL202506090,MIL,"Contreras, William",contw002,4,1,1B,1B,1,field_out,8,1,5
2025-06-09,MIL202506090,MIL,"Yelich, Christian",yelic001,4,2,1B,1B,1,strikeout,8,1,5
2025-06-09,MIL202506090,MIL,"Hoskins, Rhys",hoskr001,4,0,empty,empty,1,strikeout,9,1,7
2025-06-09,MIL202506090,MIL,"Cameron, Daz",camed001,4,1,empty,empty,1,field_out,9,1,7
2025-06-09,MIL202506090,MIL,"Frelick, Sal",frels001,4,2,empty,empty,1,strikeout,9,1,7
2025-06-10,MIL202506100,MIL,"Turang, Brice",turab002,1,0,empty,empty,1,strikeout,1,0,0
2025-06-10,MIL202506100,MIL,"Chourio, Jackson",chouj001,1,1,empty,empty,1,single,1,0,0
2025-06-10,MIL202506100,MIL,"Contreras, William",contw002,1,1,1B,1B,1,walk,1,0,0
2025-06-10,MIL202506100,MIL,"Bauers, Jake",bauej001,1,1,1B+2B,1B+2B,1,field_out,1,0,0
2025-06-10,MIL202506100,MIL,"Hoskins, Rhys",hoskr001,1,2,1B+3B,1B+3B,1,strikeout,1,0,0
2025-06-10,MIL202506100,MIL,"Frelick, Sal",frels001,1,0,empty,empty,1,walk,2,0,0
2025-06-10,MIL202506100,MIL,"Collins, Isaac",colli001,1,0,1B,1B,1,grounded_into_double_play,2,0,0
2025-06-10,MIL202506100,MIL,"Durbin, Caleb",durbc002,1,2,empty,empty,1,strikeout,2,0,0
2025-06-10,MIL202506100,MIL,"Ortiz, Joey",ortij005,1,0,empty,empty,1,single,3,0,0
2025-06-10,MIL202506100,MIL,"Turang, Brice",turab002,2,0,1B,1B,1,strikeout,3,0,0
2025-06-10,MIL202506100,MIL,"Chourio, Jackson",chouj001,2,1,1B,1B,1,home_run,3,0,0
2025-06-10,MIL202506100,MIL,"Contreras, William",contw002,2,1,empty,empty,1,double,3,2,0
2025-06-10,MIL202506100,MIL,"Bauers, Jake",bauej001,2,1,2B,2B,1,strikeout,3,2,0
2025-06-10,MIL202506100,MIL,"Hoskins, Rhys",hoskr001,2,2,2B,2B,1,strikeout,3,2,0
2025-06-10,MIL202506100,MIL,"Frelick, Sal",frels001,2,0,empty,empty,1,field_out,4,2,0
2025-06-10,MIL202506100,MIL,"Collins, Isaac",colli001,2,1,empty,empty,1,field_out,4,2,0
2025-06-10,MIL202506100,MIL,"Durbin, Caleb",durbc002,2,2,empty,empty,1,walk,4,2,0
2025-06-10,MIL202506100,MIL,"Ortiz, Joey",ortij005,2,2,1B,1B,1,field_out,4,2,0
2025-06-10,MIL202506100,MIL,"Turang, Brice",turab002,3,0,empty,empty,1,strikeout,5,2,1
2025-06-10,MIL202506100,MIL,"Chourio, Jackson",chouj001,3,1,empty,empty,1,strikeout,5,2,1
2025-06-10,MIL202506100,MIL,"Contreras, William",contw002,3,2,empty,empty,1,strikeout,5,2,1
2025-06-10,MIL202506100,MIL,"Bauers, Jake",bauej001,3,0,empty,empty,1,home_run,6,2,1
2025-06-10,MIL202506100,MIL,"Hoskins, Rhys",hoskr001,3,0,empty,empty,1,field_out,6,3,1
2025-06-10,MIL202506100,MIL,"Frelick, Sal",frels001,3,1,empty,empty,1,field_out,6,3,1
2025-06-10,MIL202506100,MIL,"Collins, Isaac",colli001,3,2,empty,empty,1,field_out,6,3,1
2025-06-10,MIL202506100,MIL,"Durbin, Caleb",durbc002,3,0,empty,empty,1,hit_by_pitch,7,3,1
2025-06-10,MIL202506100,MIL,"Ortiz, Joey",ortij005,3,0,1B,1B,1,single,7,3,1
2025-06-10,MIL202506100,MIL,"Turang, Brice",turab002,4,0,1B+3B,2B+3B,0,walk,7,3,1
2025-06-10,MIL202506100,MIL,"Chourio, Jackson",chouj001,4,0,1B+2B+3B,1B+2B+3B,1,strikeout,7,3,1
2025-06-10,MIL202506100,MIL,"Contreras, William",contw002,4,1,1B+2B+3B,1B+2B+3B,1,walk,7,3,1
2025-06-10,MIL202506100,MIL,"Bauers, Jake",bauej001,4,1,1B+2B+3B,1B+2B+3B,1,strikeout,7,4,1
2025-06-10,MIL202506100,MIL,"Hoskins, Rhys",hoskr001,4,2,1B+2B+3B,1B+2B+3B,1,field_out,7,4,1
2025-06-10,MIL202506100,MIL,"Frelick, Sal",frels001,4,0,empty,empty,1,field_out,8,4,1
2025-06-10,MIL202506100,MIL,"Collins, Isaac",colli001,4,1,empty,empty,1,strikeout,8,4,1
2025-06-10,MIL202506100,MIL,"Durbin, Caleb",durbc002,4,2,empty,empty,1,field_out,8,4,1
2025-06-11,MIL202506110,MIL,"Turang, Brice",turab002,1,0,empty,empty,1,field_out,1,0,0
2025-06-11,MIL202506110,MIL,"Chourio, Jackson",chouj001,1,1,empty,empty,1,triple,1,0,0
2025-06-11,MIL202506110,MIL,"Contreras, William",contw002,1,1,3B,3B,1,fielders_choice_out,1,0,0
2025-06-11,MIL202506110,MIL,"Bauers, Jake",bauej001,1,2,1B,1B,1,field_out,1,0,0
2025-06-11,MIL202506110,MIL,"Hoskins, Rhys",hoskr001,1,0,empty,empty,1,home_run,2,0,3
2025-06-11,MIL202506110,MIL,"Frelick, Sal",frels001,1,0,empty,empty,1,field_out,2,1,3
2025-06-11,MIL202506110,MIL,"Durbin, Caleb",durbc002,1,1,empty,empty,1,strikeout,2,1,3
2025-06-11,MIL202506110,MIL,"Ortiz, Joey",ortij005,1,2,empty,empty,1,field_out,2,1,3
2025-06-11,MIL202506110,MIL,"Haase, Eric",haase001,1,0,empty,empty,1,strikeout,3,1,3
2025-06-11,MIL202506110,MIL,"Turang, Brice",turab002,2,1,empty,empty,1,strikeout,3,1,3
2025-06-11,MIL202506110,MIL,"Chourio, Jackson",chouj001,2,2,empty,empty,1,field_out,3,1,3
2025-06-11,MIL202506110,MIL,"Contreras, William",contw002,2,0,empty,empty,1,strikeout,4,1,5
2025-06-11,MIL202506110,MIL,"Bauers, Jake",bauej001,2,1,empty,empty,1,field_out,4,1,5
2025-06-11,MIL202506110,MIL,"Hoskins, Rhys",hoskr001,2,2,empty,empty,1,field_out,4,1,5
2025-06-11,MIL202506110,MIL,"Frelick, Sal",frels001,2,0,empty,empty,1,field_out,5,1,5
2025-06-11,MIL202506110,MIL,"Durbin, Caleb",durbc002,2,1,empty,empty,1,field_out,5,1,5
2025-06-11,MIL202506110,MIL,"Ortiz, Joey",ortij005,2,2,empty,empty,1,strikeout,5,1,5
2025-06-11,MIL202506110,MIL,"Haase, Eric",haase001,2,0,empty,empty,1,strikeout,6,1,5
2025-06-11,MIL202506110,MIL,"Turang, Brice",turab002,3,1,empty,empty,1,single,6,1,5
2025-06-11,MIL202506110,MIL,"Chourio, Jackson",chouj001,3,1,1B,1B,1,grounded_into_double_play,6,1,5
2025-06-11,MIL202506110,MIL,"Contreras, William",contw002,3,0,empty,empty,1,strikeout,7,1,6
2025-06-11,MIL202506110,MIL,"Bauers, Jake",bauej001,3,1,empty,empty,1,field_out,7,1,6
2025-06-11,MIL202506110,MIL,"Hoskins, Rhys",hoskr001,3,2,empty,empty,1,strikeout,7,1,6
2025-06-11,MIL202506110,MIL,"Frelick, Sal",frels001,3,0,empty,empty,1,single,8,1,6
2025-06-11,MIL202506110,MIL,"Durbin, Caleb",durbc002,3,0,1B,1B,1,field_out,8,1,6
2025-06-11,MIL202506110,MIL,"Ortiz, Joey",ortij005,3,1,2B,2B,1,field_out,8,1,6
2025-06-11,MIL202506110,MIL,"Haase, Eric",haase001,3,2,2B,2B,1,double,8,1,6
2025-06-11,MIL202506110,MIL,"Turang, Brice",turab002,4,2,2B,2B,1,field_out,8,2,6
2025-06-11,MIL202506110,MIL,"Chourio, Jackson",chouj001,4,0,empty,empty,1,field_out,9,2,6
2025-06-11,MIL202506110,MIL,"Contreras, William",contw002,4,1,empty,empty,1,strikeout,9,2,6
2025-06-11,MIL202506110,MIL,"Bauers, Jake",bauej001,4,2,empty,empty,1,field_out,9,2,6
2025-06-12,MIL202506120,MIL,"Frelick, Sal",frels001,1,0,empty,empty,1,single,1,0,0
2025-06-12,MIL202506120,MIL,"Chourio, Jackson",chouj001,1,0,1B,1B,1,grounded_into_double_play,1,0,0
2025-06-12,MIL202506120,MIL,"Contreras, William",contw002,1,2,empty,empty,1,strikeout,1,0,0
2025-06-12,MIL202506120,MIL,"Yelich, Christian",yelic001,1,0,empty,empty,1,strikeout,2,0,0
2025-06-12,MIL202506120,MIL,"Hoskins, Rhys",hoskr001,1,1,empty,empty,1,field_out,2,0,0
2025-06-12,MIL202506120,MIL,"Collins, Isaac",colli001,1,2,empty,empty,1,triple,2,0,0
2025-06-12,MIL202506120,MIL,"Turang, Brice",turab002,1,2,3B,3B,1,single,2,0,0
2025-06-12,MIL202506120,MIL,"Durbin, Caleb",durbc002,1,2,1B,1B,1,field_out,2,1,0
2025-06-12,MIL202506120,MIL,"Ortiz, Joey",ortij005,1,0,empty,empty,1,field_out,3,1,0
2025-06-12,MIL202506120,MIL,"Frelick, Sal",frels001,2,1,empty,empty,1,field_out,3,1,0
2025-06-12,MIL202506120,MIL,"Chourio, Jackson",chouj001,2,2,empty,empty,1,field_out,3,1,0
2025-06-12,MIL202506120,MIL,"Contreras, William",contw002,2,0,empty,empty,1,strikeout,4,1,0
2025-06-12,MIL202506120,MIL,"Yelich, Christian",yelic001,2,1,empty,empty,1,field_out,4,1,0
2025-06-12,MIL202506120,MIL,"Hoskins, Rhys",hoskr001,2,2,empty,empty,1,strikeout,4,1,0
2025-06-12,MIL202506120,MIL,"Collins, Isaac",colli001,2,0,empty,empty,1,walk,5,1,0
2025-06-12,MIL202506120,MIL,"Turang, Brice",turab002,2,1,1B,empty,0,single,5,1,0
2025-06-12,MIL202506120,MIL,"Durbin, Caleb",durbc002,2,1,1B,1B,1,single,5,1,0
2025-06-12,MIL202506120,MIL,"Ortiz, Joey",ortij005,2,1,1B+2B,1B+2B,1,double,5,1,0
2025-06-12,MIL202506120,MIL,"Frelick, Sal",frels001,3,1,2B+3B,2B+3B,1,single,5,2,0
2025-06-12,MIL202506120,MIL,"Chourio, Jackson",chouj001,3,1,1B,1B,1,home_run,5,4,0
2025-06-12,MIL202506120,MIL,"Contreras, William",contw002,3,1,empty,empty,1,field_out,5,6,0
2025-06-12,MIL202506120,MIL,"Yelich, Christian",yelic001,3,2,empty,empty,1,single,5,6,0
2025-06-12,MIL202506120,MIL,"Hoskins, Rhys",hoskr001,3,2,1B,2B,0,field_out,5,6,0
2025-06-12,MIL202506120,MIL,"Collins, Isaac",colli001,3,0,empty,empty,1,field_out,6,6,0
2025-06-12,MIL202506120,MIL,"Turang, Brice",turab002,3,1,empty,empty,1,field_out,6,6,0
2025-06-12,MIL202506120,MIL,"Durbin, Caleb",durbc002,3,2,empty,empty,1,field_out,6,6,0
2025-06-12,MIL202506120,MIL,"Ortiz, Joey",ortij005,3,0,empty,empty,1,field_out,7,6,0
2025-06-12,MIL202506120,MIL,"Frelick, Sal",frels001,4,1,empty,empty,1,single,7,6,0
2025-06-12,MIL202506120,MIL,"Chourio, Jackson",chouj001,4,1,1B,1B,1,field_out,7,6,0
2025-06-12,MIL202506120,MIL,"Contreras, William",contw002,4,2,1B,1B,1,field_out,7,6,0
2025-06-12,MIL202506120,MIL,"Yelich, Christian",yelic001,4,0,empty,empty,1,single,8,6,0
2025-06-12,MIL202506120,MIL,"Hoskins, Rhys",hoskr001,4,0,1B,1B,1,grounded_into_double_play,8,6,0
2025-06-12,MIL202506120,MIL,"Collins, Isaac",colli001,4,2,empty,empty,1,single,8,6,0
2025-06-12,MIL202506120,MIL,"Turang, Brice",turab002,4,2,1B,1B,1,field_out,8,6,0
2025-06-13,MIL202506130,MIL,"Frelick, Sal",frels001,1,0,empty,empty,1,field_out,1,0,0
2025-06-13,MIL202506130,MIL,"Chourio, Jackson",chouj001,1,1,empty,empty,1,strikeout,1,0,0
2025-06-13,MIL202506130,MIL,"Contreras, William",contw002,1,2,empty,empty,1,field_out,1,0,0
2025-06-13,MIL202506130,MIL,"Yelich, Christian",yelic001,1,0,empty,empty,1,field_out,2,0,0
2025-06-13,MIL202506130,MIL,"Hoskins, Rhys",hoskr001,1,1,empty,empty,1,field_out,2,0,0
2025-06-13,MIL202506130,MIL,"Collins, Isaac",colli001,1,2,empty,empty,1,strikeout,2,0,0
2025-06-13,MIL202506130,MIL,"Turang, Brice",turab002,1,0,empty,empty,1,strikeout,3,0,0
2025-06-13,MIL202506130,MIL,"Durbin, Caleb",durbc002,1,1,empty,empty,1,field_out,3,0,0
2025-06-13,MIL202506130,MIL,"Ortiz, Joey",ortij005,1,2,empty,empty,1,field_out,3,0,0
2025-06-13,MIL202506130,MIL,"Frelick, Sal",frels001,2,0,empty,empty,1,single,4,0,0
2025-06-13,MIL202506130,MIL,"Chourio, Jackson",chouj001,2,0,1B,1B,1,field_out,4,0,0
2025-06-13,MIL202506130,MIL,"Contreras, William",contw002,2,1,1B,1B,1,double,4,0,0
2025-06-13,MIL202506130,MIL,"Yelich, Christian",yelic001,2,1,2B,2B,1,walk,4,1,0
2025-06-13,MIL202506130,MIL,"Hoskins, Rhys",hoskr001,2,1,1B+2B,1B+2B,1,field_out,4,1,0
2025-06-13,MIL202506130,MIL,"Collins, Isaac",colli001,2,2,1B+2B,1B+2B,1,strikeout,4,1,0
2025-06-13,MIL202506130,MIL,"Turang, Brice",turab002,2,0,empty,empty,1,strikeout,5,1,1
2025-06-13,MIL202506130,MIL,"Durbin, Caleb",durbc002,2,1,empty,empty,1,field_out,5,1,1
2025-06-13,MIL202506130,MIL,"Ortiz, Joey",ortij005,2,2,empty,empty,1,field_out,5,1,1
2025-06-13,MIL202506130,MIL,"Frelick, Sal",frels001,3,0,empty,empty,1,single,6,1,1
2025-06-13,MIL202506130,MIL,"Chourio, Jackson",chouj001,3,0,1B,2B,0,single,6,1,1
2025-06-13,MIL202506130,MIL,"Contreras, William",contw002,3,0,2B+3B,2B+3B,1,sac_fly,6,1,1
2025-06-13,MIL202506130,MIL,"Yelich, Christian",yelic001,3,1,3B,3B,1,fielders_choice,6,2,1
2025-06-13,MIL202506130,MIL,"Hoskins, Rhys",hoskr001,3,2,1B,empty,0,strikeout,6,3,1
2025-06-13,MIL202506130,MIL,"Collins, Isaac",colli001,3,0,empty,empty,1,field_out,7,3,1
2025-06-13,MIL202506130,MIL,"Turang, Brice",turab002,3,1,empty,empty,1,field_out,7,3,1
2025-06-13,MIL202506130,MIL,"Durbin, Caleb",durbc002,3,2,empty,empty,1,single,7,3,1
2025-06-13,MIL202506130,MIL,"Ortiz, Joey",ortij005,3,2,1B,1B,1,strikeout,7,3,1
2025-06-13,MIL202506130,MIL,"Frelick, Sal",frels001,4,0,empty,empty,1,strikeout,8,3,1
2025-06-13,MIL202506130,MIL,"Chourio, Jackson",chouj001,4,1,empty,empty,1,field_out,8,3,1
2025-06-13,MIL202506130,MIL,"Contreras, William",contw002,4,2,empty,empty,1,field_out,8,3,1
2025-06-14,MIL202506140,MIL,"Frelick, Sal",frels001,1,0,empty,empty,1,walk,1,0,1
2025-06-14,MIL202506140,MIL,"Chourio, Jackson",chouj001,1,0,1B,1B,1,strikeout,1,0,1
2025-06-14,MIL202506140,MIL,"Contreras, William",contw002,1,1,2B,2B,1,field_out,1,0,1
2025-06-14,MIL202506140,MIL,"Yelich, Christian",yelic001,1,2,3B,3B,1,strikeout,1,0,1
2025-06-14,MIL202506140,MIL,"Hoskins, Rhys",hoskr001,1,0,empty,empty,1,strikeout,2,0,1
2025-06-14,MIL202506140,MIL,"Collins, Isaac",colli001,1,1,empty,empty,1,strikeout,2,0,1
2025-06-14,MIL202506140,MIL,"Turang, Brice",turab002,1,2,empty,empty,1,strikeout,2,0,1
2025-06-14,MIL202506140,MIL,"Durbin, Caleb",durbc002,1,0,empty,empty,1,field_out,3,0,1
2025-06-14,MIL202506140,MIL,"Ortiz, Joey",ortij005,1,1,empty,empty,1,field_out,3,0,1
2025-06-14,MIL202506140,MIL,"Frelick, Sal",frels001,2,2,empty,empty,1,field_out,3,0,1
2025-06-14,MIL202506140,MIL,"Chourio, Jackson",chouj001,2,0,empty,empty,1,triple,4,0,4
2025-06-14,MIL202506140,MIL,"Contreras, William",contw002,2,0,3B,3B,1,strikeout,4,0,4
2025-06-14,MIL202506140,MIL,"Yelich, Christian",yelic001,2,1,3B,empty,0,strikeout,4,1,4
2025-06-14,MIL202506140,MIL,"Hoskins, Rhys",hoskr001,2,2,empty,empty,1,hit_by_pitch,4,1,4
2025-06-14,MIL202506140,MIL,"Collins, Isaac",colli001,2,2,1B,1B,1,field_out,4,1,4
2025-06-14,MIL202506140,MIL,"Turang, Brice",turab002,2,0,empty,empty,1,single,5,1,7
2025-06-14,MIL202506140,MIL,"Durbin, Caleb",durbc002,2,0,1B,2B,0,walk,5,1,7
2025-06-14,MIL202506140,MIL,"Ortiz, Joey",ortij005,2,0,1B+2B,1B+2B,1,sac_bunt,5,1,7
2025-06-14,MIL202506140,MIL,"Frelick, Sal",frels001,3,1,2B+3B,2B+3B,1,double,5,1,7
2025-06-14,MIL202506140,MIL,"Chourio, Jackson",chouj001,3,1,2B,2B,1,single,5,3,7
2025-06-14,MIL202506140,MIL,"Contreras, William",contw002,3,1,1B,1B,1,field_out,5,4,7
2025-06-14,MIL202506140,MIL,"Yelich, Christian",yelic001,3,2,1B,1B,1,field_out,5,4,7
2025-06-14,MIL202506140,MIL,"Hoskins, Rhys",hoskr001,3,0,empty,empty,1,strikeout,6,4,7
2025-06-14,MIL202506140,MIL,"Collins, Isaac",colli001,3,1,empty,empty,1,strikeout,6,4,7
2025-06-14,MIL202506140,MIL,"Turang, Brice",turab002,3,2,empty,empty,1,walk,6,4,7
2025-06-14,MIL202506140,MIL,"Durbin, Caleb",durbc002,3,2,1B,1B,1,single,6,4,7
2025-06-14,MIL202506140,MIL,"Ortiz, Joey",ortij005,3,2,1B+2B,1B+2B,1,field_out,6,4,7
2025-06-14,MIL202506140,MIL,"Frelick, Sal",frels001,4,0,empty,empty,1,double,7,4,7
2025-06-14,MIL202506140,MIL,"Chourio, Jackson",chouj001,4,0,2B,2B,1,field_out,7,4,7
2025-06-14,MIL202506140,MIL,"Contreras, William",contw002,4,1,2B,2B,1,walk,7,4,7
2025-06-14,MIL202506140,MIL,"Yelich, Christian",yelic001,4,1,1B+2B,1B+2B,1,field_out,7,4,7
2025-06-14,MIL202506140,MIL,"Hoskins, Rhys",hoskr001,4,2,1B+2B,1B+2B,1,field_out,7,4,7
2025-06-14,MIL202506140,MIL,"Collins, Isaac",colli001,4,0,empty,empty,1,strikeout,8,4,7
2025-06-14,MIL202506140,MIL,"Turang, Brice",turab002,4,1,empty,empty,1,single,8,4,7
2025-06-14,MIL202506140,MIL,"Durbin, Caleb",durbc002,4,1,1B,1B,1,hit_by_pitch,8,4,7
2025-06-14,MIL202506140,MIL,"Bauers, Jake",bauej001,1,1,1B+2B,1B+2B,1,walk,8,4,7
2025-06-14,MIL202506140,MIL,"Frelick, Sal",frels001,5,1,1B+2B+3B,1B+2B+3B,1,strikeout,8,4,7
2025-06-14,MIL202506140,MIL,"Chourio, Jackson",chouj001,5,2,1B+2B+3B,1B+2B+3B,1,strikeout,8,4,7
2025-06-14,MIL202506140,MIL,"Contreras, William",contw002,5,0,empty,empty,1,home_run,9,4,8
2025-06-14,MIL202506140,MIL,"Yelich, Christian",yelic001,5,0,empty,empty,1,strikeout,9,5,8
2025-06-14,MIL202506140,MIL,"Hoskins, Rhys",hoskr001,5,1,empty,empty,1,field_out,9,5,8
2025-06-14,MIL202506140,MIL,"Collins, Isaac",colli001,5,2,empty,empty,1,single,9,5,8
2025-06-14,MIL202506140,MIL,"Turang, Brice",turab002,5,2,1B,2B,0,strikeout,9,5,8
2025-06-15,MIL202506150,MIL,"Frelick, Sal",frels001,1,0,empty,empty,1,strikeout,1,0,0
2025-06-15,MIL202506150,MIL,"Chourio, Jackson",chouj001,1,1,empty,empty,1,single,1,0,0
2025-06-15,MIL202506150,MIL,"Contreras, William",contw002,1,1,1B,1B,1,walk,1,0,0
2025-06-15,MIL202506150,MIL,"Yelich, Christian",yelic001,1,1,1B+2B,1B+2B,1,strikeout,1,0,0
2025-06-15,MIL202506150,MIL,"Hoskins, Rhys",hoskr001,1,2,1B+2B,1B+2B,1,strikeout,1,0,0
2025-06-15,MIL202506150,MIL,"Turang, Brice",turab002,1,0,empty,empty,1,double,2,0,0
2025-06-15,MIL202506150,MIL,"Durbin, Caleb",durbc002,1,0,2B,2B,1,field_out,2,0,0
2025-06-15,MIL202506150,MIL,"Avans, Drew",avand001,1,1,2B,2B,1,strikeout,2,0,0
2025-06-15,MIL202506150,MIL,"Ortiz, Joey",ortij005,1,2,2B,2B,1,field_out,2,0,0
2025-06-15,MIL202506150,MIL,"Frelick, Sal",frels001,2,0,empty,empty,1,field_out,3,0,0
2025-06-15,MIL202506150,MIL,"Chourio, Jackson",chouj001,2,1,empty,empty,1,strikeout,3,0,0
2025-06-15,MIL202506150,MIL,"Contreras, William",contw002,2,2,empty,empty,1,strikeout,3,0,0
2025-06-15,MIL202506150,MIL,"Yelich, Christian",yelic001,2,0,empty,empty,1,home_run,4,0,1
2025-06-15,MIL202506150,MIL,"Hoskins, Rhys",hoskr001,2,0,empty,empty,1,single,4,1,1
2025-06-15,MIL202506150,MIL,"Turang, Brice",turab002,2,0,1B,1B,1,field_out,4,1,1
2025-06-15,MIL202506150,MIL,"Durbin, Caleb",durbc002,2,1,1B,1B,1,single,4,1,1
2025-06-15,MIL202506150,MIL,"Avans, Drew",avand001,2,1,1B+2B,2B+3B,0,sac_fly,4,1,1
2025-06-15,MIL202506150,MIL,"Ortiz, Joey",ortij005,2,2,3B,3B,1,strikeout,4,2,1
2025-06-15,MIL202506150,MIL,"Frelick, Sal",frels001,3,0,empty,empty,1,field_out,5,2,1
2025-06-15,MIL202506150,MIL,"Chourio, Jackson",chouj001,3,1,empty,empty,1,field_out,5,2,1
2025-06-15,MIL202506150,MIL,"Contreras, William",contw002,3,2,empty,empty,1,field_out,5,2,1
2025-06-15,MIL202506150,MIL,"Yelich, Christian",yelic001,3,0,empty,empty,1,single,6,2,1
2025-06-15,MIL202506150,MIL,"Hoskins, Rhys",hoskr001,3,0,1B,1B,1,grounded_into_double_play,6,2,1
2025-06-15,MIL202506150,MIL,"Turang, Brice",turab002,3,2,empty,empty,1,field_out,6,2,1
2025-06-15,MIL202506150,MIL,"Durbin, Caleb",durbc002,3,0,empty,empty,1,single,7,2,1
2025-06-15,MIL202506150,MIL,"Avans, Drew",avand001,3,0,1B,1B,1,field_out,7,2,1
2025-06-15,MIL202506150,MIL,"Ortiz, Joey",ortij005,3,1,2B,2B,1,single,7,2,1
2025-06-15,MIL202506150,MIL,"Frelick, Sal",frels001,4,1,1B+3B,2B+3B,0,field_out,7,2,1
2025-06-15,MIL202506150,MIL,"Chourio, Jackson",chouj001,4,2,3B,3B,1,strikeout,7,3,1
2025-06-15,MIL202506150,MIL,"Contreras, William",contw002,4,0,empty,empty,1,field_out,8,3,2
2025-06-15,MIL202506150,MIL,"Yelich, Christian",yelic001,4,1,empty,empty,1,double,8,3,2
2025-06-15,MIL202506150,MIL,"Hoskins, Rhys",hoskr001,4,1,2B,2B,1,strikeout,8,3,2
2025-06-15,MIL202506150,MIL,"Turang, Brice",turab002,4,2,2B,2B,1,strikeout,8,3,2
2025-06-17,CHN202506170,MIL,"Frelick, Sal",frels001,1,0,empty,empty,1,strikeout,1,0,0
2025-06-17,CHN202506170,MIL,"Chourio, Jackson",chouj001,1,1,empty,empty,1,field_out,1,0,0
2025-06-17,CHN202506170,MIL,"Contreras, William",contw002,1,2,empty,empty,1,double,1,0,0
2025-06-17,CHN202506170,MIL,"Yelich, Christian",yelic001,1,2,2B,2B,1,strikeout,1,0,0
2025-06-17,CHN202506170,MIL,"Hoskins, Rhys",hoskr001,1,0,empty,empty,1,walk,2,0,0
2025-06-17,CHN202506170,MIL,"Collins, Isaac",colli001,1,0,1B,1B,1,home_run,2,0,0
2025-06-17,CHN202506170,MIL,"Turang, Brice",turab002,1,0,empty,empty,1,single,2,2,0
2025-06-17,CHN202506170,MIL,"Durbin, Caleb",durbc002,1,0,1B,1B,1,strikeout,2,2,0
2025-06-17,CHN202506170,MIL,"Ortiz, Joey",ortij005,1,1,1B,1B,1,field_out,2,2,0
2025-06-17,CHN202506170,MIL,"Frelick, Sal",frels001,2,2,1B,1B,1,field_out,2,2,0
2025-06-17,CHN202506170,MIL,"Chourio, Jackson",chouj001,2,0,empty,empty,1,field_out,3,2,1
2025-06-17,CHN202506170,MIL,"Contreras, William",contw002,2,1,empty,empty,1,field_out,3,2,1
2025-06-17,CHN202506170,MIL,"Yelich, Christian",yelic001,2,2,empty,empty,1,double,3,2,1
2025-06-17,CHN202506170,MIL,"Hoskins, Rhys",hoskr001,2,2,2B,2B,1,strikeout,3,2,1
2025-06-17,CHN202506170,MIL,"Collins, Isaac",colli001,2,0,empty,empty,1,double,4,2,1
2025-06-17,CHN202506170,MIL,"Turang, Brice",turab002,2,0,2B,2B,1,walk,4,2,1
2025-06-17,CHN202506170,MIL,"Durbin, Caleb",durbc002,2,0,1B+2B,1B+2B,1,field_out,4,2,1
2025-06-17,CHN202506170,MIL,"Ortiz, Joey",ortij005,2,1,1B+2B,1B+2B,1,field_out,4,2,1
2025-06-17,CHN202506170,MIL,"Frelick, Sal",frels001,3,2,1B+2B,1B+2B,1,field_out,4,2,1
2025-06-17,CHN202506170,MIL,"Chourio, Jackson",chouj001,3,0,empty,empty,1,field_out,5,2,1
2025-06-17,CHN202506170,MIL,"Contreras, William",contw002,3,1,empty,empty,1,single,5,2,1
2025-06-17,CHN202506170,MIL,"Yelich, Christian",yelic001,3,1,1B,1B,1,strikeout,5,2,1
2025-06-17,CHN202506170,MIL,"Hoskins, Rhys",hoskr001,3,2,1B,1B,1,hit_by_pitch,5,2,1
2025-06-17,CHN202506170,MIL,"Collins, Isaac",colli001,3,2,1B+2B,1B+2B,1,field_out,5,2,1
2025-06-17,CHN202506170,MIL,"Turang, Brice",turab002,3,0,empty,empty,1,single,6,2,4
2025-06-17,CHN202506170,MIL,"Durbin, Caleb",durbc002,3,0,1B,2B,0,field_out,6,2,4
2025-06-17,CHN202506170,MIL,"Ortiz, Joey",ortij005,3,1,2B,2B,1,single,6,2,4
2025-06-17,CHN202506170,MIL,"Frelick, Sal",frels001,4,1,1B,1B,1,strikeout_double_play,6,3,4
2025-06-17,CHN202506170,MIL,"Chourio, Jackson",chouj001,4,0,empty,empty,1,field_out,7,3,4
2025-06-17,CHN202506170,MIL,"Contreras, William",contw002,4,1,empty,empty,1,walk,7,3,4
2025-06-17,CHN202506170,MIL,"Yelich, Christian",yelic001,4,1,1B,1B,1,field_out,7,3,4
2025-06-17,CHN202506170,MIL,"Hoskins, Rhys",hoskr001,4,2,2B,3B,0,strikeout,7,3,4
2025-06-17,CHN202506170,MIL,"Collins, Isaac",colli001,4,0,empty,empty,1,strikeout,8,3,4
2025-06-17,CHN202506170,MIL,"Turang, Brice",turab002,4,1,empty,empty,1,field_out,8,3,4
2025-06-17,CHN202506170,MIL,"Durbin, Caleb",durbc002,4,2,empty,empty,1,strikeout,8,3,4
2025-06-17,CHN202506170,MIL,"Ortiz, Joey",ortij005,4,0,empty,empty,1,strikeout,9,3,5
2025-06-17,CHN202506170,MIL,"Frelick, Sal",frels001,5,1,empty,empty,1,field_out,9,3,5
2025-06-17,CHN202506170,MIL,"Chourio, Jackson",chouj001,5,2,empty,empty,1,double,9,3,5
2025-06-17,CHN202506170,MIL,"Contreras, William",contw002,5,2,2B,2B,1,field_out,9,3,5
2025-06-19,CHN202506190,MIL,"Frelick, Sal",frels001,1,0,empty,empty,1,field_out,1,0,0
2025-06-19,CHN202506190,MIL,"Chourio, Jackson",chouj001,1,1,empty,empty,1,double,1,0,0
2025-06-19,CHN202506190,MIL,"Yelich, Christian",yelic001,1,1,2B,2B,1,single,1,0,0
2025-06-19,CHN202506190,MIL,"Contreras, William",contw002,1,1,1B,1B,1,grounded_into_double_play,1,1,0
2025-06-19,CHN202506190,MIL,"Turang, Brice",turab002,1,0,empty,empty,1,field_out,2,1,2
2025-06-19,CHN202506190,MIL,"Hoskins, Rhys",hoskr001,1,1,empty,empty,1,home_run,2,1,2
2025-06-19,CHN202506190,MIL,"Collins, Isaac",colli001,1,1,empty,empty,1,walk,2,2,2
2025-06-19,CHN202506190,MIL,"Durbin, Caleb",durbc002,1,1,1B,1B,1,home_run,2,2,2
2025-06-19,CHN202506190,MIL,"Ortiz, Joey",ortij005,1,1,empty,empty,1,field_out,2,4,2
2025-06-19,CHN202506190,MIL,"Frelick, Sal",frels001,2,2,empty,empty,1,field_out,2,4,2
2025-06-19,CHN202506190,MIL,"Chourio, Jackson",chouj001,2,0,empty,empty,1,single,3,4,2
2025-06-19,CHN202506190,MIL,"Yelich, Christian",yelic001,2,0,1B,1B,1,single,3,4,2
2025-06-19,CHN202506190,MIL,"Contreras, William",contw002,2,0,1B+3B,1B+3B,1,single,3,4,2
2025-06-19,CHN202506190,MIL,"Turang, Brice",turab002,2,0,1B+2B,1B+2B,1,field_out,3,5,2
2025-06-19,CHN202506190,MIL,"Hoskins, Rhys",hoskr001,2,1,1B+2B,1B+2B,1,field_out,3,5,2
2025-06-19,CHN202506190,MIL,"Collins, Isaac",colli001,2,2,1B+2B,1B+3B,0,strikeout,3,5,2
2025-06-19,CHN202506190,MIL,"Durbin, Caleb",durbc002,2,0,empty,empty,1,strikeout,4,5,2
2025-06-19,CHN202506190,MIL,"Ortiz, Joey",ortij005,2,1,empty,empty,1,single,4,5,2
2025-06-19,CHN202506190,MIL,"Frelick, Sal",frels001,3,1,1B,1B,1,field_out,4,5,2
2025-06-19,CHN202506190,MIL,"Chourio, Jackson",chouj001,3,2,1B,1B,1,field_out,4,5,2
2025-06-19,CHN202506190,MIL,"Yelich, Christian",yelic001,3,0,empty,empty,1,field_out,5,5,3
2025-06-19,CHN202506190,MIL,"Contreras, William",contw002,3,1,empty,empty,1,walk,5,5,3
2025-06-19,CHN202506190,MIL,"Turang, Brice",turab002,3,1,1B,1B,1,double,5,5,3
2025-06-19,CHN202506190,MIL,"Hoskins, Rhys",hoskr001,3,1,2B+3B,2B+3B,1,field_out,5,5,3
2025-06-19,CHN202506190,MIL,"Collins, Isaac",colli001,3,2,2B+3B,2B+3B,1,home_run,5,5,3
2025-06-19,CHN202506190,MIL,"Durbin, Caleb",durbc002,3,2,empty,empty,1,field_out,5,8,3
2025-06-19,CHN202506190,MIL,"Ortiz, Joey",ortij005,3,0,empty,empty,1,single,6,8,3
2025-06-19,CHN202506190,MIL,"Frelick, Sal",frels001,4,0,1B,1B,1,field_out,6,8,3
2025-06-19,CHN202506190,MIL,"Chourio, Jackson",chouj001,4,1,2B,2B,1,strikeout,6,8,3
2025-06-19,CHN202506190,MIL,"Yelich, Christian",yelic001,4,2,2B,2B,1,strikeout,6,8,3
2025-06-19,CHN202506190,MIL,"Contreras, William",contw002,4,0,empty,empty,1,walk,7,8,3
2025-06-19,CHN202506190,MIL,"Turang, Brice",turab002,4,0,1B,1B,1,field_out,7,8,3
2025-06-19,CHN202506190,MIL,"Hoskins, Rhys",hoskr001,4,1,1B,1B,1,strikeout_double_play,7,8,3
2025-06-19,CHN202506190,MIL,"Collins, Isaac",colli001,4,0,empty,empty,1,field_out,8,8,5
2025-06-19,CHN202506190,MIL,"Durbin, Caleb",durbc002,4,1,empty,empty,1,field_out,8,8,5
2025-06-19,CHN202506190,MIL,"Ortiz, Joey",ortij005,4,2,empty,empty,1,field_out,8,8,5
2025-06-19,CHN202506190,MIL,"Frelick, Sal",frels001,5,0,empty,empty,1,single,9,8,7
2025-06-19,CHN202506190,MIL,"Chourio, Jackson",chouj001,5,0,1B,1B,1,field_out,9,8,7
2025-06-19,CHN202506190,MIL,"Yelich, Christian",yelic001,5,1,1B,1B,1,strikeout,9,8,7
2025-06-19,CHN202506190,MIL,"Contreras, William",contw002,5,2,2B,2B,1,intent_walk,9,8,7
2025-06-19,CHN202506190,MIL,"Turang, Brice",turab002,5,2,1B+2B,1B+2B,1,strikeout,9,8,7
2025-06-20,MIN202506200,MIL,"Frelick, Sal",frels001,1,0,empty,empty,1,strikeout,1,0,0
2025-06-20,MIN202506200,MIL,"Chourio, Jackson",chouj001,1,1,empty,empty,1,walk,1,0,0
2025-06-20,MIN202506200,MIL,"Yelich, Christian",yelic001,1,1,1B,1B,1,field_out,1,0,0
2025-06-20,MIN202506200,MIL,"Contreras, William",contw002,1,2,1B,1B,1,strikeout,1,0,0
2025-06-20,MIN202506200,MIL,"Turang, Brice",turab002,1,0,empty,empty,1,strikeout,2,0,0
2025-06-20,MIN202506200,MIL,"Hoskins, Rhys",hoskr001,1,1,empty,empty,1,field_out,2,0,0
2025-06-20,MIN202506200,MIL,"Collins, Isaac",colli001,1,2,empty,empty,1,walk,2,0,0
2025-06-20,MIN202506200,MIL,"Durbin, Caleb",durbc002,1,0,1B,empty,0,strikeout,3,0,0
2025-06-20,MIN202506200,MIL,"Ortiz, Joey",ortij005,1,1,empty,empty,1,strikeout,3,0,0
2025-06-20,MIN202506200,MIL,"Frelick, Sal",frels001,2,2,empty,empty,1,field_out,3,0,0
2025-06-20,MIN202506200,MIL,"Chourio, Jackson",chouj001,2,0,empty,empty,1,walk,4,0,0
2025-06-20,MIN202506200,MIL,"Yelich, Christian",yelic001,2,0,1B,2B,0,field_out,4,0,0
2025-06-20,MIN202506200,MIL,"Contreras, William",contw002,2,1,3B,3B,1,sac_fly,4,0,0
2025-06-20,MIN202506200,MIL,"Turang, Brice",turab002,2,2,empty,empty,1,field_out,4,1,0
2025-06-20,MIN202506200,MIL,"Hoskins, Rhys",hoskr001,2,0,empty,empty,1,single,5,1,0
2025-06-20,MIN202506200,MIL,"Collins, Isaac",colli001,2,0,1B,1B,1,double_play,5,1,0
2025-06-20,MIN202506200,MIL,"Durbin, Caleb",durbc002,2,2,empty,empty,1,strikeout,5,1,0
2025-06-20,MIN202506200,MIL,"Ortiz, Joey",ortij005,2,0,empty,empty,1,strikeout,6,1,0
2025-06-20,MIN202506200,MIL,"Frelick, Sal",frels001,3,1,empty,empty,1,single,6,1,0
2025-06-20,MIN202506200,MIL,"Chourio, Jackson",chouj001,3,1,1B,1B,1,double,6,1,0
2025-06-20,MIN202506200,MIL,"Yelich, Christian",yelic001,3,1,3B,3B,1,single,6,2,0
2025-06-20,MIN202506200,MIL,"Contreras, William",contw002,3,1,1B,1B,1,field_out,6,3,0
2025-06-20,MIN202506200,MIL,"Turang, Brice",turab002,3,2,2B,2B,1,single,6,3,0
2025-06-20,MIN202506200,MIL,"Hoskins, Rhys",hoskr001,3,0,1B+3B,empty,0,strikeout,7,3,0
2025-06-20,MIN202506200,MIL,"Collins, Isaac",colli001,3,1,empty,empty,1,single,7,3,0
2025-06-20,MIN202506200,MIL,"Durbin, Caleb",durbc002,3,1,1B,1B,1,single,7,3,0
2025-06-20,MIN202506200,MIL,"Ortiz, Joey",ortij005,3,1,1B+3B,1B+3B,1,single,7,3,0
2025-06-20,MIN202506200,MIL,"Frelick, Sal",frels001,4,1,1B+2B,1B+2B,1,single,7,4,0
2025-06-20,MIN202506200,MIL,"Chourio, Jackson",chouj001,4,1,1B+3B,1B+3B,1,walk,7,5,0
2025-06-20,MIN202506200,MIL,"Yelich, Christian",yelic001,4,1,1B+2B+3B,1B+2B+3B,1,double,7,5,0
2025-06-20,MIN202506200,MIL,"Contreras, William",contw002,4,1,2B,2B,1,field_out,7,8,0
2025-06-20,MIN202506200,MIL,"Turang, Brice",turab002,4,2,2B,3B,0,strikeout,7,8,0
2025-06-20,MIN202506200,MIL,"Hoskins, Rhys",hoskr001,4,0,empty,empty,1,walk,8,8,2
2025-06-20,MIN202506200,MIL,"Collins, Isaac",colli001,4,0,1B,1B,1,field_out,8,8,2
2025-06-20,MIN202506200,MIL,"Durbin, Caleb",durbc002,4,1,1B,1B,1,single,8,8,2
2025-06-20,MIN202506200,MIL,"Ortiz, Joey",ortij005,4,1,1B+2B,1B+2B,1,single,8,8,2
2025-06-20,MIN202506200,MIL,"Frelick, Sal",frels001,5,1,1B+2B,1B+2B,1,single,8,9,2
2025-06-20,MIN202506200,MIL,"Chourio, Jackson",chouj001,5,1,1B+2B+3B,1B+2B+3B,1,field_out,8,9,2
2025-06-20,MIN202506200,MIL,"Yelich, Christian",yelic001,5,2,1B+2B+3B,1B+2B+3B,1,double,8,9,2
2025-06-20,MIN202506200,MIL,"Contreras, William",contw002,5,2,2B,2B,1,field_out,8,12,2
2025-06-20,MIN202506200,MIL,"Cameron, Daz",camed001,1,0,empty,empty,1,field_out,9,12,2
2025-06-20,MIN202506200,MIL,"Monasterio, Andruw",monaa001,1,1,empty,empty,1,single,9,12,2
2025-06-20,MIN202506200,MIL,"Bauers, Jake",bauej001,1,1,1B,1B,1,single,9,12,2
2025-06-20,MIN202506200,MIL,"Durbin, Caleb",durbc002,5,1,1B+3B,1B+3B,1,walk,9,12,2
2025-06-20,MIN202506200,MIL,"Ortiz, Joey",ortij005,5,1,1B+2B+3B,1B+2B+3B,1,single,9,12,2
2025-06-20,MIN202506200,MIL,"Frelick, Sal",frels001,6,1,1B+2B+3B,1B+2B+3B,1,sac_fly,9,13,2
2025-06-20,MIN202506200,MIL,"Chourio, Jackson",chouj001,6,2,1B+2B,1B+2B,1,double,9,14,2
2025-06-20,MIN202506200,MIL,"Yelich, Christian",yelic001,6,2,2B,2B,1,single,9,16,2
2025-06-20,MIN202506200,MIL,"Haase, Eric",haase001,1,2,1B,1B,1,strikeout,9,17,2
2025-06-21,MIN202506210,MIL,"Frelick, Sal",frels001,1,0,empty,empty,1,single,1,0,0
2025-06-21,MIN202506210,MIL,"Chourio, Jackson",chouj001,1,0,1B,1B,1,field_out,1,0,0
2025-06-21,MIN202506210,MIL,"Yelich, Christian",yelic001,1,1,1B,1B,1,single,1,0,0
2025-06-21,MIN202506210,MIL,"Contreras, William",contw002,1,1,1B+3B,3B,0,walk,1,1,0
2025-06-21,MIN202506210,MIL,"Turang, Brice",turab002,1,1,1B+3B,1B+3B,1,sac_fly,1,1,0
2025-06-21,MIN202506210,MIL,"Hoskins, Rhys",hoskr001,1,2,1B,1B,1,field_out,1,2,0
2025-06-21,MIN202506210,MIL,"Collins, Isaac",colli001,1,0,empty,empty,1,single,2,2,0
2025-06-21,MIN202506210,MIL,"Durbin, Caleb",durbc002,1,0,1B,1B,1,walk,2,2,0
2025-06-21,MIN202506210,MIL,"Ortiz, Joey",ortij005,1,0,1B+2B,1B+2B,1,fielders_choice,2,2,0
2025-06-21,MIN202506210,MIL,"Frelick, Sal",frels001,2,0,1B+2B+3B,1B+2B+3B,1,strikeout,2,2,0
2025-06-21,MIN202506210,MIL,"Chourio, Jackson",chouj001,2,1,1B+2B+3B,1B+2B+3B,1,sac_fly,2,2,0
2025-06-21,MIN202506210,MIL,"Yelich, Christian",yelic001,2,2,1B+3B,1B+3B,1,single,2,3,0
2025-06-21,MIN202506210,MIL,"Contreras, William",contw002,2,2,1B+2B,1B+3B,0,field_out,2,4,0
2025-06-21,MIN202506210,MIL,"Turang, Brice",turab002,2,0,empty,empty,1,field_out,3,4,0
2025-06-21,MIN202506210,MIL,"Hoskins, Rhys",hoskr001,2,1,empty,empty,1,field_out,3,4,0
2025-06-21,MIN202506210,MIL,"Collins, Isaac",colli001,2,2,empty,empty,1,field_out,3,4,0
2025-06-21,MIN202506210,MIL,"Durbin, Caleb",durbc002,2,0,empty,empty,1,field_out,4,4,0
2025-06-21,MIN202506210,MIL,"Ortiz, Joey",ortij005,2,1,empty,empty,1,field_out,4,4,0
2025-06-21,MIN202506210,MIL,"Frelick, Sal",frels001,3,2,empty,empty,1,field_out,4,4,0
2025-06-21,MIN202506210,MIL,"Chourio, Jackson",chouj001,3,0,empty,empty,1,field_out,5,4,0
2025-06-21,MIN202506210,MIL,"Yelich, Christian",yelic001,3,1,empty,empty,1,strikeout,5,4,0
2025-06-21,MIN202506210,MIL,"Contreras, William",contw002,3,2,empty,empty,1,walk,5,4,0
2025-06-21,MIN202506210,MIL,"Turang, Brice",turab002,3,2,1B,1B,1,field_out,5,4,0
2025-06-21,MIN202506210,MIL,"Hoskins, Rhys",hoskr001,3,0,empty,empty,1,field_out,6,4,0
2025-06-21,MIN202506210,MIL,"Collins, Isaac",colli001,3,1,empty,empty,1,field_out,6,4,0
2025-06-21,MIN202506210,MIL,"Durbin, Caleb",durbc002,3,2,empty,empty,1,strikeout,6,4,0
2025-06-21,MIN202506210,MIL,"Ortiz, Joey",ortij005,3,0,empty,empty,1,single,7,4,0
2025-06-21,MIN202506210,MIL,"Frelick, Sal",frels001,4,0,1B,1B,1,sac_bunt,7,4,0
2025-06-21,MIN202506210,MIL,"Chourio, Jackson",chouj001,4,1,2B,2B,1,field_out,7,4,0
2025-06-21,MIN202506210,MIL,"Yelich, Christian",yelic001,4,2,2B,2B,1,intent_walk,7,4,0
2025-06-21,MIN202506210,MIL,"Contreras, William",contw002,4,2,1B+2B,1B+2B,1,field_out,7,4,0
2025-06-21,MIN202506210,MIL,"Turang, Brice",turab002,4,0,empty,empty,1,double,8,4,0
2025-06-21,MIN202506210,MIL,"Hoskins, Rhys",hoskr001,4,0,2B,2B,1,field_out,8,4,0
2025-06-21,MIN202506210,MIL,"Collins, Isaac",colli001,4,1,3B,3B,1,sac_fly,8,4,0
2025-06-21,MIN202506210,MIL,"Durbin, Caleb",durbc002,4,1,3B,3B,1,field_out,8,5,0
2025-06-21,MIN202506210,MIL,"Ortiz, Joey",ortij005,4,2,empty,empty,1,single,8,6,0
2025-06-21,MIN202506210,MIL,"Frelick, Sal",frels001,5,2,1B,1B,1,double,8,6,0
2025-06-21,MIN202506210,MIL,"Chourio, Jackson",chouj001,5,2,2B,2B,1,field_out,8,7,0
2025-06-21,MIN202506210,MIL,"Bauers, Jake",bauej001,1,0,empty,empty,1,walk,9,7,0
2025-06-21,MIN202506210,MIL,"Contreras, William",contw002,5,0,1B,1B,1,grounded_into_double_play,9,7,0
2025-06-21,MIN202506210,MIL,"Turang, Brice",turab002,5,2,empty,empty,1,single,9,7,0
2025-06-21,MIN202506210,MIL,"Hoskins, Rhys",hoskr001,5,2,1B,1B,1,double,9,7,0
2025-06-21,MIN202506210,MIL,"Collins, Isaac",colli001,5,2,2B+3B,2B+3B,1,double,9,7,0
2025-06-21,MIN202506210,MIL,"Durbin, Caleb",durbc002,5,2,2B,2B,1,field_out,9,9,0
2025-06-22,MIN202506220,MIL,"Frelick, Sal",frels001,1,0,empty,empty,1,field_out,1,0,0
2025-06-22,MIN202506220,MIL,"Chourio, Jackson",chouj001,1,1,empty,empty,1,strikeout,1,0,0
2025-06-22,MIN202506220,MIL,"Yelich, Christian",yelic001,1,2,empty,empty,1,double,1,0,0
2025-06-22,MIN202506220,MIL,"Contreras, William",contw002,1,2,2B,2B,1,single,1,0,0
2025-06-22,MIN202506220,MIL,"Collins, Isaac",colli001,1,2,1B,1B,1,strikeout,1,1,0
2025-06-22,MIN202506220,MIL,"Hoskins, Rhys",hoskr001,1,0,empty,empty,1,home_run,2,1,2
2025-06-22,MIN202506220,MIL,"Turang, Brice",turab002,1,0,empty,empty,1,strikeout,2,2,2
2025-06-22,MIN202506220,MIL,"Durbin, Caleb",durbc002,1,1,empty,empty,1,field_out,2,2,2
2025-06-22,MIN202506220,MIL,"Ortiz, Joey",ortij005,1,2,empty,empty,1,field_out,2,2,2
2025-06-22,MIN202506220,MIL,"Frelick, Sal",frels001,2,0,empty,empty,1,single,3,2,2
2025-06-22,MIN202506220,MIL,"Chourio, Jackson",chouj001,2,0,1B,1B,1,single,3,2,2
2025-06-22,MIN202506220,MIL,"Yelich, Christian",yelic001,2,0,1B+2B,1B+2B,1,single,3,2,2
2025-06-22,MIN202506220,MIL,"Contreras, William",contw002,2,0,1B+3B,1B+3B,1,field_out,3,3,2
2025-06-22,MIN202506220,MIL,"Collins, Isaac",colli001,2,1,1B+3B,1B+3B,1,walk,3,3,2
2025-06-22,MIN202506220,MIL,"Hoskins, Rhys",hoskr001,2,1,1B+2B+3B,1B+2B+3B,1,sac_fly,3,3,2
2025-06-22,MIN202506220,MIL,"Turang, Brice",turab002,2,2,1B+2B,1B+2B,1,field_out,3,4,2
2025-06-22,MIN202506220,MIL,"Durbin, Caleb",durbc002,2,0,empty,empty,1,single,4,4,2
2025-06-22,MIN202506220,MIL,"Ortiz, Joey",ortij005,2,0,1B,1B,1,single,4,4,2
2025-06-22,MIN202506220,MIL,"Frelick, Sal",frels001,3,0,1B+3B,1B+3B,1,field_out,4,4,2
2025-06-22,MIN202506220,MIL,"Chourio, Jackson",chouj001,3,1,1B+3B,1B+3B,1,strikeout,4,4,2
2025-06-22,MIN202506220,MIL,"Yelich, Christian",yelic001,3,2,1B+3B,2B,0,strikeout,4,5,2
2025-06-22,MIN202506220,MIL,"Contreras, William",contw002,3,0,empty,empty,1,walk,5,5,3
2025-06-22,MIN202506220,MIL,"Collins, Isaac",colli001,3,0,1B,1B,1,field_out,5,5,3
2025-06-22,MIN202506220,MIL,"Hoskins, Rhys",hoskr001,3,1,1B,1B,1,double,5,5,3
2025-06-22,MIN202506220,MIL,"Turang, Brice",turab002,3,1,2B+3B,2B+3B,1,home_run,5,5,3
2025-06-22,MIN202506220,MIL,"Durbin, Caleb",durbc002,3,1,empty,empty,1,single,5,8,3
2025-06-22,MIN202506220,MIL,"Ortiz, Joey",ortij005,3,1,1B,1B,1,single,5,8,3
2025-06-22,MIN202506220,MIL,"Frelick, Sal",frels001,4,1,1B+2B,1B+2B,1,single,5,8,3
2025-06-22,MIN202506220,MIL,"Chourio, Jackson",chouj001,4,1,1B+2B,1B+2B,1,grounded_into_double_play,5,9,3
2025-06-22,MIN202506220,MIL,"Yelich, Christian",yelic001,4,0,empty,empty,1,field_out,6,9,3
2025-06-22,MIN202506220,MIL,"Contreras, William",contw002,4,1,empty,empty,1,field_out,6,9,3
2025-06-22,MIN202506220,MIL,"Collins, Isaac",colli001,4,2,empty,empty,1,single,6,9,3
2025-06-22,MIN202506220,MIL,"Hoskins, Rhys",hoskr001,4,2,1B,2B,0,walk,6,9,3
2025-06-22,MIN202506220,MIL,"Turang, Brice",turab002,4,2,1B+2B,1B+2B,1,field_out,6,9,3
2025-06-22,MIN202506220,MIL,"Durbin, Caleb",durbc002,4,0,empty,empty,1,single,7,9,4
2025-06-22,MIN202506220,MIL,"Ortiz, Joey",ortij005,4,0,1B,1B,1,grounded_into_double_play,7,9,4
2025-06-22,MIN202506220,MIL,"Frelick, Sal",frels001,5,2,empty,empty,1,field_out,7,9,4
2025-06-22,MIN202506220,MIL,"Chourio, Jackson",chouj001,5,0,empty,empty,1,field_out,8,9,6
2025-06-22,MIN202506220,MIL,"Yelich, Christian",yelic001,5,1,empty,empty,1,field_out,8,9,6
2025-06-22,MIN202506220,MIL,"Contreras, William",contw002,5,2,empty,empty,1,double,8,9,6
2025-06-22,MIN202506220,MIL,"Collins, Isaac",colli001,5,2,2B,2B,1,field_out,8,9,6
2025-06-22,MIN202506220,MIL,"Hoskins, Rhys",hoskr001,5,0,empty,empty,1,strikeout,9,9,8
2025-06-22,MIN202506220,MIL,"Turang, Brice",turab002,5,1,empty,empty,1,single,9,9,8
2025-06-22,MIN202506220,MIL,"Durbin, Caleb",durbc002,5,1,1B,1B,1,field_out,9,9,8
2025-06-22,MIN202506220,MIL,"Ortiz, Joey",ortij005,5,2,1B,2B,0,strikeout,9,9,8
2025-06-23,MIL202506230,MIL,"Frelick, Sal",frels001,1,0,empty,empty,1,field_out,1,0,1
2025-06-23,MIL202506230,MIL,"Chourio, Jackson",chouj001,1,1,empty,empty,1,field_out,1,0,1
2025-06-23,MIL202506230,MIL,"Yelich, Christian",yelic001,1,2,empty,empty,1,single,1,0,1
2025-06-23,MIL202506230,MIL,"Contreras, William",contw002,1,2,1B,1B,1,field_out,1,0,1
2025-06-23,MIL202506230,MIL,"Turang, Brice",turab002,1,0,empty,empty,1,strikeout,2,0,1
2025-06-23,MIL202506230,MIL,"Collins, Isaac",colli001,1,1,empty,empty,1,field_out,2,0,1
2025-06-23,MIL202506230,MIL,"Durbin, Caleb",durbc002,1,2,empty,empty,1,strikeout,2,0,1
2025-06-23,MIL202506230,MIL,"Bauers, Jake",bauej001,1,0,empty,empty,1,field_out,3,0,1
2025-06-23,MIL202506230,MIL,"Ortiz, Joey",ortij005,1,1,empty,empty,1,field_out,3,0,1
2025-06-23,MIL202506230,MIL,"Frelick, Sal",frels001,2,2,empty,empty,1,field_out,3,0,1
2025-06-23,MIL202506230,MIL,"Chourio, Jackson",chouj001,2,0,empty,empty,1,field_out,4,0,3
2025-06-23,MIL202506230,MIL,"Yelich, Christian",yelic001,2,1,empty,empty,1,walk,4,0,3
2025-06-23,MIL202506230,MIL,"Contreras, William",contw002,2,1,1B,1B,1,single,4,0,3
2025-06-23,MIL202506230,MIL,"Turang, Brice",turab002,2,1,1B+2B,1B+2B,1,single,4,0,3
2025-06-23,MIL202506230,MIL,"Collins, Isaac",colli001,2,1,1B+2B,1B+2B,1,single,4,1,3
2025-06-23,MIL202506230,MIL,"Durbin, Caleb",durbc002,2,1,1B+2B+3B,1B+2B+3B,1,sac_fly,4,1,3
2025-06-23,MIL202506230,MIL,"Bauers, Jake",bauej001,2,2,1B+3B,1B+3B,1,strikeout,4,2,3
2025-06-23,MIL202506230,MIL,"Ortiz, Joey",ortij005,2,0,empty,empty,1,single,5,2,4
2025-06-23,MIL202506230,MIL,"Frelick, Sal",frels001,3,0,1B,1B,1,hit_by_pitch,5,2,4
2025-06-23,MIL202506230,MIL,"Chourio, Jackson",chouj001,3,0,1B+2B,1B+2B,1,double_play,5,2,4
2025-06-23,MIL202506230,MIL,"Yelich, Christian",yelic001,3,2,1B,1B,1,home_run,5,2,4
2025-06-23,MIL202506230,MIL,"Contreras, William",contw002,3,2,empty,empty,1,field_out,5,4,4
2025-06-23,MIL202506230,MIL,"Turang, Brice",turab002,3,0,empty,empty,1,field_out,6,4,5
2025-06-23,MIL202506230,MIL,"Collins, Isaac",colli001,3,1,empty,empty,1,single,6,4,5
2025-06-23,MIL202506230,MIL,"Durbin, Caleb",durbc002,3,1,1B,1B,1,field_out,6,4,5
2025-06-23,MIL202506230,MIL,"Bauers, Jake",bauej001,3,2,1B,1B,1,field_out,6,4,5
2025-06-23,MIL202506230,MIL,"Ortiz, Joey",ortij005,3,0,empty,empty,1,field_out,7,4,5
2025-06-23,MIL202506230,MIL,"Frelick, Sal",frels001,4,1,empty,empty,1,field_out,7,4,5
2025-06-23,MIL202506230,MIL,"Chourio, Jackson",chouj001,4,2,empty,empty,1,strikeout,7,4,5
2025-06-23,MIL202506230,MIL,"Yelich, Christian",yelic001,4,0,empty,empty,1,strikeout,8,4,5
2025-06-23,MIL202506230,MIL,"Contreras, William",contw002,4,1,empty,empty,1,single,8,4,5
2025-06-23,MIL202506230,MIL,"Turang, Brice",turab002,4,1,1B,1B,1,field_out,8,4,5
2025-06-23,MIL202506230,MIL,"Collins, Isaac",colli001,4,2,2B,2B,1,strikeout,8,4,5
2025-06-23,MIL202506230,MIL,"Durbin, Caleb",durbc002,4,0,empty,empty,1,single,9,4,5
2025-06-23,MIL202506230,MIL,"Bauers, Jake",bauej001,4,1,1B,empty,0,walk,9,4,5
2025-06-23,MIL202506230,MIL,"Ortiz, Joey",ortij005,4,1,1B,1B,1,strikeout,9,4,5
2025-06-23,MIL202506230,MIL,"Frelick, Sal",frels001,5,2,1B,1B,1,field_out,9,4,5
2025-06-24,MIL202506240,MIL,"Frelick, Sal",frels001,1,0,empty,empty,1,field_out,1,0,0
2025-06-24,MIL202506240,MIL,"Chourio, Jackson",chouj001,1,1,empty,empty,1,field_out,1,0,0
2025-06-24,MIL202506240,MIL,"Yelich, Christian",yelic001,1,2,empty,empty,1,field_out,1,0,0
2025-06-24,MIL202506240,MIL,"Contreras, William",contw002,1,0,empty,empty,1,strikeout,2,0,0
2025-06-24,MIL202506240,MIL,"Turang, Brice",turab002,1,1,empty,empty,1,single,2,0,0
2025-06-24,MIL202506240,MIL,"Hoskins, Rhys",hoskr001,1,1,1B,1B,1,field_out,2,0,0
2025-06-24,MIL202506240,MIL,"Collins, Isaac",colli001,1,0,1B,empty,0,strikeout,3,0,0
2025-06-24,MIL202506240,MIL,"Durbin, Caleb",durbc002,1,1,empty,empty,1,single,3,0,0
2025-06-24,MIL202506240,MIL,"Ortiz, Joey",ortij005,1,1,1B,1B,1,home_run,3,0,0
2025-06-24,MIL202506240,MIL,"Frelick, Sal",frels001,2,1,empty,empty,1,field_out,3,2,0
2025-06-24,MIL202506240,MIL,"Chourio, Jackson",chouj001,2,2,empty,empty,1,walk,3,2,0
2025-06-24,MIL202506240,MIL,"Yelich, Christian",yelic001,2,2,1B,1B,1,field_out,3,2,0
2025-06-24,MIL202506240,MIL,"Contreras, William",contw002,2,0,empty,empty,1,field_out,4,2,0
2025-06-24,MIL202506240,MIL,"Turang, Brice",turab002,2,1,empty,empty,1,single,4,2,0
2025-06-24,MIL202506240,MIL,"Hoskins, Rhys",hoskr001,2,1,1B,1B,1,field_out,4,2,0
2025-06-24,MIL202506240,MIL,"Collins, Isaac",colli001,2,2,1B,1B,1,walk,4,2,0
2025-06-24,MIL202506240,MIL,"Durbin, Caleb",durbc002,2,2,1B+2B,1B+2B,1,home_run,4,2,0
2025-06-24,MIL202506240,MIL,"Ortiz, Joey",ortij005,2,2,empty,empty,1,home_run,4,5,0
2025-06-24,MIL202506240,MIL,"Frelick, Sal",frels001,3,2,empty,empty,1,strikeout,4,6,0
2025-06-24,MIL202506240,MIL,"Chourio, Jackson",chouj001,3,0,empty,empty,1,single,5,6,0
2025-06-24,MIL202506240,MIL,"Yelich, Christian",yelic001,3,0,1B,1B,1,walk,5,6,0
2025-06-24,MIL202506240,MIL,"Contreras, William",contw002,3,0,1B+2B,1B+2B,1,grounded_into_double_play,5,6,0
2025-06-24,MIL202506240,MIL,"Turang, Brice",turab002,3,2,3B,empty,0,strikeout,5,7,0
2025-06-24,MIL202506240,MIL,"Hoskins, Rhys",hoskr001,3,0,empty,empty,1,field_out,6,7,3
2025-06-24,MIL202506240,MIL,"Collins, Isaac",colli001,3,1,empty,empty,1,strikeout,6,7,3
2025-06-24,MIL202506240,MIL,"Durbin, Caleb",durbc002,3,2,empty,empty,1,field_out,6,7,3
2025-06-24,MIL202506240,MIL,"Ortiz, Joey",ortij005,3,0,empty,empty,1,field_out,7,7,3
2025-06-24,MIL202506240,MIL,"Frelick, Sal",frels001,4,1,empty,empty,1,single,7,7,3
2025-06-24,MIL202506240,MIL,"Chourio, Jackson",chouj001,4,1,1B,1B,1,field_out,7,7,3
2025-06-24,MIL202506240,MIL,"Yelich, Christian",yelic001,4,2,1B,1B,1,single,7,7,3
2025-06-24,MIL202506240,MIL,"Contreras, William",contw002,4,2,1B+3B,1B+3B,1,field_out,7,7,3
2025-06-24,MIL202506240,MIL,"Turang, Brice",turab002,4,0,empty,empty,1,field_out,8,7,3
2025-06-24,MIL202506240,MIL,"Hoskins, Rhys",hoskr001,4,1,empty,empty,1,walk,8,7,3
2025-06-24,MIL202506240,MIL,"Collins, Isaac",colli001,4,1,1B,1B,1,single,8,7,3
2025-06-24,MIL202506240,MIL,"Durbin, Caleb",durbc002,4,1,1B+2B,1B+2B,1,fielders_choice,8,7,3
2025-06-24,MIL202506240,MIL,"Ortiz, Joey",ortij005,4,1,1B+2B+3B,1B+2B+3B,1,field_out,8,7,3
2025-06-24,MIL202506240,MIL,"Frelick, Sal",frels001,5,2,1B+3B,1B+3B,1,single,8,8,3
2025-06-24,MIL202506240,MIL,"Chourio, Jackson",chouj001,5,2,1B+3B,2B+3B,0,field_out,8,9,3
2025-06-25,MIL202506250,MIL,"Frelick, Sal",frels001,1,0,empty,empty,1,walk,1,0,0
2025-06-25,MIL202506250,MIL,"Chourio, Jackson",chouj001,1,0,1B,1B,1,field_out,1,0,0
2025-06-25,MIL202506250,MIL,"Yelich, Christian",yelic001,1,1,1B,1B,1,strikeout,1,0,0
2025-06-25,MIL202506250,MIL,"Hoskins, Rhys",hoskr001,1,2,1B,1B,1,strikeout,1,0,0
2025-06-25,MIL202506250,MIL,"Collins, Isaac",colli001,1,0,empty,empty,1,walk,2,0,0
2025-06-25,MIL202506250,MIL,"Turang, Brice",turab002,1,0,1B,1B,1,single,2,0,0
2025-06-25,MIL202506250,MIL,"Durbin, Caleb",durbc002,1,0,1B+2B,1B+2B,1,single,2,0,0
2025-06-25,MIL202506250,MIL,"Ortiz, Joey",ortij005,1,0,1B+2B+3B,1B+2B+3B,1,field_out,2,0,0
2025-06-25,MIL202506250,MIL,"Haase, Eric",haase001,1,1,2B+3B,2B+3B,1,double,2,1,0
2025-06-25,MIL202506250,MIL,"Frelick, Sal",frels001,2,1,2B+3B,2B+3B,1,fielders_choice,2,2,0
2025-06-25,MIL202506250,MIL,"Chourio, Jackson",chouj001,2,1,1B+3B,1B+3B,1,field_out,2,3,0
2025-06-25,MIL202506250,MIL,"Yelich, Christian",yelic001,2,2,1B+3B,1B+3B,1,single,2,3,0
2025-06-25,MIL202506250,MIL,"Hoskins, Rhys",hoskr001,2,2,1B+2B,1B+2B,1,field_out,2,4,0
2025-06-25,MIL202506250,MIL,"Collins, Isaac",colli001,2,0,empty,empty,1,strikeout,3,4,0
2025-06-25,MIL202506250,MIL,"Turang, Brice",turab002,2,1,empty,empty,1,field_out,3,4,0
2025-06-25,MIL202506250,MIL,"Durbin, Caleb",durbc002,2,2,empty,empty,1,strikeout,3,4,0
2025-06-25,MIL202506250,MIL,"Ortiz, Joey",ortij005,2,0,empty,empty,1,field_out,4,4,0
2025-06-25,MIL202506250,MIL,"Haase, Eric",haase001,2,1,empty,empty,1,field_out,4,4,0
2025-06-25,MIL202506250,MIL,"Frelick, Sal",frels001,3,2,empty,empty,1,field_out,4,4,0
2025-06-25,MIL202506250,MIL,"Chourio, Jackson",chouj001,3,0,empty,empty,1,field_out,5,4,0
2025-06-25,MIL202506250,MIL,"Yelich, Christian",yelic001,3,1,empty,empty,1,field_out,5,4,0
2025-06-25,MIL202506250,MIL,"Hoskins, Rhys",hoskr001,3,2,empty,empty,1,field_out,5,4,0
2025-06-25,MIL202506250,MIL,"Collins, Isaac",colli001,3,0,empty,empty,1,walk,6,4,0
2025-06-25,MIL202506250,MIL,"Turang, Brice",turab002,3,0,1B,1B,1,field_out,6,4,0
2025-06-25,MIL202506250,MIL,"Durbin, Caleb",durbc002,3,1,1B,1B,1,field_out,6,4,0
2025-06-25,MIL202506250,MIL,"Ortiz, Joey",ortij005,3,2,1B,1B,1,field_out,6,4,0
2025-06-25,MIL202506250,MIL,"Haase, Eric",haase001,3,0,empty,empty,1,strikeout,7,4,1
2025-06-25,MIL202506250,MIL,"Frelick, Sal",frels001,4,1,empty,empty,1,single,7,4,1
2025-06-25,MIL202506250,MIL,"Chourio, Jackson",chouj001,4,1,1B,1B,1,field_out,7,4,1
2025-06-25,MIL202506250,MIL,"Yelich, Christian",yelic001,4,2,1B,1B,1,field_out,7,4,1
2025-06-25,MIL202506250,MIL,"Hoskins, Rhys",hoskr001,4,0,empty,empty,1,field_out,8,4,2
2025-06-25,MIL202506250,MIL,"Collins, Isaac",colli001,4,1,empty,empty,1,field_out,8,4,2
2025-06-25,MIL202506250,MIL,"Turang, Brice",turab002,4,2,empty,empty,1,single,8,4,2
2025-06-25,MIL202506250,MIL,"Durbin, Caleb",durbc002,4,2,1B,1B,1,field_out,8,4,2
2025-06-27,MIL202506270,MIL,"Frelick, Sal",frels001,1,0,empty,empty,1,single,1,0,0
2025-06-27,MIL202506270,MIL,"Chourio, Jackson",chouj001,1,0,1B,1B,1,strikeout,1,0,0
2025-06-27,MIL202506270,MIL,"Yelich, Christian",yelic001,1,2,1B,empty,0,strikeout,1,0,0
2025-06-27,MIL202506270,MIL,"Contreras, William",contw002,1,0,empty,empty,1,walk,2,0,0
2025-06-27,MIL202506270,MIL,"Collins, Isaac",colli001,1,0,1B,1B,1,field_out,2,0,0
2025-06-27,MIL202506270,MIL,"Hoskins, Rhys",hoskr001,1,1,1B,1B,1,single,2,0,0
2025-06-27,MIL202506270,MIL,"Turang, Brice",turab002,1,1,1B+2B,1B+2B,1,grounded_into_double_play,2,0,0
2025-06-27,MIL202506270,MIL,"Durbin, Caleb",durbc002,1,0,empty,empty,1,single,3,0,0
2025-06-27,MIL202506270,MIL,"Ortiz, Joey",ortij005,1,0,1B,1B,1,field_out,3,0,0
2025-06-27,MIL202506270,MIL,"Frelick, Sal",frels001,2,1,1B,1B,1,field_out,3,0,0
2025-06-27,MIL202506270,MIL,"Chourio, Jackson",chouj001,2,2,1B,2B,0,walk,3,0,0
2025-06-27,MIL202506270,MIL,"Yelich, Christian",yelic001,2,2,1B+2B,1B+2B,1,field_out,3,0,0
2025-06-27,MIL202506270,MIL,"Contreras, William",contw002,2,0,empty,empty,1,single,4,0,0
2025-06-27,MIL202506270,MIL,"Collins, Isaac",colli001,2,0,1B,1B,1,single,4,0,0
2025-06-27,MIL202506270,MIL,"Hoskins, Rhys",hoskr001,2,0,1B+2B,1B+2B,1,walk,4,0,0
2025-06-27,MIL202506270,MIL,"Turang, Brice",turab002,2,0,1B+2B+3B,1B+2B+3B,1,single,4,0,0
2025-06-27,MIL202506270,MIL,"Durbin, Caleb",durbc002,2,0,1B+2B,1B+2B,1,field_out,4,2,0
2025-06-27,MIL202506270,MIL,"Ortiz, Joey",ortij005,2,1,1B+2B,1B+2B,1,field_out,4,2,0
2025-06-27,MIL202506270,MIL,"Frelick, Sal",frels001,3,2,1B+2B,1B+2B,1,single,4,2,0
2025-06-27,MIL202506270,MIL,"Chourio, Jackson",chouj001,3,2,1B+3B,1B+3B,1,home_run,4,3,0
2025-06-27,MIL202506270,MIL,"Yelich, Christian",yelic001,3,2,empty,empty,1,field_out,4,6,0
2025-06-27,MIL202506270,MIL,"Contreras, William",contw002,3,0,empty,empty,1,single,5,6,3
2025-06-27,MIL202506270,MIL,"Collins, Isaac",colli001,3,0,2B,2B,1,sac_bunt,5,6,3
2025-06-27,MIL202506270,MIL,"Hoskins, Rhys",hoskr001,3,1,3B,empty,0,strikeout,5,7,3
2025-06-27,MIL202506270,MIL,"Turang, Brice",turab002,3,2,empty,empty,1,field_out,5,7,3
2025-06-27,MIL202506270,MIL,"Durbin, Caleb",durbc002,3,0,empty,empty,1,double,6,7,4
2025-06-27,MIL202506270,MIL,"Ortiz, Joey",ortij005,3,0,2B,2B,1,walk,6,7,4
2025-06-27,MIL202506270,MIL,"Frelick, Sal",frels001,4,0,1B+2B,1B+2B,1,strikeout,6,7,4
2025-06-27,MIL202506270,MIL,"Chourio, Jackson",chouj001,4,1,1B+2B,1B+2B,1,field_out,6,7,4
2025-06-27,MIL202506270,MIL,"Yelich, Christian",yelic001,4,2,1B+2B,1B+2B,1,field_out,6,7,4
2025-06-27,MIL202506270,MIL,"Contreras, William",contw002,4,0,empty,empty,1,field_out,7,7,4
2025-06-27,MIL202506270,MIL,"Collins, Isaac",colli001,4,1,empty,empty,1,field_out,7,7,4
2025-06-27,MIL202506270,MIL,"Hoskins, Rhys",hoskr001,4,2,empty,empty,1,field_out,7,7,4
2025-06-27,MIL202506270,MIL,"Turang, Brice",turab002,4,0,empty,empty,1,single,8,7,6
2025-06-27,MIL202506270,MIL,"Durbin, Caleb",durbc002,4,0,1B,1B,1,single,8,7,6
2025-06-27,MIL202506270,MIL,"Ortiz, Joey",ortij005,4,0,1B+2B,1B+2B,1,field_out,8,7,6
2025-06-27,MIL202506270,MIL,"Frelick, Sal",frels001,5,1,1B+2B,1B+2B,1,walk,8,7,6
2025-06-27,MIL202506270,MIL,"Chourio, Jackson",chouj001,5,1,1B+2B+3B,1B+2B+3B,1,field_out,8,7,6
2025-06-27,MIL202506270,MIL,"Yelich, Christian",yelic001,5,2,1B+3B,1B+3B,1,double,8,8,6
2025-06-27,MIL202506270,MIL,"Contreras, William",contw002,5,2,2B,2B,1,field_out,8,10,6
2025-06-28,MIL202506280,MIL,"Frelick, Sal",frels001,1,0,empty,empty,1,field_out,1,0,0
2025-06-28,MIL202506280,MIL,"Chourio, Jackson",chouj001,1,1,empty,empty,1,single,1,0,0
2025-06-28,MIL202506280,MIL,"Yelich, Christian",yelic001,1,1,1B,1B,1,single,1,0,0
2025-06-28,MIL202506280,MIL,"Contreras, William",contw002,1,1,1B+2B,1B+2B,1,walk,1,0,0
2025-06-28,MIL202506280,MIL,"Turang, Brice",turab002,1,1,1B+2B+3B,1B+2B+3B,1,single,1,0,0
2025-06-28,MIL202506280,MIL,"Hoskins, Rhys",hoskr001,1,1,1B+2B+3B,1B+2B+3B,1,sac_fly,1,1,0
2025-06-28,MIL202506280,MIL,"Bauers, Jake",bauej001,1,2,1B+3B,1B+3B,1,field_out,1,2,0
2025-06-28,MIL202506280,MIL,"Durbin, Caleb",durbc002,1,0,empty,empty,1,field_out,2,2,0
2025-06-28,MIL202506280,MIL,"Ortiz, Joey",ortij005,1,1,empty,empty,1,field_out,2,2,0
2025-06-28,MIL202506280,MIL,"Frelick, Sal",frels001,2,2,empty,empty,1,walk,2,2,0
2025-06-28,MIL202506280,MIL,"Chourio, Jackson",chouj001,2,2,1B,1B,1,field_out,2,2,0
2025-06-28,MIL202506280,MIL,"Yelich, Christian",yelic001,2,0,empty,empty,1,field_out,3,2,0
2025-06-28,MIL202506280,MIL,"Contreras, William",contw002,2,1,empty,empty,1,field_out,3,2,0
2025-06-28,MIL202506280,MIL,"Turang, Brice",turab002,2,2,empty,empty,1,double,3,2,0
2025-06-28,MIL202506280,MIL,"Hoskins, Rhys",hoskr001,2,2,2B,2B,1,hit_by_pitch,3,2,0
2025-06-28,MIL202506280,MIL,"Bauers, Jake",bauej001,2,2,1B+2B,1B+2B,1,field_out,3,2,0
2025-06-28,MIL202506280,MIL,"Durbin, Caleb",durbc002,2,0,empty,empty,1,single,4,2,0
2025-06-28,MIL202506280,MIL,"Ortiz, Joey",ortij005,2,0,1B,1B,1,home_run,4,2,0
2025-06-28,MIL202506280,MIL,"Frelick, Sal",frels001,3,0,empty,empty,1,field_out,4,4,0
2025-06-28,MIL202506280,MIL,"Chourio, Jackson",chouj001,3,1,empty,empty,1,strikeout,4,4,0
2025-06-28,MIL202506280,MIL,"Yelich, Christian",yelic001,3,2,empty,empty,1,field_out,4,4,0
2025-06-28,MIL202506280,MIL,"Contreras, William",contw002,3,0,empty,empty,1,double,5,4,0
2025-06-28,MIL202506280,MIL,"Turang, Brice",turab002,3,0,2B,2B,1,double,5,4,0
2025-06-28,MIL202506280,MIL,"Hoskins, Rhys",hoskr001,3,0,2B,2B,1,strikeout,5,5,0
2025-06-28,MIL202506280,MIL,"Bauers, Jake",bauej001,3,1,2B,2B,1,walk,5,5,0
2025-06-28,MIL202506280,MIL,"Durbin, Caleb",durbc002,3,1,1B+2B,1B+2B,1,single,5,5,0
2025-06-28,MIL202506280,MIL,"Ortiz, Joey",ortij005,3,1,1B+2B+3B,1B+2B+3B,1,grounded_into_double_play,5,5,0
2025-06-28,MIL202506280,MIL,"Frelick, Sal",frels001,4,0,empty,empty,1,field_out,6,5,0
2025-06-28,MIL202506280,MIL,"Chourio, Jackson",chouj001,4,1,empty,empty,1,single,6,5,0
2025-06-28,MIL202506280,MIL,"Yelich, Christian",yelic001,4,1,1B,1B,1,field_out,6,5,0
2025-06-28,MIL202506280,MIL,"Contreras, William",contw002,4,2,1B,1B,1,field_out,6,5,0
2025-06-28,MIL202506280,MIL,"Turang, Brice",turab002,4,0,empty,empty,1,strikeout,7,5,0
2025-06-28,MIL202506280,MIL,"Hoskins, Rhys",hoskr001,4,1,empty,empty,1,field_out,7,5,0
2025-06-28,MIL202506280,MIL,"Bauers, Jake",bauej001,4,2,empty,empty,1,field_out,7,5,0
2025-06-28,MIL202506280,MIL,"Durbin, Caleb",durbc002,4,0,empty,empty,1,field_out,8,5,0
2025-06-28,MIL202506280,MIL,"Ortiz, Joey",ortij005,4,1,empty,empty,1,field_out,8,5,0
2025-06-28,MIL202506280,MIL,"Frelick, Sal",frels001,5,2,empty,empty,1,field_out,8,5,0
2025-06-29,MIL202506290,MIL,"Frelick, Sal",frels001,1,0,empty,empty,1,single,1,0,0
2025-06-29,MIL202506290,MIL,"Chourio, Jackson",chouj001,1,0,1B,1B,1,field_out,1,0,0
2025-06-29,MIL202506290,MIL,"Yelich, Christian",yelic001,1,2,1B,empty,0,field_out,1,0,0
2025-06-29,MIL202506290,MIL,"Contreras, William",contw002,1,0,empty,empty,1,strikeout,2,0,0
2025-06-29,MIL202506290,MIL,"Turang, Brice",turab002,1,1,empty,empty,1,walk,2,0,0
2025-06-29,MIL202506290,MIL,"Hoskins, Rhys",hoskr001,1,1,1B,1B,1,field_out,2,0,0
2025-06-29,MIL202506290,MIL,"Collins, Isaac",colli001,1,2,1B,1B,1,field_out,2,0,0
2025-06-29,MIL202506290,MIL,"Durbin, Caleb",durbc002,1,0,empty,empty,1,field_out,3,0,0
2025-06-29,MIL202506290,MIL,"Ortiz, Joey",ortij005,1,1,empty,empty,1,walk,3,0,0
2025-06-29,MIL202506290,MIL,"Frelick, Sal",frels001,2,1,1B,1B,1,field_out,3,0,0
2025-06-29,MIL202506290,MIL,"Chourio, Jackson",chouj001,2,2,1B,2B,0,strikeout,3,0,0
2025-06-29,MIL202506290,MIL,"Yelich, Christian",yelic001,2,0,empty,empty,1,strikeout,4,0,0
2025-06-29,MIL202506290,MIL,"Contreras, William",contw002,2,1,empty,empty,1,field_out,4,0,0
2025-06-29,MIL202506290,MIL,"Turang, Brice",turab002,2,2,empty,empty,1,field_out,4,0,0
2025-06-29,MIL202506290,MIL,"Hoskins, Rhys",hoskr001,2,0,empty,empty,1,strikeout,5,0,0
2025-06-29,MIL202506290,MIL,"Collins, Isaac",colli001,2,1,empty,empty,1,field_out,5,0,0
2025-06-29,MIL202506290,MIL,"Durbin, Caleb",durbc002,2,2,empty,empty,1,field_out,5,0,0
2025-06-29,MIL202506290,MIL,"Ortiz, Joey",ortij005,2,0,empty,empty,1,field_out,6,0,0
2025-06-29,MIL202506290,MIL,"Frelick, Sal",frels001,3,1,empty,empty,1,home_run,6,0,0
2025-06-29,MIL202506290,MIL,"Chourio, Jackson",chouj001,3,1,empty,empty,1,strikeout,6,1,0
2025-06-29,MIL202506290,MIL,"Yelich, Christian",yelic001,3,2,empty,empty,1,home_run,6,1,0
2025-06-29,MIL202506290,MIL,"Contreras, William",contw002,3,2,empty,empty,1,walk,6,2,0
2025-06-29,MIL202506290,MIL,"Turang, Brice",turab002,3,2,1B,1B,1,field_out,6,2,0
2025-06-29,MIL202506290,MIL,"Hoskins, Rhys",hoskr001,3,0,empty,empty,1,strikeout,7,2,0
2025-06-29,MIL202506290,MIL,"Collins, Isaac",colli001,3,1,empty,empty,1,field_out,7,2,0
2025-06-29,MIL202506290,MIL,"Durbin, Caleb",durbc002,3,2,empty,empty,1,field_error,7,2,0
2025-06-29,MIL202506290,MIL,"Ortiz, Joey",ortij005,3,2,2B,2B,1,field_out,7,2,0
2025-06-29,MIL202506290,MIL,"Frelick, Sal",frels001,4,0,empty,empty,1,field_out,8,2,1
2025-06-29,MIL202506290,MIL,"Chourio, Jackson",chouj001,4,1,empty,empty,1,field_out,8,2,1
2025-06-29,MIL202506290,MIL,"Yelich, Christian",yelic001,4,2,empty,empty,1,field_out,8,2,1
2025-06-29,MIL202506290,MIL,"Contreras, William",contw002,4,0,empty,empty,1,field_out,9,2,2
2025-06-29,MIL202506290,MIL,"Turang, Brice",turab002,4,1,empty,empty,1,single,9,2,2
2025-06-29,MIL202506290,MIL,"Hoskins, Rhys",hoskr001,4,1,1B,2B,0,walk,9,2,2
2025-06-29,MIL202506290,MIL,"Collins, Isaac",colli001,4,1,1B+2B,1B+2B,1,strikeout,9,2,2
2025-06-29,MIL202506290,MIL,"Durbin, Caleb",durbc002,4,2,1B+2B,1B+2B,1,single,9,2,2
2025-06-29,MIL202506290,MIL,"Ortiz, Joey",ortij005,4,2,1B+2B+3B,1B+2B+3B,1,field_out,9,2,2
2025-06-29,MIL202506290,MIL,"Frelick, Sal",frels001,5,0,2B,2B,1,single,10,2,3
2025-06-29,MIL202506290,MIL,"Chourio, Jackson",chouj001,5,0,1B+3B,2B,0,walk,10,3,3
2025-06-29,MIL202506290,MIL,"Yelich, Christian",yelic001,5,0,1B+2B,1B+2B,1,field_out,10,3,3
2025-06-29,MIL202506290,MIL,"Contreras, William",contw002,5,1,1B+3B,1B+3B,1,field_out,10,3,3
2025-06-29,MIL202506290,MIL,"Turang, Brice",turab002,5,2,1B+3B,2B+3B,0,strikeout,10,3,3
2025-06-29,MIL202506290,MIL,"Bauers, Jake",bauej001,1,0,2B,2B,1,strikeout,11,3,4
2025-06-29,MIL202506290,MIL,"Collins, Isaac",colli001,5,1,2B,2B,1,strikeout,11,3,4
2025-06-29,MIL202506290,MIL,"Durbin, Caleb",durbc002,5,2,2B,2B,1,field_out,11,3,4
2025-07-02,NYN202507021,MIL,"Frelick, Sal",frels001,1,0,empty,empty,1,home_run,1,0,0
2025-07-02,NYN202507021,MIL,"Contreras, William",contw002,1,0,empty,empty,1,single,1,1,0
2025-07-02,NYN202507021,MIL,"Yelich, Christian",yelic001,1,0,1B,1B,1,strikeout,1,1,0
2025-07-02,NYN202507021,MIL,"Chourio, Jackson",chouj001,1,1,1B,1B,1,field_out,1,1,0
2025-07-02,NYN202507021,MIL,"Turang, Brice",turab002,1,2,1B,1B,1,field_out,1,1,0
2025-07-02,NYN202507021,MIL,"Collins, Isaac",colli001,1,0,empty,empty,1,single,2,1,0
2025-07-02,NYN202507021,MIL,"Bauers, Jake",bauej001,1,0,1B,1B,1,field_out,2,1,0
2025-07-02,NYN202507021,MIL,"Ortiz, Joey",ortij005,1,1,2B,2B,1,field_out,2,1,0
2025-07-02,NYN202507021,MIL,"Seigler, Anthony",seiga001,1,2,2B,2B,1,field_out,2,1,0
2025-07-02,NYN202507021,MIL,"Frelick, Sal",frels001,2,0,empty,empty,1,field_out,3,1,0
2025-07-02,NYN202507021,MIL,"Contreras, William",contw002,2,1,empty,empty,1,field_out,3,1,0
2025-07-02,NYN202507021,MIL,"Yelich, Christian",yelic001,2,2,empty,empty,1,field_out,3,1,0
2025-07-02,NYN202507021,MIL,"Chourio, Jackson",chouj001,2,0,empty,empty,1,field_out,4,1,1
2025-07-02,NYN202507021,MIL,"Turang, Brice",turab002,2,1,empty,empty,1,walk,4,1,1
2025-07-02,NYN202507021,MIL,"Collins, Isaac",colli001,2,1,1B,1B,1,walk,4,1,1
2025-07-02,NYN202507021,MIL,"Bauers, Jake",bauej001,2,1,1B+2B,1B+2B,1,walk,4,1,1
2025-07-02,NYN202507021,MIL,"Ortiz, Joey",ortij005,2,1,1B+2B+3B,1B+2B+3B,1,grounded_into_double_play,4,1,1
2025-07-02,NYN202507021,MIL,"Seigler, Anthony",seiga001,2,0,empty,empty,1,field_out,5,1,2
2025-07-02,NYN202507021,MIL,"Frelick, Sal",frels001,3,1,empty,empty,1,field_out,5,1,2
2025-07-02,NYN202507021,MIL,"Contreras, William",contw002,3,2,empty,empty,1,field_out,5,1,2
2025-07-02,NYN202507021,MIL,"Yelich, Christian",yelic001,3,0,empty,empty,1,walk,6,1,2
2025-07-02,NYN202507021,MIL,"Chourio, Jackson",chouj001,3,0,1B,1B,1,field_out,6,1,2
2025-07-02,NYN202507021,MIL,"Turang, Brice",turab002,3,1,1B,1B,1,double,6,1,2
2025-07-02,NYN202507021,MIL,"Collins, Isaac",colli001,3,1,2B,2B,1,single,6,2,2
2025-07-02,NYN202507021,MIL,"Bauers, Jake",bauej001,3,1,1B+3B,1B+3B,1,walk,6,2,2
2025-07-02,NYN202507021,MIL,"Ortiz, Joey",ortij005,3,1,1B+2B+3B,1B+2B+3B,1,home_run,6,2,2
2025-07-02,NYN202507021,MIL,"Seigler, Anthony",seiga001,3,1,empty,empty,1,field_out,6,6,2
2025-07-02,NYN202507021,MIL,"Frelick, Sal",frels001,4,2,empty,empty,1,field_out,6,6,2
2025-07-02,NYN202507021,MIL,"Contreras, William",contw002,4,0,empty,empty,1,walk,7,6,2
2025-07-02,NYN202507021,MIL,"Yelich, Christian",yelic001,4,0,1B,1B,1,field_out,7,6,2
2025-07-02,NYN202507021,MIL,"Chourio, Jackson",chouj001,4,1,1B,1B,1,field_out,7,6,2
2025-07-02,NYN202507021,MIL,"Turang, Brice",turab002,4,2,1B,1B,1,field_out,7,6,2
2025-07-02,NYN202507021,MIL,"Collins, Isaac",colli001,4,0,empty,empty,1,home_run,8,6,2
2025-07-02,NYN202507021,MIL,"Bauers, Jake",bauej001,4,0,empty,empty,1,field_out,8,7,2
2025-07-02,NYN202507021,MIL,"Ortiz, Joey",ortij005,4,1,empty,empty,1,field_out,8,7,2
2025-07-02,NYN202507021,MIL,"Durbin, Caleb",durbc002,1,2,empty,empty,1,walk,8,7,2
2025-07-02,NYN202507021,MIL,"Frelick, Sal",frels001,5,2,1B,1B,1,single,8,7,2
2025-07-02,NYN202507021,MIL,"Contreras, William",contw002,5,2,1B+3B,1B+3B,1,field_out,8,7,2
2025-07-02,NYN202507021,MIL,"Yelich, Christian",yelic001,5,0,empty,empty,1,strikeout,9,7,2
2025-07-02,NYN202507021,MIL,"Chourio, Jackson",chouj001,5,1,empty,empty,1,strikeout,9,7,2
2025-07-02,NYN202507021,MIL,"Turang, Brice",turab002,5,2,empty,empty,1,single,9,7,2
2025-07-02,NYN202507021,MIL,"Collins, Isaac",colli001,5,2,1B,1B,1,double,9,7,2
2025-07-02,NYN202507021,MIL,"Bauers, Jake",bauej001,5,2,2B+3B,2B+3B,1,field_out,9,7,2
2025-07-02,NYN202507022,MIL,"Frelick, Sal",frels001,1,0,empty,empty,1,field_out,1,0,0
2025-07-02,NYN202507022,MIL,"Contreras, William",contw002,1,1,empty,empty,1,field_out,1,0,0
2025-07-02,NYN202507022,MIL,"Yelich, Christian",yelic001,1,2,empty,empty,1,walk,1,0,0
2025-07-02,NYN202507022,MIL,"Chourio, Jackson",chouj001,1,2,1B,1B,1,strikeout,1,0,0
2025-07-02,NYN202507022,MIL,"Turang, Brice",turab002,1,0,empty,empty,1,strikeout,2,0,0
2025-07-02,NYN202507022,MIL,"Hoskins, Rhys",hoskr001,1,1,empty,empty,1,walk,2,0,0
2025-07-02,NYN202507022,MIL,"Seigler, Anthony",seiga001,1,1,1B,1B,1,field_out,2,0,0
2025-07-02,NYN202507022,MIL,"Ortiz, Joey",ortij005,1,2,1B,1B,1,field_out,2,0,0
2025-07-02,NYN202507022,MIL,"Haase, Eric",haase001,1,0,empty,empty,1,walk,3,0,5
2025-07-02,NYN202507022,MIL,"Frelick, Sal",frels001,2,0,1B,1B,1,field_out,3,0,5
2025-07-02,NYN202507022,MIL,"Contreras, William",contw002,2,1,1B,1B,1,field_out,3,0,5
2025-07-02,NYN202507022,MIL,"Yelich, Christian",yelic001,2,2,1B,1B,1,field_out,3,0,5
2025-07-02,NYN202507022,MIL,"Chourio, Jackson",chouj001,2,0,empty,empty,1,field_out,4,0,5
2025-07-02,NYN202507022,MIL,"Turang, Brice",turab002,2,1,empty,empty,1,field_out,4,0,5
2025-07-02,NYN202507022,MIL,"Hoskins, Rhys",hoskr001,2,2,empty,empty,1,double,4,0,5
2025-07-02,NYN202507022,MIL,"Seigler, Anthony",seiga001,2,2,2B,2B,1,field_out,4,0,5
2025-07-02,NYN202507022,MIL,"Ortiz, Joey",ortij005,2,0,empty,empty,1,field_out,5,0,5
2025-07-02,NYN202507022,MIL,"Haase, Eric",haase001,2,1,empty,empty,1,single,5,0,5
2025-07-02,NYN202507022,MIL,"Frelick, Sal",frels001,3,1,1B,1B,1,field_out,5,0,5
2025-07-02,NYN202507022,MIL,"Contreras, William",contw002,3,2,1B,1B,1,strikeout,5,0,5
2025-07-02,NYN202507022,MIL,"Yelich, Christian",yelic001,3,0,empty,empty,1,home_run,6,0,5
2025-07-02,NYN202507022,MIL,"Chourio, Jackson",chouj001,3,0,empty,empty,1,home_run,6,1,5
2025-07-02,NYN202507022,MIL,"Turang, Brice",turab002,3,0,empty,empty,1,strikeout,6,2,5
2025-07-02,NYN202507022,MIL,"Hoskins, Rhys",hoskr001,3,1,empty,empty,1,single,6,2,5
2025-07-02,NYN202507022,MIL,"Seigler, Anthony",seiga001,3,1,1B,1B,1,single,6,2,5
2025-07-02,NYN202507022,MIL,"Ortiz, Joey",ortij005,3,1,1B+3B,1B+3B,1,field_out,6,2,5
2025-07-02,NYN202507022,MIL,"Haase, Eric",haase001,3,2,2B,2B,1,strikeout,6,3,5
2025-07-02,NYN202507022,MIL,"Frelick, Sal",frels001,4,0,empty,empty,1,field_out,7,3,6
2025-07-02,NYN202507022,MIL,"Contreras, William",contw002,4,1,empty,empty,1,field_out,7,3,6
2025-07-02,NYN202507022,MIL,"Yelich, Christian",yelic001,4,2,empty,empty,1,strikeout,7,3,6
2025-07-02,NYN202507022,MIL,"Chourio, Jackson",chouj001,4,0,empty,empty,1,single,8,3,6
2025-07-02,NYN202507022,MIL,"Turang, Brice",turab002,4,0,1B,1B,1,strikeout,8,3,6
2025-07-02,NYN202507022,MIL,"Hoskins, Rhys",hoskr001,4,1,1B,1B,1,strikeout,8,3,6
2025-07-02,NYN202507022,MIL,"Durbin, Caleb",durbc002,1,2,1B,1B,1,walk,8,3,6
2025-07-02,NYN202507022,MIL,"Bauers, Jake",bauej001,1,2,1B+2B,1B+2B,1,strikeout,8,3,6
2025-07-02,NYN202507022,MIL,"Collins, Isaac",colli001,1,0,empty,empty,1,strikeout,9,3,7
2025-07-02,NYN202507022,MIL,"Frelick, Sal",frels001,5,1,empty,empty,1,strikeout,9,3,7
2025-07-02,NYN202507022,MIL,"Contreras, William",contw002,5,2,empty,empty,1,field_out,9,3,7
2025-07-03,NYN202507030,MIL,"Frelick, Sal",frels001,1,0,empty,empty,1,strikeout,1,0,0
2025-07-03,NYN202507030,MIL,"Contreras, William",contw002,1,1,empty,empty,1,field_out,1,0,0
2025-07-03,NYN202507030,MIL,"Chourio, Jackson",chouj001,1,2,empty,empty,1,walk,1,0,0
2025-07-03,NYN202507030,MIL,"Hoskins, Rhys",hoskr001,1,2,1B,1B,1,field_out,1,0,0
2025-07-03,NYN202507030,MIL,"Collins, Isaac",colli001,1,0,empty,empty,1,strikeout,2,0,0
2025-07-03,NYN202507030,MIL,"Durbin, Caleb",durbc002,1,1,empty,empty,1,walk,2,0,0
2025-07-03,NYN202507030,MIL,"Haase, Eric",haase001,1,1,1B,1B,1,grounded_into_double_play,2,0,0
2025-07-03,NYN202507030,MIL,"Ortiz, Joey",ortij005,1,0,empty,empty,1,field_out,3,0,1
2025-07-03,NYN202507030,MIL,"Monasterio, Andruw",monaa001,1,1,empty,empty,1,field_out,3,0,1
2025-07-03,NYN202507030,MIL,"Frelick, Sal",frels001,2,2,empty,empty,1,field_out,3,0,1
2025-07-03,NYN202507030,MIL,"Contreras, William",contw002,2,0,empty,empty,1,walk,4,0,1
2025-07-03,NYN202507030,MIL,"Chourio, Jackson",chouj001,2,0,1B,1B,1,strikeout,4,0,1
2025-07-03,NYN202507030,MIL,"Hoskins, Rhys",hoskr001,2,1,1B,1B,1,field_error,4,0,1
2025-07-03,NYN202507030,MIL,"Collins, Isaac",colli001,2,1,1B+2B,1B+2B,1,field_out,4,0,1
2025-07-03,NYN202507030,MIL,"Durbin, Caleb",durbc002,2,2,1B+3B,1B+3B,1,single,4,0,1
2025-07-03,NYN202507030,MIL,"Haase, Eric",haase001,2,2,1B+2B,1B+2B,1,strikeout,4,1,1
2025-07-03,NYN202507030,MIL,"Ortiz, Joey",ortij005,2,0,empty,empty,1,double,5,1,1
2025-07-03,NYN202507030,MIL,"Monasterio, Andruw",monaa001,2,0,2B,2B,1,field_out,5,1,1
2025-07-03,NYN202507030,MIL,"Frelick, Sal",frels001,3,1,3B,3B,1,fielders_choice_out,5,1,1
2025-07-03,NYN202507030,MIL,"Contreras, William",contw002,3,2,1B,2B,0,field_out,5,1,1
2025-07-03,NYN202507030,MIL,"Chourio, Jackson",chouj001,3,0,empty,empty,1,single,6,1,1
2025-07-03,NYN202507030,MIL,"Hoskins, Rhys",hoskr001,3,0,1B,1B,1,grounded_into_double_play,6,1,1
2025-07-03,NYN202507030,MIL,"Collins, Isaac",colli001,3,2,empty,empty,1,hit_by_pitch,6,1,1
2025-07-03,NYN202507030,MIL,"Durbin, Caleb",durbc002,3,2,1B,1B,1,field_out,6,1,1
2025-07-03,NYN202507030,MIL,"Haase, Eric",haase001,3,0,empty,empty,1,field_out,7,1,3
2025-07-03,NYN202507030,MIL,"Ortiz, Joey",ortij005,3,1,empty,empty,1,field_out,7,1,3
2025-07-03,NYN202507030,MIL,"Monasterio, Andruw",monaa001,3,2,empty,empty,1,home_run,7,1,3
2025-07-03,NYN202507030,MIL,"Frelick, Sal",frels001,4,2,empty,empty,1,single,7,2,3
2025-07-03,NYN202507030,MIL,"Contreras, William",contw002,4,2,1B,1B,1,field_out,7,2,3
2025-07-03,NYN202507030,MIL,"Chourio, Jackson",chouj001,4,0,empty,empty,1,strikeout,8,2,3
2025-07-03,NYN202507030,MIL,"Hoskins, Rhys",hoskr001,4,1,empty,empty,1,strikeout,8,2,3
2025-07-03,NYN202507030,MIL,"Collins, Isaac",colli001,4,2,empty,empty,1,strikeout,8,2,3
2025-07-03,NYN202507030,MIL,"Durbin, Caleb",durbc002,4,0,empty,empty,1,strikeout,9,2,3
2025-07-03,NYN202507030,MIL,"Yelich, Christian",yelic001,1,1,empty,empty,1,single,9,2,3
2025-07-03,NYN202507030,MIL,"Turang, Brice",turab002,1,2,1B,empty,0,strikeout,9,2,3
2025-07-04,MIA202507040,MIL,"Frelick, Sal",frels001,1,0,empty,empty,1,field_out,1,0,0
2025-07-04,MIA202507040,MIL,"Contreras, William",contw002,1,1,empty,empty,1,field_out,1,0,0
2025-07-04,MIA202507040,MIL,"Yelich, Christian",yelic001,1,2,empty,empty,1,field_out,1,0,0
2025-07-04,MIA202507040,MIL,"Chourio, Jackson",chouj001,1,0,empty,empty,1,field_out,2,0,1
2025-07-04,MIA202507040,MIL,"Turang, Brice",turab002,1,1,empty,empty,1,field_out,2,0,1
2025-07-04,MIA202507040,MIL,"Collins, Isaac",colli001,1,2,empty,empty,1,field_out,2,0,1
2025-07-04,MIA202507040,MIL,"Bauers, Jake",bauej001,1,0,empty,empty,1,field_out,3,0,1
2025-07-04,MIA202507040,MIL,"Durbin, Caleb",durbc002,1,1,empty,empty,1,single,3,0,1
2025-07-04,MIA202507040,MIL,"Ortiz, Joey",ortij005,1,1,1B,1B,1,walk,3,0,1
2025-07-04,MIA202507040,MIL,"Frelick, Sal",frels001,2,1,1B+2B,2B+3B,0,sac_fly,3,0,1
2025-07-04,MIA202507040,MIL,"Contreras, William",contw002,2,2,3B,3B,1,double,3,1,1
2025-07-04,MIA202507040,MIL,"Yelich, Christian",yelic001,2,2,2B,2B,1,strikeout,3,2,1
2025-07-04,MIA202507040,MIL,"Chourio, Jackson",chouj001,2,0,empty,empty,1,hit_by_pitch,4,2,2
2025-07-04,MIA202507040,MIL,"Turang, Brice",turab002,2,0,1B,1B,1,field_out,4,2,2
2025-07-04,MIA202507040,MIL,"Collins, Isaac",colli001,2,1,1B,1B,1,single,4,2,2
2025-07-04,MIA202507040,MIL,"Bauers, Jake",bauej001,2,1,1B+2B,1B+2B,1,strikeout,4,2,2
2025-07-04,MIA202507040,MIL,"Durbin, Caleb",durbc002,2,2,1B+2B,1B+2B,1,single,4,2,2
2025-07-04,MIA202507040,MIL,"Ortiz, Joey",ortij005,2,2,1B+3B,2B+3B,0,single,4,3,2
2025-07-04,MIA202507040,MIL,"Frelick, Sal",frels001,3,2,1B,1B,1,field_out,4,5,2
2025-07-04,MIA202507040,MIL,"Contreras, William",contw002,3,0,empty,empty,1,strikeout,5,5,3
2025-07-04,MIA202507040,MIL,"Yelich, Christian",yelic001,3,1,empty,empty,1,field_out,5,5,3
2025-07-04,MIA202507040,MIL,"Chourio, Jackson",chouj001,3,2,empty,empty,1,strikeout,5,5,3
2025-07-04,MIA202507040,MIL,"Turang, Brice",turab002,3,0,empty,empty,1,field_out,6,5,5
2025-07-04,MIA202507040,MIL,"Collins, Isaac",colli001,3,1,empty,empty,1,field_out,6,5,5
2025-07-04,MIA202507040,MIL,"Bauers, Jake",bauej001,3,2,empty,empty,1,field_out,6,5,5
2025-07-04,MIA202507040,MIL,"Durbin, Caleb",durbc002,3,0,empty,empty,1,walk,7,5,5
2025-07-04,MIA202507040,MIL,"Ortiz, Joey",ortij005,3,0,1B,1B,1,strikeout,7,5,5
2025-07-04,MIA202507040,MIL,"Frelick, Sal",frels001,4,1,1B,2B,0,field_out,7,5,5
2025-07-04,MIA202507040,MIL,"Contreras, William",contw002,4,2,3B,3B,1,field_out,7,5,5
2025-07-04,MIA202507040,MIL,"Yelich, Christian",yelic001,4,0,empty,empty,1,single,8,5,5
2025-07-04,MIA202507040,MIL,"Chourio, Jackson",chouj001,4,0,1B,1B,1,double,8,5,5
2025-07-04,MIA202507040,MIL,"Turang, Brice",turab002,4,0,2B,2B,1,field_out,8,6,5
2025-07-04,MIA202507040,MIL,"Collins, Isaac",colli001,4,1,2B,2B,1,strikeout,8,6,5
2025-07-04,MIA202507040,MIL,"Bauers, Jake",bauej001,4,2,2B,2B,1,walk,8,6,5
2025-07-04,MIA202507040,MIL,"Durbin, Caleb",durbc002,4,2,1B+2B,1B+2B,1,strikeout,8,6,5
2025-07-04,MIA202507040,MIL,"Ortiz, Joey",ortij005,4,0,empty,empty,1,strikeout,9,6,5
2025-07-04,MIA202507040,MIL,"Frelick, Sal",frels001,5,1,empty,empty,1,strikeout,9,6,5
2025-07-04,MIA202507040,MIL,"Contreras, William",contw002,5,2,empty,empty,1,single,9,6,5
2025-07-04,MIA202507040,MIL,"Yelich, Christian",yelic001,5,2,1B,1B,1,strikeout,9,6,5
2025-07-05,MIA202507050,MIL,"Frelick, Sal",frels001,1,0,empty,empty,1,strikeout,1,0,0
2025-07-05,MIA202507050,MIL,"Contreras, William",contw002,1,1,empty,empty,1,field_out,1,0,0
2025-07-05,MIA202507050,MIL,"Yelich, Christian",yelic001,1,2,empty,empty,1,strikeout,1,0,0
2025-07-05,MIA202507050,MIL,"Chourio, Jackson",chouj001,1,0,empty,empty,1,single,2,0,0
2025-07-05,MIA202507050,MIL,"Turang, Brice",turab002,1,0,1B,1B,1,strikeout,2,0,0
2025-07-05,MIA202507050,MIL,"Hoskins, Rhys",hoskr001,1,1,2B,2B,1,triple,2,0,0
2025-07-05,MIA202507050,MIL,"Collins, Isaac",colli001,1,1,3B,3B,1,strikeout,2,1,0
2025-07-05,MIA202507050,MIL,"Durbin, Caleb",durbc002,1,2,3B,3B,1,field_out,2,1,0
2025-07-05,MIA202507050,MIL,"Ortiz, Joey",ortij005,1,0,empty,empty,1,field_out,3,1,2
2025-07-05,MIA202507050,MIL,"Frelick, Sal",frels001,2,1,empty,empty,1,field_out,3,1,2
2025-07-05,MIA202507050,MIL,"Contreras, William",contw002,2,2,empty,empty,1,double,3,1,2
2025-07-05,MIA202507050,MIL,"Yelich, Christian",yelic001,2,2,2B,2B,1,strikeout,3,1,2
2025-07-05,MIA202507050,MIL,"Chourio, Jackson",chouj001,2,0,empty,empty,1,double,4,1,2
2025-07-05,MIA202507050,MIL,"Turang, Brice",turab002,2,0,2B,2B,1,field_out,4,1,2
2025-07-05,MIA202507050,MIL,"Hoskins, Rhys",hoskr001,2,1,3B,3B,1,walk,4,1,2
2025-07-05,MIA202507050,MIL,"Collins, Isaac",colli001,2,1,1B+3B,1B+3B,1,single,4,1,2
2025-07-05,MIA202507050,MIL,"Durbin, Caleb",durbc002,2,1,1B+2B,1B+2B,1,single,4,2,2
2025-07-05,MIA202507050,MIL,"Ortiz, Joey",ortij005,2,1,1B+2B+3B,1B+2B+3B,1,strikeout,4,2,2
2025-07-05,MIA202507050,MIL,"Frelick, Sal",frels001,3,2,1B+2B+3B,1B+2B+3B,1,field_out,4,2,2
2025-07-05,MIA202507050,MIL,"Contreras, William",contw002,3,0,empty,empty,1,strikeout,5,2,2
2025-07-05,MIA202507050,MIL,"Yelich, Christian",yelic001,3,1,empty,empty,1,field_out,5,2,2
2025-07-05,MIA202507050,MIL,"Chourio, Jackson",chouj001,3,2,empty,empty,1,single,5,2,2
2025-07-05,MIA202507050,MIL,"Turang, Brice",turab002,3,2,1B,1B,1,field_out,5,2,2
2025-07-05,MIA202507050,MIL,"Bauers, Jake",bauej001,1,0,empty,empty,1,strikeout,6,2,2
2025-07-05,MIA202507050,MIL,"Collins, Isaac",colli001,3,1,empty,empty,1,field_out,6,2,2
2025-07-05,MIA202507050,MIL,"Durbin, Caleb",durbc002,3,2,empty,empty,1,field_out,6,2,2
2025-07-05,MIA202507050,MIL,"Ortiz, Joey",ortij005,3,0,empty,empty,1,strikeout,7,2,2
2025-07-05,MIA202507050,MIL,"Frelick, Sal",frels001,4,1,empty,empty,1,single,7,2,2
2025-07-05,MIA202507050,MIL,"Contreras, William",contw002,4,1,1B,1B,1,strikeout,7,2,2
2025-07-05,MIA202507050,MIL,"Yelich, Christian",yelic001,4,2,1B,1B,1,single,7,2,2
2025-07-05,MIA202507050,MIL,"Chourio, Jackson",chouj001,4,2,1B+2B,1B+2B,1,field_out,7,2,2
2025-07-05,MIA202507050,MIL,"Turang, Brice",turab002,4,0,empty,empty,1,field_out,8,2,2
2025-07-05,MIA202507050,MIL,"Bauers, Jake",bauej001,2,1,empty,empty,1,strikeout,8,2,2
2025-07-05,MIA202507050,MIL,"Collins, Isaac",colli001,4,2,empty,empty,1,strikeout,8,2,2
2025-07-05,MIA202507050,MIL,"Durbin, Caleb",durbc002,4,0,empty,empty,1,field_out,9,2,4
2025-07-05,MIA202507050,MIL,"Seigler, Anthony",seiga001,1,1,empty,empty,1,field_out,9,2,4
2025-07-05,MIA202507050,MIL,"Frelick, Sal",frels001,5,2,empty,empty,1,field_out,9,2,4
2025-07-06,MIA202507060,MIL,"Frelick, Sal",frels001,1,0,empty,empty,1,hit_by_pitch,1,0,0
2025-07-06,MIA202507060,MIL,"Contreras, William",contw002,1,0,1B,1B,1,field_out,1,0,0
2025-07-06,MIA202507060,MIL,"Yelich, Christian",yelic001,1,1,1B,1B,1,field_out,1,0,0
2025-07-06,MIA202507060,MIL,"Chourio, Jackson",chouj001,1,2,2B,2B,1,field_out,1,0,0
2025-07-06,MIA202507060,MIL,"Turang, Brice",turab002,1,0,empty,empty,1,field_out,2,0,0
2025-07-06,MIA202507060,MIL,"Durbin, Caleb",durbc002,1,1,empty,empty,1,field_out,2,0,0
2025-07-06,MIA202507060,MIL,"Bauers, Jake",bauej001,1,2,empty,empty,1,single,2,0,0
2025-07-06,MIA202507060,MIL,"Monasterio, Andruw",monaa001,1,2,1B,1B,1,single,2,0,0
2025-07-06,MIA202507060,MIL,"Haase, Eric",haase001,1,2,1B+3B,2B+3B,0,strikeout,2,0,0
2025-07-06,MIA202507060,MIL,"Frelick, Sal",frels001,2,0,empty,empty,1,field_out,3,0,0
2025-07-06,MIA202507060,MIL,"Contreras, William",contw002,2,1,empty,empty,1,field_out,3,0,0
2025-07-06,MIA202507060,MIL,"Yelich, Christian",yelic001,2,2,empty,empty,1,single,3,0,0
2025-07-06,MIA202507060,MIL,"Chourio, Jackson",chouj001,2,2,1B,2B,0,home_run,3,0,0
2025-07-06,MIA202507060,MIL,"Turang, Brice",turab002,2,2,empty,empty,1,field_out,3,2,0
2025-07-06,MIA202507060,MIL,"Durbin, Caleb",durbc002,2,0,empty,empty,1,hit_by_pitch,4,2,0
2025-07-06,MIA202507060,MIL,"Bauers, Jake",bauej001,2,0,1B,1B,1,double_play,4,2,0
2025-07-06,MIA202507060,MIL,"Monasterio, Andruw",monaa001,2,2,empty,empty,1,strikeout,4,2,0
2025-07-06,MIA202507060,MIL,"Haase, Eric",haase001,2,0,empty,empty,1,strikeout,5,2,0
2025-07-06,MIA202507060,MIL,"Frelick, Sal",frels001,3,1,empty,empty,1,double,5,2,0
2025-07-06,MIA202507060,MIL,"Contreras, William",contw002,3,1,2B,2B,1,strikeout,5,2,0
2025-07-06,MIA202507060,MIL,"Yelich, Christian",yelic001,3,2,2B,2B,1,field_out,5,2,0
2025-07-06,MIA202507060,MIL,"Chourio, Jackson",chouj001,3,0,empty,empty,1,field_out,6,2,1
2025-07-06,MIA202507060,MIL,"Turang, Brice",turab002,3,1,empty,empty,1,field_out,6,2,1
2025-07-06,MIA202507060,MIL,"Durbin, Caleb",durbc002,3,2,empty,empty,1,field_out,6,2,1
2025-07-06,MIA202507060,MIL,"Bauers, Jake",bauej001,3,0,empty,empty,1,field_out,7,2,1
2025-07-06,MIA202507060,MIL,"Monasterio, Andruw",monaa001,3,1,empty,empty,1,field_out,7,2,1
2025-07-06,MIA202507060,MIL,"Haase, Eric",haase001,3,2,empty,empty,1,strikeout,7,2,1
2025-07-06,MIA202507060,MIL,"Frelick, Sal",frels001,4,0,empty,empty,1,single,8,2,1
2025-07-06,MIA202507060,MIL,"Contreras, William",contw002,4,0,1B,1B,1,single,8,2,1
2025-07-06,MIA202507060,MIL,"Yelich, Christian",yelic001,4,0,1B+3B,1B+3B,1,field_out,8,2,1
2025-07-06,MIA202507060,MIL,"Chourio, Jackson",chouj001,4,1,1B+3B,1B+3B,1,sac_fly,8,2,1
2025-07-06,MIA202507060,MIL,"Turang, Brice",turab002,4,2,2B,2B,1,single,8,3,1
2025-07-06,MIA202507060,MIL,"Durbin, Caleb",durbc002,4,2,1B+3B,1B+3B,1,field_out,8,3,1
2025-07-06,MIA202507060,MIL,"Bauers, Jake",bauej001,4,0,empty,empty,1,single,9,3,1
2025-07-06,MIA202507060,MIL,"Monasterio, Andruw",monaa001,4,0,1B,1B,1,grounded_into_double_play,9,3,1
2025-07-06,MIA202507060,MIL,"Haase, Eric",haase001,4,2,empty,empty,1,field_out,9,3,1
2025-07-07,MIL202507070,MIL,"Frelick, Sal",frels001,1,0,empty,empty,1,double,1,0,0
2025-07-07,MIL202507070,MIL,"Contreras, William",contw002,1,0,2B,2B,1,walk,1,0,0
2025-07-07,MIL202507070,MIL,"Chourio, Jackson",chouj001,1,0,1B+2B,1B+2B,1,field_out,1,0,0
2025-07-07,MIL202507070,MIL,"Yelich, Christian",yelic001,1,1,1B+2B,1B+2B,1,field_out,1,0,0
2025-07-07,MIL202507070,MIL,"Vaughn, Andrew",vauga001,1,2,2B+3B,2B+3B,1,home_run,1,0,0
2025-07-07,MIL202507070,MIL,"Collins, Isaac",colli001,1,2,empty,empty,1,single,1,3,0
2025-07-07,MIL202507070,MIL,"Turang, Brice",turab002,1,2,1B,1B,1,walk,1,3,0
2025-07-07,MIL202507070,MIL,"Durbin, Caleb",durbc002,1,2,1B+2B,1B+2B,1,field_error,1,3,0
2025-07-07,MIL202507070,MIL,"Monasterio, Andruw",monaa001,1,2,1B+3B,1B+3B,1,single,1,4,0
2025-07-07,MIL202507070,MIL,"Frelick, Sal",frels001,2,2,1B+3B,1B+3B,1,field_out,1,5,0
2025-07-07,MIL202507070,MIL,"Contreras, William",contw002,2,0,empty,empty,1,field_out,2,5,0
2025-07-07,MIL202507070,MIL,"Chourio, Jackson",chouj001,2,1,empty,empty,1,field_out,2,5,0
2025-07-07,MIL202507070,MIL,"Yelich, Christian",yelic001,2,2,empty,empty,1,strikeout,2,5,0
2025-07-07,MIL202507070,MIL,"Vaughn, Andrew",vauga001,2,0,empty,empty,1,field_out,3,5,0
2025-07-07,MIL202507070,MIL,"Collins, Isaac",colli001,2,1,empty,empty,1,strikeout,3,5,0
2025-07-07,MIL202507070,MIL,"Turang, Brice",turab002,2,2,empty,empty,1,field_out,3,5,0
2025-07-07,MIL202507070,MIL,"Durbin, Caleb",durbc002,2,0,empty,empty,1,field_out,4,5,0
2025-07-07,MIL202507070,MIL,"Monasterio, Andruw",monaa001,2,1,empty,empty,1,field_out,4,5,0
2025-07-07,MIL202507070,MIL,"Frelick, Sal",frels001,3,2,empty,empty,1,field_out,4,5,0
2025-07-07,MIL202507070,MIL,"Contreras, William",contw002,3,0,empty,empty,1,walk,5,5,0
2025-07-07,MIL202507070,MIL,"Chourio, Jackson",chouj001,3,0,1B,1B,1,field_out,5,5,0
2025-07-07,MIL202507070,MIL,"Yelich, Christian",yelic001,3,1,1B,1B,1,strikeout,5,5,0
2025-07-07,MIL202507070,MIL,"Vaughn, Andrew",vauga001,3,2,1B,1B,1,walk,5,5,0
2025-07-07,MIL202507070,MIL,"Collins, Isaac",colli001,3,2,1B+2B,1B+2B,1,single,5,5,0
2025-07-07,MIL202507070,MIL,"Turang, Brice",turab002,3,2,1B+2B+3B,1B+2B+3B,1,single,5,5,0
2025-07-07,MIL202507070,MIL,"Durbin, Caleb",durbc002,3,2,1B+3B,1B+3B,1,field_out,5,7,0
2025-07-07,MIL202507070,MIL,"Monasterio, Andruw",monaa001,3,0,empty,empty,1,strikeout,6,7,0
2025-07-07,MIL202507070,MIL,"Frelick, Sal",frels001,4,1,empty,empty,1,field_out,6,7,0
2025-07-07,MIL202507070,MIL,"Contreras, William",contw002,4,2,empty,empty,1,field_out,6,7,0
2025-07-07,MIL202507070,MIL,"Chourio, Jackson",chouj001,4,0,empty,empty,1,single,7,7,0
2025-07-07,MIL202507070,MIL,"Yelich, Christian",yelic001,4,0,1B,1B,1,home_run,7,7,0
2025-07-07,MIL202507070,MIL,"Bauers, Jake",bauej001,1,0,empty,empty,1,field_out,7,9,0
2025-07-07,MIL202507070,MIL,"Collins, Isaac",colli001,4,1,empty,empty,1,field_out,7,9,0
2025-07-07,MIL202507070,MIL,"Turang, Brice",turab002,4,2,empty,empty,1,field_out,7,9,0
2025-07-07,MIL202507070,MIL,"Seigler, Anthony",seiga001,1,0,empty,empty,1,strikeout,8,9,1
2025-07-07,MIL202507070,MIL,"Monasterio, Andruw",monaa001,4,1,empty,empty,1,field_out,8,9,1
2025-07-07,MIL202507070,MIL,"Frelick, Sal",frels001,5,2,empty,empty,1,walk,8,9,1
2025-07-07,MIL202507070,MIL,"Contreras, William",contw002,5,2,1B,1B,1,field_out,8,9,1
2025-07-08,MIL202507080,MIL,"Frelick, Sal",frels001,1,0,empty,empty,1,field_out,1,0,1
2025-07-08,MIL202507080,MIL,"Contreras, William",contw002,1,1,empty,empty,1,single,1,0,1
2025-07-08,MIL202507080,MIL,"Chourio, Jackson",chouj001,1,1,1B,1B,1,field_out,1,0,1
2025-07-08,MIL202507080,MIL,"Yelich, Christian",yelic001,1,2,1B,1B,1,field_out,1,0,1
2025-07-08,MIL202507080,MIL,"Vaughn, Andrew",vauga001,1,0,empty,empty,1,strikeout,2,0,1
2025-07-08,MIL202507080,MIL,"Collins, Isaac",colli001,1,1,empty,empty,1,strikeout,2,0,1
2025-07-08,MIL202507080,MIL,"Turang, Brice",turab002,1,2,empty,empty,1,field_out,2,0,1
2025-07-08,MIL202507080,MIL,"Monasterio, Andruw",monaa001,1,0,empty,empty,1,field_out,3,0,1
2025-07-08,MIL202507080,MIL,"Ortiz, Joey",ortij005,1,1,empty,empty,1,field_out,3,0,1
2025-07-08,MIL202507080,MIL,"Frelick, Sal",frels001,2,2,empty,empty,1,field_out,3,0,1
2025-07-08,MIL202507080,MIL,"Contreras, William",contw002,2,0,empty,empty,1,single,4,0,1
2025-07-08,MIL202507080,MIL,"Chourio, Jackson",chouj001,2,0,1B,1B,1,single,4,0,1
2025-07-08,MIL202507080,MIL,"Yelich, Christian",yelic001,2,0,1B+2B,1B+2B,1,field_out,4,0,1
2025-07-08,MIL202507080,MIL,"Vaughn, Andrew",vauga001,2,1,1B+2B,1B+2B,1,single,4,0,1
2025-07-08,MIL202507080,MIL,"Collins, Isaac",colli001,2,1,1B+3B,1B+3B,1,single,4,1,1
2025-07-08,MIL202507080,MIL,"Turang, Brice",turab002,2,2,1B,1B,1,single,4,2,1
2025-07-08,MIL202507080,MIL,"Monasterio, Andruw",monaa001,2,2,1B+3B,1B+3B,1,field_out,4,2,1
2025-07-08,MIL202507080,MIL,"Ortiz, Joey",ortij005,2,0,empty,empty,1,field_out,5,2,1
2025-07-08,MIL202507080,MIL,"Frelick, Sal",frels001,3,1,empty,empty,1,strikeout,5,2,1
2025-07-08,MIL202507080,MIL,"Contreras, William",contw002,3,2,empty,empty,1,field_out,5,2,1
2025-07-08,MIL202507080,MIL,"Chourio, Jackson",chouj001,3,0,empty,empty,1,field_out,6,2,1
2025-07-08,MIL202507080,MIL,"Yelich, Christian",yelic001,3,1,empty,empty,1,hit_by_pitch,6,2,1
2025-07-08,MIL202507080,MIL,"Vaughn, Andrew",vauga001,3,1,1B,1B,1,walk,6,2,1
2025-07-08,MIL202507080,MIL,"Collins, Isaac",colli001,3,1,1B+2B,1B+2B,1,grounded_into_double_play,6,2,1
2025-07-08,MIL202507080,MIL,"Turang, Brice",turab002,3,0,empty,empty,1,strikeout,7,2,1
2025-07-08,MIL202507080,MIL,"Monasterio, Andruw",monaa001,3,1,empty,empty,1,field_out,7,2,1
2025-07-08,MIL202507080,MIL,"Ortiz, Joey",ortij005,3,2,empty,empty,1,field_out,7,2,1
2025-07-08,MIL202507080,MIL,"Frelick, Sal",frels001,4,0,empty,empty,1,home_run,8,2,1
2025-07-08,MIL202507080,MIL,"Contreras, William",contw002,4,0,empty,empty,1,single,8,3,1
2025-07-08,MIL202507080,MIL,"Chourio, Jackson",chouj001,4,0,1B,1B,1,walk,8,3,1
2025-07-08,MIL202507080,MIL,"Yelich, Christian",yelic001,4,0,1B+2B,1B+2B,1,strikeout_double_play,8,3,1
2025-07-08,MIL202507080,MIL,"Vaughn, Andrew",vauga001,4,2,2B,2B,1,strikeout,8,3,1
2025-07-09,MIL202507090,MIL,"Frelick, Sal",frels001,1,0,empty,empty,1,strikeout,1,0,0
2025-07-09,MIL202507090,MIL,"Contreras, William",contw002,1,1,empty,empty,1,field_out,1,0,0
2025-07-09,MIL202507090,MIL,"Chourio, Jackson",chouj001,1,2,empty,empty,1,field_out,1,0,0
2025-07-09,MIL202507090,MIL,"Yelich, Christian",yelic001,1,0,empty,empty,1,single,2,0,0
2025-07-09,MIL202507090,MIL,"Collins, Isaac",colli001,1,0,1B,1B,1,walk,2,0,0
2025-07-09,MIL202507090,MIL,"Turang, Brice",turab002,1,0,1B+2B,1B+2B,1,field_out,2,0,0
2025-07-09,MIL202507090,MIL,"Durbin, Caleb",durbc002,1,1,1B+2B,2B+3B,0,walk,2,0,0
2025-07-09,MIL202507090,MIL,"Bauers, Jake",bauej001,1,1,1B+2B+3B,1B+2B+3B,1,field_out,2,0,0
2025-07-09,MIL202507090,MIL,"Ortiz, Joey",ortij005,1,2,1B+2B+3B,1B+2B+3B,1,strikeout,2,0,0
2025-07-09,MIL202507090,MIL,"Frelick, Sal",frels001,2,0,empty,empty,1,field_out,3,0,0
2025-07-09,MIL202507090,MIL,"Contreras, William",contw002,2,1,empty,empty,1,field_out,3,0,0
2025-07-09,MIL202507090,MIL,"Chourio, Jackson",chouj001,2,2,empty,empty,1,strikeout,3,0,0
2025-07-09,MIL202507090,MIL,"Yelich, Christian",yelic001,2,0,empty,empty,1,field_out,4,0,0
2025-07-09,MIL202507090,MIL,"Collins, Isaac",colli001,2,1,empty,empty,1,field_out,4,0,0
2025-07-09,MIL202507090,MIL,"Turang, Brice",turab002,2,2,empty,empty,1,single,4,0,0
2025-07-09,MIL202507090,MIL,"Durbin, Caleb",durbc002,2,2,1B,1B,1,strikeout,4,0,0
2025-07-09,MIL202507090,MIL,"Bauers, Jake",bauej001,2,0,empty,empty,1,walk,5,0,1
2025-07-09,MIL202507090,MIL,"Ortiz, Joey",ortij005,2,0,1B,1B,1,strikeout,5,0,1
2025-07-09,MIL202507090,MIL,"Frelick, Sal",frels001,3,1,1B,empty,0,field_out,5,1,1
2025-07-09,MIL202507090,MIL,"Contreras, William",contw002,3,2,empty,empty,1,field_out,5,1,1
2025-07-09,MIL202507090,MIL,"Chourio, Jackson",chouj001,3,0,empty,empty,1,strikeout,6,1,1
2025-07-09,MIL202507090,MIL,"Yelich, Christian",yelic001,3,1,empty,empty,1,single,6,1,1
2025-07-09,MIL202507090,MIL,"Collins, Isaac",colli001,3,1,1B,1B,1,strikeout,6,1,1
2025-07-09,MIL202507090,MIL,"Turang, Brice",turab002,3,2,1B,1B,1,field_out,6,1,1
2025-07-09,MIL202507090,MIL,"Durbin, Caleb",durbc002,3,0,empty,empty,1,single,7,1,2
2025-07-09,MIL202507090,MIL,"Bauers, Jake",bauej001,3,0,1B,1B,1,field_out,7,1,2
2025-07-09,MIL202507090,MIL,"Seigler, Anthony",seiga001,1,2,1B,empty,0,field_out,7,1,2
2025-07-09,MIL202507090,MIL,"Frelick, Sal",frels001,4,0,empty,empty,1,hit_by_pitch,8,1,2
2025-07-09,MIL202507090,MIL,"Contreras, William",contw002,4,0,1B,1B,1,field_out,8,1,2
2025-07-09,MIL202507090,MIL,"Chourio, Jackson",chouj001,4,1,1B,1B,1,strikeout,8,1,2
2025-07-09,MIL202507090,MIL,"Yelich, Christian",yelic001,4,2,2B,2B,1,field_out,8,1,2
2025-07-09,MIL202507090,MIL,"Collins, Isaac",colli001,4,0,empty,empty,1,single,9,1,2
2025-07-09,MIL202507090,MIL,"Turang, Brice",turab002,4,0,1B,1B,1,strikeout,9,1,2
2025-07-09,MIL202507090,MIL,"Durbin, Caleb",durbc002,4,1,1B,1B,1,single,9,1,2
2025-07-09,MIL202507090,MIL,"Vaughn, Andrew",vauga001,1,1,1B+2B,1B+2B,1,single,9,1,2
2025-07-09,MIL202507090,MIL,"Monasterio, Andruw",monaa001,1,1,1B+3B,1B+3B,1,strikeout,9,2,2
2025-07-09,MIL202507090,MIL,"Frelick, Sal",frels001,5,2,1B+3B,1B+3B,1,field_out,9,2,2
2025-07-09,MIL202507090,MIL,"Contreras, William",contw002,5,0,2B,2B,1,field_out,10,2,2
2025-07-09,MIL202507090,MIL,"Chourio, Jackson",chouj001,5,1,3B,3B,1,single,10,2,2
2025-07-11,MIL202507110,MIL,"Frelick, Sal",frels001,1,0,empty,empty,1,single,1,0,0
2025-07-11,MIL202507110,MIL,"Contreras, William",contw002,1,0,1B,1B,1,field_out,1,0,0
2025-07-11,MIL202507110,MIL,"Chourio, Jackson",chouj001,1,1,1B,1B,1,field_out,1,0,0
2025-07-11,MIL202507110,MIL,"Yelich, Christian",yelic001,1,2,1B,1B,1,field_out,1,0,0
2025-07-11,MIL202507110,MIL,"Vaughn, Andrew",vauga001,1,0,empty,empty,1,field_out,2,0,0
2025-07-11,MIL202507110,MIL,"Collins, Isaac",colli001,1,1,empty,empty,1,field_out,2,0,0
2025-07-11,MIL202507110,MIL,"Turang, Brice",turab002,1,2,empty,empty,1,field_out,2,0,0
2025-07-11,MIL202507110,MIL,"Durbin, Caleb",durbc002,1,0,empty,empty,1,double,3,0,1
2025-07-11,MIL202507110,MIL,"Ortiz, Joey",ortij005,1,0,2B,2B,1,single,3,0,1
2025-07-11,MIL202507110,MIL,"Frelick, Sal",frels001,2,0,1B+3B,1B+3B,1,single,3,0,1
2025-07-11,MIL202507110,MIL,"Contreras, William",contw002,2,0,1B+2B,1B+2B,1,double,3,1,1
2025-07-11,MIL202507110,MIL,"Chourio, Jackson",chouj001,2,0,2B+3B,2B+3B,1,single,3,2,1
2025-07-11,MIL202507110,MIL,"Yelich, Christian",yelic001,2,0,1B,1B,1,home_run,3,4,1
2025-07-11,MIL202507110,MIL,"Vaughn, Andrew",vauga001,2,0,empty,empty,1,field_out,3,6,1
2025-07-11,MIL202507110,MIL,"Collins, Isaac",colli001,2,1,empty,empty,1,field_out,3,6,1
2025-07-11,MIL202507110,MIL,"Turang, Brice",turab002,2,2,empty,empty,1,field_out,3,6,1
2025-07-11,MIL202507110,MIL,"Durbin, Caleb",durbc002,2,0,empty,empty,1,field_out,4,6,1
2025-07-11,MIL202507110,MIL,"Ortiz, Joey",ortij005,2,1,empty,empty,1,field_out,4,6,1
2025-07-11,MIL202507110,MIL,"Frelick, Sal",frels001,3,2,empty,empty,1,walk,4,6,1
2025-07-11,MIL202507110,MIL,"Contreras, William",contw002,3,2,1B,1B,1,double,4,6,1
2025-07-11,MIL202507110,MIL,"Chourio, Jackson",chouj001,3,2,2B,2B,1,field_out,4,7,1
2025-07-11,MIL202507110,MIL,"Yelich, Christian",yelic001,3,0,empty,empty,1,walk,5,7,1
2025-07-11,MIL202507110,MIL,"Vaughn, Andrew",vauga001,3,0,1B,1B,1,field_out,5,7,1
2025-07-11,MIL202507110,MIL,"Collins, Isaac",colli001,3,1,1B,1B,1,walk,5,7,1
2025-07-11,MIL202507110,MIL,"Turang, Brice",turab002,3,1,1B+2B,1B+2B,1,field_out,5,7,1
2025-07-11,MIL202507110,MIL,"Durbin, Caleb",durbc002,3,2,1B+3B,2B+3B,0,hit_by_pitch,5,7,1
2025-07-11,MIL202507110,MIL,"Ortiz, Joey",ortij005,3,2,1B+2B+3B,1B+2B+3B,1,field_out,5,7,1
2025-07-11,MIL202507110,MIL,"Frelick, Sal",frels001,4,0,empty,empty,1,strikeout,6,7,2
2025-07-11,MIL202507110,MIL,"Contreras, William",contw002,4,1,empty,empty,1,field_out,6,7,2
2025-07-11,MIL202507110,MIL,"Chourio, Jackson",chouj001,4,2,empty,empty,1,strikeout,6,7,2
2025-07-11,MIL202507110,MIL,"Yelich, Christian",yelic001,4,0,empty,empty,1,strikeout,7,7,3
2025-07-11,MIL202507110,MIL,"Vaughn, Andrew",vauga001,4,1,empty,empty,1,home_run,7,7,3
2025-07-11,MIL202507110,MIL,"Collins, Isaac",colli001,4,1,empty,empty,1,field_out,7,8,3
2025-07-11,MIL202507110,MIL,"Turang, Brice",turab002,4,2,empty,empty,1,field_out,7,8,3
2025-07-11,MIL202507110,MIL,"Durbin, Caleb",durbc002,4,0,empty,empty,1,single,8,8,3
2025-07-11,MIL202507110,MIL,"Ortiz, Joey",ortij005,4,0,1B,1B,1,grounded_into_double_play,8,8,3
2025-07-11,MIL202507110,MIL,"Frelick, Sal",frels001,5,2,empty,empty,1,field_out,8,8,3
2025-07-12,MIL202507120,MIL,"Frelick, Sal",frels001,1,0,empty,empty,1,field_out,1,0,0
2025-07-12,MIL202507120,MIL,"Contreras, William",contw002,1,1,empty,empty,1,field_out,1,0,0
2025-07-12,MIL202507120,MIL,"Chourio, Jackson",chouj001,1,2,empty,empty,1,single,1,0,0
2025-07-12,MIL202507120,MIL,"Yelich, Christian",yelic001,1,0,1B,empty,0,walk,2,0,1
2025-07-12,MIL202507120,MIL,"Vaughn, Andrew",vauga001,1,0,1B,1B,1,grounded_into_double_play,2,0,1
2025-07-12,MIL202507120,MIL,"Collins, Isaac",colli001,1,2,empty,empty,1,field_out,2,0,1
2025-07-12,MIL202507120,MIL,"Turang, Brice",turab002,1,0,empty,empty,1,strikeout,3,0,1
2025-07-12,MIL202507120,MIL,"Durbin, Caleb",durbc002,1,1,empty,empty,1,field_out,3,0,1
2025-07-12,MIL202507120,MIL,"Ortiz, Joey",ortij005,1,2,empty,empty,1,field_out,3,0,1
2025-07-12,MIL202507120,MIL,"Frelick, Sal",frels001,2,0,empty,empty,1,hit_by_pitch,4,0,2
2025-07-12,MIL202507120,MIL,"Contreras, William",contw002,2,0,1B,1B,1,single,4,0,2
2025-07-12,MIL202507120,MIL,"Chourio, Jackson",chouj001,2,0,1B+2B,1B+2B,1,double,4,0,2
2025-07-12,MIL202507120,MIL,"Yelich, Christian",yelic001,2,0,2B+3B,2B+3B,1,strikeout,4,1,2
2025-07-12,MIL202507120,MIL,"Vaughn, Andrew",vauga001,2,1,2B+3B,2B+3B,1,double,4,1,2
2025-07-12,MIL202507120,MIL,"Collins, Isaac",colli001,2,1,2B,2B,1,field_out,4,3,2
2025-07-12,MIL202507120,MIL,"Turang, Brice",turab002,2,2,2B,2B,1,field_out,4,3,2
2025-07-12,MIL202507120,MIL,"Durbin, Caleb",durbc002,2,0,empty,empty,1,field_out,5,3,2
2025-07-12,MIL202507120,MIL,"Ortiz, Joey",ortij005,2,1,empty,empty,1,field_out,5,3,2
2025-07-12,MIL202507120,MIL,"Frelick, Sal",frels001,3,2,empty,empty,1,field_out,5,3,2
2025-07-12,MIL202507120,MIL,"Contreras, William",contw002,3,0,empty,empty,1,field_out,6,3,2
2025-07-12,MIL202507120,MIL,"Chourio, Jackson",chouj001,3,1,empty,empty,1,field_out,6,3,2
2025-07-12,MIL202507120,MIL,"Yelich, Christian",yelic001,3,2,empty,empty,1,field_out,6,3,2
2025-07-12,MIL202507120,MIL,"Vaughn, Andrew",vauga001,3,0,empty,empty,1,field_out,7,3,2
2025-07-12,MIL202507120,MIL,"Collins, Isaac",colli001,3,1,empty,empty,1,field_out,7,3,2
2025-07-12,MIL202507120,MIL,"Turang, Brice",turab002,3,2,empty,empty,1,field_out,7,3,2
2025-07-12,MIL202507120,MIL,"Durbin, Caleb",durbc002,3,0,empty,empty,1,field_out,8,3,4
2025-07-12,MIL202507120,MIL,"Ortiz, Joey",ortij005,3,1,empty,empty,1,single,8,3,4
2025-07-12,MIL202507120,MIL,"Frelick, Sal",frels001,4,1,1B,1B,1,single,8,3,4
2025-07-12,MIL202507120,MIL,"Contreras, William",contw002,4,1,1B+2B,1B+2B,1,grounded_into_double_play,8,3,4
2025-07-12,MIL202507120,MIL,"Chourio, Jackson",chouj001,4,0,empty,empty,1,single,9,3,5
2025-07-12,MIL202507120,MIL,"Yelich, Christian",yelic001,4,0,1B,1B,1,walk,9,3,5
2025-07-12,MIL202507120,MIL,"Vaughn, Andrew",vauga001,4,0,1B+2B,1B+2B,1,double,9,3,5
2025-07-12,MIL202507120,MIL,"Bauers, Jake",bauej001,1,0,2B,2B,1,field_out,9,5,5
2025-07-12,MIL202507120,MIL,"Turang, Brice",turab002,4,1,3B,3B,1,intent_walk,9,5,5
2025-07-12,MIL202507120,MIL,"Durbin, Caleb",durbc002,4,1,1B+3B,2B+3B,0,single,9,5,5
2025-07-13,MIL202507130,MIL,"Frelick, Sal",frels001,1,0,empty,empty,1,field_out,1,0,0
2025-07-13,MIL202507130,MIL,"Contreras, William",contw002,1,1,empty,empty,1,single,1,0,0
2025-07-13,MIL202507130,MIL,"Yelich, Christian",yelic001,1,1,1B,1B,1,strikeout_double_play,1,0,0
2025-07-13,MIL202507130,MIL,"Chourio, Jackson",chouj001,1,0,empty,empty,1,strikeout,2,0,0
2025-07-13,MIL202507130,MIL,"Turang, Brice",turab002,1,1,empty,empty,1,field_out,2,0,0
2025-07-13,MIL202507130,MIL,"Bauers, Jake",bauej001,1,2,empty,empty,1,walk,2,0,0
2025-07-13,MIL202507130,MIL,"Monasterio, Andruw",monaa001,1,2,1B,1B,1,field_error,2,0,0
2025-07-13,MIL202507130,MIL,"Haase, Eric",haase001,1,2,1B+2B,1B+2B,1,single,2,0,0
2025-07-13,MIL202507130,MIL,"Seigler, Anthony",seiga001,1,2,1B+2B+3B,1B+2B+3B,1,single,2,0,0
2025-07-13,MIL202507130,MIL,"Frelick, Sal",frels001,2,2,1B+3B,1B+3B,1,single,2,2,0
2025-07-13,MIL202507130,MIL,"Contreras, William",contw002,2,2,1B+3B,2B+3B,0,strikeout,2,3,0
2025-07-13,MIL202507130,MIL,"Yelich, Christian",yelic001,2,0,empty,empty,1,hit_by_pitch,3,3,0
2025-07-13,MIL202507130,MIL,"Chourio, Jackson",chouj001,2,0,1B,1B,1,field_out,3,3,0
2025-07-13,MIL202507130,MIL,"Turang, Brice",turab002,2,1,1B,1B,1,field_out,3,3,0
2025-07-13,MIL202507130,MIL,"Bauers, Jake",bauej001,2,2,2B,2B,1,field_out,3,3,0
2025-07-13,MIL202507130,MIL,"Monasterio, Andruw",monaa001,2,0,empty,empty,1,strikeout,4,3,0
2025-07-13,MIL202507130,MIL,"Haase, Eric",haase001,2,1,empty,empty,1,strikeout,4,3,0
2025-07-13,MIL202507130,MIL,"Seigler, Anthony",seiga001,2,2,empty,empty,1,field_out,4,3,0
2025-07-13,MIL202507130,MIL,"Collins, Isaac",colli001,1,0,empty,empty,1,field_out,5,3,0
2025-07-13,MIL202507130,MIL,"Contreras, William",contw002,3,1,empty,empty,1,field_out,5,3,0
2025-07-13,MIL202507130,MIL,"Yelich, Christian",yelic001,3,2,empty,empty,1,field_out,5,3,0
2025-07-13,MIL202507130,MIL,"Chourio, Jackson",chouj001,3,0,empty,empty,1,strikeout,6,3,0
2025-07-13,MIL202507130,MIL,"Turang, Brice",turab002,3,1,empty,empty,1,field_out,6,3,0
2025-07-13,MIL202507130,MIL,"Bauers, Jake",bauej001,3,2,empty,empty,1,strikeout,6,3,0
2025-07-13,MIL202507130,MIL,"Monasterio, Andruw",monaa001,3,0,empty,empty,1,field_out,7,3,1
2025-07-13,MIL202507130,MIL,"Haase, Eric",haase001,3,1,empty,empty,1,strikeout,7,3,1
2025-07-13,MIL202507130,MIL,"Seigler, Anthony",seiga001,3,2,empty,empty,1,walk,7,3,1
2025-07-13,MIL202507130,MIL,"Collins, Isaac",colli001,2,2,1B,1B,1,field_out,7,3,1
2025-07-13,MIL202507130,MIL,"Contreras, William",contw002,4,0,empty,empty,1,single,8,3,1
2025-07-13,MIL202507130,MIL,"Yelich, Christian",yelic001,4,0,1B,1B,1,single,8,3,1
2025-07-13,MIL202507130,MIL,"Chourio, Jackson",chouj001,4,0,1B+2B,1B+2B,1,home_run,8,3,1
2025-07-13,MIL202507130,MIL,"Turang, Brice",turab002,4,0,empty,empty,1,home_run,8,6,1
2025-07-13,MIL202507130,MIL,"Bauers, Jake",bauej001,4,0,empty,empty,1,strikeout,8,7,1
2025-07-13,MIL202507130,MIL,"Durbin, Caleb",durbc002,1,1,empty,empty,1,walk,8,7,1
2025-07-13,MIL202507130,MIL,"Haase, Eric",haase001,4,1,1B,1B,1,hit_by_pitch,8,7,1
2025-07-13,MIL202507130,MIL,"Ortiz, Joey",ortij005,1,1,1B+2B,1B+2B,1,single,8,7,1
2025-07-13,MIL202507130,MIL,"Collins, Isaac",colli001,3,1,1B+2B+3B,1B+2B+3B,1,walk,8,7,1
2025-07-13,MIL202507130,MIL,"Contreras, William",contw002,5,1,1B+2B+3B,1B+2B+3B,1,strikeout,8,8,1
2025-07-13,MIL202507130,MIL,"Yelich, Christian",yelic001,5,2,1B+2B+3B,1B+2B+3B,1,field_out,8,8,1
2025-07-18,LAN202507180,MIL,"Turang, Brice",turab002,1,0,empty,empty,1,field_out,1,0,0
2025-07-18,LAN202507180,MIL,"Contreras, William",contw002,1,1,empty,empty,1,strikeout,1,0,0
2025-07-18,LAN202507180,MIL,"Chourio, Jackson",chouj001,1,2,empty,empty,1,strikeout,1,0,0
2025-07-18,LAN202507180,MIL,"Yelich, Christian",yelic001,1,0,empty,empty,1,field_out,2,0,0
2025-07-18,LAN202507180,MIL,"Vaughn, Andrew",vauga001,1,1,empty,empty,1,strikeout,2,0,0
2025-07-18,LAN202507180,MIL,"Collins, Isaac",colli001,1,2,empty,empty,1,single,2,0,0
2025-07-18,LAN202507180,MIL,"Bauers, Jake",bauej001,1,2,1B,1B,1,field_out,2,0,0
2025-07-18,LAN202507180,MIL,"Durbin, Caleb",durbc002,1,0,empty,empty,1,field_out,3,0,0
2025-07-18,LAN202507180,MIL,"Ortiz, Joey",ortij005,1,1,empty,empty,1,field_out,3,0,0
2025-07-18,LAN202507180,MIL,"Turang, Brice",turab002,2,2,empty,empty,1,single,3,0,0
2025-07-18,LAN202507180,MIL,"Contreras, William",contw002,2,2,1B,1B,1,field_out,3,0,0
2025-07-18,LAN202507180,MIL,"Chourio, Jackson",chouj001,2,0,empty,empty,1,field_out,4,0,0
2025-07-18,LAN202507180,MIL,"Yelich, Christian",yelic001,2,1,empty,empty,1,strikeout,4,0,0
2025-07-18,LAN202507180,MIL,"Vaughn, Andrew",vauga001,2,2,empty,empty,1,field_out,4,0,0
2025-07-18,LAN202507180,MIL,"Collins, Isaac",colli001,2,0,empty,empty,1,walk,5,0,0
2025-07-18,LAN202507180,MIL,"Bauers, Jake",bauej001,2,0,1B,1B,1,field_out,5,0,0
2025-07-18,LAN202507180,MIL,"Durbin, Caleb",durbc002,2,1,2B,2B,1,double,5,0,0
2025-07-18,LAN202507180,MIL,"Ortiz, Joey",ortij005,2,1,2B,2B,1,field_out,5,1,0
2025-07-18,LAN202507180,MIL,"Turang, Brice",turab002,3,2,2B,2B,1,field_out,5,1,0
2025-07-18,LAN202507180,MIL,"Contreras, William",contw002,3,0,empty,empty,1,strikeout,6,1,0
2025-07-18,LAN202507180,MIL,"Chourio, Jackson",chouj001,3,1,empty,empty,1,single,6,1,0
2025-07-18,LAN202507180,MIL,"Yelich, Christian",yelic001,3,1,1B,1B,1,strikeout,6,1,0
2025-07-18,LAN202507180,MIL,"Vaughn, Andrew",vauga001,3,2,1B,1B,1,field_out,6,1,0
2025-07-18,LAN202507180,MIL,"Collins, Isaac",colli001,3,0,empty,empty,1,field_out,7,1,0
2025-07-18,LAN202507180,MIL,"Bauers, Jake",bauej001,3,1,empty,empty,1,field_out,7,1,0
2025-07-18,LAN202507180,MIL,"Durbin, Caleb",durbc002,3,2,empty,empty,1,home_run,7,1,0
2025-07-18,LAN202507180,MIL,"Ortiz, Joey",ortij005,3,2,empty,empty,1,field_out,7,2,0
2025-07-18,LAN202507180,MIL,"Turang, Brice",turab002,4,0,empty,empty,1,strikeout,8,2,0
2025-07-18,LAN202507180,MIL,"Contreras, William",contw002,4,1,empty,empty,1,single,8,2,0
2025-07-18,LAN202507180,MIL,"Chourio, Jackson",chouj001,4,1,1B,1B,1,field_out,8,2,0
2025-07-18,LAN202507180,MIL,"Yelich, Christian",yelic001,4,2,1B,1B,1,single,8,2,0
2025-07-18,LAN202507180,MIL,"Vaughn, Andrew",vauga001,4,2,1B+2B,1B+2B,1,walk,8,2,0
2025-07-18,LAN202507180,MIL,"Collins, Isaac",colli001,4,2,1B+2B+3B,1B+2B+3B,1,strikeout,8,2,0
2025-07-18,LAN202507180,MIL,"Perkins, Blake",perkb002,1,0,empty,empty,1,single,9,2,0
2025-07-18,LAN202507180,MIL,"Durbin, Caleb",durbc002,4,0,1B,1B,1,field_out,9,2,0
2025-07-18,LAN202507180,MIL,"Ortiz, Joey",ortij005,4,1,1B,1B,1,single,9,2,0
2025-07-18,LAN202507180,MIL,"Turang, Brice",turab002,5,1,2B+3B,2B+3B,1,fielders_choice_out,9,2,0
2025-07-18,LAN202507180,MIL,"Contreras, William",contw002,5,2,1B+3B,2B+3B,0,field_out,9,2,0
2025-07-19,LAN202507190,MIL,"Turang, Brice",turab002,1,0,empty,empty,1,strikeout,1,0,0
2025-07-19,LAN202507190,MIL,"Contreras, William",contw002,1,1,empty,empty,1,field_out,1,0,0
2025-07-19,LAN202507190,MIL,"Chourio, Jackson",chouj001,1,2,empty,empty,1,field_out,1,0,0
2025-07-19,LAN202507190,MIL,"Yelich, Christian",yelic001,1,0,empty,empty,1,single,2,0,0
2025-07-19,LAN202507190,MIL,"Vaughn, Andrew",vauga001,1,0,1B,1B,1,field_out,2,0,0
2025-07-19,LAN202507190,MIL,"Collins, Isaac",colli001,1,2,1B,empty,0,single,2,0,0
2025-07-19,LAN202507190,MIL,"Durbin, Caleb",durbc002,1,2,1B,1B,1,strikeout,2,0,0
2025-07-19,LAN202507190,MIL,"Perkins, Blake",perkb002,1,0,empty,empty,1,triple,3,0,0
2025-07-19,LAN202507190,MIL,"Ortiz, Joey",ortij005,1,0,3B,3B,1,single,3,0,0
2025-07-19,LAN202507190,MIL,"Turang, Brice",turab002,2,0,1B,2B,0,walk,3,1,0
2025-07-19,LAN202507190,MIL,"Contreras, William",contw002,2,0,1B+2B,1B+2B,1,double,3,1,0
2025-07-19,LAN202507190,MIL,"Chourio, Jackson",chouj001,2,0,2B,2B,1,single,3,3,0
2025-07-19,LAN202507190,MIL,"Yelich, Christian",yelic001,2,0,1B+3B,1B+3B,1,strikeout,3,3,0
2025-07-19,LAN202507190,MIL,"Vaughn, Andrew",vauga001,2,1,1B+3B,1B+3B,1,sac_fly,3,3,0
2025-07-19,LAN202507190,MIL,"Collins, Isaac",colli001,2,0,1B,empty,0,home_run,4,4,4
2025-07-19,LAN202507190,MIL,"Durbin, Caleb",durbc002,2,0,empty,empty,1,field_out,4,5,4
2025-07-19,LAN202507190,MIL,"Perkins, Blake",perkb002,2,1,empty,empty,1,walk,4,5,4
2025-07-19,LAN202507190,MIL,"Ortiz, Joey",ortij005,2,1,1B,2B,0,field_out,4,5,4
2025-07-19,LAN202507190,MIL,"Turang, Brice",turab002,3,2,2B,2B,1,field_out,4,5,4
2025-07-19,LAN202507190,MIL,"Contreras, William",contw002,3,0,empty,empty,1,strikeout,5,5,4
2025-07-19,LAN202507190,MIL,"Chourio, Jackson",chouj001,3,1,empty,empty,1,field_out,5,5,4
2025-07-19,LAN202507190,MIL,"Yelich, Christian",yelic001,3,2,empty,empty,1,field_out,5,5,4
2025-07-19,LAN202507190,MIL,"Vaughn, Andrew",vauga001,3,0,empty,empty,1,field_out,6,5,4
2025-07-19,LAN202507190,MIL,"Collins, Isaac",colli001,3,1,empty,empty,1,walk,6,5,4
2025-07-19,LAN202507190,MIL,"Durbin, Caleb",durbc002,3,1,1B,2B,0,double,6,5,4
2025-07-19,LAN202507190,MIL,"Perkins, Blake",perkb002,3,1,2B,2B,1,field_out,6,6,4
2025-07-19,LAN202507190,MIL,"Ortiz, Joey",ortij005,3,2,2B,3B,0,field_out,6,6,4
2025-07-19,LAN202507190,MIL,"Turang, Brice",turab002,4,0,empty,empty,1,single,7,6,5
2025-07-19,LAN202507190,MIL,"Contreras, William",contw002,4,0,1B,1B,1,strikeout,7,6,5
2025-07-19,LAN202507190,MIL,"Chourio, Jackson",chouj001,4,1,1B,1B,1,single,7,6,5
2025-07-19,LAN202507190,MIL,"Yelich, Christian",yelic001,4,1,1B+3B,1B+3B,1,strikeout,7,6,5
2025-07-19,LAN202507190,MIL,"Vaughn, Andrew",vauga001,4,2,1B+3B,1B+3B,1,single,7,6,5
2025-07-19,LAN202507190,MIL,"Collins, Isaac",colli001,4,2,1B+2B,1B+2B,1,strikeout,7,7,5
2025-07-19,LAN202507190,MIL,"Durbin, Caleb",durbc002,4,0,empty,empty,1,field_out,8,7,5
2025-07-19,LAN202507190,MIL,"Perkins, Blake",perkb002,4,1,empty,empty,1,field_out,8,7,5
2025-07-19,LAN202507190,MIL,"Ortiz, Joey",ortij005,4,2,empty,empty,1,home_run,8,7,5
2025-07-19,LAN202507190,MIL,"Turang, Brice",turab002,5,2,empty,empty,1,single,8,8,5
2025-07-19,LAN202507190,MIL,"Contreras, William",contw002,5,2,3B,3B,1,field_out,8,8,5
2025-07-19,LAN202507190,MIL,"Chourio, Jackson",chouj001,5,0,empty,empty,1,strikeout,9,8,7
2025-07-19,LAN202507190,MIL,"Yelich, Christian",yelic001,5,1,empty,empty,1,field_out,9,8,7
2025-07-19,LAN202507190,MIL,"Vaughn, Andrew",vauga001,5,2,empty,empty,1,walk,9,8,7
2025-07-19,LAN202507190,MIL,"Collins, Isaac",colli001,5,2,1B,1B,1,field_out,9,8,7
2025-07-20,LAN202507200,MIL,"Chourio, Jackson",chouj001,1,0,empty,empty,1,field_out,1,0,0
2025-07-20,LAN202507200,MIL,"Contreras, William",contw002,1,1,empty,empty,1,single,1,0,0
2025-07-20,LAN202507200,MIL,"Vaughn, Andrew",vauga001,1,1,1B,1B,1,single,1,0,0
2025-07-20,LAN202507200,MIL,"Collins, Isaac",colli001,1,1,1B+2B,1B+2B,1,strikeout,1,0,0
2025-07-20,LAN202507200,MIL,"Durbin, Caleb",durbc002,1,2,1B+2B,1B+2B,1,field_out,1,0,0
2025-07-20,LAN202507200,MIL,"Perkins, Blake",perkb002,1,0,empty,empty,1,field_out,2,0,0
2025-07-20,LAN202507200,MIL,"Monasterio, Andruw",monaa001,1,1,empty,empty,1,strikeout,2,0,0
2025-07-20,LAN202507200,MIL,"Ortiz, Joey",ortij005,1,2,empty,empty,1,field_out,2,0,0
2025-07-20,LAN202507200,MIL,"Haase, Eric",haase001,1,0,empty,empty,1,field_out,3,0,0
2025-07-20,LAN202507200,MIL,"Chourio, Jackson",chouj001,2,1,empty,empty,1,field_out,3,0,0
2025-07-20,LAN202507200,MIL,"Contreras, William",contw002,2,2,empty,empty,1,field_out,3,0,0
2025-07-20,LAN202507200,MIL,"Vaughn, Andrew",vauga001,2,0,empty,empty,1,walk,4,0,3
2025-07-20,LAN202507200,MIL,"Collins, Isaac",colli001,2,0,1B,1B,1,field_out,4,0,3
2025-07-20,LAN202507200,MIL,"Durbin, Caleb",durbc002,2,1,2B,2B,1,field_out,4,0,3
2025-07-20,LAN202507200,MIL,"Perkins, Blake",perkb002,2,2,2B,2B,1,single,4,0,3
2025-07-20,LAN202507200,MIL,"Monasterio, Andruw",monaa001,2,2,2B,2B,1,single,4,1,3
2025-07-20,LAN202507200,MIL,"Ortiz, Joey",ortij005,2,2,2B,2B,1,field_error,4,2,3
2025-07-20,LAN202507200,MIL,"Haase, Eric",haase001,2,2,2B,2B,1,field_out,4,3,3
2025-07-20,LAN202507200,MIL,"Chourio, Jackson",chouj001,3,0,empty,empty,1,field_out,5,3,3
2025-07-20,LAN202507200,MIL,"Contreras, William",contw002,3,1,empty,empty,1,hit_by_pitch,5,3,3
2025-07-20,LAN202507200,MIL,"Vaughn, Andrew",vauga001,3,1,1B,1B,1,single,5,3,3
2025-07-20,LAN202507200,MIL,"Collins, Isaac",colli001,3,1,1B+3B,1B+3B,1,field_out,5,3,3
2025-07-20,LAN202507200,MIL,"Durbin, Caleb",durbc002,3,2,1B+3B,1B+3B,1,walk,5,3,3
2025-07-20,LAN202507200,MIL,"Perkins, Blake",perkb002,3,2,1B+2B+3B,1B+2B+3B,1,strikeout,5,3,3
2025-07-20,LAN202507200,MIL,"Monasterio, Andruw",monaa001,3,0,empty,empty,1,field_out,6,3,4
2025-07-20,LAN202507200,MIL,"Ortiz, Joey",ortij005,3,1,empty,empty,1,double,6,3,4
2025-07-20,LAN202507200,MIL,"Haase, Eric",haase001,3,1,2B,2B,1,single,6,3,4
2025-07-20,LAN202507200,MIL,"Chourio, Jackson",chouj001,4,1,1B,1B,1,single,6,4,4
2025-07-20,LAN202507200,MIL,"Contreras, William",contw002,4,1,1B+3B,2B+3B,0,strikeout,6,4,4
2025-07-20,LAN202507200,MIL,"Vaughn, Andrew",vauga001,4,2,2B+3B,2B+3B,1,walk,6,4,4
2025-07-20,LAN202507200,MIL,"Collins, Isaac",colli001,4,2,1B+2B+3B,1B+2B+3B,1,single,6,4,4
2025-07-20,LAN202507200,MIL,"Durbin, Caleb",durbc002,4,0,empty,empty,1,field_out,7,6,4
2025-07-20,LAN202507200,MIL,"Perkins, Blake",perkb002,4,1,empty,empty,1,strikeout,7,6,4
2025-07-20,LAN202507200,MIL,"Monasterio, Andruw",monaa001,4,2,empty,empty,1,field_out,7,6,4
2025-07-20,LAN202507200,MIL,"Ortiz, Joey",ortij005,4,0,empty,empty,1,field_out,8,6,4
2025-07-20,LAN202507200,MIL,"Haase, Eric",haase001,4,1,empty,empty,1,field_out,8,6,4
2025-07-20,LAN202507200,MIL,"Chourio, Jackson",chouj001,5,2,empty,empty,1,strikeout,8,6,4
2025-07-20,LAN202507200,MIL,"Contreras, William",contw002,5,0,empty,empty,1,field_out,9,6,4
2025-07-20,LAN202507200,MIL,"Vaughn, Andrew",vauga001,5,1,empty,empty,1,field_out,9,6,4
2025-07-20,LAN202507200,MIL,"Collins, Isaac",colli001,5,2,empty,empty,1,single,9,6,4
2025-07-20,LAN202507200,MIL,"Durbin, Caleb",durbc002,5,2,1B,1B,1,single,9,6,4
2025-07-20,LAN202507200,MIL,"Perkins, Blake",perkb002,5,2,1B+2B,1B+2B,1,field_out,9,6,4
2025-07-21,SEA202507210,MIL,"Turang, Brice",turab002,1,0,empty,empty,1,field_out,1,0,0
2025-07-21,SEA202507210,MIL,"Contreras, William",contw002,1,1,empty,empty,1,field_out,1,0,0
2025-07-21,SEA202507210,MIL,"Yelich, Christian",yelic001,1,2,empty,empty,1,field_out,1,0,0
2025-07-21,SEA202507210,MIL,"Chourio, Jackson",chouj001,1,0,empty,empty,1,field_out,2,0,0
2025-07-21,SEA202507210,MIL,"Collins, Isaac",colli001,1,1,empty,empty,1,field_out,2,0,0
2025-07-21,SEA202507210,MIL,"Vaughn, Andrew",vauga001,1,2,empty,empty,1,field_out,2,0,0
2025-07-21,SEA202507210,MIL,"Perkins, Blake",perkb002,1,0,empty,empty,1,walk,3,0,0
2025-07-21,SEA202507210,MIL,"Seigler, Anthony",seiga001,1,0,1B,1B,1,field_out,3,0,0
2025-07-21,SEA202507210,MIL,"Ortiz, Joey",ortij005,1,1,1B,2B,0,strikeout,3,0,0
2025-07-21,SEA202507210,MIL,"Turang, Brice",turab002,2,2,2B,2B,1,field_out,3,0,0
2025-07-21,SEA202507210,MIL,"Contreras, William",contw002,2,0,empty,empty,1,field_out,4,0,0
2025-07-21,SEA202507210,MIL,"Yelich, Christian",yelic001,2,1,empty,empty,1,strikeout,4,0,0
2025-07-21,SEA202507210,MIL,"Chourio, Jackson",chouj001,2,2,empty,empty,1,field_out,4,0,0
2025-07-21,SEA202507210,MIL,"Collins, Isaac",colli001,2,0,empty,empty,1,field_out,5,0,0
2025-07-21,SEA202507210,MIL,"Vaughn, Andrew",vauga001,2,1,empty,empty,1,field_out,5,0,0
2025-07-21,SEA202507210,MIL,"Perkins, Blake",perkb002,2,2,empty,empty,1,strikeout,5,0,0
2025-07-21,SEA202507210,MIL,"Seigler, Anthony",seiga001,2,0,empty,empty,1,field_out,6,0,0
2025-07-21,SEA202507210,MIL,"Ortiz, Joey",ortij005,2,1,empty,empty,1,single,6,0,0
2025-07-21,SEA202507210,MIL,"Turang, Brice",turab002,3,1,1B,1B,1,double,6,0,0
2025-07-21,SEA202507210,MIL,"Contreras, William",contw002,3,1,2B+3B,2B+3B,1,sac_fly,6,0,0
2025-07-21,SEA202507210,MIL,"Yelich, Christian",yelic001,3,2,3B,3B,1,single,6,1,0
2025-07-21,SEA202507210,MIL,"Chourio, Jackson",chouj001,3,2,1B,1B,1,double,6,2,0
2025-07-21,SEA202507210,MIL,"Collins, Isaac",colli001,3,2,2B,2B,1,single,6,3,0
2025-07-21,SEA202507210,MIL,"Vaughn, Andrew",vauga001,3,2,1B,1B,1,field_out,6,4,0
2025-07-21,SEA202507210,MIL,"Perkins, Blake",perkb002,3,0,empty,empty,1,strikeout,7,4,0
2025-07-21,SEA202507210,MIL,"Seigler, Anthony",seiga001,3,1,empty,empty,1,single,7,4,0
2025-07-21,SEA202507210,MIL,"Ortiz, Joey",ortij005,3,1,1B,1B,1,grounded_into_double_play,7,4,0
2025-07-21,SEA202507210,MIL,"Turang, Brice",turab002,4,0,empty,empty,1,single,8,4,0
2025-07-21,SEA202507210,MIL,"Contreras, William",contw002,4,1,1B,empty,0,double,8,4,0
2025-07-21,SEA202507210,MIL,"Yelich, Christian",yelic001,4,1,2B,2B,1,single,8,4,0
2025-07-21,SEA202507210,MIL,"Chourio, Jackson",chouj001,4,1,2B,3B,0,single,8,5,0
2025-07-21,SEA202507210,MIL,"Collins, Isaac",colli001,4,1,1B,1B,1,walk,8,6,0
2025-07-21,SEA202507210,MIL,"Vaughn, Andrew",vauga001,4,1,1B+2B,1B+3B,0,grounded_into_double_play,8,6,0
2025-07-21,SEA202507210,MIL,"Perkins, Blake",perkb002,4,0,empty,empty,1,strikeout,9,6,0
2025-07-21,SEA202507210,MIL,"Seigler, Anthony",seiga001,4,1,empty,empty,1,field_out,9,6,0
2025-07-21,SEA202507210,MIL,"Ortiz, Joey",ortij005,4,2,empty,empty,1,strikeout,9,6,0
2025-07-22,SEA202507220,MIL,"Turang, Brice",turab002,1,0,empty,empty,1,strikeout,1,0,0
2025-07-22,SEA202507220,MIL,"Contreras, William",contw002,1,1,empty,empty,1,strikeout,1,0,0
2025-07-22,SEA202507220,MIL,"Yelich, Christian",yelic001,1,2,empty,empty,1,strikeout,1,0,0
2025-07-22,SEA202507220,MIL,"Chourio, Jackson",chouj001,1,0,empty,empty,1,field_out,2,0,0
2025-07-22,SEA202507220,MIL,"Collins, Isaac",colli001,1,1,empty,empty,1,field_out,2,0,0
2025-07-22,SEA202507220,MIL,"Vaughn, Andrew",vauga001,1,2,empty,empty,1,field_out,2,0,0
2025-07-22,SEA202507220,MIL,"Seigler, Anthony",seiga001,1,0,empty,empty,1,field_out,3,0,0
2025-07-22,SEA202507220,MIL,"Durbin, Caleb",durbc002,1,1,empty,empty,1,field_out,3,0,0
2025-07-22,SEA202507220,MIL,"Ortiz, Joey",ortij005,1,2,empty,empty,1,strikeout,3,0,0
2025-07-22,SEA202507220,MIL,"Turang, Brice",turab002,2,0,empty,empty,1,strikeout,4,0,0
2025-07-22,SEA202507220,MIL,"Contreras, William",contw002,2,1,empty,empty,1,field_out,4,0,0
2025-07-22,SEA202507220,MIL,"Yelich, Christian",yelic001,2,2,empty,empty,1,strikeout,4,0,0
2025-07-22,SEA202507220,MIL,"Chourio, Jackson",chouj001,2,0,empty,empty,1,single,5,0,0
2025-07-22,SEA202507220,MIL,"Collins, Isaac",colli001,2,0,1B,2B,0,field_out,5,0,0
2025-07-22,SEA202507220,MIL,"Vaughn, Andrew",vauga001,2,1,2B,2B,1,strikeout,5,0,0
2025-07-22,SEA202507220,MIL,"Seigler, Anthony",seiga001,2,2,2B,2B,1,field_out,5,0,0
2025-07-22,SEA202507220,MIL,"Durbin, Caleb",durbc002,2,0,empty,empty,1,strikeout,6,0,0
2025-07-22,SEA202507220,MIL,"Ortiz, Joey",ortij005,2,1,empty,empty,1,field_out,6,0,0
2025-07-22,SEA202507220,MIL,"Turang, Brice",turab002,3,2,empty,empty,1,strikeout,6,0,0
2025-07-22,SEA202507220,MIL,"Contreras, William",contw002,3,0,empty,empty,1,strikeout,7,0,1
2025-07-22,SEA202507220,MIL,"Yelich, Christian",yelic001,3,1,empty,empty,1,single,7,0,1
2025-07-22,SEA202507220,MIL,"Chourio, Jackson",chouj001,3,1,1B,1B,1,single,7,0,1
2025-07-22,SEA202507220,MIL,"Collins, Isaac",colli001,3,1,1B+2B,1B+2B,1,field_out,7,0,1
2025-07-22,SEA202507220,MIL,"Vaughn, Andrew",vauga001,3,2,1B+2B,1B+2B,1,field_out,7,0,1
2025-07-22,SEA202507220,MIL,"Seigler, Anthony",seiga001,3,0,empty,empty,1,field_out,8,0,1
2025-07-22,SEA202507220,MIL,"Durbin, Caleb",durbc002,3,1,empty,empty,1,field_out,8,0,1
2025-07-22,SEA202507220,MIL,"Black, Tyler",blact003,1,2,empty,empty,1,walk,8,0,1
2025-07-22,SEA202507220,MIL,"Turang, Brice",turab002,4,2,1B,1B,1,strikeout,8,0,1
2025-07-22,SEA202507220,MIL,"Contreras, William",contw002,4,0,empty,empty,1,walk,9,0,1
2025-07-22,SEA202507220,MIL,"Yelich, Christian",yelic001,4,0,1B,1B,1,strikeout,9,0,1
2025-07-22,SEA202507220,MIL,"Chourio, Jackson",chouj001,4,1,2B,2B,1,walk,9,0,1
2025-07-22,SEA202507220,MIL,"Collins, Isaac",colli001,4,1,1B+2B,1B+2B,1,strikeout,9,0,1
2025-07-22,SEA202507220,MIL,"Vaughn, Andrew",vauga001,4,2,1B+2B,1B+2B,1,field_out,9,0,1
2025-07-23,SEA202507230,MIL,"Turang, Brice",turab002,1,0,empty,empty,1,field_out,1,0,0
2025-07-23,SEA202507230,MIL,"Contreras, William",contw002,1,1,empty,empty,1,strikeout,1,0,0
2025-07-23,SEA202507230,MIL,"Yelich, Christian",yelic001,1,2,empty,empty,1,single,1,0,0
2025-07-23,SEA202507230,MIL,"Chourio, Jackson",chouj001,1,2,1B,1B,1,strikeout,1,0,0
2025-07-23,SEA202507230,MIL,"Collins, Isaac",colli001,1,0,empty,empty,1,single,2,0,0
2025-07-23,SEA202507230,MIL,"Black, Tyler",blact003,1,0,1B,1B,1,double,2,0,0
2025-07-23,SEA202507230,MIL,"Perkins, Blake",perkb002,1,0,2B+3B,2B+3B,1,double,2,0,0
2025-07-23,SEA202507230,MIL,"Seigler, Anthony",seiga001,1,0,2B,2B,1,field_out,2,2,0
2025-07-23,SEA202507230,MIL,"Ortiz, Joey",ortij005,1,1,2B,2B,1,field_out,2,2,0
2025-07-23,SEA202507230,MIL,"Turang, Brice",turab002,2,2,3B,3B,1,strikeout,2,2,0
2025-07-23,SEA202507230,MIL,"Contreras, William",contw002,2,0,empty,empty,1,strikeout,3,2,2
2025-07-23,SEA202507230,MIL,"Yelich, Christian",yelic001,2,1,empty,empty,1,strikeout,3,2,2
2025-07-23,SEA202507230,MIL,"Chourio, Jackson",chouj001,2,2,empty,empty,1,field_out,3,2,2
2025-07-23,SEA202507230,MIL,"Collins, Isaac",colli001,2,0,empty,empty,1,field_error,4,2,2
2025-07-23,SEA202507230,MIL,"Black, Tyler",blact003,2,0,1B,1B,1,field_out,4,2,2
2025-07-23,SEA202507230,MIL,"Perkins, Blake",perkb002,2,1,1B,2B,0,strikeout,4,2,2
2025-07-23,SEA202507230,MIL,"Seigler, Anthony",seiga001,2,2,2B,2B,1,hit_by_pitch,4,2,2
2025-07-23,SEA202507230,MIL,"Ortiz, Joey",ortij005,2,2,1B+2B,1B+2B,1,single,4,2,2
2025-07-23,SEA202507230,MIL,"Turang, Brice",turab002,3,2,2B+3B,2B+3B,1,single,4,3,2
2025-07-23,SEA202507230,MIL,"Contreras, William",contw002,3,2,1B+3B,1B+3B,1,single,4,4,2
2025-07-23,SEA202507230,MIL,"Yelich, Christian",yelic001,3,2,1B+3B,1B+3B,1,field_out,4,5,2
2025-07-23,SEA202507230,MIL,"Chourio, Jackson",chouj001,3,0,empty,empty,1,single,5,5,2
2025-07-23,SEA202507230,MIL,"Collins, Isaac",colli001,3,0,1B,1B,1,single,5,5,2
2025-07-23,SEA202507230,MIL,"Black, Tyler",blact003,3,0,1B+2B,1B+2B,1,single,5,5,2
2025-07-23,SEA202507230,MIL,"Perkins, Blake",perkb002,3,0,1B+2B,1B+2B,1,strikeout,5,6,2
2025-07-23,SEA202507230,MIL,"Seigler, Anthony",seiga001,3,1,1B+2B,1B+2B,1,grounded_into_double_play,5,6,2
2025-07-23,SEA202507230,MIL,"Ortiz, Joey",ortij005,3,0,empty,empty,1,field_out,6,6,2
2025-07-23,SEA202507230,MIL,"Turang, Brice",turab002,4,1,empty,empty,1,single,6,6,2
2025-07-23,SEA202507230,MIL,"Contreras, William",contw002,4,1,1B,1B,1,single,6,6,2
2025-07-23,SEA202507230,MIL,"Yelich, Christian",yelic001,4,1,1B+2B,1B+2B,1,strikeout,6,6,2
2025-07-23,SEA202507230,MIL,"Chourio, Jackson",chouj001,4,2,1B+2B,1B+2B,1,single,6,6,2
2025-07-23,SEA202507230,MIL,"Collins, Isaac",colli001,4,2,1B+3B,2B+3B,0,field_out,6,7,2
2025-07-23,SEA202507230,MIL,"Black, Tyler",blact003,4,0,empty,empty,1,field_out,7,7,2
2025-07-23,SEA202507230,MIL,"Perkins, Blake",perkb002,4,1,empty,empty,1,strikeout,7,7,2
2025-07-23,SEA202507230,MIL,"Seigler, Anthony",seiga001,4,2,empty,empty,1,single,7,7,2
2025-07-23,SEA202507230,MIL,"Ortiz, Joey",ortij005,4,2,1B,1B,1,single,7,7,2
2025-07-23,SEA202507230,MIL,"Turang, Brice",turab002,5,2,1B+2B,1B+2B,1,double,7,7,2
2025-07-23,SEA202507230,MIL,"Contreras, William",contw002,5,2,2B,2B,1,single,7,9,2
2025-07-23,SEA202507230,MIL,"Yelich, Christian",yelic001,5,2,1B,1B,1,field_out,7,10,2
2025-07-23,SEA202507230,MIL,"Chourio, Jackson",chouj001,5,0,empty,empty,1,strikeout,8,10,2
2025-07-23,SEA202507230,MIL,"Collins, Isaac",colli001,5,1,empty,empty,1,field_out,8,10,2
2025-07-23,SEA202507230,MIL,"Black, Tyler",blact003,5,2,empty,empty,1,strikeout,8,10,2
2025-07-23,SEA202507230,MIL,"Perkins, Blake",perkb002,5,0,empty,empty,1,strikeout,9,10,2
2025-07-23,SEA202507230,MIL,"Durbin, Caleb",durbc002,1,1,empty,empty,1,field_out,9,10,2
2025-07-23,SEA202507230,MIL,"Ortiz, Joey",ortij005,5,2,empty,empty,1,walk,9,10,2
2025-07-23,SEA202507230,MIL,"Turang, Brice",turab002,6,2,1B,1B,1,walk,9,10,2
2025-07-23,SEA202507230,MIL,"Haase, Eric",haase001,1,2,1B+2B,1B+2B,1,field_out,9,10,2
2025-07-25,MIL202507250,MIL,"Turang, Brice",turab002,1,0,empty,empty,1,field_out,1,0,0
2025-07-25,MIL202507250,MIL,"Contreras, William",contw002,1,1,empty,empty,1,field_out,1,0,0
2025-07-25,MIL202507250,MIL,"Yelich, Christian",yelic001,1,2,empty,empty,1,field_out,1,0,0
2025-07-25,MIL202507250,MIL,"Chourio, Jackson",chouj001,1,0,empty,empty,1,strikeout,2,0,0
2025-07-25,MIL202507250,MIL,"Collins, Isaac",colli001,1,1,empty,empty,1,strikeout,2,0,0
2025-07-25,MIL202507250,MIL,"Vaughn, Andrew",vauga001,1,2,empty,empty,1,single,2,0,0
2025-07-25,MIL202507250,MIL,"Perkins, Blake",perkb002,1,2,1B,1B,1,strikeout,2,0,0
2025-07-25,MIL202507250,MIL,"Durbin, Caleb",durbc002,1,0,empty,empty,1,field_out,3,0,1
2025-07-25,MIL202507250,MIL,"Ortiz, Joey",ortij005,1,1,empty,empty,1,field_out,3,0,1
2025-07-25,MIL202507250,MIL,"Turang, Brice",turab002,2,2,empty,empty,1,field_out,3,0,1
2025-07-25,MIL202507250,MIL,"Contreras, William",contw002,2,0,empty,empty,1,field_out,4,0,1
2025-07-25,MIL202507250,MIL,"Yelich, Christian",yelic001,2,1,empty,empty,1,field_out,4,0,1
2025-07-25,MIL202507250,MIL,"Chourio, Jackson",chouj001,2,2,empty,empty,1,home_run,4,0,1
2025-07-25,MIL202507250,MIL,"Collins, Isaac",colli001,2,2,empty,empty,1,field_out,4,1,1
2025-07-25,MIL202507250,MIL,"Vaughn, Andrew",vauga001,2,0,empty,empty,1,field_out,5,1,1
2025-07-25,MIL202507250,MIL,"Perkins, Blake",perkb002,2,1,empty,empty,1,field_out,5,1,1
2025-07-25,MIL202507250,MIL,"Durbin, Caleb",durbc002,2,2,empty,empty,1,double,5,1,1
2025-07-25,MIL202507250,MIL,"Ortiz, Joey",ortij005,2,2,2B,2B,1,strikeout,5,1,1
2025-07-25,MIL202507250,MIL,"Turang, Brice",turab002,3,0,empty,empty,1,field_out,6,1,1
2025-07-25,MIL202507250,MIL,"Contreras, William",contw002,3,1,empty,empty,1,field_out,6,1,1
2025-07-25,MIL202507250,MIL,"Yelich, Christian",yelic001,3,2,empty,empty,1,strikeout,6,1,1
2025-07-25,MIL202507250,MIL,"Chourio, Jackson",chouj001,3,0,empty,empty,1,field_out,7,1,5
2025-07-25,MIL202507250,MIL,"Collins, Isaac",colli001,3,1,empty,empty,1,double,7,1,5
2025-07-25,MIL202507250,MIL,"Black, Tyler",blact003,1,1,2B,2B,1,walk,7,1,5
2025-07-25,MIL202507250,MIL,"Perkins, Blake",perkb002,3,1,1B+2B,1B+2B,1,field_out,7,1,5
2025-07-25,MIL202507250,MIL,"Durbin, Caleb",durbc002,3,2,2B+3B,2B+3B,1,strikeout,7,1,5
2025-07-25,MIL202507250,MIL,"Seigler, Anthony",seiga001,1,0,empty,empty,1,strikeout,8,1,5
2025-07-25,MIL202507250,MIL,"Turang, Brice",turab002,4,1,empty,empty,1,field_out,8,1,5
2025-07-25,MIL202507250,MIL,"Contreras, William",contw002,4,2,empty,empty,1,field_out,8,1,5
2025-07-25,MIL202507250,MIL,"Yelich, Christian",yelic001,4,0,empty,empty,1,walk,9,1,5
2025-07-25,MIL202507250,MIL,"Chourio, Jackson",chouj001,4,0,1B,1B,1,field_out,9,1,5
2025-07-25,MIL202507250,MIL,"Collins, Isaac",colli001,4,1,1B,1B,1,walk,9,1,5
2025-07-25,MIL202507250,MIL,"Black, Tyler",blact003,2,1,1B+2B,1B+2B,1,field_out,9,1,5
2025-07-25,MIL202507250,MIL,"Perkins, Blake",perkb002,4,2,2B+3B,2B+3B,1,strikeout,9,1,5
2025-07-26,MIL202507260,MIL,"Frelick, Sal",frels001,1,0,empty,empty,1,single,1,0,0
2025-07-26,MIL202507260,MIL,"Contreras, William",contw002,1,0,1B,1B,1,field_out,1,0,0
2025-07-26,MIL202507260,MIL,"Chourio, Jackson",chouj001,1,1,1B,1B,1,strikeout,1,0,0
2025-07-26,MIL202507260,MIL,"Yelich, Christian",yelic001,1,2,1B,1B,1,strikeout,1,0,0
2025-07-26,MIL202507260,MIL,"Vaughn, Andrew",vauga001,1,0,empty,empty,1,double,2,0,0
2025-07-26,MIL202507260,MIL,"Collins, Isaac",colli001,1,0,2B,2B,1,single,2,0,0
2025-07-26,MIL202507260,MIL,"Turang, Brice",turab002,1,0,1B+3B,1B+3B,1,strikeout,2,0,0
2025-07-26,MIL202507260,MIL,"Durbin, Caleb",durbc002,1,2,1B+3B,3B,0,single,2,0,0
2025-07-26,MIL202507260,MIL,"Ortiz, Joey",ortij005,1,0,1B,empty,0,field_out,3,1,1
2025-07-26,MIL202507260,MIL,"Frelick, Sal",frels001,2,1,empty,empty,1,strikeout,3,1,1
2025-07-26,MIL202507260,MIL,"Contreras, William",contw002,2,2,empty,empty,1,field_out,3,1,1
2025-07-26,MIL202507260,MIL,"Chourio, Jackson",chouj001,2,0,empty,empty,1,double,4,1,2
2025-07-26,MIL202507260,MIL,"Yelich, Christian",yelic001,2,0,2B,2B,1,strikeout,4,1,2
2025-07-26,MIL202507260,MIL,"Vaughn, Andrew",vauga001,2,1,2B,2B,1,field_out,4,1,2
2025-07-26,MIL202507260,MIL,"Collins, Isaac",colli001,2,2,2B,2B,1,double,4,1,2
2025-07-26,MIL202507260,MIL,"Turang, Brice",turab002,2,2,2B,2B,1,double,4,2,2
2025-07-26,MIL202507260,MIL,"Durbin, Caleb",durbc002,2,2,2B,2B,1,field_out,4,3,2
2025-07-26,MIL202507260,MIL,"Ortiz, Joey",ortij005,2,0,empty,empty,1,field_out,5,3,5
2025-07-26,MIL202507260,MIL,"Frelick, Sal",frels001,3,1,empty,empty,1,field_out,5,3,5
2025-07-26,MIL202507260,MIL,"Contreras, William",contw002,3,2,empty,empty,1,single,5,3,5
2025-07-26,MIL202507260,MIL,"Chourio, Jackson",chouj001,3,2,1B,1B,1,field_out,5,3,5
2025-07-26,MIL202507260,MIL,"Yelich, Christian",yelic001,3,0,empty,empty,1,field_out,6,3,7
2025-07-26,MIL202507260,MIL,"Vaughn, Andrew",vauga001,3,1,empty,empty,1,strikeout,6,3,7
2025-07-26,MIL202507260,MIL,"Collins, Isaac",colli001,3,2,empty,empty,1,field_out,6,3,7
2025-07-26,MIL202507260,MIL,"Turang, Brice",turab002,3,0,empty,empty,1,strikeout,7,3,7
2025-07-26,MIL202507260,MIL,"Durbin, Caleb",durbc002,3,1,empty,empty,1,field_out,7,3,7
2025-07-26,MIL202507260,MIL,"Ortiz, Joey",ortij005,3,2,empty,empty,1,field_out,7,3,7
2025-07-26,MIL202507260,MIL,"Frelick, Sal",frels001,4,0,empty,empty,1,field_out,8,3,7
2025-07-26,MIL202507260,MIL,"Contreras, William",contw002,4,1,empty,empty,1,field_out,8,3,7
2025-07-26,MIL202507260,MIL,"Chourio, Jackson",chouj001,4,2,empty,empty,1,single,8,3,7
2025-07-26,MIL202507260,MIL,"Yelich, Christian",yelic001,4,2,1B,1B,1,field_out,8,3,7
2025-07-26,MIL202507260,MIL,"Vaughn, Andrew",vauga001,4,0,empty,empty,1,home_run,9,3,7
2025-07-26,MIL202507260,MIL,"Collins, Isaac",colli001,4,0,empty,empty,1,strikeout,9,4,7
2025-07-26,MIL202507260,MIL,"Turang, Brice",turab002,4,1,empty,empty,1,field_out,9,4,7
2025-07-26,MIL202507260,MIL,"Durbin, Caleb",durbc002,4,2,empty,empty,1,single,9,4,7
2025-07-26,MIL202507260,MIL,"Seigler, Anthony",seiga001,1,2,1B,1B,1,strikeout,9,4,7
2025-07-27,MIL202507270,MIL,"Turang, Brice",turab002,1,0,empty,empty,1,field_out,1,0,1
2025-07-27,MIL202507270,MIL,"Chourio, Jackson",chouj001,1,1,empty,empty,1,field_error,1,0,1
2025-07-27,MIL202507270,MIL,"Contreras, William",contw002,1,1,1B,1B,1,field_out,1,0,1
2025-07-27,MIL202507270,MIL,"Yelich, Christian",yelic001,1,2,1B,1B,1,field_out,1,0,1
2025-07-27,MIL202507270,MIL,"Vaughn, Andrew",vauga001,1,0,empty,empty,1,strikeout,2,0,1
2025-07-27,MIL202507270,MIL,"Collins, Isaac",colli001,1,1,empty,empty,1,field_out,2,0,1
2025-07-27,MIL202507270,MIL,"Durbin, Caleb",durbc002,1,2,empty,empty,1,strikeout,2,0,1
2025-07-27,MIL202507270,MIL,"Ortiz, Joey",ortij005,1,0,empty,empty,1,strikeout,3,0,1
2025-07-27,MIL202507270,MIL,"Haase, Eric",haase001,1,1,empty,empty,1,hit_by_pitch,3,0,1
2025-07-27,MIL202507270,MIL,"Turang, Brice",turab002,2,1,1B,1B,1,field_out,3,0,1
2025-07-27,MIL202507270,MIL,"Chourio, Jackson",chouj001,2,2,1B,1B,1,double,3,0,1
2025-07-27,MIL202507270,MIL,"Contreras, William",contw002,2,2,2B,2B,1,field_out,3,1,1
2025-07-27,MIL202507270,MIL,"Yelich, Christian",yelic001,2,0,empty,empty,1,field_out,4,1,2
2025-07-27,MIL202507270,MIL,"Vaughn, Andrew",vauga001,2,1,empty,empty,1,single,4,1,2
2025-07-27,MIL202507270,MIL,"Collins, Isaac",colli001,2,1,1B,1B,1,walk,4,1,2
2025-07-27,MIL202507270,MIL,"Durbin, Caleb",durbc002,2,1,1B+2B,1B+2B,1,strikeout,4,1,2
2025-07-27,MIL202507270,MIL,"Ortiz, Joey",ortij005,2,2,1B+2B,1B+2B,1,field_out,4,1,2
2025-07-27,MIL202507270,MIL,"Haase, Eric",haase001,2,0,empty,empty,1,strikeout,5,1,2
2025-07-27,MIL202507270,MIL,"Turang, Brice",turab002,3,1,empty,empty,1,walk,5,1,2
2025-07-27,MIL202507270,MIL,"Chourio, Jackson",chouj001,3,1,1B,1B,1,field_out,5,1,2
2025-07-27,MIL202507270,MIL,"Contreras, William",contw002,3,2,1B,2B,0,strikeout,5,1,2
2025-07-27,MIL202507270,MIL,"Yelich, Christian",yelic001,3,0,empty,empty,1,single,6,1,2
2025-07-27,MIL202507270,MIL,"Vaughn, Andrew",vauga001,3,0,1B,1B,1,field_out,6,1,2
2025-07-27,MIL202507270,MIL,"Collins, Isaac",colli001,3,1,1B,1B,1,single,6,1,2
2025-07-27,MIL202507270,MIL,"Durbin, Caleb",durbc002,3,1,1B+3B,1B+3B,1,grounded_into_double_play,6,1,2
2025-07-27,MIL202507270,MIL,"Seigler, Anthony",seiga001,1,0,empty,empty,1,field_out,7,1,2
2025-07-27,MIL202507270,MIL,"Haase, Eric",haase001,3,1,empty,empty,1,strikeout,7,1,2
2025-07-27,MIL202507270,MIL,"Turang, Brice",turab002,4,2,empty,empty,1,field_out,7,1,2
2025-07-27,MIL202507270,MIL,"Chourio, Jackson",chouj001,4,0,empty,empty,1,double,8,1,2
2025-07-27,MIL202507270,MIL,"Contreras, William",contw002,4,0,2B,2B,1,fielders_choice_out,8,1,2
2025-07-27,MIL202507270,MIL,"Yelich, Christian",yelic001,4,1,1B,1B,1,strikeout,8,1,2
2025-07-27,MIL202507270,MIL,"Vaughn, Andrew",vauga001,4,2,1B,2B,0,double,8,1,2
2025-07-27,MIL202507270,MIL,"Collins, Isaac",colli001,4,2,2B,2B,1,walk,8,2,2
2025-07-27,MIL202507270,MIL,"Durbin, Caleb",durbc002,4,2,1B+2B,1B+2B,1,field_out,8,2,2
2025-07-27,MIL202507270,MIL,"Seigler, Anthony",seiga001,2,0,empty,empty,1,strikeout,9,2,2
2025-07-27,MIL202507270,MIL,"Haase, Eric",haase001,4,1,empty,empty,1,single,9,2,2
2025-07-27,MIL202507270,MIL,"Turang, Brice",turab002,5,1,1B,1B,1,double,9,2,2
2025-07-27,MIL202507270,MIL,"Chourio, Jackson",chouj001,5,1,2B+3B,2B+3B,1,intent_walk,9,2,2
2025-07-27,MIL202507270,MIL,"Perkins, Blake",perkb002,1,1,1B+2B+3B,1B+2B+3B,1,single,9,2,2
2025-07-28,MIL202507280,MIL,"Frelick, Sal",frels001,1,0,empty,empty,1,walk,1,0,3
2025-07-28,MIL202507280,MIL,"Chourio, Jackson",chouj001,1,0,1B,1B,1,walk,1,0,3
2025-07-28,MIL202507280,MIL,"Contreras, William",contw002,1,0,1B+2B,1B+2B,1,grounded_into_double_play,1,0,3
2025-07-28,MIL202507280,MIL,"Yelich, Christian",yelic001,1,2,2B,2B,1,field_out,1,0,3
2025-07-28,MIL202507280,MIL,"Vaughn, Andrew",vauga001,1,0,empty,empty,1,field_out,2,0,3
2025-07-28,MIL202507280,MIL,"Collins, Isaac",colli001,1,1,empty,empty,1,field_out,2,0,3
2025-07-28,MIL202507280,MIL,"Turang, Brice",turab002,1,2,empty,empty,1,single,2,0,3
2025-07-28,MIL202507280,MIL,"Durbin, Caleb",durbc002,1,2,1B,1B,1,walk,2,0,3
2025-07-28,MIL202507280,MIL,"Ortiz, Joey",ortij005,1,2,1B+2B,1B+2B,1,field_out,2,0,3
2025-07-28,MIL202507280,MIL,"Frelick, Sal",frels001,2,0,empty,empty,1,single,3,0,3
2025-07-28,MIL202507280,MIL,"Chourio, Jackson",chouj001,2,0,1B,1B,1,strikeout,3,0,3
2025-07-28,MIL202507280,MIL,"Contreras, William",contw002,2,1,1B,1B,1,single,3,0,3
2025-07-28,MIL202507280,MIL,"Yelich, Christian",yelic001,2,1,1B+2B,1B+2B,1,double,3,0,3
2025-07-28,MIL202507280,MIL,"Vaughn, Andrew",vauga001,2,1,2B+3B,2B+3B,1,walk,3,1,3
2025-07-28,MIL202507280,MIL,"Collins, Isaac",colli001,2,1,1B+2B+3B,1B+2B+3B,1,single,3,1,3
2025-07-28,MIL202507280,MIL,"Turang, Brice",turab002,2,1,1B+3B,1B+3B,1,sac_fly,3,3,3
2025-07-28,MIL202507280,MIL,"Durbin, Caleb",durbc002,2,2,2B,2B,1,field_out,3,4,3
2025-07-28,MIL202507280,MIL,"Ortiz, Joey",ortij005,2,0,empty,empty,1,field_out,4,4,3
2025-07-28,MIL202507280,MIL,"Frelick, Sal",frels001,3,1,empty,empty,1,strikeout,4,4,3
2025-07-28,MIL202507280,MIL,"Chourio, Jackson",chouj001,3,2,empty,empty,1,walk,4,4,3
2025-07-28,MIL202507280,MIL,"Contreras, William",contw002,3,2,1B,1B,1,field_out,4,4,3
2025-07-28,MIL202507280,MIL,"Yelich, Christian",yelic001,3,0,empty,empty,1,field_out,5,4,3
2025-07-28,MIL202507280,MIL,"Vaughn, Andrew",vauga001,3,1,empty,empty,1,home_run,5,4,3
2025-07-28,MIL202507280,MIL,"Collins, Isaac",colli001,3,1,empty,empty,1,field_out,5,5,3
2025-07-28,MIL202507280,MIL,"Turang, Brice",turab002,3,2,empty,empty,1,field_out,5,5,3
2025-07-28,MIL202507280,MIL,"Durbin, Caleb",durbc002,3,0,empty,empty,1,field_out,6,5,3
2025-07-28,MIL202507280,MIL,"Ortiz, Joey",ortij005,3,1,empty,empty,1,field_out,6,5,3
2025-07-28,MIL202507280,MIL,"Frelick, Sal",frels001,4,2,empty,empty,1,home_run,6,5,3
2025-07-28,MIL202507280,MIL,"Chourio, Jackson",chouj001,4,2,empty,empty,1,field_out,6,6,3
2025-07-28,MIL202507280,MIL,"Contreras, William",contw002,4,0,empty,empty,1,single,7,6,4
2025-07-28,MIL202507280,MIL,"Yelich, Christian",yelic001,4,0,1B,1B,1,home_run,7,6,4
2025-07-28,MIL202507280,MIL,"Vaughn, Andrew",vauga001,4,0,empty,empty,1,field_out,7,8,4
2025-07-28,MIL202507280,MIL,"Collins, Isaac",colli001,4,1,empty,empty,1,single,7,8,4
2025-07-28,MIL202507280,MIL,"Turang, Brice",turab002,4,1,1B,1B,1,field_out,7,8,4
2025-07-28,MIL202507280,MIL,"Durbin, Caleb",durbc002,4,2,1B,1B,1,field_out,7,8,4
2025-07-28,MIL202507280,MIL,"Ortiz, Joey",ortij005,4,0,empty,empty,1,strikeout,8,8,4
2025-07-28,MIL202507280,MIL,"Frelick, Sal",frels001,5,1,empty,empty,1,field_out,8,8,4
2025-07-28,MIL202507280,MIL,"Chourio, Jackson",chouj001,5,2,empty,empty,1,field_out,8,8,4
2025-07-29,MIL202507290,MIL,"Frelick, Sal",frels001,1,0,empty,empty,1,field_out,1,0,0
2025-07-29,MIL202507290,MIL,"Chourio, Jackson",chouj001,1,1,empty,empty,1,single,1,0,0
2025-07-29,MIL202507290,MIL,"Contreras, William",contw002,1,2,1B,empty,0,single,1,0,0
2025-07-29,MIL202507290,MIL,"Yelich, Christian",yelic001,1,2,1B,1B,1,field_out,1,0,0
2025-07-29,MIL202507290,MIL,"Vaughn, Andrew",vauga001,1,0,empty,empty,1,single,2,0,1
2025-07-29,MIL202507290,MIL,"Collins, Isaac",colli001,1,0,1B,1B,1,single,2,0,1
2025-07-29,MIL202507290,MIL,"Turang, Brice",turab002,1,0,1B+2B,1B+2B,1,sac_bunt,2,0,1
2025-07-29,MIL202507290,MIL,"Seigler, Anthony",seiga001,1,1,2B+3B,2B+3B,1,sac_fly,2,0,1
2025-07-29,MIL202507290,MIL,"Ortiz, Joey",ortij005,1,2,3B,3B,1,strikeout,2,1,1
2025-07-29,MIL202507290,MIL,"Frelick, Sal",frels001,2,0,empty,empty,1,single,3,1,1
2025-07-29,MIL202507290,MIL,"Chourio, Jackson",chouj001,2,0,1B,1B,1,field_out,3,1,1
2025-07-29,MIL202507290,MIL,"Contreras, William",contw002,2,1,1B,1B,1,single,3,1,1
2025-07-29,MIL202507290,MIL,"Yelich, Christian",yelic001,2,1,1B+2B,1B+2B,1,walk,3,1,1
2025-07-29,MIL202507290,MIL,"Vaughn, Andrew",vauga001,2,1,1B+2B+3B,1B+2B+3B,1,sac_fly,3,1,1
2025-07-29,MIL202507290,MIL,"Collins, Isaac",colli001,2,2,1B+3B,1B+3B,1,field_out,3,2,1
2025-07-29,MIL202507290,MIL,"Turang, Brice",turab002,2,0,empty,empty,1,field_out,4,2,1
2025-07-29,MIL202507290,MIL,"Seigler, Anthony",seiga001,2,1,empty,empty,1,single,4,2,1
2025-07-29,MIL202507290,MIL,"Ortiz, Joey",ortij005,2,1,1B,1B,1,field_out,4,2,1
2025-07-29,MIL202507290,MIL,"Frelick, Sal",frels001,3,2,2B,2B,1,strikeout,4,2,1
2025-07-29,MIL202507290,MIL,"Chourio, Jackson",chouj001,3,0,empty,empty,1,triple,5,2,1
2025-07-29,MIL202507290,MIL,"Contreras, William",contw002,3,0,3B,3B,1,double,5,2,1
2025-07-29,MIL202507290,MIL,"Yelich, Christian",yelic001,3,0,2B,2B,1,field_error,5,3,1
2025-07-29,MIL202507290,MIL,"Vaughn, Andrew",vauga001,3,0,2B+3B,2B+3B,1,single,5,3,1
2025-07-29,MIL202507290,MIL,"Collins, Isaac",colli001,3,0,1B+3B,1B+3B,1,walk,5,4,1
2025-07-29,MIL202507290,MIL,"Turang, Brice",turab002,3,0,1B+2B+3B,1B+2B+3B,1,strikeout,5,4,1
2025-07-29,MIL202507290,MIL,"Durbin, Caleb",durbc002,1,1,1B+2B+3B,1B+2B+3B,1,sac_fly,5,4,1
2025-07-29,MIL202507290,MIL,"Ortiz, Joey",ortij005,3,2,1B+3B,2B+3B,0,field_out,5,5,1
2025-07-29,MIL202507290,MIL,"Frelick, Sal",frels001,4,0,empty,empty,1,field_out,6,5,2
2025-07-29,MIL202507290,MIL,"Perkins, Blake",perkb002,1,1,empty,empty,1,walk,6,5,2
2025-07-29,MIL202507290,MIL,"Contreras, William",contw002,4,1,1B,1B,1,field_error,6,5,2
2025-07-29,MIL202507290,MIL,"Yelich, Christian",yelic001,4,1,1B+2B,1B+2B,1,walk,6,5,2
2025-07-29,MIL202507290,MIL,"Vaughn, Andrew",vauga001,4,1,1B+2B+3B,1B+2B+3B,1,home_run,6,5,2
2025-07-29,MIL202507290,MIL,"Collins, Isaac",colli001,4,1,empty,empty,1,strikeout,6,9,2
2025-07-29,MIL202507290,MIL,"Turang, Brice",turab002,4,2,empty,empty,1,strikeout,6,9,2
2025-07-29,MIL202507290,MIL,"Durbin, Caleb",durbc002,2,0,empty,empty,1,walk,7,9,3
2025-07-29,MIL202507290,MIL,"Ortiz, Joey",ortij005,4,0,1B,1B,1,field_out,7,9,3
2025-07-29,MIL202507290,MIL,"Frelick, Sal",frels001,5,1,1B,1B,1,field_out,7,9,3
2025-07-29,MIL202507290,MIL,"Perkins, Blake",perkb002,2,2,1B,1B,1,field_out,7,9,3
2025-07-29,MIL202507290,MIL,"Contreras, William",contw002,5,0,empty,empty,1,walk,8,9,3
2025-07-29,MIL202507290,MIL,"Yelich, Christian",yelic001,5,0,1B,1B,1,strikeout,8,9,3
2025-07-29,MIL202507290,MIL,"Vaughn, Andrew",vauga001,5,1,1B,1B,1,strikeout,8,9,3
2025-07-29,MIL202507290,MIL,"Collins, Isaac",colli001,5,2,1B,1B,1,strikeout,8,9,3
2025-07-30,MIL202507300,MIL,"Frelick, Sal",frels001,1,0,empty,empty,1,strikeout,1,0,1
2025-07-30,MIL202507300,MIL,"Collins, Isaac",colli001,1,1,empty,empty,1,strikeout,1,0,1
2025-07-30,MIL202507300,MIL,"Contreras, William",contw002,1,2,empty,empty,1,home_run,1,0,1
2025-07-30,MIL202507300,MIL,"Yelich, Christian",yelic001,1,2,empty,empty,1,strikeout,1,1,1
2025-07-30,MIL202507300,MIL,"Vaughn, Andrew",vauga001,1,0,empty,empty,1,single,2,1,1
2025-07-30,MIL202507300,MIL,"Durbin, Caleb",durbc002,1,0,1B,1B,1,field_out,2,1,1
2025-07-30,MIL202507300,MIL,"Turang, Brice",turab002,1,1,1B,1B,1,field_out,2,1,1
2025-07-30,MIL202507300,MIL,"Perkins, Blake",perkb002,1,2,1B,1B,1,strikeout,2,1,1
2025-07-30,MIL202507300,MIL,"Ortiz, Joey",ortij005,1,0,empty,empty,1,field_out,3,1,5
2025-07-30,MIL202507300,MIL,"Frelick, Sal",frels001,2,1,empty,empty,1,field_out,3,1,5
2025-07-30,MIL202507300,MIL,"Collins, Isaac",colli001,2,2,empty,empty,1,strikeout,3,1,5
2025-07-30,MIL202507300,MIL,"Contreras, William",contw002,2,0,empty,empty,1,home_run,4,1,5
2025-07-30,MIL202507300,MIL,"Yelich, Christian",yelic001,2,0,empty,empty,1,field_out,4,2,5
2025-07-30,MIL202507300,MIL,"Vaughn, Andrew",vauga001,2,1,empty,empty,1,strikeout,4,2,5
2025-07-30,MIL202507300,MIL,"Durbin, Caleb",durbc002,2,2,empty,empty,1,field_out,4,2,5
2025-07-30,MIL202507300,MIL,"Turang, Brice",turab002,2,0,empty,empty,1,strikeout,5,2,5
2025-07-30,MIL202507300,MIL,"Perkins, Blake",perkb002,2,1,empty,empty,1,double,5,2,5
2025-07-30,MIL202507300,MIL,"Ortiz, Joey",ortij005,2,1,2B,2B,1,single,5,2,5
2025-07-30,MIL202507300,MIL,"Frelick, Sal",frels001,3,1,1B+3B,1B+3B,1,sac_fly,5,2,5
2025-07-30,MIL202507300,MIL,"Collins, Isaac",colli001,3,2,1B,1B,1,strikeout,5,3,5
2025-07-30,MIL202507300,MIL,"Contreras, William",contw002,3,0,empty,empty,1,field_out,6,3,8
2025-07-30,MIL202507300,MIL,"Yelich, Christian",yelic001,3,1,empty,empty,1,strikeout,6,3,8
2025-07-30,MIL202507300,MIL,"Vaughn, Andrew",vauga001,3,2,empty,empty,1,field_out,6,3,8
2025-07-30,MIL202507300,MIL,"Durbin, Caleb",durbc002,3,0,empty,empty,1,field_out,7,3,8
2025-07-30,MIL202507300,MIL,"Turang, Brice",turab002,3,1,empty,empty,1,field_out,7,3,8
2025-07-30,MIL202507300,MIL,"Perkins, Blake",perkb002,3,2,empty,empty,1,single,7,3,8
2025-07-30,MIL202507300,MIL,"Seigler, Anthony",seiga001,1,2,1B,1B,1,field_out,7,3,8
2025-07-30,MIL202507300,MIL,"Frelick, Sal",frels001,4,0,empty,empty,1,field_out,8,3,8
2025-07-30,MIL202507300,MIL,"Monasterio, Andruw",monaa001,1,1,empty,empty,1,field_out,8,3,8
2025-07-30,MIL202507300,MIL,"Contreras, William",contw002,4,2,empty,empty,1,field_out,8,3,8
2025-07-30,MIL202507300,MIL,"Jansen, Danny",jansd001,1,0,empty,empty,1,strikeout,9,3,10
2025-07-30,MIL202507300,MIL,"Vaughn, Andrew",vauga001,4,1,empty,empty,1,field_out,9,3,10
2025-07-30,MIL202507300,MIL,"Durbin, Caleb",durbc002,4,2,empty,empty,1,single,9,3,10
2025-07-30,MIL202507300,MIL,"Turang, Brice",turab002,4,2,1B,2B,0,field_out,9,3,10
2025-08-01,WAS202508010,MIL,"Lockridge, Brandon",lockb001,1,0,empty,empty,1,strikeout,1,0,0
2025-08-01,WAS202508010,MIL,"Contreras, William",contw002,1,1,empty,empty,1,single,1,0,0
2025-08-01,WAS202508010,MIL,"Yelich, Christian",yelic001,1,1,1B,1B,1,walk,1,0,0
2025-08-01,WAS202508010,MIL,"Vaughn, Andrew",vauga001,1,1,1B+2B,1B+2B,1,strikeout,1,0,0
2025-08-01,WAS202508010,MIL,"Durbin, Caleb",durbc002,1,2,1B+2B,1B+2B,1,field_out,1,0,0
2025-08-01,WAS202508010,MIL,"Jansen, Danny",jansd001,1,0,empty,empty,1,field_out,2,0,1
2025-08-01,WAS202508010,MIL,"Perkins, Blake",perkb002,1,1,empty,empty,1,home_run,2,0,1
2025-08-01,WAS202508010,MIL,"Monasterio, Andruw",monaa001,1,1,empty,empty,1,strikeout,2,1,1
2025-08-01,WAS202508010,MIL,"Ortiz, Joey",ortij005,1,2,empty,empty,1,single,2,1,1
2025-08-01,WAS202508010,MIL,"Lockridge, Brandon",lockb001,2,2,2B,2B,1,field_out,2,1,1
2025-08-01,WAS202508010,MIL,"Contreras, William",contw002,2,0,empty,empty,1,single,3,1,1
2025-08-01,WAS202508010,MIL,"Yelich, Christian",yelic001,2,0,1B,1B,1,single,3,1,1
2025-08-01,WAS202508010,MIL,"Vaughn, Andrew",vauga001,2,0,1B+2B,1B+2B,1,single,3,1,1
2025-08-01,WAS202508010,MIL,"Durbin, Caleb",durbc002,2,0,1B+2B,1B+2B,1,single,3,2,1
2025-08-01,WAS202508010,MIL,"Jansen, Danny",jansd001,2,0,1B+2B+3B,1B+2B+3B,1,sac_fly,3,2,1
2025-08-01,WAS202508010,MIL,"Perkins, Blake",perkb002,2,1,1B+2B,1B+2B,1,field_out,3,3,1
2025-08-01,WAS202508010,MIL,"Monasterio, Andruw",monaa001,2,2,1B+2B,1B+2B,1,double,3,3,1
2025-08-01,WAS202508010,MIL,"Ortiz, Joey",ortij005,2,2,2B,2B,1,double,3,5,1
2025-08-01,WAS202508010,MIL,"Lockridge, Brandon",lockb001,3,2,2B,2B,1,field_out,3,6,1
2025-08-01,WAS202508010,MIL,"Contreras, William",contw002,3,0,empty,empty,1,single,4,6,2
2025-08-01,WAS202508010,MIL,"Yelich, Christian",yelic001,3,0,1B,1B,1,field_out,4,6,2
2025-08-01,WAS202508010,MIL,"Vaughn, Andrew",vauga001,3,1,1B,1B,1,field_out,4,6,2
2025-08-01,WAS202508010,MIL,"Durbin, Caleb",durbc002,3,2,1B,1B,1,field_out,4,6,2
2025-08-01,WAS202508010,MIL,"Jansen, Danny",jansd001,3,0,empty,empty,1,single,5,6,2
2025-08-01,WAS202508010,MIL,"Perkins, Blake",perkb002,3,0,1B,1B,1,home_run,5,6,2
2025-08-01,WAS202508010,MIL,"Monasterio, Andruw",monaa001,3,0,empty,empty,1,field_out,5,8,2
2025-08-01,WAS202508010,MIL,"Ortiz, Joey",ortij005,3,1,empty,empty,1,single,5,8,2
2025-08-01,WAS202508010,MIL,"Lockridge, Brandon",lockb001,4,1,1B,1B,1,single,5,8,2
2025-08-01,WAS202508010,MIL,"Contreras, William",contw002,4,1,1B+2B,1B+2B,1,field_out,5,8,2
2025-08-01,WAS202508010,MIL,"Yelich, Christian",yelic001,4,2,1B+3B,1B+3B,1,single,5,8,2
2025-08-01,WAS202508010,MIL,"Vaughn, Andrew",vauga001,4,2,1B+2B,1B+2B,1,walk,5,9,2
2025-08-01,WAS202508010,MIL,"Durbin, Caleb",durbc002,4,2,1B+2B+3B,1B+2B+3B,1,field_out,5,9,2
2025-08-01,WAS202508010,MIL,"Jansen, Danny",jansd001,4,0,empty,empty,1,field_out,6,9,2
2025-08-01,WAS202508010,MIL,"Perkins, Blake",perkb002,4,1,empty,empty,1,strikeout,6,9,2
2025-08-01,WAS202508010,MIL,"Monasterio, Andruw",monaa001,4,2,empty,empty,1,single,6,9,2
2025-08-01,WAS202508010,MIL,"Ortiz, Joey",ortij005,4,2,1B,1B,1,field_out,6,9,2
2025-08-01,WAS202508010,MIL,"Lockridge, Brandon",lockb001,5,0,empty,empty,1,single,7,9,4
2025-08-01,WAS202508010,MIL,"Contreras, William",contw002,5,0,1B,2B,0,home_run,7,9,4
2025-08-01,WAS202508010,MIL,"Yelich, Christian",yelic001,5,0,empty,empty,1,strikeout,7,11,4
2025-08-01,WAS202508010,MIL,"Vaughn, Andrew",vauga001,5,1,empty,empty,1,single,7,11,4
2025-08-01,WAS202508010,MIL,"Durbin, Caleb",durbc002,5,1,1B,1B,1,single,7,11,4
2025-08-01,WAS202508010,MIL,"Jansen, Danny",jansd001,5,1,2B+3B,2B+3B,1,hit_by_pitch,7,11,4
2025-08-01,WAS202508010,MIL,"Perkins, Blake",perkb002,5,1,1B+2B+3B,1B+2B+3B,1,fielders_choice,7,11,4
2025-08-01,WAS202508010,MIL,"Monasterio, Andruw",monaa001,5,1,1B+2B+3B,1B+2B+3B,1,single,7,12,4
2025-08-01,WAS202508010,MIL,"Ortiz, Joey",ortij005,5,1,1B+2B+3B,1B+2B+3B,1,field_out,7,13,4
2025-08-01,WAS202508010,MIL,"Lockridge, Brandon",lockb001,6,2,2B+3B,2B+3B,1,strikeout,7,14,4
2025-08-01,WAS202508010,MIL,"Contreras, William",contw002,6,0,empty,empty,1,double,8,14,4
2025-08-01,WAS202508010,MIL,"Yelich, Christian",yelic001,6,0,2B,2B,1,strikeout,8,14,4
2025-08-01,WAS202508010,MIL,"Vaughn, Andrew",vauga001,6,1,2B,2B,1,home_run,8,14,4
2025-08-01,WAS202508010,MIL,"Durbin, Caleb",durbc002,6,1,empty,empty,1,single,8,16,4
2025-08-01,WAS202508010,MIL,"Jansen, Danny",jansd001,6,1,1B,1B,1,field_out,8,16,4
2025-08-01,WAS202508010,MIL,"Perkins, Blake",perkb002,6,2,1B,1B,1,field_out,8,16,4
2025-08-01,WAS202508010,MIL,"Monasterio, Andruw",monaa001,6,0,empty,empty,1,single,9,16,4
2025-08-01,WAS202508010,MIL,"Ortiz, Joey",ortij005,6,0,1B,1B,1,field_out,9,16,4
2025-08-01,WAS202508010,MIL,"Lockridge, Brandon",lockb001,7,1,1B,1B,1,walk,9,16,4
2025-08-01,WAS202508010,MIL,"Contreras, William",contw002,7,1,1B+2B,1B+2B,1,field_out,9,16,4
2025-08-01,WAS202508010,MIL,"Yelich, Christian",yelic001,7,2,1B+3B,1B+3B,1,field_out,9,16,4
2025-08-02,WAS202508020,MIL,"Frelick, Sal",frels001,1,0,empty,empty,1,double,1,0,0
2025-08-02,WAS202508020,MIL,"Contreras, William",contw002,1,0,2B,2B,1,walk,1,0,0
2025-08-02,WAS202508020,MIL,"Vaughn, Andrew",vauga001,1,0,1B+2B,1B+2B,1,strikeout,1,0,0
2025-08-02,WAS202508020,MIL,"Yelich, Christian",yelic001,1,1,1B+2B,1B+2B,1,single,1,0,0
2025-08-02,WAS202508020,MIL,"Collins, Isaac",colli001,1,1,1B+2B,1B+2B,1,single,1,1,0
2025-08-02,WAS202508020,MIL,"Perkins, Blake",perkb002,1,1,1B+2B,1B+2B,1,single,1,2,0
2025-08-02,WAS202508020,MIL,"Turang, Brice",turab002,1,1,1B+2B,1B+2B,1,field_out,1,3,0
2025-08-02,WAS202508020,MIL,"Seigler, Anthony",seiga001,1,2,2B+3B,2B+3B,1,field_out,1,3,0
2025-08-02,WAS202508020,MIL,"Ortiz, Joey",ortij005,1,0,empty,empty,1,double,2,3,0
2025-08-02,WAS202508020,MIL,"Frelick, Sal",frels001,2,0,2B,2B,1,single,2,3,0
2025-08-02,WAS202508020,MIL,"Contreras, William",contw002,2,0,1B+3B,1B+3B,1,grounded_into_double_play,2,3,0
2025-08-02,WAS202508020,MIL,"Vaughn, Andrew",vauga001,2,2,empty,empty,1,field_out,2,4,0
2025-08-02,WAS202508020,MIL,"Yelich, Christian",yelic001,2,0,empty,empty,1,home_run,3,4,0
2025-08-02,WAS202508020,MIL,"Collins, Isaac",colli001,2,0,empty,empty,1,field_out,3,5,0
2025-08-02,WAS202508020,MIL,"Perkins, Blake",perkb002,2,1,empty,empty,1,strikeout,3,5,0
2025-08-02,WAS202508020,MIL,"Turang, Brice",turab002,2,2,empty,empty,1,double,3,5,0
2025-08-02,WAS202508020,MIL,"Seigler, Anthony",seiga001,2,2,2B,2B,1,field_out,3,5,0
2025-08-02,WAS202508020,MIL,"Ortiz, Joey",ortij005,2,0,empty,empty,1,field_out,4,5,2
2025-08-02,WAS202508020,MIL,"Lockridge, Brandon",lockb001,1,1,empty,empty,1,walk,4,5,2
2025-08-02,WAS202508020,MIL,"Contreras, William",contw002,3,1,1B,1B,1,field_out,4,5,2
2025-08-02,WAS202508020,MIL,"Vaughn, Andrew",vauga001,3,2,2B,2B,1,field_out,4,5,2
2025-08-02,WAS202508020,MIL,"Yelich, Christian",yelic001,3,0,empty,empty,1,walk,5,5,2
2025-08-02,WAS202508020,MIL,"Collins, Isaac",colli001,3,0,1B,1B,1,field_out,5,5,2
2025-08-02,WAS202508020,MIL,"Perkins, Blake",perkb002,3,1,1B,1B,1,grounded_into_double_play,5,5,2
2025-08-02,WAS202508020,MIL,"Turang, Brice",turab002,3,0,empty,empty,1,single,6,5,2
2025-08-02,WAS202508020,MIL,"Seigler, Anthony",seiga001,3,0,1B,1B,1,field_out,6,5,2
2025-08-02,WAS202508020,MIL,"Ortiz, Joey",ortij005,3,1,1B,1B,1,fielders_choice,6,5,2
2025-08-02,WAS202508020,MIL,"Lockridge, Brandon",lockb001,2,1,1B+2B,1B+2B,1,strikeout,6,5,2
2025-08-02,WAS202508020,MIL,"Contreras, William",contw002,4,2,1B+2B,1B+2B,1,field_out,6,5,2
2025-08-02,WAS202508020,MIL,"Vaughn, Andrew",vauga001,4,0,empty,empty,1,single,7,5,2
2025-08-02,WAS202508020,MIL,"Yelich, Christian",yelic001,4,0,1B,1B,1,strikeout,7,5,2
2025-08-02,WAS202508020,MIL,"Collins, Isaac",colli001,4,1,1B,1B,1,grounded_into_double_play,7,5,2
2025-08-02,WAS202508020,MIL,"Perkins, Blake",perkb002,4,0,empty,empty,1,double,8,5,2
2025-08-02,WAS202508020,MIL,"Turang, Brice",turab002,4,0,2B,2B,1,double,8,5,2
2025-08-02,WAS202508020,MIL,"Seigler, Anthony",seiga001,4,0,2B,2B,1,single,8,6,2
2025-08-02,WAS202508020,MIL,"Ortiz, Joey",ortij005,4,0,1B+3B,1B+3B,1,field_out,8,6,2
2025-08-02,WAS202508020,MIL,"Lockridge, Brandon",lockb001,3,1,1B+3B,2B+3B,0,sac_fly,8,6,2
2025-08-02,WAS202508020,MIL,"Contreras, William",contw002,5,2,3B,3B,1,strikeout,8,7,2
2025-08-02,WAS202508020,MIL,"Vaughn, Andrew",vauga001,5,0,empty,empty,1,field_out,9,7,2
2025-08-02,WAS202508020,MIL,"Yelich, Christian",yelic001,5,1,empty,empty,1,single,9,7,2
2025-08-02,WAS202508020,MIL,"Collins, Isaac",colli001,5,1,1B,1B,1,double,9,7,2
2025-08-02,WAS202508020,MIL,"Perkins, Blake",perkb002,5,1,2B,2B,1,field_out,9,8,2
2025-08-02,WAS202508020,MIL,"Turang, Brice",turab002,5,2,2B,2B,1,field_out,9,8,2
2025-08-03,WAS202508030,MIL,"Turang, Brice",turab002,1,0,empty,empty,1,strikeout,1,0,0
2025-08-03,WAS202508030,MIL,"Contreras, William",contw002,1,1,empty,empty,1,single,1,0,0
2025-08-03,WAS202508030,MIL,"Vaughn, Andrew",vauga001,1,1,1B,1B,1,single,1,0,0
2025-08-03,WAS202508030,MIL,"Yelich, Christian",yelic001,1,1,1B+2B,1B+2B,1,single,1,0,0
2025-08-03,WAS202508030,MIL,"Collins, Isaac",colli001,1,1,1B+3B,1B+3B,1,strikeout,1,1,0
2025-08-03,WAS202508030,MIL,"Perkins, Blake",perkb002,1,2,1B+3B,1B+3B,1,field_out,1,1,0
2025-08-03,WAS202508030,MIL,"Seigler, Anthony",seiga001,1,0,empty,empty,1,walk,2,1,0
2025-08-03,WAS202508030,MIL,"Lockridge, Brandon",lockb001,1,0,1B,1B,1,single,2,1,0
2025-08-03,WAS202508030,MIL,"Ortiz, Joey",ortij005,1,1,1B,1B,1,strikeout,2,1,0
2025-08-03,WAS202508030,MIL,"Turang, Brice",turab002,2,2,1B,1B,1,home_run,2,1,0
2025-08-03,WAS202508030,MIL,"Contreras, William",contw002,2,2,empty,empty,1,strikeout,2,3,0
2025-08-03,WAS202508030,MIL,"Vaughn, Andrew",vauga001,2,0,empty,empty,1,field_out,3,3,0
2025-08-03,WAS202508030,MIL,"Yelich, Christian",yelic001,2,1,empty,empty,1,strikeout,3,3,0
2025-08-03,WAS202508030,MIL,"Collins, Isaac",colli001,2,2,empty,empty,1,walk,3,3,0
2025-08-03,WAS202508030,MIL,"Perkins, Blake",perkb002,2,2,1B,1B,1,field_out,3,3,0
2025-08-03,WAS202508030,MIL,"Seigler, Anthony",seiga001,2,0,empty,empty,1,strikeout,4,3,0
2025-08-03,WAS202508030,MIL,"Lockridge, Brandon",lockb001,2,1,empty,empty,1,field_out,4,3,0
2025-08-03,WAS202508030,MIL,"Ortiz, Joey",ortij005,2,2,empty,empty,1,field_out,4,3,0
2025-08-03,WAS202508030,MIL,"Turang, Brice",turab002,3,0,empty,empty,1,field_out,5,3,0
2025-08-03,WAS202508030,MIL,"Contreras, William",contw002,3,1,empty,empty,1,field_out,5,3,0
2025-08-03,WAS202508030,MIL,"Vaughn, Andrew",vauga001,3,2,empty,empty,1,single,5,3,0
2025-08-03,WAS202508030,MIL,"Yelich, Christian",yelic001,3,2,1B,1B,1,single,5,3,0
2025-08-03,WAS202508030,MIL,"Collins, Isaac",colli001,3,2,1B+2B,1B+2B,1,field_out,5,3,0
2025-08-03,WAS202508030,MIL,"Perkins, Blake",perkb002,3,0,empty,empty,1,walk,6,3,1
2025-08-03,WAS202508030,MIL,"Durbin, Caleb",durbc002,1,0,1B,1B,1,single,6,3,1
2025-08-03,WAS202508030,MIL,"Lockridge, Brandon",lockb001,3,0,1B+2B,2B+3B,0,sac_fly,6,3,1
2025-08-03,WAS202508030,MIL,"Ortiz, Joey",ortij005,3,1,2B,empty,0,walk,6,5,1
2025-08-03,WAS202508030,MIL,"Turang, Brice",turab002,4,1,1B,1B,1,field_out,6,5,1
2025-08-03,WAS202508030,MIL,"Contreras, William",contw002,4,2,2B,3B,0,field_out,6,5,1
2025-08-03,WAS202508030,MIL,"Vaughn, Andrew",vauga001,4,0,empty,empty,1,field_out,7,5,1
2025-08-03,WAS202508030,MIL,"Yelich, Christian",yelic001,4,1,empty,empty,1,walk,7,5,1
2025-08-03,WAS202508030,MIL,"Collins, Isaac",colli001,4,1,1B,1B,1,single,7,5,1
2025-08-03,WAS202508030,MIL,"Perkins, Blake",perkb002,4,1,1B+3B,1B+3B,1,walk,7,5,1
2025-08-03,WAS202508030,MIL,"Durbin, Caleb",durbc002,2,1,1B+2B+3B,1B+2B+3B,1,hit_by_pitch,7,5,1
2025-08-03,WAS202508030,MIL,"Lockridge, Brandon",lockb001,4,1,1B+2B+3B,1B+2B+3B,1,single,7,6,1
2025-08-03,WAS202508030,MIL,"Ortiz, Joey",ortij005,4,1,1B+3B,2B+3B,0,single,7,8,1
2025-08-03,WAS202508030,MIL,"Turang, Brice",turab002,5,1,1B,1B,1,home_run,7,10,1
2025-08-03,WAS202508030,MIL,"Contreras, William",contw002,5,1,empty,empty,1,field_out,7,12,1
2025-08-03,WAS202508030,MIL,"Vaughn, Andrew",vauga001,5,2,empty,empty,1,field_out,7,12,1
2025-08-03,WAS202508030,MIL,"Yelich, Christian",yelic001,5,0,empty,empty,1,walk,8,12,1
2025-08-03,WAS202508030,MIL,"Collins, Isaac",colli001,5,0,1B,1B,1,single,8,12,1
2025-08-03,WAS202508030,MIL,"Perkins, Blake",perkb002,5,0,1B+2B,1B+2B,1,field_out,8,12,1
2025-08-03,WAS202508030,MIL,"Durbin, Caleb",durbc002,3,1,1B+2B,1B+2B,1,single,8,12,1
2025-08-03,WAS202508030,MIL,"Lockridge, Brandon",lockb001,5,1,1B+2B+3B,1B+2B+3B,1,strikeout,8,12,1
2025-08-03,WAS202508030,MIL,"Ortiz, Joey",ortij005,5,2,1B+2B+3B,1B+2B+3B,1,double,8,12,1
2025-08-03,WAS202508030,MIL,"Turang, Brice",turab002,6,2,2B+3B,2B+3B,1,strikeout,8,14,1
2025-08-03,WAS202508030,MIL,"Jansen, Danny",jansd001,1,0,empty,empty,1,strikeout,9,14,1
2025-08-03,WAS202508030,MIL,"Monasterio, Andruw",monaa001,1,1,empty,empty,1,double,9,14,1
2025-08-03,WAS202508030,MIL,"Yelich, Christian",yelic001,6,1,2B,2B,1,walk,9,14,1
2025-08-03,WAS202508030,MIL,"Collins, Isaac",colli001,6,1,1B+2B,1B+2B,1,field_out,9,14,1
2025-08-03,WAS202508030,MIL,"Perkins, Blake",perkb002,6,2,2B+3B,2B+3B,1,strikeout,9,14,1
2025-08-04,ATL202508040,MIL,"Turang, Brice",turab002,1,0,empty,empty,1,single,1,0,0
2025-08-04,ATL202508040,MIL,"Contreras, William",contw002,1,0,1B,1B,1,field_out,1,0,0
2025-08-04,ATL202508040,MIL,"Vaughn, Andrew",vauga001,1,1,1B,1B,1,grounded_into_double_play,1,0,0
2025-08-04,ATL202508040,MIL,"Yelich, Christian",yelic001,1,0,empty,empty,1,field_out,2,0,1
2025-08-04,ATL202508040,MIL,"Collins, Isaac",colli001,1,1,empty,empty,1,walk,2,0,1
2025-08-04,ATL202508040,MIL,"Perkins, Blake",perkb002,1,1,1B,1B,1,field_out,2,0,1
2025-08-04,ATL202508040,MIL,"Seigler, Anthony",seiga001,1,2,1B,1B,1,field_out,2,0,1
2025-08-04,ATL202508040,MIL,"Lockridge, Brandon",lockb001,1,0,empty,empty,1,field_out,3,0,1
2025-08-04,ATL202508040,MIL,"Ortiz, Joey",ortij005,1,1,empty,empty,1,field_out,3,0,1
2025-08-04,ATL202508040,MIL,"Turang, Brice",turab002,2,2,empty,empty,1,field_out,3,0,1
2025-08-04,ATL202508040,MIL,"Contreras, William",contw002,2,0,empty,empty,1,hit_by_pitch,4,0,1
2025-08-04,ATL202508040,MIL,"Vaughn, Andrew",vauga001,2,0,1B,1B,1,single,4,0,1
2025-08-04,ATL202508040,MIL,"Yelich, Christian",yelic001,2,0,1B+2B,1B+2B,1,field_out,4,0,1
2025-08-04,ATL202508040,MIL,"Collins, Isaac",colli001,2,1,1B+3B,1B+3B,1,home_run,4,0,1
2025-08-04,ATL202508040,MIL,"Perkins, Blake",perkb002,2,1,empty,empty,1,field_out,4,3,1
2025-08-04,ATL202508040,MIL,"Seigler, Anthony",seiga001,2,2,empty,empty,1,field_out,4,3,1
2025-08-04,ATL202508040,MIL,"Lockridge, Brandon",lockb001,2,0,empty,empty,1,field_out,5,3,1
2025-08-04,ATL202508040,MIL,"Ortiz, Joey",ortij005,2,1,empty,empty,1,field_out,5,3,1
2025-08-04,ATL202508040,MIL,"Turang, Brice",turab002,3,2,empty,empty,1,field_out,5,3,1
2025-08-04,ATL202508040,MIL,"Contreras, William",contw002,3,0,empty,empty,1,walk,6,3,1
2025-08-04,ATL202508040,MIL,"Vaughn, Andrew",vauga001,3,0,1B,1B,1,field_out,6,3,1
2025-08-04,ATL202508040,MIL,"Yelich, Christian",yelic001,3,1,1B,1B,1,field_out,6,3,1
2025-08-04,ATL202508040,MIL,"Collins, Isaac",colli001,3,2,1B,1B,1,hit_by_pitch,6,3,1
2025-08-04,ATL202508040,MIL,"Perkins, Blake",perkb002,3,2,1B+2B,1B+2B,1,field_out,6,3,1
2025-08-04,ATL202508040,MIL,"Durbin, Caleb",durbc002,1,0,empty,empty,1,field_out,7,3,1
2025-08-04,ATL202508040,MIL,"Lockridge, Brandon",lockb001,3,1,empty,empty,1,field_out,7,3,1
2025-08-04,ATL202508040,MIL,"Ortiz, Joey",ortij005,3,2,empty,empty,1,strikeout,7,3,1
2025-08-04,ATL202508040,MIL,"Turang, Brice",turab002,4,0,empty,empty,1,strikeout,8,3,1
2025-08-04,ATL202508040,MIL,"Contreras, William",contw002,4,1,empty,empty,1,walk,8,3,1
2025-08-04,ATL202508040,MIL,"Vaughn, Andrew",vauga001,4,2,1B,empty,0,walk,8,3,1
2025-08-04,ATL202508040,MIL,"Yelich, Christian",yelic001,4,2,1B,1B,1,field_out,8,3,1
2025-08-04,ATL202508040,MIL,"Collins, Isaac",colli001,4,0,empty,empty,1,field_out,9,3,1
2025-08-04,ATL202508040,MIL,"Perkins, Blake",perkb002,4,1,empty,empty,1,field_out,9,3,1
2025-08-04,ATL202508040,MIL,"Durbin, Caleb",durbc002,2,2,empty,empty,1,field_out,9,3,1
2025-08-05,ATL202508050,MIL,"Durbin, Caleb",durbc002,1,0,empty,empty,1,field_out,1,0,0
2025-08-05,ATL202508050,MIL,"Contreras, William",contw002,1,1,empty,empty,1,field_out,1,0,0
2025-08-05,ATL202508050,MIL,"Yelich, Christian",yelic001,1,2,empty,empty,1,strikeout,1,0,0
2025-08-05,ATL202508050,MIL,"Vaughn, Andrew",vauga001,1,0,empty,empty,1,strikeout,2,0,0
2025-08-05,ATL202508050,MIL,"Collins, Isaac",colli001,1,1,empty,empty,1,strikeout,2,0,0
2025-08-05,ATL202508050,MIL,"Turang, Brice",turab002,1,2,empty,empty,1,field_out,2,0,0
2025-08-05,ATL202508050,MIL,"Perkins, Blake",perkb002,1,0,empty,empty,1,single,3,0,0
2025-08-05,ATL202508050,MIL,"Jansen, Danny",jansd001,1,0,1B,1B,1,field_out,3,0,0
2025-08-05,ATL202508050,MIL,"Ortiz, Joey",ortij005,1,1,1B,2B,0,single,3,0,0
2025-08-05,ATL202508050,MIL,"Durbin, Caleb",durbc002,2,1,1B+3B,1B+3B,1,walk,3,0,0
2025-08-05,ATL202508050,MIL,"Contreras, William",contw002,2,1,1B+2B+3B,1B+2B+3B,1,field_out,3,0,0
2025-08-05,ATL202508050,MIL,"Yelich, Christian",yelic001,2,2,1B+2B+3B,1B+2B+3B,1,single,3,0,0
2025-08-05,ATL202508050,MIL,"Vaughn, Andrew",vauga001,2,2,1B+2B+3B,2B+3B,0,single,3,2,0
2025-08-05,ATL202508050,MIL,"Collins, Isaac",colli001,2,2,1B,1B,1,field_out,3,4,0
2025-08-05,ATL202508050,MIL,"Turang, Brice",turab002,2,0,empty,empty,1,field_out,4,4,0
2025-08-05,ATL202508050,MIL,"Perkins, Blake",perkb002,2,1,empty,empty,1,field_out,4,4,0
2025-08-05,ATL202508050,MIL,"Jansen, Danny",jansd001,2,2,empty,empty,1,field_out,4,4,0
2025-08-05,ATL202508050,MIL,"Ortiz, Joey",ortij005,2,0,empty,empty,1,single,5,4,1
2025-08-05,ATL202508050,MIL,"Durbin, Caleb",durbc002,3,0,1B,1B,1,field_out,5,4,1
2025-08-05,ATL202508050,MIL,"Contreras, William",contw002,3,1,1B,1B,1,field_out,5,4,1
2025-08-05,ATL202508050,MIL,"Yelich, Christian",yelic001,3,2,1B,2B,0,field_out,5,4,1
2025-08-05,ATL202508050,MIL,"Vaughn, Andrew",vauga001,3,0,empty,empty,1,field_out,6,4,1
2025-08-05,ATL202508050,MIL,"Collins, Isaac",colli001,3,1,empty,empty,1,triple,6,4,1
2025-08-05,ATL202508050,MIL,"Turang, Brice",turab002,3,1,3B,3B,1,single,6,4,1
2025-08-05,ATL202508050,MIL,"Perkins, Blake",perkb002,3,1,1B,1B,1,field_out,6,5,1
2025-08-05,ATL202508050,MIL,"Jansen, Danny",jansd001,3,2,1B,2B,0,strikeout,6,5,1
2025-08-05,ATL202508050,MIL,"Ortiz, Joey",ortij005,3,0,empty,empty,1,walk,7,5,1
2025-08-05,ATL202508050,MIL,"Durbin, Caleb",durbc002,4,0,1B,2B,0,strikeout,7,5,1
2025-08-05,ATL202508050,MIL,"Contreras, William",contw002,4,1,2B,2B,1,strikeout,7,5,1
2025-08-05,ATL202508050,MIL,"Yelich, Christian",yelic001,4,2,2B,2B,1,walk,7,5,1
2025-08-05,ATL202508050,MIL,"Vaughn, Andrew",vauga001,4,2,1B+2B,1B+2B,1,walk,7,5,1
2025-08-05,ATL202508050,MIL,"Collins, Isaac",colli001,4,2,1B+2B+3B,1B+2B+3B,1,single,7,5,1
2025-08-05,ATL202508050,MIL,"Turang, Brice",turab002,4,2,1B+2B,1B+2B,1,field_out,7,7,1
2025-08-05,ATL202508050,MIL,"Perkins, Blake",perkb002,4,0,empty,empty,1,field_out,8,7,2
2025-08-05,ATL202508050,MIL,"Jansen, Danny",jansd001,4,1,empty,empty,1,field_out,8,7,2
2025-08-05,ATL202508050,MIL,"Ortiz, Joey",ortij005,4,2,empty,empty,1,field_out,8,7,2
2025-08-05,ATL202508050,MIL,"Durbin, Caleb",durbc002,5,0,empty,empty,1,field_out,9,7,2
2025-08-05,ATL202508050,MIL,"Contreras, William",contw002,5,1,empty,empty,1,strikeout,9,7,2
2025-08-05,ATL202508050,MIL,"Yelich, Christian",yelic001,5,2,empty,empty,1,field_out,9,7,2
2025-08-06,ATL202508060,MIL,"Frelick, Sal",frels001,1,0,empty,empty,1,strikeout,1,0,0
2025-08-06,ATL202508060,MIL,"Contreras, William",contw002,1,1,empty,empty,1,field_out,1,0,0
2025-08-06,ATL202508060,MIL,"Collins, Isaac",colli001,1,2,empty,empty,1,walk,1,0,0
2025-08-06,ATL202508060,MIL,"Yelich, Christian",yelic001,1,0,1B,empty,0,strikeout,2,0,1
2025-08-06,ATL202508060,MIL,"Vaughn, Andrew",vauga001,1,1,empty,empty,1,strikeout,2,0,1
2025-08-06,ATL202508060,MIL,"Perkins, Blake",perkb002,1,2,empty,empty,1,double,2,0,1
2025-08-06,ATL202508060,MIL,"Turang, Brice",turab002,1,2,2B,2B,1,double,2,0,1
2025-08-06,ATL202508060,MIL,"Seigler, Anthony",seiga001,1,2,2B,2B,1,field_out,2,1,1
2025-08-06,ATL202508060,MIL,"Ortiz, Joey",ortij005,1,0,empty,empty,1,field_out,3,1,1
2025-08-06,ATL202508060,MIL,"Frelick, Sal",frels001,2,1,empty,empty,1,single,3,1,1
2025-08-06,ATL202508060,MIL,"Contreras, William",contw002,2,1,1B,1B,1,strikeout,3,1,1
2025-08-06,ATL202508060,MIL,"Collins, Isaac",colli001,2,2,1B,1B,1,double,3,1,1
2025-08-06,ATL202508060,MIL,"Yelich, Christian",yelic001,2,2,2B+3B,2B+3B,1,strikeout,3,1,1
2025-08-06,ATL202508060,MIL,"Vaughn, Andrew",vauga001,2,0,empty,empty,1,home_run,4,1,1
2025-08-06,ATL202508060,MIL,"Perkins, Blake",perkb002,2,0,empty,empty,1,single,4,2,1
2025-08-06,ATL202508060,MIL,"Turang, Brice",turab002,2,1,1B,empty,0,field_out,4,2,1
2025-08-06,ATL202508060,MIL,"Seigler, Anthony",seiga001,2,2,empty,empty,1,single,4,2,1
2025-08-06,ATL202508060,MIL,"Ortiz, Joey",ortij005,2,2,1B,1B,1,double,4,2,1
2025-08-06,ATL202508060,MIL,"Frelick, Sal",frels001,3,2,2B+3B,2B+3B,1,field_out,4,2,1
2025-08-06,ATL202508060,MIL,"Contreras, William",contw002,3,0,empty,empty,1,strikeout,5,2,1
2025-08-06,ATL202508060,MIL,"Collins, Isaac",colli001,3,1,empty,empty,1,single,5,2,1
2025-08-06,ATL202508060,MIL,"Yelich, Christian",yelic001,3,1,1B,1B,1,double,5,2,1
2025-08-06,ATL202508060,MIL,"Vaughn, Andrew",vauga001,3,1,2B+3B,2B+3B,1,field_out,5,2,1
2025-08-06,ATL202508060,MIL,"Perkins, Blake",perkb002,3,2,3B,3B,1,home_run,5,3,1
2025-08-06,ATL202508060,MIL,"Turang, Brice",turab002,3,2,empty,empty,1,field_out,5,5,1
2025-08-06,ATL202508060,MIL,"Durbin, Caleb",durbc002,1,0,empty,empty,1,field_out,6,5,2
2025-08-06,ATL202508060,MIL,"Ortiz, Joey",ortij005,3,1,empty,empty,1,field_out,6,5,2
2025-08-06,ATL202508060,MIL,"Frelick, Sal",frels001,4,2,empty,empty,1,single,6,5,2
2025-08-06,ATL202508060,MIL,"Contreras, William",contw002,4,2,1B,1B,1,field_out,6,5,2
2025-08-06,ATL202508060,MIL,"Collins, Isaac",colli001,4,0,empty,empty,1,single,7,5,3
2025-08-06,ATL202508060,MIL,"Yelich, Christian",yelic001,4,0,1B,1B,1,field_out,7,5,3
2025-08-06,ATL202508060,MIL,"Vaughn, Andrew",vauga001,4,1,1B,2B,0,hit_by_pitch,7,5,3
2025-08-06,ATL202508060,MIL,"Perkins, Blake",perkb002,4,1,1B+2B,1B+2B,1,strikeout,7,5,3
2025-08-06,ATL202508060,MIL,"Turang, Brice",turab002,4,2,1B+2B,1B+2B,1,field_out,7,5,3
2025-08-06,ATL202508060,MIL,"Durbin, Caleb",durbc002,2,0,empty,empty,1,field_out,8,5,3
2025-08-06,ATL202508060,MIL,"Ortiz, Joey",ortij005,4,1,empty,empty,1,field_out,8,5,3
2025-08-06,ATL202508060,MIL,"Frelick, Sal",frels001,5,2,empty,empty,1,walk,8,5,3
2025-08-06,ATL202508060,MIL,"Contreras, William",contw002,5,2,1B,1B,1,field_out,8,5,3
2025-08-06,ATL202508060,MIL,"Collins, Isaac",colli001,5,0,empty,empty,1,field_out,9,5,3
2025-08-06,ATL202508060,MIL,"Yelich, Christian",yelic001,5,1,empty,empty,1,strikeout,9,5,3
2025-08-06,ATL202508060,MIL,"Vaughn, Andrew",vauga001,5,2,empty,empty,1,single,9,5,3
2025-08-06,ATL202508060,MIL,"Perkins, Blake",perkb002,5,2,1B,1B,1,field_out,9,5,3
2025-08-08,MIL202508080,MIL,"Frelick, Sal",frels001,1,0,empty,empty,1,field_out,1,0,1
2025-08-08,MIL202508080,MIL,"Contreras, William",contw002,1,1,empty,empty,1,field_out,1,0,1
2025-08-08,MIL202508080,MIL,"Collins, Isaac",colli001,1,2,empty,empty,1,walk,1,0,1
2025-08-08,MIL202508080,MIL,"Yelich, Christian",yelic001,1,2,1B,1B,1,field_out,1,0,1
2025-08-08,MIL202508080,MIL,"Vaughn, Andrew",vauga001,1,0,empty,empty,1,field_out,2,0,2
2025-08-08,MIL202508080,MIL,"Perkins, Blake",perkb002,1,1,empty,empty,1,strikeout,2,0,2
2025-08-08,MIL202508080,MIL,"Turang, Brice",turab002,1,2,empty,empty,1,field_out,2,0,2
2025-08-08,MIL202508080,MIL,"Durbin, Caleb",durbc002,1,0,empty,empty,1,double,3,0,2
2025-08-08,MIL202508080,MIL,"Ortiz, Joey",ortij005,1,0,2B,2B,1,fielders_choice_out,3,0,2
2025-08-08,MIL202508080,MIL,"Frelick, Sal",frels001,2,1,1B,1B,1,field_out,3,0,2
2025-08-08,MIL202508080,MIL,"Contreras, William",contw002,2,2,1B,1B,1,field_out,3,0,2
2025-08-08,MIL202508080,MIL,"Collins, Isaac",colli001,2,0,empty,empty,1,strikeout,4,0,2
2025-08-08,MIL202508080,MIL,"Yelich, Christian",yelic001,2,1,empty,empty,1,field_out,4,0,2
2025-08-08,MIL202508080,MIL,"Vaughn, Andrew",vauga001,2,2,empty,empty,1,field_out,4,0,2
2025-08-08,MIL202508080,MIL,"Perkins, Blake",perkb002,2,0,empty,empty,1,field_error,5,0,2
2025-08-08,MIL202508080,MIL,"Turang, Brice",turab002,2,0,1B,1B,1,home_run,5,0,2
2025-08-08,MIL202508080,MIL,"Durbin, Caleb",durbc002,2,0,empty,empty,1,field_out,5,2,2
2025-08-08,MIL202508080,MIL,"Ortiz, Joey",ortij005,2,1,empty,empty,1,walk,5,2,2
2025-08-08,MIL202508080,MIL,"Frelick, Sal",frels001,3,1,1B,1B,1,catcher_interf,5,2,2
2025-08-08,MIL202508080,MIL,"Contreras, William",contw002,3,1,1B+2B,1B+2B,1,walk,5,2,2
2025-08-08,MIL202508080,MIL,"Collins, Isaac",colli001,3,1,1B+2B+3B,1B+2B+3B,1,hit_by_pitch,5,2,2
2025-08-08,MIL202508080,MIL,"Yelich, Christian",yelic001,3,1,1B+2B+3B,1B+2B+3B,1,strikeout,5,3,2
2025-08-08,MIL202508080,MIL,"Vaughn, Andrew",vauga001,3,2,1B+2B+3B,1B+2B+3B,1,field_out,5,3,2
2025-08-08,MIL202508080,MIL,"Perkins, Blake",perkb002,3,0,empty,empty,1,single,6,3,2
2025-08-08,MIL202508080,MIL,"Turang, Brice",turab002,3,0,1B,1B,1,strikeout,6,3,2
2025-08-08,MIL202508080,MIL,"Durbin, Caleb",durbc002,3,1,1B,1B,1,field_out,6,3,2
2025-08-08,MIL202508080,MIL,"Ortiz, Joey",ortij005,3,2,1B,1B,1,strikeout,6,3,2
2025-08-08,MIL202508080,MIL,"Frelick, Sal",frels001,4,0,empty,empty,1,strikeout,7,3,2
2025-08-08,MIL202508080,MIL,"Contreras, William",contw002,4,1,empty,empty,1,walk,7,3,2
2025-08-08,MIL202508080,MIL,"Collins, Isaac",colli001,4,1,1B,1B,1,strikeout,7,3,2
2025-08-08,MIL202508080,MIL,"Yelich, Christian",yelic001,4,2,1B,1B,1,single,7,3,2
2025-08-08,MIL202508080,MIL,"Vaughn, Andrew",vauga001,4,2,1B+2B,1B+2B,1,field_out,7,3,2
2025-08-08,MIL202508080,MIL,"Perkins, Blake",perkb002,4,0,empty,empty,1,field_out,8,3,2
2025-08-08,MIL202508080,MIL,"Turang, Brice",turab002,4,1,empty,empty,1,walk,8,3,2
2025-08-08,MIL202508080,MIL,"Durbin, Caleb",durbc002,4,1,1B,2B,0,field_out,8,3,2
2025-08-08,MIL202508080,MIL,"Ortiz, Joey",ortij005,4,2,3B,3B,1,field_out,8,3,2
2025-08-09,MIL202508090,MIL,"Frelick, Sal",frels001,1,0,empty,empty,1,field_out,1,0,0
2025-08-09,MIL202508090,MIL,"Collins, Isaac",colli001,1,1,empty,empty,1,strikeout,1,0,0
2025-08-09,MIL202508090,MIL,"Contreras, William",contw002,1,2,empty,empty,1,strikeout,1,0,0
2025-08-09,MIL202508090,MIL,"Yelich, Christian",yelic001,1,0,empty,empty,1,strikeout,2,0,1
2025-08-09,MIL202508090,MIL,"Vaughn, Andrew",vauga001,1,1,empty,empty,1,single,2,0,1
2025-08-09,MIL202508090,MIL,"Perkins, Blake",perkb002,1,1,1B,1B,1,single,2,0,1
2025-08-09,MIL202508090,MIL,"Turang, Brice",turab002,1,1,1B+2B,1B+2B,1,field_out,2,0,1
2025-08-09,MIL202508090,MIL,"Seigler, Anthony",seiga001,1,2,1B+2B,1B+2B,1,walk,2,0,1
2025-08-09,MIL202508090,MIL,"Ortiz, Joey",ortij005,1,2,1B+2B+3B,1B+2B+3B,1,fielders_choice,2,0,1
2025-08-09,MIL202508090,MIL,"Frelick, Sal",frels001,2,2,1B+2B,1B+2B,1,field_out,2,2,1
2025-08-09,MIL202508090,MIL,"Collins, Isaac",colli001,2,0,empty,empty,1,field_out,3,2,2
2025-08-09,MIL202508090,MIL,"Contreras, William",contw002,2,1,empty,empty,1,walk,3,2,2
2025-08-09,MIL202508090,MIL,"Yelich, Christian",yelic001,2,1,1B,2B,0,strikeout,3,2,2
2025-08-09,MIL202508090,MIL,"Vaughn, Andrew",vauga001,2,2,2B,2B,1,field_out,3,2,2
2025-08-09,MIL202508090,MIL,"Perkins, Blake",perkb002,2,0,empty,empty,1,field_out,4,2,3
2025-08-09,MIL202508090,MIL,"Turang, Brice",turab002,2,1,empty,empty,1,home_run,4,2,3
2025-08-09,MIL202508090,MIL,"Seigler, Anthony",seiga001,2,1,empty,empty,1,strikeout,4,3,3
2025-08-09,MIL202508090,MIL,"Ortiz, Joey",ortij005,2,2,empty,empty,1,field_out,4,3,3
2025-08-09,MIL202508090,MIL,"Frelick, Sal",frels001,3,0,empty,empty,1,field_out,5,3,4
2025-08-09,MIL202508090,MIL,"Collins, Isaac",colli001,3,1,empty,empty,1,field_out,5,3,4
2025-08-09,MIL202508090,MIL,"Contreras, William",contw002,3,2,empty,empty,1,field_out,5,3,4
2025-08-09,MIL202508090,MIL,"Yelich, Christian",yelic001,3,0,empty,empty,1,field_out,6,3,4
2025-08-09,MIL202508090,MIL,"Vaughn, Andrew",vauga001,3,1,empty,empty,1,field_out,6,3,4
2025-08-09,MIL202508090,MIL,"Perkins, Blake",perkb002,3,2,empty,empty,1,field_out,6,3,4
2025-08-09,MIL202508090,MIL,"Turang, Brice",turab002,3,0,empty,empty,1,single,7,3,4
2025-08-09,MIL202508090,MIL,"Durbin, Caleb",durbc002,1,0,1B,1B,1,field_out,7,3,4
2025-08-09,MIL202508090,MIL,"Ortiz, Joey",ortij005,3,1,1B,1B,1,double,7,3,4
2025-08-09,MIL202508090,MIL,"Frelick, Sal",frels001,4,1,2B+3B,2B+3B,1,field_out,7,3,4
2025-08-09,MIL202508090,MIL,"Collins, Isaac",colli001,4,2,3B,3B,1,field_error,7,4,4
2025-08-09,MIL202508090,MIL,"Contreras, William",contw002,4,2,1B,1B,1,home_run,7,5,4
2025-08-09,MIL202508090,MIL,"Yelich, Christian",yelic001,4,2,empty,empty,1,field_out,7,7,4
2025-08-09,MIL202508090,MIL,"Vaughn, Andrew",vauga001,4,0,empty,empty,1,field_out,8,7,4
2025-08-09,MIL202508090,MIL,"Perkins, Blake",perkb002,4,1,empty,empty,1,field_out,8,7,4
2025-08-09,MIL202508090,MIL,"Turang, Brice",turab002,4,2,empty,empty,1,strikeout,8,7,4
2025-08-10,MIL202508100,MIL,"Durbin, Caleb",durbc002,1,0,empty,empty,1,field_out,1,0,2
2025-08-10,MIL202508100,MIL,"Collins, Isaac",colli001,1,1,empty,empty,1,double,1,0,2
2025-08-10,MIL202508100,MIL,"Contreras, William",contw002,1,1,2B,2B,1,field_out,1,0,2
2025-08-10,MIL202508100,MIL,"Vaughn, Andrew",vauga001,1,2,2B,2B,1,strikeout,1,0,2
2025-08-10,MIL202508100,MIL,"Perkins, Blake",perkb002,1,0,empty,empty,1,strikeout,2,0,3
2025-08-10,MIL202508100,MIL,"Monasterio, Andruw",monaa001,1,1,empty,empty,1,strikeout,2,0,3
2025-08-10,MIL202508100,MIL,"Jansen, Danny",jansd001,1,2,empty,empty,1,walk,2,0,3
2025-08-10,MIL202508100,MIL,"Lockridge, Brandon",lockb001,1,2,1B,1B,1,field_out,2,0,3
2025-08-10,MIL202508100,MIL,"Ortiz, Joey",ortij005,1,0,empty,empty,1,field_out,3,0,4
2025-08-10,MIL202508100,MIL,"Durbin, Caleb",durbc002,2,1,empty,empty,1,field_out,3,0,4
2025-08-10,MIL202508100,MIL,"Collins, Isaac",colli001,2,2,empty,empty,1,strikeout,3,0,4
2025-08-10,MIL202508100,MIL,"Contreras, William",contw002,2,0,empty,empty,1,home_run,4,0,5
2025-08-10,MIL202508100,MIL,"Vaughn, Andrew",vauga001,2,0,empty,empty,1,single,4,1,5
2025-08-10,MIL202508100,MIL,"Perkins, Blake",perkb002,2,0,1B,1B,1,strikeout,4,1,5
2025-08-10,MIL202508100,MIL,"Monasterio, Andruw",monaa001,2,1,1B,1B,1,field_out,4,1,5
2025-08-10,MIL202508100,MIL,"Jansen, Danny",jansd001,2,2,1B,1B,1,double,4,1,5
2025-08-10,MIL202508100,MIL,"Lockridge, Brandon",lockb001,2,2,2B+3B,2B+3B,1,walk,4,1,5
2025-08-10,MIL202508100,MIL,"Ortiz, Joey",ortij005,2,2,1B+2B+3B,1B+2B+3B,1,single,4,1,5
2025-08-10,MIL202508100,MIL,"Durbin, Caleb",durbc002,3,2,1B+2B,1B+2B,1,field_out,4,3,5
2025-08-10,MIL202508100,MIL,"Collins, Isaac",colli001,3,0,empty,empty,1,single,5,3,6
2025-08-10,MIL202508100,MIL,"Contreras, William",contw002,3,0,1B,1B,1,home_run,5,3,6
2025-08-10,MIL202508100,MIL,"Vaughn, Andrew",vauga001,3,0,empty,empty,1,field_out,5,5,6
2025-08-10,MIL202508100,MIL,"Perkins, Blake",perkb002,3,1,empty,empty,1,strikeout,5,5,6
2025-08-10,MIL202508100,MIL,"Monasterio, Andruw",monaa001,3,2,empty,empty,1,field_out,5,5,6
2025-08-10,MIL202508100,MIL,"Jansen, Danny",jansd001,3,0,empty,empty,1,field_out,6,5,6
2025-08-10,MIL202508100,MIL,"Lockridge, Brandon",lockb001,3,1,empty,empty,1,field_out,6,5,6
2025-08-10,MIL202508100,MIL,"Ortiz, Joey",ortij005,3,2,empty,empty,1,field_out,6,5,6
2025-08-10,MIL202508100,MIL,"Seigler, Anthony",seiga001,1,0,empty,empty,1,single,7,5,6
2025-08-10,MIL202508100,MIL,"Collins, Isaac",colli001,4,0,1B,1B,1,field_out,7,5,6
2025-08-10,MIL202508100,MIL,"Contreras, William",contw002,4,1,1B,1B,1,single,7,5,6
2025-08-10,MIL202508100,MIL,"Vaughn, Andrew",vauga001,4,1,1B+3B,1B+3B,1,grounded_into_double_play,7,5,6
2025-08-10,MIL202508100,MIL,"Turang, Brice",turab002,1,0,empty,empty,1,walk,8,5,6
2025-08-10,MIL202508100,MIL,"Frelick, Sal",frels001,1,0,1B,1B,1,field_out,8,5,6
2025-08-10,MIL202508100,MIL,"Jansen, Danny",jansd001,4,1,1B,1B,1,single,8,5,6
2025-08-10,MIL202508100,MIL,"Lockridge, Brandon",lockb001,4,1,1B+2B,1B+2B,1,strikeout,8,5,6
2025-08-10,MIL202508100,MIL,"Ortiz, Joey",ortij005,4,2,1B+2B,1B+2B,1,single,8,5,6
2025-08-10,MIL202508100,MIL,"Seigler, Anthony",seiga001,2,2,1B+2B,2B+3B,0,field_out,8,6,6
2025-08-10,MIL202508100,MIL,"Collins, Isaac",colli001,5,0,empty,empty,1,home_run,9,6,6
2025-08-11,MIL202508110,MIL,"Turang, Brice",turab002,1,0,empty,empty,1,home_run,1,0,0
2025-08-11,MIL202508110,MIL,"Collins, Isaac",colli001,1,0,empty,empty,1,field_out,1,1,0
2025-08-11,MIL202508110,MIL,"Contreras, William",contw002,1,1,empty,empty,1,strikeout,1,1,0
2025-08-11,MIL202508110,MIL,"Yelich, Christian",yelic001,1,2,empty,empty,1,single,1,1,0
2025-08-11,MIL202508110,MIL,"Vaughn, Andrew",vauga001,1,2,1B,1B,1,walk,1,1,0
2025-08-11,MIL202508110,MIL,"Durbin, Caleb",durbc002,1,2,1B+2B,1B+2B,1,hit_by_pitch,1,1,0
2025-08-11,MIL202508110,MIL,"Frelick, Sal",frels001,1,2,1B+2B+3B,1B+2B+3B,1,field_out,1,1,0
2025-08-11,MIL202508110,MIL,"Lockridge, Brandon",lockb001,1,0,empty,empty,1,strikeout,2,1,0
2025-08-11,MIL202508110,MIL,"Ortiz, Joey",ortij005,1,1,empty,empty,1,field_out,2,1,0
2025-08-11,MIL202508110,MIL,"Turang, Brice",turab002,2,2,empty,empty,1,walk,2,1,0
2025-08-11,MIL202508110,MIL,"Collins, Isaac",colli001,2,2,1B,1B,1,field_out,2,1,0
2025-08-11,MIL202508110,MIL,"Contreras, William",contw002,2,0,empty,empty,1,field_out,3,1,1
2025-08-11,MIL202508110,MIL,"Yelich, Christian",yelic001,2,1,empty,empty,1,home_run,3,1,1
2025-08-11,MIL202508110,MIL,"Vaughn, Andrew",vauga001,2,1,empty,empty,1,single,3,2,1
2025-08-11,MIL202508110,MIL,"Durbin, Caleb",durbc002,2,1,1B,1B,1,sac_bunt,3,2,1
2025-08-11,MIL202508110,MIL,"Frelick, Sal",frels001,2,2,2B,2B,1,single,3,2,1
2025-08-11,MIL202508110,MIL,"Lockridge, Brandon",lockb001,2,2,2B,2B,1,single,3,3,1
2025-08-11,MIL202508110,MIL,"Ortiz, Joey",ortij005,2,2,1B,1B,1,single,3,4,1
2025-08-11,MIL202508110,MIL,"Turang, Brice",turab002,3,2,1B+3B,2B,0,strikeout,3,5,1
2025-08-11,MIL202508110,MIL,"Collins, Isaac",colli001,3,0,empty,empty,1,double,4,5,1
2025-08-11,MIL202508110,MIL,"Contreras, William",contw002,3,0,2B,2B,1,single,4,5,1
2025-08-11,MIL202508110,MIL,"Yelich, Christian",yelic001,3,0,1B+3B,1B+3B,1,field_out,4,5,1
2025-08-11,MIL202508110,MIL,"Vaughn, Andrew",vauga001,3,1,1B+3B,1B+3B,1,sac_bunt,4,5,1
2025-08-11,MIL202508110,MIL,"Durbin, Caleb",durbc002,3,2,2B,2B,1,hit_by_pitch,4,6,1
2025-08-11,MIL202508110,MIL,"Frelick, Sal",frels001,3,2,1B+2B,1B+2B,1,field_out,4,6,1
2025-08-11,MIL202508110,MIL,"Lockridge, Brandon",lockb001,3,0,empty,empty,1,strikeout,5,6,1
2025-08-11,MIL202508110,MIL,"Ortiz, Joey",ortij005,3,1,empty,empty,1,field_out,5,6,1
2025-08-11,MIL202508110,MIL,"Turang, Brice",turab002,4,2,empty,empty,1,strikeout,5,6,1
2025-08-11,MIL202508110,MIL,"Collins, Isaac",colli001,4,0,empty,empty,1,triple,6,6,1
2025-08-11,MIL202508110,MIL,"Contreras, William",contw002,4,0,3B,3B,1,single,6,6,1
2025-08-11,MIL202508110,MIL,"Yelich, Christian",yelic001,4,0,1B,1B,1,grounded_into_double_play,6,7,1
2025-08-11,MIL202508110,MIL,"Vaughn, Andrew",vauga001,4,2,empty,empty,1,strikeout,6,7,1
2025-08-11,MIL202508110,MIL,"Durbin, Caleb",durbc002,4,0,empty,empty,1,field_out,7,7,1
2025-08-11,MIL202508110,MIL,"Frelick, Sal",frels001,4,1,empty,empty,1,strikeout,7,7,1
2025-08-11,MIL202508110,MIL,"Lockridge, Brandon",lockb001,4,2,empty,empty,1,strikeout,7,7,1
2025-08-11,MIL202508110,MIL,"Ortiz, Joey",ortij005,4,0,empty,empty,1,field_out,8,7,1
2025-08-11,MIL202508110,MIL,"Turang, Brice",turab002,5,1,empty,empty,1,strikeout,8,7,1
2025-08-11,MIL202508110,MIL,"Collins, Isaac",colli001,5,2,empty,empty,1,field_out,8,7,1
2025-08-12,MIL202508120,MIL,"Frelick, Sal",frels001,1,0,empty,empty,1,home_run,1,0,0
2025-08-12,MIL202508120,MIL,"Collins, Isaac",colli001,1,0,empty,empty,1,field_out,1,1,0
2025-08-12,MIL202508120,MIL,"Contreras, William",contw002,1,1,empty,empty,1,field_out,1,1,0
2025-08-12,MIL202508120,MIL,"Yelich, Christian",yelic001,1,2,empty,empty,1,single,1,1,0
2025-08-12,MIL202508120,MIL,"Vaughn, Andrew",vauga001,1,2,1B,1B,1,strikeout,1,1,0
2025-08-12,MIL202508120,MIL,"Durbin, Caleb",durbc002,1,0,empty,empty,1,field_out,2,1,0
2025-08-12,MIL202508120,MIL,"Turang, Brice",turab002,1,1,empty,empty,1,field_out,2,1,0
2025-08-12,MIL202508120,MIL,"Perkins, Blake",perkb002,1,2,empty,empty,1,strikeout,2,1,0
2025-08-12,MIL202508120,MIL,"Ortiz, Joey",ortij005,1,0,empty,empty,1,field_out,3,1,0
2025-08-12,MIL202508120,MIL,"Frelick, Sal",frels001,2,1,empty,empty,1,walk,3,1,0
2025-08-12,MIL202508120,MIL,"Collins, Isaac",colli001,2,1,1B,1B,1,strikeout,3,1,0
2025-08-12,MIL202508120,MIL,"Contreras, William",contw002,2,2,1B,1B,1,double,3,1,0
2025-08-12,MIL202508120,MIL,"Yelich, Christian",yelic001,2,2,2B,2B,1,walk,3,2,0
2025-08-12,MIL202508120,MIL,"Vaughn, Andrew",vauga001,2,2,1B+2B,1B+2B,1,field_out,3,2,0
2025-08-12,MIL202508120,MIL,"Durbin, Caleb",durbc002,2,0,empty,empty,1,field_out,4,2,0
2025-08-12,MIL202508120,MIL,"Turang, Brice",turab002,2,1,empty,empty,1,home_run,4,2,0
2025-08-12,MIL202508120,MIL,"Perkins, Blake",perkb002,2,1,empty,empty,1,strikeout,4,3,0
2025-08-12,MIL202508120,MIL,"Ortiz, Joey",ortij005,2,2,empty,empty,1,double,4,3,0
2025-08-12,MIL202508120,MIL,"Frelick, Sal",frels001,3,2,2B,2B,1,single,4,3,0
2025-08-12,MIL202508120,MIL,"Collins, Isaac",colli001,3,2,1B,1B,1,field_out,4,4,0
2025-08-12,MIL202508120,MIL,"Contreras, William",contw002,3,0,empty,empty,1,walk,5,4,0
2025-08-12,MIL202508120,MIL,"Yelich, Christian",yelic001,3,0,1B,1B,1,home_run,5,4,0
2025-08-12,MIL202508120,MIL,"Vaughn, Andrew",vauga001,3,0,empty,empty,1,strikeout,5,6,0
2025-08-12,MIL202508120,MIL,"Durbin, Caleb",durbc002,3,1,empty,empty,1,field_out,5,6,0
2025-08-12,MIL202508120,MIL,"Turang, Brice",turab002,3,2,empty,empty,1,strikeout,5,6,0
2025-08-12,MIL202508120,MIL,"Perkins, Blake",perkb002,3,0,empty,empty,1,single,6,6,0
2025-08-12,MIL202508120,MIL,"Ortiz, Joey",ortij005,3,0,1B,1B,1,fielders_choice,6,6,0
2025-08-12,MIL202508120,MIL,"Frelick, Sal",frels001,4,0,1B+2B,1B+2B,1,walk,6,6,0
2025-08-12,MIL202508120,MIL,"Collins, Isaac",colli001,4,0,1B+2B+3B,1B+2B+3B,1,sac_fly,6,6,0
2025-08-12,MIL202508120,MIL,"Contreras, William",contw002,4,1,1B+3B,1B+3B,1,single,6,7,0
2025-08-12,MIL202508120,MIL,"Yelich, Christian",yelic001,4,1,1B+2B,1B+2B,1,single,6,8,0
2025-08-12,MIL202508120,MIL,"Vaughn, Andrew",vauga001,4,1,1B+3B,1B+3B,1,home_run,6,9,0
2025-08-12,MIL202508120,MIL,"Durbin, Caleb",durbc002,4,1,empty,empty,1,field_out,6,12,0
2025-08-12,MIL202508120,MIL,"Monasterio, Andruw",monaa001,1,2,empty,empty,1,strikeout,6,12,0
2025-08-12,MIL202508120,MIL,"Perkins, Blake",perkb002,4,0,empty,empty,1,strikeout,7,12,0
2025-08-12,MIL202508120,MIL,"Ortiz, Joey",ortij005,4,1,empty,empty,1,double,7,12,0
2025-08-12,MIL202508120,MIL,"Frelick, Sal",frels001,5,1,2B,3B,0,field_out,7,12,0
2025-08-12,MIL202508120,MIL,"Collins, Isaac",colli001,5,2,3B,3B,1,field_out,7,12,0
2025-08-12,MIL202508120,MIL,"Contreras, William",contw002,5,0,empty,empty,1,field_out,8,12,0
2025-08-12,MIL202508120,MIL,"Jansen, Danny",jansd001,1,1,empty,empty,1,field_error,8,12,0
2025-08-12,MIL202508120,MIL,"Seigler, Anthony",seiga001,1,1,2B,2B,1,field_out,8,12,0
2025-08-12,MIL202508120,MIL,"Durbin, Caleb",durbc002,5,2,2B,2B,1,home_run,8,12,0
2025-08-12,MIL202508120,MIL,"Monasterio, Andruw",monaa001,2,2,empty,empty,1,double,8,14,0
2025-08-12,MIL202508120,MIL,"Perkins, Blake",perkb002,5,2,2B,2B,1,walk,8,14,0
2025-08-12,MIL202508120,MIL,"Ortiz, Joey",ortij005,5,2,1B+2B,1B+2B,1,single,8,14,0
2025-08-12,MIL202508120,MIL,"Frelick, Sal",frels001,6,2,1B+2B+3B,1B+2B+3B,1,field_out,8,14,0
2025-08-13,MIL202508130,MIL,"Frelick, Sal",frels001,1,0,empty,empty,1,field_out,1,0,0
2025-08-13,MIL202508130,MIL,"Collins, Isaac",colli001,1,1,empty,empty,1,field_out,1,0,0
2025-08-13,MIL202508130,MIL,"Contreras, William",contw002,1,2,empty,empty,1,strikeout,1,0,0
2025-08-13,MIL202508130,MIL,"Yelich, Christian",yelic001,1,0,empty,empty,1,strikeout,2,0,0
2025-08-13,MIL202508130,MIL,"Vaughn, Andrew",vauga001,1,1,empty,empty,1,double,2,0,0
2025-08-13,MIL202508130,MIL,"Turang, Brice",turab002,1,1,2B,2B,1,field_out,2,0,0
2025-08-13,MIL202508130,MIL,"Perkins, Blake",perkb002,1,2,2B,2B,1,field_out,2,0,0
2025-08-13,MIL202508130,MIL,"Seigler, Anthony",seiga001,1,0,empty,empty,1,single,3,0,0
2025-08-13,MIL202508130,MIL,"Ortiz, Joey",ortij005,1,0,2B,2B,1,field_out,3,0,0
2025-08-13,MIL202508130,MIL,"Frelick, Sal",frels001,2,1,3B,3B,1,single,3,0,0
2025-08-13,MIL202508130,MIL,"Collins, Isaac",colli001,2,1,1B,1B,1,strikeout,3,1,0
2025-08-13,MIL202508130,MIL,"Contreras, William",contw002,2,2,2B,2B,1,walk,3,1,0
2025-08-13,MIL202508130,MIL,"Yelich, Christian",yelic001,2,2,1B+2B,1B+2B,1,single,3,1,0
2025-08-13,MIL202508130,MIL,"Vaughn, Andrew",vauga001,2,2,1B+3B,1B+3B,1,field_out,3,2,0
2025-08-13,MIL202508130,MIL,"Turang, Brice",turab002,2,0,empty,empty,1,strikeout,4,2,0
2025-08-13,MIL202508130,MIL,"Perkins, Blake",perkb002,2,1,empty,empty,1,walk,4,2,0
2025-08-13,MIL202508130,MIL,"Seigler, Anthony",seiga001,2,1,1B,1B,1,strikeout,4,2,0
2025-08-13,MIL202508130,MIL,"Ortiz, Joey",ortij005,2,2,1B,2B,0,single,4,2,0
2025-08-13,MIL202508130,MIL,"Frelick, Sal",frels001,3,2,1B,1B,1,double,4,3,0
2025-08-13,MIL202508130,MIL,"Collins, Isaac",colli001,3,2,2B,2B,1,double,4,4,0
2025-08-13,MIL202508130,MIL,"Contreras, William",contw002,3,2,2B,2B,1,single,4,5,0
2025-08-13,MIL202508130,MIL,"Yelich, Christian",yelic001,3,2,1B,1B,1,field_out,4,6,0
2025-08-13,MIL202508130,MIL,"Vaughn, Andrew",vauga001,3,0,empty,empty,1,field_out,5,6,3
2025-08-13,MIL202508130,MIL,"Turang, Brice",turab002,3,1,empty,empty,1,strikeout,5,6,3
2025-08-13,MIL202508130,MIL,"Perkins, Blake",perkb002,3,2,empty,empty,1,hit_by_pitch,5,6,3
2025-08-13,MIL202508130,MIL,"Seigler, Anthony",seiga001,3,2,1B,1B,1,strikeout,5,6,3
2025-08-13,MIL202508130,MIL,"Ortiz, Joey",ortij005,3,0,empty,empty,1,walk,6,6,5
2025-08-13,MIL202508130,MIL,"Frelick, Sal",frels001,4,0,1B,1B,1,walk,6,6,5
2025-08-13,MIL202508130,MIL,"Collins, Isaac",colli001,4,0,1B+2B,1B+2B,1,sac_bunt,6,6,5
2025-08-13,MIL202508130,MIL,"Contreras, William",contw002,4,1,2B+3B,2B+3B,1,single,6,6,5
2025-08-13,MIL202508130,MIL,"Yelich, Christian",yelic001,4,1,1B,1B,1,field_out,6,8,5
2025-08-13,MIL202508130,MIL,"Vaughn, Andrew",vauga001,4,2,1B,1B,1,field_out,6,8,5
2025-08-13,MIL202508130,MIL,"Turang, Brice",turab002,4,0,empty,empty,1,strikeout,7,8,5
2025-08-13,MIL202508130,MIL,"Perkins, Blake",perkb002,4,1,empty,empty,1,single,7,8,5
2025-08-13,MIL202508130,MIL,"Seigler, Anthony",seiga001,4,1,1B,2B,0,walk,7,8,5
2025-08-13,MIL202508130,MIL,"Ortiz, Joey",ortij005,4,1,1B+2B,1B+2B,1,single,7,8,5
2025-08-13,MIL202508130,MIL,"Frelick, Sal",frels001,5,1,2B+3B,2B+3B,1,walk,7,9,5
2025-08-13,MIL202508130,MIL,"Collins, Isaac",colli001,5,1,1B+2B+3B,1B+2B+3B,1,field_out,7,9,5
2025-08-13,MIL202508130,MIL,"Contreras, William",contw002,5,2,1B+2B+3B,1B+2B+3B,1,walk,7,9,5
2025-08-13,MIL202508130,MIL,"Yelich, Christian",yelic001,5,2,1B+2B+3B,1B+2B+3B,1,single,7,10,5
2025-08-13,MIL202508130,MIL,"Vaughn, Andrew",vauga001,5,2,1B+3B,1B+3B,1,strikeout,7,12,5
2025-08-13,MIL202508130,MIL,"Monasterio, Andruw",monaa001,1,0,empty,empty,1,strikeout,8,12,5
2025-08-13,MIL202508130,MIL,"Perkins, Blake",perkb002,5,1,empty,empty,1,field_out,8,12,5
2025-08-13,MIL202508130,MIL,"Durbin, Caleb",durbc002,1,2,empty,empty,1,field_out,8,12,5
2025-08-15,CIN202508150,MIL,"Frelick, Sal",frels001,1,0,empty,empty,1,field_out,1,0,0
2025-08-15,CIN202508150,MIL,"Ortiz, Joey",ortij005,1,1,empty,empty,1,single,1,0,0
2025-08-15,CIN202508150,MIL,"Contreras, William",contw002,1,1,1B,1B,1,grounded_into_double_play,1,0,0
2025-08-15,CIN202508150,MIL,"Yelich, Christian",yelic001,1,0,empty,empty,1,home_run,2,0,1
2025-08-15,CIN202508150,MIL,"Vaughn, Andrew",vauga001,1,0,empty,empty,1,field_out,2,1,1
2025-08-15,CIN202508150,MIL,"Durbin, Caleb",durbc002,1,1,empty,empty,1,field_out,2,1,1
2025-08-15,CIN202508150,MIL,"Turang, Brice",turab002,1,2,empty,empty,1,single,2,1,1
2025-08-15,CIN202508150,MIL,"Berroa, Steward",berrs002,1,2,1B,1B,1,strikeout,2,1,1
2025-08-15,CIN202508150,MIL,"Lockridge, Brandon",lockb001,1,0,empty,empty,1,single,3,1,8
2025-08-15,CIN202508150,MIL,"Frelick, Sal",frels001,2,0,1B,1B,1,single,3,1,8
2025-08-15,CIN202508150,MIL,"Ortiz, Joey",ortij005,2,0,1B+2B,1B+2B,1,field_out,3,1,8
2025-08-15,CIN202508150,MIL,"Contreras, William",contw002,2,1,1B+2B,1B+2B,1,field_out,3,1,8
2025-08-15,CIN202508150,MIL,"Yelich, Christian",yelic001,2,2,1B+3B,1B+3B,1,double,3,1,8
2025-08-15,CIN202508150,MIL,"Vaughn, Andrew",vauga001,2,2,2B+3B,2B+3B,1,home_run,3,2,8
2025-08-15,CIN202508150,MIL,"Durbin, Caleb",durbc002,2,2,empty,empty,1,single,3,5,8
2025-08-15,CIN202508150,MIL,"Turang, Brice",turab002,2,2,2B,2B,1,double,3,5,8
2025-08-15,CIN202508150,MIL,"Berroa, Steward",berrs002,2,2,2B,2B,1,strikeout,3,6,8
2025-08-15,CIN202508150,MIL,"Lockridge, Brandon",lockb001,2,0,empty,empty,1,strikeout,4,6,8
2025-08-15,CIN202508150,MIL,"Frelick, Sal",frels001,3,1,empty,empty,1,single,4,6,8
2025-08-15,CIN202508150,MIL,"Ortiz, Joey",ortij005,3,1,1B,1B,1,single,4,6,8
2025-08-15,CIN202508150,MIL,"Contreras, William",contw002,3,1,1B+2B,1B+2B,1,fielders_choice,4,6,8
2025-08-15,CIN202508150,MIL,"Yelich, Christian",yelic001,3,1,1B+2B+3B,1B+2B+3B,1,single,4,6,8
2025-08-15,CIN202508150,MIL,"Vaughn, Andrew",vauga001,3,1,1B+2B,1B+2B,1,field_out,4,8,8
2025-08-15,CIN202508150,MIL,"Durbin, Caleb",durbc002,3,2,1B+2B,1B+2B,1,field_out,4,8,8
2025-08-15,CIN202508150,MIL,"Turang, Brice",turab002,3,0,empty,empty,1,field_out,5,8,8
2025-08-15,CIN202508150,MIL,"Berroa, Steward",berrs002,3,1,empty,empty,1,walk,5,8,8
2025-08-15,CIN202508150,MIL,"Lockridge, Brandon",lockb001,3,1,1B,1B,1,single,5,8,8
2025-08-15,CIN202508150,MIL,"Frelick, Sal",frels001,4,1,1B+2B,1B+2B,1,field_out,5,8,8
2025-08-15,CIN202508150,MIL,"Ortiz, Joey",ortij005,4,2,1B+3B,1B+3B,1,field_out,5,8,8
2025-08-15,CIN202508150,MIL,"Contreras, William",contw002,4,0,empty,empty,1,field_out,6,8,8
2025-08-15,CIN202508150,MIL,"Yelich, Christian",yelic001,4,1,empty,empty,1,home_run,6,8,8
2025-08-15,CIN202508150,MIL,"Vaughn, Andrew",vauga001,4,1,empty,empty,1,single,6,9,8
2025-08-15,CIN202508150,MIL,"Durbin, Caleb",durbc002,4,1,1B,1B,1,grounded_into_double_play,6,9,8
2025-08-15,CIN202508150,MIL,"Turang, Brice",turab002,4,0,empty,empty,1,strikeout,7,9,8
2025-08-15,CIN202508150,MIL,"Berroa, Steward",berrs002,4,1,empty,empty,1,field_out,7,9,8
2025-08-15,CIN202508150,MIL,"Lockridge, Brandon",lockb001,4,2,empty,empty,1,double,7,9,8
2025-08-15,CIN202508150,MIL,"Frelick, Sal",frels001,5,2,3B,empty,0,walk,7,10,8
2025-08-15,CIN202508150,MIL,"Ortiz, Joey",ortij005,5,2,1B,1B,1,field_out,7,10,8
2025-08-15,CIN202508150,MIL,"Contreras, William",contw002,5,0,empty,empty,1,double,8,10,8
2025-08-15,CIN202508150,MIL,"Yelich, Christian",yelic001,5,0,2B,2B,1,field_out,8,10,8
2025-08-15,CIN202508150,MIL,"Vaughn, Andrew",vauga001,5,1,3B,3B,1,strikeout,8,10,8
2025-08-15,CIN202508150,MIL,"Durbin, Caleb",durbc002,5,2,3B,3B,1,strikeout,8,10,8
2025-08-15,CIN202508150,MIL,"Turang, Brice",turab002,5,0,empty,empty,1,strikeout,9,10,8
2025-08-15,CIN202508150,MIL,"Berroa, Steward",berrs002,5,1,empty,empty,1,field_out,9,10,8
2025-08-15,CIN202508150,MIL,"Lockridge, Brandon",lockb001,5,2,empty,empty,1,field_out,9,10,8
2025-08-16,CIN202508160,MIL,"Frelick, Sal",frels001,1,0,empty,empty,1,strikeout,1,0,0
2025-08-16,CIN202508160,MIL,"Ortiz, Joey",ortij005,1,1,empty,empty,1,field_out,1,0,0
2025-08-16,CIN202508160,MIL,"Contreras, William",contw002,1,2,empty,empty,1,strikeout,1,0,0
2025-08-16,CIN202508160,MIL,"Yelich, Christian",yelic001,1,0,empty,empty,1,field_out,2,0,0
2025-08-16,CIN202508160,MIL,"Vaughn, Andrew",vauga001,1,1,empty,empty,1,field_out,2,0,0
2025-08-16,CIN202508160,MIL,"Durbin, Caleb",durbc002,1,2,empty,empty,1,single,2,0,0
2025-08-16,CIN202508160,MIL,"Turang, Brice",turab002,1,2,1B,1B,1,double,2,0,0
2025-08-16,CIN202508160,MIL,"Berroa, Steward",berrs002,1,2,2B,2B,1,field_error,2,1,0
2025-08-16,CIN202508160,MIL,"Lockridge, Brandon",lockb001,1,2,1B+3B,2B+3B,0,field_out,2,1,0
2025-08-16,CIN202508160,MIL,"Frelick, Sal",frels001,2,0,empty,empty,1,field_out,3,1,0
2025-08-16,CIN202508160,MIL,"Ortiz, Joey",ortij005,2,1,empty,empty,1,field_out,3,1,0
2025-08-16,CIN202508160,MIL,"Contreras, William",contw002,2,2,empty,empty,1,field_out,3,1,0
2025-08-16,CIN202508160,MIL,"Yelich, Christian",yelic001,2,0,empty,empty,1,field_out,4,1,0
2025-08-16,CIN202508160,MIL,"Vaughn, Andrew",vauga001,2,1,empty,empty,1,walk,4,1,0
2025-08-16,CIN202508160,MIL,"Durbin, Caleb",durbc002,2,1,1B,1B,1,field_out,4,1,0
2025-08-16,CIN202508160,MIL,"Turang, Brice",turab002,2,2,1B,1B,1,field_out,4,1,0
2025-08-16,CIN202508160,MIL,"Black, Tyler",blact003,1,0,empty,empty,1,field_out,5,1,0
2025-08-16,CIN202508160,MIL,"Lockridge, Brandon",lockb001,2,1,empty,empty,1,field_out,5,1,0
2025-08-16,CIN202508160,MIL,"Frelick, Sal",frels001,3,2,empty,empty,1,field_out,5,1,0
2025-08-16,CIN202508160,MIL,"Ortiz, Joey",ortij005,3,0,empty,empty,1,field_out,6,1,0
2025-08-16,CIN202508160,MIL,"Contreras, William",contw002,3,1,empty,empty,1,single,6,1,0
2025-08-16,CIN202508160,MIL,"Yelich, Christian",yelic001,3,1,1B,1B,1,strikeout,6,1,0
2025-08-16,CIN202508160,MIL,"Vaughn, Andrew",vauga001,3,2,1B,2B,0,field_out,6,1,0
2025-08-16,CIN202508160,MIL,"Durbin, Caleb",durbc002,3,0,empty,empty,1,double,7,1,2
2025-08-16,CIN202508160,MIL,"Turang, Brice",turab002,3,0,2B,2B,1,strikeout,7,1,2
2025-08-16,CIN202508160,MIL,"Black, Tyler",blact003,2,1,2B,2B,1,walk,7,1,2
2025-08-16,CIN202508160,MIL,"Lockridge, Brandon",lockb001,3,1,1B+2B,1B+2B,1,strikeout,7,1,2
2025-08-16,CIN202508160,MIL,"Frelick, Sal",frels001,4,2,1B+2B,2B+3B,0,field_out,7,1,2
2025-08-16,CIN202508160,MIL,"Seigler, Anthony",seiga001,1,0,empty,empty,1,walk,8,1,2
2025-08-16,CIN202508160,MIL,"Contreras, William",contw002,4,0,1B,1B,1,walk,8,1,2
2025-08-16,CIN202508160,MIL,"Yelich, Christian",yelic001,4,0,1B+2B,1B+2B,1,strikeout,8,1,2
2025-08-16,CIN202508160,MIL,"Vaughn, Andrew",vauga001,4,1,1B+2B,1B+2B,1,field_out,8,1,2
2025-08-16,CIN202508160,MIL,"Durbin, Caleb",durbc002,4,2,1B+3B,1B+3B,1,field_out,8,1,2
2025-08-16,CIN202508160,MIL,"Turang, Brice",turab002,4,0,empty,empty,1,walk,9,1,2
2025-08-16,CIN202508160,MIL,"Black, Tyler",blact003,3,0,1B,1B,1,walk,9,1,2
2025-08-16,CIN202508160,MIL,"Lockridge, Brandon",lockb001,4,0,1B+2B,1B+2B,1,field_out,9,1,2
2025-08-16,CIN202508160,MIL,"Frelick, Sal",frels001,5,1,1B+2B,1B+2B,1,field_out,9,1,2
2025-08-16,CIN202508160,MIL,"Seigler, Anthony",seiga001,2,2,1B,1B,1,strikeout,9,2,2
2025-08-16,CIN202508160,MIL,"Contreras, William",contw002,5,0,2B,2B,1,single,10,2,2
2025-08-16,CIN202508160,MIL,"Yelich, Christian",yelic001,5,0,2B,2B,1,intent_walk,10,3,2
2025-08-16,CIN202508160,MIL,"Vaughn, Andrew",vauga001,5,0,1B+2B,1B+2B,1,grounded_into_double_play,10,3,2
2025-08-16,CIN202508160,MIL,"Durbin, Caleb",durbc002,5,2,3B,3B,1,field_out,10,3,2
2025-08-16,CIN202508160,MIL,"Turang, Brice",turab002,5,0,2B,2B,1,single,11,3,3
2025-08-16,CIN202508160,MIL,"Monasterio, Andruw",monaa001,1,0,1B+3B,1B+3B,1,home_run,11,3,3
2025-08-16,CIN202508160,MIL,"Lockridge, Brandon",lockb001,5,0,empty,empty,1,field_out,11,6,3
2025-08-16,CIN202508160,MIL,"Frelick, Sal",frels001,6,1,empty,empty,1,field_out,11,6,3
2025-08-16,CIN202508160,MIL,"Seigler, Anthony",seiga001,3,2,empty,empty,1,single,11,6,3
2025-08-16,CIN202508160,MIL,"Contreras, William",contw002,6,2,1B,1B,1,field_out,11,6,3
2025-08-17,CIN202508170,MIL,"Monasterio, Andruw",monaa001,1,0,empty,empty,1,field_out,1,0,0
2025-08-17,CIN202508170,MIL,"Durbin, Caleb",durbc002,1,1,empty,empty,1,field_out,1,0,0
2025-08-17,CIN202508170,MIL,"Contreras, William",contw002,1,2,empty,empty,1,field_out,1,0,0
2025-08-17,CIN202508170,MIL,"Yelich, Christian",yelic001,1,0,empty,empty,1,strikeout,2,0,0
2025-08-17,CIN202508170,MIL,"Vaughn, Andrew",vauga001,1,1,empty,empty,1,field_out,2,0,0
2025-08-17,CIN202508170,MIL,"Perkins, Blake",perkb002,1,2,empty,empty,1,strikeout,2,0,0
2025-08-17,CIN202508170,MIL,"Jansen, Danny",jansd001,1,0,empty,empty,1,strikeout,3,0,0
2025-08-17,CIN202508170,MIL,"Ortiz, Joey",ortij005,1,1,empty,empty,1,field_out,3,0,0
2025-08-17,CIN202508170,MIL,"Lockridge, Brandon",lockb001,1,2,empty,empty,1,triple,3,0,0
2025-08-17,CIN202508170,MIL,"Monasterio, Andruw",monaa001,2,2,3B,3B,1,field_out,3,0,0
2025-08-17,CIN202508170,MIL,"Durbin, Caleb",durbc002,2,0,empty,empty,1,field_out,4,0,0
2025-08-17,CIN202508170,MIL,"Contreras, William",contw002,2,1,empty,empty,1,strikeout,4,0,0
2025-08-17,CIN202508170,MIL,"Yelich, Christian",yelic001,2,2,empty,empty,1,strikeout,4,0,0
2025-08-17,CIN202508170,MIL,"Vaughn, Andrew",vauga001,2,0,empty,empty,1,field_out,5,0,0
2025-08-17,CIN202508170,MIL,"Perkins, Blake",perkb002,2,1,empty,empty,1,single,5,0,0
2025-08-17,CIN202508170,MIL,"Jansen, Danny",jansd001,2,1,1B,1B,1,single,5,0,0
2025-08-17,CIN202508170,MIL,"Ortiz, Joey",ortij005,2,1,1B+2B,1B+2B,1,field_out,5,0,0
2025-08-17,CIN202508170,MIL,"Lockridge, Brandon",lockb001,2,2,1B+2B,1B+2B,1,field_out,5,0,0
2025-08-17,CIN202508170,MIL,"Monasterio, Andruw",monaa001,3,0,empty,empty,1,strikeout,6,0,0
2025-08-17,CIN202508170,MIL,"Durbin, Caleb",durbc002,3,1,empty,empty,1,field_out,6,0,0
2025-08-17,CIN202508170,MIL,"Contreras, William",contw002,3,2,empty,empty,1,strikeout,6,0,0
2025-08-17,CIN202508170,MIL,"Yelich, Christian",yelic001,3,0,empty,empty,1,field_out,7,0,0
2025-08-17,CIN202508170,MIL,"Vaughn, Andrew",vauga001,3,1,empty,empty,1,single,7,0,0
2025-08-17,CIN202508170,MIL,"Perkins, Blake",perkb002,3,1,1B,1B,1,grounded_into_double_play,7,0,0
2025-08-17,CIN202508170,MIL,"Jansen, Danny",jansd001,3,0,empty,empty,1,field_out,8,0,1
2025-08-17,CIN202508170,MIL,"Black, Tyler",blact003,1,1,empty,empty,1,walk,8,0,1
2025-08-17,CIN202508170,MIL,"Turang, Brice",turab002,1,2,1B,empty,0,strikeout,8,0,1
2025-08-17,CIN202508170,MIL,"Seigler, Anthony",seiga001,1,0,empty,empty,1,walk,9,0,1
2025-08-17,CIN202508170,MIL,"Durbin, Caleb",durbc002,4,0,1B,1B,1,field_out,9,0,1
2025-08-17,CIN202508170,MIL,"Contreras, William",contw002,4,1,1B,1B,1,home_run,9,0,1
2025-08-17,CIN202508170,MIL,"Yelich, Christian",yelic001,4,1,empty,empty,1,field_out,9,2,1
2025-08-17,CIN202508170,MIL,"Vaughn, Andrew",vauga001,4,2,empty,empty,1,field_out,9,2,1
2025-08-17,CIN202508170,MIL,"Perkins, Blake",perkb002,4,0,2B,2B,1,fielders_choice_out,10,2,2
2025-08-17,CIN202508170,MIL,"Jansen, Danny",jansd001,4,1,1B,1B,1,field_out,10,2,2
2025-08-17,CIN202508170,MIL,"Black, Tyler",blact003,2,2,1B,2B,0,field_out,10,2,2
2025-08-18,CHN202508180,MIL,"Turang, Brice",turab002,1,0,empty,empty,1,strikeout,1,0,0
2025-08-18,CHN202508180,MIL,"Durbin, Caleb",durbc002,1,1,empty,empty,1,field_out,1,0,0
2025-08-18,CHN202508180,MIL,"Contreras, William",contw002,1,2,empty,empty,1,field_out,1,0,0
2025-08-18,CHN202508180,MIL,"Yelich, Christian",yelic001,1,0,empty,empty,1,strikeout,2,0,0
2025-08-18,CHN202508180,MIL,"Vaughn, Andrew",vauga001,1,1,empty,empty,1,single,2,0,0
2025-08-18,CHN202508180,MIL,"Perkins, Blake",perkb002,1,1,1B,1B,1,strikeout,2,0,0
2025-08-18,CHN202508180,MIL,"Frelick, Sal",frels001,1,2,1B,1B,1,single,2,0,0
2025-08-18,CHN202508180,MIL,"Jansen, Danny",jansd001,1,2,1B+2B,1B+2B,1,field_out,2,0,0
2025-08-18,CHN202508180,MIL,"Ortiz, Joey",ortij005,1,0,empty,empty,1,field_out,3,0,0
2025-08-18,CHN202508180,MIL,"Turang, Brice",turab002,2,1,empty,empty,1,home_run,3,0,0
2025-08-18,CHN202508180,MIL,"Durbin, Caleb",durbc002,2,1,empty,empty,1,double,3,1,0
2025-08-18,CHN202508180,MIL,"Contreras, William",contw002,2,1,2B,2B,1,field_out,3,1,0
2025-08-18,CHN202508180,MIL,"Yelich, Christian",yelic001,2,2,3B,3B,1,walk,3,1,0
2025-08-18,CHN202508180,MIL,"Vaughn, Andrew",vauga001,2,2,1B+3B,1B+3B,1,hit_by_pitch,3,1,0
2025-08-18,CHN202508180,MIL,"Perkins, Blake",perkb002,2,2,1B+2B+3B,1B+2B+3B,1,field_out,3,1,0
2025-08-18,CHN202508180,MIL,"Frelick, Sal",frels001,2,0,empty,empty,1,field_out,4,1,0
2025-08-18,CHN202508180,MIL,"Jansen, Danny",jansd001,2,1,empty,empty,1,field_out,4,1,0
2025-08-18,CHN202508180,MIL,"Ortiz, Joey",ortij005,2,2,empty,empty,1,field_out,4,1,0
2025-08-18,CHN202508180,MIL,"Turang, Brice",turab002,3,0,empty,empty,1,field_out,5,1,0
2025-08-18,CHN202508180,MIL,"Durbin, Caleb",durbc002,3,1,empty,empty,1,home_run,5,1,0
2025-08-18,CHN202508180,MIL,"Contreras, William",contw002,3,1,empty,empty,1,strikeout,5,2,0
2025-08-18,CHN202508180,MIL,"Yelich, Christian",yelic001,3,2,empty,empty,1,strikeout,5,2,0
2025-08-18,CHN202508180,MIL,"Vaughn, Andrew",vauga001,3,0,empty,empty,1,field_out,6,2,0
2025-08-18,CHN202508180,MIL,"Perkins, Blake",perkb002,3,1,empty,empty,1,field_out,6,2,0
2025-08-18,CHN202508180,MIL,"Frelick, Sal",frels001,3,2,empty,empty,1,walk,6,2,0
2025-08-18,CHN202508180,MIL,"Jansen, Danny",jansd001,3,2,1B,1B,1,walk,6,2,0
2025-08-18,CHN202508180,MIL,"Ortiz, Joey",ortij005,3,2,1B+2B,1B+2B,1,single,6,2,0
2025-08-18,CHN202508180,MIL,"Turang, Brice",turab002,4,2,2B+3B,2B+3B,1,strikeout,6,3,0
2025-08-18,CHN202508180,MIL,"Durbin, Caleb",durbc002,4,0,empty,empty,1,strikeout,7,3,0
2025-08-18,CHN202508180,MIL,"Contreras, William",contw002,4,1,empty,empty,1,strikeout,7,3,0
2025-08-18,CHN202508180,MIL,"Yelich, Christian",yelic001,4,2,empty,empty,1,strikeout,7,3,0
2025-08-18,CHN202508180,MIL,"Vaughn, Andrew",vauga001,4,0,empty,empty,1,field_out,8,3,0
2025-08-18,CHN202508180,MIL,"Perkins, Blake",perkb002,4,1,empty,empty,1,walk,8,3,0
2025-08-18,CHN202508180,MIL,"Frelick, Sal",frels001,4,1,1B,1B,1,walk,8,3,0
2025-08-18,CHN202508180,MIL,"Jansen, Danny",jansd001,4,1,1B+2B,1B+2B,1,walk,8,3,0
2025-08-18,CHN202508180,MIL,"Ortiz, Joey",ortij005,4,1,1B+2B+3B,1B+2B+3B,1,single,8,3,0
2025-08-18,CHN202508180,MIL,"Turang, Brice",turab002,5,1,1B+2B+3B,1B+2B+3B,1,single,8,4,0
2025-08-18,CHN202508180,MIL,"Durbin, Caleb",durbc002,5,1,1B+2B+3B,1B+2B+3B,1,field_out,8,5,0
2025-08-18,CHN202508180,MIL,"Contreras, William",contw002,5,2,1B+3B,3B,0,walk,8,7,0
2025-08-18,CHN202508180,MIL,"Yelich, Christian",yelic001,5,2,1B+3B,1B+3B,1,field_out,8,7,0
2025-08-18,CHN202508180,MIL,"Vaughn, Andrew",vauga001,5,0,empty,empty,1,strikeout,9,7,0
2025-08-18,CHN202508180,MIL,"Collins, Isaac",colli001,1,1,empty,empty,1,field_out,9,7,0
2025-08-18,CHN202508180,MIL,"Frelick, Sal",frels001,5,2,empty,empty,1,double,9,7,0
2025-08-18,CHN202508180,MIL,"Jansen, Danny",jansd001,5,2,2B,2B,1,strikeout,9,7,0
2025-08-19,CHN202508191,MIL,"Frelick, Sal",frels001,1,0,empty,empty,1,field_out,1,0,0
2025-08-19,CHN202508191,MIL,"Durbin, Caleb",durbc002,1,1,empty,empty,1,field_out,1,0,0
2025-08-19,CHN202508191,MIL,"Contreras, William",contw002,1,2,empty,empty,1,field_out,1,0,0
2025-08-19,CHN202508191,MIL,"Yelich, Christian",yelic001,1,0,empty,empty,1,strikeout,2,0,2
2025-08-19,CHN202508191,MIL,"Vaughn, Andrew",vauga001,1,1,empty,empty,1,walk,2,0,2
2025-08-19,CHN202508191,MIL,"Collins, Isaac",colli001,1,1,1B,1B,1,walk,2,0,2
2025-08-19,CHN202508191,MIL,"Turang, Brice",turab002,1,1,1B+2B,1B+2B,1,field_out,2,0,2
2025-08-19,CHN202508191,MIL,"Lockridge, Brandon",lockb001,1,2,2B+3B,2B+3B,1,walk,2,0,2
2025-08-19,CHN202508191,MIL,"Ortiz, Joey",ortij005,1,2,1B+2B+3B,1B+2B+3B,1,field_out,2,0,2
2025-08-19,CHN202508191,MIL,"Frelick, Sal",frels001,2,0,empty,empty,1,strikeout,3,0,2
2025-08-19,CHN202508191,MIL,"Durbin, Caleb",durbc002,2,1,empty,empty,1,field_out,3,0,2
2025-08-19,CHN202508191,MIL,"Contreras, William",contw002,2,2,empty,empty,1,field_out,3,0,2
2025-08-19,CHN202508191,MIL,"Yelich, Christian",yelic001,2,0,empty,empty,1,home_run,4,0,5
2025-08-19,CHN202508191,MIL,"Vaughn, Andrew",vauga001,2,0,empty,empty,1,field_out,4,1,5
2025-08-19,CHN202508191,MIL,"Collins, Isaac",colli001,2,1,empty,empty,1,field_out,4,1,5
2025-08-19,CHN202508191,MIL,"Turang, Brice",turab002,2,2,empty,empty,1,field_out,4,1,5
2025-08-19,CHN202508191,MIL,"Lockridge, Brandon",lockb001,2,0,empty,empty,1,double,5,1,5
2025-08-19,CHN202508191,MIL,"Ortiz, Joey",ortij005,2,0,2B,2B,1,field_out,5,1,5
2025-08-19,CHN202508191,MIL,"Frelick, Sal",frels001,3,1,3B,3B,1,single,5,1,5
2025-08-19,CHN202508191,MIL,"Durbin, Caleb",durbc002,3,1,1B,1B,1,field_out,5,2,5
2025-08-19,CHN202508191,MIL,"Contreras, William",contw002,3,2,1B,1B,1,single,5,2,5
2025-08-19,CHN202508191,MIL,"Yelich, Christian",yelic001,3,2,1B+2B,1B+2B,1,field_out,5,2,5
2025-08-19,CHN202508191,MIL,"Vaughn, Andrew",vauga001,3,0,empty,empty,1,double,6,2,5
2025-08-19,CHN202508191,MIL,"Collins, Isaac",colli001,3,0,2B,2B,1,strikeout,6,2,5
2025-08-19,CHN202508191,MIL,"Turang, Brice",turab002,3,1,2B,2B,1,single,6,2,5
2025-08-19,CHN202508191,MIL,"Perkins, Blake",perkb002,1,1,1B,1B,1,strikeout,6,3,5
2025-08-19,CHN202508191,MIL,"Ortiz, Joey",ortij005,3,2,1B,1B,1,walk,6,3,5
2025-08-19,CHN202508191,MIL,"Frelick, Sal",frels001,4,2,1B+2B,1B+2B,1,single,6,3,5
2025-08-19,CHN202508191,MIL,"Durbin, Caleb",durbc002,4,2,2B+3B,2B+3B,1,strikeout,6,4,5
2025-08-19,CHN202508191,MIL,"Contreras, William",contw002,4,0,empty,empty,1,walk,7,4,6
2025-08-19,CHN202508191,MIL,"Yelich, Christian",yelic001,4,0,1B,1B,1,strikeout,7,4,6
2025-08-19,CHN202508191,MIL,"Vaughn, Andrew",vauga001,4,1,1B,1B,1,grounded_into_double_play,7,4,6
2025-08-19,CHN202508191,MIL,"Collins, Isaac",colli001,4,0,empty,empty,1,strikeout,8,4,6
2025-08-19,CHN202508191,MIL,"Turang, Brice",turab002,4,1,empty,empty,1,field_out,8,4,6
2025-08-19,CHN202508191,MIL,"Perkins, Blake",perkb002,2,2,empty,empty,1,strikeout,8,4,6
2025-08-19,CHN202508191,MIL,"Seigler, Anthony",seiga001,1,0,empty,empty,1,strikeout,9,4,6
2025-08-19,CHN202508191,MIL,"Frelick, Sal",frels001,5,1,empty,empty,1,walk,9,4,6
2025-08-19,CHN202508191,MIL,"Durbin, Caleb",durbc002,5,1,1B,1B,1,single,9,4,6
2025-08-19,CHN202508191,MIL,"Contreras, William",contw002,5,1,1B+2B,1B+2B,1,grounded_into_double_play,9,4,6
2025-08-19,CHN202508192,MIL,"Frelick, Sal",frels001,1,0,empty,empty,1,strikeout,1,0,0
2025-08-19,CHN202508192,MIL,"Durbin, Caleb",durbc002,1,1,empty,empty,1,field_out,1,0,0
2025-08-19,CHN202508192,MIL,"Contreras, William",contw002,1,2,empty,empty,1,single,1,0,0
2025-08-19,CHN202508192,MIL,"Yelich, Christian",yelic001,1,2,1B,1B,1,walk,1,0,0
2025-08-19,CHN202508192,MIL,"Vaughn, Andrew",vauga001,1,2,1B+2B,1B+2B,1,single,1,0,0
2025-08-19,CHN202508192,MIL,"Collins, Isaac",colli001,1,2,1B+2B,1B+2B,1,strikeout,1,1,0
2025-08-19,CHN202508192,MIL,"Turang, Brice",turab002,1,0,empty,empty,1,field_out,2,1,0
2025-08-19,CHN202508192,MIL,"Jansen, Danny",jansd001,1,1,empty,empty,1,double,2,1,0
2025-08-19,CHN202508192,MIL,"Ortiz, Joey",ortij005,1,1,2B,2B,1,strikeout,2,1,0
2025-08-19,CHN202508192,MIL,"Frelick, Sal",frels001,2,2,2B,2B,1,single,2,1,0
2025-08-19,CHN202508192,MIL,"Durbin, Caleb",durbc002,2,2,1B+3B,1B+3B,1,field_out,2,1,0
2025-08-19,CHN202508192,MIL,"Contreras, William",contw002,2,0,empty,empty,1,field_out,3,1,2
2025-08-19,CHN202508192,MIL,"Yelich, Christian",yelic001,2,1,empty,empty,1,field_out,3,1,2
2025-08-19,CHN202508192,MIL,"Vaughn, Andrew",vauga001,2,2,empty,empty,1,field_out,3,1,2
2025-08-19,CHN202508192,MIL,"Collins, Isaac",colli001,2,0,empty,empty,1,field_out,4,1,2
2025-08-19,CHN202508192,MIL,"Turang, Brice",turab002,2,1,empty,empty,1,field_out,4,1,2
2025-08-19,CHN202508192,MIL,"Jansen, Danny",jansd001,2,2,empty,empty,1,strikeout,4,1,2
2025-08-19,CHN202508192,MIL,"Ortiz, Joey",ortij005,2,0,empty,empty,1,field_out,5,1,2
2025-08-19,CHN202508192,MIL,"Frelick, Sal",frels001,3,1,empty,empty,1,field_out,5,1,2
2025-08-19,CHN202508192,MIL,"Durbin, Caleb",durbc002,3,2,empty,empty,1,field_out,5,1,2
2025-08-19,CHN202508192,MIL,"Contreras, William",contw002,3,0,empty,empty,1,field_out,6,1,3
2025-08-19,CHN202508192,MIL,"Yelich, Christian",yelic001,3,1,empty,empty,1,single,6,1,3
2025-08-19,CHN202508192,MIL,"Vaughn, Andrew",vauga001,3,1,1B,1B,1,field_out,6,1,3
2025-08-19,CHN202508192,MIL,"Collins, Isaac",colli001,3,2,1B,1B,1,field_out,6,1,3
2025-08-19,CHN202508192,MIL,"Turang, Brice",turab002,3,0,empty,empty,1,single,7,1,4
2025-08-19,CHN202508192,MIL,"Jansen, Danny",jansd001,3,0,1B,1B,1,strikeout,7,1,4
2025-08-19,CHN202508192,MIL,"Ortiz, Joey",ortij005,3,1,1B,1B,1,single,7,1,4
2025-08-19,CHN202508192,MIL,"Frelick, Sal",frels001,4,1,1B+3B,1B+3B,1,double_play,7,1,4
2025-08-19,CHN202508192,MIL,"Seigler, Anthony",seiga001,1,0,empty,empty,1,field_out,8,1,4
2025-08-19,CHN202508192,MIL,"Contreras, William",contw002,4,1,empty,empty,1,field_out,8,1,4
2025-08-19,CHN202508192,MIL,"Yelich, Christian",yelic001,4,2,empty,empty,1,field_out,8,1,4
2025-08-19,CHN202508192,MIL,"Vaughn, Andrew",vauga001,4,0,empty,empty,1,field_out,9,1,4
2025-08-19,CHN202508192,MIL,"Collins, Isaac",colli001,4,1,empty,empty,1,field_out,9,1,4
2025-08-19,CHN202508192,MIL,"Turang, Brice",turab002,4,2,empty,empty,1,field_out,9,1,4
2025-08-20,CHN202508200,MIL,"Frelick, Sal",frels001,1,0,empty,empty,1,strikeout,1,0,0
2025-08-20,CHN202508200,MIL,"Collins, Isaac",colli001,1,1,empty,empty,1,strikeout,1,0,0
2025-08-20,CHN202508200,MIL,"Contreras, William",contw002,1,2,empty,empty,1,field_out,1,0,0
2025-08-20,CHN202508200,MIL,"Yelich, Christian",yelic001,1,0,empty,empty,1,walk,2,0,0
2025-08-20,CHN202508200,MIL,"Vaughn, Andrew",vauga001,1,0,1B,1B,1,field_out,2,0,0
2025-08-20,CHN202508200,MIL,"Seigler, Anthony",seiga001,1,1,1B,1B,1,walk,2,0,0
2025-08-20,CHN202508200,MIL,"Turang, Brice",turab002,1,1,1B+2B,1B+2B,1,walk,2,0,0
2025-08-20,CHN202508200,MIL,"Perkins, Blake",perkb002,1,1,1B+2B+3B,1B+2B+3B,1,field_out,2,0,0
2025-08-20,CHN202508200,MIL,"Ortiz, Joey",ortij005,1,2,2B+3B,2B+3B,1,field_out,2,1,0
2025-08-20,CHN202508200,MIL,"Frelick, Sal",frels001,2,0,empty,empty,1,field_out,3,1,0
2025-08-20,CHN202508200,MIL,"Collins, Isaac",colli001,2,1,empty,empty,1,field_out,3,1,0
2025-08-20,CHN202508200,MIL,"Contreras, William",contw002,2,2,empty,empty,1,field_out,3,1,0
2025-08-20,CHN202508200,MIL,"Yelich, Christian",yelic001,2,0,empty,empty,1,field_out,4,1,3
2025-08-20,CHN202508200,MIL,"Vaughn, Andrew",vauga001,2,1,empty,empty,1,single,4,1,3
2025-08-20,CHN202508200,MIL,"Seigler, Anthony",seiga001,2,1,1B,1B,1,field_out,4,1,3
2025-08-20,CHN202508200,MIL,"Turang, Brice",turab002,2,2,1B,1B,1,double,4,1,3
2025-08-20,CHN202508200,MIL,"Perkins, Blake",perkb002,2,2,2B+3B,2B+3B,1,strikeout,4,1,3
2025-08-20,CHN202508200,MIL,"Ortiz, Joey",ortij005,2,0,empty,empty,1,field_out,5,1,3
2025-08-20,CHN202508200,MIL,"Frelick, Sal",frels001,3,1,empty,empty,1,single,5,1,3
2025-08-20,CHN202508200,MIL,"Collins, Isaac",colli001,3,1,1B,1B,1,walk,5,1,3
2025-08-20,CHN202508200,MIL,"Contreras, William",contw002,3,1,1B+2B,1B+2B,1,grounded_into_double_play,5,1,3
2025-08-20,CHN202508200,MIL,"Yelich, Christian",yelic001,3,0,empty,empty,1,walk,6,1,3
2025-08-20,CHN202508200,MIL,"Vaughn, Andrew",vauga001,3,0,1B,1B,1,field_out,6,1,3
2025-08-20,CHN202508200,MIL,"Seigler, Anthony",seiga001,3,1,1B,1B,1,sac_bunt,6,1,3
2025-08-20,CHN202508200,MIL,"Turang, Brice",turab002,3,2,2B,2B,1,single,6,1,3
2025-08-20,CHN202508200,MIL,"Perkins, Blake",perkb002,3,2,1B,1B,1,strikeout,6,2,3
2025-08-20,CHN202508200,MIL,"Ortiz, Joey",ortij005,3,0,empty,empty,1,field_out,7,2,3
2025-08-20,CHN202508200,MIL,"Frelick, Sal",frels001,4,1,empty,empty,1,strikeout,7,2,3
2025-08-20,CHN202508200,MIL,"Collins, Isaac",colli001,4,2,empty,empty,1,field_out,7,2,3
2025-08-20,CHN202508200,MIL,"Contreras, William",contw002,4,0,empty,empty,1,field_out,8,2,3
2025-08-20,CHN202508200,MIL,"Yelich, Christian",yelic001,4,1,empty,empty,1,field_out,8,2,3
2025-08-20,CHN202508200,MIL,"Vaughn, Andrew",vauga001,4,2,empty,empty,1,strikeout,8,2,3
2025-08-20,CHN202508200,MIL,"Seigler, Anthony",seiga001,4,0,empty,empty,1,strikeout,9,2,4
2025-08-20,CHN202508200,MIL,"Turang, Brice",turab002,4,1,empty,empty,1,single,9,2,4
2025-08-20,CHN202508200,MIL,"Durbin, Caleb",durbc002,1,1,1B,1B,1,strikeout,9,2,4
2025-08-20,CHN202508200,MIL,"Jansen, Danny",jansd001,1,2,1B,2B,0,single,9,2,4
2025-08-20,CHN202508200,MIL,"Frelick, Sal",frels001,5,2,1B,2B,0,walk,9,3,4
2025-08-20,CHN202508200,MIL,"Collins, Isaac",colli001,5,2,1B+2B,1B+2B,1,walk,9,3,4
2025-08-20,CHN202508200,MIL,"Contreras, William",contw002,5,2,1B+2B+3B,1B+2B+3B,1,field_out,9,3,4
2025-08-21,CHN202508210,MIL,"Frelick, Sal",frels001,1,0,empty,empty,1,single,1,0,0
2025-08-21,CHN202508210,MIL,"Collins, Isaac",colli001,1,0,1B,1B,1,grounded_into_double_play,1,0,0
2025-08-21,CHN202508210,MIL,"Contreras, William",contw002,1,2,empty,empty,1,field_out,1,0,0
2025-08-21,CHN202508210,MIL,"Yelich, Christian",yelic001,1,0,empty,empty,1,walk,2,0,0
2025-08-21,CHN202508210,MIL,"Vaughn, Andrew",vauga001,1,0,1B,1B,1,field_out,2,0,0
2025-08-21,CHN202508210,MIL,"Durbin, Caleb",durbc002,1,1,1B,1B,1,strikeout,2,0,0
2025-08-21,CHN202508210,MIL,"Turang, Brice",turab002,1,2,1B,1B,1,home_run,2,0,0
2025-08-21,CHN202508210,MIL,"Lockridge, Brandon",lockb001,1,2,empty,empty,1,field_out,2,2,0
2025-08-21,CHN202508210,MIL,"Ortiz, Joey",ortij005,1,0,empty,empty,1,single,3,2,0
2025-08-21,CHN202508210,MIL,"Frelick, Sal",frels001,2,0,1B,1B,1,field_out,3,2,0
2025-08-21,CHN202508210,MIL,"Collins, Isaac",colli001,2,1,1B,1B,1,field_out,3,2,0
2025-08-21,CHN202508210,MIL,"Contreras, William",contw002,2,2,1B,1B,1,strikeout,3,2,0
2025-08-21,CHN202508210,MIL,"Yelich, Christian",yelic001,2,0,empty,empty,1,strikeout,4,2,0
2025-08-21,CHN202508210,MIL,"Vaughn, Andrew",vauga001,2,1,empty,empty,1,field_out,4,2,0
2025-08-21,CHN202508210,MIL,"Durbin, Caleb",durbc002,2,2,empty,empty,1,field_out,4,2,0
2025-08-21,CHN202508210,MIL,"Turang, Brice",turab002,2,0,empty,empty,1,strikeout,5,2,0
2025-08-21,CHN202508210,MIL,"Lockridge, Brandon",lockb001,2,1,empty,empty,1,field_out,5,2,0
2025-08-21,CHN202508210,MIL,"Ortiz, Joey",ortij005,2,2,empty,empty,1,field_out,5,2,0
2025-08-21,CHN202508210,MIL,"Frelick, Sal",frels001,3,0,empty,empty,1,field_out,6,2,1
2025-08-21,CHN202508210,MIL,"Collins, Isaac",colli001,3,1,empty,empty,1,field_out,6,2,1
2025-08-21,CHN202508210,MIL,"Contreras, William",contw002,3,2,empty,empty,1,field_out,6,2,1
2025-08-21,CHN202508210,MIL,"Yelich, Christian",yelic001,3,0,empty,empty,1,strikeout,7,2,1
2025-08-21,CHN202508210,MIL,"Vaughn, Andrew",vauga001,3,1,empty,empty,1,walk,7,2,1
2025-08-21,CHN202508210,MIL,"Durbin, Caleb",durbc002,3,1,1B,1B,1,field_out,7,2,1
2025-08-21,CHN202508210,MIL,"Turang, Brice",turab002,3,2,1B,1B,1,field_out,7,2,1
2025-08-21,CHN202508210,MIL,"Perkins, Blake",perkb002,1,0,empty,empty,1,strikeout,8,2,1
2025-08-21,CHN202508210,MIL,"Monasterio, Andruw",monaa001,1,1,empty,empty,1,single,8,2,1
2025-08-21,CHN202508210,MIL,"Frelick, Sal",frels001,4,1,1B,1B,1,double,8,2,1
2025-08-21,CHN202508210,MIL,"Collins, Isaac",colli001,4,1,2B+3B,2B+3B,1,single,8,2,1
2025-08-21,CHN202508210,MIL,"Contreras, William",contw002,4,2,1B,empty,0,walk,8,4,1
2025-08-21,CHN202508210,MIL,"Yelich, Christian",yelic001,4,2,1B,1B,1,field_out,8,4,1
2025-08-21,CHN202508210,MIL,"Vaughn, Andrew",vauga001,4,0,empty,empty,1,field_out,9,4,1
2025-08-21,CHN202508210,MIL,"Durbin, Caleb",durbc002,4,1,empty,empty,1,field_out,9,4,1
2025-08-21,CHN202508210,MIL,"Turang, Brice",turab002,4,2,empty,empty,1,single,9,4,1
2025-08-21,CHN202508210,MIL,"Perkins, Blake",perkb002,2,2,1B,2B,0,strikeout,9,4,1
2025-08-22,MIL202508220,MIL,"Turang, Brice",turab002,1,0,empty,empty,1,field_out,1,0,1
2025-08-22,MIL202508220,MIL,"Contreras, William",contw002,1,1,empty,empty,1,strikeout,1,0,1
2025-08-22,MIL202508220,MIL,"Yelich, Christian",yelic001,1,2,empty,empty,1,field_out,1,0,1
2025-08-22,MIL202508220,MIL,"Vaughn, Andrew",vauga001,1,0,empty,empty,1,single,2,0,2
2025-08-22,MIL202508220,MIL,"Frelick, Sal",frels001,1,0,1B,1B,1,grounded_into_double_play,2,0,2
2025-08-22,MIL202508220,MIL,"Durbin, Caleb",durbc002,1,2,empty,empty,1,field_out,2,0,2
2025-08-22,MIL202508220,MIL,"Collins, Isaac",colli001,1,0,empty,empty,1,field_out,3,0,2
2025-08-22,MIL202508220,MIL,"Lockridge, Brandon",lockb001,1,1,empty,empty,1,field_out,3,0,2
2025-08-22,MIL202508220,MIL,"Monasterio, Andruw",monaa001,1,2,empty,empty,1,double,3,0,2
2025-08-22,MIL202508220,MIL,"Turang, Brice",turab002,2,2,2B,2B,1,hit_by_pitch,3,0,2
2025-08-22,MIL202508220,MIL,"Contreras, William",contw002,2,2,1B+2B,1B+2B,1,field_out,3,0,2
2025-08-22,MIL202508220,MIL,"Yelich, Christian",yelic001,2,0,empty,empty,1,single,4,0,2
2025-08-22,MIL202508220,MIL,"Vaughn, Andrew",vauga001,2,0,1B,2B,0,walk,4,0,2
2025-08-22,MIL202508220,MIL,"Frelick, Sal",frels001,2,0,1B+2B,1B+2B,1,double,4,0,2
2025-08-22,MIL202508220,MIL,"Durbin, Caleb",durbc002,2,0,2B+3B,2B+3B,1,field_out,4,1,2
2025-08-22,MIL202508220,MIL,"Collins, Isaac",colli001,2,2,2B+3B,empty,0,walk,4,2,2
2025-08-22,MIL202508220,MIL,"Lockridge, Brandon",lockb001,2,2,1B,1B,1,field_out,4,2,2
2025-08-22,MIL202508220,MIL,"Monasterio, Andruw",monaa001,2,0,empty,empty,1,strikeout,5,2,2
2025-08-22,MIL202508220,MIL,"Turang, Brice",turab002,3,1,empty,empty,1,walk,5,2,2
2025-08-22,MIL202508220,MIL,"Contreras, William",contw002,3,1,1B,1B,1,walk,5,2,2
2025-08-22,MIL202508220,MIL,"Yelich, Christian",yelic001,3,1,1B+2B,1B+2B,1,strikeout,5,2,2
2025-08-22,MIL202508220,MIL,"Vaughn, Andrew",vauga001,3,2,1B+2B,1B+2B,1,field_out,5,2,2
2025-08-22,MIL202508220,MIL,"Frelick, Sal",frels001,3,0,empty,empty,1,strikeout,6,2,2
2025-08-22,MIL202508220,MIL,"Durbin, Caleb",durbc002,3,1,empty,empty,1,field_out,6,2,2
2025-08-22,MIL202508220,MIL,"Collins, Isaac",colli001,3,2,empty,empty,1,strikeout,6,2,2
2025-08-22,MIL202508220,MIL,"Lockridge, Brandon",lockb001,3,0,empty,empty,1,field_out,7,2,2
2025-08-22,MIL202508220,MIL,"Monasterio, Andruw",monaa001,3,1,empty,empty,1,hit_by_pitch,7,2,2
2025-08-22,MIL202508220,MIL,"Turang, Brice",turab002,4,1,1B,1B,1,single,7,2,2
2025-08-22,MIL202508220,MIL,"Contreras, William",contw002,4,1,1B+2B,1B+2B,1,double,7,2,2
2025-08-22,MIL202508220,MIL,"Yelich, Christian",yelic001,4,1,2B+3B,2B+3B,1,intent_walk,7,3,2
2025-08-22,MIL202508220,MIL,"Vaughn, Andrew",vauga001,4,1,1B+2B+3B,1B+2B+3B,1,field_out,7,3,2
2025-08-22,MIL202508220,MIL,"Frelick, Sal",frels001,4,2,2B+3B,2B+3B,1,strikeout,7,4,2
2025-08-22,MIL202508220,MIL,"Durbin, Caleb",durbc002,4,0,empty,empty,1,strikeout,8,4,3
2025-08-22,MIL202508220,MIL,"Collins, Isaac",colli001,4,1,empty,empty,1,field_out,8,4,3
2025-08-22,MIL202508220,MIL,"Lockridge, Brandon",lockb001,4,2,empty,empty,1,strikeout,8,4,3
2025-08-22,MIL202508220,MIL,"Monasterio, Andruw",monaa001,4,0,empty,empty,1,field_out,9,4,4
2025-08-22,MIL202508220,MIL,"Turang, Brice",turab002,5,1,empty,empty,1,field_out,9,4,4
2025-08-22,MIL202508220,MIL,"Contreras, William",contw002,5,2,empty,empty,1,home_run,9,4,4
2025-08-23,MIL202508230,MIL,"Frelick, Sal",frels001,1,0,empty,empty,1,single,1,0,0
2025-08-23,MIL202508230,MIL,"Collins, Isaac",colli001,1,0,1B,1B,1,strikeout_double_play,1,0,0
2025-08-23,MIL202508230,MIL,"Contreras, William",contw002,1,2,empty,empty,1,strikeout,1,0,0
2025-08-23,MIL202508230,MIL,"Yelich, Christian",yelic001,1,0,empty,empty,1,strikeout,2,0,0
2025-08-23,MIL202508230,MIL,"Bauers, Jake",bauej001,1,1,empty,empty,1,hit_by_pitch,2,0,0
2025-08-23,MIL202508230,MIL,"Durbin, Caleb",durbc002,1,1,1B,1B,1,double,2,0,0
2025-08-23,MIL202508230,MIL,"Seigler, Anthony",seiga001,1,1,2B,2B,1,walk,2,1,0
2025-08-23,MIL202508230,MIL,"Perkins, Blake",perkb002,1,1,1B+2B,1B+2B,1,field_out,2,1,0
2025-08-23,MIL202508230,MIL,"Monasterio, Andruw",monaa001,1,2,2B+3B,2B+3B,1,field_out,2,1,0
2025-08-23,MIL202508230,MIL,"Frelick, Sal",frels001,2,0,empty,empty,1,field_out,3,1,0
2025-08-23,MIL202508230,MIL,"Collins, Isaac",colli001,2,1,empty,empty,1,double,3,1,0
2025-08-23,MIL202508230,MIL,"Contreras, William",contw002,2,1,2B,2B,1,field_out,3,1,0
2025-08-23,MIL202508230,MIL,"Yelich, Christian",yelic001,2,2,2B,2B,1,field_out,3,1,0
2025-08-23,MIL202508230,MIL,"Bauers, Jake",bauej001,2,0,empty,empty,1,strikeout,4,1,0
2025-08-23,MIL202508230,MIL,"Durbin, Caleb",durbc002,2,1,empty,empty,1,hit_by_pitch,4,1,0
2025-08-23,MIL202508230,MIL,"Seigler, Anthony",seiga001,2,1,1B,1B,1,single,4,1,0
2025-08-23,MIL202508230,MIL,"Perkins, Blake",perkb002,2,1,1B+2B,1B+2B,1,grounded_into_double_play,4,1,0
2025-08-23,MIL202508230,MIL,"Monasterio, Andruw",monaa001,2,0,empty,empty,1,field_out,5,1,0
2025-08-23,MIL202508230,MIL,"Frelick, Sal",frels001,3,1,empty,empty,1,field_out,5,1,0
2025-08-23,MIL202508230,MIL,"Collins, Isaac",colli001,3,2,empty,empty,1,field_out,5,1,0
2025-08-23,MIL202508230,MIL,"Contreras, William",contw002,3,0,empty,empty,1,field_out,6,1,3
2025-08-23,MIL202508230,MIL,"Yelich, Christian",yelic001,3,1,empty,empty,1,single,6,1,3
2025-08-23,MIL202508230,MIL,"Bauers, Jake",bauej001,3,1,1B,1B,1,walk,6,1,3
2025-08-23,MIL202508230,MIL,"Durbin, Caleb",durbc002,3,1,1B+2B,1B+2B,1,strikeout,6,1,3
2025-08-23,MIL202508230,MIL,"Seigler, Anthony",seiga001,3,2,1B+2B,1B+2B,1,field_out,6,1,3
2025-08-23,MIL202508230,MIL,"Perkins, Blake",perkb002,3,0,empty,empty,1,field_out,7,1,7
2025-08-23,MIL202508230,MIL,"Monasterio, Andruw",monaa001,3,1,empty,empty,1,single,7,1,7
2025-08-23,MIL202508230,MIL,"Frelick, Sal",frels001,4,1,1B,1B,1,field_out,7,1,7
2025-08-23,MIL202508230,MIL,"Collins, Isaac",colli001,4,2,1B,1B,1,field_out,7,1,7
2025-08-23,MIL202508230,MIL,"Contreras, William",contw002,4,0,empty,empty,1,field_out,8,1,7
2025-08-23,MIL202508230,MIL,"Yelich, Christian",yelic001,4,1,empty,empty,1,single,8,1,7
2025-08-23,MIL202508230,MIL,"Bauers, Jake",bauej001,4,1,1B,1B,1,strikeout,8,1,7
2025-08-23,MIL202508230,MIL,"Durbin, Caleb",durbc002,4,2,1B,1B,1,field_out,8,1,7
2025-08-23,MIL202508230,MIL,"Seigler, Anthony",seiga001,4,0,empty,empty,1,field_out,9,1,7
2025-08-23,MIL202508230,MIL,"Perkins, Blake",perkb002,4,1,empty,empty,1,strikeout,9,1,7
2025-08-23,MIL202508230,MIL,"Monasterio, Andruw",monaa001,4,2,empty,empty,1,field_out,9,1,7
2025-08-24,MIL202508240,MIL,"Frelick, Sal",frels001,1,0,empty,empty,1,walk,1,0,0
2025-08-24,MIL202508240,MIL,"Durbin, Caleb",durbc002,1,0,1B,1B,1,field_out,1,0,0
2025-08-24,MIL202508240,MIL,"Contreras, William",contw002,1,1,1B,1B,1,field_out,1,0,0
2025-08-24,MIL202508240,MIL,"Yelich, Christian",yelic001,1,0,1B,empty,0,double,2,0,2
2025-08-24,MIL202508240,MIL,"Vaughn, Andrew",vauga001,1,0,2B,2B,1,field_out,2,0,2
2025-08-24,MIL202508240,MIL,"Turang, Brice",turab002,1,1,3B,3B,1,field_out,2,0,2
2025-08-24,MIL202508240,MIL,"Jansen, Danny",jansd001,1,2,3B,3B,1,walk,2,0,2
2025-08-24,MIL202508240,MIL,"Lockridge, Brandon",lockb001,1,2,1B+3B,1B+3B,1,single,2,0,2
2025-08-24,MIL202508240,MIL,"Monasterio, Andruw",monaa001,1,2,1B+2B,1B+2B,1,field_out,2,1,2
2025-08-24,MIL202508240,MIL,"Frelick, Sal",frels001,2,0,empty,empty,1,field_out,3,1,2
2025-08-24,MIL202508240,MIL,"Durbin, Caleb",durbc002,2,1,empty,empty,1,double,3,1,2
2025-08-24,MIL202508240,MIL,"Contreras, William",contw002,2,1,2B,2B,1,walk,3,1,2
2025-08-24,MIL202508240,MIL,"Yelich, Christian",yelic001,2,1,1B+2B,1B+2B,1,single,3,1,2
2025-08-24,MIL202508240,MIL,"Vaughn, Andrew",vauga001,2,1,1B+2B,1B+2B,1,field_out,3,2,2
2025-08-24,MIL202508240,MIL,"Turang, Brice",turab002,2,2,1B+3B,1B+3B,1,field_out,3,2,2
2025-08-24,MIL202508240,MIL,"Jansen, Danny",jansd001,2,0,empty,empty,1,field_out,4,2,2
2025-08-24,MIL202508240,MIL,"Lockridge, Brandon",lockb001,2,1,empty,empty,1,double,4,2,2
2025-08-24,MIL202508240,MIL,"Monasterio, Andruw",monaa001,2,1,2B,2B,1,field_out,4,2,2
2025-08-24,MIL202508240,MIL,"Frelick, Sal",frels001,3,2,2B,2B,1,field_out,4,2,2
2025-08-24,MIL202508240,MIL,"Durbin, Caleb",durbc002,3,0,empty,empty,1,home_run,5,2,2
2025-08-24,MIL202508240,MIL,"Contreras, William",contw002,3,0,empty,empty,1,walk,5,3,2
2025-08-24,MIL202508240,MIL,"Yelich, Christian",yelic001,3,0,1B,1B,1,field_out,5,3,2
2025-08-24,MIL202508240,MIL,"Vaughn, Andrew",vauga001,3,1,1B,1B,1,grounded_into_double_play,5,3,2
2025-08-24,MIL202508240,MIL,"Turang, Brice",turab002,3,0,empty,empty,1,single,6,3,2
2025-08-24,MIL202508240,MIL,"Jansen, Danny",jansd001,3,0,1B,2B,0,field_out,6,3,2
2025-08-24,MIL202508240,MIL,"Lockridge, Brandon",lockb001,3,1,2B,2B,1,field_out,6,3,2
2025-08-24,MIL202508240,MIL,"Monasterio, Andruw",monaa001,3,2,2B,2B,1,single,6,3,2
2025-08-24,MIL202508240,MIL,"Frelick, Sal",frels001,4,2,1B+3B,1B+3B,1,field_out,6,3,2
2025-08-24,MIL202508240,MIL,"Durbin, Caleb",durbc002,4,0,empty,empty,1,field_out,7,3,2
2025-08-24,MIL202508240,MIL,"Contreras, William",contw002,4,1,empty,empty,1,field_out,7,3,2
2025-08-24,MIL202508240,MIL,"Yelich, Christian",yelic001,4,2,empty,empty,1,field_out,7,3,2
2025-08-24,MIL202508240,MIL,"Vaughn, Andrew",vauga001,4,0,empty,empty,1,field_out,8,3,2
2025-08-24,MIL202508240,MIL,"Turang, Brice",turab002,4,1,empty,empty,1,strikeout,8,3,2
2025-08-24,MIL202508240,MIL,"Jansen, Danny",jansd001,4,2,empty,empty,1,field_out,8,3,2
2025-08-24,MIL202508240,MIL,"Collins, Isaac",colli001,1,0,empty,empty,1,field_out,9,3,4
2025-08-24,MIL202508240,MIL,"Bauers, Jake",bauej001,1,1,empty,empty,1,strikeout,9,3,4
2025-08-24,MIL202508240,MIL,"Frelick, Sal",frels001,5,2,empty,empty,1,single,9,3,4
2025-08-24,MIL202508240,MIL,"Seigler, Anthony",seiga001,1,2,1B,1B,1,strikeout,9,3,4
2025-08-25,MIL202508250,MIL,"Turang, Brice",turab002,1,0,empty,empty,1,field_out,1,0,0
2025-08-25,MIL202508250,MIL,"Contreras, William",contw002,1,1,empty,empty,1,field_out,1,0,0
2025-08-25,MIL202508250,MIL,"Yelich, Christian",yelic001,1,2,empty,empty,1,strikeout,1,0,0
2025-08-25,MIL202508250,MIL,"Vaughn, Andrew",vauga001,1,0,empty,empty,1,field_out,2,0,0
2025-08-25,MIL202508250,MIL,"Frelick, Sal",frels001,1,1,empty,empty,1,field_out,2,0,0
2025-08-25,MIL202508250,MIL,"Durbin, Caleb",durbc002,1,2,empty,empty,1,field_out,2,0,0
2025-08-25,MIL202508250,MIL,"Collins, Isaac",colli001,1,0,empty,empty,1,double,3,0,0
2025-08-25,MIL202508250,MIL,"Perkins, Blake",perkb002,1,0,2B,2B,1,single,3,0,0
2025-08-25,MIL202508250,MIL,"Monasterio, Andruw",monaa001,1,0,1B+3B,1B+3B,1,single,3,0,0
2025-08-25,MIL202508250,MIL,"Turang, Brice",turab002,2,0,1B+3B,1B+3B,1,single,3,1,0
2025-08-25,MIL202508250,MIL,"Contreras, William",contw002,2,0,1B+2B,1B+2B,1,single,3,2,0
2025-08-25,MIL202508250,MIL,"Yelich, Christian",yelic001,2,0,1B+2B+3B,1B+2B+3B,1,single,3,2,0
2025-08-25,MIL202508250,MIL,"Vaughn, Andrew",vauga001,2,0,1B+2B,1B+2B,1,walk,3,4,0
2025-08-25,MIL202508250,MIL,"Frelick, Sal",frels001,2,0,1B+2B+3B,1B+2B+3B,1,field_out,3,4,0
2025-08-25,MIL202508250,MIL,"Durbin, Caleb",durbc002,2,1,2B+3B,2B+3B,1,field_out,3,5,0
2025-08-25,MIL202508250,MIL,"Collins, Isaac",colli001,2,2,2B+3B,2B+3B,1,field_out,3,5,0
2025-08-25,MIL202508250,MIL,"Perkins, Blake",perkb002,2,0,empty,empty,1,field_out,4,5,0
2025-08-25,MIL202508250,MIL,"Monasterio, Andruw",monaa001,2,1,empty,empty,1,home_run,4,5,0
2025-08-25,MIL202508250,MIL,"Turang, Brice",turab002,3,1,empty,empty,1,field_out,4,6,0
2025-08-25,MIL202508250,MIL,"Contreras, William",contw002,3,2,empty,empty,1,single,4,6,0
2025-08-25,MIL202508250,MIL,"Yelich, Christian",yelic001,3,2,1B,1B,1,strikeout,4,6,0
2025-08-25,MIL202508250,MIL,"Vaughn, Andrew",vauga001,3,0,empty,empty,1,strikeout,5,6,0
2025-08-25,MIL202508250,MIL,"Frelick, Sal",frels001,3,1,empty,empty,1,field_out,5,6,0
2025-08-25,MIL202508250,MIL,"Durbin, Caleb",durbc002,3,2,empty,empty,1,field_out,5,6,0
2025-08-25,MIL202508250,MIL,"Collins, Isaac",colli001,3,0,empty,empty,1,field_out,6,6,5
2025-08-25,MIL202508250,MIL,"Perkins, Blake",perkb002,3,1,empty,empty,1,walk,6,6,5
2025-08-25,MIL202508250,MIL,"Monasterio, Andruw",monaa001,3,1,1B,1B,1,strikeout,6,6,5
2025-08-25,MIL202508250,MIL,"Turang, Brice",turab002,4,2,1B,1B,1,field_out,6,6,5
2025-08-25,MIL202508250,MIL,"Contreras, William",contw002,4,0,empty,empty,1,strikeout,7,6,5
2025-08-25,MIL202508250,MIL,"Yelich, Christian",yelic001,4,1,empty,empty,1,single,7,6,5
2025-08-25,MIL202508250,MIL,"Vaughn, Andrew",vauga001,4,1,1B,1B,1,field_out,7,6,5
2025-08-25,MIL202508250,MIL,"Frelick, Sal",frels001,4,2,1B,1B,1,field_out,7,6,5
2025-08-25,MIL202508250,MIL,"Durbin, Caleb",durbc002,4,0,empty,empty,1,home_run,8,6,5
2025-08-25,MIL202508250,MIL,"Collins, Isaac",colli001,4,0,empty,empty,1,strikeout,8,7,5
2025-08-25,MIL202508250,MIL,"Perkins, Blake",perkb002,4,1,empty,empty,1,strikeout,8,7,5
2025-08-25,MIL202508250,MIL,"Monasterio, Andruw",monaa001,4,2,empty,empty,1,field_out,8,7,5
2025-08-26,MIL202508260,MIL,"Turang, Brice",turab002,1,0,empty,empty,1,strikeout,1,0,0
2025-08-26,MIL202508260,MIL,"Contreras, William",contw002,1,1,empty,empty,1,double,1,0,0
2025-08-26,MIL202508260,MIL,"Yelich, Christian",yelic001,1,1,2B,2B,1,single,1,0,0
2025-08-26,MIL202508260,MIL,"Vaughn, Andrew",vauga001,1,1,1B+3B,1B+3B,1,sac_fly,1,0,0
2025-08-26,MIL202508260,MIL,"Frelick, Sal",frels001,1,2,1B,1B,1,single,1,1,0
2025-08-26,MIL202508260,MIL,"Collins, Isaac",colli001,1,2,1B+3B,1B+3B,1,strikeout,1,1,0
2025-08-26,MIL202508260,MIL,"Seigler, Anthony",seiga001,1,0,empty,empty,1,strikeout,2,1,0
2025-08-26,MIL202508260,MIL,"Perkins, Blake",perkb002,1,1,empty,empty,1,field_out,2,1,0
2025-08-26,MIL202508260,MIL,"Monasterio, Andruw",monaa001,1,2,empty,empty,1,field_out,2,1,0
2025-08-26,MIL202508260,MIL,"Turang, Brice",turab002,2,0,empty,empty,1,walk,3,1,0
2025-08-26,MIL202508260,MIL,"Contreras, William",contw002,2,0,1B,1B,1,home_run,3,1,0
2025-08-26,MIL202508260,MIL,"Yelich, Christian",yelic001,2,0,empty,empty,1,single,3,3,0
2025-08-26,MIL202508260,MIL,"Vaughn, Andrew",vauga001,2,0,1B,1B,1,strikeout,3,3,0
2025-08-26,MIL202508260,MIL,"Frelick, Sal",frels001,2,1,1B,1B,1,single,3,3,0
2025-08-26,MIL202508260,MIL,"Collins, Isaac",colli001,2,1,1B+2B,1B+2B,1,field_out,3,3,0
2025-08-26,MIL202508260,MIL,"Seigler, Anthony",seiga001,2,2,1B+3B,2B+3B,0,double,3,3,0
2025-08-26,MIL202508260,MIL,"Perkins, Blake",perkb002,2,2,2B,2B,1,single,3,5,0
2025-08-26,MIL202508260,MIL,"Monasterio, Andruw",monaa001,2,2,1B,1B,1,strikeout,3,6,0
2025-08-26,MIL202508260,MIL,"Turang, Brice",turab002,3,0,empty,empty,1,strikeout,4,6,3
2025-08-26,MIL202508260,MIL,"Contreras, William",contw002,3,1,empty,empty,1,field_out,4,6,3
2025-08-26,MIL202508260,MIL,"Yelich, Christian",yelic001,3,2,empty,empty,1,field_out,4,6,3
2025-08-26,MIL202508260,MIL,"Vaughn, Andrew",vauga001,3,0,empty,empty,1,field_out,5,6,3
2025-08-26,MIL202508260,MIL,"Frelick, Sal",frels001,3,1,empty,empty,1,field_out,5,6,3
2025-08-26,MIL202508260,MIL,"Collins, Isaac",colli001,3,2,empty,empty,1,walk,5,6,3
2025-08-26,MIL202508260,MIL,"Seigler, Anthony",seiga001,3,2,1B,1B,1,field_out,5,6,3
2025-08-26,MIL202508260,MIL,"Perkins, Blake",perkb002,3,0,empty,empty,1,field_out,6,6,3
2025-08-26,MIL202508260,MIL,"Monasterio, Andruw",monaa001,3,1,empty,empty,1,double,6,6,3
2025-08-26,MIL202508260,MIL,"Turang, Brice",turab002,4,1,2B,2B,1,home_run,6,6,3
2025-08-26,MIL202508260,MIL,"Contreras, William",contw002,4,1,empty,empty,1,field_out,6,8,3
2025-08-26,MIL202508260,MIL,"Yelich, Christian",yelic001,4,2,empty,empty,1,field_out,6,8,3
2025-08-26,MIL202508260,MIL,"Vaughn, Andrew",vauga001,4,0,empty,empty,1,single,7,8,6
2025-08-26,MIL202508260,MIL,"Frelick, Sal",frels001,4,0,1B,1B,1,field_out,7,8,6
2025-08-26,MIL202508260,MIL,"Collins, Isaac",colli001,4,1,1B,1B,1,field_out,7,8,6
2025-08-26,MIL202508260,MIL,"Seigler, Anthony",seiga001,4,2,1B,1B,1,strikeout,7,8,6
2025-08-26,MIL202508260,MIL,"Perkins, Blake",perkb002,4,0,empty,empty,1,field_out,8,8,8
2025-08-26,MIL202508260,MIL,"Monasterio, Andruw",monaa001,4,1,empty,empty,1,strikeout,8,8,8
2025-08-26,MIL202508260,MIL,"Turang, Brice",turab002,5,2,empty,empty,1,field_out,8,8,8
2025-08-26,MIL202508260,MIL,"Contreras, William",contw002,5,0,empty,empty,1,single,9,8,8
2025-08-26,MIL202508260,MIL,"Yelich, Christian",yelic001,5,0,1B,1B,1,walk,9,8,8
2025-08-26,MIL202508260,MIL,"Vaughn, Andrew",vauga001,5,0,1B+2B,1B+2B,1,walk,9,8,8
2025-08-26,MIL202508260,MIL,"Frelick, Sal",frels001,5,0,1B+2B+3B,1B+2B+3B,1,field_out,9,8,8
2025-08-26,MIL202508260,MIL,"Collins, Isaac",colli001,5,1,1B+2B+3B,1B+2B+3B,1,sac_fly,9,8,8
2025-08-27,MIL202508270,MIL,"Turang, Brice",turab002,1,0,empty,empty,1,strikeout,1,0,0
2025-08-27,MIL202508270,MIL,"Durbin, Caleb",durbc002,1,1,empty,empty,1,single,1,0,0
2025-08-27,MIL202508270,MIL,"Contreras, William",contw002,1,1,1B,1B,1,field_out,1,0,0
2025-08-27,MIL202508270,MIL,"Yelich, Christian",yelic001,1,2,1B,1B,1,field_out,1,0,0
2025-08-27,MIL202508270,MIL,"Vaughn, Andrew",vauga001,1,0,empty,empty,1,single,2,0,0
2025-08-27,MIL202508270,MIL,"Perkins, Blake",perkb002,1,0,1B,1B,1,single,2,0,0
2025-08-27,MIL202508270,MIL,"Bauers, Jake",bauej001,1,0,1B+3B,1B+3B,1,field_out,2,0,0
2025-08-27,MIL202508270,MIL,"Lockridge, Brandon",lockb001,1,1,2B,2B,1,strikeout,2,1,0
2025-08-27,MIL202508270,MIL,"Monasterio, Andruw",monaa001,1,2,2B,2B,1,strikeout,2,1,0
2025-08-27,MIL202508270,MIL,"Turang, Brice",turab002,2,0,empty,empty,1,field_out,3,1,0
2025-08-27,MIL202508270,MIL,"Durbin, Caleb",durbc002,2,1,empty,empty,1,single,3,1,0
2025-08-27,MIL202508270,MIL,"Contreras, William",contw002,2,1,1B,1B,1,grounded_into_double_play,3,1,0
2025-08-27,MIL202508270,MIL,"Yelich, Christian",yelic001,2,0,empty,empty,1,field_out,4,1,0
2025-08-27,MIL202508270,MIL,"Vaughn, Andrew",vauga001,2,1,empty,empty,1,field_out,4,1,0
2025-08-27,MIL202508270,MIL,"Perkins, Blake",perkb002,2,2,empty,empty,1,field_out,4,1,0
2025-08-27,MIL202508270,MIL,"Bauers, Jake",bauej001,2,0,empty,empty,1,field_out,5,1,0
2025-08-27,MIL202508270,MIL,"Lockridge, Brandon",lockb001,2,1,empty,empty,1,field_out,5,1,0
2025-08-27,MIL202508270,MIL,"Monasterio, Andruw",monaa001,2,2,empty,empty,1,double,5,1,0
2025-08-27,MIL202508270,MIL,"Turang, Brice",turab002,3,2,2B,2B,1,field_out,5,1,0
2025-08-27,MIL202508270,MIL,"Durbin, Caleb",durbc002,3,0,empty,empty,1,double,6,1,2
2025-08-27,MIL202508270,MIL,"Contreras, William",contw002,3,0,2B,2B,1,field_out,6,1,2
2025-08-27,MIL202508270,MIL,"Yelich, Christian",yelic001,3,1,2B,2B,1,field_out,6,1,2
2025-08-27,MIL202508270,MIL,"Vaughn, Andrew",vauga001,3,2,3B,3B,1,field_out,6,1,2
2025-08-27,MIL202508270,MIL,"Perkins, Blake",perkb002,3,0,empty,empty,1,walk,7,1,2
2025-08-27,MIL202508270,MIL,"Jansen, Danny",jansd001,1,0,1B,1B,1,strikeout,7,1,2
2025-08-27,MIL202508270,MIL,"Lockridge, Brandon",lockb001,3,1,1B,1B,1,sac_bunt,7,1,2
2025-08-27,MIL202508270,MIL,"Monasterio, Andruw",monaa001,3,2,2B,2B,1,walk,7,1,2
2025-08-27,MIL202508270,MIL,"Turang, Brice",turab002,4,2,1B+2B,1B+2B,1,single,7,1,2
2025-08-27,MIL202508270,MIL,"Durbin, Caleb",durbc002,4,2,1B+2B+3B,1B+2B+3B,1,field_out,7,1,2
2025-08-27,MIL202508270,MIL,"Contreras, William",contw002,4,0,empty,empty,1,home_run,8,1,3
2025-08-27,MIL202508270,MIL,"Yelich, Christian",yelic001,4,0,empty,empty,1,double,8,2,3
2025-08-27,MIL202508270,MIL,"Vaughn, Andrew",vauga001,4,0,2B,2B,1,field_out,8,2,3
2025-08-27,MIL202508270,MIL,"Perkins, Blake",perkb002,4,1,2B,2B,1,field_out,8,2,3
2025-08-27,MIL202508270,MIL,"Jansen, Danny",jansd001,2,2,3B,3B,1,strikeout,8,2,3
2025-08-27,MIL202508270,MIL,"Lockridge, Brandon",lockb001,4,0,empty,empty,1,field_out,9,2,3
2025-08-27,MIL202508270,MIL,"Monasterio, Andruw",monaa001,4,1,empty,empty,1,single,9,2,3
2025-08-27,MIL202508270,MIL,"Turang, Brice",turab002,5,2,empty,empty,1,strikeout,9,2,3
2025-08-28,MIL202508280,MIL,"Frelick, Sal",frels001,1,0,empty,empty,1,home_run,1,0,0
2025-08-28,MIL202508280,MIL,"Durbin, Caleb",durbc002,1,0,empty,empty,1,field_out,1,1,0
2025-08-28,MIL202508280,MIL,"Contreras, William",contw002,1,1,empty,empty,1,strikeout,1,1,0
2025-08-28,MIL202508280,MIL,"Turang, Brice",turab002,1,2,empty,empty,1,triple,1,1,0
2025-08-28,MIL202508280,MIL,"Vaughn, Andrew",vauga001,1,2,3B,3B,1,field_out,1,1,0
2025-08-28,MIL202508280,MIL,"Collins, Isaac",colli001,1,0,empty,empty,1,walk,2,1,3
2025-08-28,MIL202508280,MIL,"Jansen, Danny",jansd001,1,0,1B,1B,1,single,2,1,3
2025-08-28,MIL202508280,MIL,"Perkins, Blake",perkb002,1,0,1B+2B,1B+2B,1,field_out,2,1,3
2025-08-28,MIL202508280,MIL,"Monasterio, Andruw",monaa001,1,1,1B+3B,1B+3B,1,field_out,2,1,3
2025-08-28,MIL202508280,MIL,"Frelick, Sal",frels001,2,2,1B,1B,1,field_out,2,2,3
2025-08-28,MIL202508280,MIL,"Durbin, Caleb",durbc002,2,0,empty,empty,1,strikeout,3,2,6
2025-08-28,MIL202508280,MIL,"Contreras, William",contw002,2,1,empty,empty,1,field_error,3,2,6
2025-08-28,MIL202508280,MIL,"Turang, Brice",turab002,2,1,1B,1B,1,single,3,2,6
2025-08-28,MIL202508280,MIL,"Vaughn, Andrew",vauga001,2,1,1B+3B,1B+3B,1,field_out,3,2,6
2025-08-28,MIL202508280,MIL,"Collins, Isaac",colli001,2,2,1B+3B,2B+3B,0,single,3,2,6
2025-08-28,MIL202508280,MIL,"Jansen, Danny",jansd001,2,2,1B,1B,1,field_out,3,4,6
2025-08-28,MIL202508280,MIL,"Perkins, Blake",perkb002,2,0,empty,empty,1,field_out,4,4,6
2025-08-28,MIL202508280,MIL,"Monasterio, Andruw",monaa001,2,1,empty,empty,1,field_out,4,4,6
2025-08-28,MIL202508280,MIL,"Frelick, Sal",frels001,3,2,empty,empty,1,single,4,4,6
2025-08-28,MIL202508280,MIL,"Durbin, Caleb",durbc002,3,2,1B,1B,1,field_out,4,4,6
2025-08-28,MIL202508280,MIL,"Contreras, William",contw002,3,0,empty,empty,1,single,5,4,6
2025-08-28,MIL202508280,MIL,"Turang, Brice",turab002,3,0,1B,1B,1,field_out,5,4,6
2025-08-28,MIL202508280,MIL,"Vaughn, Andrew",vauga001,3,1,2B,2B,1,field_out,5,4,6
2025-08-28,MIL202508280,MIL,"Collins, Isaac",colli001,3,2,3B,3B,1,field_out,5,4,6
2025-08-28,MIL202508280,MIL,"Jansen, Danny",jansd001,3,0,empty,empty,1,field_out,6,4,6
2025-08-28,MIL202508280,MIL,"Perkins, Blake",perkb002,3,1,empty,empty,1,field_out,6,4,6
2025-08-28,MIL202508280,MIL,"Monasterio, Andruw",monaa001,3,2,empty,empty,1,double,6,4,6
2025-08-28,MIL202508280,MIL,"Frelick, Sal",frels001,4,2,2B,2B,1,field_out,6,4,6
2025-08-28,MIL202508280,MIL,"Durbin, Caleb",durbc002,4,0,empty,empty,1,single,7,4,6
2025-08-28,MIL202508280,MIL,"Contreras, William",contw002,4,0,1B,1B,1,field_out,7,4,6
2025-08-28,MIL202508280,MIL,"Turang, Brice",turab002,4,1,1B,1B,1,walk,7,4,6
2025-08-28,MIL202508280,MIL,"Vaughn, Andrew",vauga001,4,1,1B+2B,1B+2B,1,strikeout,7,4,6
2025-08-28,MIL202508280,MIL,"Collins, Isaac",colli001,4,2,1B+2B,1B+2B,1,strikeout,7,4,6
2025-08-28,MIL202508280,MIL,"Jansen, Danny",jansd001,4,0,empty,empty,1,field_out,8,4,6
2025-08-28,MIL202508280,MIL,"Perkins, Blake",perkb002,4,1,empty,empty,1,field_out,8,4,6
2025-08-28,MIL202508280,MIL,"Seigler, Anthony",seiga001,1,2,empty,empty,1,strikeout,8,4,6
2025-08-28,MIL202508280,MIL,"Frelick, Sal",frels001,5,0,empty,empty,1,field_out,9,4,6
2025-08-28,MIL202508280,MIL,"Durbin, Caleb",durbc002,5,1,empty,empty,1,double,9,4,6
2025-08-28,MIL202508280,MIL,"Contreras, William",contw002,5,1,2B,2B,1,walk,9,4,6
2025-08-28,MIL202508280,MIL,"Turang, Brice",turab002,5,1,1B+2B,1B+2B,1,field_out,9,4,6
2025-08-28,MIL202508280,MIL,"Yelich, Christian",yelic001,1,2,1B+2B,1B+2B,1,field_out,9,4,6
2025-08-29,TOR202508290,MIL,"Turang, Brice",turab002,1,0,empty,empty,1,strikeout,1,0,0
2025-08-29,TOR202508290,MIL,"Contreras, William",contw002,1,1,empty,empty,1,strikeout,1,0,0
2025-08-29,TOR202508290,MIL,"Yelich, Christian",yelic001,1,2,empty,empty,1,strikeout,1,0,0
2025-08-29,TOR202508290,MIL,"Vaughn, Andrew",vauga001,1,0,empty,empty,1,single,2,0,0
2025-08-29,TOR202508290,MIL,"Frelick, Sal",frels001,1,0,1B,1B,1,grounded_into_double_play,2,0,0
2025-08-29,TOR202508290,MIL,"Durbin, Caleb",durbc002,1,2,empty,empty,1,single,2,0,0
2025-08-29,TOR202508290,MIL,"Collins, Isaac",colli001,1,2,1B,1B,1,field_out,2,0,0
2025-08-29,TOR202508290,MIL,"Perkins, Blake",perkb002,1,0,empty,empty,1,field_out,3,0,0
2025-08-29,TOR202508290,MIL,"Monasterio, Andruw",monaa001,1,1,empty,empty,1,field_out,3,0,0
2025-08-29,TOR202508290,MIL,"Turang, Brice",turab002,2,2,empty,empty,1,strikeout,3,0,0
2025-08-29,TOR202508290,MIL,"Contreras, William",contw002,2,0,empty,empty,1,field_out,4,0,0
2025-08-29,TOR202508290,MIL,"Yelich, Christian",yelic001,2,1,empty,empty,1,strikeout,4,0,0
2025-08-29,TOR202508290,MIL,"Vaughn, Andrew",vauga001,2,2,empty,empty,1,field_out,4,0,0
2025-08-29,TOR202508290,MIL,"Frelick, Sal",frels001,2,0,empty,empty,1,strikeout,5,0,0
2025-08-29,TOR202508290,MIL,"Durbin, Caleb",durbc002,2,1,empty,empty,1,field_out,5,0,0
2025-08-29,TOR202508290,MIL,"Collins, Isaac",colli001,2,2,empty,empty,1,single,5,0,0
2025-08-29,TOR202508290,MIL,"Perkins, Blake",perkb002,2,2,1B,1B,1,field_out,5,0,0
2025-08-29,TOR202508290,MIL,"Monasterio, Andruw",monaa001,2,0,empty,empty,1,home_run,6,0,0
2025-08-29,TOR202508290,MIL,"Turang, Brice",turab002,3,0,empty,empty,1,single,6,1,0
2025-08-29,TOR202508290,MIL,"Contreras, William",contw002,3,0,1B,1B,1,field_out,6,1,0
2025-08-29,TOR202508290,MIL,"Yelich, Christian",yelic001,3,1,1B,1B,1,walk,6,1,0
2025-08-29,TOR202508290,MIL,"Vaughn, Andrew",vauga001,3,1,1B+2B,1B+2B,1,single,6,1,0
2025-08-29,TOR202508290,MIL,"Frelick, Sal",frels001,3,1,1B+2B,1B+2B,1,strikeout,6,2,0
2025-08-29,TOR202508290,MIL,"Durbin, Caleb",durbc002,3,2,1B+2B,1B+2B,1,single,6,2,0
2025-08-29,TOR202508290,MIL,"Collins, Isaac",colli001,3,2,1B+2B,1B+2B,1,double,6,3,0
2025-08-29,TOR202508290,MIL,"Perkins, Blake",perkb002,3,2,2B,2B,1,field_out,6,5,0
2025-08-29,TOR202508290,MIL,"Monasterio, Andruw",monaa001,3,0,empty,empty,1,strikeout,7,5,0
2025-08-29,TOR202508290,MIL,"Turang, Brice",turab002,4,1,empty,empty,1,single,7,5,0
2025-08-29,TOR202508290,MIL,"Contreras, William",contw002,4,1,1B,1B,1,double,7,5,0
2025-08-29,TOR202508290,MIL,"Yelich, Christian",yelic001,4,1,2B+3B,2B+3B,1,field_out,7,5,0
2025-08-29,TOR202508290,MIL,"Vaughn, Andrew",vauga001,4,2,2B,2B,1,single,7,6,0
2025-08-29,TOR202508290,MIL,"Frelick, Sal",frels001,4,2,1B,1B,1,strikeout,7,7,0
2025-08-29,TOR202508290,MIL,"Durbin, Caleb",durbc002,4,0,empty,empty,1,strikeout,8,7,2
2025-08-29,TOR202508290,MIL,"Collins, Isaac",colli001,4,1,empty,empty,1,walk,8,7,2
2025-08-29,TOR202508290,MIL,"Perkins, Blake",perkb002,4,1,1B,1B,1,strikeout,8,7,2
2025-08-29,TOR202508290,MIL,"Monasterio, Andruw",monaa001,4,2,1B,3B,0,field_out,8,7,2
2025-08-29,TOR202508290,MIL,"Turang, Brice",turab002,5,0,empty,empty,1,walk,9,7,2
2025-08-29,TOR202508290,MIL,"Contreras, William",contw002,5,0,1B,1B,1,strikeout,9,7,2
2025-08-29,TOR202508290,MIL,"Yelich, Christian",yelic001,5,1,1B,1B,1,walk,9,7,2
2025-08-29,TOR202508290,MIL,"Vaughn, Andrew",vauga001,5,1,1B+2B,1B+2B,1,field_out,9,7,2
2025-08-29,TOR202508290,MIL,"Frelick, Sal",frels001,5,2,1B+2B,1B+2B,1,field_out,9,7,2
2025-08-30,TOR202508300,MIL,"Turang, Brice",turab002,1,0,empty,empty,1,strikeout,1,0,0
2025-08-30,TOR202508300,MIL,"Chourio, Jackson",chouj001,1,1,empty,empty,1,field_out,1,0,0
2025-08-30,TOR202508300,MIL,"Yelich, Christian",yelic001,1,2,empty,empty,1,field_out,1,0,0
2025-08-30,TOR202508300,MIL,"Contreras, William",contw002,1,0,empty,empty,1,strikeout,2,0,0
2025-08-30,TOR202508300,MIL,"Frelick, Sal",frels001,1,1,empty,empty,1,single,2,0,0
2025-08-30,TOR202508300,MIL,"Vaughn, Andrew",vauga001,1,1,1B,1B,1,field_out,2,0,0
2025-08-30,TOR202508300,MIL,"Collins, Isaac",colli001,1,2,1B,1B,1,field_out,2,0,0
2025-08-30,TOR202508300,MIL,"Durbin, Caleb",durbc002,1,0,empty,empty,1,single,3,0,0
2025-08-30,TOR202508300,MIL,"Monasterio, Andruw",monaa001,1,0,1B,1B,1,strikeout,3,0,0
2025-08-30,TOR202508300,MIL,"Turang, Brice",turab002,2,1,1B,1B,1,strikeout,3,0,0
2025-08-30,TOR202508300,MIL,"Chourio, Jackson",chouj001,2,0,1B,empty,0,single,4,0,0
2025-08-30,TOR202508300,MIL,"Yelich, Christian",yelic001,2,0,1B,2B,0,strikeout,4,0,0
2025-08-30,TOR202508300,MIL,"Contreras, William",contw002,2,1,2B,2B,1,strikeout,4,0,0
2025-08-30,TOR202508300,MIL,"Frelick, Sal",frels001,2,2,2B,2B,1,field_out,4,0,0
2025-08-30,TOR202508300,MIL,"Vaughn, Andrew",vauga001,2,0,empty,empty,1,field_out,5,0,0
2025-08-30,TOR202508300,MIL,"Collins, Isaac",colli001,2,1,empty,empty,1,field_out,5,0,0
2025-08-30,TOR202508300,MIL,"Durbin, Caleb",durbc002,2,2,empty,empty,1,field_out,5,0,0
2025-08-30,TOR202508300,MIL,"Monasterio, Andruw",monaa001,2,0,empty,empty,1,field_out,6,0,0
2025-08-30,TOR202508300,MIL,"Turang, Brice",turab002,3,1,empty,empty,1,strikeout,6,0,0
2025-08-30,TOR202508300,MIL,"Chourio, Jackson",chouj001,3,2,empty,empty,1,field_out,6,0,0
2025-08-30,TOR202508300,MIL,"Yelich, Christian",yelic001,3,0,empty,empty,1,double,7,0,1
2025-08-30,TOR202508300,MIL,"Contreras, William",contw002,3,0,2B,2B,1,field_out,7,0,1
2025-08-30,TOR202508300,MIL,"Frelick, Sal",frels001,3,1,3B,3B,1,field_out,7,0,1
2025-08-30,TOR202508300,MIL,"Vaughn, Andrew",vauga001,3,2,empty,empty,1,strikeout,7,1,1
2025-08-30,TOR202508300,MIL,"Collins, Isaac",colli001,3,0,empty,empty,1,single,8,1,1
2025-08-30,TOR202508300,MIL,"Durbin, Caleb",durbc002,3,0,1B,1B,1,grounded_into_double_play,8,1,1
2025-08-30,TOR202508300,MIL,"Monasterio, Andruw",monaa001,3,2,empty,empty,1,single,8,1,1
2025-08-30,TOR202508300,MIL,"Turang, Brice",turab002,4,2,1B,1B,1,field_out,8,1,1
2025-08-30,TOR202508300,MIL,"Chourio, Jackson",chouj001,4,0,empty,empty,1,home_run,9,1,1
2025-08-30,TOR202508300,MIL,"Yelich, Christian",yelic001,4,0,empty,empty,1,home_run,9,2,1
2025-08-30,TOR202508300,MIL,"Contreras, William",contw002,4,0,empty,empty,1,field_out,9,3,1
2025-08-30,TOR202508300,MIL,"Frelick, Sal",frels001,4,1,empty,empty,1,walk,9,3,1
2025-08-30,TOR202508300,MIL,"Vaughn, Andrew",vauga001,4,1,1B,1B,1,field_out,9,3,1
2025-08-30,TOR202508300,MIL,"Collins, Isaac",colli001,4,2,2B,2B,1,double,9,3,1
2025-08-30,TOR202508300,MIL,"Durbin, Caleb",durbc002,4,2,2B,2B,1,strikeout,9,4,1
2025-08-31,TOR202508310,MIL,"Turang, Brice",turab002,1,0,empty,empty,1,field_out,1,0,0
2025-08-31,TOR202508310,MIL,"Chourio, Jackson",chouj001,1,1,empty,empty,1,single,1,0,0
2025-08-31,TOR202508310,MIL,"Yelich, Christian",yelic001,1,1,1B,1B,1,field_out,1,0,0
2025-08-31,TOR202508310,MIL,"Contreras, William",contw002,1,2,2B,2B,1,home_run,1,0,0
2025-08-31,TOR202508310,MIL,"Frelick, Sal",frels001,1,2,empty,empty,1,single,1,2,0
2025-08-31,TOR202508310,MIL,"Vaughn, Andrew",vauga001,1,2,1B,1B,1,strikeout,1,2,0
2025-08-31,TOR202508310,MIL,"Collins, Isaac",colli001,1,0,empty,empty,1,field_out,2,2,3
2025-08-31,TOR202508310,MIL,"Durbin, Caleb",durbc002,1,1,empty,empty,1,field_out,2,2,3
2025-08-31,TOR202508310,MIL,"Monasterio, Andruw",monaa001,1,2,empty,empty,1,field_out,2,2,3
2025-08-31,TOR202508310,MIL,"Turang, Brice",turab002,2,0,empty,empty,1,home_run,3,2,4
2025-08-31,TOR202508310,MIL,"Chourio, Jackson",chouj001,2,0,empty,empty,1,double,3,3,4
2025-08-31,TOR202508310,MIL,"Yelich, Christian",yelic001,2,0,2B,2B,1,field_out,3,3,4
2025-08-31,TOR202508310,MIL,"Contreras, William",contw002,2,1,2B,2B,1,single,3,3,4
2025-08-31,TOR202508310,MIL,"Frelick, Sal",frels001,2,1,1B,1B,1,single,3,4,4
2025-08-31,TOR202508310,MIL,"Vaughn, Andrew",vauga001,2,1,1B+2B,1B+2B,1,double_play,3,4,4
2025-08-31,TOR202508310,MIL,"Collins, Isaac",colli001,2,0,empty,empty,1,field_out,4,4,4
2025-08-31,TOR202508310,MIL,"Durbin, Caleb",durbc002,2,1,empty,empty,1,field_out,4,4,4
2025-08-31,TOR202508310,MIL,"Monasterio, Andruw",monaa001,2,2,empty,empty,1,single,4,4,4
2025-08-31,TOR202508310,MIL,"Turang, Brice",turab002,3,2,1B,1B,1,single,4,4,4
2025-08-31,TOR202508310,MIL,"Chourio, Jackson",chouj001,3,0,1B+3B,empty,0,single,5,4,5
2025-08-31,TOR202508310,MIL,"Yelich, Christian",yelic001,3,0,1B,1B,1,field_error,5,4,5
2025-08-31,TOR202508310,MIL,"Contreras, William",contw002,3,0,1B+2B,1B+2B,1,field_error,5,4,5
2025-08-31,TOR202508310,MIL,"Frelick, Sal",frels001,3,0,1B+2B+3B,1B+2B+3B,1,field_out,5,4,5
2025-08-31,TOR202508310,MIL,"Vaughn, Andrew",vauga001,3,1,1B+2B+3B,1B+2B+3B,1,strikeout,5,4,5
2025-08-31,TOR202508310,MIL,"Collins, Isaac",colli001,3,2,1B+2B+3B,1B+2B+3B,1,field_out,5,4,5
2025-08-31,TOR202508310,MIL,"Durbin, Caleb",durbc002,3,0,empty,empty,1,field_out,6,4,8
2025-08-31,TOR202508310,MIL,"Monasterio, Andruw",monaa001,3,1,empty,empty,1,single,6,4,8
2025-08-31,TOR202508310,MIL,"Turang, Brice",turab002,4,1,1B,1B,1,strikeout,6,4,8
2025-08-31,TOR202508310,MIL,"Chourio, Jackson",chouj001,4,2,1B,1B,1,strikeout,6,4,8
2025-08-31,TOR202508310,MIL,"Yelich, Christian",yelic001,4,0,empty,empty,1,field_out,7,4,8
2025-08-31,TOR202508310,MIL,"Contreras, William",contw002,4,1,empty,empty,1,strikeout,7,4,8
2025-08-31,TOR202508310,MIL,"Frelick, Sal",frels001,4,2,empty,empty,1,field_out,7,4,8
2025-08-31,TOR202508310,MIL,"Seigler, Anthony",seiga001,1,0,empty,empty,1,strikeout,8,4,8
2025-08-31,TOR202508310,MIL,"Collins, Isaac",colli001,4,1,empty,empty,1,field_out,8,4,8
2025-08-31,TOR202508310,MIL,"Bauers, Jake",bauej001,1,2,empty,empty,1,field_out,8,4,8
2025-08-31,TOR202508310,MIL,"Monasterio, Andruw",monaa001,4,0,empty,empty,1,strikeout,9,4,8
2025-08-31,TOR202508310,MIL,"Turang, Brice",turab002,5,1,empty,empty,1,field_out,9,4,8
2025-08-31,TOR202508310,MIL,"Chourio, Jackson",chouj001,5,2,empty,empty,1,double,9,4,8
2025-08-31,TOR202508310,MIL,"Yelich, Christian",yelic001,5,2,2B,2B,1,single,9,4,8
2025-08-31,TOR202508310,MIL,"Contreras, William",contw002,5,2,1B+3B,1B+3B,1,field_out,9,4,8
2025-09-01,MIL202509010,MIL,"Turang, Brice",turab002,1,0,empty,empty,1,home_run,1,0,0
2025-09-01,MIL202509010,MIL,"Chourio, Jackson",chouj001,1,0,empty,empty,1,field_out,1,1,0
2025-09-01,MIL202509010,MIL,"Contreras, William",contw002,1,1,empty,empty,1,double,1,1,0
2025-09-01,MIL202509010,MIL,"Yelich, Christian",yelic001,1,1,2B,2B,1,walk,1,1,0
2025-09-01,MIL202509010,MIL,"Bauers, Jake",bauej001,1,1,1B+2B,1B+2B,1,field_out,1,1,0
2025-09-01,MIL202509010,MIL,"Perkins, Blake",perkb002,1,2,1B+2B,1B+2B,1,double,1,1,0
2025-09-01,MIL202509010,MIL,"Frelick, Sal",frels001,1,2,2B,2B,1,field_out,1,3,0
2025-09-01,MIL202509010,MIL,"Durbin, Caleb",durbc002,1,0,empty,empty,1,home_run,2,3,0
2025-09-01,MIL202509010,MIL,"Ortiz, Joey",ortij005,1,0,empty,empty,1,field_out,2,4,0
2025-09-01,MIL202509010,MIL,"Turang, Brice",turab002,2,1,empty,empty,1,single,2,4,0
2025-09-01,MIL202509010,MIL,"Chourio, Jackson",chouj001,2,1,1B,1B,1,field_out,2,4,0
2025-09-01,MIL202509010,MIL,"Contreras, William",contw002,2,2,1B,1B,1,strikeout,2,4,0
2025-09-01,MIL202509010,MIL,"Yelich, Christian",yelic001,2,0,empty,empty,1,field_out,3,4,0
2025-09-01,MIL202509010,MIL,"Bauers, Jake",bauej001,2,1,empty,empty,1,field_out,3,4,0
2025-09-01,MIL202509010,MIL,"Perkins, Blake",perkb002,2,2,empty,empty,1,strikeout,3,4,0
2025-09-01,MIL202509010,MIL,"Frelick, Sal",frels001,2,0,empty,empty,1,single,4,4,1
2025-09-01,MIL202509010,MIL,"Durbin, Caleb",durbc002,2,0,1B,1B,1,field_out,4,4,1
2025-09-01,MIL202509010,MIL,"Ortiz, Joey",ortij005,2,1,1B,1B,1,single,4,4,1
2025-09-01,MIL202509010,MIL,"Turang, Brice",turab002,3,1,1B+3B,1B+3B,1,walk,4,4,1
2025-09-01,MIL202509010,MIL,"Chourio, Jackson",chouj001,3,1,1B+2B+3B,1B+2B+3B,1,sac_fly,4,4,1
2025-09-01,MIL202509010,MIL,"Contreras, William",contw002,3,2,1B+3B,1B+3B,1,field_out,4,5,1
2025-09-01,MIL202509010,MIL,"Yelich, Christian",yelic001,3,0,empty,empty,1,field_out,5,5,3
2025-09-01,MIL202509010,MIL,"Bauers, Jake",bauej001,3,1,empty,empty,1,strikeout,5,5,3
2025-09-01,MIL202509010,MIL,"Perkins, Blake",perkb002,3,2,empty,empty,1,field_out,5,5,3
2025-09-01,MIL202509010,MIL,"Frelick, Sal",frels001,3,0,empty,empty,1,field_out,6,5,6
2025-09-01,MIL202509010,MIL,"Durbin, Caleb",durbc002,3,1,empty,empty,1,walk,6,5,6
2025-09-01,MIL202509010,MIL,"Ortiz, Joey",ortij005,3,1,1B,1B,1,field_out,6,5,6
2025-09-01,MIL202509010,MIL,"Turang, Brice",turab002,4,2,1B,2B,0,walk,6,5,6
2025-09-01,MIL202509010,MIL,"Chourio, Jackson",chouj001,4,2,1B+3B,1B+3B,1,field_error,6,5,6
2025-09-01,MIL202509010,MIL,"Contreras, William",contw002,4,2,1B+2B,1B+2B,1,field_out,6,6,6
2025-09-01,MIL202509010,MIL,"Yelich, Christian",yelic001,4,0,empty,empty,1,strikeout,7,6,6
2025-09-01,MIL202509010,MIL,"Vaughn, Andrew",vauga001,1,1,empty,empty,1,strikeout,7,6,6
2025-09-01,MIL202509010,MIL,"Perkins, Blake",perkb002,4,2,empty,empty,1,walk,7,6,6
2025-09-01,MIL202509010,MIL,"Frelick, Sal",frels001,4,2,1B,1B,1,single,7,6,6
2025-09-01,MIL202509010,MIL,"Durbin, Caleb",durbc002,4,2,1B+2B,1B+2B,1,field_out,7,6,6
2025-09-01,MIL202509010,MIL,"Ortiz, Joey",ortij005,4,0,empty,empty,1,strikeout,8,6,8
2025-09-01,MIL202509010,MIL,"Turang, Brice",turab002,5,1,empty,empty,1,strikeout,8,6,8
2025-09-01,MIL202509010,MIL,"Chourio, Jackson",chouj001,5,2,empty,empty,1,walk,8,6,8
2025-09-01,MIL202509010,MIL,"Contreras, William",contw002,5,2,1B,1B,1,single,8,6,8
2025-09-01,MIL202509010,MIL,"Yelich, Christian",yelic001,5,2,1B+2B,1B+2B,1,walk,8,6,8
2025-09-01,MIL202509010,MIL,"Collins, Isaac",colli001,1,2,1B+2B+3B,1B+2B+3B,1,single,8,6,8
2025-09-01,MIL202509010,MIL,"Perkins, Blake",perkb002,5,2,1B+3B,1B+3B,1,field_out,8,8,8
2025-09-01,MIL202509010,MIL,"Frelick, Sal",frels001,5,0,empty,empty,1,field_out,9,8,10
2025-09-01,MIL202509010,MIL,"Durbin, Caleb",durbc002,5,1,empty,empty,1,field_out,9,8,10
2025-09-01,MIL202509010,MIL,"Ortiz, Joey",ortij005,5,2,empty,empty,1,field_out,9,8,10
2025-09-03,MIL202509030,MIL,"Turang, Brice",turab002,1,0,empty,empty,1,walk,1,0,0
2025-09-03,MIL202509030,MIL,"Chourio, Jackson",chouj001,1,0,1B,2B,0,hit_by_pitch,1,0,0
2025-09-03,MIL202509030,MIL,"Contreras, William",contw002,1,0,1B+2B,1B+2B,1,single,1,0,0
2025-09-03,MIL202509030,MIL,"Frelick, Sal",frels001,1,0,1B+2B+3B,1B+2B+3B,1,single,1,0,0
2025-09-03,MIL202509030,MIL,"Collins, Isaac",colli001,1,0,1B+2B,1B+2B,1,home_run,1,2,0
2025-09-03,MIL202509030,MIL,"Perkins, Blake",perkb002,1,0,empty,empty,1,strikeout,1,5,0
2025-09-03,MIL202509030,MIL,"Bauers, Jake",bauej001,1,1,empty,empty,1,strikeout,1,5,0
2025-09-03,MIL202509030,MIL,"Seigler, Anthony",seiga001,1,2,empty,empty,1,field_out,1,5,0
2025-09-03,MIL202509030,MIL,"Ortiz, Joey",ortij005,1,0,empty,empty,1,field_out,2,5,0
2025-09-03,MIL202509030,MIL,"Turang, Brice",turab002,2,1,empty,empty,1,triple,2,5,0
2025-09-03,MIL202509030,MIL,"Chourio, Jackson",chouj001,2,1,3B,3B,1,strikeout,2,5,0
2025-09-03,MIL202509030,MIL,"Contreras, William",contw002,2,2,3B,3B,1,strikeout,2,5,0
2025-09-03,MIL202509030,MIL,"Frelick, Sal",frels001,2,0,empty,empty,1,field_out,3,5,0
2025-09-03,MIL202509030,MIL,"Collins, Isaac",colli001,2,1,empty,empty,1,strikeout,3,5,0
2025-09-03,MIL202509030,MIL,"Perkins, Blake",perkb002,2,2,empty,empty,1,field_out,3,5,0
2025-09-03,MIL202509030,MIL,"Bauers, Jake",bauej001,2,0,empty,empty,1,single,4,5,0
2025-09-03,MIL202509030,MIL,"Seigler, Anthony",seiga001,2,0,1B,1B,1,field_out,4,5,0
2025-09-03,MIL202509030,MIL,"Ortiz, Joey",ortij005,2,1,1B,2B,0,field_out,4,5,0
2025-09-03,MIL202509030,MIL,"Turang, Brice",turab002,3,2,2B,2B,1,double,4,5,0
2025-09-03,MIL202509030,MIL,"Chourio, Jackson",chouj001,3,2,2B,2B,1,field_out,4,6,0
2025-09-03,MIL202509030,MIL,"Contreras, William",contw002,3,0,empty,empty,1,walk,5,6,1
2025-09-03,MIL202509030,MIL,"Frelick, Sal",frels001,3,0,1B,1B,1,field_out,5,6,1
2025-09-03,MIL202509030,MIL,"Collins, Isaac",colli001,3,1,2B,2B,1,strikeout,5,6,1
2025-09-03,MIL202509030,MIL,"Perkins, Blake",perkb002,3,2,2B,2B,1,field_out,5,6,1
2025-09-03,MIL202509030,MIL,"Bauers, Jake",bauej001,3,0,empty,empty,1,walk,6,6,1
2025-09-03,MIL202509030,MIL,"Seigler, Anthony",seiga001,3,0,1B,1B,1,grounded_into_double_play,6,6,1
2025-09-03,MIL202509030,MIL,"Ortiz, Joey",ortij005,3,2,empty,empty,1,field_out,6,6,1
2025-09-03,MIL202509030,MIL,"Turang, Brice",turab002,4,0,empty,empty,1,field_out,7,6,3
2025-09-03,MIL202509030,MIL,"Chourio, Jackson",chouj001,4,1,empty,empty,1,strikeout,7,6,3
2025-09-03,MIL202509030,MIL,"Contreras, William",contw002,4,2,empty,empty,1,strikeout,7,6,3
2025-09-03,MIL202509030,MIL,"Frelick, Sal",frels001,4,0,empty,empty,1,walk,8,6,3
2025-09-03,MIL202509030,MIL,"Collins, Isaac",colli001,4,0,1B,1B,1,grounded_into_double_play,8,6,3
2025-09-03,MIL202509030,MIL,"Perkins, Blake",perkb002,4,2,empty,empty,1,field_out,8,6,3
2025-09-04,MIL202509040,MIL,"Chourio, Jackson",chouj001,1,0,empty,empty,1,strikeout,1,0,0
2025-09-04,MIL202509040,MIL,"Collins, Isaac",colli001,1,1,empty,empty,1,strikeout,1,0,0
2025-09-04,MIL202509040,MIL,"Contreras, William",contw002,1,2,empty,empty,1,single,1,0,0
2025-09-04,MIL202509040,MIL,"Vaughn, Andrew",vauga001,1,2,1B,1B,1,field_out,1,0,0
2025-09-04,MIL202509040,MIL,"Durbin, Caleb",durbc002,1,0,empty,empty,1,single,2,0,0
2025-09-04,MIL202509040,MIL,"Jansen, Danny",jansd001,1,0,1B,1B,1,field_out,2,0,0
2025-09-04,MIL202509040,MIL,"Monasterio, Andruw",monaa001,1,1,2B,2B,1,field_out,2,0,0
2025-09-04,MIL202509040,MIL,"Perkins, Blake",perkb002,1,2,3B,3B,1,field_out,2,0,0
2025-09-04,MIL202509040,MIL,"Ortiz, Joey",ortij005,1,0,empty,empty,1,field_out,3,0,0
2025-09-04,MIL202509040,MIL,"Chourio, Jackson",chouj001,2,1,empty,empty,1,field_out,3,0,0
2025-09-04,MIL202509040,MIL,"Collins, Isaac",colli001,2,2,empty,empty,1,double,3,0,0
2025-09-04,MIL202509040,MIL,"Contreras, William",contw002,2,2,2B,2B,1,field_out,3,0,0
2025-09-04,MIL202509040,MIL,"Vaughn, Andrew",vauga001,2,0,empty,empty,1,single,4,0,0
2025-09-04,MIL202509040,MIL,"Durbin, Caleb",durbc002,2,0,1B,1B,1,single,4,0,0
2025-09-04,MIL202509040,MIL,"Jansen, Danny",jansd001,2,0,1B+2B,1B+2B,1,field_out,4,0,0
2025-09-04,MIL202509040,MIL,"Monasterio, Andruw",monaa001,2,1,1B+2B,1B+2B,1,field_out,4,0,0
2025-09-04,MIL202509040,MIL,"Perkins, Blake",perkb002,2,2,1B+2B,1B+2B,1,strikeout,4,0,0
2025-09-04,MIL202509040,MIL,"Ortiz, Joey",ortij005,2,0,empty,empty,1,strikeout,5,0,0
2025-09-04,MIL202509040,MIL,"Chourio, Jackson",chouj001,3,1,empty,empty,1,walk,5,0,0
2025-09-04,MIL202509040,MIL,"Collins, Isaac",colli001,3,1,1B,1B,1,grounded_into_double_play,5,0,0
2025-09-04,MIL202509040,MIL,"Contreras, William",contw002,3,0,empty,empty,1,walk,6,0,0
2025-09-04,MIL202509040,MIL,"Vaughn, Andrew",vauga001,3,0,1B,1B,1,double,6,0,0
2025-09-04,MIL202509040,MIL,"Durbin, Caleb",durbc002,3,0,2B+3B,2B+3B,1,field_out,6,0,0
2025-09-04,MIL202509040,MIL,"Jansen, Danny",jansd001,3,1,2B+3B,2B+3B,1,field_out,6,0,0
2025-09-04,MIL202509040,MIL,"Monasterio, Andruw",monaa001,3,2,2B+3B,2B+3B,1,field_out,6,0,0
2025-09-04,MIL202509040,MIL,"Perkins, Blake",perkb002,3,0,empty,empty,1,strikeout,7,0,1
2025-09-04,MIL202509040,MIL,"Turang, Brice",turab002,1,1,empty,empty,1,field_out,7,0,1
2025-09-04,MIL202509040,MIL,"Chourio, Jackson",chouj001,4,2,empty,empty,1,field_out,7,0,1
2025-09-04,MIL202509040,MIL,"Collins, Isaac",colli001,4,0,empty,empty,1,field_out,8,0,1
2025-09-04,MIL202509040,MIL,"Contreras, William",contw002,4,1,empty,empty,1,strikeout,8,0,1
2025-09-04,MIL202509040,MIL,"Vaughn, Andrew",vauga001,4,2,empty,empty,1,single,8,0,1
2025-09-04,MIL202509040,MIL,"Durbin, Caleb",durbc002,4,2,1B,3B,0,field_out,8,0,1
2025-09-04,MIL202509040,MIL,"Jansen, Danny",jansd001,4,0,empty,empty,1,field_out,9,0,2
2025-09-04,MIL202509040,MIL,"Monasterio, Andruw",monaa001,4,1,empty,empty,1,field_out,9,0,2
2025-09-04,MIL202509040,MIL,"Frelick, Sal",frels001,1,2,empty,empty,1,strikeout,9,0,2
2025-09-05,PIT202509050,MIL,"Turang, Brice",turab002,1,0,empty,empty,1,single,1,0,0
2025-09-05,PIT202509050,MIL,"Collins, Isaac",colli001,1,0,1B,1B,1,walk,1,0,0
2025-09-05,PIT202509050,MIL,"Chourio, Jackson",chouj001,1,0,1B+2B,1B+2B,1,strikeout,1,0,0
2025-09-05,PIT202509050,MIL,"Contreras, William",contw002,1,1,1B+2B,1B+2B,1,field_error,1,0,0
2025-09-05,PIT202509050,MIL,"Frelick, Sal",frels001,1,1,2B+3B,2B+3B,1,field_out,1,1,0
2025-09-05,PIT202509050,MIL,"Vaughn, Andrew",vauga001,1,2,2B+3B,2B+3B,1,strikeout,1,1,0
2025-09-05,PIT202509050,MIL,"Bauers, Jake",bauej001,1,0,empty,empty,1,field_out,2,1,0
2025-09-05,PIT202509050,MIL,"Durbin, Caleb",durbc002,1,1,empty,empty,1,hit_by_pitch,2,1,0
2025-09-05,PIT202509050,MIL,"Ortiz, Joey",ortij005,1,1,1B,1B,1,grounded_into_double_play,2,1,0
2025-09-05,PIT202509050,MIL,"Turang, Brice",turab002,2,0,empty,empty,1,field_out,3,1,1
2025-09-05,PIT202509050,MIL,"Collins, Isaac",colli001,2,1,empty,empty,1,strikeout,3,1,1
2025-09-05,PIT202509050,MIL,"Chourio, Jackson",chouj001,2,2,empty,empty,1,field_out,3,1,1
2025-09-05,PIT202509050,MIL,"Contreras, William",contw002,2,0,empty,empty,1,field_out,4,1,2
2025-09-05,PIT202509050,MIL,"Frelick, Sal",frels001,2,1,empty,empty,1,walk,4,1,2
2025-09-05,PIT202509050,MIL,"Vaughn, Andrew",vauga001,2,1,1B,1B,1,field_out,4,1,2
2025-09-05,PIT202509050,MIL,"Bauers, Jake",bauej001,2,2,2B,2B,1,strikeout,4,1,2
2025-09-05,PIT202509050,MIL,"Durbin, Caleb",durbc002,2,0,empty,empty,1,walk,5,1,2
2025-09-05,PIT202509050,MIL,"Ortiz, Joey",ortij005,2,0,1B,2B,0,field_out,5,1,2
2025-09-05,PIT202509050,MIL,"Turang, Brice",turab002,3,1,3B,3B,1,field_out,5,1,2
2025-09-05,PIT202509050,MIL,"Collins, Isaac",colli001,3,2,3B,3B,1,field_out,5,1,2
2025-09-05,PIT202509050,MIL,"Chourio, Jackson",chouj001,3,0,empty,empty,1,field_out,6,1,2
2025-09-05,PIT202509050,MIL,"Contreras, William",contw002,3,1,empty,empty,1,single,6,1,2
2025-09-05,PIT202509050,MIL,"Frelick, Sal",frels001,3,1,1B,1B,1,single,6,1,2
2025-09-05,PIT202509050,MIL,"Vaughn, Andrew",vauga001,3,1,1B+2B,2B+3B,0,strikeout,6,1,2
2025-09-05,PIT202509050,MIL,"Bauers, Jake",bauej001,3,2,2B+3B,2B+3B,1,single,6,1,2
2025-09-05,PIT202509050,MIL,"Durbin, Caleb",durbc002,3,2,1B,1B,1,single,6,3,2
2025-09-05,PIT202509050,MIL,"Ortiz, Joey",ortij005,3,2,1B+2B,1B+2B,1,walk,6,3,2
2025-09-05,PIT202509050,MIL,"Turang, Brice",turab002,4,2,1B+2B+3B,1B+2B+3B,1,field_out,6,3,2
2025-09-05,PIT202509050,MIL,"Collins, Isaac",colli001,4,0,empty,empty,1,double,7,3,2
2025-09-05,PIT202509050,MIL,"Chourio, Jackson",chouj001,4,0,2B,2B,1,field_out,7,3,2
2025-09-05,PIT202509050,MIL,"Contreras, William",contw002,4,1,2B,2B,1,field_out,7,3,2
2025-09-05,PIT202509050,MIL,"Frelick, Sal",frels001,4,2,3B,3B,1,walk,7,3,2
2025-09-05,PIT202509050,MIL,"Vaughn, Andrew",vauga001,4,2,1B+3B,2B+3B,0,field_out,7,3,2
2025-09-05,PIT202509050,MIL,"Bauers, Jake",bauej001,4,0,empty,empty,1,single,8,3,2
2025-09-05,PIT202509050,MIL,"Durbin, Caleb",durbc002,4,0,1B,2B,0,field_out,8,3,2
2025-09-05,PIT202509050,MIL,"Ortiz, Joey",ortij005,4,1,3B,3B,1,field_out,8,3,2
2025-09-05,PIT202509050,MIL,"Turang, Brice",turab002,5,2,3B,3B,1,single,8,3,2
2025-09-05,PIT202509050,MIL,"Collins, Isaac",colli001,5,2,1B,1B,1,strikeout,8,4,2
2025-09-05,PIT202509050,MIL,"Chourio, Jackson",chouj001,5,0,empty,empty,1,strikeout,9,4,2
2025-09-05,PIT202509050,MIL,"Contreras, William",contw002,5,1,empty,empty,1,single,9,4,2
2025-09-05,PIT202509050,MIL,"Frelick, Sal",frels001,5,1,1B,1B,1,fielders_choice,9,4,2
2025-09-05,PIT202509050,MIL,"Vaughn, Andrew",vauga001,5,1,1B+2B,1B+2B,1,single,9,4,2
2025-09-05,PIT202509050,MIL,"Bauers, Jake",bauej001,5,1,1B+3B,1B+3B,1,strikeout,9,5,2
2025-09-05,PIT202509050,MIL,"Durbin, Caleb",durbc002,5,2,1B+3B,1B+3B,1,field_out,9,5,2
2025-09-06,PIT202509060,MIL,"Frelick, Sal",frels001,1,0,empty,empty,1,double,1,0,0
2025-09-06,PIT202509060,MIL,"Chourio, Jackson",chouj001,1,0,2B,2B,1,field_out,1,0,0
2025-09-06,PIT202509060,MIL,"Turang, Brice",turab002,1,1,2B,2B,1,field_out,1,0,0
2025-09-06,PIT202509060,MIL,"Contreras, William",contw002,1,2,3B,3B,1,field_out,1,0,0
2025-09-06,PIT202509060,MIL,"Bauers, Jake",bauej001,1,0,empty,empty,1,single,2,0,0
2025-09-06,PIT202509060,MIL,"Vaughn, Andrew",vauga001,1,0,1B,1B,1,strikeout,2,0,0
2025-09-06,PIT202509060,MIL,"Durbin, Caleb",durbc002,1,1,1B,1B,1,grounded_into_double_play,2,0,0
2025-09-06,PIT202509060,MIL,"Perkins, Blake",perkb002,1,0,empty,empty,1,field_out,3,0,0
2025-09-06,PIT202509060,MIL,"Ortiz, Joey",ortij005,1,1,empty,empty,1,field_out,3,0,0
2025-09-06,PIT202509060,MIL,"Frelick, Sal",frels001,2,2,empty,empty,1,field_out,3,0,0
2025-09-06,PIT202509060,MIL,"Chourio, Jackson",chouj001,2,0,empty,empty,1,field_out,4,0,0
2025-09-06,PIT202509060,MIL,"Turang, Brice",turab002,2,1,empty,empty,1,strikeout,4,0,0
2025-09-06,PIT202509060,MIL,"Contreras, William",contw002,2,2,empty,empty,1,single,4,0,0
2025-09-06,PIT202509060,MIL,"Bauers, Jake",bauej001,2,2,1B,1B,1,home_run,4,0,0
2025-09-06,PIT202509060,MIL,"Vaughn, Andrew",vauga001,2,2,empty,empty,1,double,4,2,0
2025-09-06,PIT202509060,MIL,"Durbin, Caleb",durbc002,2,2,2B,2B,1,field_out,4,2,0
2025-09-06,PIT202509060,MIL,"Perkins, Blake",perkb002,2,0,empty,empty,1,field_out,5,2,0
2025-09-06,PIT202509060,MIL,"Ortiz, Joey",ortij005,2,1,empty,empty,1,field_out,5,2,0
2025-09-06,PIT202509060,MIL,"Frelick, Sal",frels001,3,2,empty,empty,1,field_out,5,2,0
2025-09-06,PIT202509060,MIL,"Chourio, Jackson",chouj001,3,0,empty,empty,1,field_out,6,2,0
2025-09-06,PIT202509060,MIL,"Turang, Brice",turab002,3,1,empty,empty,1,strikeout,6,2,0
2025-09-06,PIT202509060,MIL,"Contreras, William",contw002,3,2,empty,empty,1,field_out,6,2,0
2025-09-06,PIT202509060,MIL,"Bauers, Jake",bauej001,3,0,empty,empty,1,strikeout,7,2,0
2025-09-06,PIT202509060,MIL,"Vaughn, Andrew",vauga001,3,1,empty,empty,1,hit_by_pitch,7,2,0
2025-09-06,PIT202509060,MIL,"Durbin, Caleb",durbc002,3,1,1B,1B,1,strikeout,7,2,0
2025-09-06,PIT202509060,MIL,"Perkins, Blake",perkb002,3,2,1B,1B,1,strikeout,7,2,0
2025-09-06,PIT202509060,MIL,"Ortiz, Joey",ortij005,3,0,empty,empty,1,field_out,8,2,0
2025-09-06,PIT202509060,MIL,"Frelick, Sal",frels001,4,1,empty,empty,1,single,8,2,0
2025-09-06,PIT202509060,MIL,"Chourio, Jackson",chouj001,4,1,1B,1B,1,home_run,8,2,0
2025-09-06,PIT202509060,MIL,"Turang, Brice",turab002,4,1,empty,empty,1,single,8,4,0
2025-09-06,PIT202509060,MIL,"Contreras, William",contw002,4,1,1B,1B,1,hit_by_pitch,8,4,0
2025-09-06,PIT202509060,MIL,"Jansen, Danny",jansd001,1,1,1B+2B,1B+2B,1,strikeout,8,4,0
2025-09-06,PIT202509060,MIL,"Vaughn, Andrew",vauga001,4,2,1B+2B,1B+2B,1,strikeout,8,4,0
2025-09-06,PIT202509060,MIL,"Durbin, Caleb",durbc002,4,0,empty,empty,1,field_out,9,4,0
2025-09-06,PIT202509060,MIL,"Perkins, Blake",perkb002,4,1,empty,empty,1,walk,9,4,0
2025-09-06,PIT202509060,MIL,"Ortiz, Joey",ortij005,4,2,1B,empty,0,field_out,9,4,0
2025-09-07,PIT202509070,MIL,"Turang, Brice",turab002,1,0,empty,empty,1,single,1,0,0
2025-09-07,PIT202509070,MIL,"Collins, Isaac",colli001,1,0,1B,1B,1,single,1,0,0
2025-09-07,PIT202509070,MIL,"Contreras, William",contw002,1,0,1B+2B,1B+2B,1,walk,1,0,0
2025-09-07,PIT202509070,MIL,"Bauers, Jake",bauej001,1,0,1B+2B+3B,1B+2B+3B,1,double,1,0,0
2025-09-07,PIT202509070,MIL,"Vaughn, Andrew",vauga001,1,0,2B+3B,2B+3B,1,single,1,2,0
2025-09-07,PIT202509070,MIL,"Durbin, Caleb",durbc002,1,0,1B+3B,1B+3B,1,grounded_into_double_play,1,3,0
2025-09-07,PIT202509070,MIL,"Perkins, Blake",perkb002,1,2,empty,empty,1,field_out,1,4,0
2025-09-07,PIT202509070,MIL,"Jansen, Danny",jansd001,1,0,empty,empty,1,double,2,4,0
2025-09-07,PIT202509070,MIL,"Ortiz, Joey",ortij005,1,0,2B,2B,1,single,2,4,0
2025-09-07,PIT202509070,MIL,"Turang, Brice",turab002,2,0,1B+3B,1B+3B,1,strikeout,2,4,0
2025-09-07,PIT202509070,MIL,"Collins, Isaac",colli001,2,1,2B+3B,3B,0,fielders_choice_out,2,5,0
2025-09-07,PIT202509070,MIL,"Contreras, William",contw002,2,2,1B,1B,1,strikeout,2,5,0
2025-09-07,PIT202509070,MIL,"Bauers, Jake",bauej001,2,0,empty,empty,1,walk,3,5,1
2025-09-07,PIT202509070,MIL,"Vaughn, Andrew",vauga001,2,0,1B,1B,1,single,3,5,1
2025-09-07,PIT202509070,MIL,"Durbin, Caleb",durbc002,2,0,1B+2B,1B+2B,1,strikeout,3,5,1
2025-09-07,PIT202509070,MIL,"Perkins, Blake",perkb002,2,1,1B+2B,1B+2B,1,double,3,5,1
2025-09-07,PIT202509070,MIL,"Jansen, Danny",jansd001,2,1,2B+3B,2B+3B,1,walk,3,6,1
2025-09-07,PIT202509070,MIL,"Ortiz, Joey",ortij005,2,1,1B+2B+3B,1B+2B+3B,1,field_out,3,6,1
2025-09-07,PIT202509070,MIL,"Turang, Brice",turab002,3,2,1B+3B,2B+3B,0,single,3,7,1
2025-09-07,PIT202509070,MIL,"Collins, Isaac",colli001,3,2,1B,1B,1,field_out,3,9,1
2025-09-07,PIT202509070,MIL,"Contreras, William",contw002,3,0,empty,empty,1,single,4,9,1
2025-09-07,PIT202509070,MIL,"Bauers, Jake",bauej001,3,0,1B,1B,1,grounded_into_double_play,4,9,1
2025-09-07,PIT202509070,MIL,"Vaughn, Andrew",vauga001,3,2,empty,empty,1,double,4,9,1
2025-09-07,PIT202509070,MIL,"Durbin, Caleb",durbc002,3,2,2B,2B,1,field_out,4,9,1
2025-09-07,PIT202509070,MIL,"Perkins, Blake",perkb002,3,0,empty,empty,1,field_out,5,9,1
2025-09-07,PIT202509070,MIL,"Jansen, Danny",jansd001,3,1,empty,empty,1,strikeout,5,9,1
2025-09-07,PIT202509070,MIL,"Ortiz, Joey",ortij005,3,2,empty,empty,1,strikeout,5,9,1
2025-09-07,PIT202509070,MIL,"Turang, Brice",turab002,4,0,empty,empty,1,walk,6,9,1
2025-09-07,PIT202509070,MIL,"Collins, Isaac",colli001,4,0,1B,1B,1,field_out,6,9,1
2025-09-07,PIT202509070,MIL,"Contreras, William",contw002,4,1,1B,1B,1,grounded_into_double_play,6,9,1
2025-09-07,PIT202509070,MIL,"Bauers, Jake",bauej001,4,0,empty,empty,1,single,7,9,1
2025-09-07,PIT202509070,MIL,"Vaughn, Andrew",vauga001,4,0,1B,1B,1,single,7,9,1
2025-09-07,PIT202509070,MIL,"Durbin, Caleb",durbc002,4,0,1B+2B,1B+2B,1,strikeout,7,9,1
2025-09-07,PIT202509070,MIL,"Perkins, Blake",perkb002,4,1,1B+2B,1B+2B,1,walk,7,9,1
2025-09-07,PIT202509070,MIL,"Jansen, Danny",jansd001,4,1,1B+2B+3B,1B+2B+3B,1,field_out,7,9,1
2025-09-07,PIT202509070,MIL,"Ortiz, Joey",ortij005,4,2,2B+3B,2B+3B,1,strikeout,7,10,1
2025-09-07,PIT202509070,MIL,"Turang, Brice",turab002,5,0,empty,empty,1,walk,8,10,1
2025-09-07,PIT202509070,MIL,"Collins, Isaac",colli001,5,0,1B,1B,1,walk,8,10,1
2025-09-07,PIT202509070,MIL,"Contreras, William",contw002,5,0,1B+2B,1B+2B,1,strikeout,8,10,1
2025-09-07,PIT202509070,MIL,"Bauers, Jake",bauej001,5,1,1B+2B,1B+2B,1,field_out,8,10,1
2025-09-07,PIT202509070,MIL,"Vaughn, Andrew",vauga001,5,2,1B+2B,1B+2B,1,field_out,8,10,1
2025-09-07,PIT202509070,MIL,"Durbin, Caleb",durbc002,5,0,empty,empty,1,strikeout,9,10,2
2025-09-07,PIT202509070,MIL,"Perkins, Blake",perkb002,5,1,empty,empty,1,single,9,10,2
2025-09-07,PIT202509070,MIL,"Jansen, Danny",jansd001,5,1,1B,1B,1,field_out,9,10,2
2025-09-07,PIT202509070,MIL,"Ortiz, Joey",ortij005,5,2,1B,1B,1,field_out,9,10,2
2025-09-08,TEX202509080,MIL,"Turang, Brice",turab002,1,0,empty,empty,1,field_out,1,0,0
2025-09-08,TEX202509080,MIL,"Chourio, Jackson",chouj001,1,1,empty,empty,1,strikeout,1,0,0
2025-09-08,TEX202509080,MIL,"Contreras, William",contw002,1,2,empty,empty,1,field_out,1,0,0
2025-09-08,TEX202509080,MIL,"Yelich, Christian",yelic001,1,0,empty,empty,1,field_out,2,0,0
2025-09-08,TEX202509080,MIL,"Vaughn, Andrew",vauga001,1,1,empty,empty,1,single,2,0,0
2025-09-08,TEX202509080,MIL,"Durbin, Caleb",durbc002,1,1,1B,1B,1,grounded_into_double_play,2,0,0
2025-09-08,TEX202509080,MIL,"Frelick, Sal",frels001,1,0,empty,empty,1,field_out,3,0,0
2025-09-08,TEX202509080,MIL,"Perkins, Blake",perkb002,1,1,empty,empty,1,strikeout,3,0,0
2025-09-08,TEX202509080,MIL,"Ortiz, Joey",ortij005,1,2,empty,empty,1,field_out,3,0,0
2025-09-08,TEX202509080,MIL,"Turang, Brice",turab002,2,0,empty,empty,1,strikeout,4,0,0
2025-09-08,TEX202509080,MIL,"Chourio, Jackson",chouj001,2,1,empty,empty,1,walk,4,0,0
2025-09-08,TEX202509080,MIL,"Contreras, William",contw002,2,1,1B,1B,1,double_play,4,0,0
2025-09-08,TEX202509080,MIL,"Yelich, Christian",yelic001,2,0,empty,empty,1,single,5,0,0
2025-09-08,TEX202509080,MIL,"Vaughn, Andrew",vauga001,2,0,1B,1B,1,field_out,5,0,0
2025-09-08,TEX202509080,MIL,"Durbin, Caleb",durbc002,2,1,1B,1B,1,field_out,5,0,0
2025-09-08,TEX202509080,MIL,"Frelick, Sal",frels001,2,2,1B,1B,1,field_out,5,0,0
2025-09-08,TEX202509080,MIL,"Perkins, Blake",perkb002,2,0,empty,empty,1,single,6,0,4
2025-09-08,TEX202509080,MIL,"Ortiz, Joey",ortij005,2,0,1B,1B,1,field_out,6,0,4
2025-09-08,TEX202509080,MIL,"Turang, Brice",turab002,3,1,1B,1B,1,strikeout,6,0,4
2025-09-08,TEX202509080,MIL,"Chourio, Jackson",chouj001,3,2,1B,1B,1,single,6,0,4
2025-09-08,TEX202509080,MIL,"Contreras, William",contw002,3,0,1B+2B,empty,0,field_out,7,0,4
2025-09-08,TEX202509080,MIL,"Yelich, Christian",yelic001,3,1,empty,empty,1,field_out,7,0,4
2025-09-08,TEX202509080,MIL,"Vaughn, Andrew",vauga001,3,2,empty,empty,1,field_out,7,0,4
2025-09-08,TEX202509080,MIL,"Collins, Isaac",colli001,1,0,empty,empty,1,walk,8,0,5
2025-09-08,TEX202509080,MIL,"Frelick, Sal",frels001,3,0,1B,1B,1,grounded_into_double_play,8,0,5
2025-09-08,TEX202509080,MIL,"Perkins, Blake",perkb002,3,2,empty,empty,1,single,8,0,5
2025-09-08,TEX202509080,MIL,"Bauers, Jake",bauej001,1,2,1B,1B,1,single,8,0,5
2025-09-08,TEX202509080,MIL,"Turang, Brice",turab002,4,2,1B+2B,1B+2B,1,field_out,8,0,5
2025-09-08,TEX202509080,MIL,"Chourio, Jackson",chouj001,4,0,empty,empty,1,field_out,9,0,5
2025-09-08,TEX202509080,MIL,"Contreras, William",contw002,4,1,empty,empty,1,strikeout,9,0,5
2025-09-08,TEX202509080,MIL,"Yelich, Christian",yelic001,4,2,empty,empty,1,field_out,9,0,5
2025-09-09,TEX202509090,MIL,"Turang, Brice",turab002,1,0,empty,empty,1,field_out,1,0,0
2025-09-09,TEX202509090,MIL,"Chourio, Jackson",chouj001,1,1,empty,empty,1,double,1,0,0
2025-09-09,TEX202509090,MIL,"Yelich, Christian",yelic001,1,1,2B,2B,1,field_out,1,0,0
2025-09-09,TEX202509090,MIL,"Contreras, William",contw002,1,2,2B,3B,0,walk,1,0,0
2025-09-09,TEX202509090,MIL,"Frelick, Sal",frels001,1,2,1B+3B,1B+3B,1,field_out,1,0,0
2025-09-09,TEX202509090,MIL,"Vaughn, Andrew",vauga001,1,0,empty,empty,1,single,2,0,0
2025-09-09,TEX202509090,MIL,"Collins, Isaac",colli001,1,0,1B,1B,1,grounded_into_double_play,2,0,0
2025-09-09,TEX202509090,MIL,"Durbin, Caleb",durbc002,1,2,empty,empty,1,walk,2,0,0
2025-09-09,TEX202509090,MIL,"Ortiz, Joey",ortij005,1,2,1B,3B,0,strikeout,2,0,0
2025-09-09,TEX202509090,MIL,"Turang, Brice",turab002,2,0,empty,empty,1,strikeout,3,0,1
2025-09-09,TEX202509090,MIL,"Chourio, Jackson",chouj001,2,1,empty,empty,1,strikeout,3,0,1
2025-09-09,TEX202509090,MIL,"Yelich, Christian",yelic001,2,2,empty,empty,1,strikeout,3,0,1
2025-09-09,TEX202509090,MIL,"Contreras, William",contw002,2,0,empty,empty,1,single,4,0,1
2025-09-09,TEX202509090,MIL,"Frelick, Sal",frels001,2,0,1B,1B,1,field_out,4,0,1
2025-09-09,TEX202509090,MIL,"Vaughn, Andrew",vauga001,2,1,1B,1B,1,field_out,4,0,1
2025-09-09,TEX202509090,MIL,"Collins, Isaac",colli001,2,2,1B,1B,1,field_out,4,0,1
2025-09-09,TEX202509090,MIL,"Durbin, Caleb",durbc002,2,0,empty,empty,1,field_out,5,0,1
2025-09-09,TEX202509090,MIL,"Ortiz, Joey",ortij005,2,1,empty,empty,1,single,5,0,1
2025-09-09,TEX202509090,MIL,"Turang, Brice",turab002,3,1,1B,1B,1,field_out,5,0,1
2025-09-09,TEX202509090,MIL,"Chourio, Jackson",chouj001,3,2,1B,1B,1,double,5,0,1
2025-09-09,TEX202509090,MIL,"Yelich, Christian",yelic001,3,2,2B+3B,2B+3B,1,single,5,0,1
2025-09-09,TEX202509090,MIL,"Contreras, William",contw002,3,2,1B+3B,2B+3B,0,single,5,1,1
2025-09-09,TEX202509090,MIL,"Frelick, Sal",frels001,3,2,1B,1B,1,field_out,5,3,1
2025-09-09,TEX202509090,MIL,"Vaughn, Andrew",vauga001,3,0,empty,empty,1,field_out,6,3,5
2025-09-09,TEX202509090,MIL,"Collins, Isaac",colli001,3,1,empty,empty,1,field_out,6,3,5
2025-09-09,TEX202509090,MIL,"Durbin, Caleb",durbc002,3,2,empty,empty,1,single,6,3,5
2025-09-09,TEX202509090,MIL,"Hoskins, Rhys",hoskr001,1,2,1B,1B,1,field_out,6,3,5
2025-09-09,TEX202509090,MIL,"Turang, Brice",turab002,4,0,empty,empty,1,field_out,7,3,5
2025-09-09,TEX202509090,MIL,"Chourio, Jackson",chouj001,4,1,empty,empty,1,field_out,7,3,5
2025-09-09,TEX202509090,MIL,"Yelich, Christian",yelic001,4,2,empty,empty,1,double,7,3,5
2025-09-09,TEX202509090,MIL,"Contreras, William",contw002,4,2,2B,2B,1,field_out,7,3,5
2025-09-09,TEX202509090,MIL,"Frelick, Sal",frels001,4,0,empty,empty,1,strikeout,8,3,5
2025-09-09,TEX202509090,MIL,"Vaughn, Andrew",vauga001,4,1,empty,empty,1,field_out,8,3,5
2025-09-09,TEX202509090,MIL,"Collins, Isaac",colli001,4,2,empty,empty,1,field_out,8,3,5
2025-09-09,TEX202509090,MIL,"Durbin, Caleb",durbc002,4,0,empty,empty,1,field_out,9,3,5
2025-09-09,TEX202509090,MIL,"Bauers, Jake",bauej001,1,1,empty,empty,1,home_run,9,3,5
2025-09-09,TEX202509090,MIL,"Turang, Brice",turab002,5,1,empty,empty,1,field_out,9,4,5
2025-09-09,TEX202509090,MIL,"Chourio, Jackson",chouj001,5,2,empty,empty,1,single,9,4,5
2025-09-09,TEX202509090,MIL,"Yelich, Christian",yelic001,5,2,1B,1B,1,field_out,9,4,5
2025-09-10,TEX202509100,MIL,"Turang, Brice",turab002,1,0,empty,empty,1,home_run,1,0,0
2025-09-10,TEX202509100,MIL,"Chourio, Jackson",chouj001,1,0,empty,empty,1,home_run,1,1,0
2025-09-10,TEX202509100,MIL,"Yelich, Christian",yelic001,1,0,empty,empty,1,field_out,1,2,0
2025-09-10,TEX202509100,MIL,"Bauers, Jake",bauej001,1,1,empty,empty,1,field_out,1,2,0
2025-09-10,TEX202509100,MIL,"Frelick, Sal",frels001,1,2,empty,empty,1,strikeout,1,2,0
2025-09-10,TEX202509100,MIL,"Durbin, Caleb",durbc002,1,0,empty,empty,1,field_out,2,2,0
2025-09-10,TEX202509100,MIL,"Perkins, Blake",perkb002,1,1,empty,empty,1,strikeout,2,2,0
2025-09-10,TEX202509100,MIL,"Jansen, Danny",jansd001,1,2,empty,empty,1,strikeout,2,2,0
2025-09-10,TEX202509100,MIL,"Ortiz, Joey",ortij005,1,0,empty,empty,1,single,3,2,1
2025-09-10,TEX202509100,MIL,"Turang, Brice",turab002,2,0,1B,1B,1,field_out,3,2,1
2025-09-10,TEX202509100,MIL,"Chourio, Jackson",chouj001,2,1,1B,1B,1,field_out,3,2,1
2025-09-10,TEX202509100,MIL,"Yelich, Christian",yelic001,2,2,2B,2B,1,strikeout,3,2,1
2025-09-10,TEX202509100,MIL,"Bauers, Jake",bauej001,2,0,empty,empty,1,field_out,4,2,3
2025-09-10,TEX202509100,MIL,"Frelick, Sal",frels001,2,1,empty,empty,1,field_out,4,2,3
2025-09-10,TEX202509100,MIL,"Durbin, Caleb",durbc002,2,2,empty,empty,1,single,4,2,3
2025-09-10,TEX202509100,MIL,"Perkins, Blake",perkb002,2,2,1B,1B,1,single,4,2,3
2025-09-10,TEX202509100,MIL,"Jansen, Danny",jansd001,2,2,1B+2B,1B+2B,1,single,4,2,3
2025-09-10,TEX202509100,MIL,"Ortiz, Joey",ortij005,2,2,1B+2B+3B,1B+2B+3B,1,field_out,4,2,3
2025-09-10,TEX202509100,MIL,"Turang, Brice",turab002,3,0,empty,empty,1,single,5,2,3
2025-09-10,TEX202509100,MIL,"Chourio, Jackson",chouj001,3,0,1B,1B,1,field_out,5,2,3
2025-09-10,TEX202509100,MIL,"Yelich, Christian",yelic001,3,1,1B,2B,0,strikeout,5,2,3
2025-09-10,TEX202509100,MIL,"Bauers, Jake",bauej001,3,2,2B,2B,1,strikeout,5,2,3
2025-09-10,TEX202509100,MIL,"Frelick, Sal",frels001,3,0,empty,empty,1,field_out,6,2,5
2025-09-10,TEX202509100,MIL,"Durbin, Caleb",durbc002,3,1,empty,empty,1,single,6,2,5
2025-09-10,TEX202509100,MIL,"Perkins, Blake",perkb002,3,1,1B,1B,1,field_out,6,2,5
2025-09-10,TEX202509100,MIL,"Jansen, Danny",jansd001,3,2,1B,1B,1,single,6,2,5
2025-09-10,TEX202509100,MIL,"Hoskins, Rhys",hoskr001,1,2,1B+3B,1B+3B,1,single,6,2,5
2025-09-10,TEX202509100,MIL,"Turang, Brice",turab002,4,2,1B+2B,1B+2B,1,field_out,6,3,5
2025-09-10,TEX202509100,MIL,"Chourio, Jackson",chouj001,4,0,empty,empty,1,field_out,7,3,5
2025-09-10,TEX202509100,MIL,"Yelich, Christian",yelic001,4,1,empty,empty,1,strikeout,7,3,5
2025-09-10,TEX202509100,MIL,"Vaughn, Andrew",vauga001,1,2,empty,empty,1,field_out,7,3,5
2025-09-10,TEX202509100,MIL,"Frelick, Sal",frels001,4,0,empty,empty,1,single,8,3,5
2025-09-10,TEX202509100,MIL,"Durbin, Caleb",durbc002,4,0,1B,1B,1,grounded_into_double_play,8,3,5
2025-09-10,TEX202509100,MIL,"Perkins, Blake",perkb002,4,2,empty,empty,1,strikeout,8,3,5
2025-09-10,TEX202509100,MIL,"Jansen, Danny",jansd001,4,0,empty,empty,1,strikeout,9,3,6
2025-09-10,TEX202509100,MIL,"Collins, Isaac",colli001,1,1,empty,empty,1,walk,9,3,6
2025-09-10,TEX202509100,MIL,"Turang, Brice",turab002,5,1,1B,1B,1,strikeout,9,3,6
2025-09-10,TEX202509100,MIL,"Chourio, Jackson",chouj001,5,2,1B,2B,0,field_out,9,3,6
2025-09-12,MIL202509120,MIL,"Frelick, Sal",frels001,1,0,empty,empty,1,field_out,1,0,0
2025-09-12,MIL202509120,MIL,"Chourio, Jackson",chouj001,1,1,empty,empty,1,field_out,1,0,0
2025-09-12,MIL202509120,MIL,"Turang, Brice",turab002,1,2,empty,empty,1,field_out,1,0,0
2025-09-12,MIL202509120,MIL,"Contreras, William",contw002,1,0,empty,empty,1,field_out,2,0,0
2025-09-12,MIL202509120,MIL,"Yelich, Christian",yelic001,1,1,empty,empty,1,field_out,2,0,0
2025-09-12,MIL202509120,MIL,"Collins, Isaac",colli001,1,2,empty,empty,1,field_out,2,0,0
2025-09-12,MIL202509120,MIL,"Bauers, Jake",bauej001,1,0,empty,empty,1,walk,3,0,0
2025-09-12,MIL202509120,MIL,"Durbin, Caleb",durbc002,1,0,1B,1B,1,walk,3,0,0
2025-09-12,MIL202509120,MIL,"Ortiz, Joey",ortij005,1,0,1B+2B,1B+2B,1,sac_bunt,3,0,0
2025-09-12,MIL202509120,MIL,"Frelick, Sal",frels001,2,0,1B+2B+3B,1B+2B+3B,1,walk,3,0,0
2025-09-12,MIL202509120,MIL,"Chourio, Jackson",chouj001,2,0,1B+2B+3B,1B+2B+3B,1,sac_fly,3,1,0
2025-09-12,MIL202509120,MIL,"Turang, Brice",turab002,2,1,3B,3B,1,fielders_choice,3,3,0
2025-09-12,MIL202509120,MIL,"Contreras, William",contw002,2,1,1B,1B,1,grounded_into_double_play,3,4,0
2025-09-12,MIL202509120,MIL,"Yelich, Christian",yelic001,2,0,empty,empty,1,field_out,4,4,0
2025-09-12,MIL202509120,MIL,"Collins, Isaac",colli001,2,1,empty,empty,1,single,4,4,0
2025-09-12,MIL202509120,MIL,"Bauers, Jake",bauej001,2,1,1B,1B,1,double,4,4,0
2025-09-12,MIL202509120,MIL,"Durbin, Caleb",durbc002,2,1,2B,2B,1,double_play,4,5,0
2025-09-12,MIL202509120,MIL,"Ortiz, Joey",ortij005,2,0,empty,empty,1,field_out,5,5,0
2025-09-12,MIL202509120,MIL,"Frelick, Sal",frels001,3,1,empty,empty,1,field_out,5,5,0
2025-09-12,MIL202509120,MIL,"Chourio, Jackson",chouj001,3,2,empty,empty,1,walk,5,5,0
2025-09-12,MIL202509120,MIL,"Turang, Brice",turab002,3,2,1B,1B,1,single,5,5,0
2025-09-12,MIL202509120,MIL,"Contreras, William",contw002,3,2,1B+3B,1B+3B,1,field_out,5,5,0
2025-09-12,MIL202509120,MIL,"Yelich, Christian",yelic001,3,0,empty,empty,1,field_out,6,5,2
2025-09-12,MIL202509120,MIL,"Collins, Isaac",colli001,3,1,empty,empty,1,single,6,5,2
2025-09-12,MIL202509120,MIL,"Vaughn, Andrew",vauga001,1,2,1B,empty,0,walk,6,5,2
2025-09-12,MIL202509120,MIL,"Durbin, Caleb",durbc002,3,2,1B,1B,1,single,6,5,2
2025-09-12,MIL202509120,MIL,"Ortiz, Joey",ortij005,3,2,1B+2B,1B+2B,1,single,6,5,2
2025-09-12,MIL202509120,MIL,"Frelick, Sal",frels001,4,2,1B+2B+3B,1B+2B+3B,1,field_out,6,5,2
2025-09-12,MIL202509120,MIL,"Chourio, Jackson",chouj001,4,0,empty,empty,1,single,7,5,2
2025-09-12,MIL202509120,MIL,"Turang, Brice",turab002,4,0,1B,1B,1,field_out,7,5,2
2025-09-12,MIL202509120,MIL,"Contreras, William",contw002,4,1,1B,2B,0,strikeout,7,5,2
2025-09-12,MIL202509120,MIL,"Yelich, Christian",yelic001,4,2,2B,2B,1,home_run,7,5,2
2025-09-12,MIL202509120,MIL,"Collins, Isaac",colli001,4,2,empty,empty,1,field_out,7,7,2
2025-09-12,MIL202509120,MIL,"Vaughn, Andrew",vauga001,2,0,empty,empty,1,field_out,8,7,2
2025-09-12,MIL202509120,MIL,"Durbin, Caleb",durbc002,4,1,empty,empty,1,field_out,8,7,2
2025-09-12,MIL202509120,MIL,"Ortiz, Joey",ortij005,4,2,empty,empty,1,field_error,8,7,2
2025-09-12,MIL202509120,MIL,"Frelick, Sal",frels001,5,2,1B,1B,1,single,8,7,2
2025-09-12,MIL202509120,MIL,"Chourio, Jackson",chouj001,5,2,1B+3B,1B+3B,1,single,8,7,2
2025-09-12,MIL202509120,MIL,"Turang, Brice",turab002,5,2,1B+2B,1B+2B,1,strikeout,8,8,2
2025-09-13,MIL202509130,MIL,"Frelick, Sal",frels001,1,0,empty,empty,1,strikeout,1,0,2
2025-09-13,MIL202509130,MIL,"Chourio, Jackson",chouj001,1,1,empty,empty,1,strikeout,1,0,2
2025-09-13,MIL202509130,MIL,"Turang, Brice",turab002,1,2,empty,empty,1,strikeout,1,0,2
2025-09-13,MIL202509130,MIL,"Contreras, William",contw002,1,0,empty,empty,1,single,2,0,2
2025-09-13,MIL202509130,MIL,"Yelich, Christian",yelic001,1,0,1B,1B,1,strikeout_double_play,2,0,2
2025-09-13,MIL202509130,MIL,"Collins, Isaac",colli001,1,2,empty,empty,1,field_out,2,0,2
2025-09-13,MIL202509130,MIL,"Bauers, Jake",bauej001,1,0,empty,empty,1,single,3,0,3
2025-09-13,MIL202509130,MIL,"Durbin, Caleb",durbc002,1,0,1B,1B,1,single,3,0,3
2025-09-13,MIL202509130,MIL,"Ortiz, Joey",ortij005,1,0,1B+2B,1B+2B,1,single,3,0,3
2025-09-13,MIL202509130,MIL,"Frelick, Sal",frels001,2,0,1B+2B+3B,1B+2B+3B,1,sac_fly,3,0,3
2025-09-13,MIL202509130,MIL,"Chourio, Jackson",chouj001,2,1,2B+3B,2B+3B,1,strikeout,3,1,3
2025-09-13,MIL202509130,MIL,"Turang, Brice",turab002,2,2,2B+3B,2B+3B,1,field_out,3,1,3
2025-09-13,MIL202509130,MIL,"Contreras, William",contw002,2,0,empty,empty,1,strikeout,4,1,3
2025-09-13,MIL202509130,MIL,"Yelich, Christian",yelic001,2,1,empty,empty,1,strikeout,4,1,3
2025-09-13,MIL202509130,MIL,"Collins, Isaac",colli001,2,2,empty,empty,1,field_out,4,1,3
2025-09-13,MIL202509130,MIL,"Bauers, Jake",bauej001,2,0,empty,empty,1,strikeout,5,1,4
2025-09-13,MIL202509130,MIL,"Durbin, Caleb",durbc002,2,1,empty,empty,1,field_out,5,1,4
2025-09-13,MIL202509130,MIL,"Ortiz, Joey",ortij005,2,2,empty,empty,1,field_out,5,1,4
2025-09-13,MIL202509130,MIL,"Frelick, Sal",frels001,3,0,empty,empty,1,walk,6,1,6
2025-09-13,MIL202509130,MIL,"Chourio, Jackson",chouj001,3,0,1B,1B,1,single,6,1,6
2025-09-13,MIL202509130,MIL,"Turang, Brice",turab002,3,0,1B+2B,2B+3B,0,strikeout,6,1,6
2025-09-13,MIL202509130,MIL,"Contreras, William",contw002,3,1,2B+3B,2B+3B,1,sac_fly,6,1,6
2025-09-13,MIL202509130,MIL,"Yelich, Christian",yelic001,3,2,2B,2B,1,field_out,6,2,6
2025-09-13,MIL202509130,MIL,"Collins, Isaac",colli001,3,0,empty,empty,1,strikeout,7,2,6
2025-09-13,MIL202509130,MIL,"Bauers, Jake",bauej001,3,1,empty,empty,1,field_out,7,2,6
2025-09-13,MIL202509130,MIL,"Durbin, Caleb",durbc002,3,2,empty,empty,1,walk,7,2,6
2025-09-13,MIL202509130,MIL,"Hoskins, Rhys",hoskr001,1,2,1B,1B,1,strikeout,7,2,6
2025-09-13,MIL202509130,MIL,"Frelick, Sal",frels001,4,0,empty,empty,1,single,8,2,6
2025-09-13,MIL202509130,MIL,"Chourio, Jackson",chouj001,4,0,1B,1B,1,walk,8,2,6
2025-09-13,MIL202509130,MIL,"Turang, Brice",turab002,4,0,1B+2B,1B+2B,1,walk,8,2,6
2025-09-13,MIL202509130,MIL,"Contreras, William",contw002,4,0,1B+2B+3B,1B+2B+3B,1,sac_fly,8,2,6
2025-09-13,MIL202509130,MIL,"Yelich, Christian",yelic001,4,1,1B+3B,1B+3B,1,field_out,8,3,6
2025-09-13,MIL202509130,MIL,"Collins, Isaac",colli001,4,2,2B,2B,1,walk,8,4,6
2025-09-13,MIL202509130,MIL,"Bauers, Jake",bauej001,4,2,1B+2B,1B+2B,1,field_out,8,4,6
2025-09-13,MIL202509130,MIL,"Durbin, Caleb",durbc002,4,0,empty,empty,1,hit_by_pitch,9,4,7
2025-09-13,MIL202509130,MIL,"Monasterio, Andruw",monaa001,1,0,1B,1B,1,hit_by_pitch,9,4,7
2025-09-13,MIL202509130,MIL,"Frelick, Sal",frels001,5,0,1B+2B,1B+2B,1,double,9,4,7
2025-09-13,MIL202509130,MIL,"Chourio, Jackson",chouj001,5,0,2B+3B,2B+3B,1,single,9,5,7
2025-09-13,MIL202509130,MIL,"Turang, Brice",turab002,5,0,1B+3B,1B+3B,1,field_out,9,6,7
2025-09-13,MIL202509130,MIL,"Contreras, William",contw002,5,1,1B+3B,1B+3B,1,single,9,6,7
2025-09-13,MIL202509130,MIL,"Yelich, Christian",yelic001,5,1,1B+2B,1B+2B,1,strikeout,9,7,7
2025-09-13,MIL202509130,MIL,"Collins, Isaac",colli001,5,2,1B+2B,1B+2B,1,field_out,9,7,7
2025-09-13,MIL202509130,MIL,"Bauers, Jake",bauej001,5,0,2B,2B,1,field_out,10,7,8
2025-09-13,MIL202509130,MIL,"Durbin, Caleb",durbc002,5,1,3B,3B,1,double,10,7,8
2025-09-13,MIL202509130,MIL,"Monasterio, Andruw",monaa001,2,1,2B,2B,1,single,10,8,8
2025-09-14,MIL202509140,MIL,"Frelick, Sal",frels001,1,0,empty,empty,1,single,1,0,0
2025-09-14,MIL202509140,MIL,"Chourio, Jackson",chouj001,1,0,1B,1B,1,field_out,1,0,0
2025-09-14,MIL202509140,MIL,"Yelich, Christian",yelic001,1,1,1B,1B,1,single,1,0,0
2025-09-14,MIL202509140,MIL,"Collins, Isaac",colli001,1,1,1B+2B,1B+2B,1,field_out,1,0,0
2025-09-14,MIL202509140,MIL,"Turang, Brice",turab002,1,2,1B+2B,1B+2B,1,field_out,1,0,0
2025-09-14,MIL202509140,MIL,"Durbin, Caleb",durbc002,1,0,empty,empty,1,double,2,0,3
2025-09-14,MIL202509140,MIL,"Bauers, Jake",bauej001,1,0,2B,2B,1,strikeout,2,0,3
2025-09-14,MIL202509140,MIL,"Jansen, Danny",jansd001,1,1,2B,2B,1,strikeout,2,0,3
2025-09-14,MIL202509140,MIL,"Monasterio, Andruw",monaa001,1,2,2B,2B,1,strikeout,2,0,3
2025-09-14,MIL202509140,MIL,"Frelick, Sal",frels001,2,0,empty,empty,1,field_out,3,0,3
2025-09-14,MIL202509140,MIL,"Chourio, Jackson",chouj001,2,1,empty,empty,1,field_out,3,0,3
2025-09-14,MIL202509140,MIL,"Yelich, Christian",yelic001,2,2,empty,empty,1,strikeout,3,0,3
2025-09-14,MIL202509140,MIL,"Collins, Isaac",colli001,2,0,empty,empty,1,field_out,4,0,3
2025-09-14,MIL202509140,MIL,"Turang, Brice",turab002,2,1,empty,empty,1,field_out,4,0,3
2025-09-14,MIL202509140,MIL,"Durbin, Caleb",durbc002,2,2,empty,empty,1,home_run,4,0,3
2025-09-14,MIL202509140,MIL,"Bauers, Jake",bauej001,2,2,empty,empty,1,field_out,4,1,3
2025-09-14,MIL202509140,MIL,"Jansen, Danny",jansd001,2,0,empty,empty,1,home_run,5,1,3
2025-09-14,MIL202509140,MIL,"Monasterio, Andruw",monaa001,2,0,empty,empty,1,field_out,5,2,3
2025-09-14,MIL202509140,MIL,"Frelick, Sal",frels001,3,1,empty,empty,1,strikeout,5,2,3
2025-09-14,MIL202509140,MIL,"Chourio, Jackson",chouj001,3,2,empty,empty,1,field_out,5,2,3
2025-09-14,MIL202509140,MIL,"Yelich, Christian",yelic001,3,0,empty,empty,1,field_out,6,2,3
2025-09-14,MIL202509140,MIL,"Vaughn, Andrew",vauga001,1,1,empty,empty,1,single,6,2,3
2025-09-14,MIL202509140,MIL,"Turang, Brice",turab002,3,1,1B,1B,1,single,6,2,3
2025-09-14,MIL202509140,MIL,"Durbin, Caleb",durbc002,3,1,1B+2B,1B+2B,1,strikeout,6,2,3
2025-09-14,MIL202509140,MIL,"Perkins, Blake",perkb002,1,2,1B+2B,1B+2B,1,field_out,6,2,3
2025-09-14,MIL202509140,MIL,"Jansen, Danny",jansd001,3,0,empty,empty,1,walk,7,2,3
2025-09-14,MIL202509140,MIL,"Monasterio, Andruw",monaa001,3,0,1B,1B,1,strikeout,7,2,3
2025-09-14,MIL202509140,MIL,"Frelick, Sal",frels001,4,1,1B,1B,1,field_out,7,2,3
2025-09-14,MIL202509140,MIL,"Chourio, Jackson",chouj001,4,2,1B,1B,1,field_out,7,2,3
2025-09-14,MIL202509140,MIL,"Yelich, Christian",yelic001,4,0,empty,empty,1,field_out,8,2,3
2025-09-14,MIL202509140,MIL,"Vaughn, Andrew",vauga001,2,1,empty,empty,1,single,8,2,3
2025-09-14,MIL202509140,MIL,"Turang, Brice",turab002,4,1,1B,1B,1,field_out,8,2,3
2025-09-14,MIL202509140,MIL,"Durbin, Caleb",durbc002,4,2,1B,1B,1,field_out,8,2,3
2025-09-14,MIL202509140,MIL,"Perkins, Blake",perkb002,2,0,empty,empty,1,strikeout,9,2,3
2025-09-14,MIL202509140,MIL,"Jansen, Danny",jansd001,4,1,empty,empty,1,field_out,9,2,3
2025-09-14,MIL202509140,MIL,"Monasterio, Andruw",monaa001,4,2,empty,empty,1,walk,9,2,3
2025-09-14,MIL202509140,MIL,"Frelick, Sal",frels001,5,2,1B,1B,1,strikeout,9,2,3
2025-09-16,MIL202509160,MIL,"Frelick, Sal",frels001,1,0,empty,empty,1,strikeout,1,0,0
2025-09-16,MIL202509160,MIL,"Chourio, Jackson",chouj001,1,1,empty,empty,1,walk,1,0,0
2025-09-16,MIL202509160,MIL,"Yelich, Christian",yelic001,1,1,1B,2B,0,double,1,0,0
2025-09-16,MIL202509160,MIL,"Contreras, William",contw002,1,2,2B,empty,0,walk,1,1,0
2025-09-16,MIL202509160,MIL,"Turang, Brice",turab002,1,2,1B,1B,1,double,1,1,0
2025-09-16,MIL202509160,MIL,"Vaughn, Andrew",vauga001,1,2,2B+3B,2B+3B,1,field_out,1,1,0
2025-09-16,MIL202509160,MIL,"Durbin, Caleb",durbc002,1,0,empty,empty,1,single,2,1,0
2025-09-16,MIL202509160,MIL,"Perkins, Blake",perkb002,1,0,1B,2B,0,single,2,1,0
2025-09-16,MIL202509160,MIL,"Ortiz, Joey",ortij005,1,0,1B+3B,2B+3B,0,strikeout,2,1,0
2025-09-16,MIL202509160,MIL,"Frelick, Sal",frels001,2,1,2B+3B,2B+3B,1,sac_fly,2,1,0
2025-09-16,MIL202509160,MIL,"Chourio, Jackson",chouj001,2,2,2B,2B,1,field_out,2,2,0
2025-09-16,MIL202509160,MIL,"Yelich, Christian",yelic001,2,0,empty,empty,1,field_out,3,2,0
2025-09-16,MIL202509160,MIL,"Contreras, William",contw002,2,1,empty,empty,1,single,3,2,0
2025-09-16,MIL202509160,MIL,"Turang, Brice",turab002,2,1,1B,1B,1,field_out,3,2,0
2025-09-16,MIL202509160,MIL,"Vaughn, Andrew",vauga001,2,2,1B,1B,1,single,3,2,0
2025-09-16,MIL202509160,MIL,"Durbin, Caleb",durbc002,2,2,1B+3B,1B+3B,1,single,3,2,0
2025-09-16,MIL202509160,MIL,"Perkins, Blake",perkb002,2,2,1B+2B,1B+2B,1,strikeout,3,3,0
2025-09-16,MIL202509160,MIL,"Ortiz, Joey",ortij005,2,0,empty,empty,1,field_out,4,3,0
2025-09-16,MIL202509160,MIL,"Frelick, Sal",frels001,3,1,empty,empty,1,walk,4,3,0
2025-09-16,MIL202509160,MIL,"Chourio, Jackson",chouj001,3,1,1B,1B,1,strikeout,4,3,0
2025-09-16,MIL202509160,MIL,"Yelich, Christian",yelic001,3,2,1B,1B,1,home_run,4,3,0
2025-09-16,MIL202509160,MIL,"Contreras, William",contw002,3,2,empty,empty,1,field_out,4,5,0
2025-09-16,MIL202509160,MIL,"Turang, Brice",turab002,3,0,empty,empty,1,strikeout,5,5,1
2025-09-16,MIL202509160,MIL,"Vaughn, Andrew",vauga001,3,1,empty,empty,1,strikeout,5,5,1
2025-09-16,MIL202509160,MIL,"Durbin, Caleb",durbc002,3,2,empty,empty,1,field_out,5,5,1
2025-09-16,MIL202509160,MIL,"Perkins, Blake",perkb002,3,0,empty,empty,1,strikeout,6,5,1
2025-09-16,MIL202509160,MIL,"Ortiz, Joey",ortij005,3,1,empty,empty,1,field_out,6,5,1
2025-09-16,MIL202509160,MIL,"Frelick, Sal",frels001,4,2,empty,empty,1,double,6,5,1
2025-09-16,MIL202509160,MIL,"Chourio, Jackson",chouj001,4,2,2B,2B,1,field_out,6,5,1
2025-09-16,MIL202509160,MIL,"Yelich, Christian",yelic001,4,0,empty,empty,1,field_out,7,5,2
2025-09-16,MIL202509160,MIL,"Contreras, William",contw002,4,1,empty,empty,1,field_out,7,5,2
2025-09-16,MIL202509160,MIL,"Turang, Brice",turab002,4,2,empty,empty,1,walk,7,5,2
2025-09-16,MIL202509160,MIL,"Vaughn, Andrew",vauga001,4,2,1B,1B,1,double,7,5,2
2025-09-16,MIL202509160,MIL,"Durbin, Caleb",durbc002,4,2,2B,2B,1,field_out,7,6,2
2025-09-16,MIL202509160,MIL,"Perkins, Blake",perkb002,4,0,empty,empty,1,walk,8,6,2
2025-09-16,MIL202509160,MIL,"Ortiz, Joey",ortij005,4,0,1B,1B,1,field_out,8,6,2
2025-09-16,MIL202509160,MIL,"Frelick, Sal",frels001,5,1,1B,1B,1,walk,8,6,2
2025-09-16,MIL202509160,MIL,"Chourio, Jackson",chouj001,5,1,1B+2B,1B+2B,1,single,8,6,2
2025-09-16,MIL202509160,MIL,"Yelich, Christian",yelic001,5,1,1B+2B,1B+2B,1,single,8,7,2
2025-09-16,MIL202509160,MIL,"Contreras, William",contw002,5,1,1B+2B+3B,1B+2B+3B,1,single,8,7,2
2025-09-16,MIL202509160,MIL,"Turang, Brice",turab002,5,1,1B+2B,1B+2B,1,field_out,8,9,2
2025-09-16,MIL202509160,MIL,"Vaughn, Andrew",vauga001,5,2,1B+3B,1B+3B,1,field_out,8,9,2
2025-09-17,MIL202509170,MIL,"Frelick, Sal",frels001,1,0,empty,empty,1,walk,1,0,0
2025-09-17,MIL202509170,MIL,"Chourio, Jackson",chouj001,1,0,1B,1B,1,grounded_into_double_play,1,0,0
2025-09-17,MIL202509170,MIL,"Yelich, Christian",yelic001,1,2,empty,empty,1,field_out,1,0,0
2025-09-17,MIL202509170,MIL,"Contreras, William",contw002,1,0,empty,empty,1,walk,2,0,0
2025-09-17,MIL202509170,MIL,"Turang, Brice",turab002,1,0,1B,1B,1,single,2,0,0
2025-09-17,MIL202509170,MIL,"Durbin, Caleb",durbc002,1,0,1B+2B,1B+2B,1,field_out,2,0,0
2025-09-17,MIL202509170,MIL,"Bauers, Jake",bauej001,1,1,1B+2B,1B+2B,1,single,2,0,0
2025-09-17,MIL202509170,MIL,"Perkins, Blake",perkb002,1,1,1B+2B+3B,1B+2B+3B,1,single,2,0,0
2025-09-17,MIL202509170,MIL,"Monasterio, Andruw",monaa001,1,1,1B+2B,1B+2B,1,field_out,2,2,0
2025-09-17,MIL202509170,MIL,"Frelick, Sal",frels001,2,2,1B+2B,1B+2B,1,home_run,2,2,0
2025-09-17,MIL202509170,MIL,"Chourio, Jackson",chouj001,2,2,empty,empty,1,strikeout,2,5,0
2025-09-17,MIL202509170,MIL,"Yelich, Christian",yelic001,2,0,empty,empty,1,field_out,3,5,0
2025-09-17,MIL202509170,MIL,"Contreras, William",contw002,2,1,empty,empty,1,strikeout,3,5,0
2025-09-17,MIL202509170,MIL,"Turang, Brice",turab002,2,2,empty,empty,1,strikeout,3,5,0
2025-09-17,MIL202509170,MIL,"Durbin, Caleb",durbc002,2,0,empty,empty,1,field_out,4,5,1
2025-09-17,MIL202509170,MIL,"Bauers, Jake",bauej001,2,1,empty,empty,1,field_out,4,5,1
2025-09-17,MIL202509170,MIL,"Perkins, Blake",perkb002,2,2,empty,empty,1,field_out,4,5,1
2025-09-17,MIL202509170,MIL,"Monasterio, Andruw",monaa001,2,0,empty,empty,1,strikeout,5,5,1
2025-09-17,MIL202509170,MIL,"Frelick, Sal",frels001,3,1,empty,empty,1,field_out,5,5,1
2025-09-17,MIL202509170,MIL,"Chourio, Jackson",chouj001,3,2,empty,empty,1,strikeout,5,5,1
2025-09-17,MIL202509170,MIL,"Yelich, Christian",yelic001,3,0,empty,empty,1,field_out,6,5,2
2025-09-17,MIL202509170,MIL,"Contreras, William",contw002,3,1,empty,empty,1,double,6,5,2
2025-09-17,MIL202509170,MIL,"Turang, Brice",turab002,3,1,2B,2B,1,walk,6,5,2
2025-09-17,MIL202509170,MIL,"Durbin, Caleb",durbc002,3,1,1B+2B,1B+2B,1,field_error,6,5,2
2025-09-17,MIL202509170,MIL,"Bauers, Jake",bauej001,3,1,2B+3B,2B+3B,1,strikeout,6,6,2
2025-09-17,MIL202509170,MIL,"Perkins, Blake",perkb002,3,2,2B+3B,2B+3B,1,field_out,6,6,2
2025-09-17,MIL202509170,MIL,"Monasterio, Andruw",monaa001,3,0,empty,empty,1,strikeout,7,6,2
2025-09-17,MIL202509170,MIL,"Frelick, Sal",frels001,4,1,empty,empty,1,field_out,7,6,2
2025-09-17,MIL202509170,MIL,"Chourio, Jackson",chouj001,4,2,empty,empty,1,field_out,7,6,2
2025-09-17,MIL202509170,MIL,"Yelich, Christian",yelic001,4,0,empty,empty,1,walk,8,6,2
2025-09-17,MIL202509170,MIL,"Contreras, William",contw002,4,0,1B,1B,1,strikeout,8,6,2
2025-09-17,MIL202509170,MIL,"Turang, Brice",turab002,4,1,1B,1B,1,walk,8,6,2
2025-09-17,MIL202509170,MIL,"Durbin, Caleb",durbc002,4,1,1B+2B,1B+2B,1,walk,8,6,2
2025-09-17,MIL202509170,MIL,"Bauers, Jake",bauej001,4,1,1B+2B+3B,1B+2B+3B,1,field_out,8,6,2
2025-09-17,MIL202509170,MIL,"Perkins, Blake",perkb002,4,2,1B+2B+3B,1B+2B+3B,1,triple,8,6,2
2025-09-17,MIL202509170,MIL,"Ortiz, Joey",ortij005,1,2,3B,3B,1,field_out,8,9,2
2025-09-18,MIL202509180,MIL,"Chourio, Jackson",chouj001,1,0,empty,empty,1,strikeout,1,0,0
2025-09-18,MIL202509180,MIL,"Turang, Brice",turab002,1,1,empty,empty,1,walk,1,0,0
2025-09-18,MIL202509180,MIL,"Contreras, William",contw002,1,1,1B,1B,1,field_out,1,0,0
2025-09-18,MIL202509180,MIL,"Yelich, Christian",yelic001,1,2,1B,1B,1,field_out,1,0,0
2025-09-18,MIL202509180,MIL,"Vaughn, Andrew",vauga001,1,0,empty,empty,1,field_out,2,0,0
2025-09-18,MIL202509180,MIL,"Collins, Isaac",colli001,1,1,empty,empty,1,field_out,2,0,0
2025-09-18,MIL202509180,MIL,"Durbin, Caleb",durbc002,1,2,empty,empty,1,walk,2,0,0
2025-09-18,MIL202509180,MIL,"Perkins, Blake",perkb002,1,2,1B,1B,1,field_out,2,0,0
2025-09-18,MIL202509180,MIL,"Ortiz, Joey",ortij005,1,0,empty,empty,1,single,3,0,0
2025-09-18,MIL202509180,MIL,"Chourio, Jackson",chouj001,2,0,1B,1B,1,grounded_into_double_play,3,0,0
2025-09-18,MIL202509180,MIL,"Turang, Brice",turab002,2,2,empty,empty,1,single,3,0,0
2025-09-18,MIL202509180,MIL,"Contreras, William",contw002,2,2,1B,1B,1,field_out,3,0,0
2025-09-18,MIL202509180,MIL,"Yelich, Christian",yelic001,2,0,empty,empty,1,field_out,4,0,0
2025-09-18,MIL202509180,MIL,"Vaughn, Andrew",vauga001,2,1,empty,empty,1,double,4,0,0
2025-09-18,MIL202509180,MIL,"Collins, Isaac",colli001,2,1,2B,2B,1,field_out,4,0,0
2025-09-18,MIL202509180,MIL,"Durbin, Caleb",durbc002,2,2,3B,3B,1,single,4,0,0
2025-09-18,MIL202509180,MIL,"Perkins, Blake",perkb002,2,2,1B,1B,1,field_out,4,1,0
2025-09-18,MIL202509180,MIL,"Ortiz, Joey",ortij005,2,0,empty,empty,1,field_out,5,1,2
2025-09-18,MIL202509180,MIL,"Chourio, Jackson",chouj001,3,1,empty,empty,1,field_out,5,1,2
2025-09-18,MIL202509180,MIL,"Turang, Brice",turab002,3,2,empty,empty,1,strikeout,5,1,2
2025-09-18,MIL202509180,MIL,"Contreras, William",contw002,3,0,empty,empty,1,field_out,6,1,2
2025-09-18,MIL202509180,MIL,"Yelich, Christian",yelic001,3,1,empty,empty,1,single,6,1,2
2025-09-18,MIL202509180,MIL,"Vaughn, Andrew",vauga001,3,1,1B,1B,1,walk,6,1,2
2025-09-18,MIL202509180,MIL,"Collins, Isaac",colli001,3,1,1B+2B,1B+2B,1,field_out,6,1,2
2025-09-18,MIL202509180,MIL,"Durbin, Caleb",durbc002,3,2,1B+2B,1B+2B,1,single,6,1,2
2025-09-18,MIL202509180,MIL,"Perkins, Blake",perkb002,3,2,1B+2B,1B+2B,1,walk,6,2,2
2025-09-18,MIL202509180,MIL,"Ortiz, Joey",ortij005,3,2,1B+2B+3B,1B+2B+3B,1,field_out,6,2,2
2025-09-18,MIL202509180,MIL,"Chourio, Jackson",chouj001,4,0,empty,empty,1,double,7,2,2
2025-09-18,MIL202509180,MIL,"Turang, Brice",turab002,4,0,2B,2B,1,single,7,2,2
2025-09-18,MIL202509180,MIL,"Contreras, William",contw002,4,0,2B,2B,1,walk,7,3,2
2025-09-18,MIL202509180,MIL,"Yelich, Christian",yelic001,4,0,1B+2B,1B+2B,1,double,7,3,2
2025-09-18,MIL202509180,MIL,"Vaughn, Andrew",vauga001,4,0,2B+3B,2B+3B,1,sac_fly,7,4,2
2025-09-18,MIL202509180,MIL,"Collins, Isaac",colli001,4,1,2B,2B,1,field_out,7,5,2
2025-09-18,MIL202509180,MIL,"Durbin, Caleb",durbc002,4,2,2B,2B,1,field_out,7,5,2
2025-09-18,MIL202509180,MIL,"Perkins, Blake",perkb002,4,0,empty,empty,1,field_out,8,5,2
2025-09-18,MIL202509180,MIL,"Ortiz, Joey",ortij005,4,1,empty,empty,1,field_out,8,5,2
2025-09-18,MIL202509180,MIL,"Chourio, Jackson",chouj001,5,2,empty,empty,1,field_out,8,5,2
2025-09-19,SLN202509190,MIL,"Frelick, Sal",frels001,1,0,empty,empty,1,strikeout,1,0,0
2025-09-19,SLN202509190,MIL,"Chourio, Jackson",chouj001,1,1,empty,empty,1,single,1,0,0
2025-09-19,SLN202509190,MIL,"Yelich, Christian",yelic001,1,1,1B,1B,1,single,1,0,0
2025-09-19,SLN202509190,MIL,"Contreras, William",contw002,1,1,1B+2B,1B+2B,1,field_out,1,0,0
2025-09-19,SLN202509190,MIL,"Turang, Brice",turab002,1,2,1B+2B,1B+2B,1,strikeout,1,0,0
2025-09-19,SLN202509190,MIL,"Collins, Isaac",colli001,1,0,empty,empty,1,strikeout,2,0,1
2025-09-19,SLN202509190,MIL,"Bauers, Jake",bauej001,1,1,empty,empty,1,single,2,0,1
2025-09-19,SLN202509190,MIL,"Durbin, Caleb",durbc002,1,1,1B,1B,1,strikeout,2,0,1
2025-09-19,SLN202509190,MIL,"Ortiz, Joey",ortij005,1,2,1B,2B,0,field_out,2,0,1
2025-09-19,SLN202509190,MIL,"Frelick, Sal",frels001,2,0,empty,empty,1,home_run,3,0,2
2025-09-19,SLN202509190,MIL,"Chourio, Jackson",chouj001,2,0,empty,empty,1,field_out,3,1,2
2025-09-19,SLN202509190,MIL,"Yelich, Christian",yelic001,2,1,empty,empty,1,strikeout,3,1,2
2025-09-19,SLN202509190,MIL,"Contreras, William",contw002,2,2,empty,empty,1,single,3,1,2
2025-09-19,SLN202509190,MIL,"Turang, Brice",turab002,2,2,1B,1B,1,field_out,3,1,2
2025-09-19,SLN202509190,MIL,"Collins, Isaac",colli001,2,0,empty,empty,1,field_out,4,1,2
2025-09-19,SLN202509190,MIL,"Bauers, Jake",bauej001,2,1,empty,empty,1,single,4,1,2
2025-09-19,SLN202509190,MIL,"Durbin, Caleb",durbc002,2,1,1B,1B,1,field_out,4,1,2
2025-09-19,SLN202509190,MIL,"Ortiz, Joey",ortij005,2,2,1B,1B,1,field_out,4,1,2
2025-09-19,SLN202509190,MIL,"Frelick, Sal",frels001,3,0,empty,empty,1,strikeout,5,1,2
2025-09-19,SLN202509190,MIL,"Chourio, Jackson",chouj001,3,1,empty,empty,1,field_out,5,1,2
2025-09-19,SLN202509190,MIL,"Yelich, Christian",yelic001,3,2,empty,empty,1,single,5,1,2
2025-09-19,SLN202509190,MIL,"Contreras, William",contw002,3,2,1B,1B,1,field_out,5,1,2
2025-09-19,SLN202509190,MIL,"Turang, Brice",turab002,3,0,empty,empty,1,strikeout,6,1,7
2025-09-19,SLN202509190,MIL,"Collins, Isaac",colli001,3,1,empty,empty,1,field_out,6,1,7
2025-09-19,SLN202509190,MIL,"Bauers, Jake",bauej001,3,2,empty,empty,1,single,6,1,7
2025-09-19,SLN202509190,MIL,"Durbin, Caleb",durbc002,3,2,1B,1B,1,single,6,1,7
2025-09-19,SLN202509190,MIL,"Ortiz, Joey",ortij005,3,2,1B+2B,1B+2B,1,field_out,6,1,7
2025-09-19,SLN202509190,MIL,"Frelick, Sal",frels001,4,0,empty,empty,1,field_out,7,1,7
2025-09-19,SLN202509190,MIL,"Chourio, Jackson",chouj001,4,1,empty,empty,1,field_out,7,1,7
2025-09-19,SLN202509190,MIL,"Yelich, Christian",yelic001,4,2,empty,empty,1,strikeout,7,1,7
2025-09-19,SLN202509190,MIL,"Jansen, Danny",jansd001,1,0,empty,empty,1,single,8,1,7
2025-09-19,SLN202509190,MIL,"Monasterio, Andruw",monaa001,1,0,1B,1B,1,field_out,8,1,7
2025-09-19,SLN202509190,MIL,"Hoskins, Rhys",hoskr001,1,1,2B,2B,1,strikeout,8,1,7
2025-09-19,SLN202509190,MIL,"Bauers, Jake",bauej001,4,2,2B,2B,1,walk,8,1,7
2025-09-19,SLN202509190,MIL,"Durbin, Caleb",durbc002,4,2,1B+2B,1B+2B,1,field_out,8,1,7
2025-09-19,SLN202509190,MIL,"Ortiz, Joey",ortij005,4,0,empty,empty,1,single,9,1,7
2025-09-19,SLN202509190,MIL,"Frelick, Sal",frels001,5,0,1B,1B,1,field_out,9,1,7
2025-09-19,SLN202509190,MIL,"Chourio, Jackson",chouj001,5,1,1B,1B,1,single,9,1,7
2025-09-19,SLN202509190,MIL,"Yelich, Christian",yelic001,5,1,1B+2B,1B+2B,1,strikeout,9,1,7
2025-09-19,SLN202509190,MIL,"Jansen, Danny",jansd001,2,2,1B+2B,1B+2B,1,strikeout,9,1,7
2025-09-20,SLN202509200,MIL,"Frelick, Sal",frels001,1,0,empty,empty,1,field_out,1,0,0
2025-09-20,SLN202509200,MIL,"Chourio, Jackson",chouj001,1,1,empty,empty,1,single,1,0,0
2025-09-20,SLN202509200,MIL,"Yelich, Christian",yelic001,1,1,1B,1B,1,field_out,1,0,0
2025-09-20,SLN202509200,MIL,"Contreras, William",contw002,1,2,2B,2B,1,field_out,1,0,0
2025-09-20,SLN202509200,MIL,"Turang, Brice",turab002,1,0,empty,empty,1,strikeout,2,0,0
2025-09-20,SLN202509200,MIL,"Durbin, Caleb",durbc002,1,1,empty,empty,1,field_out,2,0,0
2025-09-20,SLN202509200,MIL,"Bauers, Jake",bauej001,1,2,empty,empty,1,double,2,0,0
2025-09-20,SLN202509200,MIL,"Vaughn, Andrew",vauga001,1,2,2B,2B,1,walk,2,0,0
2025-09-20,SLN202509200,MIL,"Ortiz, Joey",ortij005,1,2,1B+2B,1B+2B,1,single,2,0,0
2025-09-20,SLN202509200,MIL,"Frelick, Sal",frels001,2,2,1B+2B,1B+2B,1,field_out,2,1,0
2025-09-20,SLN202509200,MIL,"Chourio, Jackson",chouj001,2,0,empty,empty,1,field_out,3,1,0
2025-09-20,SLN202509200,MIL,"Yelich, Christian",yelic001,2,1,empty,empty,1,field_out,3,1,0
2025-09-20,SLN202509200,MIL,"Contreras, William",contw002,2,2,empty,empty,1,double,3,1,0
2025-09-20,SLN202509200,MIL,"Turang, Brice",turab002,2,2,2B,2B,1,strikeout,3,1,0
2025-09-20,SLN202509200,MIL,"Durbin, Caleb",durbc002,2,0,empty,empty,1,strikeout,4,1,0
2025-09-20,SLN202509200,MIL,"Bauers, Jake",bauej001,2,1,empty,empty,1,field_out,4,1,0
2025-09-20,SLN202509200,MIL,"Vaughn, Andrew",vauga001,2,2,empty,empty,1,double,4,1,0
2025-09-20,SLN202509200,MIL,"Ortiz, Joey",ortij005,2,2,2B,2B,1,field_out,4,1,0
2025-09-20,SLN202509200,MIL,"Frelick, Sal",frels001,3,0,empty,empty,1,double,5,1,1
2025-09-20,SLN202509200,MIL,"Chourio, Jackson",chouj001,3,0,2B,2B,1,field_out,5,1,1
2025-09-20,SLN202509200,MIL,"Yelich, Christian",yelic001,3,1,2B,2B,1,field_out,5,1,1
2025-09-20,SLN202509200,MIL,"Contreras, William",contw002,3,2,2B,2B,1,walk,5,1,1
2025-09-20,SLN202509200,MIL,"Turang, Brice",turab002,3,2,1B+2B,1B+2B,1,field_out,5,1,1
2025-09-20,SLN202509200,MIL,"Durbin, Caleb",durbc002,3,0,empty,empty,1,double,6,1,2
2025-09-20,SLN202509200,MIL,"Bauers, Jake",bauej001,3,0,2B,2B,1,field_out,6,1,2
2025-09-20,SLN202509200,MIL,"Vaughn, Andrew",vauga001,3,1,3B,3B,1,sac_fly,6,1,2
2025-09-20,SLN202509200,MIL,"Ortiz, Joey",ortij005,3,2,empty,empty,1,single,6,2,2
2025-09-20,SLN202509200,MIL,"Frelick, Sal",frels001,4,2,1B,1B,1,strikeout,6,2,2
2025-09-20,SLN202509200,MIL,"Chourio, Jackson",chouj001,4,0,empty,empty,1,field_out,7,2,2
2025-09-20,SLN202509200,MIL,"Yelich, Christian",yelic001,4,1,empty,empty,1,field_out,7,2,2
2025-09-20,SLN202509200,MIL,"Contreras, William",contw002,4,2,empty,empty,1,field_out,7,2,2
2025-09-20,SLN202509200,MIL,"Turang, Brice",turab002,4,0,empty,empty,1,field_out,8,2,2
2025-09-20,SLN202509200,MIL,"Durbin, Caleb",durbc002,4,1,empty,empty,1,field_out,8,2,2
2025-09-20,SLN202509200,MIL,"Bauers, Jake",bauej001,4,2,empty,empty,1,strikeout,8,2,2
2025-09-20,SLN202509200,MIL,"Vaughn, Andrew",vauga001,4,0,empty,empty,1,walk,9,2,2
2025-09-20,SLN202509200,MIL,"Ortiz, Joey",ortij005,4,0,1B,1B,1,field_out,9,2,2
2025-09-20,SLN202509200,MIL,"Frelick, Sal",frels001,5,1,1B,1B,1,field_out,9,2,2
2025-09-20,SLN202509200,MIL,"Chourio, Jackson",chouj001,5,2,1B,1B,1,field_out,9,2,2
2025-09-20,SLN202509200,MIL,"Yelich, Christian",yelic001,5,0,2B,2B,1,field_out,10,2,2
2025-09-20,SLN202509200,MIL,"Jansen, Danny",jansd001,1,1,2B,2B,1,field_out,10,2,2
2025-09-20,SLN202509200,MIL,"Turang, Brice",turab002,5,2,3B,3B,1,single,10,2,2
2025-09-20,SLN202509200,MIL,"Durbin, Caleb",durbc002,5,2,1B,1B,1,field_out,10,3,2
2025-09-21,SLN202509210,MIL,"Chourio, Jackson",chouj001,1,0,empty,empty,1,strikeout,1,0,0
2025-09-21,SLN202509210,MIL,"Collins, Isaac",colli001,1,1,empty,empty,1,strikeout,1,0,0
2025-09-21,SLN202509210,MIL,"Vaughn, Andrew",vauga001,1,2,empty,empty,1,field_out,1,0,0
2025-09-21,SLN202509210,MIL,"Hoskins, Rhys",hoskr001,1,0,empty,empty,1,strikeout,2,0,0
2025-09-21,SLN202509210,MIL,"Durbin, Caleb",durbc002,1,1,empty,empty,1,field_out,2,0,0
2025-09-21,SLN202509210,MIL,"Monasterio, Andruw",monaa001,1,2,empty,empty,1,single,2,0,0
2025-09-21,SLN202509210,MIL,"Jansen, Danny",jansd001,1,2,1B,2B,0,field_out,2,0,0
2025-09-21,SLN202509210,MIL,"Perkins, Blake",perkb002,1,0,empty,empty,1,single,3,0,0
2025-09-21,SLN202509210,MIL,"Ortiz, Joey",ortij005,1,0,1B,1B,1,single,3,0,0
2025-09-21,SLN202509210,MIL,"Chourio, Jackson",chouj001,2,0,1B+2B,1B+2B,1,strikeout,3,0,0
2025-09-21,SLN202509210,MIL,"Collins, Isaac",colli001,2,1,1B+2B,2B+3B,0,walk,3,0,0
2025-09-21,SLN202509210,MIL,"Vaughn, Andrew",vauga001,2,1,1B+2B+3B,1B+2B+3B,1,strikeout,3,0,0
2025-09-21,SLN202509210,MIL,"Hoskins, Rhys",hoskr001,2,2,1B+2B+3B,1B+2B+3B,1,field_out,3,0,0
2025-09-21,SLN202509210,MIL,"Durbin, Caleb",durbc002,2,0,empty,empty,1,field_out,4,0,2
2025-09-21,SLN202509210,MIL,"Monasterio, Andruw",monaa001,2,1,empty,empty,1,single,4,0,2
2025-09-21,SLN202509210,MIL,"Jansen, Danny",jansd001,2,1,1B,1B,1,grounded_into_double_play,4,0,2
2025-09-21,SLN202509210,MIL,"Perkins, Blake",perkb002,2,0,empty,empty,1,strikeout,5,0,4
2025-09-21,SLN202509210,MIL,"Ortiz, Joey",ortij005,2,1,empty,empty,1,triple,5,0,4
2025-09-21,SLN202509210,MIL,"Chourio, Jackson",chouj001,3,1,3B,3B,1,sac_fly,5,0,4
2025-09-21,SLN202509210,MIL,"Collins, Isaac",colli001,3,2,empty,empty,1,field_out,5,1,4
2025-09-21,SLN202509210,MIL,"Vaughn, Andrew",vauga001,3,0,empty,empty,1,field_out,6,1,4
2025-09-21,SLN202509210,MIL,"Hoskins, Rhys",hoskr001,3,1,empty,empty,1,strikeout,6,1,4
2025-09-21,SLN202509210,MIL,"Durbin, Caleb",durbc002,3,2,empty,empty,1,hit_by_pitch,6,1,4
2025-09-21,SLN202509210,MIL,"Monasterio, Andruw",monaa001,3,2,1B,1B,1,single,6,1,4
2025-09-21,SLN202509210,MIL,"Jansen, Danny",jansd001,3,2,1B+2B,1B+2B,1,field_out,6,1,4
2025-09-21,SLN202509210,MIL,"Perkins, Blake",perkb002,3,0,empty,empty,1,single,7,1,4
2025-09-21,SLN202509210,MIL,"Ortiz, Joey",ortij005,3,0,1B,1B,1,field_out,7,1,4
2025-09-21,SLN202509210,MIL,"Chourio, Jackson",chouj001,4,1,1B,1B,1,strikeout,7,1,4
2025-09-21,SLN202509210,MIL,"Collins, Isaac",colli001,4,2,1B,1B,1,walk,7,1,4
2025-09-21,SLN202509210,MIL,"Vaughn, Andrew",vauga001,4,2,1B+2B,1B+2B,1,field_out,7,1,4
2025-09-21,SLN202509210,MIL,"Yelich, Christian",yelic001,1,0,empty,empty,1,strikeout,8,1,4
2025-09-21,SLN202509210,MIL,"Durbin, Caleb",durbc002,4,1,empty,empty,1,hit_by_pitch,8,1,4
2025-09-21,SLN202509210,MIL,"Monasterio, Andruw",monaa001,4,1,1B,1B,1,field_out,8,1,4
2025-09-21,SLN202509210,MIL,"Jansen, Danny",jansd001,4,2,1B,1B,1,strikeout,8,1,4
2025-09-21,SLN202509210,MIL,"Turang, Brice",turab002,1,0,empty,empty,1,field_out,9,1,5
2025-09-21,SLN202509210,MIL,"Bauers, Jake",bauej001,1,1,empty,empty,1,hit_by_pitch,9,1,5
2025-09-21,SLN202509210,MIL,"Chourio, Jackson",chouj001,5,1,1B,1B,1,field_out,9,1,5
2025-09-21,SLN202509210,MIL,"Collins, Isaac",colli001,5,2,2B,2B,1,field_out,9,1,5
2025-09-22,SDN202509220,MIL,"Yelich, Christian",yelic001,1,0,empty,empty,1,field_out,1,0,0
2025-09-22,SDN202509220,MIL,"Chourio, Jackson",chouj001,1,1,empty,empty,1,field_out,1,0,0
2025-09-22,SDN202509220,MIL,"Turang, Brice",turab002,1,2,empty,empty,1,field_out,1,0,0
2025-09-22,SDN202509220,MIL,"Contreras, William",contw002,1,0,empty,empty,1,walk,2,0,1
2025-09-22,SDN202509220,MIL,"Frelick, Sal",frels001,1,0,1B,1B,1,field_out,2,0,1
2025-09-22,SDN202509220,MIL,"Vaughn, Andrew",vauga001,1,1,1B,1B,1,single,2,0,1
2025-09-22,SDN202509220,MIL,"Collins, Isaac",colli001,1,1,1B+2B,1B+2B,1,walk,2,0,1
2025-09-22,SDN202509220,MIL,"Durbin, Caleb",durbc002,1,1,1B+2B+3B,1B+2B+3B,1,single,2,0,1
2025-09-22,SDN202509220,MIL,"Ortiz, Joey",ortij005,1,1,1B+2B+3B,1B+2B+3B,1,field_out,2,1,1
2025-09-22,SDN202509220,MIL,"Yelich, Christian",yelic001,2,2,1B+2B+3B,1B+2B+3B,1,single,2,1,1
2025-09-22,SDN202509220,MIL,"Chourio, Jackson",chouj001,2,0,empty,empty,1,field_out,3,3,1
2025-09-22,SDN202509220,MIL,"Turang, Brice",turab002,2,1,empty,empty,1,strikeout,3,3,1
2025-09-22,SDN202509220,MIL,"Contreras, William",contw002,2,2,empty,empty,1,strikeout,3,3,1
2025-09-22,SDN202509220,MIL,"Frelick, Sal",frels001,2,0,empty,empty,1,field_out,4,3,1
2025-09-22,SDN202509220,MIL,"Vaughn, Andrew",vauga001,2,1,empty,empty,1,single,4,3,1
2025-09-22,SDN202509220,MIL,"Collins, Isaac",colli001,2,1,1B,1B,1,strikeout,4,3,1
2025-09-22,SDN202509220,MIL,"Durbin, Caleb",durbc002,2,2,1B,1B,1,field_out,4,3,1
2025-09-22,SDN202509220,MIL,"Ortiz, Joey",ortij005,2,0,empty,empty,1,field_out,5,3,1
2025-09-22,SDN202509220,MIL,"Yelich, Christian",yelic001,3,1,empty,empty,1,walk,5,3,1
2025-09-22,SDN202509220,MIL,"Chourio, Jackson",chouj001,3,1,1B,1B,1,field_out,5,3,1
2025-09-22,SDN202509220,MIL,"Turang, Brice",turab002,3,2,2B,2B,1,walk,5,3,1
2025-09-22,SDN202509220,MIL,"Contreras, William",contw002,3,2,1B+2B,1B+2B,1,field_out,5,3,1
2025-09-22,SDN202509220,MIL,"Frelick, Sal",frels001,3,0,empty,empty,1,strikeout,6,3,2
2025-09-22,SDN202509220,MIL,"Vaughn, Andrew",vauga001,3,1,empty,empty,1,strikeout,6,3,2
2025-09-22,SDN202509220,MIL,"Collins, Isaac",colli001,3,2,empty,empty,1,walk,6,3,2
2025-09-22,SDN202509220,MIL,"Durbin, Caleb",durbc002,3,2,1B,1B,1,field_out,6,3,2
2025-09-22,SDN202509220,MIL,"Ortiz, Joey",ortij005,3,0,empty,empty,1,strikeout,7,3,2
2025-09-22,SDN202509220,MIL,"Yelich, Christian",yelic001,4,1,empty,empty,1,walk,7,3,2
2025-09-22,SDN202509220,MIL,"Chourio, Jackson",chouj001,4,1,1B,1B,1,strikeout,7,3,2
2025-09-22,SDN202509220,MIL,"Turang, Brice",turab002,4,2,1B,1B,1,single,7,3,2
2025-09-22,SDN202509220,MIL,"Contreras, William",contw002,4,2,1B+3B,1B+3B,1,field_out,7,3,2
2025-09-22,SDN202509220,MIL,"Frelick, Sal",frels001,4,0,empty,empty,1,field_out,8,3,3
2025-09-22,SDN202509220,MIL,"Vaughn, Andrew",vauga001,4,1,empty,empty,1,walk,8,3,3
2025-09-22,SDN202509220,MIL,"Bauers, Jake",bauej001,1,1,1B,1B,1,field_out,8,3,3
2025-09-22,SDN202509220,MIL,"Durbin, Caleb",durbc002,4,2,1B,1B,1,single,8,3,3
2025-09-22,SDN202509220,MIL,"Ortiz, Joey",ortij005,4,2,1B+3B,2B+3B,0,strikeout,8,3,3
2025-09-22,SDN202509220,MIL,"Yelich, Christian",yelic001,5,0,empty,empty,1,field_out,9,3,3
2025-09-22,SDN202509220,MIL,"Chourio, Jackson",chouj001,5,1,empty,empty,1,strikeout,9,3,3
2025-09-22,SDN202509220,MIL,"Turang, Brice",turab002,5,2,empty,empty,1,strikeout,9,3,3
2025-09-22,SDN202509220,MIL,"Contreras, William",contw002,5,0,2B,2B,1,field_out,10,3,3
2025-09-22,SDN202509220,MIL,"Frelick, Sal",frels001,5,1,3B,3B,1,fielders_choice,10,3,3
2025-09-22,SDN202509220,MIL,"Perkins, Blake",perkb002,1,1,1B,1B,1,field_out,10,4,3
2025-09-22,SDN202509220,MIL,"Hoskins, Rhys",hoskr001,1,2,1B,1B,1,strikeout,10,4,3
2025-09-22,SDN202509220,MIL,"Durbin, Caleb",durbc002,5,0,2B,2B,1,fielders_choice_out,11,4,4
2025-09-22,SDN202509220,MIL,"Ortiz, Joey",ortij005,5,1,2B,2B,1,single,11,4,4
2025-09-22,SDN202509220,MIL,"Yelich, Christian",yelic001,6,1,1B+3B,1B+3B,1,intent_walk,11,4,4
2025-09-22,SDN202509220,MIL,"Chourio, Jackson",chouj001,6,1,1B+2B+3B,1B+2B+3B,1,grounded_into_double_play,11,4,4
2025-09-23,SDN202509230,MIL,"Yelich, Christian",yelic001,1,0,empty,empty,1,field_out,1,0,0
2025-09-23,SDN202509230,MIL,"Chourio, Jackson",chouj001,1,1,empty,empty,1,field_out,1,0,0
2025-09-23,SDN202509230,MIL,"Turang, Brice",turab002,1,2,empty,empty,1,walk,1,0,0
2025-09-23,SDN202509230,MIL,"Contreras, William",contw002,1,2,1B,1B,1,strikeout,1,0,0
2025-09-23,SDN202509230,MIL,"Frelick, Sal",frels001,1,0,empty,empty,1,field_out,2,0,4
2025-09-23,SDN202509230,MIL,"Durbin, Caleb",durbc002,1,1,empty,empty,1,field_out,2,0,4
2025-09-23,SDN202509230,MIL,"Bauers, Jake",bauej001,1,2,empty,empty,1,walk,2,0,4
2025-09-23,SDN202509230,MIL,"Perkins, Blake",perkb002,1,2,1B,1B,1,field_out,2,0,4
2025-09-23,SDN202509230,MIL,"Ortiz, Joey",ortij005,1,0,empty,empty,1,field_out,3,0,6
2025-09-23,SDN202509230,MIL,"Yelich, Christian",yelic001,2,1,empty,empty,1,single,3,0,6
2025-09-23,SDN202509230,MIL,"Chourio, Jackson",chouj001,2,1,1B,1B,1,field_out,3,0,6
2025-09-23,SDN202509230,MIL,"Turang, Brice",turab002,2,2,1B,1B,1,strikeout,3,0,6
2025-09-23,SDN202509230,MIL,"Contreras, William",contw002,2,0,empty,empty,1,field_out,4,0,6
2025-09-23,SDN202509230,MIL,"Frelick, Sal",frels001,2,1,empty,empty,1,strikeout,4,0,6
2025-09-23,SDN202509230,MIL,"Durbin, Caleb",durbc002,2,2,empty,empty,1,field_out,4,0,6
2025-09-23,SDN202509230,MIL,"Bauers, Jake",bauej001,2,0,empty,empty,1,field_out,5,0,6
2025-09-23,SDN202509230,MIL,"Perkins, Blake",perkb002,2,1,empty,empty,1,field_out,5,0,6
2025-09-23,SDN202509230,MIL,"Ortiz, Joey",ortij005,2,2,empty,empty,1,field_out,5,0,6
2025-09-23,SDN202509230,MIL,"Yelich, Christian",yelic001,3,0,empty,empty,1,field_out,6,0,6
2025-09-23,SDN202509230,MIL,"Chourio, Jackson",chouj001,3,1,empty,empty,1,field_out,6,0,6
2025-09-23,SDN202509230,MIL,"Turang, Brice",turab002,3,2,empty,empty,1,field_out,6,0,6
2025-09-23,SDN202509230,MIL,"Contreras, William",contw002,3,0,empty,empty,1,field_out,7,0,6
2025-09-23,SDN202509230,MIL,"Frelick, Sal",frels001,3,1,empty,empty,1,field_out,7,0,6
2025-09-23,SDN202509230,MIL,"Durbin, Caleb",durbc002,3,2,empty,empty,1,field_out,7,0,6
2025-09-23,SDN202509230,MIL,"Hoskins, Rhys",hoskr001,1,0,empty,empty,1,strikeout,8,0,6
2025-09-23,SDN202509230,MIL,"Perkins, Blake",perkb002,3,1,empty,empty,1,single,8,0,6
2025-09-23,SDN202509230,MIL,"Ortiz, Joey",ortij005,3,1,1B,1B,1,single,8,0,6
2025-09-23,SDN202509230,MIL,"Yelich, Christian",yelic001,4,1,1B+2B,1B+2B,1,field_out,8,0,6
2025-09-23,SDN202509230,MIL,"Chourio, Jackson",chouj001,4,2,1B+3B,1B+3B,1,strikeout,8,0,6
2025-09-23,SDN202509230,MIL,"Turang, Brice",turab002,4,0,empty,empty,1,field_out,9,0,7
2025-09-23,SDN202509230,MIL,"Jansen, Danny",jansd001,1,1,empty,empty,1,field_out,9,0,7
2025-09-23,SDN202509230,MIL,"Frelick, Sal",frels001,4,2,empty,empty,1,single,9,0,7
2025-09-23,SDN202509230,MIL,"Durbin, Caleb",durbc002,4,2,1B,1B,1,field_out,9,0,7
2025-09-24,SDN202509240,MIL,"Yelich, Christian",yelic001,1,0,empty,empty,1,single,1,0,0
2025-09-24,SDN202509240,MIL,"Chourio, Jackson",chouj001,1,0,2B,2B,1,strikeout,1,0,0
2025-09-24,SDN202509240,MIL,"Turang, Brice",turab002,1,1,2B,2B,1,field_out,1,0,0
2025-09-24,SDN202509240,MIL,"Vaughn, Andrew",vauga001,1,2,2B,2B,1,field_out,1,0,0
2025-09-24,SDN202509240,MIL,"Frelick, Sal",frels001,1,0,empty,empty,1,strikeout,2,0,0
2025-09-24,SDN202509240,MIL,"Durbin, Caleb",durbc002,1,1,empty,empty,1,strikeout,2,0,0
2025-09-24,SDN202509240,MIL,"Bauers, Jake",bauej001,1,2,empty,empty,1,double,2,0,0
2025-09-24,SDN202509240,MIL,"Monasterio, Andruw",monaa001,1,2,2B,2B,1,strikeout,2,0,0
2025-09-24,SDN202509240,MIL,"Jansen, Danny",jansd001,1,0,empty,empty,1,walk,3,0,0
2025-09-24,SDN202509240,MIL,"Yelich, Christian",yelic001,2,0,1B,1B,1,field_out,3,0,0
2025-09-24,SDN202509240,MIL,"Chourio, Jackson",chouj001,2,1,1B,1B,1,sac_bunt,3,0,0
2025-09-24,SDN202509240,MIL,"Turang, Brice",turab002,2,1,1B+2B,1B+2B,1,single,3,0,0
2025-09-24,SDN202509240,MIL,"Vaughn, Andrew",vauga001,2,1,1B+2B+3B,1B+2B+3B,1,grounded_into_double_play,3,0,0
2025-09-24,SDN202509240,MIL,"Frelick, Sal",frels001,2,0,empty,empty,1,single,4,0,0
2025-09-24,SDN202509240,MIL,"Durbin, Caleb",durbc002,2,0,1B,1B,1,field_out,4,0,0
2025-09-24,SDN202509240,MIL,"Bauers, Jake",bauej001,2,1,1B,1B,1,walk,4,0,0
2025-09-24,SDN202509240,MIL,"Monasterio, Andruw",monaa001,2,1,1B+2B,1B+2B,1,strikeout,4,0,0
2025-09-24,SDN202509240,MIL,"Jansen, Danny",jansd001,2,2,1B+2B,1B+2B,1,strikeout,4,0,0
2025-09-24,SDN202509240,MIL,"Yelich, Christian",yelic001,3,0,empty,empty,1,strikeout,5,0,0
2025-09-24,SDN202509240,MIL,"Chourio, Jackson",chouj001,3,1,empty,empty,1,strikeout,5,0,0
2025-09-24,SDN202509240,MIL,"Turang, Brice",turab002,3,2,empty,empty,1,single,5,0,0
2025-09-24,SDN202509240,MIL,"Vaughn, Andrew",vauga001,3,2,1B,3B,0,double,5,0,0
2025-09-24,SDN202509240,MIL,"Frelick, Sal",frels001,3,2,2B,2B,1,field_out,5,1,0
2025-09-24,SDN202509240,MIL,"Durbin, Caleb",durbc002,3,0,empty,empty,1,field_out,6,1,0
2025-09-24,SDN202509240,MIL,"Bauers, Jake",bauej001,3,1,empty,empty,1,walk,6,1,0
2025-09-24,SDN202509240,MIL,"Monasterio, Andruw",monaa001,3,2,1B,empty,0,strikeout,6,1,0
2025-09-24,SDN202509240,MIL,"Jansen, Danny",jansd001,3,0,empty,empty,1,single,7,1,1
2025-09-24,SDN202509240,MIL,"Yelich, Christian",yelic001,4,0,1B,1B,1,grounded_into_double_play,7,1,1
2025-09-24,SDN202509240,MIL,"Chourio, Jackson",chouj001,4,2,empty,empty,1,single,7,1,1
2025-09-24,SDN202509240,MIL,"Turang, Brice",turab002,4,2,1B,2B,0,single,7,1,1
2025-09-24,SDN202509240,MIL,"Vaughn, Andrew",vauga001,4,2,1B,1B,1,field_out,7,2,1
2025-09-24,SDN202509240,MIL,"Frelick, Sal",frels001,4,0,empty,empty,1,field_out,8,2,1
2025-09-24,SDN202509240,MIL,"Durbin, Caleb",durbc002,4,1,empty,empty,1,field_out,8,2,1
2025-09-24,SDN202509240,MIL,"Hoskins, Rhys",hoskr001,1,2,empty,empty,1,field_out,8,2,1
2025-09-24,SDN202509240,MIL,"Ortiz, Joey",ortij005,1,0,empty,empty,1,field_out,9,2,1
2025-09-24,SDN202509240,MIL,"Jansen, Danny",jansd001,4,1,empty,empty,1,home_run,9,2,1
2025-09-24,SDN202509240,MIL,"Yelich, Christian",yelic001,5,1,empty,empty,1,field_out,9,3,1
2025-09-24,SDN202509240,MIL,"Chourio, Jackson",chouj001,5,2,empty,empty,1,field_out,9,3,1
2025-09-26,MIL202509260,MIL,"Yelich, Christian",yelic001,1,0,empty,empty,1,field_out,1,0,0
2025-09-26,MIL202509260,MIL,"Chourio, Jackson",chouj001,1,1,empty,empty,1,walk,1,0,0
2025-09-26,MIL202509260,MIL,"Turang, Brice",turab002,1,1,1B,2B,0,strikeout,1,0,0
2025-09-26,MIL202509260,MIL,"Contreras, William",contw002,1,2,2B,2B,1,field_out,1,0,0
2025-09-26,MIL202509260,MIL,"Frelick, Sal",frels001,1,0,empty,empty,1,field_out,2,0,0
2025-09-26,MIL202509260,MIL,"Vaughn, Andrew",vauga001,1,1,empty,empty,1,walk,2,0,0
2025-09-26,MIL202509260,MIL,"Bauers, Jake",bauej001,1,1,1B,1B,1,field_out,2,0,0
2025-09-26,MIL202509260,MIL,"Monasterio, Andruw",monaa001,1,2,1B,1B,1,field_out,2,0,0
2025-09-26,MIL202509260,MIL,"Ortiz, Joey",ortij005,1,0,empty,empty,1,field_out,3,0,0
2025-09-26,MIL202509260,MIL,"Yelich, Christian",yelic001,2,1,empty,empty,1,double,3,0,0
2025-09-26,MIL202509260,MIL,"Chourio, Jackson",chouj001,2,1,2B,2B,1,strikeout,3,0,0
2025-09-26,MIL202509260,MIL,"Turang, Brice",turab002,2,2,2B,2B,1,single,3,0,0
2025-09-26,MIL202509260,MIL,"Contreras, William",contw002,2,2,1B,1B,1,field_out,3,1,0
2025-09-26,MIL202509260,MIL,"Frelick, Sal",frels001,2,0,empty,empty,1,single,4,1,1
2025-09-26,MIL202509260,MIL,"Vaughn, Andrew",vauga001,2,0,1B,1B,1,field_out,4,1,1
2025-09-26,MIL202509260,MIL,"Bauers, Jake",bauej001,2,1,1B,1B,1,field_out,4,1,1
2025-09-26,MIL202509260,MIL,"Monasterio, Andruw",monaa001,2,2,1B,1B,1,field_out,4,1,1
2025-09-26,MIL202509260,MIL,"Ortiz, Joey",ortij005,2,0,empty,empty,1,field_out,5,1,1
2025-09-26,MIL202509260,MIL,"Yelich, Christian",yelic001,3,1,empty,empty,1,strikeout,5,1,1
2025-09-26,MIL202509260,MIL,"Chourio, Jackson",chouj001,3,2,empty,empty,1,field_error,5,1,1
2025-09-26,MIL202509260,MIL,"Turang, Brice",turab002,3,2,1B,1B,1,strikeout,5,1,1
2025-09-26,MIL202509260,MIL,"Contreras, William",contw002,3,0,empty,empty,1,strikeout,6,1,3
2025-09-26,MIL202509260,MIL,"Frelick, Sal",frels001,3,1,empty,empty,1,field_out,6,1,3
2025-09-26,MIL202509260,MIL,"Vaughn, Andrew",vauga001,3,2,empty,empty,1,strikeout,6,1,3
2025-09-26,MIL202509260,MIL,"Bauers, Jake",bauej001,3,0,empty,empty,1,field_out,7,1,3
2025-09-26,MIL202509260,MIL,"Monasterio, Andruw",monaa001,3,1,empty,empty,1,field_out,7,1,3
2025-09-26,MIL202509260,MIL,"Ortiz, Joey",ortij005,3,2,empty,empty,1,strikeout,7,1,3
2025-09-26,MIL202509260,MIL,"Yelich, Christian",yelic001,4,0,empty,empty,1,strikeout,8,1,3
2025-09-26,MIL202509260,MIL,"Chourio, Jackson",chouj001,4,1,empty,empty,1,walk,8,1,3
2025-09-26,MIL202509260,MIL,"Turang, Brice",turab002,4,1,1B,1B,1,grounded_into_double_play,8,1,3
2025-09-26,MIL202509260,MIL,"Contreras, William",contw002,4,0,empty,empty,1,strikeout,9,1,3
2025-09-26,MIL202509260,MIL,"Frelick, Sal",frels001,4,1,empty,empty,1,field_out,9,1,3
2025-09-26,MIL202509260,MIL,"Vaughn, Andrew",vauga001,4,2,empty,empty,1,field_out,9,1,3
2025-09-27,MIL202509270,MIL,"Yelich, Christian",yelic001,1,0,empty,empty,1,single,1,0,0
2025-09-27,MIL202509270,MIL,"Chourio, Jackson",chouj001,1,0,1B,1B,1,field_out,1,0,0
2025-09-27,MIL202509270,MIL,"Turang, Brice",turab002,1,1,1B,1B,1,field_out,1,0,0
2025-09-27,MIL202509270,MIL,"Vaughn, Andrew",vauga001,1,2,1B,1B,1,field_out,1,0,0
2025-09-27,MIL202509270,MIL,"Collins, Isaac",colli001,1,0,empty,empty,1,field_out,2,0,0
2025-09-27,MIL202509270,MIL,"Durbin, Caleb",durbc002,1,1,empty,empty,1,field_out,2,0,0
2025-09-27,MIL202509270,MIL,"Perkins, Blake",perkb002,1,2,empty,empty,1,field_out,2,0,0
2025-09-27,MIL202509270,MIL,"Jansen, Danny",jansd001,1,0,empty,empty,1,single,3,0,6
2025-09-27,MIL202509270,MIL,"Ortiz, Joey",ortij005,1,0,1B,1B,1,double,3,0,6
2025-09-27,MIL202509270,MIL,"Yelich, Christian",yelic001,2,0,2B+3B,2B+3B,1,field_out,3,0,6
2025-09-27,MIL202509270,MIL,"Chourio, Jackson",chouj001,2,1,3B,3B,1,strikeout,3,1,6
2025-09-27,MIL202509270,MIL,"Turang, Brice",turab002,2,2,3B,3B,1,double,3,1,6
2025-09-27,MIL202509270,MIL,"Vaughn, Andrew",vauga001,2,2,2B,2B,1,field_out,3,2,6
2025-09-27,MIL202509270,MIL,"Collins, Isaac",colli001,2,0,empty,empty,1,strikeout,4,2,6
2025-09-27,MIL202509270,MIL,"Durbin, Caleb",durbc002,2,1,empty,empty,1,field_error,4,2,6
2025-09-27,MIL202509270,MIL,"Perkins, Blake",perkb002,2,1,1B,1B,1,grounded_into_double_play,4,2,6
2025-09-27,MIL202509270,MIL,"Jansen, Danny",jansd001,2,0,empty,empty,1,field_out,5,2,6
2025-09-27,MIL202509270,MIL,"Ortiz, Joey",ortij005,2,1,empty,empty,1,strikeout,5,2,6
2025-09-27,MIL202509270,MIL,"Yelich, Christian",yelic001,3,2,empty,empty,1,strikeout,5,2,6
2025-09-27,MIL202509270,MIL,"Chourio, Jackson",chouj001,3,0,empty,empty,1,home_run,6,2,7
2025-09-27,MIL202509270,MIL,"Turang, Brice",turab002,3,0,empty,empty,1,field_out,6,3,7
2025-09-27,MIL202509270,MIL,"Vaughn, Andrew",vauga001,3,1,empty,empty,1,walk,6,3,7
2025-09-27,MIL202509270,MIL,"Collins, Isaac",colli001,3,1,1B,1B,1,hit_by_pitch,6,3,7
2025-09-27,MIL202509270,MIL,"Durbin, Caleb",durbc002,3,1,1B+2B,1B+2B,1,field_out,6,3,7
2025-09-27,MIL202509270,MIL,"Bauers, Jake",bauej001,1,2,1B+2B,1B+2B,1,single,6,3,7
2025-09-27,MIL202509270,MIL,"Jansen, Danny",jansd001,3,2,1B+2B,1B+2B,1,walk,6,4,7
2025-09-27,MIL202509270,MIL,"Ortiz, Joey",ortij005,3,2,1B+2B+3B,1B+2B+3B,1,field_out,6,4,7
2025-09-27,MIL202509270,MIL,"Yelich, Christian",yelic001,4,0,empty,empty,1,strikeout,7,4,7
2025-09-27,MIL202509270,MIL,"Chourio, Jackson",chouj001,4,1,empty,empty,1,field_out,7,4,7
2025-09-27,MIL202509270,MIL,"Turang, Brice",turab002,4,2,empty,empty,1,walk,7,4,7
2025-09-27,MIL202509270,MIL,"Vaughn, Andrew",vauga001,4,2,1B,1B,1,field_out,7,4,7
2025-09-27,MIL202509270,MIL,"Collins, Isaac",colli001,4,0,empty,empty,1,single,8,4,7
2025-09-27,MIL202509270,MIL,"Durbin, Caleb",durbc002,4,0,1B,1B,1,strikeout,8,4,7
2025-09-27,MIL202509270,MIL,"Bauers, Jake",bauej001,2,1,1B,1B,1,field_out,8,4,7
2025-09-27,MIL202509270,MIL,"Jansen, Danny",jansd001,4,2,1B,1B,1,field_out,8,4,7
2025-09-27,MIL202509270,MIL,"Frelick, Sal",frels001,1,0,empty,empty,1,strikeout,9,4,7
2025-09-27,MIL202509270,MIL,"Yelich, Christian",yelic001,5,1,empty,empty,1,field_out,9,4,7
2025-09-27,MIL202509270,MIL,"Chourio, Jackson",chouj001,5,2,empty,empty,1,field_out,9,4,7
2025-09-28,MIL202509280,MIL,"Yelich, Christian",yelic001,1,0,empty,empty,1,hit_by_pitch,1,0,0
2025-09-28,MIL202509280,MIL,"Chourio, Jackson",chouj001,1,0,1B,1B,1,strikeout,1,0,0
2025-09-28,MIL202509280,MIL,"Turang, Brice",turab002,1,1,1B,1B,1,strikeout,1,0,0
2025-09-28,MIL202509280,MIL,"Bauers, Jake",bauej001,1,2,1B,1B,1,walk,1,0,0
2025-09-28,MIL202509280,MIL,"Frelick, Sal",frels001,1,2,1B+2B,1B+2B,1,field_out,1,0,0
2025-09-28,MIL202509280,MIL,"Durbin, Caleb",durbc002,1,0,empty,empty,1,hit_by_pitch,2,0,1
2025-09-28,MIL202509280,MIL,"Collins, Isaac",colli001,1,0,1B,1B,1,strikeout,2,0,1
2025-09-28,MIL202509280,MIL,"Monasterio, Andruw",monaa001,1,1,1B,1B,1,field_out,2,0,1
2025-09-28,MIL202509280,MIL,"Jansen, Danny",jansd001,1,2,1B,1B,1,single,2,0,1
2025-09-28,MIL202509280,MIL,"Yelich, Christian",yelic001,2,2,1B+3B,1B+3B,1,strikeout,2,0,1
2025-09-28,MIL202509280,MIL,"Chourio, Jackson",chouj001,2,0,empty,empty,1,double,3,0,2
2025-09-28,MIL202509280,MIL,"Turang, Brice",turab002,2,0,2B,2B,1,double,3,0,2
2025-09-28,MIL202509280,MIL,"Bauers, Jake",bauej001,2,0,2B,2B,1,strikeout,3,1,2
2025-09-28,MIL202509280,MIL,"Frelick, Sal",frels001,2,1,2B,2B,1,field_out,3,1,2
2025-09-28,MIL202509280,MIL,"Durbin, Caleb",durbc002,2,2,3B,3B,1,field_out,3,1,2
2025-09-28,MIL202509280,MIL,"Collins, Isaac",colli001,2,0,empty,empty,1,double,4,1,2
2025-09-28,MIL202509280,MIL,"Monasterio, Andruw",monaa001,2,0,2B,2B,1,field_out,4,1,2
2025-09-28,MIL202509280,MIL,"Jansen, Danny",jansd001,2,1,3B,3B,1,home_run,4,1,2
2025-09-28,MIL202509280,MIL,"Yelich, Christian",yelic001,3,1,empty,empty,1,field_out,4,3,2
2025-09-28,MIL202509280,MIL,"Chourio, Jackson",chouj001,3,2,empty,empty,1,single,4,3,2
2025-09-28,MIL202509280,MIL,"Turang, Brice",turab002,3,2,1B,2B,0,walk,4,3,2
2025-09-28,MIL202509280,MIL,"Vaughn, Andrew",vauga001,1,2,1B+2B,1B+2B,1,double,4,3,2
2025-09-28,MIL202509280,MIL,"Frelick, Sal",frels001,3,2,2B+3B,2B+3B,1,field_out,4,4,2
2025-09-28,MIL202509280,MIL,"Durbin, Caleb",durbc002,3,0,empty,empty,1,field_out,5,4,2
2025-09-28,MIL202509280,MIL,"Collins, Isaac",colli001,3,1,empty,empty,1,walk,5,4,2
2025-09-28,MIL202509280,MIL,"Ortiz, Joey",ortij005,1,1,1B,1B,1,strikeout,5,4,2
2025-09-28,MIL202509280,MIL,"Jansen, Danny",jansd001,3,2,1B,1B,1,strikeout,5,4,2
2025-09-28,MIL202509280,MIL,"Yelich, Christian",yelic001,4,0,empty,empty,1,walk,6,4,2
2025-09-28,MIL202509280,MIL,"Chourio, Jackson",chouj001,4,0,1B,1B,1,strikeout,6,4,2
2025-09-28,MIL202509280,MIL,"Turang, Brice",turab002,4,1,1B,1B,1,walk,6,4,2
2025-09-28,MIL202509280,MIL,"Vaughn, Andrew",vauga001,2,1,1B+2B,1B+2B,1,strikeout,6,4,2
2025-09-28,MIL202509280,MIL,"Frelick, Sal",frels001,4,2,1B+2B,1B+2B,1,field_out,6,4,2
2025-09-28,MIL202509280,MIL,"Durbin, Caleb",durbc002,4,0,empty,empty,1,hit_by_pitch,7,4,2
2025-09-28,MIL202509280,MIL,"Perkins, Blake",perkb002,1,0,1B,2B,0,strikeout,7,4,2
2025-09-28,MIL202509280,MIL,"Ortiz, Joey",ortij005,2,1,2B,2B,1,field_out,7,4,2
2025-09-28,MIL202509280,MIL,"Jansen, Danny",jansd001,4,2,2B,2B,1,walk,7,4,2
2025-09-28,MIL202509280,MIL,"Yelich, Christian",yelic001,5,2,1B+2B,1B+2B,1,field_out,7,4,2
2025-09-28,MIL202509280,MIL,"Chourio, Jackson",chouj001,5,0,empty,empty,1,field_out,8,4,2
2025-09-28,MIL202509280,MIL,"Turang, Brice",turab002,5,1,empty,empty,1,strikeout,8,4,2
2025-09-28,MIL202509280,MIL,"Vaughn, Andrew",vauga001,3,2,empty,empty,1,strikeout,8,4,2
