game_date,game_pk,team,player_name,batter,batter_pa_number_this_game,outs_when_up,runner_situation_start,runner_situation_before_final_pitch,runner_situation_changed_during_pa,events,inning,bat_score,fld_score
2025-03-27,SLN202503270,MIN,"Wallner, Matt",wallm001,1,0,empty,empty,1,field_out,1,0,0
2025-03-27,SLN202503270,MIN,"Correa, Carlos",corrc001,1,1,empty,empty,1,strikeout,1,0,0
2025-03-27,SLN202503270,MIN,"Buxton, Byron",buxtb001,1,2,empty,empty,1,field_out,1,0,0
2025-03-27,SLN202503270,MIN,"Larnach, Trevor",larnt001,1,0,empty,empty,1,single,2,0,1
2025-03-27,SLN202503270,MIN,"Jeffers, Ryan",jeffr002,1,0,1B,1B,1,field_out,2,0,1
2025-03-27,SLN202503270,MIN,"France, Ty",frant002,1,1,1B,1B,1,single,2,0,1
2025-03-27,SLN202503270,MIN,"Castro, Willi",castw003,1,1,1B+3B,1B+3B,1,walk,2,0,1
2025-03-27,SLN202503270,MIN,"Miranda, Jose",miraj002,1,1,1B+2B+3B,1B+2B+3B,1,strikeout,2,0,1
2025-03-27,SLN202503270,MIN,"Bader, Harrison",badeh001,1,2,1B+2B+3B,1B+2B+3B,1,field_out,2,0,1
2025-03-27,SLN202503270,MIN,"Wallner, Matt",wallm001,2,0,empty,empty,1,field_out,3,0,3
2025-03-27,SLN202503270,MIN,"Correa, Carlos",corrc001,2,1,empty,empty,1,field_out,3,0,3
2025-03-27,SLN202503270,MIN,"Buxton, Byron",buxtb001,2,2,empty,empty,1,field_out,3,0,3
2025-03-27,SLN202503270,MIN,"Larnach, Trevor",larnt001,2,0,empty,empty,1,strikeout,4,0,4
2025-03-27,SLN202503270,MIN,"Jeffers, Ryan",jeffr002,2,1,empty,empty,1,strikeout,4,0,4
2025-03-27,SLN202503270,MIN,"France, Ty",frant002,2,2,empty,empty,1,strikeout,4,0,4
2025-03-27,SLN202503270,MIN,"Castro, Willi",castw003,2,0,empty,empty,1,strikeout,5,0,4
2025-03-27,SLN202503270,MIN,"Miranda, Jose",miraj002,2,1,empty,empty,1,single,5,0,4
2025-03-27,SLN202503270,MIN,"Bader, Harrison",badeh001,2,1,1B,1B,1,home_run,5,0,4
2025-03-27,SLN202503270,MIN,"Wallner, Matt",wallm001,3,1,empty,empty,1,walk,5,2,4
2025-03-27,SLN202503270,MIN,"Correa, Carlos",corrc001,3,1,1B,1B,1,grounded_into_double_play,5,2,4
2025-03-27,SLN202503270,MIN,"Buxton, Byron",buxtb001,3,0,empty,empty,1,field_out,6,2,4
2025-03-27,SLN202503270,MIN,"Larnach, Trevor",larnt001,3,1,empty,empty,1,walk,6,2,4
2025-03-27,SLN202503270,MIN,"Jeffers, Ryan",jeffr002,3,1,1B,1B,1,single,6,2,4
2025-03-27,SLN202503270,MIN,"France, Ty",frant002,3,1,1B+2B,1B+2B,1,field_out,6,2,4
2025-03-27,SLN202503270,MIN,"Castro, Willi",castw003,3,2,1B+3B,1B+3B,1,double,6,2,4
2025-03-27,SLN202503270,MIN,"Miranda, Jose",miraj002,3,2,2B+3B,2B+3B,1,field_out,6,3,4
2025-03-27,SLN202503270,MIN,"Bader, Harrison",badeh001,3,0,empty,empty,1,field_out,7,3,4
2025-03-27,SLN202503270,MIN,"Wallner, Matt",wallm001,4,1,empty,empty,1,strikeout,7,3,4
2025-03-27,SLN202503270,MIN,"Correa, Carlos",corrc001,4,2,empty,empty,1,field_out,7,3,4
2025-03-27,SLN202503270,MIN,"Buxton, Byron",buxtb001,4,0,empty,empty,1,strikeout,8,3,4
2025-03-27,SLN202503270,MIN,"Larnach, Trevor",larnt001,4,1,empty,empty,1,single,8,3,4
2025-03-27,SLN202503270,MIN,"Jeffers, Ryan",jeffr002,4,1,1B,2B,0,field_out,8,3,4
2025-03-27,SLN202503270,MIN,"France, Ty",frant002,4,2,2B,2B,1,field_out,8,3,4
2025-03-27,SLN202503270,MIN,"Castro, Willi",castw003,4,0,empty,empty,1,strikeout,9,3,5
2025-03-27,SLN202503270,MIN,"Miranda, Jose",miraj002,4,1,empty,empty,1,strikeout,9,3,5
2025-03-27,SLN202503270,MIN,"Bader, Harrison",badeh001,4,2,empty,empty,1,double,9,3,5
2025-03-27,SLN202503270,MIN,"Wallner, Matt",wallm001,5,2,2B,2B,1,strikeout,9,3,5
2025-03-29,SLN202503290,MIN,"Wallner, Matt",wallm001,1,0,empty,empty,1,strikeout,1,0,0
2025-03-29,SLN202503290,MIN,"Correa, Carlos",corrc001,1,1,empty,empty,1,field_out,1,0,0
2025-03-29,SLN202503290,MIN,"Buxton, Byron",buxtb001,1,2,empty,empty,1,field_out,1,0,0
2025-03-29,SLN202503290,MIN,"Larnach, Trevor",larnt001,1,0,empty,empty,1,single,2,0,1
2025-03-29,SLN202503290,MIN,"France, Ty",frant002,1,0,1B,2B,0,field_out,2,0,1
2025-03-29,SLN202503290,MIN,"Gasper, Mickey",gaspm001,1,1,3B,3B,1,field_out,2,0,1
2025-03-29,SLN202503290,MIN,"Castro, Willi",castw003,1,2,3B,3B,1,double,2,0,1
2025-03-29,SLN202503290,MIN,"Miranda, Jose",miraj002,1,2,2B,2B,1,field_out,2,1,1
2025-03-29,SLN202503290,MIN,"Vazquez, Christian",vazqc001,1,0,empty,empty,1,field_out,3,1,1
2025-03-29,SLN202503290,MIN,"Wallner, Matt",wallm001,2,1,empty,empty,1,field_error,3,1,1
2025-03-29,SLN202503290,MIN,"Correa, Carlos",corrc001,2,1,1B,1B,1,grounded_into_double_play,3,1,1
2025-03-29,SLN202503290,MIN,"Buxton, Byron",buxtb001,2,0,empty,empty,1,strikeout,4,1,1
2025-03-29,SLN202503290,MIN,"Larnach, Trevor",larnt001,2,1,empty,empty,1,field_out,4,1,1
2025-03-29,SLN202503290,MIN,"France, Ty",frant002,2,2,empty,empty,1,field_out,4,1,1
2025-03-29,SLN202503290,MIN,"Gasper, Mickey",gaspm001,2,0,empty,empty,1,field_out,5,1,1
2025-03-29,SLN202503290,MIN,"Castro, Willi",castw003,2,1,empty,empty,1,field_out,5,1,1
2025-03-29,SLN202503290,MIN,"Miranda, Jose",miraj002,2,2,empty,empty,1,field_out,5,1,1
2025-03-29,SLN202503290,MIN,"Vazquez, Christian",vazqc001,2,0,empty,empty,1,field_out,6,1,1
2025-03-29,SLN202503290,MIN,"Wallner, Matt",wallm001,3,1,empty,empty,1,field_out,6,1,1
2025-03-29,SLN202503290,MIN,"Correa, Carlos",corrc001,3,2,empty,empty,1,field_out,6,1,1
2025-03-29,SLN202503290,MIN,"Buxton, Byron",buxtb001,3,0,empty,empty,1,field_out,7,1,4
2025-03-29,SLN202503290,MIN,"Larnach, Trevor",larnt001,3,1,empty,empty,1,field_out,7,1,4
2025-03-29,SLN202503290,MIN,"France, Ty",frant002,3,2,empty,empty,1,field_out,7,1,4
2025-03-29,SLN202503290,MIN,"Gasper, Mickey",gaspm001,3,0,empty,empty,1,single,8,1,4
2025-03-29,SLN202503290,MIN,"Castro, Willi",castw003,3,0,1B,1B,1,field_out,8,1,4
2025-03-29,SLN202503290,MIN,"Miranda, Jose",miraj002,3,1,1B,1B,1,field_out,8,1,4
2025-03-29,SLN202503290,MIN,"Vazquez, Christian",vazqc001,3,2,1B,1B,1,field_out,8,1,4
2025-03-29,SLN202503290,MIN,"Wallner, Matt",wallm001,4,0,empty,empty,1,field_out,9,1,5
2025-03-29,SLN202503290,MIN,"Correa, Carlos",corrc001,4,1,empty,empty,1,field_out,9,1,5
2025-03-29,SLN202503290,MIN,"Buxton, Byron",buxtb001,4,2,empty,empty,1,strikeout,9,1,5
2025-03-30,SLN202503300,MIN,"Wallner, Matt",wallm001,1,0,empty,empty,1,walk,1,0,0
2025-03-30,SLN202503300,MIN,"Correa, Carlos",corrc001,1,0,1B,1B,1,field_out,1,0,0
2025-03-30,SLN202503300,MIN,"Buxton, Byron",buxtb001,1,1,2B,2B,1,single,1,0,0
2025-03-30,SLN202503300,MIN,"Larnach, Trevor",larnt001,1,1,2B,2B,1,field_out,1,1,0
2025-03-30,SLN202503300,MIN,"Jeffers, Ryan",jeffr002,1,2,3B,3B,1,field_out,1,1,0
2025-03-30,SLN202503300,MIN,"France, Ty",frant002,1,0,empty,empty,1,field_out,2,1,0
2025-03-30,SLN202503300,MIN,"Castro, Willi",castw003,1,1,empty,empty,1,field_out,2,1,0
2025-03-30,SLN202503300,MIN,"Miranda, Jose",miraj002,1,2,empty,empty,1,field_out,2,1,0
2025-03-30,SLN202503300,MIN,"Bader, Harrison",badeh001,1,0,empty,empty,1,field_out,3,1,3
2025-03-30,SLN202503300,MIN,"Wallner, Matt",wallm001,2,1,empty,empty,1,double,3,1,3
2025-03-30,SLN202503300,MIN,"Correa, Carlos",corrc001,2,1,2B,2B,1,walk,3,1,3
2025-03-30,SLN202503300,MIN,"Buxton, Byron",buxtb001,2,1,1B+2B,1B+2B,1,strikeout,3,1,3
2025-03-30,SLN202503300,MIN,"Larnach, Trevor",larnt001,2,2,1B+2B,1B+2B,1,field_out,3,1,3
2025-03-30,SLN202503300,MIN,"Jeffers, Ryan",jeffr002,2,0,empty,empty,1,field_out,4,1,8
2025-03-30,SLN202503300,MIN,"France, Ty",frant002,2,1,empty,empty,1,field_out,4,1,8
2025-03-30,SLN202503300,MIN,"Castro, Willi",castw003,2,2,empty,empty,1,home_run,4,1,8
2025-03-30,SLN202503300,MIN,"Miranda, Jose",miraj002,2,2,empty,empty,1,single,4,2,8
2025-03-30,SLN202503300,MIN,"Bader, Harrison",badeh001,2,2,1B,1B,1,field_out,4,2,8
2025-03-30,SLN202503300,MIN,"Wallner, Matt",wallm001,3,0,empty,empty,1,strikeout,5,2,8
2025-03-30,SLN202503300,MIN,"Correa, Carlos",corrc001,3,1,empty,empty,1,field_out,5,2,8
2025-03-30,SLN202503300,MIN,"Buxton, Byron",buxtb001,3,2,empty,empty,1,strikeout,5,2,8
2025-03-30,SLN202503300,MIN,"Larnach, Trevor",larnt001,3,0,empty,empty,1,strikeout,6,2,8
2025-03-30,SLN202503300,MIN,"Jeffers, Ryan",jeffr002,3,1,empty,empty,1,field_out,6,2,8
2025-03-30,SLN202503300,MIN,"France, Ty",frant002,3,2,empty,empty,1,field_out,6,2,8
2025-03-30,SLN202503300,MIN,"Castro, Willi",castw003,3,0,empty,empty,1,double,7,2,8
2025-03-30,SLN202503300,MIN,"Miranda, Jose",miraj002,3,0,2B,2B,1,strikeout,7,2,8
2025-03-30,SLN202503300,MIN,"Bader, Harrison",badeh001,3,1,2B,3B,0,field_out,7,2,8
2025-03-30,SLN202503300,MIN,"Wallner, Matt",wallm001,4,2,3B,3B,1,field_out,7,2,8
2025-03-30,SLN202503300,MIN,"Correa, Carlos",corrc001,4,0,empty,empty,1,field_out,8,2,9
2025-03-30,SLN202503300,MIN,"Buxton, Byron",buxtb001,4,1,empty,empty,1,field_out,8,2,9
2025-03-30,SLN202503300,MIN,"Larnach, Trevor",larnt001,4,2,empty,empty,1,field_out,8,2,9
2025-03-30,SLN202503300,MIN,"Jeffers, Ryan",jeffr002,4,0,empty,empty,1,field_out,9,2,9
2025-03-30,SLN202503300,MIN,"France, Ty",frant002,4,1,empty,empty,1,field_out,9,2,9
2025-03-30,SLN202503300,MIN,"Castro, Willi",castw003,4,2,empty,empty,1,field_out,9,2,9
2025-03-31,CHA202503310,MIN,"Buxton, Byron",buxtb001,1,0,empty,empty,1,field_out,1,0,0
2025-03-31,CHA202503310,MIN,"Correa, Carlos",corrc001,1,1,empty,empty,1,field_out,1,0,0
2025-03-31,CHA202503310,MIN,"Jeffers, Ryan",jeffr002,1,2,empty,empty,1,field_out,1,0,0
2025-03-31,CHA202503310,MIN,"France, Ty",frant002,1,0,empty,empty,1,field_out,2,0,3
2025-03-31,CHA202503310,MIN,"Miranda, Jose",miraj002,1,1,empty,empty,1,field_out,2,0,3
2025-03-31,CHA202503310,MIN,"Gasper, Mickey",gaspm001,1,2,empty,empty,1,strikeout,2,0,3
2025-03-31,CHA202503310,MIN,"Castro, Willi",castw003,1,0,empty,empty,1,strikeout,3,0,7
2025-03-31,CHA202503310,MIN,"Bader, Harrison",badeh001,1,1,empty,empty,1,field_out,3,0,7
2025-03-31,CHA202503310,MIN,"Vazquez, Christian",vazqc001,1,2,empty,empty,1,field_out,3,0,7
2025-03-31,CHA202503310,MIN,"Julien, Edouard",julie001,1,0,empty,empty,1,field_out,4,0,9
2025-03-31,CHA202503310,MIN,"Keirsey, DaShawn",keird001,1,1,empty,empty,1,strikeout,4,0,9
2025-03-31,CHA202503310,MIN,"Jeffers, Ryan",jeffr002,2,2,empty,empty,1,walk,4,0,9
2025-03-31,CHA202503310,MIN,"France, Ty",frant002,2,2,1B,1B,1,hit_by_pitch,4,0,9
2025-03-31,CHA202503310,MIN,"Miranda, Jose",miraj002,2,2,1B+2B,1B+2B,1,strikeout,4,0,9
2025-03-31,CHA202503310,MIN,"Gasper, Mickey",gaspm001,2,0,empty,empty,1,walk,5,0,9
2025-03-31,CHA202503310,MIN,"Castro, Willi",castw003,2,0,1B,1B,1,field_out,5,0,9
2025-03-31,CHA202503310,MIN,"Bader, Harrison",badeh001,2,1,1B,1B,1,strikeout,5,0,9
2025-03-31,CHA202503310,MIN,"Vazquez, Christian",vazqc001,2,2,1B,1B,1,strikeout,5,0,9
2025-03-31,CHA202503310,MIN,"Julien, Edouard",julie001,2,0,empty,empty,1,strikeout,6,0,9
2025-03-31,CHA202503310,MIN,"Keirsey, DaShawn",keird001,2,1,empty,empty,1,strikeout,6,0,9
2025-03-31,CHA202503310,MIN,"Jeffers, Ryan",jeffr002,3,2,empty,empty,1,walk,6,0,9
2025-03-31,CHA202503310,MIN,"France, Ty",frant002,3,2,1B,1B,1,strikeout,6,0,9
2025-03-31,CHA202503310,MIN,"Miranda, Jose",miraj002,3,0,empty,empty,1,field_out,7,0,9
2025-03-31,CHA202503310,MIN,"Gasper, Mickey",gaspm001,3,1,empty,empty,1,field_out,7,0,9
2025-03-31,CHA202503310,MIN,"Castro, Willi",castw003,3,2,empty,empty,1,single,7,0,9
2025-03-31,CHA202503310,MIN,"Bader, Harrison",badeh001,3,2,1B,1B,1,field_out,7,0,9
2025-03-31,CHA202503310,MIN,"Vazquez, Christian",vazqc001,3,0,empty,empty,1,field_out,8,0,9
2025-03-31,CHA202503310,MIN,"Julien, Edouard",julie001,3,1,empty,empty,1,field_out,8,0,9
2025-03-31,CHA202503310,MIN,"Keirsey, DaShawn",keird001,3,2,empty,empty,1,field_error,8,0,9
2025-03-31,CHA202503310,MIN,"Jeffers, Ryan",jeffr002,4,2,1B,1B,1,single,8,0,9
2025-03-31,CHA202503310,MIN,"France, Ty",frant002,4,2,1B+2B,1B+2B,1,strikeout,8,0,9
2025-03-31,CHA202503310,MIN,"Miranda, Jose",miraj002,4,0,empty,empty,1,strikeout,9,0,9
2025-03-31,CHA202503310,MIN,"Gasper, Mickey",gaspm001,4,1,empty,empty,1,walk,9,0,9
2025-03-31,CHA202503310,MIN,"Castro, Willi",castw003,4,1,1B,1B,1,strikeout,9,0,9
2025-03-31,CHA202503310,MIN,"Bader, Harrison",badeh001,4,2,1B,1B,1,strikeout,9,0,9
2025-04-01,CHA202504010,MIN,"Wallner, Matt",wallm001,1,0,empty,empty,1,walk,1,0,0
2025-04-01,CHA202504010,MIN,"Correa, Carlos",corrc001,1,0,1B,1B,1,strikeout,1,0,0
2025-04-01,CHA202504010,MIN,"Buxton, Byron",buxtb001,1,1,1B,1B,1,field_out,1,0,0
2025-04-01,CHA202504010,MIN,"Larnach, Trevor",larnt001,1,2,1B,1B,1,single,1,0,0
2025-04-01,CHA202504010,MIN,"Jeffers, Ryan",jeffr002,1,2,1B+3B,1B+3B,1,strikeout,1,0,0
2025-04-01,CHA202504010,MIN,"France, Ty",frant002,1,0,empty,empty,1,field_out,2,0,0
2025-04-01,CHA202504010,MIN,"Castro, Willi",castw003,1,1,empty,empty,1,field_out,2,0,0
2025-04-01,CHA202504010,MIN,"Julien, Edouard",julie001,1,2,empty,empty,1,field_out,2,0,0
2025-04-01,CHA202504010,MIN,"Miranda, Jose",miraj002,1,0,empty,empty,1,strikeout,3,0,1
2025-04-01,CHA202504010,MIN,"Wallner, Matt",wallm001,2,1,empty,empty,1,walk,3,0,1
2025-04-01,CHA202504010,MIN,"Correa, Carlos",corrc001,2,1,1B,1B,1,grounded_into_double_play,3,0,1
2025-04-01,CHA202504010,MIN,"Buxton, Byron",buxtb001,2,0,empty,empty,1,field_out,4,0,1
2025-04-01,CHA202504010,MIN,"Larnach, Trevor",larnt001,2,1,empty,empty,1,field_out,4,0,1
2025-04-01,CHA202504010,MIN,"Jeffers, Ryan",jeffr002,2,2,empty,empty,1,field_out,4,0,1
2025-04-01,CHA202504010,MIN,"France, Ty",frant002,2,0,empty,empty,1,single,5,0,2
2025-04-01,CHA202504010,MIN,"Castro, Willi",castw003,2,0,1B,1B,1,field_out,5,0,2
2025-04-01,CHA202504010,MIN,"Julien, Edouard",julie001,2,1,1B,1B,1,field_out,5,0,2
2025-04-01,CHA202504010,MIN,"Miranda, Jose",miraj002,2,2,2B,2B,1,field_out,5,0,2
2025-04-01,CHA202504010,MIN,"Wallner, Matt",wallm001,3,0,empty,empty,1,field_out,6,0,3
2025-04-01,CHA202504010,MIN,"Correa, Carlos",corrc001,3,1,empty,empty,1,field_out,6,0,3
2025-04-01,CHA202504010,MIN,"Buxton, Byron",buxtb001,3,2,empty,empty,1,walk,6,0,3
2025-04-01,CHA202504010,MIN,"Larnach, Trevor",larnt001,3,2,1B,1B,1,walk,6,0,3
2025-04-01,CHA202504010,MIN,"Jeffers, Ryan",jeffr002,3,2,1B+2B,1B+2B,1,single,6,0,3
2025-04-01,CHA202504010,MIN,"France, Ty",frant002,3,2,1B+2B,1B+2B,1,single,6,1,3
2025-04-01,CHA202504010,MIN,"Castro, Willi",castw003,3,2,1B+2B,1B+2B,1,hit_by_pitch,6,2,3
2025-04-01,CHA202504010,MIN,"Julien, Edouard",julie001,3,2,1B+2B+3B,1B+2B+3B,1,single,6,2,3
2025-04-01,CHA202504010,MIN,"Miranda, Jose",miraj002,3,2,1B+2B+3B,1B+2B+3B,1,single,6,3,3
2025-04-01,CHA202504010,MIN,"Wallner, Matt",wallm001,4,0,1B+3B,empty,0,walk,7,5,3
2025-04-01,CHA202504010,MIN,"Correa, Carlos",corrc001,4,0,1B,1B,1,field_out,7,5,3
2025-04-01,CHA202504010,MIN,"Buxton, Byron",buxtb001,4,1,1B,1B,1,field_out,7,5,3
2025-04-01,CHA202504010,MIN,"Larnach, Trevor",larnt001,4,2,1B,1B,1,strikeout,7,5,3
2025-04-01,CHA202504010,MIN,"Jeffers, Ryan",jeffr002,4,0,empty,empty,1,single,8,5,3
2025-04-01,CHA202504010,MIN,"France, Ty",frant002,4,0,1B,1B,1,walk,8,5,3
2025-04-01,CHA202504010,MIN,"Castro, Willi",castw003,4,0,1B+2B,1B+2B,1,field_out,8,5,3
2025-04-01,CHA202504010,MIN,"Gasper, Mickey",gaspm001,1,1,1B+2B,1B+2B,1,strikeout,8,5,3
2025-04-01,CHA202504010,MIN,"Miranda, Jose",miraj002,4,2,1B+2B,1B+2B,1,field_out,8,5,3
2025-04-01,CHA202504010,MIN,"Wallner, Matt",wallm001,5,0,empty,empty,1,double,9,5,3
2025-04-01,CHA202504010,MIN,"Correa, Carlos",corrc001,5,0,2B,2B,1,strikeout,9,5,3
2025-04-01,CHA202504010,MIN,"Buxton, Byron",buxtb001,5,1,2B,2B,1,single,9,5,3
2025-04-01,CHA202504010,MIN,"Bader, Harrison",badeh001,1,1,1B+2B,1B+2B,1,home_run,9,5,3
2025-04-01,CHA202504010,MIN,"Jeffers, Ryan",jeffr002,5,1,empty,empty,1,field_out,9,8,3
2025-04-01,CHA202504010,MIN,"France, Ty",frant002,5,2,empty,empty,1,strikeout,9,8,3
2025-04-02,CHA202504020,MIN,"Wallner, Matt",wallm001,1,0,empty,empty,1,field_out,1,0,0
2025-04-02,CHA202504020,MIN,"Correa, Carlos",corrc001,1,1,empty,empty,1,field_out,1,0,0
2025-04-02,CHA202504020,MIN,"Buxton, Byron",buxtb001,1,2,empty,empty,1,home_run,1,0,0
2025-04-02,CHA202504020,MIN,"Larnach, Trevor",larnt001,1,2,empty,empty,1,field_out,1,1,0
2025-04-02,CHA202504020,MIN,"France, Ty",frant002,1,0,empty,empty,1,field_out,2,1,0
2025-04-02,CHA202504020,MIN,"Castro, Willi",castw003,1,1,empty,empty,1,field_out,2,1,0
2025-04-02,CHA202504020,MIN,"Julien, Edouard",julie001,1,2,empty,empty,1,single,2,1,0
2025-04-02,CHA202504020,MIN,"Bader, Harrison",badeh001,1,2,1B,1B,1,field_out,2,1,0
2025-04-02,CHA202504020,MIN,"Vazquez, Christian",vazqc001,1,0,empty,empty,1,field_out,3,1,0
2025-04-02,CHA202504020,MIN,"Wallner, Matt",wallm001,2,1,empty,empty,1,field_out,3,1,0
2025-04-02,CHA202504020,MIN,"Correa, Carlos",corrc001,2,2,empty,empty,1,single,3,1,0
2025-04-02,CHA202504020,MIN,"Buxton, Byron",buxtb001,2,2,1B,1B,1,field_out,3,1,0
2025-04-02,CHA202504020,MIN,"Larnach, Trevor",larnt001,2,0,empty,empty,1,field_out,4,1,0
2025-04-02,CHA202504020,MIN,"France, Ty",frant002,2,1,empty,empty,1,single,4,1,0
2025-04-02,CHA202504020,MIN,"Castro, Willi",castw003,2,1,1B,1B,1,hit_by_pitch,4,1,0
2025-04-02,CHA202504020,MIN,"Julien, Edouard",julie001,2,1,1B+2B,1B+2B,1,field_out,4,1,0
2025-04-02,CHA202504020,MIN,"Bader, Harrison",badeh001,2,2,1B+2B,1B+2B,1,home_run,4,1,0
2025-04-02,CHA202504020,MIN,"Vazquez, Christian",vazqc001,2,2,empty,empty,1,field_error,4,4,0
2025-04-02,CHA202504020,MIN,"Wallner, Matt",wallm001,3,0,1B,empty,0,strikeout,5,4,0
2025-04-02,CHA202504020,MIN,"Correa, Carlos",corrc001,3,1,empty,empty,1,double,5,4,0
2025-04-02,CHA202504020,MIN,"Buxton, Byron",buxtb001,3,1,2B,2B,1,double,5,4,0
2025-04-02,CHA202504020,MIN,"Larnach, Trevor",larnt001,3,1,2B,2B,1,field_out,5,5,0
2025-04-02,CHA202504020,MIN,"France, Ty",frant002,3,2,2B,2B,1,double,5,5,0
2025-04-02,CHA202504020,MIN,"Castro, Willi",castw003,3,2,2B,2B,1,field_out,5,6,0
2025-04-02,CHA202504020,MIN,"Julien, Edouard",julie001,3,0,empty,empty,1,strikeout,6,6,0
2025-04-02,CHA202504020,MIN,"Bader, Harrison",badeh001,3,1,empty,empty,1,field_out,6,6,0
2025-04-02,CHA202504020,MIN,"Vazquez, Christian",vazqc001,3,2,empty,empty,1,field_out,6,6,0
2025-04-02,CHA202504020,MIN,"Wallner, Matt",wallm001,4,0,empty,empty,1,field_out,7,6,0
2025-04-02,CHA202504020,MIN,"Correa, Carlos",corrc001,4,1,empty,empty,1,field_out,7,6,0
2025-04-02,CHA202504020,MIN,"Buxton, Byron",buxtb001,4,2,empty,empty,1,strikeout,7,6,0
2025-04-02,CHA202504020,MIN,"Larnach, Trevor",larnt001,4,0,empty,empty,1,strikeout,8,6,1
2025-04-02,CHA202504020,MIN,"France, Ty",frant002,4,1,empty,empty,1,field_out,8,6,1
2025-04-02,CHA202504020,MIN,"Castro, Willi",castw003,4,2,empty,empty,1,field_out,8,6,1
2025-04-02,CHA202504020,MIN,"Julien, Edouard",julie001,4,0,empty,empty,1,field_out,9,6,1
2025-04-02,CHA202504020,MIN,"Bader, Harrison",badeh001,4,1,empty,empty,1,field_out,9,6,1
2025-04-02,CHA202504020,MIN,"Vazquez, Christian",vazqc001,4,2,empty,empty,1,field_out,9,6,1
2025-04-03,MIN202504030,MIN,"Wallner, Matt",wallm001,1,0,empty,empty,1,triple,1,0,0
2025-04-03,MIN202504030,MIN,"Correa, Carlos",corrc001,1,0,3B,3B,1,field_out,1,0,0
2025-04-03,MIN202504030,MIN,"Buxton, Byron",buxtb001,1,1,empty,empty,1,single,1,1,0
2025-04-03,MIN202504030,MIN,"Larnach, Trevor",larnt001,1,1,1B,2B,0,single,1,1,0
2025-04-03,MIN202504030,MIN,"France, Ty",frant002,1,1,1B,1B,1,grounded_into_double_play,1,2,0
2025-04-03,MIN202504030,MIN,"Castro, Willi",castw003,1,0,empty,empty,1,single,2,2,2
2025-04-03,MIN202504030,MIN,"Julien, Edouard",julie001,1,0,1B,1B,1,strikeout,2,2,2
2025-04-03,MIN202504030,MIN,"Jeffers, Ryan",jeffr002,1,1,1B,1B,1,strikeout,2,2,2
2025-04-03,MIN202504030,MIN,"Bader, Harrison",badeh001,1,2,2B,2B,1,strikeout,2,2,2
2025-04-03,MIN202504030,MIN,"Wallner, Matt",wallm001,2,0,empty,empty,1,strikeout,3,2,2
2025-04-03,MIN202504030,MIN,"Correa, Carlos",corrc001,2,1,empty,empty,1,field_out,3,2,2
2025-04-03,MIN202504030,MIN,"Buxton, Byron",buxtb001,2,2,empty,empty,1,single,3,2,2
2025-04-03,MIN202504030,MIN,"Larnach, Trevor",larnt001,2,2,1B,1B,1,field_out,3,2,2
2025-04-03,MIN202504030,MIN,"France, Ty",frant002,2,0,empty,empty,1,field_out,4,2,4
2025-04-03,MIN202504030,MIN,"Castro, Willi",castw003,2,1,empty,empty,1,strikeout,4,2,4
2025-04-03,MIN202504030,MIN,"Julien, Edouard",julie001,2,2,empty,empty,1,field_out,4,2,4
2025-04-03,MIN202504030,MIN,"Jeffers, Ryan",jeffr002,2,0,empty,empty,1,strikeout,5,2,4
2025-04-03,MIN202504030,MIN,"Bader, Harrison",badeh001,2,1,empty,empty,1,field_out,5,2,4
2025-04-03,MIN202504030,MIN,"Wallner, Matt",wallm001,3,2,empty,empty,1,strikeout,5,2,4
2025-04-03,MIN202504030,MIN,"Correa, Carlos",corrc001,3,0,empty,empty,1,field_out,6,2,5
2025-04-03,MIN202504030,MIN,"Buxton, Byron",buxtb001,3,1,empty,empty,1,strikeout,6,2,5
2025-04-03,MIN202504030,MIN,"Larnach, Trevor",larnt001,3,2,empty,empty,1,field_out,6,2,5
2025-04-03,MIN202504030,MIN,"France, Ty",frant002,3,0,empty,empty,1,field_out,7,2,5
2025-04-03,MIN202504030,MIN,"Castro, Willi",castw003,3,1,empty,empty,1,field_out,7,2,5
2025-04-03,MIN202504030,MIN,"Miranda, Jose",miraj002,1,2,empty,empty,1,field_out,7,2,5
2025-04-03,MIN202504030,MIN,"Jeffers, Ryan",jeffr002,3,0,empty,empty,1,field_out,8,2,5
2025-04-03,MIN202504030,MIN,"Bader, Harrison",badeh001,3,1,empty,empty,1,strikeout,8,2,5
2025-04-03,MIN202504030,MIN,"Wallner, Matt",wallm001,4,2,empty,empty,1,field_error,8,2,5
2025-04-03,MIN202504030,MIN,"Correa, Carlos",corrc001,4,2,2B,2B,1,strikeout,8,2,5
2025-04-03,MIN202504030,MIN,"Buxton, Byron",buxtb001,4,0,empty,empty,1,field_out,9,2,5
2025-04-03,MIN202504030,MIN,"Larnach, Trevor",larnt001,4,1,empty,empty,1,strikeout,9,2,5
2025-04-03,MIN202504030,MIN,"France, Ty",frant002,4,2,empty,empty,1,field_out,9,2,5
2025-04-05,MIN202504050,MIN,"Wallner, Matt",wallm001,1,0,empty,empty,1,field_out,1,0,1
2025-04-05,MIN202504050,MIN,"Correa, Carlos",corrc001,1,1,empty,empty,1,field_out,1,0,1
2025-04-05,MIN202504050,MIN,"Buxton, Byron",buxtb001,1,2,empty,empty,1,strikeout,1,0,1
2025-04-05,MIN202504050,MIN,"Larnach, Trevor",larnt001,1,0,empty,empty,1,strikeout,2,0,1
2025-04-05,MIN202504050,MIN,"France, Ty",frant002,1,1,empty,empty,1,field_out,2,0,1
2025-04-05,MIN202504050,MIN,"Castro, Willi",castw003,1,2,empty,empty,1,field_out,2,0,1
2025-04-05,MIN202504050,MIN,"Julien, Edouard",julie001,1,0,empty,empty,1,walk,3,0,1
2025-04-05,MIN202504050,MIN,"Miranda, Jose",miraj002,1,0,1B,1B,1,field_out,3,0,1
2025-04-05,MIN202504050,MIN,"Vazquez, Christian",vazqc001,1,1,1B,1B,1,walk,3,0,1
2025-04-05,MIN202504050,MIN,"Wallner, Matt",wallm001,2,1,1B+2B,1B+2B,1,field_out,3,0,1
2025-04-05,MIN202504050,MIN,"Correa, Carlos",corrc001,2,2,1B+3B,1B+3B,1,field_out,3,0,1
2025-04-05,MIN202504050,MIN,"Buxton, Byron",buxtb001,2,0,empty,empty,1,hit_by_pitch,4,0,1
2025-04-05,MIN202504050,MIN,"Larnach, Trevor",larnt001,2,0,1B,2B,0,walk,4,0,1
2025-04-05,MIN202504050,MIN,"France, Ty",frant002,2,0,1B+2B,1B+2B,1,single,4,0,1
2025-04-05,MIN202504050,MIN,"Castro, Willi",castw003,2,0,1B+2B,1B+2B,1,strikeout,4,1,1
2025-04-05,MIN202504050,MIN,"Julien, Edouard",julie001,2,1,1B+2B,1B+2B,1,field_out,4,1,1
2025-04-05,MIN202504050,MIN,"Miranda, Jose",miraj002,2,2,1B+3B,1B+3B,1,home_run,4,1,1
2025-04-05,MIN202504050,MIN,"Vazquez, Christian",vazqc001,2,2,empty,empty,1,double,4,4,1
2025-04-05,MIN202504050,MIN,"Wallner, Matt",wallm001,3,2,2B,2B,1,double,4,4,1
2025-04-05,MIN202504050,MIN,"Correa, Carlos",corrc001,3,2,2B,2B,1,single,4,5,1
2025-04-05,MIN202504050,MIN,"Buxton, Byron",buxtb001,3,2,1B,1B,1,field_out,4,6,1
2025-04-05,MIN202504050,MIN,"Larnach, Trevor",larnt001,3,0,empty,empty,1,single,5,6,1
2025-04-05,MIN202504050,MIN,"France, Ty",frant002,3,0,1B,1B,1,field_out,5,6,1
2025-04-05,MIN202504050,MIN,"Castro, Willi",castw003,3,1,1B,1B,1,walk,5,6,1
2025-04-05,MIN202504050,MIN,"Julien, Edouard",julie001,3,1,1B+2B,1B+2B,1,strikeout,5,6,1
2025-04-05,MIN202504050,MIN,"Miranda, Jose",miraj002,3,2,1B+2B,1B+2B,1,strikeout,5,6,1
2025-04-05,MIN202504050,MIN,"Vazquez, Christian",vazqc001,3,0,empty,empty,1,field_out,6,6,1
2025-04-05,MIN202504050,MIN,"Wallner, Matt",wallm001,4,1,empty,empty,1,field_out,6,6,1
2025-04-05,MIN202504050,MIN,"Correa, Carlos",corrc001,4,2,empty,empty,1,strikeout,6,6,1
2025-04-05,MIN202504050,MIN,"Buxton, Byron",buxtb001,4,0,empty,empty,1,strikeout,7,6,1
2025-04-05,MIN202504050,MIN,"Larnach, Trevor",larnt001,4,1,empty,empty,1,field_out,7,6,1
2025-04-05,MIN202504050,MIN,"France, Ty",frant002,4,2,empty,empty,1,field_out,7,6,1
2025-04-05,MIN202504050,MIN,"Castro, Willi",castw003,4,0,empty,empty,1,strikeout,8,6,1
2025-04-05,MIN202504050,MIN,"Gasper, Mickey",gaspm001,1,1,empty,empty,1,strikeout,8,6,1
2025-04-05,MIN202504050,MIN,"Miranda, Jose",miraj002,4,2,empty,empty,1,strikeout,8,6,1
2025-04-06,MIN202504060,MIN,"Wallner, Matt",wallm001,1,0,empty,empty,1,single,1,0,1
2025-04-06,MIN202504060,MIN,"Correa, Carlos",corrc001,1,0,1B,1B,1,walk,1,0,1
2025-04-06,MIN202504060,MIN,"Buxton, Byron",buxtb001,1,0,1B+2B,1B+2B,1,field_out,1,0,1
2025-04-06,MIN202504060,MIN,"Larnach, Trevor",larnt001,1,1,1B+3B,1B+3B,1,sac_fly,1,0,1
2025-04-06,MIN202504060,MIN,"Castro, Willi",castw003,1,2,1B,1B,1,single,1,1,1
2025-04-06,MIN202504060,MIN,"Jeffers, Ryan",jeffr002,1,2,1B+3B,1B+3B,1,double,1,1,1
2025-04-06,MIN202504060,MIN,"Julien, Edouard",julie001,1,2,2B,2B,1,strikeout,1,3,1
2025-04-06,MIN202504060,MIN,"Gasper, Mickey",gaspm001,1,0,empty,empty,1,walk,2,3,1
2025-04-06,MIN202504060,MIN,"Bader, Harrison",badeh001,1,0,1B,1B,1,single,2,3,1
2025-04-06,MIN202504060,MIN,"Wallner, Matt",wallm001,2,0,1B+2B,1B+2B,1,strikeout,2,3,1
2025-04-06,MIN202504060,MIN,"Correa, Carlos",corrc001,2,1,1B+2B,1B+2B,1,single,2,3,1
2025-04-06,MIN202504060,MIN,"Buxton, Byron",buxtb001,2,1,1B+3B,1B+3B,1,strikeout,2,4,1
2025-04-06,MIN202504060,MIN,"Larnach, Trevor",larnt001,2,2,1B+3B,1B+3B,1,walk,2,4,1
2025-04-06,MIN202504060,MIN,"Castro, Willi",castw003,2,2,1B+2B+3B,1B+2B+3B,1,field_out,2,4,1
2025-04-06,MIN202504060,MIN,"Jeffers, Ryan",jeffr002,2,0,empty,empty,1,field_out,3,4,1
2025-04-06,MIN202504060,MIN,"Julien, Edouard",julie001,2,1,empty,empty,1,double,3,4,1
2025-04-06,MIN202504060,MIN,"Gasper, Mickey",gaspm001,2,1,2B,2B,1,strikeout,3,4,1
2025-04-06,MIN202504060,MIN,"Bader, Harrison",badeh001,2,2,2B,2B,1,field_out,3,4,1
2025-04-06,MIN202504060,MIN,"Wallner, Matt",wallm001,3,0,empty,empty,1,single,4,4,1
2025-04-06,MIN202504060,MIN,"Correa, Carlos",corrc001,3,0,1B,1B,1,walk,4,4,1
2025-04-06,MIN202504060,MIN,"Buxton, Byron",buxtb001,3,0,1B+2B,1B+2B,1,double,4,4,1
2025-04-06,MIN202504060,MIN,"Larnach, Trevor",larnt001,3,0,2B+3B,2B+3B,1,double,4,5,1
2025-04-06,MIN202504060,MIN,"Castro, Willi",castw003,3,0,2B,2B,1,field_out,4,7,1
2025-04-06,MIN202504060,MIN,"Jeffers, Ryan",jeffr002,3,1,2B,2B,1,field_out,4,7,1
2025-04-06,MIN202504060,MIN,"Julien, Edouard",julie001,3,2,3B,3B,1,field_out,4,7,1
2025-04-06,MIN202504060,MIN,"Gasper, Mickey",gaspm001,3,0,empty,empty,1,strikeout,5,7,4
2025-04-06,MIN202504060,MIN,"Bader, Harrison",badeh001,3,1,empty,empty,1,walk,5,7,4
2025-04-06,MIN202504060,MIN,"Wallner, Matt",wallm001,4,2,1B,empty,0,single,5,7,4
2025-04-06,MIN202504060,MIN,"Correa, Carlos",corrc001,4,2,1B,1B,1,field_out,5,7,4
2025-04-06,MIN202504060,MIN,"Buxton, Byron",buxtb001,4,0,empty,empty,1,strikeout,6,7,5
2025-04-06,MIN202504060,MIN,"Larnach, Trevor",larnt001,4,1,empty,empty,1,field_out,6,7,5
2025-04-06,MIN202504060,MIN,"Castro, Willi",castw003,4,2,empty,empty,1,strikeout,6,7,5
2025-04-06,MIN202504060,MIN,"Jeffers, Ryan",jeffr002,4,0,empty,empty,1,field_out,7,7,5
2025-04-06,MIN202504060,MIN,"France, Ty",frant002,1,1,empty,empty,1,field_out,7,7,5
2025-04-06,MIN202504060,MIN,"Miranda, Jose",miraj002,1,2,empty,empty,1,strikeout,7,7,5
2025-04-06,MIN202504060,MIN,"Bader, Harrison",badeh001,4,0,empty,empty,1,single,8,7,5
2025-04-06,MIN202504060,MIN,"Wallner, Matt",wallm001,5,0,1B,1B,1,single,8,7,5
2025-04-06,MIN202504060,MIN,"Correa, Carlos",corrc001,5,0,1B+2B,1B+2B,1,field_out,8,7,5
2025-04-06,MIN202504060,MIN,"Buxton, Byron",buxtb001,5,1,1B+2B,1B+2B,1,field_out,8,7,5
2025-04-06,MIN202504060,MIN,"Larnach, Trevor",larnt001,5,2,1B+2B,1B+2B,1,strikeout,8,7,5
2025-04-06,MIN202504060,MIN,"Castro, Willi",castw003,5,0,empty,empty,1,field_out,9,7,7
2025-04-06,MIN202504060,MIN,"Jeffers, Ryan",jeffr002,5,1,empty,empty,1,strikeout,9,7,7
2025-04-06,MIN202504060,MIN,"France, Ty",frant002,2,2,empty,empty,1,field_out,9,7,7
2025-04-06,MIN202504060,MIN,"Miranda, Jose",miraj002,2,0,2B,2B,1,field_out,10,7,9
2025-04-06,MIN202504060,MIN,"Bader, Harrison",badeh001,5,1,2B,2B,1,strikeout,10,7,9
2025-04-06,MIN202504060,MIN,"Vazquez, Christian",vazqc001,1,2,2B,2B,1,strikeout,10,7,9
2025-04-07,KCA202504070,MIN,"Wallner, Matt",wallm001,1,0,empty,empty,1,strikeout,1,0,0
2025-04-07,KCA202504070,MIN,"Correa, Carlos",corrc001,1,1,empty,empty,1,field_out,1,0,0
2025-04-07,KCA202504070,MIN,"Buxton, Byron",buxtb001,1,2,empty,empty,1,field_out,1,0,0
2025-04-07,KCA202504070,MIN,"Larnach, Trevor",larnt001,1,0,empty,empty,1,field_out,2,0,1
2025-04-07,KCA202504070,MIN,"France, Ty",frant002,1,1,empty,empty,1,double,2,0,1
2025-04-07,KCA202504070,MIN,"Miranda, Jose",miraj002,1,1,2B,2B,1,field_out,2,0,1
2025-04-07,KCA202504070,MIN,"Castro, Willi",castw003,1,2,2B,3B,0,double,2,0,1
2025-04-07,KCA202504070,MIN,"Bader, Harrison",badeh001,1,2,2B,2B,1,single,2,1,1
2025-04-07,KCA202504070,MIN,"Vazquez, Christian",vazqc001,1,2,1B+3B,1B+3B,1,field_out,2,1,1
2025-04-07,KCA202504070,MIN,"Wallner, Matt",wallm001,2,0,empty,empty,1,single,3,1,3
2025-04-07,KCA202504070,MIN,"Correa, Carlos",corrc001,2,0,1B,1B,1,field_out,3,1,3
2025-04-07,KCA202504070,MIN,"Buxton, Byron",buxtb001,2,1,1B,1B,1,strikeout,3,1,3
2025-04-07,KCA202504070,MIN,"Larnach, Trevor",larnt001,2,2,1B,1B,1,field_out,3,1,3
2025-04-07,KCA202504070,MIN,"France, Ty",frant002,2,0,empty,empty,1,field_out,4,1,3
2025-04-07,KCA202504070,MIN,"Miranda, Jose",miraj002,2,1,empty,empty,1,field_out,4,1,3
2025-04-07,KCA202504070,MIN,"Castro, Willi",castw003,2,2,empty,empty,1,field_out,4,1,3
2025-04-07,KCA202504070,MIN,"Bader, Harrison",badeh001,2,0,empty,empty,1,field_out,5,1,3
2025-04-07,KCA202504070,MIN,"Vazquez, Christian",vazqc001,2,1,empty,empty,1,strikeout,5,1,3
2025-04-07,KCA202504070,MIN,"Wallner, Matt",wallm001,3,2,empty,empty,1,double,5,1,3
2025-04-07,KCA202504070,MIN,"Correa, Carlos",corrc001,3,2,2B,2B,1,field_out,5,1,3
2025-04-07,KCA202504070,MIN,"Buxton, Byron",buxtb001,3,0,empty,empty,1,field_out,6,1,3
2025-04-07,KCA202504070,MIN,"Larnach, Trevor",larnt001,3,1,empty,empty,1,field_out,6,1,3
2025-04-07,KCA202504070,MIN,"France, Ty",frant002,3,2,empty,empty,1,field_out,6,1,3
2025-04-07,KCA202504070,MIN,"Miranda, Jose",miraj002,3,0,empty,empty,1,single,7,1,4
2025-04-07,KCA202504070,MIN,"Castro, Willi",castw003,3,0,1B,1B,1,field_out,7,1,4
2025-04-07,KCA202504070,MIN,"Bader, Harrison",badeh001,3,1,2B,2B,1,field_out,7,1,4
2025-04-07,KCA202504070,MIN,"Vazquez, Christian",vazqc001,3,2,2B,2B,1,field_out,7,1,4
2025-04-07,KCA202504070,MIN,"Wallner, Matt",wallm001,4,0,empty,empty,1,walk,8,1,4
2025-04-07,KCA202504070,MIN,"Correa, Carlos",corrc001,4,0,1B,1B,1,strikeout,8,1,4
2025-04-07,KCA202504070,MIN,"Buxton, Byron",buxtb001,4,2,1B,empty,0,field_out,8,1,4
2025-04-07,KCA202504070,MIN,"Larnach, Trevor",larnt001,4,0,empty,empty,1,field_out,9,1,4
2025-04-07,KCA202504070,MIN,"France, Ty",frant002,4,1,empty,empty,1,hit_by_pitch,9,1,4
2025-04-07,KCA202504070,MIN,"Miranda, Jose",miraj002,4,1,1B,1B,1,strikeout,9,1,4
2025-04-07,KCA202504070,MIN,"Castro, Willi",castw003,4,2,1B,2B,0,walk,9,1,4
2025-04-07,KCA202504070,MIN,"Bader, Harrison",badeh001,4,2,1B+2B,1B+2B,1,single,9,1,4
2025-04-07,KCA202504070,MIN,"Julien, Edouard",julie001,1,2,1B+2B,1B+2B,1,field_out,9,2,4
2025-04-08,KCA202504080,MIN,"Buxton, Byron",buxtb001,1,0,empty,empty,1,strikeout,1,0,0
2025-04-08,KCA202504080,MIN,"Jeffers, Ryan",jeffr002,1,1,empty,empty,1,strikeout,1,0,0
2025-04-08,KCA202504080,MIN,"Larnach, Trevor",larnt001,1,2,empty,empty,1,field_out,1,0,0
2025-04-08,KCA202504080,MIN,"Correa, Carlos",corrc001,1,0,empty,empty,1,double,2,0,0
2025-04-08,KCA202504080,MIN,"Miranda, Jose",miraj002,1,0,2B,2B,1,strikeout,2,0,0
2025-04-08,KCA202504080,MIN,"France, Ty",frant002,1,1,2B,2B,1,field_out,2,0,0
2025-04-08,KCA202504080,MIN,"Julien, Edouard",julie001,1,2,2B,2B,1,strikeout,2,0,0
2025-04-08,KCA202504080,MIN,"Bader, Harrison",badeh001,1,0,empty,empty,1,strikeout,3,0,0
2025-04-08,KCA202504080,MIN,"Gasper, Mickey",gaspm001,1,1,empty,empty,1,strikeout,3,0,0
2025-04-08,KCA202504080,MIN,"Buxton, Byron",buxtb001,2,2,empty,empty,1,strikeout,3,0,0
2025-04-08,KCA202504080,MIN,"Jeffers, Ryan",jeffr002,2,0,empty,empty,1,field_out,4,0,0
2025-04-08,KCA202504080,MIN,"Larnach, Trevor",larnt001,2,1,empty,empty,1,field_out,4,0,0
2025-04-08,KCA202504080,MIN,"Correa, Carlos",corrc001,2,2,empty,empty,1,strikeout,4,0,0
2025-04-08,KCA202504080,MIN,"Miranda, Jose",miraj002,2,0,empty,empty,1,strikeout,5,0,1
2025-04-08,KCA202504080,MIN,"France, Ty",frant002,2,1,empty,empty,1,double,5,0,1
2025-04-08,KCA202504080,MIN,"Julien, Edouard",julie001,2,1,2B,2B,1,hit_by_pitch,5,0,1
2025-04-08,KCA202504080,MIN,"Bader, Harrison",badeh001,2,1,1B+2B,1B+2B,1,single,5,0,1
2025-04-08,KCA202504080,MIN,"Gasper, Mickey",gaspm001,2,1,1B+2B,1B+2B,1,field_out,5,1,1
2025-04-08,KCA202504080,MIN,"Buxton, Byron",buxtb001,3,2,1B+2B,1B+2B,1,strikeout,5,1,1
2025-04-08,KCA202504080,MIN,"Jeffers, Ryan",jeffr002,3,0,empty,empty,1,field_out,6,1,1
2025-04-08,KCA202504080,MIN,"Larnach, Trevor",larnt001,3,1,empty,empty,1,field_out,6,1,1
2025-04-08,KCA202504080,MIN,"Correa, Carlos",corrc001,3,2,empty,empty,1,double,6,1,1
2025-04-08,KCA202504080,MIN,"Miranda, Jose",miraj002,3,2,2B,2B,1,strikeout,6,1,1
2025-04-08,KCA202504080,MIN,"France, Ty",frant002,3,0,empty,empty,1,field_out,7,1,1
2025-04-08,KCA202504080,MIN,"Julien, Edouard",julie001,3,1,empty,empty,1,single,7,1,1
2025-04-08,KCA202504080,MIN,"Bader, Harrison",badeh001,3,1,1B,1B,1,field_out,7,1,1
2025-04-08,KCA202504080,MIN,"Gasper, Mickey",gaspm001,3,2,1B,1B,1,field_out,7,1,1
2025-04-08,KCA202504080,MIN,"Buxton, Byron",buxtb001,4,0,empty,empty,1,strikeout,8,1,1
2025-04-08,KCA202504080,MIN,"Jeffers, Ryan",jeffr002,4,1,empty,empty,1,single,8,1,1
2025-04-08,KCA202504080,MIN,"Larnach, Trevor",larnt001,4,1,1B,1B,1,single,8,1,1
2025-04-08,KCA202504080,MIN,"Correa, Carlos",corrc001,4,1,1B+3B,1B+3B,1,grounded_into_double_play,8,1,1
2025-04-08,KCA202504080,MIN,"Wallner, Matt",wallm001,1,0,empty,empty,1,field_out,9,1,2
2025-04-08,KCA202504080,MIN,"France, Ty",frant002,4,1,empty,empty,1,field_out,9,1,2
2025-04-08,KCA202504080,MIN,"Julien, Edouard",julie001,4,2,empty,empty,1,field_out,9,1,2
2025-04-09,KCA202504090,MIN,"Wallner, Matt",wallm001,1,0,empty,empty,1,strikeout,1,0,0
2025-04-09,KCA202504090,MIN,"Castro, Willi",castw003,1,1,empty,empty,1,hit_by_pitch,1,0,0
2025-04-09,KCA202504090,MIN,"Correa, Carlos",corrc001,1,1,1B,1B,1,grounded_into_double_play,1,0,0
2025-04-09,KCA202504090,MIN,"Larnach, Trevor",larnt001,1,0,empty,empty,1,strikeout,2,0,0
2025-04-09,KCA202504090,MIN,"France, Ty",frant002,1,1,empty,empty,1,single,2,0,0
2025-04-09,KCA202504090,MIN,"Julien, Edouard",julie001,1,1,1B,1B,1,strikeout,2,0,0
2025-04-09,KCA202504090,MIN,"Bader, Harrison",badeh001,1,2,1B,1B,1,strikeout,2,0,0
2025-04-09,KCA202504090,MIN,"Keirsey, DaShawn",keird001,1,0,empty,empty,1,field_out,3,0,0
2025-04-09,KCA202504090,MIN,"Vazquez, Christian",vazqc001,1,1,empty,empty,1,field_out,3,0,0
2025-04-09,KCA202504090,MIN,"Wallner, Matt",wallm001,2,2,empty,empty,1,strikeout,3,0,0
2025-04-09,KCA202504090,MIN,"Castro, Willi",castw003,2,0,empty,empty,1,field_out,4,0,0
2025-04-09,KCA202504090,MIN,"Correa, Carlos",corrc001,2,1,empty,empty,1,walk,4,0,0
2025-04-09,KCA202504090,MIN,"Larnach, Trevor",larnt001,2,1,1B,1B,1,walk,4,0,0
2025-04-09,KCA202504090,MIN,"France, Ty",frant002,2,1,1B+2B,1B+2B,1,field_out,4,0,0
2025-04-09,KCA202504090,MIN,"Julien, Edouard",julie001,2,2,1B+2B,1B+2B,1,single,4,0,0
2025-04-09,KCA202504090,MIN,"Bader, Harrison",badeh001,2,0,empty,empty,1,field_out,5,1,0
2025-04-09,KCA202504090,MIN,"Keirsey, DaShawn",keird001,2,1,empty,empty,1,field_out,5,1,0
2025-04-09,KCA202504090,MIN,"Vazquez, Christian",vazqc001,2,2,empty,empty,1,double,5,1,0
2025-04-09,KCA202504090,MIN,"Wallner, Matt",wallm001,3,0,2B,empty,0,strikeout,6,1,0
2025-04-09,KCA202504090,MIN,"Castro, Willi",castw003,3,1,empty,empty,1,field_out,6,1,0
2025-04-09,KCA202504090,MIN,"Correa, Carlos",corrc001,3,2,empty,empty,1,double,6,1,0
2025-04-09,KCA202504090,MIN,"Larnach, Trevor",larnt001,3,2,2B,3B,0,intent_walk,6,1,0
2025-04-09,KCA202504090,MIN,"France, Ty",frant002,3,2,1B+3B,1B+3B,1,single,6,1,0
2025-04-09,KCA202504090,MIN,"Julien, Edouard",julie001,3,2,1B+2B,1B+2B,1,field_out,6,2,0
2025-04-09,KCA202504090,MIN,"Bader, Harrison",badeh001,3,0,empty,empty,1,strikeout,7,2,0
2025-04-09,KCA202504090,MIN,"Keirsey, DaShawn",keird001,3,1,empty,empty,1,strikeout,7,2,0
2025-04-09,KCA202504090,MIN,"Vazquez, Christian",vazqc001,3,2,empty,empty,1,field_out,7,2,0
2025-04-09,KCA202504090,MIN,"Wallner, Matt",wallm001,4,0,empty,empty,1,home_run,8,2,0
2025-04-09,KCA202504090,MIN,"Castro, Willi",castw003,4,0,empty,empty,1,field_out,8,3,0
2025-04-09,KCA202504090,MIN,"Correa, Carlos",corrc001,4,1,empty,empty,1,field_out,8,3,0
2025-04-09,KCA202504090,MIN,"Larnach, Trevor",larnt001,4,2,empty,empty,1,field_out,8,3,0
2025-04-09,KCA202504090,MIN,"France, Ty",frant002,4,0,empty,empty,1,home_run,9,3,0
2025-04-09,KCA202504090,MIN,"Julien, Edouard",julie001,4,0,empty,empty,1,field_out,9,4,0
2025-04-09,KCA202504090,MIN,"Bader, Harrison",badeh001,4,1,empty,empty,1,strikeout,9,4,0
2025-04-09,KCA202504090,MIN,"Keirsey, DaShawn",keird001,4,2,empty,empty,1,strikeout,9,4,0
2025-04-10,KCA202504100,MIN,"Wallner, Matt",wallm001,1,0,empty,empty,1,strikeout,1,0,0
2025-04-10,KCA202504100,MIN,"Castro, Willi",castw003,1,1,empty,empty,1,double,1,0,0
2025-04-10,KCA202504100,MIN,"Correa, Carlos",corrc001,1,1,2B,2B,1,field_out,1,0,0
2025-04-10,KCA202504100,MIN,"Larnach, Trevor",larnt001,1,2,3B,3B,1,field_out,1,0,0
2025-04-10,KCA202504100,MIN,"France, Ty",frant002,1,0,empty,empty,1,home_run,2,0,1
2025-04-10,KCA202504100,MIN,"Jeffers, Ryan",jeffr002,1,0,empty,empty,1,strikeout,2,1,1
2025-04-10,KCA202504100,MIN,"Julien, Edouard",julie001,1,1,empty,empty,1,double,2,1,1
2025-04-10,KCA202504100,MIN,"Miranda, Jose",miraj002,1,1,3B,3B,1,fielders_choice_out,2,1,1
2025-04-10,KCA202504100,MIN,"Bader, Harrison",badeh001,1,2,1B,1B,1,strikeout,2,1,1
2025-04-10,KCA202504100,MIN,"Wallner, Matt",wallm001,2,0,empty,empty,1,field_out,3,1,1
2025-04-10,KCA202504100,MIN,"Castro, Willi",castw003,2,1,empty,empty,1,field_out,3,1,1
2025-04-10,KCA202504100,MIN,"Correa, Carlos",corrc001,2,2,empty,empty,1,field_out,3,1,1
2025-04-10,KCA202504100,MIN,"Larnach, Trevor",larnt001,2,0,empty,empty,1,field_out,4,1,1
2025-04-10,KCA202504100,MIN,"France, Ty",frant002,2,1,empty,empty,1,field_out,4,1,1
2025-04-10,KCA202504100,MIN,"Jeffers, Ryan",jeffr002,2,2,empty,empty,1,field_out,4,1,1
2025-04-10,KCA202504100,MIN,"Julien, Edouard",julie001,2,0,empty,empty,1,walk,5,1,1
2025-04-10,KCA202504100,MIN,"Miranda, Jose",miraj002,2,0,1B,1B,1,field_out,5,1,1
2025-04-10,KCA202504100,MIN,"Bader, Harrison",badeh001,2,1,1B,1B,1,strikeout,5,1,1
2025-04-10,KCA202504100,MIN,"Wallner, Matt",wallm001,3,2,1B,1B,1,walk,5,1,1
2025-04-10,KCA202504100,MIN,"Castro, Willi",castw003,3,2,1B+2B,1B+2B,1,field_out,5,1,1
2025-04-10,KCA202504100,MIN,"Correa, Carlos",corrc001,3,0,empty,empty,1,field_out,6,1,1
2025-04-10,KCA202504100,MIN,"Larnach, Trevor",larnt001,3,1,empty,empty,1,walk,6,1,1
2025-04-10,KCA202504100,MIN,"France, Ty",frant002,3,1,1B,1B,1,walk,6,1,1
2025-04-10,KCA202504100,MIN,"Jeffers, Ryan",jeffr002,3,1,1B+2B,1B+2B,1,single,6,1,1
2025-04-10,KCA202504100,MIN,"Julien, Edouard",julie001,3,1,1B+3B,1B+3B,1,strikeout,6,2,1
2025-04-10,KCA202504100,MIN,"Miranda, Jose",miraj002,3,2,1B+3B,1B+3B,1,field_out,6,2,1
2025-04-10,KCA202504100,MIN,"Bader, Harrison",badeh001,3,0,empty,empty,1,field_out,7,2,1
2025-04-10,KCA202504100,MIN,"Wallner, Matt",wallm001,4,1,empty,empty,1,walk,7,2,1
2025-04-10,KCA202504100,MIN,"Castro, Willi",castw003,4,1,1B,1B,1,strikeout,7,2,1
2025-04-10,KCA202504100,MIN,"Correa, Carlos",corrc001,4,2,1B,1B,1,strikeout,7,2,1
2025-04-10,KCA202504100,MIN,"Larnach, Trevor",larnt001,4,0,empty,empty,1,field_out,8,2,3
2025-04-10,KCA202504100,MIN,"France, Ty",frant002,4,1,empty,empty,1,field_out,8,2,3
2025-04-10,KCA202504100,MIN,"Jeffers, Ryan",jeffr002,4,2,empty,empty,1,field_out,8,2,3
2025-04-10,KCA202504100,MIN,"Julien, Edouard",julie001,4,0,empty,empty,1,field_out,9,2,3
2025-04-10,KCA202504100,MIN,"Gasper, Mickey",gaspm001,1,1,empty,empty,1,single,9,2,3
2025-04-10,KCA202504100,MIN,"Bader, Harrison",badeh001,4,1,1B,1B,1,hit_by_pitch,9,2,3
2025-04-10,KCA202504100,MIN,"Wallner, Matt",wallm001,5,1,1B+2B,1B+2B,1,strikeout,9,2,3
2025-04-10,KCA202504100,MIN,"Castro, Willi",castw003,5,2,1B+2B,1B+2B,1,field_out,9,2,3
2025-04-11,MIN202504110,MIN,"Wallner, Matt",wallm001,1,0,empty,empty,1,strikeout,1,0,0
2025-04-11,MIN202504110,MIN,"Castro, Willi",castw003,1,1,empty,empty,1,field_out,1,0,0
2025-04-11,MIN202504110,MIN,"Correa, Carlos",corrc001,1,2,empty,empty,1,walk,1,0,0
2025-04-11,MIN202504110,MIN,"Larnach, Trevor",larnt001,1,2,1B,1B,1,field_out,1,0,0
2025-04-11,MIN202504110,MIN,"Buxton, Byron",buxtb001,1,0,empty,empty,1,walk,2,0,0
2025-04-11,MIN202504110,MIN,"Julien, Edouard",julie001,1,0,1B,2B,0,strikeout,2,0,0
2025-04-11,MIN202504110,MIN,"France, Ty",frant002,1,1,2B,2B,1,single,2,0,0
2025-04-11,MIN202504110,MIN,"Gasper, Mickey",gaspm001,1,1,1B,1B,1,field_out,2,1,0
2025-04-11,MIN202504110,MIN,"Vazquez, Christian",vazqc001,1,2,1B,1B,1,single,2,1,0
2025-04-11,MIN202504110,MIN,"Wallner, Matt",wallm001,2,2,1B+3B,1B+3B,1,field_out,2,1,0
2025-04-11,MIN202504110,MIN,"Castro, Willi",castw003,2,0,empty,empty,1,field_out,3,1,0
2025-04-11,MIN202504110,MIN,"Correa, Carlos",corrc001,2,1,empty,empty,1,field_out,3,1,0
2025-04-11,MIN202504110,MIN,"Larnach, Trevor",larnt001,2,2,empty,empty,1,single,3,1,0
2025-04-11,MIN202504110,MIN,"Buxton, Byron",buxtb001,2,2,1B,1B,1,field_out,3,1,0
2025-04-11,MIN202504110,MIN,"Julien, Edouard",julie001,2,0,empty,empty,1,single,4,1,0
2025-04-11,MIN202504110,MIN,"France, Ty",frant002,2,0,1B,1B,1,field_out,4,1,0
2025-04-11,MIN202504110,MIN,"Gasper, Mickey",gaspm001,2,1,1B,1B,1,walk,4,1,0
2025-04-11,MIN202504110,MIN,"Vazquez, Christian",vazqc001,2,1,1B+2B,1B+2B,1,grounded_into_double_play,4,1,0
2025-04-11,MIN202504110,MIN,"Wallner, Matt",wallm001,3,0,empty,empty,1,hit_by_pitch,5,1,1
2025-04-11,MIN202504110,MIN,"Castro, Willi",castw003,3,0,1B,1B,1,single,5,1,1
2025-04-11,MIN202504110,MIN,"Correa, Carlos",corrc001,3,0,1B+2B,1B+2B,1,single,5,1,1
2025-04-11,MIN202504110,MIN,"Larnach, Trevor",larnt001,3,0,1B+3B,1B+3B,1,strikeout,5,2,1
2025-04-11,MIN202504110,MIN,"Buxton, Byron",buxtb001,3,1,1B+3B,1B+3B,1,field_out,5,2,1
2025-04-11,MIN202504110,MIN,"Julien, Edouard",julie001,3,2,1B,1B,1,double,5,3,1
2025-04-11,MIN202504110,MIN,"France, Ty",frant002,3,2,2B,2B,1,walk,5,4,1
2025-04-11,MIN202504110,MIN,"Gasper, Mickey",gaspm001,3,2,1B+2B,1B+2B,1,field_out,5,4,1
2025-04-11,MIN202504110,MIN,"Vazquez, Christian",vazqc001,3,0,empty,empty,1,walk,6,4,5
2025-04-11,MIN202504110,MIN,"Wallner, Matt",wallm001,4,0,1B,1B,1,field_out,6,4,5
2025-04-11,MIN202504110,MIN,"Castro, Willi",castw003,4,1,1B,2B,0,field_out,6,4,5
2025-04-11,MIN202504110,MIN,"Correa, Carlos",corrc001,4,2,3B,3B,1,strikeout,6,4,5
2025-04-11,MIN202504110,MIN,"Larnach, Trevor",larnt001,4,0,empty,empty,1,field_out,7,4,6
2025-04-11,MIN202504110,MIN,"Buxton, Byron",buxtb001,4,1,empty,empty,1,home_run,7,4,6
2025-04-11,MIN202504110,MIN,"Julien, Edouard",julie001,4,1,empty,empty,1,field_out,7,5,6
2025-04-11,MIN202504110,MIN,"France, Ty",frant002,4,2,empty,empty,1,single,7,5,6
2025-04-11,MIN202504110,MIN,"Gasper, Mickey",gaspm001,4,2,1B,1B,1,field_out,7,5,6
2025-04-11,MIN202504110,MIN,"Jeffers, Ryan",jeffr002,1,0,empty,empty,1,strikeout,8,5,7
2025-04-11,MIN202504110,MIN,"Wallner, Matt",wallm001,5,1,empty,empty,1,field_out,8,5,7
2025-04-11,MIN202504110,MIN,"Castro, Willi",castw003,5,2,empty,empty,1,strikeout,8,5,7
2025-04-11,MIN202504110,MIN,"Correa, Carlos",corrc001,5,0,empty,empty,1,field_out,9,5,7
2025-04-11,MIN202504110,MIN,"Larnach, Trevor",larnt001,5,1,empty,empty,1,single,9,5,7
2025-04-11,MIN202504110,MIN,"Buxton, Byron",buxtb001,5,1,1B,1B,1,strikeout,9,5,7
2025-04-11,MIN202504110,MIN,"Julien, Edouard",julie001,5,2,1B,1B,1,single,9,5,7
2025-04-11,MIN202504110,MIN,"France, Ty",frant002,5,2,1B+2B,1B+2B,1,single,9,5,7
2025-04-11,MIN202504110,MIN,"Gasper, Mickey",gaspm001,5,2,1B+3B,1B+3B,1,field_out,9,6,7
2025-04-12,MIN202504120,MIN,"Wallner, Matt",wallm001,1,0,empty,empty,1,walk,1,0,1
2025-04-12,MIN202504120,MIN,"Castro, Willi",castw003,1,0,1B,1B,1,single,1,0,1
2025-04-12,MIN202504120,MIN,"Correa, Carlos",corrc001,1,0,1B+2B,1B+2B,1,field_out,1,0,1
2025-04-12,MIN202504120,MIN,"Larnach, Trevor",larnt001,1,1,1B+2B,1B+2B,1,strikeout,1,0,1
2025-04-12,MIN202504120,MIN,"Buxton, Byron",buxtb001,1,2,1B+2B,1B+2B,1,field_out,1,0,1
2025-04-12,MIN202504120,MIN,"France, Ty",frant002,1,0,empty,empty,1,field_out,2,0,1
2025-04-12,MIN202504120,MIN,"Julien, Edouard",julie001,1,1,empty,empty,1,field_out,2,0,1
2025-04-12,MIN202504120,MIN,"Bader, Harrison",badeh001,1,2,empty,empty,1,field_out,2,0,1
2025-04-12,MIN202504120,MIN,"Vazquez, Christian",vazqc001,1,0,empty,empty,1,field_out,3,0,1
2025-04-12,MIN202504120,MIN,"Wallner, Matt",wallm001,2,1,empty,empty,1,field_out,3,0,1
2025-04-12,MIN202504120,MIN,"Castro, Willi",castw003,2,2,empty,empty,1,strikeout,3,0,1
2025-04-12,MIN202504120,MIN,"Correa, Carlos",corrc001,2,0,empty,empty,1,field_out,4,0,2
2025-04-12,MIN202504120,MIN,"Larnach, Trevor",larnt001,2,1,empty,empty,1,field_out,4,0,2
2025-04-12,MIN202504120,MIN,"Buxton, Byron",buxtb001,2,2,empty,empty,1,field_out,4,0,2
2025-04-12,MIN202504120,MIN,"France, Ty",frant002,2,0,empty,empty,1,field_out,5,0,2
2025-04-12,MIN202504120,MIN,"Julien, Edouard",julie001,2,1,empty,empty,1,single,5,0,2
2025-04-12,MIN202504120,MIN,"Bader, Harrison",badeh001,2,1,1B,1B,1,grounded_into_double_play,5,0,2
2025-04-12,MIN202504120,MIN,"Vazquez, Christian",vazqc001,2,0,empty,empty,1,field_out,6,0,4
2025-04-12,MIN202504120,MIN,"Wallner, Matt",wallm001,3,1,empty,empty,1,field_out,6,0,4
2025-04-12,MIN202504120,MIN,"Castro, Willi",castw003,3,2,empty,empty,1,field_out,6,0,4
2025-04-12,MIN202504120,MIN,"Correa, Carlos",corrc001,3,0,empty,empty,1,field_out,7,0,4
2025-04-12,MIN202504120,MIN,"Larnach, Trevor",larnt001,3,1,empty,empty,1,field_out,7,0,4
2025-04-12,MIN202504120,MIN,"Buxton, Byron",buxtb001,3,2,empty,empty,1,hit_by_pitch,7,0,4
2025-04-12,MIN202504120,MIN,"France, Ty",frant002,3,2,1B,1B,1,field_out,7,0,4
2025-04-12,MIN202504120,MIN,"Miranda, Jose",miraj002,1,0,empty,empty,1,single,8,0,4
2025-04-12,MIN202504120,MIN,"Bader, Harrison",badeh001,3,0,1B,1B,1,field_out,8,0,4
2025-04-12,MIN202504120,MIN,"Vazquez, Christian",vazqc001,3,1,1B,1B,1,field_out,8,0,4
2025-04-12,MIN202504120,MIN,"Wallner, Matt",wallm001,4,2,1B,1B,1,strikeout,8,0,4
2025-04-12,MIN202504120,MIN,"Castro, Willi",castw003,4,0,empty,empty,1,field_out,9,0,4
2025-04-12,MIN202504120,MIN,"Correa, Carlos",corrc001,4,1,empty,empty,1,double,9,0,4
2025-04-12,MIN202504120,MIN,"Larnach, Trevor",larnt001,4,1,2B,2B,1,strikeout,9,0,4
2025-04-12,MIN202504120,MIN,"Buxton, Byron",buxtb001,4,2,2B,2B,1,strikeout,9,0,4
2025-04-13,MIN202504130,MIN,"Julien, Edouard",julie001,1,0,empty,empty,1,strikeout,1,0,0
2025-04-13,MIN202504130,MIN,"Buxton, Byron",buxtb001,1,1,empty,empty,1,home_run,1,0,0
2025-04-13,MIN202504130,MIN,"Castro, Willi",castw003,1,1,empty,empty,1,field_out,1,1,0
2025-04-13,MIN202504130,MIN,"Wallner, Matt",wallm001,1,2,empty,empty,1,field_out,1,1,0
2025-04-13,MIN202504130,MIN,"France, Ty",frant002,1,0,empty,empty,1,single,2,1,0
2025-04-13,MIN202504130,MIN,"Jeffers, Ryan",jeffr002,1,0,1B,1B,1,field_out,2,1,0
2025-04-13,MIN202504130,MIN,"Larnach, Trevor",larnt001,1,1,2B,2B,1,field_out,2,1,0
2025-04-13,MIN202504130,MIN,"Lee, Brooks",lee-b002,1,2,2B,3B,0,single,2,1,0
2025-04-13,MIN202504130,MIN,"Bader, Harrison",badeh001,1,2,1B,1B,1,field_out,2,2,0
2025-04-13,MIN202504130,MIN,"Julien, Edouard",julie001,2,0,empty,empty,1,field_out,3,2,0
2025-04-13,MIN202504130,MIN,"Buxton, Byron",buxtb001,2,1,empty,empty,1,field_out,3,2,0
2025-04-13,MIN202504130,MIN,"Castro, Willi",castw003,2,2,empty,empty,1,field_out,3,2,0
2025-04-13,MIN202504130,MIN,"Wallner, Matt",wallm001,2,0,empty,empty,1,strikeout,4,2,1
2025-04-13,MIN202504130,MIN,"France, Ty",frant002,2,1,empty,empty,1,field_out,4,2,1
2025-04-13,MIN202504130,MIN,"Jeffers, Ryan",jeffr002,2,2,empty,empty,1,field_out,4,2,1
2025-04-13,MIN202504130,MIN,"Larnach, Trevor",larnt001,2,0,empty,empty,1,field_out,5,2,1
2025-04-13,MIN202504130,MIN,"Lee, Brooks",lee-b002,2,1,empty,empty,1,field_out,5,2,1
2025-04-13,MIN202504130,MIN,"Bader, Harrison",badeh001,2,2,empty,empty,1,field_out,5,2,1
2025-04-13,MIN202504130,MIN,"Julien, Edouard",julie001,3,0,empty,empty,1,home_run,6,2,1
2025-04-13,MIN202504130,MIN,"Buxton, Byron",buxtb001,3,0,empty,empty,1,double,6,3,1
2025-04-13,MIN202504130,MIN,"Castro, Willi",castw003,3,0,2B,2B,1,single,6,3,1
2025-04-13,MIN202504130,MIN,"Wallner, Matt",wallm001,3,0,1B+3B,1B+3B,1,strikeout,6,3,1
2025-04-13,MIN202504130,MIN,"France, Ty",frant002,3,1,1B+3B,1B+3B,1,single,6,3,1
2025-04-13,MIN202504130,MIN,"Jeffers, Ryan",jeffr002,3,1,1B+2B,1B+2B,1,field_out,6,4,1
2025-04-13,MIN202504130,MIN,"Larnach, Trevor",larnt001,3,2,1B+2B,1B+2B,1,field_out,6,4,1
2025-04-13,MIN202504130,MIN,"Lee, Brooks",lee-b002,3,0,empty,empty,1,field_out,7,4,1
2025-04-13,MIN202504130,MIN,"Bader, Harrison",badeh001,3,1,empty,empty,1,field_out,7,4,1
2025-04-13,MIN202504130,MIN,"Julien, Edouard",julie001,4,2,empty,empty,1,field_out,7,4,1
2025-04-13,MIN202504130,MIN,"Buxton, Byron",buxtb001,4,0,empty,empty,1,field_out,8,4,1
2025-04-13,MIN202504130,MIN,"Castro, Willi",castw003,4,1,empty,empty,1,single,8,4,1
2025-04-13,MIN202504130,MIN,"Wallner, Matt",wallm001,4,1,1B,1B,1,double,8,4,1
2025-04-13,MIN202504130,MIN,"France, Ty",frant002,4,1,2B,2B,1,field_out,8,5,1
2025-04-13,MIN202504130,MIN,"Jeffers, Ryan",jeffr002,4,2,2B,2B,1,walk,8,5,1
2025-04-13,MIN202504130,MIN,"Larnach, Trevor",larnt001,4,2,1B+2B,1B+2B,1,field_out,8,5,1
2025-04-14,MIN202504140,MIN,"Julien, Edouard",julie001,1,0,empty,empty,1,strikeout,1,0,0
2025-04-14,MIN202504140,MIN,"Buxton, Byron",buxtb001,1,1,empty,empty,1,strikeout,1,0,0
2025-04-14,MIN202504140,MIN,"Castro, Willi",castw003,1,2,empty,empty,1,strikeout,1,0,0
2025-04-14,MIN202504140,MIN,"Wallner, Matt",wallm001,1,0,empty,empty,1,field_out,2,0,0
2025-04-14,MIN202504140,MIN,"Correa, Carlos",corrc001,1,1,empty,empty,1,strikeout,2,0,0
2025-04-14,MIN202504140,MIN,"Larnach, Trevor",larnt001,1,2,empty,empty,1,single,2,0,0
2025-04-14,MIN202504140,MIN,"France, Ty",frant002,1,2,1B,1B,1,strikeout,2,0,0
2025-04-14,MIN202504140,MIN,"Lee, Brooks",lee-b002,1,0,empty,empty,1,field_out,3,0,1
2025-04-14,MIN202504140,MIN,"Vazquez, Christian",vazqc001,1,1,empty,empty,1,strikeout,3,0,1
2025-04-14,MIN202504140,MIN,"Julien, Edouard",julie001,2,2,empty,empty,1,field_out,3,0,1
2025-04-14,MIN202504140,MIN,"Buxton, Byron",buxtb001,2,0,empty,empty,1,strikeout,4,0,1
2025-04-14,MIN202504140,MIN,"Castro, Willi",castw003,2,1,empty,empty,1,field_out,4,0,1
2025-04-14,MIN202504140,MIN,"Wallner, Matt",wallm001,2,2,empty,empty,1,triple,4,0,1
2025-04-14,MIN202504140,MIN,"Correa, Carlos",corrc001,2,2,3B,3B,1,field_out,4,0,1
2025-04-14,MIN202504140,MIN,"Larnach, Trevor",larnt001,2,0,empty,empty,1,walk,5,0,1
2025-04-14,MIN202504140,MIN,"France, Ty",frant002,2,0,1B,1B,1,hit_by_pitch,5,0,1
2025-04-14,MIN202504140,MIN,"Lee, Brooks",lee-b002,2,0,1B+2B,2B+3B,0,walk,5,0,1
2025-04-14,MIN202504140,MIN,"Vazquez, Christian",vazqc001,2,0,1B+2B+3B,1B+2B+3B,1,sac_fly,5,0,1
2025-04-14,MIN202504140,MIN,"Julien, Edouard",julie001,3,1,1B+2B,1B+2B,1,field_out,5,1,1
2025-04-14,MIN202504140,MIN,"Buxton, Byron",buxtb001,3,2,1B+2B,1B+2B,1,strikeout,5,1,1
2025-04-14,MIN202504140,MIN,"Castro, Willi",castw003,3,0,empty,empty,1,field_out,6,1,3
2025-04-14,MIN202504140,MIN,"Wallner, Matt",wallm001,3,1,empty,empty,1,strikeout,6,1,3
2025-04-14,MIN202504140,MIN,"Correa, Carlos",corrc001,3,2,empty,empty,1,field_out,6,1,3
2025-04-14,MIN202504140,MIN,"Larnach, Trevor",larnt001,3,0,empty,empty,1,walk,7,1,5
2025-04-14,MIN202504140,MIN,"France, Ty",frant002,3,0,1B,1B,1,grounded_into_double_play,7,1,5
2025-04-14,MIN202504140,MIN,"Lee, Brooks",lee-b002,3,2,empty,empty,1,field_out,7,1,5
2025-04-14,MIN202504140,MIN,"Vazquez, Christian",vazqc001,3,0,empty,empty,1,strikeout,8,1,5
2025-04-14,MIN202504140,MIN,"Julien, Edouard",julie001,4,1,empty,empty,1,strikeout,8,1,5
2025-04-14,MIN202504140,MIN,"Buxton, Byron",buxtb001,4,2,empty,empty,1,field_out,8,1,5
2025-04-14,MIN202504140,MIN,"Castro, Willi",castw003,4,0,empty,empty,1,strikeout,9,1,5
2025-04-14,MIN202504140,MIN,"Wallner, Matt",wallm001,4,1,empty,empty,1,single,9,1,5
2025-04-14,MIN202504140,MIN,"Correa, Carlos",corrc001,4,1,1B,1B,1,field_out,9,1,5
2025-04-14,MIN202504140,MIN,"Larnach, Trevor",larnt001,4,2,1B,1B,1,strikeout,9,1,5
2025-04-15,MIN202504150,MIN,"Julien, Edouard",julie001,1,0,empty,empty,1,field_out,1,0,1
2025-04-15,MIN202504150,MIN,"Buxton, Byron",buxtb001,1,1,empty,empty,1,strikeout,1,0,1
2025-04-15,MIN202504150,MIN,"Wallner, Matt",wallm001,1,2,empty,empty,1,single,1,0,1
2025-04-15,MIN202504150,MIN,"France, Ty",frant002,1,2,1B,1B,1,strikeout,1,0,1
2025-04-15,MIN202504150,MIN,"Correa, Carlos",corrc001,1,0,empty,empty,1,field_out,2,0,1
2025-04-15,MIN202504150,MIN,"Larnach, Trevor",larnt001,1,1,empty,empty,1,field_out,2,0,1
2025-04-15,MIN202504150,MIN,"Jeffers, Ryan",jeffr002,1,2,empty,empty,1,single,2,0,1
2025-04-15,MIN202504150,MIN,"Castro, Willi",castw003,1,2,1B,1B,1,field_out,2,0,1
2025-04-15,MIN202504150,MIN,"Bader, Harrison",badeh001,1,0,empty,empty,1,single,3,0,1
2025-04-15,MIN202504150,MIN,"Julien, Edouard",julie001,2,0,1B,1B,1,field_out,3,0,1
2025-04-15,MIN202504150,MIN,"Buxton, Byron",buxtb001,2,1,1B,2B,0,single,3,0,1
2025-04-15,MIN202504150,MIN,"Keirsey, DaShawn",keird001,1,1,1B+3B,1B+3B,1,field_out,3,0,1
2025-04-15,MIN202504150,MIN,"France, Ty",frant002,2,2,1B+3B,1B+3B,1,field_error,3,0,1
2025-04-15,MIN202504150,MIN,"Correa, Carlos",corrc001,2,2,1B+2B,1B+2B,1,single,3,1,1
2025-04-15,MIN202504150,MIN,"Larnach, Trevor",larnt001,2,0,empty,empty,1,hit_by_pitch,4,2,2
2025-04-15,MIN202504150,MIN,"Jeffers, Ryan",jeffr002,2,0,1B,1B,1,double,4,2,2
2025-04-15,MIN202504150,MIN,"Castro, Willi",castw003,2,0,2B+3B,2B+3B,1,strikeout,4,2,2
2025-04-15,MIN202504150,MIN,"Bader, Harrison",badeh001,2,1,2B+3B,2B+3B,1,single,4,2,2
2025-04-15,MIN202504150,MIN,"Julien, Edouard",julie001,3,1,1B+2B,1B+2B,1,grounded_into_double_play,4,3,2
2025-04-15,MIN202504150,MIN,"Buxton, Byron",buxtb001,3,0,empty,empty,1,single,5,3,2
2025-04-15,MIN202504150,MIN,"Keirsey, DaShawn",keird001,2,0,1B,2B,0,field_out,5,3,2
2025-04-15,MIN202504150,MIN,"France, Ty",frant002,3,1,3B,3B,1,fielders_choice,5,3,2
2025-04-15,MIN202504150,MIN,"Lee, Brooks",lee-b002,1,1,1B,1B,1,field_out,5,4,2
2025-04-15,MIN202504150,MIN,"Larnach, Trevor",larnt001,3,2,1B,1B,1,field_out,5,4,2
2025-04-15,MIN202504150,MIN,"Jeffers, Ryan",jeffr002,3,0,empty,empty,1,double,6,4,2
2025-04-15,MIN202504150,MIN,"Castro, Willi",castw003,3,0,2B,2B,1,field_out,6,4,2
2025-04-15,MIN202504150,MIN,"Bader, Harrison",badeh001,3,1,3B,3B,1,strikeout,6,4,2
2025-04-15,MIN202504150,MIN,"Julien, Edouard",julie001,4,2,3B,3B,1,single,6,4,2
2025-04-15,MIN202504150,MIN,"Buxton, Byron",buxtb001,4,2,1B,1B,1,field_out,6,5,2
2025-04-15,MIN202504150,MIN,"Keirsey, DaShawn",keird001,3,0,empty,empty,1,single,7,5,3
2025-04-15,MIN202504150,MIN,"France, Ty",frant002,4,1,1B,empty,0,field_out,7,5,3
2025-04-15,MIN202504150,MIN,"Lee, Brooks",lee-b002,2,2,empty,empty,1,home_run,7,5,3
2025-04-15,MIN202504150,MIN,"Larnach, Trevor",larnt001,4,2,empty,empty,1,strikeout,7,6,3
2025-04-15,MIN202504150,MIN,"Jeffers, Ryan",jeffr002,4,0,empty,empty,1,hit_by_pitch,8,6,3
2025-04-15,MIN202504150,MIN,"Castro, Willi",castw003,4,0,1B,1B,1,field_out,8,6,3
2025-04-15,MIN202504150,MIN,"Bader, Harrison",badeh001,4,1,2B,2B,1,single,8,6,3
2025-04-15,MIN202504150,MIN,"Julien, Edouard",julie001,5,1,1B+2B,1B+2B,1,grounded_into_double_play,8,6,3
2025-04-16,MIN202504160,MIN,"Julien, Edouard",julie001,1,0,empty,empty,1,strikeout,1,0,0
2025-04-16,MIN202504160,MIN,"Buxton, Byron",buxtb001,1,1,empty,empty,1,field_out,1,0,0
2025-04-16,MIN202504160,MIN,"France, Ty",frant002,1,2,empty,empty,1,field_out,1,0,0
2025-04-16,MIN202504160,MIN,"Larnach, Trevor",larnt001,1,0,empty,empty,1,walk,2,0,0
2025-04-16,MIN202504160,MIN,"Jeffers, Ryan",jeffr002,1,0,1B,1B,1,strikeout,2,0,0
2025-04-16,MIN202504160,MIN,"Lee, Brooks",lee-b002,1,1,1B,1B,1,field_out,2,0,0
2025-04-16,MIN202504160,MIN,"Castro, Willi",castw003,1,2,1B,1B,1,strikeout,2,0,0
2025-04-16,MIN202504160,MIN,"Keirsey, DaShawn",keird001,1,0,empty,empty,1,strikeout,3,0,0
2025-04-16,MIN202504160,MIN,"Bader, Harrison",badeh001,1,1,empty,empty,1,single,3,0,0
2025-04-16,MIN202504160,MIN,"Julien, Edouard",julie001,2,1,1B,1B,1,double,3,0,0
2025-04-16,MIN202504160,MIN,"Buxton, Byron",buxtb001,2,1,2B+3B,2B+3B,1,fielders_choice_out,3,0,0
2025-04-16,MIN202504160,MIN,"France, Ty",frant002,2,2,1B+3B,1B+3B,1,strikeout,3,0,0
2025-04-16,MIN202504160,MIN,"Larnach, Trevor",larnt001,2,0,empty,empty,1,field_out,4,0,0
2025-04-16,MIN202504160,MIN,"Jeffers, Ryan",jeffr002,2,1,empty,empty,1,field_out,4,0,0
2025-04-16,MIN202504160,MIN,"Lee, Brooks",lee-b002,2,2,empty,empty,1,field_out,4,0,0
2025-04-16,MIN202504160,MIN,"Castro, Willi",castw003,2,0,empty,empty,1,double,5,0,0
2025-04-16,MIN202504160,MIN,"Keirsey, DaShawn",keird001,2,0,2B,2B,1,field_out,5,0,0
2025-04-16,MIN202504160,MIN,"Bader, Harrison",badeh001,2,1,3B,3B,1,single,5,0,0
2025-04-16,MIN202504160,MIN,"Julien, Edouard",julie001,3,1,1B,1B,1,field_out,5,1,0
2025-04-16,MIN202504160,MIN,"Buxton, Byron",buxtb001,3,2,2B,2B,1,single,5,1,0
2025-04-16,MIN202504160,MIN,"France, Ty",frant002,3,2,2B,2B,1,strikeout,5,2,0
2025-04-16,MIN202504160,MIN,"Larnach, Trevor",larnt001,3,0,empty,empty,1,field_out,6,2,0
2025-04-16,MIN202504160,MIN,"Jeffers, Ryan",jeffr002,3,1,empty,empty,1,walk,6,2,0
2025-04-16,MIN202504160,MIN,"Lee, Brooks",lee-b002,3,1,1B,1B,1,field_out,6,2,0
2025-04-16,MIN202504160,MIN,"Castro, Willi",castw003,3,2,2B,2B,1,single,6,2,0
2025-04-16,MIN202504160,MIN,"Keirsey, DaShawn",keird001,3,2,1B,1B,1,single,6,3,0
2025-04-16,MIN202504160,MIN,"Bader, Harrison",badeh001,3,2,1B+3B,1B+3B,1,strikeout,6,3,0
2025-04-16,MIN202504160,MIN,"Julien, Edouard",julie001,4,0,empty,empty,1,walk,7,3,0
2025-04-16,MIN202504160,MIN,"Buxton, Byron",buxtb001,4,0,1B,1B,1,single,7,3,0
2025-04-16,MIN202504160,MIN,"France, Ty",frant002,4,0,1B+2B,1B+2B,1,strikeout,7,3,0
2025-04-16,MIN202504160,MIN,"Larnach, Trevor",larnt001,4,1,1B+2B,1B+2B,1,field_out,7,3,0
2025-04-16,MIN202504160,MIN,"Jeffers, Ryan",jeffr002,4,2,1B+2B,1B+2B,1,field_out,7,3,0
2025-04-16,MIN202504160,MIN,"Lee, Brooks",lee-b002,4,0,empty,empty,1,strikeout,8,3,3
2025-04-16,MIN202504160,MIN,"Gasper, Mickey",gaspm001,1,1,empty,empty,1,strikeout,8,3,3
2025-04-16,MIN202504160,MIN,"Keirsey, DaShawn",keird001,4,2,empty,empty,1,field_out,8,3,3
2025-04-16,MIN202504160,MIN,"Bader, Harrison",badeh001,4,0,empty,empty,1,walk,9,3,3
2025-04-16,MIN202504160,MIN,"Julien, Edouard",julie001,5,1,1B,empty,0,strikeout,9,3,3
2025-04-16,MIN202504160,MIN,"Buxton, Byron",buxtb001,5,2,empty,empty,1,strikeout,9,3,3
2025-04-16,MIN202504160,MIN,"France, Ty",frant002,5,0,2B,2B,1,single,10,3,3
2025-04-18,ATL202504180,MIN,"Julien, Edouard",julie001,1,0,empty,empty,1,field_out,1,0,0
2025-04-18,ATL202504180,MIN,"Buxton, Byron",buxtb001,1,1,empty,empty,1,field_out,1,0,0
2025-04-18,ATL202504180,MIN,"France, Ty",frant002,1,2,empty,empty,1,walk,1,0,0
2025-04-18,ATL202504180,MIN,"Larnach, Trevor",larnt001,1,2,1B,1B,1,strikeout,1,0,0
2025-04-18,ATL202504180,MIN,"Correa, Carlos",corrc001,1,0,empty,empty,1,double,2,0,0
2025-04-18,ATL202504180,MIN,"Jeffers, Ryan",jeffr002,1,0,2B,2B,1,double,2,0,0
2025-04-18,ATL202504180,MIN,"Lee, Brooks",lee-b002,1,0,2B,2B,1,field_out,2,1,0
2025-04-18,ATL202504180,MIN,"Keaschall, Luke",keasl001,1,1,3B,3B,1,single,2,1,0
2025-04-18,ATL202504180,MIN,"Keirsey, DaShawn",keird001,1,1,1B,1B,1,field_out,2,2,0
2025-04-18,ATL202504180,MIN,"Julien, Edouard",julie001,2,2,1B,2B,0,field_out,2,2,0
2025-04-18,ATL202504180,MIN,"Buxton, Byron",buxtb001,2,0,empty,empty,1,field_out,3,2,0
2025-04-18,ATL202504180,MIN,"France, Ty",frant002,2,1,empty,empty,1,strikeout,3,2,0
2025-04-18,ATL202504180,MIN,"Larnach, Trevor",larnt001,2,2,empty,empty,1,home_run,3,2,0
2025-04-18,ATL202504180,MIN,"Correa, Carlos",corrc001,2,2,empty,empty,1,walk,3,3,0
2025-04-18,ATL202504180,MIN,"Jeffers, Ryan",jeffr002,2,2,1B,1B,1,field_out,3,3,0
2025-04-18,ATL202504180,MIN,"Lee, Brooks",lee-b002,2,0,empty,empty,1,walk,4,3,0
2025-04-18,ATL202504180,MIN,"Keaschall, Luke",keasl001,2,0,1B,1B,1,double,4,3,0
2025-04-18,ATL202504180,MIN,"Keirsey, DaShawn",keird001,2,0,2B+3B,2B+3B,1,fielders_choice_out,4,3,0
2025-04-18,ATL202504180,MIN,"Julien, Edouard",julie001,3,1,1B+3B,2B+3B,0,sac_fly,4,3,0
2025-04-18,ATL202504180,MIN,"Buxton, Byron",buxtb001,3,2,2B,2B,1,strikeout,4,4,0
2025-04-18,ATL202504180,MIN,"France, Ty",frant002,3,0,empty,empty,1,field_out,5,4,0
2025-04-18,ATL202504180,MIN,"Larnach, Trevor",larnt001,3,1,empty,empty,1,field_out,5,4,0
2025-04-18,ATL202504180,MIN,"Correa, Carlos",corrc001,3,2,empty,empty,1,single,5,4,0
2025-04-18,ATL202504180,MIN,"Jeffers, Ryan",jeffr002,3,2,1B,1B,1,field_out,5,4,0
2025-04-18,ATL202504180,MIN,"Lee, Brooks",lee-b002,3,0,empty,empty,1,field_out,6,4,1
2025-04-18,ATL202504180,MIN,"Keaschall, Luke",keasl001,3,1,empty,empty,1,field_out,6,4,1
2025-04-18,ATL202504180,MIN,"Keirsey, DaShawn",keird001,3,2,empty,empty,1,field_out,6,4,1
2025-04-18,ATL202504180,MIN,"Julien, Edouard",julie001,4,0,empty,empty,1,strikeout,7,4,1
2025-04-18,ATL202504180,MIN,"Buxton, Byron",buxtb001,4,1,empty,empty,1,field_out,7,4,1
2025-04-18,ATL202504180,MIN,"France, Ty",frant002,4,2,empty,empty,1,field_out,7,4,1
2025-04-18,ATL202504180,MIN,"Larnach, Trevor",larnt001,4,0,empty,empty,1,field_out,8,4,1
2025-04-18,ATL202504180,MIN,"Correa, Carlos",corrc001,4,1,empty,empty,1,field_out,8,4,1
2025-04-18,ATL202504180,MIN,"Jeffers, Ryan",jeffr002,4,2,empty,empty,1,field_out,8,4,1
2025-04-18,ATL202504180,MIN,"Lee, Brooks",lee-b002,4,0,empty,empty,1,field_out,9,4,6
2025-04-18,ATL202504180,MIN,"Keaschall, Luke",keasl001,4,1,empty,empty,1,field_out,9,4,6
2025-04-18,ATL202504180,MIN,"Keirsey, DaShawn",keird001,4,2,empty,empty,1,field_out,9,4,6
2025-04-19,ATL202504190,MIN,"Buxton, Byron",buxtb001,1,0,empty,empty,1,single,1,0,0
2025-04-19,ATL202504190,MIN,"Keaschall, Luke",keasl001,1,0,1B,1B,1,double,1,0,0
2025-04-19,ATL202504190,MIN,"Jeffers, Ryan",jeffr002,1,0,2B,2B,1,strikeout,1,1,0
2025-04-19,ATL202504190,MIN,"France, Ty",frant002,1,1,2B,2B,1,field_out,1,1,0
2025-04-19,ATL202504190,MIN,"Correa, Carlos",corrc001,1,2,3B,3B,1,strikeout,1,1,0
2025-04-19,ATL202504190,MIN,"Bader, Harrison",badeh001,1,0,empty,empty,1,strikeout,2,1,1
2025-04-19,ATL202504190,MIN,"Bride, Jonah",bridj001,1,1,empty,empty,1,strikeout,2,1,1
2025-04-19,ATL202504190,MIN,"Vazquez, Christian",vazqc001,1,2,empty,empty,1,field_out,2,1,1
2025-04-19,ATL202504190,MIN,"Keirsey, DaShawn",keird001,1,0,empty,empty,1,strikeout,3,1,1
2025-04-19,ATL202504190,MIN,"Buxton, Byron",buxtb001,2,1,empty,empty,1,triple,3,1,1
2025-04-19,ATL202504190,MIN,"Keaschall, Luke",keasl001,2,1,3B,3B,1,strikeout,3,1,1
2025-04-19,ATL202504190,MIN,"Jeffers, Ryan",jeffr002,2,2,3B,3B,1,walk,3,1,1
2025-04-19,ATL202504190,MIN,"France, Ty",frant002,2,2,1B+3B,1B+3B,1,field_out,3,1,1
2025-04-19,ATL202504190,MIN,"Correa, Carlos",corrc001,2,0,empty,empty,1,home_run,4,1,2
2025-04-19,ATL202504190,MIN,"Bader, Harrison",badeh001,2,0,empty,empty,1,field_out,4,2,2
2025-04-19,ATL202504190,MIN,"Bride, Jonah",bridj001,2,1,empty,empty,1,single,4,2,2
2025-04-19,ATL202504190,MIN,"Vazquez, Christian",vazqc001,2,1,1B,1B,1,strikeout,4,2,2
2025-04-19,ATL202504190,MIN,"Larnach, Trevor",larnt001,1,2,1B,1B,1,strikeout,4,2,2
2025-04-19,ATL202504190,MIN,"Buxton, Byron",buxtb001,3,0,empty,empty,1,single,5,2,2
2025-04-19,ATL202504190,MIN,"Keaschall, Luke",keasl001,3,0,1B,2B,0,field_out,5,2,2
2025-04-19,ATL202504190,MIN,"Jeffers, Ryan",jeffr002,3,1,2B,2B,1,walk,5,2,2
2025-04-19,ATL202504190,MIN,"France, Ty",frant002,3,1,1B+2B,1B+2B,1,walk,5,2,2
2025-04-19,ATL202504190,MIN,"Correa, Carlos",corrc001,3,1,1B+2B+3B,1B+2B+3B,1,strikeout,5,2,2
2025-04-19,ATL202504190,MIN,"Bader, Harrison",badeh001,3,2,1B+2B+3B,1B+2B+3B,1,strikeout,5,2,2
2025-04-19,ATL202504190,MIN,"Lee, Brooks",lee-b002,1,0,empty,empty,1,walk,6,2,2
2025-04-19,ATL202504190,MIN,"Vazquez, Christian",vazqc001,3,0,1B,1B,1,field_out,6,2,2
2025-04-19,ATL202504190,MIN,"Larnach, Trevor",larnt001,2,1,1B,1B,1,single,6,2,2
2025-04-19,ATL202504190,MIN,"Buxton, Byron",buxtb001,4,1,1B+3B,1B+3B,1,sac_fly,6,2,2
2025-04-19,ATL202504190,MIN,"Keaschall, Luke",keasl001,4,2,1B,1B,1,field_out,6,3,2
2025-04-19,ATL202504190,MIN,"Jeffers, Ryan",jeffr002,4,0,empty,empty,1,field_out,7,3,4
2025-04-19,ATL202504190,MIN,"France, Ty",frant002,4,1,empty,empty,1,field_out,7,3,4
2025-04-19,ATL202504190,MIN,"Correa, Carlos",corrc001,4,2,empty,empty,1,field_out,7,3,4
2025-04-19,ATL202504190,MIN,"Bader, Harrison",badeh001,4,0,empty,empty,1,strikeout,8,3,4
2025-04-19,ATL202504190,MIN,"Lee, Brooks",lee-b002,2,1,empty,empty,1,strikeout,8,3,4
2025-04-19,ATL202504190,MIN,"Vazquez, Christian",vazqc001,4,2,empty,empty,1,field_out,8,3,4
2025-04-19,ATL202504190,MIN,"Larnach, Trevor",larnt001,3,0,empty,empty,1,field_out,9,3,4
2025-04-19,ATL202504190,MIN,"Buxton, Byron",buxtb001,5,1,empty,empty,1,field_out,9,3,4
2025-04-19,ATL202504190,MIN,"Keaschall, Luke",keasl001,5,2,empty,empty,1,strikeout,9,3,4
2025-04-20,ATL202504200,MIN,"Julien, Edouard",julie001,1,0,empty,empty,1,strikeout,1,0,0
2025-04-20,ATL202504200,MIN,"Buxton, Byron",buxtb001,1,1,empty,empty,1,strikeout,1,0,0
2025-04-20,ATL202504200,MIN,"France, Ty",frant002,1,2,empty,empty,1,field_out,1,0,0
2025-04-20,ATL202504200,MIN,"Larnach, Trevor",larnt001,1,0,empty,empty,1,field_out,2,0,2
2025-04-20,ATL202504200,MIN,"Correa, Carlos",corrc001,1,1,empty,empty,1,field_out,2,0,2
2025-04-20,ATL202504200,MIN,"Jeffers, Ryan",jeffr002,1,2,empty,empty,1,field_out,2,0,2
2025-04-20,ATL202504200,MIN,"Keaschall, Luke",keasl001,1,0,empty,empty,1,single,3,0,3
2025-04-20,ATL202504200,MIN,"Lee, Brooks",lee-b002,1,0,1B,1B,1,field_out,3,0,3
2025-04-20,ATL202504200,MIN,"Bader, Harrison",badeh001,1,1,1B,1B,1,walk,3,0,3
2025-04-20,ATL202504200,MIN,"Julien, Edouard",julie001,2,1,1B+2B,1B+2B,1,field_out,3,0,3
2025-04-20,ATL202504200,MIN,"Buxton, Byron",buxtb001,2,2,2B+3B,2B+3B,1,strikeout,3,0,3
2025-04-20,ATL202504200,MIN,"France, Ty",frant002,2,0,empty,empty,1,field_out,4,0,5
2025-04-20,ATL202504200,MIN,"Larnach, Trevor",larnt001,2,1,empty,empty,1,single,4,0,5
2025-04-20,ATL202504200,MIN,"Correa, Carlos",corrc001,2,1,1B,1B,1,single,4,0,5
2025-04-20,ATL202504200,MIN,"Jeffers, Ryan",jeffr002,2,1,1B+2B,1B+2B,1,hit_by_pitch,4,0,5
2025-04-20,ATL202504200,MIN,"Keaschall, Luke",keasl001,2,1,1B+2B+3B,1B+2B+3B,1,field_out,4,0,5
2025-04-20,ATL202504200,MIN,"Lee, Brooks",lee-b002,2,2,1B+2B+3B,2B+3B,0,field_out,4,1,5
2025-04-20,ATL202504200,MIN,"Bader, Harrison",badeh001,2,0,empty,empty,1,walk,5,1,5
2025-04-20,ATL202504200,MIN,"Julien, Edouard",julie001,3,0,1B,1B,1,strikeout,5,1,5
2025-04-20,ATL202504200,MIN,"Buxton, Byron",buxtb001,3,1,1B,1B,1,double,5,1,5
2025-04-20,ATL202504200,MIN,"France, Ty",frant002,3,1,2B+3B,2B+3B,1,walk,5,1,5
2025-04-20,ATL202504200,MIN,"Larnach, Trevor",larnt001,3,1,1B+2B+3B,1B+2B+3B,1,strikeout,5,1,5
2025-04-20,ATL202504200,MIN,"Correa, Carlos",corrc001,3,2,1B+2B+3B,1B+2B+3B,1,field_out,5,1,5
2025-04-20,ATL202504200,MIN,"Jeffers, Ryan",jeffr002,3,0,empty,empty,1,strikeout,6,1,6
2025-04-20,ATL202504200,MIN,"Keaschall, Luke",keasl001,3,1,empty,empty,1,walk,6,1,6
2025-04-20,ATL202504200,MIN,"Lee, Brooks",lee-b002,3,1,1B,1B,1,strikeout,6,1,6
2025-04-20,ATL202504200,MIN,"Bader, Harrison",badeh001,3,2,1B,1B,1,field_error,6,1,6
2025-04-20,ATL202504200,MIN,"Julien, Edouard",julie001,4,2,1B+2B,1B+2B,1,field_out,6,1,6
2025-04-20,ATL202504200,MIN,"Buxton, Byron",buxtb001,4,0,empty,empty,1,home_run,7,1,6
2025-04-20,ATL202504200,MIN,"France, Ty",frant002,4,0,empty,empty,1,field_out,7,2,6
2025-04-20,ATL202504200,MIN,"Larnach, Trevor",larnt001,4,1,empty,empty,1,field_out,7,2,6
2025-04-20,ATL202504200,MIN,"Correa, Carlos",corrc001,4,2,empty,empty,1,strikeout,7,2,6
2025-04-20,ATL202504200,MIN,"Jeffers, Ryan",jeffr002,4,0,empty,empty,1,strikeout,8,2,6
2025-04-20,ATL202504200,MIN,"Keaschall, Luke",keasl001,4,1,empty,empty,1,field_out,8,2,6
2025-04-20,ATL202504200,MIN,"Lee, Brooks",lee-b002,4,2,empty,empty,1,strikeout,8,2,6
2025-04-20,ATL202504200,MIN,"Bader, Harrison",badeh001,4,0,empty,empty,1,field_out,9,2,6
2025-04-20,ATL202504200,MIN,"Julien, Edouard",julie001,5,1,empty,empty,1,field_out,9,2,6
2025-04-20,ATL202504200,MIN,"Buxton, Byron",buxtb001,5,2,empty,empty,1,field_out,9,2,6
2025-04-22,MIN202504220,MIN,"Julien, Edouard",julie001,1,0,empty,empty,1,field_out,1,0,0
2025-04-22,MIN202504220,MIN,"Buxton, Byron",buxtb001,1,1,empty,empty,1,field_out,1,0,0
2025-04-22,MIN202504220,MIN,"Keaschall, Luke",keasl001,1,2,empty,empty,1,field_out,1,0,0
2025-04-22,MIN202504220,MIN,"Larnach, Trevor",larnt001,1,0,empty,empty,1,walk,2,0,1
2025-04-22,MIN202504220,MIN,"Correa, Carlos",corrc001,1,0,1B,1B,1,fielders_choice,2,0,1
2025-04-22,MIN202504220,MIN,"France, Ty",frant002,1,0,1B+3B,1B+3B,1,single,2,0,1
2025-04-22,MIN202504220,MIN,"Jeffers, Ryan",jeffr002,1,0,1B+2B,1B+2B,1,grounded_into_double_play,2,1,1
2025-04-22,MIN202504220,MIN,"Lee, Brooks",lee-b002,1,2,3B,3B,1,walk,2,1,1
2025-04-22,MIN202504220,MIN,"Bader, Harrison",badeh001,1,2,1B+3B,2B+3B,0,strikeout,2,1,1
2025-04-22,MIN202504220,MIN,"Julien, Edouard",julie001,2,0,empty,empty,1,field_out,3,1,1
2025-04-22,MIN202504220,MIN,"Buxton, Byron",buxtb001,2,1,empty,empty,1,strikeout,3,1,1
2025-04-22,MIN202504220,MIN,"Keaschall, Luke",keasl001,2,2,empty,empty,1,walk,3,1,1
2025-04-22,MIN202504220,MIN,"Larnach, Trevor",larnt001,2,2,1B,2B,0,field_error,3,1,1
2025-04-22,MIN202504220,MIN,"Correa, Carlos",corrc001,2,2,1B,1B,1,field_out,3,2,1
2025-04-22,MIN202504220,MIN,"France, Ty",frant002,2,0,empty,empty,1,field_out,4,2,1
2025-04-22,MIN202504220,MIN,"Jeffers, Ryan",jeffr002,2,1,empty,empty,1,field_out,4,2,1
2025-04-22,MIN202504220,MIN,"Lee, Brooks",lee-b002,2,2,empty,empty,1,single,4,2,1
2025-04-22,MIN202504220,MIN,"Bader, Harrison",badeh001,2,2,1B,1B,1,hit_by_pitch,4,2,1
2025-04-22,MIN202504220,MIN,"Julien, Edouard",julie001,3,2,1B+2B,1B+2B,1,field_out,4,2,1
2025-04-22,MIN202504220,MIN,"Buxton, Byron",buxtb001,3,0,empty,empty,1,strikeout,5,2,1
2025-04-22,MIN202504220,MIN,"Keaschall, Luke",keasl001,3,1,empty,empty,1,single,5,2,1
2025-04-22,MIN202504220,MIN,"Larnach, Trevor",larnt001,3,1,1B,1B,1,grounded_into_double_play,5,2,1
2025-04-22,MIN202504220,MIN,"Correa, Carlos",corrc001,3,0,empty,empty,1,field_out,6,2,1
2025-04-22,MIN202504220,MIN,"France, Ty",frant002,3,1,empty,empty,1,strikeout,6,2,1
2025-04-22,MIN202504220,MIN,"Jeffers, Ryan",jeffr002,3,2,empty,empty,1,strikeout,6,2,1
2025-04-22,MIN202504220,MIN,"Lee, Brooks",lee-b002,3,0,empty,empty,1,walk,7,2,1
2025-04-22,MIN202504220,MIN,"Bader, Harrison",badeh001,3,0,1B,1B,1,strikeout,7,2,1
2025-04-22,MIN202504220,MIN,"Julien, Edouard",julie001,4,1,1B,1B,1,field_out,7,2,1
2025-04-22,MIN202504220,MIN,"Buxton, Byron",buxtb001,4,2,1B,1B,1,field_out,7,2,1
2025-04-22,MIN202504220,MIN,"Keaschall, Luke",keasl001,4,0,empty,empty,1,walk,8,2,1
2025-04-22,MIN202504220,MIN,"Larnach, Trevor",larnt001,4,0,1B,2B,0,home_run,8,2,1
2025-04-22,MIN202504220,MIN,"Correa, Carlos",corrc001,4,0,empty,empty,1,field_out,8,4,1
2025-04-22,MIN202504220,MIN,"France, Ty",frant002,4,1,empty,empty,1,hit_by_pitch,8,4,1
2025-04-22,MIN202504220,MIN,"Jeffers, Ryan",jeffr002,4,1,1B,1B,1,single,8,4,1
2025-04-22,MIN202504220,MIN,"Lee, Brooks",lee-b002,4,1,1B+2B,1B+2B,1,field_out,8,4,1
2025-04-22,MIN202504220,MIN,"Bader, Harrison",badeh001,4,2,1B+2B,1B+2B,1,strikeout,8,4,1
2025-04-23,MIN202504230,MIN,"Julien, Edouard",julie001,1,0,empty,empty,1,single,1,0,0
2025-04-23,MIN202504230,MIN,"Buxton, Byron",buxtb001,1,0,1B,1B,1,strikeout,1,0,0
2025-04-23,MIN202504230,MIN,"Keaschall, Luke",keasl001,1,1,1B,1B,1,double,1,0,0
2025-04-23,MIN202504230,MIN,"Larnach, Trevor",larnt001,1,1,2B+3B,2B+3B,1,catcher_interf,1,0,0
2025-04-23,MIN202504230,MIN,"Correa, Carlos",corrc001,1,1,1B+2B+3B,1B+2B+3B,1,double_play,1,0,0
2025-04-23,MIN202504230,MIN,"France, Ty",frant002,1,0,empty,empty,1,field_out,2,0,0
2025-04-23,MIN202504230,MIN,"Jeffers, Ryan",jeffr002,1,1,empty,empty,1,double,2,0,0
2025-04-23,MIN202504230,MIN,"Lee, Brooks",lee-b002,1,1,2B,2B,1,field_out,2,0,0
2025-04-23,MIN202504230,MIN,"Bader, Harrison",badeh001,1,2,2B,2B,1,hit_by_pitch,2,0,0
2025-04-23,MIN202504230,MIN,"Julien, Edouard",julie001,2,2,1B+2B,1B+2B,1,walk,2,0,0
2025-04-23,MIN202504230,MIN,"Buxton, Byron",buxtb001,2,2,1B+2B+3B,1B+2B+3B,1,strikeout,2,0,0
2025-04-23,MIN202504230,MIN,"Keaschall, Luke",keasl001,2,0,empty,empty,1,walk,3,0,0
2025-04-23,MIN202504230,MIN,"Larnach, Trevor",larnt001,2,0,1B,2B,0,walk,3,0,0
2025-04-23,MIN202504230,MIN,"Correa, Carlos",corrc001,2,0,1B+2B,1B+2B,1,grounded_into_double_play,3,0,0
2025-04-23,MIN202504230,MIN,"France, Ty",frant002,2,2,3B,3B,1,single,3,0,0
2025-04-23,MIN202504230,MIN,"Jeffers, Ryan",jeffr002,2,2,1B,1B,1,single,3,1,0
2025-04-23,MIN202504230,MIN,"Lee, Brooks",lee-b002,2,2,1B+2B,1B+2B,1,single,3,1,0
2025-04-23,MIN202504230,MIN,"Bader, Harrison",badeh001,2,2,1B+2B+3B,1B+2B+3B,1,field_out,3,1,0
2025-04-23,MIN202504230,MIN,"Julien, Edouard",julie001,3,0,empty,empty,1,double,4,1,0
2025-04-23,MIN202504230,MIN,"Buxton, Byron",buxtb001,3,0,2B,2B,1,strikeout,4,1,0
2025-04-23,MIN202504230,MIN,"Keaschall, Luke",keasl001,3,1,2B,2B,1,field_out,4,1,0
2025-04-23,MIN202504230,MIN,"Larnach, Trevor",larnt001,3,2,3B,3B,1,single,4,1,0
2025-04-23,MIN202504230,MIN,"Correa, Carlos",corrc001,3,2,1B,1B,1,field_out,4,2,0
2025-04-23,MIN202504230,MIN,"France, Ty",frant002,3,0,empty,empty,1,walk,5,2,3
2025-04-23,MIN202504230,MIN,"Jeffers, Ryan",jeffr002,3,0,1B,1B,1,single,5,2,3
2025-04-23,MIN202504230,MIN,"Lee, Brooks",lee-b002,3,0,1B+3B,1B+3B,1,single,5,2,3
2025-04-23,MIN202504230,MIN,"Bader, Harrison",badeh001,3,0,1B+2B,1B+2B,1,strikeout,5,3,3
2025-04-23,MIN202504230,MIN,"Julien, Edouard",julie001,4,1,1B+2B,1B+2B,1,strikeout,5,3,3
2025-04-23,MIN202504230,MIN,"Buxton, Byron",buxtb001,4,2,1B+2B,1B+2B,1,field_out,5,3,3
2025-04-23,MIN202504230,MIN,"Keaschall, Luke",keasl001,4,0,empty,empty,1,field_out,6,3,3
2025-04-23,MIN202504230,MIN,"Larnach, Trevor",larnt001,4,1,empty,empty,1,home_run,6,3,3
2025-04-23,MIN202504230,MIN,"Correa, Carlos",corrc001,4,1,empty,empty,1,field_out,6,4,3
2025-04-23,MIN202504230,MIN,"France, Ty",frant002,4,2,empty,empty,1,walk,6,4,3
2025-04-23,MIN202504230,MIN,"Jeffers, Ryan",jeffr002,4,2,1B,1B,1,field_out,6,4,3
2025-04-23,MIN202504230,MIN,"Lee, Brooks",lee-b002,4,0,empty,empty,1,field_out,7,4,3
2025-04-23,MIN202504230,MIN,"Bader, Harrison",badeh001,4,1,empty,empty,1,walk,7,4,3
2025-04-23,MIN202504230,MIN,"Julien, Edouard",julie001,5,1,1B,1B,1,strikeout,7,4,3
2025-04-23,MIN202504230,MIN,"Buxton, Byron",buxtb001,5,2,1B,1B,1,home_run,7,4,3
2025-04-23,MIN202504230,MIN,"Keaschall, Luke",keasl001,5,2,empty,empty,1,hit_by_pitch,7,6,3
2025-04-23,MIN202504230,MIN,"Larnach, Trevor",larnt001,5,2,1B,2B,0,field_out,7,6,3
2025-04-23,MIN202504230,MIN,"Correa, Carlos",corrc001,5,0,empty,empty,1,field_out,8,6,3
2025-04-23,MIN202504230,MIN,"France, Ty",frant002,5,1,empty,empty,1,strikeout,8,6,3
2025-04-23,MIN202504230,MIN,"Jeffers, Ryan",jeffr002,5,2,empty,empty,1,field_out,8,6,3
2025-04-24,MIN202504240,MIN,"Julien, Edouard",julie001,1,0,empty,empty,1,single,1,0,0
2025-04-24,MIN202504240,MIN,"Buxton, Byron",buxtb001,1,1,1B,empty,0,strikeout,1,0,0
2025-04-24,MIN202504240,MIN,"Keaschall, Luke",keasl001,1,2,empty,empty,1,walk,1,0,0
2025-04-24,MIN202504240,MIN,"Larnach, Trevor",larnt001,1,2,1B,1B,1,strikeout,1,0,0
2025-04-24,MIN202504240,MIN,"Correa, Carlos",corrc001,1,0,empty,empty,1,field_out,2,0,1
2025-04-24,MIN202504240,MIN,"France, Ty",frant002,1,1,empty,empty,1,strikeout,2,0,1
2025-04-24,MIN202504240,MIN,"Lee, Brooks",lee-b002,1,2,empty,empty,1,single,2,0,1
2025-04-24,MIN202504240,MIN,"Keirsey, DaShawn",keird001,1,2,1B,1B,1,field_out,2,0,1
2025-04-24,MIN202504240,MIN,"Vazquez, Christian",vazqc001,1,0,empty,empty,1,double,3,0,1
2025-04-24,MIN202504240,MIN,"Julien, Edouard",julie001,2,0,2B,2B,1,field_out,3,0,1
2025-04-24,MIN202504240,MIN,"Buxton, Byron",buxtb001,2,1,2B,2B,1,strikeout,3,0,1
2025-04-24,MIN202504240,MIN,"Keaschall, Luke",keasl001,2,2,2B,2B,1,field_out,3,0,1
2025-04-24,MIN202504240,MIN,"Larnach, Trevor",larnt001,2,0,empty,empty,1,strikeout,4,0,2
2025-04-24,MIN202504240,MIN,"Correa, Carlos",corrc001,2,1,empty,empty,1,field_out,4,0,2
2025-04-24,MIN202504240,MIN,"France, Ty",frant002,2,2,empty,empty,1,strikeout,4,0,2
2025-04-24,MIN202504240,MIN,"Lee, Brooks",lee-b002,2,0,empty,empty,1,single,5,0,2
2025-04-24,MIN202504240,MIN,"Keirsey, DaShawn",keird001,2,0,1B,1B,1,field_out,5,0,2
2025-04-24,MIN202504240,MIN,"Vazquez, Christian",vazqc001,2,1,2B,2B,1,field_out,5,0,2
2025-04-24,MIN202504240,MIN,"Julien, Edouard",julie001,3,2,2B,2B,1,strikeout,5,0,2
2025-04-24,MIN202504240,MIN,"Buxton, Byron",buxtb001,3,0,empty,empty,1,walk,6,0,3
2025-04-24,MIN202504240,MIN,"Keaschall, Luke",keasl001,3,0,1B,1B,1,single,6,0,3
2025-04-24,MIN202504240,MIN,"Larnach, Trevor",larnt001,3,0,1B+2B,1B+2B,1,strikeout,6,0,3
2025-04-24,MIN202504240,MIN,"Correa, Carlos",corrc001,3,1,1B+2B,1B+2B,1,strikeout,6,0,3
2025-04-24,MIN202504240,MIN,"France, Ty",frant002,3,2,1B+2B,1B+2B,1,field_out,6,0,3
2025-04-24,MIN202504240,MIN,"Lee, Brooks",lee-b002,3,0,empty,empty,1,field_out,7,0,3
2025-04-24,MIN202504240,MIN,"Bader, Harrison",badeh001,1,1,empty,empty,1,strikeout,7,0,3
2025-04-24,MIN202504240,MIN,"Vazquez, Christian",vazqc001,3,2,empty,empty,1,double,7,0,3
2025-04-24,MIN202504240,MIN,"Bride, Jonah",bridj001,1,2,2B,2B,1,field_out,7,0,3
2025-04-25,MIN202504250,MIN,"Julien, Edouard",julie001,1,0,empty,empty,1,walk,1,0,0
2025-04-25,MIN202504250,MIN,"Buxton, Byron",buxtb001,1,0,1B,1B,1,strikeout,1,0,0
2025-04-25,MIN202504250,MIN,"Keaschall, Luke",keasl001,1,1,1B,1B,1,hit_by_pitch,1,0,0
2025-04-25,MIN202504250,MIN,"Larnach, Trevor",larnt001,1,1,1B+2B,1B+2B,1,walk,1,0,0
2025-04-25,MIN202504250,MIN,"Correa, Carlos",corrc001,1,1,1B+2B+3B,1B+2B+3B,1,sac_fly,1,0,0
2025-04-25,MIN202504250,MIN,"Jeffers, Ryan",jeffr002,1,2,1B+2B,1B+2B,1,field_out,1,1,0
2025-04-25,MIN202504250,MIN,"France, Ty",frant002,1,0,empty,empty,1,strikeout,2,1,1
2025-04-25,MIN202504250,MIN,"Lee, Brooks",lee-b002,1,1,empty,empty,1,field_out,2,1,1
2025-04-25,MIN202504250,MIN,"Bader, Harrison",badeh001,1,2,empty,empty,1,field_out,2,1,1
2025-04-25,MIN202504250,MIN,"Julien, Edouard",julie001,2,0,empty,empty,1,strikeout,3,1,1
2025-04-25,MIN202504250,MIN,"Buxton, Byron",buxtb001,2,1,empty,empty,1,home_run,3,1,1
2025-04-25,MIN202504250,MIN,"Gasper, Mickey",gaspm001,1,1,empty,empty,1,hit_by_pitch,3,2,1
2025-04-25,MIN202504250,MIN,"Larnach, Trevor",larnt001,2,1,1B,1B,1,double,3,2,1
2025-04-25,MIN202504250,MIN,"Correa, Carlos",corrc001,2,1,2B,2B,1,field_out,3,3,1
2025-04-25,MIN202504250,MIN,"Jeffers, Ryan",jeffr002,2,2,2B,2B,1,field_out,3,3,1
2025-04-25,MIN202504250,MIN,"France, Ty",frant002,2,0,empty,empty,1,walk,4,3,1
2025-04-25,MIN202504250,MIN,"Lee, Brooks",lee-b002,2,0,1B,1B,1,single,4,3,1
2025-04-25,MIN202504250,MIN,"Bader, Harrison",badeh001,2,0,1B+2B,1B+2B,1,walk,4,3,1
2025-04-25,MIN202504250,MIN,"Julien, Edouard",julie001,3,0,1B+2B+3B,1B+2B+3B,1,walk,4,3,1
2025-04-25,MIN202504250,MIN,"Buxton, Byron",buxtb001,3,0,1B+2B+3B,1B+2B+3B,1,sac_fly,4,4,1
2025-04-25,MIN202504250,MIN,"Gasper, Mickey",gaspm001,2,1,1B+2B,1B+2B,1,single,4,5,1
2025-04-25,MIN202504250,MIN,"Larnach, Trevor",larnt001,3,1,1B+2B,1B+2B,1,home_run,4,6,1
2025-04-25,MIN202504250,MIN,"Correa, Carlos",corrc001,3,1,empty,empty,1,single,4,9,1
2025-04-25,MIN202504250,MIN,"Jeffers, Ryan",jeffr002,3,1,1B,1B,1,grounded_into_double_play,4,9,1
2025-04-25,MIN202504250,MIN,"France, Ty",frant002,3,0,empty,empty,1,field_out,5,9,2
2025-04-25,MIN202504250,MIN,"Lee, Brooks",lee-b002,3,1,empty,empty,1,field_out,5,9,2
2025-04-25,MIN202504250,MIN,"Bader, Harrison",badeh001,3,2,empty,empty,1,strikeout,5,9,2
2025-04-25,MIN202504250,MIN,"Julien, Edouard",julie001,4,0,empty,empty,1,walk,6,9,3
2025-04-25,MIN202504250,MIN,"Buxton, Byron",buxtb001,4,0,1B,2B,0,triple,6,9,3
2025-04-25,MIN202504250,MIN,"Gasper, Mickey",gaspm001,3,0,3B,3B,1,double,6,10,3
2025-04-25,MIN202504250,MIN,"Larnach, Trevor",larnt001,4,0,2B,2B,1,strikeout,6,11,3
2025-04-25,MIN202504250,MIN,"Correa, Carlos",corrc001,4,1,2B,2B,1,walk,6,11,3
2025-04-25,MIN202504250,MIN,"Jeffers, Ryan",jeffr002,4,1,1B+2B,1B+2B,1,grounded_into_double_play,6,11,3
2025-04-25,MIN202504250,MIN,"France, Ty",frant002,4,0,empty,empty,1,field_out,7,11,4
2025-04-25,MIN202504250,MIN,"Lee, Brooks",lee-b002,4,1,empty,empty,1,field_out,7,11,4
2025-04-25,MIN202504250,MIN,"Bader, Harrison",badeh001,4,2,empty,empty,1,field_out,7,11,4
2025-04-25,MIN202504250,MIN,"Julien, Edouard",julie001,5,0,empty,empty,1,walk,8,11,4
2025-04-25,MIN202504250,MIN,"Keirsey, DaShawn",keird001,1,0,1B,1B,1,strikeout,8,11,4
2025-04-25,MIN202504250,MIN,"Gasper, Mickey",gaspm001,4,1,1B,1B,1,field_out,8,11,4
2025-04-25,MIN202504250,MIN,"Larnach, Trevor",larnt001,5,2,1B,1B,1,field_out,8,11,4
2025-04-26,MIN202504260,MIN,"Jeffers, Ryan",jeffr002,1,0,empty,empty,1,single,1,0,0
2025-04-26,MIN202504260,MIN,"Buxton, Byron",buxtb001,1,0,1B,2B,0,single,1,0,0
2025-04-26,MIN202504260,MIN,"Correa, Carlos",corrc001,1,0,1B+3B,1B+3B,1,single,1,0,0
2025-04-26,MIN202504260,MIN,"France, Ty",frant002,1,0,1B+2B,1B+2B,1,single,1,1,0
2025-04-26,MIN202504260,MIN,"Larnach, Trevor",larnt001,1,0,1B+2B,1B+2B,1,grounded_into_double_play,1,2,0
2025-04-26,MIN202504260,MIN,"Bride, Jonah",bridj001,1,2,3B,3B,1,single,1,2,0
2025-04-26,MIN202504260,MIN,"Lee, Brooks",lee-b002,1,2,1B,1B,1,single,1,3,0
2025-04-26,MIN202504260,MIN,"Bader, Harrison",badeh001,1,2,1B+2B,1B+2B,1,walk,1,3,0
2025-04-26,MIN202504260,MIN,"Vazquez, Christian",vazqc001,1,2,1B+2B+3B,1B+2B+3B,1,field_out,1,3,0
2025-04-26,MIN202504260,MIN,"Jeffers, Ryan",jeffr002,2,0,empty,empty,1,walk,2,3,0
2025-04-26,MIN202504260,MIN,"Buxton, Byron",buxtb001,2,0,1B,1B,1,field_out,2,3,0
2025-04-26,MIN202504260,MIN,"Correa, Carlos",corrc001,2,1,1B,2B,0,single,2,3,0
2025-04-26,MIN202504260,MIN,"France, Ty",frant002,2,1,1B,1B,1,field_out,2,4,0
2025-04-26,MIN202504260,MIN,"Larnach, Trevor",larnt001,2,2,1B,1B,1,single,2,4,0
2025-04-26,MIN202504260,MIN,"Bride, Jonah",bridj001,2,2,1B+3B,1B+3B,1,walk,2,4,0
2025-04-26,MIN202504260,MIN,"Lee, Brooks",lee-b002,2,2,1B+2B+3B,1B+2B+3B,1,field_out,2,4,0
2025-04-26,MIN202504260,MIN,"Bader, Harrison",badeh001,2,0,empty,empty,1,single,3,4,1
2025-04-26,MIN202504260,MIN,"Vazquez, Christian",vazqc001,2,0,1B,1B,1,fielders_choice,3,4,1
2025-04-26,MIN202504260,MIN,"Jeffers, Ryan",jeffr002,3,0,2B+3B,2B+3B,1,walk,3,4,1
2025-04-26,MIN202504260,MIN,"Buxton, Byron",buxtb001,3,0,1B+2B+3B,1B+2B+3B,1,strikeout,3,4,1
2025-04-26,MIN202504260,MIN,"Correa, Carlos",corrc001,3,1,1B+2B+3B,1B+2B+3B,1,strikeout,3,4,1
2025-04-26,MIN202504260,MIN,"France, Ty",frant002,3,2,1B+2B+3B,1B+2B+3B,1,field_out,3,4,1
2025-04-26,MIN202504260,MIN,"Larnach, Trevor",larnt001,3,0,empty,empty,1,strikeout,4,4,1
2025-04-26,MIN202504260,MIN,"Bride, Jonah",bridj001,3,1,empty,empty,1,single,4,4,1
2025-04-26,MIN202504260,MIN,"Lee, Brooks",lee-b002,3,1,1B,1B,1,field_out,4,4,1
2025-04-26,MIN202504260,MIN,"Bader, Harrison",badeh001,3,2,1B,1B,1,single,4,4,1
2025-04-26,MIN202504260,MIN,"Vazquez, Christian",vazqc001,3,2,1B+2B,1B+2B,1,strikeout,4,4,1
2025-04-26,MIN202504260,MIN,"Jeffers, Ryan",jeffr002,4,0,empty,empty,1,field_out,5,4,1
2025-04-26,MIN202504260,MIN,"Buxton, Byron",buxtb001,4,1,empty,empty,1,strikeout,5,4,1
2025-04-26,MIN202504260,MIN,"Correa, Carlos",corrc001,4,2,empty,empty,1,field_out,5,4,1
2025-04-26,MIN202504260,MIN,"France, Ty",frant002,4,0,empty,empty,1,double,6,4,1
2025-04-26,MIN202504260,MIN,"Larnach, Trevor",larnt001,4,0,2B,2B,1,field_out,6,4,1
2025-04-26,MIN202504260,MIN,"Bride, Jonah",bridj001,4,1,2B,2B,1,strikeout,6,4,1
2025-04-26,MIN202504260,MIN,"Lee, Brooks",lee-b002,4,2,2B,2B,1,double,6,4,1
2025-04-26,MIN202504260,MIN,"Bader, Harrison",badeh001,4,2,2B,2B,1,field_out,6,5,1
2025-04-26,MIN202504260,MIN,"Vazquez, Christian",vazqc001,4,0,empty,empty,1,walk,7,5,1
2025-04-26,MIN202504260,MIN,"Jeffers, Ryan",jeffr002,5,0,1B,1B,1,strikeout,7,5,1
2025-04-26,MIN202504260,MIN,"Buxton, Byron",buxtb001,5,1,1B,1B,1,field_out,7,5,1
2025-04-26,MIN202504260,MIN,"Correa, Carlos",corrc001,5,2,1B,1B,1,strikeout,7,5,1
2025-04-26,MIN202504260,MIN,"France, Ty",frant002,5,0,empty,empty,1,field_out,8,5,1
2025-04-26,MIN202504260,MIN,"Larnach, Trevor",larnt001,5,1,empty,empty,1,field_out,8,5,1
2025-04-26,MIN202504260,MIN,"Bride, Jonah",bridj001,5,2,empty,empty,1,field_out,8,5,1
2025-04-27,MIN202504270,MIN,"Julien, Edouard",julie001,1,0,empty,empty,1,walk,1,0,0
2025-04-27,MIN202504270,MIN,"Correa, Carlos",corrc001,1,0,1B,1B,1,double,1,0,0
2025-04-27,MIN202504270,MIN,"Larnach, Trevor",larnt001,1,0,2B+3B,2B+3B,1,strikeout,1,0,0
2025-04-27,MIN202504270,MIN,"France, Ty",frant002,1,1,2B+3B,2B+3B,1,sac_fly,1,0,0
2025-04-27,MIN202504270,MIN,"Gasper, Mickey",gaspm001,1,2,2B,2B,1,field_out,1,1,0
2025-04-27,MIN202504270,MIN,"Jeffers, Ryan",jeffr002,1,0,empty,empty,1,field_out,2,1,0
2025-04-27,MIN202504270,MIN,"Lee, Brooks",lee-b002,1,1,empty,empty,1,field_out,2,1,0
2025-04-27,MIN202504270,MIN,"Keirsey, DaShawn",keird001,1,2,empty,empty,1,field_out,2,1,0
2025-04-27,MIN202504270,MIN,"Bader, Harrison",badeh001,1,0,empty,empty,1,field_out,3,1,0
2025-04-27,MIN202504270,MIN,"Julien, Edouard",julie001,2,1,empty,empty,1,strikeout,3,1,0
2025-04-27,MIN202504270,MIN,"Correa, Carlos",corrc001,2,2,empty,empty,1,single,3,1,0
2025-04-27,MIN202504270,MIN,"Larnach, Trevor",larnt001,2,2,1B,1B,1,single,3,1,0
2025-04-27,MIN202504270,MIN,"France, Ty",frant002,2,2,2B+3B,2B+3B,1,field_out,3,1,0
2025-04-27,MIN202504270,MIN,"Gasper, Mickey",gaspm001,2,0,empty,empty,1,field_out,4,1,0
2025-04-27,MIN202504270,MIN,"Jeffers, Ryan",jeffr002,2,1,empty,empty,1,field_out,4,1,0
2025-04-27,MIN202504270,MIN,"Lee, Brooks",lee-b002,2,2,empty,empty,1,field_out,4,1,0
2025-04-27,MIN202504270,MIN,"Keirsey, DaShawn",keird001,2,0,empty,empty,1,field_out,5,1,0
2025-04-27,MIN202504270,MIN,"Bader, Harrison",badeh001,2,1,empty,empty,1,strikeout,5,1,0
2025-04-27,MIN202504270,MIN,"Julien, Edouard",julie001,3,2,empty,empty,1,strikeout,5,1,0
2025-04-27,MIN202504270,MIN,"Correa, Carlos",corrc001,3,0,empty,empty,1,single,6,1,0
2025-04-27,MIN202504270,MIN,"Larnach, Trevor",larnt001,3,0,1B,1B,1,field_error,6,1,0
2025-04-27,MIN202504270,MIN,"France, Ty",frant002,3,0,1B+2B,1B+2B,1,double,6,1,0
2025-04-27,MIN202504270,MIN,"Bride, Jonah",bridj001,1,0,2B+3B,2B+3B,1,field_out,6,2,0
2025-04-27,MIN202504270,MIN,"Jeffers, Ryan",jeffr002,3,1,2B+3B,2B+3B,1,double,6,2,0
2025-04-27,MIN202504270,MIN,"Lee, Brooks",lee-b002,3,1,2B,2B,1,field_out,6,4,0
2025-04-27,MIN202504270,MIN,"Keirsey, DaShawn",keird001,3,2,3B,3B,1,field_out,6,4,0
2025-04-27,MIN202504270,MIN,"Bader, Harrison",badeh001,3,0,empty,empty,1,double,7,4,0
2025-04-27,MIN202504270,MIN,"Julien, Edouard",julie001,4,0,2B,2B,1,strikeout,7,4,0
2025-04-27,MIN202504270,MIN,"Correa, Carlos",corrc001,4,1,2B,2B,1,strikeout,7,4,0
2025-04-27,MIN202504270,MIN,"Larnach, Trevor",larnt001,4,2,2B,2B,1,single,7,4,0
2025-04-27,MIN202504270,MIN,"France, Ty",frant002,4,2,1B,1B,1,field_out,7,5,0
2025-04-27,MIN202504270,MIN,"Bride, Jonah",bridj001,2,0,empty,empty,1,single,8,5,0
2025-04-27,MIN202504270,MIN,"Jeffers, Ryan",jeffr002,4,0,1B,1B,1,field_out,8,5,0
2025-04-27,MIN202504270,MIN,"Lee, Brooks",lee-b002,4,1,1B,1B,1,field_out,8,5,0
2025-04-27,MIN202504270,MIN,"Keirsey, DaShawn",keird001,4,2,1B,1B,1,strikeout,8,5,0
2025-04-28,CLE202504280,MIN,"Julien, Edouard",julie001,1,0,empty,empty,1,home_run,1,0,0
2025-04-28,CLE202504280,MIN,"Buxton, Byron",buxtb001,1,0,empty,empty,1,strikeout,1,1,0
2025-04-28,CLE202504280,MIN,"Correa, Carlos",corrc001,1,1,empty,empty,1,single,1,1,0
2025-04-28,CLE202504280,MIN,"Larnach, Trevor",larnt001,1,1,1B,1B,1,field_out,1,1,0
2025-04-28,CLE202504280,MIN,"France, Ty",frant002,1,2,1B,1B,1,single,1,1,0
2025-04-28,CLE202504280,MIN,"Jeffers, Ryan",jeffr002,1,2,1B+3B,1B+3B,1,double,1,1,0
2025-04-28,CLE202504280,MIN,"Gasper, Mickey",gaspm001,1,0,empty,empty,1,field_out,2,2,0
2025-04-28,CLE202504280,MIN,"Bride, Jonah",bridj001,1,1,empty,empty,1,single,2,2,0
2025-04-28,CLE202504280,MIN,"Bader, Harrison",badeh001,1,1,1B,1B,1,walk,2,2,0
2025-04-28,CLE202504280,MIN,"Julien, Edouard",julie001,2,1,1B+2B,1B+2B,1,walk,2,2,0
2025-04-28,CLE202504280,MIN,"Buxton, Byron",buxtb001,2,1,1B+2B+3B,1B+2B+3B,1,single,2,2,0
2025-04-28,CLE202504280,MIN,"Correa, Carlos",corrc001,2,1,1B+2B,1B+2B,1,single,2,4,0
2025-04-28,CLE202504280,MIN,"Larnach, Trevor",larnt001,2,1,1B+2B+3B,1B+2B+3B,1,strikeout,2,4,0
2025-04-28,CLE202504280,MIN,"France, Ty",frant002,2,2,1B+2B+3B,1B+2B+3B,1,field_out,2,4,0
2025-04-28,CLE202504280,MIN,"Jeffers, Ryan",jeffr002,2,0,empty,empty,1,field_out,3,4,0
2025-04-28,CLE202504280,MIN,"Gasper, Mickey",gaspm001,2,1,empty,empty,1,field_out,3,4,0
2025-04-28,CLE202504280,MIN,"Bride, Jonah",bridj001,2,2,empty,empty,1,single,3,4,0
2025-04-28,CLE202504280,MIN,"Bader, Harrison",badeh001,2,2,1B,1B,1,field_out,3,4,0
2025-04-28,CLE202504280,MIN,"Julien, Edouard",julie001,3,0,empty,empty,1,field_out,4,4,0
2025-04-28,CLE202504280,MIN,"Buxton, Byron",buxtb001,3,1,empty,empty,1,field_out,4,4,0
2025-04-28,CLE202504280,MIN,"Correa, Carlos",corrc001,3,2,empty,empty,1,strikeout,4,4,0
2025-04-28,CLE202504280,MIN,"Larnach, Trevor",larnt001,3,0,empty,empty,1,field_out,5,4,0
2025-04-28,CLE202504280,MIN,"France, Ty",frant002,3,1,empty,empty,1,strikeout,5,4,0
2025-04-28,CLE202504280,MIN,"Jeffers, Ryan",jeffr002,3,2,empty,empty,1,walk,5,4,0
2025-04-28,CLE202504280,MIN,"Gasper, Mickey",gaspm001,3,2,1B,1B,1,single,5,4,0
2025-04-28,CLE202504280,MIN,"Bride, Jonah",bridj001,3,2,1B+2B,1B+2B,1,single,5,4,0
2025-04-28,CLE202504280,MIN,"Bader, Harrison",badeh001,3,2,1B+2B,1B+2B,1,single,5,5,0
2025-04-28,CLE202504280,MIN,"Julien, Edouard",julie001,4,2,1B+3B,1B+3B,1,field_out,5,6,0
2025-04-28,CLE202504280,MIN,"Buxton, Byron",buxtb001,4,0,empty,empty,1,single,6,6,1
2025-04-28,CLE202504280,MIN,"Correa, Carlos",corrc001,4,0,1B,1B,1,field_out,6,6,1
2025-04-28,CLE202504280,MIN,"Larnach, Trevor",larnt001,4,1,1B,1B,1,single,6,6,1
2025-04-28,CLE202504280,MIN,"France, Ty",frant002,4,1,1B+2B,1B+2B,1,double,6,6,1
2025-04-28,CLE202504280,MIN,"Jeffers, Ryan",jeffr002,4,1,2B,2B,1,field_out,6,8,1
2025-04-28,CLE202504280,MIN,"Gasper, Mickey",gaspm001,4,2,2B,2B,1,single,6,8,1
2025-04-28,CLE202504280,MIN,"Bride, Jonah",bridj001,4,2,1B,1B,1,field_out,6,9,1
2025-04-28,CLE202504280,MIN,"Bader, Harrison",badeh001,4,0,empty,empty,1,field_out,7,9,1
2025-04-28,CLE202504280,MIN,"Julien, Edouard",julie001,5,1,empty,empty,1,strikeout,7,9,1
2025-04-28,CLE202504280,MIN,"Buxton, Byron",buxtb001,5,2,empty,empty,1,field_out,7,9,1
2025-04-28,CLE202504280,MIN,"Clemens, Kody",clemk001,1,0,empty,empty,1,double,8,9,1
2025-04-28,CLE202504280,MIN,"Larnach, Trevor",larnt001,5,0,2B,2B,1,field_out,8,9,1
2025-04-28,CLE202504280,MIN,"Keirsey, DaShawn",keird001,1,1,2B,2B,1,field_out,8,9,1
2025-04-28,CLE202504280,MIN,"Jeffers, Ryan",jeffr002,5,2,2B,2B,1,home_run,8,9,1
2025-04-28,CLE202504280,MIN,"Gasper, Mickey",gaspm001,5,2,empty,empty,1,field_out,8,11,1
2025-04-28,CLE202504280,MIN,"Bride, Jonah",bridj001,5,0,empty,empty,1,field_out,9,11,1
2025-04-28,CLE202504280,MIN,"Bader, Harrison",badeh001,5,1,empty,empty,1,field_out,9,11,1
2025-04-28,CLE202504280,MIN,"Julien, Edouard",julie001,6,2,empty,empty,1,field_out,9,11,1
2025-04-29,CLE202504290,MIN,"Julien, Edouard",julie001,1,0,empty,empty,1,field_out,1,0,0
2025-04-29,CLE202504290,MIN,"Buxton, Byron",buxtb001,1,1,empty,empty,1,strikeout,1,0,0
2025-04-29,CLE202504290,MIN,"Correa, Carlos",corrc001,1,2,empty,empty,1,strikeout,1,0,0
2025-04-29,CLE202504290,MIN,"Larnach, Trevor",larnt001,1,0,empty,empty,1,field_out,2,0,0
2025-04-29,CLE202504290,MIN,"France, Ty",frant002,1,1,empty,empty,1,field_out,2,0,0
2025-04-29,CLE202504290,MIN,"Bride, Jonah",bridj001,1,2,empty,empty,1,field_out,2,0,0
2025-04-29,CLE202504290,MIN,"Lee, Brooks",lee-b002,1,0,empty,empty,1,field_out,3,0,0
2025-04-29,CLE202504290,MIN,"Bader, Harrison",badeh001,1,1,empty,empty,1,field_out,3,0,0
2025-04-29,CLE202504290,MIN,"Vazquez, Christian",vazqc001,1,2,empty,empty,1,field_out,3,0,0
2025-04-29,CLE202504290,MIN,"Julien, Edouard",julie001,2,0,empty,empty,1,strikeout,4,0,1
2025-04-29,CLE202504290,MIN,"Buxton, Byron",buxtb001,2,1,empty,empty,1,field_out,4,0,1
2025-04-29,CLE202504290,MIN,"Correa, Carlos",corrc001,2,2,empty,empty,1,double,4,0,1
2025-04-29,CLE202504290,MIN,"Larnach, Trevor",larnt001,2,2,2B,2B,1,field_out,4,0,1
2025-04-29,CLE202504290,MIN,"France, Ty",frant002,2,0,empty,empty,1,home_run,5,0,1
2025-04-29,CLE202504290,MIN,"Bride, Jonah",bridj001,2,0,empty,empty,1,field_out,5,1,1
2025-04-29,CLE202504290,MIN,"Lee, Brooks",lee-b002,2,1,empty,empty,1,single,5,1,1
2025-04-29,CLE202504290,MIN,"Bader, Harrison",badeh001,2,1,1B,1B,1,single,5,1,1
2025-04-29,CLE202504290,MIN,"Vazquez, Christian",vazqc001,2,1,1B+2B,1B+2B,1,strikeout,5,1,1
2025-04-29,CLE202504290,MIN,"Julien, Edouard",julie001,3,2,1B+2B,1B+2B,1,field_out,5,1,1
2025-04-29,CLE202504290,MIN,"Buxton, Byron",buxtb001,3,0,empty,empty,1,field_out,6,1,1
2025-04-29,CLE202504290,MIN,"Correa, Carlos",corrc001,3,1,empty,empty,1,strikeout,6,1,1
2025-04-29,CLE202504290,MIN,"Larnach, Trevor",larnt001,3,2,empty,empty,1,field_out,6,1,1
2025-04-29,CLE202504290,MIN,"France, Ty",frant002,3,0,empty,empty,1,single,7,1,1
2025-04-29,CLE202504290,MIN,"Bride, Jonah",bridj001,3,1,empty,empty,1,field_out,7,1,1
2025-04-29,CLE202504290,MIN,"Lee, Brooks",lee-b002,3,2,empty,empty,1,field_out,7,1,1
2025-04-29,CLE202504290,MIN,"Bader, Harrison",badeh001,3,0,empty,empty,1,strikeout,8,1,1
2025-04-29,CLE202504290,MIN,"Vazquez, Christian",vazqc001,3,1,empty,empty,1,single,8,1,1
2025-04-29,CLE202504290,MIN,"Julien, Edouard",julie001,4,1,1B,1B,1,strikeout,8,1,1
2025-04-29,CLE202504290,MIN,"Buxton, Byron",buxtb001,4,2,1B,1B,1,walk,8,1,1
2025-04-29,CLE202504290,MIN,"Correa, Carlos",corrc001,4,2,1B+2B,1B+2B,1,field_out,8,1,1
2025-04-29,CLE202504290,MIN,"Larnach, Trevor",larnt001,4,0,empty,empty,1,field_out,9,1,1
2025-04-29,CLE202504290,MIN,"France, Ty",frant002,4,1,empty,empty,1,single,9,1,1
2025-04-29,CLE202504290,MIN,"Bride, Jonah",bridj001,4,2,1B,empty,0,field_out,9,1,1
2025-04-30,CLE202504300,MIN,"Gasper, Mickey",gaspm001,1,0,empty,empty,1,field_out,1,0,0
2025-04-30,CLE202504300,MIN,"Buxton, Byron",buxtb001,1,1,empty,empty,1,strikeout,1,0,0
2025-04-30,CLE202504300,MIN,"Correa, Carlos",corrc001,1,2,empty,empty,1,strikeout,1,0,0
2025-04-30,CLE202504300,MIN,"Larnach, Trevor",larnt001,1,0,empty,empty,1,single,2,0,0
2025-04-30,CLE202504300,MIN,"France, Ty",frant002,1,0,1B,1B,1,grounded_into_double_play,2,0,0
2025-04-30,CLE202504300,MIN,"Jeffers, Ryan",jeffr002,1,2,empty,empty,1,strikeout,2,0,0
2025-04-30,CLE202504300,MIN,"Clemens, Kody",clemk001,1,0,empty,empty,1,field_out,3,0,0
2025-04-30,CLE202504300,MIN,"Lee, Brooks",lee-b002,1,1,empty,empty,1,walk,3,0,0
2025-04-30,CLE202504300,MIN,"Keirsey, DaShawn",keird001,1,1,1B,1B,1,field_out,3,0,0
2025-04-30,CLE202504300,MIN,"Gasper, Mickey",gaspm001,2,2,1B,1B,1,field_out,3,0,0
2025-04-30,CLE202504300,MIN,"Buxton, Byron",buxtb001,2,0,empty,empty,1,field_out,4,0,0
2025-04-30,CLE202504300,MIN,"Correa, Carlos",corrc001,2,1,empty,empty,1,field_out,4,0,0
2025-04-30,CLE202504300,MIN,"Larnach, Trevor",larnt001,2,2,empty,empty,1,walk,4,0,0
2025-04-30,CLE202504300,MIN,"France, Ty",frant002,2,2,1B,1B,1,field_out,4,0,0
2025-04-30,CLE202504300,MIN,"Jeffers, Ryan",jeffr002,2,0,empty,empty,1,field_out,5,0,0
2025-04-30,CLE202504300,MIN,"Clemens, Kody",clemk001,2,1,empty,empty,1,field_out,5,0,0
2025-04-30,CLE202504300,MIN,"Lee, Brooks",lee-b002,2,2,empty,empty,1,field_out,5,0,0
2025-04-30,CLE202504300,MIN,"Keirsey, DaShawn",keird001,2,0,empty,empty,1,field_out,6,0,0
2025-04-30,CLE202504300,MIN,"Gasper, Mickey",gaspm001,3,1,empty,empty,1,strikeout,6,0,0
2025-04-30,CLE202504300,MIN,"Buxton, Byron",buxtb001,3,2,empty,empty,1,single,6,0,0
2025-04-30,CLE202504300,MIN,"Correa, Carlos",corrc001,3,2,1B,3B,0,strikeout,6,0,0
2025-04-30,CLE202504300,MIN,"Larnach, Trevor",larnt001,3,0,empty,empty,1,field_out,7,0,0
2025-04-30,CLE202504300,MIN,"France, Ty",frant002,3,1,empty,empty,1,single,7,0,0
2025-04-30,CLE202504300,MIN,"Jeffers, Ryan",jeffr002,3,1,1B,1B,1,strikeout,7,0,0
2025-04-30,CLE202504300,MIN,"Clemens, Kody",clemk001,3,2,1B,1B,1,strikeout,7,0,0
2025-04-30,CLE202504300,MIN,"Lee, Brooks",lee-b002,3,0,empty,empty,1,home_run,8,0,4
2025-04-30,CLE202504300,MIN,"Julien, Edouard",julie001,1,0,empty,empty,1,strikeout,8,1,4
2025-04-30,CLE202504300,MIN,"Gasper, Mickey",gaspm001,4,1,empty,empty,1,strikeout,8,1,4
2025-04-30,CLE202504300,MIN,"Buxton, Byron",buxtb001,4,2,empty,empty,1,strikeout,8,1,4
2025-04-30,CLE202504300,MIN,"Correa, Carlos",corrc001,4,0,empty,empty,1,strikeout,9,1,4
2025-04-30,CLE202504300,MIN,"Larnach, Trevor",larnt001,4,1,empty,empty,1,single,9,1,4
2025-04-30,CLE202504300,MIN,"France, Ty",frant002,4,1,1B,1B,1,strikeout,9,1,4
2025-04-30,CLE202504300,MIN,"Jeffers, Ryan",jeffr002,4,2,1B,1B,1,single,9,1,4
2025-04-30,CLE202504300,MIN,"Clemens, Kody",clemk001,4,2,1B+3B,3B,0,strikeout,9,2,4
2025-05-01,CLE202505010,MIN,"Julien, Edouard",julie001,1,0,empty,empty,1,field_out,1,0,0
2025-05-01,CLE202505010,MIN,"Correa, Carlos",corrc001,1,1,empty,empty,1,single,1,0,0
2025-05-01,CLE202505010,MIN,"Buxton, Byron",buxtb001,1,1,1B,1B,1,field_out,1,0,0
2025-05-01,CLE202505010,MIN,"Larnach, Trevor",larnt001,1,2,1B,1B,1,field_out,1,0,0
2025-05-01,CLE202505010,MIN,"France, Ty",frant002,1,0,empty,empty,1,single,2,0,1
2025-05-01,CLE202505010,MIN,"Lee, Brooks",lee-b002,1,0,1B,1B,1,double,2,0,1
2025-05-01,CLE202505010,MIN,"Bader, Harrison",badeh001,1,0,2B+3B,2B+3B,1,fielders_choice_out,2,0,1
2025-05-01,CLE202505010,MIN,"Clemens, Kody",clemk001,1,1,1B+2B,1B+2B,1,strikeout,2,0,1
2025-05-01,CLE202505010,MIN,"Vazquez, Christian",vazqc001,1,2,1B+2B,1B+2B,1,field_out,2,0,1
2025-05-01,CLE202505010,MIN,"Julien, Edouard",julie001,2,0,empty,empty,1,strikeout,3,0,1
2025-05-01,CLE202505010,MIN,"Correa, Carlos",corrc001,2,1,empty,empty,1,field_out,3,0,1
2025-05-01,CLE202505010,MIN,"Buxton, Byron",buxtb001,2,2,empty,empty,1,single,3,0,1
2025-05-01,CLE202505010,MIN,"Larnach, Trevor",larnt001,2,2,1B,1B,1,field_out,3,0,1
2025-05-01,CLE202505010,MIN,"France, Ty",frant002,2,0,empty,empty,1,double,4,0,1
2025-05-01,CLE202505010,MIN,"Lee, Brooks",lee-b002,2,0,2B,2B,1,field_out,4,0,1
2025-05-01,CLE202505010,MIN,"Bader, Harrison",badeh001,2,1,2B,2B,1,field_out,4,0,1
2025-05-01,CLE202505010,MIN,"Clemens, Kody",clemk001,2,2,3B,3B,1,field_out,4,0,1
2025-05-01,CLE202505010,MIN,"Vazquez, Christian",vazqc001,2,0,empty,empty,1,field_out,5,0,2
2025-05-01,CLE202505010,MIN,"Julien, Edouard",julie001,3,1,empty,empty,1,field_out,5,0,2
2025-05-01,CLE202505010,MIN,"Correa, Carlos",corrc001,3,2,empty,empty,1,field_out,5,0,2
2025-05-01,CLE202505010,MIN,"Buxton, Byron",buxtb001,3,0,empty,empty,1,field_out,6,0,2
2025-05-01,CLE202505010,MIN,"Larnach, Trevor",larnt001,3,1,empty,empty,1,field_out,6,0,2
2025-05-01,CLE202505010,MIN,"France, Ty",frant002,3,2,empty,empty,1,single,6,0,2
2025-05-01,CLE202505010,MIN,"Lee, Brooks",lee-b002,3,2,1B,1B,1,field_out,6,0,2
2025-05-01,CLE202505010,MIN,"Bader, Harrison",badeh001,3,0,empty,empty,1,single,7,0,2
2025-05-01,CLE202505010,MIN,"Clemens, Kody",clemk001,3,0,1B,1B,1,field_out,7,0,2
2025-05-01,CLE202505010,MIN,"Vazquez, Christian",vazqc001,3,1,2B,2B,1,single,7,0,2
2025-05-01,CLE202505010,MIN,"Julien, Edouard",julie001,4,1,1B,1B,1,single,7,1,2
2025-05-01,CLE202505010,MIN,"Correa, Carlos",corrc001,4,1,1B+2B,1B+2B,1,single,7,1,2
2025-05-01,CLE202505010,MIN,"Buxton, Byron",buxtb001,4,1,1B+3B,1B+3B,1,strikeout,7,2,2
2025-05-01,CLE202505010,MIN,"Larnach, Trevor",larnt001,4,2,1B+3B,1B+3B,1,walk,7,2,2
2025-05-01,CLE202505010,MIN,"France, Ty",frant002,4,2,1B+2B+3B,1B+2B+3B,1,field_out,7,2,2
2025-05-01,CLE202505010,MIN,"Lee, Brooks",lee-b002,4,0,empty,empty,1,strikeout,8,2,2
2025-05-01,CLE202505010,MIN,"Bader, Harrison",badeh001,4,1,empty,empty,1,double,8,2,2
2025-05-01,CLE202505010,MIN,"Bride, Jonah",bridj001,1,1,2B,2B,1,field_out,8,2,2
2025-05-01,CLE202505010,MIN,"Vazquez, Christian",vazqc001,4,2,2B,2B,1,walk,8,2,2
2025-05-01,CLE202505010,MIN,"Jeffers, Ryan",jeffr002,1,2,1B+2B,1B+2B,1,walk,8,2,2
2025-05-01,CLE202505010,MIN,"Correa, Carlos",corrc001,5,2,1B+2B+3B,1B+2B+3B,1,field_out,8,2,2
2025-05-01,CLE202505010,MIN,"Buxton, Byron",buxtb001,5,0,empty,empty,1,single,9,2,2
2025-05-01,CLE202505010,MIN,"Larnach, Trevor",larnt001,5,0,1B,1B,1,grounded_into_double_play,9,2,2
2025-05-01,CLE202505010,MIN,"France, Ty",frant002,5,2,empty,empty,1,field_out,9,2,2
2025-05-01,CLE202505010,MIN,"Lee, Brooks",lee-b002,5,0,2B,2B,1,field_out,10,2,2
2025-05-01,CLE202505010,MIN,"Bader, Harrison",badeh001,5,1,2B,2B,1,single,10,2,2
2025-05-01,CLE202505010,MIN,"Bride, Jonah",bridj001,2,1,1B+3B,1B+3B,1,sac_fly,10,2,2
2025-05-02,BOS202505020,MIN,"Larnach, Trevor",larnt001,1,0,empty,empty,1,strikeout,1,0,0
2025-05-02,BOS202505020,MIN,"Buxton, Byron",buxtb001,1,1,empty,empty,1,single,1,0,0
2025-05-02,BOS202505020,MIN,"Lee, Brooks",lee-b002,1,1,1B,1B,1,grounded_into_double_play,1,0,0
2025-05-02,BOS202505020,MIN,"Correa, Carlos",corrc001,1,0,empty,empty,1,field_out,2,0,1
2025-05-02,BOS202505020,MIN,"France, Ty",frant002,1,1,empty,empty,1,field_out,2,0,1
2025-05-02,BOS202505020,MIN,"Julien, Edouard",julie001,1,2,empty,empty,1,field_out,2,0,1
2025-05-02,BOS202505020,MIN,"Jeffers, Ryan",jeffr002,1,0,empty,empty,1,home_run,3,0,1
2025-05-02,BOS202505020,MIN,"Gasper, Mickey",gaspm001,1,0,empty,empty,1,field_out,3,1,1
2025-05-02,BOS202505020,MIN,"Bader, Harrison",badeh001,1,1,empty,empty,1,single,3,1,1
2025-05-02,BOS202505020,MIN,"Larnach, Trevor",larnt001,2,1,1B,1B,1,field_out,3,1,1
2025-05-02,BOS202505020,MIN,"Buxton, Byron",buxtb001,2,2,1B,1B,1,field_out,3,1,1
2025-05-02,BOS202505020,MIN,"Lee, Brooks",lee-b002,2,0,empty,empty,1,field_out,4,1,1
2025-05-02,BOS202505020,MIN,"Correa, Carlos",corrc001,2,1,empty,empty,1,strikeout,4,1,1
2025-05-02,BOS202505020,MIN,"France, Ty",frant002,2,2,empty,empty,1,field_out,4,1,1
2025-05-02,BOS202505020,MIN,"Julien, Edouard",julie001,2,0,empty,empty,1,field_out,5,1,1
2025-05-02,BOS202505020,MIN,"Jeffers, Ryan",jeffr002,2,1,empty,empty,1,field_out,5,1,1
2025-05-02,BOS202505020,MIN,"Gasper, Mickey",gaspm001,2,2,empty,empty,1,field_error,5,1,1
2025-05-02,BOS202505020,MIN,"Bader, Harrison",badeh001,2,2,1B,1B,1,strikeout,5,1,1
2025-05-02,BOS202505020,MIN,"Larnach, Trevor",larnt001,3,0,empty,empty,1,strikeout,6,1,1
2025-05-02,BOS202505020,MIN,"Buxton, Byron",buxtb001,3,1,empty,empty,1,single,6,1,1
2025-05-02,BOS202505020,MIN,"Lee, Brooks",lee-b002,3,1,1B,1B,1,field_out,6,1,1
2025-05-02,BOS202505020,MIN,"Correa, Carlos",corrc001,3,2,2B,2B,1,field_out,6,1,1
2025-05-02,BOS202505020,MIN,"France, Ty",frant002,3,0,empty,empty,1,field_out,7,1,1
2025-05-02,BOS202505020,MIN,"Julien, Edouard",julie001,3,1,empty,empty,1,walk,7,1,1
2025-05-02,BOS202505020,MIN,"Jeffers, Ryan",jeffr002,3,1,1B,1B,1,strikeout,7,1,1
2025-05-02,BOS202505020,MIN,"Bride, Jonah",bridj001,1,0,1B,empty,0,strikeout,8,1,3
2025-05-02,BOS202505020,MIN,"Bader, Harrison",badeh001,3,1,empty,empty,1,strikeout,8,1,3
2025-05-02,BOS202505020,MIN,"Larnach, Trevor",larnt001,4,2,empty,empty,1,single,8,1,3
2025-05-02,BOS202505020,MIN,"Buxton, Byron",buxtb001,4,2,1B,1B,1,strikeout,8,1,3
2025-05-02,BOS202505020,MIN,"Lee, Brooks",lee-b002,4,0,empty,empty,1,single,9,1,6
2025-05-02,BOS202505020,MIN,"Correa, Carlos",corrc001,4,0,1B,1B,1,strikeout,9,1,6
2025-05-02,BOS202505020,MIN,"France, Ty",frant002,4,1,1B,1B,1,grounded_into_double_play,9,1,6
2025-05-03,BOS202505030,MIN,"Larnach, Trevor",larnt001,1,0,empty,empty,1,field_out,1,0,0
2025-05-03,BOS202505030,MIN,"Buxton, Byron",buxtb001,1,1,empty,empty,1,strikeout,1,0,0
2025-05-03,BOS202505030,MIN,"Correa, Carlos",corrc001,1,2,empty,empty,1,field_out,1,0,0
2025-05-03,BOS202505030,MIN,"Lee, Brooks",lee-b002,1,0,empty,empty,1,field_out,2,0,0
2025-05-03,BOS202505030,MIN,"France, Ty",frant002,1,1,empty,empty,1,field_out,2,0,0
2025-05-03,BOS202505030,MIN,"Jeffers, Ryan",jeffr002,1,2,empty,empty,1,double,2,0,0
2025-05-03,BOS202505030,MIN,"Clemens, Kody",clemk001,1,2,2B,2B,1,field_out,2,0,0
2025-05-03,BOS202505030,MIN,"Bader, Harrison",badeh001,1,0,empty,empty,1,field_out,3,0,0
2025-05-03,BOS202505030,MIN,"Vazquez, Christian",vazqc001,1,1,empty,empty,1,field_out,3,0,0
2025-05-03,BOS202505030,MIN,"Larnach, Trevor",larnt001,2,2,empty,empty,1,field_out,3,0,0
2025-05-03,BOS202505030,MIN,"Buxton, Byron",buxtb001,2,0,empty,empty,1,single,4,0,1
2025-05-03,BOS202505030,MIN,"Correa, Carlos",corrc001,2,0,1B,1B,1,field_out,4,0,1
2025-05-03,BOS202505030,MIN,"Lee, Brooks",lee-b002,2,1,1B,1B,1,double,4,0,1
2025-05-03,BOS202505030,MIN,"France, Ty",frant002,2,1,2B+3B,2B+3B,1,field_out,4,0,1
2025-05-03,BOS202505030,MIN,"Jeffers, Ryan",jeffr002,2,2,3B,3B,1,field_out,4,1,1
2025-05-03,BOS202505030,MIN,"Clemens, Kody",clemk001,2,0,empty,empty,1,field_out,5,1,1
2025-05-03,BOS202505030,MIN,"Bader, Harrison",badeh001,2,1,empty,empty,1,single,5,1,1
2025-05-03,BOS202505030,MIN,"Vazquez, Christian",vazqc001,2,1,1B,1B,1,single,5,1,1
2025-05-03,BOS202505030,MIN,"Larnach, Trevor",larnt001,3,1,1B+2B,1B+2B,1,strikeout,5,1,1
2025-05-03,BOS202505030,MIN,"Buxton, Byron",buxtb001,3,2,1B+2B,1B+2B,1,walk,5,1,1
2025-05-03,BOS202505030,MIN,"Correa, Carlos",corrc001,3,2,1B+2B+3B,1B+2B+3B,1,field_out,5,1,1
2025-05-03,BOS202505030,MIN,"Lee, Brooks",lee-b002,3,0,empty,empty,1,field_out,6,1,1
2025-05-03,BOS202505030,MIN,"France, Ty",frant002,3,1,empty,empty,1,hit_by_pitch,6,1,1
2025-05-03,BOS202505030,MIN,"Jeffers, Ryan",jeffr002,3,1,1B,1B,1,field_out,6,1,1
2025-05-03,BOS202505030,MIN,"Clemens, Kody",clemk001,3,2,1B,1B,1,home_run,6,1,1
2025-05-03,BOS202505030,MIN,"Bader, Harrison",badeh001,3,2,empty,empty,1,single,6,3,1
2025-05-03,BOS202505030,MIN,"Vazquez, Christian",vazqc001,3,2,1B,1B,1,walk,6,3,1
2025-05-03,BOS202505030,MIN,"Larnach, Trevor",larnt001,4,2,1B+2B,1B+2B,1,single,6,3,1
2025-05-03,BOS202505030,MIN,"Buxton, Byron",buxtb001,4,2,1B+2B,1B+2B,1,field_out,6,4,1
2025-05-03,BOS202505030,MIN,"Correa, Carlos",corrc001,4,0,empty,empty,1,field_out,7,4,1
2025-05-03,BOS202505030,MIN,"Lee, Brooks",lee-b002,4,1,empty,empty,1,field_out,7,4,1
2025-05-03,BOS202505030,MIN,"France, Ty",frant002,4,2,empty,empty,1,field_out,7,4,1
2025-05-03,BOS202505030,MIN,"Jeffers, Ryan",jeffr002,4,0,empty,empty,1,single,8,4,3
2025-05-03,BOS202505030,MIN,"Clemens, Kody",clemk001,4,0,1B,2B,0,field_out,8,4,3
2025-05-03,BOS202505030,MIN,"Bader, Harrison",badeh001,4,1,3B,3B,1,fielders_choice_out,8,4,3
2025-05-03,BOS202505030,MIN,"Vazquez, Christian",vazqc001,4,2,1B,2B,0,field_out,8,4,3
2025-05-03,BOS202505030,MIN,"Larnach, Trevor",larnt001,5,0,empty,empty,1,strikeout,9,4,3
2025-05-03,BOS202505030,MIN,"Buxton, Byron",buxtb001,5,1,empty,empty,1,single,9,4,3
2025-05-03,BOS202505030,MIN,"Correa, Carlos",corrc001,5,1,1B,1B,1,field_out,9,4,3
2025-05-03,BOS202505030,MIN,"Lee, Brooks",lee-b002,5,2,1B,1B,1,strikeout,9,4,3
2025-05-04,BOS202505040,MIN,"Buxton, Byron",buxtb001,1,0,empty,empty,1,home_run,1,0,0
2025-05-04,BOS202505040,MIN,"Jeffers, Ryan",jeffr002,1,0,empty,empty,1,field_out,1,1,0
2025-05-04,BOS202505040,MIN,"France, Ty",frant002,1,1,empty,empty,1,strikeout,1,1,0
2025-05-04,BOS202505040,MIN,"Correa, Carlos",corrc001,1,2,empty,empty,1,single,1,1,0
2025-05-04,BOS202505040,MIN,"Bride, Jonah",bridj001,1,2,1B,1B,1,strikeout,1,1,0
2025-05-04,BOS202505040,MIN,"Lee, Brooks",lee-b002,1,0,empty,empty,1,field_out,2,1,0
2025-05-04,BOS202505040,MIN,"Bader, Harrison",badeh001,1,1,empty,empty,1,strikeout,2,1,0
2025-05-04,BOS202505040,MIN,"Larnach, Trevor",larnt001,1,2,empty,empty,1,field_error,2,1,0
2025-05-04,BOS202505040,MIN,"Vazquez, Christian",vazqc001,1,0,1B,empty,0,strikeout,3,1,2
2025-05-04,BOS202505040,MIN,"Buxton, Byron",buxtb001,2,1,empty,empty,1,strikeout,3,1,2
2025-05-04,BOS202505040,MIN,"Jeffers, Ryan",jeffr002,2,2,empty,empty,1,single,3,1,2
2025-05-04,BOS202505040,MIN,"France, Ty",frant002,2,2,1B,1B,1,field_out,3,1,2
2025-05-04,BOS202505040,MIN,"Correa, Carlos",corrc001,2,0,empty,empty,1,field_out,4,1,3
2025-05-04,BOS202505040,MIN,"Bride, Jonah",bridj001,2,1,empty,empty,1,strikeout,4,1,3
2025-05-04,BOS202505040,MIN,"Lee, Brooks",lee-b002,2,2,empty,empty,1,single,4,1,3
2025-05-04,BOS202505040,MIN,"Bader, Harrison",badeh001,2,2,1B,1B,1,field_out,4,1,3
2025-05-04,BOS202505040,MIN,"Larnach, Trevor",larnt001,2,0,empty,empty,1,walk,5,1,3
2025-05-04,BOS202505040,MIN,"Vazquez, Christian",vazqc001,2,0,1B,1B,1,walk,5,1,3
2025-05-04,BOS202505040,MIN,"Buxton, Byron",buxtb001,3,0,1B+2B,1B+2B,1,field_out,5,1,3
2025-05-04,BOS202505040,MIN,"Jeffers, Ryan",jeffr002,3,1,1B+2B,1B+2B,1,field_out,5,1,3
2025-05-04,BOS202505040,MIN,"France, Ty",frant002,3,2,1B+2B,1B+2B,1,field_out,5,1,3
2025-05-04,BOS202505040,MIN,"Correa, Carlos",corrc001,3,0,empty,empty,1,field_out,6,1,3
2025-05-04,BOS202505040,MIN,"Bride, Jonah",bridj001,3,1,empty,empty,1,strikeout,6,1,3
2025-05-04,BOS202505040,MIN,"Lee, Brooks",lee-b002,3,2,empty,empty,1,strikeout,6,1,3
2025-05-04,BOS202505040,MIN,"Bader, Harrison",badeh001,3,0,empty,empty,1,walk,7,1,3
2025-05-04,BOS202505040,MIN,"Larnach, Trevor",larnt001,3,0,1B,1B,1,field_out,7,1,3
2025-05-04,BOS202505040,MIN,"Vazquez, Christian",vazqc001,3,1,1B,1B,1,single,7,1,3
2025-05-04,BOS202505040,MIN,"Buxton, Byron",buxtb001,4,1,1B+2B,1B+2B,1,field_out,7,1,3
2025-05-04,BOS202505040,MIN,"Jeffers, Ryan",jeffr002,4,2,2B+3B,2B+3B,1,single,7,1,3
2025-05-04,BOS202505040,MIN,"France, Ty",frant002,4,2,1B,1B,1,strikeout,7,3,3
2025-05-04,BOS202505040,MIN,"Correa, Carlos",corrc001,4,0,empty,empty,1,single,8,3,3
2025-05-04,BOS202505040,MIN,"Clemens, Kody",clemk001,1,0,1B,1B,1,field_out,8,3,3
2025-05-04,BOS202505040,MIN,"Lee, Brooks",lee-b002,4,1,1B,1B,1,field_out,8,3,3
2025-05-04,BOS202505040,MIN,"Bader, Harrison",badeh001,4,2,1B,1B,1,double,8,3,3
2025-05-04,BOS202505040,MIN,"Larnach, Trevor",larnt001,4,2,2B,2B,1,single,8,4,3
2025-05-04,BOS202505040,MIN,"Vazquez, Christian",vazqc001,4,2,1B,1B,1,field_out,8,5,3
2025-05-04,BOS202505040,MIN,"Buxton, Byron",buxtb001,5,0,empty,empty,1,field_out,9,5,4
2025-05-04,BOS202505040,MIN,"Jeffers, Ryan",jeffr002,5,1,empty,empty,1,field_out,9,5,4
2025-05-04,BOS202505040,MIN,"France, Ty",frant002,5,2,empty,empty,1,strikeout,9,5,4
2025-05-06,MIN202505060,MIN,"Buxton, Byron",buxtb001,1,0,empty,empty,1,strikeout,1,0,0
2025-05-06,MIN202505060,MIN,"Jeffers, Ryan",jeffr002,1,1,empty,empty,1,field_out,1,0,0
2025-05-06,MIN202505060,MIN,"France, Ty",frant002,1,2,empty,empty,1,field_out,1,0,0
2025-05-06,MIN202505060,MIN,"Correa, Carlos",corrc001,1,0,empty,empty,1,single,2,0,0
2025-05-06,MIN202505060,MIN,"Lewis, Royce",lewir003,1,0,1B,1B,1,grounded_into_double_play,2,0,0
2025-05-06,MIN202505060,MIN,"Lee, Brooks",lee-b002,1,2,empty,empty,1,field_out,2,0,0
2025-05-06,MIN202505060,MIN,"Bride, Jonah",bridj001,1,0,empty,empty,1,field_out,3,0,0
2025-05-06,MIN202505060,MIN,"Larnach, Trevor",larnt001,1,1,empty,empty,1,single,3,0,0
2025-05-06,MIN202505060,MIN,"Castro, Willi",castw003,1,1,1B,1B,1,single,3,0,0
2025-05-06,MIN202505060,MIN,"Buxton, Byron",buxtb001,2,1,1B+2B,1B+2B,1,double,3,0,0
2025-05-06,MIN202505060,MIN,"Jeffers, Ryan",jeffr002,2,1,2B+3B,2B+3B,1,single,3,1,0
2025-05-06,MIN202505060,MIN,"France, Ty",frant002,2,1,1B,1B,1,field_out,3,3,0
2025-05-06,MIN202505060,MIN,"Correa, Carlos",corrc001,2,2,1B,1B,1,home_run,3,3,0
2025-05-06,MIN202505060,MIN,"Lewis, Royce",lewir003,2,2,empty,empty,1,field_error,3,5,0
2025-05-06,MIN202505060,MIN,"Lee, Brooks",lee-b002,2,2,1B,1B,1,field_out,3,5,0
2025-05-06,MIN202505060,MIN,"Bride, Jonah",bridj001,2,0,empty,empty,1,field_out,4,5,1
2025-05-06,MIN202505060,MIN,"Larnach, Trevor",larnt001,2,1,empty,empty,1,field_out,4,5,1
2025-05-06,MIN202505060,MIN,"Castro, Willi",castw003,2,2,empty,empty,1,strikeout,4,5,1
2025-05-06,MIN202505060,MIN,"Buxton, Byron",buxtb001,3,0,empty,empty,1,strikeout,5,5,1
2025-05-06,MIN202505060,MIN,"Jeffers, Ryan",jeffr002,3,1,empty,empty,1,field_out,5,5,1
2025-05-06,MIN202505060,MIN,"France, Ty",frant002,3,2,empty,empty,1,field_out,5,5,1
2025-05-06,MIN202505060,MIN,"Correa, Carlos",corrc001,3,0,empty,empty,1,strikeout,6,5,1
2025-05-06,MIN202505060,MIN,"Lewis, Royce",lewir003,3,1,empty,empty,1,field_out,6,5,1
2025-05-06,MIN202505060,MIN,"Lee, Brooks",lee-b002,3,2,empty,empty,1,field_out,6,5,1
2025-05-06,MIN202505060,MIN,"Bride, Jonah",bridj001,3,0,empty,empty,1,field_error,7,5,1
2025-05-06,MIN202505060,MIN,"Larnach, Trevor",larnt001,3,0,1B,1B,1,strikeout,7,5,1
2025-05-06,MIN202505060,MIN,"Castro, Willi",castw003,3,1,1B,1B,1,walk,7,5,1
2025-05-06,MIN202505060,MIN,"Buxton, Byron",buxtb001,4,1,1B+2B,1B+2B,1,home_run,7,5,1
2025-05-06,MIN202505060,MIN,"Jeffers, Ryan",jeffr002,4,1,empty,empty,1,strikeout,7,8,1
2025-05-06,MIN202505060,MIN,"France, Ty",frant002,4,2,empty,empty,1,double,7,8,1
2025-05-06,MIN202505060,MIN,"Correa, Carlos",corrc001,4,2,2B,2B,1,single,7,8,1
2025-05-06,MIN202505060,MIN,"Lewis, Royce",lewir003,4,2,1B,1B,1,field_out,7,9,1
2025-05-06,MIN202505060,MIN,"Lee, Brooks",lee-b002,4,0,empty,empty,1,field_out,8,9,1
2025-05-06,MIN202505060,MIN,"Bride, Jonah",bridj001,4,1,empty,empty,1,single,8,9,1
2025-05-06,MIN202505060,MIN,"Larnach, Trevor",larnt001,4,1,1B,1B,1,field_out,8,9,1
2025-05-06,MIN202505060,MIN,"Castro, Willi",castw003,4,2,1B,1B,1,strikeout,8,9,1
2025-05-07,MIN202505070,MIN,"Buxton, Byron",buxtb001,1,0,empty,empty,1,strikeout,1,0,0
2025-05-07,MIN202505070,MIN,"Larnach, Trevor",larnt001,1,1,empty,empty,1,strikeout,1,0,0
2025-05-07,MIN202505070,MIN,"Jeffers, Ryan",jeffr002,1,2,empty,empty,1,field_out,1,0,0
2025-05-07,MIN202505070,MIN,"France, Ty",frant002,1,0,empty,empty,1,walk,2,0,0
2025-05-07,MIN202505070,MIN,"Correa, Carlos",corrc001,1,0,1B,1B,1,field_out,2,0,0
2025-05-07,MIN202505070,MIN,"Lee, Brooks",lee-b002,1,1,2B,2B,1,field_out,2,0,0
2025-05-07,MIN202505070,MIN,"Lewis, Royce",lewir003,1,2,3B,3B,1,field_out,2,0,0
2025-05-07,MIN202505070,MIN,"Castro, Willi",castw003,1,0,empty,empty,1,single,3,0,1
2025-05-07,MIN202505070,MIN,"Clemens, Kody",clemk001,1,0,1B,1B,1,hit_by_pitch,3,0,1
2025-05-07,MIN202505070,MIN,"Buxton, Byron",buxtb001,2,0,1B+2B,1B+2B,1,home_run,3,0,1
2025-05-07,MIN202505070,MIN,"Larnach, Trevor",larnt001,2,0,empty,empty,1,field_out,3,3,1
2025-05-07,MIN202505070,MIN,"Jeffers, Ryan",jeffr002,2,1,empty,empty,1,field_out,3,3,1
2025-05-07,MIN202505070,MIN,"France, Ty",frant002,2,2,empty,empty,1,single,3,3,1
2025-05-07,MIN202505070,MIN,"Correa, Carlos",corrc001,2,2,1B,1B,1,field_out,3,3,1
2025-05-07,MIN202505070,MIN,"Lee, Brooks",lee-b002,2,0,empty,empty,1,single,4,3,1
2025-05-07,MIN202505070,MIN,"Lewis, Royce",lewir003,2,0,1B,1B,1,grounded_into_double_play,4,3,1
2025-05-07,MIN202505070,MIN,"Castro, Willi",castw003,2,2,empty,empty,1,field_out,4,3,1
2025-05-07,MIN202505070,MIN,"Clemens, Kody",clemk001,2,0,empty,empty,1,strikeout,5,3,2
2025-05-07,MIN202505070,MIN,"Buxton, Byron",buxtb001,3,1,empty,empty,1,single,5,3,2
2025-05-07,MIN202505070,MIN,"Larnach, Trevor",larnt001,3,1,1B,1B,1,field_out,5,3,2
2025-05-07,MIN202505070,MIN,"Jeffers, Ryan",jeffr002,3,2,1B,1B,1,field_out,5,3,2
2025-05-07,MIN202505070,MIN,"France, Ty",frant002,3,0,empty,empty,1,field_out,6,3,2
2025-05-07,MIN202505070,MIN,"Correa, Carlos",corrc001,3,1,empty,empty,1,strikeout,6,3,2
2025-05-07,MIN202505070,MIN,"Lee, Brooks",lee-b002,3,2,empty,empty,1,single,6,3,2
2025-05-07,MIN202505070,MIN,"Lewis, Royce",lewir003,3,0,1B,empty,0,walk,7,3,2
2025-05-07,MIN202505070,MIN,"Castro, Willi",castw003,3,0,1B,1B,1,strikeout,7,3,2
2025-05-07,MIN202505070,MIN,"Bader, Harrison",badeh001,1,1,1B,1B,1,home_run,7,3,2
2025-05-07,MIN202505070,MIN,"Buxton, Byron",buxtb001,4,1,empty,empty,1,field_out,7,5,2
2025-05-07,MIN202505070,MIN,"Larnach, Trevor",larnt001,4,2,empty,empty,1,field_out,7,5,2
2025-05-07,MIN202505070,MIN,"Jeffers, Ryan",jeffr002,4,0,empty,empty,1,strikeout,8,5,2
2025-05-07,MIN202505070,MIN,"France, Ty",frant002,4,1,empty,empty,1,single,8,5,2
2025-05-07,MIN202505070,MIN,"Correa, Carlos",corrc001,4,1,1B,1B,1,field_out,8,5,2
2025-05-07,MIN202505070,MIN,"Lee, Brooks",lee-b002,4,2,2B,2B,1,field_out,8,5,2
2025-05-08,MIN202505080,MIN,"Buxton, Byron",buxtb001,1,0,empty,empty,1,walk,1,0,0
2025-05-08,MIN202505080,MIN,"Larnach, Trevor",larnt001,1,0,1B,1B,1,field_out,1,0,0
2025-05-08,MIN202505080,MIN,"Lee, Brooks",lee-b002,1,1,1B,1B,1,strikeout,1,0,0
2025-05-08,MIN202505080,MIN,"France, Ty",frant002,1,2,2B,2B,1,single,1,0,0
2025-05-08,MIN202505080,MIN,"Correa, Carlos",corrc001,1,2,1B,1B,1,field_out,1,1,0
2025-05-08,MIN202505080,MIN,"Castro, Willi",castw003,1,0,empty,empty,1,field_out,2,1,1
2025-05-08,MIN202505080,MIN,"Lewis, Royce",lewir003,1,1,empty,empty,1,field_out,2,1,1
2025-05-08,MIN202505080,MIN,"Bader, Harrison",badeh001,1,2,empty,empty,1,field_out,2,1,1
2025-05-08,MIN202505080,MIN,"Vazquez, Christian",vazqc001,1,0,empty,empty,1,field_out,3,1,2
2025-05-08,MIN202505080,MIN,"Buxton, Byron",buxtb001,2,1,empty,empty,1,field_out,3,1,2
2025-05-08,MIN202505080,MIN,"Larnach, Trevor",larnt001,2,2,empty,empty,1,strikeout,3,1,2
2025-05-08,MIN202505080,MIN,"Lee, Brooks",lee-b002,2,0,empty,empty,1,strikeout,4,1,2
2025-05-08,MIN202505080,MIN,"France, Ty",frant002,2,1,empty,empty,1,single,4,1,2
2025-05-08,MIN202505080,MIN,"Correa, Carlos",corrc001,2,1,1B,1B,1,field_out,4,1,2
2025-05-08,MIN202505080,MIN,"Castro, Willi",castw003,2,2,2B,2B,1,strikeout,4,1,2
2025-05-08,MIN202505080,MIN,"Lewis, Royce",lewir003,2,0,empty,empty,1,strikeout,5,1,2
2025-05-08,MIN202505080,MIN,"Bader, Harrison",badeh001,2,1,empty,empty,1,walk,5,1,2
2025-05-08,MIN202505080,MIN,"Vazquez, Christian",vazqc001,2,1,1B,1B,1,grounded_into_double_play,5,1,2
2025-05-08,MIN202505080,MIN,"Buxton, Byron",buxtb001,3,0,empty,empty,1,field_out,6,1,2
2025-05-08,MIN202505080,MIN,"Larnach, Trevor",larnt001,3,1,empty,empty,1,home_run,6,1,2
2025-05-08,MIN202505080,MIN,"Lee, Brooks",lee-b002,3,1,empty,empty,1,strikeout,6,2,2
2025-05-08,MIN202505080,MIN,"France, Ty",frant002,3,2,empty,empty,1,strikeout,6,2,2
2025-05-08,MIN202505080,MIN,"Correa, Carlos",corrc001,3,0,empty,empty,1,field_out,7,2,2
2025-05-08,MIN202505080,MIN,"Castro, Willi",castw003,3,1,empty,empty,1,strikeout,7,2,2
2025-05-08,MIN202505080,MIN,"Lewis, Royce",lewir003,3,2,empty,empty,1,field_out,7,2,2
2025-05-08,MIN202505080,MIN,"Bader, Harrison",badeh001,3,0,empty,empty,1,walk,8,2,2
2025-05-08,MIN202505080,MIN,"Vazquez, Christian",vazqc001,3,0,1B,2B,0,strikeout,8,2,2
2025-05-08,MIN202505080,MIN,"Buxton, Byron",buxtb001,4,1,2B,2B,1,walk,8,2,2
2025-05-08,MIN202505080,MIN,"Larnach, Trevor",larnt001,4,1,1B+2B,1B+2B,1,strikeout,8,2,2
2025-05-08,MIN202505080,MIN,"Lee, Brooks",lee-b002,4,2,1B+2B,1B+2B,1,double,8,2,2
2025-05-08,MIN202505080,MIN,"France, Ty",frant002,4,2,2B,2B,1,single,8,4,2
2025-05-08,MIN202505080,MIN,"Correa, Carlos",corrc001,4,2,1B,1B,1,walk,8,5,2
2025-05-08,MIN202505080,MIN,"Castro, Willi",castw003,4,2,1B+2B,1B+2B,1,strikeout,8,5,2
2025-05-09,MIN202505090,MIN,"Buxton, Byron",buxtb001,1,0,empty,empty,1,triple,1,0,0
2025-05-09,MIN202505090,MIN,"Larnach, Trevor",larnt001,1,0,3B,3B,1,single,1,0,0
2025-05-09,MIN202505090,MIN,"France, Ty",frant002,1,0,1B,1B,1,double_play,1,1,0
2025-05-09,MIN202505090,MIN,"Lee, Brooks",lee-b002,1,2,empty,empty,1,field_out,1,1,0
2025-05-09,MIN202505090,MIN,"Jeffers, Ryan",jeffr002,1,0,empty,empty,1,field_out,2,1,0
2025-05-09,MIN202505090,MIN,"Correa, Carlos",corrc001,1,1,empty,empty,1,single,2,1,0
2025-05-09,MIN202505090,MIN,"Castro, Willi",castw003,1,1,1B,1B,1,field_out,2,1,0
2025-05-09,MIN202505090,MIN,"Bader, Harrison",badeh001,1,2,1B,1B,1,field_out,2,1,0
2025-05-09,MIN202505090,MIN,"Clemens, Kody",clemk001,1,0,empty,empty,1,strikeout,3,1,0
2025-05-09,MIN202505090,MIN,"Buxton, Byron",buxtb001,2,1,empty,empty,1,field_out,3,1,0
2025-05-09,MIN202505090,MIN,"Larnach, Trevor",larnt001,2,2,empty,empty,1,field_out,3,1,0
2025-05-09,MIN202505090,MIN,"France, Ty",frant002,2,0,empty,empty,1,single,4,1,0
2025-05-09,MIN202505090,MIN,"Lee, Brooks",lee-b002,2,0,1B,1B,1,strikeout,4,1,0
2025-05-09,MIN202505090,MIN,"Jeffers, Ryan",jeffr002,2,1,2B,2B,1,strikeout,4,1,0
2025-05-09,MIN202505090,MIN,"Correa, Carlos",corrc001,2,2,2B,2B,1,single,4,1,0
2025-05-09,MIN202505090,MIN,"Castro, Willi",castw003,2,0,empty,empty,1,field_out,5,2,0
2025-05-09,MIN202505090,MIN,"Bader, Harrison",badeh001,2,1,empty,empty,1,single,5,2,0
2025-05-09,MIN202505090,MIN,"Clemens, Kody",clemk001,2,1,1B,2B,0,hit_by_pitch,5,2,0
2025-05-09,MIN202505090,MIN,"Buxton, Byron",buxtb001,3,1,1B+2B,1B+2B,1,single,5,2,0
2025-05-09,MIN202505090,MIN,"Larnach, Trevor",larnt001,3,1,1B+2B,1B+2B,1,strikeout,5,3,0
2025-05-09,MIN202505090,MIN,"France, Ty",frant002,3,2,1B+2B,2B+3B,0,field_out,5,3,0
2025-05-09,MIN202505090,MIN,"Lee, Brooks",lee-b002,3,0,empty,empty,1,strikeout,6,3,0
2025-05-09,MIN202505090,MIN,"Jeffers, Ryan",jeffr002,3,1,empty,empty,1,strikeout,6,3,0
2025-05-09,MIN202505090,MIN,"Correa, Carlos",corrc001,3,2,empty,empty,1,field_out,6,3,0
2025-05-09,MIN202505090,MIN,"Castro, Willi",castw003,3,0,empty,empty,1,strikeout,7,3,1
2025-05-09,MIN202505090,MIN,"Bader, Harrison",badeh001,3,1,empty,empty,1,walk,7,3,1
2025-05-09,MIN202505090,MIN,"Lewis, Royce",lewir003,1,1,1B,2B,0,strikeout,7,3,1
2025-05-09,MIN202505090,MIN,"Buxton, Byron",buxtb001,4,2,2B,2B,1,intent_walk,7,3,1
2025-05-09,MIN202505090,MIN,"Larnach, Trevor",larnt001,4,2,1B+2B,1B+2B,1,field_out,7,3,1
2025-05-09,MIN202505090,MIN,"France, Ty",frant002,4,0,empty,empty,1,strikeout,8,3,1
2025-05-09,MIN202505090,MIN,"Lee, Brooks",lee-b002,4,1,empty,empty,1,field_out,8,3,1
2025-05-09,MIN202505090,MIN,"Jeffers, Ryan",jeffr002,4,2,empty,empty,1,walk,8,3,1
2025-05-09,MIN202505090,MIN,"Correa, Carlos",corrc001,4,2,1B,1B,1,field_out,8,3,1
2025-05-10,MIN202505100,MIN,"Buxton, Byron",buxtb001,1,0,empty,empty,1,strikeout,1,0,0
2025-05-10,MIN202505100,MIN,"Larnach, Trevor",larnt001,1,1,empty,empty,1,double,1,0,0
2025-05-10,MIN202505100,MIN,"France, Ty",frant002,1,1,2B,2B,1,strikeout,1,0,0
2025-05-10,MIN202505100,MIN,"Lee, Brooks",lee-b002,1,2,2B,2B,1,strikeout,1,0,0
2025-05-10,MIN202505100,MIN,"Correa, Carlos",corrc001,1,0,empty,empty,1,single,2,0,1
2025-05-10,MIN202505100,MIN,"Castro, Willi",castw003,1,0,1B,1B,1,field_out,2,0,1
2025-05-10,MIN202505100,MIN,"Lewis, Royce",lewir003,1,1,1B,1B,1,field_out,2,0,1
2025-05-10,MIN202505100,MIN,"Bader, Harrison",badeh001,1,2,2B,2B,1,field_out,2,0,1
2025-05-10,MIN202505100,MIN,"Vazquez, Christian",vazqc001,1,0,empty,empty,1,walk,3,0,1
2025-05-10,MIN202505100,MIN,"Buxton, Byron",buxtb001,2,0,1B,1B,1,strikeout,3,0,1
2025-05-10,MIN202505100,MIN,"Larnach, Trevor",larnt001,2,1,1B,1B,1,home_run,3,0,1
2025-05-10,MIN202505100,MIN,"France, Ty",frant002,2,1,empty,empty,1,strikeout,3,2,1
2025-05-10,MIN202505100,MIN,"Lee, Brooks",lee-b002,2,2,empty,empty,1,field_out,3,2,1
2025-05-10,MIN202505100,MIN,"Correa, Carlos",corrc001,2,0,empty,empty,1,field_out,4,2,1
2025-05-10,MIN202505100,MIN,"Castro, Willi",castw003,2,1,empty,empty,1,field_out,4,2,1
2025-05-10,MIN202505100,MIN,"Lewis, Royce",lewir003,2,2,empty,empty,1,field_out,4,2,1
2025-05-10,MIN202505100,MIN,"Bader, Harrison",badeh001,2,0,empty,empty,1,field_out,5,2,1
2025-05-10,MIN202505100,MIN,"Vazquez, Christian",vazqc001,2,1,empty,empty,1,strikeout,5,2,1
2025-05-10,MIN202505100,MIN,"Buxton, Byron",buxtb001,3,2,empty,empty,1,strikeout,5,2,1
2025-05-10,MIN202505100,MIN,"Larnach, Trevor",larnt001,3,0,empty,empty,1,field_out,6,2,1
2025-05-10,MIN202505100,MIN,"France, Ty",frant002,3,1,empty,empty,1,field_error,6,2,1
2025-05-10,MIN202505100,MIN,"Lee, Brooks",lee-b002,3,1,1B,1B,1,field_out,6,2,1
2025-05-10,MIN202505100,MIN,"Correa, Carlos",corrc001,3,2,1B,1B,1,strikeout,6,2,1
2025-05-10,MIN202505100,MIN,"Castro, Willi",castw003,3,0,empty,empty,1,single,7,2,1
2025-05-10,MIN202505100,MIN,"Lewis, Royce",lewir003,3,1,empty,empty,1,field_out,7,2,1
2025-05-10,MIN202505100,MIN,"Bader, Harrison",badeh001,3,2,empty,empty,1,double,7,2,1
2025-05-10,MIN202505100,MIN,"Vazquez, Christian",vazqc001,3,2,2B,2B,1,strikeout,7,2,1
2025-05-10,MIN202505100,MIN,"Buxton, Byron",buxtb001,4,0,empty,empty,1,strikeout,8,2,1
2025-05-10,MIN202505100,MIN,"Larnach, Trevor",larnt001,4,1,empty,empty,1,strikeout,8,2,1
2025-05-10,MIN202505100,MIN,"France, Ty",frant002,4,2,empty,empty,1,strikeout,8,2,1
2025-05-11,MIN202505110,MIN,"Buxton, Byron",buxtb001,1,0,empty,empty,1,field_out,1,0,1
2025-05-11,MIN202505110,MIN,"Larnach, Trevor",larnt001,1,1,empty,empty,1,field_out,1,0,1
2025-05-11,MIN202505110,MIN,"France, Ty",frant002,1,2,empty,empty,1,strikeout,1,0,1
2025-05-11,MIN202505110,MIN,"Lee, Brooks",lee-b002,1,0,empty,empty,1,strikeout,2,0,1
2025-05-11,MIN202505110,MIN,"Jeffers, Ryan",jeffr002,1,1,empty,empty,1,field_out,2,0,1
2025-05-11,MIN202505110,MIN,"Castro, Willi",castw003,1,2,empty,empty,1,field_out,2,0,1
2025-05-11,MIN202505110,MIN,"Lewis, Royce",lewir003,1,0,empty,empty,1,field_out,3,0,1
2025-05-11,MIN202505110,MIN,"Clemens, Kody",clemk001,1,1,empty,empty,1,field_out,3,0,1
2025-05-11,MIN202505110,MIN,"Bader, Harrison",badeh001,1,2,empty,empty,1,single,3,0,1
2025-05-11,MIN202505110,MIN,"Buxton, Byron",buxtb001,2,2,1B,1B,1,strikeout,3,0,1
2025-05-11,MIN202505110,MIN,"Larnach, Trevor",larnt001,2,0,empty,empty,1,field_error,4,0,3
2025-05-11,MIN202505110,MIN,"France, Ty",frant002,2,0,1B,1B,1,field_out,4,0,3
2025-05-11,MIN202505110,MIN,"Lee, Brooks",lee-b002,2,1,1B,1B,1,home_run,4,0,3
2025-05-11,MIN202505110,MIN,"Jeffers, Ryan",jeffr002,2,1,empty,empty,1,field_out,4,2,3
2025-05-11,MIN202505110,MIN,"Castro, Willi",castw003,2,2,empty,empty,1,field_out,4,2,3
2025-05-11,MIN202505110,MIN,"Lewis, Royce",lewir003,2,0,empty,empty,1,field_out,5,2,4
2025-05-11,MIN202505110,MIN,"Clemens, Kody",clemk001,2,1,empty,empty,1,double,5,2,4
2025-05-11,MIN202505110,MIN,"Bader, Harrison",badeh001,2,1,2B,2B,1,single,5,2,4
2025-05-11,MIN202505110,MIN,"Buxton, Byron",buxtb001,3,1,1B+3B,1B+3B,1,sac_fly,5,2,4
2025-05-11,MIN202505110,MIN,"Larnach, Trevor",larnt001,3,2,1B,1B,1,single,5,3,4
2025-05-11,MIN202505110,MIN,"France, Ty",frant002,3,2,1B+3B,1B+3B,1,field_out,5,3,4
2025-05-11,MIN202505110,MIN,"Lee, Brooks",lee-b002,3,0,empty,empty,1,single,6,3,4
2025-05-11,MIN202505110,MIN,"Jeffers, Ryan",jeffr002,3,0,1B,1B,1,walk,6,3,4
2025-05-11,MIN202505110,MIN,"Castro, Willi",castw003,3,0,1B+2B,1B+2B,1,single,6,3,4
2025-05-11,MIN202505110,MIN,"Lewis, Royce",lewir003,3,0,1B+2B+3B,1B+2B+3B,1,single,6,3,4
2025-05-11,MIN202505110,MIN,"Bride, Jonah",bridj001,1,0,1B+2B+3B,1B+2B+3B,1,field_out,6,4,4
2025-05-11,MIN202505110,MIN,"Bader, Harrison",badeh001,3,1,1B+2B+3B,1B+2B+3B,1,field_out,6,4,4
2025-05-11,MIN202505110,MIN,"Buxton, Byron",buxtb001,4,2,1B+3B,1B+3B,1,strikeout,6,5,4
2025-05-11,MIN202505110,MIN,"Larnach, Trevor",larnt001,4,0,empty,empty,1,double,7,5,4
2025-05-11,MIN202505110,MIN,"France, Ty",frant002,4,0,2B,2B,1,field_out,7,5,4
2025-05-11,MIN202505110,MIN,"Lee, Brooks",lee-b002,4,1,2B,2B,1,field_out,7,5,4
2025-05-11,MIN202505110,MIN,"Jeffers, Ryan",jeffr002,4,2,2B,2B,1,strikeout,7,5,4
2025-05-11,MIN202505110,MIN,"Castro, Willi",castw003,4,0,empty,empty,1,field_out,8,5,5
2025-05-11,MIN202505110,MIN,"Lewis, Royce",lewir003,4,1,empty,empty,1,single,8,5,5
2025-05-11,MIN202505110,MIN,"Keirsey, DaShawn",keird001,1,1,1B,1B,1,strikeout,8,5,5
2025-05-11,MIN202505110,MIN,"Bader, Harrison",badeh001,4,2,1B,1B,1,strikeout,8,5,5
2025-05-11,MIN202505110,MIN,"Buxton, Byron",buxtb001,5,0,empty,empty,1,strikeout,9,5,5
2025-05-11,MIN202505110,MIN,"Larnach, Trevor",larnt001,5,1,empty,empty,1,strikeout,9,5,5
2025-05-11,MIN202505110,MIN,"France, Ty",frant002,5,2,empty,empty,1,strikeout,9,5,5
2025-05-11,MIN202505110,MIN,"Lee, Brooks",lee-b002,5,0,2B,2B,1,single,10,5,6
2025-05-11,MIN202505110,MIN,"Jeffers, Ryan",jeffr002,5,0,1B+3B,1B+3B,1,field_out,10,5,6
2025-05-11,MIN202505110,MIN,"Castro, Willi",castw003,5,1,2B,2B,1,intent_walk,10,6,6
2025-05-11,MIN202505110,MIN,"Lewis, Royce",lewir003,5,1,1B+2B,1B+2B,1,field_out,10,6,6
2025-05-11,MIN202505110,MIN,"Keirsey, DaShawn",keird001,2,2,2B+3B,2B+3B,1,single,10,6,6
2025-05-14,BAL202505141,MIN,"Buxton, Byron",buxtb001,1,0,empty,empty,1,field_out,1,0,0
2025-05-14,BAL202505141,MIN,"Larnach, Trevor",larnt001,1,1,empty,empty,1,strikeout,1,0,0
2025-05-14,BAL202505141,MIN,"France, Ty",frant002,1,2,empty,empty,1,field_out,1,0,0
2025-05-14,BAL202505141,MIN,"Lee, Brooks",lee-b002,1,0,empty,empty,1,single,2,0,0
2025-05-14,BAL202505141,MIN,"Correa, Carlos",corrc001,1,0,1B,1B,1,field_out,2,0,0
2025-05-14,BAL202505141,MIN,"Castro, Willi",castw003,1,1,1B,1B,1,field_out,2,0,0
2025-05-14,BAL202505141,MIN,"Lewis, Royce",lewir003,1,2,1B,1B,1,field_out,2,0,0
2025-05-14,BAL202505141,MIN,"Bader, Harrison",badeh001,1,0,empty,empty,1,field_out,3,0,0
2025-05-14,BAL202505141,MIN,"Vazquez, Christian",vazqc001,1,1,empty,empty,1,single,3,0,0
2025-05-14,BAL202505141,MIN,"Buxton, Byron",buxtb001,2,1,1B,1B,1,field_out,3,0,0
2025-05-14,BAL202505141,MIN,"Larnach, Trevor",larnt001,2,2,1B,1B,1,walk,3,0,0
2025-05-14,BAL202505141,MIN,"France, Ty",frant002,2,2,1B+2B,1B+2B,1,field_out,3,0,0
2025-05-14,BAL202505141,MIN,"Lee, Brooks",lee-b002,2,0,empty,empty,1,home_run,4,0,3
2025-05-14,BAL202505141,MIN,"Correa, Carlos",corrc001,2,0,empty,empty,1,single,4,1,3
2025-05-14,BAL202505141,MIN,"Castro, Willi",castw003,2,0,1B,1B,1,walk,4,1,3
2025-05-14,BAL202505141,MIN,"Lewis, Royce",lewir003,2,0,1B+2B,1B+2B,1,strikeout,4,1,3
2025-05-14,BAL202505141,MIN,"Bader, Harrison",badeh001,2,1,1B+2B,1B+2B,1,field_out,4,1,3
2025-05-14,BAL202505141,MIN,"Vazquez, Christian",vazqc001,2,2,1B+2B,1B+2B,1,home_run,4,1,3
2025-05-14,BAL202505141,MIN,"Buxton, Byron",buxtb001,3,2,empty,empty,1,field_out,4,4,3
2025-05-14,BAL202505141,MIN,"Larnach, Trevor",larnt001,3,0,empty,empty,1,single,5,4,3
2025-05-14,BAL202505141,MIN,"France, Ty",frant002,3,0,1B,1B,1,field_out,5,4,3
2025-05-14,BAL202505141,MIN,"Lee, Brooks",lee-b002,3,1,2B,2B,1,field_out,5,4,3
2025-05-14,BAL202505141,MIN,"Correa, Carlos",corrc001,3,2,3B,3B,1,strikeout,5,4,3
2025-05-14,BAL202505141,MIN,"Castro, Willi",castw003,3,0,empty,empty,1,field_out,6,4,3
2025-05-14,BAL202505141,MIN,"Lewis, Royce",lewir003,3,1,empty,empty,1,strikeout,6,4,3
2025-05-14,BAL202505141,MIN,"Bader, Harrison",badeh001,3,2,empty,empty,1,double,6,4,3
2025-05-14,BAL202505141,MIN,"Vazquez, Christian",vazqc001,3,2,2B,2B,1,field_out,6,4,3
2025-05-14,BAL202505141,MIN,"Buxton, Byron",buxtb001,4,0,empty,empty,1,strikeout,7,4,3
2025-05-14,BAL202505141,MIN,"Larnach, Trevor",larnt001,4,1,empty,empty,1,strikeout,7,4,3
2025-05-14,BAL202505141,MIN,"Clemens, Kody",clemk001,1,2,empty,empty,1,field_out,7,4,3
2025-05-14,BAL202505141,MIN,"Lee, Brooks",lee-b002,4,0,empty,empty,1,strikeout,8,4,3
2025-05-14,BAL202505141,MIN,"Correa, Carlos",corrc001,4,1,empty,empty,1,single,8,4,3
2025-05-14,BAL202505141,MIN,"Castro, Willi",castw003,4,1,1B,1B,1,strikeout,8,4,3
2025-05-14,BAL202505141,MIN,"Lewis, Royce",lewir003,4,2,1B,1B,1,field_out,8,4,3
2025-05-14,BAL202505141,MIN,"Bader, Harrison",badeh001,4,0,empty,empty,1,field_out,9,4,3
2025-05-14,BAL202505141,MIN,"Vazquez, Christian",vazqc001,4,1,empty,empty,1,field_out,9,4,3
2025-05-14,BAL202505141,MIN,"Buxton, Byron",buxtb001,5,2,empty,empty,1,walk,9,4,3
2025-05-14,BAL202505141,MIN,"Larnach, Trevor",larnt001,5,2,1B,1B,1,double,9,4,3
2025-05-14,BAL202505141,MIN,"Clemens, Kody",clemk001,2,2,3B,empty,0,walk,9,6,3
2025-05-14,BAL202505141,MIN,"Lee, Brooks",lee-b002,5,2,1B,1B,1,field_out,9,6,3
2025-05-14,BAL202505142,MIN,"Buxton, Byron",buxtb001,1,0,empty,empty,1,walk,1,0,0
2025-05-14,BAL202505142,MIN,"Larnach, Trevor",larnt001,1,0,1B,1B,1,strikeout,1,0,0
2025-05-14,BAL202505142,MIN,"Jeffers, Ryan",jeffr002,1,1,1B,1B,1,single,1,0,0
2025-05-14,BAL202505142,MIN,"Lee, Brooks",lee-b002,1,1,1B+2B,1B+2B,1,strikeout,1,0,0
2025-05-14,BAL202505142,MIN,"Castro, Willi",castw003,1,2,1B+2B,1B+2B,1,walk,1,0,0
2025-05-14,BAL202505142,MIN,"Bader, Harrison",badeh001,1,2,1B+2B+3B,1B+2B+3B,1,single,1,0,0
2025-05-14,BAL202505142,MIN,"Clemens, Kody",clemk001,1,2,1B+2B+3B,1B+2B+3B,1,strikeout,1,1,0
2025-05-14,BAL202505142,MIN,"Bride, Jonah",bridj001,1,0,empty,empty,1,hit_by_pitch,2,1,0
2025-05-14,BAL202505142,MIN,"Keirsey, DaShawn",keird001,1,0,1B,1B,1,field_out,2,1,0
2025-05-14,BAL202505142,MIN,"Buxton, Byron",buxtb001,2,1,1B,1B,1,strikeout,2,1,0
2025-05-14,BAL202505142,MIN,"Larnach, Trevor",larnt001,2,2,1B,1B,1,home_run,2,1,0
2025-05-14,BAL202505142,MIN,"Jeffers, Ryan",jeffr002,2,2,empty,empty,1,field_out,2,3,0
2025-05-14,BAL202505142,MIN,"Lee, Brooks",lee-b002,2,0,empty,empty,1,walk,3,3,0
2025-05-14,BAL202505142,MIN,"Castro, Willi",castw003,2,0,1B,1B,1,strikeout,3,3,0
2025-05-14,BAL202505142,MIN,"Bader, Harrison",badeh001,2,1,1B,1B,1,field_out,3,3,0
2025-05-14,BAL202505142,MIN,"Clemens, Kody",clemk001,2,2,2B,2B,1,single,3,3,0
2025-05-14,BAL202505142,MIN,"Bride, Jonah",bridj001,2,0,empty,empty,1,field_out,4,4,6
2025-05-14,BAL202505142,MIN,"Keirsey, DaShawn",keird001,2,1,empty,empty,1,strikeout,4,4,6
2025-05-14,BAL202505142,MIN,"Buxton, Byron",buxtb001,3,2,empty,empty,1,walk,4,4,6
2025-05-14,BAL202505142,MIN,"Larnach, Trevor",larnt001,3,2,1B,1B,1,field_out,4,4,6
2025-05-14,BAL202505142,MIN,"Jeffers, Ryan",jeffr002,3,0,empty,empty,1,strikeout,5,4,6
2025-05-14,BAL202505142,MIN,"Lee, Brooks",lee-b002,3,1,empty,empty,1,field_out,5,4,6
2025-05-14,BAL202505142,MIN,"Castro, Willi",castw003,3,2,empty,empty,1,home_run,5,4,6
2025-05-14,BAL202505142,MIN,"Lewis, Royce",lewir003,1,2,empty,empty,1,field_out,5,5,6
2025-05-14,BAL202505142,MIN,"Clemens, Kody",clemk001,3,0,empty,empty,1,field_out,6,5,6
2025-05-14,BAL202505142,MIN,"Bride, Jonah",bridj001,3,1,empty,empty,1,strikeout,6,5,6
2025-05-14,BAL202505142,MIN,"Keirsey, DaShawn",keird001,3,2,empty,empty,1,strikeout,6,5,6
2025-05-14,BAL202505142,MIN,"Buxton, Byron",buxtb001,4,0,empty,empty,1,single,7,5,6
2025-05-14,BAL202505142,MIN,"Larnach, Trevor",larnt001,4,0,1B,1B,1,grounded_into_double_play,7,5,6
2025-05-14,BAL202505142,MIN,"Jeffers, Ryan",jeffr002,4,2,empty,empty,1,single,7,5,6
2025-05-14,BAL202505142,MIN,"Lee, Brooks",lee-b002,4,2,1B,1B,1,field_out,7,5,6
2025-05-14,BAL202505142,MIN,"Castro, Willi",castw003,4,0,empty,empty,1,single,8,5,6
2025-05-14,BAL202505142,MIN,"Lewis, Royce",lewir003,2,0,1B,3B,0,walk,8,5,6
2025-05-14,BAL202505142,MIN,"Clemens, Kody",clemk001,4,0,1B+3B,1B+3B,1,home_run,8,5,6
2025-05-14,BAL202505142,MIN,"Bride, Jonah",bridj001,4,0,empty,empty,1,strikeout,8,8,6
2025-05-14,BAL202505142,MIN,"Keirsey, DaShawn",keird001,4,1,empty,empty,1,strikeout,8,8,6
2025-05-14,BAL202505142,MIN,"Buxton, Byron",buxtb001,5,2,empty,empty,1,field_out,8,8,6
2025-05-14,BAL202505142,MIN,"Larnach, Trevor",larnt001,5,0,empty,empty,1,field_out,9,8,6
2025-05-14,BAL202505142,MIN,"Jeffers, Ryan",jeffr002,5,1,empty,empty,1,walk,9,8,6
2025-05-14,BAL202505142,MIN,"Lee, Brooks",lee-b002,5,1,1B,1B,1,single,9,8,6
2025-05-14,BAL202505142,MIN,"Castro, Willi",castw003,5,1,1B+2B,1B+2B,1,grounded_into_double_play,9,8,6
2025-05-15,BAL202505150,MIN,"Buxton, Byron",buxtb001,1,0,empty,empty,1,field_out,1,0,0
2025-05-15,BAL202505150,MIN,"Larnach, Trevor",larnt001,1,1,empty,empty,1,field_out,1,0,0
2025-05-15,BAL202505150,MIN,"Jeffers, Ryan",jeffr002,1,2,empty,empty,1,field_out,1,0,0
2025-05-15,BAL202505150,MIN,"Lee, Brooks",lee-b002,1,0,empty,empty,1,field_out,2,0,0
2025-05-15,BAL202505150,MIN,"Correa, Carlos",corrc001,1,1,empty,empty,1,field_out,2,0,0
2025-05-15,BAL202505150,MIN,"Castro, Willi",castw003,1,2,empty,empty,1,field_out,2,0,0
2025-05-15,BAL202505150,MIN,"Lewis, Royce",lewir003,1,0,empty,empty,1,single,3,0,0
2025-05-15,BAL202505150,MIN,"Clemens, Kody",clemk001,1,0,1B,1B,1,strikeout,3,0,0
2025-05-15,BAL202505150,MIN,"Keirsey, DaShawn",keird001,1,1,1B,1B,1,home_run,3,0,0
2025-05-15,BAL202505150,MIN,"Buxton, Byron",buxtb001,2,1,empty,empty,1,home_run,3,2,0
2025-05-15,BAL202505150,MIN,"Larnach, Trevor",larnt001,2,1,empty,empty,1,field_out,3,3,0
2025-05-15,BAL202505150,MIN,"Jeffers, Ryan",jeffr002,2,2,empty,empty,1,field_out,3,3,0
2025-05-15,BAL202505150,MIN,"Lee, Brooks",lee-b002,2,0,empty,empty,1,field_out,4,3,0
2025-05-15,BAL202505150,MIN,"Bride, Jonah",bridj001,1,1,empty,empty,1,double,4,3,0
2025-05-15,BAL202505150,MIN,"Castro, Willi",castw003,2,1,2B,2B,1,strikeout,4,3,0
2025-05-15,BAL202505150,MIN,"Lewis, Royce",lewir003,2,2,2B,2B,1,field_out,4,3,0
2025-05-15,BAL202505150,MIN,"Clemens, Kody",clemk001,2,0,empty,empty,1,walk,5,3,0
2025-05-15,BAL202505150,MIN,"Keirsey, DaShawn",keird001,2,0,1B,1B,1,field_out,5,3,0
2025-05-15,BAL202505150,MIN,"France, Ty",frant002,1,1,1B,1B,1,grounded_into_double_play,5,3,0
2025-05-15,BAL202505150,MIN,"Larnach, Trevor",larnt001,3,0,empty,empty,1,field_out,6,3,0
2025-05-15,BAL202505150,MIN,"Jeffers, Ryan",jeffr002,3,1,empty,empty,1,strikeout,6,3,0
2025-05-15,BAL202505150,MIN,"Lee, Brooks",lee-b002,3,2,empty,empty,1,field_out,6,3,0
2025-05-15,BAL202505150,MIN,"Bride, Jonah",bridj001,2,0,empty,empty,1,field_out,7,3,0
2025-05-15,BAL202505150,MIN,"Castro, Willi",castw003,3,1,empty,empty,1,double,7,3,0
2025-05-15,BAL202505150,MIN,"Lewis, Royce",lewir003,3,1,2B,2B,1,single,7,3,0
2025-05-15,BAL202505150,MIN,"Clemens, Kody",clemk001,3,1,1B,1B,1,walk,7,4,0
2025-05-15,BAL202505150,MIN,"Keirsey, DaShawn",keird001,3,1,1B+2B,1B+2B,1,field_out,7,4,0
2025-05-15,BAL202505150,MIN,"France, Ty",frant002,2,2,1B+2B,1B+2B,1,strikeout,7,4,0
2025-05-15,BAL202505150,MIN,"Larnach, Trevor",larnt001,4,0,empty,empty,1,field_out,8,4,0
2025-05-15,BAL202505150,MIN,"Jeffers, Ryan",jeffr002,4,1,empty,empty,1,field_out,8,4,0
2025-05-15,BAL202505150,MIN,"Lee, Brooks",lee-b002,4,2,empty,empty,1,field_out,8,4,0
2025-05-15,BAL202505150,MIN,"Bride, Jonah",bridj001,3,0,empty,empty,1,walk,9,4,0
2025-05-15,BAL202505150,MIN,"Castro, Willi",castw003,4,0,1B,1B,1,single,9,4,0
2025-05-15,BAL202505150,MIN,"Lewis, Royce",lewir003,4,0,1B+2B,1B+2B,1,strikeout,9,4,0
2025-05-15,BAL202505150,MIN,"Clemens, Kody",clemk001,4,1,1B+2B,1B+2B,1,strikeout,9,4,0
2025-05-15,BAL202505150,MIN,"Keirsey, DaShawn",keird001,4,2,1B+2B,1B+2B,1,strikeout,9,4,0
2025-05-16,MIL202505160,MIN,"Larnach, Trevor",larnt001,1,0,empty,empty,1,hit_by_pitch,1,0,0
2025-05-16,MIL202505160,MIN,"Jeffers, Ryan",jeffr002,1,0,1B,1B,1,single,1,0,0
2025-05-16,MIL202505160,MIN,"Lee, Brooks",lee-b002,1,0,1B+3B,1B+3B,1,field_out,1,0,0
2025-05-16,MIL202505160,MIN,"France, Ty",frant002,1,1,1B+3B,1B+3B,1,single,1,0,0
2025-05-16,MIL202505160,MIN,"Castro, Willi",castw003,1,1,1B+2B,1B+2B,1,strikeout,1,1,0
2025-05-16,MIL202505160,MIN,"Clemens, Kody",clemk001,1,2,1B+2B,1B+2B,1,single,1,1,0
2025-05-16,MIL202505160,MIN,"Lewis, Royce",lewir003,1,2,1B+2B,1B+2B,1,field_out,1,2,0
2025-05-16,MIL202505160,MIN,"Keirsey, DaShawn",keird001,1,0,empty,empty,1,single,2,2,0
2025-05-16,MIL202505160,MIN,"Vazquez, Christian",vazqc001,1,0,1B,1B,1,single,2,2,0
2025-05-16,MIL202505160,MIN,"Larnach, Trevor",larnt001,2,0,1B+2B,1B+2B,1,single,2,2,0
2025-05-16,MIL202505160,MIN,"Jeffers, Ryan",jeffr002,2,0,1B+2B+3B,1B+2B+3B,1,grounded_into_double_play,2,2,0
2025-05-16,MIL202505160,MIN,"Lee, Brooks",lee-b002,2,2,2B,2B,1,field_out,2,3,0
2025-05-16,MIL202505160,MIN,"France, Ty",frant002,2,0,empty,empty,1,field_out,3,3,0
2025-05-16,MIL202505160,MIN,"Fitzgerald, Ryan",fitzr001,1,1,empty,empty,1,field_out,3,3,0
2025-05-16,MIL202505160,MIN,"Clemens, Kody",clemk001,2,2,empty,empty,1,field_out,3,3,0
2025-05-16,MIL202505160,MIN,"Lewis, Royce",lewir003,2,0,empty,empty,1,single,4,3,0
2025-05-16,MIL202505160,MIN,"Keirsey, DaShawn",keird001,2,0,1B,1B,1,field_out,4,3,0
2025-05-16,MIL202505160,MIN,"Vazquez, Christian",vazqc001,2,1,1B,1B,1,field_out,4,3,0
2025-05-16,MIL202505160,MIN,"Larnach, Trevor",larnt001,3,2,1B,1B,1,walk,4,3,0
2025-05-16,MIL202505160,MIN,"Jeffers, Ryan",jeffr002,3,2,1B+2B,1B+2B,1,strikeout,4,3,0
2025-05-16,MIL202505160,MIN,"Lee, Brooks",lee-b002,3,0,empty,empty,1,field_out,5,3,0
2025-05-16,MIL202505160,MIN,"France, Ty",frant002,3,1,empty,empty,1,field_out,5,3,0
2025-05-16,MIL202505160,MIN,"Fitzgerald, Ryan",fitzr001,2,2,empty,empty,1,field_out,5,3,0
2025-05-16,MIL202505160,MIN,"Clemens, Kody",clemk001,3,0,empty,empty,1,single,6,3,0
2025-05-16,MIL202505160,MIN,"Lewis, Royce",lewir003,3,0,1B,1B,1,field_out,6,3,0
2025-05-16,MIL202505160,MIN,"Keirsey, DaShawn",keird001,3,1,1B,1B,1,field_out,6,3,0
2025-05-16,MIL202505160,MIN,"Vazquez, Christian",vazqc001,3,2,2B,2B,1,field_out,6,3,0
2025-05-16,MIL202505160,MIN,"Larnach, Trevor",larnt001,4,0,empty,empty,1,field_out,7,3,0
2025-05-16,MIL202505160,MIN,"Jeffers, Ryan",jeffr002,4,1,empty,empty,1,strikeout,7,3,0
2025-05-16,MIL202505160,MIN,"Lee, Brooks",lee-b002,4,2,empty,empty,1,field_out,7,3,0
2025-05-16,MIL202505160,MIN,"France, Ty",frant002,4,0,empty,empty,1,field_out,8,3,0
2025-05-16,MIL202505160,MIN,"Fitzgerald, Ryan",fitzr001,3,1,empty,empty,1,field_out,8,3,0
2025-05-16,MIL202505160,MIN,"Clemens, Kody",clemk001,4,2,empty,empty,1,strikeout,8,3,0
2025-05-16,MIL202505160,MIN,"Lewis, Royce",lewir003,4,0,empty,empty,1,field_out,9,3,0
2025-05-16,MIL202505160,MIN,"Keirsey, DaShawn",keird001,4,1,empty,empty,1,field_out,9,3,0
2025-05-16,MIL202505160,MIN,"Vazquez, Christian",vazqc001,4,2,empty,empty,1,double,9,3,0
2025-05-16,MIL202505160,MIN,"Larnach, Trevor",larnt001,5,2,2B,2B,1,strikeout,9,3,0
2025-05-17,MIL202505170,MIN,"Larnach, Trevor",larnt001,1,0,empty,empty,1,field_out,1,0,0
2025-05-17,MIL202505170,MIN,"Jeffers, Ryan",jeffr002,1,1,empty,empty,1,home_run,1,0,0
2025-05-17,MIL202505170,MIN,"Lee, Brooks",lee-b002,1,1,empty,empty,1,strikeout,1,1,0
2025-05-17,MIL202505170,MIN,"France, Ty",frant002,1,2,empty,empty,1,single,1,1,0
2025-05-17,MIL202505170,MIN,"Clemens, Kody",clemk001,1,2,1B,1B,1,strikeout,1,1,0
2025-05-17,MIL202505170,MIN,"Lewis, Royce",lewir003,1,0,empty,empty,1,double,2,1,0
2025-05-17,MIL202505170,MIN,"Bader, Harrison",badeh001,1,0,2B,2B,1,field_out,2,1,0
2025-05-17,MIL202505170,MIN,"Keirsey, DaShawn",keird001,1,1,3B,3B,1,field_out,2,1,0
2025-05-17,MIL202505170,MIN,"Vazquez, Christian",vazqc001,1,2,3B,3B,1,single,2,1,0
2025-05-17,MIL202505170,MIN,"Larnach, Trevor",larnt001,2,2,1B,1B,1,field_out,2,2,0
2025-05-17,MIL202505170,MIN,"Jeffers, Ryan",jeffr002,2,0,empty,empty,1,double,3,2,0
2025-05-17,MIL202505170,MIN,"Lee, Brooks",lee-b002,2,0,2B,2B,1,single,3,2,0
2025-05-17,MIL202505170,MIN,"France, Ty",frant002,2,0,1B+3B,1B+3B,1,single,3,2,0
2025-05-17,MIL202505170,MIN,"Clemens, Kody",clemk001,2,0,1B+2B,1B+2B,1,single,3,3,0
2025-05-17,MIL202505170,MIN,"Lewis, Royce",lewir003,2,1,1B+2B,1B+2B,1,field_out,3,3,0
2025-05-17,MIL202505170,MIN,"Bader, Harrison",badeh001,2,2,1B+2B,1B+2B,1,strikeout,3,3,0
2025-05-17,MIL202505170,MIN,"Keirsey, DaShawn",keird001,2,0,empty,empty,1,strikeout,4,3,0
2025-05-17,MIL202505170,MIN,"Vazquez, Christian",vazqc001,2,1,empty,empty,1,field_out,4,3,0
2025-05-17,MIL202505170,MIN,"Larnach, Trevor",larnt001,3,2,empty,empty,1,single,4,3,0
2025-05-17,MIL202505170,MIN,"Jeffers, Ryan",jeffr002,3,2,1B,1B,1,single,4,3,0
2025-05-17,MIL202505170,MIN,"Lee, Brooks",lee-b002,3,2,1B+2B,1B+2B,1,single,4,3,0
2025-05-17,MIL202505170,MIN,"France, Ty",frant002,3,2,1B+3B,1B+3B,1,field_out,4,4,0
2025-05-17,MIL202505170,MIN,"Clemens, Kody",clemk001,3,0,empty,empty,1,home_run,5,4,0
2025-05-17,MIL202505170,MIN,"Lewis, Royce",lewir003,3,0,empty,empty,1,walk,5,5,0
2025-05-17,MIL202505170,MIN,"Bader, Harrison",badeh001,3,0,1B,1B,1,strikeout,5,5,0
2025-05-17,MIL202505170,MIN,"Keirsey, DaShawn",keird001,3,1,1B,1B,1,field_out,5,5,0
2025-05-17,MIL202505170,MIN,"Vazquez, Christian",vazqc001,3,2,1B,1B,1,strikeout,5,5,0
2025-05-17,MIL202505170,MIN,"Larnach, Trevor",larnt001,4,0,empty,empty,1,triple,6,5,0
2025-05-17,MIL202505170,MIN,"Jeffers, Ryan",jeffr002,4,0,3B,3B,1,field_out,6,5,0
2025-05-17,MIL202505170,MIN,"Lee, Brooks",lee-b002,4,1,3B,3B,1,sac_fly,6,5,0
2025-05-17,MIL202505170,MIN,"France, Ty",frant002,4,2,empty,empty,1,field_out,6,6,0
2025-05-17,MIL202505170,MIN,"Clemens, Kody",clemk001,4,0,empty,empty,1,single,7,6,0
2025-05-17,MIL202505170,MIN,"Lewis, Royce",lewir003,4,0,1B,1B,1,strikeout,7,6,0
2025-05-17,MIL202505170,MIN,"Bader, Harrison",badeh001,4,1,1B,1B,1,field_out,7,6,0
2025-05-17,MIL202505170,MIN,"Keirsey, DaShawn",keird001,4,2,1B,1B,1,strikeout,7,6,0
2025-05-17,MIL202505170,MIN,"Vazquez, Christian",vazqc001,4,0,empty,empty,1,field_out,8,6,0
2025-05-17,MIL202505170,MIN,"Larnach, Trevor",larnt001,5,1,empty,empty,1,strikeout,8,6,0
2025-05-17,MIL202505170,MIN,"Jeffers, Ryan",jeffr002,5,2,empty,empty,1,single,8,6,0
2025-05-17,MIL202505170,MIN,"Lee, Brooks",lee-b002,5,2,1B,1B,1,field_out,8,6,0
2025-05-17,MIL202505170,MIN,"Bride, Jonah",bridj001,1,0,empty,empty,1,double,9,6,0
2025-05-17,MIL202505170,MIN,"Clemens, Kody",clemk001,5,0,2B,2B,1,fielders_choice_out,9,6,0
2025-05-17,MIL202505170,MIN,"Lewis, Royce",lewir003,5,1,1B,1B,1,single,9,6,0
2025-05-17,MIL202505170,MIN,"Bader, Harrison",badeh001,5,1,1B+2B,1B+2B,1,field_out,9,6,0
2025-05-17,MIL202505170,MIN,"Keirsey, DaShawn",keird001,5,2,1B+3B,1B+3B,1,single,9,6,0
2025-05-17,MIL202505170,MIN,"Vazquez, Christian",vazqc001,5,2,1B+2B,1B+2B,1,strikeout,9,7,0
2025-05-18,MIL202505180,MIN,"Larnach, Trevor",larnt001,1,0,empty,empty,1,strikeout,1,0,0
2025-05-18,MIL202505180,MIN,"Jeffers, Ryan",jeffr002,1,1,empty,empty,1,single,1,0,0
2025-05-18,MIL202505180,MIN,"Lee, Brooks",lee-b002,1,1,1B,1B,1,field_out,1,0,0
2025-05-18,MIL202505180,MIN,"France, Ty",frant002,1,2,1B,1B,1,hit_by_pitch,1,0,0
2025-05-18,MIL202505180,MIN,"Clemens, Kody",clemk001,1,2,1B+2B,1B+2B,1,strikeout,1,0,0
2025-05-18,MIL202505180,MIN,"Lewis, Royce",lewir003,1,0,empty,empty,1,field_out,2,0,0
2025-05-18,MIL202505180,MIN,"Bader, Harrison",badeh001,1,1,empty,empty,1,hit_by_pitch,2,0,0
2025-05-18,MIL202505180,MIN,"Keirsey, DaShawn",keird001,1,1,1B,1B,1,strikeout,2,0,0
2025-05-18,MIL202505180,MIN,"Vazquez, Christian",vazqc001,1,2,1B,1B,1,single,2,0,0
2025-05-18,MIL202505180,MIN,"Larnach, Trevor",larnt001,2,2,1B+2B,1B+2B,1,field_out,2,0,0
2025-05-18,MIL202505180,MIN,"Jeffers, Ryan",jeffr002,2,0,empty,empty,1,field_out,3,0,1
2025-05-18,MIL202505180,MIN,"Lee, Brooks",lee-b002,2,1,empty,empty,1,strikeout,3,0,1
2025-05-18,MIL202505180,MIN,"France, Ty",frant002,2,2,empty,empty,1,field_out,3,0,1
2025-05-18,MIL202505180,MIN,"Clemens, Kody",clemk001,2,0,empty,empty,1,field_out,4,0,4
2025-05-18,MIL202505180,MIN,"Lewis, Royce",lewir003,2,1,empty,empty,1,home_run,4,0,4
2025-05-18,MIL202505180,MIN,"Bader, Harrison",badeh001,2,1,empty,empty,1,strikeout,4,1,4
2025-05-18,MIL202505180,MIN,"Keirsey, DaShawn",keird001,2,2,empty,empty,1,walk,4,1,4
2025-05-18,MIL202505180,MIN,"Vazquez, Christian",vazqc001,2,2,1B,2B,0,field_error,4,1,4
2025-05-18,MIL202505180,MIN,"Larnach, Trevor",larnt001,3,2,1B+3B,1B+3B,1,walk,4,1,4
2025-05-18,MIL202505180,MIN,"Jeffers, Ryan",jeffr002,3,2,1B+2B+3B,1B+2B+3B,1,field_out,4,1,4
2025-05-18,MIL202505180,MIN,"Lee, Brooks",lee-b002,3,0,empty,empty,1,field_out,5,1,4
2025-05-18,MIL202505180,MIN,"France, Ty",frant002,3,1,empty,empty,1,field_out,5,1,4
2025-05-18,MIL202505180,MIN,"Clemens, Kody",clemk001,3,2,empty,empty,1,field_out,5,1,4
2025-05-18,MIL202505180,MIN,"Lewis, Royce",lewir003,3,0,empty,empty,1,strikeout,6,1,4
2025-05-18,MIL202505180,MIN,"Bader, Harrison",badeh001,3,1,empty,empty,1,field_out,6,1,4
2025-05-18,MIL202505180,MIN,"Keirsey, DaShawn",keird001,3,2,empty,empty,1,strikeout,6,1,4
2025-05-18,MIL202505180,MIN,"Vazquez, Christian",vazqc001,3,0,empty,empty,1,field_out,7,1,4
2025-05-18,MIL202505180,MIN,"Larnach, Trevor",larnt001,4,1,empty,empty,1,double,7,1,4
2025-05-18,MIL202505180,MIN,"Jeffers, Ryan",jeffr002,4,1,2B,2B,1,field_out,7,1,4
2025-05-18,MIL202505180,MIN,"Lee, Brooks",lee-b002,4,2,3B,3B,1,single,7,1,4
2025-05-18,MIL202505180,MIN,"France, Ty",frant002,4,2,1B,1B,1,field_out,7,2,4
2025-05-18,MIL202505180,MIN,"Clemens, Kody",clemk001,4,0,empty,empty,1,double,8,2,4
2025-05-18,MIL202505180,MIN,"Lewis, Royce",lewir003,4,0,2B,2B,1,field_out,8,2,4
2025-05-18,MIL202505180,MIN,"Bader, Harrison",badeh001,4,1,2B,2B,1,field_out,8,2,4
2025-05-18,MIL202505180,MIN,"McCusker, Carson",mccuc001,1,2,2B,2B,1,field_out,8,2,4
2025-05-18,MIL202505180,MIN,"Vazquez, Christian",vazqc001,4,0,empty,empty,1,field_out,9,2,5
2025-05-18,MIL202505180,MIN,"Larnach, Trevor",larnt001,5,1,empty,empty,1,strikeout,9,2,5
2025-05-18,MIL202505180,MIN,"Jeffers, Ryan",jeffr002,5,2,empty,empty,1,strikeout,9,2,5
2025-05-19,MIN202505190,MIN,"Jeffers, Ryan",jeffr002,1,0,empty,empty,1,single,1,0,1
2025-05-19,MIN202505190,MIN,"Lee, Brooks",lee-b002,1,0,1B,1B,1,strikeout,1,0,1
2025-05-19,MIN202505190,MIN,"Lewis, Royce",lewir003,1,1,1B,1B,1,walk,1,0,1
2025-05-19,MIN202505190,MIN,"France, Ty",frant002,1,1,1B+2B,1B+2B,1,single,1,0,1
2025-05-19,MIN202505190,MIN,"Larnach, Trevor",larnt001,1,1,1B+2B,1B+2B,1,grounded_into_double_play,1,1,1
2025-05-19,MIN202505190,MIN,"Bride, Jonah",bridj001,1,0,empty,empty,1,single,2,1,1
2025-05-19,MIN202505190,MIN,"McCusker, Carson",mccuc001,1,0,1B,1B,1,strikeout,2,1,1
2025-05-19,MIN202505190,MIN,"Bader, Harrison",badeh001,1,1,1B,1B,1,field_out,2,1,1
2025-05-19,MIN202505190,MIN,"Castro, Willi",castw003,1,2,1B,1B,1,double,2,1,1
2025-05-19,MIN202505190,MIN,"Jeffers, Ryan",jeffr002,2,2,2B,2B,1,strikeout,2,2,1
2025-05-19,MIN202505190,MIN,"Lee, Brooks",lee-b002,2,0,empty,empty,1,field_out,3,2,1
2025-05-19,MIN202505190,MIN,"Lewis, Royce",lewir003,2,1,empty,empty,1,field_out,3,2,1
2025-05-19,MIN202505190,MIN,"France, Ty",frant002,2,2,empty,empty,1,field_out,3,2,1
2025-05-21,MIN202505190,MIN,"Larnach, Trevor",larnt001,2,0,empty,empty,1,single,4,2,2
2025-05-21,MIN202505190,MIN,"Bride, Jonah",bridj001,2,0,1B,1B,1,field_out,4,2,2
2025-05-21,MIN202505190,MIN,"Clemens, Kody",clemk001,1,1,1B,1B,1,triple,4,2,2
2025-05-21,MIN202505190,MIN,"Bader, Harrison",badeh001,2,1,3B,3B,1,sac_fly,4,3,2
2025-05-21,MIN202505190,MIN,"Castro, Willi",castw003,2,2,empty,empty,1,walk,4,4,2
2025-05-21,MIN202505190,MIN,"Jeffers, Ryan",jeffr002,3,2,1B,1B,1,walk,4,4,2
2025-05-21,MIN202505190,MIN,"Lee, Brooks",lee-b002,3,2,1B+2B,1B+2B,1,field_out,4,4,2
2025-05-21,MIN202505190,MIN,"Lewis, Royce",lewir003,3,0,empty,empty,1,double,5,4,2
2025-05-21,MIN202505190,MIN,"France, Ty",frant002,3,0,2B,2B,1,double_play,5,4,2
2025-05-21,MIN202505190,MIN,"Larnach, Trevor",larnt001,3,2,empty,empty,1,strikeout,5,4,2
2025-05-21,MIN202505190,MIN,"Bride, Jonah",bridj001,3,0,empty,empty,1,strikeout,6,4,2
2025-05-21,MIN202505190,MIN,"Clemens, Kody",clemk001,2,1,empty,empty,1,strikeout,6,4,2
2025-05-21,MIN202505190,MIN,"Bader, Harrison",badeh001,3,2,empty,empty,1,field_out,6,4,2
2025-05-21,MIN202505190,MIN,"Castro, Willi",castw003,3,0,empty,empty,1,field_out,7,4,2
2025-05-21,MIN202505190,MIN,"Jeffers, Ryan",jeffr002,4,1,empty,empty,1,walk,7,4,2
2025-05-21,MIN202505190,MIN,"Lee, Brooks",lee-b002,4,1,1B,1B,1,walk,7,4,2
2025-05-21,MIN202505190,MIN,"Lewis, Royce",lewir003,4,1,1B+2B,1B+2B,1,strikeout,7,4,2
2025-05-21,MIN202505190,MIN,"France, Ty",frant002,4,2,1B+2B,1B+2B,1,field_out,7,4,2
2025-05-21,MIN202505190,MIN,"Larnach, Trevor",larnt001,4,0,empty,empty,1,single,8,4,2
2025-05-21,MIN202505190,MIN,"Bride, Jonah",bridj001,4,0,1B,1B,1,single,8,4,2
2025-05-21,MIN202505190,MIN,"Clemens, Kody",clemk001,3,0,1B+2B,1B+2B,1,sac_bunt,8,4,2
2025-05-21,MIN202505190,MIN,"Bader, Harrison",badeh001,4,1,2B+3B,2B+3B,1,single,8,4,2
2025-05-21,MIN202505190,MIN,"Castro, Willi",castw003,4,1,1B+3B,2B+3B,0,field_out,8,5,2
2025-05-21,MIN202505190,MIN,"Jeffers, Ryan",jeffr002,5,2,2B+3B,2B+3B,1,intent_walk,8,5,2
2025-05-21,MIN202505190,MIN,"Lee, Brooks",lee-b002,5,2,1B+2B+3B,1B+2B+3B,1,strikeout,8,5,2
2025-05-21,MIN202505190,MIN,"Lewis, Royce",lewir003,5,0,empty,empty,1,field_out,9,5,5
2025-05-21,MIN202505190,MIN,"France, Ty",frant002,5,1,empty,empty,1,hit_by_pitch,9,5,5
2025-05-21,MIN202505190,MIN,"Keirsey, DaShawn",keird001,1,1,1B,1B,1,field_out,9,5,5
2025-05-21,MIN202505190,MIN,"Bride, Jonah",bridj001,5,2,1B,1B,1,single,9,5,5
2025-05-21,MIN202505190,MIN,"Clemens, Kody",clemk001,4,2,1B+2B,1B+2B,1,double,9,5,5
2025-05-21,MIN202505210,MIN,"Jeffers, Ryan",jeffr002,1,0,empty,empty,1,field_out,1,0,0
2025-05-21,MIN202505210,MIN,"Lee, Brooks",lee-b002,1,1,empty,empty,1,field_out,1,0,0
2025-05-21,MIN202505210,MIN,"Lewis, Royce",lewir003,1,2,empty,empty,1,field_out,1,0,0
2025-05-21,MIN202505210,MIN,"Clemens, Kody",clemk001,1,0,empty,empty,1,strikeout,2,0,0
2025-05-21,MIN202505210,MIN,"Bride, Jonah",bridj001,1,1,empty,empty,1,strikeout,2,0,0
2025-05-21,MIN202505210,MIN,"Bader, Harrison",badeh001,1,2,empty,empty,1,field_out,2,0,0
2025-05-21,MIN202505210,MIN,"Castro, Willi",castw003,1,0,empty,empty,1,walk,3,0,0
2025-05-21,MIN202505210,MIN,"Keirsey, DaShawn",keird001,1,0,1B,1B,1,field_out,3,0,0
2025-05-21,MIN202505210,MIN,"Vazquez, Christian",vazqc001,1,1,1B,1B,1,field_out,3,0,0
2025-05-21,MIN202505210,MIN,"Jeffers, Ryan",jeffr002,2,2,2B,2B,1,single,3,0,0
2025-05-21,MIN202505210,MIN,"Lee, Brooks",lee-b002,2,2,1B,1B,1,walk,3,1,0
2025-05-21,MIN202505210,MIN,"Lewis, Royce",lewir003,2,2,1B+2B,1B+2B,1,field_out,3,1,0
2025-05-21,MIN202505210,MIN,"Clemens, Kody",clemk001,2,0,empty,empty,1,strikeout,4,1,0
2025-05-21,MIN202505210,MIN,"Bride, Jonah",bridj001,2,1,empty,empty,1,field_out,4,1,0
2025-05-21,MIN202505210,MIN,"Bader, Harrison",badeh001,2,2,empty,empty,1,single,4,1,0
2025-05-21,MIN202505210,MIN,"Castro, Willi",castw003,2,2,1B,1B,1,strikeout,4,1,0
2025-05-21,MIN202505210,MIN,"Keirsey, DaShawn",keird001,2,0,empty,empty,1,strikeout,5,1,0
2025-05-21,MIN202505210,MIN,"Vazquez, Christian",vazqc001,2,1,empty,empty,1,field_out,5,1,0
2025-05-21,MIN202505210,MIN,"Jeffers, Ryan",jeffr002,3,2,empty,empty,1,field_out,5,1,0
2025-05-21,MIN202505210,MIN,"Lee, Brooks",lee-b002,3,0,empty,empty,1,field_out,6,1,2
2025-05-21,MIN202505210,MIN,"Lewis, Royce",lewir003,3,1,empty,empty,1,field_out,6,1,2
2025-05-21,MIN202505210,MIN,"Clemens, Kody",clemk001,3,2,empty,empty,1,strikeout,6,1,2
2025-05-21,MIN202505210,MIN,"Bride, Jonah",bridj001,3,0,empty,empty,1,field_out,7,1,2
2025-05-21,MIN202505210,MIN,"Bader, Harrison",badeh001,3,1,empty,empty,1,walk,7,1,2
2025-05-21,MIN202505210,MIN,"Castro, Willi",castw003,3,2,1B,empty,0,field_out,7,1,2
2025-05-21,MIN202505210,MIN,"Larnach, Trevor",larnt001,1,0,empty,empty,1,strikeout,8,1,3
2025-05-21,MIN202505210,MIN,"Vazquez, Christian",vazqc001,3,1,empty,empty,1,field_out,8,1,3
2025-05-21,MIN202505210,MIN,"Jeffers, Ryan",jeffr002,4,2,empty,empty,1,hit_by_pitch,8,1,3
2025-05-21,MIN202505210,MIN,"Lee, Brooks",lee-b002,4,2,1B,1B,1,field_out,8,1,3
2025-05-21,MIN202505210,MIN,"Lewis, Royce",lewir003,4,0,empty,empty,1,field_out,9,1,5
2025-05-21,MIN202505210,MIN,"Clemens, Kody",clemk001,4,1,empty,empty,1,double,9,1,5
2025-05-21,MIN202505210,MIN,"Bride, Jonah",bridj001,4,1,2B,2B,1,field_out,9,1,5
2025-05-21,MIN202505210,MIN,"Bader, Harrison",badeh001,4,2,2B,2B,1,field_out,9,1,5
2025-05-23,MIN202505230,MIN,"Jeffers, Ryan",jeffr002,1,0,empty,empty,1,field_out,1,0,1
2025-05-23,MIN202505230,MIN,"Lewis, Royce",lewir003,1,1,empty,empty,1,strikeout,1,0,1
2025-05-23,MIN202505230,MIN,"Larnach, Trevor",larnt001,1,2,empty,empty,1,field_out,1,0,1
2025-05-23,MIN202505230,MIN,"Correa, Carlos",corrc001,1,0,empty,empty,1,home_run,2,0,1
2025-05-23,MIN202505230,MIN,"France, Ty",frant002,1,0,empty,empty,1,field_out,2,1,1
2025-05-23,MIN202505230,MIN,"Lee, Brooks",lee-b002,1,1,empty,empty,1,strikeout,2,1,1
2025-05-23,MIN202505230,MIN,"Bride, Jonah",bridj001,1,2,empty,empty,1,strikeout,2,1,1
2025-05-23,MIN202505230,MIN,"Bader, Harrison",badeh001,1,0,empty,empty,1,strikeout,3,1,1
2025-05-23,MIN202505230,MIN,"Castro, Willi",castw003,1,1,empty,empty,1,field_out,3,1,1
2025-05-23,MIN202505230,MIN,"Jeffers, Ryan",jeffr002,2,2,empty,empty,1,double,3,1,1
2025-05-23,MIN202505230,MIN,"Lewis, Royce",lewir003,2,2,2B,2B,1,field_out,3,1,1
2025-05-23,MIN202505230,MIN,"Larnach, Trevor",larnt001,2,0,empty,empty,1,strikeout,4,1,1
2025-05-23,MIN202505230,MIN,"Correa, Carlos",corrc001,2,1,empty,empty,1,field_out,4,1,1
2025-05-23,MIN202505230,MIN,"France, Ty",frant002,2,2,empty,empty,1,strikeout,4,1,1
2025-05-23,MIN202505230,MIN,"Lee, Brooks",lee-b002,2,0,empty,empty,1,strikeout,5,1,1
2025-05-23,MIN202505230,MIN,"Bride, Jonah",bridj001,2,1,empty,empty,1,field_out,5,1,1
2025-05-23,MIN202505230,MIN,"Bader, Harrison",badeh001,2,2,empty,empty,1,single,5,1,1
2025-05-23,MIN202505230,MIN,"Castro, Willi",castw003,2,2,1B,1B,1,single,5,1,1
2025-05-23,MIN202505230,MIN,"Jeffers, Ryan",jeffr002,3,2,1B+2B,1B+2B,1,field_out,5,1,1
2025-05-23,MIN202505230,MIN,"Lewis, Royce",lewir003,3,0,empty,empty,1,field_out,6,1,1
2025-05-23,MIN202505230,MIN,"Larnach, Trevor",larnt001,3,1,empty,empty,1,field_error,6,1,1
2025-05-23,MIN202505230,MIN,"Correa, Carlos",corrc001,3,1,1B,1B,1,grounded_into_double_play,6,1,1
2025-05-23,MIN202505230,MIN,"France, Ty",frant002,3,0,empty,empty,1,field_out,7,1,1
2025-05-23,MIN202505230,MIN,"Lee, Brooks",lee-b002,3,1,empty,empty,1,strikeout,7,1,1
2025-05-23,MIN202505230,MIN,"Bride, Jonah",bridj001,3,2,empty,empty,1,walk,7,1,1
2025-05-23,MIN202505230,MIN,"Bader, Harrison",badeh001,3,2,1B,1B,1,field_out,7,1,1
2025-05-23,MIN202505230,MIN,"Castro, Willi",castw003,3,0,empty,empty,1,strikeout,8,1,1
2025-05-23,MIN202505230,MIN,"Jeffers, Ryan",jeffr002,4,1,empty,empty,1,field_out,8,1,1
2025-05-23,MIN202505230,MIN,"Lewis, Royce",lewir003,4,2,empty,empty,1,strikeout,8,1,1
2025-05-23,MIN202505230,MIN,"Larnach, Trevor",larnt001,4,0,empty,empty,1,strikeout,9,1,1
2025-05-23,MIN202505230,MIN,"Correa, Carlos",corrc001,4,1,empty,empty,1,single,9,1,1
2025-05-23,MIN202505230,MIN,"France, Ty",frant002,4,1,1B,1B,1,home_run,9,1,1
2025-05-24,MIN202505240,MIN,"Larnach, Trevor",larnt001,1,0,empty,empty,1,single,1,0,0
2025-05-24,MIN202505240,MIN,"France, Ty",frant002,1,0,1B,1B,1,field_out,1,0,0
2025-05-24,MIN202505240,MIN,"Lee, Brooks",lee-b002,1,1,1B,1B,1,field_out,1,0,0
2025-05-24,MIN202505240,MIN,"Lewis, Royce",lewir003,1,2,1B,1B,1,field_out,1,0,0
2025-05-24,MIN202505240,MIN,"Clemens, Kody",clemk001,1,0,empty,empty,1,walk,2,0,0
2025-05-24,MIN202505240,MIN,"Bader, Harrison",badeh001,1,0,1B,1B,1,grounded_into_double_play,2,0,0
2025-05-24,MIN202505240,MIN,"Castro, Willi",castw003,1,2,empty,empty,1,single,2,0,0
2025-05-24,MIN202505240,MIN,"Keirsey, DaShawn",keird001,1,2,1B,1B,1,strikeout,2,0,0
2025-05-24,MIN202505240,MIN,"Vazquez, Christian",vazqc001,1,0,empty,empty,1,field_out,3,0,2
2025-05-24,MIN202505240,MIN,"Larnach, Trevor",larnt001,2,1,empty,empty,1,field_out,3,0,2
2025-05-24,MIN202505240,MIN,"France, Ty",frant002,2,2,empty,empty,1,field_out,3,0,2
2025-05-24,MIN202505240,MIN,"Lee, Brooks",lee-b002,2,0,empty,empty,1,field_out,4,0,2
2025-05-24,MIN202505240,MIN,"Lewis, Royce",lewir003,2,1,empty,empty,1,field_out,4,0,2
2025-05-24,MIN202505240,MIN,"Clemens, Kody",clemk001,2,2,empty,empty,1,field_out,4,0,2
2025-05-24,MIN202505240,MIN,"Bader, Harrison",badeh001,2,0,empty,empty,1,home_run,5,0,4
2025-05-24,MIN202505240,MIN,"Castro, Willi",castw003,2,0,empty,empty,1,hit_by_pitch,5,1,4
2025-05-24,MIN202505240,MIN,"Keirsey, DaShawn",keird001,2,0,1B,1B,1,field_out,5,1,4
2025-05-24,MIN202505240,MIN,"Vazquez, Christian",vazqc001,2,1,1B,1B,1,single,5,1,4
2025-05-24,MIN202505240,MIN,"Larnach, Trevor",larnt001,3,1,1B+2B,1B+2B,1,field_out,5,1,4
2025-05-24,MIN202505240,MIN,"France, Ty",frant002,3,2,2B+3B,2B+3B,1,single,5,1,4
2025-05-24,MIN202505240,MIN,"Lee, Brooks",lee-b002,3,2,1B,1B,1,single,5,3,4
2025-05-24,MIN202505240,MIN,"Lewis, Royce",lewir003,3,2,1B+2B,1B+2B,1,field_out,5,3,4
2025-05-24,MIN202505240,MIN,"Clemens, Kody",clemk001,3,0,empty,empty,1,home_run,6,3,4
2025-05-24,MIN202505240,MIN,"Bader, Harrison",badeh001,3,0,empty,empty,1,field_out,6,4,4
2025-05-24,MIN202505240,MIN,"Castro, Willi",castw003,3,1,empty,empty,1,field_out,6,4,4
2025-05-24,MIN202505240,MIN,"Keirsey, DaShawn",keird001,3,2,empty,empty,1,strikeout,6,4,4
2025-05-24,MIN202505240,MIN,"Vazquez, Christian",vazqc001,3,0,empty,empty,1,field_out,7,4,4
2025-05-24,MIN202505240,MIN,"Larnach, Trevor",larnt001,4,1,empty,empty,1,field_out,7,4,4
2025-05-24,MIN202505240,MIN,"France, Ty",frant002,4,2,empty,empty,1,field_out,7,4,4
2025-05-24,MIN202505240,MIN,"Lee, Brooks",lee-b002,4,0,empty,empty,1,single,8,4,4
2025-05-24,MIN202505240,MIN,"Lewis, Royce",lewir003,4,0,1B,1B,1,field_out,8,4,4
2025-05-24,MIN202505240,MIN,"Clemens, Kody",clemk001,4,1,1B,1B,1,strikeout,8,4,4
2025-05-24,MIN202505240,MIN,"Bader, Harrison",badeh001,4,2,1B,1B,1,hit_by_pitch,8,4,4
2025-05-24,MIN202505240,MIN,"Castro, Willi",castw003,4,2,1B+2B,1B+2B,1,field_out,8,4,4
2025-05-24,MIN202505240,MIN,"Correa, Carlos",corrc001,1,0,empty,empty,1,walk,9,4,4
2025-05-24,MIN202505240,MIN,"Vazquez, Christian",vazqc001,4,0,1B,1B,1,field_out,9,4,4
2025-05-24,MIN202505240,MIN,"Jeffers, Ryan",jeffr002,1,1,1B,1B,1,walk,9,4,4
2025-05-24,MIN202505240,MIN,"France, Ty",frant002,5,1,1B+2B,1B+2B,1,field_out,9,4,4
2025-05-24,MIN202505240,MIN,"Lee, Brooks",lee-b002,5,2,2B+3B,2B+3B,1,single,9,4,4
2025-05-25,MIN202505250,MIN,"Jeffers, Ryan",jeffr002,1,0,empty,empty,1,double,1,0,0
2025-05-25,MIN202505250,MIN,"France, Ty",frant002,1,0,2B,2B,1,single,1,0,0
2025-05-25,MIN202505250,MIN,"Correa, Carlos",corrc001,1,0,1B,1B,1,strikeout,1,1,0
2025-05-25,MIN202505250,MIN,"Lewis, Royce",lewir003,1,1,1B,1B,1,walk,1,1,0
2025-05-25,MIN202505250,MIN,"Bride, Jonah",bridj001,1,1,1B+2B,1B+2B,1,strikeout,1,1,0
2025-05-25,MIN202505250,MIN,"Bader, Harrison",badeh001,1,2,1B+2B,1B+2B,1,field_out,1,1,0
2025-05-25,MIN202505250,MIN,"Lee, Brooks",lee-b002,1,0,empty,empty,1,strikeout,2,1,0
2025-05-25,MIN202505250,MIN,"McCusker, Carson",mccuc001,1,1,empty,empty,1,strikeout,2,1,0
2025-05-25,MIN202505250,MIN,"Castro, Willi",castw003,1,2,empty,empty,1,field_out,2,1,0
2025-05-25,MIN202505250,MIN,"Jeffers, Ryan",jeffr002,2,0,empty,empty,1,field_out,3,1,0
2025-05-25,MIN202505250,MIN,"France, Ty",frant002,2,1,empty,empty,1,field_out,3,1,0
2025-05-25,MIN202505250,MIN,"Correa, Carlos",corrc001,2,2,empty,empty,1,field_out,3,1,0
2025-05-25,MIN202505250,MIN,"Lewis, Royce",lewir003,2,0,empty,empty,1,field_out,4,1,0
2025-05-25,MIN202505250,MIN,"Bride, Jonah",bridj001,2,1,empty,empty,1,strikeout,4,1,0
2025-05-25,MIN202505250,MIN,"Bader, Harrison",badeh001,2,2,empty,empty,1,strikeout,4,1,0
2025-05-25,MIN202505250,MIN,"Lee, Brooks",lee-b002,2,0,empty,empty,1,field_out,5,1,0
2025-05-25,MIN202505250,MIN,"McCusker, Carson",mccuc001,2,1,empty,empty,1,strikeout,5,1,0
2025-05-25,MIN202505250,MIN,"Castro, Willi",castw003,2,2,empty,empty,1,strikeout,5,1,0
2025-05-25,MIN202505250,MIN,"Jeffers, Ryan",jeffr002,3,0,empty,empty,1,walk,6,1,0
2025-05-25,MIN202505250,MIN,"France, Ty",frant002,3,0,1B,1B,1,grounded_into_double_play,6,1,0
2025-05-25,MIN202505250,MIN,"Correa, Carlos",corrc001,3,2,empty,empty,1,field_out,6,1,0
2025-05-25,MIN202505250,MIN,"Lewis, Royce",lewir003,3,0,empty,empty,1,field_out,7,1,1
2025-05-25,MIN202505250,MIN,"Bride, Jonah",bridj001,3,1,empty,empty,1,strikeout,7,1,1
2025-05-25,MIN202505250,MIN,"Bader, Harrison",badeh001,3,2,empty,empty,1,field_out,7,1,1
2025-05-25,MIN202505250,MIN,"Lee, Brooks",lee-b002,3,0,empty,empty,1,field_out,8,1,1
2025-05-25,MIN202505250,MIN,"Larnach, Trevor",larnt001,1,1,empty,empty,1,single,8,1,1
2025-05-25,MIN202505250,MIN,"Castro, Willi",castw003,3,1,1B,1B,1,strikeout,8,1,1
2025-05-25,MIN202505250,MIN,"Jeffers, Ryan",jeffr002,4,0,1B,empty,0,strikeout,9,1,1
2025-05-25,MIN202505250,MIN,"France, Ty",frant002,4,1,empty,empty,1,field_out,9,1,1
2025-05-25,MIN202505250,MIN,"Correa, Carlos",corrc001,4,2,empty,empty,1,strikeout,9,1,1
2025-05-25,MIN202505250,MIN,"Lewis, Royce",lewir003,4,0,2B,2B,1,field_out,10,1,2
2025-05-25,MIN202505250,MIN,"Clemens, Kody",clemk001,1,1,2B,2B,1,walk,10,1,2
2025-05-25,MIN202505250,MIN,"Bader, Harrison",badeh001,4,1,1B+2B,1B+2B,1,field_out,10,1,2
2025-05-25,MIN202505250,MIN,"Lee, Brooks",lee-b002,4,2,1B+3B,2B+3B,0,field_out,10,1,2
2025-05-26,TBA202505260,MIN,"Jeffers, Ryan",jeffr002,1,0,empty,empty,1,field_out,1,0,0
2025-05-26,TBA202505260,MIN,"Larnach, Trevor",larnt001,1,1,empty,empty,1,field_out,1,0,0
2025-05-26,TBA202505260,MIN,"France, Ty",frant002,1,2,empty,empty,1,strikeout,1,0,0
2025-05-26,TBA202505260,MIN,"Correa, Carlos",corrc001,1,0,empty,empty,1,field_out,2,0,0
2025-05-26,TBA202505260,MIN,"Clemens, Kody",clemk001,1,1,empty,empty,1,strikeout,2,0,0
2025-05-26,TBA202505260,MIN,"Castro, Willi",castw003,1,2,empty,empty,1,strikeout,2,0,0
2025-05-26,TBA202505260,MIN,"Lewis, Royce",lewir003,1,0,empty,empty,1,field_out,3,0,0
2025-05-26,TBA202505260,MIN,"Vazquez, Christian",vazqc001,1,1,empty,empty,1,single,3,0,0
2025-05-26,TBA202505260,MIN,"Keirsey, DaShawn",keird001,1,1,1B,1B,1,single,3,0,0
2025-05-26,TBA202505260,MIN,"Jeffers, Ryan",jeffr002,2,1,1B+3B,1B+3B,1,grounded_into_double_play,3,0,0
2025-05-26,TBA202505260,MIN,"Larnach, Trevor",larnt001,2,0,empty,empty,1,field_out,4,0,0
2025-05-26,TBA202505260,MIN,"France, Ty",frant002,2,1,empty,empty,1,field_out,4,0,0
2025-05-26,TBA202505260,MIN,"Correa, Carlos",corrc001,2,2,empty,empty,1,field_out,4,0,0
2025-05-26,TBA202505260,MIN,"Clemens, Kody",clemk001,2,0,empty,empty,1,single,5,0,0
2025-05-26,TBA202505260,MIN,"Castro, Willi",castw003,2,0,1B,1B,1,grounded_into_double_play,5,0,0
2025-05-26,TBA202505260,MIN,"Lewis, Royce",lewir003,2,2,empty,empty,1,field_out,5,0,0
2025-05-26,TBA202505260,MIN,"Vazquez, Christian",vazqc001,2,0,empty,empty,1,field_out,6,0,0
2025-05-26,TBA202505260,MIN,"Keirsey, DaShawn",keird001,2,1,empty,empty,1,field_out,6,0,0
2025-05-26,TBA202505260,MIN,"Jeffers, Ryan",jeffr002,3,2,empty,empty,1,strikeout,6,0,0
2025-05-26,TBA202505260,MIN,"Larnach, Trevor",larnt001,3,0,empty,empty,1,field_out,7,0,3
2025-05-26,TBA202505260,MIN,"France, Ty",frant002,3,1,empty,empty,1,hit_by_pitch,7,0,3
2025-05-26,TBA202505260,MIN,"Correa, Carlos",corrc001,3,1,1B,1B,1,home_run,7,0,3
2025-05-26,TBA202505260,MIN,"McCusker, Carson",mccuc001,1,1,empty,empty,1,strikeout,7,2,3
2025-05-26,TBA202505260,MIN,"Castro, Willi",castw003,3,2,empty,empty,1,field_out,7,2,3
2025-05-26,TBA202505260,MIN,"Lewis, Royce",lewir003,3,0,empty,empty,1,field_out,8,2,3
2025-05-26,TBA202505260,MIN,"Vazquez, Christian",vazqc001,3,1,empty,empty,1,field_out,8,2,3
2025-05-26,TBA202505260,MIN,"Lee, Brooks",lee-b002,1,2,empty,empty,1,field_out,8,2,3
2025-05-26,TBA202505260,MIN,"Jeffers, Ryan",jeffr002,4,0,empty,empty,1,strikeout,9,2,7
2025-05-26,TBA202505260,MIN,"Larnach, Trevor",larnt001,4,1,empty,empty,1,field_out,9,2,7
2025-05-26,TBA202505260,MIN,"France, Ty",frant002,4,2,empty,empty,1,single,9,2,7
2025-05-26,TBA202505260,MIN,"Correa, Carlos",corrc001,4,2,1B,1B,1,field_out,9,2,7
2025-05-27,TBA202505270,MIN,"Larnach, Trevor",larnt001,1,0,empty,empty,1,double,1,0,0
2025-05-27,TBA202505270,MIN,"Jeffers, Ryan",jeffr002,1,0,2B,2B,1,strikeout,1,0,0
2025-05-27,TBA202505270,MIN,"Correa, Carlos",corrc001,1,1,2B,2B,1,single,1,0,0
2025-05-27,TBA202505270,MIN,"Lee, Brooks",lee-b002,1,1,1B+3B,1B+3B,1,sac_fly,1,0,0
2025-05-27,TBA202505270,MIN,"France, Ty",frant002,1,2,2B,2B,1,field_out,1,1,0
2025-05-27,TBA202505270,MIN,"Clemens, Kody",clemk001,1,0,empty,empty,1,home_run,2,1,0
2025-05-27,TBA202505270,MIN,"Bride, Jonah",bridj001,1,0,empty,empty,1,field_out,2,2,0
2025-05-27,TBA202505270,MIN,"Castro, Willi",castw003,1,1,empty,empty,1,field_out,2,2,0
2025-05-27,TBA202505270,MIN,"Keirsey, DaShawn",keird001,1,2,empty,empty,1,field_out,2,2,0
2025-05-27,TBA202505270,MIN,"Larnach, Trevor",larnt001,2,0,empty,empty,1,strikeout,3,2,0
2025-05-27,TBA202505270,MIN,"Jeffers, Ryan",jeffr002,2,1,empty,empty,1,field_out,3,2,0
2025-05-27,TBA202505270,MIN,"Correa, Carlos",corrc001,2,2,empty,empty,1,field_out,3,2,0
2025-05-27,TBA202505270,MIN,"Lee, Brooks",lee-b002,2,0,empty,empty,1,field_out,4,2,0
2025-05-27,TBA202505270,MIN,"France, Ty",frant002,2,1,empty,empty,1,field_out,4,2,0
2025-05-27,TBA202505270,MIN,"Clemens, Kody",clemk001,2,2,empty,empty,1,field_out,4,2,0
2025-05-27,TBA202505270,MIN,"Bride, Jonah",bridj001,2,0,empty,empty,1,strikeout,5,2,1
2025-05-27,TBA202505270,MIN,"Castro, Willi",castw003,2,1,empty,empty,1,single,5,2,1
2025-05-27,TBA202505270,MIN,"Keirsey, DaShawn",keird001,2,1,1B,1B,1,grounded_into_double_play,5,2,1
2025-05-27,TBA202505270,MIN,"Larnach, Trevor",larnt001,3,0,empty,empty,1,strikeout,6,2,1
2025-05-27,TBA202505270,MIN,"Jeffers, Ryan",jeffr002,3,1,empty,empty,1,walk,6,2,1
2025-05-27,TBA202505270,MIN,"Correa, Carlos",corrc001,3,1,1B,1B,1,single,6,2,1
2025-05-27,TBA202505270,MIN,"Lee, Brooks",lee-b002,3,1,1B+2B,1B+2B,1,fielders_choice,6,2,1
2025-05-27,TBA202505270,MIN,"France, Ty",frant002,3,1,1B+3B,1B+3B,1,strikeout,6,3,1
2025-05-27,TBA202505270,MIN,"Clemens, Kody",clemk001,3,2,1B+3B,1B+3B,1,field_out,6,3,1
2025-05-27,TBA202505270,MIN,"Bride, Jonah",bridj001,3,0,empty,empty,1,field_out,7,3,1
2025-05-27,TBA202505270,MIN,"Castro, Willi",castw003,3,1,empty,empty,1,strikeout,7,3,1
2025-05-27,TBA202505270,MIN,"Keirsey, DaShawn",keird001,3,2,empty,empty,1,hit_by_pitch,7,3,1
2025-05-27,TBA202505270,MIN,"Larnach, Trevor",larnt001,4,2,1B,1B,1,field_out,7,3,1
2025-05-27,TBA202505270,MIN,"Jeffers, Ryan",jeffr002,4,0,empty,empty,1,field_out,8,3,2
2025-05-27,TBA202505270,MIN,"Correa, Carlos",corrc001,4,1,empty,empty,1,double,8,3,2
2025-05-27,TBA202505270,MIN,"Lee, Brooks",lee-b002,4,1,2B,2B,1,field_out,8,3,2
2025-05-27,TBA202505270,MIN,"France, Ty",frant002,4,2,3B,3B,1,single,8,3,2
2025-05-27,TBA202505270,MIN,"Clemens, Kody",clemk001,4,2,1B,1B,1,strikeout,8,4,2
2025-05-27,TBA202505270,MIN,"Bride, Jonah",bridj001,4,0,empty,empty,1,strikeout,9,4,2
2025-05-27,TBA202505270,MIN,"Castro, Willi",castw003,4,1,empty,empty,1,strikeout,9,4,2
2025-05-27,TBA202505270,MIN,"Keirsey, DaShawn",keird001,4,2,empty,empty,1,strikeout,9,4,2
2025-05-28,TBA202505280,MIN,"Larnach, Trevor",larnt001,1,0,empty,empty,1,single,1,0,0
2025-05-28,TBA202505280,MIN,"Jeffers, Ryan",jeffr002,1,0,1B,1B,1,field_out,1,0,0
2025-05-28,TBA202505280,MIN,"Correa, Carlos",corrc001,1,1,1B,1B,1,strikeout,1,0,0
2025-05-28,TBA202505280,MIN,"Lee, Brooks",lee-b002,1,2,1B,2B,0,field_out,1,0,0
2025-05-28,TBA202505280,MIN,"France, Ty",frant002,1,0,empty,empty,1,hit_by_pitch,2,0,0
2025-05-28,TBA202505280,MIN,"Clemens, Kody",clemk001,1,0,1B,1B,1,strikeout,2,0,0
2025-05-28,TBA202505280,MIN,"Lewis, Royce",lewir003,1,1,1B,1B,1,field_out,2,0,0
2025-05-28,TBA202505280,MIN,"Vazquez, Christian",vazqc001,1,2,1B,1B,1,field_out,2,0,0
2025-05-28,TBA202505280,MIN,"Keirsey, DaShawn",keird001,1,0,empty,empty,1,field_out,3,0,0
2025-05-28,TBA202505280,MIN,"Larnach, Trevor",larnt001,2,1,empty,empty,1,field_out,3,0,0
2025-05-28,TBA202505280,MIN,"Jeffers, Ryan",jeffr002,2,2,empty,empty,1,strikeout,3,0,0
2025-05-28,TBA202505280,MIN,"Correa, Carlos",corrc001,2,0,empty,empty,1,field_out,4,0,0
2025-05-28,TBA202505280,MIN,"Lee, Brooks",lee-b002,2,1,empty,empty,1,field_out,4,0,0
2025-05-28,TBA202505280,MIN,"France, Ty",frant002,2,2,empty,empty,1,field_out,4,0,0
2025-05-28,TBA202505280,MIN,"Clemens, Kody",clemk001,2,0,empty,empty,1,walk,5,0,3
2025-05-28,TBA202505280,MIN,"Lewis, Royce",lewir003,2,0,1B,1B,1,grounded_into_double_play,5,0,3
2025-05-28,TBA202505280,MIN,"Vazquez, Christian",vazqc001,2,2,empty,empty,1,strikeout,5,0,3
2025-05-28,TBA202505280,MIN,"Keirsey, DaShawn",keird001,2,0,empty,empty,1,field_out,6,0,4
2025-05-28,TBA202505280,MIN,"Larnach, Trevor",larnt001,3,1,empty,empty,1,field_out,6,0,4
2025-05-28,TBA202505280,MIN,"Jeffers, Ryan",jeffr002,3,2,empty,empty,1,strikeout,6,0,4
2025-05-28,TBA202505280,MIN,"Correa, Carlos",corrc001,3,0,empty,empty,1,single,7,0,4
2025-05-28,TBA202505280,MIN,"Lee, Brooks",lee-b002,3,0,1B,1B,1,single,7,0,4
2025-05-28,TBA202505280,MIN,"France, Ty",frant002,3,0,1B+2B,1B+2B,1,field_out,7,0,4
2025-05-28,TBA202505280,MIN,"Clemens, Kody",clemk001,3,1,1B+2B,1B+2B,1,field_out,7,0,4
2025-05-28,TBA202505280,MIN,"Lewis, Royce",lewir003,3,2,1B+2B,1B+2B,1,field_out,7,0,4
2025-05-28,TBA202505280,MIN,"Vazquez, Christian",vazqc001,3,0,empty,empty,1,single,8,0,4
2025-05-28,TBA202505280,MIN,"McCusker, Carson",mccuc001,1,0,1B,1B,1,single,8,0,4
2025-05-28,TBA202505280,MIN,"Larnach, Trevor",larnt001,4,0,1B+2B,1B+2B,1,strikeout,8,0,4
2025-05-28,TBA202505280,MIN,"Jeffers, Ryan",jeffr002,4,1,1B+2B,1B+2B,1,field_out,8,0,4
2025-05-28,TBA202505280,MIN,"Correa, Carlos",corrc001,4,2,1B+3B,1B+3B,1,field_out,8,0,4
2025-05-28,TBA202505280,MIN,"Lee, Brooks",lee-b002,4,0,empty,empty,1,field_out,9,0,5
2025-05-28,TBA202505280,MIN,"France, Ty",frant002,4,1,empty,empty,1,single,9,0,5
2025-05-28,TBA202505280,MIN,"Clemens, Kody",clemk001,4,1,1B,1B,1,strikeout,9,0,5
2025-05-28,TBA202505280,MIN,"Lewis, Royce",lewir003,4,2,1B,2B,0,field_out,9,0,5
2025-05-30,SEA202505300,MIN,"Buxton, Byron",buxtb001,1,0,empty,empty,1,strikeout,1,0,0
2025-05-30,SEA202505300,MIN,"Larnach, Trevor",larnt001,1,1,empty,empty,1,single,1,0,0
2025-05-30,SEA202505300,MIN,"Jeffers, Ryan",jeffr002,1,1,1B,1B,1,field_out,1,0,0
2025-05-30,SEA202505300,MIN,"Correa, Carlos",corrc001,1,2,1B,1B,1,strikeout,1,0,0
2025-05-30,SEA202505300,MIN,"Lee, Brooks",lee-b002,1,0,empty,empty,1,strikeout,2,0,4
2025-05-30,SEA202505300,MIN,"France, Ty",frant002,1,1,empty,empty,1,field_out,2,0,4
2025-05-30,SEA202505300,MIN,"Clemens, Kody",clemk001,1,2,empty,empty,1,field_out,2,0,4
2025-05-30,SEA202505300,MIN,"Lewis, Royce",lewir003,1,0,empty,empty,1,field_out,3,0,4
2025-05-30,SEA202505300,MIN,"Castro, Willi",castw003,1,1,empty,empty,1,field_out,3,0,4
2025-05-30,SEA202505300,MIN,"Buxton, Byron",buxtb001,2,2,empty,empty,1,field_out,3,0,4
2025-05-30,SEA202505300,MIN,"Larnach, Trevor",larnt001,2,0,empty,empty,1,home_run,4,0,4
2025-05-30,SEA202505300,MIN,"Jeffers, Ryan",jeffr002,2,0,empty,empty,1,double,4,1,4
2025-05-30,SEA202505300,MIN,"Correa, Carlos",corrc001,2,0,2B,2B,1,field_out,4,1,4
2025-05-30,SEA202505300,MIN,"Lee, Brooks",lee-b002,2,1,3B,3B,1,field_out,4,1,4
2025-05-30,SEA202505300,MIN,"France, Ty",frant002,2,2,empty,empty,1,single,4,2,4
2025-05-30,SEA202505300,MIN,"Clemens, Kody",clemk001,2,2,1B,1B,1,field_out,4,2,4
2025-05-30,SEA202505300,MIN,"Lewis, Royce",lewir003,2,0,empty,empty,1,field_out,5,2,4
2025-05-30,SEA202505300,MIN,"Castro, Willi",castw003,2,1,empty,empty,1,walk,5,2,4
2025-05-30,SEA202505300,MIN,"Buxton, Byron",buxtb001,3,1,1B,1B,1,field_out,5,2,4
2025-05-30,SEA202505300,MIN,"Larnach, Trevor",larnt001,3,2,1B,1B,1,field_out,5,2,4
2025-05-30,SEA202505300,MIN,"Jeffers, Ryan",jeffr002,3,0,empty,empty,1,field_out,6,2,4
2025-05-30,SEA202505300,MIN,"Correa, Carlos",corrc001,3,1,empty,empty,1,field_out,6,2,4
2025-05-30,SEA202505300,MIN,"Lee, Brooks",lee-b002,3,2,empty,empty,1,single,6,2,4
2025-05-30,SEA202505300,MIN,"France, Ty",frant002,3,2,1B,1B,1,field_out,6,2,4
2025-05-30,SEA202505300,MIN,"Clemens, Kody",clemk001,3,0,empty,empty,1,field_out,7,2,4
2025-05-30,SEA202505300,MIN,"Lewis, Royce",lewir003,3,1,empty,empty,1,field_out,7,2,4
2025-05-30,SEA202505300,MIN,"Castro, Willi",castw003,3,2,empty,empty,1,home_run,7,2,4
2025-05-30,SEA202505300,MIN,"Buxton, Byron",buxtb001,4,2,empty,empty,1,field_out,7,3,4
2025-05-30,SEA202505300,MIN,"Larnach, Trevor",larnt001,4,0,empty,empty,1,strikeout,8,3,4
2025-05-30,SEA202505300,MIN,"Jeffers, Ryan",jeffr002,4,1,empty,empty,1,field_out,8,3,4
2025-05-30,SEA202505300,MIN,"Correa, Carlos",corrc001,4,2,empty,empty,1,walk,8,3,4
2025-05-30,SEA202505300,MIN,"Lee, Brooks",lee-b002,4,2,1B,1B,1,field_out,8,3,4
2025-05-30,SEA202505300,MIN,"France, Ty",frant002,4,0,empty,empty,1,single,9,3,6
2025-05-30,SEA202505300,MIN,"Clemens, Kody",clemk001,4,0,1B,1B,1,strikeout,9,3,6
2025-05-30,SEA202505300,MIN,"Lewis, Royce",lewir003,4,1,1B,1B,1,strikeout,9,3,6
2025-05-30,SEA202505300,MIN,"Castro, Willi",castw003,4,2,1B,1B,1,home_run,9,3,6
2025-05-30,SEA202505300,MIN,"Buxton, Byron",buxtb001,5,2,empty,empty,1,single,9,5,6
2025-05-30,SEA202505300,MIN,"Larnach, Trevor",larnt001,5,2,1B,2B,0,single,9,5,6
2025-05-30,SEA202505300,MIN,"Jeffers, Ryan",jeffr002,5,2,1B,2B,0,field_out,9,6,6
2025-05-30,SEA202505300,MIN,"Correa, Carlos",corrc001,5,0,2B,2B,1,home_run,10,6,6
2025-05-30,SEA202505300,MIN,"Lee, Brooks",lee-b002,5,0,empty,empty,1,single,10,8,6
2025-05-30,SEA202505300,MIN,"France, Ty",frant002,5,0,1B,1B,1,strikeout,10,8,6
2025-05-30,SEA202505300,MIN,"Clemens, Kody",clemk001,5,1,1B,1B,1,field_out,10,8,6
2025-05-30,SEA202505300,MIN,"Lewis, Royce",lewir003,5,2,1B,1B,1,walk,10,8,6
2025-05-30,SEA202505300,MIN,"Castro, Willi",castw003,5,2,1B+2B,1B+2B,1,walk,10,8,6
2025-05-30,SEA202505300,MIN,"Buxton, Byron",buxtb001,6,2,1B+2B+3B,1B+2B+3B,1,single,10,8,6
2025-05-30,SEA202505300,MIN,"Larnach, Trevor",larnt001,6,2,1B+2B,1B+2B,1,double,10,10,6
2025-05-30,SEA202505300,MIN,"Keirsey, DaShawn",keird001,1,2,2B,2B,1,field_out,10,12,6
2025-05-31,SEA202505310,MIN,"Buxton, Byron",buxtb001,1,0,empty,empty,1,strikeout,1,0,0
2025-05-31,SEA202505310,MIN,"Larnach, Trevor",larnt001,1,1,empty,empty,1,strikeout,1,0,0
2025-05-31,SEA202505310,MIN,"Lee, Brooks",lee-b002,1,2,empty,empty,1,field_out,1,0,0
2025-05-31,SEA202505310,MIN,"Correa, Carlos",corrc001,1,0,empty,empty,1,walk,2,0,0
2025-05-31,SEA202505310,MIN,"Wallner, Matt",wallm001,1,0,1B,1B,1,home_run,2,0,0
2025-05-31,SEA202505310,MIN,"Castro, Willi",castw003,1,0,empty,empty,1,single,2,2,0
2025-05-31,SEA202505310,MIN,"Clemens, Kody",clemk001,1,0,1B,2B,0,field_out,2,2,0
2025-05-31,SEA202505310,MIN,"Bader, Harrison",badeh001,1,1,3B,3B,1,hit_by_pitch,2,2,0
2025-05-31,SEA202505310,MIN,"Vazquez, Christian",vazqc001,1,1,1B+3B,1B+3B,1,field_out,2,2,0
2025-05-31,SEA202505310,MIN,"Buxton, Byron",buxtb001,2,2,1B+3B,1B+3B,1,single,2,2,0
2025-05-31,SEA202505310,MIN,"Larnach, Trevor",larnt001,2,2,1B+2B,1B+2B,1,field_out,2,3,0
2025-05-31,SEA202505310,MIN,"Lee, Brooks",lee-b002,2,0,empty,empty,1,field_out,3,3,0
2025-05-31,SEA202505310,MIN,"Correa, Carlos",corrc001,2,1,empty,empty,1,double,3,3,0
2025-05-31,SEA202505310,MIN,"Wallner, Matt",wallm001,2,1,2B,2B,1,field_out,3,3,0
2025-05-31,SEA202505310,MIN,"Castro, Willi",castw003,2,2,2B,2B,1,field_out,3,3,0
2025-05-31,SEA202505310,MIN,"Clemens, Kody",clemk001,2,0,empty,empty,1,field_out,4,3,2
2025-05-31,SEA202505310,MIN,"Bader, Harrison",badeh001,2,1,empty,empty,1,double,4,3,2
2025-05-31,SEA202505310,MIN,"Vazquez, Christian",vazqc001,2,1,2B,2B,1,field_out,4,3,2
2025-05-31,SEA202505310,MIN,"Buxton, Byron",buxtb001,3,2,2B,2B,1,field_out,4,3,2
2025-05-31,SEA202505310,MIN,"Larnach, Trevor",larnt001,3,0,empty,empty,1,strikeout,5,3,2
2025-05-31,SEA202505310,MIN,"Lee, Brooks",lee-b002,3,1,empty,empty,1,field_out,5,3,2
2025-05-31,SEA202505310,MIN,"Correa, Carlos",corrc001,3,2,empty,empty,1,strikeout,5,3,2
2025-05-31,SEA202505310,MIN,"Wallner, Matt",wallm001,3,0,empty,empty,1,strikeout,6,3,2
2025-05-31,SEA202505310,MIN,"Castro, Willi",castw003,3,1,empty,empty,1,double,6,3,2
2025-05-31,SEA202505310,MIN,"Clemens, Kody",clemk001,3,1,2B,2B,1,strikeout,6,3,2
2025-05-31,SEA202505310,MIN,"Bader, Harrison",badeh001,3,2,2B,2B,1,walk,6,3,2
2025-05-31,SEA202505310,MIN,"Vazquez, Christian",vazqc001,3,2,1B+2B,1B+2B,1,strikeout,6,3,2
2025-05-31,SEA202505310,MIN,"Buxton, Byron",buxtb001,4,0,empty,empty,1,field_out,7,3,2
2025-05-31,SEA202505310,MIN,"Larnach, Trevor",larnt001,4,1,empty,empty,1,strikeout,7,3,2
2025-05-31,SEA202505310,MIN,"Lee, Brooks",lee-b002,4,2,empty,empty,1,single,7,3,2
2025-05-31,SEA202505310,MIN,"France, Ty",frant002,1,2,1B,1B,1,strikeout,7,3,2
2025-05-31,SEA202505310,MIN,"Wallner, Matt",wallm001,4,0,empty,empty,1,hit_by_pitch,8,3,4
2025-05-31,SEA202505310,MIN,"Castro, Willi",castw003,4,0,1B,1B,1,single,8,3,4
2025-05-31,SEA202505310,MIN,"Clemens, Kody",clemk001,4,0,1B+2B,1B+2B,1,double_play,8,3,4
2025-05-31,SEA202505310,MIN,"Bader, Harrison",badeh001,4,2,1B,1B,1,field_out,8,3,4
2025-05-31,SEA202505310,MIN,"Jeffers, Ryan",jeffr002,1,0,empty,empty,1,field_out,9,3,4
2025-05-31,SEA202505310,MIN,"Buxton, Byron",buxtb001,5,1,empty,empty,1,single,9,3,4
2025-05-31,SEA202505310,MIN,"Larnach, Trevor",larnt001,5,1,3B,3B,1,single,9,3,4
2025-05-31,SEA202505310,MIN,"Lee, Brooks",lee-b002,5,1,1B,1B,1,strikeout,9,4,4
2025-05-31,SEA202505310,MIN,"France, Ty",frant002,2,2,1B,1B,1,hit_by_pitch,9,4,4
2025-05-31,SEA202505310,MIN,"Wallner, Matt",wallm001,5,2,1B+2B,1B+2B,1,field_out,9,4,4
2025-05-31,SEA202505310,MIN,"Castro, Willi",castw003,5,0,2B,2B,1,walk,10,4,4
2025-05-31,SEA202505310,MIN,"Clemens, Kody",clemk001,5,0,1B+2B,1B+2B,1,single,10,4,4
2025-05-31,SEA202505310,MIN,"Bader, Harrison",badeh001,5,1,1B+2B,1B+2B,1,grounded_into_double_play,10,4,4
2025-05-31,SEA202505310,MIN,"Jeffers, Ryan",jeffr002,2,0,2B,2B,1,single,11,4,4
2025-05-31,SEA202505310,MIN,"Buxton, Byron",buxtb001,6,0,1B+3B,1B+3B,1,strikeout,11,4,4
2025-05-31,SEA202505310,MIN,"Larnach, Trevor",larnt001,6,1,1B+3B,1B+3B,1,field_out,11,4,4
2025-05-31,SEA202505310,MIN,"Lee, Brooks",lee-b002,6,2,1B+3B,1B+3B,1,field_out,11,4,4
2025-06-01,SEA202506010,MIN,"Larnach, Trevor",larnt001,1,0,empty,empty,1,field_out,1,0,0
2025-06-01,SEA202506010,MIN,"Jeffers, Ryan",jeffr002,1,1,empty,empty,1,strikeout,1,0,0
2025-06-01,SEA202506010,MIN,"Wallner, Matt",wallm001,1,2,empty,empty,1,walk,1,0,0
2025-06-01,SEA202506010,MIN,"Correa, Carlos",corrc001,1,2,1B,1B,1,field_out,1,0,0
2025-06-01,SEA202506010,MIN,"Castro, Willi",castw003,1,0,empty,empty,1,field_out,2,0,0
2025-06-01,SEA202506010,MIN,"Clemens, Kody",clemk001,1,1,empty,empty,1,field_out,2,0,0
2025-06-01,SEA202506010,MIN,"France, Ty",frant002,1,2,empty,empty,1,single,2,0,0
2025-06-01,SEA202506010,MIN,"Bader, Harrison",badeh001,1,2,1B,1B,1,strikeout,2,0,0
2025-06-01,SEA202506010,MIN,"Lewis, Royce",lewir003,1,0,empty,empty,1,field_out,3,0,0
2025-06-01,SEA202506010,MIN,"Larnach, Trevor",larnt001,2,1,empty,empty,1,single,3,0,0
2025-06-01,SEA202506010,MIN,"Jeffers, Ryan",jeffr002,2,1,1B,1B,1,field_out,3,0,0
2025-06-01,SEA202506010,MIN,"Wallner, Matt",wallm001,2,2,1B,1B,1,single,3,0,0
2025-06-01,SEA202506010,MIN,"Correa, Carlos",corrc001,2,2,1B+3B,1B+3B,1,field_out,3,0,0
2025-06-01,SEA202506010,MIN,"Castro, Willi",castw003,2,0,empty,empty,1,field_out,4,0,0
2025-06-01,SEA202506010,MIN,"Clemens, Kody",clemk001,2,1,empty,empty,1,walk,4,0,0
2025-06-01,SEA202506010,MIN,"France, Ty",frant002,2,1,1B,1B,1,strikeout,4,0,0
2025-06-01,SEA202506010,MIN,"Bader, Harrison",badeh001,2,0,1B,empty,0,field_out,5,0,0
2025-06-01,SEA202506010,MIN,"Lewis, Royce",lewir003,2,1,empty,empty,1,strikeout,5,0,0
2025-06-01,SEA202506010,MIN,"Larnach, Trevor",larnt001,3,2,empty,empty,1,single,5,0,0
2025-06-01,SEA202506010,MIN,"Jeffers, Ryan",jeffr002,3,2,1B,1B,1,field_out,5,0,0
2025-06-01,SEA202506010,MIN,"Wallner, Matt",wallm001,3,0,empty,empty,1,field_out,6,0,0
2025-06-01,SEA202506010,MIN,"Correa, Carlos",corrc001,3,1,empty,empty,1,field_out,6,0,0
2025-06-01,SEA202506010,MIN,"Castro, Willi",castw003,3,2,empty,empty,1,strikeout,6,0,0
2025-06-01,SEA202506010,MIN,"Clemens, Kody",clemk001,3,0,empty,empty,1,field_out,7,0,0
2025-06-01,SEA202506010,MIN,"France, Ty",frant002,3,1,empty,empty,1,field_out,7,0,0
2025-06-01,SEA202506010,MIN,"Bader, Harrison",badeh001,3,2,empty,empty,1,field_out,7,0,0
2025-06-01,SEA202506010,MIN,"Lee, Brooks",lee-b002,1,0,empty,empty,1,single,8,0,1
2025-06-01,SEA202506010,MIN,"Larnach, Trevor",larnt001,4,0,1B,1B,1,field_out,8,0,1
2025-06-01,SEA202506010,MIN,"Jeffers, Ryan",jeffr002,4,1,1B,1B,1,strikeout,8,0,1
2025-06-01,SEA202506010,MIN,"Wallner, Matt",wallm001,4,2,1B,1B,1,hit_by_pitch,8,0,1
2025-06-01,SEA202506010,MIN,"Correa, Carlos",corrc001,4,2,1B+2B,1B+2B,1,strikeout,8,0,1
2025-06-01,SEA202506010,MIN,"Castro, Willi",castw003,4,0,empty,empty,1,strikeout,9,0,1
2025-06-01,SEA202506010,MIN,"Clemens, Kody",clemk001,4,1,empty,empty,1,walk,9,0,1
2025-06-01,SEA202506010,MIN,"France, Ty",frant002,4,1,1B,1B,1,single,9,0,1
2025-06-01,SEA202506010,MIN,"Bader, Harrison",badeh001,4,1,1B+2B,2B+3B,0,sac_fly,9,0,1
2025-06-01,SEA202506010,MIN,"Lee, Brooks",lee-b002,2,2,3B,3B,1,strikeout,9,1,1
2025-06-02,ATH202506020,MIN,"Buxton, Byron",buxtb001,1,0,empty,empty,1,field_out,1,0,0
2025-06-02,ATH202506020,MIN,"Larnach, Trevor",larnt001,1,1,empty,empty,1,field_out,1,0,0
2025-06-02,ATH202506020,MIN,"Lee, Brooks",lee-b002,1,2,empty,empty,1,field_out,1,0,0
2025-06-02,ATH202506020,MIN,"Wallner, Matt",wallm001,1,0,empty,empty,1,field_out,2,0,0
2025-06-02,ATH202506020,MIN,"Correa, Carlos",corrc001,1,1,empty,empty,1,double,2,0,0
2025-06-02,ATH202506020,MIN,"Castro, Willi",castw003,1,1,2B,2B,1,single,2,0,0
2025-06-02,ATH202506020,MIN,"Clemens, Kody",clemk001,1,1,1B+3B,1B+3B,1,hit_by_pitch,2,0,0
2025-06-02,ATH202506020,MIN,"France, Ty",frant002,1,1,1B+2B+3B,1B+2B+3B,1,single,2,0,0
2025-06-02,ATH202506020,MIN,"Vazquez, Christian",vazqc001,1,1,1B+3B,1B+3B,1,field_out,2,2,0
2025-06-02,ATH202506020,MIN,"Buxton, Byron",buxtb001,2,2,1B+3B,1B+3B,1,double,2,2,0
2025-06-02,ATH202506020,MIN,"Larnach, Trevor",larnt001,2,2,2B,2B,1,single,2,4,0
2025-06-02,ATH202506020,MIN,"Lee, Brooks",lee-b002,2,2,1B,1B,1,double,2,5,0
2025-06-02,ATH202506020,MIN,"Wallner, Matt",wallm001,2,2,2B,2B,1,field_out,2,6,0
2025-06-02,ATH202506020,MIN,"Correa, Carlos",corrc001,2,0,empty,empty,1,field_out,3,6,0
2025-06-02,ATH202506020,MIN,"Castro, Willi",castw003,2,1,empty,empty,1,field_out,3,6,0
2025-06-02,ATH202506020,MIN,"Clemens, Kody",clemk001,2,2,empty,empty,1,field_out,3,6,0
2025-06-02,ATH202506020,MIN,"France, Ty",frant002,2,0,empty,empty,1,field_out,4,6,1
2025-06-02,ATH202506020,MIN,"Vazquez, Christian",vazqc001,2,1,empty,empty,1,field_out,4,6,1
2025-06-02,ATH202506020,MIN,"Buxton, Byron",buxtb001,3,2,empty,empty,1,field_out,4,6,1
2025-06-02,ATH202506020,MIN,"Larnach, Trevor",larnt001,3,0,empty,empty,1,field_out,5,6,4
2025-06-02,ATH202506020,MIN,"Lee, Brooks",lee-b002,3,1,empty,empty,1,field_out,5,6,4
2025-06-02,ATH202506020,MIN,"Wallner, Matt",wallm001,3,2,empty,empty,1,field_out,5,6,4
2025-06-02,ATH202506020,MIN,"Correa, Carlos",corrc001,3,0,empty,empty,1,strikeout,6,6,4
2025-06-02,ATH202506020,MIN,"Castro, Willi",castw003,3,1,empty,empty,1,field_out,6,6,4
2025-06-02,ATH202506020,MIN,"Clemens, Kody",clemk001,3,2,empty,empty,1,single,6,6,4
2025-06-02,ATH202506020,MIN,"France, Ty",frant002,3,2,1B,1B,1,double,6,6,4
2025-06-02,ATH202506020,MIN,"Vazquez, Christian",vazqc001,3,2,2B+3B,2B+3B,1,walk,6,6,4
2025-06-02,ATH202506020,MIN,"Buxton, Byron",buxtb001,4,2,1B+2B+3B,1B+2B+3B,1,single,6,6,4
2025-06-02,ATH202506020,MIN,"Larnach, Trevor",larnt001,4,2,1B+3B,2B+3B,0,walk,6,8,4
2025-06-02,ATH202506020,MIN,"Lee, Brooks",lee-b002,4,2,1B+2B+3B,1B+2B+3B,1,strikeout,6,8,4
2025-06-02,ATH202506020,MIN,"Wallner, Matt",wallm001,4,0,empty,empty,1,strikeout,7,8,4
2025-06-02,ATH202506020,MIN,"Correa, Carlos",corrc001,4,1,empty,empty,1,field_out,7,8,4
2025-06-02,ATH202506020,MIN,"Castro, Willi",castw003,4,2,empty,empty,1,walk,7,8,4
2025-06-02,ATH202506020,MIN,"Clemens, Kody",clemk001,4,2,1B,1B,1,walk,7,8,4
2025-06-02,ATH202506020,MIN,"France, Ty",frant002,4,2,1B+2B,1B+2B,1,field_out,7,8,4
2025-06-02,ATH202506020,MIN,"Vazquez, Christian",vazqc001,4,0,empty,empty,1,single,8,8,4
2025-06-02,ATH202506020,MIN,"Buxton, Byron",buxtb001,5,0,1B,2B,0,field_out,8,8,4
2025-06-02,ATH202506020,MIN,"Larnach, Trevor",larnt001,5,1,2B,2B,1,strikeout,8,8,4
2025-06-02,ATH202506020,MIN,"Lee, Brooks",lee-b002,5,2,2B,2B,1,single,8,8,4
2025-06-02,ATH202506020,MIN,"Wallner, Matt",wallm001,5,2,1B,1B,1,single,8,9,4
2025-06-02,ATH202506020,MIN,"Correa, Carlos",corrc001,5,2,1B+3B,1B+3B,1,field_out,8,9,4
2025-06-02,ATH202506020,MIN,"Castro, Willi",castw003,5,0,empty,empty,1,single,9,9,4
2025-06-02,ATH202506020,MIN,"Clemens, Kody",clemk001,5,0,1B,1B,1,field_out,9,9,4
2025-06-02,ATH202506020,MIN,"France, Ty",frant002,5,1,1B,1B,1,single,9,9,4
2025-06-02,ATH202506020,MIN,"Vazquez, Christian",vazqc001,5,1,1B+2B,1B+2B,1,walk,9,9,4
2025-06-02,ATH202506020,MIN,"Buxton, Byron",buxtb001,6,1,1B+2B+3B,1B+2B+3B,1,sac_fly,9,9,4
2025-06-02,ATH202506020,MIN,"Larnach, Trevor",larnt001,6,2,1B+2B,1B+2B,1,strikeout,9,10,4
2025-06-03,ATH202506030,MIN,"Buxton, Byron",buxtb001,1,0,empty,empty,1,field_out,1,0,0
2025-06-03,ATH202506030,MIN,"Jeffers, Ryan",jeffr002,1,1,empty,empty,1,field_out,1,0,0
2025-06-03,ATH202506030,MIN,"Larnach, Trevor",larnt001,1,2,empty,empty,1,field_out,1,0,0
2025-06-03,ATH202506030,MIN,"Correa, Carlos",corrc001,1,0,empty,empty,1,field_out,2,0,1
2025-06-03,ATH202506030,MIN,"Castro, Willi",castw003,1,1,empty,empty,1,walk,2,0,1
2025-06-03,ATH202506030,MIN,"France, Ty",frant002,1,1,1B,1B,1,single,2,0,1
2025-06-03,ATH202506030,MIN,"Lee, Brooks",lee-b002,1,1,1B+2B,1B+2B,1,strikeout,2,0,1
2025-06-03,ATH202506030,MIN,"Lewis, Royce",lewir003,1,2,1B+2B,1B+2B,1,field_out,2,0,1
2025-06-03,ATH202506030,MIN,"Bader, Harrison",badeh001,1,0,empty,empty,1,strikeout,3,0,1
2025-06-03,ATH202506030,MIN,"Buxton, Byron",buxtb001,2,1,empty,empty,1,single,3,0,1
2025-06-03,ATH202506030,MIN,"Jeffers, Ryan",jeffr002,2,1,1B,1B,1,strikeout,3,0,1
2025-06-03,ATH202506030,MIN,"Larnach, Trevor",larnt001,2,2,1B,1B,1,field_out,3,0,1
2025-06-03,ATH202506030,MIN,"Correa, Carlos",corrc001,2,0,empty,empty,1,strikeout,4,0,2
2025-06-03,ATH202506030,MIN,"Castro, Willi",castw003,2,1,empty,empty,1,home_run,4,0,2
2025-06-03,ATH202506030,MIN,"France, Ty",frant002,2,1,empty,empty,1,hit_by_pitch,4,1,2
2025-06-03,ATH202506030,MIN,"Lee, Brooks",lee-b002,2,1,1B,1B,1,field_out,4,1,2
2025-06-03,ATH202506030,MIN,"Lewis, Royce",lewir003,2,2,1B,1B,1,strikeout,4,1,2
2025-06-03,ATH202506030,MIN,"Bader, Harrison",badeh001,2,0,empty,empty,1,strikeout,5,1,2
2025-06-03,ATH202506030,MIN,"Buxton, Byron",buxtb001,3,1,empty,empty,1,strikeout,5,1,2
2025-06-03,ATH202506030,MIN,"Jeffers, Ryan",jeffr002,3,2,empty,empty,1,strikeout,5,1,2
2025-06-03,ATH202506030,MIN,"Larnach, Trevor",larnt001,3,0,empty,empty,1,home_run,6,1,2
2025-06-03,ATH202506030,MIN,"Correa, Carlos",corrc001,3,0,empty,empty,1,strikeout,6,2,2
2025-06-03,ATH202506030,MIN,"Castro, Willi",castw003,3,1,empty,empty,1,home_run,6,2,2
2025-06-03,ATH202506030,MIN,"France, Ty",frant002,3,1,empty,empty,1,field_out,6,3,2
2025-06-03,ATH202506030,MIN,"Lee, Brooks",lee-b002,3,2,empty,empty,1,single,6,3,2
2025-06-03,ATH202506030,MIN,"Lewis, Royce",lewir003,3,2,1B,1B,1,walk,6,3,2
2025-06-03,ATH202506030,MIN,"Bader, Harrison",badeh001,3,2,1B+2B,1B+2B,1,walk,6,3,2
2025-06-03,ATH202506030,MIN,"Buxton, Byron",buxtb001,4,2,1B+2B+3B,1B+2B+3B,1,single,6,3,2
2025-06-03,ATH202506030,MIN,"Jeffers, Ryan",jeffr002,4,2,2B+3B,2B+3B,1,field_out,6,5,2
2025-06-03,ATH202506030,MIN,"Larnach, Trevor",larnt001,4,0,empty,empty,1,single,7,5,3
2025-06-03,ATH202506030,MIN,"Correa, Carlos",corrc001,4,0,1B,1B,1,walk,7,5,3
2025-06-03,ATH202506030,MIN,"Castro, Willi",castw003,4,0,1B+2B,1B+2B,1,strikeout,7,5,3
2025-06-03,ATH202506030,MIN,"France, Ty",frant002,4,1,1B+2B,1B+2B,1,single,7,5,3
2025-06-03,ATH202506030,MIN,"Lee, Brooks",lee-b002,4,1,1B+2B+3B,1B+2B+3B,1,hit_by_pitch,7,5,3
2025-06-03,ATH202506030,MIN,"Lewis, Royce",lewir003,4,1,1B+2B+3B,1B+2B+3B,1,double,7,6,3
2025-06-03,ATH202506030,MIN,"Bader, Harrison",badeh001,4,1,2B+3B,2B+3B,1,field_out,7,8,3
2025-06-03,ATH202506030,MIN,"Buxton, Byron",buxtb001,5,2,2B+3B,3B,0,strikeout,7,9,3
2025-06-03,ATH202506030,MIN,"Jeffers, Ryan",jeffr002,5,0,empty,empty,1,double,8,9,3
2025-06-03,ATH202506030,MIN,"Larnach, Trevor",larnt001,5,0,2B,2B,1,single,8,9,3
2025-06-03,ATH202506030,MIN,"Correa, Carlos",corrc001,5,0,1B+3B,1B+3B,1,field_out,8,9,3
2025-06-03,ATH202506030,MIN,"Castro, Willi",castw003,5,1,2B,2B,1,strikeout,8,10,3
2025-06-03,ATH202506030,MIN,"France, Ty",frant002,5,2,2B,2B,1,field_out,8,10,3
2025-06-03,ATH202506030,MIN,"Lee, Brooks",lee-b002,5,0,empty,empty,1,strikeout,9,10,3
2025-06-03,ATH202506030,MIN,"Lewis, Royce",lewir003,5,1,empty,empty,1,field_out,9,10,3
2025-06-03,ATH202506030,MIN,"Bader, Harrison",badeh001,5,2,empty,empty,1,walk,9,10,3
2025-06-03,ATH202506030,MIN,"Bride, Jonah",bridj001,1,2,1B,1B,1,strikeout,9,10,3
2025-06-04,ATH202506040,MIN,"Buxton, Byron",buxtb001,1,0,empty,empty,1,field_out,1,0,0
2025-06-04,ATH202506040,MIN,"Jeffers, Ryan",jeffr002,1,1,empty,empty,1,home_run,1,0,0
2025-06-04,ATH202506040,MIN,"Larnach, Trevor",larnt001,1,1,empty,empty,1,field_out,1,1,0
2025-06-04,ATH202506040,MIN,"France, Ty",frant002,1,2,empty,empty,1,strikeout,1,1,0
2025-06-04,ATH202506040,MIN,"Castro, Willi",castw003,1,0,empty,empty,1,strikeout,2,1,0
2025-06-04,ATH202506040,MIN,"Lewis, Royce",lewir003,1,1,empty,empty,1,strikeout,2,1,0
2025-06-04,ATH202506040,MIN,"Bader, Harrison",badeh001,1,2,empty,empty,1,field_out,2,1,0
2025-06-04,ATH202506040,MIN,"Lee, Brooks",lee-b002,1,0,empty,empty,1,single,3,1,0
2025-06-04,ATH202506040,MIN,"Vazquez, Christian",vazqc001,1,0,1B,1B,1,field_out,3,1,0
2025-06-04,ATH202506040,MIN,"Buxton, Byron",buxtb001,2,1,1B,1B,1,strikeout,3,1,0
2025-06-04,ATH202506040,MIN,"Jeffers, Ryan",jeffr002,2,2,1B,2B,0,field_out,3,1,0
2025-06-04,ATH202506040,MIN,"Larnach, Trevor",larnt001,2,0,empty,empty,1,strikeout,4,1,0
2025-06-04,ATH202506040,MIN,"France, Ty",frant002,2,1,empty,empty,1,strikeout,4,1,0
2025-06-04,ATH202506040,MIN,"Castro, Willi",castw003,2,2,empty,empty,1,field_out,4,1,0
2025-06-04,ATH202506040,MIN,"Lewis, Royce",lewir003,2,0,empty,empty,1,single,5,1,0
2025-06-04,ATH202506040,MIN,"Bader, Harrison",badeh001,2,0,1B,1B,1,home_run,5,1,0
2025-06-04,ATH202506040,MIN,"Lee, Brooks",lee-b002,2,0,empty,empty,1,field_out,5,3,0
2025-06-04,ATH202506040,MIN,"Vazquez, Christian",vazqc001,2,1,empty,empty,1,field_out,5,3,0
2025-06-04,ATH202506040,MIN,"Buxton, Byron",buxtb001,3,2,empty,empty,1,field_out,5,3,0
2025-06-04,ATH202506040,MIN,"Jeffers, Ryan",jeffr002,3,0,empty,empty,1,strikeout,6,3,1
2025-06-04,ATH202506040,MIN,"Larnach, Trevor",larnt001,3,1,empty,empty,1,field_out,6,3,1
2025-06-04,ATH202506040,MIN,"France, Ty",frant002,3,2,empty,empty,1,single,6,3,1
2025-06-04,ATH202506040,MIN,"Castro, Willi",castw003,3,2,1B,1B,1,field_out,6,3,1
2025-06-04,ATH202506040,MIN,"Lewis, Royce",lewir003,3,0,empty,empty,1,walk,7,3,1
2025-06-04,ATH202506040,MIN,"Bader, Harrison",badeh001,3,0,1B,1B,1,field_out,7,3,1
2025-06-04,ATH202506040,MIN,"Lee, Brooks",lee-b002,3,1,1B,1B,1,field_out,7,3,1
2025-06-04,ATH202506040,MIN,"Vazquez, Christian",vazqc001,3,2,2B,2B,1,field_out,7,3,1
2025-06-04,ATH202506040,MIN,"Buxton, Byron",buxtb001,4,0,empty,empty,1,field_out,8,3,1
2025-06-04,ATH202506040,MIN,"Jeffers, Ryan",jeffr002,4,1,empty,empty,1,walk,8,3,1
2025-06-04,ATH202506040,MIN,"Larnach, Trevor",larnt001,4,1,1B,1B,1,single,8,3,1
2025-06-04,ATH202506040,MIN,"France, Ty",frant002,4,1,2B,2B,1,strikeout,8,4,1
2025-06-04,ATH202506040,MIN,"Castro, Willi",castw003,4,2,2B,2B,1,single,8,4,1
2025-06-04,ATH202506040,MIN,"Lewis, Royce",lewir003,4,2,1B,1B,1,field_out,8,5,1
2025-06-04,ATH202506040,MIN,"Bader, Harrison",badeh001,4,0,empty,empty,1,strikeout,9,5,1
2025-06-04,ATH202506040,MIN,"Lee, Brooks",lee-b002,4,1,empty,empty,1,field_out,9,5,1
2025-06-04,ATH202506040,MIN,"Vazquez, Christian",vazqc001,4,2,empty,empty,1,walk,9,5,1
2025-06-04,ATH202506040,MIN,"Buxton, Byron",buxtb001,5,2,1B,1B,1,walk,9,5,1
2025-06-04,ATH202506040,MIN,"Jeffers, Ryan",jeffr002,5,2,1B+2B,1B+2B,1,single,9,5,1
2025-06-04,ATH202506040,MIN,"Clemens, Kody",clemk001,1,2,1B+3B,1B+3B,1,field_out,9,6,1
2025-06-05,ATH202506050,MIN,"Buxton, Byron",buxtb001,1,0,empty,empty,1,field_error,1,0,0
2025-06-05,ATH202506050,MIN,"Larnach, Trevor",larnt001,1,0,1B,1B,1,grounded_into_double_play,1,0,0
2025-06-05,ATH202506050,MIN,"Jeffers, Ryan",jeffr002,1,2,empty,empty,1,single,1,0,0
2025-06-05,ATH202506050,MIN,"Wallner, Matt",wallm001,1,2,1B,1B,1,strikeout,1,0,0
2025-06-05,ATH202506050,MIN,"Castro, Willi",castw003,1,0,empty,empty,1,walk,2,0,4
2025-06-05,ATH202506050,MIN,"France, Ty",frant002,1,0,1B,1B,1,field_out,2,0,4
2025-06-05,ATH202506050,MIN,"Clemens, Kody",clemk001,1,1,1B,1B,1,single,2,0,4
2025-06-05,ATH202506050,MIN,"Lee, Brooks",lee-b002,1,1,1B+2B,1B+2B,1,grounded_into_double_play,2,0,4
2025-06-05,ATH202506050,MIN,"Bader, Harrison",badeh001,1,0,empty,empty,1,field_out,3,0,4
2025-06-05,ATH202506050,MIN,"Buxton, Byron",buxtb001,2,1,empty,empty,1,strikeout,3,0,4
2025-06-05,ATH202506050,MIN,"Larnach, Trevor",larnt001,2,2,empty,empty,1,field_out,3,0,4
2025-06-05,ATH202506050,MIN,"Jeffers, Ryan",jeffr002,2,0,empty,empty,1,field_out,4,0,7
2025-06-05,ATH202506050,MIN,"Wallner, Matt",wallm001,2,1,empty,empty,1,home_run,4,0,7
2025-06-05,ATH202506050,MIN,"Castro, Willi",castw003,2,1,empty,empty,1,field_out,4,1,7
2025-06-05,ATH202506050,MIN,"France, Ty",frant002,2,2,empty,empty,1,field_out,4,1,7
2025-06-05,ATH202506050,MIN,"Clemens, Kody",clemk001,2,0,empty,empty,1,field_out,5,1,11
2025-06-05,ATH202506050,MIN,"Lee, Brooks",lee-b002,2,1,empty,empty,1,strikeout,5,1,11
2025-06-05,ATH202506050,MIN,"Bader, Harrison",badeh001,2,2,empty,empty,1,strikeout,5,1,11
2025-06-05,ATH202506050,MIN,"Bride, Jonah",bridj001,1,0,empty,empty,1,field_out,6,1,12
2025-06-05,ATH202506050,MIN,"Larnach, Trevor",larnt001,3,1,empty,empty,1,strikeout,6,1,12
2025-06-05,ATH202506050,MIN,"Jeffers, Ryan",jeffr002,3,2,empty,empty,1,field_out,6,1,12
2025-06-05,ATH202506050,MIN,"Wallner, Matt",wallm001,3,0,empty,empty,1,walk,7,1,12
2025-06-05,ATH202506050,MIN,"Castro, Willi",castw003,3,0,1B,1B,1,field_out,7,1,12
2025-06-05,ATH202506050,MIN,"France, Ty",frant002,3,1,1B,1B,1,double,7,1,12
2025-06-05,ATH202506050,MIN,"Clemens, Kody",clemk001,3,1,2B,2B,1,field_out,7,2,12
2025-06-05,ATH202506050,MIN,"Lee, Brooks",lee-b002,3,2,2B,2B,1,single,7,2,12
2025-06-05,ATH202506050,MIN,"Bader, Harrison",badeh001,3,2,1B,1B,1,walk,7,3,12
2025-06-05,ATH202506050,MIN,"Bride, Jonah",bridj001,2,2,1B+2B,1B+2B,1,strikeout,7,3,12
2025-06-05,ATH202506050,MIN,"Lewis, Royce",lewir003,1,0,empty,empty,1,field_out,8,3,14
2025-06-05,ATH202506050,MIN,"Jeffers, Ryan",jeffr002,4,1,empty,empty,1,walk,8,3,14
2025-06-05,ATH202506050,MIN,"Wallner, Matt",wallm001,4,1,1B,1B,1,strikeout,8,3,14
2025-06-05,ATH202506050,MIN,"Castro, Willi",castw003,4,2,1B,1B,1,field_out,8,3,14
2025-06-05,ATH202506050,MIN,"France, Ty",frant002,4,0,empty,empty,1,field_out,9,3,14
2025-06-05,ATH202506050,MIN,"Clemens, Kody",clemk001,4,1,empty,empty,1,walk,9,3,14
2025-06-05,ATH202506050,MIN,"Lee, Brooks",lee-b002,4,1,1B,1B,1,grounded_into_double_play,9,3,14
2025-06-06,MIN202506060,MIN,"Buxton, Byron",buxtb001,1,0,empty,empty,1,field_out,1,0,0
2025-06-06,MIN202506060,MIN,"Larnach, Trevor",larnt001,1,1,empty,empty,1,home_run,1,0,0
2025-06-06,MIN202506060,MIN,"France, Ty",frant002,1,1,empty,empty,1,field_out,1,1,0
2025-06-06,MIN202506060,MIN,"Wallner, Matt",wallm001,1,2,empty,empty,1,field_out,1,1,0
2025-06-06,MIN202506060,MIN,"Lee, Brooks",lee-b002,1,0,empty,empty,1,single,2,1,0
2025-06-06,MIN202506060,MIN,"Lewis, Royce",lewir003,1,0,1B,1B,1,double,2,1,0
2025-06-06,MIN202506060,MIN,"Clemens, Kody",clemk001,1,0,2B+3B,2B+3B,1,field_out,2,1,0
2025-06-06,MIN202506060,MIN,"Bader, Harrison",badeh001,1,1,3B,3B,1,strikeout,2,2,0
2025-06-06,MIN202506060,MIN,"Vazquez, Christian",vazqc001,1,2,3B,3B,1,double,2,2,0
2025-06-06,MIN202506060,MIN,"Buxton, Byron",buxtb001,2,2,2B,2B,1,field_out,2,3,0
2025-06-06,MIN202506060,MIN,"Larnach, Trevor",larnt001,2,0,empty,empty,1,field_out,3,3,0
2025-06-06,MIN202506060,MIN,"France, Ty",frant002,2,1,empty,empty,1,field_out,3,3,0
2025-06-06,MIN202506060,MIN,"Wallner, Matt",wallm001,2,2,empty,empty,1,strikeout,3,3,0
2025-06-06,MIN202506060,MIN,"Lee, Brooks",lee-b002,2,0,empty,empty,1,field_out,4,3,2
2025-06-06,MIN202506060,MIN,"Lewis, Royce",lewir003,2,1,empty,empty,1,single,4,3,2
2025-06-06,MIN202506060,MIN,"Clemens, Kody",clemk001,2,1,1B,1B,1,field_out,4,3,2
2025-06-06,MIN202506060,MIN,"Bader, Harrison",badeh001,2,2,1B,1B,1,strikeout,4,3,2
2025-06-06,MIN202506060,MIN,"Vazquez, Christian",vazqc001,2,0,empty,empty,1,field_out,5,3,4
2025-06-06,MIN202506060,MIN,"Buxton, Byron",buxtb001,3,1,empty,empty,1,walk,5,3,4
2025-06-06,MIN202506060,MIN,"Larnach, Trevor",larnt001,3,1,1B,1B,1,field_out,5,3,4
2025-06-06,MIN202506060,MIN,"France, Ty",frant002,3,2,1B,1B,1,field_out,5,3,4
2025-06-06,MIN202506060,MIN,"Wallner, Matt",wallm001,3,0,empty,empty,1,strikeout,6,3,5
2025-06-06,MIN202506060,MIN,"Lee, Brooks",lee-b002,3,1,empty,empty,1,strikeout,6,3,5
2025-06-06,MIN202506060,MIN,"Lewis, Royce",lewir003,3,2,empty,empty,1,walk,6,3,5
2025-06-06,MIN202506060,MIN,"Clemens, Kody",clemk001,3,2,1B,1B,1,field_out,6,3,5
2025-06-06,MIN202506060,MIN,"Bader, Harrison",badeh001,3,0,empty,empty,1,strikeout,7,3,5
2025-06-06,MIN202506060,MIN,"Vazquez, Christian",vazqc001,3,1,empty,empty,1,field_out,7,3,5
2025-06-06,MIN202506060,MIN,"Buxton, Byron",buxtb001,4,2,empty,empty,1,field_out,7,3,5
2025-06-06,MIN202506060,MIN,"Larnach, Trevor",larnt001,4,0,empty,empty,1,walk,8,3,6
2025-06-06,MIN202506060,MIN,"France, Ty",frant002,4,0,1B,1B,1,single,8,3,6
2025-06-06,MIN202506060,MIN,"Jeffers, Ryan",jeffr002,1,0,1B+3B,1B+3B,1,strikeout,8,3,6
2025-06-06,MIN202506060,MIN,"Lee, Brooks",lee-b002,4,1,1B+3B,1B+3B,1,strikeout,8,3,6
2025-06-06,MIN202506060,MIN,"Lewis, Royce",lewir003,4,2,1B+3B,1B+3B,1,single,8,3,6
2025-06-06,MIN202506060,MIN,"Clemens, Kody",clemk001,4,2,1B+3B,1B+3B,1,field_out,8,4,6
2025-06-06,MIN202506060,MIN,"Bader, Harrison",badeh001,4,0,empty,empty,1,strikeout,9,4,6
2025-06-06,MIN202506060,MIN,"Vazquez, Christian",vazqc001,4,1,empty,empty,1,strikeout,9,4,6
2025-06-06,MIN202506060,MIN,"Buxton, Byron",buxtb001,5,2,empty,empty,1,walk,9,4,6
2025-06-06,MIN202506060,MIN,"Larnach, Trevor",larnt001,5,2,1B,1B,1,strikeout,9,4,6
2025-06-07,MIN202506070,MIN,"Larnach, Trevor",larnt001,1,0,empty,empty,1,walk,1,0,1
2025-06-07,MIN202506070,MIN,"Jeffers, Ryan",jeffr002,1,0,1B,1B,1,field_out,1,0,1
2025-06-07,MIN202506070,MIN,"Correa, Carlos",corrc001,1,1,1B,1B,1,grounded_into_double_play,1,0,1
2025-06-07,MIN202506070,MIN,"Wallner, Matt",wallm001,1,0,empty,empty,1,field_out,2,0,2
2025-06-07,MIN202506070,MIN,"France, Ty",frant002,1,1,empty,empty,1,field_out,2,0,2
2025-06-07,MIN202506070,MIN,"Lewis, Royce",lewir003,1,2,empty,empty,1,strikeout,2,0,2
2025-06-07,MIN202506070,MIN,"Clemens, Kody",clemk001,1,0,empty,empty,1,field_out,3,0,2
2025-06-07,MIN202506070,MIN,"Castro, Willi",castw003,1,1,empty,empty,1,strikeout,3,0,2
2025-06-07,MIN202506070,MIN,"Bader, Harrison",badeh001,1,2,empty,empty,1,field_out,3,0,2
2025-06-07,MIN202506070,MIN,"Larnach, Trevor",larnt001,2,0,empty,empty,1,field_out,4,0,2
2025-06-07,MIN202506070,MIN,"Jeffers, Ryan",jeffr002,2,1,empty,empty,1,single,4,0,2
2025-06-07,MIN202506070,MIN,"Correa, Carlos",corrc001,2,1,1B,1B,1,single,4,0,2
2025-06-07,MIN202506070,MIN,"Wallner, Matt",wallm001,2,1,1B+2B,1B+2B,1,walk,4,0,2
2025-06-07,MIN202506070,MIN,"France, Ty",frant002,2,1,1B+2B+3B,1B+2B+3B,1,hit_by_pitch,4,0,2
2025-06-07,MIN202506070,MIN,"Lewis, Royce",lewir003,2,1,1B+2B+3B,1B+2B+3B,1,walk,4,1,2
2025-06-07,MIN202506070,MIN,"Clemens, Kody",clemk001,2,1,1B+2B+3B,1B+2B+3B,1,grounded_into_double_play,4,2,2
2025-06-07,MIN202506070,MIN,"Castro, Willi",castw003,2,0,empty,empty,1,strikeout,5,2,2
2025-06-07,MIN202506070,MIN,"Bader, Harrison",badeh001,2,1,empty,empty,1,double,5,2,2
2025-06-07,MIN202506070,MIN,"Larnach, Trevor",larnt001,3,1,2B,2B,1,field_out,5,2,2
2025-06-07,MIN202506070,MIN,"Jeffers, Ryan",jeffr002,3,2,3B,3B,1,strikeout,5,2,2
2025-06-07,MIN202506070,MIN,"Correa, Carlos",corrc001,3,0,empty,empty,1,strikeout,6,2,2
2025-06-07,MIN202506070,MIN,"Wallner, Matt",wallm001,3,1,empty,empty,1,home_run,6,2,2
2025-06-07,MIN202506070,MIN,"France, Ty",frant002,3,1,empty,empty,1,field_out,6,3,2
2025-06-07,MIN202506070,MIN,"Lewis, Royce",lewir003,3,2,empty,empty,1,field_out,6,3,2
2025-06-07,MIN202506070,MIN,"Clemens, Kody",clemk001,3,0,empty,empty,1,field_out,7,3,2
2025-06-07,MIN202506070,MIN,"Castro, Willi",castw003,3,1,empty,empty,1,single,7,3,2
2025-06-07,MIN202506070,MIN,"Bader, Harrison",badeh001,3,1,1B,1B,1,field_out,7,3,2
2025-06-07,MIN202506070,MIN,"Larnach, Trevor",larnt001,4,2,1B,1B,1,single,7,3,2
2025-06-07,MIN202506070,MIN,"Jeffers, Ryan",jeffr002,4,2,1B+3B,1B+3B,1,walk,7,3,2
2025-06-07,MIN202506070,MIN,"Correa, Carlos",corrc001,4,2,1B+2B+3B,1B+2B+3B,1,field_out,7,3,2
2025-06-07,MIN202506070,MIN,"Wallner, Matt",wallm001,4,0,empty,empty,1,strikeout,8,3,4
2025-06-07,MIN202506070,MIN,"France, Ty",frant002,4,1,empty,empty,1,field_out,8,3,4
2025-06-07,MIN202506070,MIN,"Lewis, Royce",lewir003,4,2,empty,empty,1,field_out,8,3,4
2025-06-07,MIN202506070,MIN,"Clemens, Kody",clemk001,4,0,empty,empty,1,home_run,9,3,5
2025-06-07,MIN202506070,MIN,"Castro, Willi",castw003,4,0,empty,empty,1,strikeout,9,4,5
2025-06-07,MIN202506070,MIN,"Bader, Harrison",badeh001,4,1,empty,empty,1,field_out,9,4,5
2025-06-07,MIN202506070,MIN,"Larnach, Trevor",larnt001,5,2,empty,empty,1,field_out,9,4,5
2025-06-08,MIN202506080,MIN,"Buxton, Byron",buxtb001,1,0,empty,empty,1,walk,1,0,0
2025-06-08,MIN202506080,MIN,"Larnach, Trevor",larnt001,1,0,1B,1B,1,strikeout,1,0,0
2025-06-08,MIN202506080,MIN,"Wallner, Matt",wallm001,1,1,1B,1B,1,walk,1,0,0
2025-06-08,MIN202506080,MIN,"Correa, Carlos",corrc001,1,1,1B+2B,1B+2B,1,strikeout,1,0,0
2025-06-08,MIN202506080,MIN,"Clemens, Kody",clemk001,1,2,1B+2B,1B+2B,1,field_out,1,0,0
2025-06-08,MIN202506080,MIN,"Castro, Willi",castw003,1,0,empty,empty,1,walk,2,0,1
2025-06-08,MIN202506080,MIN,"France, Ty",frant002,1,0,1B,1B,1,single,2,0,1
2025-06-08,MIN202506080,MIN,"Lee, Brooks",lee-b002,1,0,1B+2B,1B+2B,1,single,2,0,1
2025-06-08,MIN202506080,MIN,"Vazquez, Christian",vazqc001,1,0,1B+2B+3B,1B+2B+3B,1,field_out,2,0,1
2025-06-08,MIN202506080,MIN,"Buxton, Byron",buxtb001,2,1,2B+3B,2B+3B,1,walk,2,1,1
2025-06-08,MIN202506080,MIN,"Larnach, Trevor",larnt001,2,1,1B+2B+3B,1B+2B+3B,1,sac_fly,2,1,1
2025-06-08,MIN202506080,MIN,"Wallner, Matt",wallm001,2,2,1B+2B,1B+2B,1,field_out,2,2,1
2025-06-08,MIN202506080,MIN,"Correa, Carlos",corrc001,2,0,empty,empty,1,field_out,3,2,3
2025-06-08,MIN202506080,MIN,"Clemens, Kody",clemk001,2,1,empty,empty,1,field_out,3,2,3
2025-06-08,MIN202506080,MIN,"Castro, Willi",castw003,2,2,empty,empty,1,single,3,2,3
2025-06-08,MIN202506080,MIN,"France, Ty",frant002,2,2,1B,1B,1,walk,3,2,3
2025-06-08,MIN202506080,MIN,"Lee, Brooks",lee-b002,2,0,1B+2B,empty,0,home_run,4,2,3
2025-06-08,MIN202506080,MIN,"Vazquez, Christian",vazqc001,2,0,empty,empty,1,home_run,4,3,3
2025-06-08,MIN202506080,MIN,"Buxton, Byron",buxtb001,3,0,empty,empty,1,field_out,4,4,3
2025-06-08,MIN202506080,MIN,"Larnach, Trevor",larnt001,3,1,empty,empty,1,field_out,4,4,3
2025-06-08,MIN202506080,MIN,"Wallner, Matt",wallm001,3,2,empty,empty,1,field_out,4,4,3
2025-06-08,MIN202506080,MIN,"Correa, Carlos",corrc001,3,0,empty,empty,1,field_out,5,4,3
2025-06-08,MIN202506080,MIN,"Lewis, Royce",lewir003,1,1,empty,empty,1,walk,5,4,3
2025-06-08,MIN202506080,MIN,"Castro, Willi",castw003,3,1,1B,1B,1,single,5,4,3
2025-06-08,MIN202506080,MIN,"France, Ty",frant002,3,1,1B+2B,1B+2B,1,double,5,4,3
2025-06-08,MIN202506080,MIN,"Lee, Brooks",lee-b002,3,1,2B+3B,2B+3B,1,walk,5,5,3
2025-06-08,MIN202506080,MIN,"Vazquez, Christian",vazqc001,3,1,1B+2B+3B,1B+2B+3B,1,strikeout,5,5,3
2025-06-08,MIN202506080,MIN,"Buxton, Byron",buxtb001,4,2,1B+2B+3B,1B+2B+3B,1,walk,5,5,3
2025-06-08,MIN202506080,MIN,"Larnach, Trevor",larnt001,4,2,1B+2B+3B,1B+2B+3B,1,field_out,5,6,3
2025-06-08,MIN202506080,MIN,"Wallner, Matt",wallm001,4,0,empty,empty,1,field_out,6,6,3
2025-06-08,MIN202506080,MIN,"Correa, Carlos",corrc001,4,1,empty,empty,1,single,6,6,3
2025-06-08,MIN202506080,MIN,"Lewis, Royce",lewir003,2,1,1B,1B,1,single,6,6,3
2025-06-08,MIN202506080,MIN,"Castro, Willi",castw003,4,1,1B+2B,1B+2B,1,single,6,6,3
2025-06-08,MIN202506080,MIN,"France, Ty",frant002,4,1,1B+2B+3B,1B+2B+3B,1,double_play,6,6,3
2025-06-08,MIN202506080,MIN,"Lee, Brooks",lee-b002,4,0,empty,empty,1,strikeout,7,6,3
2025-06-08,MIN202506080,MIN,"Vazquez, Christian",vazqc001,4,1,empty,empty,1,field_out,7,6,3
2025-06-08,MIN202506080,MIN,"Buxton, Byron",buxtb001,5,2,empty,empty,1,field_error,7,6,3
2025-06-08,MIN202506080,MIN,"Larnach, Trevor",larnt001,5,2,1B,1B,1,field_out,7,6,3
2025-06-08,MIN202506080,MIN,"Wallner, Matt",wallm001,5,0,empty,empty,1,strikeout,8,6,3
2025-06-08,MIN202506080,MIN,"Correa, Carlos",corrc001,5,1,empty,empty,1,single,8,6,3
2025-06-08,MIN202506080,MIN,"Lewis, Royce",lewir003,3,1,1B,1B,1,single,8,6,3
2025-06-08,MIN202506080,MIN,"Castro, Willi",castw003,5,1,1B+2B,1B+2B,1,strikeout,8,6,3
2025-06-08,MIN202506080,MIN,"France, Ty",frant002,5,2,1B+2B,1B+2B,1,strikeout,8,6,3
2025-06-10,MIN202506100,MIN,"Buxton, Byron",buxtb001,1,0,empty,empty,1,double,1,0,0
2025-06-10,MIN202506100,MIN,"Larnach, Trevor",larnt001,1,0,2B,2B,1,field_out,1,0,0
2025-06-10,MIN202506100,MIN,"Jeffers, Ryan",jeffr002,1,1,2B,2B,1,field_out,1,0,0
2025-06-10,MIN202506100,MIN,"Correa, Carlos",corrc001,1,2,2B,2B,1,field_out,1,0,0
2025-06-10,MIN202506100,MIN,"Wallner, Matt",wallm001,1,0,empty,empty,1,field_out,2,0,0
2025-06-10,MIN202506100,MIN,"France, Ty",frant002,1,1,empty,empty,1,field_out,2,0,0
2025-06-10,MIN202506100,MIN,"Lewis, Royce",lewir003,1,2,empty,empty,1,field_out,2,0,0
2025-06-10,MIN202506100,MIN,"Castro, Willi",castw003,1,0,empty,empty,1,field_out,3,0,0
2025-06-10,MIN202506100,MIN,"Bader, Harrison",badeh001,1,1,empty,empty,1,field_out,3,0,0
2025-06-10,MIN202506100,MIN,"Buxton, Byron",buxtb001,2,2,empty,empty,1,single,3,0,0
2025-06-10,MIN202506100,MIN,"Larnach, Trevor",larnt001,2,2,1B,1B,1,field_out,3,0,0
2025-06-10,MIN202506100,MIN,"Jeffers, Ryan",jeffr002,2,0,empty,empty,1,walk,4,0,3
2025-06-10,MIN202506100,MIN,"Correa, Carlos",corrc001,2,0,1B,1B,1,double,4,0,3
2025-06-10,MIN202506100,MIN,"Wallner, Matt",wallm001,2,0,2B+3B,2B+3B,1,strikeout,4,0,3
2025-06-10,MIN202506100,MIN,"France, Ty",frant002,2,1,2B+3B,2B+3B,1,single,4,0,3
2025-06-10,MIN202506100,MIN,"Lewis, Royce",lewir003,2,2,3B,3B,1,single,4,1,3
2025-06-10,MIN202506100,MIN,"Castro, Willi",castw003,2,2,1B,1B,1,strikeout,4,2,3
2025-06-10,MIN202506100,MIN,"Bader, Harrison",badeh001,2,0,empty,empty,1,strikeout,5,2,8
2025-06-10,MIN202506100,MIN,"Buxton, Byron",buxtb001,3,1,empty,empty,1,field_out,5,2,8
2025-06-10,MIN202506100,MIN,"Larnach, Trevor",larnt001,3,2,empty,empty,1,double,5,2,8
2025-06-10,MIN202506100,MIN,"Jeffers, Ryan",jeffr002,3,2,2B,2B,1,single,5,2,8
2025-06-10,MIN202506100,MIN,"Correa, Carlos",corrc001,3,2,1B,1B,1,field_out,5,3,8
2025-06-10,MIN202506100,MIN,"Wallner, Matt",wallm001,3,0,empty,empty,1,home_run,6,3,10
2025-06-10,MIN202506100,MIN,"France, Ty",frant002,3,0,empty,empty,1,single,6,4,10
2025-06-10,MIN202506100,MIN,"Lewis, Royce",lewir003,3,0,1B,1B,1,grounded_into_double_play,6,4,10
2025-06-10,MIN202506100,MIN,"Castro, Willi",castw003,3,2,empty,empty,1,single,6,4,10
2025-06-10,MIN202506100,MIN,"Bader, Harrison",badeh001,3,2,1B,1B,1,field_out,6,4,10
2025-06-10,MIN202506100,MIN,"Buxton, Byron",buxtb001,4,0,empty,empty,1,single,7,4,10
2025-06-10,MIN202506100,MIN,"Larnach, Trevor",larnt001,4,0,1B,1B,1,strikeout,7,4,10
2025-06-10,MIN202506100,MIN,"Jeffers, Ryan",jeffr002,4,1,1B,1B,1,field_out,7,4,10
2025-06-10,MIN202506100,MIN,"Correa, Carlos",corrc001,4,2,1B,1B,1,field_out,7,4,10
2025-06-10,MIN202506100,MIN,"Wallner, Matt",wallm001,4,0,empty,empty,1,field_out,8,4,16
2025-06-10,MIN202506100,MIN,"France, Ty",frant002,4,1,empty,empty,1,walk,8,4,16
2025-06-10,MIN202506100,MIN,"Lewis, Royce",lewir003,4,1,1B,1B,1,field_out,8,4,16
2025-06-10,MIN202506100,MIN,"Castro, Willi",castw003,4,2,1B,1B,1,field_out,8,4,16
2025-06-10,MIN202506100,MIN,"Bader, Harrison",badeh001,4,0,empty,empty,1,single,9,4,16
2025-06-10,MIN202506100,MIN,"Bride, Jonah",bridj001,1,0,1B,1B,1,grounded_into_double_play,9,4,16
2025-06-10,MIN202506100,MIN,"Clemens, Kody",clemk001,1,2,empty,empty,1,field_out,9,4,16
2025-06-11,MIN202506110,MIN,"Buxton, Byron",buxtb001,1,0,empty,empty,1,walk,1,0,0
2025-06-11,MIN202506110,MIN,"Larnach, Trevor",larnt001,1,0,1B,1B,1,field_out,1,0,0
2025-06-11,MIN202506110,MIN,"Wallner, Matt",wallm001,1,1,2B,2B,1,strikeout,1,0,0
2025-06-11,MIN202506110,MIN,"France, Ty",frant002,1,2,2B,2B,1,field_out,1,0,0
2025-06-11,MIN202506110,MIN,"Castro, Willi",castw003,1,0,empty,empty,1,single,2,0,1
2025-06-11,MIN202506110,MIN,"Correa, Carlos",corrc001,1,0,1B,1B,1,strikeout_double_play,2,0,1
2025-06-11,MIN202506110,MIN,"Clemens, Kody",clemk001,1,2,empty,empty,1,field_out,2,0,1
2025-06-11,MIN202506110,MIN,"Lee, Brooks",lee-b002,1,0,empty,empty,1,double,3,0,2
2025-06-11,MIN202506110,MIN,"Vazquez, Christian",vazqc001,1,0,2B,2B,1,walk,3,0,2
2025-06-11,MIN202506110,MIN,"Buxton, Byron",buxtb001,2,0,1B+2B,1B+2B,1,home_run,3,0,2
2025-06-11,MIN202506110,MIN,"Larnach, Trevor",larnt001,2,0,empty,empty,1,field_out,3,3,2
2025-06-11,MIN202506110,MIN,"Wallner, Matt",wallm001,2,1,empty,empty,1,field_out,3,3,2
2025-06-11,MIN202506110,MIN,"France, Ty",frant002,2,2,empty,empty,1,strikeout,3,3,2
2025-06-11,MIN202506110,MIN,"Castro, Willi",castw003,2,0,empty,empty,1,walk,4,3,2
2025-06-11,MIN202506110,MIN,"Correa, Carlos",corrc001,2,0,1B,1B,1,grounded_into_double_play,4,3,2
2025-06-11,MIN202506110,MIN,"Clemens, Kody",clemk001,2,2,empty,empty,1,walk,4,3,2
2025-06-11,MIN202506110,MIN,"Lee, Brooks",lee-b002,2,2,1B,1B,1,single,4,3,2
2025-06-11,MIN202506110,MIN,"Vazquez, Christian",vazqc001,2,2,1B+3B,1B+3B,1,field_out,4,3,2
2025-06-11,MIN202506110,MIN,"Buxton, Byron",buxtb001,3,0,empty,empty,1,double,5,3,2
2025-06-11,MIN202506110,MIN,"Jeffers, Ryan",jeffr002,1,0,2B,2B,1,field_out,5,3,2
2025-06-11,MIN202506110,MIN,"Wallner, Matt",wallm001,3,1,3B,3B,1,fielders_choice_out,5,3,2
2025-06-11,MIN202506110,MIN,"France, Ty",frant002,3,2,1B,1B,1,single,5,3,2
2025-06-11,MIN202506110,MIN,"Castro, Willi",castw003,3,2,1B+2B,1B+2B,1,triple,5,3,2
2025-06-11,MIN202506110,MIN,"Correa, Carlos",corrc001,3,2,3B,3B,1,double,5,5,2
2025-06-11,MIN202506110,MIN,"Clemens, Kody",clemk001,3,2,2B,2B,1,field_out,5,6,2
2025-06-11,MIN202506110,MIN,"Lee, Brooks",lee-b002,3,0,empty,empty,1,field_out,6,6,2
2025-06-11,MIN202506110,MIN,"Vazquez, Christian",vazqc001,3,1,empty,empty,1,field_out,6,6,2
2025-06-11,MIN202506110,MIN,"Buxton, Byron",buxtb001,4,2,empty,empty,1,single,6,6,2
2025-06-11,MIN202506110,MIN,"Jeffers, Ryan",jeffr002,2,2,1B,2B,0,field_out,6,6,2
2025-06-11,MIN202506110,MIN,"Wallner, Matt",wallm001,4,0,empty,empty,1,field_out,7,6,2
2025-06-11,MIN202506110,MIN,"France, Ty",frant002,4,1,empty,empty,1,field_out,7,6,2
2025-06-11,MIN202506110,MIN,"Castro, Willi",castw003,4,2,empty,empty,1,strikeout,7,6,2
2025-06-11,MIN202506110,MIN,"Correa, Carlos",corrc001,4,0,empty,empty,1,single,8,6,2
2025-06-11,MIN202506110,MIN,"Clemens, Kody",clemk001,4,0,1B,1B,1,field_out,8,6,2
2025-06-11,MIN202506110,MIN,"Lee, Brooks",lee-b002,4,1,1B,1B,1,strikeout,8,6,2
2025-06-11,MIN202506110,MIN,"Vazquez, Christian",vazqc001,4,2,1B,1B,1,field_out,8,6,2
2025-06-12,MIN202506120,MIN,"Buxton, Byron",buxtb001,1,0,empty,empty,1,walk,1,0,1
2025-06-12,MIN202506120,MIN,"Jeffers, Ryan",jeffr002,1,0,1B,1B,1,walk,1,0,1
2025-06-12,MIN202506120,MIN,"Correa, Carlos",corrc001,1,0,1B+2B,1B+2B,1,single,1,0,1
2025-06-12,MIN202506120,MIN,"France, Ty",frant002,1,0,1B+2B,1B+2B,1,strikeout,1,1,1
2025-06-12,MIN202506120,MIN,"Lewis, Royce",lewir003,1,1,1B+2B,1B+2B,1,field_out,1,1,1
2025-06-12,MIN202506120,MIN,"Castro, Willi",castw003,1,2,1B+2B,1B+2B,1,strikeout,1,1,1
2025-06-12,MIN202506120,MIN,"Lee, Brooks",lee-b002,1,0,empty,empty,1,single,2,1,6
2025-06-12,MIN202506120,MIN,"Bride, Jonah",bridj001,1,0,1B,1B,1,walk,2,1,6
2025-06-12,MIN202506120,MIN,"Bader, Harrison",badeh001,1,0,1B+2B,1B+2B,1,single,2,1,6
2025-06-12,MIN202506120,MIN,"Buxton, Byron",buxtb001,2,0,1B+2B+3B,1B+2B+3B,1,field_out,2,1,6
2025-06-12,MIN202506120,MIN,"Jeffers, Ryan",jeffr002,2,1,1B+2B+3B,1B+2B+3B,1,strikeout,2,1,6
2025-06-12,MIN202506120,MIN,"Correa, Carlos",corrc001,2,2,1B+2B+3B,1B+2B+3B,1,field_out,2,1,6
2025-06-12,MIN202506120,MIN,"France, Ty",frant002,2,0,empty,empty,1,field_out,3,1,6
2025-06-12,MIN202506120,MIN,"Lewis, Royce",lewir003,2,1,empty,empty,1,field_out,3,1,6
2025-06-12,MIN202506120,MIN,"Castro, Willi",castw003,2,2,empty,empty,1,field_out,3,1,6
2025-06-12,MIN202506120,MIN,"Lee, Brooks",lee-b002,2,0,empty,empty,1,field_out,4,1,6
2025-06-12,MIN202506120,MIN,"Bride, Jonah",bridj001,2,1,empty,empty,1,strikeout,4,1,6
2025-06-12,MIN202506120,MIN,"Bader, Harrison",badeh001,2,2,empty,empty,1,strikeout,4,1,6
2025-06-12,MIN202506120,MIN,"Buxton, Byron",buxtb001,3,0,empty,empty,1,strikeout,5,1,7
2025-06-12,MIN202506120,MIN,"Jeffers, Ryan",jeffr002,3,1,empty,empty,1,field_out,5,1,7
2025-06-12,MIN202506120,MIN,"Correa, Carlos",corrc001,3,2,empty,empty,1,field_out,5,1,7
2025-06-12,MIN202506120,MIN,"France, Ty",frant002,3,0,empty,empty,1,single,6,1,13
2025-06-12,MIN202506120,MIN,"Lewis, Royce",lewir003,3,0,1B,1B,1,single,6,1,13
2025-06-12,MIN202506120,MIN,"Castro, Willi",castw003,3,0,1B+2B,1B+2B,1,double,6,1,13
2025-06-12,MIN202506120,MIN,"Lee, Brooks",lee-b002,3,0,2B+3B,2B+3B,1,field_out,6,2,13
2025-06-12,MIN202506120,MIN,"Bride, Jonah",bridj001,3,1,3B,3B,1,strikeout,6,3,13
2025-06-12,MIN202506120,MIN,"Bader, Harrison",badeh001,3,2,3B,3B,1,field_out,6,3,13
2025-06-12,MIN202506120,MIN,"Clemens, Kody",clemk001,1,0,empty,empty,1,field_out,7,3,13
2025-06-12,MIN202506120,MIN,"Jeffers, Ryan",jeffr002,4,1,empty,empty,1,strikeout,7,3,13
2025-06-12,MIN202506120,MIN,"Wallner, Matt",wallm001,1,2,empty,empty,1,double,7,3,13
2025-06-12,MIN202506120,MIN,"France, Ty",frant002,4,2,2B,2B,1,field_out,7,3,13
2025-06-12,MIN202506120,MIN,"Lewis, Royce",lewir003,4,0,empty,empty,1,strikeout,8,3,13
2025-06-12,MIN202506120,MIN,"Castro, Willi",castw003,4,1,empty,empty,1,single,8,3,13
2025-06-12,MIN202506120,MIN,"Lee, Brooks",lee-b002,4,1,1B,1B,1,field_out,8,3,13
2025-06-12,MIN202506120,MIN,"Bride, Jonah",bridj001,4,2,1B,1B,1,field_out,8,3,13
2025-06-12,MIN202506120,MIN,"Bader, Harrison",badeh001,4,0,empty,empty,1,field_out,9,3,16
2025-06-12,MIN202506120,MIN,"Clemens, Kody",clemk001,2,1,empty,empty,1,field_out,9,3,16
2025-06-12,MIN202506120,MIN,"Jeffers, Ryan",jeffr002,5,2,empty,empty,1,field_out,9,3,16
2025-06-13,HOU202506130,MIN,"Buxton, Byron",buxtb001,1,0,empty,empty,1,single,1,0,0
2025-06-13,HOU202506130,MIN,"Jeffers, Ryan",jeffr002,1,0,1B,1B,1,grounded_into_double_play,1,0,0
2025-06-13,HOU202506130,MIN,"Correa, Carlos",corrc001,1,2,empty,empty,1,field_out,1,0,0
2025-06-13,HOU202506130,MIN,"France, Ty",frant002,1,0,empty,empty,1,field_out,2,0,3
2025-06-13,HOU202506130,MIN,"Lewis, Royce",lewir003,1,1,empty,empty,1,field_out,2,0,3
2025-06-13,HOU202506130,MIN,"Castro, Willi",castw003,1,2,empty,empty,1,field_out,2,0,3
2025-06-13,HOU202506130,MIN,"Wallner, Matt",wallm001,1,0,empty,empty,1,strikeout,3,0,5
2025-06-13,HOU202506130,MIN,"Lee, Brooks",lee-b002,1,1,empty,empty,1,single,3,0,5
2025-06-13,HOU202506130,MIN,"Bader, Harrison",badeh001,1,1,1B,1B,1,double,3,0,5
2025-06-13,HOU202506130,MIN,"Buxton, Byron",buxtb001,2,1,2B+3B,2B+3B,1,field_out,3,0,5
2025-06-13,HOU202506130,MIN,"Jeffers, Ryan",jeffr002,2,2,2B+3B,2B+3B,1,walk,3,0,5
2025-06-13,HOU202506130,MIN,"Correa, Carlos",corrc001,2,2,1B+2B+3B,1B+2B+3B,1,field_out,3,0,5
2025-06-13,HOU202506130,MIN,"France, Ty",frant002,2,0,empty,empty,1,field_out,4,0,8
2025-06-13,HOU202506130,MIN,"Lewis, Royce",lewir003,2,1,empty,empty,1,field_out,4,0,8
2025-06-13,HOU202506130,MIN,"Castro, Willi",castw003,2,2,empty,empty,1,home_run,4,0,8
2025-06-13,HOU202506130,MIN,"Wallner, Matt",wallm001,2,2,empty,empty,1,strikeout,4,1,8
2025-06-13,HOU202506130,MIN,"Lee, Brooks",lee-b002,2,0,empty,empty,1,strikeout,5,1,9
2025-06-13,HOU202506130,MIN,"Bader, Harrison",badeh001,2,1,empty,empty,1,single,5,1,9
2025-06-13,HOU202506130,MIN,"Buxton, Byron",buxtb001,3,1,1B,1B,1,strikeout,5,1,9
2025-06-13,HOU202506130,MIN,"Jeffers, Ryan",jeffr002,3,2,1B,1B,1,field_out,5,1,9
2025-06-13,HOU202506130,MIN,"Correa, Carlos",corrc001,3,0,empty,empty,1,strikeout,6,1,9
2025-06-13,HOU202506130,MIN,"France, Ty",frant002,3,1,empty,empty,1,field_out,6,1,9
2025-06-13,HOU202506130,MIN,"Lewis, Royce",lewir003,3,2,empty,empty,1,home_run,6,1,9
2025-06-13,HOU202506130,MIN,"Castro, Willi",castw003,3,2,empty,empty,1,field_out,6,2,9
2025-06-13,HOU202506130,MIN,"Wallner, Matt",wallm001,3,0,empty,empty,1,field_out,7,2,9
2025-06-13,HOU202506130,MIN,"Lee, Brooks",lee-b002,3,1,empty,empty,1,field_out,7,2,9
2025-06-13,HOU202506130,MIN,"Bader, Harrison",badeh001,3,2,empty,empty,1,strikeout,7,2,9
2025-06-13,HOU202506130,MIN,"Buxton, Byron",buxtb001,4,0,empty,empty,1,field_out,8,2,9
2025-06-13,HOU202506130,MIN,"Jeffers, Ryan",jeffr002,4,1,empty,empty,1,strikeout,8,2,9
2025-06-13,HOU202506130,MIN,"Correa, Carlos",corrc001,4,2,empty,empty,1,strikeout,8,2,9
2025-06-13,HOU202506130,MIN,"France, Ty",frant002,4,0,empty,empty,1,home_run,9,2,10
2025-06-13,HOU202506130,MIN,"Lewis, Royce",lewir003,4,0,empty,empty,1,single,9,3,10
2025-06-13,HOU202506130,MIN,"Castro, Willi",castw003,4,0,1B,1B,1,grounded_into_double_play,9,3,10
2025-06-13,HOU202506130,MIN,"Wallner, Matt",wallm001,4,2,empty,empty,1,field_out,9,3,10
2025-06-14,HOU202506140,MIN,"Buxton, Byron",buxtb001,1,0,empty,empty,1,strikeout,1,0,0
2025-06-14,HOU202506140,MIN,"Larnach, Trevor",larnt001,1,1,empty,empty,1,strikeout,1,0,0
2025-06-14,HOU202506140,MIN,"Castro, Willi",castw003,1,2,empty,empty,1,strikeout,1,0,0
2025-06-14,HOU202506140,MIN,"Wallner, Matt",wallm001,1,0,empty,empty,1,field_out,2,0,0
2025-06-14,HOU202506140,MIN,"Correa, Carlos",corrc001,1,1,empty,empty,1,strikeout,2,0,0
2025-06-14,HOU202506140,MIN,"Lee, Brooks",lee-b002,1,2,empty,empty,1,strikeout,2,0,0
2025-06-14,HOU202506140,MIN,"France, Ty",frant002,1,0,empty,empty,1,field_out,3,0,0
2025-06-14,HOU202506140,MIN,"Clemens, Kody",clemk001,1,1,empty,empty,1,strikeout,3,0,0
2025-06-14,HOU202506140,MIN,"Vazquez, Christian",vazqc001,1,2,empty,empty,1,field_out,3,0,0
2025-06-14,HOU202506140,MIN,"Buxton, Byron",buxtb001,2,0,empty,empty,1,field_out,4,0,2
2025-06-14,HOU202506140,MIN,"Larnach, Trevor",larnt001,2,1,empty,empty,1,strikeout,4,0,2
2025-06-14,HOU202506140,MIN,"Castro, Willi",castw003,2,2,empty,empty,1,single,4,0,2
2025-06-14,HOU202506140,MIN,"Wallner, Matt",wallm001,2,2,1B,1B,1,strikeout,4,0,2
2025-06-14,HOU202506140,MIN,"Correa, Carlos",corrc001,2,0,empty,empty,1,single,5,0,2
2025-06-14,HOU202506140,MIN,"Lee, Brooks",lee-b002,2,0,1B,1B,1,home_run,5,0,2
2025-06-14,HOU202506140,MIN,"France, Ty",frant002,2,0,empty,empty,1,field_out,5,2,2
2025-06-14,HOU202506140,MIN,"Clemens, Kody",clemk001,2,1,empty,empty,1,field_out,5,2,2
2025-06-14,HOU202506140,MIN,"Vazquez, Christian",vazqc001,2,2,empty,empty,1,field_out,5,2,2
2025-06-14,HOU202506140,MIN,"Buxton, Byron",buxtb001,3,0,empty,empty,1,hit_by_pitch,6,2,2
2025-06-14,HOU202506140,MIN,"Larnach, Trevor",larnt001,3,0,1B,2B,0,walk,6,2,2
2025-06-14,HOU202506140,MIN,"Castro, Willi",castw003,3,0,1B+2B,1B+2B,1,strikeout,6,2,2
2025-06-14,HOU202506140,MIN,"Wallner, Matt",wallm001,3,1,1B+2B,1B+2B,1,field_out,6,2,2
2025-06-14,HOU202506140,MIN,"Correa, Carlos",corrc001,3,2,1B+2B,1B+2B,1,strikeout,6,2,2
2025-06-14,HOU202506140,MIN,"Lee, Brooks",lee-b002,3,0,empty,empty,1,strikeout,7,2,2
2025-06-14,HOU202506140,MIN,"France, Ty",frant002,3,1,empty,empty,1,strikeout,7,2,2
2025-06-14,HOU202506140,MIN,"Clemens, Kody",clemk001,3,2,empty,empty,1,field_out,7,2,2
2025-06-14,HOU202506140,MIN,"Vazquez, Christian",vazqc001,3,0,empty,empty,1,strikeout,8,2,2
2025-06-14,HOU202506140,MIN,"Bader, Harrison",badeh001,1,1,empty,empty,1,walk,8,2,2
2025-06-14,HOU202506140,MIN,"Larnach, Trevor",larnt001,4,1,1B,2B,0,strikeout,8,2,2
2025-06-14,HOU202506140,MIN,"Castro, Willi",castw003,4,2,2B,2B,1,strikeout,8,2,2
2025-06-14,HOU202506140,MIN,"Wallner, Matt",wallm001,4,0,empty,empty,1,field_out,9,2,2
2025-06-14,HOU202506140,MIN,"Correa, Carlos",corrc001,4,1,empty,empty,1,strikeout,9,2,2
2025-06-14,HOU202506140,MIN,"Lee, Brooks",lee-b002,4,2,empty,empty,1,strikeout,9,2,2
2025-06-15,HOU202506150,MIN,"Jeffers, Ryan",jeffr002,1,0,empty,empty,1,strikeout,1,0,0
2025-06-15,HOU202506150,MIN,"Correa, Carlos",corrc001,1,1,empty,empty,1,field_out,1,0,0
2025-06-15,HOU202506150,MIN,"Castro, Willi",castw003,1,2,empty,empty,1,single,1,0,0
2025-06-15,HOU202506150,MIN,"France, Ty",frant002,1,2,1B,1B,1,field_out,1,0,0
2025-06-15,HOU202506150,MIN,"Wallner, Matt",wallm001,1,0,empty,empty,1,strikeout,2,0,0
2025-06-15,HOU202506150,MIN,"Bride, Jonah",bridj001,1,1,empty,empty,1,field_out,2,0,0
2025-06-15,HOU202506150,MIN,"Bader, Harrison",badeh001,1,2,empty,empty,1,strikeout,2,0,0
2025-06-15,HOU202506150,MIN,"Lee, Brooks",lee-b002,1,0,empty,empty,1,home_run,3,0,0
2025-06-15,HOU202506150,MIN,"Vazquez, Christian",vazqc001,1,0,empty,empty,1,field_out,3,1,0
2025-06-15,HOU202506150,MIN,"Jeffers, Ryan",jeffr002,2,1,empty,empty,1,field_out,3,1,0
2025-06-15,HOU202506150,MIN,"Correa, Carlos",corrc001,2,2,empty,empty,1,single,3,1,0
2025-06-15,HOU202506150,MIN,"Castro, Willi",castw003,2,2,1B,1B,1,single,3,1,0
2025-06-15,HOU202506150,MIN,"France, Ty",frant002,2,2,1B+2B,1B+2B,1,field_out,3,1,0
2025-06-15,HOU202506150,MIN,"Wallner, Matt",wallm001,2,0,empty,empty,1,field_out,4,1,0
2025-06-15,HOU202506150,MIN,"Bride, Jonah",bridj001,2,1,empty,empty,1,field_out,4,1,0
2025-06-15,HOU202506150,MIN,"Bader, Harrison",badeh001,2,2,empty,empty,1,strikeout,4,1,0
2025-06-15,HOU202506150,MIN,"Lee, Brooks",lee-b002,2,0,empty,empty,1,single,5,1,0
2025-06-15,HOU202506150,MIN,"Vazquez, Christian",vazqc001,2,0,1B,1B,1,field_out,5,1,0
2025-06-15,HOU202506150,MIN,"Jeffers, Ryan",jeffr002,3,1,1B,1B,1,hit_by_pitch,5,1,0
2025-06-15,HOU202506150,MIN,"Correa, Carlos",corrc001,3,1,1B+2B,1B+2B,1,field_out,5,1,0
2025-06-15,HOU202506150,MIN,"Castro, Willi",castw003,3,2,2B+3B,2B+3B,1,strikeout,5,1,0
2025-06-15,HOU202506150,MIN,"France, Ty",frant002,3,0,empty,empty,1,strikeout,6,1,0
2025-06-15,HOU202506150,MIN,"Wallner, Matt",wallm001,3,1,empty,empty,1,field_out,6,1,0
2025-06-15,HOU202506150,MIN,"Bride, Jonah",bridj001,3,2,empty,empty,1,strikeout,6,1,0
2025-06-15,HOU202506150,MIN,"Bader, Harrison",badeh001,3,0,empty,empty,1,strikeout,7,1,0
2025-06-15,HOU202506150,MIN,"Lee, Brooks",lee-b002,3,1,empty,empty,1,single,7,1,0
2025-06-15,HOU202506150,MIN,"Vazquez, Christian",vazqc001,3,1,1B,1B,1,strikeout,7,1,0
2025-06-15,HOU202506150,MIN,"Jeffers, Ryan",jeffr002,4,2,1B,1B,1,single,7,1,0
2025-06-15,HOU202506150,MIN,"Correa, Carlos",corrc001,4,2,1B+2B,1B+2B,1,field_out,7,1,0
2025-06-15,HOU202506150,MIN,"Castro, Willi",castw003,4,0,empty,empty,1,double,8,1,0
2025-06-15,HOU202506150,MIN,"France, Ty",frant002,4,0,2B,2B,1,fielders_choice_out,8,1,0
2025-06-15,HOU202506150,MIN,"Wallner, Matt",wallm001,4,1,1B,1B,1,grounded_into_double_play,8,1,0
2025-06-15,HOU202506150,MIN,"Bride, Jonah",bridj001,4,0,empty,empty,1,field_out,9,1,0
2025-06-15,HOU202506150,MIN,"Bader, Harrison",badeh001,4,1,empty,empty,1,strikeout,9,1,0
2025-06-15,HOU202506150,MIN,"Lee, Brooks",lee-b002,4,2,empty,empty,1,strikeout,9,1,0
2025-06-15,HOU202506150,MIN,"Vazquez, Christian",vazqc001,4,0,2B,2B,1,field_out,10,1,1
2025-06-15,HOU202506150,MIN,"Jeffers, Ryan",jeffr002,5,1,2B,2B,1,strikeout,10,1,1
2025-06-15,HOU202506150,MIN,"Correa, Carlos",corrc001,5,2,2B,2B,1,field_out,10,1,1
2025-06-17,CIN202506170,MIN,"Buxton, Byron",buxtb001,1,0,empty,empty,1,field_out,1,0,0
2025-06-17,CIN202506170,MIN,"Jeffers, Ryan",jeffr002,1,1,empty,empty,1,single,1,0,0
2025-06-17,CIN202506170,MIN,"Castro, Willi",castw003,1,1,1B,1B,1,field_out,1,0,0
2025-06-17,CIN202506170,MIN,"Correa, Carlos",corrc001,1,2,1B,1B,1,field_out,1,0,0
2025-06-17,CIN202506170,MIN,"France, Ty",frant002,1,0,empty,empty,1,field_out,2,0,0
2025-06-17,CIN202506170,MIN,"Lee, Brooks",lee-b002,1,1,empty,empty,1,strikeout,2,0,0
2025-06-17,CIN202506170,MIN,"Larnach, Trevor",larnt001,1,2,empty,empty,1,double,2,0,0
2025-06-17,CIN202506170,MIN,"Bader, Harrison",badeh001,1,2,2B,2B,1,strikeout,2,0,0
2025-06-17,CIN202506170,MIN,"Bride, Jonah",bridj001,1,0,empty,empty,1,strikeout,3,0,0
2025-06-17,CIN202506170,MIN,"Buxton, Byron",buxtb001,2,1,empty,empty,1,home_run,3,0,0
2025-06-17,CIN202506170,MIN,"Jeffers, Ryan",jeffr002,2,1,empty,empty,1,single,3,1,0
2025-06-17,CIN202506170,MIN,"Castro, Willi",castw003,2,1,1B,1B,1,strikeout,3,1,0
2025-06-17,CIN202506170,MIN,"Correa, Carlos",corrc001,2,2,1B,1B,1,field_out,3,1,0
2025-06-17,CIN202506170,MIN,"France, Ty",frant002,2,0,empty,empty,1,strikeout,4,1,0
2025-06-17,CIN202506170,MIN,"Lee, Brooks",lee-b002,2,1,empty,empty,1,field_out,4,1,0
2025-06-17,CIN202506170,MIN,"Larnach, Trevor",larnt001,2,2,empty,empty,1,field_out,4,1,0
2025-06-17,CIN202506170,MIN,"Bader, Harrison",badeh001,2,0,empty,empty,1,field_out,5,1,4
2025-06-17,CIN202506170,MIN,"Bride, Jonah",bridj001,2,1,empty,empty,1,single,5,1,4
2025-06-17,CIN202506170,MIN,"Buxton, Byron",buxtb001,3,1,1B,1B,1,field_out,5,1,4
2025-06-17,CIN202506170,MIN,"Vazquez, Christian",vazqc001,1,2,1B,1B,1,field_out,5,1,4
2025-06-17,CIN202506170,MIN,"Castro, Willi",castw003,3,0,empty,empty,1,field_out,6,1,4
2025-06-17,CIN202506170,MIN,"Correa, Carlos",corrc001,3,1,empty,empty,1,field_out,6,1,4
2025-06-17,CIN202506170,MIN,"France, Ty",frant002,3,2,empty,empty,1,field_error,6,1,4
2025-06-17,CIN202506170,MIN,"Lee, Brooks",lee-b002,3,2,1B,1B,1,single,6,1,4
2025-06-17,CIN202506170,MIN,"Larnach, Trevor",larnt001,3,2,1B+2B,1B+2B,1,single,6,1,4
2025-06-17,CIN202506170,MIN,"Bader, Harrison",badeh001,3,2,1B+3B,1B+3B,1,home_run,6,2,4
2025-06-17,CIN202506170,MIN,"Wallner, Matt",wallm001,1,2,empty,empty,1,strikeout,6,5,4
2025-06-17,CIN202506170,MIN,"Buxton, Byron",buxtb001,4,0,empty,empty,1,strikeout,7,5,6
2025-06-17,CIN202506170,MIN,"Vazquez, Christian",vazqc001,2,1,empty,empty,1,field_out,7,5,6
2025-06-17,CIN202506170,MIN,"Castro, Willi",castw003,4,2,empty,empty,1,field_out,7,5,6
2025-06-17,CIN202506170,MIN,"Correa, Carlos",corrc001,4,0,empty,empty,1,strikeout,8,5,6
2025-06-17,CIN202506170,MIN,"France, Ty",frant002,4,1,empty,empty,1,hit_by_pitch,8,5,6
2025-06-17,CIN202506170,MIN,"Lee, Brooks",lee-b002,4,1,1B,1B,1,strikeout_double_play,8,5,6
2025-06-17,CIN202506170,MIN,"Larnach, Trevor",larnt001,4,0,empty,empty,1,field_out,9,5,6
2025-06-17,CIN202506170,MIN,"Bader, Harrison",badeh001,4,1,empty,empty,1,walk,9,5,6
2025-06-17,CIN202506170,MIN,"Wallner, Matt",wallm001,2,1,1B,1B,1,strikeout,9,5,6
2025-06-17,CIN202506170,MIN,"Buxton, Byron",buxtb001,5,2,1B,1B,1,walk,9,5,6
2025-06-17,CIN202506170,MIN,"Vazquez, Christian",vazqc001,3,2,1B+2B,1B+2B,1,strikeout,9,5,6
2025-06-18,CIN202506180,MIN,"Buxton, Byron",buxtb001,1,0,empty,empty,1,home_run,1,0,0
2025-06-18,CIN202506180,MIN,"France, Ty",frant002,1,0,empty,empty,1,strikeout,1,1,0
2025-06-18,CIN202506180,MIN,"Correa, Carlos",corrc001,1,1,empty,empty,1,walk,1,1,0
2025-06-18,CIN202506180,MIN,"Wallner, Matt",wallm001,1,1,1B,1B,1,field_out,1,1,0
2025-06-18,CIN202506180,MIN,"Castro, Willi",castw003,1,2,1B,1B,1,hit_by_pitch,1,1,0
2025-06-18,CIN202506180,MIN,"Bader, Harrison",badeh001,1,2,1B+2B,1B+2B,1,strikeout,1,1,0
2025-06-18,CIN202506180,MIN,"Lee, Brooks",lee-b002,1,0,empty,empty,1,field_out,2,1,2
2025-06-18,CIN202506180,MIN,"Larnach, Trevor",larnt001,1,1,empty,empty,1,field_out,2,1,2
2025-06-18,CIN202506180,MIN,"Vazquez, Christian",vazqc001,1,2,empty,empty,1,strikeout,2,1,2
2025-06-18,CIN202506180,MIN,"Buxton, Byron",buxtb001,2,0,empty,empty,1,field_out,3,1,3
2025-06-18,CIN202506180,MIN,"France, Ty",frant002,2,1,empty,empty,1,field_out,3,1,3
2025-06-18,CIN202506180,MIN,"Correa, Carlos",corrc001,2,2,empty,empty,1,walk,3,1,3
2025-06-18,CIN202506180,MIN,"Wallner, Matt",wallm001,2,2,1B,1B,1,field_out,3,1,3
2025-06-18,CIN202506180,MIN,"Castro, Willi",castw003,2,0,empty,empty,1,single,4,1,4
2025-06-18,CIN202506180,MIN,"Bader, Harrison",badeh001,2,0,1B,1B,1,field_out,4,1,4
2025-06-18,CIN202506180,MIN,"Lee, Brooks",lee-b002,2,1,1B,1B,1,single,4,1,4
2025-06-18,CIN202506180,MIN,"Larnach, Trevor",larnt001,2,1,1B+3B,1B+3B,1,field_out,4,1,4
2025-06-18,CIN202506180,MIN,"Vazquez, Christian",vazqc001,2,2,2B,2B,1,field_out,4,2,4
2025-06-18,CIN202506180,MIN,"Buxton, Byron",buxtb001,3,0,empty,empty,1,field_out,5,2,4
2025-06-18,CIN202506180,MIN,"France, Ty",frant002,3,1,empty,empty,1,field_out,5,2,4
2025-06-18,CIN202506180,MIN,"Correa, Carlos",corrc001,3,2,empty,empty,1,field_out,5,2,4
2025-06-18,CIN202506180,MIN,"Wallner, Matt",wallm001,3,0,empty,empty,1,field_out,6,2,4
2025-06-18,CIN202506180,MIN,"Castro, Willi",castw003,3,1,empty,empty,1,strikeout,6,2,4
2025-06-18,CIN202506180,MIN,"Bader, Harrison",badeh001,3,2,empty,empty,1,field_out,6,2,4
2025-06-19,CIN202506190,MIN,"Buxton, Byron",buxtb001,1,0,empty,empty,1,home_run,1,0,0
2025-06-19,CIN202506190,MIN,"Wallner, Matt",wallm001,1,0,empty,empty,1,strikeout,1,1,0
2025-06-19,CIN202506190,MIN,"Castro, Willi",castw003,1,1,empty,empty,1,strikeout,1,1,0
2025-06-19,CIN202506190,MIN,"Larnach, Trevor",larnt001,1,2,empty,empty,1,hit_by_pitch,1,1,0
2025-06-19,CIN202506190,MIN,"Correa, Carlos",corrc001,1,2,1B,1B,1,field_out,1,1,0
2025-06-19,CIN202506190,MIN,"France, Ty",frant002,1,0,empty,empty,1,strikeout,2,1,2
2025-06-19,CIN202506190,MIN,"Lee, Brooks",lee-b002,1,1,empty,empty,1,field_out,2,1,2
2025-06-19,CIN202506190,MIN,"Jeffers, Ryan",jeffr002,1,2,empty,empty,1,walk,2,1,2
2025-06-19,CIN202506190,MIN,"Clemens, Kody",clemk001,1,2,1B,1B,1,home_run,2,1,2
2025-06-19,CIN202506190,MIN,"Buxton, Byron",buxtb001,2,2,empty,empty,1,home_run,2,3,2
2025-06-19,CIN202506190,MIN,"Wallner, Matt",wallm001,2,2,empty,empty,1,field_out,2,4,2
2025-06-19,CIN202506190,MIN,"Castro, Willi",castw003,2,0,empty,empty,1,single,3,4,2
2025-06-19,CIN202506190,MIN,"Larnach, Trevor",larnt001,2,0,1B,1B,1,field_out,3,4,2
2025-06-19,CIN202506190,MIN,"Correa, Carlos",corrc001,2,1,1B,1B,1,single,3,4,2
2025-06-19,CIN202506190,MIN,"France, Ty",frant002,2,1,1B+2B,1B+2B,1,double,3,4,2
2025-06-19,CIN202506190,MIN,"Lee, Brooks",lee-b002,2,1,2B+3B,2B+3B,1,strikeout,3,5,2
2025-06-19,CIN202506190,MIN,"Jeffers, Ryan",jeffr002,2,2,2B+3B,2B+3B,1,double,3,5,2
2025-06-19,CIN202506190,MIN,"Clemens, Kody",clemk001,2,2,2B,2B,1,strikeout,3,7,2
2025-06-19,CIN202506190,MIN,"Buxton, Byron",buxtb001,3,0,empty,empty,1,strikeout,4,7,4
2025-06-19,CIN202506190,MIN,"Wallner, Matt",wallm001,3,1,empty,empty,1,field_out,4,7,4
2025-06-19,CIN202506190,MIN,"Castro, Willi",castw003,3,2,empty,empty,1,walk,4,7,4
2025-06-19,CIN202506190,MIN,"Larnach, Trevor",larnt001,3,2,1B,1B,1,double,4,7,4
2025-06-19,CIN202506190,MIN,"Correa, Carlos",corrc001,3,2,2B,2B,1,single,4,8,4
2025-06-19,CIN202506190,MIN,"France, Ty",frant002,3,2,1B,1B,1,single,4,9,4
2025-06-19,CIN202506190,MIN,"Lee, Brooks",lee-b002,3,2,1B+2B,1B+2B,1,field_out,4,9,4
2025-06-19,CIN202506190,MIN,"Jeffers, Ryan",jeffr002,3,0,empty,empty,1,field_out,5,9,4
2025-06-19,CIN202506190,MIN,"Clemens, Kody",clemk001,3,1,empty,empty,1,strikeout,5,9,4
2025-06-19,CIN202506190,MIN,"Buxton, Byron",buxtb001,4,2,empty,empty,1,double,5,9,4
2025-06-19,CIN202506190,MIN,"Wallner, Matt",wallm001,4,2,2B,2B,1,walk,5,9,4
2025-06-19,CIN202506190,MIN,"Castro, Willi",castw003,4,2,1B+2B,1B+2B,1,walk,5,9,4
2025-06-19,CIN202506190,MIN,"Larnach, Trevor",larnt001,4,2,1B+2B+3B,1B+2B+3B,1,field_out,5,9,4
2025-06-19,CIN202506190,MIN,"Correa, Carlos",corrc001,4,0,empty,empty,1,field_out,6,9,4
2025-06-19,CIN202506190,MIN,"France, Ty",frant002,4,1,empty,empty,1,field_out,6,9,4
2025-06-19,CIN202506190,MIN,"Lee, Brooks",lee-b002,4,2,empty,empty,1,double,6,9,4
2025-06-19,CIN202506190,MIN,"Jeffers, Ryan",jeffr002,4,2,2B,2B,1,field_out,6,9,4
2025-06-19,CIN202506190,MIN,"Clemens, Kody",clemk001,4,0,empty,empty,1,field_out,7,9,4
2025-06-19,CIN202506190,MIN,"Buxton, Byron",buxtb001,5,1,empty,empty,1,field_out,7,9,4
2025-06-19,CIN202506190,MIN,"Wallner, Matt",wallm001,5,2,empty,empty,1,double,7,9,4
2025-06-19,CIN202506190,MIN,"Castro, Willi",castw003,5,2,2B,2B,1,walk,7,9,4
2025-06-19,CIN202506190,MIN,"Larnach, Trevor",larnt001,5,2,1B+2B,1B+2B,1,strikeout,7,9,4
2025-06-19,CIN202506190,MIN,"Correa, Carlos",corrc001,5,0,empty,empty,1,single,8,9,5
2025-06-19,CIN202506190,MIN,"France, Ty",frant002,5,0,1B,1B,1,field_out,8,9,5
2025-06-19,CIN202506190,MIN,"Lee, Brooks",lee-b002,5,1,1B,1B,1,strikeout,8,9,5
2025-06-19,CIN202506190,MIN,"Jeffers, Ryan",jeffr002,5,2,1B,1B,1,home_run,8,9,5
2025-06-19,CIN202506190,MIN,"Clemens, Kody",clemk001,5,2,empty,empty,1,single,8,11,5
2025-06-19,CIN202506190,MIN,"Buxton, Byron",buxtb001,6,2,1B,1B,1,field_out,8,11,5
2025-06-19,CIN202506190,MIN,"Bader, Harrison",badeh001,1,0,empty,empty,1,single,9,11,5
2025-06-19,CIN202506190,MIN,"Castro, Willi",castw003,6,0,1B,1B,1,field_out,9,11,5
2025-06-19,CIN202506190,MIN,"Larnach, Trevor",larnt001,6,1,1B,1B,1,walk,9,11,5
2025-06-19,CIN202506190,MIN,"Correa, Carlos",corrc001,6,1,1B+2B,1B+2B,1,walk,9,11,5
2025-06-19,CIN202506190,MIN,"France, Ty",frant002,6,1,1B+2B+3B,1B+2B+3B,1,field_out,9,11,5
2025-06-19,CIN202506190,MIN,"Lee, Brooks",lee-b002,6,2,1B+2B+3B,1B+2B+3B,1,walk,9,11,5
2025-06-19,CIN202506190,MIN,"Jeffers, Ryan",jeffr002,6,2,1B+2B+3B,1B+2B+3B,1,strikeout,9,12,5
2025-06-20,MIN202506200,MIN,"Buxton, Byron",buxtb001,1,0,empty,empty,1,field_out,1,0,0
2025-06-20,MIN202506200,MIN,"Wallner, Matt",wallm001,1,1,empty,empty,1,strikeout,1,0,0
2025-06-20,MIN202506200,MIN,"Castro, Willi",castw003,1,2,empty,empty,1,strikeout,1,0,0
2025-06-20,MIN202506200,MIN,"Correa, Carlos",corrc001,1,0,empty,empty,1,field_out,2,0,0
2025-06-20,MIN202506200,MIN,"Jeffers, Ryan",jeffr002,1,1,empty,empty,1,field_out,2,0,0
2025-06-20,MIN202506200,MIN,"Lee, Brooks",lee-b002,1,2,empty,empty,1,field_out,2,0,0
2025-06-20,MIN202506200,MIN,"Bader, Harrison",badeh001,1,0,empty,empty,1,field_out,3,0,0
2025-06-20,MIN202506200,MIN,"Clemens, Kody",clemk001,1,1,empty,empty,1,field_out,3,0,0
2025-06-20,MIN202506200,MIN,"Vazquez, Christian",vazqc001,1,2,empty,empty,1,field_out,3,0,0
2025-06-20,MIN202506200,MIN,"Buxton, Byron",buxtb001,2,0,empty,empty,1,field_out,4,0,1
2025-06-20,MIN202506200,MIN,"Wallner, Matt",wallm001,2,1,empty,empty,1,strikeout,4,0,1
2025-06-20,MIN202506200,MIN,"Castro, Willi",castw003,2,2,empty,empty,1,field_out,4,0,1
2025-06-20,MIN202506200,MIN,"Correa, Carlos",corrc001,2,0,empty,empty,1,strikeout,5,0,1
2025-06-20,MIN202506200,MIN,"Jeffers, Ryan",jeffr002,2,1,empty,empty,1,field_out,5,0,1
2025-06-20,MIN202506200,MIN,"Lee, Brooks",lee-b002,2,2,empty,empty,1,strikeout,5,0,1
2025-06-20,MIN202506200,MIN,"Bader, Harrison",badeh001,2,0,empty,empty,1,field_out,6,0,3
2025-06-20,MIN202506200,MIN,"Clemens, Kody",clemk001,2,1,empty,empty,1,strikeout,6,0,3
2025-06-20,MIN202506200,MIN,"Vazquez, Christian",vazqc001,2,2,empty,empty,1,field_out,6,0,3
2025-06-20,MIN202506200,MIN,"Buxton, Byron",buxtb001,3,0,empty,empty,1,walk,7,0,8
2025-06-20,MIN202506200,MIN,"Wallner, Matt",wallm001,3,0,1B,1B,1,home_run,7,0,8
2025-06-20,MIN202506200,MIN,"Castro, Willi",castw003,3,0,empty,empty,1,field_out,7,2,8
2025-06-20,MIN202506200,MIN,"Correa, Carlos",corrc001,3,1,empty,empty,1,strikeout,7,2,8
2025-06-20,MIN202506200,MIN,"Jeffers, Ryan",jeffr002,3,2,empty,empty,1,walk,7,2,8
2025-06-20,MIN202506200,MIN,"Lee, Brooks",lee-b002,3,2,1B,1B,1,field_out,7,2,8
2025-06-20,MIN202506200,MIN,"Bader, Harrison",badeh001,3,0,empty,empty,1,field_out,8,2,12
2025-06-20,MIN202506200,MIN,"Clemens, Kody",clemk001,3,1,empty,empty,1,field_out,8,2,12
2025-06-20,MIN202506200,MIN,"Vazquez, Christian",vazqc001,3,2,empty,empty,1,field_out,8,2,12
2025-06-20,MIN202506200,MIN,"Bride, Jonah",bridj001,1,0,empty,empty,1,field_error,9,2,17
2025-06-20,MIN202506200,MIN,"Wallner, Matt",wallm001,4,0,1B,1B,1,strikeout,9,2,17
2025-06-20,MIN202506200,MIN,"Castro, Willi",castw003,4,1,1B,1B,1,single,9,2,17
2025-06-20,MIN202506200,MIN,"Keirsey, DaShawn",keird001,1,1,1B+2B,1B+2B,1,walk,9,2,17
2025-06-20,MIN202506200,MIN,"France, Ty",frant002,1,1,1B+2B+3B,1B+2B+3B,1,double,9,2,17
2025-06-20,MIN202506200,MIN,"Lee, Brooks",lee-b002,4,1,2B+3B,2B+3B,1,single,9,4,17
2025-06-20,MIN202506200,MIN,"Bader, Harrison",badeh001,4,1,1B+2B,1B+2B,1,walk,9,5,17
2025-06-20,MIN202506200,MIN,"Clemens, Kody",clemk001,4,1,1B+2B+3B,1B+2B+3B,1,sac_fly,9,5,17
2025-06-20,MIN202506200,MIN,"Vazquez, Christian",vazqc001,4,2,1B+2B,1B+2B,1,single,9,6,17
2025-06-20,MIN202506200,MIN,"Bride, Jonah",bridj001,2,2,1B+2B+3B,1B+2B+3B,1,field_out,9,6,17
2025-06-21,MIN202506210,MIN,"Buxton, Byron",buxtb001,1,0,empty,empty,1,walk,1,0,2
2025-06-21,MIN202506210,MIN,"Jeffers, Ryan",jeffr002,1,0,1B,1B,1,field_out,1,0,2
2025-06-21,MIN202506210,MIN,"Castro, Willi",castw003,1,1,1B,1B,1,field_out,1,0,2
2025-06-21,MIN202506210,MIN,"Correa, Carlos",corrc001,1,2,1B,1B,1,walk,1,0,2
2025-06-21,MIN202506210,MIN,"France, Ty",frant002,1,2,1B+2B,1B+2B,1,field_out,1,0,2
2025-06-21,MIN202506210,MIN,"Lee, Brooks",lee-b002,1,0,empty,empty,1,field_out,2,0,4
2025-06-21,MIN202506210,MIN,"Bader, Harrison",badeh001,1,1,empty,empty,1,single,2,0,4
2025-06-21,MIN202506210,MIN,"Wallner, Matt",wallm001,1,1,1B,1B,1,field_out,2,0,4
2025-06-21,MIN202506210,MIN,"Bride, Jonah",bridj001,1,2,1B,1B,1,walk,2,0,4
2025-06-21,MIN202506210,MIN,"Buxton, Byron",buxtb001,2,2,1B+2B,1B+2B,1,field_out,2,0,4
2025-06-21,MIN202506210,MIN,"Jeffers, Ryan",jeffr002,2,0,empty,empty,1,walk,3,0,4
2025-06-21,MIN202506210,MIN,"Castro, Willi",castw003,2,0,1B,1B,1,field_out,3,0,4
2025-06-21,MIN202506210,MIN,"Correa, Carlos",corrc001,2,1,1B,1B,1,grounded_into_double_play,3,0,4
2025-06-21,MIN202506210,MIN,"France, Ty",frant002,2,0,empty,empty,1,field_out,4,0,4
2025-06-21,MIN202506210,MIN,"Lee, Brooks",lee-b002,2,1,empty,empty,1,field_out,4,0,4
2025-06-21,MIN202506210,MIN,"Bader, Harrison",badeh001,2,2,empty,empty,1,strikeout,4,0,4
2025-06-21,MIN202506210,MIN,"Wallner, Matt",wallm001,2,0,empty,empty,1,single,5,0,4
2025-06-21,MIN202506210,MIN,"Bride, Jonah",bridj001,2,0,1B,1B,1,field_out,5,0,4
2025-06-21,MIN202506210,MIN,"Buxton, Byron",buxtb001,3,1,1B,1B,1,field_out,5,0,4
2025-06-21,MIN202506210,MIN,"Jeffers, Ryan",jeffr002,3,2,1B,1B,1,field_out,5,0,4
2025-06-21,MIN202506210,MIN,"Castro, Willi",castw003,3,0,empty,empty,1,field_out,6,0,4
2025-06-21,MIN202506210,MIN,"Correa, Carlos",corrc001,3,1,empty,empty,1,double,6,0,4
2025-06-21,MIN202506210,MIN,"France, Ty",frant002,3,1,2B,2B,1,field_out,6,0,4
2025-06-21,MIN202506210,MIN,"Lee, Brooks",lee-b002,3,2,3B,3B,1,field_out,6,0,4
2025-06-21,MIN202506210,MIN,"Bader, Harrison",badeh001,3,0,empty,empty,1,field_out,7,0,4
2025-06-21,MIN202506210,MIN,"Wallner, Matt",wallm001,3,1,empty,empty,1,strikeout,7,0,4
2025-06-21,MIN202506210,MIN,"Clemens, Kody",clemk001,1,2,empty,empty,1,strikeout,7,0,4
2025-06-21,MIN202506210,MIN,"Buxton, Byron",buxtb001,4,0,empty,empty,1,single,8,0,7
2025-06-21,MIN202506210,MIN,"Jeffers, Ryan",jeffr002,4,0,1B,1B,1,grounded_into_double_play,8,0,7
2025-06-21,MIN202506210,MIN,"Castro, Willi",castw003,4,2,empty,empty,1,field_out,8,0,7
2025-06-21,MIN202506210,MIN,"Correa, Carlos",corrc001,4,0,empty,empty,1,strikeout,9,0,9
2025-06-21,MIN202506210,MIN,"France, Ty",frant002,4,1,empty,empty,1,field_out,9,0,9
2025-06-21,MIN202506210,MIN,"Lee, Brooks",lee-b002,4,2,empty,empty,1,strikeout,9,0,9
2025-06-22,MIN202506220,MIN,"Buxton, Byron",buxtb001,1,0,empty,empty,1,home_run,1,0,1
2025-06-22,MIN202506220,MIN,"Wallner, Matt",wallm001,1,0,empty,empty,1,field_out,1,1,1
2025-06-22,MIN202506220,MIN,"Larnach, Trevor",larnt001,1,1,empty,empty,1,single,1,1,1
2025-06-22,MIN202506220,MIN,"France, Ty",frant002,1,1,1B,1B,1,single,1,1,1
2025-06-22,MIN202506220,MIN,"Lee, Brooks",lee-b002,1,1,1B+2B,1B+2B,1,single,1,1,1
2025-06-22,MIN202506220,MIN,"Correa, Carlos",corrc001,1,1,1B+2B,1B+2B,1,single,1,2,1
2025-06-22,MIN202506220,MIN,"Clemens, Kody",clemk001,1,1,1B+2B+3B,1B+2B+3B,1,field_out,1,2,1
2025-06-22,MIN202506220,MIN,"Jeffers, Ryan",jeffr002,1,2,1B+2B+3B,1B+2B+3B,1,field_out,1,2,1
2025-06-22,MIN202506220,MIN,"Keirsey, DaShawn",keird001,1,0,empty,empty,1,strikeout,2,2,2
2025-06-22,MIN202506220,MIN,"Buxton, Byron",buxtb001,2,1,empty,empty,1,field_out,2,2,2
2025-06-22,MIN202506220,MIN,"Wallner, Matt",wallm001,2,2,empty,empty,1,strikeout,2,2,2
2025-06-22,MIN202506220,MIN,"Larnach, Trevor",larnt001,2,0,empty,empty,1,single,3,2,4
2025-06-22,MIN202506220,MIN,"France, Ty",frant002,2,0,1B,1B,1,strikeout,3,2,4
2025-06-22,MIN202506220,MIN,"Lee, Brooks",lee-b002,2,1,1B,1B,1,field_out,3,2,4
2025-06-22,MIN202506220,MIN,"Correa, Carlos",corrc001,2,2,1B,1B,1,single,3,2,4
2025-06-22,MIN202506220,MIN,"Clemens, Kody",clemk001,2,2,1B+3B,1B+3B,1,strikeout,3,2,4
2025-06-22,MIN202506220,MIN,"Jeffers, Ryan",jeffr002,2,0,empty,empty,1,home_run,4,2,5
2025-06-22,MIN202506220,MIN,"Keirsey, DaShawn",keird001,2,0,empty,empty,1,field_out,4,3,5
2025-06-22,MIN202506220,MIN,"Buxton, Byron",buxtb001,3,1,empty,empty,1,single,4,3,5
2025-06-22,MIN202506220,MIN,"Wallner, Matt",wallm001,3,1,1B,1B,1,field_out,4,3,5
2025-06-22,MIN202506220,MIN,"Larnach, Trevor",larnt001,3,2,1B,2B,0,strikeout,4,3,5
2025-06-22,MIN202506220,MIN,"France, Ty",frant002,3,0,empty,empty,1,field_out,5,3,9
2025-06-22,MIN202506220,MIN,"Lee, Brooks",lee-b002,3,1,empty,empty,1,single,5,3,9
2025-06-22,MIN202506220,MIN,"Correa, Carlos",corrc001,3,1,1B,1B,1,field_out,5,3,9
2025-06-22,MIN202506220,MIN,"Clemens, Kody",clemk001,3,2,1B,1B,1,field_out,5,3,9
2025-06-22,MIN202506220,MIN,"Jeffers, Ryan",jeffr002,3,0,empty,empty,1,field_out,6,3,9
2025-06-22,MIN202506220,MIN,"Keirsey, DaShawn",keird001,3,1,empty,empty,1,field_out,6,3,9
2025-06-22,MIN202506220,MIN,"Buxton, Byron",buxtb001,4,2,empty,empty,1,home_run,6,3,9
2025-06-22,MIN202506220,MIN,"Wallner, Matt",wallm001,4,2,empty,empty,1,field_out,6,4,9
2025-06-22,MIN202506220,MIN,"Larnach, Trevor",larnt001,4,0,empty,empty,1,field_out,7,4,9
2025-06-22,MIN202506220,MIN,"France, Ty",frant002,4,1,empty,empty,1,walk,7,4,9
2025-06-22,MIN202506220,MIN,"Lee, Brooks",lee-b002,4,1,1B,1B,1,single,7,4,9
2025-06-22,MIN202506220,MIN,"Correa, Carlos",corrc001,4,1,1B+2B,1B+2B,1,single,7,4,9
2025-06-22,MIN202506220,MIN,"Bride, Jonah",bridj001,1,1,1B+2B,1B+2B,1,walk,7,5,9
2025-06-22,MIN202506220,MIN,"Jeffers, Ryan",jeffr002,4,1,1B+2B+3B,1B+2B+3B,1,field_out,7,5,9
2025-06-22,MIN202506220,MIN,"Bader, Harrison",badeh001,1,2,2B+3B,2B+3B,1,field_out,7,6,9
2025-06-22,MIN202506220,MIN,"Buxton, Byron",buxtb001,5,0,empty,empty,1,strikeout,8,6,9
2025-06-22,MIN202506220,MIN,"Wallner, Matt",wallm001,5,1,empty,empty,1,single,8,6,9
2025-06-22,MIN202506220,MIN,"Larnach, Trevor",larnt001,5,1,1B,1B,1,field_out,8,6,9
2025-06-22,MIN202506220,MIN,"France, Ty",frant002,5,2,1B,1B,1,home_run,8,6,9
2025-06-22,MIN202506220,MIN,"Lee, Brooks",lee-b002,5,2,empty,empty,1,single,8,8,9
2025-06-22,MIN202506220,MIN,"Correa, Carlos",corrc001,5,2,1B,1B,1,single,8,8,9
2025-06-22,MIN202506220,MIN,"Bride, Jonah",bridj001,2,2,1B+3B,1B+3B,1,strikeout,8,8,9
2025-06-22,MIN202506220,MIN,"Jeffers, Ryan",jeffr002,5,0,empty,empty,1,field_out,9,8,9
2025-06-22,MIN202506220,MIN,"Bader, Harrison",badeh001,2,1,empty,empty,1,double,9,8,9
2025-06-22,MIN202506220,MIN,"Buxton, Byron",buxtb001,6,1,2B,2B,1,intent_walk,9,8,9
2025-06-22,MIN202506220,MIN,"Wallner, Matt",wallm001,6,1,1B+2B,1B+2B,1,field_out,9,8,9
2025-06-22,MIN202506220,MIN,"Larnach, Trevor",larnt001,6,2,1B+2B,1B+2B,1,strikeout,9,8,9
2025-06-23,MIN202506230,MIN,"Buxton, Byron",buxtb001,1,0,empty,empty,1,field_out,1,0,0
2025-06-23,MIN202506230,MIN,"Wallner, Matt",wallm001,1,1,empty,empty,1,field_out,1,0,0
2025-06-23,MIN202506230,MIN,"Lee, Brooks",lee-b002,1,2,empty,empty,1,single,1,0,0
2025-06-23,MIN202506230,MIN,"Larnach, Trevor",larnt001,1,2,1B,1B,1,walk,1,0,0
2025-06-23,MIN202506230,MIN,"Correa, Carlos",corrc001,1,2,1B+2B,1B+2B,1,strikeout,1,0,0
2025-06-23,MIN202506230,MIN,"France, Ty",frant002,1,0,empty,empty,1,double,2,0,0
2025-06-23,MIN202506230,MIN,"Clemens, Kody",clemk001,1,0,2B,2B,1,strikeout,2,0,0
2025-06-23,MIN202506230,MIN,"Bader, Harrison",badeh001,1,1,2B,2B,1,field_error,2,0,0
2025-06-23,MIN202506230,MIN,"Vazquez, Christian",vazqc001,1,1,1B+3B,1B+3B,1,strikeout,2,0,0
2025-06-23,MIN202506230,MIN,"Buxton, Byron",buxtb001,2,2,1B+3B,1B+3B,1,strikeout,2,0,0
2025-06-23,MIN202506230,MIN,"Wallner, Matt",wallm001,2,0,empty,empty,1,strikeout,3,0,6
2025-06-23,MIN202506230,MIN,"Lee, Brooks",lee-b002,2,1,empty,empty,1,single,3,0,6
2025-06-23,MIN202506230,MIN,"Larnach, Trevor",larnt001,2,1,1B,1B,1,single,3,0,6
2025-06-23,MIN202506230,MIN,"Correa, Carlos",corrc001,2,1,1B+2B,1B+2B,1,field_out,3,0,6
2025-06-23,MIN202506230,MIN,"France, Ty",frant002,2,2,2B+3B,2B+3B,1,field_out,3,0,6
2025-06-23,MIN202506230,MIN,"Clemens, Kody",clemk001,2,0,empty,empty,1,strikeout,4,0,6
2025-06-23,MIN202506230,MIN,"Bader, Harrison",badeh001,2,1,empty,empty,1,strikeout,4,0,6
2025-06-23,MIN202506230,MIN,"Vazquez, Christian",vazqc001,2,2,empty,empty,1,strikeout,4,0,6
2025-06-23,MIN202506230,MIN,"Buxton, Byron",buxtb001,3,0,empty,empty,1,strikeout,5,0,6
2025-06-23,MIN202506230,MIN,"Wallner, Matt",wallm001,3,1,empty,empty,1,field_out,5,0,6
2025-06-23,MIN202506230,MIN,"Lee, Brooks",lee-b002,3,2,empty,empty,1,field_out,5,0,6
2025-06-23,MIN202506230,MIN,"Larnach, Trevor",larnt001,3,0,empty,empty,1,home_run,6,0,7
2025-06-23,MIN202506230,MIN,"Correa, Carlos",corrc001,3,0,empty,empty,1,home_run,6,1,7
2025-06-23,MIN202506230,MIN,"France, Ty",frant002,3,0,empty,empty,1,field_out,6,2,7
2025-06-23,MIN202506230,MIN,"Clemens, Kody",clemk001,3,1,empty,empty,1,field_out,6,2,7
2025-06-23,MIN202506230,MIN,"Bader, Harrison",badeh001,3,2,empty,empty,1,field_out,6,2,7
2025-06-23,MIN202506230,MIN,"Vazquez, Christian",vazqc001,3,0,empty,empty,1,field_out,7,2,7
2025-06-23,MIN202506230,MIN,"Buxton, Byron",buxtb001,4,1,empty,empty,1,field_out,7,2,7
2025-06-23,MIN202506230,MIN,"Wallner, Matt",wallm001,4,2,empty,empty,1,strikeout,7,2,7
2025-06-23,MIN202506230,MIN,"Lee, Brooks",lee-b002,4,0,empty,empty,1,field_out,8,2,7
2025-06-23,MIN202506230,MIN,"Larnach, Trevor",larnt001,4,1,empty,empty,1,strikeout,8,2,7
2025-06-23,MIN202506230,MIN,"Correa, Carlos",corrc001,4,2,empty,empty,1,single,8,2,7
2025-06-23,MIN202506230,MIN,"France, Ty",frant002,4,2,1B,1B,1,field_out,8,2,7
2025-06-23,MIN202506230,MIN,"Clemens, Kody",clemk001,4,0,empty,empty,1,field_out,9,2,11
2025-06-23,MIN202506230,MIN,"Bader, Harrison",badeh001,4,1,empty,empty,1,field_out,9,2,11
2025-06-23,MIN202506230,MIN,"Vazquez, Christian",vazqc001,4,2,empty,empty,1,field_out,9,2,11
2025-06-24,MIN202506240,MIN,"Buxton, Byron",buxtb001,1,0,empty,empty,1,single,1,0,0
2025-06-24,MIN202506240,MIN,"Larnach, Trevor",larnt001,1,0,1B,1B,1,grounded_into_double_play,1,0,0
2025-06-24,MIN202506240,MIN,"Lee, Brooks",lee-b002,1,2,empty,empty,1,field_out,1,0,0
2025-06-24,MIN202506240,MIN,"Correa, Carlos",corrc001,1,0,empty,empty,1,field_out,2,0,0
2025-06-24,MIN202506240,MIN,"Wallner, Matt",wallm001,1,1,empty,empty,1,strikeout,2,0,0
2025-06-24,MIN202506240,MIN,"France, Ty",frant002,1,2,empty,empty,1,field_out,2,0,0
2025-06-24,MIN202506240,MIN,"Clemens, Kody",clemk001,1,0,empty,empty,1,home_run,3,0,5
2025-06-24,MIN202506240,MIN,"Jeffers, Ryan",jeffr002,1,0,empty,empty,1,field_out,3,1,5
2025-06-24,MIN202506240,MIN,"Bader, Harrison",badeh001,1,1,empty,empty,1,field_out,3,1,5
2025-06-24,MIN202506240,MIN,"Buxton, Byron",buxtb001,2,2,empty,empty,1,strikeout,3,1,5
2025-06-24,MIN202506240,MIN,"Larnach, Trevor",larnt001,2,0,empty,empty,1,double,4,1,5
2025-06-24,MIN202506240,MIN,"Lee, Brooks",lee-b002,2,0,2B,2B,1,single,4,1,5
2025-06-24,MIN202506240,MIN,"Correa, Carlos",corrc001,2,0,1B,1B,1,single,4,2,5
2025-06-24,MIN202506240,MIN,"Wallner, Matt",wallm001,2,0,1B+2B,1B+2B,1,walk,4,2,5
2025-06-24,MIN202506240,MIN,"France, Ty",frant002,2,0,1B+2B+3B,1B+2B+3B,1,grounded_into_double_play,4,2,5
2025-06-24,MIN202506240,MIN,"Clemens, Kody",clemk001,2,2,3B,3B,1,walk,4,3,5
2025-06-24,MIN202506240,MIN,"Jeffers, Ryan",jeffr002,2,2,1B+3B,1B+3B,1,double,4,3,5
2025-06-24,MIN202506240,MIN,"Bader, Harrison",badeh001,2,2,2B,2B,1,single,4,5,5
2025-06-24,MIN202506240,MIN,"Buxton, Byron",buxtb001,3,2,1B+3B,1B+3B,1,strikeout,4,5,5
2025-06-24,MIN202506240,MIN,"Larnach, Trevor",larnt001,3,0,empty,empty,1,field_out,5,5,5
2025-06-24,MIN202506240,MIN,"Lee, Brooks",lee-b002,3,1,empty,empty,1,field_out,5,5,5
2025-06-24,MIN202506240,MIN,"Correa, Carlos",corrc001,3,2,empty,empty,1,field_out,5,5,5
2025-06-24,MIN202506240,MIN,"Wallner, Matt",wallm001,3,0,empty,empty,1,double,6,5,5
2025-06-24,MIN202506240,MIN,"France, Ty",frant002,3,0,2B,2B,1,field_out,6,5,5
2025-06-24,MIN202506240,MIN,"Castro, Willi",castw003,1,1,3B,3B,1,field_out,6,5,5
2025-06-24,MIN202506240,MIN,"Jeffers, Ryan",jeffr002,3,2,3B,3B,1,field_out,6,5,5
2025-06-24,MIN202506240,MIN,"Bader, Harrison",badeh001,3,0,empty,empty,1,field_out,7,5,5
2025-06-24,MIN202506240,MIN,"Buxton, Byron",buxtb001,4,1,empty,empty,1,field_out,7,5,5
2025-06-24,MIN202506240,MIN,"Larnach, Trevor",larnt001,4,2,empty,empty,1,walk,7,5,5
2025-06-24,MIN202506240,MIN,"Lee, Brooks",lee-b002,4,2,1B,1B,1,field_out,7,5,5
2025-06-24,MIN202506240,MIN,"Correa, Carlos",corrc001,4,0,empty,empty,1,strikeout,8,5,5
2025-06-24,MIN202506240,MIN,"Wallner, Matt",wallm001,4,1,empty,empty,1,strikeout,8,5,5
2025-06-24,MIN202506240,MIN,"France, Ty",frant002,4,2,empty,empty,1,field_out,8,5,5
2025-06-24,MIN202506240,MIN,"Castro, Willi",castw003,2,0,empty,empty,1,strikeout,9,5,6
2025-06-24,MIN202506240,MIN,"Jeffers, Ryan",jeffr002,4,1,empty,empty,1,field_out,9,5,6
2025-06-24,MIN202506240,MIN,"Bader, Harrison",badeh001,4,2,empty,empty,1,field_out,9,5,6
2025-06-25,MIN202506250,MIN,"Buxton, Byron",buxtb001,1,0,empty,empty,1,field_out,1,0,0
2025-06-25,MIN202506250,MIN,"Larnach, Trevor",larnt001,1,1,empty,empty,1,field_out,1,0,0
2025-06-25,MIN202506250,MIN,"Castro, Willi",castw003,1,2,empty,empty,1,field_out,1,0,0
2025-06-25,MIN202506250,MIN,"Correa, Carlos",corrc001,1,0,empty,empty,1,field_out,2,0,0
2025-06-25,MIN202506250,MIN,"Wallner, Matt",wallm001,1,1,empty,empty,1,field_out,2,0,0
2025-06-25,MIN202506250,MIN,"France, Ty",frant002,1,2,empty,empty,1,field_out,2,0,0
2025-06-25,MIN202506250,MIN,"Clemens, Kody",clemk001,1,0,empty,empty,1,strikeout,3,0,0
2025-06-25,MIN202506250,MIN,"Bader, Harrison",badeh001,1,1,empty,empty,1,strikeout,3,0,0
2025-06-25,MIN202506250,MIN,"Vazquez, Christian",vazqc001,1,2,empty,empty,1,field_out,3,0,0
2025-06-25,MIN202506250,MIN,"Buxton, Byron",buxtb001,2,0,empty,empty,1,field_out,4,0,0
2025-06-25,MIN202506250,MIN,"Larnach, Trevor",larnt001,2,1,empty,empty,1,walk,4,0,0
2025-06-25,MIN202506250,MIN,"Castro, Willi",castw003,2,1,1B,1B,1,strikeout,4,0,0
2025-06-25,MIN202506250,MIN,"Correa, Carlos",corrc001,2,2,1B,1B,1,single,4,0,0
2025-06-25,MIN202506250,MIN,"Wallner, Matt",wallm001,2,2,1B+2B,1B+2B,1,field_out,4,0,0
2025-06-25,MIN202506250,MIN,"France, Ty",frant002,2,0,empty,empty,1,field_out,5,0,0
2025-06-25,MIN202506250,MIN,"Clemens, Kody",clemk001,2,1,empty,empty,1,field_out,5,0,0
2025-06-25,MIN202506250,MIN,"Bader, Harrison",badeh001,2,2,empty,empty,1,field_out,5,0,0
2025-06-25,MIN202506250,MIN,"Vazquez, Christian",vazqc001,2,0,empty,empty,1,field_out,6,0,0
2025-06-25,MIN202506250,MIN,"Buxton, Byron",buxtb001,3,1,empty,empty,1,single,6,0,0
2025-06-25,MIN202506250,MIN,"Larnach, Trevor",larnt001,3,1,1B,1B,1,field_out,6,0,0
2025-06-25,MIN202506250,MIN,"Castro, Willi",castw003,3,2,2B,2B,1,single,6,0,0
2025-06-25,MIN202506250,MIN,"Correa, Carlos",corrc001,3,2,1B,1B,1,field_out,6,1,0
2025-06-25,MIN202506250,MIN,"Wallner, Matt",wallm001,3,0,empty,empty,1,strikeout,7,1,0
2025-06-25,MIN202506250,MIN,"France, Ty",frant002,3,1,empty,empty,1,strikeout,7,1,0
2025-06-25,MIN202506250,MIN,"Clemens, Kody",clemk001,3,2,empty,empty,1,home_run,7,1,0
2025-06-25,MIN202506250,MIN,"Bader, Harrison",badeh001,3,2,empty,empty,1,field_out,7,2,0
2025-06-25,MIN202506250,MIN,"Vazquez, Christian",vazqc001,3,0,empty,empty,1,field_out,8,2,0
2025-06-25,MIN202506250,MIN,"Buxton, Byron",buxtb001,4,1,empty,empty,1,field_out,8,2,0
2025-06-25,MIN202506250,MIN,"Larnach, Trevor",larnt001,4,2,empty,empty,1,strikeout,8,2,0
2025-06-26,MIN202506260,MIN,"Buxton, Byron",buxtb001,1,0,empty,empty,1,field_out,1,0,0
2025-06-26,MIN202506260,MIN,"Larnach, Trevor",larnt001,1,1,empty,empty,1,strikeout,1,0,0
2025-06-26,MIN202506260,MIN,"Castro, Willi",castw003,1,2,empty,empty,1,walk,1,0,0
2025-06-26,MIN202506260,MIN,"Correa, Carlos",corrc001,1,2,1B,1B,1,field_out,1,0,0
2025-06-26,MIN202506260,MIN,"Wallner, Matt",wallm001,1,0,empty,empty,1,field_out,2,0,0
2025-06-26,MIN202506260,MIN,"Lee, Brooks",lee-b002,1,1,empty,empty,1,field_out,2,0,0
2025-06-26,MIN202506260,MIN,"France, Ty",frant002,1,2,empty,empty,1,single,2,0,0
2025-06-26,MIN202506260,MIN,"Jeffers, Ryan",jeffr002,1,2,1B,1B,1,field_out,2,0,0
2025-06-26,MIN202506260,MIN,"Clemens, Kody",clemk001,1,0,empty,empty,1,strikeout,3,0,0
2025-06-26,MIN202506260,MIN,"Buxton, Byron",buxtb001,2,1,empty,empty,1,field_out,3,0,0
2025-06-26,MIN202506260,MIN,"Larnach, Trevor",larnt001,2,2,empty,empty,1,single,3,0,0
2025-06-26,MIN202506260,MIN,"Castro, Willi",castw003,2,2,1B,1B,1,field_out,3,0,0
2025-06-26,MIN202506260,MIN,"Correa, Carlos",corrc001,2,0,empty,empty,1,field_out,4,0,0
2025-06-26,MIN202506260,MIN,"Wallner, Matt",wallm001,2,1,empty,empty,1,field_out,4,0,0
2025-06-26,MIN202506260,MIN,"Lee, Brooks",lee-b002,2,2,empty,empty,1,walk,4,0,0
2025-06-26,MIN202506260,MIN,"France, Ty",frant002,2,2,1B,1B,1,hit_by_pitch,4,0,0
2025-06-26,MIN202506260,MIN,"Jeffers, Ryan",jeffr002,2,2,1B+2B,1B+2B,1,field_out,4,0,0
2025-06-26,MIN202506260,MIN,"Clemens, Kody",clemk001,2,0,empty,empty,1,field_out,5,0,0
2025-06-26,MIN202506260,MIN,"Buxton, Byron",buxtb001,3,1,empty,empty,1,walk,5,0,0
2025-06-26,MIN202506260,MIN,"Larnach, Trevor",larnt001,3,1,1B,2B,0,home_run,5,0,0
2025-06-26,MIN202506260,MIN,"Castro, Willi",castw003,3,1,empty,empty,1,hit_by_pitch,5,2,0
2025-06-26,MIN202506260,MIN,"Correa, Carlos",corrc001,3,1,1B,1B,1,field_out,5,2,0
2025-06-26,MIN202506260,MIN,"Wallner, Matt",wallm001,3,2,1B,2B,0,field_out,5,2,0
2025-06-26,MIN202506260,MIN,"Lee, Brooks",lee-b002,3,0,empty,empty,1,home_run,6,2,0
2025-06-26,MIN202506260,MIN,"France, Ty",frant002,3,0,empty,empty,1,field_out,6,3,0
2025-06-26,MIN202506260,MIN,"Jeffers, Ryan",jeffr002,3,1,empty,empty,1,walk,6,3,0
2025-06-26,MIN202506260,MIN,"Clemens, Kody",clemk001,3,1,1B,1B,1,walk,6,3,0
2025-06-26,MIN202506260,MIN,"Buxton, Byron",buxtb001,4,1,1B+2B,1B+2B,1,double,6,3,0
2025-06-26,MIN202506260,MIN,"Larnach, Trevor",larnt001,4,1,2B+3B,2B+3B,1,field_error,6,4,0
2025-06-26,MIN202506260,MIN,"Castro, Willi",castw003,4,1,1B+3B,1B+3B,1,double,6,5,0
2025-06-26,MIN202506260,MIN,"Correa, Carlos",corrc001,4,1,2B+3B,2B+3B,1,single,6,6,0
2025-06-26,MIN202506260,MIN,"Wallner, Matt",wallm001,4,1,1B,1B,1,home_run,6,8,0
2025-06-26,MIN202506260,MIN,"Lee, Brooks",lee-b002,4,1,empty,empty,1,strikeout,6,10,0
2025-06-26,MIN202506260,MIN,"France, Ty",frant002,4,2,empty,empty,1,double,6,10,0
2025-06-26,MIN202506260,MIN,"Jeffers, Ryan",jeffr002,4,2,2B,2B,1,field_out,6,10,0
2025-06-26,MIN202506260,MIN,"Clemens, Kody",clemk001,4,0,empty,empty,1,single,7,10,0
2025-06-26,MIN202506260,MIN,"Buxton, Byron",buxtb001,5,0,1B,1B,1,field_out,7,10,0
2025-06-26,MIN202506260,MIN,"Larnach, Trevor",larnt001,5,1,1B,1B,1,field_out,7,10,0
2025-06-26,MIN202506260,MIN,"Castro, Willi",castw003,5,2,1B,1B,1,field_out,7,10,0
2025-06-26,MIN202506260,MIN,"Bride, Jonah",bridj001,1,0,empty,empty,1,single,8,10,0
2025-06-26,MIN202506260,MIN,"Wallner, Matt",wallm001,5,0,1B,1B,1,walk,8,10,0
2025-06-26,MIN202506260,MIN,"Lee, Brooks",lee-b002,5,0,1B+2B,1B+2B,1,field_out,8,10,0
2025-06-26,MIN202506260,MIN,"France, Ty",frant002,5,1,2B+3B,2B+3B,1,field_out,8,10,0
2025-06-26,MIN202506260,MIN,"Jeffers, Ryan",jeffr002,5,2,2B+3B,2B+3B,1,walk,8,10,0
2025-06-26,MIN202506260,MIN,"Clemens, Kody",clemk001,5,2,1B+2B+3B,1B+2B+3B,1,field_out,8,10,0
2025-06-27,DET202506270,MIN,"Buxton, Byron",buxtb001,1,0,empty,empty,1,field_out,1,0,0
2025-06-27,DET202506270,MIN,"Larnach, Trevor",larnt001,1,1,empty,empty,1,field_out,1,0,0
2025-06-27,DET202506270,MIN,"Castro, Willi",castw003,1,2,empty,empty,1,strikeout,1,0,0
2025-06-27,DET202506270,MIN,"Correa, Carlos",corrc001,1,0,empty,empty,1,field_out,2,0,0
2025-06-27,DET202506270,MIN,"Wallner, Matt",wallm001,1,1,empty,empty,1,strikeout,2,0,0
2025-06-27,DET202506270,MIN,"Lee, Brooks",lee-b002,1,2,empty,empty,1,field_out,2,0,0
2025-06-27,DET202506270,MIN,"Clemens, Kody",clemk001,1,0,empty,empty,1,strikeout,3,0,0
2025-06-27,DET202506270,MIN,"Bader, Harrison",badeh001,1,1,empty,empty,1,single,3,0,0
2025-06-27,DET202506270,MIN,"Vazquez, Christian",vazqc001,1,1,1B,2B,0,walk,3,0,0
2025-06-27,DET202506270,MIN,"Buxton, Byron",buxtb001,2,1,1B+2B,1B+2B,1,field_out,3,0,0
2025-06-27,DET202506270,MIN,"Larnach, Trevor",larnt001,2,2,1B+3B,1B+3B,1,field_out,3,0,0
2025-06-27,DET202506270,MIN,"Castro, Willi",castw003,2,0,empty,empty,1,field_out,4,0,0
2025-06-27,DET202506270,MIN,"Correa, Carlos",corrc001,2,1,empty,empty,1,field_out,4,0,0
2025-06-27,DET202506270,MIN,"Wallner, Matt",wallm001,2,2,empty,empty,1,double,4,0,0
2025-06-27,DET202506270,MIN,"Lee, Brooks",lee-b002,2,2,2B,2B,1,double,4,0,0
2025-06-27,DET202506270,MIN,"Clemens, Kody",clemk001,2,2,2B,2B,1,strikeout,4,1,0
2025-06-27,DET202506270,MIN,"Bader, Harrison",badeh001,2,0,empty,empty,1,field_out,5,1,0
2025-06-27,DET202506270,MIN,"Vazquez, Christian",vazqc001,2,1,empty,empty,1,field_out,5,1,0
2025-06-27,DET202506270,MIN,"Buxton, Byron",buxtb001,3,2,empty,empty,1,home_run,5,1,0
2025-06-27,DET202506270,MIN,"Larnach, Trevor",larnt001,3,2,empty,empty,1,strikeout,5,2,0
2025-06-27,DET202506270,MIN,"Castro, Willi",castw003,3,0,empty,empty,1,walk,6,2,0
2025-06-27,DET202506270,MIN,"Correa, Carlos",corrc001,3,0,1B,1B,1,field_out,6,2,0
2025-06-27,DET202506270,MIN,"France, Ty",frant002,1,1,1B,3B,0,walk,6,2,0
2025-06-27,DET202506270,MIN,"Lee, Brooks",lee-b002,3,1,1B+3B,1B+3B,1,single,6,2,0
2025-06-27,DET202506270,MIN,"Clemens, Kody",clemk001,3,1,1B+3B,1B+3B,1,hit_by_pitch,6,3,0
2025-06-27,DET202506270,MIN,"Bader, Harrison",badeh001,3,1,1B+2B+3B,1B+2B+3B,1,strikeout,6,3,0
2025-06-27,DET202506270,MIN,"Vazquez, Christian",vazqc001,3,2,1B+2B+3B,1B+2B+3B,1,field_out,6,3,0
2025-06-27,DET202506270,MIN,"Buxton, Byron",buxtb001,4,0,empty,empty,1,walk,7,3,0
2025-06-27,DET202506270,MIN,"Larnach, Trevor",larnt001,4,0,1B,2B,0,field_out,7,3,0
2025-06-27,DET202506270,MIN,"Castro, Willi",castw003,4,1,3B,3B,1,sac_bunt,7,3,0
2025-06-27,DET202506270,MIN,"Correa, Carlos",corrc001,4,2,empty,empty,1,single,7,4,0
2025-06-27,DET202506270,MIN,"France, Ty",frant002,2,2,1B,1B,1,strikeout,7,4,0
2025-06-27,DET202506270,MIN,"Lee, Brooks",lee-b002,4,0,empty,empty,1,field_out,8,4,0
2025-06-27,DET202506270,MIN,"Clemens, Kody",clemk001,4,1,empty,empty,1,field_out,8,4,0
2025-06-27,DET202506270,MIN,"Bader, Harrison",badeh001,4,2,empty,empty,1,strikeout,8,4,0
2025-06-27,DET202506270,MIN,"Vazquez, Christian",vazqc001,4,0,empty,empty,1,hit_by_pitch,9,4,1
2025-06-27,DET202506270,MIN,"Buxton, Byron",buxtb001,5,0,1B,1B,1,strikeout,9,4,1
2025-06-27,DET202506270,MIN,"Larnach, Trevor",larnt001,5,1,1B,1B,1,grounded_into_double_play,9,4,1
2025-06-28,DET202506280,MIN,"Buxton, Byron",buxtb001,1,0,empty,empty,1,single,1,0,0
2025-06-28,DET202506280,MIN,"Larnach, Trevor",larnt001,1,0,1B,1B,1,field_out,1,0,0
2025-06-28,DET202506280,MIN,"Castro, Willi",castw003,1,1,1B,2B,0,strikeout,1,0,0
2025-06-28,DET202506280,MIN,"Correa, Carlos",corrc001,1,2,2B,2B,1,strikeout,1,0,0
2025-06-28,DET202506280,MIN,"France, Ty",frant002,1,0,empty,empty,1,field_out,2,0,0
2025-06-28,DET202506280,MIN,"Lee, Brooks",lee-b002,1,1,empty,empty,1,field_out,2,0,0
2025-06-28,DET202506280,MIN,"Jeffers, Ryan",jeffr002,1,2,empty,empty,1,field_out,2,0,0
2025-06-28,DET202506280,MIN,"Wallner, Matt",wallm001,1,0,empty,empty,1,strikeout,3,0,1
2025-06-28,DET202506280,MIN,"Bader, Harrison",badeh001,1,1,empty,empty,1,single,3,0,1
2025-06-28,DET202506280,MIN,"Buxton, Byron",buxtb001,2,1,1B,1B,1,home_run,3,0,1
2025-06-28,DET202506280,MIN,"Larnach, Trevor",larnt001,2,1,empty,empty,1,field_out,3,2,1
2025-06-28,DET202506280,MIN,"Castro, Willi",castw003,2,2,empty,empty,1,field_out,3,2,1
2025-06-28,DET202506280,MIN,"Correa, Carlos",corrc001,2,0,empty,empty,1,field_out,4,2,2
2025-06-28,DET202506280,MIN,"France, Ty",frant002,2,1,empty,empty,1,single,4,2,2
2025-06-28,DET202506280,MIN,"Lee, Brooks",lee-b002,2,1,1B,1B,1,field_out,4,2,2
2025-06-28,DET202506280,MIN,"Jeffers, Ryan",jeffr002,2,2,1B,1B,1,field_out,4,2,2
2025-06-28,DET202506280,MIN,"Wallner, Matt",wallm001,2,0,empty,empty,1,field_out,5,2,5
2025-06-28,DET202506280,MIN,"Bader, Harrison",badeh001,2,1,empty,empty,1,field_out,5,2,5
2025-06-28,DET202506280,MIN,"Buxton, Byron",buxtb001,3,2,empty,empty,1,field_out,5,2,5
2025-06-28,DET202506280,MIN,"Larnach, Trevor",larnt001,3,0,empty,empty,1,single,6,2,6
2025-06-28,DET202506280,MIN,"Castro, Willi",castw003,3,0,1B,1B,1,strikeout,6,2,6
2025-06-28,DET202506280,MIN,"Correa, Carlos",corrc001,3,1,1B,1B,1,field_out,6,2,6
2025-06-28,DET202506280,MIN,"France, Ty",frant002,3,2,2B,2B,1,strikeout,6,2,6
2025-06-28,DET202506280,MIN,"Lee, Brooks",lee-b002,3,0,empty,empty,1,field_out,7,2,7
2025-06-28,DET202506280,MIN,"Jeffers, Ryan",jeffr002,3,1,empty,empty,1,field_out,7,2,7
2025-06-28,DET202506280,MIN,"Wallner, Matt",wallm001,3,2,empty,empty,1,walk,7,2,7
2025-06-28,DET202506280,MIN,"Bader, Harrison",badeh001,3,2,1B,1B,1,field_out,7,2,7
2025-06-28,DET202506280,MIN,"Buxton, Byron",buxtb001,4,0,empty,empty,1,single,8,2,8
2025-06-28,DET202506280,MIN,"Larnach, Trevor",larnt001,4,0,1B,1B,1,strikeout,8,2,8
2025-06-28,DET202506280,MIN,"Castro, Willi",castw003,4,1,1B,1B,1,strikeout,8,2,8
2025-06-28,DET202506280,MIN,"Correa, Carlos",corrc001,4,2,1B,1B,1,home_run,8,2,8
2025-06-28,DET202506280,MIN,"France, Ty",frant002,4,2,empty,empty,1,field_out,8,4,8
2025-06-28,DET202506280,MIN,"Lee, Brooks",lee-b002,4,0,empty,empty,1,double,9,4,10
2025-06-28,DET202506280,MIN,"Jeffers, Ryan",jeffr002,4,0,2B,2B,1,field_out,9,4,10
2025-06-28,DET202506280,MIN,"Wallner, Matt",wallm001,4,1,3B,3B,1,sac_fly,9,4,10
2025-06-28,DET202506280,MIN,"Bader, Harrison",badeh001,4,2,empty,empty,1,strikeout,9,5,10
2025-06-29,DET202506290,MIN,"Buxton, Byron",buxtb001,1,0,empty,empty,1,strikeout,1,0,0
2025-06-29,DET202506290,MIN,"Jeffers, Ryan",jeffr002,1,1,empty,empty,1,field_out,1,0,0
2025-06-29,DET202506290,MIN,"Correa, Carlos",corrc001,1,2,empty,empty,1,strikeout,1,0,0
2025-06-29,DET202506290,MIN,"Castro, Willi",castw003,1,0,empty,empty,1,strikeout,2,0,1
2025-06-29,DET202506290,MIN,"France, Ty",frant002,1,1,empty,empty,1,strikeout,2,0,1
2025-06-29,DET202506290,MIN,"Bader, Harrison",badeh001,1,2,empty,empty,1,strikeout,2,0,1
2025-06-29,DET202506290,MIN,"Lee, Brooks",lee-b002,1,0,empty,empty,1,strikeout,3,0,1
2025-06-29,DET202506290,MIN,"Bride, Jonah",bridj001,1,1,empty,empty,1,strikeout,3,0,1
2025-06-29,DET202506290,MIN,"Vazquez, Christian",vazqc001,1,2,empty,empty,1,strikeout,3,0,1
2025-06-29,DET202506290,MIN,"Buxton, Byron",buxtb001,2,0,empty,empty,1,field_out,4,0,1
2025-06-29,DET202506290,MIN,"Jeffers, Ryan",jeffr002,2,1,empty,empty,1,strikeout,4,0,1
2025-06-29,DET202506290,MIN,"Correa, Carlos",corrc001,2,2,empty,empty,1,field_out,4,0,1
2025-06-29,DET202506290,MIN,"Castro, Willi",castw003,2,0,empty,empty,1,field_out,5,0,2
2025-06-29,DET202506290,MIN,"France, Ty",frant002,2,1,empty,empty,1,single,5,0,2
2025-06-29,DET202506290,MIN,"Bader, Harrison",badeh001,2,1,1B,1B,1,strikeout,5,0,2
2025-06-29,DET202506290,MIN,"Lee, Brooks",lee-b002,2,2,1B,1B,1,strikeout,5,0,2
2025-06-29,DET202506290,MIN,"Bride, Jonah",bridj001,2,0,empty,empty,1,field_out,6,0,3
2025-06-29,DET202506290,MIN,"Vazquez, Christian",vazqc001,2,1,empty,empty,1,walk,6,0,3
2025-06-29,DET202506290,MIN,"Buxton, Byron",buxtb001,3,1,1B,1B,1,field_out,6,0,3
2025-06-29,DET202506290,MIN,"Jeffers, Ryan",jeffr002,3,2,1B,1B,1,field_out,6,0,3
2025-06-29,DET202506290,MIN,"Correa, Carlos",corrc001,3,0,empty,empty,1,strikeout,7,0,3
2025-06-29,DET202506290,MIN,"Castro, Willi",castw003,3,1,empty,empty,1,field_out,7,0,3
2025-06-29,DET202506290,MIN,"France, Ty",frant002,3,2,empty,empty,1,strikeout,7,0,3
2025-06-29,DET202506290,MIN,"Bader, Harrison",badeh001,3,0,empty,empty,1,single,8,0,3
2025-06-29,DET202506290,MIN,"Lee, Brooks",lee-b002,3,0,1B,1B,1,grounded_into_double_play,8,0,3
2025-06-29,DET202506290,MIN,"Larnach, Trevor",larnt001,1,2,empty,empty,1,field_out,8,0,3
2025-06-29,DET202506290,MIN,"Wallner, Matt",wallm001,1,0,empty,empty,1,field_out,9,0,3
2025-06-29,DET202506290,MIN,"Buxton, Byron",buxtb001,4,1,empty,empty,1,strikeout,9,0,3
2025-06-29,DET202506290,MIN,"Jeffers, Ryan",jeffr002,4,2,empty,empty,1,field_out,9,0,3
2025-07-01,MIA202507010,MIN,"Buxton, Byron",buxtb001,1,0,empty,empty,1,strikeout,1,0,0
2025-07-01,MIA202507010,MIN,"Larnach, Trevor",larnt001,1,1,empty,empty,1,field_out,1,0,0
2025-07-01,MIA202507010,MIN,"Castro, Willi",castw003,1,2,empty,empty,1,field_out,1,0,0
2025-07-01,MIA202507010,MIN,"Correa, Carlos",corrc001,1,0,empty,empty,1,field_out,2,0,0
2025-07-01,MIA202507010,MIN,"Wallner, Matt",wallm001,1,1,empty,empty,1,field_out,2,0,0
2025-07-01,MIA202507010,MIN,"Lee, Brooks",lee-b002,1,2,empty,empty,1,field_out,2,0,0
2025-07-01,MIA202507010,MIN,"France, Ty",frant002,1,0,empty,empty,1,field_out,3,0,1
2025-07-01,MIA202507010,MIN,"Lewis, Royce",lewir003,1,1,empty,empty,1,double,3,0,1
2025-07-01,MIA202507010,MIN,"Vazquez, Christian",vazqc001,1,1,2B,2B,1,strikeout,3,0,1
2025-07-01,MIA202507010,MIN,"Buxton, Byron",buxtb001,2,2,2B,2B,1,strikeout,3,0,1
2025-07-01,MIA202507010,MIN,"Larnach, Trevor",larnt001,2,0,empty,empty,1,field_out,4,0,1
2025-07-01,MIA202507010,MIN,"Castro, Willi",castw003,2,1,empty,empty,1,field_out,4,0,1
2025-07-01,MIA202507010,MIN,"Correa, Carlos",corrc001,2,2,empty,empty,1,field_out,4,0,1
2025-07-01,MIA202507010,MIN,"Wallner, Matt",wallm001,2,0,empty,empty,1,field_out,5,0,1
2025-07-01,MIA202507010,MIN,"Lee, Brooks",lee-b002,2,1,empty,empty,1,field_out,5,0,1
2025-07-01,MIA202507010,MIN,"France, Ty",frant002,2,2,empty,empty,1,field_out,5,0,1
2025-07-01,MIA202507010,MIN,"Lewis, Royce",lewir003,2,0,empty,empty,1,field_out,6,0,1
2025-07-01,MIA202507010,MIN,"Vazquez, Christian",vazqc001,2,1,empty,empty,1,field_out,6,0,1
2025-07-01,MIA202507010,MIN,"Buxton, Byron",buxtb001,3,2,empty,empty,1,field_out,6,0,1
2025-07-01,MIA202507010,MIN,"Larnach, Trevor",larnt001,3,0,empty,empty,1,strikeout,7,0,1
2025-07-01,MIA202507010,MIN,"Castro, Willi",castw003,3,1,empty,empty,1,single,7,0,1
2025-07-01,MIA202507010,MIN,"Correa, Carlos",corrc001,3,1,1B,1B,1,strikeout,7,0,1
2025-07-01,MIA202507010,MIN,"Wallner, Matt",wallm001,3,2,2B,2B,1,walk,7,0,1
2025-07-01,MIA202507010,MIN,"Lee, Brooks",lee-b002,3,2,1B+2B,1B+2B,1,strikeout,7,0,1
2025-07-01,MIA202507010,MIN,"France, Ty",frant002,3,0,empty,empty,1,field_out,8,0,1
2025-07-01,MIA202507010,MIN,"Lewis, Royce",lewir003,3,1,empty,empty,1,strikeout,8,0,1
2025-07-01,MIA202507010,MIN,"Clemens, Kody",clemk001,1,2,empty,empty,1,field_out,8,0,1
2025-07-01,MIA202507010,MIN,"Buxton, Byron",buxtb001,4,0,empty,empty,1,strikeout,9,0,2
2025-07-01,MIA202507010,MIN,"Larnach, Trevor",larnt001,4,1,empty,empty,1,strikeout,9,0,2
2025-07-01,MIA202507010,MIN,"Castro, Willi",castw003,4,2,empty,empty,1,field_out,9,0,2
2025-07-02,MIA202507020,MIN,"Buxton, Byron",buxtb001,1,0,empty,empty,1,single,1,0,0
2025-07-02,MIA202507020,MIN,"Larnach, Trevor",larnt001,1,0,1B,2B,0,strikeout,1,0,0
2025-07-02,MIA202507020,MIN,"Castro, Willi",castw003,1,1,2B,2B,1,single,1,0,0
2025-07-02,MIA202507020,MIN,"Lee, Brooks",lee-b002,1,1,1B+3B,1B+3B,1,sac_fly,1,0,0
2025-07-02,MIA202507020,MIN,"Correa, Carlos",corrc001,1,2,1B,2B,0,strikeout,1,1,0
2025-07-02,MIA202507020,MIN,"Wallner, Matt",wallm001,1,0,empty,empty,1,field_out,2,1,0
2025-07-02,MIA202507020,MIN,"Jeffers, Ryan",jeffr002,1,1,empty,empty,1,field_out,2,1,0
2025-07-02,MIA202507020,MIN,"Clemens, Kody",clemk001,1,2,empty,empty,1,strikeout,2,1,0
2025-07-02,MIA202507020,MIN,"Bader, Harrison",badeh001,1,0,empty,empty,1,field_out,3,1,1
2025-07-02,MIA202507020,MIN,"Buxton, Byron",buxtb001,2,1,empty,empty,1,field_out,3,1,1
2025-07-02,MIA202507020,MIN,"Larnach, Trevor",larnt001,2,2,empty,empty,1,strikeout,3,1,1
2025-07-02,MIA202507020,MIN,"Castro, Willi",castw003,2,0,empty,empty,1,double,4,1,1
2025-07-02,MIA202507020,MIN,"Lee, Brooks",lee-b002,2,0,2B,2B,1,single,4,1,1
2025-07-02,MIA202507020,MIN,"Correa, Carlos",corrc001,2,0,1B+3B,1B+3B,1,single,4,1,1
2025-07-02,MIA202507020,MIN,"Wallner, Matt",wallm001,2,0,1B+2B,1B+2B,1,strikeout,4,2,1
2025-07-02,MIA202507020,MIN,"Jeffers, Ryan",jeffr002,2,1,1B+2B,1B+2B,1,grounded_into_double_play,4,2,1
2025-07-02,MIA202507020,MIN,"Clemens, Kody",clemk001,2,0,empty,empty,1,single,5,2,1
2025-07-02,MIA202507020,MIN,"Bader, Harrison",badeh001,2,0,1B,1B,1,field_out,5,2,1
2025-07-02,MIA202507020,MIN,"Buxton, Byron",buxtb001,3,1,1B,1B,1,field_out,5,2,1
2025-07-02,MIA202507020,MIN,"Larnach, Trevor",larnt001,3,2,1B,1B,1,field_out,5,2,1
2025-07-02,MIA202507020,MIN,"Castro, Willi",castw003,3,0,empty,empty,1,strikeout,6,2,1
2025-07-02,MIA202507020,MIN,"Lee, Brooks",lee-b002,3,1,empty,empty,1,field_out,6,2,1
2025-07-02,MIA202507020,MIN,"Correa, Carlos",corrc001,3,2,empty,empty,1,strikeout,6,2,1
2025-07-02,MIA202507020,MIN,"Lewis, Royce",lewir003,1,0,empty,empty,1,walk,7,2,1
2025-07-02,MIA202507020,MIN,"Jeffers, Ryan",jeffr002,3,0,1B,1B,1,strikeout,7,2,1
2025-07-02,MIA202507020,MIN,"France, Ty",frant002,1,1,1B,1B,1,grounded_into_double_play,7,2,1
2025-07-02,MIA202507020,MIN,"Bader, Harrison",badeh001,3,0,empty,empty,1,field_out,8,2,1
2025-07-02,MIA202507020,MIN,"Buxton, Byron",buxtb001,4,1,empty,empty,1,field_out,8,2,1
2025-07-02,MIA202507020,MIN,"Larnach, Trevor",larnt001,4,2,empty,empty,1,field_out,8,2,1
2025-07-02,MIA202507020,MIN,"Castro, Willi",castw003,4,0,empty,empty,1,single,9,2,1
2025-07-02,MIA202507020,MIN,"Lee, Brooks",lee-b002,4,0,1B,1B,1,strikeout_double_play,9,2,1
2025-07-02,MIA202507020,MIN,"Correa, Carlos",corrc001,4,2,empty,empty,1,single,9,2,1
2025-07-02,MIA202507020,MIN,"Lewis, Royce",lewir003,2,2,1B,1B,1,field_out,9,2,1
2025-07-03,MIA202507030,MIN,"Buxton, Byron",buxtb001,1,0,empty,empty,1,strikeout,1,0,0
2025-07-03,MIA202507030,MIN,"Larnach, Trevor",larnt001,1,1,empty,empty,1,field_out,1,0,0
2025-07-03,MIA202507030,MIN,"Castro, Willi",castw003,1,2,empty,empty,1,walk,1,0,0
2025-07-03,MIA202507030,MIN,"Lee, Brooks",lee-b002,1,2,1B,2B,0,strikeout,1,0,0
2025-07-03,MIA202507030,MIN,"France, Ty",frant002,1,0,empty,empty,1,field_out,2,0,3
2025-07-03,MIA202507030,MIN,"Wallner, Matt",wallm001,1,1,empty,empty,1,strikeout,2,0,3
2025-07-03,MIA202507030,MIN,"Lewis, Royce",lewir003,1,2,empty,empty,1,field_out,2,0,3
2025-07-03,MIA202507030,MIN,"Bader, Harrison",badeh001,1,0,empty,empty,1,strikeout,3,0,3
2025-07-03,MIA202507030,MIN,"Vazquez, Christian",vazqc001,1,1,empty,empty,1,strikeout,3,0,3
2025-07-03,MIA202507030,MIN,"Buxton, Byron",buxtb001,2,2,empty,empty,1,field_out,3,0,3
2025-07-03,MIA202507030,MIN,"Larnach, Trevor",larnt001,2,0,empty,empty,1,double,4,0,4
2025-07-03,MIA202507030,MIN,"Castro, Willi",castw003,2,0,2B,2B,1,strikeout,4,0,4
2025-07-03,MIA202507030,MIN,"Lee, Brooks",lee-b002,2,1,2B,2B,1,field_out,4,0,4
2025-07-03,MIA202507030,MIN,"France, Ty",frant002,2,2,2B,2B,1,field_out,4,0,4
2025-07-03,MIA202507030,MIN,"Wallner, Matt",wallm001,2,0,empty,empty,1,field_out,5,0,4
2025-07-03,MIA202507030,MIN,"Lewis, Royce",lewir003,2,1,empty,empty,1,field_out,5,0,4
2025-07-03,MIA202507030,MIN,"Bader, Harrison",badeh001,2,2,empty,empty,1,field_out,5,0,4
2025-07-03,MIA202507030,MIN,"Vazquez, Christian",vazqc001,2,0,empty,empty,1,field_error,6,0,4
2025-07-03,MIA202507030,MIN,"Buxton, Byron",buxtb001,3,0,1B,1B,1,field_out,6,0,4
2025-07-03,MIA202507030,MIN,"Larnach, Trevor",larnt001,3,1,1B,1B,1,strikeout,6,0,4
2025-07-03,MIA202507030,MIN,"Castro, Willi",castw003,3,2,1B,1B,1,field_out,6,0,4
2025-07-03,MIA202507030,MIN,"Lee, Brooks",lee-b002,3,0,empty,empty,1,strikeout,7,0,4
2025-07-03,MIA202507030,MIN,"France, Ty",frant002,3,1,empty,empty,1,field_out,7,0,4
2025-07-03,MIA202507030,MIN,"Wallner, Matt",wallm001,3,2,empty,empty,1,home_run,7,0,4
2025-07-03,MIA202507030,MIN,"Lewis, Royce",lewir003,3,2,empty,empty,1,single,7,1,4
2025-07-03,MIA202507030,MIN,"Bader, Harrison",badeh001,3,2,1B,1B,1,single,7,1,4
2025-07-03,MIA202507030,MIN,"Jeffers, Ryan",jeffr002,1,2,1B+2B,1B+2B,1,field_out,7,1,4
2025-07-03,MIA202507030,MIN,"Buxton, Byron",buxtb001,4,0,empty,empty,1,strikeout,8,1,4
2025-07-03,MIA202507030,MIN,"Larnach, Trevor",larnt001,4,1,empty,empty,1,single,8,1,4
2025-07-03,MIA202507030,MIN,"Castro, Willi",castw003,4,1,1B,1B,1,grounded_into_double_play,8,1,4
2025-07-03,MIA202507030,MIN,"Lee, Brooks",lee-b002,4,0,empty,empty,1,strikeout,9,1,4
2025-07-03,MIA202507030,MIN,"France, Ty",frant002,4,1,empty,empty,1,field_out,9,1,4
2025-07-03,MIA202507030,MIN,"Wallner, Matt",wallm001,4,2,empty,empty,1,field_out,9,1,4
2025-07-04,MIN202507040,MIN,"Buxton, Byron",buxtb001,1,0,empty,empty,1,field_out,1,0,0
2025-07-04,MIN202507040,MIN,"Castro, Willi",castw003,1,1,empty,empty,1,single,1,0,0
2025-07-04,MIN202507040,MIN,"Larnach, Trevor",larnt001,1,1,1B,2B,0,strikeout,1,0,0
2025-07-04,MIN202507040,MIN,"Correa, Carlos",corrc001,1,2,2B,2B,1,field_out,1,0,0
2025-07-04,MIN202507040,MIN,"Jeffers, Ryan",jeffr002,1,0,empty,empty,1,field_out,2,0,0
2025-07-04,MIN202507040,MIN,"Wallner, Matt",wallm001,1,1,empty,empty,1,strikeout,2,0,0
2025-07-04,MIN202507040,MIN,"Lewis, Royce",lewir003,1,2,empty,empty,1,single,2,0,0
2025-07-04,MIN202507040,MIN,"France, Ty",frant002,1,2,1B,1B,1,field_out,2,0,0
2025-07-04,MIN202507040,MIN,"Bader, Harrison",badeh001,1,0,empty,empty,1,strikeout,3,0,0
2025-07-04,MIN202507040,MIN,"Buxton, Byron",buxtb001,2,1,empty,empty,1,field_out,3,0,0
2025-07-04,MIN202507040,MIN,"Castro, Willi",castw003,2,2,empty,empty,1,walk,3,0,0
2025-07-04,MIN202507040,MIN,"Larnach, Trevor",larnt001,2,2,1B,1B,1,single,3,0,0
2025-07-04,MIN202507040,MIN,"Correa, Carlos",corrc001,2,0,1B+3B,empty,0,field_out,4,0,0
2025-07-04,MIN202507040,MIN,"Jeffers, Ryan",jeffr002,2,1,empty,empty,1,strikeout,4,0,0
2025-07-04,MIN202507040,MIN,"Wallner, Matt",wallm001,2,2,empty,empty,1,walk,4,0,0
2025-07-04,MIN202507040,MIN,"Lewis, Royce",lewir003,2,2,1B,1B,1,field_out,4,0,0
2025-07-04,MIN202507040,MIN,"France, Ty",frant002,2,0,empty,empty,1,field_out,5,0,0
2025-07-04,MIN202507040,MIN,"Bader, Harrison",badeh001,2,1,empty,empty,1,home_run,5,0,0
2025-07-04,MIN202507040,MIN,"Buxton, Byron",buxtb001,3,1,empty,empty,1,strikeout,5,1,0
2025-07-04,MIN202507040,MIN,"Castro, Willi",castw003,3,2,empty,empty,1,field_out,5,1,0
2025-07-04,MIN202507040,MIN,"Larnach, Trevor",larnt001,3,0,empty,empty,1,field_out,6,1,2
2025-07-04,MIN202507040,MIN,"Correa, Carlos",corrc001,3,1,empty,empty,1,field_out,6,1,2
2025-07-04,MIN202507040,MIN,"Jeffers, Ryan",jeffr002,3,2,empty,empty,1,field_out,6,1,2
2025-07-04,MIN202507040,MIN,"Wallner, Matt",wallm001,3,0,empty,empty,1,single,7,1,3
2025-07-04,MIN202507040,MIN,"Lewis, Royce",lewir003,3,0,1B,1B,1,strikeout,7,1,3
2025-07-04,MIN202507040,MIN,"France, Ty",frant002,3,1,1B,1B,1,single,7,1,3
2025-07-04,MIN202507040,MIN,"Bader, Harrison",badeh001,3,1,1B+2B,1B+2B,1,strikeout,7,1,3
2025-07-04,MIN202507040,MIN,"Buxton, Byron",buxtb001,4,2,1B+2B,1B+2B,1,double,7,1,3
2025-07-04,MIN202507040,MIN,"Castro, Willi",castw003,4,2,2B+3B,2B+3B,1,hit_by_pitch,7,2,3
2025-07-04,MIN202507040,MIN,"Lee, Brooks",lee-b002,1,2,1B+2B+3B,1B+2B+3B,1,hit_by_pitch,7,2,3
2025-07-04,MIN202507040,MIN,"Correa, Carlos",corrc001,4,2,1B+2B+3B,1B+2B+3B,1,strikeout,7,3,3
2025-07-04,MIN202507040,MIN,"Jeffers, Ryan",jeffr002,4,0,empty,empty,1,walk,8,3,3
2025-07-04,MIN202507040,MIN,"Wallner, Matt",wallm001,4,0,1B,1B,1,strikeout,8,3,3
2025-07-04,MIN202507040,MIN,"Lewis, Royce",lewir003,4,1,1B,2B,0,field_out,8,3,3
2025-07-04,MIN202507040,MIN,"France, Ty",frant002,4,2,2B,2B,1,strikeout,8,3,3
2025-07-04,MIN202507040,MIN,"Bader, Harrison",badeh001,4,0,empty,empty,1,home_run,9,3,3
2025-07-05,MIN202507050,MIN,"Buxton, Byron",buxtb001,1,0,empty,empty,1,field_error,1,0,0
2025-07-05,MIN202507050,MIN,"Castro, Willi",castw003,1,0,1B,1B,1,strikeout,1,0,0
2025-07-05,MIN202507050,MIN,"Larnach, Trevor",larnt001,1,1,1B,1B,1,grounded_into_double_play,1,0,0
2025-07-05,MIN202507050,MIN,"Correa, Carlos",corrc001,1,0,empty,empty,1,single,2,0,0
2025-07-05,MIN202507050,MIN,"Jeffers, Ryan",jeffr002,1,0,1B,1B,1,single,2,0,0
2025-07-05,MIN202507050,MIN,"Wallner, Matt",wallm001,1,0,1B+2B,1B+2B,1,walk,2,0,0
2025-07-05,MIN202507050,MIN,"Lewis, Royce",lewir003,1,0,1B+2B+3B,1B+2B+3B,1,single,2,0,0
2025-07-05,MIN202507050,MIN,"Clemens, Kody",clemk001,1,0,1B+2B+3B,1B+2B+3B,1,strikeout,2,1,0
2025-07-05,MIN202507050,MIN,"Bader, Harrison",badeh001,1,1,1B+2B+3B,1B+2B+3B,1,field_out,2,1,0
2025-07-05,MIN202507050,MIN,"Buxton, Byron",buxtb001,2,2,1B+2B+3B,1B+2B+3B,1,field_out,2,1,0
2025-07-05,MIN202507050,MIN,"Castro, Willi",castw003,2,0,empty,empty,1,field_out,3,1,1
2025-07-05,MIN202507050,MIN,"Larnach, Trevor",larnt001,2,1,empty,empty,1,double,3,1,1
2025-07-05,MIN202507050,MIN,"Correa, Carlos",corrc001,2,1,2B,2B,1,field_out,3,1,1
2025-07-05,MIN202507050,MIN,"Jeffers, Ryan",jeffr002,2,2,2B,2B,1,field_out,3,1,1
2025-07-05,MIN202507050,MIN,"Wallner, Matt",wallm001,2,0,empty,empty,1,field_out,4,1,2
2025-07-05,MIN202507050,MIN,"Lewis, Royce",lewir003,2,1,empty,empty,1,field_out,4,1,2
2025-07-05,MIN202507050,MIN,"Clemens, Kody",clemk001,2,2,empty,empty,1,strikeout,4,1,2
2025-07-05,MIN202507050,MIN,"Bader, Harrison",badeh001,2,0,empty,empty,1,field_out,5,1,4
2025-07-05,MIN202507050,MIN,"Buxton, Byron",buxtb001,3,1,empty,empty,1,strikeout,5,1,4
2025-07-05,MIN202507050,MIN,"Castro, Willi",castw003,3,2,empty,empty,1,field_out,5,1,4
2025-07-05,MIN202507050,MIN,"Larnach, Trevor",larnt001,3,0,empty,empty,1,field_out,6,1,5
2025-07-05,MIN202507050,MIN,"Correa, Carlos",corrc001,3,1,empty,empty,1,single,6,1,5
2025-07-05,MIN202507050,MIN,"Jeffers, Ryan",jeffr002,3,1,1B,1B,1,single,6,1,5
2025-07-05,MIN202507050,MIN,"Wallner, Matt",wallm001,3,1,1B+2B,1B+2B,1,strikeout,6,1,5
2025-07-05,MIN202507050,MIN,"Lewis, Royce",lewir003,3,2,1B+2B,1B+2B,1,single,6,1,5
2025-07-05,MIN202507050,MIN,"Clemens, Kody",clemk001,3,2,1B+2B,1B+2B,1,home_run,6,2,5
2025-07-05,MIN202507050,MIN,"Bader, Harrison",badeh001,3,2,empty,empty,1,walk,6,5,5
2025-07-05,MIN202507050,MIN,"Buxton, Byron",buxtb001,4,2,1B,1B,1,field_out,6,5,5
2025-07-05,MIN202507050,MIN,"Castro, Willi",castw003,4,0,empty,empty,1,walk,7,5,5
2025-07-05,MIN202507050,MIN,"Lee, Brooks",lee-b002,1,0,1B,1B,1,field_out,7,5,5
2025-07-05,MIN202507050,MIN,"Correa, Carlos",corrc001,4,1,1B,1B,1,field_out,7,5,5
2025-07-05,MIN202507050,MIN,"Jeffers, Ryan",jeffr002,4,2,1B,1B,1,single,7,5,5
2025-07-05,MIN202507050,MIN,"France, Ty",frant002,1,2,1B+3B,1B+3B,1,strikeout,7,5,5
2025-07-05,MIN202507050,MIN,"Lewis, Royce",lewir003,4,0,empty,empty,1,field_out,8,5,5
2025-07-05,MIN202507050,MIN,"Clemens, Kody",clemk001,4,1,empty,empty,1,strikeout,8,5,5
2025-07-05,MIN202507050,MIN,"Bader, Harrison",badeh001,4,2,empty,empty,1,field_out,8,5,5
2025-07-05,MIN202507050,MIN,"Buxton, Byron",buxtb001,5,0,empty,empty,1,walk,9,5,5
2025-07-05,MIN202507050,MIN,"Castro, Willi",castw003,5,0,1B,1B,1,single,9,5,5
2025-07-05,MIN202507050,MIN,"Lee, Brooks",lee-b002,2,0,1B+3B,1B+3B,1,single,9,5,5
2025-07-06,MIN202507060,MIN,"Buxton, Byron",buxtb001,1,0,empty,empty,1,home_run,1,0,0
2025-07-06,MIN202507060,MIN,"Castro, Willi",castw003,1,0,empty,empty,1,strikeout,1,1,0
2025-07-06,MIN202507060,MIN,"Larnach, Trevor",larnt001,1,1,empty,empty,1,single,1,1,0
2025-07-06,MIN202507060,MIN,"Correa, Carlos",corrc001,1,1,1B,1B,1,field_out,1,1,0
2025-07-06,MIN202507060,MIN,"Lee, Brooks",lee-b002,1,2,1B,1B,1,field_out,1,1,0
2025-07-06,MIN202507060,MIN,"Wallner, Matt",wallm001,1,0,empty,empty,1,single,2,1,0
2025-07-06,MIN202507060,MIN,"Lewis, Royce",lewir003,1,0,1B,1B,1,field_out,2,1,0
2025-07-06,MIN202507060,MIN,"Clemens, Kody",clemk001,1,2,1B,empty,0,strikeout,2,1,0
2025-07-06,MIN202507060,MIN,"Vazquez, Christian",vazqc001,1,0,empty,empty,1,field_out,3,1,1
2025-07-06,MIN202507060,MIN,"Buxton, Byron",buxtb001,2,1,empty,empty,1,single,3,1,1
2025-07-06,MIN202507060,MIN,"Castro, Willi",castw003,2,1,1B,2B,0,walk,3,1,1
2025-07-06,MIN202507060,MIN,"Larnach, Trevor",larnt001,2,1,1B+2B,1B+2B,1,strikeout,3,1,1
2025-07-06,MIN202507060,MIN,"Correa, Carlos",corrc001,2,2,1B+2B,1B+2B,1,strikeout,3,1,1
2025-07-06,MIN202507060,MIN,"Lee, Brooks",lee-b002,2,0,empty,empty,1,field_out,4,1,2
2025-07-06,MIN202507060,MIN,"Wallner, Matt",wallm001,2,1,empty,empty,1,strikeout,4,1,2
2025-07-06,MIN202507060,MIN,"Lewis, Royce",lewir003,2,2,empty,empty,1,strikeout,4,1,2
2025-07-06,MIN202507060,MIN,"Clemens, Kody",clemk001,2,0,empty,empty,1,field_out,5,1,2
2025-07-06,MIN202507060,MIN,"Vazquez, Christian",vazqc001,2,1,empty,empty,1,field_out,5,1,2
2025-07-06,MIN202507060,MIN,"Buxton, Byron",buxtb001,3,2,empty,empty,1,strikeout,5,1,2
2025-07-06,MIN202507060,MIN,"Castro, Willi",castw003,3,0,empty,empty,1,field_out,6,1,2
2025-07-06,MIN202507060,MIN,"Larnach, Trevor",larnt001,3,1,empty,empty,1,double,6,1,2
2025-07-06,MIN202507060,MIN,"Correa, Carlos",corrc001,3,1,2B,2B,1,strikeout,6,1,2
2025-07-06,MIN202507060,MIN,"Lee, Brooks",lee-b002,3,2,2B,2B,1,field_error,6,1,2
2025-07-06,MIN202507060,MIN,"Wallner, Matt",wallm001,3,2,1B,1B,1,field_out,6,2,2
2025-07-06,MIN202507060,MIN,"Lewis, Royce",lewir003,3,0,empty,empty,1,field_out,7,2,2
2025-07-06,MIN202507060,MIN,"Clemens, Kody",clemk001,3,1,empty,empty,1,strikeout,7,2,2
2025-07-06,MIN202507060,MIN,"Vazquez, Christian",vazqc001,3,2,empty,empty,1,field_out,7,2,2
2025-07-06,MIN202507060,MIN,"Buxton, Byron",buxtb001,4,0,empty,empty,1,strikeout,8,2,4
2025-07-06,MIN202507060,MIN,"Castro, Willi",castw003,4,1,empty,empty,1,walk,8,2,4
2025-07-06,MIN202507060,MIN,"Bader, Harrison",badeh001,1,1,1B,1B,1,home_run,8,2,4
2025-07-06,MIN202507060,MIN,"Correa, Carlos",corrc001,4,1,empty,empty,1,walk,8,4,4
2025-07-06,MIN202507060,MIN,"Lee, Brooks",lee-b002,4,1,1B,1B,1,field_out,8,4,4
2025-07-06,MIN202507060,MIN,"Wallner, Matt",wallm001,4,2,1B,1B,1,strikeout,8,4,4
2025-07-06,MIN202507060,MIN,"Lewis, Royce",lewir003,4,0,empty,empty,1,field_out,9,4,4
2025-07-06,MIN202507060,MIN,"Clemens, Kody",clemk001,4,1,empty,empty,1,field_out,9,4,4
2025-07-06,MIN202507060,MIN,"Vazquez, Christian",vazqc001,4,2,empty,empty,1,single,9,4,4
2025-07-06,MIN202507060,MIN,"Buxton, Byron",buxtb001,5,2,1B,1B,1,field_out,9,4,4
2025-07-06,MIN202507060,MIN,"Castro, Willi",castw003,5,0,2B,2B,1,field_out,10,4,7
2025-07-06,MIN202507060,MIN,"Bader, Harrison",badeh001,2,1,3B,3B,1,field_out,10,4,7
2025-07-06,MIN202507060,MIN,"Correa, Carlos",corrc001,5,2,empty,empty,1,walk,10,5,7
2025-07-06,MIN202507060,MIN,"Lee, Brooks",lee-b002,5,2,1B,2B,0,field_out,10,5,7
2025-07-08,MIN202507080,MIN,"Buxton, Byron",buxtb001,1,0,empty,empty,1,double,1,0,0
2025-07-08,MIN202507080,MIN,"Jeffers, Ryan",jeffr002,1,0,2B,2B,1,double,1,0,0
2025-07-08,MIN202507080,MIN,"Castro, Willi",castw003,1,0,2B,2B,1,field_out,1,1,0
2025-07-08,MIN202507080,MIN,"Correa, Carlos",corrc001,1,1,2B,2B,1,single,1,1,0
2025-07-08,MIN202507080,MIN,"Lewis, Royce",lewir003,1,1,1B+3B,1B+3B,1,sac_fly,1,1,0
2025-07-08,MIN202507080,MIN,"Bader, Harrison",badeh001,1,2,2B,2B,1,strikeout,1,2,0
2025-07-08,MIN202507080,MIN,"France, Ty",frant002,1,0,empty,empty,1,field_out,2,2,0
2025-07-08,MIN202507080,MIN,"Lee, Brooks",lee-b002,1,1,empty,empty,1,field_out,2,2,0
2025-07-08,MIN202507080,MIN,"Vazquez, Christian",vazqc001,1,2,empty,empty,1,field_out,2,2,0
2025-07-08,MIN202507080,MIN,"Buxton, Byron",buxtb001,2,0,empty,empty,1,field_out,3,2,0
2025-07-08,MIN202507080,MIN,"Jeffers, Ryan",jeffr002,2,1,empty,empty,1,field_out,3,2,0
2025-07-08,MIN202507080,MIN,"Castro, Willi",castw003,2,2,empty,empty,1,field_out,3,2,0
2025-07-08,MIN202507080,MIN,"Correa, Carlos",corrc001,2,0,empty,empty,1,field_out,4,2,0
2025-07-08,MIN202507080,MIN,"Lewis, Royce",lewir003,2,1,empty,empty,1,field_out,4,2,0
2025-07-08,MIN202507080,MIN,"Bader, Harrison",badeh001,2,2,empty,empty,1,single,4,2,0
2025-07-08,MIN202507080,MIN,"France, Ty",frant002,2,2,1B,2B,0,field_out,4,2,0
2025-07-08,MIN202507080,MIN,"Lee, Brooks",lee-b002,2,0,empty,empty,1,field_out,5,2,0
2025-07-08,MIN202507080,MIN,"Vazquez, Christian",vazqc001,2,1,empty,empty,1,field_out,5,2,0
2025-07-08,MIN202507080,MIN,"Buxton, Byron",buxtb001,3,2,empty,empty,1,field_out,5,2,0
2025-07-08,MIN202507080,MIN,"Jeffers, Ryan",jeffr002,3,0,empty,empty,1,single,6,2,0
2025-07-08,MIN202507080,MIN,"Castro, Willi",castw003,3,0,1B,1B,1,field_out,6,2,0
2025-07-08,MIN202507080,MIN,"Correa, Carlos",corrc001,3,1,1B,1B,1,field_out,6,2,0
2025-07-08,MIN202507080,MIN,"Lewis, Royce",lewir003,3,2,1B,1B,1,field_out,6,2,0
2025-07-08,MIN202507080,MIN,"Bader, Harrison",badeh001,3,0,empty,empty,1,field_out,7,2,0
2025-07-08,MIN202507080,MIN,"France, Ty",frant002,3,1,empty,empty,1,field_out,7,2,0
2025-07-08,MIN202507080,MIN,"Lee, Brooks",lee-b002,3,2,empty,empty,1,single,7,2,0
2025-07-08,MIN202507080,MIN,"Vazquez, Christian",vazqc001,3,2,1B,1B,1,strikeout,7,2,0
2025-07-08,MIN202507080,MIN,"Buxton, Byron",buxtb001,4,0,empty,empty,1,walk,8,2,0
2025-07-08,MIN202507080,MIN,"Jeffers, Ryan",jeffr002,4,0,1B,1B,1,home_run,8,2,0
2025-07-08,MIN202507080,MIN,"Castro, Willi",castw003,4,0,empty,empty,1,home_run,8,4,0
2025-07-08,MIN202507080,MIN,"Correa, Carlos",corrc001,4,0,empty,empty,1,double,8,5,0
2025-07-08,MIN202507080,MIN,"Lewis, Royce",lewir003,4,0,2B,3B,0,single,8,5,0
2025-07-08,MIN202507080,MIN,"Bader, Harrison",badeh001,4,0,1B,1B,1,home_run,8,6,0
2025-07-08,MIN202507080,MIN,"France, Ty",frant002,4,0,empty,empty,1,strikeout,8,8,0
2025-07-08,MIN202507080,MIN,"Lee, Brooks",lee-b002,4,1,empty,empty,1,field_out,8,8,0
2025-07-08,MIN202507080,MIN,"Vazquez, Christian",vazqc001,4,2,empty,empty,1,single,8,8,0
2025-07-08,MIN202507080,MIN,"Buxton, Byron",buxtb001,5,2,1B,1B,1,field_out,8,8,0
2025-07-09,MIN202507090,MIN,"Buxton, Byron",buxtb001,1,0,empty,empty,1,hit_by_pitch,1,0,0
2025-07-09,MIN202507090,MIN,"Castro, Willi",castw003,1,0,1B,2B,0,strikeout,1,0,0
2025-07-09,MIN202507090,MIN,"Larnach, Trevor",larnt001,1,1,2B,2B,1,field_out,1,0,0
2025-07-09,MIN202507090,MIN,"Jeffers, Ryan",jeffr002,1,2,2B,2B,1,single,1,0,0
2025-07-09,MIN202507090,MIN,"Correa, Carlos",corrc001,1,2,1B,1B,1,double,1,1,0
2025-07-09,MIN202507090,MIN,"Lewis, Royce",lewir003,1,2,2B,2B,1,field_out,1,2,0
2025-07-09,MIN202507090,MIN,"Wallner, Matt",wallm001,1,0,empty,empty,1,home_run,2,2,0
2025-07-09,MIN202507090,MIN,"France, Ty",frant002,1,0,empty,empty,1,strikeout,2,3,0
2025-07-09,MIN202507090,MIN,"Bader, Harrison",badeh001,1,1,empty,empty,1,strikeout,2,3,0
2025-07-09,MIN202507090,MIN,"Lee, Brooks",lee-b002,1,2,empty,empty,1,field_out,2,3,0
2025-07-09,MIN202507090,MIN,"Castro, Willi",castw003,2,0,empty,empty,1,strikeout,3,3,0
2025-07-09,MIN202507090,MIN,"Larnach, Trevor",larnt001,2,1,empty,empty,1,strikeout,3,3,0
2025-07-09,MIN202507090,MIN,"Jeffers, Ryan",jeffr002,2,2,empty,empty,1,walk,3,3,0
2025-07-09,MIN202507090,MIN,"Correa, Carlos",corrc001,2,0,1B,empty,0,field_out,4,3,2
2025-07-09,MIN202507090,MIN,"Lewis, Royce",lewir003,2,1,empty,empty,1,double,4,3,2
2025-07-09,MIN202507090,MIN,"Wallner, Matt",wallm001,2,1,2B,2B,1,single,4,3,2
2025-07-09,MIN202507090,MIN,"France, Ty",frant002,2,1,1B+3B,1B+3B,1,field_out,4,3,2
2025-07-09,MIN202507090,MIN,"Bader, Harrison",badeh001,2,0,1B+3B,empty,0,field_out,5,4,2
2025-07-09,MIN202507090,MIN,"Lee, Brooks",lee-b002,2,1,empty,empty,1,field_out,5,4,2
2025-07-09,MIN202507090,MIN,"Castro, Willi",castw003,3,2,empty,empty,1,double,5,4,2
2025-07-09,MIN202507090,MIN,"Larnach, Trevor",larnt001,3,2,2B,2B,1,walk,5,4,2
2025-07-09,MIN202507090,MIN,"Jeffers, Ryan",jeffr002,3,2,1B+2B,1B+2B,1,field_out,5,4,2
2025-07-09,MIN202507090,MIN,"Correa, Carlos",corrc001,3,0,empty,empty,1,field_out,6,4,2
2025-07-09,MIN202507090,MIN,"Lewis, Royce",lewir003,3,1,empty,empty,1,strikeout,6,4,2
2025-07-09,MIN202507090,MIN,"Wallner, Matt",wallm001,3,2,empty,empty,1,field_out,6,4,2
2025-07-09,MIN202507090,MIN,"France, Ty",frant002,3,0,empty,empty,1,double,7,4,2
2025-07-09,MIN202507090,MIN,"Bader, Harrison",badeh001,3,0,2B,2B,1,field_out,7,4,2
2025-07-09,MIN202507090,MIN,"Lee, Brooks",lee-b002,3,1,2B,2B,1,strikeout,7,4,2
2025-07-09,MIN202507090,MIN,"Castro, Willi",castw003,4,2,2B,2B,1,field_out,7,4,2
2025-07-09,MIN202507090,MIN,"Larnach, Trevor",larnt001,4,0,empty,empty,1,field_out,8,4,2
2025-07-09,MIN202507090,MIN,"Jeffers, Ryan",jeffr002,4,1,empty,empty,1,hit_by_pitch,8,4,2
2025-07-09,MIN202507090,MIN,"Correa, Carlos",corrc001,4,1,1B,1B,1,single,8,4,2
2025-07-09,MIN202507090,MIN,"Lewis, Royce",lewir003,4,1,1B+2B,1B+2B,1,field_out,8,4,2
2025-07-09,MIN202507090,MIN,"Keirsey, DaShawn",keird001,1,2,1B+2B,1B+2B,1,strikeout,8,4,2
2025-07-10,MIN202507100,MIN,"Castro, Willi",castw003,1,0,empty,empty,1,field_out,1,0,0
2025-07-10,MIN202507100,MIN,"Larnach, Trevor",larnt001,1,1,empty,empty,1,strikeout,1,0,0
2025-07-10,MIN202507100,MIN,"Lee, Brooks",lee-b002,1,2,empty,empty,1,field_out,1,0,0
2025-07-10,MIN202507100,MIN,"Jeffers, Ryan",jeffr002,1,0,empty,empty,1,double,2,0,1
2025-07-10,MIN202507100,MIN,"Wallner, Matt",wallm001,1,0,2B,2B,1,walk,2,0,1
2025-07-10,MIN202507100,MIN,"Correa, Carlos",corrc001,1,0,1B+2B,1B+2B,1,grounded_into_double_play,2,0,1
2025-07-10,MIN202507100,MIN,"Clemens, Kody",clemk001,1,2,3B,3B,1,field_out,2,0,1
2025-07-10,MIN202507100,MIN,"Lewis, Royce",lewir003,1,0,empty,empty,1,field_out,3,0,3
2025-07-10,MIN202507100,MIN,"Bader, Harrison",badeh001,1,1,empty,empty,1,walk,3,0,3
2025-07-10,MIN202507100,MIN,"Castro, Willi",castw003,2,1,1B,1B,1,field_out,3,0,3
2025-07-10,MIN202507100,MIN,"Larnach, Trevor",larnt001,2,2,1B,1B,1,field_out,3,0,3
2025-07-10,MIN202507100,MIN,"Lee, Brooks",lee-b002,2,0,empty,empty,1,field_out,4,0,4
2025-07-10,MIN202507100,MIN,"Jeffers, Ryan",jeffr002,2,1,empty,empty,1,field_out,4,0,4
2025-07-10,MIN202507100,MIN,"Wallner, Matt",wallm001,2,2,empty,empty,1,strikeout,4,0,4
2025-07-10,MIN202507100,MIN,"Correa, Carlos",corrc001,2,0,empty,empty,1,field_out,5,0,6
2025-07-10,MIN202507100,MIN,"Clemens, Kody",clemk001,2,1,empty,empty,1,home_run,5,0,6
2025-07-10,MIN202507100,MIN,"Lewis, Royce",lewir003,2,1,empty,empty,1,single,5,1,6
2025-07-10,MIN202507100,MIN,"Bader, Harrison",badeh001,2,1,1B,1B,1,field_out,5,1,6
2025-07-10,MIN202507100,MIN,"Castro, Willi",castw003,3,2,1B,1B,1,field_out,5,1,6
2025-07-10,MIN202507100,MIN,"Larnach, Trevor",larnt001,3,0,empty,empty,1,field_out,6,1,6
2025-07-10,MIN202507100,MIN,"Lee, Brooks",lee-b002,3,1,empty,empty,1,strikeout,6,1,6
2025-07-10,MIN202507100,MIN,"Jeffers, Ryan",jeffr002,3,2,empty,empty,1,field_out,6,1,6
2025-07-10,MIN202507100,MIN,"Wallner, Matt",wallm001,3,0,empty,empty,1,field_out,7,1,7
2025-07-10,MIN202507100,MIN,"Correa, Carlos",corrc001,3,1,empty,empty,1,strikeout,7,1,7
2025-07-10,MIN202507100,MIN,"Clemens, Kody",clemk001,3,2,empty,empty,1,strikeout,7,1,7
2025-07-10,MIN202507100,MIN,"Lewis, Royce",lewir003,3,0,empty,empty,1,single,8,1,7
2025-07-10,MIN202507100,MIN,"Bader, Harrison",badeh001,3,0,1B,1B,1,strikeout,8,1,7
2025-07-10,MIN202507100,MIN,"Castro, Willi",castw003,4,1,1B,1B,1,walk,8,1,7
2025-07-10,MIN202507100,MIN,"Larnach, Trevor",larnt001,4,1,1B+2B,1B+2B,1,strikeout,8,1,7
2025-07-10,MIN202507100,MIN,"Lee, Brooks",lee-b002,4,2,1B+2B,1B+2B,1,field_out,8,1,7
2025-07-10,MIN202507100,MIN,"Jeffers, Ryan",jeffr002,4,0,empty,empty,1,field_out,9,1,8
2025-07-10,MIN202507100,MIN,"Wallner, Matt",wallm001,4,1,empty,empty,1,strikeout,9,1,8
2025-07-10,MIN202507100,MIN,"Keirsey, DaShawn",keird001,1,2,empty,empty,1,strikeout,9,1,8
2025-07-11,MIN202507110,MIN,"Buxton, Byron",buxtb001,1,0,empty,empty,1,strikeout,1,0,0
2025-07-11,MIN202507110,MIN,"Castro, Willi",castw003,1,1,empty,empty,1,strikeout,1,0,0
2025-07-11,MIN202507110,MIN,"Larnach, Trevor",larnt001,1,2,empty,empty,1,strikeout,1,0,0
2025-07-11,MIN202507110,MIN,"Correa, Carlos",corrc001,1,0,empty,empty,1,field_out,2,0,0
2025-07-11,MIN202507110,MIN,"Lee, Brooks",lee-b002,1,1,empty,empty,1,field_out,2,0,0
2025-07-11,MIN202507110,MIN,"Wallner, Matt",wallm001,1,2,empty,empty,1,field_out,2,0,0
2025-07-11,MIN202507110,MIN,"Lewis, Royce",lewir003,1,0,empty,empty,1,field_out,3,0,0
2025-07-11,MIN202507110,MIN,"Clemens, Kody",clemk001,1,1,empty,empty,1,field_out,3,0,0
2025-07-11,MIN202507110,MIN,"Vazquez, Christian",vazqc001,1,2,empty,empty,1,field_out,3,0,0
2025-07-11,MIN202507110,MIN,"Buxton, Byron",buxtb001,2,0,empty,empty,1,single,4,0,1
2025-07-11,MIN202507110,MIN,"Castro, Willi",castw003,2,0,1B,1B,1,field_out,4,0,1
2025-07-11,MIN202507110,MIN,"Larnach, Trevor",larnt001,2,1,2B,2B,1,home_run,4,0,1
2025-07-11,MIN202507110,MIN,"Correa, Carlos",corrc001,2,1,empty,empty,1,strikeout,4,2,1
2025-07-11,MIN202507110,MIN,"Lee, Brooks",lee-b002,2,2,empty,empty,1,single,4,2,1
2025-07-11,MIN202507110,MIN,"Wallner, Matt",wallm001,2,2,1B,1B,1,strikeout,4,2,1
2025-07-11,MIN202507110,MIN,"Lewis, Royce",lewir003,2,0,empty,empty,1,field_out,5,2,1
2025-07-11,MIN202507110,MIN,"Clemens, Kody",clemk001,2,1,empty,empty,1,single,5,2,1
2025-07-11,MIN202507110,MIN,"Vazquez, Christian",vazqc001,2,1,1B,1B,1,field_out,5,2,1
2025-07-11,MIN202507110,MIN,"Buxton, Byron",buxtb001,3,2,1B,1B,1,single,5,2,1
2025-07-11,MIN202507110,MIN,"Castro, Willi",castw003,3,2,1B+2B,1B+2B,1,strikeout,5,2,1
2025-07-11,MIN202507110,MIN,"Larnach, Trevor",larnt001,3,0,empty,empty,1,field_out,6,2,1
2025-07-11,MIN202507110,MIN,"Correa, Carlos",corrc001,3,1,empty,empty,1,single,6,2,1
2025-07-11,MIN202507110,MIN,"Lee, Brooks",lee-b002,3,1,1B,1B,1,strikeout,6,2,1
2025-07-11,MIN202507110,MIN,"Wallner, Matt",wallm001,3,2,1B,1B,1,strikeout,6,2,1
2025-07-11,MIN202507110,MIN,"Lewis, Royce",lewir003,3,0,empty,empty,1,single,7,2,1
2025-07-11,MIN202507110,MIN,"Clemens, Kody",clemk001,3,0,1B,1B,1,field_out,7,2,1
2025-07-11,MIN202507110,MIN,"Vazquez, Christian",vazqc001,3,1,1B,1B,1,double_play,7,2,1
2025-07-11,MIN202507110,MIN,"Buxton, Byron",buxtb001,4,0,empty,empty,1,strikeout,8,2,1
2025-07-11,MIN202507110,MIN,"Castro, Willi",castw003,4,1,empty,empty,1,strikeout,8,2,1
2025-07-11,MIN202507110,MIN,"Larnach, Trevor",larnt001,4,2,empty,empty,1,field_out,8,2,1
2025-07-12,MIN202507120,MIN,"Buxton, Byron",buxtb001,1,0,empty,empty,1,single,1,0,0
2025-07-12,MIN202507120,MIN,"Castro, Willi",castw003,1,0,1B,1B,1,walk,1,0,0
2025-07-12,MIN202507120,MIN,"Larnach, Trevor",larnt001,1,0,1B+2B,1B+2B,1,strikeout,1,0,0
2025-07-12,MIN202507120,MIN,"Jeffers, Ryan",jeffr002,1,1,1B+2B,1B+2B,1,field_out,1,0,0
2025-07-12,MIN202507120,MIN,"Lee, Brooks",lee-b002,1,2,1B+3B,1B+3B,1,field_out,1,0,0
2025-07-12,MIN202507120,MIN,"Wallner, Matt",wallm001,1,0,empty,empty,1,field_out,2,0,0
2025-07-12,MIN202507120,MIN,"Lewis, Royce",lewir003,1,1,empty,empty,1,walk,2,0,0
2025-07-12,MIN202507120,MIN,"France, Ty",frant002,1,1,1B,1B,1,hit_by_pitch,2,0,0
2025-07-12,MIN202507120,MIN,"Clemens, Kody",clemk001,1,1,1B+2B,1B+2B,1,home_run,2,0,0
2025-07-12,MIN202507120,MIN,"Buxton, Byron",buxtb001,2,1,empty,empty,1,triple,2,3,0
2025-07-12,MIN202507120,MIN,"Castro, Willi",castw003,2,1,3B,3B,1,single,2,3,0
2025-07-12,MIN202507120,MIN,"Larnach, Trevor",larnt001,2,1,2B,2B,1,walk,2,4,0
2025-07-12,MIN202507120,MIN,"Jeffers, Ryan",jeffr002,2,1,1B+2B,1B+2B,1,single,2,4,0
2025-07-12,MIN202507120,MIN,"Lee, Brooks",lee-b002,2,1,1B+2B,1B+2B,1,double,2,5,0
2025-07-12,MIN202507120,MIN,"Wallner, Matt",wallm001,2,1,2B+3B,2B+3B,1,fielders_choice_out,2,6,0
2025-07-12,MIN202507120,MIN,"Lewis, Royce",lewir003,2,2,1B+3B,1B+3B,1,field_out,2,6,0
2025-07-12,MIN202507120,MIN,"France, Ty",frant002,2,0,empty,empty,1,walk,3,6,0
2025-07-12,MIN202507120,MIN,"Clemens, Kody",clemk001,2,0,1B,1B,1,single,3,6,0
2025-07-12,MIN202507120,MIN,"Buxton, Byron",buxtb001,3,0,1B+2B,1B+2B,1,double,3,6,0
2025-07-12,MIN202507120,MIN,"Castro, Willi",castw003,3,0,2B+3B,2B+3B,1,single,3,7,0
2025-07-12,MIN202507120,MIN,"Larnach, Trevor",larnt001,3,0,1B+3B,1B+3B,1,sac_fly,3,8,0
2025-07-12,MIN202507120,MIN,"Jeffers, Ryan",jeffr002,3,1,1B,1B,1,strikeout,3,9,0
2025-07-12,MIN202507120,MIN,"Lee, Brooks",lee-b002,3,2,1B,1B,1,field_out,3,9,0
2025-07-12,MIN202507120,MIN,"Wallner, Matt",wallm001,3,0,empty,empty,1,field_out,4,9,1
2025-07-12,MIN202507120,MIN,"Lewis, Royce",lewir003,3,1,empty,empty,1,strikeout,4,9,1
2025-07-12,MIN202507120,MIN,"France, Ty",frant002,3,2,empty,empty,1,strikeout,4,9,1
2025-07-12,MIN202507120,MIN,"Clemens, Kody",clemk001,3,0,empty,empty,1,strikeout,5,9,2
2025-07-12,MIN202507120,MIN,"Buxton, Byron",buxtb001,4,1,empty,empty,1,single,5,9,2
2025-07-12,MIN202507120,MIN,"Castro, Willi",castw003,4,1,1B,1B,1,strikeout,5,9,2
2025-07-12,MIN202507120,MIN,"Larnach, Trevor",larnt001,4,2,1B,1B,1,field_out,5,9,2
2025-07-12,MIN202507120,MIN,"Jeffers, Ryan",jeffr002,4,0,empty,empty,1,field_out,6,9,2
2025-07-12,MIN202507120,MIN,"Lee, Brooks",lee-b002,4,1,empty,empty,1,field_out,6,9,2
2025-07-12,MIN202507120,MIN,"Wallner, Matt",wallm001,4,2,empty,empty,1,home_run,6,9,2
2025-07-12,MIN202507120,MIN,"Lewis, Royce",lewir003,4,2,empty,empty,1,field_out,6,10,2
2025-07-12,MIN202507120,MIN,"France, Ty",frant002,4,0,empty,empty,1,field_out,7,10,3
2025-07-12,MIN202507120,MIN,"Clemens, Kody",clemk001,4,1,empty,empty,1,field_out,7,10,3
2025-07-12,MIN202507120,MIN,"Buxton, Byron",buxtb001,5,2,empty,empty,1,home_run,7,10,3
2025-07-12,MIN202507120,MIN,"Castro, Willi",castw003,5,2,empty,empty,1,home_run,7,11,3
2025-07-12,MIN202507120,MIN,"Larnach, Trevor",larnt001,5,2,empty,empty,1,walk,7,12,3
2025-07-12,MIN202507120,MIN,"Jeffers, Ryan",jeffr002,5,2,1B,1B,1,field_out,7,12,3
2025-07-12,MIN202507120,MIN,"Lee, Brooks",lee-b002,5,0,empty,empty,1,field_out,8,12,4
2025-07-12,MIN202507120,MIN,"Wallner, Matt",wallm001,5,1,empty,empty,1,single,8,12,4
2025-07-12,MIN202507120,MIN,"Lewis, Royce",lewir003,5,1,1B,1B,1,field_out,8,12,4
2025-07-12,MIN202507120,MIN,"France, Ty",frant002,5,2,1B,1B,1,field_out,8,12,4
2025-07-13,MIN202507130,MIN,"Buxton, Byron",buxtb001,1,0,empty,empty,1,field_out,1,0,0
2025-07-13,MIN202507130,MIN,"Castro, Willi",castw003,1,1,empty,empty,1,strikeout,1,0,0
2025-07-13,MIN202507130,MIN,"Larnach, Trevor",larnt001,1,2,empty,empty,1,field_out,1,0,0
2025-07-13,MIN202507130,MIN,"Correa, Carlos",corrc001,1,0,empty,empty,1,double,2,0,1
2025-07-13,MIN202507130,MIN,"Wallner, Matt",wallm001,1,0,2B,2B,1,strikeout,2,0,1
2025-07-13,MIN202507130,MIN,"Lewis, Royce",lewir003,1,1,2B,2B,1,field_out,2,0,1
2025-07-13,MIN202507130,MIN,"Clemens, Kody",clemk001,1,2,2B,2B,1,field_out,2,0,1
2025-07-13,MIN202507130,MIN,"Bader, Harrison",badeh001,1,0,empty,empty,1,single,3,0,1
2025-07-13,MIN202507130,MIN,"Vazquez, Christian",vazqc001,1,0,1B,1B,1,field_out,3,0,1
2025-07-13,MIN202507130,MIN,"Buxton, Byron",buxtb001,2,1,2B,2B,1,double,3,0,1
2025-07-13,MIN202507130,MIN,"Castro, Willi",castw003,2,1,2B,2B,1,field_out,3,1,1
2025-07-13,MIN202507130,MIN,"Larnach, Trevor",larnt001,2,2,2B,2B,1,field_out,3,1,1
2025-07-13,MIN202507130,MIN,"Correa, Carlos",corrc001,2,0,empty,empty,1,field_out,4,1,1
2025-07-13,MIN202507130,MIN,"Wallner, Matt",wallm001,2,1,empty,empty,1,strikeout,4,1,1
2025-07-13,MIN202507130,MIN,"Lewis, Royce",lewir003,2,2,empty,empty,1,field_out,4,1,1
2025-07-13,MIN202507130,MIN,"Clemens, Kody",clemk001,2,0,empty,empty,1,field_out,5,1,1
2025-07-13,MIN202507130,MIN,"Bader, Harrison",badeh001,2,1,empty,empty,1,single,5,1,1
2025-07-13,MIN202507130,MIN,"Vazquez, Christian",vazqc001,2,1,1B,1B,1,field_out,5,1,1
2025-07-13,MIN202507130,MIN,"Buxton, Byron",buxtb001,3,2,1B,1B,1,field_out,5,1,1
2025-07-13,MIN202507130,MIN,"Castro, Willi",castw003,3,0,empty,empty,1,field_out,6,1,1
2025-07-13,MIN202507130,MIN,"Larnach, Trevor",larnt001,3,1,empty,empty,1,field_out,6,1,1
2025-07-13,MIN202507130,MIN,"Correa, Carlos",corrc001,3,2,empty,empty,1,field_out,6,1,1
2025-07-13,MIN202507130,MIN,"Lee, Brooks",lee-b002,1,0,empty,empty,1,field_out,7,1,1
2025-07-13,MIN202507130,MIN,"Lewis, Royce",lewir003,3,1,empty,empty,1,field_out,7,1,1
2025-07-13,MIN202507130,MIN,"France, Ty",frant002,1,2,empty,empty,1,strikeout,7,1,1
2025-07-13,MIN202507130,MIN,"Bader, Harrison",badeh001,3,0,empty,empty,1,field_out,8,1,1
2025-07-13,MIN202507130,MIN,"Vazquez, Christian",vazqc001,3,1,empty,empty,1,single,8,1,1
2025-07-13,MIN202507130,MIN,"Buxton, Byron",buxtb001,4,1,1B,1B,1,single,8,1,1
2025-07-13,MIN202507130,MIN,"Castro, Willi",castw003,4,1,1B+2B,1B+2B,1,field_out,8,1,1
2025-07-13,MIN202507130,MIN,"Larnach, Trevor",larnt001,4,2,1B+2B,1B+2B,1,field_out,8,1,1
2025-07-13,MIN202507130,MIN,"Correa, Carlos",corrc001,4,0,empty,empty,1,single,9,1,2
2025-07-13,MIN202507130,MIN,"Lee, Brooks",lee-b002,2,0,1B,1B,1,strikeout,9,1,2
2025-07-13,MIN202507130,MIN,"Lewis, Royce",lewir003,4,1,1B,1B,1,strikeout,9,1,2
2025-07-13,MIN202507130,MIN,"France, Ty",frant002,2,2,1B,1B,1,field_out,9,1,2
2025-07-18,COL202507180,MIN,"Buxton, Byron",buxtb001,1,0,empty,empty,1,field_out,1,0,0
2025-07-18,COL202507180,MIN,"Jeffers, Ryan",jeffr002,1,1,empty,empty,1,double,1,0,0
2025-07-18,COL202507180,MIN,"Castro, Willi",castw003,1,1,2B,2B,1,field_out,1,0,0
2025-07-18,COL202507180,MIN,"Correa, Carlos",corrc001,1,2,2B,2B,1,walk,1,0,0
2025-07-18,COL202507180,MIN,"France, Ty",frant002,1,2,1B+2B,1B+2B,1,field_out,1,0,0
2025-07-18,COL202507180,MIN,"Bader, Harrison",badeh001,1,0,empty,empty,1,field_out,2,0,4
2025-07-18,COL202507180,MIN,"Lewis, Royce",lewir003,1,1,empty,empty,1,field_out,2,0,4
2025-07-18,COL202507180,MIN,"Lee, Brooks",lee-b002,1,2,empty,empty,1,field_out,2,0,4
2025-07-18,COL202507180,MIN,"Vazquez, Christian",vazqc001,1,0,empty,empty,1,field_out,3,0,5
2025-07-18,COL202507180,MIN,"Buxton, Byron",buxtb001,2,1,empty,empty,1,single,3,0,5
2025-07-18,COL202507180,MIN,"Jeffers, Ryan",jeffr002,2,1,1B,1B,1,single,3,0,5
2025-07-18,COL202507180,MIN,"Castro, Willi",castw003,2,1,1B+2B,1B+2B,1,field_out,3,0,5
2025-07-18,COL202507180,MIN,"Correa, Carlos",corrc001,2,2,1B+3B,1B+3B,1,field_out,3,0,5
2025-07-18,COL202507180,MIN,"France, Ty",frant002,2,0,empty,empty,1,field_out,4,0,5
2025-07-18,COL202507180,MIN,"Bader, Harrison",badeh001,2,1,empty,empty,1,walk,4,0,5
2025-07-18,COL202507180,MIN,"Lewis, Royce",lewir003,2,1,1B,1B,1,field_out,4,0,5
2025-07-18,COL202507180,MIN,"Lee, Brooks",lee-b002,2,2,1B,1B,1,field_out,4,0,5
2025-07-18,COL202507180,MIN,"Vazquez, Christian",vazqc001,2,0,empty,empty,1,field_out,5,0,5
2025-07-18,COL202507180,MIN,"Buxton, Byron",buxtb001,3,1,empty,empty,1,home_run,5,0,5
2025-07-18,COL202507180,MIN,"Jeffers, Ryan",jeffr002,3,1,empty,empty,1,field_out,5,1,5
2025-07-18,COL202507180,MIN,"Castro, Willi",castw003,3,2,empty,empty,1,field_out,5,1,5
2025-07-18,COL202507180,MIN,"Correa, Carlos",corrc001,3,0,empty,empty,1,walk,6,1,5
2025-07-18,COL202507180,MIN,"France, Ty",frant002,3,0,1B,1B,1,single,6,1,5
2025-07-18,COL202507180,MIN,"Bader, Harrison",badeh001,3,0,1B+2B,1B+2B,1,strikeout,6,1,5
2025-07-18,COL202507180,MIN,"Lewis, Royce",lewir003,3,1,1B+2B,1B+2B,1,strikeout,6,1,5
2025-07-18,COL202507180,MIN,"Lee, Brooks",lee-b002,3,2,1B+2B,1B+2B,1,strikeout,6,1,5
2025-07-18,COL202507180,MIN,"Vazquez, Christian",vazqc001,3,0,empty,empty,1,strikeout,7,1,6
2025-07-18,COL202507180,MIN,"Buxton, Byron",buxtb001,4,1,empty,empty,1,single,7,1,6
2025-07-18,COL202507180,MIN,"Jeffers, Ryan",jeffr002,4,1,1B,1B,1,single,7,1,6
2025-07-18,COL202507180,MIN,"Castro, Willi",castw003,4,1,1B+2B,1B+2B,1,home_run,7,1,6
2025-07-18,COL202507180,MIN,"Correa, Carlos",corrc001,4,1,empty,empty,1,field_out,7,4,6
2025-07-18,COL202507180,MIN,"France, Ty",frant002,4,2,empty,empty,1,field_out,7,4,6
2025-07-18,COL202507180,MIN,"Bader, Harrison",badeh001,4,0,empty,empty,1,strikeout,8,4,6
2025-07-18,COL202507180,MIN,"Larnach, Trevor",larnt001,1,1,empty,empty,1,single,8,4,6
2025-07-18,COL202507180,MIN,"Lee, Brooks",lee-b002,4,1,1B,1B,1,grounded_into_double_play,8,4,6
2025-07-18,COL202507180,MIN,"Wallner, Matt",wallm001,1,0,empty,empty,1,field_out,9,4,6
2025-07-18,COL202507180,MIN,"Buxton, Byron",buxtb001,5,1,empty,empty,1,strikeout,9,4,6
2025-07-18,COL202507180,MIN,"Jeffers, Ryan",jeffr002,5,2,empty,empty,1,single,9,4,6
2025-07-18,COL202507180,MIN,"Castro, Willi",castw003,5,2,1B,1B,1,strikeout,9,4,6
2025-07-19,COL202507190,MIN,"Buxton, Byron",buxtb001,1,0,empty,empty,1,field_out,1,0,0
2025-07-19,COL202507190,MIN,"Castro, Willi",castw003,1,1,empty,empty,1,field_out,1,0,0
2025-07-19,COL202507190,MIN,"Larnach, Trevor",larnt001,1,2,empty,empty,1,field_out,1,0,0
2025-07-19,COL202507190,MIN,"Jeffers, Ryan",jeffr002,1,0,empty,empty,1,double,2,0,0
2025-07-19,COL202507190,MIN,"Clemens, Kody",clemk001,1,0,2B,2B,1,triple,2,0,0
2025-07-19,COL202507190,MIN,"Correa, Carlos",corrc001,1,0,3B,3B,1,double,2,1,0
2025-07-19,COL202507190,MIN,"Lee, Brooks",lee-b002,1,0,2B,2B,1,field_out,2,2,0
2025-07-19,COL202507190,MIN,"Wallner, Matt",wallm001,1,1,3B,3B,1,single,2,2,0
2025-07-19,COL202507190,MIN,"Bader, Harrison",badeh001,1,1,1B,1B,1,strikeout,2,3,0
2025-07-19,COL202507190,MIN,"Buxton, Byron",buxtb001,2,2,1B,1B,1,field_out,2,3,0
2025-07-19,COL202507190,MIN,"Castro, Willi",castw003,2,0,empty,empty,1,field_out,3,3,1
2025-07-19,COL202507190,MIN,"Larnach, Trevor",larnt001,2,1,empty,empty,1,field_out,3,3,1
2025-07-19,COL202507190,MIN,"Jeffers, Ryan",jeffr002,2,2,empty,empty,1,field_out,3,3,1
2025-07-19,COL202507190,MIN,"Clemens, Kody",clemk001,2,0,empty,empty,1,field_out,4,3,3
2025-07-19,COL202507190,MIN,"Correa, Carlos",corrc001,2,1,empty,empty,1,single,4,3,3
2025-07-19,COL202507190,MIN,"Lee, Brooks",lee-b002,2,1,1B,1B,1,grounded_into_double_play,4,3,3
2025-07-19,COL202507190,MIN,"Wallner, Matt",wallm001,2,0,empty,empty,1,field_out,5,3,3
2025-07-19,COL202507190,MIN,"Bader, Harrison",badeh001,2,1,empty,empty,1,field_out,5,3,3
2025-07-19,COL202507190,MIN,"Buxton, Byron",buxtb001,3,2,empty,empty,1,strikeout,5,3,3
2025-07-19,COL202507190,MIN,"Castro, Willi",castw003,3,0,empty,empty,1,single,6,3,6
2025-07-19,COL202507190,MIN,"Larnach, Trevor",larnt001,3,0,1B,1B,1,grounded_into_double_play,6,3,6
2025-07-19,COL202507190,MIN,"Jeffers, Ryan",jeffr002,3,2,empty,empty,1,field_out,6,3,6
2025-07-19,COL202507190,MIN,"Clemens, Kody",clemk001,3,0,empty,empty,1,field_out,7,3,8
2025-07-19,COL202507190,MIN,"Correa, Carlos",corrc001,3,1,empty,empty,1,walk,7,3,8
2025-07-19,COL202507190,MIN,"Lee, Brooks",lee-b002,3,1,1B,1B,1,field_out,7,3,8
2025-07-19,COL202507190,MIN,"Wallner, Matt",wallm001,3,2,1B,1B,1,strikeout,7,3,8
2025-07-19,COL202507190,MIN,"Bader, Harrison",badeh001,3,0,empty,empty,1,hit_by_pitch,8,3,8
2025-07-19,COL202507190,MIN,"Buxton, Byron",buxtb001,4,0,1B,2B,0,strikeout,8,3,8
2025-07-19,COL202507190,MIN,"Castro, Willi",castw003,4,1,2B,2B,1,walk,8,3,8
2025-07-19,COL202507190,MIN,"Larnach, Trevor",larnt001,4,1,1B+2B,1B+2B,1,walk,8,3,8
2025-07-19,COL202507190,MIN,"Jeffers, Ryan",jeffr002,4,1,1B+2B+3B,1B+2B+3B,1,strikeout,8,3,8
2025-07-19,COL202507190,MIN,"Clemens, Kody",clemk001,4,2,1B+2B+3B,1B+2B+3B,1,double,8,3,8
2025-07-19,COL202507190,MIN,"Correa, Carlos",corrc001,4,2,2B+3B,2B+3B,1,strikeout,8,5,8
2025-07-19,COL202507190,MIN,"Lee, Brooks",lee-b002,4,0,empty,empty,1,walk,9,5,10
2025-07-19,COL202507190,MIN,"Wallner, Matt",wallm001,4,0,1B,1B,1,strikeout,9,5,10
2025-07-19,COL202507190,MIN,"Bader, Harrison",badeh001,4,1,1B,1B,1,double,9,5,10
2025-07-19,COL202507190,MIN,"Buxton, Byron",buxtb001,5,1,2B,2B,1,field_out,9,6,10
2025-07-19,COL202507190,MIN,"Castro, Willi",castw003,5,2,3B,3B,1,field_out,9,6,10
2025-07-20,COL202507200,MIN,"Larnach, Trevor",larnt001,1,0,empty,empty,1,walk,1,0,0
2025-07-20,COL202507200,MIN,"Castro, Willi",castw003,1,0,1B,1B,1,strikeout,1,0,0
2025-07-20,COL202507200,MIN,"Correa, Carlos",corrc001,1,1,1B,1B,1,walk,1,0,0
2025-07-20,COL202507200,MIN,"Clemens, Kody",clemk001,1,1,1B+2B,1B+2B,1,single,1,0,0
2025-07-20,COL202507200,MIN,"France, Ty",frant002,1,1,1B+2B+3B,1B+2B+3B,1,field_out,1,0,0
2025-07-20,COL202507200,MIN,"Wallner, Matt",wallm001,1,2,1B+2B+3B,1B+2B+3B,1,strikeout,1,0,0
2025-07-20,COL202507200,MIN,"Bader, Harrison",badeh001,1,0,empty,empty,1,walk,2,0,0
2025-07-20,COL202507200,MIN,"Lewis, Royce",lewir003,1,0,1B,1B,1,field_out,2,0,0
2025-07-20,COL202507200,MIN,"Vazquez, Christian",vazqc001,1,1,1B,1B,1,single,2,0,0
2025-07-20,COL202507200,MIN,"Larnach, Trevor",larnt001,2,1,1B+3B,1B+3B,1,grounded_into_double_play,2,0,0
2025-07-20,COL202507200,MIN,"Castro, Willi",castw003,2,0,empty,empty,1,walk,3,0,0
2025-07-20,COL202507200,MIN,"Correa, Carlos",corrc001,2,0,1B,1B,1,field_out,3,0,0
2025-07-20,COL202507200,MIN,"Clemens, Kody",clemk001,2,1,2B,2B,1,triple,3,0,0
2025-07-20,COL202507200,MIN,"France, Ty",frant002,2,1,3B,3B,1,fielders_choice_out,3,1,0
2025-07-20,COL202507200,MIN,"Wallner, Matt",wallm001,2,2,1B,1B,1,home_run,3,1,0
2025-07-20,COL202507200,MIN,"Bader, Harrison",badeh001,2,2,empty,empty,1,field_out,3,3,0
2025-07-20,COL202507200,MIN,"Lewis, Royce",lewir003,2,0,empty,empty,1,home_run,4,3,1
2025-07-20,COL202507200,MIN,"Vazquez, Christian",vazqc001,2,0,empty,empty,1,single,4,4,1
2025-07-20,COL202507200,MIN,"Larnach, Trevor",larnt001,3,0,1B,1B,1,strikeout,4,4,1
2025-07-20,COL202507200,MIN,"Castro, Willi",castw003,3,1,1B,1B,1,grounded_into_double_play,4,4,1
2025-07-20,COL202507200,MIN,"Correa, Carlos",corrc001,3,0,empty,empty,1,walk,5,4,1
2025-07-20,COL202507200,MIN,"Clemens, Kody",clemk001,3,0,1B,1B,1,grounded_into_double_play,5,4,1
2025-07-20,COL202507200,MIN,"France, Ty",frant002,3,2,empty,empty,1,field_out,5,4,1
2025-07-20,COL202507200,MIN,"Wallner, Matt",wallm001,3,0,empty,empty,1,field_out,6,4,1
2025-07-20,COL202507200,MIN,"Bader, Harrison",badeh001,3,1,empty,empty,1,home_run,6,4,1
2025-07-20,COL202507200,MIN,"Lewis, Royce",lewir003,3,1,empty,empty,1,field_out,6,5,1
2025-07-20,COL202507200,MIN,"Vazquez, Christian",vazqc001,3,2,empty,empty,1,single,6,5,1
2025-07-20,COL202507200,MIN,"Larnach, Trevor",larnt001,4,2,1B,1B,1,single,6,5,1
2025-07-20,COL202507200,MIN,"Castro, Willi",castw003,4,0,empty,empty,1,strikeout,7,5,1
2025-07-20,COL202507200,MIN,"Correa, Carlos",corrc001,4,1,empty,empty,1,single,7,5,1
2025-07-20,COL202507200,MIN,"Clemens, Kody",clemk001,4,1,1B,1B,1,strikeout,7,5,1
2025-07-20,COL202507200,MIN,"France, Ty",frant002,4,2,1B,1B,1,hit_by_pitch,7,5,1
2025-07-20,COL202507200,MIN,"Wallner, Matt",wallm001,4,2,1B+2B,1B+2B,1,field_out,7,5,1
2025-07-20,COL202507200,MIN,"Bader, Harrison",badeh001,4,0,empty,empty,1,strikeout,8,5,1
2025-07-20,COL202507200,MIN,"Lewis, Royce",lewir003,4,1,empty,empty,1,home_run,8,5,1
2025-07-20,COL202507200,MIN,"Vazquez, Christian",vazqc001,4,1,empty,empty,1,field_out,8,6,1
2025-07-20,COL202507200,MIN,"Larnach, Trevor",larnt001,5,2,empty,empty,1,field_out,8,6,1
2025-07-20,COL202507200,MIN,"Castro, Willi",castw003,5,0,empty,empty,1,triple,9,6,1
2025-07-20,COL202507200,MIN,"Correa, Carlos",corrc001,5,0,empty,empty,1,field_out,9,7,1
2025-07-20,COL202507200,MIN,"Clemens, Kody",clemk001,5,1,empty,empty,1,field_out,9,7,1
2025-07-20,COL202507200,MIN,"France, Ty",frant002,5,2,empty,empty,1,field_out,9,7,1
2025-07-21,LAN202507210,MIN,"Buxton, Byron",buxtb001,1,0,empty,empty,1,home_run,1,0,0
2025-07-21,LAN202507210,MIN,"Castro, Willi",castw003,1,0,empty,empty,1,field_out,1,1,0
2025-07-21,LAN202507210,MIN,"Larnach, Trevor",larnt001,1,1,empty,empty,1,strikeout,1,1,0
2025-07-21,LAN202507210,MIN,"Jeffers, Ryan",jeffr002,1,2,empty,empty,1,single,1,1,0
2025-07-21,LAN202507210,MIN,"Clemens, Kody",clemk001,1,2,1B,1B,1,strikeout,1,1,0
2025-07-21,LAN202507210,MIN,"Correa, Carlos",corrc001,1,0,empty,empty,1,field_out,2,1,2
2025-07-21,LAN202507210,MIN,"Lewis, Royce",lewir003,1,1,empty,empty,1,single,2,1,2
2025-07-21,LAN202507210,MIN,"Wallner, Matt",wallm001,1,1,1B,1B,1,walk,2,1,2
2025-07-21,LAN202507210,MIN,"Bader, Harrison",badeh001,1,1,1B+2B,1B+2B,1,strikeout,2,1,2
2025-07-21,LAN202507210,MIN,"Buxton, Byron",buxtb001,2,2,1B+2B,1B+2B,1,field_out,2,1,2
2025-07-21,LAN202507210,MIN,"Castro, Willi",castw003,2,0,empty,empty,1,field_out,3,1,2
2025-07-21,LAN202507210,MIN,"Larnach, Trevor",larnt001,2,1,empty,empty,1,field_out,3,1,2
2025-07-21,LAN202507210,MIN,"Jeffers, Ryan",jeffr002,2,2,empty,empty,1,single,3,1,2
2025-07-21,LAN202507210,MIN,"Clemens, Kody",clemk001,2,2,1B,1B,1,field_out,3,1,2
2025-07-21,LAN202507210,MIN,"Correa, Carlos",corrc001,2,0,empty,empty,1,field_out,4,1,2
2025-07-21,LAN202507210,MIN,"Lewis, Royce",lewir003,2,1,empty,empty,1,single,4,1,2
2025-07-21,LAN202507210,MIN,"Wallner, Matt",wallm001,2,1,1B,2B,0,walk,4,1,2
2025-07-21,LAN202507210,MIN,"Bader, Harrison",badeh001,2,1,1B+2B,1B+2B,1,strikeout,4,1,2
2025-07-21,LAN202507210,MIN,"Buxton, Byron",buxtb001,3,2,1B+2B,1B+2B,1,field_out,4,1,2
2025-07-21,LAN202507210,MIN,"Castro, Willi",castw003,3,0,empty,empty,1,strikeout,5,1,3
2025-07-21,LAN202507210,MIN,"Larnach, Trevor",larnt001,3,1,empty,empty,1,strikeout,5,1,3
2025-07-21,LAN202507210,MIN,"Jeffers, Ryan",jeffr002,3,2,empty,empty,1,walk,5,1,3
2025-07-21,LAN202507210,MIN,"Clemens, Kody",clemk001,3,2,1B,1B,1,field_out,5,1,3
2025-07-21,LAN202507210,MIN,"Correa, Carlos",corrc001,3,0,empty,empty,1,field_out,6,1,3
2025-07-21,LAN202507210,MIN,"Lewis, Royce",lewir003,3,1,empty,empty,1,field_out,6,1,3
2025-07-21,LAN202507210,MIN,"Wallner, Matt",wallm001,3,2,empty,empty,1,double,6,1,3
2025-07-21,LAN202507210,MIN,"Bader, Harrison",badeh001,3,2,2B,2B,1,field_out,6,1,3
2025-07-21,LAN202507210,MIN,"Buxton, Byron",buxtb001,4,0,empty,empty,1,single,7,1,4
2025-07-21,LAN202507210,MIN,"Castro, Willi",castw003,4,0,1B,1B,1,grounded_into_double_play,7,1,4
2025-07-21,LAN202507210,MIN,"Larnach, Trevor",larnt001,4,2,empty,empty,1,walk,7,1,4
2025-07-21,LAN202507210,MIN,"Jeffers, Ryan",jeffr002,4,2,1B,1B,1,field_out,7,1,4
2025-07-21,LAN202507210,MIN,"Clemens, Kody",clemk001,4,0,empty,empty,1,strikeout,8,1,5
2025-07-21,LAN202507210,MIN,"Correa, Carlos",corrc001,4,1,empty,empty,1,field_out,8,1,5
2025-07-21,LAN202507210,MIN,"Lewis, Royce",lewir003,4,2,empty,empty,1,double,8,1,5
2025-07-21,LAN202507210,MIN,"Wallner, Matt",wallm001,4,2,2B,2B,1,single,8,1,5
2025-07-21,LAN202507210,MIN,"Bader, Harrison",badeh001,4,2,1B+3B,1B+3B,1,field_out,8,1,5
2025-07-21,LAN202507210,MIN,"Buxton, Byron",buxtb001,5,0,empty,empty,1,walk,9,1,5
2025-07-21,LAN202507210,MIN,"Castro, Willi",castw003,5,0,1B,1B,1,field_out,9,1,5
2025-07-21,LAN202507210,MIN,"Lee, Brooks",lee-b002,1,1,1B,1B,1,hit_by_pitch,9,1,5
2025-07-21,LAN202507210,MIN,"Jeffers, Ryan",jeffr002,5,1,1B+2B,1B+2B,1,walk,9,1,5
2025-07-21,LAN202507210,MIN,"Clemens, Kody",clemk001,5,1,1B+2B+3B,1B+2B+3B,1,sac_fly,9,1,5
2025-07-21,LAN202507210,MIN,"Correa, Carlos",corrc001,5,2,1B+2B,1B+2B,1,field_out,9,2,5
2025-07-22,LAN202507220,MIN,"Buxton, Byron",buxtb001,1,0,empty,empty,1,strikeout,1,0,0
2025-07-22,LAN202507220,MIN,"Jeffers, Ryan",jeffr002,1,1,empty,empty,1,field_out,1,0,0
2025-07-22,LAN202507220,MIN,"Castro, Willi",castw003,1,2,empty,empty,1,strikeout,1,0,0
2025-07-22,LAN202507220,MIN,"Correa, Carlos",corrc001,1,0,empty,empty,1,single,2,0,0
2025-07-22,LAN202507220,MIN,"France, Ty",frant002,1,0,1B,1B,1,walk,2,0,0
2025-07-22,LAN202507220,MIN,"Wallner, Matt",wallm001,1,0,1B+2B,1B+2B,1,field_out,2,0,0
2025-07-22,LAN202507220,MIN,"Lewis, Royce",lewir003,1,1,1B+3B,1B+3B,1,single,2,0,0
2025-07-22,LAN202507220,MIN,"Bader, Harrison",badeh001,1,1,1B+2B,1B+2B,1,strikeout,2,1,0
2025-07-22,LAN202507220,MIN,"Vazquez, Christian",vazqc001,1,2,1B+2B,1B+2B,1,double,2,1,0
2025-07-22,LAN202507220,MIN,"Buxton, Byron",buxtb001,2,2,2B,2B,1,single,2,3,0
2025-07-22,LAN202507220,MIN,"Jeffers, Ryan",jeffr002,2,2,1B+3B,1B+3B,1,field_out,2,3,0
2025-07-22,LAN202507220,MIN,"Castro, Willi",castw003,2,0,empty,empty,1,single,3,3,0
2025-07-22,LAN202507220,MIN,"Correa, Carlos",corrc001,2,0,1B,1B,1,strikeout,3,3,0
2025-07-22,LAN202507220,MIN,"France, Ty",frant002,2,1,1B,1B,1,strikeout,3,3,0
2025-07-22,LAN202507220,MIN,"Wallner, Matt",wallm001,2,0,1B,empty,0,field_out,4,3,0
2025-07-22,LAN202507220,MIN,"Lewis, Royce",lewir003,2,1,empty,empty,1,field_out,4,3,0
2025-07-22,LAN202507220,MIN,"Bader, Harrison",badeh001,2,2,empty,empty,1,single,4,3,0
2025-07-22,LAN202507220,MIN,"Vazquez, Christian",vazqc001,2,2,1B,1B,1,strikeout,4,3,0
2025-07-22,LAN202507220,MIN,"Buxton, Byron",buxtb001,3,0,empty,empty,1,field_out,5,3,3
2025-07-22,LAN202507220,MIN,"Jeffers, Ryan",jeffr002,3,1,empty,empty,1,strikeout,5,3,3
2025-07-22,LAN202507220,MIN,"Castro, Willi",castw003,3,2,empty,empty,1,strikeout,5,3,3
2025-07-22,LAN202507220,MIN,"Correa, Carlos",corrc001,3,0,empty,empty,1,walk,6,3,3
2025-07-22,LAN202507220,MIN,"France, Ty",frant002,3,0,1B,1B,1,double,6,3,3
2025-07-22,LAN202507220,MIN,"Wallner, Matt",wallm001,3,0,2B+3B,2B+3B,1,walk,6,3,3
2025-07-22,LAN202507220,MIN,"Lewis, Royce",lewir003,3,0,1B+2B+3B,1B+2B+3B,1,walk,6,3,3
2025-07-22,LAN202507220,MIN,"Bader, Harrison",badeh001,3,0,1B+2B+3B,1B+2B+3B,1,field_out,6,4,3
2025-07-22,LAN202507220,MIN,"Vazquez, Christian",vazqc001,3,1,2B+3B,2B+3B,1,single,6,5,3
2025-07-22,LAN202507220,MIN,"Buxton, Byron",buxtb001,4,1,1B+3B,1B+3B,1,strikeout,6,6,3
2025-07-22,LAN202507220,MIN,"Jeffers, Ryan",jeffr002,4,2,1B+3B,1B+3B,1,field_out,6,6,3
2025-07-22,LAN202507220,MIN,"Castro, Willi",castw003,4,0,empty,empty,1,strikeout,7,6,5
2025-07-22,LAN202507220,MIN,"Correa, Carlos",corrc001,4,1,empty,empty,1,walk,7,6,5
2025-07-22,LAN202507220,MIN,"France, Ty",frant002,4,1,1B,1B,1,walk,7,6,5
2025-07-22,LAN202507220,MIN,"Wallner, Matt",wallm001,4,1,1B+2B,1B+2B,1,walk,7,6,5
2025-07-22,LAN202507220,MIN,"Lewis, Royce",lewir003,4,1,1B+2B+3B,1B+2B+3B,1,field_error,7,6,5
2025-07-22,LAN202507220,MIN,"Bader, Harrison",badeh001,4,1,3B,3B,1,strikeout,7,9,5
2025-07-22,LAN202507220,MIN,"Vazquez, Christian",vazqc001,4,2,3B,3B,1,field_out,7,9,5
2025-07-22,LAN202507220,MIN,"Buxton, Byron",buxtb001,5,0,empty,empty,1,field_out,8,9,5
2025-07-22,LAN202507220,MIN,"Jeffers, Ryan",jeffr002,5,1,empty,empty,1,field_out,8,9,5
2025-07-22,LAN202507220,MIN,"Castro, Willi",castw003,5,2,empty,empty,1,field_out,8,9,5
2025-07-22,LAN202507220,MIN,"Correa, Carlos",corrc001,5,0,empty,empty,1,double,9,9,5
2025-07-22,LAN202507220,MIN,"France, Ty",frant002,5,0,2B,2B,1,double,9,9,5
2025-07-22,LAN202507220,MIN,"Keirsey, DaShawn",keird001,1,0,2B,2B,1,strikeout,9,10,5
2025-07-22,LAN202507220,MIN,"Lewis, Royce",lewir003,5,1,2B,2B,1,field_out,9,10,5
2025-07-22,LAN202507220,MIN,"Bader, Harrison",badeh001,5,2,2B,2B,1,strikeout,9,10,5
2025-07-23,LAN202507230,MIN,"Buxton, Byron",buxtb001,1,0,empty,empty,1,strikeout,1,0,0
2025-07-23,LAN202507230,MIN,"Castro, Willi",castw003,1,1,empty,empty,1,field_out,1,0,0
2025-07-23,LAN202507230,MIN,"Larnach, Trevor",larnt001,1,2,empty,empty,1,walk,1,0,0
2025-07-23,LAN202507230,MIN,"Jeffers, Ryan",jeffr002,1,2,1B,1B,1,field_out,1,0,0
2025-07-23,LAN202507230,MIN,"Clemens, Kody",clemk001,1,0,empty,empty,1,strikeout,2,0,1
2025-07-23,LAN202507230,MIN,"France, Ty",frant002,1,1,empty,empty,1,field_out,2,0,1
2025-07-23,LAN202507230,MIN,"Wallner, Matt",wallm001,1,2,empty,empty,1,field_out,2,0,1
2025-07-23,LAN202507230,MIN,"Lewis, Royce",lewir003,1,0,empty,empty,1,home_run,3,0,1
2025-07-23,LAN202507230,MIN,"Lee, Brooks",lee-b002,1,0,empty,empty,1,field_out,3,1,1
2025-07-23,LAN202507230,MIN,"Buxton, Byron",buxtb001,2,1,empty,empty,1,strikeout,3,1,1
2025-07-23,LAN202507230,MIN,"Castro, Willi",castw003,2,2,empty,empty,1,single,3,1,1
2025-07-23,LAN202507230,MIN,"Larnach, Trevor",larnt001,2,2,1B,1B,1,field_out,3,1,1
2025-07-23,LAN202507230,MIN,"Jeffers, Ryan",jeffr002,2,0,empty,empty,1,strikeout,4,1,1
2025-07-23,LAN202507230,MIN,"Clemens, Kody",clemk001,2,1,empty,empty,1,field_out,4,1,1
2025-07-23,LAN202507230,MIN,"France, Ty",frant002,2,2,empty,empty,1,strikeout,4,1,1
2025-07-23,LAN202507230,MIN,"Wallner, Matt",wallm001,2,0,empty,empty,1,strikeout,5,1,1
2025-07-23,LAN202507230,MIN,"Lewis, Royce",lewir003,2,1,empty,empty,1,double,5,1,1
2025-07-23,LAN202507230,MIN,"Lee, Brooks",lee-b002,2,1,2B,2B,1,field_out,5,1,1
2025-07-23,LAN202507230,MIN,"Buxton, Byron",buxtb001,3,2,2B,2B,1,strikeout,5,1,1
2025-07-23,LAN202507230,MIN,"Castro, Willi",castw003,3,0,empty,empty,1,strikeout,6,1,1
2025-07-23,LAN202507230,MIN,"Larnach, Trevor",larnt001,3,1,empty,empty,1,strikeout,6,1,1
2025-07-23,LAN202507230,MIN,"Jeffers, Ryan",jeffr002,3,2,empty,empty,1,strikeout,6,1,1
2025-07-23,LAN202507230,MIN,"Clemens, Kody",clemk001,3,0,empty,empty,1,field_out,7,1,1
2025-07-23,LAN202507230,MIN,"France, Ty",frant002,3,1,empty,empty,1,strikeout,7,1,1
2025-07-23,LAN202507230,MIN,"Wallner, Matt",wallm001,3,2,empty,empty,1,strikeout,7,1,1
2025-07-23,LAN202507230,MIN,"Lewis, Royce",lewir003,3,0,empty,empty,1,walk,8,1,2
2025-07-23,LAN202507230,MIN,"Lee, Brooks",lee-b002,3,0,1B,2B,0,walk,8,1,2
2025-07-23,LAN202507230,MIN,"Buxton, Byron",buxtb001,4,0,1B+2B,2B+3B,0,walk,8,1,2
2025-07-23,LAN202507230,MIN,"Castro, Willi",castw003,4,0,1B+2B+3B,1B+2B+3B,1,grounded_into_double_play,8,1,2
2025-07-23,LAN202507230,MIN,"Bader, Harrison",badeh001,1,2,3B,3B,1,single,8,2,2
2025-07-23,LAN202507230,MIN,"Jeffers, Ryan",jeffr002,4,2,1B,2B,0,field_out,8,3,2
2025-07-23,LAN202507230,MIN,"Clemens, Kody",clemk001,4,0,empty,empty,1,strikeout,9,3,2
2025-07-23,LAN202507230,MIN,"France, Ty",frant002,4,1,empty,empty,1,single,9,3,2
2025-07-23,LAN202507230,MIN,"Wallner, Matt",wallm001,4,1,1B,1B,1,strikeout,9,3,2
2025-07-23,LAN202507230,MIN,"Keirsey, DaShawn",keird001,1,2,1B,1B,1,strikeout,9,3,2
2025-07-25,MIN202507250,MIN,"Buxton, Byron",buxtb001,1,0,empty,empty,1,strikeout,1,0,0
2025-07-25,MIN202507250,MIN,"Jeffers, Ryan",jeffr002,1,1,empty,empty,1,single,1,0,0
2025-07-25,MIN202507250,MIN,"Castro, Willi",castw003,1,1,1B,1B,1,strikeout,1,0,0
2025-07-25,MIN202507250,MIN,"Correa, Carlos",corrc001,1,2,1B,1B,1,walk,1,0,0
2025-07-25,MIN202507250,MIN,"Lewis, Royce",lewir003,1,2,1B+2B,1B+2B,1,field_out,1,0,0
2025-07-25,MIN202507250,MIN,"Bader, Harrison",badeh001,1,0,empty,empty,1,walk,2,0,0
2025-07-25,MIN202507250,MIN,"France, Ty",frant002,1,0,1B,1B,1,walk,2,0,0
2025-07-25,MIN202507250,MIN,"Wallner, Matt",wallm001,1,0,1B+2B,1B+2B,1,field_out,2,0,0
2025-07-25,MIN202507250,MIN,"Lee, Brooks",lee-b002,1,1,1B+2B,1B+2B,1,grounded_into_double_play,2,0,0
2025-07-25,MIN202507250,MIN,"Buxton, Byron",buxtb001,2,0,empty,empty,1,field_out,3,0,0
2025-07-25,MIN202507250,MIN,"Jeffers, Ryan",jeffr002,2,1,empty,empty,1,field_out,3,0,0
2025-07-25,MIN202507250,MIN,"Castro, Willi",castw003,2,2,empty,empty,1,strikeout,3,0,0
2025-07-25,MIN202507250,MIN,"Correa, Carlos",corrc001,2,0,empty,empty,1,field_out,4,0,0
2025-07-25,MIN202507250,MIN,"Lewis, Royce",lewir003,2,1,empty,empty,1,field_out,4,0,0
2025-07-25,MIN202507250,MIN,"Bader, Harrison",badeh001,2,2,empty,empty,1,walk,4,0,0
2025-07-25,MIN202507250,MIN,"France, Ty",frant002,2,0,1B,empty,0,field_out,5,0,0
2025-07-25,MIN202507250,MIN,"Wallner, Matt",wallm001,2,1,empty,empty,1,walk,5,0,0
2025-07-25,MIN202507250,MIN,"Lee, Brooks",lee-b002,2,1,1B,2B,0,walk,5,0,0
2025-07-25,MIN202507250,MIN,"Buxton, Byron",buxtb001,3,1,1B+3B,1B+3B,1,sac_fly,5,0,0
2025-07-25,MIN202507250,MIN,"Jeffers, Ryan",jeffr002,3,2,1B,1B,1,strikeout,5,1,0
2025-07-25,MIN202507250,MIN,"Castro, Willi",castw003,3,0,empty,empty,1,field_out,6,1,0
2025-07-25,MIN202507250,MIN,"Correa, Carlos",corrc001,3,1,empty,empty,1,single,6,1,0
2025-07-25,MIN202507250,MIN,"Lewis, Royce",lewir003,3,1,1B,1B,1,double,6,1,0
2025-07-25,MIN202507250,MIN,"Bader, Harrison",badeh001,3,1,2B+3B,2B+3B,1,strikeout,6,1,0
2025-07-25,MIN202507250,MIN,"France, Ty",frant002,3,2,2B+3B,2B+3B,1,hit_by_pitch,6,1,0
2025-07-25,MIN202507250,MIN,"Wallner, Matt",wallm001,3,2,1B+2B+3B,1B+2B+3B,1,field_out,6,1,0
2025-07-25,MIN202507250,MIN,"Lee, Brooks",lee-b002,3,0,empty,empty,1,field_out,7,1,0
2025-07-25,MIN202507250,MIN,"Buxton, Byron",buxtb001,4,1,empty,empty,1,strikeout,7,1,0
2025-07-25,MIN202507250,MIN,"Jeffers, Ryan",jeffr002,4,2,empty,empty,1,field_out,7,1,0
2025-07-25,MIN202507250,MIN,"Castro, Willi",castw003,4,0,empty,empty,1,field_out,8,1,0
2025-07-25,MIN202507250,MIN,"Correa, Carlos",corrc001,4,1,empty,empty,1,strikeout,8,1,0
2025-07-25,MIN202507250,MIN,"Lewis, Royce",lewir003,4,2,empty,empty,1,field_out,8,1,0
2025-07-26,MIN202507260,MIN,"Buxton, Byron",buxtb001,1,0,empty,empty,1,field_out,1,0,0
2025-07-26,MIN202507260,MIN,"Correa, Carlos",corrc001,1,1,empty,empty,1,single,1,0,0
2025-07-26,MIN202507260,MIN,"Castro, Willi",castw003,1,1,1B,1B,1,grounded_into_double_play,1,0,0
2025-07-26,MIN202507260,MIN,"Lewis, Royce",lewir003,1,0,empty,empty,1,field_out,2,0,0
2025-07-26,MIN202507260,MIN,"Bader, Harrison",badeh001,1,1,empty,empty,1,strikeout,2,0,0
2025-07-26,MIN202507260,MIN,"Wallner, Matt",wallm001,1,2,empty,empty,1,strikeout,2,0,0
2025-07-26,MIN202507260,MIN,"France, Ty",frant002,1,0,empty,empty,1,single,3,0,1
2025-07-26,MIN202507260,MIN,"Lee, Brooks",lee-b002,1,0,1B,1B,1,field_out,3,0,1
2025-07-26,MIN202507260,MIN,"Vazquez, Christian",vazqc001,1,1,2B,2B,1,walk,3,0,1
2025-07-26,MIN202507260,MIN,"Buxton, Byron",buxtb001,2,1,1B+2B,1B+2B,1,field_out,3,0,1
2025-07-26,MIN202507260,MIN,"Correa, Carlos",corrc001,2,2,1B+2B,1B+2B,1,field_out,3,0,1
2025-07-26,MIN202507260,MIN,"Castro, Willi",castw003,2,0,empty,empty,1,field_out,4,0,2
2025-07-26,MIN202507260,MIN,"Lewis, Royce",lewir003,2,1,empty,empty,1,double,4,0,2
2025-07-26,MIN202507260,MIN,"Bader, Harrison",badeh001,2,1,2B,2B,1,strikeout,4,0,2
2025-07-26,MIN202507260,MIN,"Wallner, Matt",wallm001,2,2,2B,2B,1,field_out,4,0,2
2025-07-26,MIN202507260,MIN,"France, Ty",frant002,2,0,empty,empty,1,single,5,0,5
2025-07-26,MIN202507260,MIN,"Lee, Brooks",lee-b002,2,0,1B,1B,1,single,5,0,5
2025-07-26,MIN202507260,MIN,"Vazquez, Christian",vazqc001,2,0,1B+2B,1B+2B,1,field_out,5,0,5
2025-07-26,MIN202507260,MIN,"Buxton, Byron",buxtb001,3,1,1B+2B,1B+2B,1,field_out,5,0,5
2025-07-26,MIN202507260,MIN,"Correa, Carlos",corrc001,3,2,1B+2B,1B+2B,1,field_out,5,0,5
2025-07-26,MIN202507260,MIN,"Castro, Willi",castw003,3,0,empty,empty,1,double,6,0,5
2025-07-26,MIN202507260,MIN,"Lewis, Royce",lewir003,3,0,2B,2B,1,single,6,0,5
2025-07-26,MIN202507260,MIN,"Bader, Harrison",badeh001,3,0,1B,1B,1,strikeout,6,1,5
2025-07-26,MIN202507260,MIN,"Wallner, Matt",wallm001,3,1,1B,1B,1,field_out,6,1,5
2025-07-26,MIN202507260,MIN,"France, Ty",frant002,3,2,1B,1B,1,double,6,1,5
2025-07-26,MIN202507260,MIN,"Lee, Brooks",lee-b002,3,2,2B,3B,0,field_out,6,2,5
2025-07-26,MIN202507260,MIN,"Vazquez, Christian",vazqc001,3,0,empty,empty,1,single,7,2,6
2025-07-26,MIN202507260,MIN,"Larnach, Trevor",larnt001,1,0,1B,1B,1,grounded_into_double_play,7,2,6
2025-07-26,MIN202507260,MIN,"Correa, Carlos",corrc001,4,2,empty,empty,1,field_out,7,2,6
2025-07-26,MIN202507260,MIN,"Castro, Willi",castw003,4,0,empty,empty,1,walk,8,2,9
2025-07-26,MIN202507260,MIN,"Lewis, Royce",lewir003,4,0,1B,1B,1,strikeout,8,2,9
2025-07-26,MIN202507260,MIN,"Bader, Harrison",badeh001,4,1,1B,1B,1,double,8,2,9
2025-07-26,MIN202507260,MIN,"Wallner, Matt",wallm001,4,1,2B+3B,2B+3B,1,sac_fly,8,2,9
2025-07-26,MIN202507260,MIN,"France, Ty",frant002,4,2,2B,2B,1,strikeout,8,3,9
2025-07-26,MIN202507260,MIN,"Lee, Brooks",lee-b002,4,0,empty,empty,1,single,9,3,9
2025-07-26,MIN202507260,MIN,"Gasper, Mickey",gaspm001,1,0,1B,1B,1,single,9,3,9
2025-07-26,MIN202507260,MIN,"Larnach, Trevor",larnt001,2,0,1B+2B,1B+2B,1,grounded_into_double_play,9,3,9
2025-07-26,MIN202507260,MIN,"Correa, Carlos",corrc001,5,2,3B,3B,1,strikeout,9,3,9
2025-07-27,MIN202507270,MIN,"Larnach, Trevor",larnt001,1,0,empty,empty,1,single,1,0,1
2025-07-27,MIN202507270,MIN,"Castro, Willi",castw003,1,0,1B,1B,1,grounded_into_double_play,1,0,1
2025-07-27,MIN202507270,MIN,"Correa, Carlos",corrc001,1,2,empty,empty,1,field_out,1,0,1
2025-07-27,MIN202507270,MIN,"Clemens, Kody",clemk001,1,0,empty,empty,1,field_out,2,0,1
2025-07-27,MIN202507270,MIN,"Lewis, Royce",lewir003,1,1,empty,empty,1,field_out,2,0,1
2025-07-27,MIN202507270,MIN,"Wallner, Matt",wallm001,1,2,empty,empty,1,home_run,2,0,1
2025-07-27,MIN202507270,MIN,"Lee, Brooks",lee-b002,1,2,empty,empty,1,field_out,2,1,1
2025-07-27,MIN202507270,MIN,"Bader, Harrison",badeh001,1,0,empty,empty,1,single,3,1,2
2025-07-27,MIN202507270,MIN,"Vazquez, Christian",vazqc001,1,0,1B,1B,1,field_out,3,1,2
2025-07-27,MIN202507270,MIN,"Larnach, Trevor",larnt001,2,1,3B,3B,1,sac_fly,3,1,2
2025-07-27,MIN202507270,MIN,"Castro, Willi",castw003,2,2,empty,empty,1,field_out,3,2,2
2025-07-27,MIN202507270,MIN,"Correa, Carlos",corrc001,2,0,empty,empty,1,single,4,2,3
2025-07-27,MIN202507270,MIN,"Clemens, Kody",clemk001,2,0,1B,1B,1,field_out,4,2,3
2025-07-27,MIN202507270,MIN,"Lewis, Royce",lewir003,2,1,1B,1B,1,field_out,4,2,3
2025-07-27,MIN202507270,MIN,"Wallner, Matt",wallm001,2,2,1B,1B,1,field_out,4,2,3
2025-07-27,MIN202507270,MIN,"Lee, Brooks",lee-b002,2,0,empty,empty,1,field_out,5,2,7
2025-07-27,MIN202507270,MIN,"Bader, Harrison",badeh001,2,1,empty,empty,1,double,5,2,7
2025-07-27,MIN202507270,MIN,"Vazquez, Christian",vazqc001,2,1,2B,2B,1,field_out,5,2,7
2025-07-27,MIN202507270,MIN,"Larnach, Trevor",larnt001,3,2,2B,2B,1,field_out,5,2,7
2025-07-27,MIN202507270,MIN,"Castro, Willi",castw003,3,0,empty,empty,1,field_out,6,2,7
2025-07-27,MIN202507270,MIN,"Correa, Carlos",corrc001,3,1,empty,empty,1,field_error,6,2,7
2025-07-27,MIN202507270,MIN,"Clemens, Kody",clemk001,3,1,1B,1B,1,field_out,6,2,7
2025-07-27,MIN202507270,MIN,"Lewis, Royce",lewir003,3,2,2B,2B,1,field_out,6,2,7
2025-07-27,MIN202507270,MIN,"Wallner, Matt",wallm001,3,0,empty,empty,1,strikeout,7,2,7
2025-07-27,MIN202507270,MIN,"Lee, Brooks",lee-b002,3,1,empty,empty,1,strikeout,7,2,7
2025-07-27,MIN202507270,MIN,"Bader, Harrison",badeh001,3,2,empty,empty,1,field_out,7,2,7
2025-07-27,MIN202507270,MIN,"Vazquez, Christian",vazqc001,3,0,empty,empty,1,field_out,8,2,7
2025-07-27,MIN202507270,MIN,"Larnach, Trevor",larnt001,4,1,empty,empty,1,field_out,8,2,7
2025-07-27,MIN202507270,MIN,"Castro, Willi",castw003,4,2,empty,empty,1,single,8,2,7
2025-07-27,MIN202507270,MIN,"Correa, Carlos",corrc001,4,2,1B,1B,1,field_out,8,2,7
2025-07-27,MIN202507270,MIN,"Clemens, Kody",clemk001,4,0,empty,empty,1,single,9,2,7
2025-07-27,MIN202507270,MIN,"Lewis, Royce",lewir003,4,0,1B,1B,1,field_out,9,2,7
2025-07-27,MIN202507270,MIN,"Wallner, Matt",wallm001,4,1,1B,1B,1,strikeout,9,2,7
2025-07-27,MIN202507270,MIN,"Lee, Brooks",lee-b002,4,2,1B,2B,0,field_out,9,2,7
2025-07-28,MIN202507280,MIN,"Larnach, Trevor",larnt001,1,0,empty,empty,1,field_out,1,0,0
2025-07-28,MIN202507280,MIN,"Castro, Willi",castw003,1,1,empty,empty,1,field_out,1,0,0
2025-07-28,MIN202507280,MIN,"Correa, Carlos",corrc001,1,2,empty,empty,1,field_out,1,0,0
2025-07-28,MIN202507280,MIN,"Clemens, Kody",clemk001,1,0,empty,empty,1,single,2,0,0
2025-07-28,MIN202507280,MIN,"Lewis, Royce",lewir003,1,0,1B,1B,1,field_out,2,0,0
2025-07-28,MIN202507280,MIN,"Wallner, Matt",wallm001,1,1,1B,1B,1,strikeout,2,0,0
2025-07-28,MIN202507280,MIN,"France, Ty",frant002,1,2,1B,1B,1,field_out,2,0,0
2025-07-28,MIN202507280,MIN,"Vazquez, Christian",vazqc001,1,0,empty,empty,1,walk,3,0,0
2025-07-28,MIN202507280,MIN,"Keirsey, DaShawn",keird001,1,0,1B,1B,1,home_run,3,0,0
2025-07-28,MIN202507280,MIN,"Larnach, Trevor",larnt001,2,0,empty,empty,1,walk,3,2,0
2025-07-28,MIN202507280,MIN,"Castro, Willi",castw003,2,0,1B,1B,1,field_out,3,2,0
2025-07-28,MIN202507280,MIN,"Correa, Carlos",corrc001,2,1,1B,1B,1,grounded_into_double_play,3,2,0
2025-07-28,MIN202507280,MIN,"Clemens, Kody",clemk001,2,0,empty,empty,1,walk,4,2,0
2025-07-28,MIN202507280,MIN,"Lewis, Royce",lewir003,2,0,1B,1B,1,single,4,2,0
2025-07-28,MIN202507280,MIN,"Wallner, Matt",wallm001,2,0,1B+2B,1B+2B,1,single,4,2,0
2025-07-28,MIN202507280,MIN,"France, Ty",frant002,2,0,1B+2B+3B,1B+2B+3B,1,strikeout,4,2,0
2025-07-28,MIN202507280,MIN,"Vazquez, Christian",vazqc001,2,1,1B+2B+3B,1B+2B+3B,1,grounded_into_double_play,4,2,0
2025-07-28,MIN202507280,MIN,"Keirsey, DaShawn",keird001,2,0,empty,empty,1,strikeout,5,2,3
2025-07-28,MIN202507280,MIN,"Larnach, Trevor",larnt001,3,1,empty,empty,1,field_out,5,2,3
2025-07-28,MIN202507280,MIN,"Castro, Willi",castw003,3,2,empty,empty,1,hit_by_pitch,5,2,3
2025-07-28,MIN202507280,MIN,"Correa, Carlos",corrc001,3,2,1B,2B,0,strikeout,5,2,3
2025-07-28,MIN202507280,MIN,"Clemens, Kody",clemk001,3,0,empty,empty,1,field_out,6,2,3
2025-07-28,MIN202507280,MIN,"Lewis, Royce",lewir003,3,1,empty,empty,1,single,6,2,3
2025-07-28,MIN202507280,MIN,"Bader, Harrison",badeh001,1,1,1B,3B,0,walk,6,2,3
2025-07-28,MIN202507280,MIN,"France, Ty",frant002,3,1,1B+3B,2B+3B,0,walk,6,2,3
2025-07-28,MIN202507280,MIN,"Vazquez, Christian",vazqc001,3,1,1B+2B+3B,1B+2B+3B,1,sac_fly,6,2,3
2025-07-28,MIN202507280,MIN,"Keirsey, DaShawn",keird001,3,2,1B+2B,1B+2B,1,strikeout,6,3,3
2025-07-28,MIN202507280,MIN,"Gasper, Mickey",gaspm001,1,0,empty,empty,1,walk,7,3,3
2025-07-28,MIN202507280,MIN,"Castro, Willi",castw003,4,0,1B,1B,1,field_out,7,3,3
2025-07-28,MIN202507280,MIN,"Correa, Carlos",corrc001,4,1,1B,1B,1,single,7,3,3
2025-07-28,MIN202507280,MIN,"Lee, Brooks",lee-b002,1,1,1B+2B,1B+2B,1,strikeout,7,3,3
2025-07-28,MIN202507280,MIN,"Lewis, Royce",lewir003,4,2,1B+2B,1B+2B,1,field_out,7,3,3
2025-07-28,MIN202507280,MIN,"Bader, Harrison",badeh001,2,0,empty,empty,1,field_out,8,3,3
2025-07-28,MIN202507280,MIN,"France, Ty",frant002,4,1,empty,empty,1,field_out,8,3,3
2025-07-28,MIN202507280,MIN,"Vazquez, Christian",vazqc001,4,2,empty,empty,1,field_out,8,3,3
2025-07-28,MIN202507280,MIN,"Keirsey, DaShawn",keird001,4,0,empty,empty,1,single,9,3,4
2025-07-28,MIN202507280,MIN,"Gasper, Mickey",gaspm001,2,0,1B,1B,1,hit_by_pitch,9,3,4
2025-07-28,MIN202507280,MIN,"Castro, Willi",castw003,5,0,1B+2B,1B+2B,1,hit_by_pitch,9,3,4
2025-07-28,MIN202507280,MIN,"Correa, Carlos",corrc001,5,0,1B+2B+3B,1B+2B+3B,1,field_out,9,3,4
2025-07-28,MIN202507280,MIN,"Lee, Brooks",lee-b002,2,1,1B+2B+3B,1B+2B+3B,1,single,9,3,4
2025-07-29,MIN202507290,MIN,"Larnach, Trevor",larnt001,1,0,empty,empty,1,walk,1,0,0
2025-07-29,MIN202507290,MIN,"Correa, Carlos",corrc001,1,0,1B,1B,1,single,1,0,0
2025-07-29,MIN202507290,MIN,"Castro, Willi",castw003,1,0,1B+2B,1B+2B,1,strikeout,1,0,0
2025-07-29,MIN202507290,MIN,"Lewis, Royce",lewir003,1,1,1B+2B,1B+2B,1,field_out,1,0,0
2025-07-29,MIN202507290,MIN,"Clemens, Kody",clemk001,1,2,1B+2B,1B+2B,1,field_out,1,0,0
2025-07-29,MIN202507290,MIN,"France, Ty",frant002,1,0,empty,empty,1,field_out,2,0,0
2025-07-29,MIN202507290,MIN,"Wallner, Matt",wallm001,1,1,empty,empty,1,single,2,0,0
2025-07-29,MIN202507290,MIN,"Bader, Harrison",badeh001,1,1,1B,2B,0,strikeout,2,0,0
2025-07-29,MIN202507290,MIN,"Vazquez, Christian",vazqc001,1,2,2B,2B,1,field_out,2,0,0
2025-07-29,MIN202507290,MIN,"Larnach, Trevor",larnt001,2,0,empty,empty,1,field_out,3,0,4
2025-07-29,MIN202507290,MIN,"Lee, Brooks",lee-b002,1,1,empty,empty,1,field_out,3,0,4
2025-07-29,MIN202507290,MIN,"Castro, Willi",castw003,2,2,empty,empty,1,strikeout,3,0,4
2025-07-29,MIN202507290,MIN,"Lewis, Royce",lewir003,2,0,empty,empty,1,field_out,4,0,4
2025-07-29,MIN202507290,MIN,"Clemens, Kody",clemk001,2,1,empty,empty,1,field_out,4,0,4
2025-07-29,MIN202507290,MIN,"France, Ty",frant002,2,2,empty,empty,1,field_out,4,0,4
2025-07-29,MIN202507290,MIN,"Wallner, Matt",wallm001,2,0,empty,empty,1,field_out,5,0,5
2025-07-29,MIN202507290,MIN,"Bader, Harrison",badeh001,2,1,empty,empty,1,single,5,0,5
2025-07-29,MIN202507290,MIN,"Vazquez, Christian",vazqc001,2,1,1B,1B,1,hit_by_pitch,5,0,5
2025-07-29,MIN202507290,MIN,"Larnach, Trevor",larnt001,3,1,1B+2B,1B+2B,1,strikeout,5,0,5
2025-07-29,MIN202507290,MIN,"Lee, Brooks",lee-b002,2,2,1B+2B,1B+2B,1,single,5,0,5
2025-07-29,MIN202507290,MIN,"Castro, Willi",castw003,3,2,2B+3B,2B+3B,1,field_out,5,1,5
2025-07-29,MIN202507290,MIN,"Lewis, Royce",lewir003,3,0,empty,empty,1,field_out,6,1,6
2025-07-29,MIN202507290,MIN,"Clemens, Kody",clemk001,3,1,empty,empty,1,field_out,6,1,6
2025-07-29,MIN202507290,MIN,"France, Ty",frant002,3,2,empty,empty,1,single,6,1,6
2025-07-29,MIN202507290,MIN,"Wallner, Matt",wallm001,3,2,1B,1B,1,walk,6,1,6
2025-07-29,MIN202507290,MIN,"Bader, Harrison",badeh001,3,2,1B+2B,1B+2B,1,strikeout,6,1,6
2025-07-29,MIN202507290,MIN,"Vazquez, Christian",vazqc001,3,0,empty,empty,1,field_out,7,1,6
2025-07-29,MIN202507290,MIN,"Jeffers, Ryan",jeffr002,1,1,empty,empty,1,single,7,1,6
2025-07-29,MIN202507290,MIN,"Lee, Brooks",lee-b002,3,1,1B,1B,1,home_run,7,1,6
2025-07-29,MIN202507290,MIN,"Castro, Willi",castw003,4,1,empty,empty,1,field_out,7,3,6
2025-07-29,MIN202507290,MIN,"Lewis, Royce",lewir003,4,2,empty,empty,1,strikeout,7,3,6
2025-07-29,MIN202507290,MIN,"Clemens, Kody",clemk001,4,0,empty,empty,1,single,8,3,6
2025-07-29,MIN202507290,MIN,"France, Ty",frant002,4,0,1B,1B,1,strikeout,8,3,6
2025-07-29,MIN202507290,MIN,"Wallner, Matt",wallm001,4,1,1B,1B,1,strikeout,8,3,6
2025-07-29,MIN202507290,MIN,"Bader, Harrison",badeh001,4,2,1B,1B,1,field_out,8,3,6
2025-07-29,MIN202507290,MIN,"Vazquez, Christian",vazqc001,4,0,empty,empty,1,field_out,9,3,8
2025-07-29,MIN202507290,MIN,"Jeffers, Ryan",jeffr002,2,1,empty,empty,1,field_error,9,3,8
2025-07-29,MIN202507290,MIN,"Lee, Brooks",lee-b002,4,1,1B,1B,1,home_run,9,3,8
2025-07-29,MIN202507290,MIN,"Castro, Willi",castw003,5,1,empty,empty,1,strikeout,9,5,8
2025-07-29,MIN202507290,MIN,"Lewis, Royce",lewir003,5,2,empty,empty,1,single,9,5,8
2025-07-29,MIN202507290,MIN,"Gasper, Mickey",gaspm001,1,2,1B,1B,1,strikeout,9,5,8
2025-07-30,MIN202507300,MIN,"Larnach, Trevor",larnt001,1,0,empty,empty,1,field_out,1,0,0
2025-07-30,MIN202507300,MIN,"Lee, Brooks",lee-b002,1,1,empty,empty,1,field_out,1,0,0
2025-07-30,MIN202507300,MIN,"Clemens, Kody",clemk001,1,2,empty,empty,1,walk,1,0,0
2025-07-30,MIN202507300,MIN,"Jeffers, Ryan",jeffr002,1,2,1B,1B,1,single,1,0,0
2025-07-30,MIN202507300,MIN,"Castro, Willi",castw003,1,0,empty,empty,1,field_out,2,0,1
2025-07-30,MIN202507300,MIN,"Lewis, Royce",lewir003,1,1,empty,empty,1,field_out,2,0,1
2025-07-30,MIN202507300,MIN,"Wallner, Matt",wallm001,1,2,empty,empty,1,home_run,2,0,1
2025-07-30,MIN202507300,MIN,"Bader, Harrison",badeh001,1,2,empty,empty,1,strikeout,2,1,1
2025-07-30,MIN202507300,MIN,"Keirsey, DaShawn",keird001,1,0,empty,empty,1,field_out,3,1,2
2025-07-30,MIN202507300,MIN,"Larnach, Trevor",larnt001,2,1,empty,empty,1,walk,3,1,2
2025-07-30,MIN202507300,MIN,"Lee, Brooks",lee-b002,2,1,1B,1B,1,field_out,3,1,2
2025-07-30,MIN202507300,MIN,"Clemens, Kody",clemk001,2,2,1B,1B,1,walk,3,1,2
2025-07-30,MIN202507300,MIN,"Jeffers, Ryan",jeffr002,2,2,1B+2B,1B+2B,1,field_out,3,1,2
2025-07-30,MIN202507300,MIN,"Castro, Willi",castw003,2,0,empty,empty,1,field_out,4,1,2
2025-07-30,MIN202507300,MIN,"Lewis, Royce",lewir003,2,1,empty,empty,1,field_out,4,1,2
2025-07-30,MIN202507300,MIN,"Wallner, Matt",wallm001,2,2,empty,empty,1,field_out,4,1,2
2025-07-30,MIN202507300,MIN,"Bader, Harrison",badeh001,2,0,empty,empty,1,single,5,1,6
2025-07-30,MIN202507300,MIN,"Keirsey, DaShawn",keird001,2,0,1B,1B,1,strikeout,5,1,6
2025-07-30,MIN202507300,MIN,"Larnach, Trevor",larnt001,3,1,1B,1B,1,single,5,1,6
2025-07-30,MIN202507300,MIN,"Lee, Brooks",lee-b002,3,1,1B+3B,1B+3B,1,grounded_into_double_play,5,1,6
2025-07-30,MIN202507300,MIN,"Clemens, Kody",clemk001,3,0,empty,empty,1,field_out,6,1,8
2025-07-30,MIN202507300,MIN,"Jeffers, Ryan",jeffr002,3,1,empty,empty,1,field_out,6,1,8
2025-07-30,MIN202507300,MIN,"Castro, Willi",castw003,3,2,empty,empty,1,field_out,6,1,8
2025-07-30,MIN202507300,MIN,"Lewis, Royce",lewir003,3,0,empty,empty,1,field_out,7,1,8
2025-07-30,MIN202507300,MIN,"Wallner, Matt",wallm001,3,1,empty,empty,1,walk,7,1,8
2025-07-30,MIN202507300,MIN,"Bader, Harrison",badeh001,3,1,1B,1B,1,single,7,1,8
2025-07-30,MIN202507300,MIN,"Keirsey, DaShawn",keird001,3,1,1B+2B,1B+2B,1,strikeout,7,1,8
2025-07-30,MIN202507300,MIN,"Larnach, Trevor",larnt001,4,2,1B+2B,1B+2B,1,strikeout,7,1,8
2025-07-30,MIN202507300,MIN,"Lee, Brooks",lee-b002,4,0,empty,empty,1,field_out,8,1,8
2025-07-30,MIN202507300,MIN,"Clemens, Kody",clemk001,4,1,empty,empty,1,field_out,8,1,8
2025-07-30,MIN202507300,MIN,"Jeffers, Ryan",jeffr002,4,2,empty,empty,1,field_out,8,1,8
2025-07-30,MIN202507300,MIN,"France, Ty",frant002,1,0,empty,empty,1,field_out,9,1,13
2025-07-30,MIN202507300,MIN,"Lewis, Royce",lewir003,4,1,empty,empty,1,field_out,9,1,13
2025-07-30,MIN202507300,MIN,"Wallner, Matt",wallm001,4,2,empty,empty,1,field_out,9,1,13
2025-08-01,CLE202508010,MIN,"Martin, Austin",marta007,1,0,empty,empty,1,field_out,1,0,0
2025-08-01,CLE202508010,MIN,"Roden, Alan",rodea001,1,1,empty,empty,1,strikeout,1,0,0
2025-08-01,CLE202508010,MIN,"Jeffers, Ryan",jeffr002,1,2,empty,empty,1,strikeout,1,0,0
2025-08-01,CLE202508010,MIN,"Clemens, Kody",clemk001,1,0,empty,empty,1,field_out,2,0,1
2025-08-01,CLE202508010,MIN,"Lewis, Royce",lewir003,1,1,empty,empty,1,strikeout,2,0,1
2025-08-01,CLE202508010,MIN,"Wallner, Matt",wallm001,1,2,empty,empty,1,strikeout,2,0,1
2025-08-01,CLE202508010,MIN,"Lee, Brooks",lee-b002,1,0,empty,empty,1,walk,3,0,2
2025-08-01,CLE202508010,MIN,"Vazquez, Christian",vazqc001,1,0,1B,1B,1,field_out,3,0,2
2025-08-01,CLE202508010,MIN,"Julien, Edouard",julie001,1,1,2B,2B,1,strikeout,3,0,2
2025-08-01,CLE202508010,MIN,"Martin, Austin",marta007,2,2,2B,2B,1,single,3,0,2
2025-08-01,CLE202508010,MIN,"Roden, Alan",rodea001,2,0,empty,empty,1,field_out,4,0,2
2025-08-01,CLE202508010,MIN,"Jeffers, Ryan",jeffr002,2,1,empty,empty,1,single,4,0,2
2025-08-01,CLE202508010,MIN,"Clemens, Kody",clemk001,2,1,1B,1B,1,strikeout,4,0,2
2025-08-01,CLE202508010,MIN,"Lewis, Royce",lewir003,2,2,1B,1B,1,single,4,0,2
2025-08-01,CLE202508010,MIN,"Wallner, Matt",wallm001,2,2,1B+2B,1B+2B,1,walk,4,0,2
2025-08-01,CLE202508010,MIN,"Lee, Brooks",lee-b002,2,2,1B+2B+3B,1B+2B+3B,1,field_out,4,0,2
2025-08-01,CLE202508010,MIN,"Vazquez, Christian",vazqc001,2,0,empty,empty,1,field_out,5,0,2
2025-08-01,CLE202508010,MIN,"Julien, Edouard",julie001,2,1,empty,empty,1,strikeout,5,0,2
2025-08-01,CLE202508010,MIN,"Martin, Austin",marta007,3,2,empty,empty,1,single,5,0,2
2025-08-01,CLE202508010,MIN,"Roden, Alan",rodea001,3,2,1B,1B,1,field_out,5,0,2
2025-08-01,CLE202508010,MIN,"Jeffers, Ryan",jeffr002,3,0,empty,empty,1,strikeout,6,0,2
2025-08-01,CLE202508010,MIN,"Clemens, Kody",clemk001,3,1,empty,empty,1,field_out,6,0,2
2025-08-01,CLE202508010,MIN,"Lewis, Royce",lewir003,3,2,empty,empty,1,field_out,6,0,2
2025-08-01,CLE202508010,MIN,"Wallner, Matt",wallm001,3,0,empty,empty,1,field_out,7,0,2
2025-08-01,CLE202508010,MIN,"Lee, Brooks",lee-b002,3,1,empty,empty,1,single,7,0,2
2025-08-01,CLE202508010,MIN,"Vazquez, Christian",vazqc001,3,1,1B,1B,1,hit_by_pitch,7,0,2
2025-08-01,CLE202508010,MIN,"Gasper, Mickey",gaspm001,1,1,1B+2B,1B+2B,1,strikeout,7,0,2
2025-08-01,CLE202508010,MIN,"Martin, Austin",marta007,4,2,1B+2B,1B+2B,1,single,7,0,2
2025-08-01,CLE202508010,MIN,"Roden, Alan",rodea001,4,2,2B,2B,1,strikeout,7,2,2
2025-08-01,CLE202508010,MIN,"Jeffers, Ryan",jeffr002,4,0,empty,empty,1,field_out,8,2,2
2025-08-01,CLE202508010,MIN,"Clemens, Kody",clemk001,4,1,empty,empty,1,field_out,8,2,2
2025-08-01,CLE202508010,MIN,"Lewis, Royce",lewir003,4,2,empty,empty,1,strikeout,8,2,2
2025-08-01,CLE202508010,MIN,"Wallner, Matt",wallm001,4,0,empty,empty,1,field_out,9,2,2
2025-08-01,CLE202508010,MIN,"Lee, Brooks",lee-b002,4,1,empty,empty,1,strikeout,9,2,2
2025-08-01,CLE202508010,MIN,"Vazquez, Christian",vazqc001,4,2,empty,empty,1,strikeout,9,2,2
2025-08-01,CLE202508010,MIN,"Gasper, Mickey",gaspm001,2,0,2B,2B,1,strikeout,10,2,2
2025-08-01,CLE202508010,MIN,"Martin, Austin",marta007,5,1,2B,2B,1,field_out,10,2,2
2025-08-01,CLE202508010,MIN,"Roden, Alan",rodea001,5,2,3B,3B,1,field_out,10,2,2
2025-08-02,CLE202508020,MIN,"Roden, Alan",rodea001,1,0,empty,empty,1,strikeout,1,0,0
2025-08-02,CLE202508020,MIN,"Larnach, Trevor",larnt001,1,1,empty,empty,1,field_out,1,0,0
2025-08-02,CLE202508020,MIN,"Jeffers, Ryan",jeffr002,1,2,empty,empty,1,strikeout,1,0,0
2025-08-02,CLE202508020,MIN,"Clemens, Kody",clemk001,1,0,empty,empty,1,double,2,0,0
2025-08-02,CLE202508020,MIN,"Wallner, Matt",wallm001,1,0,3B,3B,1,walk,2,0,0
2025-08-02,CLE202508020,MIN,"Lewis, Royce",lewir003,1,0,1B+3B,1B+3B,1,field_out,2,0,0
2025-08-02,CLE202508020,MIN,"Lee, Brooks",lee-b002,1,1,1B+3B,1B+3B,1,strikeout,2,0,0
2025-08-02,CLE202508020,MIN,"Julien, Edouard",julie001,1,2,1B+3B,1B+3B,1,field_out,2,0,0
2025-08-02,CLE202508020,MIN,"Keirsey, DaShawn",keird001,1,0,empty,empty,1,field_out,3,0,1
2025-08-02,CLE202508020,MIN,"Roden, Alan",rodea001,2,1,empty,empty,1,strikeout,3,0,1
2025-08-02,CLE202508020,MIN,"Larnach, Trevor",larnt001,2,2,empty,empty,1,single,3,0,1
2025-08-02,CLE202508020,MIN,"Jeffers, Ryan",jeffr002,2,2,1B,1B,1,field_out,3,0,1
2025-08-02,CLE202508020,MIN,"Clemens, Kody",clemk001,2,0,empty,empty,1,walk,4,0,2
2025-08-02,CLE202508020,MIN,"Wallner, Matt",wallm001,2,0,1B,1B,1,home_run,4,0,2
2025-08-02,CLE202508020,MIN,"Lewis, Royce",lewir003,2,0,empty,empty,1,single,4,2,2
2025-08-02,CLE202508020,MIN,"Lee, Brooks",lee-b002,2,0,1B,1B,1,field_out,4,2,2
2025-08-02,CLE202508020,MIN,"Julien, Edouard",julie001,2,1,1B,1B,1,strikeout,4,2,2
2025-08-02,CLE202508020,MIN,"Keirsey, DaShawn",keird001,2,2,1B,1B,1,field_out,4,2,2
2025-08-02,CLE202508020,MIN,"Roden, Alan",rodea001,3,0,empty,empty,1,double,5,2,2
2025-08-02,CLE202508020,MIN,"Larnach, Trevor",larnt001,3,0,2B,2B,1,single,5,2,2
2025-08-02,CLE202508020,MIN,"Jeffers, Ryan",jeffr002,3,0,1B,1B,1,single,5,3,2
2025-08-02,CLE202508020,MIN,"Clemens, Kody",clemk001,3,0,1B+2B,1B+2B,1,field_out,5,3,2
2025-08-02,CLE202508020,MIN,"Wallner, Matt",wallm001,3,1,1B+2B,1B+2B,1,field_out,5,3,2
2025-08-02,CLE202508020,MIN,"Lewis, Royce",lewir003,3,2,1B+2B,1B+2B,1,double,5,3,2
2025-08-02,CLE202508020,MIN,"Lee, Brooks",lee-b002,3,2,2B+3B,2B+3B,1,field_out,5,4,2
2025-08-02,CLE202508020,MIN,"Julien, Edouard",julie001,3,0,empty,empty,1,strikeout,6,4,4
2025-08-02,CLE202508020,MIN,"Keirsey, DaShawn",keird001,3,1,empty,empty,1,strikeout,6,4,4
2025-08-02,CLE202508020,MIN,"Roden, Alan",rodea001,4,2,empty,empty,1,strikeout,6,4,4
2025-08-02,CLE202508020,MIN,"Larnach, Trevor",larnt001,4,0,empty,empty,1,field_out,7,4,4
2025-08-02,CLE202508020,MIN,"Jeffers, Ryan",jeffr002,4,1,empty,empty,1,strikeout,7,4,4
2025-08-02,CLE202508020,MIN,"Clemens, Kody",clemk001,4,2,empty,empty,1,field_out,7,4,4
2025-08-02,CLE202508020,MIN,"Wallner, Matt",wallm001,4,0,empty,empty,1,strikeout,8,4,4
2025-08-02,CLE202508020,MIN,"Lewis, Royce",lewir003,4,1,empty,empty,1,strikeout,8,4,4
2025-08-02,CLE202508020,MIN,"Lee, Brooks",lee-b002,4,2,empty,empty,1,strikeout,8,4,4
2025-08-02,CLE202508020,MIN,"Julien, Edouard",julie001,4,0,empty,empty,1,double,9,4,5
2025-08-02,CLE202508020,MIN,"Keirsey, DaShawn",keird001,4,0,2B,2B,1,strikeout,9,4,5
2025-08-02,CLE202508020,MIN,"Roden, Alan",rodea001,5,1,2B,2B,1,strikeout,9,4,5
2025-08-02,CLE202508020,MIN,"Larnach, Trevor",larnt001,5,2,2B,2B,1,strikeout,9,4,5
2025-08-03,CLE202508030,MIN,"Martin, Austin",marta007,1,0,empty,empty,1,single,1,0,0
2025-08-03,CLE202508030,MIN,"Jeffers, Ryan",jeffr002,1,0,1B,1B,1,single,1,0,0
2025-08-03,CLE202508030,MIN,"Wallner, Matt",wallm001,1,0,1B+2B,1B+2B,1,single,1,0,0
2025-08-03,CLE202508030,MIN,"Lewis, Royce",lewir003,1,0,1B+2B,1B+2B,1,double,1,1,0
2025-08-03,CLE202508030,MIN,"Clemens, Kody",clemk001,1,0,2B+3B,2B+3B,1,strikeout,1,2,0
2025-08-03,CLE202508030,MIN,"Lee, Brooks",lee-b002,1,1,2B+3B,2B+3B,1,strikeout,1,2,0
2025-08-03,CLE202508030,MIN,"Larnach, Trevor",larnt001,1,2,2B+3B,2B+3B,1,single,1,2,0
2025-08-03,CLE202508030,MIN,"Vazquez, Christian",vazqc001,1,2,1B,1B,1,strikeout,1,4,0
2025-08-03,CLE202508030,MIN,"Julien, Edouard",julie001,1,0,empty,empty,1,field_out,2,4,2
2025-08-03,CLE202508030,MIN,"Martin, Austin",marta007,2,1,empty,empty,1,strikeout,2,4,2
2025-08-03,CLE202508030,MIN,"Jeffers, Ryan",jeffr002,2,2,empty,empty,1,field_out,2,4,2
2025-08-03,CLE202508030,MIN,"Wallner, Matt",wallm001,2,0,empty,empty,1,field_out,3,4,2
2025-08-03,CLE202508030,MIN,"Lewis, Royce",lewir003,2,1,empty,empty,1,field_out,3,4,2
2025-08-03,CLE202508030,MIN,"Clemens, Kody",clemk001,2,2,empty,empty,1,single,3,4,2
2025-08-03,CLE202508030,MIN,"Lee, Brooks",lee-b002,2,2,1B,1B,1,strikeout,3,4,2
2025-08-03,CLE202508030,MIN,"Larnach, Trevor",larnt001,2,0,empty,empty,1,walk,4,4,2
2025-08-03,CLE202508030,MIN,"Vazquez, Christian",vazqc001,2,0,1B,1B,1,strikeout,4,4,2
2025-08-03,CLE202508030,MIN,"Julien, Edouard",julie001,2,1,1B,1B,1,field_out,4,4,2
2025-08-03,CLE202508030,MIN,"Martin, Austin",marta007,3,2,1B,1B,1,strikeout,4,4,2
2025-08-03,CLE202508030,MIN,"Jeffers, Ryan",jeffr002,3,0,empty,empty,1,strikeout,5,4,2
2025-08-03,CLE202508030,MIN,"Wallner, Matt",wallm001,3,1,empty,empty,1,walk,5,4,2
2025-08-03,CLE202508030,MIN,"Lewis, Royce",lewir003,3,1,1B,1B,1,strikeout,5,4,2
2025-08-03,CLE202508030,MIN,"Clemens, Kody",clemk001,3,2,1B,1B,1,field_out,5,4,2
2025-08-03,CLE202508030,MIN,"Lee, Brooks",lee-b002,3,0,empty,empty,1,field_out,6,4,2
2025-08-03,CLE202508030,MIN,"Larnach, Trevor",larnt001,3,1,empty,empty,1,field_out,6,4,2
2025-08-03,CLE202508030,MIN,"Vazquez, Christian",vazqc001,3,2,empty,empty,1,field_out,6,4,2
2025-08-03,CLE202508030,MIN,"Julien, Edouard",julie001,3,0,empty,empty,1,strikeout,7,4,2
2025-08-03,CLE202508030,MIN,"Martin, Austin",marta007,4,1,empty,empty,1,field_out,7,4,2
2025-08-03,CLE202508030,MIN,"Jeffers, Ryan",jeffr002,4,2,empty,empty,1,strikeout,7,4,2
2025-08-03,CLE202508030,MIN,"Wallner, Matt",wallm001,4,0,empty,empty,1,triple,8,4,2
2025-08-03,CLE202508030,MIN,"Lewis, Royce",lewir003,4,0,3B,3B,1,field_out,8,4,2
2025-08-03,CLE202508030,MIN,"Clemens, Kody",clemk001,4,1,3B,3B,1,single,8,4,2
2025-08-03,CLE202508030,MIN,"Lee, Brooks",lee-b002,4,1,1B,1B,1,field_out,8,5,2
2025-08-03,CLE202508030,MIN,"Larnach, Trevor",larnt001,4,2,1B,2B,0,strikeout,8,5,2
2025-08-03,CLE202508030,MIN,"Vazquez, Christian",vazqc001,4,0,empty,empty,1,field_out,9,5,2
2025-08-03,CLE202508030,MIN,"Julien, Edouard",julie001,4,1,empty,empty,1,walk,9,5,2
2025-08-03,CLE202508030,MIN,"Martin, Austin",marta007,5,1,1B,1B,1,field_out,9,5,2
2025-08-03,CLE202508030,MIN,"Jeffers, Ryan",jeffr002,5,2,1B,1B,1,field_out,9,5,2
2025-08-04,DET202508040,MIN,"Martin, Austin",marta007,1,0,empty,empty,1,field_out,1,0,0
2025-08-04,DET202508040,MIN,"Wallner, Matt",wallm001,1,1,empty,empty,1,strikeout,1,0,0
2025-08-04,DET202508040,MIN,"Jeffers, Ryan",jeffr002,1,2,empty,empty,1,home_run,1,0,0
2025-08-04,DET202508040,MIN,"Clemens, Kody",clemk001,1,2,empty,empty,1,field_out,1,1,0
2025-08-04,DET202508040,MIN,"Lewis, Royce",lewir003,1,0,empty,empty,1,field_out,2,1,0
2025-08-04,DET202508040,MIN,"Larnach, Trevor",larnt001,1,1,empty,empty,1,field_out,2,1,0
2025-08-04,DET202508040,MIN,"Roden, Alan",rodea001,1,2,empty,empty,1,strikeout,2,1,0
2025-08-04,DET202508040,MIN,"Lee, Brooks",lee-b002,1,0,empty,empty,1,field_out,3,1,0
2025-08-04,DET202508040,MIN,"Julien, Edouard",julie001,1,1,empty,empty,1,field_out,3,1,0
2025-08-04,DET202508040,MIN,"Martin, Austin",marta007,2,2,empty,empty,1,field_out,3,1,0
2025-08-04,DET202508040,MIN,"Wallner, Matt",wallm001,2,0,empty,empty,1,hit_by_pitch,4,1,0
2025-08-04,DET202508040,MIN,"Jeffers, Ryan",jeffr002,2,0,1B,1B,1,strikeout,4,1,0
2025-08-04,DET202508040,MIN,"Clemens, Kody",clemk001,2,1,1B,1B,1,grounded_into_double_play,4,1,0
2025-08-04,DET202508040,MIN,"Lewis, Royce",lewir003,2,0,empty,empty,1,strikeout,5,1,0
2025-08-04,DET202508040,MIN,"Larnach, Trevor",larnt001,2,1,empty,empty,1,home_run,5,1,0
2025-08-04,DET202508040,MIN,"Roden, Alan",rodea001,2,1,empty,empty,1,field_out,5,2,0
2025-08-04,DET202508040,MIN,"Lee, Brooks",lee-b002,2,2,empty,empty,1,field_out,5,2,0
2025-08-04,DET202508040,MIN,"Julien, Edouard",julie001,2,0,empty,empty,1,single,6,2,2
2025-08-04,DET202508040,MIN,"Martin, Austin",marta007,3,0,1B,1B,1,grounded_into_double_play,6,2,2
2025-08-04,DET202508040,MIN,"Wallner, Matt",wallm001,3,2,empty,empty,1,home_run,6,2,2
2025-08-04,DET202508040,MIN,"Jeffers, Ryan",jeffr002,3,2,empty,empty,1,field_out,6,3,2
2025-08-04,DET202508040,MIN,"Clemens, Kody",clemk001,3,0,empty,empty,1,single,7,3,5
2025-08-04,DET202508040,MIN,"Lewis, Royce",lewir003,3,0,1B,1B,1,grounded_into_double_play,7,3,5
2025-08-04,DET202508040,MIN,"Larnach, Trevor",larnt001,3,2,empty,empty,1,hit_by_pitch,7,3,5
2025-08-04,DET202508040,MIN,"Roden, Alan",rodea001,3,2,1B,1B,1,hit_by_pitch,7,3,5
2025-08-04,DET202508040,MIN,"Lee, Brooks",lee-b002,3,2,1B+2B,1B+2B,1,field_out,7,3,5
2025-08-04,DET202508040,MIN,"Julien, Edouard",julie001,3,0,empty,empty,1,strikeout,8,3,6
2025-08-04,DET202508040,MIN,"Martin, Austin",marta007,4,1,empty,empty,1,field_out,8,3,6
2025-08-04,DET202508040,MIN,"Wallner, Matt",wallm001,4,2,empty,empty,1,walk,8,3,6
2025-08-04,DET202508040,MIN,"Jeffers, Ryan",jeffr002,4,2,1B,1B,1,strikeout,8,3,6
2025-08-04,DET202508040,MIN,"Clemens, Kody",clemk001,4,0,empty,empty,1,field_out,9,3,6
2025-08-04,DET202508040,MIN,"Lewis, Royce",lewir003,4,1,empty,empty,1,single,9,3,6
2025-08-04,DET202508040,MIN,"Larnach, Trevor",larnt001,4,1,1B,1B,1,strikeout,9,3,6
2025-08-04,DET202508040,MIN,"Roden, Alan",rodea001,4,2,1B,1B,1,strikeout,9,3,6
2025-08-05,DET202508050,MIN,"Martin, Austin",marta007,1,0,empty,empty,1,field_out,1,0,0
2025-08-05,DET202508050,MIN,"Wallner, Matt",wallm001,1,1,empty,empty,1,field_out,1,0,0
2025-08-05,DET202508050,MIN,"Jeffers, Ryan",jeffr002,1,2,empty,empty,1,double,1,0,0
2025-08-05,DET202508050,MIN,"Clemens, Kody",clemk001,1,2,2B,2B,1,double,1,0,0
2025-08-05,DET202508050,MIN,"Keaschall, Luke",keasl001,1,2,2B,2B,1,home_run,1,1,0
2025-08-05,DET202508050,MIN,"Lewis, Royce",lewir003,1,2,empty,empty,1,field_out,1,3,0
2025-08-05,DET202508050,MIN,"Larnach, Trevor",larnt001,1,0,empty,empty,1,single,2,3,0
2025-08-05,DET202508050,MIN,"Lee, Brooks",lee-b002,1,0,1B,1B,1,field_out,2,3,0
2025-08-05,DET202508050,MIN,"Vazquez, Christian",vazqc001,1,1,1B,1B,1,field_out,2,3,0
2025-08-05,DET202508050,MIN,"Martin, Austin",marta007,2,2,1B,1B,1,field_out,2,3,0
2025-08-05,DET202508050,MIN,"Wallner, Matt",wallm001,2,0,empty,empty,1,field_out,3,3,0
2025-08-05,DET202508050,MIN,"Jeffers, Ryan",jeffr002,2,1,empty,empty,1,field_out,3,3,0
2025-08-05,DET202508050,MIN,"Clemens, Kody",clemk001,2,2,empty,empty,1,double,3,3,0
2025-08-05,DET202508050,MIN,"Keaschall, Luke",keasl001,2,2,2B,2B,1,field_out,3,3,0
2025-08-05,DET202508050,MIN,"Lewis, Royce",lewir003,2,0,empty,empty,1,field_out,4,3,1
2025-08-05,DET202508050,MIN,"Larnach, Trevor",larnt001,2,1,empty,empty,1,home_run,4,3,1
2025-08-05,DET202508050,MIN,"Lee, Brooks",lee-b002,2,1,empty,empty,1,field_out,4,4,1
2025-08-05,DET202508050,MIN,"Vazquez, Christian",vazqc001,2,2,empty,empty,1,field_out,4,4,1
2025-08-05,DET202508050,MIN,"Martin, Austin",marta007,3,0,empty,empty,1,field_out,5,4,1
2025-08-05,DET202508050,MIN,"Wallner, Matt",wallm001,3,1,empty,empty,1,walk,5,4,1
2025-08-05,DET202508050,MIN,"Jeffers, Ryan",jeffr002,3,1,1B,1B,1,double,5,4,1
2025-08-05,DET202508050,MIN,"Clemens, Kody",clemk001,3,1,2B,2B,1,field_out,5,5,1
2025-08-05,DET202508050,MIN,"Keaschall, Luke",keasl001,3,2,2B,2B,1,single,5,5,1
2025-08-05,DET202508050,MIN,"Lewis, Royce",lewir003,3,0,1B,empty,0,field_out,6,6,1
2025-08-05,DET202508050,MIN,"Larnach, Trevor",larnt001,3,1,empty,empty,1,field_out,6,6,1
2025-08-05,DET202508050,MIN,"Lee, Brooks",lee-b002,3,2,empty,empty,1,field_out,6,6,1
2025-08-05,DET202508050,MIN,"Vazquez, Christian",vazqc001,3,0,empty,empty,1,walk,7,6,1
2025-08-05,DET202508050,MIN,"Martin, Austin",marta007,4,0,1B,1B,1,field_out,7,6,1
2025-08-05,DET202508050,MIN,"Wallner, Matt",wallm001,4,1,1B,2B,0,walk,7,6,1
2025-08-05,DET202508050,MIN,"Jeffers, Ryan",jeffr002,4,1,1B+2B,1B+2B,1,strikeout,7,6,1
2025-08-05,DET202508050,MIN,"Clemens, Kody",clemk001,4,0,1B+2B,empty,0,single,8,6,1
2025-08-05,DET202508050,MIN,"Keaschall, Luke",keasl001,4,0,1B,1B,1,grounded_into_double_play,8,6,1
2025-08-05,DET202508050,MIN,"Lewis, Royce",lewir003,4,2,empty,empty,1,walk,8,6,1
2025-08-05,DET202508050,MIN,"Larnach, Trevor",larnt001,4,2,1B,1B,1,field_out,8,6,1
2025-08-05,DET202508050,MIN,"Lee, Brooks",lee-b002,4,0,empty,empty,1,walk,9,6,3
2025-08-05,DET202508050,MIN,"Vazquez, Christian",vazqc001,4,0,1B,1B,1,fielders_choice,9,6,3
2025-08-05,DET202508050,MIN,"Martin, Austin",marta007,5,0,1B+2B,1B+2B,1,sac_bunt,9,6,3
2025-08-05,DET202508050,MIN,"Wallner, Matt",wallm001,5,1,2B+3B,2B+3B,1,field_out,9,6,3
2025-08-05,DET202508050,MIN,"Jeffers, Ryan",jeffr002,5,2,2B+3B,2B+3B,1,strikeout,9,6,3
2025-08-06,DET202508060,MIN,"Roden, Alan",rodea001,1,0,empty,empty,1,single,1,0,0
2025-08-06,DET202508060,MIN,"Wallner, Matt",wallm001,1,0,1B,1B,1,single,1,0,0
2025-08-06,DET202508060,MIN,"Jeffers, Ryan",jeffr002,1,0,1B+2B,1B+2B,1,strikeout,1,0,0
2025-08-06,DET202508060,MIN,"Clemens, Kody",clemk001,1,1,1B+2B,1B+2B,1,strikeout,1,0,0
2025-08-06,DET202508060,MIN,"Keaschall, Luke",keasl001,1,2,1B+2B,1B+2B,1,double,1,0,0
2025-08-06,DET202508060,MIN,"Lewis, Royce",lewir003,1,2,2B,2B,1,field_out,1,2,0
2025-08-06,DET202508060,MIN,"Lee, Brooks",lee-b002,1,0,empty,empty,1,single,2,2,0
2025-08-06,DET202508060,MIN,"Julien, Edouard",julie001,1,0,1B,1B,1,single,2,2,0
2025-08-06,DET202508060,MIN,"Gasper, Mickey",gaspm001,1,0,1B+3B,1B+3B,1,field_out,2,2,0
2025-08-06,DET202508060,MIN,"Roden, Alan",rodea001,2,1,1B+3B,2B,0,field_out,2,3,0
2025-08-06,DET202508060,MIN,"Wallner, Matt",wallm001,2,2,2B,2B,1,field_out,2,3,0
2025-08-06,DET202508060,MIN,"Jeffers, Ryan",jeffr002,2,0,empty,empty,1,field_out,3,3,1
2025-08-06,DET202508060,MIN,"Clemens, Kody",clemk001,2,1,empty,empty,1,field_out,3,3,1
2025-08-06,DET202508060,MIN,"Keaschall, Luke",keasl001,2,2,empty,empty,1,field_out,3,3,1
2025-08-06,DET202508060,MIN,"Lewis, Royce",lewir003,2,0,empty,empty,1,strikeout,4,3,4
2025-08-06,DET202508060,MIN,"Lee, Brooks",lee-b002,2,1,empty,empty,1,home_run,4,3,4
2025-08-06,DET202508060,MIN,"Julien, Edouard",julie001,2,1,empty,empty,1,walk,4,4,4
2025-08-06,DET202508060,MIN,"Gasper, Mickey",gaspm001,2,1,1B,1B,1,field_out,4,4,4
2025-08-06,DET202508060,MIN,"Roden, Alan",rodea001,3,2,1B,1B,1,field_out,4,4,4
2025-08-06,DET202508060,MIN,"Wallner, Matt",wallm001,3,0,empty,empty,1,field_error,5,4,4
2025-08-06,DET202508060,MIN,"Jeffers, Ryan",jeffr002,3,0,1B,1B,1,double,5,4,4
2025-08-06,DET202508060,MIN,"Clemens, Kody",clemk001,3,0,2B,2B,1,field_out,5,5,4
2025-08-06,DET202508060,MIN,"Keaschall, Luke",keasl001,3,1,3B,3B,1,double,5,5,4
2025-08-06,DET202508060,MIN,"Lewis, Royce",lewir003,3,1,2B,2B,1,field_out,5,6,4
2025-08-06,DET202508060,MIN,"Lee, Brooks",lee-b002,3,2,2B,2B,1,field_out,5,6,4
2025-08-06,DET202508060,MIN,"Martin, Austin",marta007,1,0,empty,empty,1,home_run,6,6,4
2025-08-06,DET202508060,MIN,"Gasper, Mickey",gaspm001,3,0,empty,empty,1,field_out,6,7,4
2025-08-06,DET202508060,MIN,"Roden, Alan",rodea001,4,1,empty,empty,1,home_run,6,7,4
2025-08-06,DET202508060,MIN,"Wallner, Matt",wallm001,4,1,empty,empty,1,field_out,6,8,4
2025-08-06,DET202508060,MIN,"Jeffers, Ryan",jeffr002,4,2,empty,empty,1,single,6,8,4
2025-08-06,DET202508060,MIN,"Clemens, Kody",clemk001,4,2,1B,1B,1,field_out,6,8,4
2025-08-06,DET202508060,MIN,"Keaschall, Luke",keasl001,4,0,empty,empty,1,field_out,7,8,4
2025-08-06,DET202508060,MIN,"Lewis, Royce",lewir003,4,1,empty,empty,1,walk,7,8,4
2025-08-06,DET202508060,MIN,"Lee, Brooks",lee-b002,4,1,1B,1B,1,walk,7,8,4
2025-08-06,DET202508060,MIN,"Martin, Austin",marta007,2,1,1B+2B,1B+2B,1,walk,7,8,4
2025-08-06,DET202508060,MIN,"Gasper, Mickey",gaspm001,4,1,1B+2B+3B,1B+2B+3B,1,field_out,7,8,4
2025-08-06,DET202508060,MIN,"Roden, Alan",rodea001,5,2,2B+3B,2B+3B,1,field_out,7,9,4
2025-08-06,DET202508060,MIN,"Wallner, Matt",wallm001,5,0,empty,empty,1,strikeout,8,9,4
2025-08-06,DET202508060,MIN,"Jeffers, Ryan",jeffr002,5,1,empty,empty,1,hit_by_pitch,8,9,4
2025-08-06,DET202508060,MIN,"Clemens, Kody",clemk001,5,1,1B,1B,1,grounded_into_double_play,8,9,4
2025-08-06,DET202508060,MIN,"Keaschall, Luke",keasl001,5,0,empty,empty,1,field_out,9,9,4
2025-08-06,DET202508060,MIN,"Lewis, Royce",lewir003,5,1,empty,empty,1,field_out,9,9,4
2025-08-06,DET202508060,MIN,"Lee, Brooks",lee-b002,5,2,empty,empty,1,field_out,9,9,4
2025-08-08,MIN202508080,MIN,"Roden, Alan",rodea001,1,0,empty,empty,1,field_out,1,0,1
2025-08-08,MIN202508080,MIN,"Wallner, Matt",wallm001,1,1,empty,empty,1,home_run,1,0,1
2025-08-08,MIN202508080,MIN,"Jeffers, Ryan",jeffr002,1,1,empty,empty,1,walk,1,1,1
2025-08-08,MIN202508080,MIN,"Clemens, Kody",clemk001,1,1,1B,1B,1,single,1,1,1
2025-08-08,MIN202508080,MIN,"Keaschall, Luke",keasl001,1,1,1B+3B,1B+3B,1,single,1,1,1
2025-08-08,MIN202508080,MIN,"Lewis, Royce",lewir003,1,1,1B+3B,1B+3B,1,fielders_choice,1,2,1
2025-08-08,MIN202508080,MIN,"Lee, Brooks",lee-b002,1,1,1B+2B,1B+2B,1,field_out,1,3,1
2025-08-08,MIN202508080,MIN,"Julien, Edouard",julie001,1,2,2B+3B,2B+3B,1,field_out,1,3,1
2025-08-08,MIN202508080,MIN,"Gasper, Mickey",gaspm001,1,0,empty,empty,1,walk,2,3,1
2025-08-08,MIN202508080,MIN,"Roden, Alan",rodea001,2,0,1B,1B,1,single,2,3,1
2025-08-08,MIN202508080,MIN,"Wallner, Matt",wallm001,2,0,1B+2B,1B+2B,1,strikeout,2,3,1
2025-08-08,MIN202508080,MIN,"Jeffers, Ryan",jeffr002,2,1,1B+2B,1B+2B,1,single,2,3,1
2025-08-08,MIN202508080,MIN,"Clemens, Kody",clemk001,2,1,1B+2B,1B+2B,1,field_out,2,4,1
2025-08-08,MIN202508080,MIN,"Keaschall, Luke",keasl001,2,2,1B+2B,1B+2B,1,single,2,4,1
2025-08-08,MIN202508080,MIN,"Lewis, Royce",lewir003,2,2,1B+2B,1B+2B,1,field_out,2,5,1
2025-08-08,MIN202508080,MIN,"Lee, Brooks",lee-b002,2,0,empty,empty,1,single,3,5,1
2025-08-08,MIN202508080,MIN,"Julien, Edouard",julie001,2,0,1B,1B,1,grounded_into_double_play,3,5,1
2025-08-08,MIN202508080,MIN,"Gasper, Mickey",gaspm001,2,2,empty,empty,1,field_out,3,5,1
2025-08-08,MIN202508080,MIN,"Roden, Alan",rodea001,3,0,empty,empty,1,field_out,4,5,1
2025-08-08,MIN202508080,MIN,"Wallner, Matt",wallm001,3,1,empty,empty,1,field_out,4,5,1
2025-08-08,MIN202508080,MIN,"Jeffers, Ryan",jeffr002,3,2,empty,empty,1,single,4,5,1
2025-08-08,MIN202508080,MIN,"Clemens, Kody",clemk001,3,2,1B,1B,1,home_run,4,5,1
2025-08-08,MIN202508080,MIN,"Keaschall, Luke",keasl001,3,2,empty,empty,1,field_out,4,7,1
2025-08-08,MIN202508080,MIN,"Lewis, Royce",lewir003,3,0,empty,empty,1,field_out,5,7,1
2025-08-08,MIN202508080,MIN,"Lee, Brooks",lee-b002,3,1,empty,empty,1,single,5,7,1
2025-08-08,MIN202508080,MIN,"Martin, Austin",marta007,1,1,1B,1B,1,field_out,5,7,1
2025-08-08,MIN202508080,MIN,"Gasper, Mickey",gaspm001,3,2,1B,1B,1,field_out,5,7,1
2025-08-08,MIN202508080,MIN,"Roden, Alan",rodea001,4,0,empty,empty,1,single,6,7,2
2025-08-08,MIN202508080,MIN,"Wallner, Matt",wallm001,4,0,1B,1B,1,double,6,7,2
2025-08-08,MIN202508080,MIN,"Jeffers, Ryan",jeffr002,4,0,2B+3B,2B+3B,1,single,6,7,2
2025-08-08,MIN202508080,MIN,"Clemens, Kody",clemk001,4,0,1B+3B,1B+3B,1,fielders_choice_out,6,8,2
2025-08-08,MIN202508080,MIN,"Keaschall, Luke",keasl001,4,1,1B+2B,1B+2B,1,field_out,6,8,2
2025-08-08,MIN202508080,MIN,"Lewis, Royce",lewir003,4,2,1B+2B,1B+2B,1,double,6,8,2
2025-08-08,MIN202508080,MIN,"Lee, Brooks",lee-b002,4,0,empty,empty,1,field_out,7,9,2
2025-08-08,MIN202508080,MIN,"Martin, Austin",marta007,2,1,empty,empty,1,walk,7,9,2
2025-08-08,MIN202508080,MIN,"Gasper, Mickey",gaspm001,4,1,1B,1B,1,strikeout,7,9,2
2025-08-08,MIN202508080,MIN,"Roden, Alan",rodea001,5,2,1B,1B,1,field_out,7,9,2
2025-08-08,MIN202508080,MIN,"Wallner, Matt",wallm001,5,0,empty,empty,1,field_out,8,9,3
2025-08-08,MIN202508080,MIN,"Jeffers, Ryan",jeffr002,5,1,empty,empty,1,strikeout,8,9,3
2025-08-08,MIN202508080,MIN,"Clemens, Kody",clemk001,5,2,empty,empty,1,field_out,8,9,3
2025-08-09,MIN202508090,MIN,"Martin, Austin",marta007,1,0,empty,empty,1,single,1,0,0
2025-08-09,MIN202508090,MIN,"Jeffers, Ryan",jeffr002,1,0,1B,2B,0,strikeout,1,0,0
2025-08-09,MIN202508090,MIN,"Keaschall, Luke",keasl001,1,1,2B,2B,1,field_out,1,0,0
2025-08-09,MIN202508090,MIN,"Lewis, Royce",lewir003,1,2,3B,3B,1,strikeout,1,0,0
2025-08-09,MIN202508090,MIN,"Clemens, Kody",clemk001,1,0,empty,empty,1,field_out,2,0,0
2025-08-09,MIN202508090,MIN,"McCusker, Carson",mccuc001,1,1,empty,empty,1,single,2,0,0
2025-08-09,MIN202508090,MIN,"Lee, Brooks",lee-b002,1,1,1B,1B,1,field_out,2,0,0
2025-08-09,MIN202508090,MIN,"Gasper, Mickey",gaspm001,1,2,2B,2B,1,walk,2,0,0
2025-08-09,MIN202508090,MIN,"Roden, Alan",rodea001,1,2,1B+2B,1B+2B,1,strikeout,2,0,0
2025-08-09,MIN202508090,MIN,"Martin, Austin",marta007,2,0,empty,empty,1,single,3,0,1
2025-08-09,MIN202508090,MIN,"Jeffers, Ryan",jeffr002,2,0,1B,1B,1,single,3,0,1
2025-08-09,MIN202508090,MIN,"Keaschall, Luke",keasl001,2,0,1B+2B,1B+2B,1,field_out,3,0,1
2025-08-09,MIN202508090,MIN,"Lewis, Royce",lewir003,2,1,1B+3B,1B+3B,1,grounded_into_double_play,3,0,1
2025-08-09,MIN202508090,MIN,"Clemens, Kody",clemk001,2,0,empty,empty,1,walk,4,0,1
2025-08-09,MIN202508090,MIN,"McCusker, Carson",mccuc001,2,0,1B,1B,1,field_out,4,0,1
2025-08-09,MIN202508090,MIN,"Lee, Brooks",lee-b002,2,1,1B,1B,1,field_out,4,0,1
2025-08-09,MIN202508090,MIN,"Gasper, Mickey",gaspm001,2,2,2B,2B,1,field_out,4,0,1
2025-08-09,MIN202508090,MIN,"Roden, Alan",rodea001,2,0,empty,empty,1,hit_by_pitch,5,0,1
2025-08-09,MIN202508090,MIN,"Martin, Austin",marta007,3,0,1B,1B,1,field_out,5,0,1
2025-08-09,MIN202508090,MIN,"Jeffers, Ryan",jeffr002,3,1,1B,1B,1,single,5,0,1
2025-08-09,MIN202508090,MIN,"Keaschall, Luke",keasl001,3,1,1B+2B,1B+2B,1,field_out,5,0,1
2025-08-09,MIN202508090,MIN,"Lewis, Royce",lewir003,3,2,1B+3B,1B+3B,1,field_out,5,0,1
2025-08-09,MIN202508090,MIN,"Clemens, Kody",clemk001,3,0,empty,empty,1,field_out,6,0,1
2025-08-09,MIN202508090,MIN,"McCusker, Carson",mccuc001,3,1,empty,empty,1,strikeout,6,0,1
2025-08-09,MIN202508090,MIN,"Lee, Brooks",lee-b002,3,2,empty,empty,1,single,6,0,1
2025-08-09,MIN202508090,MIN,"Gasper, Mickey",gaspm001,3,2,1B,1B,1,strikeout,6,0,1
2025-08-09,MIN202508090,MIN,"Roden, Alan",rodea001,3,0,empty,empty,1,field_out,7,0,1
2025-08-09,MIN202508090,MIN,"Martin, Austin",marta007,4,1,empty,empty,1,field_out,7,0,1
2025-08-09,MIN202508090,MIN,"Jeffers, Ryan",jeffr002,4,2,empty,empty,1,single,7,0,1
2025-08-09,MIN202508090,MIN,"Keaschall, Luke",keasl001,4,2,1B,1B,1,single,7,0,1
2025-08-09,MIN202508090,MIN,"Lewis, Royce",lewir003,4,2,1B+2B,1B+2B,1,strikeout,7,0,1
2025-08-09,MIN202508090,MIN,"Clemens, Kody",clemk001,4,0,empty,empty,1,strikeout,8,0,1
2025-08-09,MIN202508090,MIN,"Larnach, Trevor",larnt001,1,1,empty,empty,1,field_out,8,0,1
2025-08-09,MIN202508090,MIN,"Lee, Brooks",lee-b002,4,2,empty,empty,1,field_out,8,0,1
2025-08-09,MIN202508090,MIN,"Gasper, Mickey",gaspm001,4,0,empty,empty,1,strikeout,9,0,2
2025-08-09,MIN202508090,MIN,"Roden, Alan",rodea001,4,1,empty,empty,1,field_out,9,0,2
2025-08-09,MIN202508090,MIN,"Martin, Austin",marta007,5,2,empty,empty,1,strikeout,9,0,2
2025-08-10,MIN202508100,MIN,"Martin, Austin",marta007,1,0,empty,empty,1,field_out,1,0,1
2025-08-10,MIN202508100,MIN,"Clemens, Kody",clemk001,1,1,empty,empty,1,field_out,1,0,1
2025-08-10,MIN202508100,MIN,"Jeffers, Ryan",jeffr002,1,2,empty,empty,1,field_out,1,0,1
2025-08-10,MIN202508100,MIN,"Keaschall, Luke",keasl001,1,0,empty,empty,1,single,2,0,1
2025-08-10,MIN202508100,MIN,"Roden, Alan",rodea001,1,0,1B,1B,1,strikeout,2,0,1
2025-08-10,MIN202508100,MIN,"Larnach, Trevor",larnt001,1,1,1B,1B,1,field_out,2,0,1
2025-08-10,MIN202508100,MIN,"Lee, Brooks",lee-b002,1,2,1B,1B,1,field_out,2,0,1
2025-08-10,MIN202508100,MIN,"Gasper, Mickey",gaspm001,1,0,empty,empty,1,walk,3,0,1
2025-08-10,MIN202508100,MIN,"Fitzgerald, Ryan",fitzr001,1,0,1B,1B,1,home_run,3,0,1
2025-08-10,MIN202508100,MIN,"Martin, Austin",marta007,2,0,empty,empty,1,field_out,3,2,1
2025-08-10,MIN202508100,MIN,"Clemens, Kody",clemk001,2,1,empty,empty,1,field_out,3,2,1
2025-08-10,MIN202508100,MIN,"Jeffers, Ryan",jeffr002,2,2,empty,empty,1,strikeout,3,2,1
2025-08-10,MIN202508100,MIN,"Keaschall, Luke",keasl001,2,0,empty,empty,1,strikeout,4,2,1
2025-08-10,MIN202508100,MIN,"Roden, Alan",rodea001,2,1,empty,empty,1,strikeout,4,2,1
2025-08-10,MIN202508100,MIN,"Larnach, Trevor",larnt001,2,2,empty,empty,1,strikeout,4,2,1
2025-08-10,MIN202508100,MIN,"Lee, Brooks",lee-b002,2,0,empty,empty,1,field_out,5,2,1
2025-08-10,MIN202508100,MIN,"Gasper, Mickey",gaspm001,2,1,empty,empty,1,strikeout,5,2,1
2025-08-10,MIN202508100,MIN,"Fitzgerald, Ryan",fitzr001,2,2,empty,empty,1,single,5,2,1
2025-08-10,MIN202508100,MIN,"Martin, Austin",marta007,3,2,1B,1B,1,field_out,5,2,1
2025-08-10,MIN202508100,MIN,"Clemens, Kody",clemk001,3,0,empty,empty,1,strikeout,6,2,1
2025-08-10,MIN202508100,MIN,"Jeffers, Ryan",jeffr002,3,1,empty,empty,1,strikeout,6,2,1
2025-08-10,MIN202508100,MIN,"Keaschall, Luke",keasl001,3,2,empty,empty,1,double,6,2,1
2025-08-10,MIN202508100,MIN,"Roden, Alan",rodea001,3,2,2B,2B,1,field_out,6,2,1
2025-08-10,MIN202508100,MIN,"Larnach, Trevor",larnt001,3,0,empty,empty,1,strikeout,7,2,3
2025-08-10,MIN202508100,MIN,"Lee, Brooks",lee-b002,3,1,empty,empty,1,strikeout,7,2,3
2025-08-10,MIN202508100,MIN,"Gasper, Mickey",gaspm001,3,2,empty,empty,1,field_out,7,2,3
2025-08-10,MIN202508100,MIN,"Fitzgerald, Ryan",fitzr001,3,0,empty,empty,1,field_out,8,2,3
2025-08-10,MIN202508100,MIN,"Martin, Austin",marta007,4,1,empty,empty,1,triple,8,2,3
2025-08-10,MIN202508100,MIN,"Clemens, Kody",clemk001,4,1,3B,3B,1,field_out,8,2,3
2025-08-10,MIN202508100,MIN,"Jeffers, Ryan",jeffr002,4,2,3B,3B,1,single,8,2,3
2025-08-10,MIN202508100,MIN,"Keaschall, Luke",keasl001,4,2,1B,1B,1,field_out,8,3,3
2025-08-10,MIN202508100,MIN,"Julien, Edouard",julie001,1,0,empty,empty,1,field_out,9,3,3
2025-08-10,MIN202508100,MIN,"Larnach, Trevor",larnt001,4,1,empty,empty,1,field_out,9,3,3
2025-08-10,MIN202508100,MIN,"Lee, Brooks",lee-b002,4,2,empty,empty,1,field_out,9,3,3
2025-08-10,MIN202508100,MIN,"Gasper, Mickey",gaspm001,4,0,2B,2B,1,strikeout,10,3,3
2025-08-10,MIN202508100,MIN,"Fitzgerald, Ryan",fitzr001,4,1,2B,2B,1,field_out,10,3,3
2025-08-10,MIN202508100,MIN,"Martin, Austin",marta007,5,2,2B,2B,1,strikeout,10,3,3
2025-08-10,MIN202508100,MIN,"Clemens, Kody",clemk001,5,0,2B,2B,1,intent_walk,11,3,3
2025-08-10,MIN202508100,MIN,"Jeffers, Ryan",jeffr002,5,0,1B+2B,1B+2B,1,double_play,11,3,3
2025-08-10,MIN202508100,MIN,"Keaschall, Luke",keasl001,5,2,1B,1B,1,home_run,11,3,3
2025-08-11,NYA202508110,MIN,"Buxton, Byron",buxtb001,1,0,empty,empty,1,strikeout,1,0,0
2025-08-11,NYA202508110,MIN,"Clemens, Kody",clemk001,1,1,empty,empty,1,field_out,1,0,0
2025-08-11,NYA202508110,MIN,"Jeffers, Ryan",jeffr002,1,2,empty,empty,1,strikeout,1,0,0
2025-08-11,NYA202508110,MIN,"Keaschall, Luke",keasl001,1,0,empty,empty,1,strikeout,2,0,1
2025-08-11,NYA202508110,MIN,"Larnach, Trevor",larnt001,1,1,empty,empty,1,strikeout,2,0,1
2025-08-11,NYA202508110,MIN,"Lee, Brooks",lee-b002,1,2,empty,empty,1,strikeout,2,0,1
2025-08-11,NYA202508110,MIN,"Lewis, Royce",lewir003,1,0,empty,empty,1,single,3,0,1
2025-08-11,NYA202508110,MIN,"Julien, Edouard",julie001,1,0,1B,1B,1,field_out,3,0,1
2025-08-11,NYA202508110,MIN,"Fitzgerald, Ryan",fitzr001,1,1,2B,2B,1,field_out,3,0,1
2025-08-11,NYA202508110,MIN,"Buxton, Byron",buxtb001,2,2,3B,3B,1,strikeout,3,0,1
2025-08-11,NYA202508110,MIN,"Clemens, Kody",clemk001,2,0,empty,empty,1,field_out,4,0,3
2025-08-11,NYA202508110,MIN,"Jeffers, Ryan",jeffr002,2,1,empty,empty,1,field_out,4,0,3
2025-08-11,NYA202508110,MIN,"Keaschall, Luke",keasl001,2,2,empty,empty,1,field_out,4,0,3
2025-08-11,NYA202508110,MIN,"Larnach, Trevor",larnt001,2,0,empty,empty,1,field_out,5,0,3
2025-08-11,NYA202508110,MIN,"Lee, Brooks",lee-b002,2,1,empty,empty,1,field_out,5,0,3
2025-08-11,NYA202508110,MIN,"Lewis, Royce",lewir003,2,2,empty,empty,1,field_out,5,0,3
2025-08-11,NYA202508110,MIN,"Julien, Edouard",julie001,2,0,empty,empty,1,field_out,6,0,3
2025-08-11,NYA202508110,MIN,"Fitzgerald, Ryan",fitzr001,2,1,empty,empty,1,field_out,6,0,3
2025-08-11,NYA202508110,MIN,"Buxton, Byron",buxtb001,3,2,empty,empty,1,home_run,6,0,3
2025-08-11,NYA202508110,MIN,"Clemens, Kody",clemk001,3,2,empty,empty,1,strikeout,6,1,3
2025-08-11,NYA202508110,MIN,"Jeffers, Ryan",jeffr002,3,0,empty,empty,1,field_out,7,1,3
2025-08-11,NYA202508110,MIN,"Keaschall, Luke",keasl001,3,1,empty,empty,1,field_out,7,1,3
2025-08-11,NYA202508110,MIN,"Larnach, Trevor",larnt001,3,2,empty,empty,1,home_run,7,1,3
2025-08-11,NYA202508110,MIN,"Lee, Brooks",lee-b002,3,2,empty,empty,1,field_out,7,2,3
2025-08-11,NYA202508110,MIN,"Lewis, Royce",lewir003,3,0,empty,empty,1,strikeout,8,2,5
2025-08-11,NYA202508110,MIN,"Julien, Edouard",julie001,3,1,empty,empty,1,field_out,8,2,5
2025-08-11,NYA202508110,MIN,"Martin, Austin",marta007,1,2,empty,empty,1,strikeout,8,2,5
2025-08-11,NYA202508110,MIN,"Buxton, Byron",buxtb001,4,0,empty,empty,1,strikeout,9,2,6
2025-08-11,NYA202508110,MIN,"Clemens, Kody",clemk001,4,1,empty,empty,1,field_out,9,2,6
2025-08-11,NYA202508110,MIN,"Jeffers, Ryan",jeffr002,4,2,empty,empty,1,strikeout,9,2,6
2025-08-12,NYA202508120,MIN,"Martin, Austin",marta007,1,0,empty,empty,1,single,1,0,0
2025-08-12,NYA202508120,MIN,"Buxton, Byron",buxtb001,1,0,1B,2B,0,walk,1,0,0
2025-08-12,NYA202508120,MIN,"Jeffers, Ryan",jeffr002,1,0,1B+2B,1B+2B,1,hit_by_pitch,1,0,0
2025-08-12,NYA202508120,MIN,"Keaschall, Luke",keasl001,1,0,1B+2B+3B,1B+2B+3B,1,strikeout,1,0,0
2025-08-12,NYA202508120,MIN,"Lewis, Royce",lewir003,1,1,1B+2B+3B,1B+2B+3B,1,field_out,1,0,0
2025-08-12,NYA202508120,MIN,"Clemens, Kody",clemk001,1,2,1B+3B,1B+3B,1,strikeout,1,1,0
2025-08-12,NYA202508120,MIN,"Gasper, Mickey",gaspm001,1,0,empty,empty,1,field_out,2,1,1
2025-08-12,NYA202508120,MIN,"Julien, Edouard",julie001,1,1,empty,empty,1,field_out,2,1,1
2025-08-12,NYA202508120,MIN,"Fitzgerald, Ryan",fitzr001,1,2,empty,empty,1,strikeout,2,1,1
2025-08-12,NYA202508120,MIN,"Martin, Austin",marta007,2,0,empty,empty,1,field_out,3,1,4
2025-08-12,NYA202508120,MIN,"Buxton, Byron",buxtb001,2,1,empty,empty,1,field_out,3,1,4
2025-08-12,NYA202508120,MIN,"Jeffers, Ryan",jeffr002,2,2,empty,empty,1,field_out,3,1,4
2025-08-12,NYA202508120,MIN,"Keaschall, Luke",keasl001,2,0,empty,empty,1,field_out,4,1,4
2025-08-12,NYA202508120,MIN,"Lewis, Royce",lewir003,2,1,empty,empty,1,strikeout,4,1,4
2025-08-12,NYA202508120,MIN,"Clemens, Kody",clemk001,2,2,empty,empty,1,field_out,4,1,4
2025-08-12,NYA202508120,MIN,"Gasper, Mickey",gaspm001,2,0,empty,empty,1,field_out,5,1,4
2025-08-12,NYA202508120,MIN,"Julien, Edouard",julie001,2,1,empty,empty,1,strikeout,5,1,4
2025-08-12,NYA202508120,MIN,"Fitzgerald, Ryan",fitzr001,2,2,empty,empty,1,field_out,5,1,4
2025-08-12,NYA202508120,MIN,"Martin, Austin",marta007,3,0,empty,empty,1,field_out,6,1,5
2025-08-12,NYA202508120,MIN,"Buxton, Byron",buxtb001,3,1,empty,empty,1,field_out,6,1,5
2025-08-12,NYA202508120,MIN,"Jeffers, Ryan",jeffr002,3,2,empty,empty,1,walk,6,1,5
2025-08-12,NYA202508120,MIN,"Keaschall, Luke",keasl001,3,2,1B,1B,1,field_out,6,1,5
2025-08-12,NYA202508120,MIN,"Lewis, Royce",lewir003,3,0,empty,empty,1,field_out,7,1,5
2025-08-12,NYA202508120,MIN,"Clemens, Kody",clemk001,3,1,empty,empty,1,field_out,7,1,5
2025-08-12,NYA202508120,MIN,"Gasper, Mickey",gaspm001,3,2,empty,empty,1,field_out,7,1,5
2025-08-12,NYA202508120,MIN,"Julien, Edouard",julie001,3,0,empty,empty,1,strikeout,8,1,8
2025-08-12,NYA202508120,MIN,"Fitzgerald, Ryan",fitzr001,3,1,empty,empty,1,field_out,8,1,8
2025-08-12,NYA202508120,MIN,"Martin, Austin",marta007,4,2,empty,empty,1,field_out,8,1,8
2025-08-12,NYA202508120,MIN,"Roden, Alan",rodea001,1,0,empty,empty,1,strikeout,9,1,9
2025-08-12,NYA202508120,MIN,"Wallner, Matt",wallm001,1,1,empty,empty,1,strikeout,9,1,9
2025-08-12,NYA202508120,MIN,"Keaschall, Luke",keasl001,4,2,empty,empty,1,field_out,9,1,9
2025-08-13,NYA202508130,MIN,"Larnach, Trevor",larnt001,1,0,empty,empty,1,field_out,1,0,0
2025-08-13,NYA202508130,MIN,"Buxton, Byron",buxtb001,1,1,empty,empty,1,field_out,1,0,0
2025-08-13,NYA202508130,MIN,"Keaschall, Luke",keasl001,1,2,empty,empty,1,field_out,1,0,0
2025-08-13,NYA202508130,MIN,"Clemens, Kody",clemk001,1,0,empty,empty,1,field_out,2,0,0
2025-08-13,NYA202508130,MIN,"Jeffers, Ryan",jeffr002,1,1,empty,empty,1,field_out,2,0,0
2025-08-13,NYA202508130,MIN,"Wallner, Matt",wallm001,1,2,empty,empty,1,strikeout,2,0,0
2025-08-13,NYA202508130,MIN,"Lewis, Royce",lewir003,1,0,empty,empty,1,strikeout,3,0,0
2025-08-13,NYA202508130,MIN,"Roden, Alan",rodea001,1,1,empty,empty,1,strikeout,3,0,0
2025-08-13,NYA202508130,MIN,"Lee, Brooks",lee-b002,1,2,empty,empty,1,field_out,3,0,0
2025-08-13,NYA202508130,MIN,"Larnach, Trevor",larnt001,2,0,empty,empty,1,walk,4,0,1
2025-08-13,NYA202508130,MIN,"Buxton, Byron",buxtb001,2,0,1B,1B,1,double,4,0,1
2025-08-13,NYA202508130,MIN,"Keaschall, Luke",keasl001,2,0,2B+3B,2B+3B,1,field_out,4,0,1
2025-08-13,NYA202508130,MIN,"Clemens, Kody",clemk001,2,1,3B,3B,1,strikeout,4,1,1
2025-08-13,NYA202508130,MIN,"Jeffers, Ryan",jeffr002,2,2,3B,3B,1,walk,4,1,1
2025-08-13,NYA202508130,MIN,"Wallner, Matt",wallm001,2,2,1B+3B,1B+3B,1,field_out,4,1,1
2025-08-13,NYA202508130,MIN,"Lewis, Royce",lewir003,2,0,empty,empty,1,strikeout,5,1,1
2025-08-13,NYA202508130,MIN,"Roden, Alan",rodea001,2,1,empty,empty,1,single,5,1,1
2025-08-13,NYA202508130,MIN,"Lee, Brooks",lee-b002,2,1,1B,1B,1,strikeout,5,1,1
2025-08-13,NYA202508130,MIN,"Larnach, Trevor",larnt001,3,2,1B,2B,0,field_out,5,1,1
2025-08-13,NYA202508130,MIN,"Buxton, Byron",buxtb001,3,0,empty,empty,1,single,6,1,1
2025-08-13,NYA202508130,MIN,"Keaschall, Luke",keasl001,3,0,1B,1B,1,single,6,1,1
2025-08-13,NYA202508130,MIN,"Clemens, Kody",clemk001,3,0,1B+2B,1B+2B,1,double,6,1,1
2025-08-13,NYA202508130,MIN,"Jeffers, Ryan",jeffr002,3,0,3B,3B,1,field_out,6,3,1
2025-08-13,NYA202508130,MIN,"Wallner, Matt",wallm001,3,1,3B,3B,1,field_out,6,3,1
2025-08-13,NYA202508130,MIN,"Lewis, Royce",lewir003,3,2,3B,3B,1,double,6,3,1
2025-08-13,NYA202508130,MIN,"Roden, Alan",rodea001,3,2,2B,2B,1,field_out,6,4,1
2025-08-13,NYA202508130,MIN,"Lee, Brooks",lee-b002,3,0,empty,empty,1,field_out,7,4,1
2025-08-13,NYA202508130,MIN,"Larnach, Trevor",larnt001,4,1,empty,empty,1,field_out,7,4,1
2025-08-13,NYA202508130,MIN,"Buxton, Byron",buxtb001,4,2,empty,empty,1,strikeout,7,4,1
2025-08-13,NYA202508130,MIN,"Keaschall, Luke",keasl001,4,0,empty,empty,1,field_out,8,4,1
2025-08-13,NYA202508130,MIN,"Clemens, Kody",clemk001,4,1,empty,empty,1,strikeout,8,4,1
2025-08-13,NYA202508130,MIN,"Jeffers, Ryan",jeffr002,4,2,empty,empty,1,walk,8,4,1
2025-08-13,NYA202508130,MIN,"Wallner, Matt",wallm001,4,2,1B,1B,1,strikeout,8,4,1
2025-08-13,NYA202508130,MIN,"Lewis, Royce",lewir003,4,0,empty,empty,1,field_out,9,4,1
2025-08-13,NYA202508130,MIN,"Roden, Alan",rodea001,4,1,empty,empty,1,field_out,9,4,1
2025-08-13,NYA202508130,MIN,"Lee, Brooks",lee-b002,4,2,empty,empty,1,single,9,4,1
2025-08-13,NYA202508130,MIN,"Larnach, Trevor",larnt001,5,2,1B,1B,1,double,9,4,1
2025-08-13,NYA202508130,MIN,"Buxton, Byron",buxtb001,5,2,2B+3B,2B+3B,1,intent_walk,9,4,1
2025-08-13,NYA202508130,MIN,"Keaschall, Luke",keasl001,5,2,1B+2B+3B,1B+2B+3B,1,strikeout,9,4,1
2025-08-14,MIN202508140,MIN,"Martin, Austin",marta007,1,0,empty,empty,1,field_out,1,0,0
2025-08-14,MIN202508140,MIN,"Buxton, Byron",buxtb001,1,1,empty,empty,1,field_out,1,0,0
2025-08-14,MIN202508140,MIN,"Jeffers, Ryan",jeffr002,1,2,empty,empty,1,walk,1,0,0
2025-08-14,MIN202508140,MIN,"Keaschall, Luke",keasl001,1,2,1B,1B,1,field_out,1,0,0
2025-08-14,MIN202508140,MIN,"Lewis, Royce",lewir003,1,0,empty,empty,1,field_out,2,0,0
2025-08-14,MIN202508140,MIN,"Larnach, Trevor",larnt001,1,1,empty,empty,1,single,2,0,0
2025-08-14,MIN202508140,MIN,"Lee, Brooks",lee-b002,1,1,1B,1B,1,grounded_into_double_play,2,0,0
2025-08-14,MIN202508140,MIN,"Roden, Alan",rodea001,1,0,empty,empty,1,field_out,3,0,0
2025-08-14,MIN202508140,MIN,"Julien, Edouard",julie001,1,1,empty,empty,1,home_run,3,0,0
2025-08-14,MIN202508140,MIN,"Martin, Austin",marta007,2,1,empty,empty,1,double,3,1,0
2025-08-14,MIN202508140,MIN,"Buxton, Byron",buxtb001,2,1,2B,2B,1,single,3,1,0
2025-08-14,MIN202508140,MIN,"Jeffers, Ryan",jeffr002,2,1,1B+3B,1B+3B,1,field_out,3,1,0
2025-08-14,MIN202508140,MIN,"Keaschall, Luke",keasl001,2,2,2B,2B,1,single,3,2,0
2025-08-14,MIN202508140,MIN,"Lewis, Royce",lewir003,2,2,1B,2B,0,walk,3,3,0
2025-08-14,MIN202508140,MIN,"Larnach, Trevor",larnt001,2,2,1B+2B,1B+2B,1,field_out,3,3,0
2025-08-14,MIN202508140,MIN,"Lee, Brooks",lee-b002,2,0,empty,empty,1,field_out,4,3,2
2025-08-14,MIN202508140,MIN,"Roden, Alan",rodea001,2,1,empty,empty,1,field_out,4,3,2
2025-08-14,MIN202508140,MIN,"Julien, Edouard",julie001,2,2,empty,empty,1,single,4,3,2
2025-08-14,MIN202508140,MIN,"Martin, Austin",marta007,3,2,1B,1B,1,strikeout,4,3,2
2025-08-14,MIN202508140,MIN,"Buxton, Byron",buxtb001,3,0,empty,empty,1,field_out,5,3,2
2025-08-14,MIN202508140,MIN,"Jeffers, Ryan",jeffr002,3,1,empty,empty,1,field_out,5,3,2
2025-08-14,MIN202508140,MIN,"Keaschall, Luke",keasl001,3,2,empty,empty,1,strikeout,5,3,2
2025-08-14,MIN202508140,MIN,"Lewis, Royce",lewir003,3,0,empty,empty,1,strikeout,6,3,3
2025-08-14,MIN202508140,MIN,"Larnach, Trevor",larnt001,3,1,empty,empty,1,field_out,6,3,3
2025-08-14,MIN202508140,MIN,"Lee, Brooks",lee-b002,3,2,empty,empty,1,field_out,6,3,3
2025-08-14,MIN202508140,MIN,"Roden, Alan",rodea001,3,0,empty,empty,1,field_out,7,3,3
2025-08-14,MIN202508140,MIN,"Julien, Edouard",julie001,3,1,empty,empty,1,field_out,7,3,3
2025-08-14,MIN202508140,MIN,"Martin, Austin",marta007,4,2,empty,empty,1,field_out,7,3,3
2025-08-14,MIN202508140,MIN,"Buxton, Byron",buxtb001,4,0,empty,empty,1,field_out,8,3,3
2025-08-14,MIN202508140,MIN,"Jeffers, Ryan",jeffr002,4,1,empty,empty,1,strikeout,8,3,3
2025-08-14,MIN202508140,MIN,"Keaschall, Luke",keasl001,4,2,empty,empty,1,strikeout,8,3,3
2025-08-14,MIN202508140,MIN,"Lewis, Royce",lewir003,4,0,empty,empty,1,field_out,9,3,3
2025-08-14,MIN202508140,MIN,"Larnach, Trevor",larnt001,4,1,empty,empty,1,strikeout,9,3,3
2025-08-14,MIN202508140,MIN,"Lee, Brooks",lee-b002,4,2,empty,empty,1,double,9,3,3
2025-08-14,MIN202508140,MIN,"Roden, Alan",rodea001,4,2,2B,2B,1,field_out,9,3,3
2025-08-14,MIN202508140,MIN,"Gasper, Mickey",gaspm001,1,0,2B,2B,1,sac_bunt,10,3,3
2025-08-14,MIN202508140,MIN,"Martin, Austin",marta007,5,1,3B,3B,1,fielders_choice_out,10,3,3
2025-08-14,MIN202508140,MIN,"Buxton, Byron",buxtb001,5,2,1B,1B,1,field_out,10,3,3
2025-08-14,MIN202508140,MIN,"Jeffers, Ryan",jeffr002,5,0,2B,2B,1,strikeout,11,3,4
2025-08-14,MIN202508140,MIN,"Keaschall, Luke",keasl001,5,1,2B,2B,1,field_out,11,3,4
2025-08-14,MIN202508140,MIN,"Lewis, Royce",lewir003,5,2,3B,3B,1,strikeout,11,3,4
2025-08-15,MIN202508150,MIN,"Larnach, Trevor",larnt001,1,0,empty,empty,1,field_out,1,0,5
2025-08-15,MIN202508150,MIN,"Buxton, Byron",buxtb001,1,1,empty,empty,1,field_out,1,0,5
2025-08-15,MIN202508150,MIN,"Clemens, Kody",clemk001,1,2,empty,empty,1,walk,1,0,5
2025-08-15,MIN202508150,MIN,"Keaschall, Luke",keasl001,1,2,1B,1B,1,walk,1,0,5
2025-08-15,MIN202508150,MIN,"Wallner, Matt",wallm001,1,2,1B+2B,1B+2B,1,strikeout,1,0,5
2025-08-15,MIN202508150,MIN,"Lee, Brooks",lee-b002,1,0,empty,empty,1,double,2,0,5
2025-08-15,MIN202508150,MIN,"Lewis, Royce",lewir003,1,0,2B,2B,1,field_out,2,0,5
2025-08-15,MIN202508150,MIN,"Julien, Edouard",julie001,1,1,3B,3B,1,strikeout,2,0,5
2025-08-15,MIN202508150,MIN,"Gasper, Mickey",gaspm001,1,2,3B,3B,1,field_out,2,0,5
2025-08-15,MIN202508150,MIN,"Larnach, Trevor",larnt001,2,0,empty,empty,1,field_out,3,0,7
2025-08-15,MIN202508150,MIN,"Buxton, Byron",buxtb001,2,1,empty,empty,1,field_out,3,0,7
2025-08-15,MIN202508150,MIN,"Clemens, Kody",clemk001,2,2,empty,empty,1,strikeout,3,0,7
2025-08-15,MIN202508150,MIN,"Keaschall, Luke",keasl001,2,0,empty,empty,1,walk,4,0,7
2025-08-15,MIN202508150,MIN,"Wallner, Matt",wallm001,2,0,1B,1B,1,hit_by_pitch,4,0,7
2025-08-15,MIN202508150,MIN,"Lee, Brooks",lee-b002,2,0,1B+2B,1B+2B,1,field_out,4,0,7
2025-08-15,MIN202508150,MIN,"Lewis, Royce",lewir003,2,1,1B+3B,1B+3B,1,field_out,4,0,7
2025-08-15,MIN202508150,MIN,"Julien, Edouard",julie001,2,2,1B+3B,1B+3B,1,field_out,4,0,7
2025-08-15,MIN202508150,MIN,"Gasper, Mickey",gaspm001,2,0,empty,empty,1,field_out,5,0,7
2025-08-15,MIN202508150,MIN,"Larnach, Trevor",larnt001,3,1,empty,empty,1,field_out,5,0,7
2025-08-15,MIN202508150,MIN,"Buxton, Byron",buxtb001,3,2,empty,empty,1,strikeout,5,0,7
2025-08-15,MIN202508150,MIN,"Clemens, Kody",clemk001,3,0,empty,empty,1,strikeout,6,0,7
2025-08-15,MIN202508150,MIN,"Keaschall, Luke",keasl001,3,1,empty,empty,1,single,6,0,7
2025-08-15,MIN202508150,MIN,"Wallner, Matt",wallm001,3,1,1B,1B,1,grounded_into_double_play,6,0,7
2025-08-15,MIN202508150,MIN,"Lee, Brooks",lee-b002,3,0,empty,empty,1,field_out,7,0,7
2025-08-15,MIN202508150,MIN,"Lewis, Royce",lewir003,3,1,empty,empty,1,walk,7,0,7
2025-08-15,MIN202508150,MIN,"Julien, Edouard",julie001,3,1,1B,1B,1,strikeout,7,0,7
2025-08-15,MIN202508150,MIN,"Gasper, Mickey",gaspm001,3,2,1B,1B,1,field_out,7,0,7
2025-08-15,MIN202508150,MIN,"Larnach, Trevor",larnt001,4,0,empty,empty,1,strikeout,8,0,7
2025-08-15,MIN202508150,MIN,"Martin, Austin",marta007,1,1,empty,empty,1,walk,8,0,7
2025-08-15,MIN202508150,MIN,"Clemens, Kody",clemk001,4,1,1B,1B,1,field_out,8,0,7
2025-08-15,MIN202508150,MIN,"Keaschall, Luke",keasl001,4,2,1B,1B,1,field_out,8,0,7
2025-08-15,MIN202508150,MIN,"Wallner, Matt",wallm001,4,0,empty,empty,1,walk,9,0,7
2025-08-15,MIN202508150,MIN,"Lee, Brooks",lee-b002,4,0,1B,1B,1,walk,9,0,7
2025-08-15,MIN202508150,MIN,"Lewis, Royce",lewir003,4,0,1B+2B,1B+2B,1,field_out,9,0,7
2025-08-15,MIN202508150,MIN,"Julien, Edouard",julie001,4,1,1B+2B,1B+2B,1,double_play,9,0,7
2025-08-16,MIN202508160,MIN,"Martin, Austin",marta007,1,0,empty,empty,1,single,1,0,1
2025-08-16,MIN202508160,MIN,"Buxton, Byron",buxtb001,1,0,1B,1B,1,strikeout,1,0,1
2025-08-16,MIN202508160,MIN,"Clemens, Kody",clemk001,1,2,1B,empty,0,field_out,1,0,1
2025-08-16,MIN202508160,MIN,"Keaschall, Luke",keasl001,1,0,empty,empty,1,field_out,2,0,1
2025-08-16,MIN202508160,MIN,"Jeffers, Ryan",jeffr002,1,1,empty,empty,1,strikeout,2,0,1
2025-08-16,MIN202508160,MIN,"Wallner, Matt",wallm001,1,2,empty,empty,1,strikeout,2,0,1
2025-08-16,MIN202508160,MIN,"Lee, Brooks",lee-b002,1,0,empty,empty,1,field_out,3,0,2
2025-08-16,MIN202508160,MIN,"Lewis, Royce",lewir003,1,1,empty,empty,1,strikeout,3,0,2
2025-08-16,MIN202508160,MIN,"Outman, James",outmj002,1,2,empty,empty,1,strikeout,3,0,2
2025-08-16,MIN202508160,MIN,"Martin, Austin",marta007,2,0,empty,empty,1,field_out,4,0,2
2025-08-16,MIN202508160,MIN,"Buxton, Byron",buxtb001,2,1,empty,empty,1,strikeout,4,0,2
2025-08-16,MIN202508160,MIN,"Clemens, Kody",clemk001,2,2,empty,empty,1,field_out,4,0,2
2025-08-16,MIN202508160,MIN,"Keaschall, Luke",keasl001,2,0,empty,empty,1,walk,5,0,2
2025-08-16,MIN202508160,MIN,"Jeffers, Ryan",jeffr002,2,0,1B,1B,1,single,5,0,2
2025-08-16,MIN202508160,MIN,"Wallner, Matt",wallm001,2,0,1B+2B,1B+2B,1,strikeout,5,0,2
2025-08-16,MIN202508160,MIN,"Lee, Brooks",lee-b002,2,1,1B+2B,1B+2B,1,triple,5,0,2
2025-08-16,MIN202508160,MIN,"Lewis, Royce",lewir003,2,1,3B,3B,1,sac_fly,5,2,2
2025-08-16,MIN202508160,MIN,"Outman, James",outmj002,2,2,empty,empty,1,strikeout,5,3,2
2025-08-16,MIN202508160,MIN,"Martin, Austin",marta007,3,0,empty,empty,1,strikeout,6,3,3
2025-08-16,MIN202508160,MIN,"Buxton, Byron",buxtb001,3,1,empty,empty,1,field_out,6,3,3
2025-08-16,MIN202508160,MIN,"Clemens, Kody",clemk001,3,2,empty,empty,1,strikeout,6,3,3
2025-08-16,MIN202508160,MIN,"Keaschall, Luke",keasl001,3,0,empty,empty,1,single,7,3,6
2025-08-16,MIN202508160,MIN,"Jeffers, Ryan",jeffr002,3,0,1B,1B,1,field_out,7,3,6
2025-08-16,MIN202508160,MIN,"Wallner, Matt",wallm001,3,1,1B,1B,1,double,7,3,6
2025-08-16,MIN202508160,MIN,"Lee, Brooks",lee-b002,3,1,2B+3B,2B+3B,1,field_out,7,3,6
2025-08-16,MIN202508160,MIN,"Lewis, Royce",lewir003,3,2,2B,2B,1,walk,7,4,6
2025-08-16,MIN202508160,MIN,"Outman, James",outmj002,3,2,1B+2B,1B+2B,1,field_error,7,4,6
2025-08-16,MIN202508160,MIN,"Martin, Austin",marta007,4,2,1B+3B,1B+3B,1,field_out,7,5,6
2025-08-16,MIN202508160,MIN,"Buxton, Byron",buxtb001,4,0,empty,empty,1,field_out,8,5,6
2025-08-16,MIN202508160,MIN,"Clemens, Kody",clemk001,4,1,empty,empty,1,single,8,5,6
2025-08-16,MIN202508160,MIN,"Keaschall, Luke",keasl001,4,1,1B,1B,1,single,8,5,6
2025-08-16,MIN202508160,MIN,"Jeffers, Ryan",jeffr002,4,1,1B+2B,1B+2B,1,strikeout,8,5,6
2025-08-16,MIN202508160,MIN,"Wallner, Matt",wallm001,4,2,1B+2B,1B+2B,1,walk,8,5,6
2025-08-16,MIN202508160,MIN,"Lee, Brooks",lee-b002,4,2,1B+2B+3B,1B+2B+3B,1,strikeout,8,5,6
2025-08-16,MIN202508160,MIN,"Lewis, Royce",lewir003,4,0,empty,empty,1,field_out,9,5,8
2025-08-16,MIN202508160,MIN,"Outman, James",outmj002,4,1,empty,empty,1,strikeout,9,5,8
2025-08-16,MIN202508160,MIN,"Martin, Austin",marta007,5,2,empty,empty,1,single,9,5,8
2025-08-16,MIN202508160,MIN,"Buxton, Byron",buxtb001,5,2,1B,2B,0,strikeout,9,5,8
2025-08-17,MIN202508170,MIN,"Buxton, Byron",buxtb001,1,0,empty,empty,1,single,1,0,0
2025-08-17,MIN202508170,MIN,"Larnach, Trevor",larnt001,1,0,1B,1B,1,strikeout,1,0,0
2025-08-17,MIN202508170,MIN,"Keaschall, Luke",keasl001,1,1,1B,1B,1,field_out,1,0,0
2025-08-17,MIN202508170,MIN,"Clemens, Kody",clemk001,1,2,2B,2B,1,field_out,1,0,0
2025-08-17,MIN202508170,MIN,"Jeffers, Ryan",jeffr002,1,0,empty,empty,1,field_out,2,0,0
2025-08-17,MIN202508170,MIN,"Wallner, Matt",wallm001,1,1,empty,empty,1,field_out,2,0,0
2025-08-17,MIN202508170,MIN,"Lewis, Royce",lewir003,1,2,empty,empty,1,home_run,2,0,0
2025-08-17,MIN202508170,MIN,"Lee, Brooks",lee-b002,1,2,empty,empty,1,walk,2,1,0
2025-08-17,MIN202508170,MIN,"Outman, James",outmj002,1,2,1B,1B,1,field_out,2,1,0
2025-08-17,MIN202508170,MIN,"Buxton, Byron",buxtb001,2,0,empty,empty,1,home_run,3,1,1
2025-08-17,MIN202508170,MIN,"Larnach, Trevor",larnt001,2,0,empty,empty,1,double,3,2,1
2025-08-17,MIN202508170,MIN,"Keaschall, Luke",keasl001,2,0,2B,2B,1,single,3,2,1
2025-08-17,MIN202508170,MIN,"Clemens, Kody",clemk001,2,0,1B+3B,1B+3B,1,field_out,3,2,1
2025-08-17,MIN202508170,MIN,"Jeffers, Ryan",jeffr002,2,1,2B,2B,1,single,3,3,1
2025-08-17,MIN202508170,MIN,"Wallner, Matt",wallm001,2,1,1B+3B,1B+3B,1,strikeout,3,3,1
2025-08-17,MIN202508170,MIN,"Lewis, Royce",lewir003,2,2,1B+3B,1B+3B,1,walk,3,3,1
2025-08-17,MIN202508170,MIN,"Lee, Brooks",lee-b002,2,2,1B+2B+3B,1B+2B+3B,1,home_run,3,3,1
2025-08-17,MIN202508170,MIN,"Outman, James",outmj002,2,2,empty,empty,1,field_out,3,7,1
2025-08-17,MIN202508170,MIN,"Buxton, Byron",buxtb001,3,0,empty,empty,1,single,4,7,1
2025-08-17,MIN202508170,MIN,"Larnach, Trevor",larnt001,3,0,1B,2B,0,walk,4,7,1
2025-08-17,MIN202508170,MIN,"Keaschall, Luke",keasl001,3,0,1B+2B,1B+2B,1,field_out,4,7,1
2025-08-17,MIN202508170,MIN,"Clemens, Kody",clemk001,3,1,1B,1B,1,field_out,4,8,1
2025-08-17,MIN202508170,MIN,"Jeffers, Ryan",jeffr002,3,0,1B,empty,0,field_out,5,8,1
2025-08-17,MIN202508170,MIN,"Wallner, Matt",wallm001,3,1,empty,empty,1,strikeout,5,8,1
2025-08-17,MIN202508170,MIN,"Lewis, Royce",lewir003,3,2,empty,empty,1,field_out,5,8,1
2025-08-17,MIN202508170,MIN,"Lee, Brooks",lee-b002,3,0,empty,empty,1,strikeout,6,8,1
2025-08-17,MIN202508170,MIN,"Outman, James",outmj002,3,1,empty,empty,1,triple,6,8,1
2025-08-17,MIN202508170,MIN,"Buxton, Byron",buxtb001,4,1,3B,3B,1,field_out,6,8,1
2025-08-17,MIN202508170,MIN,"Larnach, Trevor",larnt001,4,2,3B,3B,1,field_out,6,8,1
2025-08-17,MIN202508170,MIN,"Keaschall, Luke",keasl001,4,0,empty,empty,1,field_out,7,8,1
2025-08-17,MIN202508170,MIN,"Clemens, Kody",clemk001,4,1,empty,empty,1,strikeout,7,8,1
2025-08-17,MIN202508170,MIN,"Jeffers, Ryan",jeffr002,4,2,empty,empty,1,strikeout,7,8,1
2025-08-17,MIN202508170,MIN,"Wallner, Matt",wallm001,4,0,empty,empty,1,walk,8,8,1
2025-08-17,MIN202508170,MIN,"Lewis, Royce",lewir003,4,0,1B,1B,1,walk,8,8,1
2025-08-17,MIN202508170,MIN,"Lee, Brooks",lee-b002,4,0,1B+2B,1B+2B,1,field_out,8,8,1
2025-08-17,MIN202508170,MIN,"Outman, James",outmj002,4,1,1B+2B,1B+2B,1,field_out,8,8,1
2025-08-17,MIN202508170,MIN,"Buxton, Byron",buxtb001,5,2,2B+3B,2B+3B,1,strikeout,8,8,1
2025-08-19,MIN202508190,MIN,"Buxton, Byron",buxtb001,1,0,empty,empty,1,field_out,1,0,0
2025-08-19,MIN202508190,MIN,"Jeffers, Ryan",jeffr002,1,1,empty,empty,1,single,1,0,0
2025-08-19,MIN202508190,MIN,"Larnach, Trevor",larnt001,1,1,1B,1B,1,walk,1,0,0
2025-08-19,MIN202508190,MIN,"Keaschall, Luke",keasl001,1,1,1B+2B,1B+2B,1,strikeout,1,0,0
2025-08-19,MIN202508190,MIN,"Lewis, Royce",lewir003,1,2,1B+2B,1B+2B,1,field_out,1,0,0
2025-08-19,MIN202508190,MIN,"Lee, Brooks",lee-b002,1,0,empty,empty,1,field_error,2,0,0
2025-08-19,MIN202508190,MIN,"Clemens, Kody",clemk001,1,0,1B,1B,1,sac_bunt,2,0,0
2025-08-19,MIN202508190,MIN,"Martin, Austin",marta007,1,1,2B,2B,1,field_out,2,0,0
2025-08-19,MIN202508190,MIN,"Wallner, Matt",wallm001,1,2,2B,2B,1,double,2,0,0
2025-08-19,MIN202508190,MIN,"Buxton, Byron",buxtb001,2,2,2B,2B,1,strikeout,2,1,0
2025-08-19,MIN202508190,MIN,"Jeffers, Ryan",jeffr002,2,0,empty,empty,1,field_out,3,1,2
2025-08-19,MIN202508190,MIN,"Larnach, Trevor",larnt001,2,1,empty,empty,1,strikeout,3,1,2
2025-08-19,MIN202508190,MIN,"Keaschall, Luke",keasl001,2,2,empty,empty,1,strikeout,3,1,2
2025-08-19,MIN202508190,MIN,"Lewis, Royce",lewir003,2,0,empty,empty,1,strikeout,4,1,5
2025-08-19,MIN202508190,MIN,"Lee, Brooks",lee-b002,2,1,empty,empty,1,home_run,4,1,5
2025-08-19,MIN202508190,MIN,"Clemens, Kody",clemk001,2,1,empty,empty,1,strikeout,4,2,5
2025-08-19,MIN202508190,MIN,"Martin, Austin",marta007,2,2,empty,empty,1,strikeout,4,2,5
2025-08-19,MIN202508190,MIN,"Wallner, Matt",wallm001,2,0,empty,empty,1,field_out,5,2,5
2025-08-19,MIN202508190,MIN,"Buxton, Byron",buxtb001,3,1,empty,empty,1,field_out,5,2,5
2025-08-19,MIN202508190,MIN,"Jeffers, Ryan",jeffr002,3,2,empty,empty,1,home_run,5,2,5
2025-08-19,MIN202508190,MIN,"Larnach, Trevor",larnt001,3,2,empty,empty,1,field_out,5,3,5
2025-08-19,MIN202508190,MIN,"Keaschall, Luke",keasl001,3,0,empty,empty,1,strikeout,6,3,6
2025-08-19,MIN202508190,MIN,"Lewis, Royce",lewir003,3,1,empty,empty,1,field_out,6,3,6
2025-08-19,MIN202508190,MIN,"Lee, Brooks",lee-b002,3,2,empty,empty,1,field_out,6,3,6
2025-08-19,MIN202508190,MIN,"Clemens, Kody",clemk001,3,0,empty,empty,1,field_out,7,3,6
2025-08-19,MIN202508190,MIN,"Martin, Austin",marta007,3,1,empty,empty,1,field_out,7,3,6
2025-08-19,MIN202508190,MIN,"Wallner, Matt",wallm001,3,2,empty,empty,1,strikeout,7,3,6
2025-08-19,MIN202508190,MIN,"Buxton, Byron",buxtb001,4,0,empty,empty,1,field_out,8,3,6
2025-08-19,MIN202508190,MIN,"Jeffers, Ryan",jeffr002,4,1,empty,empty,1,strikeout,8,3,6
2025-08-19,MIN202508190,MIN,"Larnach, Trevor",larnt001,4,2,empty,empty,1,single,8,3,6
2025-08-19,MIN202508190,MIN,"Keaschall, Luke",keasl001,4,2,1B,1B,1,single,8,3,6
2025-08-19,MIN202508190,MIN,"Lewis, Royce",lewir003,4,2,1B+3B,1B+3B,1,field_out,8,3,6
2025-08-19,MIN202508190,MIN,"Lee, Brooks",lee-b002,4,0,empty,empty,1,field_out,9,3,6
2025-08-19,MIN202508190,MIN,"Clemens, Kody",clemk001,4,1,empty,empty,1,field_out,9,3,6
2025-08-19,MIN202508190,MIN,"Martin, Austin",marta007,4,2,empty,empty,1,field_out,9,3,6
2025-08-20,MIN202508200,MIN,"Buxton, Byron",buxtb001,1,0,empty,empty,1,strikeout,1,0,0
2025-08-20,MIN202508200,MIN,"Larnach, Trevor",larnt001,1,1,empty,empty,1,field_out,1,0,0
2025-08-20,MIN202508200,MIN,"Lee, Brooks",lee-b002,1,2,empty,empty,1,single,1,0,0
2025-08-20,MIN202508200,MIN,"Keaschall, Luke",keasl001,1,2,1B,1B,1,field_out,1,0,0
2025-08-20,MIN202508200,MIN,"Clemens, Kody",clemk001,1,0,empty,empty,1,field_out,2,0,1
2025-08-20,MIN202508200,MIN,"Jeffers, Ryan",jeffr002,1,1,empty,empty,1,strikeout,2,0,1
2025-08-20,MIN202508200,MIN,"Wallner, Matt",wallm001,1,2,empty,empty,1,strikeout,2,0,1
2025-08-20,MIN202508200,MIN,"Outman, James",outmj002,1,0,empty,empty,1,double,3,0,1
2025-08-20,MIN202508200,MIN,"Fitzgerald, Ryan",fitzr001,1,0,2B,2B,1,single,3,0,1
2025-08-20,MIN202508200,MIN,"Buxton, Byron",buxtb001,2,0,2B+3B,2B+3B,1,fielders_choice_out,3,0,1
2025-08-20,MIN202508200,MIN,"Larnach, Trevor",larnt001,2,1,1B+3B,1B+3B,1,grounded_into_double_play,3,0,1
2025-08-20,MIN202508200,MIN,"Lee, Brooks",lee-b002,2,0,empty,empty,1,field_out,4,0,2
2025-08-20,MIN202508200,MIN,"Keaschall, Luke",keasl001,2,1,empty,empty,1,double,4,0,2
2025-08-20,MIN202508200,MIN,"Clemens, Kody",clemk001,2,1,2B,3B,0,strikeout,4,0,2
2025-08-20,MIN202508200,MIN,"Jeffers, Ryan",jeffr002,2,2,3B,3B,1,walk,4,0,2
2025-08-20,MIN202508200,MIN,"Wallner, Matt",wallm001,2,2,1B+3B,1B+3B,1,field_out,4,0,2
2025-08-20,MIN202508200,MIN,"Outman, James",outmj002,2,0,empty,empty,1,double,5,0,2
2025-08-20,MIN202508200,MIN,"Fitzgerald, Ryan",fitzr001,2,0,2B,2B,1,field_out,5,0,2
2025-08-20,MIN202508200,MIN,"Buxton, Byron",buxtb001,3,1,2B,2B,1,strikeout,5,0,2
2025-08-20,MIN202508200,MIN,"Larnach, Trevor",larnt001,3,2,2B,2B,1,single,5,0,2
2025-08-20,MIN202508200,MIN,"Lee, Brooks",lee-b002,3,2,1B,1B,1,double,5,1,2
2025-08-20,MIN202508200,MIN,"Keaschall, Luke",keasl001,3,2,2B,2B,1,walk,5,2,2
2025-08-20,MIN202508200,MIN,"Lewis, Royce",lewir003,1,0,1B+2B,empty,0,single,6,2,2
2025-08-20,MIN202508200,MIN,"Jeffers, Ryan",jeffr002,3,1,1B,empty,0,field_out,6,2,2
2025-08-20,MIN202508200,MIN,"Wallner, Matt",wallm001,3,2,empty,empty,1,field_out,6,2,2
2025-08-20,MIN202508200,MIN,"Outman, James",outmj002,3,0,empty,empty,1,field_out,7,2,2
2025-08-20,MIN202508200,MIN,"Fitzgerald, Ryan",fitzr001,3,1,empty,empty,1,field_out,7,2,2
2025-08-20,MIN202508200,MIN,"Buxton, Byron",buxtb001,4,2,empty,empty,1,walk,7,2,2
2025-08-20,MIN202508200,MIN,"Larnach, Trevor",larnt001,4,2,1B,1B,1,field_out,7,2,2
2025-08-20,MIN202508200,MIN,"Lee, Brooks",lee-b002,4,0,empty,empty,1,single,8,2,2
2025-08-20,MIN202508200,MIN,"Keaschall, Luke",keasl001,4,0,1B,1B,1,single,8,2,2
2025-08-20,MIN202508200,MIN,"Lewis, Royce",lewir003,2,0,1B+2B,1B+2B,1,field_out,8,2,2
2025-08-20,MIN202508200,MIN,"Jeffers, Ryan",jeffr002,4,1,1B+2B,1B+2B,1,field_out,8,2,2
2025-08-20,MIN202508200,MIN,"Wallner, Matt",wallm001,4,2,1B+2B,1B+2B,1,field_out,8,2,2
2025-08-20,MIN202508200,MIN,"Outman, James",outmj002,4,0,empty,empty,1,strikeout,9,2,2
2025-08-20,MIN202508200,MIN,"Fitzgerald, Ryan",fitzr001,4,1,empty,empty,1,walk,9,2,2
2025-08-20,MIN202508200,MIN,"Buxton, Byron",buxtb001,5,1,1B,1B,1,field_out,9,2,2
2025-08-20,MIN202508200,MIN,"Larnach, Trevor",larnt001,5,2,1B,1B,1,single,9,2,2
2025-08-20,MIN202508200,MIN,"Martin, Austin",marta007,1,2,1B+3B,1B+3B,1,field_out,9,2,2
2025-08-20,MIN202508200,MIN,"Keaschall, Luke",keasl001,5,0,2B,2B,1,field_out,10,2,4
2025-08-20,MIN202508200,MIN,"Lewis, Royce",lewir003,3,1,3B,3B,1,field_out,10,2,4
2025-08-20,MIN202508200,MIN,"Jeffers, Ryan",jeffr002,5,2,3B,3B,1,walk,10,2,4
2025-08-20,MIN202508200,MIN,"Julien, Edouard",julie001,1,2,1B+3B,1B+3B,1,field_out,10,2,4
2025-08-21,MIN202508210,MIN,"Buxton, Byron",buxtb001,1,0,empty,empty,1,field_out,1,0,0
2025-08-21,MIN202508210,MIN,"Larnach, Trevor",larnt001,1,1,empty,empty,1,field_out,1,0,0
2025-08-21,MIN202508210,MIN,"Lee, Brooks",lee-b002,1,2,empty,empty,1,field_out,1,0,0
2025-08-21,MIN202508210,MIN,"Keaschall, Luke",keasl001,1,0,empty,empty,1,field_out,2,0,6
2025-08-21,MIN202508210,MIN,"Clemens, Kody",clemk001,1,1,empty,empty,1,field_out,2,0,6
2025-08-21,MIN202508210,MIN,"Lewis, Royce",lewir003,1,2,empty,empty,1,strikeout,2,0,6
2025-08-21,MIN202508210,MIN,"Outman, James",outmj002,1,0,empty,empty,1,strikeout,3,0,6
2025-08-21,MIN202508210,MIN,"Martin, Austin",marta007,1,1,empty,empty,1,walk,3,0,6
2025-08-21,MIN202508210,MIN,"Gasper, Mickey",gaspm001,1,1,1B,1B,1,field_out,3,0,6
2025-08-21,MIN202508210,MIN,"Buxton, Byron",buxtb001,2,2,1B,1B,1,field_out,3,0,6
2025-08-21,MIN202508210,MIN,"Larnach, Trevor",larnt001,2,0,empty,empty,1,double,4,0,6
2025-08-21,MIN202508210,MIN,"Lee, Brooks",lee-b002,2,0,2B,2B,1,walk,4,0,6
2025-08-21,MIN202508210,MIN,"Keaschall, Luke",keasl001,2,0,1B+2B,1B+2B,1,walk,4,0,6
2025-08-21,MIN202508210,MIN,"Clemens, Kody",clemk001,2,0,1B+2B+3B,1B+2B+3B,1,field_out,4,0,6
2025-08-21,MIN202508210,MIN,"Lewis, Royce",lewir003,2,1,1B+2B+3B,1B+2B+3B,1,field_out,4,0,6
2025-08-21,MIN202508210,MIN,"Outman, James",outmj002,2,2,1B+2B+3B,1B+2B+3B,1,single,4,0,6
2025-08-21,MIN202508210,MIN,"Martin, Austin",marta007,2,2,1B+2B+3B,1B+2B+3B,1,single,4,1,6
2025-08-21,MIN202508210,MIN,"Gasper, Mickey",gaspm001,2,0,empty,empty,1,hit_by_pitch,5,2,6
2025-08-21,MIN202508210,MIN,"Buxton, Byron",buxtb001,3,0,1B,1B,1,field_out,5,2,6
2025-08-21,MIN202508210,MIN,"Larnach, Trevor",larnt001,3,1,1B,1B,1,field_out,5,2,6
2025-08-21,MIN202508210,MIN,"Lee, Brooks",lee-b002,3,2,1B,2B,0,walk,5,2,6
2025-08-21,MIN202508210,MIN,"Keaschall, Luke",keasl001,3,2,1B+2B,1B+2B,1,field_out,5,2,6
2025-08-21,MIN202508210,MIN,"Clemens, Kody",clemk001,3,0,empty,empty,1,strikeout,6,2,7
2025-08-21,MIN202508210,MIN,"Lewis, Royce",lewir003,3,1,empty,empty,1,field_out,6,2,7
2025-08-21,MIN202508210,MIN,"Outman, James",outmj002,3,2,empty,empty,1,strikeout,6,2,7
2025-08-21,MIN202508210,MIN,"Martin, Austin",marta007,3,0,empty,empty,1,strikeout,7,2,8
2025-08-21,MIN202508210,MIN,"Gasper, Mickey",gaspm001,3,1,empty,empty,1,field_out,7,2,8
2025-08-21,MIN202508210,MIN,"Buxton, Byron",buxtb001,4,2,empty,empty,1,field_out,7,2,8
2025-08-21,MIN202508210,MIN,"Larnach, Trevor",larnt001,4,0,empty,empty,1,field_out,8,2,8
2025-08-21,MIN202508210,MIN,"Lee, Brooks",lee-b002,4,1,empty,empty,1,strikeout,8,2,8
2025-08-21,MIN202508210,MIN,"Keaschall, Luke",keasl001,4,2,empty,empty,1,field_out,8,2,8
2025-08-21,MIN202508210,MIN,"Clemens, Kody",clemk001,4,0,empty,empty,1,single,9,2,8
2025-08-21,MIN202508210,MIN,"Lewis, Royce",lewir003,4,0,1B,1B,1,double,9,2,8
2025-08-21,MIN202508210,MIN,"Outman, James",outmj002,4,0,2B,2B,1,strikeout,9,3,8
2025-08-21,MIN202508210,MIN,"Martin, Austin",marta007,4,1,2B,2B,1,strikeout,9,3,8
2025-08-21,MIN202508210,MIN,"Gasper, Mickey",gaspm001,4,2,2B,2B,1,field_out,9,3,8
2025-08-22,CHA202508220,MIN,"Buxton, Byron",buxtb001,1,0,empty,empty,1,field_out,1,0,0
2025-08-22,CHA202508220,MIN,"Larnach, Trevor",larnt001,1,1,empty,empty,1,strikeout,1,0,0
2025-08-22,CHA202508220,MIN,"Keaschall, Luke",keasl001,1,2,empty,empty,1,single,1,0,0
2025-08-22,CHA202508220,MIN,"Wallner, Matt",wallm001,1,2,1B,1B,1,strikeout,1,0,0
2025-08-22,CHA202508220,MIN,"Jeffers, Ryan",jeffr002,1,0,empty,empty,1,field_out,2,0,1
2025-08-22,CHA202508220,MIN,"Lee, Brooks",lee-b002,1,1,empty,empty,1,walk,2,0,1
2025-08-22,CHA202508220,MIN,"Outman, James",outmj002,1,1,1B,1B,1,field_out,2,0,1
2025-08-22,CHA202508220,MIN,"Lewis, Royce",lewir003,1,2,1B,1B,1,strikeout,2,0,1
2025-08-22,CHA202508220,MIN,"Julien, Edouard",julie001,1,0,empty,empty,1,strikeout,3,0,1
2025-08-22,CHA202508220,MIN,"Buxton, Byron",buxtb001,2,1,empty,empty,1,single,3,0,1
2025-08-22,CHA202508220,MIN,"Larnach, Trevor",larnt001,2,1,1B,1B,1,grounded_into_double_play,3,0,1
2025-08-22,CHA202508220,MIN,"Keaschall, Luke",keasl001,2,0,empty,empty,1,walk,4,0,1
2025-08-22,CHA202508220,MIN,"Wallner, Matt",wallm001,2,0,1B,1B,1,strikeout,4,0,1
2025-08-22,CHA202508220,MIN,"Jeffers, Ryan",jeffr002,2,1,1B,1B,1,field_out,4,0,1
2025-08-22,CHA202508220,MIN,"Lee, Brooks",lee-b002,2,2,1B,1B,1,single,4,0,1
2025-08-22,CHA202508220,MIN,"Outman, James",outmj002,2,2,1B+2B,1B+2B,1,walk,4,0,1
2025-08-22,CHA202508220,MIN,"Lewis, Royce",lewir003,2,2,1B+2B+3B,1B+2B+3B,1,home_run,4,0,1
2025-08-22,CHA202508220,MIN,"Julien, Edouard",julie001,2,2,empty,empty,1,single,4,4,1
2025-08-22,CHA202508220,MIN,"Buxton, Byron",buxtb001,3,2,1B,1B,1,field_out,4,4,1
2025-08-22,CHA202508220,MIN,"Larnach, Trevor",larnt001,3,0,empty,empty,1,walk,5,4,2
2025-08-22,CHA202508220,MIN,"Keaschall, Luke",keasl001,3,0,1B,1B,1,field_out,5,4,2
2025-08-22,CHA202508220,MIN,"Wallner, Matt",wallm001,3,1,1B,1B,1,hit_by_pitch,5,4,2
2025-08-22,CHA202508220,MIN,"Jeffers, Ryan",jeffr002,3,1,1B+2B,1B+2B,1,field_out,5,4,2
2025-08-22,CHA202508220,MIN,"Lee, Brooks",lee-b002,3,2,1B+2B,1B+2B,1,field_out,5,4,2
2025-08-22,CHA202508220,MIN,"Outman, James",outmj002,3,0,empty,empty,1,field_out,6,4,4
2025-08-22,CHA202508220,MIN,"Lewis, Royce",lewir003,3,1,empty,empty,1,single,6,4,4
2025-08-22,CHA202508220,MIN,"Julien, Edouard",julie001,3,1,1B,2B,0,field_out,6,4,4
2025-08-22,CHA202508220,MIN,"Buxton, Byron",buxtb001,4,2,2B,2B,1,intent_walk,6,4,4
2025-08-22,CHA202508220,MIN,"Larnach, Trevor",larnt001,4,2,1B+2B,1B+2B,1,single,6,4,4
2025-08-22,CHA202508220,MIN,"Keaschall, Luke",keasl001,4,2,1B+3B,1B+3B,1,single,6,5,4
2025-08-22,CHA202508220,MIN,"Wallner, Matt",wallm001,4,2,1B+2B,1B+2B,1,field_out,6,6,4
2025-08-22,CHA202508220,MIN,"Jeffers, Ryan",jeffr002,4,0,empty,empty,1,walk,7,6,4
2025-08-22,CHA202508220,MIN,"Lee, Brooks",lee-b002,4,0,1B,1B,1,fielders_choice,7,6,4
2025-08-22,CHA202508220,MIN,"Outman, James",outmj002,4,0,2B,2B,1,strikeout,7,7,4
2025-08-22,CHA202508220,MIN,"Lewis, Royce",lewir003,4,1,2B,2B,1,strikeout,7,7,4
2025-08-22,CHA202508220,MIN,"Julien, Edouard",julie001,4,2,2B,2B,1,single,7,7,4
2025-08-22,CHA202508220,MIN,"Buxton, Byron",buxtb001,5,2,2B,2B,1,field_out,7,8,4
2025-08-22,CHA202508220,MIN,"Larnach, Trevor",larnt001,5,0,empty,empty,1,strikeout,8,8,4
2025-08-22,CHA202508220,MIN,"Keaschall, Luke",keasl001,5,1,empty,empty,1,field_out,8,8,4
2025-08-22,CHA202508220,MIN,"Wallner, Matt",wallm001,5,2,empty,empty,1,single,8,8,4
2025-08-22,CHA202508220,MIN,"Jeffers, Ryan",jeffr002,5,2,1B,2B,0,field_out,8,8,4
2025-08-22,CHA202508220,MIN,"Lee, Brooks",lee-b002,5,0,empty,empty,1,walk,9,8,7
2025-08-22,CHA202508220,MIN,"Outman, James",outmj002,5,0,1B,1B,1,strikeout,9,8,7
2025-08-22,CHA202508220,MIN,"Lewis, Royce",lewir003,5,1,1B,1B,1,single,9,8,7
2025-08-22,CHA202508220,MIN,"Julien, Edouard",julie001,5,1,1B+2B,1B+2B,1,strikeout,9,8,7
2025-08-22,CHA202508220,MIN,"Buxton, Byron",buxtb001,6,2,1B+2B,1B+2B,1,single,9,8,7
2025-08-22,CHA202508220,MIN,"Larnach, Trevor",larnt001,6,2,1B+3B,2B+3B,0,field_out,9,9,7
2025-08-23,CHA202508230,MIN,"Buxton, Byron",buxtb001,1,0,empty,empty,1,field_out,1,0,0
2025-08-23,CHA202508230,MIN,"Larnach, Trevor",larnt001,1,1,empty,empty,1,walk,1,0,0
2025-08-23,CHA202508230,MIN,"Keaschall, Luke",keasl001,1,1,1B,1B,1,single,1,0,0
2025-08-23,CHA202508230,MIN,"Wallner, Matt",wallm001,1,1,1B+2B,1B+2B,1,grounded_into_double_play,1,0,0
2025-08-23,CHA202508230,MIN,"Jeffers, Ryan",jeffr002,1,0,empty,empty,1,field_out,2,0,0
2025-08-23,CHA202508230,MIN,"Lee, Brooks",lee-b002,1,1,empty,empty,1,field_out,2,0,0
2025-08-23,CHA202508230,MIN,"Clemens, Kody",clemk001,1,2,empty,empty,1,home_run,2,0,0
2025-08-23,CHA202508230,MIN,"Lewis, Royce",lewir003,1,2,empty,empty,1,strikeout,2,1,0
2025-08-23,CHA202508230,MIN,"Outman, James",outmj002,1,0,empty,empty,1,strikeout,3,1,6
2025-08-23,CHA202508230,MIN,"Buxton, Byron",buxtb001,2,1,empty,empty,1,strikeout,3,1,6
2025-08-23,CHA202508230,MIN,"Larnach, Trevor",larnt001,2,2,empty,empty,1,field_out,3,1,6
2025-08-23,CHA202508230,MIN,"Keaschall, Luke",keasl001,2,0,empty,empty,1,field_out,4,1,6
2025-08-23,CHA202508230,MIN,"Wallner, Matt",wallm001,2,1,empty,empty,1,home_run,4,1,6
2025-08-23,CHA202508230,MIN,"Jeffers, Ryan",jeffr002,2,1,empty,empty,1,strikeout,4,2,6
2025-08-23,CHA202508230,MIN,"Lee, Brooks",lee-b002,2,2,empty,empty,1,single,4,2,6
2025-08-23,CHA202508230,MIN,"Clemens, Kody",clemk001,2,0,1B,empty,0,single,5,2,6
2025-08-23,CHA202508230,MIN,"Lewis, Royce",lewir003,2,0,1B,1B,1,strikeout,5,2,6
2025-08-23,CHA202508230,MIN,"Outman, James",outmj002,2,1,1B,1B,1,hit_by_pitch,5,2,6
2025-08-23,CHA202508230,MIN,"Buxton, Byron",buxtb001,3,1,1B+2B,1B+2B,1,strikeout,5,2,6
2025-08-23,CHA202508230,MIN,"Larnach, Trevor",larnt001,3,2,1B+2B,1B+2B,1,field_out,5,2,6
2025-08-23,CHA202508230,MIN,"Keaschall, Luke",keasl001,3,0,empty,empty,1,field_out,6,2,6
2025-08-23,CHA202508230,MIN,"Wallner, Matt",wallm001,3,1,empty,empty,1,field_out,6,2,6
2025-08-23,CHA202508230,MIN,"Jeffers, Ryan",jeffr002,3,2,empty,empty,1,single,6,2,6
2025-08-23,CHA202508230,MIN,"Lee, Brooks",lee-b002,3,2,1B,1B,1,field_out,6,2,6
2025-08-23,CHA202508230,MIN,"Clemens, Kody",clemk001,3,0,empty,empty,1,field_out,7,2,6
2025-08-23,CHA202508230,MIN,"Lewis, Royce",lewir003,3,1,empty,empty,1,home_run,7,2,6
2025-08-23,CHA202508230,MIN,"Martin, Austin",marta007,1,1,empty,empty,1,field_out,7,3,6
2025-08-23,CHA202508230,MIN,"Buxton, Byron",buxtb001,4,2,empty,empty,1,field_out,7,3,6
2025-08-23,CHA202508230,MIN,"Larnach, Trevor",larnt001,4,0,empty,empty,1,field_out,8,3,6
2025-08-23,CHA202508230,MIN,"Keaschall, Luke",keasl001,4,1,empty,empty,1,field_out,8,3,6
2025-08-23,CHA202508230,MIN,"Wallner, Matt",wallm001,4,2,empty,empty,1,field_out,8,3,6
2025-08-23,CHA202508230,MIN,"Jeffers, Ryan",jeffr002,4,0,empty,empty,1,walk,9,3,7
2025-08-23,CHA202508230,MIN,"Lee, Brooks",lee-b002,4,0,1B,1B,1,strikeout,9,3,7
2025-08-23,CHA202508230,MIN,"Clemens, Kody",clemk001,4,1,1B,1B,1,field_out,9,3,7
2025-08-23,CHA202508230,MIN,"Lewis, Royce",lewir003,4,2,2B,2B,1,strikeout,9,3,7
2025-08-24,CHA202508240,MIN,"Buxton, Byron",buxtb001,1,0,empty,empty,1,field_out,1,0,0
2025-08-24,CHA202508240,MIN,"Larnach, Trevor",larnt001,1,1,empty,empty,1,double,1,0,0
2025-08-24,CHA202508240,MIN,"Lee, Brooks",lee-b002,1,1,2B,2B,1,field_out,1,0,0
2025-08-24,CHA202508240,MIN,"Keaschall, Luke",keasl001,1,2,3B,3B,1,strikeout,1,0,0
2025-08-24,CHA202508240,MIN,"Clemens, Kody",clemk001,1,0,empty,empty,1,strikeout,2,0,3
2025-08-24,CHA202508240,MIN,"Jeffers, Ryan",jeffr002,1,1,empty,empty,1,strikeout,2,0,3
2025-08-24,CHA202508240,MIN,"Lewis, Royce",lewir003,1,2,empty,empty,1,field_out,2,0,3
2025-08-24,CHA202508240,MIN,"Julien, Edouard",julie001,1,0,empty,empty,1,field_out,3,0,7
2025-08-24,CHA202508240,MIN,"Martin, Austin",marta007,1,1,empty,empty,1,walk,3,0,7
2025-08-24,CHA202508240,MIN,"Buxton, Byron",buxtb001,2,1,1B,1B,1,strikeout,3,0,7
2025-08-24,CHA202508240,MIN,"Larnach, Trevor",larnt001,2,2,1B,1B,1,field_out,3,0,7
2025-08-24,CHA202508240,MIN,"Lee, Brooks",lee-b002,2,0,empty,empty,1,field_out,4,0,7
2025-08-24,CHA202508240,MIN,"Keaschall, Luke",keasl001,2,1,empty,empty,1,walk,4,0,7
2025-08-24,CHA202508240,MIN,"Clemens, Kody",clemk001,2,1,1B,1B,1,strikeout,4,0,7
2025-08-24,CHA202508240,MIN,"Jeffers, Ryan",jeffr002,2,2,1B,1B,1,field_out,4,0,7
2025-08-24,CHA202508240,MIN,"Lewis, Royce",lewir003,2,0,empty,empty,1,walk,5,0,7
2025-08-24,CHA202508240,MIN,"Julien, Edouard",julie001,2,0,1B,1B,1,strikeout,5,0,7
2025-08-24,CHA202508240,MIN,"Martin, Austin",marta007,2,1,1B,1B,1,field_out,5,0,7
2025-08-24,CHA202508240,MIN,"Buxton, Byron",buxtb001,3,2,1B,1B,1,single,5,0,7
2025-08-24,CHA202508240,MIN,"Larnach, Trevor",larnt001,3,2,1B+3B,1B+3B,1,field_out,5,0,7
2025-08-24,CHA202508240,MIN,"Lee, Brooks",lee-b002,3,0,empty,empty,1,walk,6,0,7
2025-08-24,CHA202508240,MIN,"Keaschall, Luke",keasl001,3,0,1B,1B,1,field_out,6,0,7
2025-08-24,CHA202508240,MIN,"Clemens, Kody",clemk001,3,1,1B,1B,1,field_out,6,0,7
2025-08-24,CHA202508240,MIN,"Jeffers, Ryan",jeffr002,3,2,1B,1B,1,double,6,0,7
2025-08-24,CHA202508240,MIN,"Lewis, Royce",lewir003,3,2,2B+3B,2B+3B,1,strikeout,6,0,7
2025-08-24,CHA202508240,MIN,"Julien, Edouard",julie001,3,0,empty,empty,1,single,7,0,7
2025-08-24,CHA202508240,MIN,"Martin, Austin",marta007,3,0,1B,1B,1,strikeout,7,0,7
2025-08-24,CHA202508240,MIN,"Outman, James",outmj002,1,1,1B,1B,1,strikeout,7,0,7
2025-08-24,CHA202508240,MIN,"Larnach, Trevor",larnt001,4,2,1B,2B,0,field_out,7,0,7
2025-08-24,CHA202508240,MIN,"Fitzgerald, Ryan",fitzr001,1,0,empty,empty,1,field_out,8,0,8
2025-08-24,CHA202508240,MIN,"Keaschall, Luke",keasl001,4,1,empty,empty,1,double,8,0,8
2025-08-24,CHA202508240,MIN,"Clemens, Kody",clemk001,4,1,2B,2B,1,field_out,8,0,8
2025-08-24,CHA202508240,MIN,"Gasper, Mickey",gaspm001,1,2,3B,3B,1,field_out,8,0,8
2025-08-24,CHA202508240,MIN,"Lewis, Royce",lewir003,4,0,empty,empty,1,strikeout,9,0,8
2025-08-24,CHA202508240,MIN,"Julien, Edouard",julie001,4,1,empty,empty,1,field_out,9,0,8
2025-08-24,CHA202508240,MIN,"Martin, Austin",marta007,4,2,empty,empty,1,field_out,9,0,8
2025-08-25,TOR202508250,MIN,"Buxton, Byron",buxtb001,1,0,empty,empty,1,field_out,1,0,0
2025-08-25,TOR202508250,MIN,"Larnach, Trevor",larnt001,1,1,empty,empty,1,field_out,1,0,0
2025-08-25,TOR202508250,MIN,"Lee, Brooks",lee-b002,1,2,empty,empty,1,field_out,1,0,0
2025-08-25,TOR202508250,MIN,"Wallner, Matt",wallm001,1,0,empty,empty,1,strikeout,2,0,4
2025-08-25,TOR202508250,MIN,"Jeffers, Ryan",jeffr002,1,1,empty,empty,1,field_out,2,0,4
2025-08-25,TOR202508250,MIN,"Clemens, Kody",clemk001,1,2,empty,empty,1,single,2,0,4
2025-08-25,TOR202508250,MIN,"Lewis, Royce",lewir003,1,2,1B,1B,1,field_out,2,0,4
2025-08-25,TOR202508250,MIN,"Julien, Edouard",julie001,1,0,empty,empty,1,field_out,3,0,5
2025-08-25,TOR202508250,MIN,"Outman, James",outmj002,1,1,empty,empty,1,field_out,3,0,5
2025-08-25,TOR202508250,MIN,"Buxton, Byron",buxtb001,2,2,empty,empty,1,strikeout,3,0,5
2025-08-25,TOR202508250,MIN,"Larnach, Trevor",larnt001,2,0,empty,empty,1,field_out,4,0,5
2025-08-25,TOR202508250,MIN,"Lee, Brooks",lee-b002,2,1,empty,empty,1,field_out,4,0,5
2025-08-25,TOR202508250,MIN,"Wallner, Matt",wallm001,2,2,empty,empty,1,home_run,4,0,5
2025-08-25,TOR202508250,MIN,"Jeffers, Ryan",jeffr002,2,2,empty,empty,1,strikeout,4,1,5
2025-08-25,TOR202508250,MIN,"Clemens, Kody",clemk001,2,0,empty,empty,1,field_out,5,1,6
2025-08-25,TOR202508250,MIN,"Lewis, Royce",lewir003,2,1,empty,empty,1,field_out,5,1,6
2025-08-25,TOR202508250,MIN,"Julien, Edouard",julie001,2,2,empty,empty,1,strikeout,5,1,6
2025-08-25,TOR202508250,MIN,"Outman, James",outmj002,2,0,empty,empty,1,strikeout,6,1,6
2025-08-25,TOR202508250,MIN,"Buxton, Byron",buxtb001,3,1,empty,empty,1,walk,6,1,6
2025-08-25,TOR202508250,MIN,"Larnach, Trevor",larnt001,3,1,1B,1B,1,single,6,1,6
2025-08-25,TOR202508250,MIN,"Lee, Brooks",lee-b002,3,1,1B+3B,1B+3B,1,field_out,6,1,6
2025-08-25,TOR202508250,MIN,"Wallner, Matt",wallm001,3,2,2B,2B,1,home_run,6,2,6
2025-08-25,TOR202508250,MIN,"Jeffers, Ryan",jeffr002,3,2,empty,empty,1,field_out,6,4,6
2025-08-25,TOR202508250,MIN,"Clemens, Kody",clemk001,3,0,empty,empty,1,strikeout,7,4,10
2025-08-25,TOR202508250,MIN,"Lewis, Royce",lewir003,3,1,empty,empty,1,field_out,7,4,10
2025-08-25,TOR202508250,MIN,"Julien, Edouard",julie001,3,2,empty,empty,1,field_out,7,4,10
2025-08-25,TOR202508250,MIN,"Outman, James",outmj002,3,0,empty,empty,1,single,8,4,10
2025-08-25,TOR202508250,MIN,"Buxton, Byron",buxtb001,4,0,1B,1B,1,field_out,8,4,10
2025-08-25,TOR202508250,MIN,"Larnach, Trevor",larnt001,4,1,1B,1B,1,walk,8,4,10
2025-08-25,TOR202508250,MIN,"Lee, Brooks",lee-b002,4,1,1B+2B,1B+2B,1,field_out,8,4,10
2025-08-25,TOR202508250,MIN,"Wallner, Matt",wallm001,4,2,1B+3B,1B+3B,1,field_out,8,4,10
2025-08-25,TOR202508250,MIN,"Jeffers, Ryan",jeffr002,4,0,empty,empty,1,field_out,9,4,10
2025-08-25,TOR202508250,MIN,"Clemens, Kody",clemk001,4,1,empty,empty,1,walk,9,4,10
2025-08-25,TOR202508250,MIN,"Lewis, Royce",lewir003,4,1,1B,1B,1,field_out,9,4,10
2025-08-25,TOR202508250,MIN,"Julien, Edouard",julie001,4,2,1B,1B,1,field_out,9,4,10
2025-08-26,TOR202508260,MIN,"Larnach, Trevor",larnt001,1,0,empty,empty,1,walk,1,0,0
2025-08-26,TOR202508260,MIN,"Lee, Brooks",lee-b002,1,0,1B,1B,1,single,1,0,0
2025-08-26,TOR202508260,MIN,"Keaschall, Luke",keasl001,1,0,1B+3B,1B+3B,1,strikeout,1,0,0
2025-08-26,TOR202508260,MIN,"Wallner, Matt",wallm001,1,1,1B+3B,1B+3B,1,strikeout,1,0,0
2025-08-26,TOR202508260,MIN,"Julien, Edouard",julie001,1,2,1B+3B,1B+3B,1,strikeout,1,0,0
2025-08-26,TOR202508260,MIN,"Outman, James",outmj002,1,0,empty,empty,1,field_out,2,0,2
2025-08-26,TOR202508260,MIN,"Lewis, Royce",lewir003,1,1,empty,empty,1,field_out,2,0,2
2025-08-26,TOR202508260,MIN,"Gasper, Mickey",gaspm001,1,2,empty,empty,1,field_out,2,0,2
2025-08-26,TOR202508260,MIN,"Martin, Austin",marta007,1,0,empty,empty,1,field_out,3,0,3
2025-08-26,TOR202508260,MIN,"Larnach, Trevor",larnt001,2,1,empty,empty,1,field_out,3,0,3
2025-08-26,TOR202508260,MIN,"Lee, Brooks",lee-b002,2,2,empty,empty,1,field_out,3,0,3
2025-08-26,TOR202508260,MIN,"Keaschall, Luke",keasl001,2,0,empty,empty,1,walk,4,0,3
2025-08-26,TOR202508260,MIN,"Wallner, Matt",wallm001,2,0,1B,1B,1,strikeout,4,0,3
2025-08-26,TOR202508260,MIN,"Julien, Edouard",julie001,2,1,1B,1B,1,sac_bunt,4,0,3
2025-08-26,TOR202508260,MIN,"Outman, James",outmj002,2,2,2B,2B,1,field_out,4,0,3
2025-08-26,TOR202508260,MIN,"Lewis, Royce",lewir003,2,0,empty,empty,1,field_out,5,0,3
2025-08-26,TOR202508260,MIN,"Gasper, Mickey",gaspm001,2,1,empty,empty,1,single,5,0,3
2025-08-26,TOR202508260,MIN,"Martin, Austin",marta007,2,1,1B,1B,1,field_out,5,0,3
2025-08-26,TOR202508260,MIN,"Larnach, Trevor",larnt001,3,2,1B,1B,1,field_out,5,0,3
2025-08-26,TOR202508260,MIN,"Lee, Brooks",lee-b002,3,0,empty,empty,1,single,6,0,4
2025-08-26,TOR202508260,MIN,"Keaschall, Luke",keasl001,3,0,1B,1B,1,home_run,6,0,4
2025-08-26,TOR202508260,MIN,"Wallner, Matt",wallm001,3,0,empty,empty,1,strikeout,6,2,4
2025-08-26,TOR202508260,MIN,"Julien, Edouard",julie001,3,1,empty,empty,1,strikeout,6,2,4
2025-08-26,TOR202508260,MIN,"Outman, James",outmj002,3,2,empty,empty,1,walk,6,2,4
2025-08-26,TOR202508260,MIN,"Lewis, Royce",lewir003,3,2,1B,1B,1,field_out,6,2,4
2025-08-26,TOR202508260,MIN,"Gasper, Mickey",gaspm001,3,0,empty,empty,1,single,7,2,4
2025-08-26,TOR202508260,MIN,"Martin, Austin",marta007,3,0,1B,1B,1,walk,7,2,4
2025-08-26,TOR202508260,MIN,"Jeffers, Ryan",jeffr002,1,0,1B+2B,1B+2B,1,single,7,2,4
2025-08-26,TOR202508260,MIN,"Lee, Brooks",lee-b002,4,0,1B+2B+3B,1B+2B+3B,1,sac_fly,7,2,4
2025-08-26,TOR202508260,MIN,"Keaschall, Luke",keasl001,4,2,1B,1B,1,field_out,7,3,4
2025-08-26,TOR202508260,MIN,"Wallner, Matt",wallm001,4,0,empty,empty,1,hit_by_pitch,8,3,4
2025-08-26,TOR202508260,MIN,"Julien, Edouard",julie001,4,0,1B,2B,0,walk,8,3,4
2025-08-26,TOR202508260,MIN,"Outman, James",outmj002,4,1,1B+2B,2B,0,strikeout,8,3,4
2025-08-26,TOR202508260,MIN,"Lewis, Royce",lewir003,4,2,2B,2B,1,strikeout,8,3,4
2025-08-26,TOR202508260,MIN,"Gasper, Mickey",gaspm001,4,0,empty,empty,1,home_run,9,3,4
2025-08-26,TOR202508260,MIN,"Martin, Austin",marta007,4,0,empty,empty,1,single,9,4,4
2025-08-26,TOR202508260,MIN,"Jeffers, Ryan",jeffr002,2,0,1B,2B,0,field_out,9,4,4
2025-08-26,TOR202508260,MIN,"Lee, Brooks",lee-b002,5,1,2B,2B,1,hit_by_pitch,9,4,4
2025-08-26,TOR202508260,MIN,"Keaschall, Luke",keasl001,5,1,1B+2B,1B+2B,1,field_out,9,4,4
2025-08-26,TOR202508260,MIN,"Wallner, Matt",wallm001,5,2,1B+3B,1B+3B,1,home_run,9,4,4
2025-08-26,TOR202508260,MIN,"Julien, Edouard",julie001,5,2,empty,empty,1,walk,9,7,4
2025-08-26,TOR202508260,MIN,"Outman, James",outmj002,5,2,1B,1B,1,strikeout,9,7,4
2025-08-27,TOR202508270,MIN,"Buxton, Byron",buxtb001,1,0,empty,empty,1,home_run,1,0,0
2025-08-27,TOR202508270,MIN,"Jeffers, Ryan",jeffr002,1,0,empty,empty,1,field_out,1,1,0
2025-08-27,TOR202508270,MIN,"Wallner, Matt",wallm001,1,1,empty,empty,1,single,1,1,0
2025-08-27,TOR202508270,MIN,"Keaschall, Luke",keasl001,1,1,1B,2B,0,strikeout,1,1,0
2025-08-27,TOR202508270,MIN,"Lee, Brooks",lee-b002,1,2,2B,2B,1,field_out,1,1,0
2025-08-27,TOR202508270,MIN,"Clemens, Kody",clemk001,1,0,empty,empty,1,field_out,2,1,0
2025-08-27,TOR202508270,MIN,"Lewis, Royce",lewir003,1,1,empty,empty,1,strikeout,2,1,0
2025-08-27,TOR202508270,MIN,"Martin, Austin",marta007,1,2,empty,empty,1,single,2,1,0
2025-08-27,TOR202508270,MIN,"Julien, Edouard",julie001,1,2,1B,2B,0,strikeout,2,1,0
2025-08-27,TOR202508270,MIN,"Buxton, Byron",buxtb001,2,0,empty,empty,1,home_run,3,1,1
2025-08-27,TOR202508270,MIN,"Jeffers, Ryan",jeffr002,2,0,empty,empty,1,field_out,3,2,1
2025-08-27,TOR202508270,MIN,"Wallner, Matt",wallm001,2,1,empty,empty,1,field_out,3,2,1
2025-08-27,TOR202508270,MIN,"Keaschall, Luke",keasl001,2,2,empty,empty,1,home_run,3,2,1
2025-08-27,TOR202508270,MIN,"Lee, Brooks",lee-b002,2,2,empty,empty,1,field_out,3,3,1
2025-08-27,TOR202508270,MIN,"Clemens, Kody",clemk001,2,0,empty,empty,1,strikeout,4,3,3
2025-08-27,TOR202508270,MIN,"Lewis, Royce",lewir003,2,1,empty,empty,1,field_out,4,3,3
2025-08-27,TOR202508270,MIN,"Martin, Austin",marta007,2,2,empty,empty,1,single,4,3,3
2025-08-27,TOR202508270,MIN,"Julien, Edouard",julie001,2,2,1B,1B,1,double,4,3,3
2025-08-27,TOR202508270,MIN,"Buxton, Byron",buxtb001,3,2,empty,empty,1,field_error,4,5,3
2025-08-27,TOR202508270,MIN,"Jeffers, Ryan",jeffr002,3,2,2B,2B,1,single,4,5,3
2025-08-27,TOR202508270,MIN,"Wallner, Matt",wallm001,3,0,empty,empty,1,field_out,5,6,5
2025-08-27,TOR202508270,MIN,"Keaschall, Luke",keasl001,3,1,empty,empty,1,field_out,5,6,5
2025-08-27,TOR202508270,MIN,"Lee, Brooks",lee-b002,3,2,empty,empty,1,home_run,5,6,5
2025-08-27,TOR202508270,MIN,"Clemens, Kody",clemk001,3,2,empty,empty,1,single,5,7,5
2025-08-27,TOR202508270,MIN,"Lewis, Royce",lewir003,3,2,1B,2B,0,single,5,7,5
2025-08-27,TOR202508270,MIN,"Martin, Austin",marta007,3,2,1B,2B,0,field_out,5,8,5
2025-08-27,TOR202508270,MIN,"Julien, Edouard",julie001,3,0,empty,empty,1,strikeout,6,8,5
2025-08-27,TOR202508270,MIN,"Buxton, Byron",buxtb001,4,1,empty,empty,1,strikeout,6,8,5
2025-08-27,TOR202508270,MIN,"Jeffers, Ryan",jeffr002,4,2,empty,empty,1,field_out,6,8,5
2025-08-27,TOR202508270,MIN,"Wallner, Matt",wallm001,4,0,empty,empty,1,field_out,7,8,6
2025-08-27,TOR202508270,MIN,"Keaschall, Luke",keasl001,4,1,empty,empty,1,strikeout,7,8,6
2025-08-27,TOR202508270,MIN,"Lee, Brooks",lee-b002,4,2,empty,empty,1,strikeout,7,8,6
2025-08-27,TOR202508270,MIN,"Clemens, Kody",clemk001,4,0,empty,empty,1,field_out,8,8,6
2025-08-27,TOR202508270,MIN,"Lewis, Royce",lewir003,4,1,empty,empty,1,field_out,8,8,6
2025-08-27,TOR202508270,MIN,"Martin, Austin",marta007,4,2,empty,empty,1,walk,8,8,6
2025-08-27,TOR202508270,MIN,"Julien, Edouard",julie001,4,2,1B,2B,0,walk,8,8,6
2025-08-27,TOR202508270,MIN,"Buxton, Byron",buxtb001,5,2,1B+2B,2B+3B,0,strikeout,8,8,6
2025-08-27,TOR202508270,MIN,"Jeffers, Ryan",jeffr002,5,0,empty,empty,1,field_out,9,8,9
2025-08-27,TOR202508270,MIN,"Wallner, Matt",wallm001,5,1,empty,empty,1,strikeout,9,8,9
2025-08-27,TOR202508270,MIN,"Keaschall, Luke",keasl001,5,2,empty,empty,1,double,9,8,9
2025-08-27,TOR202508270,MIN,"Lee, Brooks",lee-b002,5,2,2B,2B,1,field_out,9,8,9
2025-08-29,MIN202508290,MIN,"Buxton, Byron",buxtb001,1,0,empty,empty,1,field_out,1,0,0
2025-08-29,MIN202508290,MIN,"Jeffers, Ryan",jeffr002,1,1,empty,empty,1,single,1,0,0
2025-08-29,MIN202508290,MIN,"Keaschall, Luke",keasl001,1,2,empty,empty,1,field_out,1,0,0
2025-08-29,MIN202508290,MIN,"Lee, Brooks",lee-b002,1,0,empty,empty,1,field_out,2,0,0
2025-08-29,MIN202508290,MIN,"Wallner, Matt",wallm001,1,1,empty,empty,1,field_out,2,0,0
2025-08-29,MIN202508290,MIN,"Martin, Austin",marta007,1,2,empty,empty,1,double,2,0,0
2025-08-29,MIN202508290,MIN,"Lewis, Royce",lewir003,1,2,2B,2B,1,strikeout,2,0,0
2025-08-29,MIN202508290,MIN,"Clemens, Kody",clemk001,1,0,empty,empty,1,single,3,0,1
2025-08-29,MIN202508290,MIN,"Larnach, Trevor",larnt001,1,0,1B,1B,1,single,3,0,1
2025-08-29,MIN202508290,MIN,"Buxton, Byron",buxtb001,2,0,1B+3B,1B+3B,1,field_out,3,0,1
2025-08-29,MIN202508290,MIN,"Jeffers, Ryan",jeffr002,2,1,1B,1B,1,walk,3,1,1
2025-08-29,MIN202508290,MIN,"Keaschall, Luke",keasl001,2,1,1B+2B,1B+3B,0,strikeout,3,1,1
2025-08-29,MIN202508290,MIN,"Lee, Brooks",lee-b002,2,2,1B+3B,1B+3B,1,field_out,3,1,1
2025-08-29,MIN202508290,MIN,"Wallner, Matt",wallm001,2,0,empty,empty,1,single,4,1,2
2025-08-29,MIN202508290,MIN,"Martin, Austin",marta007,2,0,1B,2B,0,walk,4,1,2
2025-08-29,MIN202508290,MIN,"Lewis, Royce",lewir003,2,0,1B+2B,1B+2B,1,single,4,1,2
2025-08-29,MIN202508290,MIN,"Clemens, Kody",clemk001,2,0,1B+2B+3B,1B+2B+3B,1,fielders_choice,4,1,2
2025-08-29,MIN202508290,MIN,"Larnach, Trevor",larnt001,2,0,2B+3B,2B+3B,1,single,4,3,2
2025-08-29,MIN202508290,MIN,"Buxton, Byron",buxtb001,3,0,1B,1B,1,field_out,4,5,2
2025-08-29,MIN202508290,MIN,"Jeffers, Ryan",jeffr002,3,1,1B,2B,0,field_out,4,5,2
2025-08-29,MIN202508290,MIN,"Keaschall, Luke",keasl001,3,2,3B,3B,1,walk,4,5,2
2025-08-29,MIN202508290,MIN,"Lee, Brooks",lee-b002,3,2,1B+3B,1B+3B,1,field_out,4,5,2
2025-08-29,MIN202508290,MIN,"Wallner, Matt",wallm001,3,0,empty,empty,1,field_out,5,5,2
2025-08-29,MIN202508290,MIN,"Martin, Austin",marta007,3,1,empty,empty,1,single,5,5,2
2025-08-29,MIN202508290,MIN,"Lewis, Royce",lewir003,3,2,1B,empty,0,home_run,5,5,2
2025-08-29,MIN202508290,MIN,"Clemens, Kody",clemk001,3,2,empty,empty,1,walk,5,6,2
2025-08-29,MIN202508290,MIN,"Larnach, Trevor",larnt001,3,2,1B,1B,1,single,5,6,2
2025-08-29,MIN202508290,MIN,"Buxton, Byron",buxtb001,4,2,1B+3B,1B+3B,1,single,5,6,2
2025-08-29,MIN202508290,MIN,"Jeffers, Ryan",jeffr002,4,2,1B+2B,1B+2B,1,field_out,5,7,2
2025-08-29,MIN202508290,MIN,"Keaschall, Luke",keasl001,4,0,empty,empty,1,field_out,6,7,2
2025-08-29,MIN202508290,MIN,"Lee, Brooks",lee-b002,4,1,empty,empty,1,strikeout,6,7,2
2025-08-29,MIN202508290,MIN,"Wallner, Matt",wallm001,4,2,empty,empty,1,walk,6,7,2
2025-08-29,MIN202508290,MIN,"Martin, Austin",marta007,4,2,1B,2B,0,walk,6,7,2
2025-08-29,MIN202508290,MIN,"Lewis, Royce",lewir003,4,2,1B+2B,1B+2B,1,walk,6,7,2
2025-08-29,MIN202508290,MIN,"Clemens, Kody",clemk001,4,2,1B+2B+3B,1B+2B+3B,1,field_out,6,7,2
2025-08-29,MIN202508290,MIN,"Larnach, Trevor",larnt001,4,0,empty,empty,1,field_out,7,7,4
2025-08-29,MIN202508290,MIN,"Buxton, Byron",buxtb001,5,1,empty,empty,1,field_out,7,7,4
2025-08-29,MIN202508290,MIN,"Jeffers, Ryan",jeffr002,5,2,empty,empty,1,double,7,7,4
2025-08-29,MIN202508290,MIN,"Keaschall, Luke",keasl001,5,2,2B,2B,1,field_out,7,7,4
2025-08-29,MIN202508290,MIN,"Lee, Brooks",lee-b002,5,0,empty,empty,1,field_out,8,7,4
2025-08-29,MIN202508290,MIN,"Wallner, Matt",wallm001,5,1,empty,empty,1,field_out,8,7,4
2025-08-29,MIN202508290,MIN,"Martin, Austin",marta007,5,2,empty,empty,1,strikeout,8,7,4
2025-08-30,MIN202508300,MIN,"Buxton, Byron",buxtb001,1,0,empty,empty,1,field_out,1,0,0
2025-08-30,MIN202508300,MIN,"Larnach, Trevor",larnt001,1,1,empty,empty,1,single,1,0,0
2025-08-30,MIN202508300,MIN,"Keaschall, Luke",keasl001,1,1,1B,1B,1,field_out,1,0,0
2025-08-30,MIN202508300,MIN,"Wallner, Matt",wallm001,1,2,1B,2B,0,strikeout,1,0,0
2025-08-30,MIN202508300,MIN,"Jeffers, Ryan",jeffr002,1,0,empty,empty,1,field_out,2,0,0
2025-08-30,MIN202508300,MIN,"Clemens, Kody",clemk001,1,1,empty,empty,1,strikeout,2,0,0
2025-08-30,MIN202508300,MIN,"Lewis, Royce",lewir003,1,2,empty,empty,1,strikeout,2,0,0
2025-08-30,MIN202508300,MIN,"Lee, Brooks",lee-b002,1,0,empty,empty,1,field_out,3,0,0
2025-08-30,MIN202508300,MIN,"Outman, James",outmj002,1,1,empty,empty,1,field_error,3,0,0
2025-08-30,MIN202508300,MIN,"Buxton, Byron",buxtb001,2,1,1B,2B,0,walk,3,0,0
2025-08-30,MIN202508300,MIN,"Larnach, Trevor",larnt001,2,1,1B+2B,1B+2B,1,single,3,0,0
2025-08-30,MIN202508300,MIN,"Keaschall, Luke",keasl001,2,1,1B+2B,1B+2B,1,field_out,3,1,0
2025-08-30,MIN202508300,MIN,"Wallner, Matt",wallm001,2,2,1B+3B,1B+3B,1,field_out,3,1,0
2025-08-30,MIN202508300,MIN,"Jeffers, Ryan",jeffr002,2,0,empty,empty,1,field_out,4,1,0
2025-08-30,MIN202508300,MIN,"Clemens, Kody",clemk001,2,1,empty,empty,1,field_out,4,1,0
2025-08-30,MIN202508300,MIN,"Lewis, Royce",lewir003,2,2,empty,empty,1,strikeout,4,1,0
2025-08-30,MIN202508300,MIN,"Lee, Brooks",lee-b002,2,0,empty,empty,1,strikeout,5,1,1
2025-08-30,MIN202508300,MIN,"Outman, James",outmj002,2,1,empty,empty,1,single,5,1,1
2025-08-30,MIN202508300,MIN,"Buxton, Byron",buxtb001,3,1,1B,1B,1,home_run,5,1,1
2025-08-30,MIN202508300,MIN,"Larnach, Trevor",larnt001,3,1,empty,empty,1,strikeout,5,3,1
2025-08-30,MIN202508300,MIN,"Keaschall, Luke",keasl001,3,2,empty,empty,1,field_out,5,3,1
2025-08-30,MIN202508300,MIN,"Wallner, Matt",wallm001,3,0,empty,empty,1,field_out,6,3,3
2025-08-30,MIN202508300,MIN,"Jeffers, Ryan",jeffr002,3,1,empty,empty,1,field_out,6,3,3
2025-08-30,MIN202508300,MIN,"Clemens, Kody",clemk001,3,2,empty,empty,1,field_out,6,3,3
2025-08-30,MIN202508300,MIN,"Lewis, Royce",lewir003,3,0,empty,empty,1,field_out,7,3,10
2025-08-30,MIN202508300,MIN,"Lee, Brooks",lee-b002,3,1,empty,empty,1,field_out,7,3,10
2025-08-30,MIN202508300,MIN,"Outman, James",outmj002,3,2,empty,empty,1,field_out,7,3,10
2025-08-30,MIN202508300,MIN,"Martin, Austin",marta007,1,0,empty,empty,1,single,8,3,12
2025-08-30,MIN202508300,MIN,"Fitzgerald, Ryan",fitzr001,1,0,1B,1B,1,strikeout,8,3,12
2025-08-30,MIN202508300,MIN,"Keaschall, Luke",keasl001,4,1,1B,1B,1,field_out,8,3,12
2025-08-30,MIN202508300,MIN,"Julien, Edouard",julie001,1,2,1B,1B,1,field_out,8,3,12
2025-08-30,MIN202508300,MIN,"Gasper, Mickey",gaspm001,1,0,empty,empty,1,field_out,9,3,12
2025-08-30,MIN202508300,MIN,"Clemens, Kody",clemk001,4,1,empty,empty,1,field_out,9,3,12
2025-08-30,MIN202508300,MIN,"Lewis, Royce",lewir003,4,2,empty,empty,1,field_out,9,3,12
2025-08-31,MIN202508310,MIN,"Buxton, Byron",buxtb001,1,0,empty,empty,1,field_out,1,0,0
2025-08-31,MIN202508310,MIN,"Wallner, Matt",wallm001,1,1,empty,empty,1,field_out,1,0,0
2025-08-31,MIN202508310,MIN,"Lee, Brooks",lee-b002,1,2,empty,empty,1,strikeout,1,0,0
2025-08-31,MIN202508310,MIN,"Keaschall, Luke",keasl001,1,0,empty,empty,1,field_out,2,0,0
2025-08-31,MIN202508310,MIN,"Clemens, Kody",clemk001,1,1,empty,empty,1,strikeout,2,0,0
2025-08-31,MIN202508310,MIN,"Jeffers, Ryan",jeffr002,1,2,empty,empty,1,single,2,0,0
2025-08-31,MIN202508310,MIN,"Lewis, Royce",lewir003,1,2,1B,1B,1,field_out,2,0,0
2025-08-31,MIN202508310,MIN,"Outman, James",outmj002,1,0,empty,empty,1,strikeout,3,0,0
2025-08-31,MIN202508310,MIN,"Martin, Austin",marta007,1,1,empty,empty,1,walk,3,0,0
2025-08-31,MIN202508310,MIN,"Buxton, Byron",buxtb001,2,1,1B,2B,0,home_run,3,0,0
2025-08-31,MIN202508310,MIN,"Wallner, Matt",wallm001,2,1,empty,empty,1,field_out,3,2,0
2025-08-31,MIN202508310,MIN,"Lee, Brooks",lee-b002,2,2,empty,empty,1,field_out,3,2,0
2025-08-31,MIN202508310,MIN,"Keaschall, Luke",keasl001,2,0,empty,empty,1,hit_by_pitch,4,2,0
2025-08-31,MIN202508310,MIN,"Clemens, Kody",clemk001,2,0,1B,1B,1,field_out,4,2,0
2025-08-31,MIN202508310,MIN,"Jeffers, Ryan",jeffr002,2,1,1B,1B,1,walk,4,2,0
2025-08-31,MIN202508310,MIN,"Lewis, Royce",lewir003,2,1,1B+2B,1B+2B,1,strikeout,4,2,0
2025-08-31,MIN202508310,MIN,"Outman, James",outmj002,2,2,1B+2B,1B+2B,1,single,4,2,0
2025-08-31,MIN202508310,MIN,"Martin, Austin",marta007,2,2,1B+3B,1B+3B,1,strikeout,4,3,0
2025-08-31,MIN202508310,MIN,"Buxton, Byron",buxtb001,3,0,empty,empty,1,double,5,3,0
2025-08-31,MIN202508310,MIN,"Wallner, Matt",wallm001,3,0,2B,2B,1,strikeout,5,3,0
2025-08-31,MIN202508310,MIN,"Lee, Brooks",lee-b002,3,1,2B,2B,1,walk,5,3,0
2025-08-31,MIN202508310,MIN,"Keaschall, Luke",keasl001,3,1,1B+2B,1B+2B,1,single,5,3,0
2025-08-31,MIN202508310,MIN,"Clemens, Kody",clemk001,3,1,1B+2B,1B+2B,1,hit_by_pitch,5,4,0
2025-08-31,MIN202508310,MIN,"Jeffers, Ryan",jeffr002,3,1,1B+2B+3B,1B+2B+3B,1,sac_fly,5,4,0
2025-08-31,MIN202508310,MIN,"Lewis, Royce",lewir003,3,2,1B+3B,1B+3B,1,single,5,5,0
2025-08-31,MIN202508310,MIN,"Outman, James",outmj002,3,2,1B+3B,1B+3B,1,field_out,5,6,0
2025-08-31,MIN202508310,MIN,"Martin, Austin",marta007,3,0,empty,empty,1,field_out,6,6,0
2025-08-31,MIN202508310,MIN,"Buxton, Byron",buxtb001,4,1,empty,empty,1,field_out,6,6,0
2025-08-31,MIN202508310,MIN,"Wallner, Matt",wallm001,4,2,empty,empty,1,strikeout,6,6,0
2025-08-31,MIN202508310,MIN,"Lee, Brooks",lee-b002,4,0,empty,empty,1,single,7,6,0
2025-08-31,MIN202508310,MIN,"Keaschall, Luke",keasl001,4,0,1B,1B,1,walk,7,6,0
2025-08-31,MIN202508310,MIN,"Clemens, Kody",clemk001,4,0,1B+2B,1B+2B,1,strikeout,7,6,0
2025-08-31,MIN202508310,MIN,"Jeffers, Ryan",jeffr002,4,1,1B+2B,1B+2B,1,field_out,7,6,0
2025-08-31,MIN202508310,MIN,"Lewis, Royce",lewir003,4,2,1B+2B,1B+2B,1,single,7,6,0
2025-08-31,MIN202508310,MIN,"Outman, James",outmj002,4,2,1B+3B,1B+3B,1,strikeout,7,7,0
2025-08-31,MIN202508310,MIN,"Martin, Austin",marta007,4,0,empty,empty,1,field_out,8,7,0
2025-08-31,MIN202508310,MIN,"Buxton, Byron",buxtb001,5,1,empty,empty,1,strikeout,8,7,0
2025-08-31,MIN202508310,MIN,"Wallner, Matt",wallm001,5,2,empty,empty,1,field_out,8,7,0
2025-09-01,MIN202509010,MIN,"Buxton, Byron",buxtb001,1,0,empty,empty,1,field_out,1,0,0
2025-09-01,MIN202509010,MIN,"Jeffers, Ryan",jeffr002,1,1,empty,empty,1,walk,1,0,0
2025-09-01,MIN202509010,MIN,"Wallner, Matt",wallm001,1,1,1B,1B,1,field_out,1,0,0
2025-09-01,MIN202509010,MIN,"Keaschall, Luke",keasl001,1,2,1B,1B,1,strikeout,1,0,0
2025-09-01,MIN202509010,MIN,"Larnach, Trevor",larnt001,1,0,empty,empty,1,strikeout,2,0,3
2025-09-01,MIN202509010,MIN,"Lee, Brooks",lee-b002,1,1,empty,empty,1,field_out,2,0,3
2025-09-01,MIN202509010,MIN,"Lewis, Royce",lewir003,1,2,empty,empty,1,field_error,2,0,3
2025-09-01,MIN202509010,MIN,"Julien, Edouard",julie001,1,2,1B,1B,1,walk,2,0,3
2025-09-01,MIN202509010,MIN,"Outman, James",outmj002,1,2,1B+2B,1B+2B,1,walk,2,0,3
2025-09-01,MIN202509010,MIN,"Buxton, Byron",buxtb001,2,2,1B+2B+3B,1B+2B+3B,1,walk,2,0,3
2025-09-01,MIN202509010,MIN,"Jeffers, Ryan",jeffr002,2,2,1B+2B+3B,1B+2B+3B,1,strikeout,2,1,3
2025-09-01,MIN202509010,MIN,"Wallner, Matt",wallm001,2,0,empty,empty,1,field_out,3,1,3
2025-09-01,MIN202509010,MIN,"Keaschall, Luke",keasl001,2,1,empty,empty,1,single,3,1,3
2025-09-01,MIN202509010,MIN,"Larnach, Trevor",larnt001,2,1,1B,1B,1,single,3,1,3
2025-09-01,MIN202509010,MIN,"Lee, Brooks",lee-b002,2,1,1B+2B,1B+2B,1,field_out,3,1,3
2025-09-01,MIN202509010,MIN,"Lewis, Royce",lewir003,2,2,1B+2B,1B+2B,1,field_out,3,1,3
2025-09-01,MIN202509010,MIN,"Julien, Edouard",julie001,2,0,empty,empty,1,strikeout,4,1,3
2025-09-01,MIN202509010,MIN,"Outman, James",outmj002,2,1,empty,empty,1,strikeout,4,1,3
2025-09-01,MIN202509010,MIN,"Buxton, Byron",buxtb001,3,2,empty,empty,1,double,4,1,3
2025-09-01,MIN202509010,MIN,"Jeffers, Ryan",jeffr002,3,2,2B,empty,0,walk,4,2,3
2025-09-01,MIN202509010,MIN,"Wallner, Matt",wallm001,3,2,1B,1B,1,strikeout,4,2,3
2025-09-01,MIN202509010,MIN,"Keaschall, Luke",keasl001,3,0,empty,empty,1,field_out,5,2,4
2025-09-01,MIN202509010,MIN,"Larnach, Trevor",larnt001,3,1,empty,empty,1,single,5,2,4
2025-09-01,MIN202509010,MIN,"Lee, Brooks",lee-b002,3,1,1B,1B,1,grounded_into_double_play,5,2,4
2025-09-01,MIN202509010,MIN,"Lewis, Royce",lewir003,3,0,empty,empty,1,home_run,6,2,4
2025-09-01,MIN202509010,MIN,"Julien, Edouard",julie001,3,0,empty,empty,1,double,6,3,4
2025-09-01,MIN202509010,MIN,"Outman, James",outmj002,3,0,2B,2B,1,field_out,6,3,4
2025-09-01,MIN202509010,MIN,"Buxton, Byron",buxtb001,4,1,2B,3B,0,sac_fly,6,3,4
2025-09-01,MIN202509010,MIN,"Jeffers, Ryan",jeffr002,4,2,empty,empty,1,field_out,6,4,4
2025-09-01,MIN202509010,MIN,"Wallner, Matt",wallm001,4,0,empty,empty,1,double,7,4,4
2025-09-01,MIN202509010,MIN,"Keaschall, Luke",keasl001,4,0,2B,2B,1,field_out,7,4,4
2025-09-01,MIN202509010,MIN,"Larnach, Trevor",larnt001,4,1,2B,2B,1,strikeout,7,4,4
2025-09-01,MIN202509010,MIN,"Lee, Brooks",lee-b002,4,2,2B,2B,1,single,7,4,4
2025-09-01,MIN202509010,MIN,"Lewis, Royce",lewir003,4,2,1B,1B,1,field_out,7,5,4
2025-09-01,MIN202509010,MIN,"Clemens, Kody",clemk001,1,0,empty,empty,1,field_out,8,5,6
2025-09-01,MIN202509010,MIN,"Outman, James",outmj002,4,1,empty,empty,1,field_out,8,5,6
2025-09-01,MIN202509010,MIN,"Buxton, Byron",buxtb001,5,2,empty,empty,1,field_out,8,5,6
2025-09-01,MIN202509010,MIN,"Jeffers, Ryan",jeffr002,5,0,empty,empty,1,strikeout,9,5,6
2025-09-01,MIN202509010,MIN,"Martin, Austin",marta007,1,1,empty,empty,1,field_out,9,5,6
2025-09-01,MIN202509010,MIN,"Keaschall, Luke",keasl001,5,2,empty,empty,1,strikeout,9,5,6
2025-09-02,MIN202509020,MIN,"Buxton, Byron",buxtb001,1,0,empty,empty,1,triple,1,0,0
2025-09-02,MIN202509020,MIN,"Larnach, Trevor",larnt001,1,0,3B,3B,1,single,1,0,0
2025-09-02,MIN202509020,MIN,"Lee, Brooks",lee-b002,1,0,1B,1B,1,field_out,1,1,0
2025-09-02,MIN202509020,MIN,"Wallner, Matt",wallm001,1,1,1B,1B,1,strikeout,1,1,0
2025-09-02,MIN202509020,MIN,"Clemens, Kody",clemk001,1,2,1B,1B,1,field_out,1,1,0
2025-09-02,MIN202509020,MIN,"Martin, Austin",marta007,1,0,empty,empty,1,field_out,2,1,1
2025-09-02,MIN202509020,MIN,"Outman, James",outmj002,1,1,empty,empty,1,field_out,2,1,1
2025-09-02,MIN202509020,MIN,"Gasper, Mickey",gaspm001,1,2,empty,empty,1,walk,2,1,1
2025-09-02,MIN202509020,MIN,"Fitzgerald, Ryan",fitzr001,1,2,1B,2B,0,single,2,1,1
2025-09-02,MIN202509020,MIN,"Buxton, Byron",buxtb001,2,2,1B,1B,1,field_out,2,2,1
2025-09-02,MIN202509020,MIN,"Larnach, Trevor",larnt001,2,0,empty,empty,1,field_out,3,2,1
2025-09-02,MIN202509020,MIN,"Lee, Brooks",lee-b002,2,1,empty,empty,1,field_out,3,2,1
2025-09-02,MIN202509020,MIN,"Wallner, Matt",wallm001,2,2,empty,empty,1,strikeout,3,2,1
2025-09-02,MIN202509020,MIN,"Clemens, Kody",clemk001,2,0,empty,empty,1,single,4,2,1
2025-09-02,MIN202509020,MIN,"Martin, Austin",marta007,2,0,1B,1B,1,single,4,2,1
2025-09-02,MIN202509020,MIN,"Outman, James",outmj002,2,0,1B+2B,2B+3B,0,walk,4,2,1
2025-09-02,MIN202509020,MIN,"Gasper, Mickey",gaspm001,2,0,1B+2B+3B,1B+2B+3B,1,sac_fly,4,2,1
2025-09-02,MIN202509020,MIN,"Fitzgerald, Ryan",fitzr001,2,2,2B,2B,1,field_out,4,3,1
2025-09-02,MIN202509020,MIN,"Buxton, Byron",buxtb001,3,0,empty,empty,1,field_out,5,3,3
2025-09-02,MIN202509020,MIN,"Larnach, Trevor",larnt001,3,1,empty,empty,1,field_out,5,3,3
2025-09-02,MIN202509020,MIN,"Lee, Brooks",lee-b002,3,2,empty,empty,1,single,5,3,3
2025-09-02,MIN202509020,MIN,"Wallner, Matt",wallm001,3,2,1B,1B,1,strikeout,5,3,3
2025-09-02,MIN202509020,MIN,"Clemens, Kody",clemk001,3,0,empty,empty,1,strikeout,6,3,5
2025-09-02,MIN202509020,MIN,"Martin, Austin",marta007,3,1,empty,empty,1,walk,6,3,5
2025-09-02,MIN202509020,MIN,"Outman, James",outmj002,3,1,1B,1B,1,field_out,6,3,5
2025-09-02,MIN202509020,MIN,"Gasper, Mickey",gaspm001,3,2,2B,2B,1,field_out,6,3,5
2025-09-02,MIN202509020,MIN,"Fitzgerald, Ryan",fitzr001,3,0,empty,empty,1,field_out,7,3,9
2025-09-02,MIN202509020,MIN,"Buxton, Byron",buxtb001,4,1,empty,empty,1,strikeout,7,3,9
2025-09-02,MIN202509020,MIN,"Larnach, Trevor",larnt001,4,2,empty,empty,1,double,7,3,9
2025-09-02,MIN202509020,MIN,"Lee, Brooks",lee-b002,4,2,2B,2B,1,strikeout,7,3,9
2025-09-02,MIN202509020,MIN,"Wallner, Matt",wallm001,4,0,empty,empty,1,field_out,8,3,12
2025-09-02,MIN202509020,MIN,"Clemens, Kody",clemk001,4,1,empty,empty,1,field_out,8,3,12
2025-09-02,MIN202509020,MIN,"Martin, Austin",marta007,4,2,empty,empty,1,strikeout,8,3,12
2025-09-02,MIN202509020,MIN,"Outman, James",outmj002,4,0,empty,empty,1,field_out,9,3,12
2025-09-02,MIN202509020,MIN,"Gasper, Mickey",gaspm001,4,1,empty,empty,1,field_out,9,3,12
2025-09-02,MIN202509020,MIN,"Fitzgerald, Ryan",fitzr001,4,2,empty,empty,1,field_out,9,3,12
2025-09-03,MIN202509030,MIN,"Buxton, Byron",buxtb001,1,0,empty,empty,1,strikeout,1,0,0
2025-09-03,MIN202509030,MIN,"Larnach, Trevor",larnt001,1,1,empty,empty,1,single,1,0,0
2025-09-03,MIN202509030,MIN,"Keaschall, Luke",keasl001,1,1,1B,1B,1,double,1,0,0
2025-09-03,MIN202509030,MIN,"Wallner, Matt",wallm001,1,1,2B,2B,1,single,1,1,0
2025-09-03,MIN202509030,MIN,"Jeffers, Ryan",jeffr002,1,1,1B,1B,1,field_out,1,2,0
2025-09-03,MIN202509030,MIN,"Lee, Brooks",lee-b002,1,0,1B,empty,0,field_out,2,2,1
2025-09-03,MIN202509030,MIN,"Lewis, Royce",lewir003,1,1,empty,empty,1,single,2,2,1
2025-09-03,MIN202509030,MIN,"Julien, Edouard",julie001,1,1,1B,1B,1,strikeout,2,2,1
2025-09-03,MIN202509030,MIN,"Martin, Austin",marta007,1,2,1B,2B,0,field_out,2,2,1
2025-09-03,MIN202509030,MIN,"Buxton, Byron",buxtb001,2,0,empty,empty,1,strikeout,3,2,1
2025-09-03,MIN202509030,MIN,"Larnach, Trevor",larnt001,2,1,empty,empty,1,field_out,3,2,1
2025-09-03,MIN202509030,MIN,"Keaschall, Luke",keasl001,2,2,empty,empty,1,field_out,3,2,1
2025-09-03,MIN202509030,MIN,"Wallner, Matt",wallm001,2,0,empty,empty,1,strikeout,4,2,1
2025-09-03,MIN202509030,MIN,"Jeffers, Ryan",jeffr002,2,1,empty,empty,1,single,4,2,1
2025-09-03,MIN202509030,MIN,"Lee, Brooks",lee-b002,2,1,1B,1B,1,strikeout,4,2,1
2025-09-03,MIN202509030,MIN,"Lewis, Royce",lewir003,2,2,1B,1B,1,single,4,2,1
2025-09-03,MIN202509030,MIN,"Julien, Edouard",julie001,2,2,1B+2B,1B+2B,1,walk,4,2,1
2025-09-03,MIN202509030,MIN,"Martin, Austin",marta007,2,2,1B+2B+3B,1B+2B+3B,1,field_out,4,2,1
2025-09-03,MIN202509030,MIN,"Buxton, Byron",buxtb001,3,0,empty,empty,1,triple,5,2,1
2025-09-03,MIN202509030,MIN,"Larnach, Trevor",larnt001,3,0,3B,3B,1,field_out,5,2,1
2025-09-03,MIN202509030,MIN,"Keaschall, Luke",keasl001,3,1,3B,3B,1,fielders_choice_out,5,2,1
2025-09-03,MIN202509030,MIN,"Wallner, Matt",wallm001,3,2,1B,1B,1,field_out,5,2,1
2025-09-03,MIN202509030,MIN,"Jeffers, Ryan",jeffr002,3,0,empty,empty,1,single,6,2,1
2025-09-03,MIN202509030,MIN,"Lee, Brooks",lee-b002,3,0,1B,1B,1,field_out,6,2,1
2025-09-03,MIN202509030,MIN,"Lewis, Royce",lewir003,3,1,2B,2B,1,single,6,2,1
2025-09-03,MIN202509030,MIN,"Julien, Edouard",julie001,3,1,1B,2B,0,field_out,6,3,1
2025-09-03,MIN202509030,MIN,"Martin, Austin",marta007,3,2,2B,2B,1,walk,6,3,1
2025-09-03,MIN202509030,MIN,"Buxton, Byron",buxtb001,4,2,1B+2B,1B+2B,1,strikeout,6,3,1
2025-09-03,MIN202509030,MIN,"Larnach, Trevor",larnt001,4,0,empty,empty,1,field_out,7,3,1
2025-09-03,MIN202509030,MIN,"Keaschall, Luke",keasl001,4,1,empty,empty,1,walk,7,3,1
2025-09-03,MIN202509030,MIN,"Wallner, Matt",wallm001,4,1,1B,1B,1,strikeout,7,3,1
2025-09-03,MIN202509030,MIN,"Jeffers, Ryan",jeffr002,4,2,1B,1B,1,single,7,3,1
2025-09-03,MIN202509030,MIN,"Lee, Brooks",lee-b002,4,2,1B+3B,1B+3B,1,field_out,7,3,1
2025-09-03,MIN202509030,MIN,"Lewis, Royce",lewir003,4,0,empty,empty,1,strikeout,8,3,1
2025-09-03,MIN202509030,MIN,"Julien, Edouard",julie001,4,1,empty,empty,1,strikeout,8,3,1
2025-09-03,MIN202509030,MIN,"Martin, Austin",marta007,4,2,empty,empty,1,field_out,8,3,1
2025-09-03,MIN202509030,MIN,"Buxton, Byron",buxtb001,5,0,empty,empty,1,double,9,3,4
2025-09-03,MIN202509030,MIN,"Larnach, Trevor",larnt001,5,0,2B,2B,1,walk,9,3,4
2025-09-03,MIN202509030,MIN,"Keaschall, Luke",keasl001,5,0,1B+2B,1B+2B,1,field_out,9,3,4
2025-09-03,MIN202509030,MIN,"Outman, James",outmj002,1,1,1B+2B,1B+2B,1,field_out,9,3,4
2025-09-03,MIN202509030,MIN,"Jeffers, Ryan",jeffr002,5,2,1B+2B,1B+2B,1,field_out,9,3,4
2025-09-04,MIN202509040,MIN,"Keaschall, Luke",keasl001,1,0,empty,empty,1,field_out,1,0,0
2025-09-04,MIN202509040,MIN,"Larnach, Trevor",larnt001,1,1,empty,empty,1,single,1,0,0
2025-09-04,MIN202509040,MIN,"Jeffers, Ryan",jeffr002,1,2,1B,empty,0,walk,1,0,0
2025-09-04,MIN202509040,MIN,"Clemens, Kody",clemk001,1,2,1B,1B,1,single,1,0,0
2025-09-04,MIN202509040,MIN,"Lewis, Royce",lewir003,1,2,1B+2B,1B+2B,1,strikeout,1,0,0
2025-09-04,MIN202509040,MIN,"Wallner, Matt",wallm001,1,0,empty,empty,1,strikeout,2,0,0
2025-09-04,MIN202509040,MIN,"Martin, Austin",marta007,1,1,empty,empty,1,single,2,0,0
2025-09-04,MIN202509040,MIN,"Outman, James",outmj002,1,1,1B,1B,1,field_out,2,0,0
2025-09-04,MIN202509040,MIN,"Fitzgerald, Ryan",fitzr001,1,2,1B,1B,1,field_out,2,0,0
2025-09-04,MIN202509040,MIN,"Keaschall, Luke",keasl001,2,0,empty,empty,1,single,3,0,3
2025-09-04,MIN202509040,MIN,"Larnach, Trevor",larnt001,2,0,1B,2B,0,field_out,3,0,3
2025-09-04,MIN202509040,MIN,"Jeffers, Ryan",jeffr002,2,1,2B,3B,0,strikeout,3,0,3
2025-09-04,MIN202509040,MIN,"Clemens, Kody",clemk001,2,2,3B,3B,1,field_out,3,0,3
2025-09-04,MIN202509040,MIN,"Lewis, Royce",lewir003,2,0,empty,empty,1,field_out,4,0,3
2025-09-04,MIN202509040,MIN,"Wallner, Matt",wallm001,2,1,empty,empty,1,walk,4,0,3
2025-09-04,MIN202509040,MIN,"Martin, Austin",marta007,2,1,1B,1B,1,walk,4,0,3
2025-09-04,MIN202509040,MIN,"Outman, James",outmj002,2,1,1B+2B,1B+2B,1,strikeout,4,0,3
2025-09-04,MIN202509040,MIN,"Fitzgerald, Ryan",fitzr001,2,2,1B+2B,1B+2B,1,single,4,0,3
2025-09-04,MIN202509040,MIN,"Keaschall, Luke",keasl001,3,2,1B+3B,1B+3B,1,single,4,1,3
2025-09-04,MIN202509040,MIN,"Larnach, Trevor",larnt001,3,2,1B+3B,1B+3B,1,single,4,2,3
2025-09-04,MIN202509040,MIN,"Gasper, Mickey",gaspm001,1,2,1B+3B,2B+3B,0,single,4,3,3
2025-09-04,MIN202509040,MIN,"Clemens, Kody",clemk001,3,2,1B,1B,1,field_out,4,5,3
2025-09-04,MIN202509040,MIN,"Lewis, Royce",lewir003,3,0,empty,empty,1,field_out,5,5,4
2025-09-04,MIN202509040,MIN,"Wallner, Matt",wallm001,3,1,empty,empty,1,home_run,5,5,4
2025-09-04,MIN202509040,MIN,"Martin, Austin",marta007,3,1,empty,empty,1,single,5,6,4
2025-09-04,MIN202509040,MIN,"Outman, James",outmj002,3,1,1B,1B,1,strikeout,5,6,4
2025-09-04,MIN202509040,MIN,"Fitzgerald, Ryan",fitzr001,3,2,1B,2B,0,field_out,5,6,4
2025-09-04,MIN202509040,MIN,"Keaschall, Luke",keasl001,4,0,empty,empty,1,single,6,6,4
2025-09-04,MIN202509040,MIN,"Larnach, Trevor",larnt001,4,0,1B,1B,1,single,6,6,4
2025-09-04,MIN202509040,MIN,"Gasper, Mickey",gaspm001,2,0,2B+3B,2B+3B,1,field_out,6,6,4
2025-09-04,MIN202509040,MIN,"Clemens, Kody",clemk001,4,1,3B,3B,1,field_out,6,7,4
2025-09-04,MIN202509040,MIN,"Lewis, Royce",lewir003,4,2,3B,3B,1,strikeout,6,7,4
2025-09-04,MIN202509040,MIN,"Wallner, Matt",wallm001,4,0,empty,empty,1,walk,7,7,9
2025-09-04,MIN202509040,MIN,"Martin, Austin",marta007,4,0,1B,1B,1,grounded_into_double_play,7,7,9
2025-09-04,MIN202509040,MIN,"Outman, James",outmj002,4,2,empty,empty,1,strikeout,7,7,9
2025-09-04,MIN202509040,MIN,"Fitzgerald, Ryan",fitzr001,4,0,empty,empty,1,strikeout,8,7,9
2025-09-04,MIN202509040,MIN,"Keaschall, Luke",keasl001,5,1,empty,empty,1,single,8,7,9
2025-09-04,MIN202509040,MIN,"Larnach, Trevor",larnt001,5,1,1B,1B,1,field_out,8,7,9
2025-09-04,MIN202509040,MIN,"Gasper, Mickey",gaspm001,3,2,1B,1B,1,field_out,8,7,9
2025-09-04,MIN202509040,MIN,"Clemens, Kody",clemk001,5,0,empty,empty,1,home_run,9,7,11
2025-09-04,MIN202509040,MIN,"Lewis, Royce",lewir003,5,0,empty,empty,1,field_out,9,8,11
2025-09-04,MIN202509040,MIN,"Wallner, Matt",wallm001,5,1,empty,empty,1,field_out,9,8,11
2025-09-04,MIN202509040,MIN,"Martin, Austin",marta007,5,2,empty,empty,1,single,9,8,11
2025-09-04,MIN202509040,MIN,"Outman, James",outmj002,5,2,1B,2B,0,field_out,9,8,11
2025-09-05,KCA202509050,MIN,"Buxton, Byron",buxtb001,1,0,empty,empty,1,field_out,1,0,0
2025-09-05,KCA202509050,MIN,"Larnach, Trevor",larnt001,1,1,empty,empty,1,field_out,1,0,0
2025-09-05,KCA202509050,MIN,"Keaschall, Luke",keasl001,1,2,empty,empty,1,single,1,0,0
2025-09-05,KCA202509050,MIN,"Clemens, Kody",clemk001,1,2,1B,1B,1,walk,1,0,0
2025-09-05,KCA202509050,MIN,"Martin, Austin",marta007,1,2,1B+2B,1B+2B,1,field_out,1,0,0
2025-09-05,KCA202509050,MIN,"Wallner, Matt",wallm001,1,0,empty,empty,1,field_out,2,0,0
2025-09-05,KCA202509050,MIN,"Lewis, Royce",lewir003,1,1,empty,empty,1,walk,2,0,0
2025-09-05,KCA202509050,MIN,"Lee, Brooks",lee-b002,1,1,1B,1B,1,strikeout,2,0,0
2025-09-05,KCA202509050,MIN,"Pereda, Jhonny",perej004,1,2,1B,2B,0,field_out,2,0,0
2025-09-05,KCA202509050,MIN,"Buxton, Byron",buxtb001,2,0,empty,empty,1,field_out,3,0,0
2025-09-05,KCA202509050,MIN,"Larnach, Trevor",larnt001,2,1,empty,empty,1,strikeout,3,0,0
2025-09-05,KCA202509050,MIN,"Keaschall, Luke",keasl001,2,2,empty,empty,1,field_out,3,0,0
2025-09-05,KCA202509050,MIN,"Clemens, Kody",clemk001,2,0,empty,empty,1,field_out,4,0,2
2025-09-05,KCA202509050,MIN,"Martin, Austin",marta007,2,1,empty,empty,1,strikeout,4,0,2
2025-09-05,KCA202509050,MIN,"Wallner, Matt",wallm001,2,2,empty,empty,1,strikeout,4,0,2
2025-09-05,KCA202509050,MIN,"Lewis, Royce",lewir003,2,0,empty,empty,1,strikeout,5,0,2
2025-09-05,KCA202509050,MIN,"Lee, Brooks",lee-b002,2,1,empty,empty,1,double,5,0,2
2025-09-05,KCA202509050,MIN,"Pereda, Jhonny",perej004,2,1,2B,2B,1,double,5,0,2
2025-09-05,KCA202509050,MIN,"Buxton, Byron",buxtb001,3,1,2B,2B,1,field_out,5,1,2
2025-09-05,KCA202509050,MIN,"Larnach, Trevor",larnt001,3,2,2B,2B,1,field_out,5,1,2
2025-09-05,KCA202509050,MIN,"Keaschall, Luke",keasl001,3,0,empty,empty,1,field_out,6,1,2
2025-09-05,KCA202509050,MIN,"Clemens, Kody",clemk001,3,1,empty,empty,1,field_out,6,1,2
2025-09-05,KCA202509050,MIN,"Martin, Austin",marta007,3,2,empty,empty,1,double,6,1,2
2025-09-05,KCA202509050,MIN,"Wallner, Matt",wallm001,3,2,2B,2B,1,field_out,6,1,2
2025-09-05,KCA202509050,MIN,"Lewis, Royce",lewir003,3,0,empty,empty,1,field_out,7,1,2
2025-09-05,KCA202509050,MIN,"Lee, Brooks",lee-b002,3,1,empty,empty,1,field_out,7,1,2
2025-09-05,KCA202509050,MIN,"Pereda, Jhonny",perej004,3,2,empty,empty,1,walk,7,1,2
2025-09-05,KCA202509050,MIN,"Buxton, Byron",buxtb001,4,2,1B,1B,1,strikeout,7,1,2
2025-09-05,KCA202509050,MIN,"Larnach, Trevor",larnt001,4,0,empty,empty,1,single,8,1,2
2025-09-05,KCA202509050,MIN,"Keaschall, Luke",keasl001,4,0,1B,1B,1,field_out,8,1,2
2025-09-05,KCA202509050,MIN,"Clemens, Kody",clemk001,4,1,2B,2B,1,field_out,8,1,2
2025-09-05,KCA202509050,MIN,"Martin, Austin",marta007,4,2,3B,3B,1,field_out,8,1,2
2025-09-05,KCA202509050,MIN,"Wallner, Matt",wallm001,4,0,empty,empty,1,field_out,9,1,2
2025-09-05,KCA202509050,MIN,"Lewis, Royce",lewir003,4,1,empty,empty,1,field_out,9,1,2
2025-09-05,KCA202509050,MIN,"Lee, Brooks",lee-b002,4,2,empty,empty,1,walk,9,1,2
2025-09-05,KCA202509050,MIN,"Gasper, Mickey",gaspm001,1,2,1B,1B,1,field_out,9,1,2
2025-09-06,KCA202509060,MIN,"Buxton, Byron",buxtb001,1,0,empty,empty,1,field_out,1,0,0
2025-09-06,KCA202509060,MIN,"Larnach, Trevor",larnt001,1,1,empty,empty,1,field_out,1,0,0
2025-09-06,KCA202509060,MIN,"Keaschall, Luke",keasl001,1,2,empty,empty,1,field_out,1,0,0
2025-09-06,KCA202509060,MIN,"Wallner, Matt",wallm001,1,0,empty,empty,1,field_out,2,0,5
2025-09-06,KCA202509060,MIN,"Lewis, Royce",lewir003,1,1,empty,empty,1,single,2,0,5
2025-09-06,KCA202509060,MIN,"Julien, Edouard",julie001,1,1,1B,1B,1,walk,2,0,5
2025-09-06,KCA202509060,MIN,"Gasper, Mickey",gaspm001,1,1,1B+2B,1B+2B,1,field_out,2,0,5
2025-09-06,KCA202509060,MIN,"Lee, Brooks",lee-b002,1,2,1B+3B,1B+3B,1,field_out,2,0,5
2025-09-06,KCA202509060,MIN,"Outman, James",outmj002,1,0,empty,empty,1,double,3,0,5
2025-09-06,KCA202509060,MIN,"Buxton, Byron",buxtb001,2,0,2B,2B,1,triple,3,0,5
2025-09-06,KCA202509060,MIN,"Larnach, Trevor",larnt001,2,0,3B,3B,1,field_out,3,1,5
2025-09-06,KCA202509060,MIN,"Keaschall, Luke",keasl001,2,1,3B,3B,1,field_out,3,1,5
2025-09-06,KCA202509060,MIN,"Wallner, Matt",wallm001,2,2,empty,empty,1,strikeout,3,2,5
2025-09-06,KCA202509060,MIN,"Lewis, Royce",lewir003,2,0,empty,empty,1,field_out,4,2,8
2025-09-06,KCA202509060,MIN,"Julien, Edouard",julie001,2,1,empty,empty,1,field_out,4,2,8
2025-09-06,KCA202509060,MIN,"Gasper, Mickey",gaspm001,2,2,empty,empty,1,field_out,4,2,8
2025-09-06,KCA202509060,MIN,"Lee, Brooks",lee-b002,2,0,empty,empty,1,field_out,5,2,9
2025-09-06,KCA202509060,MIN,"Outman, James",outmj002,2,1,empty,empty,1,field_out,5,2,9
2025-09-06,KCA202509060,MIN,"Buxton, Byron",buxtb001,3,2,empty,empty,1,field_out,5,2,9
2025-09-06,KCA202509060,MIN,"Larnach, Trevor",larnt001,3,0,empty,empty,1,field_out,6,2,9
2025-09-06,KCA202509060,MIN,"Keaschall, Luke",keasl001,3,1,empty,empty,1,single,6,2,9
2025-09-06,KCA202509060,MIN,"Wallner, Matt",wallm001,3,1,1B,1B,1,field_out,6,2,9
2025-09-06,KCA202509060,MIN,"Lewis, Royce",lewir003,3,2,1B,1B,1,field_out,6,2,9
2025-09-06,KCA202509060,MIN,"Julien, Edouard",julie001,3,0,empty,empty,1,single,7,2,11
2025-09-06,KCA202509060,MIN,"Gasper, Mickey",gaspm001,3,0,1B,1B,1,single,7,2,11
2025-09-06,KCA202509060,MIN,"Lee, Brooks",lee-b002,3,0,1B+2B,1B+2B,1,strikeout,7,2,11
2025-09-06,KCA202509060,MIN,"Outman, James",outmj002,3,1,1B+2B,1B+2B,1,strikeout,7,2,11
2025-09-06,KCA202509060,MIN,"Buxton, Byron",buxtb001,4,2,1B+2B,1B+2B,1,strikeout,7,2,11
2025-09-06,KCA202509060,MIN,"Larnach, Trevor",larnt001,4,0,empty,empty,1,strikeout,8,2,11
2025-09-06,KCA202509060,MIN,"Keaschall, Luke",keasl001,4,1,empty,empty,1,field_out,8,2,11
2025-09-06,KCA202509060,MIN,"Wallner, Matt",wallm001,4,2,empty,empty,1,walk,8,2,11
2025-09-06,KCA202509060,MIN,"Lewis, Royce",lewir003,4,2,1B,2B,0,strikeout,8,2,11
2025-09-06,KCA202509060,MIN,"Julien, Edouard",julie001,4,0,empty,empty,1,strikeout,9,2,11
2025-09-06,KCA202509060,MIN,"Gasper, Mickey",gaspm001,4,1,empty,empty,1,field_out,9,2,11
2025-09-06,KCA202509060,MIN,"Lee, Brooks",lee-b002,4,2,empty,empty,1,single,9,2,11
2025-09-06,KCA202509060,MIN,"Outman, James",outmj002,4,2,1B,1B,1,field_out,9,2,11
2025-09-07,KCA202509070,MIN,"Buxton, Byron",buxtb001,1,0,empty,empty,1,home_run,1,0,0
2025-09-07,KCA202509070,MIN,"Martin, Austin",marta007,1,0,empty,empty,1,field_out,1,1,0
2025-09-07,KCA202509070,MIN,"Wallner, Matt",wallm001,1,1,empty,empty,1,strikeout,1,1,0
2025-09-07,KCA202509070,MIN,"Keaschall, Luke",keasl001,1,2,empty,empty,1,field_out,1,1,0
2025-09-07,KCA202509070,MIN,"Clemens, Kody",clemk001,1,0,empty,empty,1,strikeout,2,1,0
2025-09-07,KCA202509070,MIN,"Lewis, Royce",lewir003,1,1,empty,empty,1,double,2,1,0
2025-09-07,KCA202509070,MIN,"Julien, Edouard",julie001,1,1,2B,2B,1,double_play,2,1,0
2025-09-07,KCA202509070,MIN,"Lee, Brooks",lee-b002,1,0,empty,empty,1,field_out,3,1,0
2025-09-07,KCA202509070,MIN,"Pereda, Jhonny",perej004,1,1,empty,empty,1,field_out,3,1,0
2025-09-07,KCA202509070,MIN,"Buxton, Byron",buxtb001,2,2,empty,empty,1,strikeout,3,1,0
2025-09-07,KCA202509070,MIN,"Martin, Austin",marta007,2,0,empty,empty,1,single,4,1,0
2025-09-07,KCA202509070,MIN,"Wallner, Matt",wallm001,2,0,1B,1B,1,single,4,1,0
2025-09-07,KCA202509070,MIN,"Keaschall, Luke",keasl001,2,0,1B+2B,1B+2B,1,grounded_into_double_play,4,1,0
2025-09-07,KCA202509070,MIN,"Clemens, Kody",clemk001,2,2,2B,2B,1,home_run,4,1,0
2025-09-07,KCA202509070,MIN,"Lewis, Royce",lewir003,2,2,empty,empty,1,strikeout,4,3,0
2025-09-07,KCA202509070,MIN,"Julien, Edouard",julie001,2,0,empty,empty,1,field_out,5,3,0
2025-09-07,KCA202509070,MIN,"Lee, Brooks",lee-b002,2,1,empty,empty,1,field_out,5,3,0
2025-09-07,KCA202509070,MIN,"Pereda, Jhonny",perej004,2,2,empty,empty,1,single,5,3,0
2025-09-07,KCA202509070,MIN,"Buxton, Byron",buxtb001,3,2,1B,1B,1,hit_by_pitch,5,3,0
2025-09-07,KCA202509070,MIN,"Martin, Austin",marta007,3,2,1B+2B,1B+2B,1,field_out,5,3,0
2025-09-07,KCA202509070,MIN,"Wallner, Matt",wallm001,3,0,empty,empty,1,strikeout,6,3,0
2025-09-07,KCA202509070,MIN,"Keaschall, Luke",keasl001,3,1,empty,empty,1,single,6,3,0
2025-09-07,KCA202509070,MIN,"Clemens, Kody",clemk001,3,1,1B,1B,1,field_out,6,3,0
2025-09-07,KCA202509070,MIN,"Lewis, Royce",lewir003,3,2,1B,2B,0,single,6,3,0
2025-09-07,KCA202509070,MIN,"Julien, Edouard",julie001,3,0,1B+3B,empty,0,hit_by_pitch,7,4,1
2025-09-07,KCA202509070,MIN,"Lee, Brooks",lee-b002,3,0,1B,1B,1,single,7,4,1
2025-09-07,KCA202509070,MIN,"Pereda, Jhonny",perej004,3,0,1B+2B,1B+2B,1,strikeout,7,4,1
2025-09-07,KCA202509070,MIN,"Outman, James",outmj002,1,1,1B+2B,1B+2B,1,strikeout,7,4,1
2025-09-07,KCA202509070,MIN,"Martin, Austin",marta007,4,2,1B+2B,1B+2B,1,walk,7,4,1
2025-09-07,KCA202509070,MIN,"Wallner, Matt",wallm001,4,2,1B+2B+3B,1B+2B+3B,1,walk,7,4,1
2025-09-07,KCA202509070,MIN,"Keaschall, Luke",keasl001,4,2,1B+2B+3B,1B+2B+3B,1,strikeout,7,5,1
2025-09-07,KCA202509070,MIN,"Clemens, Kody",clemk001,4,0,empty,empty,1,strikeout,8,5,1
2025-09-07,KCA202509070,MIN,"Lewis, Royce",lewir003,4,1,empty,empty,1,field_out,8,5,1
2025-09-07,KCA202509070,MIN,"Julien, Edouard",julie001,4,2,empty,empty,1,strikeout,8,5,1
2025-09-07,KCA202509070,MIN,"Lee, Brooks",lee-b002,4,0,empty,empty,1,strikeout,9,5,1
2025-09-07,KCA202509070,MIN,"Pereda, Jhonny",perej004,4,1,empty,empty,1,field_out,9,5,1
2025-09-07,KCA202509070,MIN,"Outman, James",outmj002,2,2,empty,empty,1,strikeout,9,5,1
2025-09-08,ANA202509080,MIN,"Martin, Austin",marta007,1,0,empty,empty,1,field_out,1,0,0
2025-09-08,ANA202509080,MIN,"Wallner, Matt",wallm001,1,1,empty,empty,1,strikeout,1,0,0
2025-09-08,ANA202509080,MIN,"Keaschall, Luke",keasl001,1,2,empty,empty,1,strikeout,1,0,0
2025-09-08,ANA202509080,MIN,"Larnach, Trevor",larnt001,1,0,empty,empty,1,walk,2,0,0
2025-09-08,ANA202509080,MIN,"Lewis, Royce",lewir003,1,0,1B,1B,1,home_run,2,0,0
2025-09-08,ANA202509080,MIN,"Clemens, Kody",clemk001,1,0,empty,empty,1,strikeout,2,2,0
2025-09-08,ANA202509080,MIN,"Lee, Brooks",lee-b002,1,1,empty,empty,1,field_out,2,2,0
2025-09-08,ANA202509080,MIN,"Gasper, Mickey",gaspm001,1,2,empty,empty,1,walk,2,2,0
2025-09-08,ANA202509080,MIN,"Outman, James",outmj002,1,2,1B,1B,1,strikeout,2,2,0
2025-09-08,ANA202509080,MIN,"Martin, Austin",marta007,2,0,empty,empty,1,single,3,2,3
2025-09-08,ANA202509080,MIN,"Wallner, Matt",wallm001,2,0,1B,1B,1,walk,3,2,3
2025-09-08,ANA202509080,MIN,"Keaschall, Luke",keasl001,2,0,1B+2B,1B+2B,1,single,3,2,3
2025-09-08,ANA202509080,MIN,"Larnach, Trevor",larnt001,2,0,1B+2B,1B+2B,1,strikeout,3,3,3
2025-09-08,ANA202509080,MIN,"Lewis, Royce",lewir003,2,1,1B+2B,1B+2B,1,field_out,3,3,3
2025-09-08,ANA202509080,MIN,"Clemens, Kody",clemk001,2,2,2B+3B,2B+3B,1,field_out,3,3,3
2025-09-08,ANA202509080,MIN,"Lee, Brooks",lee-b002,2,0,empty,empty,1,walk,4,3,3
2025-09-08,ANA202509080,MIN,"Gasper, Mickey",gaspm001,2,0,1B,2B,0,strikeout,4,3,3
2025-09-08,ANA202509080,MIN,"Outman, James",outmj002,2,1,2B,2B,1,strikeout,4,3,3
2025-09-08,ANA202509080,MIN,"Martin, Austin",marta007,3,2,2B,3B,0,strikeout,4,3,3
2025-09-08,ANA202509080,MIN,"Wallner, Matt",wallm001,3,0,empty,empty,1,strikeout,5,3,3
2025-09-08,ANA202509080,MIN,"Keaschall, Luke",keasl001,3,1,empty,empty,1,field_out,5,3,3
2025-09-08,ANA202509080,MIN,"Larnach, Trevor",larnt001,3,2,empty,empty,1,single,5,3,3
2025-09-08,ANA202509080,MIN,"Lewis, Royce",lewir003,3,2,1B,1B,1,home_run,5,3,3
2025-09-08,ANA202509080,MIN,"Clemens, Kody",clemk001,3,2,empty,empty,1,walk,5,5,3
2025-09-08,ANA202509080,MIN,"Lee, Brooks",lee-b002,3,2,1B,1B,1,field_error,5,5,3
2025-09-08,ANA202509080,MIN,"Gasper, Mickey",gaspm001,3,2,1B+2B,1B+2B,1,field_out,5,5,3
2025-09-08,ANA202509080,MIN,"Outman, James",outmj002,3,0,empty,empty,1,home_run,6,5,3
2025-09-08,ANA202509080,MIN,"Martin, Austin",marta007,4,0,empty,empty,1,walk,6,6,3
2025-09-08,ANA202509080,MIN,"Wallner, Matt",wallm001,4,0,1B,2B,0,hit_by_pitch,6,6,3
2025-09-08,ANA202509080,MIN,"Keaschall, Luke",keasl001,4,0,1B+2B,1B+2B,1,field_out,6,6,3
2025-09-08,ANA202509080,MIN,"Larnach, Trevor",larnt001,4,1,1B+2B,1B+2B,1,field_out,6,6,3
2025-09-08,ANA202509080,MIN,"Lewis, Royce",lewir003,4,2,1B+3B,1B+3B,1,field_error,6,6,3
2025-09-08,ANA202509080,MIN,"Clemens, Kody",clemk001,4,2,1B+2B,1B+2B,1,strikeout,6,7,3
2025-09-08,ANA202509080,MIN,"Lee, Brooks",lee-b002,4,0,empty,empty,1,field_out,7,7,3
2025-09-08,ANA202509080,MIN,"Gasper, Mickey",gaspm001,4,1,empty,empty,1,field_out,7,7,3
2025-09-08,ANA202509080,MIN,"Outman, James",outmj002,4,2,empty,empty,1,strikeout,7,7,3
2025-09-08,ANA202509080,MIN,"Martin, Austin",marta007,5,0,empty,empty,1,double,8,7,3
2025-09-08,ANA202509080,MIN,"Wallner, Matt",wallm001,5,0,2B,2B,1,field_out,8,7,3
2025-09-08,ANA202509080,MIN,"Keaschall, Luke",keasl001,5,1,2B,2B,1,single,8,7,3
2025-09-08,ANA202509080,MIN,"Larnach, Trevor",larnt001,5,1,1B+3B,2B+3B,0,sac_fly,8,7,3
2025-09-08,ANA202509080,MIN,"Lewis, Royce",lewir003,5,2,3B,3B,1,single,8,8,3
2025-09-08,ANA202509080,MIN,"Clemens, Kody",clemk001,5,2,1B,1B,1,field_out,8,9,3
2025-09-08,ANA202509080,MIN,"Lee, Brooks",lee-b002,5,0,empty,empty,1,field_out,9,9,3
2025-09-08,ANA202509080,MIN,"Gasper, Mickey",gaspm001,5,1,empty,empty,1,single,9,9,3
2025-09-08,ANA202509080,MIN,"Outman, James",outmj002,5,1,1B,1B,1,single,9,9,3
2025-09-08,ANA202509080,MIN,"Martin, Austin",marta007,6,1,1B+2B,1B+2B,1,strikeout,9,9,3
2025-09-08,ANA202509080,MIN,"Wallner, Matt",wallm001,6,2,1B+2B,1B+2B,1,double,9,9,3
2025-09-08,ANA202509080,MIN,"Keaschall, Luke",keasl001,6,2,2B,2B,1,single,9,11,3
2025-09-08,ANA202509080,MIN,"Larnach, Trevor",larnt001,6,2,1B,1B,1,strikeout,9,12,3
2025-09-09,ANA202509090,MIN,"Buxton, Byron",buxtb001,1,0,empty,empty,1,single,1,0,0
2025-09-09,ANA202509090,MIN,"Martin, Austin",marta007,1,0,1B,2B,0,sac_bunt,1,0,0
2025-09-09,ANA202509090,MIN,"Larnach, Trevor",larnt001,1,1,3B,3B,1,strikeout,1,0,0
2025-09-09,ANA202509090,MIN,"Keaschall, Luke",keasl001,1,2,3B,3B,1,field_out,1,0,0
2025-09-09,ANA202509090,MIN,"Wallner, Matt",wallm001,1,0,empty,empty,1,strikeout,2,0,3
2025-09-09,ANA202509090,MIN,"Lewis, Royce",lewir003,1,1,empty,empty,1,field_out,2,0,3
2025-09-09,ANA202509090,MIN,"Lee, Brooks",lee-b002,1,2,empty,empty,1,field_out,2,0,3
2025-09-09,ANA202509090,MIN,"Julien, Edouard",julie001,1,0,empty,empty,1,field_out,3,0,3
2025-09-09,ANA202509090,MIN,"Pereda, Jhonny",perej004,1,1,empty,empty,1,single,3,0,3
2025-09-09,ANA202509090,MIN,"Buxton, Byron",buxtb001,2,1,1B,1B,1,single,3,0,3
2025-09-09,ANA202509090,MIN,"Martin, Austin",marta007,2,1,1B+2B,1B+2B,1,grounded_into_double_play,3,0,3
2025-09-09,ANA202509090,MIN,"Larnach, Trevor",larnt001,2,0,empty,empty,1,strikeout,4,0,3
2025-09-09,ANA202509090,MIN,"Keaschall, Luke",keasl001,2,1,empty,empty,1,field_out,4,0,3
2025-09-09,ANA202509090,MIN,"Wallner, Matt",wallm001,2,2,empty,empty,1,field_out,4,0,3
2025-09-09,ANA202509090,MIN,"Lewis, Royce",lewir003,2,0,empty,empty,1,strikeout,5,0,3
2025-09-09,ANA202509090,MIN,"Lee, Brooks",lee-b002,2,1,empty,empty,1,field_out,5,0,3
2025-09-09,ANA202509090,MIN,"Julien, Edouard",julie001,2,2,empty,empty,1,strikeout,5,0,3
2025-09-09,ANA202509090,MIN,"Pereda, Jhonny",perej004,2,0,empty,empty,1,strikeout,6,0,5
2025-09-09,ANA202509090,MIN,"Buxton, Byron",buxtb001,3,1,empty,empty,1,field_error,6,0,5
2025-09-09,ANA202509090,MIN,"Martin, Austin",marta007,3,1,1B,1B,1,single,6,0,5
2025-09-09,ANA202509090,MIN,"Larnach, Trevor",larnt001,3,1,1B+2B,1B+2B,1,field_out,6,0,5
2025-09-09,ANA202509090,MIN,"Keaschall, Luke",keasl001,3,2,1B+2B,1B+2B,1,field_out,6,0,5
2025-09-09,ANA202509090,MIN,"Wallner, Matt",wallm001,3,0,empty,empty,1,walk,7,0,9
2025-09-09,ANA202509090,MIN,"Lewis, Royce",lewir003,3,0,1B,1B,1,field_out,7,0,9
2025-09-09,ANA202509090,MIN,"Lee, Brooks",lee-b002,3,1,1B,1B,1,grounded_into_double_play,7,0,9
2025-09-09,ANA202509090,MIN,"Julien, Edouard",julie001,3,0,empty,empty,1,strikeout,8,0,12
2025-09-09,ANA202509090,MIN,"Pereda, Jhonny",perej004,3,1,empty,empty,1,field_out,8,0,12
2025-09-09,ANA202509090,MIN,"Outman, James",outmj002,1,2,empty,empty,1,strikeout,8,0,12
2025-09-09,ANA202509090,MIN,"Martin, Austin",marta007,4,0,empty,empty,1,single,9,0,12
2025-09-09,ANA202509090,MIN,"Fitzgerald, Ryan",fitzr001,1,0,1B,1B,1,home_run,9,0,12
2025-09-09,ANA202509090,MIN,"Keaschall, Luke",keasl001,4,0,empty,empty,1,field_error,9,2,12
2025-09-09,ANA202509090,MIN,"McCusker, Carson",mccuc001,1,0,1B,2B,0,strikeout,9,2,12
2025-09-09,ANA202509090,MIN,"Lewis, Royce",lewir003,4,1,2B,2B,1,field_out,9,2,12
2025-09-09,ANA202509090,MIN,"Lee, Brooks",lee-b002,4,2,2B,2B,1,field_out,9,2,12
2025-09-10,ANA202509100,MIN,"Buxton, Byron",buxtb001,1,0,empty,empty,1,strikeout,1,0,0
2025-09-10,ANA202509100,MIN,"Martin, Austin",marta007,1,1,empty,empty,1,field_out,1,0,0
2025-09-10,ANA202509100,MIN,"Larnach, Trevor",larnt001,1,2,empty,empty,1,single,1,0,0
2025-09-10,ANA202509100,MIN,"Keaschall, Luke",keasl001,1,2,1B,1B,1,double,1,0,0
2025-09-10,ANA202509100,MIN,"Clemens, Kody",clemk001,1,0,empty,empty,1,field_out,2,0,0
2025-09-10,ANA202509100,MIN,"Lewis, Royce",lewir003,1,1,empty,empty,1,field_out,2,0,0
2025-09-10,ANA202509100,MIN,"Gasper, Mickey",gaspm001,1,2,empty,empty,1,strikeout,2,0,0
2025-09-10,ANA202509100,MIN,"Fitzgerald, Ryan",fitzr001,1,0,empty,empty,1,field_out,3,0,0
2025-09-10,ANA202509100,MIN,"Outman, James",outmj002,1,1,empty,empty,1,home_run,3,0,0
2025-09-10,ANA202509100,MIN,"Buxton, Byron",buxtb001,2,1,empty,empty,1,field_out,3,1,0
2025-09-10,ANA202509100,MIN,"Martin, Austin",marta007,2,2,empty,empty,1,walk,3,1,0
2025-09-10,ANA202509100,MIN,"Larnach, Trevor",larnt001,2,2,1B,1B,1,double,3,1,0
2025-09-10,ANA202509100,MIN,"Keaschall, Luke",keasl001,2,2,2B+3B,2B+3B,1,walk,3,1,0
2025-09-10,ANA202509100,MIN,"Clemens, Kody",clemk001,2,2,1B+2B+3B,1B+2B+3B,1,field_out,3,1,0
2025-09-10,ANA202509100,MIN,"Lewis, Royce",lewir003,2,0,empty,empty,1,field_out,4,1,3
2025-09-10,ANA202509100,MIN,"Gasper, Mickey",gaspm001,2,1,empty,empty,1,field_out,4,1,3
2025-09-10,ANA202509100,MIN,"Fitzgerald, Ryan",fitzr001,2,2,empty,empty,1,walk,4,1,3
2025-09-10,ANA202509100,MIN,"Outman, James",outmj002,2,2,1B,1B,1,walk,4,1,3
2025-09-10,ANA202509100,MIN,"Buxton, Byron",buxtb001,3,2,1B+2B,1B+2B,1,hit_by_pitch,4,1,3
2025-09-10,ANA202509100,MIN,"Martin, Austin",marta007,3,2,1B+2B+3B,1B+2B+3B,1,strikeout,4,1,3
2025-09-10,ANA202509100,MIN,"Larnach, Trevor",larnt001,3,0,empty,empty,1,walk,5,1,3
2025-09-10,ANA202509100,MIN,"Keaschall, Luke",keasl001,3,0,1B,2B,0,field_error,5,1,3
2025-09-10,ANA202509100,MIN,"Clemens, Kody",clemk001,3,0,1B+2B,1B+2B,1,strikeout,5,1,3
2025-09-10,ANA202509100,MIN,"Lewis, Royce",lewir003,3,1,1B+2B,1B+2B,1,strikeout,5,1,3
2025-09-10,ANA202509100,MIN,"Gasper, Mickey",gaspm001,3,2,1B+2B,1B+2B,1,field_out,5,1,3
2025-09-10,ANA202509100,MIN,"Fitzgerald, Ryan",fitzr001,3,0,empty,empty,1,walk,6,1,3
2025-09-10,ANA202509100,MIN,"Outman, James",outmj002,3,0,1B,1B,1,strikeout,6,1,3
2025-09-10,ANA202509100,MIN,"Buxton, Byron",buxtb001,4,1,1B,1B,1,home_run,6,1,3
2025-09-10,ANA202509100,MIN,"Martin, Austin",marta007,4,1,empty,empty,1,field_out,6,3,3
2025-09-10,ANA202509100,MIN,"Larnach, Trevor",larnt001,4,2,empty,empty,1,field_out,6,3,3
2025-09-10,ANA202509100,MIN,"Keaschall, Luke",keasl001,4,0,empty,empty,1,field_out,7,3,3
2025-09-10,ANA202509100,MIN,"Clemens, Kody",clemk001,4,1,empty,empty,1,strikeout,7,3,3
2025-09-10,ANA202509100,MIN,"Lewis, Royce",lewir003,4,2,empty,empty,1,strikeout,7,3,3
2025-09-10,ANA202509100,MIN,"Gasper, Mickey",gaspm001,4,0,empty,empty,1,field_out,8,3,3
2025-09-10,ANA202509100,MIN,"Lee, Brooks",lee-b002,1,1,empty,empty,1,field_out,8,3,3
2025-09-10,ANA202509100,MIN,"Outman, James",outmj002,4,2,empty,empty,1,double,8,3,3
2025-09-10,ANA202509100,MIN,"Buxton, Byron",buxtb001,5,2,2B,2B,1,intent_walk,8,3,3
2025-09-10,ANA202509100,MIN,"Martin, Austin",marta007,5,2,1B+2B,1B+2B,1,strikeout,8,3,3
2025-09-10,ANA202509100,MIN,"Larnach, Trevor",larnt001,5,0,empty,empty,1,field_out,9,3,4
2025-09-10,ANA202509100,MIN,"Keaschall, Luke",keasl001,5,1,empty,empty,1,strikeout,9,3,4
2025-09-10,ANA202509100,MIN,"Clemens, Kody",clemk001,5,2,empty,empty,1,strikeout,9,3,4
2025-09-12,MIN202509120,MIN,"Buxton, Byron",buxtb001,1,0,empty,empty,1,field_out,1,0,1
2025-09-12,MIN202509120,MIN,"Martin, Austin",marta007,1,1,empty,empty,1,walk,1,0,1
2025-09-12,MIN202509120,MIN,"Larnach, Trevor",larnt001,1,1,1B,1B,1,field_out,1,0,1
2025-09-12,MIN202509120,MIN,"Keaschall, Luke",keasl001,1,2,1B,1B,1,field_out,1,0,1
2025-09-12,MIN202509120,MIN,"Wallner, Matt",wallm001,1,0,empty,empty,1,field_out,2,0,1
2025-09-12,MIN202509120,MIN,"Lewis, Royce",lewir003,1,1,empty,empty,1,strikeout,2,0,1
2025-09-12,MIN202509120,MIN,"Lee, Brooks",lee-b002,1,2,empty,empty,1,field_out,2,0,1
2025-09-12,MIN202509120,MIN,"Clemens, Kody",clemk001,1,0,empty,empty,1,home_run,3,0,1
2025-09-12,MIN202509120,MIN,"Pereda, Jhonny",perej004,1,0,empty,empty,1,single,3,1,1
2025-09-12,MIN202509120,MIN,"Buxton, Byron",buxtb001,2,0,1B,1B,1,single,3,1,1
2025-09-12,MIN202509120,MIN,"Martin, Austin",marta007,2,0,1B+2B,1B+2B,1,grounded_into_double_play,3,1,1
2025-09-12,MIN202509120,MIN,"Larnach, Trevor",larnt001,2,2,3B,3B,1,strikeout,3,1,1
2025-09-12,MIN202509120,MIN,"Keaschall, Luke",keasl001,2,0,empty,empty,1,single,4,1,1
2025-09-12,MIN202509120,MIN,"Wallner, Matt",wallm001,2,0,1B,1B,1,single,4,1,1
2025-09-12,MIN202509120,MIN,"Lewis, Royce",lewir003,2,0,1B+2B,1B+2B,1,single,4,1,1
2025-09-12,MIN202509120,MIN,"Lee, Brooks",lee-b002,2,0,1B+2B+3B,1B+2B+3B,1,sac_fly,4,1,1
2025-09-12,MIN202509120,MIN,"Clemens, Kody",clemk001,2,2,1B,2B,0,home_run,4,2,1
2025-09-12,MIN202509120,MIN,"Pereda, Jhonny",perej004,2,2,empty,empty,1,double,4,4,1
2025-09-12,MIN202509120,MIN,"Buxton, Byron",buxtb001,3,2,2B,2B,1,field_out,4,4,1
2025-09-12,MIN202509120,MIN,"Martin, Austin",marta007,3,0,empty,empty,1,double,5,4,2
2025-09-12,MIN202509120,MIN,"Larnach, Trevor",larnt001,3,0,2B,2B,1,field_out,5,4,2
2025-09-12,MIN202509120,MIN,"Keaschall, Luke",keasl001,3,1,3B,3B,1,field_out,5,4,2
2025-09-12,MIN202509120,MIN,"Wallner, Matt",wallm001,3,2,empty,empty,1,field_out,5,5,2
2025-09-12,MIN202509120,MIN,"Lewis, Royce",lewir003,3,0,empty,empty,1,field_out,6,5,2
2025-09-12,MIN202509120,MIN,"Lee, Brooks",lee-b002,3,1,empty,empty,1,walk,6,5,2
2025-09-12,MIN202509120,MIN,"Clemens, Kody",clemk001,3,1,1B,1B,1,double,6,5,2
2025-09-12,MIN202509120,MIN,"Pereda, Jhonny",perej004,3,1,2B,2B,1,strikeout,6,6,2
2025-09-12,MIN202509120,MIN,"Buxton, Byron",buxtb001,4,2,2B,2B,1,field_out,6,6,2
2025-09-12,MIN202509120,MIN,"Martin, Austin",marta007,4,0,empty,empty,1,strikeout,7,6,4
2025-09-12,MIN202509120,MIN,"Larnach, Trevor",larnt001,4,1,empty,empty,1,field_out,7,6,4
2025-09-12,MIN202509120,MIN,"Keaschall, Luke",keasl001,4,2,empty,empty,1,strikeout,7,6,4
2025-09-12,MIN202509120,MIN,"Wallner, Matt",wallm001,4,0,empty,empty,1,field_out,8,6,4
2025-09-12,MIN202509120,MIN,"Lewis, Royce",lewir003,4,1,empty,empty,1,field_out,8,6,4
2025-09-12,MIN202509120,MIN,"Lee, Brooks",lee-b002,4,2,empty,empty,1,field_out,8,6,4
2025-09-12,MIN202509120,MIN,"Clemens, Kody",clemk001,4,0,empty,empty,1,home_run,9,6,8
2025-09-12,MIN202509120,MIN,"Julien, Edouard",julie001,1,0,empty,empty,1,single,9,7,8
2025-09-12,MIN202509120,MIN,"Buxton, Byron",buxtb001,5,0,1B,1B,1,hit_by_pitch,9,7,8
2025-09-12,MIN202509120,MIN,"Martin, Austin",marta007,5,0,1B+2B,1B+2B,1,walk,9,7,8
2025-09-12,MIN202509120,MIN,"Larnach, Trevor",larnt001,5,0,1B+2B+3B,1B+2B+3B,1,walk,9,7,8
2025-09-12,MIN202509120,MIN,"Keaschall, Luke",keasl001,5,0,1B+2B+3B,1B+2B+3B,1,sac_fly,9,8,8
2025-09-13,MIN202509130,MIN,"Buxton, Byron",buxtb001,1,0,empty,empty,1,single,1,0,0
2025-09-13,MIN202509130,MIN,"Martin, Austin",marta007,1,0,1B,1B,1,field_out,1,0,0
2025-09-13,MIN202509130,MIN,"Larnach, Trevor",larnt001,1,1,1B,1B,1,grounded_into_double_play,1,0,0
2025-09-13,MIN202509130,MIN,"Keaschall, Luke",keasl001,1,0,empty,empty,1,single,2,0,0
2025-09-13,MIN202509130,MIN,"Lewis, Royce",lewir003,1,0,1B,1B,1,single,2,0,0
2025-09-13,MIN202509130,MIN,"Clemens, Kody",clemk001,1,0,1B+2B,1B+2B,1,single,2,0,0
2025-09-13,MIN202509130,MIN,"Lee, Brooks",lee-b002,1,0,1B+2B+3B,1B+2B+3B,1,strikeout,2,0,0
2025-09-13,MIN202509130,MIN,"Pereda, Jhonny",perej004,1,1,1B+2B+3B,1B+2B+3B,1,strikeout,2,0,0
2025-09-13,MIN202509130,MIN,"Outman, James",outmj002,1,2,1B+2B+3B,1B+2B+3B,1,field_out,2,0,0
2025-09-13,MIN202509130,MIN,"Buxton, Byron",buxtb001,2,0,empty,empty,1,field_out,3,0,0
2025-09-13,MIN202509130,MIN,"Martin, Austin",marta007,2,1,empty,empty,1,field_out,3,0,0
2025-09-13,MIN202509130,MIN,"Larnach, Trevor",larnt001,2,2,empty,empty,1,field_out,3,0,0
2025-09-13,MIN202509130,MIN,"Keaschall, Luke",keasl001,2,0,empty,empty,1,field_out,4,0,2
2025-09-13,MIN202509130,MIN,"Lewis, Royce",lewir003,2,1,empty,empty,1,field_out,4,0,2
2025-09-13,MIN202509130,MIN,"Clemens, Kody",clemk001,2,2,empty,empty,1,field_out,4,0,2
2025-09-13,MIN202509130,MIN,"Lee, Brooks",lee-b002,2,0,empty,empty,1,field_out,5,0,2
2025-09-13,MIN202509130,MIN,"Pereda, Jhonny",perej004,2,1,empty,empty,1,walk,5,0,2
2025-09-13,MIN202509130,MIN,"Outman, James",outmj002,2,1,1B,1B,1,field_out,5,0,2
2025-09-13,MIN202509130,MIN,"Buxton, Byron",buxtb001,3,2,1B,1B,1,strikeout,5,0,2
2025-09-13,MIN202509130,MIN,"Martin, Austin",marta007,3,0,empty,empty,1,walk,6,0,2
2025-09-13,MIN202509130,MIN,"Larnach, Trevor",larnt001,3,0,1B,1B,1,walk,6,0,2
2025-09-13,MIN202509130,MIN,"Keaschall, Luke",keasl001,3,0,1B+2B,1B+2B,1,grounded_into_double_play,6,0,2
2025-09-13,MIN202509130,MIN,"Lewis, Royce",lewir003,3,2,3B,3B,1,strikeout,6,0,2
2025-09-13,MIN202509130,MIN,"Clemens, Kody",clemk001,3,0,empty,empty,1,strikeout,7,0,2
2025-09-13,MIN202509130,MIN,"Lee, Brooks",lee-b002,3,1,empty,empty,1,single,7,0,2
2025-09-13,MIN202509130,MIN,"Pereda, Jhonny",perej004,3,1,1B,1B,1,single,7,0,2
2025-09-13,MIN202509130,MIN,"McCusker, Carson",mccuc001,1,1,1B+2B,1B+2B,1,field_out,7,0,2
2025-09-13,MIN202509130,MIN,"Buxton, Byron",buxtb001,4,2,1B+2B,1B+2B,1,field_out,7,0,2
2025-09-13,MIN202509130,MIN,"Martin, Austin",marta007,4,0,empty,empty,1,double,8,0,2
2025-09-13,MIN202509130,MIN,"Larnach, Trevor",larnt001,4,0,2B,2B,1,strikeout,8,0,2
2025-09-13,MIN202509130,MIN,"Keaschall, Luke",keasl001,4,1,2B,2B,1,walk,8,0,2
2025-09-13,MIN202509130,MIN,"Lewis, Royce",lewir003,4,1,1B+2B,1B+2B,1,single,8,0,2
2025-09-13,MIN202509130,MIN,"Clemens, Kody",clemk001,4,1,1B+2B+3B,1B+2B+3B,1,single,8,0,2
2025-09-13,MIN202509130,MIN,"Lee, Brooks",lee-b002,4,1,1B+3B,1B+3B,1,strikeout,8,2,2
2025-09-13,MIN202509130,MIN,"Pereda, Jhonny",perej004,4,2,1B+3B,2B+3B,0,field_out,8,2,2
2025-09-13,MIN202509130,MIN,"Wallner, Matt",wallm001,1,0,empty,empty,1,field_out,9,2,2
2025-09-13,MIN202509130,MIN,"Buxton, Byron",buxtb001,5,1,empty,empty,1,strikeout,9,2,2
2025-09-13,MIN202509130,MIN,"Martin, Austin",marta007,5,2,empty,empty,1,single,9,2,2
2025-09-13,MIN202509130,MIN,"Larnach, Trevor",larnt001,5,2,1B,1B,1,field_out,9,2,2
2025-09-13,MIN202509130,MIN,"Keaschall, Luke",keasl001,5,0,2B,2B,1,field_out,10,2,5
2025-09-13,MIN202509130,MIN,"Lewis, Royce",lewir003,5,1,2B,2B,1,field_out,10,2,5
2025-09-13,MIN202509130,MIN,"Clemens, Kody",clemk001,5,2,2B,2B,1,strikeout,10,2,5
2025-09-14,MIN202509140,MIN,"Buxton, Byron",buxtb001,1,0,empty,empty,1,field_out,1,0,0
2025-09-14,MIN202509140,MIN,"Martin, Austin",marta007,1,1,empty,empty,1,strikeout,1,0,0
2025-09-14,MIN202509140,MIN,"Clemens, Kody",clemk001,1,2,empty,empty,1,single,1,0,0
2025-09-14,MIN202509140,MIN,"Keaschall, Luke",keasl001,1,2,1B,1B,1,strikeout,1,0,0
2025-09-14,MIN202509140,MIN,"Wallner, Matt",wallm001,1,0,empty,empty,1,field_out,2,0,1
2025-09-14,MIN202509140,MIN,"Lewis, Royce",lewir003,1,1,empty,empty,1,single,2,0,1
2025-09-14,MIN202509140,MIN,"Lee, Brooks",lee-b002,1,1,1B,1B,1,field_out,2,0,1
2025-09-14,MIN202509140,MIN,"Gasper, Mickey",gaspm001,1,2,1B,2B,0,field_error,2,0,1
2025-09-14,MIN202509140,MIN,"Julien, Edouard",julie001,1,2,1B+3B,1B+3B,1,single,2,0,1
2025-09-14,MIN202509140,MIN,"Buxton, Byron",buxtb001,2,2,1B+3B,1B+3B,1,field_error,2,1,1
2025-09-14,MIN202509140,MIN,"Martin, Austin",marta007,2,2,2B+3B,2B+3B,1,field_out,2,2,1
2025-09-14,MIN202509140,MIN,"Clemens, Kody",clemk001,2,0,empty,empty,1,field_out,3,2,1
2025-09-14,MIN202509140,MIN,"Keaschall, Luke",keasl001,2,1,empty,empty,1,hit_by_pitch,3,2,1
2025-09-14,MIN202509140,MIN,"Wallner, Matt",wallm001,2,1,1B,1B,1,field_out,3,2,1
2025-09-14,MIN202509140,MIN,"Lewis, Royce",lewir003,2,2,2B,2B,1,field_out,3,2,1
2025-09-14,MIN202509140,MIN,"Lee, Brooks",lee-b002,2,0,empty,empty,1,strikeout,4,2,4
2025-09-14,MIN202509140,MIN,"Gasper, Mickey",gaspm001,2,1,empty,empty,1,field_out,4,2,4
2025-09-14,MIN202509140,MIN,"Julien, Edouard",julie001,2,2,empty,empty,1,field_out,4,2,4
2025-09-14,MIN202509140,MIN,"Buxton, Byron",buxtb001,3,0,empty,empty,1,strikeout,5,2,4
2025-09-14,MIN202509140,MIN,"Martin, Austin",marta007,3,1,empty,empty,1,field_out,5,2,4
2025-09-14,MIN202509140,MIN,"Clemens, Kody",clemk001,3,2,empty,empty,1,field_out,5,2,4
2025-09-14,MIN202509140,MIN,"Keaschall, Luke",keasl001,3,0,empty,empty,1,field_out,6,2,4
2025-09-14,MIN202509140,MIN,"Wallner, Matt",wallm001,3,1,empty,empty,1,home_run,6,2,4
2025-09-14,MIN202509140,MIN,"Lewis, Royce",lewir003,3,1,empty,empty,1,field_out,6,3,4
2025-09-14,MIN202509140,MIN,"Lee, Brooks",lee-b002,3,2,empty,empty,1,field_out,6,3,4
2025-09-14,MIN202509140,MIN,"Gasper, Mickey",gaspm001,3,0,empty,empty,1,home_run,7,3,5
2025-09-14,MIN202509140,MIN,"Julien, Edouard",julie001,3,0,empty,empty,1,strikeout,7,4,5
2025-09-14,MIN202509140,MIN,"Buxton, Byron",buxtb001,4,1,empty,empty,1,field_out,7,4,5
2025-09-14,MIN202509140,MIN,"Martin, Austin",marta007,4,2,empty,empty,1,strikeout,7,4,5
2025-09-14,MIN202509140,MIN,"Clemens, Kody",clemk001,4,0,empty,empty,1,field_out,8,4,6
2025-09-14,MIN202509140,MIN,"Keaschall, Luke",keasl001,4,1,empty,empty,1,single,8,4,6
2025-09-14,MIN202509140,MIN,"Wallner, Matt",wallm001,4,1,1B,2B,0,strikeout,8,4,6
2025-09-14,MIN202509140,MIN,"Lewis, Royce",lewir003,4,2,2B,2B,1,field_error,8,4,6
2025-09-14,MIN202509140,MIN,"Lee, Brooks",lee-b002,4,2,1B+3B,2B+3B,0,walk,8,4,6
2025-09-14,MIN202509140,MIN,"McCusker, Carson",mccuc001,1,2,1B+2B+3B,1B+2B+3B,1,field_out,8,4,6
2025-09-14,MIN202509140,MIN,"Julien, Edouard",julie001,4,0,empty,empty,1,field_out,9,4,6
2025-09-14,MIN202509140,MIN,"Buxton, Byron",buxtb001,5,1,empty,empty,1,strikeout,9,4,6
2025-09-14,MIN202509140,MIN,"Martin, Austin",marta007,5,2,empty,empty,1,single,9,4,6
2025-09-14,MIN202509140,MIN,"Clemens, Kody",clemk001,5,2,1B,1B,1,walk,9,4,6
2025-09-14,MIN202509140,MIN,"Keaschall, Luke",keasl001,5,2,1B+2B,1B+2B,1,hit_by_pitch,9,4,6
2025-09-14,MIN202509140,MIN,"Wallner, Matt",wallm001,5,2,1B+2B+3B,1B+2B+3B,1,field_out,9,4,6
2025-09-15,MIN202509150,MIN,"Buxton, Byron",buxtb001,1,0,empty,empty,1,field_out,1,0,0
2025-09-15,MIN202509150,MIN,"Martin, Austin",marta007,1,1,empty,empty,1,field_out,1,0,0
2025-09-15,MIN202509150,MIN,"Keaschall, Luke",keasl001,1,2,empty,empty,1,field_out,1,0,0
2025-09-15,MIN202509150,MIN,"Lewis, Royce",lewir003,1,0,empty,empty,1,field_out,2,0,0
2025-09-15,MIN202509150,MIN,"Wallner, Matt",wallm001,1,1,empty,empty,1,walk,2,0,0
2025-09-15,MIN202509150,MIN,"McCusker, Carson",mccuc001,1,1,1B,1B,1,field_out,2,0,0
2025-09-15,MIN202509150,MIN,"Lee, Brooks",lee-b002,1,2,1B,2B,0,field_out,2,0,0
2025-09-15,MIN202509150,MIN,"Pereda, Jhonny",perej004,1,0,empty,empty,1,double,3,0,0
2025-09-15,MIN202509150,MIN,"Julien, Edouard",julie001,1,0,2B,2B,1,single,3,0,0
2025-09-15,MIN202509150,MIN,"Buxton, Byron",buxtb001,2,0,1B+3B,1B+3B,1,strikeout,3,0,0
2025-09-15,MIN202509150,MIN,"Martin, Austin",marta007,2,1,1B+3B,1B+3B,1,field_out,3,0,0
2025-09-15,MIN202509150,MIN,"Keaschall, Luke",keasl001,2,2,1B,2B,0,field_out,3,1,0
2025-09-15,MIN202509150,MIN,"Lewis, Royce",lewir003,2,0,empty,empty,1,field_out,4,1,0
2025-09-15,MIN202509150,MIN,"Wallner, Matt",wallm001,2,1,empty,empty,1,field_out,4,1,0
2025-09-15,MIN202509150,MIN,"McCusker, Carson",mccuc001,2,2,empty,empty,1,field_out,4,1,0
2025-09-15,MIN202509150,MIN,"Lee, Brooks",lee-b002,2,0,empty,empty,1,home_run,5,1,0
2025-09-15,MIN202509150,MIN,"Pereda, Jhonny",perej004,2,0,empty,empty,1,field_out,5,2,0
2025-09-15,MIN202509150,MIN,"Julien, Edouard",julie001,2,1,empty,empty,1,single,5,2,0
2025-09-15,MIN202509150,MIN,"Buxton, Byron",buxtb001,3,1,1B,1B,1,single,5,2,0
2025-09-15,MIN202509150,MIN,"Martin, Austin",marta007,3,1,1B+2B,1B+2B,1,grounded_into_double_play,5,2,0
2025-09-15,MIN202509150,MIN,"Keaschall, Luke",keasl001,3,0,empty,empty,1,strikeout,6,2,0
2025-09-15,MIN202509150,MIN,"Lewis, Royce",lewir003,3,0,1B,1B,1,strikeout,6,2,0
2025-09-15,MIN202509150,MIN,"Wallner, Matt",wallm001,3,1,1B,1B,1,strikeout_double_play,6,2,0
2025-09-15,MIN202509150,MIN,"Larnach, Trevor",larnt001,1,0,empty,empty,1,double,7,2,0
2025-09-15,MIN202509150,MIN,"Lee, Brooks",lee-b002,3,0,2B,2B,1,double,7,2,0
2025-09-15,MIN202509150,MIN,"Pereda, Jhonny",perej004,3,0,2B,2B,1,sac_bunt,7,3,0
2025-09-15,MIN202509150,MIN,"Julien, Edouard",julie001,3,1,3B,3B,1,walk,7,3,0
2025-09-15,MIN202509150,MIN,"Buxton, Byron",buxtb001,4,1,1B+3B,1B+3B,1,walk,7,3,0
2025-09-15,MIN202509150,MIN,"Martin, Austin",marta007,4,1,1B+2B+3B,1B+2B+3B,1,double,7,3,0
2025-09-15,MIN202509150,MIN,"Keaschall, Luke",keasl001,4,1,2B,3B,0,single,7,6,0
2025-09-15,MIN202509150,MIN,"Lewis, Royce",lewir003,4,1,1B,1B,1,double_play,7,7,0
2025-09-15,MIN202509150,MIN,"Wallner, Matt",wallm001,4,0,empty,empty,1,field_out,8,7,0
2025-09-15,MIN202509150,MIN,"Larnach, Trevor",larnt001,2,1,empty,empty,1,strikeout,8,7,0
2025-09-15,MIN202509150,MIN,"Lee, Brooks",lee-b002,4,2,empty,empty,1,field_out,8,7,0
2025-09-16,MIN202509160,MIN,"Buxton, Byron",buxtb001,1,0,empty,empty,1,field_out,1,0,2
2025-09-16,MIN202509160,MIN,"Martin, Austin",marta007,1,1,empty,empty,1,field_out,1,0,2
2025-09-16,MIN202509160,MIN,"Larnach, Trevor",larnt001,1,2,empty,empty,1,walk,1,0,2
2025-09-16,MIN202509160,MIN,"Clemens, Kody",clemk001,1,2,1B,1B,1,walk,1,0,2
2025-09-16,MIN202509160,MIN,"Lewis, Royce",lewir003,1,2,1B+2B,1B+2B,1,single,1,0,2
2025-09-16,MIN202509160,MIN,"Wallner, Matt",wallm001,1,2,1B+3B,2B+3B,0,strikeout,1,1,2
2025-09-16,MIN202509160,MIN,"Gasper, Mickey",gaspm001,1,0,empty,empty,1,field_out,2,1,6
2025-09-16,MIN202509160,MIN,"Fitzgerald, Ryan",fitzr001,1,1,empty,empty,1,strikeout,2,1,6
2025-09-16,MIN202509160,MIN,"Outman, James",outmj002,1,2,empty,empty,1,field_out,2,1,6
2025-09-16,MIN202509160,MIN,"Buxton, Byron",buxtb001,2,0,empty,empty,1,strikeout,3,1,9
2025-09-16,MIN202509160,MIN,"Martin, Austin",marta007,2,1,empty,empty,1,field_out,3,1,9
2025-09-16,MIN202509160,MIN,"Larnach, Trevor",larnt001,2,2,empty,empty,1,field_out,3,1,9
2025-09-16,MIN202509160,MIN,"Clemens, Kody",clemk001,2,0,empty,empty,1,strikeout,4,1,10
2025-09-16,MIN202509160,MIN,"Lewis, Royce",lewir003,2,1,empty,empty,1,strikeout,4,1,10
2025-09-16,MIN202509160,MIN,"Wallner, Matt",wallm001,2,2,empty,empty,1,field_out,4,1,10
2025-09-16,MIN202509160,MIN,"Gasper, Mickey",gaspm001,2,0,empty,empty,1,field_out,5,1,10
2025-09-16,MIN202509160,MIN,"Fitzgerald, Ryan",fitzr001,2,1,empty,empty,1,single,5,1,10
2025-09-16,MIN202509160,MIN,"Outman, James",outmj002,2,1,1B,1B,1,home_run,5,1,10
2025-09-16,MIN202509160,MIN,"Buxton, Byron",buxtb001,3,1,empty,empty,1,walk,5,3,10
2025-09-16,MIN202509160,MIN,"Martin, Austin",marta007,3,1,1B,2B,0,strikeout,5,3,10
2025-09-16,MIN202509160,MIN,"Larnach, Trevor",larnt001,3,2,2B,2B,1,walk,5,3,10
2025-09-16,MIN202509160,MIN,"Clemens, Kody",clemk001,3,2,1B+2B,3B,0,walk,5,4,10
2025-09-16,MIN202509160,MIN,"Lewis, Royce",lewir003,3,2,1B+3B,1B+3B,1,field_out,5,4,10
2025-09-16,MIN202509160,MIN,"Wallner, Matt",wallm001,3,0,empty,empty,1,double,6,4,10
2025-09-16,MIN202509160,MIN,"Gasper, Mickey",gaspm001,3,0,2B,2B,1,single,6,4,10
2025-09-16,MIN202509160,MIN,"Fitzgerald, Ryan",fitzr001,3,0,1B,1B,1,home_run,6,5,10
2025-09-16,MIN202509160,MIN,"Outman, James",outmj002,3,0,empty,empty,1,strikeout,6,7,10
2025-09-16,MIN202509160,MIN,"Buxton, Byron",buxtb001,4,1,empty,empty,1,double,6,7,10
2025-09-16,MIN202509160,MIN,"Martin, Austin",marta007,4,1,2B,2B,1,single,6,7,10
2025-09-16,MIN202509160,MIN,"Larnach, Trevor",larnt001,4,1,1B+3B,1B+3B,1,sac_fly,6,7,10
2025-09-16,MIN202509160,MIN,"Clemens, Kody",clemk001,4,2,1B,1B,1,field_out,6,8,10
2025-09-16,MIN202509160,MIN,"Lewis, Royce",lewir003,4,0,empty,empty,1,field_out,7,8,10
2025-09-16,MIN202509160,MIN,"Wallner, Matt",wallm001,4,1,empty,empty,1,field_out,7,8,10
2025-09-16,MIN202509160,MIN,"Gasper, Mickey",gaspm001,4,2,empty,empty,1,field_out,7,8,10
2025-09-16,MIN202509160,MIN,"Fitzgerald, Ryan",fitzr001,4,0,empty,empty,1,strikeout,8,8,10
2025-09-16,MIN202509160,MIN,"Outman, James",outmj002,4,1,empty,empty,1,field_out,8,8,10
2025-09-16,MIN202509160,MIN,"Buxton, Byron",buxtb001,5,2,empty,empty,1,strikeout,8,8,10
2025-09-16,MIN202509160,MIN,"Martin, Austin",marta007,5,0,empty,empty,1,field_out,9,8,10
2025-09-16,MIN202509160,MIN,"Larnach, Trevor",larnt001,5,1,empty,empty,1,home_run,9,8,10
2025-09-16,MIN202509160,MIN,"Clemens, Kody",clemk001,5,1,empty,empty,1,field_out,9,9,10
2025-09-16,MIN202509160,MIN,"Lewis, Royce",lewir003,5,2,empty,empty,1,strikeout,9,9,10
2025-09-17,MIN202509170,MIN,"Buxton, Byron",buxtb001,1,0,empty,empty,1,field_out,1,0,1
2025-09-17,MIN202509170,MIN,"Martin, Austin",marta007,1,1,empty,empty,1,single,1,0,1
2025-09-17,MIN202509170,MIN,"Larnach, Trevor",larnt001,1,1,1B,1B,1,grounded_into_double_play,1,0,1
2025-09-17,MIN202509170,MIN,"Keaschall, Luke",keasl001,1,0,empty,empty,1,field_out,2,0,1
2025-09-17,MIN202509170,MIN,"Wallner, Matt",wallm001,1,1,empty,empty,1,walk,2,0,1
2025-09-17,MIN202509170,MIN,"Lee, Brooks",lee-b002,1,1,1B,2B,0,single,2,0,1
2025-09-17,MIN202509170,MIN,"Lewis, Royce",lewir003,1,1,1B+3B,1B+3B,1,single,2,0,1
2025-09-17,MIN202509170,MIN,"Julien, Edouard",julie001,1,1,1B+2B,1B+2B,1,field_out,2,1,1
2025-09-17,MIN202509170,MIN,"Pereda, Jhonny",perej004,1,2,1B+3B,2B,0,strikeout,2,2,1
2025-09-17,MIN202509170,MIN,"Buxton, Byron",buxtb001,2,0,empty,empty,1,double,3,2,2
2025-09-17,MIN202509170,MIN,"Martin, Austin",marta007,2,0,2B,2B,1,hit_by_pitch,3,2,2
2025-09-17,MIN202509170,MIN,"Larnach, Trevor",larnt001,2,0,1B+2B,1B+2B,1,grounded_into_double_play,3,2,2
2025-09-17,MIN202509170,MIN,"Keaschall, Luke",keasl001,2,2,3B,3B,1,field_out,3,2,2
2025-09-17,MIN202509170,MIN,"Wallner, Matt",wallm001,2,0,empty,empty,1,field_out,4,2,7
2025-09-17,MIN202509170,MIN,"Lee, Brooks",lee-b002,2,1,empty,empty,1,field_out,4,2,7
2025-09-17,MIN202509170,MIN,"Lewis, Royce",lewir003,2,2,empty,empty,1,single,4,2,7
2025-09-17,MIN202509170,MIN,"Julien, Edouard",julie001,2,2,1B,1B,1,field_out,4,2,7
2025-09-17,MIN202509170,MIN,"Pereda, Jhonny",perej004,2,0,empty,empty,1,single,5,2,7
2025-09-17,MIN202509170,MIN,"Buxton, Byron",buxtb001,3,0,1B,1B,1,field_out,5,2,7
2025-09-17,MIN202509170,MIN,"Martin, Austin",marta007,3,1,1B,1B,1,strikeout,5,2,7
2025-09-17,MIN202509170,MIN,"Larnach, Trevor",larnt001,3,2,1B,1B,1,single,5,2,7
2025-09-17,MIN202509170,MIN,"Keaschall, Luke",keasl001,3,2,1B+2B,1B+2B,1,single,5,2,7
2025-09-17,MIN202509170,MIN,"Outman, James",outmj002,1,2,1B+2B,1B+2B,1,walk,5,3,7
2025-09-17,MIN202509170,MIN,"Lee, Brooks",lee-b002,3,2,1B+2B+3B,1B+2B+3B,1,single,5,3,7
2025-09-17,MIN202509170,MIN,"Lewis, Royce",lewir003,3,2,1B+2B,1B+2B,1,field_out,5,5,7
2025-09-17,MIN202509170,MIN,"Julien, Edouard",julie001,3,0,empty,empty,1,field_out,6,5,7
2025-09-17,MIN202509170,MIN,"Pereda, Jhonny",perej004,3,1,empty,empty,1,field_out,6,5,7
2025-09-17,MIN202509170,MIN,"Buxton, Byron",buxtb001,4,2,empty,empty,1,field_out,6,5,7
2025-09-17,MIN202509170,MIN,"Martin, Austin",marta007,4,0,empty,empty,1,single,7,5,7
2025-09-17,MIN202509170,MIN,"Larnach, Trevor",larnt001,4,0,1B,2B,0,strikeout,7,5,7
2025-09-17,MIN202509170,MIN,"Keaschall, Luke",keasl001,4,1,2B,2B,1,strikeout,7,5,7
2025-09-17,MIN202509170,MIN,"Outman, James",outmj002,2,2,2B,2B,1,strikeout,7,5,7
2025-09-17,MIN202509170,MIN,"Lee, Brooks",lee-b002,4,0,empty,empty,1,single,8,5,8
2025-09-17,MIN202509170,MIN,"Lewis, Royce",lewir003,4,0,1B,1B,1,field_out,8,5,8
2025-09-17,MIN202509170,MIN,"Julien, Edouard",julie001,4,1,1B,1B,1,field_out,8,5,8
2025-09-17,MIN202509170,MIN,"Clemens, Kody",clemk001,1,2,1B,1B,1,strikeout,8,5,8
2025-09-17,MIN202509170,MIN,"Buxton, Byron",buxtb001,5,0,empty,empty,1,strikeout,9,5,10
2025-09-17,MIN202509170,MIN,"Martin, Austin",marta007,5,1,empty,empty,1,field_out,9,5,10
2025-09-17,MIN202509170,MIN,"Larnach, Trevor",larnt001,5,2,empty,empty,1,strikeout,9,5,10
2025-09-19,MIN202509190,MIN,"Buxton, Byron",buxtb001,1,0,empty,empty,1,strikeout,1,0,2
2025-09-19,MIN202509190,MIN,"Martin, Austin",marta007,1,1,empty,empty,1,strikeout,1,0,2
2025-09-19,MIN202509190,MIN,"Keaschall, Luke",keasl001,1,2,empty,empty,1,field_out,1,0,2
2025-09-19,MIN202509190,MIN,"Lee, Brooks",lee-b002,1,0,empty,empty,1,strikeout,2,0,2
2025-09-19,MIN202509190,MIN,"Lewis, Royce",lewir003,1,1,empty,empty,1,strikeout,2,0,2
2025-09-19,MIN202509190,MIN,"Clemens, Kody",clemk001,1,2,empty,empty,1,single,2,0,2
2025-09-19,MIN202509190,MIN,"McCusker, Carson",mccuc001,1,2,1B,1B,1,single,2,0,2
2025-09-19,MIN202509190,MIN,"Pereda, Jhonny",perej004,1,2,1B+2B,1B+2B,1,strikeout,2,0,2
2025-09-19,MIN202509190,MIN,"Outman, James",outmj002,1,0,empty,empty,1,strikeout,3,0,2
2025-09-19,MIN202509190,MIN,"Buxton, Byron",buxtb001,2,1,empty,empty,1,field_out,3,0,2
2025-09-19,MIN202509190,MIN,"Martin, Austin",marta007,2,2,empty,empty,1,field_out,3,0,2
2025-09-19,MIN202509190,MIN,"Keaschall, Luke",keasl001,2,0,empty,empty,1,field_out,4,0,2
2025-09-19,MIN202509190,MIN,"Lee, Brooks",lee-b002,2,1,empty,empty,1,strikeout,4,0,2
2025-09-19,MIN202509190,MIN,"Lewis, Royce",lewir003,2,2,empty,empty,1,single,4,0,2
2025-09-19,MIN202509190,MIN,"Clemens, Kody",clemk001,2,2,1B,2B,0,field_out,4,0,2
2025-09-19,MIN202509190,MIN,"McCusker, Carson",mccuc001,2,0,empty,empty,1,strikeout,5,0,2
2025-09-19,MIN202509190,MIN,"Pereda, Jhonny",perej004,2,1,empty,empty,1,strikeout,5,0,2
2025-09-19,MIN202509190,MIN,"Outman, James",outmj002,2,2,empty,empty,1,walk,5,0,2
2025-09-19,MIN202509190,MIN,"Buxton, Byron",buxtb001,3,2,1B,1B,1,field_out,5,0,2
2025-09-19,MIN202509190,MIN,"Martin, Austin",marta007,3,0,empty,empty,1,single,6,0,2
2025-09-19,MIN202509190,MIN,"Keaschall, Luke",keasl001,3,0,2B,2B,1,double,6,0,2
2025-09-19,MIN202509190,MIN,"Lee, Brooks",lee-b002,3,0,2B+3B,3B,0,field_out,6,1,2
2025-09-19,MIN202509190,MIN,"Lewis, Royce",lewir003,3,1,3B,3B,1,single,6,1,2
2025-09-19,MIN202509190,MIN,"Clemens, Kody",clemk001,3,1,1B,2B,0,strikeout,6,2,2
2025-09-19,MIN202509190,MIN,"Larnach, Trevor",larnt001,1,2,2B,2B,1,intent_walk,6,2,2
2025-09-19,MIN202509190,MIN,"Julien, Edouard",julie001,1,2,1B+2B,1B+2B,1,strikeout,6,2,2
2025-09-19,MIN202509190,MIN,"Outman, James",outmj002,3,0,empty,empty,1,strikeout,7,2,2
2025-09-19,MIN202509190,MIN,"Buxton, Byron",buxtb001,4,1,empty,empty,1,strikeout,7,2,2
2025-09-19,MIN202509190,MIN,"Martin, Austin",marta007,4,2,empty,empty,1,field_out,7,2,2
2025-09-19,MIN202509190,MIN,"Keaschall, Luke",keasl001,4,0,empty,empty,1,strikeout,8,2,4
2025-09-19,MIN202509190,MIN,"Lee, Brooks",lee-b002,4,1,empty,empty,1,field_out,8,2,4
2025-09-19,MIN202509190,MIN,"Lewis, Royce",lewir003,4,2,empty,empty,1,strikeout,8,2,4
2025-09-19,MIN202509190,MIN,"Clemens, Kody",clemk001,4,0,empty,empty,1,strikeout,9,2,6
2025-09-19,MIN202509190,MIN,"Larnach, Trevor",larnt001,2,1,empty,empty,1,field_out,9,2,6
2025-09-19,MIN202509190,MIN,"Gasper, Mickey",gaspm001,1,2,empty,empty,1,field_out,9,2,6
2025-09-20,MIN202509201,MIN,"Buxton, Byron",buxtb001,1,0,empty,empty,1,strikeout,1,0,1
2025-09-20,MIN202509201,MIN,"Martin, Austin",marta007,1,1,empty,empty,1,single,1,0,1
2025-09-20,MIN202509201,MIN,"Larnach, Trevor",larnt001,1,1,1B,1B,1,grounded_into_double_play,1,0,1
2025-09-20,MIN202509201,MIN,"Keaschall, Luke",keasl001,1,0,empty,empty,1,double,2,0,3
2025-09-20,MIN202509201,MIN,"Clemens, Kody",clemk001,1,0,2B,2B,1,field_out,2,0,3
2025-09-20,MIN202509201,MIN,"Lewis, Royce",lewir003,1,1,3B,3B,1,field_out,2,0,3
2025-09-20,MIN202509201,MIN,"Fitzgerald, Ryan",fitzr001,1,2,3B,3B,1,strikeout,2,0,3
2025-09-20,MIN202509201,MIN,"Pereda, Jhonny",perej004,1,0,empty,empty,1,field_out,3,0,3
2025-09-20,MIN202509201,MIN,"Outman, James",outmj002,1,1,empty,empty,1,strikeout,3,0,3
2025-09-20,MIN202509201,MIN,"Buxton, Byron",buxtb001,2,2,empty,empty,1,field_out,3,0,3
2025-09-20,MIN202509201,MIN,"Martin, Austin",marta007,2,0,empty,empty,1,field_out,4,0,3
2025-09-20,MIN202509201,MIN,"Larnach, Trevor",larnt001,2,1,empty,empty,1,field_out,4,0,3
2025-09-20,MIN202509201,MIN,"Keaschall, Luke",keasl001,2,2,empty,empty,1,field_out,4,0,3
2025-09-20,MIN202509201,MIN,"Clemens, Kody",clemk001,2,0,empty,empty,1,strikeout,5,0,5
2025-09-20,MIN202509201,MIN,"Lewis, Royce",lewir003,2,1,empty,empty,1,strikeout,5,0,5
2025-09-20,MIN202509201,MIN,"Fitzgerald, Ryan",fitzr001,2,2,empty,empty,1,walk,5,0,5
2025-09-20,MIN202509201,MIN,"Pereda, Jhonny",perej004,2,2,1B,1B,1,strikeout,5,0,5
2025-09-20,MIN202509201,MIN,"Outman, James",outmj002,2,0,empty,empty,1,strikeout,6,0,5
2025-09-20,MIN202509201,MIN,"Buxton, Byron",buxtb001,3,1,empty,empty,1,strikeout,6,0,5
2025-09-20,MIN202509201,MIN,"Martin, Austin",marta007,3,2,empty,empty,1,field_out,6,0,5
2025-09-20,MIN202509201,MIN,"Larnach, Trevor",larnt001,3,0,empty,empty,1,field_out,7,0,5
2025-09-20,MIN202509201,MIN,"Keaschall, Luke",keasl001,3,1,empty,empty,1,field_out,7,0,5
2025-09-20,MIN202509201,MIN,"Clemens, Kody",clemk001,3,2,empty,empty,1,field_out,7,0,5
2025-09-20,MIN202509201,MIN,"Lewis, Royce",lewir003,3,0,empty,empty,1,field_out,8,0,6
2025-09-20,MIN202509201,MIN,"Fitzgerald, Ryan",fitzr001,3,1,empty,empty,1,walk,8,0,6
2025-09-20,MIN202509201,MIN,"Pereda, Jhonny",perej004,3,1,1B,1B,1,grounded_into_double_play,8,0,6
2025-09-20,MIN202509201,MIN,"Outman, James",outmj002,3,0,empty,empty,1,strikeout,9,0,6
2025-09-20,MIN202509201,MIN,"Buxton, Byron",buxtb001,4,1,empty,empty,1,strikeout,9,0,6
2025-09-20,MIN202509201,MIN,"Martin, Austin",marta007,4,2,empty,empty,1,double,9,0,6
2025-09-20,MIN202509201,MIN,"Larnach, Trevor",larnt001,4,2,2B,2B,1,field_out,9,0,6
2025-09-20,MIN202509202,MIN,"Buxton, Byron",buxtb001,1,0,empty,empty,1,single,1,0,0
2025-09-20,MIN202509202,MIN,"Martin, Austin",marta007,1,0,1B,1B,1,strikeout,1,0,0
2025-09-20,MIN202509202,MIN,"Keaschall, Luke",keasl001,1,1,1B,1B,1,grounded_into_double_play,1,0,0
2025-09-20,MIN202509202,MIN,"Lewis, Royce",lewir003,1,0,empty,empty,1,field_out,2,0,0
2025-09-20,MIN202509202,MIN,"Lee, Brooks",lee-b002,1,1,empty,empty,1,field_out,2,0,0
2025-09-20,MIN202509202,MIN,"McCusker, Carson",mccuc001,1,2,empty,empty,1,single,2,0,0
2025-09-20,MIN202509202,MIN,"Julien, Edouard",julie001,1,0,1B,empty,0,single,3,0,0
2025-09-20,MIN202509202,MIN,"Gasper, Mickey",gaspm001,1,0,1B,1B,1,grounded_into_double_play,3,0,0
2025-09-20,MIN202509202,MIN,"Outman, James",outmj002,1,2,empty,empty,1,field_out,3,0,0
2025-09-20,MIN202509202,MIN,"Buxton, Byron",buxtb001,2,0,empty,empty,1,walk,4,0,0
2025-09-20,MIN202509202,MIN,"Martin, Austin",marta007,2,0,1B,1B,1,field_out,4,0,0
2025-09-20,MIN202509202,MIN,"Keaschall, Luke",keasl001,2,1,1B,1B,1,field_out,4,0,0
2025-09-20,MIN202509202,MIN,"Lewis, Royce",lewir003,2,2,2B,2B,1,strikeout,4,0,0
2025-09-20,MIN202509202,MIN,"Lee, Brooks",lee-b002,2,0,empty,empty,1,field_out,5,0,6
2025-09-20,MIN202509202,MIN,"McCusker, Carson",mccuc001,2,1,empty,empty,1,strikeout,5,0,6
2025-09-20,MIN202509202,MIN,"Julien, Edouard",julie001,2,2,empty,empty,1,strikeout,5,0,6
2025-09-20,MIN202509202,MIN,"Gasper, Mickey",gaspm001,2,0,empty,empty,1,field_out,6,0,6
2025-09-20,MIN202509202,MIN,"Outman, James",outmj002,2,1,empty,empty,1,field_out,6,0,6
2025-09-20,MIN202509202,MIN,"Buxton, Byron",buxtb001,3,2,empty,empty,1,field_out,6,0,6
2025-09-20,MIN202509202,MIN,"Martin, Austin",marta007,3,0,empty,empty,1,field_out,7,0,6
2025-09-20,MIN202509202,MIN,"Keaschall, Luke",keasl001,3,1,empty,empty,1,strikeout,7,0,6
2025-09-20,MIN202509202,MIN,"Lewis, Royce",lewir003,3,2,empty,empty,1,double,7,0,6
2025-09-20,MIN202509202,MIN,"Lee, Brooks",lee-b002,3,2,2B,2B,1,field_out,7,0,6
2025-09-20,MIN202509202,MIN,"McCusker, Carson",mccuc001,3,0,empty,empty,1,strikeout,8,0,8
2025-09-20,MIN202509202,MIN,"Julien, Edouard",julie001,3,1,empty,empty,1,field_out,8,0,8
2025-09-20,MIN202509202,MIN,"Gasper, Mickey",gaspm001,3,2,empty,empty,1,strikeout,8,0,8
2025-09-20,MIN202509202,MIN,"Outman, James",outmj002,3,0,empty,empty,1,strikeout,9,0,8
2025-09-20,MIN202509202,MIN,"Buxton, Byron",buxtb001,4,1,empty,empty,1,strikeout,9,0,8
2025-09-20,MIN202509202,MIN,"Keirsey, DaShawn",keird001,1,2,empty,empty,1,field_out,9,0,8
2025-09-21,MIN202509210,MIN,"Buxton, Byron",buxtb001,1,0,empty,empty,1,strikeout,1,0,2
2025-09-21,MIN202509210,MIN,"Clemens, Kody",clemk001,1,1,empty,empty,1,field_out,1,0,2
2025-09-21,MIN202509210,MIN,"Martin, Austin",marta007,1,2,empty,empty,1,field_out,1,0,2
2025-09-21,MIN202509210,MIN,"Larnach, Trevor",larnt001,1,0,empty,empty,1,field_out,2,0,2
2025-09-21,MIN202509210,MIN,"Keaschall, Luke",keasl001,1,1,empty,empty,1,field_out,2,0,2
2025-09-21,MIN202509210,MIN,"Julien, Edouard",julie001,1,2,empty,empty,1,walk,2,0,2
2025-09-21,MIN202509210,MIN,"Lee, Brooks",lee-b002,1,2,1B,1B,1,strikeout,2,0,2
2025-09-21,MIN202509210,MIN,"Pereda, Jhonny",perej004,1,0,empty,empty,1,field_out,3,0,2
2025-09-21,MIN202509210,MIN,"Fitzgerald, Ryan",fitzr001,1,1,empty,empty,1,field_out,3,0,2
2025-09-21,MIN202509210,MIN,"Buxton, Byron",buxtb001,2,2,empty,empty,1,double,3,0,2
2025-09-21,MIN202509210,MIN,"Clemens, Kody",clemk001,2,2,2B,2B,1,single,3,0,2
2025-09-21,MIN202509210,MIN,"Martin, Austin",marta007,2,2,1B,2B,0,strikeout,3,1,2
2025-09-21,MIN202509210,MIN,"Larnach, Trevor",larnt001,2,0,empty,empty,1,strikeout,4,1,2
2025-09-21,MIN202509210,MIN,"Keaschall, Luke",keasl001,2,1,empty,empty,1,strikeout,4,1,2
2025-09-21,MIN202509210,MIN,"Julien, Edouard",julie001,2,2,empty,empty,1,field_out,4,1,2
2025-09-21,MIN202509210,MIN,"Lee, Brooks",lee-b002,2,0,empty,empty,1,single,5,1,2
2025-09-21,MIN202509210,MIN,"Pereda, Jhonny",perej004,2,0,1B,1B,1,single,5,1,2
2025-09-21,MIN202509210,MIN,"Fitzgerald, Ryan",fitzr001,2,0,1B+2B,1B+2B,1,field_out,5,1,2
2025-09-21,MIN202509210,MIN,"Buxton, Byron",buxtb001,3,1,1B+2B,1B+2B,1,walk,5,1,2
2025-09-21,MIN202509210,MIN,"Clemens, Kody",clemk001,3,1,1B+2B+3B,1B+2B+3B,1,field_out,5,1,2
2025-09-21,MIN202509210,MIN,"Martin, Austin",marta007,3,2,1B+2B+3B,1B+2B+3B,1,field_out,5,1,2
2025-09-21,MIN202509210,MIN,"Larnach, Trevor",larnt001,3,0,empty,empty,1,strikeout,6,1,2
2025-09-21,MIN202509210,MIN,"Keaschall, Luke",keasl001,3,1,empty,empty,1,double,6,1,2
2025-09-21,MIN202509210,MIN,"Julien, Edouard",julie001,3,1,2B,2B,1,field_out,6,1,2
2025-09-21,MIN202509210,MIN,"Lee, Brooks",lee-b002,3,2,3B,3B,1,home_run,6,1,2
2025-09-21,MIN202509210,MIN,"Pereda, Jhonny",perej004,3,2,empty,empty,1,field_out,6,3,2
2025-09-21,MIN202509210,MIN,"Fitzgerald, Ryan",fitzr001,3,0,empty,empty,1,field_out,7,3,2
2025-09-21,MIN202509210,MIN,"Buxton, Byron",buxtb001,4,1,empty,empty,1,strikeout,7,3,2
2025-09-21,MIN202509210,MIN,"Clemens, Kody",clemk001,4,2,empty,empty,1,single,7,3,2
2025-09-21,MIN202509210,MIN,"Martin, Austin",marta007,4,2,1B,1B,1,single,7,3,2
2025-09-21,MIN202509210,MIN,"Lewis, Royce",lewir003,1,2,1B+3B,2B+3B,0,home_run,7,3,2
2025-09-21,MIN202509210,MIN,"Keaschall, Luke",keasl001,4,2,empty,empty,1,strikeout,7,6,2
2025-09-21,MIN202509210,MIN,"Outman, James",outmj002,1,0,empty,empty,1,strikeout,8,6,2
2025-09-21,MIN202509210,MIN,"Lee, Brooks",lee-b002,4,1,empty,empty,1,strikeout,8,6,2
2025-09-21,MIN202509210,MIN,"Pereda, Jhonny",perej004,4,2,empty,empty,1,double,8,6,2
2025-09-21,MIN202509210,MIN,"Fitzgerald, Ryan",fitzr001,4,2,2B,2B,1,field_out,8,6,2
2025-09-23,TEX202509230,MIN,"Buxton, Byron",buxtb001,1,0,empty,empty,1,field_out,1,0,0
2025-09-23,TEX202509230,MIN,"Martin, Austin",marta007,1,1,empty,empty,1,field_out,1,0,0
2025-09-23,TEX202509230,MIN,"Jeffers, Ryan",jeffr002,1,2,empty,empty,1,field_out,1,0,0
2025-09-23,TEX202509230,MIN,"Keaschall, Luke",keasl001,1,0,empty,empty,1,walk,2,0,1
2025-09-23,TEX202509230,MIN,"Lewis, Royce",lewir003,1,0,1B,1B,1,field_out,2,0,1
2025-09-23,TEX202509230,MIN,"McCusker, Carson",mccuc001,1,1,1B,3B,0,strikeout,2,0,1
2025-09-23,TEX202509230,MIN,"Lee, Brooks",lee-b002,1,2,3B,3B,1,field_out,2,0,1
2025-09-23,TEX202509230,MIN,"Clemens, Kody",clemk001,1,0,empty,empty,1,double,3,0,1
2025-09-23,TEX202509230,MIN,"Vazquez, Christian",vazqc001,1,0,2B,2B,1,single,3,0,1
2025-09-23,TEX202509230,MIN,"Buxton, Byron",buxtb001,2,0,1B+3B,1B+3B,1,field_out,3,0,1
2025-09-23,TEX202509230,MIN,"Martin, Austin",marta007,2,1,1B,1B,1,single,3,1,1
2025-09-23,TEX202509230,MIN,"Jeffers, Ryan",jeffr002,2,1,1B+3B,2B+3B,0,single,3,1,1
2025-09-23,TEX202509230,MIN,"Keaschall, Luke",keasl001,2,1,1B+3B,1B+3B,1,fielders_choice_out,3,2,1
2025-09-23,TEX202509230,MIN,"Lewis, Royce",lewir003,2,2,1B+2B,1B+2B,1,strikeout,3,2,1
2025-09-23,TEX202509230,MIN,"McCusker, Carson",mccuc001,2,0,empty,empty,1,single,4,2,1
2025-09-23,TEX202509230,MIN,"Lee, Brooks",lee-b002,2,0,1B,1B,1,field_out,4,2,1
2025-09-23,TEX202509230,MIN,"Clemens, Kody",clemk001,2,1,2B,2B,1,field_out,4,2,1
2025-09-23,TEX202509230,MIN,"Vazquez, Christian",vazqc001,2,2,3B,3B,1,walk,4,2,1
2025-09-23,TEX202509230,MIN,"Buxton, Byron",buxtb001,3,2,1B+3B,1B+3B,1,field_out,4,2,1
2025-09-23,TEX202509230,MIN,"Martin, Austin",marta007,3,0,empty,empty,1,field_out,5,2,1
2025-09-23,TEX202509230,MIN,"Jeffers, Ryan",jeffr002,3,1,empty,empty,1,field_out,5,2,1
2025-09-23,TEX202509230,MIN,"Julien, Edouard",julie001,1,2,empty,empty,1,walk,5,2,1
2025-09-23,TEX202509230,MIN,"Lewis, Royce",lewir003,3,2,1B,1B,1,strikeout,5,2,1
2025-09-23,TEX202509230,MIN,"McCusker, Carson",mccuc001,3,0,empty,empty,1,walk,6,2,1
2025-09-23,TEX202509230,MIN,"Lee, Brooks",lee-b002,3,0,1B,1B,1,single,6,2,1
2025-09-23,TEX202509230,MIN,"Clemens, Kody",clemk001,3,0,1B+2B,1B+2B,1,single,6,2,1
2025-09-23,TEX202509230,MIN,"Vazquez, Christian",vazqc001,3,0,1B+2B,1B+2B,1,hit_by_pitch,6,3,1
2025-09-23,TEX202509230,MIN,"Buxton, Byron",buxtb001,4,0,1B+2B+3B,1B+2B+3B,1,strikeout,6,3,1
2025-09-23,TEX202509230,MIN,"Martin, Austin",marta007,4,1,1B+2B+3B,1B+2B+3B,1,field_out,6,3,1
2025-09-23,TEX202509230,MIN,"Jeffers, Ryan",jeffr002,4,2,1B+2B,1B+2B,1,field_out,6,4,1
2025-09-23,TEX202509230,MIN,"Julien, Edouard",julie001,2,0,empty,empty,1,single,7,4,1
2025-09-23,TEX202509230,MIN,"Lewis, Royce",lewir003,4,0,1B,1B,1,field_out,7,4,1
2025-09-23,TEX202509230,MIN,"Outman, James",outmj002,1,1,2B,2B,1,strikeout,7,4,1
2025-09-23,TEX202509230,MIN,"Lee, Brooks",lee-b002,4,2,2B,2B,1,field_out,7,4,1
2025-09-23,TEX202509230,MIN,"Clemens, Kody",clemk001,4,0,empty,empty,1,strikeout,8,4,1
2025-09-23,TEX202509230,MIN,"Vazquez, Christian",vazqc001,4,1,empty,empty,1,walk,8,4,1
2025-09-23,TEX202509230,MIN,"Buxton, Byron",buxtb001,5,1,1B,2B,0,field_out,8,4,1
2025-09-23,TEX202509230,MIN,"Martin, Austin",marta007,5,2,3B,3B,1,field_out,8,4,1
2025-09-23,TEX202509230,MIN,"Jeffers, Ryan",jeffr002,5,0,empty,empty,1,walk,9,4,1
2025-09-23,TEX202509230,MIN,"Julien, Edouard",julie001,3,1,1B,empty,0,double,9,4,1
2025-09-23,TEX202509230,MIN,"Lewis, Royce",lewir003,5,1,2B,2B,1,strikeout,9,4,1
2025-09-23,TEX202509230,MIN,"Outman, James",outmj002,2,2,2B,2B,1,walk,9,4,1
2025-09-23,TEX202509230,MIN,"Lee, Brooks",lee-b002,5,2,1B+2B,2B+3B,0,field_out,9,4,1
2025-09-24,TEX202509240,MIN,"Buxton, Byron",buxtb001,1,0,empty,empty,1,home_run,1,0,0
2025-09-24,TEX202509240,MIN,"Clemens, Kody",clemk001,1,0,empty,empty,1,field_out,1,1,0
2025-09-24,TEX202509240,MIN,"Larnach, Trevor",larnt001,1,1,empty,empty,1,strikeout,1,1,0
2025-09-24,TEX202509240,MIN,"Jeffers, Ryan",jeffr002,1,2,empty,empty,1,field_out,1,1,0
2025-09-24,TEX202509240,MIN,"Lee, Brooks",lee-b002,1,0,empty,empty,1,strikeout,2,1,0
2025-09-24,TEX202509240,MIN,"Julien, Edouard",julie001,1,1,empty,empty,1,strikeout,2,1,0
2025-09-24,TEX202509240,MIN,"Lewis, Royce",lewir003,1,2,empty,empty,1,field_out,2,1,0
2025-09-24,TEX202509240,MIN,"Fitzgerald, Ryan",fitzr001,1,0,empty,empty,1,strikeout,3,1,0
2025-09-24,TEX202509240,MIN,"Outman, James",outmj002,1,1,empty,empty,1,strikeout,3,1,0
2025-09-24,TEX202509240,MIN,"Buxton, Byron",buxtb001,2,2,empty,empty,1,strikeout,3,1,0
2025-09-24,TEX202509240,MIN,"Clemens, Kody",clemk001,2,0,empty,empty,1,walk,4,1,0
2025-09-24,TEX202509240,MIN,"Larnach, Trevor",larnt001,2,0,1B,3B,0,strikeout,4,1,0
2025-09-24,TEX202509240,MIN,"Jeffers, Ryan",jeffr002,2,1,3B,3B,1,strikeout,4,1,0
2025-09-24,TEX202509240,MIN,"Lee, Brooks",lee-b002,2,2,3B,3B,1,field_out,4,1,0
2025-09-24,TEX202509240,MIN,"Julien, Edouard",julie001,2,0,empty,empty,1,single,5,1,1
2025-09-24,TEX202509240,MIN,"Lewis, Royce",lewir003,2,0,1B,1B,1,field_out,5,1,1
2025-09-24,TEX202509240,MIN,"Fitzgerald, Ryan",fitzr001,2,1,1B,1B,1,field_out,5,1,1
2025-09-24,TEX202509240,MIN,"Outman, James",outmj002,2,0,1B,empty,0,field_out,6,1,1
2025-09-24,TEX202509240,MIN,"Buxton, Byron",buxtb001,3,1,empty,empty,1,field_out,6,1,1
2025-09-24,TEX202509240,MIN,"Clemens, Kody",clemk001,3,2,empty,empty,1,strikeout,6,1,1
2025-09-24,TEX202509240,MIN,"Larnach, Trevor",larnt001,3,0,empty,empty,1,single,7,1,1
2025-09-24,TEX202509240,MIN,"Jeffers, Ryan",jeffr002,3,0,1B,1B,1,grounded_into_double_play,7,1,1
2025-09-24,TEX202509240,MIN,"Lee, Brooks",lee-b002,3,2,empty,empty,1,field_out,7,1,1
2025-09-24,TEX202509240,MIN,"Julien, Edouard",julie001,3,0,empty,empty,1,double,8,1,4
2025-09-24,TEX202509240,MIN,"Lewis, Royce",lewir003,3,0,2B,2B,1,single,8,1,4
2025-09-24,TEX202509240,MIN,"Fitzgerald, Ryan",fitzr001,3,0,1B,1B,1,field_out,8,2,4
2025-09-24,TEX202509240,MIN,"Outman, James",outmj002,3,1,1B,1B,1,field_out,8,2,4
2025-09-24,TEX202509240,MIN,"Buxton, Byron",buxtb001,4,2,1B,1B,1,strikeout,8,2,4
2025-09-24,TEX202509240,MIN,"Clemens, Kody",clemk001,4,0,empty,empty,1,field_out,9,2,4
2025-09-24,TEX202509240,MIN,"Larnach, Trevor",larnt001,4,1,empty,empty,1,strikeout,9,2,4
2025-09-24,TEX202509240,MIN,"Jeffers, Ryan",jeffr002,4,2,empty,empty,1,field_out,9,2,4
2025-09-25,TEX202509250,MIN,"Buxton, Byron",buxtb001,1,0,empty,empty,1,home_run,1,0,0
2025-09-25,TEX202509250,MIN,"Martin, Austin",marta007,1,0,empty,empty,1,walk,1,1,0
2025-09-25,TEX202509250,MIN,"Larnach, Trevor",larnt001,1,1,1B,empty,0,strikeout,1,1,0
2025-09-25,TEX202509250,MIN,"Clemens, Kody",clemk001,1,2,empty,empty,1,field_out,1,1,0
2025-09-25,TEX202509250,MIN,"Lewis, Royce",lewir003,1,0,empty,empty,1,single,2,1,0
2025-09-25,TEX202509250,MIN,"Lee, Brooks",lee-b002,1,1,1B,empty,0,field_out,2,1,0
2025-09-25,TEX202509250,MIN,"McCusker, Carson",mccuc001,1,2,empty,empty,1,strikeout,2,1,0
2025-09-25,TEX202509250,MIN,"Julien, Edouard",julie001,1,0,empty,empty,1,single,3,1,0
2025-09-25,TEX202509250,MIN,"Vazquez, Christian",vazqc001,1,0,1B,1B,1,field_out,3,1,0
2025-09-25,TEX202509250,MIN,"Buxton, Byron",buxtb001,2,1,1B,1B,1,field_out,3,1,0
2025-09-25,TEX202509250,MIN,"Martin, Austin",marta007,2,2,1B,1B,1,field_out,3,1,0
2025-09-25,TEX202509250,MIN,"Larnach, Trevor",larnt001,2,0,empty,empty,1,double,4,1,0
2025-09-25,TEX202509250,MIN,"Clemens, Kody",clemk001,2,0,2B,2B,1,field_out,4,1,0
2025-09-25,TEX202509250,MIN,"Lewis, Royce",lewir003,2,1,2B,2B,1,field_out,4,1,0
2025-09-25,TEX202509250,MIN,"Lee, Brooks",lee-b002,2,2,2B,2B,1,field_out,4,1,0
2025-09-25,TEX202509250,MIN,"McCusker, Carson",mccuc001,2,0,empty,empty,1,strikeout,5,1,0
2025-09-25,TEX202509250,MIN,"Julien, Edouard",julie001,2,1,empty,empty,1,field_out,5,1,0
2025-09-25,TEX202509250,MIN,"Vazquez, Christian",vazqc001,2,2,empty,empty,1,single,5,1,0
2025-09-25,TEX202509250,MIN,"Buxton, Byron",buxtb001,3,2,1B,1B,1,strikeout,5,1,0
2025-09-25,TEX202509250,MIN,"Martin, Austin",marta007,3,0,empty,empty,1,field_out,6,1,0
2025-09-25,TEX202509250,MIN,"Larnach, Trevor",larnt001,3,1,empty,empty,1,strikeout,6,1,0
2025-09-25,TEX202509250,MIN,"Clemens, Kody",clemk001,3,2,empty,empty,1,field_out,6,1,0
2025-09-25,TEX202509250,MIN,"Lewis, Royce",lewir003,3,0,empty,empty,1,strikeout,7,1,0
2025-09-25,TEX202509250,MIN,"Lee, Brooks",lee-b002,3,1,empty,empty,1,field_out,7,1,0
2025-09-25,TEX202509250,MIN,"McCusker, Carson",mccuc001,3,2,empty,empty,1,strikeout,7,1,0
2025-09-25,TEX202509250,MIN,"Julien, Edouard",julie001,3,0,empty,empty,1,single,8,1,0
2025-09-25,TEX202509250,MIN,"Vazquez, Christian",vazqc001,3,0,1B,1B,1,single,8,1,0
2025-09-25,TEX202509250,MIN,"Buxton, Byron",buxtb001,4,0,1B+2B,1B+2B,1,home_run,8,1,0
2025-09-25,TEX202509250,MIN,"Martin, Austin",marta007,4,0,empty,empty,1,strikeout,8,4,0
2025-09-25,TEX202509250,MIN,"Larnach, Trevor",larnt001,4,1,empty,empty,1,single,8,4,0
2025-09-25,TEX202509250,MIN,"Clemens, Kody",clemk001,4,1,1B,1B,1,field_out,8,4,0
2025-09-25,TEX202509250,MIN,"Lewis, Royce",lewir003,4,2,1B,1B,1,single,8,4,0
2025-09-25,TEX202509250,MIN,"Lee, Brooks",lee-b002,4,2,1B+3B,1B+3B,1,strikeout,8,4,0
2025-09-25,TEX202509250,MIN,"Outman, James",outmj002,1,0,empty,empty,1,field_out,9,4,0
2025-09-25,TEX202509250,MIN,"Fitzgerald, Ryan",fitzr001,1,1,empty,empty,1,field_out,9,4,0
2025-09-25,TEX202509250,MIN,"Vazquez, Christian",vazqc001,4,2,empty,empty,1,field_out,9,4,0
2025-09-26,PHI202509260,MIN,"Buxton, Byron",buxtb001,1,0,empty,empty,1,field_out,1,0,0
2025-09-26,PHI202509260,MIN,"Clemens, Kody",clemk001,1,1,empty,empty,1,strikeout,1,0,0
2025-09-26,PHI202509260,MIN,"Jeffers, Ryan",jeffr002,1,2,empty,empty,1,field_out,1,0,0
2025-09-26,PHI202509260,MIN,"Larnach, Trevor",larnt001,1,0,empty,empty,1,field_out,2,0,1
2025-09-26,PHI202509260,MIN,"Lee, Brooks",lee-b002,1,1,empty,empty,1,field_out,2,0,1
2025-09-26,PHI202509260,MIN,"Julien, Edouard",julie001,1,2,empty,empty,1,strikeout,2,0,1
2025-09-26,PHI202509260,MIN,"Lewis, Royce",lewir003,1,0,empty,empty,1,field_out,3,0,1
2025-09-26,PHI202509260,MIN,"Outman, James",outmj002,1,1,empty,empty,1,strikeout,3,0,1
2025-09-26,PHI202509260,MIN,"Vazquez, Christian",vazqc001,1,2,empty,empty,1,field_out,3,0,1
2025-09-26,PHI202509260,MIN,"Buxton, Byron",buxtb001,2,0,empty,empty,1,field_out,4,0,1
2025-09-26,PHI202509260,MIN,"Clemens, Kody",clemk001,2,1,empty,empty,1,field_out,4,0,1
2025-09-26,PHI202509260,MIN,"Jeffers, Ryan",jeffr002,2,2,empty,empty,1,strikeout,4,0,1
2025-09-26,PHI202509260,MIN,"Larnach, Trevor",larnt001,2,0,empty,empty,1,field_out,5,0,1
2025-09-26,PHI202509260,MIN,"Lee, Brooks",lee-b002,2,1,empty,empty,1,field_out,5,0,1
2025-09-26,PHI202509260,MIN,"Julien, Edouard",julie001,2,2,empty,empty,1,strikeout,5,0,1
2025-09-26,PHI202509260,MIN,"Lewis, Royce",lewir003,2,0,empty,empty,1,field_out,6,0,2
2025-09-26,PHI202509260,MIN,"Outman, James",outmj002,2,1,empty,empty,1,field_out,6,0,2
2025-09-26,PHI202509260,MIN,"Vazquez, Christian",vazqc001,2,2,empty,empty,1,home_run,6,0,2
2025-09-26,PHI202509260,MIN,"Buxton, Byron",buxtb001,3,2,empty,empty,1,strikeout,6,1,2
2025-09-26,PHI202509260,MIN,"Clemens, Kody",clemk001,3,0,empty,empty,1,triple,7,1,3
2025-09-26,PHI202509260,MIN,"Jeffers, Ryan",jeffr002,3,0,3B,3B,1,strikeout,7,1,3
2025-09-26,PHI202509260,MIN,"Larnach, Trevor",larnt001,3,1,3B,3B,1,strikeout,7,1,3
2025-09-26,PHI202509260,MIN,"Lee, Brooks",lee-b002,3,2,3B,3B,1,field_out,7,1,3
2025-09-26,PHI202509260,MIN,"Julien, Edouard",julie001,3,0,empty,empty,1,strikeout,8,1,3
2025-09-26,PHI202509260,MIN,"Lewis, Royce",lewir003,3,1,empty,empty,1,field_out,8,1,3
2025-09-26,PHI202509260,MIN,"Outman, James",outmj002,3,2,empty,empty,1,field_out,8,1,3
2025-09-26,PHI202509260,MIN,"Vazquez, Christian",vazqc001,3,0,empty,empty,1,single,9,1,3
2025-09-26,PHI202509260,MIN,"Buxton, Byron",buxtb001,4,0,1B,1B,1,strikeout,9,1,3
2025-09-26,PHI202509260,MIN,"Clemens, Kody",clemk001,4,1,1B,1B,1,strikeout,9,1,3
2025-09-26,PHI202509260,MIN,"Jeffers, Ryan",jeffr002,4,2,1B,1B,1,single,9,1,3
2025-09-26,PHI202509260,MIN,"Larnach, Trevor",larnt001,4,2,1B+3B,2B+3B,0,field_out,9,1,3
2025-09-27,PHI202509270,MIN,"Buxton, Byron",buxtb001,1,0,empty,empty,1,home_run,1,0,0
2025-09-27,PHI202509270,MIN,"Martin, Austin",marta007,1,0,empty,empty,1,single,1,1,0
2025-09-27,PHI202509270,MIN,"Jeffers, Ryan",jeffr002,1,0,1B,1B,1,strikeout,1,1,0
2025-09-27,PHI202509270,MIN,"Lewis, Royce",lewir003,1,1,1B,1B,1,double,1,1,0
2025-09-27,PHI202509270,MIN,"Clemens, Kody",clemk001,1,1,2B+3B,2B+3B,1,strikeout,1,1,0
2025-09-27,PHI202509270,MIN,"Lee, Brooks",lee-b002,1,2,2B+3B,2B+3B,1,strikeout,1,1,0
2025-09-27,PHI202509270,MIN,"McCusker, Carson",mccuc001,1,0,empty,empty,1,field_out,2,1,0
2025-09-27,PHI202509270,MIN,"Fitzgerald, Ryan",fitzr001,1,1,empty,empty,1,field_out,2,1,0
2025-09-27,PHI202509270,MIN,"Outman, James",outmj002,1,2,empty,empty,1,strikeout,2,1,0
2025-09-27,PHI202509270,MIN,"Buxton, Byron",buxtb001,2,0,empty,empty,1,single,3,1,0
2025-09-27,PHI202509270,MIN,"Martin, Austin",marta007,2,0,1B,1B,1,grounded_into_double_play,3,1,0
2025-09-27,PHI202509270,MIN,"Jeffers, Ryan",jeffr002,2,2,empty,empty,1,field_out,3,1,0
2025-09-27,PHI202509270,MIN,"Lewis, Royce",lewir003,2,0,empty,empty,1,field_out,4,1,0
2025-09-27,PHI202509270,MIN,"Clemens, Kody",clemk001,2,1,empty,empty,1,single,4,1,0
2025-09-27,PHI202509270,MIN,"Lee, Brooks",lee-b002,2,1,1B,1B,1,single,4,1,0
2025-09-27,PHI202509270,MIN,"McCusker, Carson",mccuc001,2,1,1B+3B,1B+3B,1,field_out,4,1,0
2025-09-27,PHI202509270,MIN,"Fitzgerald, Ryan",fitzr001,2,2,1B,1B,1,field_out,4,2,0
2025-09-27,PHI202509270,MIN,"Outman, James",outmj002,2,0,empty,empty,1,home_run,5,2,0
2025-09-27,PHI202509270,MIN,"Buxton, Byron",buxtb001,3,0,empty,empty,1,field_out,5,3,0
2025-09-27,PHI202509270,MIN,"Martin, Austin",marta007,3,1,empty,empty,1,single,5,3,0
2025-09-27,PHI202509270,MIN,"Jeffers, Ryan",jeffr002,3,1,1B,1B,1,single,5,3,0
2025-09-27,PHI202509270,MIN,"Lewis, Royce",lewir003,3,2,1B+2B,2B,0,strikeout,5,3,0
2025-09-27,PHI202509270,MIN,"Clemens, Kody",clemk001,3,0,empty,empty,1,field_out,6,3,0
2025-09-27,PHI202509270,MIN,"Lee, Brooks",lee-b002,3,1,empty,empty,1,field_out,6,3,0
2025-09-27,PHI202509270,MIN,"McCusker, Carson",mccuc001,3,2,empty,empty,1,strikeout,6,3,0
2025-09-27,PHI202509270,MIN,"Fitzgerald, Ryan",fitzr001,3,0,empty,empty,1,home_run,7,3,0
2025-09-27,PHI202509270,MIN,"Outman, James",outmj002,3,0,empty,empty,1,field_out,7,4,0
2025-09-27,PHI202509270,MIN,"Buxton, Byron",buxtb001,4,1,empty,empty,1,strikeout,7,4,0
2025-09-27,PHI202509270,MIN,"Martin, Austin",marta007,4,2,empty,empty,1,walk,7,4,0
2025-09-27,PHI202509270,MIN,"Jeffers, Ryan",jeffr002,4,2,1B,1B,1,double,7,4,0
2025-09-27,PHI202509270,MIN,"Lewis, Royce",lewir003,4,2,2B,2B,1,strikeout,7,5,0
2025-09-27,PHI202509270,MIN,"Clemens, Kody",clemk001,4,0,empty,empty,1,strikeout,8,5,0
2025-09-27,PHI202509270,MIN,"Lee, Brooks",lee-b002,4,1,empty,empty,1,field_out,8,5,0
2025-09-27,PHI202509270,MIN,"Keirsey, DaShawn",keird001,1,2,empty,empty,1,strikeout,8,5,0
2025-09-27,PHI202509270,MIN,"Fitzgerald, Ryan",fitzr001,4,0,empty,empty,1,walk,9,5,0
2025-09-27,PHI202509270,MIN,"Outman, James",outmj002,4,0,1B,1B,1,field_out,9,5,0
2025-09-27,PHI202509270,MIN,"Buxton, Byron",buxtb001,5,1,1B,1B,1,strikeout,9,5,0
2025-09-27,PHI202509270,MIN,"Martin, Austin",marta007,5,2,1B,1B,1,field_out,9,5,0
2025-09-28,PHI202509280,MIN,"Martin, Austin",marta007,1,0,empty,empty,1,strikeout,1,0,0
2025-09-28,PHI202509280,MIN,"Jeffers, Ryan",jeffr002,1,1,empty,empty,1,single,1,0,0
2025-09-28,PHI202509280,MIN,"Lewis, Royce",lewir003,1,1,1B,1B,1,grounded_into_double_play,1,0,0
2025-09-28,PHI202509280,MIN,"Clemens, Kody",clemk001,1,0,empty,empty,1,strikeout,2,0,0
2025-09-28,PHI202509280,MIN,"Lee, Brooks",lee-b002,1,1,empty,empty,1,field_out,2,0,0
2025-09-28,PHI202509280,MIN,"McCusker, Carson",mccuc001,1,2,empty,empty,1,strikeout,2,0,0
2025-09-28,PHI202509280,MIN,"Fitzgerald, Ryan",fitzr001,1,0,empty,empty,1,field_out,3,0,0
2025-09-28,PHI202509280,MIN,"Vazquez, Christian",vazqc001,1,1,empty,empty,1,field_out,3,0,0
2025-09-28,PHI202509280,MIN,"Outman, James",outmj002,1,2,empty,empty,1,strikeout,3,0,0
2025-09-28,PHI202509280,MIN,"Martin, Austin",marta007,2,0,empty,empty,1,field_out,4,0,0
2025-09-28,PHI202509280,MIN,"Jeffers, Ryan",jeffr002,2,1,empty,empty,1,single,4,0,0
2025-09-28,PHI202509280,MIN,"Lewis, Royce",lewir003,2,1,1B,1B,1,field_out,4,0,0
2025-09-28,PHI202509280,MIN,"Clemens, Kody",clemk001,2,2,1B,2B,0,strikeout,4,0,0
2025-09-28,PHI202509280,MIN,"Lee, Brooks",lee-b002,2,0,empty,empty,1,field_out,5,0,0
2025-09-28,PHI202509280,MIN,"McCusker, Carson",mccuc001,2,1,empty,empty,1,strikeout,5,0,0
2025-09-28,PHI202509280,MIN,"Fitzgerald, Ryan",fitzr001,2,2,empty,empty,1,strikeout,5,0,0
2025-09-28,PHI202509280,MIN,"Vazquez, Christian",vazqc001,2,0,empty,empty,1,field_out,6,0,0
2025-09-28,PHI202509280,MIN,"Outman, James",outmj002,2,1,empty,empty,1,strikeout,6,0,0
2025-09-28,PHI202509280,MIN,"Martin, Austin",marta007,3,2,empty,empty,1,walk,6,0,0
2025-09-28,PHI202509280,MIN,"Jeffers, Ryan",jeffr002,3,2,1B,1B,1,double,6,0,0
2025-09-28,PHI202509280,MIN,"Lewis, Royce",lewir003,3,2,2B,2B,1,strikeout,6,1,0
2025-09-28,PHI202509280,MIN,"Clemens, Kody",clemk001,3,0,empty,empty,1,field_out,7,1,0
2025-09-28,PHI202509280,MIN,"Lee, Brooks",lee-b002,3,1,empty,empty,1,walk,7,1,0
2025-09-28,PHI202509280,MIN,"Larnach, Trevor",larnt001,1,1,1B,1B,1,double,7,1,0
2025-09-28,PHI202509280,MIN,"Fitzgerald, Ryan",fitzr001,3,1,2B+3B,2B+3B,1,walk,7,1,0
2025-09-28,PHI202509280,MIN,"Vazquez, Christian",vazqc001,3,1,1B+2B+3B,1B+2B+3B,1,strikeout,7,1,0
2025-09-28,PHI202509280,MIN,"Outman, James",outmj002,3,2,1B+2B+3B,1B+2B+3B,1,strikeout,7,1,0
2025-09-28,PHI202509280,MIN,"Martin, Austin",marta007,4,0,empty,empty,1,strikeout,8,1,0
2025-09-28,PHI202509280,MIN,"Jeffers, Ryan",jeffr002,4,1,empty,empty,1,walk,8,1,0
2025-09-28,PHI202509280,MIN,"Lewis, Royce",lewir003,4,1,1B,1B,1,field_out,8,1,0
2025-09-28,PHI202509280,MIN,"Clemens, Kody",clemk001,4,2,1B,1B,1,field_out,8,1,0
2025-09-28,PHI202509280,MIN,"Lee, Brooks",lee-b002,4,0,empty,empty,1,single,9,1,1
2025-09-28,PHI202509280,MIN,"Keirsey, DaShawn",keird001,1,0,1B,1B,1,sac_bunt,9,1,1
2025-09-28,PHI202509280,MIN,"Fitzgerald, Ryan",fitzr001,4,1,2B,2B,1,field_out,9,1,1
2025-09-28,PHI202509280,MIN,"Vazquez, Christian",vazqc001,4,2,2B,2B,1,strikeout,9,1,1
2025-09-28,PHI202509280,MIN,"Outman, James",outmj002,4,0,2B,2B,1,strikeout,10,1,1
2025-09-28,PHI202509280,MIN,"Martin, Austin",marta007,5,1,2B,2B,1,strikeout,10,1,1
2025-09-28,PHI202509280,MIN,"Jeffers, Ryan",jeffr002,5,2,2B,2B,1,strikeout,10,1,1
