game_date,game_pk,team,player_name,batter,batter_pa_number_this_game,outs_when_up,runner_situation_start,runner_situation_before_final_pitch,runner_situation_changed_during_pa,events,inning,bat_score,fld_score
2025-03-27,CIN202503270,SFN,"Wade, LaMonte",wadel001,1,0,empty,empty,1,field_out,1,0,0
2025-03-27,CIN202503270,SFN,"Adames, Willy",adamw002,1,1,empty,empty,1,strikeout,1,0,0
2025-03-27,CIN202503270,SFN,"Lee, Jung Hoo",lee-j001,1,2,empty,empty,1,strikeout,1,0,0
2025-03-27,CIN202503270,SFN,"Chapman, Matt",chapm001,1,0,empty,empty,1,strikeout,2,0,1
2025-03-27,CIN202503270,SFN,"Ramos, Heliot",ramoh002,1,1,empty,empty,1,strikeout,2,0,1
2025-03-27,CIN202503270,SFN,"Bailey, Patrick",bailp001,1,2,empty,empty,1,strikeout,2,0,1
2025-03-27,CIN202503270,SFN,"Flores, Wilmer",florw001,1,0,empty,empty,1,field_out,3,0,1
2025-03-27,CIN202503270,SFN,"Yastrzemski, Mike",yastm001,1,1,empty,empty,1,single,3,0,1
2025-03-27,CIN202503270,SFN,"Fitzgerald, Tyler",fitzt001,1,1,1B,1B,1,strikeout,3,0,1
2025-03-27,CIN202503270,SFN,"Wade, LaMonte",wadel001,2,2,1B,2B,0,strikeout,3,0,1
2025-03-27,CIN202503270,SFN,"Adames, Willy",adamw002,2,0,empty,empty,1,field_out,4,0,3
2025-03-27,CIN202503270,SFN,"Lee, Jung Hoo",lee-j001,2,1,empty,empty,1,walk,4,0,3
2025-03-27,CIN202503270,SFN,"Chapman, Matt",chapm001,2,1,1B,1B,1,field_out,4,0,3
2025-03-27,CIN202503270,SFN,"Ramos, Heliot",ramoh002,2,2,1B,1B,1,home_run,4,0,3
2025-03-27,CIN202503270,SFN,"Bailey, Patrick",bailp001,2,2,empty,empty,1,strikeout,4,2,3
2025-03-27,CIN202503270,SFN,"Flores, Wilmer",florw001,2,0,empty,empty,1,field_out,5,2,3
2025-03-27,CIN202503270,SFN,"Yastrzemski, Mike",yastm001,2,1,empty,empty,1,single,5,2,3
2025-03-27,CIN202503270,SFN,"Fitzgerald, Tyler",fitzt001,2,1,1B,1B,1,field_out,5,2,3
2025-03-27,CIN202503270,SFN,"Wade, LaMonte",wadel001,3,2,1B,1B,1,field_out,5,2,3
2025-03-27,CIN202503270,SFN,"Adames, Willy",adamw002,3,0,empty,empty,1,strikeout,6,2,3
2025-03-27,CIN202503270,SFN,"Lee, Jung Hoo",lee-j001,3,1,empty,empty,1,strikeout,6,2,3
2025-03-27,CIN202503270,SFN,"Chapman, Matt",chapm001,3,2,empty,empty,1,field_out,6,2,3
2025-03-27,CIN202503270,SFN,"Ramos, Heliot",ramoh002,3,0,empty,empty,1,strikeout,7,2,3
2025-03-27,CIN202503270,SFN,"Bailey, Patrick",bailp001,3,1,empty,empty,1,field_out,7,2,3
2025-03-27,CIN202503270,SFN,"Flores, Wilmer",florw001,3,2,empty,empty,1,strikeout,7,2,3
2025-03-27,CIN202503270,SFN,"Yastrzemski, Mike",yastm001,3,0,empty,empty,1,strikeout,8,2,3
2025-03-27,CIN202503270,SFN,"Fitzgerald, Tyler",fitzt001,3,1,empty,empty,1,strikeout,8,2,3
2025-03-27,CIN202503270,SFN,"Wade, LaMonte",wadel001,4,2,empty,empty,1,field_out,8,2,3
2025-03-27,CIN202503270,SFN,"Adames, Willy",adamw002,4,0,empty,empty,1,strikeout,9,2,3
2025-03-27,CIN202503270,SFN,"Lee, Jung Hoo",lee-j001,4,1,empty,empty,1,walk,9,2,3
2025-03-27,CIN202503270,SFN,"Chapman, Matt",chapm001,4,1,1B,1B,1,single,9,2,3
2025-03-27,CIN202503270,SFN,"Ramos, Heliot",ramoh002,4,1,1B+3B,1B+3B,1,strikeout,9,2,3
2025-03-27,CIN202503270,SFN,"Bailey, Patrick",bailp001,4,2,1B+3B,1B+3B,1,single,9,2,3
2025-03-27,CIN202503270,SFN,"Flores, Wilmer",florw001,4,2,1B+3B,1B+3B,1,home_run,9,3,3
2025-03-27,CIN202503270,SFN,"Yastrzemski, Mike",yastm001,4,2,empty,empty,1,strikeout,9,6,3
2025-03-29,CIN202503290,SFN,"Ramos, Heliot",ramoh002,1,0,empty,empty,1,field_out,1,0,0
2025-03-29,CIN202503290,SFN,"Adames, Willy",adamw002,1,1,empty,empty,1,field_out,1,0,0
2025-03-29,CIN202503290,SFN,"Lee, Jung Hoo",lee-j001,1,2,empty,empty,1,field_out,1,0,0
2025-03-29,CIN202503290,SFN,"Chapman, Matt",chapm001,1,0,empty,empty,1,field_out,2,0,0
2025-03-29,CIN202503290,SFN,"Flores, Wilmer",florw001,1,1,empty,empty,1,home_run,2,0,0
2025-03-29,CIN202503290,SFN,"Matos, Luis",matol002,1,1,empty,empty,1,double,2,1,0
2025-03-29,CIN202503290,SFN,"Bailey, Patrick",bailp001,1,1,2B,2B,1,field_out,2,1,0
2025-03-29,CIN202503290,SFN,"Schmitt, Casey",schmc003,1,2,2B,2B,1,hit_by_pitch,2,1,0
2025-03-29,CIN202503290,SFN,"Fitzgerald, Tyler",fitzt001,1,2,1B+2B,1B+2B,1,field_out,2,1,0
2025-03-29,CIN202503290,SFN,"Ramos, Heliot",ramoh002,2,0,empty,empty,1,double,3,1,0
2025-03-29,CIN202503290,SFN,"Adames, Willy",adamw002,2,0,2B,2B,1,field_out,3,1,0
2025-03-29,CIN202503290,SFN,"Lee, Jung Hoo",lee-j001,2,1,3B,3B,1,single,3,1,0
2025-03-29,CIN202503290,SFN,"Chapman, Matt",chapm001,2,1,1B,1B,1,strikeout,3,2,0
2025-03-29,CIN202503290,SFN,"Flores, Wilmer",florw001,2,2,2B,2B,1,field_out,3,2,0
2025-03-29,CIN202503290,SFN,"Matos, Luis",matol002,2,0,empty,empty,1,field_out,4,2,1
2025-03-29,CIN202503290,SFN,"Bailey, Patrick",bailp001,2,1,empty,empty,1,field_out,4,2,1
2025-03-29,CIN202503290,SFN,"Schmitt, Casey",schmc003,2,2,empty,empty,1,field_out,4,2,1
2025-03-29,CIN202503290,SFN,"Fitzgerald, Tyler",fitzt001,2,0,empty,empty,1,field_out,5,2,1
2025-03-29,CIN202503290,SFN,"Ramos, Heliot",ramoh002,3,1,empty,empty,1,field_out,5,2,1
2025-03-29,CIN202503290,SFN,"Adames, Willy",adamw002,3,2,empty,empty,1,field_out,5,2,1
2025-03-29,CIN202503290,SFN,"Lee, Jung Hoo",lee-j001,3,0,empty,empty,1,field_out,6,2,2
2025-03-29,CIN202503290,SFN,"Chapman, Matt",chapm001,3,1,empty,empty,1,single,6,2,2
2025-03-29,CIN202503290,SFN,"Flores, Wilmer",florw001,3,1,1B,1B,1,grounded_into_double_play,6,2,2
2025-03-29,CIN202503290,SFN,"Matos, Luis",matol002,3,0,empty,empty,1,single,7,2,3
2025-03-29,CIN202503290,SFN,"Bailey, Patrick",bailp001,3,0,1B,1B,1,grounded_into_double_play,7,2,3
2025-03-29,CIN202503290,SFN,"Wade, LaMonte",wadel001,1,2,empty,empty,1,field_out,7,2,3
2025-03-29,CIN202503290,SFN,"Fitzgerald, Tyler",fitzt001,3,0,empty,empty,1,single,8,2,3
2025-03-29,CIN202503290,SFN,"Ramos, Heliot",ramoh002,4,0,1B,1B,1,grounded_into_double_play,8,2,3
2025-03-29,CIN202503290,SFN,"Adames, Willy",adamw002,4,2,empty,empty,1,single,8,2,3
2025-03-29,CIN202503290,SFN,"Lee, Jung Hoo",lee-j001,4,2,1B,1B,1,field_out,8,2,3
2025-03-29,CIN202503290,SFN,"Chapman, Matt",chapm001,4,0,empty,empty,1,field_out,9,2,3
2025-03-29,CIN202503290,SFN,"Flores, Wilmer",florw001,4,1,empty,empty,1,field_out,9,2,3
2025-03-29,CIN202503290,SFN,"Matos, Luis",matol002,4,2,empty,empty,1,field_out,9,2,3
2025-03-30,CIN202503300,SFN,"Wade, LaMonte",wadel001,1,0,empty,empty,1,field_out,1,0,0
2025-03-30,CIN202503300,SFN,"Adames, Willy",adamw002,1,1,empty,empty,1,strikeout,1,0,0
2025-03-30,CIN202503300,SFN,"Lee, Jung Hoo",lee-j001,1,2,empty,empty,1,strikeout,1,0,0
2025-03-30,CIN202503300,SFN,"Chapman, Matt",chapm001,1,0,empty,empty,1,field_out,2,0,0
2025-03-30,CIN202503300,SFN,"Ramos, Heliot",ramoh002,1,1,empty,empty,1,strikeout,2,0,0
2025-03-30,CIN202503300,SFN,"Flores, Wilmer",florw001,1,2,empty,empty,1,field_out,2,0,0
2025-03-30,CIN202503300,SFN,"Matos, Luis",matol002,1,0,empty,empty,1,field_out,3,0,0
2025-03-30,CIN202503300,SFN,"Huff, Sam",huffs001,1,1,empty,empty,1,field_out,3,0,0
2025-03-30,CIN202503300,SFN,"Fitzgerald, Tyler",fitzt001,1,2,empty,empty,1,field_out,3,0,0
2025-03-30,CIN202503300,SFN,"Wade, LaMonte",wadel001,2,0,empty,empty,1,field_out,4,0,0
2025-03-30,CIN202503300,SFN,"Adames, Willy",adamw002,2,1,empty,empty,1,field_out,4,0,0
2025-03-30,CIN202503300,SFN,"Lee, Jung Hoo",lee-j001,2,2,empty,empty,1,field_out,4,0,0
2025-03-30,CIN202503300,SFN,"Chapman, Matt",chapm001,2,0,empty,empty,1,field_out,5,0,0
2025-03-30,CIN202503300,SFN,"Ramos, Heliot",ramoh002,2,1,empty,empty,1,home_run,5,0,0
2025-03-30,CIN202503300,SFN,"Flores, Wilmer",florw001,2,1,empty,empty,1,walk,5,1,0
2025-03-30,CIN202503300,SFN,"Matos, Luis",matol002,2,1,1B,1B,1,field_out,5,1,0
2025-03-30,CIN202503300,SFN,"Huff, Sam",huffs001,2,2,1B,1B,1,field_out,5,1,0
2025-03-30,CIN202503300,SFN,"Fitzgerald, Tyler",fitzt001,2,0,empty,empty,1,double,6,1,0
2025-03-30,CIN202503300,SFN,"Wade, LaMonte",wadel001,3,0,2B,2B,1,strikeout,6,1,0
2025-03-30,CIN202503300,SFN,"Adames, Willy",adamw002,3,1,2B,2B,1,strikeout,6,1,0
2025-03-30,CIN202503300,SFN,"Lee, Jung Hoo",lee-j001,3,2,2B,2B,1,double,6,1,0
2025-03-30,CIN202503300,SFN,"Chapman, Matt",chapm001,3,2,2B,2B,1,home_run,6,2,0
2025-03-30,CIN202503300,SFN,"Ramos, Heliot",ramoh002,3,2,empty,empty,1,field_out,6,4,0
2025-03-30,CIN202503300,SFN,"Flores, Wilmer",florw001,3,0,empty,empty,1,field_out,7,4,3
2025-03-30,CIN202503300,SFN,"Matos, Luis",matol002,3,1,empty,empty,1,field_out,7,4,3
2025-03-30,CIN202503300,SFN,"Huff, Sam",huffs001,3,2,empty,empty,1,strikeout,7,4,3
2025-03-30,CIN202503300,SFN,"Fitzgerald, Tyler",fitzt001,3,0,empty,empty,1,field_error,8,4,3
2025-03-30,CIN202503300,SFN,"Wade, LaMonte",wadel001,4,0,1B,1B,1,sac_bunt,8,4,3
2025-03-30,CIN202503300,SFN,"Adames, Willy",adamw002,4,1,2B,3B,0,sac_fly,8,4,3
2025-03-30,CIN202503300,SFN,"Lee, Jung Hoo",lee-j001,4,2,empty,empty,1,single,8,5,3
2025-03-30,CIN202503300,SFN,"Chapman, Matt",chapm001,4,2,1B,1B,1,walk,8,5,3
2025-03-30,CIN202503300,SFN,"Ramos, Heliot",ramoh002,4,2,1B+2B,1B+2B,1,single,8,5,3
2025-03-30,CIN202503300,SFN,"Flores, Wilmer",florw001,4,2,1B+3B,1B+3B,1,field_out,8,6,3
2025-03-30,CIN202503300,SFN,"Yastrzemski, Mike",yastm001,1,0,empty,empty,1,field_out,9,6,3
2025-03-30,CIN202503300,SFN,"Huff, Sam",huffs001,4,1,empty,empty,1,strikeout,9,6,3
2025-03-30,CIN202503300,SFN,"Fitzgerald, Tyler",fitzt001,4,2,empty,empty,1,single,9,6,3
2025-03-30,CIN202503300,SFN,"Wade, LaMonte",wadel001,5,2,2B,2B,1,field_out,9,6,3
2025-03-31,HOU202503310,SFN,"Wade, LaMonte",wadel001,1,0,empty,empty,1,field_out,1,0,0
2025-03-31,HOU202503310,SFN,"Adames, Willy",adamw002,1,1,empty,empty,1,strikeout,1,0,0
2025-03-31,HOU202503310,SFN,"Lee, Jung Hoo",lee-j001,1,2,empty,empty,1,field_out,1,0,0
2025-03-31,HOU202503310,SFN,"Chapman, Matt",chapm001,1,0,empty,empty,1,walk,2,0,0
2025-03-31,HOU202503310,SFN,"Ramos, Heliot",ramoh002,1,0,1B,1B,1,field_out,2,0,0
2025-03-31,HOU202503310,SFN,"Bailey, Patrick",bailp001,1,1,1B,1B,1,strikeout,2,0,0
2025-03-31,HOU202503310,SFN,"Flores, Wilmer",florw001,1,2,2B,2B,1,single,2,0,0
2025-03-31,HOU202503310,SFN,"Yastrzemski, Mike",yastm001,1,2,1B,1B,1,field_out,2,1,0
2025-03-31,HOU202503310,SFN,"Fitzgerald, Tyler",fitzt001,1,0,empty,empty,1,strikeout,3,1,0
2025-03-31,HOU202503310,SFN,"Wade, LaMonte",wadel001,2,1,empty,empty,1,field_out,3,1,0
2025-03-31,HOU202503310,SFN,"Adames, Willy",adamw002,2,2,empty,empty,1,field_out,3,1,0
2025-03-31,HOU202503310,SFN,"Lee, Jung Hoo",lee-j001,2,0,empty,empty,1,field_out,4,1,0
2025-03-31,HOU202503310,SFN,"Chapman, Matt",chapm001,2,1,empty,empty,1,walk,4,1,0
2025-03-31,HOU202503310,SFN,"Ramos, Heliot",ramoh002,2,1,1B,2B,0,strikeout,4,1,0
2025-03-31,HOU202503310,SFN,"Bailey, Patrick",bailp001,2,2,2B,2B,1,strikeout,4,1,0
2025-03-31,HOU202503310,SFN,"Flores, Wilmer",florw001,2,0,empty,empty,1,field_out,5,1,0
2025-03-31,HOU202503310,SFN,"Yastrzemski, Mike",yastm001,2,1,empty,empty,1,single,5,1,0
2025-03-31,HOU202503310,SFN,"Fitzgerald, Tyler",fitzt001,2,1,1B,2B,0,single,5,1,0
2025-03-31,HOU202503310,SFN,"Wade, LaMonte",wadel001,3,1,1B+3B,1B+3B,1,sac_fly,5,1,0
2025-03-31,HOU202503310,SFN,"Adames, Willy",adamw002,3,2,1B,1B,1,strikeout,5,2,0
2025-03-31,HOU202503310,SFN,"Lee, Jung Hoo",lee-j001,3,0,empty,empty,1,walk,6,2,0
2025-03-31,HOU202503310,SFN,"Chapman, Matt",chapm001,3,0,1B,1B,1,strikeout,6,2,0
2025-03-31,HOU202503310,SFN,"Ramos, Heliot",ramoh002,3,1,1B,1B,1,field_out,6,2,0
2025-03-31,HOU202503310,SFN,"Bailey, Patrick",bailp001,3,2,1B,1B,1,walk,6,2,0
2025-03-31,HOU202503310,SFN,"Flores, Wilmer",florw001,3,2,1B+2B,1B+2B,1,home_run,6,2,0
2025-03-31,HOU202503310,SFN,"Yastrzemski, Mike",yastm001,3,2,empty,empty,1,single,6,5,0
2025-03-31,HOU202503310,SFN,"Fitzgerald, Tyler",fitzt001,3,2,1B,1B,1,strikeout,6,5,0
2025-03-31,HOU202503310,SFN,"Wade, LaMonte",wadel001,4,0,empty,empty,1,field_out,7,5,0
2025-03-31,HOU202503310,SFN,"Adames, Willy",adamw002,4,1,empty,empty,1,single,7,5,0
2025-03-31,HOU202503310,SFN,"Lee, Jung Hoo",lee-j001,4,1,1B,1B,1,field_out,7,5,0
2025-03-31,HOU202503310,SFN,"Chapman, Matt",chapm001,4,2,1B,1B,1,strikeout,7,5,0
2025-03-31,HOU202503310,SFN,"Ramos, Heliot",ramoh002,4,0,empty,empty,1,double,8,5,0
2025-03-31,HOU202503310,SFN,"Bailey, Patrick",bailp001,4,0,2B,2B,1,field_out,8,5,0
2025-03-31,HOU202503310,SFN,"Flores, Wilmer",florw001,4,1,3B,3B,1,field_out,8,5,0
2025-03-31,HOU202503310,SFN,"Yastrzemski, Mike",yastm001,4,2,3B,3B,1,field_out,8,5,0
2025-03-31,HOU202503310,SFN,"Fitzgerald, Tyler",fitzt001,4,0,empty,empty,1,field_out,9,5,2
2025-03-31,HOU202503310,SFN,"Wade, LaMonte",wadel001,5,1,empty,empty,1,field_out,9,5,2
2025-03-31,HOU202503310,SFN,"Adames, Willy",adamw002,5,2,empty,empty,1,walk,9,5,2
2025-03-31,HOU202503310,SFN,"Lee, Jung Hoo",lee-j001,5,2,1B,1B,1,double,9,5,2
2025-03-31,HOU202503310,SFN,"Chapman, Matt",chapm001,5,2,2B+3B,2B+3B,1,single,9,5,2
2025-03-31,HOU202503310,SFN,"Ramos, Heliot",ramoh002,5,2,1B,1B,1,strikeout,9,7,2
2025-04-01,HOU202504010,SFN,"Wade, LaMonte",wadel001,1,0,empty,empty,1,strikeout,1,0,0
2025-04-01,HOU202504010,SFN,"Adames, Willy",adamw002,1,1,empty,empty,1,field_out,1,0,0
2025-04-01,HOU202504010,SFN,"Lee, Jung Hoo",lee-j001,1,2,empty,empty,1,field_out,1,0,0
2025-04-01,HOU202504010,SFN,"Chapman, Matt",chapm001,1,0,empty,empty,1,field_out,2,0,0
2025-04-01,HOU202504010,SFN,"Ramos, Heliot",ramoh002,1,1,empty,empty,1,strikeout,2,0,0
2025-04-01,HOU202504010,SFN,"Yastrzemski, Mike",yastm001,1,2,empty,empty,1,walk,2,0,0
2025-04-01,HOU202504010,SFN,"Flores, Wilmer",florw001,1,2,1B,1B,1,field_out,2,0,0
2025-04-01,HOU202504010,SFN,"Bailey, Patrick",bailp001,1,0,empty,empty,1,walk,3,0,0
2025-04-01,HOU202504010,SFN,"Koss, Christian",kossc001,1,0,1B,1B,1,walk,3,0,0
2025-04-01,HOU202504010,SFN,"Wade, LaMonte",wadel001,2,0,1B+2B,1B+2B,1,strikeout,3,0,0
2025-04-01,HOU202504010,SFN,"Adames, Willy",adamw002,2,1,1B+2B,1B+2B,1,double,3,0,0
2025-04-01,HOU202504010,SFN,"Lee, Jung Hoo",lee-j001,2,1,2B,2B,1,field_out,3,2,0
2025-04-01,HOU202504010,SFN,"Chapman, Matt",chapm001,2,2,3B,3B,1,strikeout,3,2,0
2025-04-01,HOU202504010,SFN,"Ramos, Heliot",ramoh002,2,0,empty,empty,1,home_run,4,2,0
2025-04-01,HOU202504010,SFN,"Yastrzemski, Mike",yastm001,2,0,empty,empty,1,strikeout,4,3,0
2025-04-01,HOU202504010,SFN,"Flores, Wilmer",florw001,2,1,empty,empty,1,hit_by_pitch,4,3,0
2025-04-01,HOU202504010,SFN,"Bailey, Patrick",bailp001,2,1,1B,1B,1,field_out,4,3,0
2025-04-01,HOU202504010,SFN,"Koss, Christian",kossc001,2,2,1B,1B,1,field_out,4,3,0
2025-04-01,HOU202504010,SFN,"Wade, LaMonte",wadel001,3,0,empty,empty,1,strikeout,5,3,1
2025-04-01,HOU202504010,SFN,"Adames, Willy",adamw002,3,1,empty,empty,1,field_out,5,3,1
2025-04-01,HOU202504010,SFN,"Lee, Jung Hoo",lee-j001,3,2,empty,empty,1,field_out,5,3,1
2025-04-01,HOU202504010,SFN,"Chapman, Matt",chapm001,3,0,empty,empty,1,strikeout,6,3,1
2025-04-01,HOU202504010,SFN,"Ramos, Heliot",ramoh002,3,1,empty,empty,1,field_out,6,3,1
2025-04-01,HOU202504010,SFN,"Yastrzemski, Mike",yastm001,3,2,empty,empty,1,single,6,3,1
2025-04-01,HOU202504010,SFN,"Flores, Wilmer",florw001,3,2,1B,1B,1,field_out,6,3,1
2025-04-01,HOU202504010,SFN,"Bailey, Patrick",bailp001,3,0,empty,empty,1,walk,7,3,1
2025-04-01,HOU202504010,SFN,"Koss, Christian",kossc001,3,0,1B,1B,1,strikeout,7,3,1
2025-04-01,HOU202504010,SFN,"Schmitt, Casey",schmc003,1,1,1B,1B,1,field_out,7,3,1
2025-04-01,HOU202504010,SFN,"Adames, Willy",adamw002,4,2,1B,1B,1,field_out,7,3,1
2025-04-01,HOU202504010,SFN,"Lee, Jung Hoo",lee-j001,4,0,empty,empty,1,double,8,3,1
2025-04-01,HOU202504010,SFN,"Chapman, Matt",chapm001,4,0,2B,2B,1,strikeout,8,3,1
2025-04-01,HOU202504010,SFN,"Ramos, Heliot",ramoh002,4,1,2B,2B,1,field_out,8,3,1
2025-04-01,HOU202504010,SFN,"Yastrzemski, Mike",yastm001,4,2,3B,3B,1,strikeout,8,3,1
2025-04-01,HOU202504010,SFN,"Flores, Wilmer",florw001,4,0,empty,empty,1,strikeout,9,3,1
2025-04-01,HOU202504010,SFN,"Bailey, Patrick",bailp001,4,1,empty,empty,1,strikeout,9,3,1
2025-04-01,HOU202504010,SFN,"Koss, Christian",kossc001,4,2,empty,empty,1,field_error,9,3,1
2025-04-01,HOU202504010,SFN,"Schmitt, Casey",schmc003,2,2,1B,1B,1,strikeout,9,3,1
2025-04-02,HOU202504020,SFN,"Ramos, Heliot",ramoh002,1,0,empty,empty,1,strikeout,1,0,0
2025-04-02,HOU202504020,SFN,"Adames, Willy",adamw002,1,1,empty,empty,1,walk,1,0,0
2025-04-02,HOU202504020,SFN,"Flores, Wilmer",florw001,1,1,1B,1B,1,home_run,1,0,0
2025-04-02,HOU202504020,SFN,"Chapman, Matt",chapm001,1,1,empty,empty,1,field_out,1,2,0
2025-04-02,HOU202504020,SFN,"Schmitt, Casey",schmc003,1,2,empty,empty,1,strikeout,1,2,0
2025-04-02,HOU202504020,SFN,"Matos, Luis",matol002,1,0,empty,empty,1,home_run,2,2,0
2025-04-02,HOU202504020,SFN,"Huff, Sam",huffs001,1,0,empty,empty,1,field_out,2,3,0
2025-04-02,HOU202504020,SFN,"Yastrzemski, Mike",yastm001,1,1,empty,empty,1,walk,2,3,0
2025-04-02,HOU202504020,SFN,"Fitzgerald, Tyler",fitzt001,1,1,1B,2B,0,walk,2,3,0
2025-04-02,HOU202504020,SFN,"Ramos, Heliot",ramoh002,2,1,1B+2B,1B+2B,1,double,2,3,0
2025-04-02,HOU202504020,SFN,"Adames, Willy",adamw002,2,1,2B,2B,1,strikeout,2,5,0
2025-04-02,HOU202504020,SFN,"Flores, Wilmer",florw001,2,2,2B,2B,1,strikeout,2,5,0
2025-04-02,HOU202504020,SFN,"Chapman, Matt",chapm001,2,0,empty,empty,1,single,3,5,1
2025-04-02,HOU202504020,SFN,"Schmitt, Casey",schmc003,2,0,2B,2B,1,strikeout,3,5,1
2025-04-02,HOU202504020,SFN,"Matos, Luis",matol002,2,1,2B,2B,1,fielders_choice_out,3,5,1
2025-04-02,HOU202504020,SFN,"Huff, Sam",huffs001,2,2,1B,1B,1,strikeout,3,5,1
2025-04-02,HOU202504020,SFN,"Yastrzemski, Mike",yastm001,2,0,empty,empty,1,field_out,4,5,1
2025-04-02,HOU202504020,SFN,"Fitzgerald, Tyler",fitzt001,2,1,empty,empty,1,strikeout,4,5,1
2025-04-02,HOU202504020,SFN,"Ramos, Heliot",ramoh002,3,2,empty,empty,1,strikeout,4,5,1
2025-04-02,HOU202504020,SFN,"Adames, Willy",adamw002,3,0,empty,empty,1,strikeout,5,5,1
2025-04-02,HOU202504020,SFN,"Flores, Wilmer",florw001,3,1,empty,empty,1,field_out,5,5,1
2025-04-02,HOU202504020,SFN,"Chapman, Matt",chapm001,3,2,empty,empty,1,walk,5,5,1
2025-04-02,HOU202504020,SFN,"Schmitt, Casey",schmc003,3,2,1B,1B,1,field_out,5,5,1
2025-04-02,HOU202504020,SFN,"Matos, Luis",matol002,3,0,empty,empty,1,walk,6,5,3
2025-04-02,HOU202504020,SFN,"Huff, Sam",huffs001,3,0,1B,1B,1,strikeout,6,5,3
2025-04-02,HOU202504020,SFN,"Yastrzemski, Mike",yastm001,3,1,1B,2B,0,strikeout,6,5,3
2025-04-02,HOU202504020,SFN,"Fitzgerald, Tyler",fitzt001,3,2,2B,2B,1,field_out,6,5,3
2025-04-02,HOU202504020,SFN,"Ramos, Heliot",ramoh002,4,0,empty,empty,1,strikeout,7,5,3
2025-04-02,HOU202504020,SFN,"Adames, Willy",adamw002,4,1,empty,empty,1,field_out,7,5,3
2025-04-02,HOU202504020,SFN,"Flores, Wilmer",florw001,4,2,empty,empty,1,strikeout,7,5,3
2025-04-02,HOU202504020,SFN,"Chapman, Matt",chapm001,4,0,empty,empty,1,strikeout,8,5,3
2025-04-02,HOU202504020,SFN,"Wade, LaMonte",wadel001,1,1,empty,empty,1,home_run,8,5,3
2025-04-02,HOU202504020,SFN,"Matos, Luis",matol002,4,1,empty,empty,1,single,8,6,3
2025-04-02,HOU202504020,SFN,"Bailey, Patrick",bailp001,1,1,1B,1B,1,strikeout,8,6,3
2025-04-02,HOU202504020,SFN,"Yastrzemski, Mike",yastm001,4,2,1B,1B,1,field_out,8,6,3
2025-04-02,HOU202504020,SFN,"Fitzgerald, Tyler",fitzt001,4,0,empty,empty,1,field_out,9,6,3
2025-04-02,HOU202504020,SFN,"Ramos, Heliot",ramoh002,5,1,empty,empty,1,strikeout,9,6,3
2025-04-02,HOU202504020,SFN,"Adames, Willy",adamw002,5,2,empty,empty,1,field_out,9,6,3
2025-04-04,SFN202504040,SFN,"Wade, LaMonte",wadel001,1,0,empty,empty,1,double,1,0,1
2025-04-04,SFN202504040,SFN,"Adames, Willy",adamw002,1,0,2B,2B,1,strikeout,1,0,1
2025-04-04,SFN202504040,SFN,"Lee, Jung Hoo",lee-j001,1,1,2B,2B,1,field_out,1,0,1
2025-04-04,SFN202504040,SFN,"Chapman, Matt",chapm001,1,2,3B,3B,1,single,1,0,1
2025-04-04,SFN202504040,SFN,"Ramos, Heliot",ramoh002,1,2,1B,1B,1,walk,1,1,1
2025-04-04,SFN202504040,SFN,"Yastrzemski, Mike",yastm001,1,2,1B+2B,1B+2B,1,field_out,1,1,1
2025-04-04,SFN202504040,SFN,"Flores, Wilmer",florw001,1,0,empty,empty,1,single,2,1,1
2025-04-04,SFN202504040,SFN,"Bailey, Patrick",bailp001,1,0,1B,1B,1,single,2,1,1
2025-04-04,SFN202504040,SFN,"Fitzgerald, Tyler",fitzt001,1,0,1B+2B,1B+2B,1,sac_bunt,2,1,1
2025-04-04,SFN202504040,SFN,"Wade, LaMonte",wadel001,2,0,1B+2B+3B,1B+2B+3B,1,double,2,1,1
2025-04-04,SFN202504040,SFN,"Adames, Willy",adamw002,2,0,2B+3B,2B+3B,1,field_out,2,3,1
2025-04-04,SFN202504040,SFN,"Lee, Jung Hoo",lee-j001,2,1,2B+3B,2B+3B,1,fielders_choice_out,2,3,1
2025-04-04,SFN202504040,SFN,"Chapman, Matt",chapm001,2,2,1B+3B,2B+3B,0,walk,2,3,1
2025-04-04,SFN202504040,SFN,"Ramos, Heliot",ramoh002,2,2,1B+2B+3B,1B+2B+3B,1,field_out,2,3,1
2025-04-04,SFN202504040,SFN,"Yastrzemski, Mike",yastm001,2,0,empty,empty,1,field_out,3,3,3
2025-04-04,SFN202504040,SFN,"Flores, Wilmer",florw001,2,1,empty,empty,1,field_out,3,3,3
2025-04-04,SFN202504040,SFN,"Bailey, Patrick",bailp001,2,2,empty,empty,1,double,3,3,3
2025-04-04,SFN202504040,SFN,"Fitzgerald, Tyler",fitzt001,2,2,2B,2B,1,strikeout,3,3,3
2025-04-04,SFN202504040,SFN,"Wade, LaMonte",wadel001,3,0,empty,empty,1,strikeout,4,3,3
2025-04-04,SFN202504040,SFN,"Adames, Willy",adamw002,3,1,empty,empty,1,single,4,3,3
2025-04-04,SFN202504040,SFN,"Lee, Jung Hoo",lee-j001,3,1,1B,2B,0,single,4,3,3
2025-04-04,SFN202504040,SFN,"Chapman, Matt",chapm001,3,1,1B,1B,1,walk,4,4,3
2025-04-04,SFN202504040,SFN,"Ramos, Heliot",ramoh002,3,1,1B+2B,1B+2B,1,single,4,4,3
2025-04-04,SFN202504040,SFN,"Yastrzemski, Mike",yastm001,3,1,1B+3B,1B+3B,1,strikeout,4,5,3
2025-04-04,SFN202504040,SFN,"Flores, Wilmer",florw001,3,2,1B+3B,1B+3B,1,field_out,4,5,3
2025-04-04,SFN202504040,SFN,"Bailey, Patrick",bailp001,3,0,empty,empty,1,field_out,5,5,5
2025-04-04,SFN202504040,SFN,"Fitzgerald, Tyler",fitzt001,3,1,empty,empty,1,field_out,5,5,5
2025-04-04,SFN202504040,SFN,"Wade, LaMonte",wadel001,4,2,empty,empty,1,triple,5,5,5
2025-04-04,SFN202504040,SFN,"Adames, Willy",adamw002,4,2,3B,3B,1,double,5,5,5
2025-04-04,SFN202504040,SFN,"Lee, Jung Hoo",lee-j001,4,2,2B,2B,1,strikeout,5,6,5
2025-04-04,SFN202504040,SFN,"Chapman, Matt",chapm001,4,0,empty,empty,1,home_run,6,6,8
2025-04-04,SFN202504040,SFN,"Ramos, Heliot",ramoh002,4,0,empty,empty,1,single,6,7,8
2025-04-04,SFN202504040,SFN,"Yastrzemski, Mike",yastm001,4,0,1B,1B,1,single,6,7,8
2025-04-04,SFN202504040,SFN,"Flores, Wilmer",florw001,4,0,1B+3B,1B+3B,1,strikeout,6,7,8
2025-04-04,SFN202504040,SFN,"Bailey, Patrick",bailp001,4,1,1B+3B,1B+3B,1,field_out,6,7,8
2025-04-04,SFN202504040,SFN,"Fitzgerald, Tyler",fitzt001,4,2,1B,1B,1,field_out,6,8,8
2025-04-04,SFN202504040,SFN,"Wade, LaMonte",wadel001,5,0,empty,empty,1,field_out,7,8,8
2025-04-04,SFN202504040,SFN,"Adames, Willy",adamw002,5,1,empty,empty,1,strikeout,7,8,8
2025-04-04,SFN202504040,SFN,"Lee, Jung Hoo",lee-j001,5,2,empty,empty,1,strikeout,7,8,8
2025-04-04,SFN202504040,SFN,"Chapman, Matt",chapm001,5,0,empty,empty,1,field_out,8,8,8
2025-04-04,SFN202504040,SFN,"Ramos, Heliot",ramoh002,5,1,empty,empty,1,single,8,8,8
2025-04-04,SFN202504040,SFN,"Yastrzemski, Mike",yastm001,5,1,1B,2B,0,strikeout,8,8,8
2025-04-04,SFN202504040,SFN,"Flores, Wilmer",florw001,5,2,2B,2B,1,field_out,8,8,8
2025-04-04,SFN202504040,SFN,"Bailey, Patrick",bailp001,5,0,empty,empty,1,double,9,8,8
2025-04-04,SFN202504040,SFN,"Fitzgerald, Tyler",fitzt001,5,0,2B,3B,0,field_out,9,8,8
2025-04-04,SFN202504040,SFN,"Wade, LaMonte",wadel001,6,1,3B,3B,1,intent_walk,9,8,8
2025-04-04,SFN202504040,SFN,"Adames, Willy",adamw002,6,1,1B+3B,1B+3B,1,field_out,9,8,8
2025-04-04,SFN202504040,SFN,"Lee, Jung Hoo",lee-j001,6,2,1B+3B,2B+3B,0,field_out,9,8,8
2025-04-04,SFN202504040,SFN,"Chapman, Matt",chapm001,6,0,2B,2B,1,strikeout,10,8,8
2025-04-04,SFN202504040,SFN,"Ramos, Heliot",ramoh002,6,1,2B,2B,1,strikeout,10,8,8
2025-04-04,SFN202504040,SFN,"Yastrzemski, Mike",yastm001,6,2,2B,2B,1,intent_walk,10,8,8
2025-04-04,SFN202504040,SFN,"Flores, Wilmer",florw001,6,2,1B+2B,1B+2B,1,field_out,10,8,8
2025-04-04,SFN202504040,SFN,"Huff, Sam",huffs001,1,0,2B,2B,1,field_out,11,8,9
2025-04-04,SFN202504040,SFN,"Fitzgerald, Tyler",fitzt001,6,1,3B,3B,1,walk,11,8,9
2025-04-04,SFN202504040,SFN,"Wade, LaMonte",wadel001,7,1,1B+3B,2B+3B,0,strikeout,11,8,9
2025-04-04,SFN202504040,SFN,"Adames, Willy",adamw002,7,2,2B+3B,2B+3B,1,single,11,8,9
2025-04-05,SFN202504050,SFN,"Wade, LaMonte",wadel001,1,0,empty,empty,1,field_out,1,0,0
2025-04-05,SFN202504050,SFN,"Adames, Willy",adamw002,1,1,empty,empty,1,walk,1,0,0
2025-04-05,SFN202504050,SFN,"Lee, Jung Hoo",lee-j001,1,2,1B,empty,0,field_out,1,0,0
2025-04-05,SFN202504050,SFN,"Chapman, Matt",chapm001,1,0,empty,empty,1,field_out,2,0,0
2025-04-05,SFN202504050,SFN,"Ramos, Heliot",ramoh002,1,1,empty,empty,1,field_out,2,0,0
2025-04-05,SFN202504050,SFN,"Yastrzemski, Mike",yastm001,1,2,empty,empty,1,walk,2,0,0
2025-04-05,SFN202504050,SFN,"Flores, Wilmer",florw001,1,2,1B,1B,1,strikeout,2,0,0
2025-04-05,SFN202504050,SFN,"Huff, Sam",huffs001,1,0,empty,empty,1,strikeout,3,0,0
2025-04-05,SFN202504050,SFN,"Fitzgerald, Tyler",fitzt001,1,1,empty,empty,1,field_out,3,0,0
2025-04-05,SFN202504050,SFN,"Wade, LaMonte",wadel001,2,2,empty,empty,1,strikeout,3,0,0
2025-04-05,SFN202504050,SFN,"Adames, Willy",adamw002,2,0,empty,empty,1,field_out,4,0,0
2025-04-05,SFN202504050,SFN,"Lee, Jung Hoo",lee-j001,2,1,empty,empty,1,double,4,0,0
2025-04-05,SFN202504050,SFN,"Chapman, Matt",chapm001,2,1,2B,3B,0,double,4,0,0
2025-04-05,SFN202504050,SFN,"Ramos, Heliot",ramoh002,2,1,2B,2B,1,field_out,4,1,0
2025-04-05,SFN202504050,SFN,"Yastrzemski, Mike",yastm001,2,2,3B,3B,1,single,4,1,0
2025-04-05,SFN202504050,SFN,"Flores, Wilmer",florw001,2,2,1B,1B,1,single,4,2,0
2025-04-05,SFN202504050,SFN,"Huff, Sam",huffs001,2,2,1B+3B,1B+3B,1,field_out,4,2,0
2025-04-05,SFN202504050,SFN,"Fitzgerald, Tyler",fitzt001,2,0,empty,empty,1,strikeout,5,2,1
2025-04-05,SFN202504050,SFN,"Wade, LaMonte",wadel001,3,1,empty,empty,1,field_out,5,2,1
2025-04-05,SFN202504050,SFN,"Adames, Willy",adamw002,3,2,empty,empty,1,single,5,2,1
2025-04-05,SFN202504050,SFN,"Lee, Jung Hoo",lee-j001,3,0,empty,empty,1,double,6,2,1
2025-04-05,SFN202504050,SFN,"Chapman, Matt",chapm001,3,0,2B,2B,1,double,6,2,1
2025-04-05,SFN202504050,SFN,"Ramos, Heliot",ramoh002,3,0,2B,2B,1,field_out,6,3,1
2025-04-05,SFN202504050,SFN,"Yastrzemski, Mike",yastm001,3,1,3B,3B,1,walk,6,3,1
2025-04-05,SFN202504050,SFN,"Flores, Wilmer",florw001,3,1,1B+3B,1B+3B,1,single,6,3,1
2025-04-05,SFN202504050,SFN,"Bailey, Patrick",bailp001,1,1,1B+2B,1B+2B,1,field_out,6,4,1
2025-04-05,SFN202504050,SFN,"Fitzgerald, Tyler",fitzt001,3,2,1B+2B,1B+2B,1,field_out,6,4,1
2025-04-05,SFN202504050,SFN,"Wade, LaMonte",wadel001,4,0,empty,empty,1,strikeout,7,4,1
2025-04-05,SFN202504050,SFN,"Adames, Willy",adamw002,4,1,empty,empty,1,field_out,7,4,1
2025-04-05,SFN202504050,SFN,"Lee, Jung Hoo",lee-j001,4,2,empty,empty,1,single,7,4,1
2025-04-05,SFN202504050,SFN,"Chapman, Matt",chapm001,4,2,1B,1B,1,field_out,7,4,1
2025-04-05,SFN202504050,SFN,"Ramos, Heliot",ramoh002,4,0,empty,empty,1,single,8,4,1
2025-04-05,SFN202504050,SFN,"Yastrzemski, Mike",yastm001,4,0,1B,1B,1,walk,8,4,1
2025-04-05,SFN202504050,SFN,"Flores, Wilmer",florw001,4,0,1B+2B,1B+2B,1,grounded_into_double_play,8,4,1
2025-04-05,SFN202504050,SFN,"Bailey, Patrick",bailp001,2,2,3B,3B,1,field_out,8,4,1
2025-04-06,SFN202504060,SFN,"Wade, LaMonte",wadel001,1,0,empty,empty,1,strikeout,1,0,1
2025-04-06,SFN202504060,SFN,"Adames, Willy",adamw002,1,1,empty,empty,1,field_out,1,0,1
2025-04-06,SFN202504060,SFN,"Lee, Jung Hoo",lee-j001,1,2,empty,empty,1,double,1,0,1
2025-04-06,SFN202504060,SFN,"Chapman, Matt",chapm001,1,2,2B,2B,1,strikeout,1,0,1
2025-04-06,SFN202504060,SFN,"Ramos, Heliot",ramoh002,1,0,empty,empty,1,field_out,2,0,1
2025-04-06,SFN202504060,SFN,"Yastrzemski, Mike",yastm001,1,1,empty,empty,1,strikeout,2,0,1
2025-04-06,SFN202504060,SFN,"Matos, Luis",matol002,1,2,empty,empty,1,field_out,2,0,1
2025-04-06,SFN202504060,SFN,"Bailey, Patrick",bailp001,1,0,empty,empty,1,field_out,3,0,2
2025-04-06,SFN202504060,SFN,"Koss, Christian",kossc001,1,1,empty,empty,1,field_out,3,0,2
2025-04-06,SFN202504060,SFN,"Wade, LaMonte",wadel001,2,2,empty,empty,1,strikeout,3,0,2
2025-04-06,SFN202504060,SFN,"Adames, Willy",adamw002,2,0,empty,empty,1,single,4,0,2
2025-04-06,SFN202504060,SFN,"Lee, Jung Hoo",lee-j001,2,0,1B,1B,1,single,4,0,2
2025-04-06,SFN202504060,SFN,"Chapman, Matt",chapm001,2,0,1B+2B,1B+2B,1,field_out,4,0,2
2025-04-06,SFN202504060,SFN,"Ramos, Heliot",ramoh002,2,1,1B+2B,1B+2B,1,single,4,0,2
2025-04-06,SFN202504060,SFN,"Yastrzemski, Mike",yastm001,2,1,1B+2B,1B+2B,1,home_run,4,1,2
2025-04-06,SFN202504060,SFN,"Matos, Luis",matol002,2,1,empty,empty,1,field_out,4,4,2
2025-04-06,SFN202504060,SFN,"Bailey, Patrick",bailp001,2,2,empty,empty,1,field_out,4,4,2
2025-04-06,SFN202504060,SFN,"Koss, Christian",kossc001,2,0,empty,empty,1,field_out,5,4,2
2025-04-06,SFN202504060,SFN,"Wade, LaMonte",wadel001,3,1,empty,empty,1,walk,5,4,2
2025-04-06,SFN202504060,SFN,"Adames, Willy",adamw002,3,1,1B,1B,1,field_out,5,4,2
2025-04-06,SFN202504060,SFN,"Lee, Jung Hoo",lee-j001,3,2,2B,2B,1,field_out,5,4,2
2025-04-06,SFN202504060,SFN,"Chapman, Matt",chapm001,3,0,empty,empty,1,strikeout,6,4,3
2025-04-06,SFN202504060,SFN,"Ramos, Heliot",ramoh002,3,1,empty,empty,1,field_out,6,4,3
2025-04-06,SFN202504060,SFN,"Yastrzemski, Mike",yastm001,3,2,empty,empty,1,strikeout,6,4,3
2025-04-06,SFN202504060,SFN,"Matos, Luis",matol002,3,0,empty,empty,1,single,7,4,3
2025-04-06,SFN202504060,SFN,"Bailey, Patrick",bailp001,3,0,1B,1B,1,strikeout,7,4,3
2025-04-06,SFN202504060,SFN,"Koss, Christian",kossc001,3,1,2B,2B,1,strikeout,7,4,3
2025-04-06,SFN202504060,SFN,"Wade, LaMonte",wadel001,4,2,2B,2B,1,field_out,7,4,3
2025-04-06,SFN202504060,SFN,"Adames, Willy",adamw002,4,0,empty,empty,1,field_out,8,4,3
2025-04-06,SFN202504060,SFN,"Lee, Jung Hoo",lee-j001,4,1,empty,empty,1,strikeout,8,4,3
2025-04-06,SFN202504060,SFN,"Chapman, Matt",chapm001,4,2,empty,empty,1,walk,8,4,3
2025-04-06,SFN202504060,SFN,"Ramos, Heliot",ramoh002,4,2,1B,1B,1,field_out,8,4,3
2025-04-06,SFN202504060,SFN,"Yastrzemski, Mike",yastm001,4,0,empty,empty,1,walk,9,4,4
2025-04-06,SFN202504060,SFN,"Matos, Luis",matol002,4,0,1B,1B,1,field_out,9,4,4
2025-04-06,SFN202504060,SFN,"Bailey, Patrick",bailp001,4,1,1B,1B,1,field_out,9,4,4
2025-04-06,SFN202504060,SFN,"Flores, Wilmer",florw001,1,2,2B,2B,1,single,9,4,4
2025-04-07,SFN202504070,SFN,"Wade, LaMonte",wadel001,1,0,empty,empty,1,field_out,1,0,0
2025-04-07,SFN202504070,SFN,"Adames, Willy",adamw002,1,1,empty,empty,1,field_out,1,0,0
2025-04-07,SFN202504070,SFN,"Lee, Jung Hoo",lee-j001,1,2,empty,empty,1,field_out,1,0,0
2025-04-07,SFN202504070,SFN,"Chapman, Matt",chapm001,1,0,empty,empty,1,strikeout,2,0,0
2025-04-07,SFN202504070,SFN,"Ramos, Heliot",ramoh002,1,0,1B,1B,1,grounded_into_double_play,2,0,0
2025-04-07,SFN202504070,SFN,"Yastrzemski, Mike",yastm001,1,2,empty,empty,1,double,2,0,0
2025-04-07,SFN202504070,SFN,"Flores, Wilmer",florw001,1,2,2B,2B,1,field_out,2,0,0
2025-04-07,SFN202504070,SFN,"Bailey, Patrick",bailp001,1,0,empty,empty,1,strikeout,3,0,0
2025-04-07,SFN202504070,SFN,"Fitzgerald, Tyler",fitzt001,1,1,empty,empty,1,single,3,0,0
2025-04-07,SFN202504070,SFN,"Wade, LaMonte",wadel001,2,1,1B,1B,1,strikeout,3,0,0
2025-04-07,SFN202504070,SFN,"Adames, Willy",adamw002,2,2,2B,2B,1,strikeout,3,0,0
2025-04-07,SFN202504070,SFN,"Lee, Jung Hoo",lee-j001,2,0,empty,empty,1,field_out,4,0,0
2025-04-07,SFN202504070,SFN,"Chapman, Matt",chapm001,2,1,empty,empty,1,field_out,4,0,0
2025-04-07,SFN202504070,SFN,"Ramos, Heliot",ramoh002,2,2,empty,empty,1,strikeout,4,0,0
2025-04-07,SFN202504070,SFN,"Yastrzemski, Mike",yastm001,2,0,empty,empty,1,field_out,5,0,0
2025-04-07,SFN202504070,SFN,"Flores, Wilmer",florw001,2,1,empty,empty,1,field_out,5,0,0
2025-04-07,SFN202504070,SFN,"Bailey, Patrick",bailp001,2,2,empty,empty,1,field_out,5,0,0
2025-04-07,SFN202504070,SFN,"Fitzgerald, Tyler",fitzt001,2,0,empty,empty,1,strikeout,6,0,0
2025-04-07,SFN202504070,SFN,"Wade, LaMonte",wadel001,3,1,empty,empty,1,field_out,6,0,0
2025-04-07,SFN202504070,SFN,"Adames, Willy",adamw002,3,2,empty,empty,1,single,6,0,0
2025-04-07,SFN202504070,SFN,"Lee, Jung Hoo",lee-j001,3,2,1B,1B,1,field_out,6,0,0
2025-04-07,SFN202504070,SFN,"Chapman, Matt",chapm001,3,0,empty,empty,1,field_out,7,0,0
2025-04-07,SFN202504070,SFN,"Ramos, Heliot",ramoh002,3,1,empty,empty,1,field_out,7,0,0
2025-04-07,SFN202504070,SFN,"Yastrzemski, Mike",yastm001,3,2,empty,empty,1,field_out,7,0,0
2025-04-07,SFN202504070,SFN,"Flores, Wilmer",florw001,3,0,empty,empty,1,field_out,8,0,2
2025-04-07,SFN202504070,SFN,"Bailey, Patrick",bailp001,3,1,empty,empty,1,field_out,8,0,2
2025-04-07,SFN202504070,SFN,"Fitzgerald, Tyler",fitzt001,3,2,empty,empty,1,field_out,8,0,2
2025-04-07,SFN202504070,SFN,"Wade, LaMonte",wadel001,4,0,empty,empty,1,strikeout,9,0,2
2025-04-07,SFN202504070,SFN,"Adames, Willy",adamw002,4,1,empty,empty,1,field_out,9,0,2
2025-04-07,SFN202504070,SFN,"Lee, Jung Hoo",lee-j001,4,2,empty,empty,1,single,9,0,2
2025-04-07,SFN202504070,SFN,"Chapman, Matt",chapm001,4,2,1B,1B,1,walk,9,0,2
2025-04-07,SFN202504070,SFN,"Ramos, Heliot",ramoh002,4,2,1B+2B,1B+2B,1,field_out,9,0,2
2025-04-08,SFN202504080,SFN,"Ramos, Heliot",ramoh002,1,0,empty,empty,1,walk,1,0,0
2025-04-08,SFN202504080,SFN,"Adames, Willy",adamw002,1,0,1B,1B,1,field_out,1,0,0
2025-04-08,SFN202504080,SFN,"Lee, Jung Hoo",lee-j001,1,1,2B,2B,1,field_out,1,0,0
2025-04-08,SFN202504080,SFN,"Chapman, Matt",chapm001,1,2,3B,3B,1,field_out,1,0,0
2025-04-08,SFN202504080,SFN,"Flores, Wilmer",florw001,1,0,empty,empty,1,field_out,2,0,0
2025-04-08,SFN202504080,SFN,"Matos, Luis",matol002,1,1,empty,empty,1,field_out,2,0,0
2025-04-08,SFN202504080,SFN,"Schmitt, Casey",schmc003,1,2,empty,empty,1,double,2,0,0
2025-04-08,SFN202504080,SFN,"Fitzgerald, Tyler",fitzt001,1,2,2B,2B,1,field_out,2,0,0
2025-04-08,SFN202504080,SFN,"Huff, Sam",huffs001,1,0,empty,empty,1,single,3,0,1
2025-04-08,SFN202504080,SFN,"Ramos, Heliot",ramoh002,2,0,1B,1B,1,strikeout,3,0,1
2025-04-08,SFN202504080,SFN,"Adames, Willy",adamw002,2,1,1B,1B,1,strikeout,3,0,1
2025-04-08,SFN202504080,SFN,"Lee, Jung Hoo",lee-j001,2,2,1B,1B,1,field_out,3,0,1
2025-04-08,SFN202504080,SFN,"Chapman, Matt",chapm001,2,0,empty,empty,1,field_out,4,0,1
2025-04-08,SFN202504080,SFN,"Flores, Wilmer",florw001,2,1,empty,empty,1,field_out,4,0,1
2025-04-08,SFN202504080,SFN,"Matos, Luis",matol002,2,2,empty,empty,1,field_out,4,0,1
2025-04-08,SFN202504080,SFN,"Schmitt, Casey",schmc003,2,0,empty,empty,1,single,5,0,1
2025-04-08,SFN202504080,SFN,"Fitzgerald, Tyler",fitzt001,2,0,1B,1B,1,sac_bunt,5,0,1
2025-04-08,SFN202504080,SFN,"Huff, Sam",huffs001,2,1,2B,2B,1,field_out,5,0,1
2025-04-08,SFN202504080,SFN,"Ramos, Heliot",ramoh002,3,2,3B,3B,1,field_out,5,0,1
2025-04-08,SFN202504080,SFN,"Adames, Willy",adamw002,3,0,empty,empty,1,strikeout,6,0,1
2025-04-08,SFN202504080,SFN,"Lee, Jung Hoo",lee-j001,3,1,empty,empty,1,field_error,6,0,1
2025-04-08,SFN202504080,SFN,"Chapman, Matt",chapm001,3,1,1B,1B,1,field_out,6,0,1
2025-04-08,SFN202504080,SFN,"Flores, Wilmer",florw001,3,2,1B,2B,0,field_out,6,0,1
2025-04-08,SFN202504080,SFN,"Matos, Luis",matol002,3,0,empty,empty,1,field_out,7,0,1
2025-04-08,SFN202504080,SFN,"Schmitt, Casey",schmc003,3,1,empty,empty,1,strikeout,7,0,1
2025-04-08,SFN202504080,SFN,"Wade, LaMonte",wadel001,1,2,empty,empty,1,field_out,7,0,1
2025-04-08,SFN202504080,SFN,"Huff, Sam",huffs001,3,0,empty,empty,1,single,8,0,1
2025-04-08,SFN202504080,SFN,"Ramos, Heliot",ramoh002,4,0,1B,1B,1,grounded_into_double_play,8,0,1
2025-04-08,SFN202504080,SFN,"Adames, Willy",adamw002,4,2,empty,empty,1,strikeout,8,0,1
2025-04-08,SFN202504080,SFN,"Lee, Jung Hoo",lee-j001,4,0,empty,empty,1,field_out,9,0,1
2025-04-08,SFN202504080,SFN,"Chapman, Matt",chapm001,4,1,empty,empty,1,field_out,9,0,1
2025-04-08,SFN202504080,SFN,"Flores, Wilmer",florw001,4,2,empty,empty,1,field_out,9,0,1
2025-04-09,SFN202504090,SFN,"Wade, LaMonte",wadel001,1,0,empty,empty,1,field_out,1,0,0
2025-04-09,SFN202504090,SFN,"Adames, Willy",adamw002,1,1,empty,empty,1,field_out,1,0,0
2025-04-09,SFN202504090,SFN,"Lee, Jung Hoo",lee-j001,1,2,empty,empty,1,strikeout,1,0,0
2025-04-09,SFN202504090,SFN,"Chapman, Matt",chapm001,1,0,empty,empty,1,strikeout,2,0,0
2025-04-09,SFN202504090,SFN,"Ramos, Heliot",ramoh002,1,1,empty,empty,1,field_out,2,0,0
2025-04-09,SFN202504090,SFN,"Yastrzemski, Mike",yastm001,1,2,empty,empty,1,strikeout,2,0,0
2025-04-09,SFN202504090,SFN,"Flores, Wilmer",florw001,1,0,empty,empty,1,strikeout,3,0,5
2025-04-09,SFN202504090,SFN,"Bailey, Patrick",bailp001,1,1,empty,empty,1,strikeout,3,0,5
2025-04-09,SFN202504090,SFN,"Fitzgerald, Tyler",fitzt001,1,2,empty,empty,1,double,3,0,5
2025-04-09,SFN202504090,SFN,"Wade, LaMonte",wadel001,2,2,2B,2B,1,field_out,3,0,5
2025-04-09,SFN202504090,SFN,"Adames, Willy",adamw002,2,0,empty,empty,1,walk,4,0,5
2025-04-09,SFN202504090,SFN,"Lee, Jung Hoo",lee-j001,2,0,1B,1B,1,triple,4,0,5
2025-04-09,SFN202504090,SFN,"Chapman, Matt",chapm001,2,0,3B,3B,1,field_out,4,1,5
2025-04-09,SFN202504090,SFN,"Ramos, Heliot",ramoh002,2,1,3B,3B,1,fielders_choice_out,4,1,5
2025-04-09,SFN202504090,SFN,"Yastrzemski, Mike",yastm001,2,2,1B,1B,1,field_out,4,1,5
2025-04-09,SFN202504090,SFN,"Flores, Wilmer",florw001,2,0,empty,empty,1,single,5,1,5
2025-04-09,SFN202504090,SFN,"Bailey, Patrick",bailp001,2,0,1B,1B,1,double,5,1,5
2025-04-09,SFN202504090,SFN,"Fitzgerald, Tyler",fitzt001,2,0,2B+3B,2B+3B,1,fielders_choice_out,5,1,5
2025-04-09,SFN202504090,SFN,"Wade, LaMonte",wadel001,3,1,1B+2B,1B+2B,1,strikeout,5,1,5
2025-04-09,SFN202504090,SFN,"Adames, Willy",adamw002,3,2,1B+2B,1B+2B,1,field_out,5,1,5
2025-04-09,SFN202504090,SFN,"Lee, Jung Hoo",lee-j001,3,0,empty,empty,1,single,6,1,6
2025-04-09,SFN202504090,SFN,"Chapman, Matt",chapm001,3,0,1B,1B,1,strikeout,6,1,6
2025-04-09,SFN202504090,SFN,"Ramos, Heliot",ramoh002,3,1,1B,1B,1,strikeout,6,1,6
2025-04-09,SFN202504090,SFN,"Yastrzemski, Mike",yastm001,3,2,1B,1B,1,double,6,1,6
2025-04-09,SFN202504090,SFN,"Flores, Wilmer",florw001,3,2,2B+3B,3B,0,single,6,2,6
2025-04-09,SFN202504090,SFN,"Bailey, Patrick",bailp001,3,2,1B,1B,1,triple,6,3,6
2025-04-09,SFN202504090,SFN,"Fitzgerald, Tyler",fitzt001,3,2,3B,3B,1,single,6,4,6
2025-04-09,SFN202504090,SFN,"Schmitt, Casey",schmc003,1,2,1B,1B,1,field_error,6,5,6
2025-04-09,SFN202504090,SFN,"Adames, Willy",adamw002,4,2,1B+2B,1B+2B,1,field_out,6,5,6
2025-04-09,SFN202504090,SFN,"Lee, Jung Hoo",lee-j001,4,0,empty,empty,1,double,7,5,6
2025-04-09,SFN202504090,SFN,"Chapman, Matt",chapm001,4,0,2B,2B,1,field_out,7,5,6
2025-04-09,SFN202504090,SFN,"Ramos, Heliot",ramoh002,4,1,2B,2B,1,field_out,7,5,6
2025-04-09,SFN202504090,SFN,"Yastrzemski, Mike",yastm001,4,2,3B,3B,1,field_out,7,5,6
2025-04-09,SFN202504090,SFN,"Flores, Wilmer",florw001,4,0,empty,empty,1,home_run,8,5,6
2025-04-09,SFN202504090,SFN,"Bailey, Patrick",bailp001,4,0,empty,empty,1,field_out,8,6,6
2025-04-09,SFN202504090,SFN,"Fitzgerald, Tyler",fitzt001,4,1,empty,empty,1,field_out,8,6,6
2025-04-09,SFN202504090,SFN,"Schmitt, Casey",schmc003,2,2,empty,empty,1,field_out,8,6,6
2025-04-09,SFN202504090,SFN,"Adames, Willy",adamw002,5,0,empty,empty,1,field_out,9,6,6
2025-04-09,SFN202504090,SFN,"Lee, Jung Hoo",lee-j001,5,1,empty,empty,1,field_out,9,6,6
2025-04-09,SFN202504090,SFN,"Chapman, Matt",chapm001,5,2,empty,empty,1,field_out,9,6,6
2025-04-09,SFN202504090,SFN,"Ramos, Heliot",ramoh002,5,0,2B,2B,1,field_out,10,6,6
2025-04-09,SFN202504090,SFN,"Yastrzemski, Mike",yastm001,5,1,3B,3B,1,home_run,10,6,6
2025-04-11,NYA202504110,SFN,"Yastrzemski, Mike",yastm001,1,0,empty,empty,1,double,1,0,0
2025-04-11,NYA202504110,SFN,"Adames, Willy",adamw002,1,0,2B,2B,1,walk,1,0,0
2025-04-11,NYA202504110,SFN,"Lee, Jung Hoo",lee-j001,1,0,1B+2B,1B+2B,1,home_run,1,0,0
2025-04-11,NYA202504110,SFN,"Chapman, Matt",chapm001,1,0,empty,empty,1,walk,1,3,0
2025-04-11,NYA202504110,SFN,"Ramos, Heliot",ramoh002,1,0,1B,1B,1,walk,1,3,0
2025-04-11,NYA202504110,SFN,"Wade, LaMonte",wadel001,1,0,1B+2B,1B+2B,1,double,1,3,0
2025-04-11,NYA202504110,SFN,"Flores, Wilmer",florw001,1,0,2B,2B,1,strikeout,1,5,0
2025-04-11,NYA202504110,SFN,"Bailey, Patrick",bailp001,1,1,2B,2B,1,field_out,1,5,0
2025-04-11,NYA202504110,SFN,"Fitzgerald, Tyler",fitzt001,1,2,2B,2B,1,single,1,5,0
2025-04-11,NYA202504110,SFN,"Yastrzemski, Mike",yastm001,2,2,1B+3B,1B+3B,1,strikeout,1,5,0
2025-04-11,NYA202504110,SFN,"Adames, Willy",adamw002,2,0,empty,empty,1,strikeout,2,5,0
2025-04-11,NYA202504110,SFN,"Lee, Jung Hoo",lee-j001,2,1,empty,empty,1,field_out,2,5,0
2025-04-11,NYA202504110,SFN,"Chapman, Matt",chapm001,2,2,empty,empty,1,walk,2,5,0
2025-04-11,NYA202504110,SFN,"Ramos, Heliot",ramoh002,2,2,1B,1B,1,field_out,2,5,0
2025-04-11,NYA202504110,SFN,"Wade, LaMonte",wadel001,2,0,empty,empty,1,field_out,3,5,1
2025-04-11,NYA202504110,SFN,"Flores, Wilmer",florw001,2,1,empty,empty,1,field_out,3,5,1
2025-04-11,NYA202504110,SFN,"Bailey, Patrick",bailp001,2,2,empty,empty,1,strikeout,3,5,1
2025-04-11,NYA202504110,SFN,"Fitzgerald, Tyler",fitzt001,2,0,empty,empty,1,single,4,5,1
2025-04-11,NYA202504110,SFN,"Yastrzemski, Mike",yastm001,3,0,1B,2B,0,field_out,4,5,1
2025-04-11,NYA202504110,SFN,"Adames, Willy",adamw002,3,1,2B,2B,1,double_play,4,5,1
2025-04-11,NYA202504110,SFN,"Lee, Jung Hoo",lee-j001,3,0,empty,empty,1,walk,5,5,1
2025-04-11,NYA202504110,SFN,"Chapman, Matt",chapm001,3,0,1B,1B,1,walk,5,5,1
2025-04-11,NYA202504110,SFN,"Ramos, Heliot",ramoh002,3,0,1B+2B,1B+2B,1,strikeout,5,5,1
2025-04-11,NYA202504110,SFN,"Wade, LaMonte",wadel001,3,1,1B+2B,1B+2B,1,walk,5,5,1
2025-04-11,NYA202504110,SFN,"Flores, Wilmer",florw001,3,1,1B+2B+3B,1B+2B+3B,1,field_out,5,5,1
2025-04-11,NYA202504110,SFN,"Bailey, Patrick",bailp001,3,2,2B+3B,3B,0,double,5,7,1
2025-04-11,NYA202504110,SFN,"Fitzgerald, Tyler",fitzt001,3,2,2B,2B,1,field_out,5,8,1
2025-04-11,NYA202504110,SFN,"Yastrzemski, Mike",yastm001,4,0,empty,empty,1,walk,6,8,1
2025-04-11,NYA202504110,SFN,"Adames, Willy",adamw002,4,0,1B,1B,1,walk,6,8,1
2025-04-11,NYA202504110,SFN,"Lee, Jung Hoo",lee-j001,4,0,1B+2B,1B+2B,1,walk,6,8,1
2025-04-11,NYA202504110,SFN,"Chapman, Matt",chapm001,4,0,1B+2B+3B,1B+2B+3B,1,strikeout,6,8,1
2025-04-11,NYA202504110,SFN,"Ramos, Heliot",ramoh002,4,1,1B+2B+3B,1B+2B+3B,1,strikeout,6,8,1
2025-04-11,NYA202504110,SFN,"Wade, LaMonte",wadel001,4,2,1B+2B+3B,1B+2B+3B,1,walk,6,8,1
2025-04-12,NYA202504120,SFN,"Yastrzemski, Mike",yastm001,1,0,empty,empty,1,strikeout,1,0,0
2025-04-12,NYA202504120,SFN,"Adames, Willy",adamw002,1,1,empty,empty,1,field_out,1,0,0
2025-04-12,NYA202504120,SFN,"Lee, Jung Hoo",lee-j001,1,2,empty,empty,1,walk,1,0,0
2025-04-12,NYA202504120,SFN,"Chapman, Matt",chapm001,1,2,1B,1B,1,field_out,1,0,0
2025-04-12,NYA202504120,SFN,"Ramos, Heliot",ramoh002,1,0,empty,empty,1,double,2,0,2
2025-04-12,NYA202504120,SFN,"Wade, LaMonte",wadel001,1,0,2B,2B,1,field_out,2,0,2
2025-04-12,NYA202504120,SFN,"Flores, Wilmer",florw001,1,1,2B,2B,1,home_run,2,0,2
2025-04-12,NYA202504120,SFN,"Huff, Sam",huffs001,1,1,empty,empty,1,strikeout,2,2,2
2025-04-12,NYA202504120,SFN,"Fitzgerald, Tyler",fitzt001,1,2,empty,empty,1,strikeout,2,2,2
2025-04-12,NYA202504120,SFN,"Yastrzemski, Mike",yastm001,2,0,empty,empty,1,strikeout,3,2,2
2025-04-12,NYA202504120,SFN,"Adames, Willy",adamw002,2,1,empty,empty,1,field_out,3,2,2
2025-04-12,NYA202504120,SFN,"Lee, Jung Hoo",lee-j001,2,2,empty,empty,1,field_out,3,2,2
2025-04-12,NYA202504120,SFN,"Chapman, Matt",chapm001,2,0,empty,empty,1,field_out,4,2,2
2025-04-12,NYA202504120,SFN,"Ramos, Heliot",ramoh002,2,1,empty,empty,1,field_out,4,2,2
2025-04-12,NYA202504120,SFN,"Wade, LaMonte",wadel001,2,2,empty,empty,1,field_out,4,2,2
2025-04-12,NYA202504120,SFN,"Flores, Wilmer",florw001,2,0,empty,empty,1,field_out,5,2,2
2025-04-12,NYA202504120,SFN,"Huff, Sam",huffs001,2,1,empty,empty,1,strikeout,5,2,2
2025-04-12,NYA202504120,SFN,"Fitzgerald, Tyler",fitzt001,2,2,empty,empty,1,walk,5,2,2
2025-04-12,NYA202504120,SFN,"Yastrzemski, Mike",yastm001,3,2,1B,1B,1,strikeout,5,2,2
2025-04-12,NYA202504120,SFN,"Adames, Willy",adamw002,3,0,empty,empty,1,single,6,2,7
2025-04-12,NYA202504120,SFN,"Lee, Jung Hoo",lee-j001,3,0,1B,1B,1,fielders_choice,6,2,7
2025-04-12,NYA202504120,SFN,"Chapman, Matt",chapm001,3,0,1B+2B,1B+2B,1,walk,6,2,7
2025-04-12,NYA202504120,SFN,"Ramos, Heliot",ramoh002,3,0,1B+2B+3B,1B+2B+3B,1,field_out,6,2,7
2025-04-12,NYA202504120,SFN,"Wade, LaMonte",wadel001,3,1,1B+2B+3B,1B+2B+3B,1,strikeout,6,2,7
2025-04-12,NYA202504120,SFN,"Flores, Wilmer",florw001,3,2,1B+2B+3B,1B+2B+3B,1,single,6,2,7
2025-04-12,NYA202504120,SFN,"Huff, Sam",huffs001,3,2,1B+3B,1B+3B,1,strikeout,6,4,7
2025-04-12,NYA202504120,SFN,"Fitzgerald, Tyler",fitzt001,3,0,empty,empty,1,field_out,7,4,8
2025-04-12,NYA202504120,SFN,"Yastrzemski, Mike",yastm001,4,1,empty,empty,1,walk,7,4,8
2025-04-12,NYA202504120,SFN,"Adames, Willy",adamw002,4,1,1B,1B,1,field_out,7,4,8
2025-04-12,NYA202504120,SFN,"Lee, Jung Hoo",lee-j001,4,2,1B,1B,1,double,7,4,8
2025-04-12,NYA202504120,SFN,"Chapman, Matt",chapm001,4,2,2B+3B,2B+3B,1,strikeout,7,4,8
2025-04-12,NYA202504120,SFN,"Ramos, Heliot",ramoh002,4,0,empty,empty,1,hit_by_pitch,8,4,8
2025-04-12,NYA202504120,SFN,"Wade, LaMonte",wadel001,4,0,1B,1B,1,strikeout,8,4,8
2025-04-12,NYA202504120,SFN,"Flores, Wilmer",florw001,4,1,1B,1B,1,field_out,8,4,8
2025-04-12,NYA202504120,SFN,"Huff, Sam",huffs001,4,2,1B,1B,1,walk,8,4,8
2025-04-12,NYA202504120,SFN,"Fitzgerald, Tyler",fitzt001,4,2,1B+2B,1B+2B,1,field_out,8,4,8
2025-04-12,NYA202504120,SFN,"Yastrzemski, Mike",yastm001,5,0,empty,empty,1,walk,9,4,8
2025-04-12,NYA202504120,SFN,"Adames, Willy",adamw002,5,0,1B,1B,1,double,9,4,8
2025-04-12,NYA202504120,SFN,"Lee, Jung Hoo",lee-j001,5,0,2B+3B,2B+3B,1,strikeout,9,4,8
2025-04-12,NYA202504120,SFN,"Chapman, Matt",chapm001,5,1,2B+3B,2B+3B,1,strikeout,9,4,8
2025-04-12,NYA202504120,SFN,"Ramos, Heliot",ramoh002,5,2,2B+3B,2B+3B,1,field_out,9,4,8
2025-04-13,NYA202504130,SFN,"Ramos, Heliot",ramoh002,1,0,empty,empty,1,strikeout,1,0,0
2025-04-13,NYA202504130,SFN,"Adames, Willy",adamw002,1,1,empty,empty,1,field_out,1,0,0
2025-04-13,NYA202504130,SFN,"Lee, Jung Hoo",lee-j001,1,2,empty,empty,1,field_out,1,0,0
2025-04-13,NYA202504130,SFN,"Flores, Wilmer",florw001,1,0,empty,empty,1,field_out,2,0,1
2025-04-13,NYA202504130,SFN,"Chapman, Matt",chapm001,1,1,empty,empty,1,field_out,2,0,1
2025-04-13,NYA202504130,SFN,"Matos, Luis",matol002,1,2,empty,empty,1,field_out,2,0,1
2025-04-13,NYA202504130,SFN,"Schmitt, Casey",schmc003,1,0,empty,empty,1,field_out,3,0,3
2025-04-13,NYA202504130,SFN,"Bailey, Patrick",bailp001,1,1,empty,empty,1,walk,3,0,3
2025-04-13,NYA202504130,SFN,"Koss, Christian",kossc001,1,1,1B,1B,1,strikeout,3,0,3
2025-04-13,NYA202504130,SFN,"Ramos, Heliot",ramoh002,2,2,1B,1B,1,strikeout,3,0,3
2025-04-13,NYA202504130,SFN,"Adames, Willy",adamw002,2,0,empty,empty,1,strikeout,4,0,3
2025-04-13,NYA202504130,SFN,"Lee, Jung Hoo",lee-j001,2,1,empty,empty,1,home_run,4,0,3
2025-04-13,NYA202504130,SFN,"Flores, Wilmer",florw001,2,1,empty,empty,1,strikeout,4,1,3
2025-04-13,NYA202504130,SFN,"Chapman, Matt",chapm001,2,2,empty,empty,1,strikeout,4,1,3
2025-04-13,NYA202504130,SFN,"Matos, Luis",matol002,2,0,empty,empty,1,field_out,5,1,3
2025-04-13,NYA202504130,SFN,"Schmitt, Casey",schmc003,2,1,empty,empty,1,field_out,5,1,3
2025-04-13,NYA202504130,SFN,"Bailey, Patrick",bailp001,2,2,empty,empty,1,strikeout,5,1,3
2025-04-13,NYA202504130,SFN,"Koss, Christian",kossc001,2,0,empty,empty,1,single,6,1,3
2025-04-13,NYA202504130,SFN,"Ramos, Heliot",ramoh002,3,0,1B,1B,1,strikeout,6,1,3
2025-04-13,NYA202504130,SFN,"Adames, Willy",adamw002,3,1,1B,1B,1,walk,6,1,3
2025-04-13,NYA202504130,SFN,"Lee, Jung Hoo",lee-j001,3,1,1B+2B,1B+2B,1,home_run,6,1,3
2025-04-13,NYA202504130,SFN,"Flores, Wilmer",florw001,3,1,empty,empty,1,field_out,6,4,3
2025-04-13,NYA202504130,SFN,"Chapman, Matt",chapm001,3,2,empty,empty,1,walk,6,4,3
2025-04-13,NYA202504130,SFN,"Yastrzemski, Mike",yastm001,1,2,1B,1B,1,field_out,6,4,3
2025-04-13,NYA202504130,SFN,"Schmitt, Casey",schmc003,3,0,empty,empty,1,double,7,4,3
2025-04-13,NYA202504130,SFN,"Bailey, Patrick",bailp001,3,0,2B,2B,1,strikeout,7,4,3
2025-04-13,NYA202504130,SFN,"Koss, Christian",kossc001,3,1,2B,2B,1,field_error,7,4,3
2025-04-13,NYA202504130,SFN,"Ramos, Heliot",ramoh002,4,1,1B,1B,1,field_out,7,5,3
2025-04-13,NYA202504130,SFN,"Adames, Willy",adamw002,4,2,1B,1B,1,strikeout,7,5,3
2025-04-13,NYA202504130,SFN,"Lee, Jung Hoo",lee-j001,4,0,empty,empty,1,walk,8,5,3
2025-04-13,NYA202504130,SFN,"Flores, Wilmer",florw001,4,0,1B,1B,1,strikeout,8,5,3
2025-04-13,NYA202504130,SFN,"Chapman, Matt",chapm001,4,1,1B,1B,1,walk,8,5,3
2025-04-13,NYA202504130,SFN,"Yastrzemski, Mike",yastm001,2,1,1B+2B,1B+2B,1,field_out,8,5,3
2025-04-13,NYA202504130,SFN,"Schmitt, Casey",schmc003,4,2,2B+3B,2B+3B,1,strikeout,8,5,3
2025-04-13,NYA202504130,SFN,"Bailey, Patrick",bailp001,4,0,empty,empty,1,strikeout,9,5,4
2025-04-13,NYA202504130,SFN,"Koss, Christian",kossc001,4,1,empty,empty,1,strikeout,9,5,4
2025-04-13,NYA202504130,SFN,"Ramos, Heliot",ramoh002,5,2,empty,empty,1,field_out,9,5,4
2025-04-14,PHI202504140,SFN,"Yastrzemski, Mike",yastm001,1,0,empty,empty,1,field_out,1,0,0
2025-04-14,PHI202504140,SFN,"Adames, Willy",adamw002,1,1,empty,empty,1,single,1,0,0
2025-04-14,PHI202504140,SFN,"Lee, Jung Hoo",lee-j001,1,2,1B,empty,0,strikeout,1,0,0
2025-04-14,PHI202504140,SFN,"Chapman, Matt",chapm001,1,0,empty,empty,1,field_out,2,0,3
2025-04-14,PHI202504140,SFN,"Ramos, Heliot",ramoh002,1,1,empty,empty,1,double,2,0,3
2025-04-14,PHI202504140,SFN,"Wade, LaMonte",wadel001,1,1,2B,2B,1,walk,2,0,3
2025-04-14,PHI202504140,SFN,"Flores, Wilmer",florw001,1,1,1B+2B,1B+2B,1,single,2,0,3
2025-04-14,PHI202504140,SFN,"Bailey, Patrick",bailp001,1,1,1B+2B,1B+2B,1,fielders_choice,2,1,3
2025-04-14,PHI202504140,SFN,"Fitzgerald, Tyler",fitzt001,1,1,1B+2B,1B+2B,1,home_run,2,2,3
2025-04-14,PHI202504140,SFN,"Yastrzemski, Mike",yastm001,2,1,empty,empty,1,strikeout,2,5,3
2025-04-14,PHI202504140,SFN,"Adames, Willy",adamw002,2,2,empty,empty,1,home_run,2,5,3
2025-04-14,PHI202504140,SFN,"Lee, Jung Hoo",lee-j001,2,2,empty,empty,1,field_out,2,6,3
2025-04-14,PHI202504140,SFN,"Chapman, Matt",chapm001,2,0,empty,empty,1,field_out,3,6,3
2025-04-14,PHI202504140,SFN,"Ramos, Heliot",ramoh002,2,1,empty,empty,1,field_out,3,6,3
2025-04-14,PHI202504140,SFN,"Wade, LaMonte",wadel001,2,2,empty,empty,1,strikeout,3,6,3
2025-04-14,PHI202504140,SFN,"Flores, Wilmer",florw001,2,0,empty,empty,1,field_out,4,6,3
2025-04-14,PHI202504140,SFN,"Bailey, Patrick",bailp001,2,1,empty,empty,1,single,4,6,3
2025-04-14,PHI202504140,SFN,"Fitzgerald, Tyler",fitzt001,2,1,1B,1B,1,strikeout,4,6,3
2025-04-14,PHI202504140,SFN,"Yastrzemski, Mike",yastm001,3,2,1B,1B,1,field_out,4,6,3
2025-04-14,PHI202504140,SFN,"Adames, Willy",adamw002,3,0,empty,empty,1,field_out,5,6,3
2025-04-14,PHI202504140,SFN,"Lee, Jung Hoo",lee-j001,3,1,empty,empty,1,strikeout,5,6,3
2025-04-14,PHI202504140,SFN,"Chapman, Matt",chapm001,3,2,empty,empty,1,field_out,5,6,3
2025-04-14,PHI202504140,SFN,"Ramos, Heliot",ramoh002,3,0,empty,empty,1,single,6,6,4
2025-04-14,PHI202504140,SFN,"Wade, LaMonte",wadel001,3,0,1B,1B,1,strikeout,6,6,4
2025-04-14,PHI202504140,SFN,"Flores, Wilmer",florw001,3,1,1B,1B,1,field_out,6,6,4
2025-04-14,PHI202504140,SFN,"Bailey, Patrick",bailp001,3,2,2B,2B,1,field_out,6,6,4
2025-04-14,PHI202504140,SFN,"Fitzgerald, Tyler",fitzt001,3,0,empty,empty,1,triple,7,6,4
2025-04-14,PHI202504140,SFN,"Yastrzemski, Mike",yastm001,4,0,3B,3B,1,home_run,7,6,4
2025-04-14,PHI202504140,SFN,"Adames, Willy",adamw002,4,0,empty,empty,1,field_out,7,8,4
2025-04-14,PHI202504140,SFN,"Lee, Jung Hoo",lee-j001,4,1,empty,empty,1,strikeout,7,8,4
2025-04-14,PHI202504140,SFN,"Chapman, Matt",chapm001,4,2,empty,empty,1,strikeout,7,8,4
2025-04-14,PHI202504140,SFN,"Ramos, Heliot",ramoh002,4,0,empty,empty,1,strikeout,8,8,4
2025-04-14,PHI202504140,SFN,"Wade, LaMonte",wadel001,4,1,empty,empty,1,walk,8,8,4
2025-04-14,PHI202504140,SFN,"Flores, Wilmer",florw001,4,1,1B,1B,1,field_out,8,8,4
2025-04-14,PHI202504140,SFN,"Bailey, Patrick",bailp001,4,2,1B,1B,1,strikeout,8,8,4
2025-04-14,PHI202504140,SFN,"Fitzgerald, Tyler",fitzt001,4,0,empty,empty,1,double,9,8,4
2025-04-14,PHI202504140,SFN,"Yastrzemski, Mike",yastm001,5,0,2B,2B,1,double,9,8,4
2025-04-14,PHI202504140,SFN,"Adames, Willy",adamw002,5,0,2B,2B,1,strikeout,9,9,4
2025-04-14,PHI202504140,SFN,"Lee, Jung Hoo",lee-j001,5,1,2B,3B,0,field_out,9,9,4
2025-04-14,PHI202504140,SFN,"Chapman, Matt",chapm001,5,2,3B,3B,1,single,9,9,4
2025-04-14,PHI202504140,SFN,"Ramos, Heliot",ramoh002,5,2,1B,1B,1,field_out,9,10,4
2025-04-15,PHI202504150,SFN,"Ramos, Heliot",ramoh002,1,0,empty,empty,1,field_out,1,0,0
2025-04-15,PHI202504150,SFN,"Adames, Willy",adamw002,1,1,empty,empty,1,field_out,1,0,0
2025-04-15,PHI202504150,SFN,"Lee, Jung Hoo",lee-j001,1,2,empty,empty,1,field_out,1,0,0
2025-04-15,PHI202504150,SFN,"Chapman, Matt",chapm001,1,0,empty,empty,1,single,2,0,0
2025-04-15,PHI202504150,SFN,"Flores, Wilmer",florw001,1,0,1B,1B,1,field_out,2,0,0
2025-04-15,PHI202504150,SFN,"Schmitt, Casey",schmc003,1,1,1B,1B,1,field_out,2,0,0
2025-04-15,PHI202504150,SFN,"Matos, Luis",matol002,1,2,1B,1B,1,field_out,2,0,0
2025-04-15,PHI202504150,SFN,"Bailey, Patrick",bailp001,1,0,empty,empty,1,strikeout,3,0,2
2025-04-15,PHI202504150,SFN,"Fitzgerald, Tyler",fitzt001,1,1,empty,empty,1,single,3,0,2
2025-04-15,PHI202504150,SFN,"Ramos, Heliot",ramoh002,2,1,1B,1B,1,field_out,3,0,2
2025-04-15,PHI202504150,SFN,"Adames, Willy",adamw002,2,2,1B,1B,1,field_out,3,0,2
2025-04-15,PHI202504150,SFN,"Lee, Jung Hoo",lee-j001,2,0,empty,empty,1,strikeout,4,0,2
2025-04-15,PHI202504150,SFN,"Chapman, Matt",chapm001,2,1,empty,empty,1,double,4,0,2
2025-04-15,PHI202504150,SFN,"Flores, Wilmer",florw001,2,1,2B,2B,1,walk,4,0,2
2025-04-15,PHI202504150,SFN,"Schmitt, Casey",schmc003,2,1,1B+2B,2B+3B,0,single,4,0,2
2025-04-15,PHI202504150,SFN,"Matos, Luis",matol002,2,1,1B,1B,1,grounded_into_double_play,4,2,2
2025-04-15,PHI202504150,SFN,"Bailey, Patrick",bailp001,2,0,empty,empty,1,field_out,5,2,2
2025-04-15,PHI202504150,SFN,"Fitzgerald, Tyler",fitzt001,2,1,empty,empty,1,strikeout,5,2,2
2025-04-15,PHI202504150,SFN,"Ramos, Heliot",ramoh002,3,2,empty,empty,1,strikeout,5,2,2
2025-04-15,PHI202504150,SFN,"Adames, Willy",adamw002,3,0,empty,empty,1,field_out,6,2,2
2025-04-15,PHI202504150,SFN,"Lee, Jung Hoo",lee-j001,3,1,empty,empty,1,double,6,2,2
2025-04-15,PHI202504150,SFN,"Chapman, Matt",chapm001,3,1,2B,2B,1,walk,6,2,2
2025-04-15,PHI202504150,SFN,"Flores, Wilmer",florw001,3,1,1B+2B,2B+3B,0,field_out,6,2,2
2025-04-15,PHI202504150,SFN,"Schmitt, Casey",schmc003,3,2,3B,3B,1,strikeout,6,3,2
2025-04-15,PHI202504150,SFN,"Yastrzemski, Mike",yastm001,1,0,empty,empty,1,field_out,7,3,4
2025-04-15,PHI202504150,SFN,"Bailey, Patrick",bailp001,3,1,empty,empty,1,strikeout,7,3,4
2025-04-15,PHI202504150,SFN,"Fitzgerald, Tyler",fitzt001,3,2,empty,empty,1,field_out,7,3,4
2025-04-15,PHI202504150,SFN,"Ramos, Heliot",ramoh002,4,0,empty,empty,1,single,8,3,6
2025-04-15,PHI202504150,SFN,"Adames, Willy",adamw002,4,0,1B,1B,1,single,8,3,6
2025-04-15,PHI202504150,SFN,"Lee, Jung Hoo",lee-j001,4,0,1B+3B,1B+3B,1,single,8,3,6
2025-04-15,PHI202504150,SFN,"Chapman, Matt",chapm001,4,0,1B+3B,1B+3B,1,field_out,8,4,6
2025-04-15,PHI202504150,SFN,"Flores, Wilmer",florw001,4,1,1B+3B,1B+3B,1,strikeout,8,4,6
2025-04-15,PHI202504150,SFN,"Schmitt, Casey",schmc003,4,2,1B+3B,1B+3B,1,field_out,8,4,6
2025-04-15,PHI202504150,SFN,"Yastrzemski, Mike",yastm001,2,0,empty,empty,1,field_out,9,4,6
2025-04-15,PHI202504150,SFN,"Bailey, Patrick",bailp001,4,1,empty,empty,1,strikeout,9,4,6
2025-04-15,PHI202504150,SFN,"Fitzgerald, Tyler",fitzt001,4,2,empty,empty,1,field_out,9,4,6
2025-04-16,PHI202504160,SFN,"Yastrzemski, Mike",yastm001,1,0,empty,empty,1,field_out,1,0,0
2025-04-16,PHI202504160,SFN,"Adames, Willy",adamw002,1,1,empty,empty,1,double,1,0,0
2025-04-16,PHI202504160,SFN,"Lee, Jung Hoo",lee-j001,1,1,2B,2B,1,single,1,0,0
2025-04-16,PHI202504160,SFN,"Chapman, Matt",chapm001,1,1,1B,1B,1,single,1,1,0
2025-04-16,PHI202504160,SFN,"Ramos, Heliot",ramoh002,1,1,1B+2B,1B+2B,1,walk,1,1,0
2025-04-16,PHI202504160,SFN,"Wade, LaMonte",wadel001,1,1,1B+2B+3B,1B+2B+3B,1,strikeout,1,1,0
2025-04-16,PHI202504160,SFN,"Flores, Wilmer",florw001,1,2,1B+2B+3B,1B+2B+3B,1,walk,1,1,0
2025-04-16,PHI202504160,SFN,"Bailey, Patrick",bailp001,1,2,1B+2B+3B,1B+2B+3B,1,single,1,2,0
2025-04-16,PHI202504160,SFN,"Fitzgerald, Tyler",fitzt001,1,2,1B+2B,1B+2B,1,strikeout,1,4,0
2025-04-16,PHI202504160,SFN,"Yastrzemski, Mike",yastm001,2,0,empty,empty,1,single,2,4,2
2025-04-16,PHI202504160,SFN,"Adames, Willy",adamw002,2,0,1B,1B,1,strikeout,2,4,2
2025-04-16,PHI202504160,SFN,"Lee, Jung Hoo",lee-j001,2,2,1B,empty,0,field_out,2,4,2
2025-04-16,PHI202504160,SFN,"Chapman, Matt",chapm001,2,0,empty,empty,1,strikeout,3,4,2
2025-04-16,PHI202504160,SFN,"Ramos, Heliot",ramoh002,2,1,empty,empty,1,field_out,3,4,2
2025-04-16,PHI202504160,SFN,"Wade, LaMonte",wadel001,2,2,empty,empty,1,strikeout,3,4,2
2025-04-16,PHI202504160,SFN,"Flores, Wilmer",florw001,2,0,empty,empty,1,strikeout,4,4,2
2025-04-16,PHI202504160,SFN,"Bailey, Patrick",bailp001,2,1,empty,empty,1,strikeout,4,4,2
2025-04-16,PHI202504160,SFN,"Fitzgerald, Tyler",fitzt001,2,2,empty,empty,1,single,4,4,2
2025-04-16,PHI202504160,SFN,"Yastrzemski, Mike",yastm001,3,2,1B,1B,1,field_out,4,4,2
2025-04-16,PHI202504160,SFN,"Adames, Willy",adamw002,3,0,empty,empty,1,field_out,5,4,4
2025-04-16,PHI202504160,SFN,"Lee, Jung Hoo",lee-j001,3,1,empty,empty,1,double,5,4,4
2025-04-16,PHI202504160,SFN,"Chapman, Matt",chapm001,3,1,2B,2B,1,single,5,4,4
2025-04-16,PHI202504160,SFN,"Ramos, Heliot",ramoh002,3,1,3B,3B,1,strikeout,5,5,4
2025-04-16,PHI202504160,SFN,"Wade, LaMonte",wadel001,3,2,3B,3B,1,field_out,5,5,4
2025-04-16,PHI202504160,SFN,"Flores, Wilmer",florw001,3,0,empty,empty,1,field_out,6,5,4
2025-04-16,PHI202504160,SFN,"Bailey, Patrick",bailp001,3,1,empty,empty,1,walk,6,5,4
2025-04-16,PHI202504160,SFN,"Fitzgerald, Tyler",fitzt001,3,1,1B,1B,1,single,6,5,4
2025-04-16,PHI202504160,SFN,"Yastrzemski, Mike",yastm001,4,1,1B+2B,1B+2B,1,walk,6,5,4
2025-04-16,PHI202504160,SFN,"Adames, Willy",adamw002,4,1,1B+2B+3B,1B+2B+3B,1,walk,6,5,4
2025-04-16,PHI202504160,SFN,"Lee, Jung Hoo",lee-j001,4,1,1B+2B+3B,1B+2B+3B,1,sac_fly,6,6,4
2025-04-16,PHI202504160,SFN,"Chapman, Matt",chapm001,4,2,2B+3B,2B+3B,1,field_out,6,7,4
2025-04-16,PHI202504160,SFN,"Ramos, Heliot",ramoh002,4,0,empty,empty,1,single,7,7,4
2025-04-16,PHI202504160,SFN,"Wade, LaMonte",wadel001,4,0,1B,1B,1,walk,7,7,4
2025-04-16,PHI202504160,SFN,"Flores, Wilmer",florw001,4,0,1B+2B,1B+2B,1,single,7,7,4
2025-04-16,PHI202504160,SFN,"Bailey, Patrick",bailp001,4,0,1B+3B,1B+3B,1,strikeout,7,8,4
2025-04-16,PHI202504160,SFN,"Fitzgerald, Tyler",fitzt001,4,1,1B+3B,1B+3B,1,double,7,8,4
2025-04-16,PHI202504160,SFN,"Yastrzemski, Mike",yastm001,5,1,2B+3B,2B+3B,1,double,7,9,4
2025-04-16,PHI202504160,SFN,"Adames, Willy",adamw002,5,1,2B,2B,1,field_out,7,11,4
2025-04-16,PHI202504160,SFN,"Lee, Jung Hoo",lee-j001,5,2,3B,3B,1,field_out,7,11,4
2025-04-16,PHI202504160,SFN,"Chapman, Matt",chapm001,5,0,empty,empty,1,walk,8,11,4
2025-04-16,PHI202504160,SFN,"Ramos, Heliot",ramoh002,5,0,1B,1B,1,field_out,8,11,4
2025-04-16,PHI202504160,SFN,"Wade, LaMonte",wadel001,5,1,1B,1B,1,walk,8,11,4
2025-04-16,PHI202504160,SFN,"Flores, Wilmer",florw001,5,1,1B+2B,1B+2B,1,field_out,8,11,4
2025-04-16,PHI202504160,SFN,"Bailey, Patrick",bailp001,5,2,1B+2B,1B+2B,1,strikeout,8,11,4
2025-04-16,PHI202504160,SFN,"Fitzgerald, Tyler",fitzt001,5,0,empty,empty,1,field_out,9,11,4
2025-04-16,PHI202504160,SFN,"Yastrzemski, Mike",yastm001,6,1,empty,empty,1,walk,9,11,4
2025-04-16,PHI202504160,SFN,"Adames, Willy",adamw002,6,1,1B,1B,1,field_out,9,11,4
2025-04-16,PHI202504160,SFN,"Lee, Jung Hoo",lee-j001,6,2,1B,1B,1,field_out,9,11,4
2025-04-17,PHI202504170,SFN,"Matos, Luis",matol002,1,0,empty,empty,1,strikeout,1,0,0
2025-04-17,PHI202504170,SFN,"Adames, Willy",adamw002,1,1,empty,empty,1,strikeout,1,0,0
2025-04-17,PHI202504170,SFN,"Ramos, Heliot",ramoh002,1,2,empty,empty,1,double,1,0,0
2025-04-17,PHI202504170,SFN,"Chapman, Matt",chapm001,1,2,2B,2B,1,single,1,0,0
2025-04-17,PHI202504170,SFN,"Schmitt, Casey",schmc003,1,2,2B,2B,1,strikeout,1,1,0
2025-04-17,PHI202504170,SFN,"Fitzgerald, Tyler",fitzt001,1,0,empty,empty,1,strikeout,2,1,5
2025-04-17,PHI202504170,SFN,"Yastrzemski, Mike",yastm001,1,1,empty,empty,1,field_out,2,1,5
2025-04-17,PHI202504170,SFN,"Huff, Sam",huffs001,1,2,empty,empty,1,walk,2,1,5
2025-04-17,PHI202504170,SFN,"Koss, Christian",kossc001,1,2,1B,1B,1,strikeout,2,1,5
2025-04-17,PHI202504170,SFN,"Matos, Luis",matol002,2,0,empty,empty,1,field_out,3,1,5
2025-04-17,PHI202504170,SFN,"Adames, Willy",adamw002,2,1,empty,empty,1,field_out,3,1,5
2025-04-17,PHI202504170,SFN,"Ramos, Heliot",ramoh002,2,2,empty,empty,1,field_out,3,1,5
2025-04-17,PHI202504170,SFN,"Chapman, Matt",chapm001,2,0,empty,empty,1,strikeout,4,1,5
2025-04-17,PHI202504170,SFN,"Schmitt, Casey",schmc003,2,1,empty,empty,1,strikeout,4,1,5
2025-04-17,PHI202504170,SFN,"Fitzgerald, Tyler",fitzt001,2,2,empty,empty,1,strikeout,4,1,5
2025-04-17,PHI202504170,SFN,"Yastrzemski, Mike",yastm001,2,0,empty,empty,1,field_error,5,1,5
2025-04-17,PHI202504170,SFN,"Huff, Sam",huffs001,2,0,1B,1B,1,grounded_into_double_play,5,1,5
2025-04-17,PHI202504170,SFN,"Koss, Christian",kossc001,2,2,empty,empty,1,single,5,1,5
2025-04-17,PHI202504170,SFN,"Matos, Luis",matol002,3,2,1B,1B,1,field_out,5,1,5
2025-04-17,PHI202504170,SFN,"Adames, Willy",adamw002,3,0,empty,empty,1,field_out,6,1,5
2025-04-17,PHI202504170,SFN,"Ramos, Heliot",ramoh002,3,1,empty,empty,1,field_error,6,1,5
2025-04-17,PHI202504170,SFN,"Chapman, Matt",chapm001,3,1,1B,1B,1,home_run,6,1,5
2025-04-17,PHI202504170,SFN,"Schmitt, Casey",schmc003,3,1,empty,empty,1,strikeout,6,3,5
2025-04-17,PHI202504170,SFN,"Fitzgerald, Tyler",fitzt001,3,2,empty,empty,1,strikeout,6,3,5
2025-04-17,PHI202504170,SFN,"Yastrzemski, Mike",yastm001,3,0,empty,empty,1,hit_by_pitch,7,3,5
2025-04-17,PHI202504170,SFN,"Huff, Sam",huffs001,3,0,1B,1B,1,strikeout,7,3,5
2025-04-17,PHI202504170,SFN,"Koss, Christian",kossc001,3,1,1B,1B,1,strikeout,7,3,5
2025-04-17,PHI202504170,SFN,"Matos, Luis",matol002,4,2,1B,1B,1,field_out,7,3,5
2025-04-17,PHI202504170,SFN,"Adames, Willy",adamw002,4,0,empty,empty,1,strikeout,8,3,5
2025-04-17,PHI202504170,SFN,"Ramos, Heliot",ramoh002,4,1,empty,empty,1,strikeout,8,3,5
2025-04-17,PHI202504170,SFN,"Chapman, Matt",chapm001,4,2,empty,empty,1,field_out,8,3,5
2025-04-17,PHI202504170,SFN,"Schmitt, Casey",schmc003,4,0,empty,empty,1,field_out,9,3,6
2025-04-17,PHI202504170,SFN,"Fitzgerald, Tyler",fitzt001,4,1,empty,empty,1,home_run,9,3,6
2025-04-17,PHI202504170,SFN,"Flores, Wilmer",florw001,1,1,empty,empty,1,field_out,9,4,6
2025-04-17,PHI202504170,SFN,"Lee, Jung Hoo",lee-j001,1,2,empty,empty,1,single,9,4,6
2025-04-17,PHI202504170,SFN,"Koss, Christian",kossc001,4,2,1B,1B,1,field_out,9,4,6
2025-04-18,ANA202504180,SFN,"Ramos, Heliot",ramoh002,1,0,empty,empty,1,strikeout,1,0,0
2025-04-18,ANA202504180,SFN,"Adames, Willy",adamw002,1,1,empty,empty,1,field_out,1,0,0
2025-04-18,ANA202504180,SFN,"Lee, Jung Hoo",lee-j001,1,2,empty,empty,1,single,1,0,0
2025-04-18,ANA202504180,SFN,"Chapman, Matt",chapm001,1,2,1B,1B,1,walk,1,0,0
2025-04-18,ANA202504180,SFN,"Flores, Wilmer",florw001,1,2,1B+2B,1B+2B,1,field_out,1,0,0
2025-04-18,ANA202504180,SFN,"Yastrzemski, Mike",yastm001,1,0,empty,empty,1,field_out,2,0,0
2025-04-18,ANA202504180,SFN,"Bailey, Patrick",bailp001,1,1,empty,empty,1,field_out,2,0,0
2025-04-18,ANA202504180,SFN,"Fitzgerald, Tyler",fitzt001,1,2,empty,empty,1,strikeout,2,0,0
2025-04-18,ANA202504180,SFN,"Wade, LaMonte",wadel001,1,0,empty,empty,1,field_out,3,0,2
2025-04-18,ANA202504180,SFN,"Ramos, Heliot",ramoh002,2,1,empty,empty,1,single,3,0,2
2025-04-18,ANA202504180,SFN,"Adames, Willy",adamw002,2,1,1B,1B,1,field_out,3,0,2
2025-04-18,ANA202504180,SFN,"Lee, Jung Hoo",lee-j001,2,2,1B,1B,1,single,3,0,2
2025-04-18,ANA202504180,SFN,"Chapman, Matt",chapm001,2,2,1B+2B,1B+2B,1,strikeout,3,0,2
2025-04-18,ANA202504180,SFN,"Flores, Wilmer",florw001,2,0,empty,empty,1,field_out,4,0,2
2025-04-18,ANA202504180,SFN,"Yastrzemski, Mike",yastm001,2,1,empty,empty,1,strikeout,4,0,2
2025-04-18,ANA202504180,SFN,"Bailey, Patrick",bailp001,2,2,empty,empty,1,field_out,4,0,2
2025-04-18,ANA202504180,SFN,"Fitzgerald, Tyler",fitzt001,2,0,empty,empty,1,field_out,5,0,2
2025-04-18,ANA202504180,SFN,"Wade, LaMonte",wadel001,2,1,empty,empty,1,field_out,5,0,2
2025-04-18,ANA202504180,SFN,"Ramos, Heliot",ramoh002,3,2,empty,empty,1,field_out,5,0,2
2025-04-18,ANA202504180,SFN,"Adames, Willy",adamw002,3,0,empty,empty,1,strikeout,6,0,2
2025-04-18,ANA202504180,SFN,"Lee, Jung Hoo",lee-j001,3,1,empty,empty,1,field_out,6,0,2
2025-04-18,ANA202504180,SFN,"Chapman, Matt",chapm001,3,2,empty,empty,1,walk,6,0,2
2025-04-18,ANA202504180,SFN,"Flores, Wilmer",florw001,3,2,1B,1B,1,strikeout,6,0,2
2025-04-18,ANA202504180,SFN,"Yastrzemski, Mike",yastm001,3,0,empty,empty,1,field_out,7,0,2
2025-04-18,ANA202504180,SFN,"Bailey, Patrick",bailp001,3,1,empty,empty,1,field_out,7,0,2
2025-04-18,ANA202504180,SFN,"Fitzgerald, Tyler",fitzt001,3,2,empty,empty,1,single,7,0,2
2025-04-18,ANA202504180,SFN,"Wade, LaMonte",wadel001,3,2,1B,1B,1,field_out,7,0,2
2025-04-18,ANA202504180,SFN,"Ramos, Heliot",ramoh002,4,0,empty,empty,1,field_out,8,0,2
2025-04-18,ANA202504180,SFN,"Adames, Willy",adamw002,4,1,empty,empty,1,strikeout,8,0,2
2025-04-18,ANA202504180,SFN,"Lee, Jung Hoo",lee-j001,4,2,empty,empty,1,walk,8,0,2
2025-04-18,ANA202504180,SFN,"Chapman, Matt",chapm001,4,2,1B,1B,1,strikeout,8,0,2
2025-04-18,ANA202504180,SFN,"Flores, Wilmer",florw001,4,0,empty,empty,1,field_out,9,0,2
2025-04-18,ANA202504180,SFN,"Yastrzemski, Mike",yastm001,4,1,empty,empty,1,field_out,9,0,2
2025-04-18,ANA202504180,SFN,"Bailey, Patrick",bailp001,4,2,empty,empty,1,field_out,9,0,2
2025-04-19,ANA202504190,SFN,"Yastrzemski, Mike",yastm001,1,0,empty,empty,1,field_out,1,0,0
2025-04-19,ANA202504190,SFN,"Adames, Willy",adamw002,1,1,empty,empty,1,walk,1,0,0
2025-04-19,ANA202504190,SFN,"Lee, Jung Hoo",lee-j001,1,1,1B,1B,1,field_out,1,0,0
2025-04-19,ANA202504190,SFN,"Chapman, Matt",chapm001,1,2,2B,2B,1,home_run,1,0,0
2025-04-19,ANA202504190,SFN,"Ramos, Heliot",ramoh002,1,2,empty,empty,1,field_out,1,2,0
2025-04-19,ANA202504190,SFN,"Wade, LaMonte",wadel001,1,0,empty,empty,1,field_out,2,2,0
2025-04-19,ANA202504190,SFN,"Flores, Wilmer",florw001,1,1,empty,empty,1,field_out,2,2,0
2025-04-19,ANA202504190,SFN,"Bailey, Patrick",bailp001,1,2,empty,empty,1,field_out,2,2,0
2025-04-19,ANA202504190,SFN,"Fitzgerald, Tyler",fitzt001,1,0,empty,empty,1,field_out,3,2,0
2025-04-19,ANA202504190,SFN,"Yastrzemski, Mike",yastm001,2,1,empty,empty,1,double,3,2,0
2025-04-19,ANA202504190,SFN,"Adames, Willy",adamw002,2,1,2B,2B,1,single,3,2,0
2025-04-19,ANA202504190,SFN,"Lee, Jung Hoo",lee-j001,2,2,empty,empty,1,field_out,3,3,0
2025-04-19,ANA202504190,SFN,"Chapman, Matt",chapm001,2,0,empty,empty,1,single,4,3,0
2025-04-19,ANA202504190,SFN,"Ramos, Heliot",ramoh002,2,0,1B,1B,1,field_out,4,3,0
2025-04-19,ANA202504190,SFN,"Wade, LaMonte",wadel001,2,1,1B,2B,0,walk,4,3,0
2025-04-19,ANA202504190,SFN,"Flores, Wilmer",florw001,2,1,1B+2B,1B+2B,1,strikeout,4,3,0
2025-04-19,ANA202504190,SFN,"Bailey, Patrick",bailp001,2,2,1B+2B,1B+2B,1,field_out,4,3,0
2025-04-19,ANA202504190,SFN,"Fitzgerald, Tyler",fitzt001,2,0,empty,empty,1,field_out,5,3,1
2025-04-19,ANA202504190,SFN,"Yastrzemski, Mike",yastm001,3,1,empty,empty,1,field_out,5,3,1
2025-04-19,ANA202504190,SFN,"Adames, Willy",adamw002,3,2,empty,empty,1,field_out,5,3,1
2025-04-19,ANA202504190,SFN,"Lee, Jung Hoo",lee-j001,3,0,empty,empty,1,field_out,6,3,1
2025-04-19,ANA202504190,SFN,"Chapman, Matt",chapm001,3,1,empty,empty,1,walk,6,3,1
2025-04-19,ANA202504190,SFN,"Ramos, Heliot",ramoh002,3,1,1B,1B,1,field_out,6,3,1
2025-04-19,ANA202504190,SFN,"Wade, LaMonte",wadel001,3,2,2B,2B,1,field_out,6,3,1
2025-04-19,ANA202504190,SFN,"Flores, Wilmer",florw001,3,0,empty,empty,1,field_out,7,3,2
2025-04-19,ANA202504190,SFN,"Bailey, Patrick",bailp001,3,1,empty,empty,1,strikeout,7,3,2
2025-04-19,ANA202504190,SFN,"Fitzgerald, Tyler",fitzt001,3,2,empty,empty,1,strikeout,7,3,2
2025-04-19,ANA202504190,SFN,"Yastrzemski, Mike",yastm001,4,0,empty,empty,1,field_out,8,3,2
2025-04-19,ANA202504190,SFN,"Adames, Willy",adamw002,4,1,empty,empty,1,field_out,8,3,2
2025-04-19,ANA202504190,SFN,"Lee, Jung Hoo",lee-j001,4,2,empty,empty,1,single,8,3,2
2025-04-19,ANA202504190,SFN,"Chapman, Matt",chapm001,4,2,1B,1B,1,field_out,8,3,2
2025-04-19,ANA202504190,SFN,"Ramos, Heliot",ramoh002,4,0,empty,empty,1,field_out,9,3,2
2025-04-19,ANA202504190,SFN,"Wade, LaMonte",wadel001,4,1,empty,empty,1,field_out,9,3,2
2025-04-19,ANA202504190,SFN,"Flores, Wilmer",florw001,4,2,empty,empty,1,field_out,9,3,2
2025-04-20,ANA202504200,SFN,"Ramos, Heliot",ramoh002,1,0,empty,empty,1,single,1,0,0
2025-04-20,ANA202504200,SFN,"Adames, Willy",adamw002,1,0,1B,1B,1,strikeout,1,0,0
2025-04-20,ANA202504200,SFN,"Lee, Jung Hoo",lee-j001,1,1,1B,1B,1,field_out,1,0,0
2025-04-20,ANA202504200,SFN,"Chapman, Matt",chapm001,1,2,1B,1B,1,field_out,1,0,0
2025-04-20,ANA202504200,SFN,"Flores, Wilmer",florw001,1,0,empty,empty,1,field_out,2,0,0
2025-04-20,ANA202504200,SFN,"Matos, Luis",matol002,1,1,empty,empty,1,field_out,2,0,0
2025-04-20,ANA202504200,SFN,"Fitzgerald, Tyler",fitzt001,1,2,empty,empty,1,field_out,2,0,0
2025-04-20,ANA202504200,SFN,"Villar, David",villd001,1,0,empty,empty,1,field_out,3,0,0
2025-04-20,ANA202504200,SFN,"Huff, Sam",huffs001,1,1,empty,empty,1,single,3,0,0
2025-04-20,ANA202504200,SFN,"Ramos, Heliot",ramoh002,2,1,1B,1B,1,walk,3,0,0
2025-04-20,ANA202504200,SFN,"Adames, Willy",adamw002,2,1,1B+2B,1B+2B,1,field_out,3,0,0
2025-04-20,ANA202504200,SFN,"Lee, Jung Hoo",lee-j001,2,2,1B+2B,1B+2B,1,field_out,3,0,0
2025-04-20,ANA202504200,SFN,"Chapman, Matt",chapm001,2,0,empty,empty,1,walk,4,0,0
2025-04-20,ANA202504200,SFN,"Flores, Wilmer",florw001,2,0,1B,1B,1,strikeout,4,0,0
2025-04-20,ANA202504200,SFN,"Matos, Luis",matol002,2,1,1B,1B,1,field_out,4,0,0
2025-04-20,ANA202504200,SFN,"Fitzgerald, Tyler",fitzt001,2,2,1B,1B,1,single,4,0,0
2025-04-20,ANA202504200,SFN,"Villar, David",villd001,2,2,1B+3B,1B+3B,1,field_out,4,0,0
2025-04-20,ANA202504200,SFN,"Huff, Sam",huffs001,2,0,empty,empty,1,strikeout,5,0,0
2025-04-20,ANA202504200,SFN,"Ramos, Heliot",ramoh002,3,1,empty,empty,1,double,5,0,0
2025-04-20,ANA202504200,SFN,"Adames, Willy",adamw002,3,1,3B,3B,1,single,5,0,0
2025-04-20,ANA202504200,SFN,"Lee, Jung Hoo",lee-j001,3,1,1B,1B,1,strikeout,5,1,0
2025-04-20,ANA202504200,SFN,"Chapman, Matt",chapm001,3,2,1B,1B,1,walk,5,1,0
2025-04-20,ANA202504200,SFN,"Flores, Wilmer",florw001,3,2,1B+2B,1B+2B,1,strikeout,5,1,0
2025-04-20,ANA202504200,SFN,"Matos, Luis",matol002,3,0,empty,empty,1,strikeout,6,1,1
2025-04-20,ANA202504200,SFN,"Fitzgerald, Tyler",fitzt001,3,1,empty,empty,1,walk,6,1,1
2025-04-20,ANA202504200,SFN,"Villar, David",villd001,3,2,1B,empty,0,single,6,1,1
2025-04-20,ANA202504200,SFN,"Huff, Sam",huffs001,3,2,1B,1B,1,home_run,6,1,1
2025-04-20,ANA202504200,SFN,"Ramos, Heliot",ramoh002,4,2,empty,empty,1,walk,6,3,1
2025-04-20,ANA202504200,SFN,"Adames, Willy",adamw002,4,2,1B,1B,1,strikeout,6,3,1
2025-04-20,ANA202504200,SFN,"Lee, Jung Hoo",lee-j001,4,0,empty,empty,1,field_out,7,3,1
2025-04-20,ANA202504200,SFN,"Chapman, Matt",chapm001,4,1,empty,empty,1,field_out,7,3,1
2025-04-20,ANA202504200,SFN,"Flores, Wilmer",florw001,4,2,empty,empty,1,walk,7,3,1
2025-04-20,ANA202504200,SFN,"Matos, Luis",matol002,4,2,1B,1B,1,field_out,7,3,1
2025-04-20,ANA202504200,SFN,"Fitzgerald, Tyler",fitzt001,4,0,empty,empty,1,walk,8,3,1
2025-04-20,ANA202504200,SFN,"Villar, David",villd001,4,0,1B,1B,1,strikeout,8,3,1
2025-04-20,ANA202504200,SFN,"Huff, Sam",huffs001,4,1,2B,2B,1,walk,8,3,1
2025-04-20,ANA202504200,SFN,"Ramos, Heliot",ramoh002,5,1,1B+2B,1B+2B,1,field_out,8,3,1
2025-04-20,ANA202504200,SFN,"Adames, Willy",adamw002,5,2,1B+3B,1B+3B,1,single,8,3,1
2025-04-20,ANA202504200,SFN,"Lee, Jung Hoo",lee-j001,5,2,1B+2B,1B+2B,1,field_out,8,4,1
2025-04-20,ANA202504200,SFN,"Chapman, Matt",chapm001,5,0,empty,empty,1,field_out,9,4,1
2025-04-20,ANA202504200,SFN,"Flores, Wilmer",florw001,5,1,empty,empty,1,strikeout,9,4,1
2025-04-20,ANA202504200,SFN,"Matos, Luis",matol002,5,2,empty,empty,1,field_out,9,4,1
2025-04-21,SFN202504210,SFN,"Yastrzemski, Mike",yastm001,1,0,empty,empty,1,walk,1,0,0
2025-04-21,SFN202504210,SFN,"Adames, Willy",adamw002,1,0,1B,1B,1,strikeout_double_play,1,0,0
2025-04-21,SFN202504210,SFN,"Lee, Jung Hoo",lee-j001,1,2,empty,empty,1,field_out,1,0,0
2025-04-21,SFN202504210,SFN,"Chapman, Matt",chapm001,1,0,empty,empty,1,walk,2,0,2
2025-04-21,SFN202504210,SFN,"Ramos, Heliot",ramoh002,1,0,1B,2B,0,fielders_choice,2,0,2
2025-04-21,SFN202504210,SFN,"Wade, LaMonte",wadel001,1,0,1B+2B,1B+2B,1,field_out,2,0,2
2025-04-21,SFN202504210,SFN,"Flores, Wilmer",florw001,1,2,1B+2B,1B,0,walk,2,0,2
2025-04-21,SFN202504210,SFN,"Bailey, Patrick",bailp001,1,2,1B+2B,1B+2B,1,single,2,0,2
2025-04-21,SFN202504210,SFN,"Fitzgerald, Tyler",fitzt001,1,2,1B+2B,1B+2B,1,single,2,1,2
2025-04-21,SFN202504210,SFN,"Yastrzemski, Mike",yastm001,2,2,1B+2B+3B,1B+2B+3B,1,field_out,2,1,2
2025-04-21,SFN202504210,SFN,"Adames, Willy",adamw002,2,0,empty,empty,1,field_out,3,1,2
2025-04-21,SFN202504210,SFN,"Lee, Jung Hoo",lee-j001,2,1,empty,empty,1,field_out,3,1,2
2025-04-21,SFN202504210,SFN,"Chapman, Matt",chapm001,2,2,empty,empty,1,strikeout,3,1,2
2025-04-21,SFN202504210,SFN,"Ramos, Heliot",ramoh002,2,0,empty,empty,1,field_out,4,1,2
2025-04-21,SFN202504210,SFN,"Wade, LaMonte",wadel001,2,1,empty,empty,1,single,4,1,2
2025-04-21,SFN202504210,SFN,"Flores, Wilmer",florw001,2,1,1B,1B,1,field_out,4,1,2
2025-04-21,SFN202504210,SFN,"Bailey, Patrick",bailp001,2,2,2B,2B,1,strikeout,4,1,2
2025-04-21,SFN202504210,SFN,"Fitzgerald, Tyler",fitzt001,2,0,empty,empty,1,single,5,1,2
2025-04-21,SFN202504210,SFN,"Yastrzemski, Mike",yastm001,3,0,1B,1B,1,walk,5,1,2
2025-04-21,SFN202504210,SFN,"Adames, Willy",adamw002,3,0,1B+2B,1B+2B,1,field_out,5,1,2
2025-04-21,SFN202504210,SFN,"Lee, Jung Hoo",lee-j001,3,1,1B,1B,1,field_out,5,2,2
2025-04-21,SFN202504210,SFN,"Chapman, Matt",chapm001,3,2,1B,1B,1,field_out,5,2,2
2025-04-21,SFN202504210,SFN,"Ramos, Heliot",ramoh002,3,0,empty,empty,1,field_out,6,2,2
2025-04-21,SFN202504210,SFN,"Wade, LaMonte",wadel001,3,1,empty,empty,1,strikeout,6,2,2
2025-04-21,SFN202504210,SFN,"Flores, Wilmer",florw001,3,2,empty,empty,1,home_run,6,2,2
2025-04-21,SFN202504210,SFN,"Bailey, Patrick",bailp001,3,2,empty,empty,1,strikeout,6,3,2
2025-04-21,SFN202504210,SFN,"Fitzgerald, Tyler",fitzt001,3,0,empty,empty,1,field_out,7,3,2
2025-04-21,SFN202504210,SFN,"Yastrzemski, Mike",yastm001,4,1,empty,empty,1,single,7,3,2
2025-04-21,SFN202504210,SFN,"Adames, Willy",adamw002,4,1,1B,1B,1,field_out,7,3,2
2025-04-21,SFN202504210,SFN,"Lee, Jung Hoo",lee-j001,4,2,1B,1B,1,triple,7,3,2
2025-04-21,SFN202504210,SFN,"Chapman, Matt",chapm001,4,2,3B,3B,1,field_out,7,4,2
2025-04-21,SFN202504210,SFN,"Ramos, Heliot",ramoh002,4,0,empty,empty,1,strikeout,8,4,2
2025-04-21,SFN202504210,SFN,"Wade, LaMonte",wadel001,4,1,empty,empty,1,walk,8,4,2
2025-04-21,SFN202504210,SFN,"Flores, Wilmer",florw001,4,1,1B,1B,1,single,8,4,2
2025-04-21,SFN202504210,SFN,"Bailey, Patrick",bailp001,4,1,1B+3B,1B+3B,1,sac_fly,8,4,2
2025-04-22,SFN202504220,SFN,"Ramos, Heliot",ramoh002,1,0,empty,empty,1,strikeout,1,0,0
2025-04-22,SFN202504220,SFN,"Adames, Willy",adamw002,1,1,empty,empty,1,field_out,1,0,0
2025-04-22,SFN202504220,SFN,"Lee, Jung Hoo",lee-j001,1,2,empty,empty,1,field_out,1,0,0
2025-04-22,SFN202504220,SFN,"Chapman, Matt",chapm001,1,0,empty,empty,1,field_out,2,0,0
2025-04-22,SFN202504220,SFN,"Flores, Wilmer",florw001,1,1,empty,empty,1,single,2,0,0
2025-04-22,SFN202504220,SFN,"Matos, Luis",matol002,1,1,1B,1B,1,grounded_into_double_play,2,0,0
2025-04-22,SFN202504220,SFN,"Villar, David",villd001,1,0,empty,empty,1,double,3,0,3
2025-04-22,SFN202504220,SFN,"Bailey, Patrick",bailp001,1,0,2B,2B,1,field_out,3,0,3
2025-04-22,SFN202504220,SFN,"Fitzgerald, Tyler",fitzt001,1,1,3B,3B,1,single,3,0,3
2025-04-22,SFN202504220,SFN,"Ramos, Heliot",ramoh002,2,1,1B,1B,1,single,3,1,3
2025-04-22,SFN202504220,SFN,"Adames, Willy",adamw002,2,1,1B+2B,1B+2B,1,field_out,3,1,3
2025-04-22,SFN202504220,SFN,"Lee, Jung Hoo",lee-j001,2,2,1B+3B,1B+3B,1,strikeout,3,1,3
2025-04-22,SFN202504220,SFN,"Chapman, Matt",chapm001,2,0,empty,empty,1,field_out,4,1,3
2025-04-22,SFN202504220,SFN,"Flores, Wilmer",florw001,2,1,empty,empty,1,single,4,1,3
2025-04-22,SFN202504220,SFN,"Matos, Luis",matol002,2,1,1B,1B,1,grounded_into_double_play,4,1,3
2025-04-22,SFN202504220,SFN,"Villar, David",villd001,2,0,empty,empty,1,field_out,5,1,3
2025-04-22,SFN202504220,SFN,"Bailey, Patrick",bailp001,2,1,empty,empty,1,field_out,5,1,3
2025-04-22,SFN202504220,SFN,"Fitzgerald, Tyler",fitzt001,2,2,empty,empty,1,strikeout,5,1,3
2025-04-22,SFN202504220,SFN,"Ramos, Heliot",ramoh002,3,0,empty,empty,1,field_out,6,1,11
2025-04-22,SFN202504220,SFN,"Adames, Willy",adamw002,3,1,empty,empty,1,walk,6,1,11
2025-04-22,SFN202504220,SFN,"Lee, Jung Hoo",lee-j001,3,1,1B,1B,1,field_out,6,1,11
2025-04-22,SFN202504220,SFN,"Chapman, Matt",chapm001,3,2,1B,1B,1,double,6,1,11
2025-04-22,SFN202504220,SFN,"Flores, Wilmer",florw001,3,2,2B+3B,2B+3B,1,walk,6,1,11
2025-04-22,SFN202504220,SFN,"Matos, Luis",matol002,3,2,1B+2B+3B,1B+2B+3B,1,field_out,6,1,11
2025-04-22,SFN202504220,SFN,"Villar, David",villd001,3,0,empty,empty,1,walk,7,1,11
2025-04-22,SFN202504220,SFN,"Bailey, Patrick",bailp001,3,0,1B,1B,1,single,7,1,11
2025-04-22,SFN202504220,SFN,"Fitzgerald, Tyler",fitzt001,3,0,1B+2B,1B+2B,1,field_out,7,1,11
2025-04-22,SFN202504220,SFN,"Ramos, Heliot",ramoh002,4,1,2B+3B,2B+3B,1,sac_fly,7,1,11
2025-04-22,SFN202504220,SFN,"Adames, Willy",adamw002,4,2,2B,2B,1,field_out,7,2,11
2025-04-22,SFN202504220,SFN,"Lee, Jung Hoo",lee-j001,4,0,empty,empty,1,walk,8,2,11
2025-04-22,SFN202504220,SFN,"Koss, Christian",kossc001,1,0,1B,1B,1,hit_by_pitch,8,2,11
2025-04-22,SFN202504220,SFN,"Flores, Wilmer",florw001,4,0,1B+2B,1B+2B,1,single,8,2,11
2025-04-22,SFN202504220,SFN,"Matos, Luis",matol002,4,0,1B+3B,1B+3B,1,strikeout,8,3,11
2025-04-22,SFN202504220,SFN,"Villar, David",villd001,4,1,1B+3B,1B+3B,1,grounded_into_double_play,8,3,11
2025-04-22,SFN202504220,SFN,"Huff, Sam",huffs001,1,0,empty,empty,1,single,9,3,11
2025-04-22,SFN202504220,SFN,"Fitzgerald, Tyler",fitzt001,4,1,empty,empty,1,field_out,9,3,11
2025-04-22,SFN202504220,SFN,"Ramos, Heliot",ramoh002,5,2,empty,empty,1,single,9,3,11
2025-04-22,SFN202504220,SFN,"Adames, Willy",adamw002,5,2,1B,1B,1,single,9,3,11
2025-04-22,SFN202504220,SFN,"Lee, Jung Hoo",lee-j001,5,2,1B+2B,1B+2B,1,field_out,9,3,11
2025-04-23,SFN202504230,SFN,"Yastrzemski, Mike",yastm001,1,0,empty,empty,1,field_out,1,0,0
2025-04-23,SFN202504230,SFN,"Adames, Willy",adamw002,1,1,empty,empty,1,field_out,1,0,0
2025-04-23,SFN202504230,SFN,"Lee, Jung Hoo",lee-j001,1,2,empty,empty,1,single,1,0,0
2025-04-23,SFN202504230,SFN,"Chapman, Matt",chapm001,1,2,1B,1B,1,strikeout,1,0,0
2025-04-23,SFN202504230,SFN,"Flores, Wilmer",florw001,1,0,empty,empty,1,strikeout,2,0,0
2025-04-23,SFN202504230,SFN,"Ramos, Heliot",ramoh002,1,1,empty,empty,1,field_out,2,0,0
2025-04-23,SFN202504230,SFN,"Wade, LaMonte",wadel001,1,2,empty,empty,1,walk,2,0,0
2025-04-23,SFN202504230,SFN,"Bailey, Patrick",bailp001,1,2,1B,1B,1,field_out,2,0,0
2025-04-23,SFN202504230,SFN,"Koss, Christian",kossc001,1,0,empty,empty,1,field_out,3,0,0
2025-04-23,SFN202504230,SFN,"Yastrzemski, Mike",yastm001,2,1,empty,empty,1,field_out,3,0,0
2025-04-23,SFN202504230,SFN,"Adames, Willy",adamw002,2,2,empty,empty,1,field_out,3,0,0
2025-04-23,SFN202504230,SFN,"Lee, Jung Hoo",lee-j001,2,0,empty,empty,1,field_out,4,0,0
2025-04-23,SFN202504230,SFN,"Chapman, Matt",chapm001,2,1,empty,empty,1,field_out,4,0,0
2025-04-23,SFN202504230,SFN,"Flores, Wilmer",florw001,2,2,empty,empty,1,single,4,0,0
2025-04-23,SFN202504230,SFN,"Ramos, Heliot",ramoh002,2,2,1B,1B,1,single,4,0,0
2025-04-23,SFN202504230,SFN,"Wade, LaMonte",wadel001,2,2,1B+2B,1B+2B,1,field_out,4,0,0
2025-04-23,SFN202504230,SFN,"Bailey, Patrick",bailp001,2,0,empty,empty,1,strikeout,5,0,0
2025-04-23,SFN202504230,SFN,"Koss, Christian",kossc001,2,1,empty,empty,1,field_out,5,0,0
2025-04-23,SFN202504230,SFN,"Yastrzemski, Mike",yastm001,3,2,empty,empty,1,field_out,5,0,0
2025-04-23,SFN202504230,SFN,"Adames, Willy",adamw002,3,0,empty,empty,1,single,6,0,0
2025-04-23,SFN202504230,SFN,"Lee, Jung Hoo",lee-j001,3,0,1B,1B,1,single,6,0,0
2025-04-23,SFN202504230,SFN,"Chapman, Matt",chapm001,3,0,1B+2B,1B+2B,1,walk,6,0,0
2025-04-23,SFN202504230,SFN,"Flores, Wilmer",florw001,3,0,1B+2B+3B,1B+2B+3B,1,single,6,0,0
2025-04-23,SFN202504230,SFN,"Ramos, Heliot",ramoh002,3,0,1B+3B,1B+3B,1,strikeout,6,2,0
2025-04-23,SFN202504230,SFN,"Wade, LaMonte",wadel001,3,1,1B+3B,1B+3B,1,fielders_choice,6,2,0
2025-04-23,SFN202504230,SFN,"Bailey, Patrick",bailp001,3,1,1B+2B,1B+2B,1,strikeout,6,3,0
2025-04-23,SFN202504230,SFN,"Koss, Christian",kossc001,3,2,1B+2B,1B+2B,1,single,6,3,0
2025-04-23,SFN202504230,SFN,"Yastrzemski, Mike",yastm001,4,2,1B+3B,1B+3B,1,field_out,6,4,0
2025-04-23,SFN202504230,SFN,"Adames, Willy",adamw002,4,0,empty,empty,1,strikeout,7,4,0
2025-04-23,SFN202504230,SFN,"Lee, Jung Hoo",lee-j001,4,1,empty,empty,1,single,7,4,0
2025-04-23,SFN202504230,SFN,"Chapman, Matt",chapm001,4,1,1B,1B,1,walk,7,4,0
2025-04-23,SFN202504230,SFN,"Flores, Wilmer",florw001,4,2,1B+2B,1B,0,field_out,7,4,0
2025-04-23,SFN202504230,SFN,"Ramos, Heliot",ramoh002,4,0,empty,empty,1,field_out,8,4,0
2025-04-23,SFN202504230,SFN,"Wade, LaMonte",wadel001,4,1,empty,empty,1,field_out,8,4,0
2025-04-23,SFN202504230,SFN,"Bailey, Patrick",bailp001,4,2,empty,empty,1,strikeout,8,4,0
2025-04-24,SFN202504240,SFN,"Yastrzemski, Mike",yastm001,1,0,empty,empty,1,single,1,0,1
2025-04-24,SFN202504240,SFN,"Adames, Willy",adamw002,1,0,1B,2B,0,field_out,1,0,1
2025-04-24,SFN202504240,SFN,"Lee, Jung Hoo",lee-j001,1,1,2B,2B,1,double,1,0,1
2025-04-24,SFN202504240,SFN,"Chapman, Matt",chapm001,1,1,2B,2B,1,field_out,1,1,1
2025-04-24,SFN202504240,SFN,"Ramos, Heliot",ramoh002,1,2,2B,2B,1,strikeout,1,1,1
2025-04-24,SFN202504240,SFN,"Wade, LaMonte",wadel001,1,0,empty,empty,1,walk,2,1,2
2025-04-24,SFN202504240,SFN,"Fitzgerald, Tyler",fitzt001,1,0,1B,1B,1,field_out,2,1,2
2025-04-24,SFN202504240,SFN,"Huff, Sam",huffs001,1,1,1B,1B,1,field_out,2,1,2
2025-04-24,SFN202504240,SFN,"Matos, Luis",matol002,1,2,2B,2B,1,field_out,2,1,2
2025-04-24,SFN202504240,SFN,"Yastrzemski, Mike",yastm001,2,0,empty,empty,1,home_run,3,1,2
2025-04-24,SFN202504240,SFN,"Adames, Willy",adamw002,2,0,empty,empty,1,walk,3,2,2
2025-04-24,SFN202504240,SFN,"Lee, Jung Hoo",lee-j001,2,0,1B,1B,1,walk,3,2,2
2025-04-24,SFN202504240,SFN,"Chapman, Matt",chapm001,2,0,1B+2B,1B+2B,1,strikeout,3,2,2
2025-04-24,SFN202504240,SFN,"Ramos, Heliot",ramoh002,2,1,1B+2B,1B+2B,1,field_out,3,2,2
2025-04-24,SFN202504240,SFN,"Wade, LaMonte",wadel001,2,2,1B+2B,1B+2B,1,field_out,3,2,2
2025-04-24,SFN202504240,SFN,"Fitzgerald, Tyler",fitzt001,2,0,empty,empty,1,field_out,4,2,5
2025-04-24,SFN202504240,SFN,"Huff, Sam",huffs001,2,1,empty,empty,1,field_out,4,2,5
2025-04-24,SFN202504240,SFN,"Matos, Luis",matol002,2,2,empty,empty,1,single,4,2,5
2025-04-24,SFN202504240,SFN,"Yastrzemski, Mike",yastm001,3,2,1B,1B,1,walk,4,2,5
2025-04-24,SFN202504240,SFN,"Adames, Willy",adamw002,3,2,1B+2B,1B+2B,1,field_out,4,2,5
2025-04-24,SFN202504240,SFN,"Lee, Jung Hoo",lee-j001,3,0,empty,empty,1,walk,5,2,5
2025-04-24,SFN202504240,SFN,"Chapman, Matt",chapm001,3,0,1B,1B,1,home_run,5,2,5
2025-04-24,SFN202504240,SFN,"Ramos, Heliot",ramoh002,3,0,empty,empty,1,walk,5,4,5
2025-04-24,SFN202504240,SFN,"Wade, LaMonte",wadel001,3,0,1B,1B,1,field_out,5,4,5
2025-04-24,SFN202504240,SFN,"Fitzgerald, Tyler",fitzt001,3,1,1B,1B,1,field_out,5,4,5
2025-04-24,SFN202504240,SFN,"Huff, Sam",huffs001,3,2,1B,1B,1,field_out,5,4,5
2025-04-24,SFN202504240,SFN,"Matos, Luis",matol002,3,0,empty,empty,1,field_out,6,4,5
2025-04-24,SFN202504240,SFN,"Yastrzemski, Mike",yastm001,4,1,empty,empty,1,field_out,6,4,5
2025-04-24,SFN202504240,SFN,"Adames, Willy",adamw002,4,2,empty,empty,1,single,6,4,5
2025-04-24,SFN202504240,SFN,"Lee, Jung Hoo",lee-j001,4,2,1B,1B,1,field_out,6,4,5
2025-04-24,SFN202504240,SFN,"Chapman, Matt",chapm001,4,0,empty,empty,1,field_out,7,4,5
2025-04-24,SFN202504240,SFN,"Ramos, Heliot",ramoh002,4,1,empty,empty,1,strikeout,7,4,5
2025-04-24,SFN202504240,SFN,"Wade, LaMonte",wadel001,4,2,empty,empty,1,field_out,7,4,5
2025-04-24,SFN202504240,SFN,"Fitzgerald, Tyler",fitzt001,4,0,empty,empty,1,walk,8,4,5
2025-04-24,SFN202504240,SFN,"Flores, Wilmer",florw001,1,0,1B,1B,1,single,8,4,5
2025-04-24,SFN202504240,SFN,"Matos, Luis",matol002,4,0,1B+3B,1B+3B,1,field_out,8,4,5
2025-04-24,SFN202504240,SFN,"Yastrzemski, Mike",yastm001,5,1,2B+3B,2B+3B,1,fielders_choice,8,4,5
2025-04-24,SFN202504240,SFN,"Adames, Willy",adamw002,5,1,1B+3B,1B+3B,1,sac_fly,8,5,5
2025-04-24,SFN202504240,SFN,"Lee, Jung Hoo",lee-j001,5,1,1B+2B,1B+2B,1,field_out,8,6,5
2025-04-24,SFN202504240,SFN,"Chapman, Matt",chapm001,5,2,1B+2B,1B+2B,1,strikeout,8,6,5
2025-04-25,SFN202504250,SFN,"Yastrzemski, Mike",yastm001,1,0,empty,empty,1,field_out,1,0,0
2025-04-25,SFN202504250,SFN,"Adames, Willy",adamw002,1,1,empty,empty,1,field_out,1,0,0
2025-04-25,SFN202504250,SFN,"Lee, Jung Hoo",lee-j001,1,2,empty,empty,1,single,1,0,0
2025-04-25,SFN202504250,SFN,"Chapman, Matt",chapm001,1,2,1B,1B,1,field_out,1,0,0
2025-04-25,SFN202504250,SFN,"Flores, Wilmer",florw001,1,0,empty,empty,1,field_out,2,0,0
2025-04-25,SFN202504250,SFN,"Ramos, Heliot",ramoh002,1,1,empty,empty,1,walk,2,0,0
2025-04-25,SFN202504250,SFN,"Wade, LaMonte",wadel001,1,1,1B,1B,1,field_out,2,0,0
2025-04-25,SFN202504250,SFN,"Bailey, Patrick",bailp001,1,2,1B,1B,1,field_out,2,0,0
2025-04-25,SFN202504250,SFN,"Fitzgerald, Tyler",fitzt001,1,0,empty,empty,1,field_out,3,0,1
2025-04-25,SFN202504250,SFN,"Yastrzemski, Mike",yastm001,2,1,empty,empty,1,strikeout,3,0,1
2025-04-25,SFN202504250,SFN,"Adames, Willy",adamw002,2,2,empty,empty,1,single,3,0,1
2025-04-25,SFN202504250,SFN,"Lee, Jung Hoo",lee-j001,2,2,1B,1B,1,strikeout,3,0,1
2025-04-25,SFN202504250,SFN,"Chapman, Matt",chapm001,2,0,empty,empty,1,strikeout,4,0,1
2025-04-25,SFN202504250,SFN,"Flores, Wilmer",florw001,2,1,empty,empty,1,strikeout,4,0,1
2025-04-25,SFN202504250,SFN,"Ramos, Heliot",ramoh002,2,2,empty,empty,1,field_out,4,0,1
2025-04-25,SFN202504250,SFN,"Wade, LaMonte",wadel001,2,0,empty,empty,1,single,5,0,1
2025-04-25,SFN202504250,SFN,"Bailey, Patrick",bailp001,2,0,1B,1B,1,field_out,5,0,1
2025-04-25,SFN202504250,SFN,"Fitzgerald, Tyler",fitzt001,2,1,1B,2B,0,field_out,5,0,1
2025-04-25,SFN202504250,SFN,"Yastrzemski, Mike",yastm001,3,2,2B,2B,1,field_out,5,0,1
2025-04-25,SFN202504250,SFN,"Adames, Willy",adamw002,3,0,empty,empty,1,strikeout,6,0,2
2025-04-25,SFN202504250,SFN,"Lee, Jung Hoo",lee-j001,3,1,empty,empty,1,strikeout,6,0,2
2025-04-25,SFN202504250,SFN,"Chapman, Matt",chapm001,3,2,empty,empty,1,strikeout,6,0,2
2025-04-25,SFN202504250,SFN,"Flores, Wilmer",florw001,3,0,empty,empty,1,single,7,0,2
2025-04-25,SFN202504250,SFN,"Ramos, Heliot",ramoh002,3,0,1B,1B,1,strikeout,7,0,2
2025-04-25,SFN202504250,SFN,"Wade, LaMonte",wadel001,3,1,1B,1B,1,field_out,7,0,2
2025-04-25,SFN202504250,SFN,"Bailey, Patrick",bailp001,3,2,1B,1B,1,strikeout,7,0,2
2025-04-25,SFN202504250,SFN,"Fitzgerald, Tyler",fitzt001,3,0,empty,empty,1,field_out,8,0,2
2025-04-25,SFN202504250,SFN,"Yastrzemski, Mike",yastm001,4,1,empty,empty,1,strikeout,8,0,2
2025-04-25,SFN202504250,SFN,"Adames, Willy",adamw002,4,2,empty,empty,1,strikeout,8,0,2
2025-04-25,SFN202504250,SFN,"Lee, Jung Hoo",lee-j001,4,0,empty,empty,1,strikeout,9,0,2
2025-04-25,SFN202504250,SFN,"Chapman, Matt",chapm001,4,1,empty,empty,1,field_out,9,0,2
2025-04-25,SFN202504250,SFN,"Flores, Wilmer",florw001,4,2,empty,empty,1,strikeout,9,0,2
2025-04-26,SFN202504260,SFN,"Yastrzemski, Mike",yastm001,1,0,empty,empty,1,single,1,0,1
2025-04-26,SFN202504260,SFN,"Adames, Willy",adamw002,1,0,1B,1B,1,grounded_into_double_play,1,0,1
2025-04-26,SFN202504260,SFN,"Lee, Jung Hoo",lee-j001,1,2,empty,empty,1,single,1,0,1
2025-04-26,SFN202504260,SFN,"Chapman, Matt",chapm001,1,2,1B,1B,1,field_out,1,0,1
2025-04-26,SFN202504260,SFN,"Flores, Wilmer",florw001,1,0,empty,empty,1,field_out,2,0,1
2025-04-26,SFN202504260,SFN,"Ramos, Heliot",ramoh002,1,1,empty,empty,1,walk,2,0,1
2025-04-26,SFN202504260,SFN,"Wade, LaMonte",wadel001,1,1,1B,1B,1,single,2,0,1
2025-04-26,SFN202504260,SFN,"Koss, Christian",kossc001,1,1,1B+2B,1B+2B,1,field_out,2,0,1
2025-04-26,SFN202504260,SFN,"Huff, Sam",huffs001,1,2,2B+3B,2B+3B,1,field_out,2,0,1
2025-04-26,SFN202504260,SFN,"Yastrzemski, Mike",yastm001,2,0,empty,empty,1,single,3,0,2
2025-04-26,SFN202504260,SFN,"Adames, Willy",adamw002,2,0,1B,1B,1,strikeout,3,0,2
2025-04-26,SFN202504260,SFN,"Lee, Jung Hoo",lee-j001,2,1,1B,1B,1,field_out,3,0,2
2025-04-26,SFN202504260,SFN,"Chapman, Matt",chapm001,2,2,1B,1B,1,field_out,3,0,2
2025-04-26,SFN202504260,SFN,"Flores, Wilmer",florw001,2,0,empty,empty,1,field_out,4,0,2
2025-04-26,SFN202504260,SFN,"Ramos, Heliot",ramoh002,2,1,empty,empty,1,single,4,0,2
2025-04-26,SFN202504260,SFN,"Wade, LaMonte",wadel001,2,1,1B,1B,1,grounded_into_double_play,4,0,2
2025-04-26,SFN202504260,SFN,"Koss, Christian",kossc001,2,0,empty,empty,1,single,5,0,2
2025-04-26,SFN202504260,SFN,"Huff, Sam",huffs001,2,0,1B,1B,1,double,5,0,2
2025-04-26,SFN202504260,SFN,"Yastrzemski, Mike",yastm001,3,0,2B+3B,2B+3B,1,field_out,5,0,2
2025-04-26,SFN202504260,SFN,"Adames, Willy",adamw002,3,1,2B+3B,2B+3B,1,single,5,0,2
2025-04-26,SFN202504260,SFN,"Lee, Jung Hoo",lee-j001,3,1,1B,1B,1,field_out,5,2,2
2025-04-26,SFN202504260,SFN,"Chapman, Matt",chapm001,3,0,1B,empty,0,single,6,2,2
2025-04-26,SFN202504260,SFN,"Flores, Wilmer",florw001,3,0,1B,1B,1,field_out,6,2,2
2025-04-26,SFN202504260,SFN,"Ramos, Heliot",ramoh002,3,1,1B,2B,0,field_out,6,2,2
2025-04-26,SFN202504260,SFN,"Wade, LaMonte",wadel001,3,2,3B,3B,1,field_out,6,2,2
2025-04-26,SFN202504260,SFN,"Koss, Christian",kossc001,3,0,empty,empty,1,strikeout,7,2,2
2025-04-26,SFN202504260,SFN,"Huff, Sam",huffs001,3,1,empty,empty,1,strikeout,7,2,2
2025-04-26,SFN202504260,SFN,"Yastrzemski, Mike",yastm001,4,2,empty,empty,1,strikeout,7,2,2
2025-04-26,SFN202504260,SFN,"Adames, Willy",adamw002,4,0,empty,empty,1,field_out,8,2,2
2025-04-26,SFN202504260,SFN,"Lee, Jung Hoo",lee-j001,4,1,empty,empty,1,field_out,8,2,2
2025-04-26,SFN202504260,SFN,"Chapman, Matt",chapm001,4,2,empty,empty,1,walk,8,2,2
2025-04-26,SFN202504260,SFN,"Flores, Wilmer",florw001,4,2,1B,1B,1,field_out,8,2,2
2025-04-26,SFN202504260,SFN,"Ramos, Heliot",ramoh002,4,0,empty,empty,1,single,9,2,2
2025-04-26,SFN202504260,SFN,"Wade, LaMonte",wadel001,4,0,1B,1B,1,walk,9,2,2
2025-04-26,SFN202504260,SFN,"Koss, Christian",kossc001,4,0,1B+2B,1B+2B,1,sac_bunt,9,2,2
2025-04-26,SFN202504260,SFN,"Bailey, Patrick",bailp001,1,1,2B+3B,2B+3B,1,single,9,2,2
2025-04-27,SFN202504270,SFN,"Yastrzemski, Mike",yastm001,1,0,empty,empty,1,field_out,1,0,2
2025-04-27,SFN202504270,SFN,"Adames, Willy",adamw002,1,1,empty,empty,1,walk,1,0,2
2025-04-27,SFN202504270,SFN,"Lee, Jung Hoo",lee-j001,1,1,1B,1B,1,single,1,0,2
2025-04-27,SFN202504270,SFN,"Chapman, Matt",chapm001,1,1,1B+3B,1B+3B,1,walk,1,0,2
2025-04-27,SFN202504270,SFN,"Flores, Wilmer",florw001,1,1,1B+2B+3B,1B+2B+3B,1,walk,1,0,2
2025-04-27,SFN202504270,SFN,"Ramos, Heliot",ramoh002,1,1,1B+2B+3B,1B+2B+3B,1,strikeout,1,1,2
2025-04-27,SFN202504270,SFN,"Wade, LaMonte",wadel001,1,2,1B+2B+3B,1B+2B+3B,1,field_out,1,1,2
2025-04-27,SFN202504270,SFN,"Bailey, Patrick",bailp001,1,0,empty,empty,1,strikeout,2,1,2
2025-04-27,SFN202504270,SFN,"Koss, Christian",kossc001,1,1,empty,empty,1,strikeout,2,1,2
2025-04-27,SFN202504270,SFN,"Yastrzemski, Mike",yastm001,2,2,empty,empty,1,field_out,2,1,2
2025-04-27,SFN202504270,SFN,"Adames, Willy",adamw002,2,0,empty,empty,1,walk,3,1,2
2025-04-27,SFN202504270,SFN,"Lee, Jung Hoo",lee-j001,2,0,1B,1B,1,field_out,3,1,2
2025-04-27,SFN202504270,SFN,"Chapman, Matt",chapm001,2,1,1B,1B,1,field_out,3,1,2
2025-04-27,SFN202504270,SFN,"Flores, Wilmer",florw001,2,2,1B,1B,1,field_out,3,1,2
2025-04-27,SFN202504270,SFN,"Ramos, Heliot",ramoh002,2,0,empty,empty,1,single,4,1,2
2025-04-27,SFN202504270,SFN,"Wade, LaMonte",wadel001,2,0,1B,2B,0,field_out,4,1,2
2025-04-27,SFN202504270,SFN,"Bailey, Patrick",bailp001,2,1,2B,2B,1,field_out,4,1,2
2025-04-27,SFN202504270,SFN,"Koss, Christian",kossc001,2,2,3B,3B,1,single,4,1,2
2025-04-27,SFN202504270,SFN,"Yastrzemski, Mike",yastm001,3,2,1B,1B,1,field_out,4,2,2
2025-04-27,SFN202504270,SFN,"Adames, Willy",adamw002,3,0,empty,empty,1,field_out,5,2,2
2025-04-27,SFN202504270,SFN,"Lee, Jung Hoo",lee-j001,3,1,empty,empty,1,field_out,5,2,2
2025-04-27,SFN202504270,SFN,"Chapman, Matt",chapm001,3,2,empty,empty,1,field_out,5,2,2
2025-04-27,SFN202504270,SFN,"Flores, Wilmer",florw001,3,0,empty,empty,1,field_out,6,2,2
2025-04-27,SFN202504270,SFN,"Ramos, Heliot",ramoh002,3,1,empty,empty,1,hit_by_pitch,6,2,2
2025-04-27,SFN202504270,SFN,"Wade, LaMonte",wadel001,3,1,1B,1B,1,double_play,6,2,2
2025-04-27,SFN202504270,SFN,"Bailey, Patrick",bailp001,3,0,empty,empty,1,field_out,7,2,2
2025-04-27,SFN202504270,SFN,"Koss, Christian",kossc001,3,1,empty,empty,1,field_out,7,2,2
2025-04-27,SFN202504270,SFN,"Yastrzemski, Mike",yastm001,4,2,empty,empty,1,single,7,2,2
2025-04-27,SFN202504270,SFN,"Adames, Willy",adamw002,4,2,1B,3B,0,field_out,7,2,2
2025-04-27,SFN202504270,SFN,"Lee, Jung Hoo",lee-j001,4,0,empty,empty,1,field_out,8,2,2
2025-04-27,SFN202504270,SFN,"Chapman, Matt",chapm001,4,1,empty,empty,1,strikeout,8,2,2
2025-04-27,SFN202504270,SFN,"Flores, Wilmer",florw001,4,2,empty,empty,1,field_out,8,2,2
2025-04-27,SFN202504270,SFN,"Ramos, Heliot",ramoh002,4,0,empty,empty,1,single,9,2,2
2025-04-29,SDN202504290,SFN,"Yastrzemski, Mike",yastm001,1,0,empty,empty,1,field_out,1,0,0
2025-04-29,SDN202504290,SFN,"Adames, Willy",adamw002,1,1,empty,empty,1,field_out,1,0,0
2025-04-29,SDN202504290,SFN,"Lee, Jung Hoo",lee-j001,1,2,empty,empty,1,field_out,1,0,0
2025-04-29,SDN202504290,SFN,"Chapman, Matt",chapm001,1,0,empty,empty,1,field_out,2,0,3
2025-04-29,SDN202504290,SFN,"Flores, Wilmer",florw001,1,1,empty,empty,1,strikeout,2,0,3
2025-04-29,SDN202504290,SFN,"Ramos, Heliot",ramoh002,1,2,empty,empty,1,strikeout,2,0,3
2025-04-29,SDN202504290,SFN,"Wade, LaMonte",wadel001,1,0,empty,empty,1,walk,3,0,3
2025-04-29,SDN202504290,SFN,"Bailey, Patrick",bailp001,1,0,1B,1B,1,strikeout,3,0,3
2025-04-29,SDN202504290,SFN,"Fitzgerald, Tyler",fitzt001,1,1,1B,1B,1,strikeout,3,0,3
2025-04-29,SDN202504290,SFN,"Yastrzemski, Mike",yastm001,2,2,1B,1B,1,field_out,3,0,3
2025-04-29,SDN202504290,SFN,"Adames, Willy",adamw002,2,0,empty,empty,1,home_run,4,0,3
2025-04-29,SDN202504290,SFN,"Lee, Jung Hoo",lee-j001,2,0,empty,empty,1,field_out,4,1,3
2025-04-29,SDN202504290,SFN,"Chapman, Matt",chapm001,2,1,empty,empty,1,strikeout,4,1,3
2025-04-29,SDN202504290,SFN,"Flores, Wilmer",florw001,2,2,empty,empty,1,strikeout,4,1,3
2025-04-29,SDN202504290,SFN,"Ramos, Heliot",ramoh002,2,0,empty,empty,1,field_out,5,1,5
2025-04-29,SDN202504290,SFN,"Wade, LaMonte",wadel001,2,1,empty,empty,1,strikeout,5,1,5
2025-04-29,SDN202504290,SFN,"Bailey, Patrick",bailp001,2,2,empty,empty,1,single,5,1,5
2025-04-29,SDN202504290,SFN,"Fitzgerald, Tyler",fitzt001,2,2,1B,1B,1,single,5,1,5
2025-04-29,SDN202504290,SFN,"Yastrzemski, Mike",yastm001,3,2,1B+2B,1B+2B,1,strikeout,5,1,5
2025-04-29,SDN202504290,SFN,"Adames, Willy",adamw002,3,0,empty,empty,1,double,6,1,5
2025-04-29,SDN202504290,SFN,"Lee, Jung Hoo",lee-j001,3,0,2B,2B,1,single,6,1,5
2025-04-29,SDN202504290,SFN,"Chapman, Matt",chapm001,3,0,1B,1B,1,strikeout,6,2,5
2025-04-29,SDN202504290,SFN,"Flores, Wilmer",florw001,3,1,1B,1B,1,strikeout,6,2,5
2025-04-29,SDN202504290,SFN,"Ramos, Heliot",ramoh002,3,2,1B,1B,1,single,6,2,5
2025-04-29,SDN202504290,SFN,"Wade, LaMonte",wadel001,3,2,1B+3B,1B+3B,1,double,6,2,5
2025-04-29,SDN202504290,SFN,"Bailey, Patrick",bailp001,3,2,3B,3B,1,field_out,6,4,5
2025-04-29,SDN202504290,SFN,"Fitzgerald, Tyler",fitzt001,3,0,empty,empty,1,strikeout,7,4,5
2025-04-29,SDN202504290,SFN,"Yastrzemski, Mike",yastm001,4,1,empty,empty,1,field_out,7,4,5
2025-04-29,SDN202504290,SFN,"Adames, Willy",adamw002,4,2,empty,empty,1,strikeout,7,4,5
2025-04-29,SDN202504290,SFN,"Lee, Jung Hoo",lee-j001,4,0,empty,empty,1,field_out,8,4,7
2025-04-29,SDN202504290,SFN,"Chapman, Matt",chapm001,4,1,empty,empty,1,strikeout,8,4,7
2025-04-29,SDN202504290,SFN,"Flores, Wilmer",florw001,4,2,empty,empty,1,strikeout,8,4,7
2025-04-29,SDN202504290,SFN,"Ramos, Heliot",ramoh002,4,0,empty,empty,1,field_out,9,4,7
2025-04-29,SDN202504290,SFN,"Wade, LaMonte",wadel001,4,1,empty,empty,1,field_out,9,4,7
2025-04-29,SDN202504290,SFN,"Bailey, Patrick",bailp001,4,2,empty,empty,1,field_out,9,4,7
2025-04-30,SDN202504300,SFN,"Yastrzemski, Mike",yastm001,1,0,empty,empty,1,strikeout,1,0,0
2025-04-30,SDN202504300,SFN,"Adames, Willy",adamw002,1,1,empty,empty,1,walk,1,0,0
2025-04-30,SDN202504300,SFN,"Lee, Jung Hoo",lee-j001,1,1,1B,1B,1,field_out,1,0,0
2025-04-30,SDN202504300,SFN,"Chapman, Matt",chapm001,1,0,1B,empty,0,field_out,2,0,0
2025-04-30,SDN202504300,SFN,"Flores, Wilmer",florw001,1,1,empty,empty,1,strikeout,2,0,0
2025-04-30,SDN202504300,SFN,"Ramos, Heliot",ramoh002,1,2,empty,empty,1,strikeout,2,0,0
2025-04-30,SDN202504300,SFN,"Wade, LaMonte",wadel001,1,0,empty,empty,1,single,3,0,1
2025-04-30,SDN202504300,SFN,"Bailey, Patrick",bailp001,1,0,1B,1B,1,strikeout,3,0,1
2025-04-30,SDN202504300,SFN,"Fitzgerald, Tyler",fitzt001,1,1,1B,1B,1,field_out,3,0,1
2025-04-30,SDN202504300,SFN,"Yastrzemski, Mike",yastm001,2,2,1B,1B,1,field_out,3,0,1
2025-04-30,SDN202504300,SFN,"Adames, Willy",adamw002,2,0,empty,empty,1,field_out,4,0,2
2025-04-30,SDN202504300,SFN,"Lee, Jung Hoo",lee-j001,2,1,empty,empty,1,field_out,4,0,2
2025-04-30,SDN202504300,SFN,"Chapman, Matt",chapm001,2,2,empty,empty,1,strikeout,4,0,2
2025-04-30,SDN202504300,SFN,"Flores, Wilmer",florw001,2,0,empty,empty,1,field_out,5,0,2
2025-04-30,SDN202504300,SFN,"Ramos, Heliot",ramoh002,2,1,empty,empty,1,field_out,5,0,2
2025-04-30,SDN202504300,SFN,"Wade, LaMonte",wadel001,2,2,empty,empty,1,strikeout,5,0,2
2025-04-30,SDN202504300,SFN,"Bailey, Patrick",bailp001,2,0,empty,empty,1,field_out,6,0,4
2025-04-30,SDN202504300,SFN,"Fitzgerald, Tyler",fitzt001,2,1,empty,empty,1,hit_by_pitch,6,0,4
2025-04-30,SDN202504300,SFN,"Yastrzemski, Mike",yastm001,3,1,1B,1B,1,single,6,0,4
2025-04-30,SDN202504300,SFN,"Adames, Willy",adamw002,3,1,1B+2B,1B+2B,1,field_out,6,0,4
2025-04-30,SDN202504300,SFN,"Lee, Jung Hoo",lee-j001,3,2,1B+3B,1B+3B,1,single,6,0,4
2025-04-30,SDN202504300,SFN,"Chapman, Matt",chapm001,3,2,1B+2B,1B+2B,1,strikeout,6,1,4
2025-04-30,SDN202504300,SFN,"Flores, Wilmer",florw001,3,0,empty,empty,1,strikeout,7,1,5
2025-04-30,SDN202504300,SFN,"Ramos, Heliot",ramoh002,3,1,empty,empty,1,home_run,7,1,5
2025-04-30,SDN202504300,SFN,"Wade, LaMonte",wadel001,3,1,empty,empty,1,strikeout,7,2,5
2025-04-30,SDN202504300,SFN,"Bailey, Patrick",bailp001,3,2,empty,empty,1,field_out,7,2,5
2025-04-30,SDN202504300,SFN,"Fitzgerald, Tyler",fitzt001,3,0,empty,empty,1,field_out,8,2,5
2025-04-30,SDN202504300,SFN,"Yastrzemski, Mike",yastm001,4,1,empty,empty,1,home_run,8,2,5
2025-04-30,SDN202504300,SFN,"Adames, Willy",adamw002,4,1,empty,empty,1,walk,8,3,5
2025-04-30,SDN202504300,SFN,"Lee, Jung Hoo",lee-j001,4,1,1B,1B,1,field_out,8,3,5
2025-04-30,SDN202504300,SFN,"Chapman, Matt",chapm001,4,2,1B,2B,0,strikeout,8,3,5
2025-04-30,SDN202504300,SFN,"Flores, Wilmer",florw001,4,0,empty,empty,1,field_out,9,3,5
2025-04-30,SDN202504300,SFN,"Ramos, Heliot",ramoh002,4,1,empty,empty,1,walk,9,3,5
2025-04-30,SDN202504300,SFN,"Wade, LaMonte",wadel001,4,1,1B,1B,1,strikeout,9,3,5
2025-04-30,SDN202504300,SFN,"Bailey, Patrick",bailp001,4,2,1B,1B,1,strikeout,9,3,5
2025-05-01,SFN202505010,SFN,"Ramos, Heliot",ramoh002,1,0,empty,empty,1,home_run,1,0,0
2025-05-01,SFN202505010,SFN,"Adames, Willy",adamw002,1,0,empty,empty,1,single,1,1,0
2025-05-01,SFN202505010,SFN,"Flores, Wilmer",florw001,1,0,1B,1B,1,strikeout,1,1,0
2025-05-01,SFN202505010,SFN,"Chapman, Matt",chapm001,1,1,1B,1B,1,single,1,1,0
2025-05-01,SFN202505010,SFN,"Yastrzemski, Mike",yastm001,1,1,1B+2B,1B+2B,1,grounded_into_double_play,1,1,0
2025-05-01,SFN202505010,SFN,"Matos, Luis",matol002,1,0,empty,empty,1,field_out,2,1,0
2025-05-01,SFN202505010,SFN,"Villar, David",villd001,1,1,empty,empty,1,field_out,2,1,0
2025-05-01,SFN202505010,SFN,"Bailey, Patrick",bailp001,1,2,empty,empty,1,field_out,2,1,0
2025-05-01,SFN202505010,SFN,"Koss, Christian",kossc001,1,0,empty,empty,1,single,3,1,1
2025-05-01,SFN202505010,SFN,"Ramos, Heliot",ramoh002,2,0,1B,1B,1,field_out,3,1,1
2025-05-01,SFN202505010,SFN,"Adames, Willy",adamw002,2,1,1B,1B,1,strikeout,3,1,1
2025-05-01,SFN202505010,SFN,"Flores, Wilmer",florw001,2,2,1B,1B,1,strikeout,3,1,1
2025-05-01,SFN202505010,SFN,"Chapman, Matt",chapm001,2,0,empty,empty,1,field_out,4,1,1
2025-05-01,SFN202505010,SFN,"Yastrzemski, Mike",yastm001,2,1,empty,empty,1,strikeout,4,1,1
2025-05-01,SFN202505010,SFN,"Matos, Luis",matol002,2,2,empty,empty,1,field_out,4,1,1
2025-05-01,SFN202505010,SFN,"Villar, David",villd001,2,0,empty,empty,1,field_out,5,1,1
2025-05-01,SFN202505010,SFN,"Bailey, Patrick",bailp001,2,1,empty,empty,1,walk,5,1,1
2025-05-01,SFN202505010,SFN,"Koss, Christian",kossc001,2,1,1B,1B,1,field_out,5,1,1
2025-05-01,SFN202505010,SFN,"Ramos, Heliot",ramoh002,3,2,1B,1B,1,field_out,5,1,1
2025-05-01,SFN202505010,SFN,"Adames, Willy",adamw002,3,0,empty,empty,1,single,6,1,1
2025-05-01,SFN202505010,SFN,"Flores, Wilmer",florw001,3,0,1B,1B,1,double,6,1,1
2025-05-01,SFN202505010,SFN,"Chapman, Matt",chapm001,3,0,2B,2B,1,field_out,6,2,1
2025-05-01,SFN202505010,SFN,"Yastrzemski, Mike",yastm001,3,1,3B,3B,1,double,6,2,1
2025-05-01,SFN202505010,SFN,"Matos, Luis",matol002,3,1,2B,2B,1,strikeout,6,3,1
2025-05-01,SFN202505010,SFN,"Villar, David",villd001,3,2,2B,2B,1,walk,6,3,1
2025-05-01,SFN202505010,SFN,"Bailey, Patrick",bailp001,3,2,1B+2B,1B+2B,1,field_out,6,3,1
2025-05-01,SFN202505010,SFN,"Koss, Christian",kossc001,3,0,empty,empty,1,field_out,7,3,2
2025-05-01,SFN202505010,SFN,"Ramos, Heliot",ramoh002,4,1,empty,empty,1,field_out,7,3,2
2025-05-01,SFN202505010,SFN,"Adames, Willy",adamw002,4,2,empty,empty,1,field_out,7,3,2
2025-05-01,SFN202505010,SFN,"Flores, Wilmer",florw001,4,0,empty,empty,1,single,8,3,4
2025-05-01,SFN202505010,SFN,"Chapman, Matt",chapm001,4,0,1B,1B,1,field_out,8,3,4
2025-05-01,SFN202505010,SFN,"Yastrzemski, Mike",yastm001,4,2,1B,empty,0,single,8,3,4
2025-05-01,SFN202505010,SFN,"Lee, Jung Hoo",lee-j001,1,2,1B,1B,1,field_out,8,3,4
2025-05-01,SFN202505010,SFN,"Wade, LaMonte",wadel001,1,0,empty,empty,1,field_out,9,3,4
2025-05-01,SFN202505010,SFN,"Bailey, Patrick",bailp001,4,1,empty,empty,1,field_out,9,3,4
2025-05-01,SFN202505010,SFN,"Koss, Christian",kossc001,4,2,empty,empty,1,field_out,9,3,4
2025-05-02,SFN202505020,SFN,"Yastrzemski, Mike",yastm001,1,0,empty,empty,1,single,1,0,0
2025-05-02,SFN202505020,SFN,"Adames, Willy",adamw002,1,0,1B,1B,1,field_out,1,0,0
2025-05-02,SFN202505020,SFN,"Lee, Jung Hoo",lee-j001,1,1,2B,2B,1,field_out,1,0,0
2025-05-02,SFN202505020,SFN,"Chapman, Matt",chapm001,1,2,3B,3B,1,strikeout,1,0,0
2025-05-02,SFN202505020,SFN,"Flores, Wilmer",florw001,1,0,empty,empty,1,double,2,0,0
2025-05-02,SFN202505020,SFN,"Ramos, Heliot",ramoh002,1,0,2B,2B,1,single,2,0,0
2025-05-02,SFN202505020,SFN,"Wade, LaMonte",wadel001,1,0,1B+3B,1B+3B,1,double,2,0,0
2025-05-02,SFN202505020,SFN,"Huff, Sam",huffs001,1,0,2B+3B,2B+3B,1,sac_fly,2,1,0
2025-05-02,SFN202505020,SFN,"Koss, Christian",kossc001,1,1,3B,empty,0,walk,2,3,0
2025-05-02,SFN202505020,SFN,"Yastrzemski, Mike",yastm001,2,1,1B,1B,1,field_out,2,3,0
2025-05-02,SFN202505020,SFN,"Adames, Willy",adamw002,2,2,2B,2B,1,field_out,2,3,0
2025-05-02,SFN202505020,SFN,"Lee, Jung Hoo",lee-j001,2,0,empty,empty,1,strikeout,3,3,0
2025-05-02,SFN202505020,SFN,"Chapman, Matt",chapm001,2,1,empty,empty,1,home_run,3,3,0
2025-05-02,SFN202505020,SFN,"Flores, Wilmer",florw001,2,1,empty,empty,1,field_out,3,4,0
2025-05-02,SFN202505020,SFN,"Ramos, Heliot",ramoh002,2,2,empty,empty,1,walk,3,4,0
2025-05-02,SFN202505020,SFN,"Wade, LaMonte",wadel001,2,2,1B,1B,1,strikeout,3,4,0
2025-05-02,SFN202505020,SFN,"Huff, Sam",huffs001,2,0,empty,empty,1,single,4,4,0
2025-05-02,SFN202505020,SFN,"Koss, Christian",kossc001,2,0,1B,1B,1,field_out,4,4,0
2025-05-02,SFN202505020,SFN,"Yastrzemski, Mike",yastm001,3,1,1B,1B,1,grounded_into_double_play,4,4,0
2025-05-02,SFN202505020,SFN,"Adames, Willy",adamw002,3,0,empty,empty,1,field_out,5,4,0
2025-05-02,SFN202505020,SFN,"Lee, Jung Hoo",lee-j001,3,1,empty,empty,1,single,5,4,0
2025-05-02,SFN202505020,SFN,"Chapman, Matt",chapm001,3,1,1B,1B,1,strikeout,5,4,0
2025-05-02,SFN202505020,SFN,"Flores, Wilmer",florw001,3,2,1B,1B,1,field_out,5,4,0
2025-05-02,SFN202505020,SFN,"Ramos, Heliot",ramoh002,3,0,empty,empty,1,field_out,6,4,0
2025-05-02,SFN202505020,SFN,"Wade, LaMonte",wadel001,3,1,empty,empty,1,field_out,6,4,0
2025-05-02,SFN202505020,SFN,"Huff, Sam",huffs001,3,2,empty,empty,1,strikeout,6,4,0
2025-05-02,SFN202505020,SFN,"Koss, Christian",kossc001,3,0,empty,empty,1,field_out,7,4,0
2025-05-02,SFN202505020,SFN,"Yastrzemski, Mike",yastm001,4,1,empty,empty,1,field_out,7,4,0
2025-05-02,SFN202505020,SFN,"Adames, Willy",adamw002,4,2,empty,empty,1,field_out,7,4,0
2025-05-02,SFN202505020,SFN,"Lee, Jung Hoo",lee-j001,4,0,empty,empty,1,field_out,8,4,0
2025-05-02,SFN202505020,SFN,"Chapman, Matt",chapm001,4,1,empty,empty,1,field_out,8,4,0
2025-05-02,SFN202505020,SFN,"Flores, Wilmer",florw001,4,2,empty,empty,1,field_out,8,4,0
2025-05-03,SFN202505030,SFN,"Yastrzemski, Mike",yastm001,1,0,empty,empty,1,strikeout,1,0,0
2025-05-03,SFN202505030,SFN,"Adames, Willy",adamw002,1,1,empty,empty,1,strikeout,1,0,0
2025-05-03,SFN202505030,SFN,"Lee, Jung Hoo",lee-j001,1,2,empty,empty,1,field_out,1,0,0
2025-05-03,SFN202505030,SFN,"Chapman, Matt",chapm001,1,0,empty,empty,1,field_out,2,0,0
2025-05-03,SFN202505030,SFN,"Ramos, Heliot",ramoh002,1,1,empty,empty,1,field_out,2,0,0
2025-05-03,SFN202505030,SFN,"Wade, LaMonte",wadel001,1,2,empty,empty,1,field_out,2,0,0
2025-05-03,SFN202505030,SFN,"Bailey, Patrick",bailp001,1,0,empty,empty,1,strikeout,3,0,0
2025-05-03,SFN202505030,SFN,"Matos, Luis",matol002,1,1,empty,empty,1,home_run,3,0,0
2025-05-03,SFN202505030,SFN,"Wisely, Brett",wiseb001,1,1,empty,empty,1,field_out,3,1,0
2025-05-03,SFN202505030,SFN,"Yastrzemski, Mike",yastm001,2,2,empty,empty,1,field_out,3,1,0
2025-05-03,SFN202505030,SFN,"Adames, Willy",adamw002,2,0,empty,empty,1,single,4,1,0
2025-05-03,SFN202505030,SFN,"Lee, Jung Hoo",lee-j001,2,0,1B,1B,1,field_out,4,1,0
2025-05-03,SFN202505030,SFN,"Chapman, Matt",chapm001,2,1,1B,1B,1,double_play,4,1,0
2025-05-03,SFN202505030,SFN,"Ramos, Heliot",ramoh002,2,0,empty,empty,1,strikeout,5,1,0
2025-05-03,SFN202505030,SFN,"Wade, LaMonte",wadel001,2,1,empty,empty,1,field_out,5,1,0
2025-05-03,SFN202505030,SFN,"Bailey, Patrick",bailp001,2,2,empty,empty,1,field_out,5,1,0
2025-05-03,SFN202505030,SFN,"Matos, Luis",matol002,2,0,empty,empty,1,walk,6,1,3
2025-05-03,SFN202505030,SFN,"Wisely, Brett",wiseb001,2,0,1B,1B,1,field_out,6,1,3
2025-05-03,SFN202505030,SFN,"Yastrzemski, Mike",yastm001,3,1,2B,2B,1,walk,6,1,3
2025-05-03,SFN202505030,SFN,"Adames, Willy",adamw002,3,1,1B+2B,1B+2B,1,walk,6,1,3
2025-05-03,SFN202505030,SFN,"Lee, Jung Hoo",lee-j001,3,1,1B+2B+3B,1B+2B+3B,1,single,6,1,3
2025-05-03,SFN202505030,SFN,"Chapman, Matt",chapm001,3,1,1B+2B+3B,1B+2B+3B,1,home_run,6,2,3
2025-05-03,SFN202505030,SFN,"Ramos, Heliot",ramoh002,3,1,empty,empty,1,strikeout,6,6,3
2025-05-03,SFN202505030,SFN,"Wade, LaMonte",wadel001,3,2,empty,empty,1,field_out,6,6,3
2025-05-03,SFN202505030,SFN,"Bailey, Patrick",bailp001,3,0,empty,empty,1,double,7,6,3
2025-05-03,SFN202505030,SFN,"Matos, Luis",matol002,3,0,2B,2B,1,walk,7,6,3
2025-05-03,SFN202505030,SFN,"Wisely, Brett",wiseb001,3,0,1B+2B,2B+3B,0,strikeout,7,6,3
2025-05-03,SFN202505030,SFN,"Yastrzemski, Mike",yastm001,4,1,2B+3B,2B+3B,1,strikeout,7,6,3
2025-05-03,SFN202505030,SFN,"Adames, Willy",adamw002,4,2,2B+3B,2B+3B,1,walk,7,6,3
2025-05-03,SFN202505030,SFN,"Lee, Jung Hoo",lee-j001,4,2,1B+2B+3B,1B+2B+3B,1,field_out,7,6,3
2025-05-03,SFN202505030,SFN,"Chapman, Matt",chapm001,4,0,empty,empty,1,walk,8,6,3
2025-05-03,SFN202505030,SFN,"Ramos, Heliot",ramoh002,4,0,1B,1B,1,field_out,8,6,3
2025-05-03,SFN202505030,SFN,"Wade, LaMonte",wadel001,4,1,1B,1B,1,grounded_into_double_play,8,6,3
2025-05-04,SFN202505040,SFN,"Yastrzemski, Mike",yastm001,1,0,empty,empty,1,field_out,1,0,0
2025-05-04,SFN202505040,SFN,"Adames, Willy",adamw002,1,1,empty,empty,1,home_run,1,0,0
2025-05-04,SFN202505040,SFN,"Lee, Jung Hoo",lee-j001,1,1,empty,empty,1,strikeout,1,1,0
2025-05-04,SFN202505040,SFN,"Chapman, Matt",chapm001,1,2,empty,empty,1,field_out,1,1,0
2025-05-04,SFN202505040,SFN,"Flores, Wilmer",florw001,1,0,empty,empty,1,field_out,2,1,0
2025-05-04,SFN202505040,SFN,"Wade, LaMonte",wadel001,1,1,empty,empty,1,field_out,2,1,0
2025-05-04,SFN202505040,SFN,"Matos, Luis",matol002,1,2,empty,empty,1,single,2,1,0
2025-05-04,SFN202505040,SFN,"Bailey, Patrick",bailp001,1,2,1B,1B,1,field_out,2,1,0
2025-05-04,SFN202505040,SFN,"Koss, Christian",kossc001,1,0,empty,empty,1,field_out,3,1,0
2025-05-04,SFN202505040,SFN,"Yastrzemski, Mike",yastm001,2,1,empty,empty,1,field_out,3,1,0
2025-05-04,SFN202505040,SFN,"Adames, Willy",adamw002,2,2,empty,empty,1,home_run,3,1,0
2025-05-04,SFN202505040,SFN,"Lee, Jung Hoo",lee-j001,2,2,empty,empty,1,field_out,3,2,0
2025-05-04,SFN202505040,SFN,"Chapman, Matt",chapm001,2,0,empty,empty,1,strikeout,4,2,0
2025-05-04,SFN202505040,SFN,"Flores, Wilmer",florw001,2,1,empty,empty,1,strikeout,4,2,0
2025-05-04,SFN202505040,SFN,"Wade, LaMonte",wadel001,2,2,empty,empty,1,field_out,4,2,0
2025-05-04,SFN202505040,SFN,"Matos, Luis",matol002,2,0,empty,empty,1,double,5,2,1
2025-05-04,SFN202505040,SFN,"Bailey, Patrick",bailp001,2,0,2B,2B,1,single,5,2,1
2025-05-04,SFN202505040,SFN,"Koss, Christian",kossc001,2,0,1B+3B,1B+3B,1,field_out,5,2,1
2025-05-04,SFN202505040,SFN,"Yastrzemski, Mike",yastm001,3,1,2B+3B,2B+3B,1,single,5,2,1
2025-05-04,SFN202505040,SFN,"Adames, Willy",adamw002,3,1,2B,3B,0,double,5,4,1
2025-05-04,SFN202505040,SFN,"Lee, Jung Hoo",lee-j001,3,1,2B,2B,1,field_out,5,5,1
2025-05-04,SFN202505040,SFN,"Chapman, Matt",chapm001,3,2,3B,3B,1,strikeout,5,5,1
2025-05-04,SFN202505040,SFN,"Flores, Wilmer",florw001,3,0,empty,empty,1,field_out,6,5,1
2025-05-04,SFN202505040,SFN,"Wade, LaMonte",wadel001,3,1,empty,empty,1,single,6,5,1
2025-05-04,SFN202505040,SFN,"Matos, Luis",matol002,3,1,1B,1B,1,grounded_into_double_play,6,5,1
2025-05-04,SFN202505040,SFN,"Bailey, Patrick",bailp001,3,0,empty,empty,1,double,7,5,1
2025-05-04,SFN202505040,SFN,"Koss, Christian",kossc001,3,0,2B,2B,1,single,7,5,1
2025-05-04,SFN202505040,SFN,"Yastrzemski, Mike",yastm001,4,0,2B+3B,2B+3B,1,walk,7,5,1
2025-05-04,SFN202505040,SFN,"Adames, Willy",adamw002,4,0,1B+2B+3B,1B+2B+3B,1,strikeout,7,5,1
2025-05-04,SFN202505040,SFN,"Lee, Jung Hoo",lee-j001,4,1,1B+2B+3B,1B+2B+3B,1,hit_by_pitch,7,5,1
2025-05-04,SFN202505040,SFN,"Chapman, Matt",chapm001,4,1,1B+2B+3B,1B+2B+3B,1,field_out,7,6,1
2025-05-04,SFN202505040,SFN,"Flores, Wilmer",florw001,4,2,1B+2B+3B,1B+2B+3B,1,single,7,6,1
2025-05-04,SFN202505040,SFN,"Wade, LaMonte",wadel001,4,2,1B+2B,1B+2B,1,single,7,8,1
2025-05-04,SFN202505040,SFN,"Matos, Luis",matol002,4,2,1B+3B,1B+3B,1,field_out,7,9,1
2025-05-04,SFN202505040,SFN,"Bailey, Patrick",bailp001,4,0,empty,empty,1,strikeout,8,9,3
2025-05-04,SFN202505040,SFN,"Koss, Christian",kossc001,4,1,empty,empty,1,field_out,8,9,3
2025-05-04,SFN202505040,SFN,"Yastrzemski, Mike",yastm001,5,2,empty,empty,1,single,8,9,3
2025-05-04,SFN202505040,SFN,"Adames, Willy",adamw002,5,2,1B,1B,1,strikeout,8,9,3
2025-05-05,CHN202505050,SFN,"Ramos, Heliot",ramoh002,1,0,empty,empty,1,strikeout,1,0,0
2025-05-05,CHN202505050,SFN,"Adames, Willy",adamw002,1,1,empty,empty,1,field_out,1,0,0
2025-05-05,CHN202505050,SFN,"Lee, Jung Hoo",lee-j001,1,2,empty,empty,1,field_out,1,0,0
2025-05-05,CHN202505050,SFN,"Chapman, Matt",chapm001,1,0,empty,empty,1,single,2,0,0
2025-05-05,CHN202505050,SFN,"Flores, Wilmer",florw001,1,0,1B,1B,1,field_out,2,0,0
2025-05-05,CHN202505050,SFN,"Matos, Luis",matol002,1,1,1B,1B,1,strikeout,2,0,0
2025-05-05,CHN202505050,SFN,"Villar, David",villd001,1,2,1B,2B,0,hit_by_pitch,2,0,0
2025-05-05,CHN202505050,SFN,"Bailey, Patrick",bailp001,1,2,1B+2B,1B+2B,1,strikeout,2,0,0
2025-05-05,CHN202505050,SFN,"Koss, Christian",kossc001,1,0,empty,empty,1,field_out,3,0,0
2025-05-05,CHN202505050,SFN,"Ramos, Heliot",ramoh002,2,1,empty,empty,1,field_out,3,0,0
2025-05-05,CHN202505050,SFN,"Adames, Willy",adamw002,2,2,empty,empty,1,strikeout,3,0,0
2025-05-05,CHN202505050,SFN,"Lee, Jung Hoo",lee-j001,2,0,empty,empty,1,single,4,0,2
2025-05-05,CHN202505050,SFN,"Chapman, Matt",chapm001,2,0,1B,1B,1,field_out,4,0,2
2025-05-05,CHN202505050,SFN,"Flores, Wilmer",florw001,2,1,1B,1B,1,field_out,4,0,2
2025-05-05,CHN202505050,SFN,"Matos, Luis",matol002,2,2,2B,2B,1,home_run,4,0,2
2025-05-05,CHN202505050,SFN,"Villar, David",villd001,2,2,empty,empty,1,single,4,2,2
2025-05-05,CHN202505050,SFN,"Bailey, Patrick",bailp001,2,2,1B,1B,1,strikeout,4,2,2
2025-05-05,CHN202505050,SFN,"Koss, Christian",kossc001,2,0,empty,empty,1,strikeout,5,2,4
2025-05-05,CHN202505050,SFN,"Ramos, Heliot",ramoh002,3,1,empty,empty,1,strikeout,5,2,4
2025-05-05,CHN202505050,SFN,"Adames, Willy",adamw002,3,2,empty,empty,1,field_out,5,2,4
2025-05-05,CHN202505050,SFN,"Lee, Jung Hoo",lee-j001,3,0,empty,empty,1,field_out,6,2,4
2025-05-05,CHN202505050,SFN,"Chapman, Matt",chapm001,3,1,empty,empty,1,single,6,2,4
2025-05-05,CHN202505050,SFN,"Flores, Wilmer",florw001,3,1,1B,1B,1,grounded_into_double_play,6,2,4
2025-05-05,CHN202505050,SFN,"Matos, Luis",matol002,3,0,empty,empty,1,strikeout,7,2,9
2025-05-05,CHN202505050,SFN,"Villar, David",villd001,3,1,empty,empty,1,field_out,7,2,9
2025-05-05,CHN202505050,SFN,"Bailey, Patrick",bailp001,3,2,empty,empty,1,single,7,2,9
2025-05-05,CHN202505050,SFN,"Koss, Christian",kossc001,3,2,1B,1B,1,strikeout,7,2,9
2025-05-05,CHN202505050,SFN,"Ramos, Heliot",ramoh002,4,0,empty,empty,1,strikeout,8,2,9
2025-05-05,CHN202505050,SFN,"Adames, Willy",adamw002,4,1,empty,empty,1,field_out,8,2,9
2025-05-05,CHN202505050,SFN,"Lee, Jung Hoo",lee-j001,4,2,empty,empty,1,field_out,8,2,9
2025-05-05,CHN202505050,SFN,"Wisely, Brett",wiseb001,1,0,empty,empty,1,field_out,9,2,9
2025-05-05,CHN202505050,SFN,"Flores, Wilmer",florw001,4,1,empty,empty,1,single,9,2,9
2025-05-05,CHN202505050,SFN,"Matos, Luis",matol002,4,1,1B,1B,1,field_out,9,2,9
2025-05-05,CHN202505050,SFN,"Villar, David",villd001,4,2,2B,2B,1,field_out,9,2,9
2025-05-06,CHN202505060,SFN,"Yastrzemski, Mike",yastm001,1,0,empty,empty,1,field_out,1,0,0
2025-05-06,CHN202505060,SFN,"Adames, Willy",adamw002,1,1,empty,empty,1,strikeout,1,0,0
2025-05-06,CHN202505060,SFN,"Lee, Jung Hoo",lee-j001,1,2,empty,empty,1,strikeout,1,0,0
2025-05-06,CHN202505060,SFN,"Chapman, Matt",chapm001,1,0,empty,empty,1,walk,2,0,0
2025-05-06,CHN202505060,SFN,"Flores, Wilmer",florw001,1,0,1B,1B,1,field_out,2,0,0
2025-05-06,CHN202505060,SFN,"Wade, LaMonte",wadel001,1,1,1B,1B,1,single,2,0,0
2025-05-06,CHN202505060,SFN,"Ramos, Heliot",ramoh002,1,1,1B+3B,1B+3B,1,single,2,0,0
2025-05-06,CHN202505060,SFN,"Bailey, Patrick",bailp001,1,1,1B+3B,1B+3B,1,sac_fly,2,1,0
2025-05-06,CHN202505060,SFN,"Wisely, Brett",wiseb001,1,2,1B,1B,1,strikeout,2,2,0
2025-05-06,CHN202505060,SFN,"Yastrzemski, Mike",yastm001,2,0,empty,empty,1,field_out,3,2,0
2025-05-06,CHN202505060,SFN,"Adames, Willy",adamw002,2,1,empty,empty,1,single,3,2,0
2025-05-06,CHN202505060,SFN,"Lee, Jung Hoo",lee-j001,2,1,1B,1B,1,home_run,3,2,0
2025-05-06,CHN202505060,SFN,"Chapman, Matt",chapm001,2,1,empty,empty,1,single,3,4,0
2025-05-06,CHN202505060,SFN,"Flores, Wilmer",florw001,2,1,1B,1B,1,grounded_into_double_play,3,4,0
2025-05-06,CHN202505060,SFN,"Wade, LaMonte",wadel001,2,0,empty,empty,1,field_out,4,4,2
2025-05-06,CHN202505060,SFN,"Ramos, Heliot",ramoh002,2,1,empty,empty,1,single,4,4,2
2025-05-06,CHN202505060,SFN,"Bailey, Patrick",bailp001,2,1,1B,1B,1,single,4,4,2
2025-05-06,CHN202505060,SFN,"Wisely, Brett",wiseb001,2,1,1B+3B,1B+3B,1,sac_bunt,4,4,2
2025-05-06,CHN202505060,SFN,"Yastrzemski, Mike",yastm001,3,2,2B,2B,1,field_out,4,5,2
2025-05-06,CHN202505060,SFN,"Adames, Willy",adamw002,3,0,empty,empty,1,strikeout,5,5,2
2025-05-06,CHN202505060,SFN,"Lee, Jung Hoo",lee-j001,3,1,empty,empty,1,field_out,5,5,2
2025-05-06,CHN202505060,SFN,"Chapman, Matt",chapm001,3,2,empty,empty,1,double,5,5,2
2025-05-06,CHN202505060,SFN,"Flores, Wilmer",florw001,3,2,2B,2B,1,walk,5,5,2
2025-05-06,CHN202505060,SFN,"Wade, LaMonte",wadel001,3,2,1B+2B,1B+2B,1,field_out,5,5,2
2025-05-06,CHN202505060,SFN,"Ramos, Heliot",ramoh002,3,0,empty,empty,1,hit_by_pitch,6,5,3
2025-05-06,CHN202505060,SFN,"Bailey, Patrick",bailp001,3,0,1B,1B,1,field_out,6,5,3
2025-05-06,CHN202505060,SFN,"Wisely, Brett",wiseb001,3,1,1B,1B,1,field_out,6,5,3
2025-05-06,CHN202505060,SFN,"Yastrzemski, Mike",yastm001,4,2,1B,1B,1,field_out,6,5,3
2025-05-06,CHN202505060,SFN,"Adames, Willy",adamw002,4,0,empty,empty,1,field_out,7,5,3
2025-05-06,CHN202505060,SFN,"Lee, Jung Hoo",lee-j001,4,1,empty,empty,1,single,7,5,3
2025-05-06,CHN202505060,SFN,"Chapman, Matt",chapm001,4,1,1B,1B,1,grounded_into_double_play,7,5,3
2025-05-06,CHN202505060,SFN,"Flores, Wilmer",florw001,4,0,empty,empty,1,field_error,8,5,3
2025-05-06,CHN202505060,SFN,"Wade, LaMonte",wadel001,4,0,1B,1B,1,field_out,8,5,3
2025-05-06,CHN202505060,SFN,"Ramos, Heliot",ramoh002,4,1,1B,1B,1,grounded_into_double_play,8,5,3
2025-05-06,CHN202505060,SFN,"Bailey, Patrick",bailp001,4,0,empty,empty,1,field_out,9,5,3
2025-05-06,CHN202505060,SFN,"Wisely, Brett",wiseb001,4,1,empty,empty,1,strikeout,9,5,3
2025-05-06,CHN202505060,SFN,"Yastrzemski, Mike",yastm001,5,2,empty,empty,1,single,9,5,3
2025-05-06,CHN202505060,SFN,"Adames, Willy",adamw002,5,2,1B,1B,1,field_out,9,5,3
2025-05-06,CHN202505060,SFN,"Lee, Jung Hoo",lee-j001,5,0,2B,2B,1,field_out,10,5,5
2025-05-06,CHN202505060,SFN,"Chapman, Matt",chapm001,5,1,2B,2B,1,field_out,10,5,5
2025-05-06,CHN202505060,SFN,"Flores, Wilmer",florw001,5,2,2B,2B,1,walk,10,5,5
2025-05-06,CHN202505060,SFN,"Wade, LaMonte",wadel001,5,2,1B+2B,1B+2B,1,field_out,10,5,5
2025-05-06,CHN202505060,SFN,"Ramos, Heliot",ramoh002,5,0,2B,2B,1,double,11,5,5
2025-05-06,CHN202505060,SFN,"Bailey, Patrick",bailp001,5,0,2B+3B,2B+3B,1,single,11,5,5
2025-05-06,CHN202505060,SFN,"Wisely, Brett",wiseb001,5,0,1B+3B,1B+3B,1,sac_bunt,11,6,5
2025-05-06,CHN202505060,SFN,"Yastrzemski, Mike",yastm001,6,0,1B+2B,1B+2B,1,walk,11,7,5
2025-05-06,CHN202505060,SFN,"Adames, Willy",adamw002,6,0,1B+2B+3B,1B+2B+3B,1,hit_by_pitch,11,7,5
2025-05-06,CHN202505060,SFN,"Lee, Jung Hoo",lee-j001,6,0,1B+2B+3B,1B+2B+3B,1,single,11,8,5
2025-05-06,CHN202505060,SFN,"Chapman, Matt",chapm001,6,0,1B+2B+3B,1B+2B+3B,1,single,11,9,5
2025-05-06,CHN202505060,SFN,"Flores, Wilmer",florw001,6,0,1B+2B,1B+2B,1,single,11,11,5
2025-05-06,CHN202505060,SFN,"Koss, Christian",kossc001,1,0,1B+3B,1B+3B,1,strikeout,11,12,5
2025-05-06,CHN202505060,SFN,"Ramos, Heliot",ramoh002,6,1,1B+3B,1B+3B,1,double,11,12,5
2025-05-06,CHN202505060,SFN,"Bailey, Patrick",bailp001,6,1,2B+3B,2B+3B,1,sac_fly,11,13,5
2025-05-06,CHN202505060,SFN,"Villar, David",villd001,1,2,2B,2B,1,strikeout,11,14,5
2025-05-07,CHN202505070,SFN,"Yastrzemski, Mike",yastm001,1,0,empty,empty,1,walk,1,0,0
2025-05-07,CHN202505070,SFN,"Adames, Willy",adamw002,1,0,1B,1B,1,single,1,0,0
2025-05-07,CHN202505070,SFN,"Lee, Jung Hoo",lee-j001,1,0,1B+2B,1B+2B,1,field_out,1,0,0
2025-05-07,CHN202505070,SFN,"Chapman, Matt",chapm001,1,1,1B+2B,1B+2B,1,strikeout,1,0,0
2025-05-07,CHN202505070,SFN,"Flores, Wilmer",florw001,1,2,1B+2B,1B+2B,1,single,1,0,0
2025-05-07,CHN202505070,SFN,"Ramos, Heliot",ramoh002,1,2,1B+3B,1B+3B,1,field_out,1,1,0
2025-05-07,CHN202505070,SFN,"Wade, LaMonte",wadel001,1,0,empty,empty,1,field_out,2,1,0
2025-05-07,CHN202505070,SFN,"Huff, Sam",huffs001,1,1,empty,empty,1,strikeout,2,1,0
2025-05-07,CHN202505070,SFN,"Koss, Christian",kossc001,1,2,empty,empty,1,field_out,2,1,0
2025-05-07,CHN202505070,SFN,"Yastrzemski, Mike",yastm001,2,0,empty,empty,1,strikeout,3,1,0
2025-05-07,CHN202505070,SFN,"Adames, Willy",adamw002,2,1,empty,empty,1,strikeout,3,1,0
2025-05-07,CHN202505070,SFN,"Lee, Jung Hoo",lee-j001,2,2,empty,empty,1,field_out,3,1,0
2025-05-07,CHN202505070,SFN,"Chapman, Matt",chapm001,2,0,empty,empty,1,walk,4,1,0
2025-05-07,CHN202505070,SFN,"Flores, Wilmer",florw001,2,0,1B,1B,1,single,4,1,0
2025-05-07,CHN202505070,SFN,"Ramos, Heliot",ramoh002,2,0,1B+2B,1B+2B,1,strikeout,4,1,0
2025-05-07,CHN202505070,SFN,"Wade, LaMonte",wadel001,2,1,1B+2B,1B+2B,1,double,4,1,0
2025-05-07,CHN202505070,SFN,"Huff, Sam",huffs001,2,1,2B+3B,2B+3B,1,strikeout,4,2,0
2025-05-07,CHN202505070,SFN,"Koss, Christian",kossc001,2,2,2B+3B,2B+3B,1,single,4,2,0
2025-05-07,CHN202505070,SFN,"Yastrzemski, Mike",yastm001,3,0,empty,empty,1,strikeout,5,3,1
2025-05-07,CHN202505070,SFN,"Adames, Willy",adamw002,3,1,empty,empty,1,double,5,3,1
2025-05-07,CHN202505070,SFN,"Lee, Jung Hoo",lee-j001,3,1,2B,2B,1,strikeout,5,3,1
2025-05-07,CHN202505070,SFN,"Chapman, Matt",chapm001,3,2,2B,2B,1,strikeout,5,3,1
2025-05-07,CHN202505070,SFN,"Flores, Wilmer",florw001,3,0,empty,empty,1,single,6,3,1
2025-05-07,CHN202505070,SFN,"Ramos, Heliot",ramoh002,3,0,1B,1B,1,walk,6,3,1
2025-05-07,CHN202505070,SFN,"Wade, LaMonte",wadel001,3,0,1B+2B,1B+2B,1,single,6,3,1
2025-05-07,CHN202505070,SFN,"Huff, Sam",huffs001,3,0,1B+2B+3B,1B+2B+3B,1,grounded_into_double_play,6,3,1
2025-05-07,CHN202505070,SFN,"Koss, Christian",kossc001,3,2,2B+3B,2B+3B,1,walk,6,3,1
2025-05-07,CHN202505070,SFN,"Yastrzemski, Mike",yastm001,4,2,1B+2B+3B,1B+2B+3B,1,strikeout,6,3,1
2025-05-07,CHN202505070,SFN,"Adames, Willy",adamw002,4,0,empty,empty,1,walk,7,3,1
2025-05-07,CHN202505070,SFN,"Lee, Jung Hoo",lee-j001,4,0,1B,1B,1,field_out,7,3,1
2025-05-07,CHN202505070,SFN,"Chapman, Matt",chapm001,4,1,2B,2B,1,field_out,7,3,1
2025-05-07,CHN202505070,SFN,"Flores, Wilmer",florw001,4,2,3B,3B,1,field_out,7,3,1
2025-05-07,CHN202505070,SFN,"Ramos, Heliot",ramoh002,4,0,empty,empty,1,field_out,8,3,1
2025-05-07,CHN202505070,SFN,"Wade, LaMonte",wadel001,4,1,empty,empty,1,field_out,8,3,1
2025-05-07,CHN202505070,SFN,"Huff, Sam",huffs001,4,2,empty,empty,1,strikeout,8,3,1
2025-05-07,CHN202505070,SFN,"Koss, Christian",kossc001,4,0,empty,empty,1,field_out,9,3,1
2025-05-07,CHN202505070,SFN,"Yastrzemski, Mike",yastm001,5,1,empty,empty,1,single,9,3,1
2025-05-07,CHN202505070,SFN,"Adames, Willy",adamw002,5,1,2B,2B,1,field_out,9,3,1
2025-05-07,CHN202505070,SFN,"Lee, Jung Hoo",lee-j001,5,2,3B,3B,1,field_out,9,3,1
2025-05-09,MIN202505090,SFN,"Yastrzemski, Mike",yastm001,1,0,empty,empty,1,strikeout,1,0,0
2025-05-09,MIN202505090,SFN,"Adames, Willy",adamw002,1,1,empty,empty,1,strikeout,1,0,0
2025-05-09,MIN202505090,SFN,"Lee, Jung Hoo",lee-j001,1,2,empty,empty,1,field_out,1,0,0
2025-05-09,MIN202505090,SFN,"Chapman, Matt",chapm001,1,0,empty,empty,1,field_out,2,0,1
2025-05-09,MIN202505090,SFN,"Flores, Wilmer",florw001,1,1,empty,empty,1,field_out,2,0,1
2025-05-09,MIN202505090,SFN,"Ramos, Heliot",ramoh002,1,2,empty,empty,1,field_out,2,0,1
2025-05-09,MIN202505090,SFN,"Wade, LaMonte",wadel001,1,0,empty,empty,1,strikeout,3,0,1
2025-05-09,MIN202505090,SFN,"Bailey, Patrick",bailp001,1,1,empty,empty,1,strikeout,3,0,1
2025-05-09,MIN202505090,SFN,"Koss, Christian",kossc001,1,2,empty,empty,1,strikeout,3,0,1
2025-05-09,MIN202505090,SFN,"Yastrzemski, Mike",yastm001,2,0,empty,empty,1,field_out,4,0,1
2025-05-09,MIN202505090,SFN,"Adames, Willy",adamw002,2,1,empty,empty,1,field_out,4,0,1
2025-05-09,MIN202505090,SFN,"Lee, Jung Hoo",lee-j001,2,2,empty,empty,1,field_out,4,0,1
2025-05-09,MIN202505090,SFN,"Chapman, Matt",chapm001,2,0,empty,empty,1,field_out,5,0,2
2025-05-09,MIN202505090,SFN,"Flores, Wilmer",florw001,2,1,empty,empty,1,field_out,5,0,2
2025-05-09,MIN202505090,SFN,"Ramos, Heliot",ramoh002,2,2,empty,empty,1,field_out,5,0,2
2025-05-09,MIN202505090,SFN,"Wade, LaMonte",wadel001,2,0,empty,empty,1,field_out,6,0,3
2025-05-09,MIN202505090,SFN,"Bailey, Patrick",bailp001,2,1,empty,empty,1,field_out,6,0,3
2025-05-09,MIN202505090,SFN,"Koss, Christian",kossc001,2,2,empty,empty,1,single,6,0,3
2025-05-09,MIN202505090,SFN,"Yastrzemski, Mike",yastm001,3,2,1B,1B,1,field_out,6,0,3
2025-05-09,MIN202505090,SFN,"Adames, Willy",adamw002,3,0,empty,empty,1,field_out,7,0,3
2025-05-09,MIN202505090,SFN,"Lee, Jung Hoo",lee-j001,3,1,empty,empty,1,field_out,7,0,3
2025-05-09,MIN202505090,SFN,"Chapman, Matt",chapm001,3,2,empty,empty,1,home_run,7,0,3
2025-05-09,MIN202505090,SFN,"Flores, Wilmer",florw001,3,2,empty,empty,1,strikeout,7,1,3
2025-05-09,MIN202505090,SFN,"Ramos, Heliot",ramoh002,3,0,empty,empty,1,single,8,1,3
2025-05-09,MIN202505090,SFN,"Wade, LaMonte",wadel001,3,0,1B,1B,1,field_out,8,1,3
2025-05-09,MIN202505090,SFN,"Bailey, Patrick",bailp001,3,1,1B,1B,1,field_out,8,1,3
2025-05-09,MIN202505090,SFN,"Koss, Christian",kossc001,3,2,1B,1B,1,field_out,8,1,3
2025-05-09,MIN202505090,SFN,"Matos, Luis",matol002,1,0,empty,empty,1,strikeout,9,1,3
2025-05-09,MIN202505090,SFN,"Adames, Willy",adamw002,4,1,empty,empty,1,strikeout,9,1,3
2025-05-09,MIN202505090,SFN,"Lee, Jung Hoo",lee-j001,4,2,empty,empty,1,field_out,9,1,3
2025-05-10,MIN202505100,SFN,"Yastrzemski, Mike",yastm001,1,0,empty,empty,1,field_out,1,0,0
2025-05-10,MIN202505100,SFN,"Adames, Willy",adamw002,1,1,empty,empty,1,strikeout,1,0,0
2025-05-10,MIN202505100,SFN,"Lee, Jung Hoo",lee-j001,1,2,empty,empty,1,field_out,1,0,0
2025-05-10,MIN202505100,SFN,"Chapman, Matt",chapm001,1,0,empty,empty,1,strikeout,2,0,0
2025-05-10,MIN202505100,SFN,"Flores, Wilmer",florw001,1,1,empty,empty,1,field_out,2,0,0
2025-05-10,MIN202505100,SFN,"Ramos, Heliot",ramoh002,1,2,empty,empty,1,home_run,2,0,0
2025-05-10,MIN202505100,SFN,"Wade, LaMonte",wadel001,1,2,empty,empty,1,field_out,2,1,0
2025-05-10,MIN202505100,SFN,"Bailey, Patrick",bailp001,1,0,empty,empty,1,strikeout,3,1,0
2025-05-10,MIN202505100,SFN,"Koss, Christian",kossc001,1,1,empty,empty,1,strikeout,3,1,0
2025-05-10,MIN202505100,SFN,"Yastrzemski, Mike",yastm001,2,2,empty,empty,1,field_out,3,1,0
2025-05-10,MIN202505100,SFN,"Adames, Willy",adamw002,2,0,empty,empty,1,field_out,4,1,2
2025-05-10,MIN202505100,SFN,"Lee, Jung Hoo",lee-j001,2,1,empty,empty,1,field_out,4,1,2
2025-05-10,MIN202505100,SFN,"Chapman, Matt",chapm001,2,2,empty,empty,1,strikeout,4,1,2
2025-05-10,MIN202505100,SFN,"Flores, Wilmer",florw001,2,0,empty,empty,1,strikeout,5,1,2
2025-05-10,MIN202505100,SFN,"Ramos, Heliot",ramoh002,2,1,empty,empty,1,single,5,1,2
2025-05-10,MIN202505100,SFN,"Wade, LaMonte",wadel001,2,1,1B,1B,1,field_out,5,1,2
2025-05-10,MIN202505100,SFN,"Bailey, Patrick",bailp001,2,2,1B,1B,1,field_out,5,1,2
2025-05-10,MIN202505100,SFN,"Koss, Christian",kossc001,2,0,empty,empty,1,field_out,6,1,2
2025-05-10,MIN202505100,SFN,"Yastrzemski, Mike",yastm001,3,1,empty,empty,1,strikeout,6,1,2
2025-05-10,MIN202505100,SFN,"Adames, Willy",adamw002,3,2,empty,empty,1,field_out,6,1,2
2025-05-10,MIN202505100,SFN,"Lee, Jung Hoo",lee-j001,3,0,empty,empty,1,field_out,7,1,2
2025-05-10,MIN202505100,SFN,"Chapman, Matt",chapm001,3,1,empty,empty,1,strikeout,7,1,2
2025-05-10,MIN202505100,SFN,"Flores, Wilmer",florw001,3,2,empty,empty,1,field_out,7,1,2
2025-05-10,MIN202505100,SFN,"Ramos, Heliot",ramoh002,3,0,empty,empty,1,double,8,1,2
2025-05-10,MIN202505100,SFN,"Wade, LaMonte",wadel001,3,0,2B,2B,1,field_out,8,1,2
2025-05-10,MIN202505100,SFN,"Bailey, Patrick",bailp001,3,2,3B,empty,0,field_out,8,1,2
2025-05-10,MIN202505100,SFN,"Koss, Christian",kossc001,3,0,empty,empty,1,single,9,1,2
2025-05-10,MIN202505100,SFN,"Yastrzemski, Mike",yastm001,4,0,1B,1B,1,grounded_into_double_play,9,1,2
2025-05-10,MIN202505100,SFN,"Adames, Willy",adamw002,4,2,empty,empty,1,strikeout,9,1,2
2025-05-11,MIN202505110,SFN,"Yastrzemski, Mike",yastm001,1,0,empty,empty,1,single,1,0,0
2025-05-11,MIN202505110,SFN,"Adames, Willy",adamw002,1,0,1B,1B,1,field_out,1,0,0
2025-05-11,MIN202505110,SFN,"Lee, Jung Hoo",lee-j001,1,1,1B,1B,1,single,1,0,0
2025-05-11,MIN202505110,SFN,"Chapman, Matt",chapm001,1,1,1B+3B,1B+3B,1,walk,1,0,0
2025-05-11,MIN202505110,SFN,"Ramos, Heliot",ramoh002,1,1,1B+2B+3B,1B+2B+3B,1,sac_fly,1,0,0
2025-05-11,MIN202505110,SFN,"Wade, LaMonte",wadel001,1,2,1B+3B,1B+3B,1,field_out,1,1,0
2025-05-11,MIN202505110,SFN,"Matos, Luis",matol002,1,0,empty,empty,1,field_out,2,1,0
2025-05-11,MIN202505110,SFN,"Huff, Sam",huffs001,1,1,empty,empty,1,strikeout,2,1,0
2025-05-11,MIN202505110,SFN,"Wisely, Brett",wiseb001,1,2,empty,empty,1,field_out,2,1,0
2025-05-11,MIN202505110,SFN,"Yastrzemski, Mike",yastm001,2,0,empty,empty,1,field_out,3,1,0
2025-05-11,MIN202505110,SFN,"Adames, Willy",adamw002,2,1,empty,empty,1,strikeout,3,1,0
2025-05-11,MIN202505110,SFN,"Lee, Jung Hoo",lee-j001,2,2,empty,empty,1,field_out,3,1,0
2025-05-11,MIN202505110,SFN,"Chapman, Matt",chapm001,2,0,empty,empty,1,double,4,1,0
2025-05-11,MIN202505110,SFN,"Ramos, Heliot",ramoh002,2,0,2B,2B,1,home_run,4,1,0
2025-05-11,MIN202505110,SFN,"Wade, LaMonte",wadel001,2,0,empty,empty,1,walk,4,3,0
2025-05-11,MIN202505110,SFN,"Matos, Luis",matol002,2,0,1B,1B,1,field_out,4,3,0
2025-05-11,MIN202505110,SFN,"Huff, Sam",huffs001,2,1,1B,1B,1,strikeout,4,3,0
2025-05-11,MIN202505110,SFN,"Wisely, Brett",wiseb001,2,2,1B,1B,1,field_out,4,3,0
2025-05-11,MIN202505110,SFN,"Yastrzemski, Mike",yastm001,3,0,empty,empty,1,single,5,3,2
2025-05-11,MIN202505110,SFN,"Adames, Willy",adamw002,3,0,1B,1B,1,strikeout,5,3,2
2025-05-11,MIN202505110,SFN,"Lee, Jung Hoo",lee-j001,3,1,2B,3B,0,sac_fly,5,3,2
2025-05-11,MIN202505110,SFN,"Chapman, Matt",chapm001,3,2,empty,empty,1,strikeout,5,4,2
2025-05-11,MIN202505110,SFN,"Ramos, Heliot",ramoh002,3,0,empty,empty,1,hit_by_pitch,6,4,3
2025-05-11,MIN202505110,SFN,"Wade, LaMonte",wadel001,3,1,1B,empty,0,strikeout,6,4,3
2025-05-11,MIN202505110,SFN,"Matos, Luis",matol002,3,2,empty,empty,1,field_out,6,4,3
2025-05-11,MIN202505110,SFN,"Huff, Sam",huffs001,3,0,empty,empty,1,field_out,7,4,5
2025-05-11,MIN202505110,SFN,"Wisely, Brett",wiseb001,3,1,empty,empty,1,field_out,7,4,5
2025-05-11,MIN202505110,SFN,"Yastrzemski, Mike",yastm001,4,2,empty,empty,1,field_out,7,4,5
2025-05-11,MIN202505110,SFN,"Adames, Willy",adamw002,4,0,empty,empty,1,single,8,4,5
2025-05-11,MIN202505110,SFN,"Lee, Jung Hoo",lee-j001,4,0,1B,1B,1,field_out,8,4,5
2025-05-11,MIN202505110,SFN,"Chapman, Matt",chapm001,4,1,1B,1B,1,single,8,4,5
2025-05-11,MIN202505110,SFN,"Ramos, Heliot",ramoh002,4,1,1B+2B,1B+2B,1,single,8,4,5
2025-05-11,MIN202505110,SFN,"Wade, LaMonte",wadel001,4,1,1B+3B,1B+3B,1,strikeout,8,5,5
2025-05-11,MIN202505110,SFN,"Flores, Wilmer",florw001,1,2,1B+3B,1B+3B,1,walk,8,5,5
2025-05-11,MIN202505110,SFN,"Bailey, Patrick",bailp001,1,2,1B+2B+3B,1B+2B+3B,1,field_out,8,5,5
2025-05-11,MIN202505110,SFN,"Koss, Christian",kossc001,1,0,empty,empty,1,strikeout,9,5,5
2025-05-11,MIN202505110,SFN,"Yastrzemski, Mike",yastm001,5,1,empty,empty,1,single,9,5,5
2025-05-11,MIN202505110,SFN,"Adames, Willy",adamw002,5,1,1B,1B,1,strikeout,9,5,5
2025-05-11,MIN202505110,SFN,"Lee, Jung Hoo",lee-j001,5,2,2B,2B,1,field_out,9,5,5
2025-05-11,MIN202505110,SFN,"Chapman, Matt",chapm001,5,0,2B,2B,1,field_out,10,5,5
2025-05-11,MIN202505110,SFN,"Ramos, Heliot",ramoh002,5,1,3B,3B,1,walk,10,5,5
2025-05-11,MIN202505110,SFN,"Villar, David",villd001,1,1,1B+3B,1B+3B,1,field_out,10,5,5
2025-05-11,MIN202505110,SFN,"Flores, Wilmer",florw001,2,2,2B,3B,0,strikeout,10,6,5
2025-05-12,SFN202505120,SFN,"Yastrzemski, Mike",yastm001,1,0,empty,empty,1,strikeout,1,0,0
2025-05-12,SFN202505120,SFN,"Chapman, Matt",chapm001,1,1,empty,empty,1,strikeout,1,0,0
2025-05-12,SFN202505120,SFN,"Ramos, Heliot",ramoh002,1,2,empty,empty,1,single,1,0,0
2025-05-12,SFN202505120,SFN,"Lee, Jung Hoo",lee-j001,1,2,1B,1B,1,field_out,1,0,0
2025-05-12,SFN202505120,SFN,"Flores, Wilmer",florw001,1,0,empty,empty,1,field_out,2,0,0
2025-05-12,SFN202505120,SFN,"Adames, Willy",adamw002,1,1,empty,empty,1,strikeout,2,0,0
2025-05-12,SFN202505120,SFN,"Bailey, Patrick",bailp001,1,2,empty,empty,1,strikeout,2,0,0
2025-05-12,SFN202505120,SFN,"Matos, Luis",matol002,1,0,empty,empty,1,strikeout,3,0,1
2025-05-12,SFN202505120,SFN,"Koss, Christian",kossc001,1,1,empty,empty,1,field_out,3,0,1
2025-05-12,SFN202505120,SFN,"Yastrzemski, Mike",yastm001,2,2,empty,empty,1,field_out,3,0,1
2025-05-12,SFN202505120,SFN,"Chapman, Matt",chapm001,2,0,empty,empty,1,field_out,4,0,1
2025-05-12,SFN202505120,SFN,"Ramos, Heliot",ramoh002,2,1,empty,empty,1,single,4,0,1
2025-05-12,SFN202505120,SFN,"Lee, Jung Hoo",lee-j001,2,1,1B,1B,1,single,4,0,1
2025-05-12,SFN202505120,SFN,"Flores, Wilmer",florw001,2,1,1B+3B,1B+3B,1,grounded_into_double_play,4,0,1
2025-05-12,SFN202505120,SFN,"Adames, Willy",adamw002,2,0,empty,empty,1,double,5,0,2
2025-05-12,SFN202505120,SFN,"Bailey, Patrick",bailp001,2,0,2B,2B,1,strikeout,5,0,2
2025-05-12,SFN202505120,SFN,"Matos, Luis",matol002,2,1,2B,2B,1,field_out,5,0,2
2025-05-12,SFN202505120,SFN,"Koss, Christian",kossc001,2,2,2B,2B,1,single,5,0,2
2025-05-12,SFN202505120,SFN,"Yastrzemski, Mike",yastm001,3,0,empty,empty,1,field_out,6,1,2
2025-05-12,SFN202505120,SFN,"Chapman, Matt",chapm001,3,1,empty,empty,1,field_out,6,1,2
2025-05-12,SFN202505120,SFN,"Ramos, Heliot",ramoh002,3,2,empty,empty,1,single,6,1,2
2025-05-12,SFN202505120,SFN,"Lee, Jung Hoo",lee-j001,3,2,1B,1B,1,field_out,6,1,2
2025-05-12,SFN202505120,SFN,"Flores, Wilmer",florw001,3,0,empty,empty,1,single,7,1,2
2025-05-12,SFN202505120,SFN,"Adames, Willy",adamw002,3,0,1B,1B,1,strikeout,7,1,2
2025-05-12,SFN202505120,SFN,"Bailey, Patrick",bailp001,3,1,1B,1B,1,single,7,1,2
2025-05-12,SFN202505120,SFN,"Matos, Luis",matol002,3,1,1B+2B,1B+2B,1,strikeout,7,1,2
2025-05-12,SFN202505120,SFN,"Koss, Christian",kossc001,3,2,1B+2B,1B+2B,1,field_out,7,1,2
2025-05-12,SFN202505120,SFN,"Yastrzemski, Mike",yastm001,4,0,empty,empty,1,walk,8,1,2
2025-05-12,SFN202505120,SFN,"Chapman, Matt",chapm001,4,0,1B,1B,1,strikeout,8,1,2
2025-05-12,SFN202505120,SFN,"Ramos, Heliot",ramoh002,4,1,1B,1B,1,field_out,8,1,2
2025-05-12,SFN202505120,SFN,"Lee, Jung Hoo",lee-j001,4,2,1B,1B,1,field_out,8,1,2
2025-05-12,SFN202505120,SFN,"Flores, Wilmer",florw001,4,0,empty,empty,1,field_out,9,1,2
2025-05-12,SFN202505120,SFN,"Adames, Willy",adamw002,4,1,empty,empty,1,field_out,9,1,2
2025-05-12,SFN202505120,SFN,"Bailey, Patrick",bailp001,4,2,empty,empty,1,strikeout,9,1,2
2025-05-13,SFN202505130,SFN,"Yastrzemski, Mike",yastm001,1,0,empty,empty,1,walk,1,0,3
2025-05-13,SFN202505130,SFN,"Chapman, Matt",chapm001,1,0,1B,1B,1,field_out,1,0,3
2025-05-13,SFN202505130,SFN,"Ramos, Heliot",ramoh002,1,1,1B,1B,1,field_out,1,0,3
2025-05-13,SFN202505130,SFN,"Lee, Jung Hoo",lee-j001,1,2,2B,2B,1,field_out,1,0,3
2025-05-13,SFN202505130,SFN,"Flores, Wilmer",florw001,1,0,empty,empty,1,single,2,0,3
2025-05-13,SFN202505130,SFN,"Adames, Willy",adamw002,1,0,1B,1B,1,walk,2,0,3
2025-05-13,SFN202505130,SFN,"Wade, LaMonte",wadel001,1,0,1B+2B,1B+2B,1,field_out,2,0,3
2025-05-13,SFN202505130,SFN,"Bailey, Patrick",bailp001,1,1,1B+3B,1B+3B,1,walk,2,0,3
2025-05-13,SFN202505130,SFN,"Koss, Christian",kossc001,1,1,1B+2B+3B,1B+2B+3B,1,home_run,2,0,3
2025-05-13,SFN202505130,SFN,"Yastrzemski, Mike",yastm001,2,1,empty,empty,1,single,2,4,3
2025-05-13,SFN202505130,SFN,"Chapman, Matt",chapm001,2,1,1B,1B,1,strikeout,2,4,3
2025-05-13,SFN202505130,SFN,"Ramos, Heliot",ramoh002,2,2,2B,2B,1,field_out,2,4,3
2025-05-13,SFN202505130,SFN,"Lee, Jung Hoo",lee-j001,2,0,empty,empty,1,single,3,4,3
2025-05-13,SFN202505130,SFN,"Flores, Wilmer",florw001,2,0,1B,1B,1,field_out,3,4,3
2025-05-13,SFN202505130,SFN,"Adames, Willy",adamw002,2,1,1B,1B,1,field_out,3,4,3
2025-05-13,SFN202505130,SFN,"Wade, LaMonte",wadel001,2,2,1B,1B,1,single,3,4,3
2025-05-13,SFN202505130,SFN,"Bailey, Patrick",bailp001,2,2,2B+3B,2B+3B,1,field_out,3,4,3
2025-05-13,SFN202505130,SFN,"Koss, Christian",kossc001,2,0,empty,empty,1,strikeout,4,4,3
2025-05-13,SFN202505130,SFN,"Yastrzemski, Mike",yastm001,3,1,empty,empty,1,double,4,4,3
2025-05-13,SFN202505130,SFN,"Chapman, Matt",chapm001,3,1,2B,2B,1,strikeout,4,4,3
2025-05-13,SFN202505130,SFN,"Ramos, Heliot",ramoh002,3,2,2B,2B,1,field_out,4,4,3
2025-05-13,SFN202505130,SFN,"Lee, Jung Hoo",lee-j001,3,0,empty,empty,1,strikeout,5,4,3
2025-05-13,SFN202505130,SFN,"Flores, Wilmer",florw001,3,1,empty,empty,1,walk,5,4,3
2025-05-13,SFN202505130,SFN,"Adames, Willy",adamw002,3,1,1B,1B,1,home_run,5,4,3
2025-05-13,SFN202505130,SFN,"Wade, LaMonte",wadel001,3,1,empty,empty,1,single,5,6,3
2025-05-13,SFN202505130,SFN,"Bailey, Patrick",bailp001,3,1,1B,1B,1,field_out,5,6,3
2025-05-13,SFN202505130,SFN,"Koss, Christian",kossc001,3,2,1B,1B,1,single,5,6,3
2025-05-13,SFN202505130,SFN,"Yastrzemski, Mike",yastm001,4,2,1B+3B,2B,0,strikeout,5,7,3
2025-05-13,SFN202505130,SFN,"Chapman, Matt",chapm001,4,0,empty,empty,1,walk,6,7,3
2025-05-13,SFN202505130,SFN,"Ramos, Heliot",ramoh002,4,0,1B,1B,1,field_out,6,7,3
2025-05-13,SFN202505130,SFN,"Lee, Jung Hoo",lee-j001,4,1,1B,1B,1,field_out,6,7,3
2025-05-13,SFN202505130,SFN,"Flores, Wilmer",florw001,4,0,1B,empty,0,field_out,7,7,4
2025-05-13,SFN202505130,SFN,"Adames, Willy",adamw002,4,1,empty,empty,1,field_out,7,7,4
2025-05-13,SFN202505130,SFN,"Wade, LaMonte",wadel001,4,2,empty,empty,1,field_error,7,7,4
2025-05-13,SFN202505130,SFN,"Bailey, Patrick",bailp001,4,2,1B,1B,1,field_out,7,7,4
2025-05-13,SFN202505130,SFN,"Koss, Christian",kossc001,4,0,empty,empty,1,strikeout,8,7,4
2025-05-13,SFN202505130,SFN,"Yastrzemski, Mike",yastm001,5,1,empty,empty,1,double,8,7,4
2025-05-13,SFN202505130,SFN,"Chapman, Matt",chapm001,5,1,2B,2B,1,field_out,8,7,4
2025-05-13,SFN202505130,SFN,"Ramos, Heliot",ramoh002,5,2,2B,2B,1,intent_walk,8,7,4
2025-05-13,SFN202505130,SFN,"Lee, Jung Hoo",lee-j001,5,2,1B+2B,1B+2B,1,home_run,8,7,4
2025-05-13,SFN202505130,SFN,"Flores, Wilmer",florw001,5,2,empty,empty,1,single,8,10,4
2025-05-13,SFN202505130,SFN,"Adames, Willy",adamw002,5,2,1B,1B,1,double,8,10,4
2025-05-13,SFN202505130,SFN,"Wade, LaMonte",wadel001,5,2,2B+3B,2B+3B,1,field_out,8,10,4
2025-05-14,SFN202505140,SFN,"Ramos, Heliot",ramoh002,1,0,empty,empty,1,strikeout,1,0,1
2025-05-14,SFN202505140,SFN,"Flores, Wilmer",florw001,1,1,empty,empty,1,single,1,0,1
2025-05-14,SFN202505140,SFN,"Lee, Jung Hoo",lee-j001,1,1,1B,1B,1,field_out,1,0,1
2025-05-14,SFN202505140,SFN,"Chapman, Matt",chapm001,1,2,1B,1B,1,field_out,1,0,1
2025-05-14,SFN202505140,SFN,"Adames, Willy",adamw002,1,0,empty,empty,1,walk,2,0,3
2025-05-14,SFN202505140,SFN,"Matos, Luis",matol002,1,0,1B,1B,1,field_out,2,0,3
2025-05-14,SFN202505140,SFN,"Huff, Sam",huffs001,1,1,1B,1B,1,single,2,0,3
2025-05-14,SFN202505140,SFN,"Villar, David",villd001,1,1,1B+3B,1B+3B,1,walk,2,0,3
2025-05-14,SFN202505140,SFN,"Koss, Christian",kossc001,1,1,1B+2B+3B,1B+2B+3B,1,single,2,0,3
2025-05-14,SFN202505140,SFN,"Ramos, Heliot",ramoh002,2,1,1B+2B+3B,1B+2B+3B,1,sac_fly,2,1,3
2025-05-14,SFN202505140,SFN,"Flores, Wilmer",florw001,2,2,1B+3B,1B+3B,1,field_out,2,2,3
2025-05-14,SFN202505140,SFN,"Lee, Jung Hoo",lee-j001,2,0,empty,empty,1,field_out,3,2,6
2025-05-14,SFN202505140,SFN,"Chapman, Matt",chapm001,2,1,empty,empty,1,field_out,3,2,6
2025-05-14,SFN202505140,SFN,"Adames, Willy",adamw002,2,2,empty,empty,1,strikeout,3,2,6
2025-05-14,SFN202505140,SFN,"Matos, Luis",matol002,2,0,empty,empty,1,walk,4,2,8
2025-05-14,SFN202505140,SFN,"Huff, Sam",huffs001,2,0,1B,1B,1,strikeout,4,2,8
2025-05-14,SFN202505140,SFN,"Villar, David",villd001,2,1,1B,1B,1,single,4,2,8
2025-05-14,SFN202505140,SFN,"Koss, Christian",kossc001,2,1,1B+2B,1B+2B,1,field_out,4,2,8
2025-05-14,SFN202505140,SFN,"Ramos, Heliot",ramoh002,3,2,1B+2B,1B+2B,1,double,4,2,8
2025-05-14,SFN202505140,SFN,"Flores, Wilmer",florw001,3,2,2B,2B,1,strikeout,4,4,8
2025-05-14,SFN202505140,SFN,"Lee, Jung Hoo",lee-j001,3,0,empty,empty,1,field_out,5,4,8
2025-05-14,SFN202505140,SFN,"Chapman, Matt",chapm001,3,1,empty,empty,1,single,5,4,8
2025-05-14,SFN202505140,SFN,"Adames, Willy",adamw002,3,1,1B,1B,1,strikeout,5,4,8
2025-05-14,SFN202505140,SFN,"Matos, Luis",matol002,3,2,1B,1B,1,strikeout,5,4,8
2025-05-14,SFN202505140,SFN,"Huff, Sam",huffs001,3,0,empty,empty,1,strikeout,6,4,8
2025-05-14,SFN202505140,SFN,"Villar, David",villd001,3,1,empty,empty,1,walk,6,4,8
2025-05-14,SFN202505140,SFN,"Koss, Christian",kossc001,3,1,1B,1B,1,strikeout,6,4,8
2025-05-14,SFN202505140,SFN,"Ramos, Heliot",ramoh002,4,2,1B,1B,1,field_out,6,4,8
2025-05-14,SFN202505140,SFN,"Flores, Wilmer",florw001,4,0,empty,empty,1,single,7,4,8
2025-05-14,SFN202505140,SFN,"Lee, Jung Hoo",lee-j001,4,0,1B,1B,1,home_run,7,4,8
2025-05-14,SFN202505140,SFN,"Chapman, Matt",chapm001,4,0,empty,empty,1,strikeout,7,6,8
2025-05-14,SFN202505140,SFN,"Adames, Willy",adamw002,4,1,empty,empty,1,field_out,7,6,8
2025-05-14,SFN202505140,SFN,"Matos, Luis",matol002,4,2,empty,empty,1,field_out,7,6,8
2025-05-14,SFN202505140,SFN,"Yastrzemski, Mike",yastm001,1,0,empty,empty,1,strikeout,8,6,8
2025-05-14,SFN202505140,SFN,"Villar, David",villd001,4,1,empty,empty,1,strikeout,8,6,8
2025-05-14,SFN202505140,SFN,"Koss, Christian",kossc001,4,2,empty,empty,1,walk,8,6,8
2025-05-14,SFN202505140,SFN,"Ramos, Heliot",ramoh002,5,2,1B,1B,1,single,8,6,8
2025-05-14,SFN202505140,SFN,"Flores, Wilmer",florw001,5,2,1B+2B,1B+2B,1,field_out,8,6,8
2025-05-14,SFN202505140,SFN,"Lee, Jung Hoo",lee-j001,5,0,empty,empty,1,field_out,9,6,8
2025-05-14,SFN202505140,SFN,"Chapman, Matt",chapm001,5,1,empty,empty,1,single,9,6,8
2025-05-14,SFN202505140,SFN,"Adames, Willy",adamw002,5,1,1B,1B,1,double,9,6,8
2025-05-14,SFN202505140,SFN,"Bailey, Patrick",bailp001,1,1,2B+3B,2B+3B,1,walk,9,6,8
2025-05-14,SFN202505140,SFN,"Yastrzemski, Mike",yastm001,2,1,1B+2B+3B,1B+2B+3B,1,strikeout,9,6,8
2025-05-14,SFN202505140,SFN,"Wade, LaMonte",wadel001,1,2,1B+2B+3B,1B+2B+3B,1,walk,9,6,8
2025-05-14,SFN202505140,SFN,"Koss, Christian",kossc001,5,2,1B+2B+3B,1B+2B+3B,1,field_out,9,7,8
2025-05-16,SFN202505160,SFN,"Ramos, Heliot",ramoh002,1,0,empty,empty,1,field_out,1,0,0
2025-05-16,SFN202505160,SFN,"Flores, Wilmer",florw001,1,1,empty,empty,1,field_out,1,0,0
2025-05-16,SFN202505160,SFN,"Lee, Jung Hoo",lee-j001,1,2,empty,empty,1,field_out,1,0,0
2025-05-16,SFN202505160,SFN,"Chapman, Matt",chapm001,1,0,empty,empty,1,field_out,2,0,0
2025-05-16,SFN202505160,SFN,"Adames, Willy",adamw002,1,1,empty,empty,1,strikeout,2,0,0
2025-05-16,SFN202505160,SFN,"Yastrzemski, Mike",yastm001,1,2,empty,empty,1,single,2,0,0
2025-05-16,SFN202505160,SFN,"Villar, David",villd001,1,2,1B,1B,1,strikeout,2,0,0
2025-05-16,SFN202505160,SFN,"Bailey, Patrick",bailp001,1,0,empty,empty,1,single,3,0,0
2025-05-16,SFN202505160,SFN,"Fitzgerald, Tyler",fitzt001,1,0,1B,1B,1,walk,3,0,0
2025-05-16,SFN202505160,SFN,"Ramos, Heliot",ramoh002,2,0,1B+2B,1B+2B,1,walk,3,0,0
2025-05-16,SFN202505160,SFN,"Flores, Wilmer",florw001,2,0,1B+2B+3B,1B+2B+3B,1,home_run,3,0,0
2025-05-16,SFN202505160,SFN,"Lee, Jung Hoo",lee-j001,2,0,empty,empty,1,field_out,3,4,0
2025-05-16,SFN202505160,SFN,"Chapman, Matt",chapm001,2,1,empty,empty,1,single,3,4,0
2025-05-16,SFN202505160,SFN,"Adames, Willy",adamw002,2,1,1B,1B,1,field_out,3,4,0
2025-05-16,SFN202505160,SFN,"Yastrzemski, Mike",yastm001,2,2,1B,1B,1,field_out,3,4,0
2025-05-16,SFN202505160,SFN,"Villar, David",villd001,2,0,empty,empty,1,field_out,4,4,0
2025-05-16,SFN202505160,SFN,"Bailey, Patrick",bailp001,2,1,empty,empty,1,field_out,4,4,0
2025-05-16,SFN202505160,SFN,"Fitzgerald, Tyler",fitzt001,2,2,empty,empty,1,double,4,4,0
2025-05-16,SFN202505160,SFN,"Ramos, Heliot",ramoh002,3,2,2B,2B,1,walk,4,4,0
2025-05-16,SFN202505160,SFN,"Flores, Wilmer",florw001,3,2,1B+2B,1B+2B,1,field_out,4,4,0
2025-05-16,SFN202505160,SFN,"Lee, Jung Hoo",lee-j001,3,0,empty,empty,1,single,5,4,0
2025-05-16,SFN202505160,SFN,"Chapman, Matt",chapm001,3,0,1B,1B,1,field_out,5,4,0
2025-05-16,SFN202505160,SFN,"Adames, Willy",adamw002,3,1,1B,1B,1,field_out,5,4,0
2025-05-16,SFN202505160,SFN,"Yastrzemski, Mike",yastm001,3,2,1B,1B,1,walk,5,4,0
2025-05-16,SFN202505160,SFN,"Wade, LaMonte",wadel001,1,2,1B+2B,1B+2B,1,strikeout,5,4,0
2025-05-16,SFN202505160,SFN,"Bailey, Patrick",bailp001,3,0,empty,empty,1,walk,6,4,0
2025-05-16,SFN202505160,SFN,"Fitzgerald, Tyler",fitzt001,3,0,1B,1B,1,strikeout,6,4,0
2025-05-16,SFN202505160,SFN,"Ramos, Heliot",ramoh002,4,1,1B,1B,1,single,6,4,0
2025-05-16,SFN202505160,SFN,"Flores, Wilmer",florw001,4,1,1B+2B,1B+2B,1,home_run,6,4,0
2025-05-16,SFN202505160,SFN,"Lee, Jung Hoo",lee-j001,4,1,empty,empty,1,double,6,7,0
2025-05-16,SFN202505160,SFN,"Chapman, Matt",chapm001,4,1,2B,2B,1,field_out,6,7,0
2025-05-16,SFN202505160,SFN,"Adames, Willy",adamw002,4,2,2B,2B,1,single,6,7,0
2025-05-16,SFN202505160,SFN,"Yastrzemski, Mike",yastm001,4,2,1B+3B,1B+3B,1,field_out,6,7,0
2025-05-16,SFN202505160,SFN,"Wade, LaMonte",wadel001,2,0,empty,empty,1,strikeout,7,7,0
2025-05-16,SFN202505160,SFN,"Bailey, Patrick",bailp001,4,1,empty,empty,1,field_out,7,7,0
2025-05-16,SFN202505160,SFN,"Fitzgerald, Tyler",fitzt001,4,2,empty,empty,1,strikeout,7,7,0
2025-05-16,SFN202505160,SFN,"Ramos, Heliot",ramoh002,5,0,empty,empty,1,strikeout,8,7,1
2025-05-16,SFN202505160,SFN,"Flores, Wilmer",florw001,5,1,empty,empty,1,home_run,8,7,1
2025-05-16,SFN202505160,SFN,"Lee, Jung Hoo",lee-j001,5,1,empty,empty,1,field_out,8,8,1
2025-05-16,SFN202505160,SFN,"Chapman, Matt",chapm001,5,2,empty,empty,1,double,8,8,1
2025-05-16,SFN202505160,SFN,"Adames, Willy",adamw002,5,2,2B,2B,1,single,8,8,1
2025-05-16,SFN202505160,SFN,"Yastrzemski, Mike",yastm001,5,2,1B,1B,1,strikeout,8,9,1
2025-05-17,SFN202505170,SFN,"Yastrzemski, Mike",yastm001,1,0,empty,empty,1,strikeout,1,0,0
2025-05-17,SFN202505170,SFN,"Flores, Wilmer",florw001,1,1,empty,empty,1,field_out,1,0,0
2025-05-17,SFN202505170,SFN,"Lee, Jung Hoo",lee-j001,1,2,empty,empty,1,field_out,1,0,0
2025-05-17,SFN202505170,SFN,"Ramos, Heliot",ramoh002,1,0,empty,empty,1,single,2,0,0
2025-05-17,SFN202505170,SFN,"Chapman, Matt",chapm001,1,0,1B,1B,1,strikeout,2,0,0
2025-05-17,SFN202505170,SFN,"Adames, Willy",adamw002,1,1,1B,1B,1,field_out,2,0,0
2025-05-17,SFN202505170,SFN,"Wade, LaMonte",wadel001,1,2,1B,1B,1,field_out,2,0,0
2025-05-17,SFN202505170,SFN,"Bailey, Patrick",bailp001,1,0,empty,empty,1,field_out,3,0,0
2025-05-17,SFN202505170,SFN,"Fitzgerald, Tyler",fitzt001,1,1,empty,empty,1,single,3,0,0
2025-05-17,SFN202505170,SFN,"Yastrzemski, Mike",yastm001,2,1,1B,1B,1,single,3,0,0
2025-05-17,SFN202505170,SFN,"Flores, Wilmer",florw001,2,1,1B+2B,1B+2B,1,walk,3,0,0
2025-05-17,SFN202505170,SFN,"Lee, Jung Hoo",lee-j001,2,1,1B+2B+3B,1B+2B+3B,1,strikeout,3,0,0
2025-05-17,SFN202505170,SFN,"Ramos, Heliot",ramoh002,2,2,1B+2B+3B,1B+2B+3B,1,strikeout,3,0,0
2025-05-17,SFN202505170,SFN,"Chapman, Matt",chapm001,2,0,empty,empty,1,field_out,4,0,0
2025-05-17,SFN202505170,SFN,"Adames, Willy",adamw002,2,1,empty,empty,1,field_out,4,0,0
2025-05-17,SFN202505170,SFN,"Wade, LaMonte",wadel001,2,2,empty,empty,1,double,4,0,0
2025-05-17,SFN202505170,SFN,"Bailey, Patrick",bailp001,2,2,2B,2B,1,strikeout,4,0,0
2025-05-17,SFN202505170,SFN,"Fitzgerald, Tyler",fitzt001,2,0,empty,empty,1,field_out,5,0,0
2025-05-17,SFN202505170,SFN,"Yastrzemski, Mike",yastm001,3,1,empty,empty,1,field_out,5,0,0
2025-05-17,SFN202505170,SFN,"Flores, Wilmer",florw001,3,2,empty,empty,1,field_out,5,0,0
2025-05-17,SFN202505170,SFN,"Lee, Jung Hoo",lee-j001,3,0,empty,empty,1,field_out,6,0,0
2025-05-17,SFN202505170,SFN,"Ramos, Heliot",ramoh002,3,1,empty,empty,1,field_out,6,0,0
2025-05-17,SFN202505170,SFN,"Chapman, Matt",chapm001,3,2,empty,empty,1,field_out,6,0,0
2025-05-17,SFN202505170,SFN,"Adames, Willy",adamw002,3,0,empty,empty,1,field_out,7,0,0
2025-05-17,SFN202505170,SFN,"Wade, LaMonte",wadel001,3,1,empty,empty,1,field_out,7,0,0
2025-05-17,SFN202505170,SFN,"Bailey, Patrick",bailp001,3,2,empty,empty,1,strikeout,7,0,0
2025-05-17,SFN202505170,SFN,"Fitzgerald, Tyler",fitzt001,3,0,empty,empty,1,single,8,0,0
2025-05-17,SFN202505170,SFN,"Yastrzemski, Mike",yastm001,4,0,1B,1B,1,strikeout_double_play,8,0,0
2025-05-17,SFN202505170,SFN,"Flores, Wilmer",florw001,4,2,empty,empty,1,walk,8,0,0
2025-05-17,SFN202505170,SFN,"Lee, Jung Hoo",lee-j001,4,2,1B,1B,1,field_out,8,0,0
2025-05-17,SFN202505170,SFN,"Ramos, Heliot",ramoh002,4,0,empty,empty,1,field_out,9,0,0
2025-05-17,SFN202505170,SFN,"Chapman, Matt",chapm001,4,1,empty,empty,1,strikeout,9,0,0
2025-05-17,SFN202505170,SFN,"Adames, Willy",adamw002,4,2,empty,empty,1,strikeout,9,0,0
2025-05-17,SFN202505170,SFN,"Wade, LaMonte",wadel001,4,0,2B,2B,1,walk,10,0,0
2025-05-17,SFN202505170,SFN,"Bailey, Patrick",bailp001,4,0,1B+2B,1B+2B,1,sac_bunt,10,0,0
2025-05-17,SFN202505170,SFN,"Fitzgerald, Tyler",fitzt001,4,1,2B+3B,2B+3B,1,strikeout,10,0,0
2025-05-17,SFN202505170,SFN,"Yastrzemski, Mike",yastm001,5,2,2B+3B,2B+3B,1,intent_walk,10,0,0
2025-05-17,SFN202505170,SFN,"Flores, Wilmer",florw001,5,2,1B+2B+3B,1B+2B+3B,1,walk,10,0,0
2025-05-18,SFN202505180,SFN,"Ramos, Heliot",ramoh002,1,0,empty,empty,1,home_run,1,0,0
2025-05-18,SFN202505180,SFN,"Flores, Wilmer",florw001,1,0,empty,empty,1,field_out,1,1,0
2025-05-18,SFN202505180,SFN,"Lee, Jung Hoo",lee-j001,1,1,empty,empty,1,field_out,1,1,0
2025-05-18,SFN202505180,SFN,"Chapman, Matt",chapm001,1,2,empty,empty,1,field_out,1,1,0
2025-05-18,SFN202505180,SFN,"Adames, Willy",adamw002,1,0,empty,empty,1,field_out,2,1,0
2025-05-18,SFN202505180,SFN,"Matos, Luis",matol002,1,1,empty,empty,1,field_out,2,1,0
2025-05-18,SFN202505180,SFN,"Huff, Sam",huffs001,1,2,empty,empty,1,strikeout,2,1,0
2025-05-18,SFN202505180,SFN,"Villar, David",villd001,1,0,empty,empty,1,field_out,3,1,0
2025-05-18,SFN202505180,SFN,"Koss, Christian",kossc001,1,1,empty,empty,1,strikeout,3,1,0
2025-05-18,SFN202505180,SFN,"Ramos, Heliot",ramoh002,2,2,empty,empty,1,strikeout,3,1,0
2025-05-18,SFN202505180,SFN,"Flores, Wilmer",florw001,2,0,empty,empty,1,field_out,4,1,2
2025-05-18,SFN202505180,SFN,"Lee, Jung Hoo",lee-j001,2,1,empty,empty,1,field_out,4,1,2
2025-05-18,SFN202505180,SFN,"Chapman, Matt",chapm001,2,2,empty,empty,1,field_out,4,1,2
2025-05-18,SFN202505180,SFN,"Adames, Willy",adamw002,2,0,empty,empty,1,field_out,5,1,2
2025-05-18,SFN202505180,SFN,"Matos, Luis",matol002,2,1,empty,empty,1,field_out,5,1,2
2025-05-18,SFN202505180,SFN,"Huff, Sam",huffs001,2,2,empty,empty,1,field_out,5,1,2
2025-05-18,SFN202505180,SFN,"Villar, David",villd001,2,0,empty,empty,1,strikeout,6,1,2
2025-05-18,SFN202505180,SFN,"Koss, Christian",kossc001,2,1,empty,empty,1,field_out,6,1,2
2025-05-18,SFN202505180,SFN,"Ramos, Heliot",ramoh002,3,2,empty,empty,1,field_out,6,1,2
2025-05-18,SFN202505180,SFN,"Flores, Wilmer",florw001,3,0,empty,empty,1,strikeout,7,1,2
2025-05-18,SFN202505180,SFN,"Lee, Jung Hoo",lee-j001,3,1,empty,empty,1,field_out,7,1,2
2025-05-18,SFN202505180,SFN,"Chapman, Matt",chapm001,3,2,empty,empty,1,single,7,1,2
2025-05-18,SFN202505180,SFN,"Adames, Willy",adamw002,3,2,1B,1B,1,walk,7,1,2
2025-05-18,SFN202505180,SFN,"Yastrzemski, Mike",yastm001,1,2,1B+2B,1B+2B,1,field_out,7,1,2
2025-05-18,SFN202505180,SFN,"Wade, LaMonte",wadel001,1,0,empty,empty,1,triple,8,1,2
2025-05-18,SFN202505180,SFN,"Bailey, Patrick",bailp001,1,0,3B,3B,1,single,8,1,2
2025-05-18,SFN202505180,SFN,"Koss, Christian",kossc001,3,0,1B,1B,1,sac_bunt,8,2,2
2025-05-18,SFN202505180,SFN,"Ramos, Heliot",ramoh002,4,1,2B,2B,1,single,8,2,2
2025-05-18,SFN202505180,SFN,"Flores, Wilmer",florw001,4,2,empty,empty,1,walk,8,3,2
2025-05-18,SFN202505180,SFN,"Lee, Jung Hoo",lee-j001,4,2,1B,1B,1,field_out,8,3,2
2025-05-19,SFN202505190,SFN,"Ramos, Heliot",ramoh002,1,0,empty,empty,1,field_out,1,0,0
2025-05-19,SFN202505190,SFN,"Flores, Wilmer",florw001,1,1,empty,empty,1,field_out,1,0,0
2025-05-19,SFN202505190,SFN,"Lee, Jung Hoo",lee-j001,1,2,empty,empty,1,field_out,1,0,0
2025-05-19,SFN202505190,SFN,"Chapman, Matt",chapm001,1,0,empty,empty,1,field_out,2,0,0
2025-05-19,SFN202505190,SFN,"Adames, Willy",adamw002,1,1,empty,empty,1,strikeout,2,0,0
2025-05-19,SFN202505190,SFN,"Schmitt, Casey",schmc003,1,2,empty,empty,1,field_out,2,0,0
2025-05-19,SFN202505190,SFN,"Fitzgerald, Tyler",fitzt001,1,0,empty,empty,1,walk,3,0,0
2025-05-19,SFN202505190,SFN,"Matos, Luis",matol002,1,0,1B,1B,1,field_out,3,0,0
2025-05-19,SFN202505190,SFN,"Huff, Sam",huffs001,1,1,1B,1B,1,strikeout,3,0,0
2025-05-19,SFN202505190,SFN,"Ramos, Heliot",ramoh002,2,2,1B,1B,1,field_out,3,0,0
2025-05-19,SFN202505190,SFN,"Flores, Wilmer",florw001,2,0,empty,empty,1,field_out,4,0,0
2025-05-19,SFN202505190,SFN,"Lee, Jung Hoo",lee-j001,2,1,empty,empty,1,field_out,4,0,0
2025-05-19,SFN202505190,SFN,"Chapman, Matt",chapm001,2,2,empty,empty,1,strikeout,4,0,0
2025-05-19,SFN202505190,SFN,"Adames, Willy",adamw002,2,0,empty,empty,1,field_out,5,0,0
2025-05-19,SFN202505190,SFN,"Schmitt, Casey",schmc003,2,1,empty,empty,1,walk,5,0,0
2025-05-19,SFN202505190,SFN,"Fitzgerald, Tyler",fitzt001,2,1,1B,1B,1,field_out,5,0,0
2025-05-19,SFN202505190,SFN,"Matos, Luis",matol002,2,2,2B,2B,1,field_out,5,0,0
2025-05-19,SFN202505190,SFN,"Huff, Sam",huffs001,2,0,empty,empty,1,strikeout,6,0,0
2025-05-19,SFN202505190,SFN,"Ramos, Heliot",ramoh002,3,1,empty,empty,1,field_out,6,0,0
2025-05-19,SFN202505190,SFN,"Flores, Wilmer",florw001,3,2,empty,empty,1,single,6,0,0
2025-05-19,SFN202505190,SFN,"Lee, Jung Hoo",lee-j001,3,2,1B,1B,1,strikeout,6,0,0
2025-05-19,SFN202505190,SFN,"Chapman, Matt",chapm001,3,0,empty,empty,1,field_out,7,0,0
2025-05-19,SFN202505190,SFN,"Adames, Willy",adamw002,3,1,empty,empty,1,walk,7,0,0
2025-05-19,SFN202505190,SFN,"Schmitt, Casey",schmc003,3,1,1B,1B,1,double,7,0,0
2025-05-19,SFN202505190,SFN,"Fitzgerald, Tyler",fitzt001,3,1,2B+3B,2B+3B,1,double_play,7,0,0
2025-05-19,SFN202505190,SFN,"Matos, Luis",matol002,3,0,empty,empty,1,field_out,8,0,2
2025-05-19,SFN202505190,SFN,"Huff, Sam",huffs001,3,1,empty,empty,1,single,8,0,2
2025-05-19,SFN202505190,SFN,"Ramos, Heliot",ramoh002,4,1,1B,1B,1,single,8,0,2
2025-05-19,SFN202505190,SFN,"Flores, Wilmer",florw001,4,1,1B+2B,1B+2B,1,strikeout,8,0,2
2025-05-19,SFN202505190,SFN,"Lee, Jung Hoo",lee-j001,4,2,1B+2B,1B+2B,1,double,8,0,2
2025-05-19,SFN202505190,SFN,"Chapman, Matt",chapm001,4,2,2B+3B,2B+3B,1,field_out,8,1,2
2025-05-19,SFN202505190,SFN,"Adames, Willy",adamw002,4,0,empty,empty,1,field_out,9,1,3
2025-05-19,SFN202505190,SFN,"Wade, LaMonte",wadel001,1,1,empty,empty,1,single,9,1,3
2025-05-19,SFN202505190,SFN,"Fitzgerald, Tyler",fitzt001,4,1,1B,1B,1,field_out,9,1,3
2025-05-19,SFN202505190,SFN,"Yastrzemski, Mike",yastm001,1,2,1B,2B,0,strikeout,9,1,3
2025-05-20,SFN202505200,SFN,"Yastrzemski, Mike",yastm001,1,0,empty,empty,1,field_out,1,0,0
2025-05-20,SFN202505200,SFN,"Flores, Wilmer",florw001,1,1,empty,empty,1,single,1,0,0
2025-05-20,SFN202505200,SFN,"Lee, Jung Hoo",lee-j001,1,1,1B,1B,1,field_out,1,0,0
2025-05-20,SFN202505200,SFN,"Ramos, Heliot",ramoh002,1,2,1B,1B,1,single,1,0,0
2025-05-20,SFN202505200,SFN,"Adames, Willy",adamw002,1,2,1B+3B,1B+3B,1,field_out,1,0,0
2025-05-20,SFN202505200,SFN,"Wade, LaMonte",wadel001,1,0,empty,empty,1,field_out,2,0,0
2025-05-20,SFN202505200,SFN,"Schmitt, Casey",schmc003,1,1,empty,empty,1,strikeout,2,0,0
2025-05-20,SFN202505200,SFN,"Bailey, Patrick",bailp001,1,2,empty,empty,1,strikeout,2,0,0
2025-05-20,SFN202505200,SFN,"Fitzgerald, Tyler",fitzt001,1,0,empty,empty,1,field_out,3,0,1
2025-05-20,SFN202505200,SFN,"Yastrzemski, Mike",yastm001,2,1,empty,empty,1,single,3,0,1
2025-05-20,SFN202505200,SFN,"Flores, Wilmer",florw001,2,1,1B,1B,1,grounded_into_double_play,3,0,1
2025-05-20,SFN202505200,SFN,"Lee, Jung Hoo",lee-j001,2,0,empty,empty,1,field_out,4,0,1
2025-05-20,SFN202505200,SFN,"Ramos, Heliot",ramoh002,2,1,empty,empty,1,hit_by_pitch,4,0,1
2025-05-20,SFN202505200,SFN,"Adames, Willy",adamw002,2,1,1B,1B,1,triple,4,0,1
2025-05-20,SFN202505200,SFN,"Wade, LaMonte",wadel001,2,1,3B,3B,1,walk,4,1,1
2025-05-20,SFN202505200,SFN,"Schmitt, Casey",schmc003,2,1,1B+3B,1B+3B,1,single,4,1,1
2025-05-20,SFN202505200,SFN,"Bailey, Patrick",bailp001,2,1,1B+2B,1B+2B,1,field_out,4,2,1
2025-05-20,SFN202505200,SFN,"Fitzgerald, Tyler",fitzt001,2,2,2B+3B,2B+3B,1,strikeout,4,2,1
2025-05-20,SFN202505200,SFN,"Yastrzemski, Mike",yastm001,3,0,empty,empty,1,single,5,2,1
2025-05-20,SFN202505200,SFN,"Flores, Wilmer",florw001,3,0,1B,1B,1,fielders_choice,5,2,1
2025-05-20,SFN202505200,SFN,"Lee, Jung Hoo",lee-j001,3,0,1B+3B,1B+3B,1,single,5,2,1
2025-05-20,SFN202505200,SFN,"Ramos, Heliot",ramoh002,3,0,1B+2B,1B+2B,1,strikeout,5,3,1
2025-05-20,SFN202505200,SFN,"Adames, Willy",adamw002,3,1,1B+2B,2B+3B,0,strikeout,5,3,1
2025-05-20,SFN202505200,SFN,"Wade, LaMonte",wadel001,3,2,2B+3B,2B+3B,1,field_out,5,3,1
2025-05-20,SFN202505200,SFN,"Schmitt, Casey",schmc003,3,0,empty,empty,1,field_out,6,3,1
2025-05-20,SFN202505200,SFN,"Bailey, Patrick",bailp001,3,1,empty,empty,1,field_out,6,3,1
2025-05-20,SFN202505200,SFN,"Fitzgerald, Tyler",fitzt001,3,2,empty,empty,1,double,6,3,1
2025-05-20,SFN202505200,SFN,"Yastrzemski, Mike",yastm001,4,2,2B,2B,1,strikeout,6,3,1
2025-05-20,SFN202505200,SFN,"Flores, Wilmer",florw001,4,0,empty,empty,1,walk,7,3,1
2025-05-20,SFN202505200,SFN,"Lee, Jung Hoo",lee-j001,4,0,1B,1B,1,strikeout,7,3,1
2025-05-20,SFN202505200,SFN,"Ramos, Heliot",ramoh002,4,1,1B,1B,1,grounded_into_double_play,7,3,1
2025-05-20,SFN202505200,SFN,"Adames, Willy",adamw002,4,0,empty,empty,1,field_error,8,3,2
2025-05-20,SFN202505200,SFN,"Wade, LaMonte",wadel001,4,0,1B,1B,1,strikeout,8,3,2
2025-05-20,SFN202505200,SFN,"Schmitt, Casey",schmc003,4,1,1B,1B,1,walk,8,3,2
2025-05-20,SFN202505200,SFN,"Bailey, Patrick",bailp001,4,1,1B+2B,1B+2B,1,grounded_into_double_play,8,3,2
2025-05-21,SFN202505210,SFN,"Ramos, Heliot",ramoh002,1,0,empty,empty,1,strikeout,1,0,1
2025-05-21,SFN202505210,SFN,"Chapman, Matt",chapm001,1,1,empty,empty,1,walk,1,0,1
2025-05-21,SFN202505210,SFN,"Lee, Jung Hoo",lee-j001,1,1,1B,1B,1,strikeout,1,0,1
2025-05-21,SFN202505210,SFN,"Flores, Wilmer",florw001,1,2,1B,1B,1,single,1,0,1
2025-05-21,SFN202505210,SFN,"Adames, Willy",adamw002,1,2,1B+3B,1B+3B,1,field_out,1,0,1
2025-05-21,SFN202505210,SFN,"Yastrzemski, Mike",yastm001,1,0,empty,empty,1,field_out,2,0,3
2025-05-21,SFN202505210,SFN,"Fitzgerald, Tyler",fitzt001,1,1,empty,empty,1,field_out,2,0,3
2025-05-21,SFN202505210,SFN,"Bailey, Patrick",bailp001,1,2,empty,empty,1,walk,2,0,3
2025-05-21,SFN202505210,SFN,"Wade, LaMonte",wadel001,1,2,1B,1B,1,walk,2,0,3
2025-05-21,SFN202505210,SFN,"Ramos, Heliot",ramoh002,2,2,1B+2B,1B+2B,1,field_out,2,0,3
2025-05-21,SFN202505210,SFN,"Chapman, Matt",chapm001,2,0,empty,empty,1,home_run,3,0,3
2025-05-21,SFN202505210,SFN,"Lee, Jung Hoo",lee-j001,2,0,empty,empty,1,double,3,1,3
2025-05-21,SFN202505210,SFN,"Flores, Wilmer",florw001,2,0,2B,2B,1,field_out,3,1,3
2025-05-21,SFN202505210,SFN,"Adames, Willy",adamw002,2,1,2B,2B,1,strikeout,3,1,3
2025-05-21,SFN202505210,SFN,"Yastrzemski, Mike",yastm001,2,2,2B,2B,1,field_out,3,1,3
2025-05-21,SFN202505210,SFN,"Fitzgerald, Tyler",fitzt001,2,0,empty,empty,1,field_out,4,1,6
2025-05-21,SFN202505210,SFN,"Bailey, Patrick",bailp001,2,1,empty,empty,1,home_run,4,1,6
2025-05-21,SFN202505210,SFN,"Wade, LaMonte",wadel001,2,1,empty,empty,1,walk,4,2,6
2025-05-21,SFN202505210,SFN,"Ramos, Heliot",ramoh002,3,1,1B,1B,1,single,4,2,6
2025-05-21,SFN202505210,SFN,"Chapman, Matt",chapm001,3,1,1B+2B,1B+2B,1,field_out,4,2,6
2025-05-21,SFN202505210,SFN,"Lee, Jung Hoo",lee-j001,3,2,1B+2B,1B+2B,1,walk,4,2,6
2025-05-21,SFN202505210,SFN,"Flores, Wilmer",florw001,3,2,1B+2B+3B,1B+2B+3B,1,field_out,4,2,6
2025-05-21,SFN202505210,SFN,"Adames, Willy",adamw002,3,0,empty,empty,1,field_out,5,2,8
2025-05-21,SFN202505210,SFN,"Yastrzemski, Mike",yastm001,3,1,empty,empty,1,field_out,5,2,8
2025-05-21,SFN202505210,SFN,"Fitzgerald, Tyler",fitzt001,3,2,empty,empty,1,strikeout,5,2,8
2025-05-21,SFN202505210,SFN,"Bailey, Patrick",bailp001,3,0,empty,empty,1,field_out,6,2,8
2025-05-21,SFN202505210,SFN,"Wade, LaMonte",wadel001,3,1,empty,empty,1,field_out,6,2,8
2025-05-21,SFN202505210,SFN,"Ramos, Heliot",ramoh002,4,2,empty,empty,1,strikeout,6,2,8
2025-05-21,SFN202505210,SFN,"Chapman, Matt",chapm001,4,0,empty,empty,1,field_out,7,2,8
2025-05-21,SFN202505210,SFN,"Lee, Jung Hoo",lee-j001,4,1,empty,empty,1,field_out,7,2,8
2025-05-21,SFN202505210,SFN,"Flores, Wilmer",florw001,4,2,empty,empty,1,field_out,7,2,8
2025-05-21,SFN202505210,SFN,"Adames, Willy",adamw002,4,0,empty,empty,1,field_out,8,2,8
2025-05-21,SFN202505210,SFN,"Yastrzemski, Mike",yastm001,4,1,empty,empty,1,strikeout,8,2,8
2025-05-21,SFN202505210,SFN,"Fitzgerald, Tyler",fitzt001,4,2,empty,empty,1,single,8,2,8
2025-05-21,SFN202505210,SFN,"Bailey, Patrick",bailp001,4,2,1B,1B,1,field_out,8,2,8
2025-05-21,SFN202505210,SFN,"Wade, LaMonte",wadel001,4,0,empty,empty,1,single,9,2,8
2025-05-21,SFN202505210,SFN,"Ramos, Heliot",ramoh002,5,0,1B,1B,1,home_run,9,2,8
2025-05-21,SFN202505210,SFN,"Chapman, Matt",chapm001,5,0,empty,empty,1,field_out,9,4,8
2025-05-21,SFN202505210,SFN,"Lee, Jung Hoo",lee-j001,5,1,empty,empty,1,walk,9,4,8
2025-05-21,SFN202505210,SFN,"Flores, Wilmer",florw001,5,1,1B,1B,1,field_out,9,4,8
2025-05-21,SFN202505210,SFN,"Adames, Willy",adamw002,5,2,1B,1B,1,strikeout,9,4,8
2025-05-23,WAS202505230,SFN,"Ramos, Heliot",ramoh002,1,0,empty,empty,1,field_out,1,0,0
2025-05-23,WAS202505230,SFN,"Lee, Jung Hoo",lee-j001,1,1,empty,empty,1,strikeout,1,0,0
2025-05-23,WAS202505230,SFN,"Chapman, Matt",chapm001,1,2,empty,empty,1,strikeout,1,0,0
2025-05-23,WAS202505230,SFN,"Flores, Wilmer",florw001,1,0,empty,empty,1,field_out,2,0,0
2025-05-23,WAS202505230,SFN,"Adames, Willy",adamw002,1,1,empty,empty,1,field_out,2,0,0
2025-05-23,WAS202505230,SFN,"Schmitt, Casey",schmc003,1,2,empty,empty,1,single,2,0,0
2025-05-23,WAS202505230,SFN,"Yastrzemski, Mike",yastm001,1,2,1B,1B,1,field_out,2,0,0
2025-05-23,WAS202505230,SFN,"Bailey, Patrick",bailp001,1,0,empty,empty,1,strikeout,3,0,0
2025-05-23,WAS202505230,SFN,"Fitzgerald, Tyler",fitzt001,1,1,empty,empty,1,strikeout,3,0,0
2025-05-23,WAS202505230,SFN,"Ramos, Heliot",ramoh002,2,2,empty,empty,1,strikeout,3,0,0
2025-05-23,WAS202505230,SFN,"Lee, Jung Hoo",lee-j001,2,0,empty,empty,1,single,4,0,0
2025-05-23,WAS202505230,SFN,"Chapman, Matt",chapm001,2,0,1B,1B,1,field_out,4,0,0
2025-05-23,WAS202505230,SFN,"Flores, Wilmer",florw001,2,1,1B,1B,1,strikeout_double_play,4,0,0
2025-05-23,WAS202505230,SFN,"Adames, Willy",adamw002,2,0,empty,empty,1,walk,5,0,0
2025-05-23,WAS202505230,SFN,"Schmitt, Casey",schmc003,2,0,1B,1B,1,grounded_into_double_play,5,0,0
2025-05-23,WAS202505230,SFN,"Yastrzemski, Mike",yastm001,2,2,empty,empty,1,strikeout,5,0,0
2025-05-23,WAS202505230,SFN,"Bailey, Patrick",bailp001,2,0,empty,empty,1,strikeout,6,0,0
2025-05-23,WAS202505230,SFN,"Fitzgerald, Tyler",fitzt001,2,1,empty,empty,1,field_out,6,0,0
2025-05-23,WAS202505230,SFN,"Ramos, Heliot",ramoh002,3,2,empty,empty,1,strikeout,6,0,0
2025-05-23,WAS202505230,SFN,"Lee, Jung Hoo",lee-j001,3,0,empty,empty,1,walk,7,0,0
2025-05-23,WAS202505230,SFN,"Chapman, Matt",chapm001,3,0,1B,1B,1,walk,7,0,0
2025-05-23,WAS202505230,SFN,"Flores, Wilmer",florw001,3,0,1B+2B,1B+2B,1,grounded_into_double_play,7,0,0
2025-05-23,WAS202505230,SFN,"Adames, Willy",adamw002,3,2,3B,3B,1,single,7,0,0
2025-05-23,WAS202505230,SFN,"Schmitt, Casey",schmc003,3,2,1B,1B,1,walk,7,1,0
2025-05-23,WAS202505230,SFN,"Yastrzemski, Mike",yastm001,3,2,1B+2B,1B+2B,1,walk,7,1,0
2025-05-23,WAS202505230,SFN,"Bailey, Patrick",bailp001,3,2,1B+2B+3B,1B+2B+3B,1,walk,7,1,0
2025-05-23,WAS202505230,SFN,"Fitzgerald, Tyler",fitzt001,3,2,1B+2B+3B,1B+2B+3B,1,field_out,7,2,0
2025-05-23,WAS202505230,SFN,"Ramos, Heliot",ramoh002,4,0,empty,empty,1,field_out,8,2,0
2025-05-23,WAS202505230,SFN,"Lee, Jung Hoo",lee-j001,4,1,empty,empty,1,single,8,2,0
2025-05-23,WAS202505230,SFN,"Chapman, Matt",chapm001,4,1,1B,1B,1,single,8,2,0
2025-05-23,WAS202505230,SFN,"Flores, Wilmer",florw001,4,1,1B+3B,1B+3B,1,single,8,2,0
2025-05-23,WAS202505230,SFN,"Adames, Willy",adamw002,4,1,1B+2B,1B+2B,1,strikeout,8,3,0
2025-05-23,WAS202505230,SFN,"Schmitt, Casey",schmc003,4,2,1B+2B,1B+2B,1,hit_by_pitch,8,3,0
2025-05-23,WAS202505230,SFN,"Yastrzemski, Mike",yastm001,4,2,1B+2B+3B,2B+3B,0,strikeout,8,4,0
2025-05-23,WAS202505230,SFN,"Bailey, Patrick",bailp001,4,0,empty,empty,1,strikeout,9,4,0
2025-05-23,WAS202505230,SFN,"Fitzgerald, Tyler",fitzt001,4,1,empty,empty,1,strikeout,9,4,0
2025-05-23,WAS202505230,SFN,"Ramos, Heliot",ramoh002,5,2,empty,empty,1,single,9,4,0
2025-05-24,WAS202505240,SFN,"Yastrzemski, Mike",yastm001,1,0,empty,empty,1,field_out,1,0,0
2025-05-24,WAS202505240,SFN,"Ramos, Heliot",ramoh002,1,1,empty,empty,1,field_out,1,0,0
2025-05-24,WAS202505240,SFN,"Lee, Jung Hoo",lee-j001,1,2,empty,empty,1,field_out,1,0,0
2025-05-24,WAS202505240,SFN,"Flores, Wilmer",florw001,1,0,empty,empty,1,walk,2,0,2
2025-05-24,WAS202505240,SFN,"Chapman, Matt",chapm001,1,0,1B,1B,1,strikeout,2,0,2
2025-05-24,WAS202505240,SFN,"Adames, Willy",adamw002,1,1,1B,1B,1,strikeout,2,0,2
2025-05-24,WAS202505240,SFN,"Wade, LaMonte",wadel001,1,2,1B,1B,1,field_out,2,0,2
2025-05-24,WAS202505240,SFN,"Bailey, Patrick",bailp001,1,0,empty,empty,1,strikeout,3,0,2
2025-05-24,WAS202505240,SFN,"Fitzgerald, Tyler",fitzt001,1,1,empty,empty,1,single,3,0,2
2025-05-24,WAS202505240,SFN,"Yastrzemski, Mike",yastm001,2,1,1B,1B,1,field_out,3,0,2
2025-05-24,WAS202505240,SFN,"Ramos, Heliot",ramoh002,2,2,1B,1B,1,field_out,3,0,2
2025-05-24,WAS202505240,SFN,"Lee, Jung Hoo",lee-j001,2,0,empty,empty,1,single,4,0,2
2025-05-24,WAS202505240,SFN,"Flores, Wilmer",florw001,2,0,1B,1B,1,field_error,4,0,2
2025-05-24,WAS202505240,SFN,"Chapman, Matt",chapm001,2,0,1B+2B,1B+2B,1,grounded_into_double_play,4,0,2
2025-05-24,WAS202505240,SFN,"Adames, Willy",adamw002,2,2,3B,3B,1,strikeout,4,0,2
2025-05-24,WAS202505240,SFN,"Wade, LaMonte",wadel001,2,0,empty,empty,1,field_out,5,0,2
2025-05-24,WAS202505240,SFN,"Bailey, Patrick",bailp001,2,1,empty,empty,1,strikeout,5,0,2
2025-05-24,WAS202505240,SFN,"Fitzgerald, Tyler",fitzt001,2,2,empty,empty,1,single,5,0,2
2025-05-24,WAS202505240,SFN,"Yastrzemski, Mike",yastm001,3,2,1B,1B,1,field_out,5,0,2
2025-05-24,WAS202505240,SFN,"Ramos, Heliot",ramoh002,3,0,empty,empty,1,field_out,6,0,2
2025-05-24,WAS202505240,SFN,"Lee, Jung Hoo",lee-j001,3,1,empty,empty,1,field_out,6,0,2
2025-05-24,WAS202505240,SFN,"Flores, Wilmer",florw001,3,2,empty,empty,1,field_out,6,0,2
2025-05-24,WAS202505240,SFN,"Chapman, Matt",chapm001,3,0,empty,empty,1,field_out,7,0,2
2025-05-24,WAS202505240,SFN,"Adames, Willy",adamw002,3,1,empty,empty,1,field_out,7,0,2
2025-05-24,WAS202505240,SFN,"Wade, LaMonte",wadel001,3,2,empty,empty,1,field_out,7,0,2
2025-05-24,WAS202505240,SFN,"Bailey, Patrick",bailp001,3,0,empty,empty,1,field_out,8,0,3
2025-05-24,WAS202505240,SFN,"Fitzgerald, Tyler",fitzt001,3,1,empty,empty,1,strikeout,8,0,3
2025-05-24,WAS202505240,SFN,"Yastrzemski, Mike",yastm001,4,2,empty,empty,1,walk,8,0,3
2025-05-24,WAS202505240,SFN,"Ramos, Heliot",ramoh002,4,2,1B,1B,1,strikeout,8,0,3
2025-05-24,WAS202505240,SFN,"Lee, Jung Hoo",lee-j001,4,0,empty,empty,1,field_out,9,0,3
2025-05-24,WAS202505240,SFN,"Flores, Wilmer",florw001,4,1,empty,empty,1,strikeout,9,0,3
2025-05-24,WAS202505240,SFN,"Chapman, Matt",chapm001,4,2,empty,empty,1,field_out,9,0,3
2025-05-25,WAS202505250,SFN,"Yastrzemski, Mike",yastm001,1,0,empty,empty,1,field_out,1,0,0
2025-05-25,WAS202505250,SFN,"Ramos, Heliot",ramoh002,1,1,empty,empty,1,field_out,1,0,0
2025-05-25,WAS202505250,SFN,"Lee, Jung Hoo",lee-j001,1,2,empty,empty,1,field_out,1,0,0
2025-05-25,WAS202505250,SFN,"Flores, Wilmer",florw001,1,0,empty,empty,1,hit_by_pitch,2,0,0
2025-05-25,WAS202505250,SFN,"Chapman, Matt",chapm001,1,0,1B,1B,1,single,2,0,0
2025-05-25,WAS202505250,SFN,"Adames, Willy",adamw002,1,0,1B+3B,1B+3B,1,field_out,2,0,0
2025-05-25,WAS202505250,SFN,"Wade, LaMonte",wadel001,1,1,2B,2B,1,field_out,2,1,0
2025-05-25,WAS202505250,SFN,"Fitzgerald, Tyler",fitzt001,1,2,3B,3B,1,strikeout,2,1,0
2025-05-25,WAS202505250,SFN,"Huff, Sam",huffs001,1,0,empty,empty,1,home_run,3,1,0
2025-05-25,WAS202505250,SFN,"Yastrzemski, Mike",yastm001,2,0,empty,empty,1,triple,3,2,0
2025-05-25,WAS202505250,SFN,"Ramos, Heliot",ramoh002,2,0,3B,3B,1,field_out,3,2,0
2025-05-25,WAS202505250,SFN,"Lee, Jung Hoo",lee-j001,2,1,empty,empty,1,field_out,3,3,0
2025-05-25,WAS202505250,SFN,"Flores, Wilmer",florw001,2,2,empty,empty,1,double,3,3,0
2025-05-25,WAS202505250,SFN,"Chapman, Matt",chapm001,2,2,2B,2B,1,field_out,3,3,0
2025-05-25,WAS202505250,SFN,"Adames, Willy",adamw002,2,0,empty,empty,1,field_out,4,3,1
2025-05-25,WAS202505250,SFN,"Wade, LaMonte",wadel001,2,1,empty,empty,1,field_out,4,3,1
2025-05-25,WAS202505250,SFN,"Fitzgerald, Tyler",fitzt001,2,2,empty,empty,1,field_out,4,3,1
2025-05-25,WAS202505250,SFN,"Huff, Sam",huffs001,2,0,empty,empty,1,field_out,5,3,1
2025-05-25,WAS202505250,SFN,"Yastrzemski, Mike",yastm001,3,1,empty,empty,1,field_out,5,3,1
2025-05-25,WAS202505250,SFN,"Ramos, Heliot",ramoh002,3,2,empty,empty,1,strikeout,5,3,1
2025-05-25,WAS202505250,SFN,"Lee, Jung Hoo",lee-j001,3,0,empty,empty,1,single,6,3,1
2025-05-25,WAS202505250,SFN,"Flores, Wilmer",florw001,3,0,1B,1B,1,grounded_into_double_play,6,3,1
2025-05-25,WAS202505250,SFN,"Chapman, Matt",chapm001,3,2,empty,empty,1,walk,6,3,1
2025-05-25,WAS202505250,SFN,"Adames, Willy",adamw002,3,2,1B,1B,1,field_out,6,3,1
2025-05-25,WAS202505250,SFN,"Wade, LaMonte",wadel001,3,0,empty,empty,1,field_out,7,3,1
2025-05-25,WAS202505250,SFN,"Fitzgerald, Tyler",fitzt001,3,1,empty,empty,1,walk,7,3,1
2025-05-25,WAS202505250,SFN,"Huff, Sam",huffs001,3,1,1B,2B,0,strikeout,7,3,1
2025-05-25,WAS202505250,SFN,"Yastrzemski, Mike",yastm001,4,2,2B,2B,1,field_error,7,3,1
2025-05-25,WAS202505250,SFN,"Ramos, Heliot",ramoh002,4,2,1B+3B,1B+3B,1,strikeout,7,3,1
2025-05-25,WAS202505250,SFN,"Lee, Jung Hoo",lee-j001,4,0,empty,empty,1,field_out,8,3,1
2025-05-25,WAS202505250,SFN,"Flores, Wilmer",florw001,4,1,empty,empty,1,field_out,8,3,1
2025-05-25,WAS202505250,SFN,"Chapman, Matt",chapm001,4,2,empty,empty,1,field_out,8,3,1
2025-05-25,WAS202505250,SFN,"Adames, Willy",adamw002,4,0,empty,empty,1,field_out,9,3,1
2025-05-25,WAS202505250,SFN,"Wade, LaMonte",wadel001,4,1,empty,empty,1,field_out,9,3,1
2025-05-25,WAS202505250,SFN,"Fitzgerald, Tyler",fitzt001,4,2,empty,empty,1,field_out,9,3,1
2025-05-26,DET202505260,SFN,"Yastrzemski, Mike",yastm001,1,0,empty,empty,1,field_out,1,0,0
2025-05-26,DET202505260,SFN,"Chapman, Matt",chapm001,1,1,empty,empty,1,walk,1,0,0
2025-05-26,DET202505260,SFN,"Lee, Jung Hoo",lee-j001,1,1,1B,1B,1,single,1,0,0
2025-05-26,DET202505260,SFN,"Flores, Wilmer",florw001,1,1,1B+2B,1B+2B,1,field_out,1,0,0
2025-05-26,DET202505260,SFN,"Adames, Willy",adamw002,1,2,2B+3B,2B+3B,1,strikeout,1,0,0
2025-05-26,DET202505260,SFN,"Wade, LaMonte",wadel001,1,0,empty,empty,1,field_out,2,0,0
2025-05-26,DET202505260,SFN,"Fitzgerald, Tyler",fitzt001,1,1,empty,empty,1,field_out,2,0,0
2025-05-26,DET202505260,SFN,"Bailey, Patrick",bailp001,1,2,empty,empty,1,strikeout,2,0,0
2025-05-26,DET202505260,SFN,"Matos, Luis",matol002,1,0,empty,empty,1,field_out,3,0,0
2025-05-26,DET202505260,SFN,"Yastrzemski, Mike",yastm001,2,1,empty,empty,1,field_out,3,0,0
2025-05-26,DET202505260,SFN,"Chapman, Matt",chapm001,2,2,empty,empty,1,field_out,3,0,0
2025-05-26,DET202505260,SFN,"Lee, Jung Hoo",lee-j001,2,0,empty,empty,1,field_out,4,0,0
2025-05-26,DET202505260,SFN,"Flores, Wilmer",florw001,2,1,empty,empty,1,field_out,4,0,0
2025-05-26,DET202505260,SFN,"Adames, Willy",adamw002,2,2,empty,empty,1,field_out,4,0,0
2025-05-26,DET202505260,SFN,"Wade, LaMonte",wadel001,2,0,empty,empty,1,field_out,5,0,1
2025-05-26,DET202505260,SFN,"Fitzgerald, Tyler",fitzt001,2,1,empty,empty,1,strikeout,5,0,1
2025-05-26,DET202505260,SFN,"Bailey, Patrick",bailp001,2,2,empty,empty,1,walk,5,0,1
2025-05-26,DET202505260,SFN,"Matos, Luis",matol002,2,2,1B,1B,1,field_out,5,0,1
2025-05-26,DET202505260,SFN,"Yastrzemski, Mike",yastm001,3,0,empty,empty,1,field_out,6,0,3
2025-05-26,DET202505260,SFN,"Chapman, Matt",chapm001,3,1,empty,empty,1,single,6,0,3
2025-05-26,DET202505260,SFN,"Lee, Jung Hoo",lee-j001,3,1,1B,1B,1,single,6,0,3
2025-05-26,DET202505260,SFN,"Flores, Wilmer",florw001,3,1,1B+2B,1B+2B,1,single,6,0,3
2025-05-26,DET202505260,SFN,"Adames, Willy",adamw002,3,1,1B+2B,1B+2B,1,grounded_into_double_play,6,1,3
2025-05-26,DET202505260,SFN,"Wade, LaMonte",wadel001,3,0,empty,empty,1,walk,7,1,3
2025-05-26,DET202505260,SFN,"Fitzgerald, Tyler",fitzt001,3,0,1B,1B,1,field_out,7,1,3
2025-05-26,DET202505260,SFN,"Bailey, Patrick",bailp001,3,1,1B,1B,1,field_out,7,1,3
2025-05-26,DET202505260,SFN,"Matos, Luis",matol002,3,2,1B,1B,1,field_out,7,1,3
2025-05-26,DET202505260,SFN,"Yastrzemski, Mike",yastm001,4,0,empty,empty,1,field_out,8,1,3
2025-05-26,DET202505260,SFN,"Chapman, Matt",chapm001,4,1,empty,empty,1,field_out,8,1,3
2025-05-26,DET202505260,SFN,"Lee, Jung Hoo",lee-j001,4,2,empty,empty,1,field_out,8,1,3
2025-05-26,DET202505260,SFN,"Flores, Wilmer",florw001,4,0,empty,empty,1,single,9,1,3
2025-05-26,DET202505260,SFN,"Adames, Willy",adamw002,4,0,1B,1B,1,field_out,9,1,3
2025-05-26,DET202505260,SFN,"Wade, LaMonte",wadel001,4,1,1B,1B,1,strikeout,9,1,3
2025-05-26,DET202505260,SFN,"Fitzgerald, Tyler",fitzt001,4,2,1B,1B,1,field_out,9,1,3
2025-05-27,DET202505270,SFN,"Yastrzemski, Mike",yastm001,1,0,empty,empty,1,single,1,0,0
2025-05-27,DET202505270,SFN,"Ramos, Heliot",ramoh002,1,0,1B,1B,1,strikeout,1,0,0
2025-05-27,DET202505270,SFN,"Flores, Wilmer",florw001,1,1,1B,1B,1,field_out,1,0,0
2025-05-27,DET202505270,SFN,"Lee, Jung Hoo",lee-j001,1,2,1B,1B,1,hit_by_pitch,1,0,0
2025-05-27,DET202505270,SFN,"Chapman, Matt",chapm001,1,2,1B+2B,1B+2B,1,strikeout,1,0,0
2025-05-27,DET202505270,SFN,"Adames, Willy",adamw002,1,0,empty,empty,1,single,2,0,1
2025-05-27,DET202505270,SFN,"Schmitt, Casey",schmc003,1,0,1B,1B,1,field_out,2,0,1
2025-05-27,DET202505270,SFN,"Bailey, Patrick",bailp001,1,1,1B,1B,1,grounded_into_double_play,2,0,1
2025-05-27,DET202505270,SFN,"Fitzgerald, Tyler",fitzt001,1,0,empty,empty,1,strikeout,3,0,2
2025-05-27,DET202505270,SFN,"Yastrzemski, Mike",yastm001,2,1,empty,empty,1,walk,3,0,2
2025-05-27,DET202505270,SFN,"Ramos, Heliot",ramoh002,2,1,1B,1B,1,field_out,3,0,2
2025-05-27,DET202505270,SFN,"Flores, Wilmer",florw001,2,2,1B,1B,1,strikeout,3,0,2
2025-05-27,DET202505270,SFN,"Lee, Jung Hoo",lee-j001,2,0,empty,empty,1,field_out,4,0,3
2025-05-27,DET202505270,SFN,"Chapman, Matt",chapm001,2,1,empty,empty,1,field_out,4,0,3
2025-05-27,DET202505270,SFN,"Adames, Willy",adamw002,2,2,empty,empty,1,strikeout,4,0,3
2025-05-27,DET202505270,SFN,"Schmitt, Casey",schmc003,2,0,empty,empty,1,field_out,5,0,3
2025-05-27,DET202505270,SFN,"Bailey, Patrick",bailp001,2,1,empty,empty,1,strikeout,5,0,3
2025-05-27,DET202505270,SFN,"Fitzgerald, Tyler",fitzt001,2,2,empty,empty,1,strikeout,5,0,3
2025-05-27,DET202505270,SFN,"Yastrzemski, Mike",yastm001,3,0,empty,empty,1,field_out,6,0,3
2025-05-27,DET202505270,SFN,"Ramos, Heliot",ramoh002,3,1,empty,empty,1,field_out,6,0,3
2025-05-27,DET202505270,SFN,"Flores, Wilmer",florw001,3,2,empty,empty,1,strikeout,6,0,3
2025-05-27,DET202505270,SFN,"Lee, Jung Hoo",lee-j001,3,0,empty,empty,1,field_out,7,0,3
2025-05-27,DET202505270,SFN,"Chapman, Matt",chapm001,3,1,empty,empty,1,field_out,7,0,3
2025-05-27,DET202505270,SFN,"Adames, Willy",adamw002,3,2,empty,empty,1,single,7,0,3
2025-05-27,DET202505270,SFN,"Schmitt, Casey",schmc003,3,2,1B,1B,1,field_out,7,0,3
2025-05-27,DET202505270,SFN,"Bailey, Patrick",bailp001,3,0,empty,empty,1,single,8,0,3
2025-05-27,DET202505270,SFN,"Fitzgerald, Tyler",fitzt001,3,0,1B,1B,1,grounded_into_double_play,8,0,3
2025-05-27,DET202505270,SFN,"Yastrzemski, Mike",yastm001,4,2,empty,empty,1,strikeout,8,0,3
2025-05-27,DET202505270,SFN,"Ramos, Heliot",ramoh002,4,0,empty,empty,1,single,9,0,3
2025-05-27,DET202505270,SFN,"Flores, Wilmer",florw001,4,0,1B,1B,1,double,9,0,3
2025-05-27,DET202505270,SFN,"Lee, Jung Hoo",lee-j001,4,0,2B,2B,1,field_out,9,1,3
2025-05-27,DET202505270,SFN,"Chapman, Matt",chapm001,4,1,2B,2B,1,field_out,9,1,3
2025-05-27,DET202505270,SFN,"Adames, Willy",adamw002,4,2,2B,2B,1,strikeout,9,1,3
2025-05-28,DET202505280,SFN,"Yastrzemski, Mike",yastm001,1,0,empty,empty,1,field_out,1,0,0
2025-05-28,DET202505280,SFN,"Ramos, Heliot",ramoh002,1,1,empty,empty,1,strikeout,1,0,0
2025-05-28,DET202505280,SFN,"Flores, Wilmer",florw001,1,2,empty,empty,1,single,1,0,0
2025-05-28,DET202505280,SFN,"Lee, Jung Hoo",lee-j001,1,2,1B,1B,1,field_out,1,0,0
2025-05-28,DET202505280,SFN,"Chapman, Matt",chapm001,1,0,empty,empty,1,double,2,0,0
2025-05-28,DET202505280,SFN,"Adames, Willy",adamw002,1,0,2B,2B,1,field_out,2,0,0
2025-05-28,DET202505280,SFN,"Wade, LaMonte",wadel001,1,1,3B,3B,1,double,2,0,0
2025-05-28,DET202505280,SFN,"Huff, Sam",huffs001,1,1,2B,2B,1,walk,2,1,0
2025-05-28,DET202505280,SFN,"Koss, Christian",kossc001,1,1,1B+2B,1B+2B,1,strikeout,2,1,0
2025-05-28,DET202505280,SFN,"Yastrzemski, Mike",yastm001,2,2,1B+2B,1B+2B,1,field_out,2,1,0
2025-05-28,DET202505280,SFN,"Ramos, Heliot",ramoh002,2,0,empty,empty,1,single,3,1,0
2025-05-28,DET202505280,SFN,"Flores, Wilmer",florw001,2,0,1B,1B,1,grounded_into_double_play,3,1,0
2025-05-28,DET202505280,SFN,"Lee, Jung Hoo",lee-j001,2,2,empty,empty,1,field_out,3,1,0
2025-05-28,DET202505280,SFN,"Chapman, Matt",chapm001,2,0,empty,empty,1,double,4,1,0
2025-05-28,DET202505280,SFN,"Adames, Willy",adamw002,2,0,2B,2B,1,walk,4,1,0
2025-05-28,DET202505280,SFN,"Wade, LaMonte",wadel001,2,0,1B+2B,1B+2B,1,sac_bunt,4,1,0
2025-05-28,DET202505280,SFN,"Huff, Sam",huffs001,2,1,2B+3B,2B+3B,1,strikeout,4,1,0
2025-05-28,DET202505280,SFN,"Koss, Christian",kossc001,2,2,2B+3B,2B+3B,1,strikeout,4,1,0
2025-05-28,DET202505280,SFN,"Yastrzemski, Mike",yastm001,3,0,empty,empty,1,walk,5,1,0
2025-05-28,DET202505280,SFN,"Ramos, Heliot",ramoh002,3,0,1B,1B,1,home_run,5,1,0
2025-05-28,DET202505280,SFN,"Flores, Wilmer",florw001,3,0,empty,empty,1,field_out,5,3,0
2025-05-28,DET202505280,SFN,"Lee, Jung Hoo",lee-j001,3,1,empty,empty,1,field_out,5,3,0
2025-05-28,DET202505280,SFN,"Chapman, Matt",chapm001,3,2,empty,empty,1,single,5,3,0
2025-05-28,DET202505280,SFN,"Adames, Willy",adamw002,3,2,1B,1B,1,strikeout,5,3,0
2025-05-28,DET202505280,SFN,"Wade, LaMonte",wadel001,3,0,empty,empty,1,field_out,6,3,4
2025-05-28,DET202505280,SFN,"Huff, Sam",huffs001,3,1,empty,empty,1,single,6,3,4
2025-05-28,DET202505280,SFN,"Koss, Christian",kossc001,3,1,1B,1B,1,field_out,6,3,4
2025-05-28,DET202505280,SFN,"Yastrzemski, Mike",yastm001,4,2,1B,1B,1,strikeout,6,3,4
2025-05-28,DET202505280,SFN,"Ramos, Heliot",ramoh002,4,0,empty,empty,1,single,7,3,4
2025-05-28,DET202505280,SFN,"Flores, Wilmer",florw001,4,0,1B,1B,1,grounded_into_double_play,7,3,4
2025-05-28,DET202505280,SFN,"Lee, Jung Hoo",lee-j001,4,2,empty,empty,1,walk,7,3,4
2025-05-28,DET202505280,SFN,"Chapman, Matt",chapm001,4,2,1B,1B,1,field_out,7,3,4
2025-05-28,DET202505280,SFN,"Adames, Willy",adamw002,4,0,empty,empty,1,catcher_interf,8,3,4
2025-05-28,DET202505280,SFN,"Wade, LaMonte",wadel001,4,0,1B,1B,1,single,8,3,4
2025-05-28,DET202505280,SFN,"Bailey, Patrick",bailp001,1,0,2B+3B,2B+3B,1,field_out,8,3,4
2025-05-28,DET202505280,SFN,"Koss, Christian",kossc001,4,1,2B+3B,2B+3B,1,strikeout,8,3,4
2025-05-28,DET202505280,SFN,"Yastrzemski, Mike",yastm001,5,2,2B+3B,2B+3B,1,field_out,8,3,4
2025-05-28,DET202505280,SFN,"Ramos, Heliot",ramoh002,5,0,empty,empty,1,strikeout,9,3,4
2025-05-28,DET202505280,SFN,"Flores, Wilmer",florw001,5,1,empty,empty,1,field_out,9,3,4
2025-05-28,DET202505280,SFN,"Lee, Jung Hoo",lee-j001,5,2,empty,empty,1,field_out,9,3,4
2025-05-30,MIA202505300,SFN,"Yastrzemski, Mike",yastm001,1,0,empty,empty,1,field_out,1,0,0
2025-05-30,MIA202505300,SFN,"Ramos, Heliot",ramoh002,1,1,empty,empty,1,triple,1,0,0
2025-05-30,MIA202505300,SFN,"Lee, Jung Hoo",lee-j001,1,1,3B,3B,1,strikeout,1,0,0
2025-05-30,MIA202505300,SFN,"Flores, Wilmer",florw001,1,2,3B,3B,1,single,1,0,0
2025-05-30,MIA202505300,SFN,"Chapman, Matt",chapm001,1,2,1B,1B,1,hit_by_pitch,1,1,0
2025-05-30,MIA202505300,SFN,"Adames, Willy",adamw002,1,2,1B+2B,1B+2B,1,field_out,1,1,0
2025-05-30,MIA202505300,SFN,"Bailey, Patrick",bailp001,1,0,empty,empty,1,double,2,1,0
2025-05-30,MIA202505300,SFN,"Schmitt, Casey",schmc003,1,0,2B,2B,1,double_play,2,1,0
2025-05-30,MIA202505300,SFN,"Fitzgerald, Tyler",fitzt001,1,2,empty,empty,1,double,2,1,0
2025-05-30,MIA202505300,SFN,"Yastrzemski, Mike",yastm001,2,2,2B,2B,1,strikeout,2,1,0
2025-05-30,MIA202505300,SFN,"Ramos, Heliot",ramoh002,2,0,empty,empty,1,field_out,3,1,0
2025-05-30,MIA202505300,SFN,"Lee, Jung Hoo",lee-j001,2,1,empty,empty,1,field_out,3,1,0
2025-05-30,MIA202505300,SFN,"Flores, Wilmer",florw001,2,2,empty,empty,1,field_out,3,1,0
2025-05-30,MIA202505300,SFN,"Chapman, Matt",chapm001,2,0,empty,empty,1,home_run,4,1,0
2025-05-30,MIA202505300,SFN,"Adames, Willy",adamw002,2,0,empty,empty,1,single,4,2,0
2025-05-30,MIA202505300,SFN,"Bailey, Patrick",bailp001,2,0,1B,1B,1,strikeout,4,2,0
2025-05-30,MIA202505300,SFN,"Schmitt, Casey",schmc003,2,1,1B,2B,0,strikeout,4,2,0
2025-05-30,MIA202505300,SFN,"Fitzgerald, Tyler",fitzt001,2,2,2B,2B,1,single,4,2,0
2025-05-30,MIA202505300,SFN,"Yastrzemski, Mike",yastm001,3,2,1B+3B,1B+3B,1,strikeout,4,2,0
2025-05-30,MIA202505300,SFN,"Ramos, Heliot",ramoh002,3,0,empty,empty,1,strikeout,5,2,0
2025-05-30,MIA202505300,SFN,"Lee, Jung Hoo",lee-j001,3,1,empty,empty,1,single,5,2,0
2025-05-30,MIA202505300,SFN,"Flores, Wilmer",florw001,3,1,1B,1B,1,field_out,5,2,0
2025-05-30,MIA202505300,SFN,"Chapman, Matt",chapm001,3,2,1B,2B,0,walk,5,2,0
2025-05-30,MIA202505300,SFN,"Adames, Willy",adamw002,3,2,1B+2B,1B+2B,1,strikeout,5,2,0
2025-05-30,MIA202505300,SFN,"Bailey, Patrick",bailp001,3,0,empty,empty,1,strikeout,6,2,0
2025-05-30,MIA202505300,SFN,"Schmitt, Casey",schmc003,3,1,empty,empty,1,field_out,6,2,0
2025-05-30,MIA202505300,SFN,"Fitzgerald, Tyler",fitzt001,3,2,empty,empty,1,field_out,6,2,0
2025-05-30,MIA202505300,SFN,"Yastrzemski, Mike",yastm001,4,0,empty,empty,1,field_out,7,2,0
2025-05-30,MIA202505300,SFN,"Ramos, Heliot",ramoh002,4,1,empty,empty,1,strikeout,7,2,0
2025-05-30,MIA202505300,SFN,"Lee, Jung Hoo",lee-j001,4,2,empty,empty,1,field_out,7,2,0
2025-05-30,MIA202505300,SFN,"Flores, Wilmer",florw001,4,0,empty,empty,1,field_out,8,2,0
2025-05-30,MIA202505300,SFN,"Chapman, Matt",chapm001,4,1,empty,empty,1,single,8,2,0
2025-05-30,MIA202505300,SFN,"Adames, Willy",adamw002,4,1,1B,1B,1,field_out,8,2,0
2025-05-30,MIA202505300,SFN,"Bailey, Patrick",bailp001,4,2,1B,1B,1,single,8,2,0
2025-05-30,MIA202505300,SFN,"Schmitt, Casey",schmc003,4,2,1B+2B,1B+2B,1,strikeout,8,2,0
2025-05-30,MIA202505300,SFN,"Fitzgerald, Tyler",fitzt001,4,0,empty,empty,1,single,9,2,0
2025-05-30,MIA202505300,SFN,"Yastrzemski, Mike",yastm001,5,0,1B,1B,1,strikeout,9,2,0
2025-05-30,MIA202505300,SFN,"Ramos, Heliot",ramoh002,5,1,2B,2B,1,strikeout,9,2,0
2025-05-30,MIA202505300,SFN,"Lee, Jung Hoo",lee-j001,5,2,2B,2B,1,field_out,9,2,0
2025-05-31,MIA202505310,SFN,"Ramos, Heliot",ramoh002,1,0,empty,empty,1,single,1,0,0
2025-05-31,MIA202505310,SFN,"Lee, Jung Hoo",lee-j001,1,0,1B,1B,1,single,1,0,0
2025-05-31,MIA202505310,SFN,"Flores, Wilmer",florw001,1,0,1B+2B,1B+2B,1,field_out,1,0,0
2025-05-31,MIA202505310,SFN,"Chapman, Matt",chapm001,1,1,1B+3B,2B+3B,0,walk,1,0,0
2025-05-31,MIA202505310,SFN,"Adames, Willy",adamw002,1,1,1B+2B+3B,1B+2B+3B,1,strikeout,1,0,0
2025-05-31,MIA202505310,SFN,"Yastrzemski, Mike",yastm001,1,2,1B+2B+3B,1B+2B+3B,1,strikeout,1,0,0
2025-05-31,MIA202505310,SFN,"Fitzgerald, Tyler",fitzt001,1,0,empty,empty,1,single,2,0,0
2025-05-31,MIA202505310,SFN,"Wade, LaMonte",wadel001,1,1,1B,empty,0,strikeout,2,0,0
2025-05-31,MIA202505310,SFN,"Huff, Sam",huffs001,1,2,empty,empty,1,field_out,2,0,0
2025-05-31,MIA202505310,SFN,"Ramos, Heliot",ramoh002,2,0,empty,empty,1,field_out,3,0,1
2025-05-31,MIA202505310,SFN,"Lee, Jung Hoo",lee-j001,2,1,empty,empty,1,single,3,0,1
2025-05-31,MIA202505310,SFN,"Flores, Wilmer",florw001,2,1,1B,1B,1,grounded_into_double_play,3,0,1
2025-05-31,MIA202505310,SFN,"Chapman, Matt",chapm001,2,0,empty,empty,1,single,4,0,1
2025-05-31,MIA202505310,SFN,"Adames, Willy",adamw002,2,1,empty,empty,1,field_out,4,0,1
2025-05-31,MIA202505310,SFN,"Yastrzemski, Mike",yastm001,2,2,empty,empty,1,field_error,4,0,1
2025-05-31,MIA202505310,SFN,"Fitzgerald, Tyler",fitzt001,2,2,1B,1B,1,field_out,4,0,1
2025-05-31,MIA202505310,SFN,"Wade, LaMonte",wadel001,2,0,empty,empty,1,strikeout,5,0,1
2025-05-31,MIA202505310,SFN,"Huff, Sam",huffs001,2,1,empty,empty,1,field_out,5,0,1
2025-05-31,MIA202505310,SFN,"Ramos, Heliot",ramoh002,3,2,empty,empty,1,walk,5,0,1
2025-05-31,MIA202505310,SFN,"Lee, Jung Hoo",lee-j001,3,2,1B,1B,1,field_out,5,0,1
2025-05-31,MIA202505310,SFN,"Flores, Wilmer",florw001,3,0,empty,empty,1,strikeout,6,0,1
2025-05-31,MIA202505310,SFN,"Chapman, Matt",chapm001,3,1,empty,empty,1,field_out,6,0,1
2025-05-31,MIA202505310,SFN,"Adames, Willy",adamw002,3,2,empty,empty,1,walk,6,0,1
2025-05-31,MIA202505310,SFN,"Yastrzemski, Mike",yastm001,3,2,1B,1B,1,single,6,0,1
2025-05-31,MIA202505310,SFN,"Fitzgerald, Tyler",fitzt001,3,2,1B+2B,1B+2B,1,strikeout,6,0,1
2025-05-31,MIA202505310,SFN,"Wade, LaMonte",wadel001,3,0,empty,empty,1,field_out,7,0,1
2025-05-31,MIA202505310,SFN,"Huff, Sam",huffs001,3,1,empty,empty,1,strikeout,7,0,1
2025-05-31,MIA202505310,SFN,"Ramos, Heliot",ramoh002,4,2,empty,empty,1,hit_by_pitch,7,0,1
2025-05-31,MIA202505310,SFN,"Lee, Jung Hoo",lee-j001,4,2,1B,1B,1,field_out,7,0,1
2025-05-31,MIA202505310,SFN,"Flores, Wilmer",florw001,4,0,empty,empty,1,field_out,8,0,1
2025-05-31,MIA202505310,SFN,"Chapman, Matt",chapm001,4,1,empty,empty,1,single,8,0,1
2025-05-31,MIA202505310,SFN,"Adames, Willy",adamw002,4,1,1B,1B,1,walk,8,0,1
2025-05-31,MIA202505310,SFN,"Yastrzemski, Mike",yastm001,4,1,1B+2B,1B+2B,1,field_out,8,0,1
2025-05-31,MIA202505310,SFN,"Fitzgerald, Tyler",fitzt001,4,2,1B+3B,1B+3B,1,strikeout,8,0,1
2025-05-31,MIA202505310,SFN,"Wade, LaMonte",wadel001,4,0,empty,empty,1,field_out,9,0,1
2025-05-31,MIA202505310,SFN,"Schmitt, Casey",schmc003,1,1,empty,empty,1,field_out,9,0,1
2025-05-31,MIA202505310,SFN,"Ramos, Heliot",ramoh002,5,2,empty,empty,1,single,9,0,1
2025-05-31,MIA202505310,SFN,"Lee, Jung Hoo",lee-j001,5,2,1B,1B,1,field_out,9,0,1
2025-06-01,MIA202506010,SFN,"Ramos, Heliot",ramoh002,1,0,empty,empty,1,single,1,0,0
2025-06-01,MIA202506010,SFN,"Fitzgerald, Tyler",fitzt001,1,0,1B,1B,1,strikeout,1,0,0
2025-06-01,MIA202506010,SFN,"Flores, Wilmer",florw001,1,1,1B,2B,0,field_out,1,0,0
2025-06-01,MIA202506010,SFN,"Chapman, Matt",chapm001,1,2,2B,2B,1,walk,1,0,0
2025-06-01,MIA202506010,SFN,"Adames, Willy",adamw002,1,2,1B+2B,1B+2B,1,strikeout,1,0,0
2025-06-01,MIA202506010,SFN,"Schmitt, Casey",schmc003,1,0,empty,empty,1,strikeout,2,0,0
2025-06-01,MIA202506010,SFN,"Yastrzemski, Mike",yastm001,1,1,empty,empty,1,field_out,2,0,0
2025-06-01,MIA202506010,SFN,"Bailey, Patrick",bailp001,1,2,empty,empty,1,field_out,2,0,0
2025-06-01,MIA202506010,SFN,"Matos, Luis",matol002,1,0,empty,empty,1,field_out,3,0,0
2025-06-01,MIA202506010,SFN,"Ramos, Heliot",ramoh002,2,1,empty,empty,1,single,3,0,0
2025-06-01,MIA202506010,SFN,"Fitzgerald, Tyler",fitzt001,2,1,1B,1B,1,walk,3,0,0
2025-06-01,MIA202506010,SFN,"Flores, Wilmer",florw001,2,1,1B+2B,2B+3B,0,field_out,3,0,0
2025-06-01,MIA202506010,SFN,"Chapman, Matt",chapm001,2,2,3B,3B,1,strikeout,3,1,0
2025-06-01,MIA202506010,SFN,"Adames, Willy",adamw002,2,0,empty,empty,1,field_out,4,1,0
2025-06-01,MIA202506010,SFN,"Schmitt, Casey",schmc003,2,1,empty,empty,1,walk,4,1,0
2025-06-01,MIA202506010,SFN,"Yastrzemski, Mike",yastm001,2,1,1B,1B,1,field_out,4,1,0
2025-06-01,MIA202506010,SFN,"Bailey, Patrick",bailp001,2,2,1B,1B,1,single,4,1,0
2025-06-01,MIA202506010,SFN,"Matos, Luis",matol002,2,2,1B+2B,1B+2B,1,home_run,4,1,0
2025-06-01,MIA202506010,SFN,"Ramos, Heliot",ramoh002,3,2,empty,empty,1,strikeout,4,4,0
2025-06-01,MIA202506010,SFN,"Fitzgerald, Tyler",fitzt001,3,0,empty,empty,1,field_out,5,4,0
2025-06-01,MIA202506010,SFN,"Flores, Wilmer",florw001,3,1,empty,empty,1,strikeout,5,4,0
2025-06-01,MIA202506010,SFN,"Chapman, Matt",chapm001,3,2,empty,empty,1,field_out,5,4,0
2025-06-01,MIA202506010,SFN,"Adames, Willy",adamw002,3,0,empty,empty,1,field_out,6,4,0
2025-06-01,MIA202506010,SFN,"Schmitt, Casey",schmc003,3,1,empty,empty,1,single,6,4,0
2025-06-01,MIA202506010,SFN,"Yastrzemski, Mike",yastm001,3,1,1B,1B,1,field_out,6,4,0
2025-06-01,MIA202506010,SFN,"Bailey, Patrick",bailp001,3,2,1B,1B,1,strikeout,6,4,0
2025-06-01,MIA202506010,SFN,"Matos, Luis",matol002,3,0,empty,empty,1,field_out,7,4,1
2025-06-01,MIA202506010,SFN,"Ramos, Heliot",ramoh002,4,1,empty,empty,1,walk,7,4,1
2025-06-01,MIA202506010,SFN,"Fitzgerald, Tyler",fitzt001,4,1,1B,1B,1,grounded_into_double_play,7,4,1
2025-06-01,MIA202506010,SFN,"Flores, Wilmer",florw001,4,0,empty,empty,1,single,8,4,2
2025-06-01,MIA202506010,SFN,"Chapman, Matt",chapm001,4,0,1B,1B,1,grounded_into_double_play,8,4,2
2025-06-01,MIA202506010,SFN,"Adames, Willy",adamw002,4,2,empty,empty,1,single,8,4,2
2025-06-01,MIA202506010,SFN,"Schmitt, Casey",schmc003,4,2,1B,1B,1,strikeout,8,4,2
2025-06-01,MIA202506010,SFN,"Yastrzemski, Mike",yastm001,4,0,empty,empty,1,field_out,9,4,2
2025-06-01,MIA202506010,SFN,"Bailey, Patrick",bailp001,4,1,empty,empty,1,field_out,9,4,2
2025-06-01,MIA202506010,SFN,"Matos, Luis",matol002,4,2,empty,empty,1,single,9,4,2
2025-06-01,MIA202506010,SFN,"Ramos, Heliot",ramoh002,5,2,1B,2B,0,field_out,9,4,2
2025-06-02,SFN202506020,SFN,"Ramos, Heliot",ramoh002,1,0,empty,empty,1,single,1,0,0
2025-06-02,SFN202506020,SFN,"Lee, Jung Hoo",lee-j001,1,0,1B,1B,1,field_out,1,0,0
2025-06-02,SFN202506020,SFN,"Flores, Wilmer",florw001,1,1,1B,1B,1,field_out,1,0,0
2025-06-02,SFN202506020,SFN,"Chapman, Matt",chapm001,1,2,2B,2B,1,single,1,0,0
2025-06-02,SFN202506020,SFN,"Yastrzemski, Mike",yastm001,1,2,1B+3B,1B+3B,1,strikeout,1,0,0
2025-06-02,SFN202506020,SFN,"Adames, Willy",adamw002,1,0,empty,empty,1,walk,2,0,0
2025-06-02,SFN202506020,SFN,"Wade, LaMonte",wadel001,1,0,1B,1B,1,hit_by_pitch,2,0,0
2025-06-02,SFN202506020,SFN,"Bailey, Patrick",bailp001,1,0,1B+2B,1B+2B,1,walk,2,0,0
2025-06-02,SFN202506020,SFN,"Fitzgerald, Tyler",fitzt001,1,0,1B+2B+3B,1B+2B+3B,1,field_out,2,0,0
2025-06-02,SFN202506020,SFN,"Ramos, Heliot",ramoh002,2,1,1B+2B+3B,1B+2B+3B,1,grounded_into_double_play,2,0,0
2025-06-02,SFN202506020,SFN,"Lee, Jung Hoo",lee-j001,2,0,empty,empty,1,strikeout,3,0,0
2025-06-02,SFN202506020,SFN,"Flores, Wilmer",florw001,2,1,empty,empty,1,hit_by_pitch,3,0,0
2025-06-02,SFN202506020,SFN,"Chapman, Matt",chapm001,2,1,1B,1B,1,grounded_into_double_play,3,0,0
2025-06-02,SFN202506020,SFN,"Yastrzemski, Mike",yastm001,2,0,empty,empty,1,field_out,4,0,0
2025-06-02,SFN202506020,SFN,"Adames, Willy",adamw002,2,1,empty,empty,1,field_out,4,0,0
2025-06-02,SFN202506020,SFN,"Schmitt, Casey",schmc003,1,2,empty,empty,1,field_out,4,0,0
2025-06-02,SFN202506020,SFN,"Bailey, Patrick",bailp001,2,0,empty,empty,1,field_out,5,0,0
2025-06-02,SFN202506020,SFN,"Fitzgerald, Tyler",fitzt001,2,1,empty,empty,1,field_out,5,0,0
2025-06-02,SFN202506020,SFN,"Ramos, Heliot",ramoh002,3,2,empty,empty,1,field_out,5,0,0
2025-06-02,SFN202506020,SFN,"Lee, Jung Hoo",lee-j001,3,0,empty,empty,1,single,6,0,0
2025-06-02,SFN202506020,SFN,"Flores, Wilmer",florw001,3,0,1B,1B,1,field_out,6,0,0
2025-06-02,SFN202506020,SFN,"Chapman, Matt",chapm001,3,1,1B,2B,0,strikeout,6,0,0
2025-06-02,SFN202506020,SFN,"Encarnacion, Jerar",encaj002,1,2,2B,2B,1,field_out,6,0,0
2025-06-02,SFN202506020,SFN,"Adames, Willy",adamw002,3,0,empty,empty,1,strikeout,7,0,0
2025-06-02,SFN202506020,SFN,"Schmitt, Casey",schmc003,2,1,empty,empty,1,walk,7,0,0
2025-06-02,SFN202506020,SFN,"Bailey, Patrick",bailp001,3,1,1B,1B,1,strikeout,7,0,0
2025-06-02,SFN202506020,SFN,"Fitzgerald, Tyler",fitzt001,3,2,1B,1B,1,walk,7,0,0
2025-06-02,SFN202506020,SFN,"Ramos, Heliot",ramoh002,4,2,1B+2B,1B+2B,1,walk,7,0,0
2025-06-02,SFN202506020,SFN,"Lee, Jung Hoo",lee-j001,4,2,1B+2B+3B,1B+2B+3B,1,strikeout,7,0,0
2025-06-02,SFN202506020,SFN,"Flores, Wilmer",florw001,4,0,empty,empty,1,single,8,0,0
2025-06-02,SFN202506020,SFN,"Chapman, Matt",chapm001,4,0,1B,2B,0,strikeout,8,0,0
2025-06-02,SFN202506020,SFN,"Encarnacion, Jerar",encaj002,2,1,2B,2B,1,strikeout,8,0,0
2025-06-02,SFN202506020,SFN,"Adames, Willy",adamw002,4,2,2B,2B,1,intent_walk,8,0,0
2025-06-02,SFN202506020,SFN,"Schmitt, Casey",schmc003,3,2,1B+2B,2B+3B,0,strikeout,8,0,0
2025-06-02,SFN202506020,SFN,"Bailey, Patrick",bailp001,4,0,empty,empty,1,single,9,0,0
2025-06-02,SFN202506020,SFN,"Fitzgerald, Tyler",fitzt001,4,0,1B,1B,1,field_out,9,0,0
2025-06-02,SFN202506020,SFN,"Ramos, Heliot",ramoh002,5,1,1B,1B,1,field_out,9,0,0
2025-06-02,SFN202506020,SFN,"Lee, Jung Hoo",lee-j001,5,2,1B,1B,1,strikeout,9,0,0
2025-06-02,SFN202506020,SFN,"Koss, Christian",kossc001,1,0,2B,2B,1,sac_bunt,10,0,1
2025-06-02,SFN202506020,SFN,"Chapman, Matt",chapm001,5,1,3B,3B,1,field_out,10,0,1
2025-06-02,SFN202506020,SFN,"Encarnacion, Jerar",encaj002,3,2,3B,3B,1,field_out,10,0,1
2025-06-03,SFN202506030,SFN,"Ramos, Heliot",ramoh002,1,0,empty,empty,1,field_out,1,0,0
2025-06-03,SFN202506030,SFN,"Lee, Jung Hoo",lee-j001,1,1,empty,empty,1,field_out,1,0,0
2025-06-03,SFN202506030,SFN,"Flores, Wilmer",florw001,1,2,empty,empty,1,strikeout,1,0,0
2025-06-03,SFN202506030,SFN,"Chapman, Matt",chapm001,1,0,empty,empty,1,walk,2,0,0
2025-06-03,SFN202506030,SFN,"Adames, Willy",adamw002,1,0,1B,1B,1,walk,2,0,0
2025-06-03,SFN202506030,SFN,"Encarnacion, Jerar",encaj002,1,0,1B+2B,1B+2B,1,grounded_into_double_play,2,0,0
2025-06-03,SFN202506030,SFN,"Fitzgerald, Tyler",fitzt001,1,2,3B,3B,1,field_out,2,0,0
2025-06-03,SFN202506030,SFN,"Bailey, Patrick",bailp001,1,0,empty,empty,1,double,3,0,0
2025-06-03,SFN202506030,SFN,"Schmitt, Casey",schmc003,1,0,2B,2B,1,strikeout,3,0,0
2025-06-03,SFN202506030,SFN,"Ramos, Heliot",ramoh002,2,1,2B,2B,1,home_run,3,0,0
2025-06-03,SFN202506030,SFN,"Lee, Jung Hoo",lee-j001,2,1,empty,empty,1,field_out,3,2,0
2025-06-03,SFN202506030,SFN,"Flores, Wilmer",florw001,2,2,empty,empty,1,single,3,2,0
2025-06-03,SFN202506030,SFN,"Chapman, Matt",chapm001,2,2,1B,1B,1,double,3,2,0
2025-06-03,SFN202506030,SFN,"Adames, Willy",adamw002,2,0,empty,empty,1,field_out,4,2,0
2025-06-03,SFN202506030,SFN,"Encarnacion, Jerar",encaj002,2,1,empty,empty,1,field_out,4,2,0
2025-06-03,SFN202506030,SFN,"Fitzgerald, Tyler",fitzt001,2,2,empty,empty,1,single,4,2,0
2025-06-03,SFN202506030,SFN,"Bailey, Patrick",bailp001,2,2,1B,1B,1,field_out,4,2,0
2025-06-03,SFN202506030,SFN,"Schmitt, Casey",schmc003,2,0,empty,empty,1,single,5,2,0
2025-06-03,SFN202506030,SFN,"Ramos, Heliot",ramoh002,3,0,1B,1B,1,field_out,5,2,0
2025-06-03,SFN202506030,SFN,"Lee, Jung Hoo",lee-j001,3,1,1B,1B,1,field_out,5,2,0
2025-06-03,SFN202506030,SFN,"Flores, Wilmer",florw001,3,2,1B,1B,1,field_out,5,2,0
2025-06-03,SFN202506030,SFN,"Chapman, Matt",chapm001,3,0,empty,empty,1,strikeout,6,2,0
2025-06-03,SFN202506030,SFN,"Adames, Willy",adamw002,3,1,empty,empty,1,field_out,6,2,0
2025-06-03,SFN202506030,SFN,"Encarnacion, Jerar",encaj002,3,2,empty,empty,1,single,6,2,0
2025-06-03,SFN202506030,SFN,"Fitzgerald, Tyler",fitzt001,3,2,1B,1B,1,strikeout,6,2,0
2025-06-03,SFN202506030,SFN,"Bailey, Patrick",bailp001,3,0,empty,empty,1,walk,7,2,0
2025-06-03,SFN202506030,SFN,"Schmitt, Casey",schmc003,3,0,1B,1B,1,field_out,7,2,0
2025-06-03,SFN202506030,SFN,"Ramos, Heliot",ramoh002,4,1,1B,1B,1,field_out,7,2,0
2025-06-03,SFN202506030,SFN,"Lee, Jung Hoo",lee-j001,4,2,1B,1B,1,field_out,7,2,0
2025-06-03,SFN202506030,SFN,"Flores, Wilmer",florw001,4,0,empty,empty,1,field_out,8,2,0
2025-06-03,SFN202506030,SFN,"Chapman, Matt",chapm001,4,1,empty,empty,1,field_out,8,2,0
2025-06-03,SFN202506030,SFN,"Adames, Willy",adamw002,4,2,empty,empty,1,field_out,8,2,0
2025-06-03,SFN202506030,SFN,"Yastrzemski, Mike",yastm001,1,0,empty,empty,1,field_out,9,2,2
2025-06-03,SFN202506030,SFN,"Fitzgerald, Tyler",fitzt001,4,1,empty,empty,1,field_out,9,2,2
2025-06-03,SFN202506030,SFN,"Bailey, Patrick",bailp001,4,2,empty,empty,1,field_out,9,2,2
2025-06-03,SFN202506030,SFN,"Schmitt, Casey",schmc003,4,0,2B,2B,1,sac_bunt,10,2,3
2025-06-03,SFN202506030,SFN,"Ramos, Heliot",ramoh002,5,1,3B,3B,1,field_out,10,2,3
2025-06-03,SFN202506030,SFN,"Lee, Jung Hoo",lee-j001,5,2,3B,3B,1,field_out,10,2,3
2025-06-04,SFN202506040,SFN,"Ramos, Heliot",ramoh002,1,0,empty,empty,1,field_out,1,0,2
2025-06-04,SFN202506040,SFN,"Lee, Jung Hoo",lee-j001,1,1,empty,empty,1,double,1,0,2
2025-06-04,SFN202506040,SFN,"Flores, Wilmer",florw001,1,1,2B,2B,1,strikeout,1,0,2
2025-06-04,SFN202506040,SFN,"Chapman, Matt",chapm001,1,2,2B,2B,1,field_out,1,0,2
2025-06-04,SFN202506040,SFN,"Smith, Dominic",smitd008,1,0,empty,empty,1,strikeout,2,0,2
2025-06-04,SFN202506040,SFN,"Adames, Willy",adamw002,1,1,empty,empty,1,field_out,2,0,2
2025-06-04,SFN202506040,SFN,"Johnson, Daniel",johnd006,1,2,empty,empty,1,strikeout,2,0,2
2025-06-04,SFN202506040,SFN,"Bailey, Patrick",bailp001,1,0,empty,empty,1,field_out,3,0,2
2025-06-04,SFN202506040,SFN,"Fitzgerald, Tyler",fitzt001,1,1,empty,empty,1,field_out,3,0,2
2025-06-04,SFN202506040,SFN,"Ramos, Heliot",ramoh002,2,2,empty,empty,1,field_out,3,0,2
2025-06-04,SFN202506040,SFN,"Lee, Jung Hoo",lee-j001,2,0,empty,empty,1,field_out,4,0,2
2025-06-04,SFN202506040,SFN,"Flores, Wilmer",florw001,2,1,empty,empty,1,field_out,4,0,2
2025-06-04,SFN202506040,SFN,"Chapman, Matt",chapm001,2,2,empty,empty,1,field_out,4,0,2
2025-06-04,SFN202506040,SFN,"Smith, Dominic",smitd008,2,0,empty,empty,1,field_out,5,0,5
2025-06-04,SFN202506040,SFN,"Adames, Willy",adamw002,2,1,empty,empty,1,strikeout,5,0,5
2025-06-04,SFN202506040,SFN,"Johnson, Daniel",johnd006,2,2,empty,empty,1,single,5,0,5
2025-06-04,SFN202506040,SFN,"Bailey, Patrick",bailp001,2,2,1B,2B,0,double,5,0,5
2025-06-04,SFN202506040,SFN,"Fitzgerald, Tyler",fitzt001,2,2,2B,2B,1,field_out,5,1,5
2025-06-04,SFN202506040,SFN,"Ramos, Heliot",ramoh002,3,0,empty,empty,1,strikeout,6,1,5
2025-06-04,SFN202506040,SFN,"Lee, Jung Hoo",lee-j001,3,1,empty,empty,1,double,6,1,5
2025-06-04,SFN202506040,SFN,"Flores, Wilmer",florw001,3,1,2B,2B,1,field_out,6,1,5
2025-06-04,SFN202506040,SFN,"Chapman, Matt",chapm001,3,2,2B,2B,1,home_run,6,1,5
2025-06-04,SFN202506040,SFN,"Smith, Dominic",smitd008,3,2,empty,empty,1,field_out,6,3,5
2025-06-04,SFN202506040,SFN,"Adames, Willy",adamw002,3,0,empty,empty,1,walk,7,3,5
2025-06-04,SFN202506040,SFN,"Johnson, Daniel",johnd006,3,0,1B,1B,1,single,7,3,5
2025-06-04,SFN202506040,SFN,"Bailey, Patrick",bailp001,3,0,1B+2B,1B+2B,1,strikeout,7,3,5
2025-06-04,SFN202506040,SFN,"Fitzgerald, Tyler",fitzt001,3,1,1B+2B,1B+2B,1,single,7,3,5
2025-06-04,SFN202506040,SFN,"Ramos, Heliot",ramoh002,4,1,1B+2B+3B,1B+2B+3B,1,double,7,3,5
2025-06-04,SFN202506040,SFN,"Lee, Jung Hoo",lee-j001,4,1,2B+3B,2B+3B,1,sac_fly,7,5,5
2025-06-04,SFN202506040,SFN,"Flores, Wilmer",florw001,4,2,3B,3B,1,walk,7,6,5
2025-06-04,SFN202506040,SFN,"Chapman, Matt",chapm001,4,2,1B+3B,1B+3B,1,field_out,7,6,5
2025-06-04,SFN202506040,SFN,"Smith, Dominic",smitd008,4,0,empty,empty,1,field_out,8,6,5
2025-06-04,SFN202506040,SFN,"Adames, Willy",adamw002,4,1,empty,empty,1,field_out,8,6,5
2025-06-04,SFN202506040,SFN,"Johnson, Daniel",johnd006,4,2,empty,empty,1,field_out,8,6,5
2025-06-05,SFN202506050,SFN,"Johnson, Daniel",johnd006,1,0,empty,empty,1,field_out,1,0,0
2025-06-05,SFN202506050,SFN,"Ramos, Heliot",ramoh002,1,1,empty,empty,1,walk,1,0,0
2025-06-05,SFN202506050,SFN,"Lee, Jung Hoo",lee-j001,1,1,1B,1B,1,double,1,0,0
2025-06-05,SFN202506050,SFN,"Chapman, Matt",chapm001,1,1,2B+3B,2B+3B,1,strikeout,1,0,0
2025-06-05,SFN202506050,SFN,"Adames, Willy",adamw002,1,2,2B+3B,2B+3B,1,strikeout,1,0,0
2025-06-05,SFN202506050,SFN,"Smith, Dominic",smitd008,1,0,empty,empty,1,single,2,0,0
2025-06-05,SFN202506050,SFN,"Encarnacion, Jerar",encaj002,1,0,1B,1B,1,field_out,2,0,0
2025-06-05,SFN202506050,SFN,"Fitzgerald, Tyler",fitzt001,1,1,1B,1B,1,strikeout,2,0,0
2025-06-05,SFN202506050,SFN,"Knizner, Andrew",kniza001,1,2,1B,1B,1,field_out,2,0,0
2025-06-05,SFN202506050,SFN,"Johnson, Daniel",johnd006,2,0,empty,empty,1,field_out,3,0,2
2025-06-05,SFN202506050,SFN,"Ramos, Heliot",ramoh002,2,1,empty,empty,1,walk,3,0,2
2025-06-05,SFN202506050,SFN,"Lee, Jung Hoo",lee-j001,2,1,1B,1B,1,walk,3,0,2
2025-06-05,SFN202506050,SFN,"Chapman, Matt",chapm001,2,1,1B+2B,1B+2B,1,single,3,0,2
2025-06-05,SFN202506050,SFN,"Adames, Willy",adamw002,2,1,1B+2B+3B,1B+2B+3B,1,sac_fly,3,0,2
2025-06-05,SFN202506050,SFN,"Smith, Dominic",smitd008,2,2,1B+3B,2B+3B,0,double,3,1,2
2025-06-05,SFN202506050,SFN,"Encarnacion, Jerar",encaj002,2,2,2B,2B,1,field_out,3,3,2
2025-06-05,SFN202506050,SFN,"Fitzgerald, Tyler",fitzt001,2,0,empty,empty,1,strikeout,4,3,2
2025-06-05,SFN202506050,SFN,"Knizner, Andrew",kniza001,2,1,empty,empty,1,field_out,4,3,2
2025-06-05,SFN202506050,SFN,"Johnson, Daniel",johnd006,3,2,empty,empty,1,strikeout,4,3,2
2025-06-05,SFN202506050,SFN,"Ramos, Heliot",ramoh002,3,0,empty,empty,1,strikeout,5,3,2
2025-06-05,SFN202506050,SFN,"Lee, Jung Hoo",lee-j001,3,1,empty,empty,1,field_out,5,3,2
2025-06-05,SFN202506050,SFN,"Chapman, Matt",chapm001,3,2,empty,empty,1,single,5,3,2
2025-06-05,SFN202506050,SFN,"Adames, Willy",adamw002,3,2,1B,1B,1,strikeout,5,3,2
2025-06-05,SFN202506050,SFN,"Smith, Dominic",smitd008,3,0,empty,empty,1,single,6,3,2
2025-06-05,SFN202506050,SFN,"Encarnacion, Jerar",encaj002,3,0,1B,1B,1,field_out,6,3,2
2025-06-05,SFN202506050,SFN,"Fitzgerald, Tyler",fitzt001,3,1,1B,2B,0,strikeout,6,3,2
2025-06-05,SFN202506050,SFN,"Knizner, Andrew",kniza001,3,2,2B,2B,1,field_out,6,3,2
2025-06-05,SFN202506050,SFN,"Johnson, Daniel",johnd006,4,0,empty,empty,1,strikeout,7,3,2
2025-06-05,SFN202506050,SFN,"Ramos, Heliot",ramoh002,4,1,empty,empty,1,field_out,7,3,2
2025-06-05,SFN202506050,SFN,"Lee, Jung Hoo",lee-j001,4,2,empty,empty,1,walk,7,3,2
2025-06-05,SFN202506050,SFN,"Chapman, Matt",chapm001,4,2,1B,1B,1,strikeout,7,3,2
2025-06-05,SFN202506050,SFN,"Adames, Willy",adamw002,4,0,empty,empty,1,field_out,8,3,2
2025-06-05,SFN202506050,SFN,"Smith, Dominic",smitd008,4,1,empty,empty,1,strikeout,8,3,2
2025-06-05,SFN202506050,SFN,"Encarnacion, Jerar",encaj002,4,2,empty,empty,1,field_out,8,3,2
2025-06-06,SFN202506060,SFN,"Ramos, Heliot",ramoh002,1,0,empty,empty,1,single,1,0,0
2025-06-06,SFN202506060,SFN,"Lee, Jung Hoo",lee-j001,1,0,2B,2B,1,single,1,0,0
2025-06-06,SFN202506060,SFN,"Flores, Wilmer",florw001,1,0,1B+3B,1B+3B,1,single,1,0,0
2025-06-06,SFN202506060,SFN,"Chapman, Matt",chapm001,1,0,1B+3B,1B+3B,1,field_out,1,1,0
2025-06-06,SFN202506060,SFN,"Smith, Dominic",smitd008,1,1,1B+3B,1B+3B,1,sac_fly,1,1,0
2025-06-06,SFN202506060,SFN,"Adames, Willy",adamw002,1,2,1B,1B,1,fielders_choice,1,2,0
2025-06-06,SFN202506060,SFN,"Yastrzemski, Mike",yastm001,1,2,1B+2B,1B+2B,1,walk,1,2,0
2025-06-06,SFN202506060,SFN,"Bailey, Patrick",bailp001,1,2,1B+2B+3B,2B+3B,0,field_out,1,3,0
2025-06-06,SFN202506060,SFN,"Fitzgerald, Tyler",fitzt001,1,0,empty,empty,1,strikeout,2,3,0
2025-06-06,SFN202506060,SFN,"Ramos, Heliot",ramoh002,2,1,empty,empty,1,single,2,3,0
2025-06-06,SFN202506060,SFN,"Lee, Jung Hoo",lee-j001,2,1,1B,1B,1,walk,2,3,0
2025-06-06,SFN202506060,SFN,"Flores, Wilmer",florw001,2,1,1B+2B,1B+2B,1,strikeout,2,3,0
2025-06-06,SFN202506060,SFN,"Chapman, Matt",chapm001,2,2,1B+2B,1B+2B,1,field_out,2,3,0
2025-06-06,SFN202506060,SFN,"Smith, Dominic",smitd008,2,0,empty,empty,1,field_out,3,3,0
2025-06-06,SFN202506060,SFN,"Adames, Willy",adamw002,2,1,empty,empty,1,strikeout,3,3,0
2025-06-06,SFN202506060,SFN,"Yastrzemski, Mike",yastm001,2,2,empty,empty,1,field_out,3,3,0
2025-06-06,SFN202506060,SFN,"Bailey, Patrick",bailp001,2,0,empty,empty,1,field_out,4,3,2
2025-06-06,SFN202506060,SFN,"Fitzgerald, Tyler",fitzt001,2,1,empty,empty,1,field_out,4,3,2
2025-06-06,SFN202506060,SFN,"Ramos, Heliot",ramoh002,3,2,empty,empty,1,field_out,4,3,2
2025-06-06,SFN202506060,SFN,"Lee, Jung Hoo",lee-j001,3,0,empty,empty,1,field_out,5,3,2
2025-06-06,SFN202506060,SFN,"Flores, Wilmer",florw001,3,1,empty,empty,1,single,5,3,2
2025-06-06,SFN202506060,SFN,"Chapman, Matt",chapm001,3,1,1B,1B,1,double,5,3,2
2025-06-06,SFN202506060,SFN,"Smith, Dominic",smitd008,3,1,2B+3B,2B+3B,1,sac_fly,5,3,2
2025-06-06,SFN202506060,SFN,"Adames, Willy",adamw002,3,2,3B,3B,1,field_out,5,4,2
2025-06-06,SFN202506060,SFN,"Yastrzemski, Mike",yastm001,3,0,empty,empty,1,field_out,6,4,2
2025-06-06,SFN202506060,SFN,"Bailey, Patrick",bailp001,3,1,empty,empty,1,field_out,6,4,2
2025-06-06,SFN202506060,SFN,"Fitzgerald, Tyler",fitzt001,3,2,empty,empty,1,strikeout,6,4,2
2025-06-06,SFN202506060,SFN,"Ramos, Heliot",ramoh002,4,0,empty,empty,1,single,7,4,4
2025-06-06,SFN202506060,SFN,"Lee, Jung Hoo",lee-j001,4,1,1B,empty,0,walk,7,4,4
2025-06-06,SFN202506060,SFN,"Flores, Wilmer",florw001,4,2,1B,empty,0,strikeout,7,4,4
2025-06-06,SFN202506060,SFN,"Chapman, Matt",chapm001,4,0,empty,empty,1,field_out,8,4,4
2025-06-06,SFN202506060,SFN,"Schmitt, Casey",schmc003,1,1,empty,empty,1,field_out,8,4,4
2025-06-06,SFN202506060,SFN,"Adames, Willy",adamw002,4,2,empty,empty,1,strikeout,8,4,4
2025-06-06,SFN202506060,SFN,"Encarnacion, Jerar",encaj002,1,0,empty,empty,1,field_out,9,4,4
2025-06-06,SFN202506060,SFN,"Bailey, Patrick",bailp001,4,1,empty,empty,1,strikeout,9,4,4
2025-06-06,SFN202506060,SFN,"Fitzgerald, Tyler",fitzt001,4,2,empty,empty,1,single,9,4,4
2025-06-06,SFN202506060,SFN,"Ramos, Heliot",ramoh002,5,0,1B,2B,0,field_out,10,4,4
2025-06-06,SFN202506060,SFN,"Lee, Jung Hoo",lee-j001,5,1,2B,2B,1,field_out,10,4,4
2025-06-07,SFN202506070,SFN,"Johnson, Daniel",johnd006,1,0,empty,empty,1,field_out,1,0,0
2025-06-07,SFN202506070,SFN,"Ramos, Heliot",ramoh002,1,1,empty,empty,1,field_out,1,0,0
2025-06-07,SFN202506070,SFN,"Flores, Wilmer",florw001,1,2,empty,empty,1,field_out,1,0,0
2025-06-07,SFN202506070,SFN,"Chapman, Matt",chapm001,1,0,empty,empty,1,strikeout,2,0,0
2025-06-07,SFN202506070,SFN,"Smith, Dominic",smitd008,1,1,empty,empty,1,single,2,0,0
2025-06-07,SFN202506070,SFN,"Adames, Willy",adamw002,1,1,1B,1B,1,field_out,2,0,0
2025-06-07,SFN202506070,SFN,"Yastrzemski, Mike",yastm001,1,2,1B,1B,1,strikeout,2,0,0
2025-06-07,SFN202506070,SFN,"Bailey, Patrick",bailp001,1,0,empty,empty,1,field_out,3,0,0
2025-06-07,SFN202506070,SFN,"Fitzgerald, Tyler",fitzt001,1,1,empty,empty,1,strikeout,3,0,0
2025-06-07,SFN202506070,SFN,"Johnson, Daniel",johnd006,2,2,empty,empty,1,double,3,0,0
2025-06-07,SFN202506070,SFN,"Ramos, Heliot",ramoh002,2,2,2B,2B,1,field_out,3,0,0
2025-06-07,SFN202506070,SFN,"Flores, Wilmer",florw001,2,0,empty,empty,1,home_run,4,0,0
2025-06-07,SFN202506070,SFN,"Chapman, Matt",chapm001,2,0,empty,empty,1,field_out,4,1,0
2025-06-07,SFN202506070,SFN,"Smith, Dominic",smitd008,2,1,empty,empty,1,strikeout,4,1,0
2025-06-07,SFN202506070,SFN,"Adames, Willy",adamw002,2,2,empty,empty,1,strikeout,4,1,0
2025-06-07,SFN202506070,SFN,"Yastrzemski, Mike",yastm001,2,0,empty,empty,1,field_out,5,1,1
2025-06-07,SFN202506070,SFN,"Bailey, Patrick",bailp001,2,1,empty,empty,1,strikeout,5,1,1
2025-06-07,SFN202506070,SFN,"Fitzgerald, Tyler",fitzt001,2,2,empty,empty,1,field_out,5,1,1
2025-06-07,SFN202506070,SFN,"Johnson, Daniel",johnd006,3,0,empty,empty,1,strikeout,6,1,2
2025-06-07,SFN202506070,SFN,"Ramos, Heliot",ramoh002,3,1,empty,empty,1,strikeout,6,1,2
2025-06-07,SFN202506070,SFN,"Flores, Wilmer",florw001,3,2,empty,empty,1,field_out,6,1,2
2025-06-07,SFN202506070,SFN,"Chapman, Matt",chapm001,3,0,empty,empty,1,strikeout,7,1,2
2025-06-07,SFN202506070,SFN,"Smith, Dominic",smitd008,3,1,empty,empty,1,strikeout,7,1,2
2025-06-07,SFN202506070,SFN,"Adames, Willy",adamw002,3,2,empty,empty,1,strikeout,7,1,2
2025-06-07,SFN202506070,SFN,"Yastrzemski, Mike",yastm001,3,0,empty,empty,1,field_out,8,1,2
2025-06-07,SFN202506070,SFN,"Bailey, Patrick",bailp001,3,1,empty,empty,1,field_out,8,1,2
2025-06-07,SFN202506070,SFN,"Lee, Jung Hoo",lee-j001,1,2,empty,empty,1,strikeout,8,1,2
2025-06-07,SFN202506070,SFN,"Johnson, Daniel",johnd006,4,0,empty,empty,1,strikeout,9,1,2
2025-06-07,SFN202506070,SFN,"Ramos, Heliot",ramoh002,4,1,empty,empty,1,single,9,1,2
2025-06-07,SFN202506070,SFN,"Flores, Wilmer",florw001,4,1,1B,1B,1,field_out,9,1,2
2025-06-07,SFN202506070,SFN,"Chapman, Matt",chapm001,4,2,1B,1B,1,home_run,9,1,2
2025-06-08,SFN202506080,SFN,"Johnson, Daniel",johnd006,1,0,empty,empty,1,field_out,1,0,1
2025-06-08,SFN202506080,SFN,"Ramos, Heliot",ramoh002,1,1,empty,empty,1,strikeout,1,0,1
2025-06-08,SFN202506080,SFN,"Flores, Wilmer",florw001,1,2,empty,empty,1,strikeout,1,0,1
2025-06-08,SFN202506080,SFN,"Chapman, Matt",chapm001,1,0,empty,empty,1,double,2,0,1
2025-06-08,SFN202506080,SFN,"Smith, Dominic",smitd008,1,0,2B,2B,1,walk,2,0,1
2025-06-08,SFN202506080,SFN,"Schmitt, Casey",schmc003,1,0,1B+2B,1B+2B,1,strikeout,2,0,1
2025-06-08,SFN202506080,SFN,"Yastrzemski, Mike",yastm001,1,1,1B+2B,2B+3B,0,sac_fly,2,0,1
2025-06-08,SFN202506080,SFN,"Fitzgerald, Tyler",fitzt001,1,2,2B,2B,1,strikeout,2,1,1
2025-06-08,SFN202506080,SFN,"Knizner, Andrew",kniza001,1,0,empty,empty,1,field_out,3,1,3
2025-06-08,SFN202506080,SFN,"Johnson, Daniel",johnd006,2,1,empty,empty,1,field_out,3,1,3
2025-06-08,SFN202506080,SFN,"Ramos, Heliot",ramoh002,2,2,empty,empty,1,strikeout,3,1,3
2025-06-08,SFN202506080,SFN,"Flores, Wilmer",florw001,2,0,empty,empty,1,walk,4,1,3
2025-06-08,SFN202506080,SFN,"Chapman, Matt",chapm001,2,0,1B,1B,1,walk,4,1,3
2025-06-08,SFN202506080,SFN,"Smith, Dominic",smitd008,2,0,1B+2B,1B+2B,1,field_out,4,1,3
2025-06-08,SFN202506080,SFN,"Schmitt, Casey",schmc003,2,1,1B+2B,1B+2B,1,field_out,4,1,3
2025-06-08,SFN202506080,SFN,"Yastrzemski, Mike",yastm001,2,2,2B+3B,2B+3B,1,double,4,1,3
2025-06-08,SFN202506080,SFN,"Fitzgerald, Tyler",fitzt001,2,2,2B,2B,1,field_error,4,3,3
2025-06-08,SFN202506080,SFN,"Knizner, Andrew",kniza001,2,2,1B,1B,1,field_out,4,4,3
2025-06-08,SFN202506080,SFN,"Johnson, Daniel",johnd006,3,0,empty,empty,1,field_out,5,4,3
2025-06-08,SFN202506080,SFN,"Ramos, Heliot",ramoh002,3,1,empty,empty,1,single,5,4,3
2025-06-08,SFN202506080,SFN,"Flores, Wilmer",florw001,3,1,1B,1B,1,field_out,5,4,3
2025-06-08,SFN202506080,SFN,"Chapman, Matt",chapm001,3,2,1B,1B,1,field_out,5,4,3
2025-06-08,SFN202506080,SFN,"Smith, Dominic",smitd008,3,0,empty,empty,1,field_out,6,4,3
2025-06-08,SFN202506080,SFN,"Schmitt, Casey",schmc003,3,1,empty,empty,1,field_out,6,4,3
2025-06-08,SFN202506080,SFN,"Yastrzemski, Mike",yastm001,3,2,empty,empty,1,field_out,6,4,3
2025-06-08,SFN202506080,SFN,"Fitzgerald, Tyler",fitzt001,3,0,empty,empty,1,field_out,7,4,3
2025-06-08,SFN202506080,SFN,"Knizner, Andrew",kniza001,3,1,empty,empty,1,field_out,7,4,3
2025-06-08,SFN202506080,SFN,"Johnson, Daniel",johnd006,4,2,empty,empty,1,strikeout,7,4,3
2025-06-08,SFN202506080,SFN,"Ramos, Heliot",ramoh002,4,0,empty,empty,1,field_out,8,4,3
2025-06-08,SFN202506080,SFN,"Flores, Wilmer",florw001,4,1,empty,empty,1,field_out,8,4,3
2025-06-08,SFN202506080,SFN,"Chapman, Matt",chapm001,4,2,empty,empty,1,hit_by_pitch,8,4,3
2025-06-10,COL202506100,SFN,"Lee, Jung Hoo",lee-j001,1,0,empty,empty,1,triple,1,0,0
2025-06-10,COL202506100,SFN,"Adames, Willy",adamw002,1,0,3B,3B,1,sac_fly,1,0,0
2025-06-10,COL202506100,SFN,"Ramos, Heliot",ramoh002,1,1,empty,empty,1,field_out,1,1,0
2025-06-10,COL202506100,SFN,"Flores, Wilmer",florw001,1,2,empty,empty,1,single,1,1,0
2025-06-10,COL202506100,SFN,"Encarnacion, Jerar",encaj002,1,2,1B,1B,1,strikeout,1,1,0
2025-06-10,COL202506100,SFN,"Smith, Dominic",smitd008,1,0,empty,empty,1,field_out,2,1,0
2025-06-10,COL202506100,SFN,"Schmitt, Casey",schmc003,1,1,empty,empty,1,field_out,2,1,0
2025-06-10,COL202506100,SFN,"Fitzgerald, Tyler",fitzt001,1,2,empty,empty,1,walk,2,1,0
2025-06-10,COL202506100,SFN,"Knizner, Andrew",kniza001,1,2,1B,2B,0,field_out,2,1,0
2025-06-10,COL202506100,SFN,"Lee, Jung Hoo",lee-j001,2,0,empty,empty,1,strikeout,3,1,1
2025-06-10,COL202506100,SFN,"Adames, Willy",adamw002,2,1,empty,empty,1,field_out,3,1,1
2025-06-10,COL202506100,SFN,"Ramos, Heliot",ramoh002,2,2,empty,empty,1,walk,3,1,1
2025-06-10,COL202506100,SFN,"Flores, Wilmer",florw001,2,2,1B,1B,1,hit_by_pitch,3,1,1
2025-06-10,COL202506100,SFN,"Encarnacion, Jerar",encaj002,2,2,1B+2B,1B+2B,1,field_out,3,1,1
2025-06-10,COL202506100,SFN,"Smith, Dominic",smitd008,2,0,empty,empty,1,field_out,4,1,1
2025-06-10,COL202506100,SFN,"Schmitt, Casey",schmc003,2,1,empty,empty,1,single,4,1,1
2025-06-10,COL202506100,SFN,"Fitzgerald, Tyler",fitzt001,2,1,1B,1B,1,hit_by_pitch,4,1,1
2025-06-10,COL202506100,SFN,"Knizner, Andrew",kniza001,2,1,1B+2B,1B+2B,1,field_out,4,1,1
2025-06-10,COL202506100,SFN,"Lee, Jung Hoo",lee-j001,3,2,1B+2B,1B+2B,1,field_out,4,1,1
2025-06-10,COL202506100,SFN,"Adames, Willy",adamw002,3,0,empty,empty,1,home_run,5,1,2
2025-06-10,COL202506100,SFN,"Ramos, Heliot",ramoh002,3,0,empty,empty,1,walk,5,2,2
2025-06-10,COL202506100,SFN,"Flores, Wilmer",florw001,3,0,1B,1B,1,strikeout,5,2,2
2025-06-10,COL202506100,SFN,"Encarnacion, Jerar",encaj002,3,1,1B,1B,1,strikeout,5,2,2
2025-06-10,COL202506100,SFN,"Smith, Dominic",smitd008,3,2,1B,1B,1,strikeout,5,2,2
2025-06-10,COL202506100,SFN,"Schmitt, Casey",schmc003,3,0,empty,empty,1,strikeout,6,2,3
2025-06-10,COL202506100,SFN,"Fitzgerald, Tyler",fitzt001,3,1,empty,empty,1,strikeout,6,2,3
2025-06-10,COL202506100,SFN,"Knizner, Andrew",kniza001,3,2,empty,empty,1,field_out,6,2,3
2025-06-10,COL202506100,SFN,"Lee, Jung Hoo",lee-j001,4,0,empty,empty,1,field_out,7,2,3
2025-06-10,COL202506100,SFN,"Adames, Willy",adamw002,4,1,empty,empty,1,strikeout,7,2,3
2025-06-10,COL202506100,SFN,"Ramos, Heliot",ramoh002,4,2,empty,empty,1,strikeout,7,2,3
2025-06-10,COL202506100,SFN,"Flores, Wilmer",florw001,4,0,empty,empty,1,field_out,8,2,3
2025-06-10,COL202506100,SFN,"Yastrzemski, Mike",yastm001,1,1,empty,empty,1,strikeout,8,2,3
2025-06-10,COL202506100,SFN,"Smith, Dominic",smitd008,4,2,empty,empty,1,field_out,8,2,3
2025-06-10,COL202506100,SFN,"Schmitt, Casey",schmc003,4,0,empty,empty,1,home_run,9,2,5
2025-06-10,COL202506100,SFN,"Fitzgerald, Tyler",fitzt001,4,0,empty,empty,1,walk,9,3,5
2025-06-10,COL202506100,SFN,"Knizner, Andrew",kniza001,4,0,1B,1B,1,walk,9,3,5
2025-06-10,COL202506100,SFN,"Lee, Jung Hoo",lee-j001,5,0,1B+2B,1B+2B,1,field_out,9,3,5
2025-06-10,COL202506100,SFN,"Adames, Willy",adamw002,5,1,1B+2B,2B+3B,0,walk,9,3,5
2025-06-10,COL202506100,SFN,"Ramos, Heliot",ramoh002,5,1,1B+2B+3B,1B+2B+3B,1,sac_fly,9,3,5
2025-06-10,COL202506100,SFN,"Flores, Wilmer",florw001,5,2,1B+3B,1B+3B,1,single,9,4,5
2025-06-10,COL202506100,SFN,"Yastrzemski, Mike",yastm001,2,2,1B+2B,1B+2B,1,single,9,5,5
2025-06-10,COL202506100,SFN,"Smith, Dominic",smitd008,5,2,1B+3B,1B+3B,1,field_out,9,6,5
2025-06-11,COL202506110,SFN,"Lee, Jung Hoo",lee-j001,1,0,empty,empty,1,walk,1,0,0
2025-06-11,COL202506110,SFN,"Adames, Willy",adamw002,1,0,1B,1B,1,home_run,1,0,0
2025-06-11,COL202506110,SFN,"Ramos, Heliot",ramoh002,1,0,empty,empty,1,field_out,1,2,0
2025-06-11,COL202506110,SFN,"Flores, Wilmer",florw001,1,1,empty,empty,1,single,1,2,0
2025-06-11,COL202506110,SFN,"Encarnacion, Jerar",encaj002,1,1,1B,1B,1,strikeout,1,2,0
2025-06-11,COL202506110,SFN,"Schmitt, Casey",schmc003,1,2,1B,1B,1,strikeout,1,2,0
2025-06-11,COL202506110,SFN,"Yastrzemski, Mike",yastm001,1,0,empty,empty,1,field_out,2,2,0
2025-06-11,COL202506110,SFN,"Fitzgerald, Tyler",fitzt001,1,1,empty,empty,1,single,2,2,0
2025-06-11,COL202506110,SFN,"Knizner, Andrew",kniza001,1,2,empty,empty,1,field_out,2,2,0
2025-06-11,COL202506110,SFN,"Lee, Jung Hoo",lee-j001,2,0,empty,empty,1,triple,3,2,0
2025-06-11,COL202506110,SFN,"Adames, Willy",adamw002,2,0,3B,3B,1,sac_fly,3,2,0
2025-06-11,COL202506110,SFN,"Ramos, Heliot",ramoh002,2,1,empty,empty,1,double,3,3,0
2025-06-11,COL202506110,SFN,"Flores, Wilmer",florw001,2,1,2B,2B,1,field_out,3,3,0
2025-06-11,COL202506110,SFN,"Encarnacion, Jerar",encaj002,2,2,2B,2B,1,field_out,3,3,0
2025-06-11,COL202506110,SFN,"Schmitt, Casey",schmc003,2,0,empty,empty,1,strikeout,4,3,4
2025-06-11,COL202506110,SFN,"Yastrzemski, Mike",yastm001,2,1,empty,empty,1,strikeout,4,3,4
2025-06-11,COL202506110,SFN,"Fitzgerald, Tyler",fitzt001,2,2,empty,empty,1,single,4,3,4
2025-06-11,COL202506110,SFN,"Knizner, Andrew",kniza001,2,2,1B,1B,1,field_out,4,3,4
2025-06-11,COL202506110,SFN,"Lee, Jung Hoo",lee-j001,3,0,empty,empty,1,field_out,5,3,4
2025-06-11,COL202506110,SFN,"Adames, Willy",adamw002,3,1,empty,empty,1,field_out,5,3,4
2025-06-11,COL202506110,SFN,"Ramos, Heliot",ramoh002,3,2,empty,empty,1,strikeout,5,3,4
2025-06-11,COL202506110,SFN,"Flores, Wilmer",florw001,3,0,empty,empty,1,walk,6,3,5
2025-06-11,COL202506110,SFN,"Encarnacion, Jerar",encaj002,3,0,1B,1B,1,grounded_into_double_play,6,3,5
2025-06-11,COL202506110,SFN,"Schmitt, Casey",schmc003,3,2,empty,empty,1,single,6,3,5
2025-06-11,COL202506110,SFN,"Yastrzemski, Mike",yastm001,3,2,1B,1B,1,field_out,6,3,5
2025-06-11,COL202506110,SFN,"Fitzgerald, Tyler",fitzt001,3,0,empty,empty,1,field_out,7,3,6
2025-06-11,COL202506110,SFN,"Johnson, Daniel",johnd006,1,1,empty,empty,1,walk,7,3,6
2025-06-11,COL202506110,SFN,"Lee, Jung Hoo",lee-j001,4,1,1B,1B,1,double_play,7,3,6
2025-06-11,COL202506110,SFN,"Adames, Willy",adamw002,4,0,empty,empty,1,single,8,3,6
2025-06-11,COL202506110,SFN,"Ramos, Heliot",ramoh002,4,0,1B,1B,1,single,8,3,6
2025-06-11,COL202506110,SFN,"Flores, Wilmer",florw001,4,0,1B+2B,1B+2B,1,strikeout,8,3,6
2025-06-11,COL202506110,SFN,"Smith, Dominic",smitd008,1,1,1B+2B,1B+2B,1,single,8,3,6
2025-06-11,COL202506110,SFN,"Schmitt, Casey",schmc003,4,1,1B+2B+3B,1B+2B+3B,1,walk,8,3,6
2025-06-11,COL202506110,SFN,"Yastrzemski, Mike",yastm001,4,1,1B+2B+3B,1B+2B+3B,1,double,8,4,6
2025-06-11,COL202506110,SFN,"Fitzgerald, Tyler",fitzt001,4,1,2B+3B,2B+3B,1,sac_bunt,8,6,6
2025-06-11,COL202506110,SFN,"Porter, Logan",portl001,1,1,1B+3B,1B+3B,1,strikeout_double_play,8,7,6
2025-06-11,COL202506110,SFN,"Lee, Jung Hoo",lee-j001,5,0,empty,empty,1,walk,9,7,6
2025-06-11,COL202506110,SFN,"Adames, Willy",adamw002,5,0,1B,1B,1,double,9,7,6
2025-06-11,COL202506110,SFN,"Ramos, Heliot",ramoh002,5,0,2B+3B,2B+3B,1,walk,9,7,6
2025-06-11,COL202506110,SFN,"Flores, Wilmer",florw001,5,0,1B+2B+3B,1B+2B+3B,1,sac_fly,9,7,6
2025-06-11,COL202506110,SFN,"Smith, Dominic",smitd008,2,1,1B+2B,1B+2B,1,field_out,9,8,6
2025-06-11,COL202506110,SFN,"Schmitt, Casey",schmc003,5,2,1B+2B,1B+2B,1,single,9,8,6
2025-06-11,COL202506110,SFN,"Yastrzemski, Mike",yastm001,5,2,1B+2B,1B+2B,1,single,9,9,6
2025-06-11,COL202506110,SFN,"Fitzgerald, Tyler",fitzt001,5,2,1B+3B,1B+3B,1,field_out,9,10,6
2025-06-12,COL202506120,SFN,"Lee, Jung Hoo",lee-j001,1,0,empty,empty,1,field_out,1,0,0
2025-06-12,COL202506120,SFN,"Adames, Willy",adamw002,1,1,empty,empty,1,strikeout,1,0,0
2025-06-12,COL202506120,SFN,"Ramos, Heliot",ramoh002,1,2,empty,empty,1,walk,1,0,0
2025-06-12,COL202506120,SFN,"Flores, Wilmer",florw001,1,2,1B,2B,0,field_out,1,0,0
2025-06-12,COL202506120,SFN,"Yastrzemski, Mike",yastm001,1,0,empty,empty,1,single,2,0,0
2025-06-12,COL202506120,SFN,"Smith, Dominic",smitd008,1,0,1B,1B,1,single,2,0,0
2025-06-12,COL202506120,SFN,"Schmitt, Casey",schmc003,1,0,1B+2B,1B+2B,1,field_out,2,0,0
2025-06-12,COL202506120,SFN,"Fitzgerald, Tyler",fitzt001,1,1,1B+3B,2B+3B,0,sac_fly,2,0,0
2025-06-12,COL202506120,SFN,"Porter, Logan",portl001,1,2,3B,3B,1,single,2,1,0
2025-06-12,COL202506120,SFN,"Lee, Jung Hoo",lee-j001,2,2,1B,1B,1,single,2,2,0
2025-06-12,COL202506120,SFN,"Adames, Willy",adamw002,2,2,1B+3B,1B+3B,1,walk,2,2,0
2025-06-12,COL202506120,SFN,"Ramos, Heliot",ramoh002,2,2,1B+2B+3B,1B+2B+3B,1,single,2,2,0
2025-06-12,COL202506120,SFN,"Flores, Wilmer",florw001,2,2,1B+2B,1B+2B,1,field_out,2,4,0
2025-06-12,COL202506120,SFN,"Yastrzemski, Mike",yastm001,2,0,empty,empty,1,field_out,3,4,0
2025-06-12,COL202506120,SFN,"Smith, Dominic",smitd008,2,1,empty,empty,1,single,3,4,0
2025-06-12,COL202506120,SFN,"Schmitt, Casey",schmc003,2,1,1B,1B,1,single,3,4,0
2025-06-12,COL202506120,SFN,"Fitzgerald, Tyler",fitzt001,2,1,1B+2B,1B+2B,1,field_out,3,4,0
2025-06-12,COL202506120,SFN,"Porter, Logan",portl001,2,2,1B+2B,1B+2B,1,field_out,3,4,0
2025-06-12,COL202506120,SFN,"Lee, Jung Hoo",lee-j001,3,0,empty,empty,1,field_out,4,4,0
2025-06-12,COL202506120,SFN,"Adames, Willy",adamw002,3,1,empty,empty,1,field_out,4,4,0
2025-06-12,COL202506120,SFN,"Ramos, Heliot",ramoh002,3,2,empty,empty,1,strikeout,4,4,0
2025-06-12,COL202506120,SFN,"Flores, Wilmer",florw001,3,0,empty,empty,1,double,5,4,2
2025-06-12,COL202506120,SFN,"Yastrzemski, Mike",yastm001,3,0,2B,2B,1,walk,5,4,2
2025-06-12,COL202506120,SFN,"Smith, Dominic",smitd008,3,0,1B+2B,1B+2B,1,home_run,5,4,2
2025-06-12,COL202506120,SFN,"Schmitt, Casey",schmc003,3,0,empty,empty,1,strikeout,5,7,2
2025-06-12,COL202506120,SFN,"Fitzgerald, Tyler",fitzt001,3,1,empty,empty,1,field_out,5,7,2
2025-06-12,COL202506120,SFN,"Porter, Logan",portl001,3,2,empty,empty,1,field_out,5,7,2
2025-06-12,COL202506120,SFN,"Lee, Jung Hoo",lee-j001,4,0,empty,empty,1,field_out,6,7,2
2025-06-12,COL202506120,SFN,"Adames, Willy",adamw002,4,1,empty,empty,1,single,6,7,2
2025-06-12,COL202506120,SFN,"Ramos, Heliot",ramoh002,4,1,1B,1B,1,field_out,6,7,2
2025-06-12,COL202506120,SFN,"Flores, Wilmer",florw001,4,2,1B,1B,1,strikeout,6,7,2
2025-06-12,COL202506120,SFN,"Yastrzemski, Mike",yastm001,4,0,empty,empty,1,strikeout,7,7,3
2025-06-12,COL202506120,SFN,"Smith, Dominic",smitd008,4,1,empty,empty,1,walk,7,7,3
2025-06-12,COL202506120,SFN,"Schmitt, Casey",schmc003,4,1,1B,1B,1,walk,7,7,3
2025-06-12,COL202506120,SFN,"Fitzgerald, Tyler",fitzt001,4,1,1B+2B,1B+2B,1,grounded_into_double_play,7,7,3
2025-06-12,COL202506120,SFN,"Porter, Logan",portl001,4,0,empty,empty,1,strikeout,8,7,5
2025-06-12,COL202506120,SFN,"Lee, Jung Hoo",lee-j001,5,1,empty,empty,1,walk,8,7,5
2025-06-12,COL202506120,SFN,"Adames, Willy",adamw002,5,1,1B,1B,1,strikeout,8,7,5
2025-06-12,COL202506120,SFN,"Ramos, Heliot",ramoh002,5,2,1B,1B,1,strikeout,8,7,5
2025-06-12,COL202506120,SFN,"Flores, Wilmer",florw001,5,0,empty,empty,1,single,9,7,5
2025-06-12,COL202506120,SFN,"Yastrzemski, Mike",yastm001,5,0,1B,1B,1,walk,9,7,5
2025-06-12,COL202506120,SFN,"Smith, Dominic",smitd008,5,0,1B+2B,1B+2B,1,strikeout,9,7,5
2025-06-12,COL202506120,SFN,"Schmitt, Casey",schmc003,5,1,1B+2B,1B+2B,1,grounded_into_double_play,9,7,5
2025-06-13,LAN202506130,SFN,"Lee, Jung Hoo",lee-j001,1,0,empty,empty,1,field_out,1,0,0
2025-06-13,LAN202506130,SFN,"Adames, Willy",adamw002,1,1,empty,empty,1,home_run,1,0,0
2025-06-13,LAN202506130,SFN,"Ramos, Heliot",ramoh002,1,1,empty,empty,1,field_out,1,1,0
2025-06-13,LAN202506130,SFN,"Smith, Dominic",smitd008,1,2,empty,empty,1,field_out,1,1,0
2025-06-13,LAN202506130,SFN,"Flores, Wilmer",florw001,1,0,empty,empty,1,single,2,1,0
2025-06-13,LAN202506130,SFN,"Schmitt, Casey",schmc003,1,0,1B,1B,1,field_out,2,1,0
2025-06-13,LAN202506130,SFN,"Yastrzemski, Mike",yastm001,1,1,1B,1B,1,walk,2,1,0
2025-06-13,LAN202506130,SFN,"Fitzgerald, Tyler",fitzt001,1,1,1B+2B,1B+2B,1,field_out,2,1,0
2025-06-13,LAN202506130,SFN,"Knizner, Andrew",kniza001,1,2,1B+2B,1B+2B,1,field_out,2,1,0
2025-06-13,LAN202506130,SFN,"Lee, Jung Hoo",lee-j001,2,0,empty,empty,1,walk,3,1,1
2025-06-13,LAN202506130,SFN,"Adames, Willy",adamw002,2,0,1B,1B,1,strikeout,3,1,1
2025-06-13,LAN202506130,SFN,"Ramos, Heliot",ramoh002,2,1,1B,1B,1,walk,3,1,1
2025-06-13,LAN202506130,SFN,"Smith, Dominic",smitd008,2,1,1B+2B,1B+2B,1,strikeout,3,1,1
2025-06-13,LAN202506130,SFN,"Flores, Wilmer",florw001,2,2,1B+2B,1B+2B,1,walk,3,1,1
2025-06-13,LAN202506130,SFN,"Schmitt, Casey",schmc003,2,2,1B+2B+3B,1B+2B+3B,1,home_run,3,1,1
2025-06-13,LAN202506130,SFN,"Yastrzemski, Mike",yastm001,2,2,empty,empty,1,double,3,5,1
2025-06-13,LAN202506130,SFN,"Fitzgerald, Tyler",fitzt001,2,2,2B,2B,1,strikeout,3,5,1
2025-06-13,LAN202506130,SFN,"Knizner, Andrew",kniza001,2,0,empty,empty,1,strikeout,4,5,1
2025-06-13,LAN202506130,SFN,"Lee, Jung Hoo",lee-j001,3,1,empty,empty,1,field_out,4,5,1
2025-06-13,LAN202506130,SFN,"Adames, Willy",adamw002,3,2,empty,empty,1,field_out,4,5,1
2025-06-13,LAN202506130,SFN,"Ramos, Heliot",ramoh002,3,0,empty,empty,1,single,5,5,1
2025-06-13,LAN202506130,SFN,"Smith, Dominic",smitd008,3,0,1B,1B,1,double,5,5,1
2025-06-13,LAN202506130,SFN,"Flores, Wilmer",florw001,3,1,2B,2B,1,field_out,5,5,1
2025-06-13,LAN202506130,SFN,"Schmitt, Casey",schmc003,3,2,2B,2B,1,walk,5,5,1
2025-06-13,LAN202506130,SFN,"Yastrzemski, Mike",yastm001,3,2,1B+2B,1B+2B,1,field_out,5,5,1
2025-06-13,LAN202506130,SFN,"Fitzgerald, Tyler",fitzt001,3,0,empty,empty,1,field_out,6,5,1
2025-06-13,LAN202506130,SFN,"Knizner, Andrew",kniza001,3,1,empty,empty,1,field_out,6,5,1
2025-06-13,LAN202506130,SFN,"Lee, Jung Hoo",lee-j001,4,2,empty,empty,1,field_out,6,5,1
2025-06-13,LAN202506130,SFN,"Adames, Willy",adamw002,4,0,empty,empty,1,field_out,7,5,1
2025-06-13,LAN202506130,SFN,"Ramos, Heliot",ramoh002,4,1,empty,empty,1,strikeout,7,5,1
2025-06-13,LAN202506130,SFN,"Smith, Dominic",smitd008,4,2,empty,empty,1,single,7,5,1
2025-06-13,LAN202506130,SFN,"Flores, Wilmer",florw001,4,2,1B,1B,1,double,7,5,1
2025-06-13,LAN202506130,SFN,"Schmitt, Casey",schmc003,4,2,2B+3B,2B+3B,1,strikeout,7,5,1
2025-06-13,LAN202506130,SFN,"Yastrzemski, Mike",yastm001,4,0,empty,empty,1,field_out,8,5,2
2025-06-13,LAN202506130,SFN,"Fitzgerald, Tyler",fitzt001,4,1,empty,empty,1,strikeout,8,5,2
2025-06-13,LAN202506130,SFN,"Knizner, Andrew",kniza001,4,2,empty,empty,1,home_run,8,5,2
2025-06-13,LAN202506130,SFN,"Lee, Jung Hoo",lee-j001,5,2,empty,empty,1,field_out,8,6,2
2025-06-13,LAN202506130,SFN,"Adames, Willy",adamw002,5,0,empty,empty,1,strikeout,9,6,2
2025-06-13,LAN202506130,SFN,"Ramos, Heliot",ramoh002,5,1,empty,empty,1,strikeout,9,6,2
2025-06-13,LAN202506130,SFN,"Smith, Dominic",smitd008,5,2,empty,empty,1,single,9,6,2
2025-06-13,LAN202506130,SFN,"Flores, Wilmer",florw001,5,2,1B,1B,1,field_out,9,6,2
2025-06-14,LAN202506140,SFN,"Lee, Jung Hoo",lee-j001,1,0,empty,empty,1,walk,1,0,0
2025-06-14,LAN202506140,SFN,"Adames, Willy",adamw002,1,0,1B,1B,1,field_out,1,0,0
2025-06-14,LAN202506140,SFN,"Ramos, Heliot",ramoh002,1,1,1B,1B,1,grounded_into_double_play,1,0,0
2025-06-14,LAN202506140,SFN,"Flores, Wilmer",florw001,1,0,empty,empty,1,field_out,2,0,1
2025-06-14,LAN202506140,SFN,"Smith, Dominic",smitd008,1,1,empty,empty,1,field_out,2,0,1
2025-06-14,LAN202506140,SFN,"Schmitt, Casey",schmc003,1,2,empty,empty,1,field_out,2,0,1
2025-06-14,LAN202506140,SFN,"Encarnacion, Jerar",encaj002,1,0,empty,empty,1,double,3,0,6
2025-06-14,LAN202506140,SFN,"Fitzgerald, Tyler",fitzt001,1,0,2B,2B,1,strikeout,3,0,6
2025-06-14,LAN202506140,SFN,"Knizner, Andrew",kniza001,1,1,2B,2B,1,field_out,3,0,6
2025-06-14,LAN202506140,SFN,"Lee, Jung Hoo",lee-j001,2,2,2B,2B,1,field_out,3,0,6
2025-06-14,LAN202506140,SFN,"Adames, Willy",adamw002,2,0,empty,empty,1,strikeout,4,0,7
2025-06-14,LAN202506140,SFN,"Ramos, Heliot",ramoh002,2,1,empty,empty,1,field_out,4,0,7
2025-06-14,LAN202506140,SFN,"Flores, Wilmer",florw001,2,2,empty,empty,1,field_out,4,0,7
2025-06-14,LAN202506140,SFN,"Smith, Dominic",smitd008,2,0,empty,empty,1,double,5,0,7
2025-06-14,LAN202506140,SFN,"Schmitt, Casey",schmc003,2,0,2B,2B,1,field_out,5,0,7
2025-06-14,LAN202506140,SFN,"Encarnacion, Jerar",encaj002,2,1,2B,2B,1,field_out,5,0,7
2025-06-14,LAN202506140,SFN,"Fitzgerald, Tyler",fitzt001,2,2,2B,2B,1,strikeout,5,0,7
2025-06-14,LAN202506140,SFN,"Knizner, Andrew",kniza001,2,0,empty,empty,1,single,6,0,7
2025-06-14,LAN202506140,SFN,"Lee, Jung Hoo",lee-j001,3,0,1B,1B,1,strikeout,6,0,7
2025-06-14,LAN202506140,SFN,"Adames, Willy",adamw002,3,1,1B,1B,1,field_out,6,0,7
2025-06-14,LAN202506140,SFN,"Ramos, Heliot",ramoh002,3,2,1B,1B,1,field_out,6,0,7
2025-06-14,LAN202506140,SFN,"Flores, Wilmer",florw001,3,0,empty,empty,1,strikeout,7,0,10
2025-06-14,LAN202506140,SFN,"Smith, Dominic",smitd008,3,1,empty,empty,1,field_out,7,0,10
2025-06-14,LAN202506140,SFN,"Schmitt, Casey",schmc003,3,2,empty,empty,1,field_out,7,0,10
2025-06-14,LAN202506140,SFN,"Encarnacion, Jerar",encaj002,3,0,empty,empty,1,strikeout,8,0,10
2025-06-14,LAN202506140,SFN,"Fitzgerald, Tyler",fitzt001,3,1,empty,empty,1,field_out,8,0,10
2025-06-14,LAN202506140,SFN,"Knizner, Andrew",kniza001,3,2,empty,empty,1,strikeout,8,0,10
2025-06-14,LAN202506140,SFN,"Lee, Jung Hoo",lee-j001,4,0,empty,empty,1,field_out,9,0,11
2025-06-14,LAN202506140,SFN,"Johnson, Daniel",johnd006,1,1,empty,empty,1,walk,9,0,11
2025-06-14,LAN202506140,SFN,"Koss, Christian",kossc001,1,1,1B,1B,1,strikeout,9,0,11
2025-06-14,LAN202506140,SFN,"Flores, Wilmer",florw001,4,2,1B,1B,1,walk,9,0,11
2025-06-14,LAN202506140,SFN,"Smith, Dominic",smitd008,4,2,1B+2B,1B+2B,1,walk,9,0,11
2025-06-14,LAN202506140,SFN,"Schmitt, Casey",schmc003,4,2,1B+2B+3B,1B+2B+3B,1,home_run,9,0,11
2025-06-14,LAN202506140,SFN,"Encarnacion, Jerar",encaj002,4,2,empty,empty,1,single,9,4,11
2025-06-14,LAN202506140,SFN,"Fitzgerald, Tyler",fitzt001,4,2,1B,1B,1,single,9,4,11
2025-06-14,LAN202506140,SFN,"Knizner, Andrew",kniza001,4,2,1B+3B,1B+3B,1,field_error,9,4,11
2025-06-14,LAN202506140,SFN,"Lee, Jung Hoo",lee-j001,5,2,2B+3B,2B+3B,1,field_out,9,5,11
2025-06-15,LAN202506150,SFN,"Lee, Jung Hoo",lee-j001,1,0,empty,empty,1,field_out,1,0,0
2025-06-15,LAN202506150,SFN,"Adames, Willy",adamw002,1,1,empty,empty,1,field_out,1,0,0
2025-06-15,LAN202506150,SFN,"Ramos, Heliot",ramoh002,1,2,empty,empty,1,field_out,1,0,0
2025-06-15,LAN202506150,SFN,"Smith, Dominic",smitd008,1,0,empty,empty,1,walk,2,0,1
2025-06-15,LAN202506150,SFN,"Flores, Wilmer",florw001,1,0,1B,1B,1,strikeout,2,0,1
2025-06-15,LAN202506150,SFN,"Schmitt, Casey",schmc003,1,1,1B,1B,1,field_out,2,0,1
2025-06-15,LAN202506150,SFN,"Yastrzemski, Mike",yastm001,1,2,1B,1B,1,single,2,0,1
2025-06-15,LAN202506150,SFN,"Porter, Logan",portl001,1,2,1B+2B,1B+2B,1,walk,2,0,1
2025-06-15,LAN202506150,SFN,"Koss, Christian",kossc001,1,2,1B+2B+3B,1B+2B+3B,1,field_out,2,0,1
2025-06-15,LAN202506150,SFN,"Lee, Jung Hoo",lee-j001,2,0,empty,empty,1,field_out,3,0,2
2025-06-15,LAN202506150,SFN,"Adames, Willy",adamw002,2,1,empty,empty,1,field_out,3,0,2
2025-06-15,LAN202506150,SFN,"Ramos, Heliot",ramoh002,2,2,empty,empty,1,hit_by_pitch,3,0,2
2025-06-15,LAN202506150,SFN,"Smith, Dominic",smitd008,2,2,1B,1B,1,field_out,3,0,2
2025-06-15,LAN202506150,SFN,"Flores, Wilmer",florw001,2,0,empty,empty,1,strikeout,4,0,2
2025-06-15,LAN202506150,SFN,"Fitzgerald, Tyler",fitzt001,1,1,empty,empty,1,field_out,4,0,2
2025-06-15,LAN202506150,SFN,"Yastrzemski, Mike",yastm001,2,2,empty,empty,1,single,4,0,2
2025-06-15,LAN202506150,SFN,"Porter, Logan",portl001,2,2,1B,1B,1,hit_by_pitch,4,0,2
2025-06-15,LAN202506150,SFN,"Koss, Christian",kossc001,2,2,1B+2B,1B+2B,1,single,4,0,2
2025-06-15,LAN202506150,SFN,"Lee, Jung Hoo",lee-j001,3,2,1B+2B,1B+2B,1,triple,4,1,2
2025-06-15,LAN202506150,SFN,"Adames, Willy",adamw002,3,2,3B,3B,1,field_out,4,3,2
2025-06-15,LAN202506150,SFN,"Ramos, Heliot",ramoh002,3,0,empty,empty,1,field_out,5,3,2
2025-06-15,LAN202506150,SFN,"Smith, Dominic",smitd008,3,1,empty,empty,1,walk,5,3,2
2025-06-15,LAN202506150,SFN,"Flores, Wilmer",florw001,3,1,1B,1B,1,strikeout,5,3,2
2025-06-15,LAN202506150,SFN,"Fitzgerald, Tyler",fitzt001,2,2,1B,1B,1,double,5,3,2
2025-06-15,LAN202506150,SFN,"Yastrzemski, Mike",yastm001,3,2,2B+3B,2B+3B,1,intent_walk,5,3,2
2025-06-15,LAN202506150,SFN,"Porter, Logan",portl001,3,2,1B+2B+3B,1B+2B+3B,1,field_out,5,3,2
2025-06-15,LAN202506150,SFN,"Koss, Christian",kossc001,3,0,empty,empty,1,field_out,6,3,5
2025-06-15,LAN202506150,SFN,"Lee, Jung Hoo",lee-j001,4,1,empty,empty,1,field_out,6,3,5
2025-06-15,LAN202506150,SFN,"Adames, Willy",adamw002,4,2,empty,empty,1,single,6,3,5
2025-06-15,LAN202506150,SFN,"Ramos, Heliot",ramoh002,4,2,1B,1B,1,field_out,6,3,5
2025-06-15,LAN202506150,SFN,"Smith, Dominic",smitd008,4,0,empty,empty,1,field_out,7,3,5
2025-06-15,LAN202506150,SFN,"Flores, Wilmer",florw001,4,1,empty,empty,1,field_out,7,3,5
2025-06-15,LAN202506150,SFN,"Fitzgerald, Tyler",fitzt001,3,2,empty,empty,1,strikeout,7,3,5
2025-06-15,LAN202506150,SFN,"Yastrzemski, Mike",yastm001,4,0,empty,empty,1,strikeout,8,3,5
2025-06-15,LAN202506150,SFN,"Johnson, Daniel",johnd006,1,1,empty,empty,1,home_run,8,3,5
2025-06-15,LAN202506150,SFN,"Koss, Christian",kossc001,4,1,empty,empty,1,field_out,8,4,5
2025-06-15,LAN202506150,SFN,"Lee, Jung Hoo",lee-j001,5,2,empty,empty,1,field_out,8,4,5
2025-06-15,LAN202506150,SFN,"Adames, Willy",adamw002,5,0,empty,empty,1,strikeout,9,4,5
2025-06-15,LAN202506150,SFN,"Ramos, Heliot",ramoh002,5,1,empty,empty,1,strikeout,9,4,5
2025-06-15,LAN202506150,SFN,"Encarnacion, Jerar",encaj002,1,2,empty,empty,1,strikeout,9,4,5
2025-06-17,SFN202506170,SFN,"Lee, Jung Hoo",lee-j001,1,0,empty,empty,1,walk,1,0,0
2025-06-17,SFN202506170,SFN,"Adames, Willy",adamw002,1,0,1B,1B,1,field_out,1,0,0
2025-06-17,SFN202506170,SFN,"Devers, Rafael",dever001,1,1,2B,2B,1,strikeout,1,0,0
2025-06-17,SFN202506170,SFN,"Ramos, Heliot",ramoh002,1,2,2B,2B,1,hit_by_pitch,1,0,0
2025-06-17,SFN202506170,SFN,"Smith, Dominic",smitd008,1,2,1B+2B,1B+2B,1,single,1,0,0
2025-06-17,SFN202506170,SFN,"Schmitt, Casey",schmc003,1,2,1B+3B,1B+3B,1,strikeout,1,1,0
2025-06-17,SFN202506170,SFN,"Yastrzemski, Mike",yastm001,1,0,empty,empty,1,strikeout,2,1,0
2025-06-17,SFN202506170,SFN,"Fitzgerald, Tyler",fitzt001,1,1,empty,empty,1,field_out,2,1,0
2025-06-17,SFN202506170,SFN,"Knizner, Andrew",kniza001,1,2,empty,empty,1,strikeout,2,1,0
2025-06-17,SFN202506170,SFN,"Lee, Jung Hoo",lee-j001,2,0,empty,empty,1,field_out,3,1,1
2025-06-17,SFN202506170,SFN,"Adames, Willy",adamw002,2,1,empty,empty,1,walk,3,1,1
2025-06-17,SFN202506170,SFN,"Devers, Rafael",dever001,2,1,1B,1B,1,double,3,1,1
2025-06-17,SFN202506170,SFN,"Ramos, Heliot",ramoh002,2,1,2B,2B,1,field_out,3,2,1
2025-06-17,SFN202506170,SFN,"Smith, Dominic",smitd008,2,2,2B,2B,1,strikeout,3,2,1
2025-06-17,SFN202506170,SFN,"Schmitt, Casey",schmc003,2,0,empty,empty,1,walk,4,2,2
2025-06-17,SFN202506170,SFN,"Yastrzemski, Mike",yastm001,2,0,1B,1B,1,single,4,2,2
2025-06-17,SFN202506170,SFN,"Fitzgerald, Tyler",fitzt001,2,0,1B+2B,1B+2B,1,sac_bunt,4,2,2
2025-06-17,SFN202506170,SFN,"Knizner, Andrew",kniza001,2,1,2B+3B,2B+3B,1,field_out,4,2,2
2025-06-17,SFN202506170,SFN,"Lee, Jung Hoo",lee-j001,3,2,2B+3B,2B+3B,1,field_out,4,2,2
2025-06-17,SFN202506170,SFN,"Adames, Willy",adamw002,3,0,empty,empty,1,single,5,2,2
2025-06-17,SFN202506170,SFN,"Devers, Rafael",dever001,3,0,1B,1B,1,strikeout,5,2,2
2025-06-17,SFN202506170,SFN,"Ramos, Heliot",ramoh002,3,1,1B,1B,1,field_out,5,2,2
2025-06-17,SFN202506170,SFN,"Smith, Dominic",smitd008,3,2,1B,1B,1,field_out,5,2,2
2025-06-17,SFN202506170,SFN,"Schmitt, Casey",schmc003,3,0,empty,empty,1,field_out,6,2,3
2025-06-17,SFN202506170,SFN,"Yastrzemski, Mike",yastm001,3,1,empty,empty,1,double,6,2,3
2025-06-17,SFN202506170,SFN,"Fitzgerald, Tyler",fitzt001,3,1,2B,2B,1,strikeout,6,2,3
2025-06-17,SFN202506170,SFN,"Johnson, Daniel",johnd006,1,2,2B,2B,1,strikeout,6,2,3
2025-06-17,SFN202506170,SFN,"Lee, Jung Hoo",lee-j001,4,0,empty,empty,1,field_out,7,2,3
2025-06-17,SFN202506170,SFN,"Adames, Willy",adamw002,4,1,empty,empty,1,single,7,2,3
2025-06-17,SFN202506170,SFN,"Devers, Rafael",dever001,4,1,1B,1B,1,field_out,7,2,3
2025-06-17,SFN202506170,SFN,"Ramos, Heliot",ramoh002,4,2,2B,2B,1,walk,7,2,3
2025-06-17,SFN202506170,SFN,"Smith, Dominic",smitd008,4,2,1B+2B,1B+2B,1,strikeout,7,2,3
2025-06-17,SFN202506170,SFN,"Schmitt, Casey",schmc003,4,0,empty,empty,1,single,8,2,3
2025-06-17,SFN202506170,SFN,"Yastrzemski, Mike",yastm001,4,0,1B,1B,1,single,8,2,3
2025-06-17,SFN202506170,SFN,"Flores, Wilmer",florw001,1,0,1B+2B,1B+2B,1,double_play,8,2,3
2025-06-17,SFN202506170,SFN,"Porter, Logan",portl001,1,2,1B,1B,1,field_out,8,2,3
2025-06-17,SFN202506170,SFN,"Lee, Jung Hoo",lee-j001,5,0,empty,empty,1,single,9,2,3
2025-06-17,SFN202506170,SFN,"Adames, Willy",adamw002,5,0,1B,1B,1,field_out,9,2,3
2025-06-17,SFN202506170,SFN,"Devers, Rafael",dever001,5,1,1B,1B,1,single,9,2,3
2025-06-17,SFN202506170,SFN,"Ramos, Heliot",ramoh002,5,1,1B+2B,1B+2B,1,walk,9,2,3
2025-06-17,SFN202506170,SFN,"Smith, Dominic",smitd008,5,1,1B+2B+3B,1B+2B+3B,1,field_out,9,2,3
2025-06-17,SFN202506170,SFN,"Schmitt, Casey",schmc003,5,2,1B+2B+3B,1B+2B+3B,1,strikeout,9,2,3
2025-06-18,SFN202506180,SFN,"Ramos, Heliot",ramoh002,1,0,empty,empty,1,field_out,1,0,1
2025-06-18,SFN202506180,SFN,"Adames, Willy",adamw002,1,1,empty,empty,1,field_out,1,0,1
2025-06-18,SFN202506180,SFN,"Devers, Rafael",dever001,1,2,empty,empty,1,strikeout,1,0,1
2025-06-18,SFN202506180,SFN,"Flores, Wilmer",florw001,1,0,empty,empty,1,walk,2,0,1
2025-06-18,SFN202506180,SFN,"Schmitt, Casey",schmc003,1,0,1B,1B,1,strikeout,2,0,1
2025-06-18,SFN202506180,SFN,"Lee, Jung Hoo",lee-j001,1,1,1B,1B,1,strikeout,2,0,1
2025-06-18,SFN202506180,SFN,"Fitzgerald, Tyler",fitzt001,1,2,1B,1B,1,field_out,2,0,1
2025-06-18,SFN202506180,SFN,"Yastrzemski, Mike",yastm001,1,0,empty,empty,1,single,3,0,1
2025-06-18,SFN202506180,SFN,"Bailey, Patrick",bailp001,1,0,1B,1B,1,single,3,0,1
2025-06-18,SFN202506180,SFN,"Ramos, Heliot",ramoh002,2,0,1B+2B,1B+2B,1,grounded_into_double_play,3,0,1
2025-06-18,SFN202506180,SFN,"Adames, Willy",adamw002,2,2,3B,3B,1,field_out,3,0,1
2025-06-18,SFN202506180,SFN,"Devers, Rafael",dever001,2,0,empty,empty,1,walk,4,0,4
2025-06-18,SFN202506180,SFN,"Flores, Wilmer",florw001,2,0,1B,1B,1,field_out,4,0,4
2025-06-18,SFN202506180,SFN,"Schmitt, Casey",schmc003,2,1,1B,1B,1,field_out,4,0,4
2025-06-18,SFN202506180,SFN,"Lee, Jung Hoo",lee-j001,2,2,1B,1B,1,field_out,4,0,4
2025-06-18,SFN202506180,SFN,"Fitzgerald, Tyler",fitzt001,2,0,empty,empty,1,strikeout,5,0,4
2025-06-18,SFN202506180,SFN,"Yastrzemski, Mike",yastm001,2,1,empty,empty,1,field_out,5,0,4
2025-06-18,SFN202506180,SFN,"Bailey, Patrick",bailp001,2,2,empty,empty,1,single,5,0,4
2025-06-18,SFN202506180,SFN,"Ramos, Heliot",ramoh002,3,2,1B,1B,1,home_run,5,0,4
2025-06-18,SFN202506180,SFN,"Adames, Willy",adamw002,3,2,empty,empty,1,field_out,5,2,4
2025-06-18,SFN202506180,SFN,"Devers, Rafael",dever001,3,0,empty,empty,1,field_out,6,2,4
2025-06-18,SFN202506180,SFN,"Flores, Wilmer",florw001,3,1,empty,empty,1,hit_by_pitch,6,2,4
2025-06-18,SFN202506180,SFN,"Schmitt, Casey",schmc003,3,1,1B,1B,1,field_out,6,2,4
2025-06-18,SFN202506180,SFN,"Lee, Jung Hoo",lee-j001,3,2,2B,2B,1,field_out,6,2,4
2025-06-18,SFN202506180,SFN,"Fitzgerald, Tyler",fitzt001,3,0,empty,empty,1,field_out,7,2,4
2025-06-18,SFN202506180,SFN,"Yastrzemski, Mike",yastm001,3,1,empty,empty,1,walk,7,2,4
2025-06-18,SFN202506180,SFN,"Bailey, Patrick",bailp001,3,1,1B,2B,0,strikeout,7,2,4
2025-06-18,SFN202506180,SFN,"Ramos, Heliot",ramoh002,4,2,2B,2B,1,strikeout,7,2,4
2025-06-18,SFN202506180,SFN,"Adames, Willy",adamw002,4,0,empty,empty,1,single,8,2,4
2025-06-18,SFN202506180,SFN,"Devers, Rafael",dever001,4,0,1B,1B,1,field_out,8,2,4
2025-06-18,SFN202506180,SFN,"Flores, Wilmer",florw001,4,1,1B,1B,1,field_out,8,2,4
2025-06-18,SFN202506180,SFN,"Schmitt, Casey",schmc003,4,2,1B,1B,1,field_out,8,2,4
2025-06-18,SFN202506180,SFN,"Lee, Jung Hoo",lee-j001,4,0,empty,empty,1,field_out,9,2,4
2025-06-18,SFN202506180,SFN,"Smith, Dominic",smitd008,1,1,empty,empty,1,field_out,9,2,4
2025-06-18,SFN202506180,SFN,"Yastrzemski, Mike",yastm001,4,2,empty,empty,1,single,9,2,4
2025-06-18,SFN202506180,SFN,"Bailey, Patrick",bailp001,4,2,1B,2B,0,strikeout,9,2,4
2025-06-19,SFN202506190,SFN,"Yastrzemski, Mike",yastm001,1,0,empty,empty,1,strikeout,1,0,0
2025-06-19,SFN202506190,SFN,"Adames, Willy",adamw002,1,1,empty,empty,1,walk,1,0,0
2025-06-19,SFN202506190,SFN,"Devers, Rafael",dever001,1,1,1B,1B,1,field_out,1,0,0
2025-06-19,SFN202506190,SFN,"Ramos, Heliot",ramoh002,1,2,2B,2B,1,strikeout,1,0,0
2025-06-19,SFN202506190,SFN,"Smith, Dominic",smitd008,1,0,empty,empty,1,field_out,2,0,0
2025-06-19,SFN202506190,SFN,"Schmitt, Casey",schmc003,1,1,empty,empty,1,single,2,0,0
2025-06-19,SFN202506190,SFN,"Lee, Jung Hoo",lee-j001,1,1,1B,1B,1,field_out,2,0,0
2025-06-19,SFN202506190,SFN,"Bailey, Patrick",bailp001,1,2,2B,2B,1,field_out,2,0,0
2025-06-19,SFN202506190,SFN,"Koss, Christian",kossc001,1,0,empty,empty,1,field_error,3,0,1
2025-06-19,SFN202506190,SFN,"Yastrzemski, Mike",yastm001,2,0,1B,1B,1,field_out,3,0,1
2025-06-19,SFN202506190,SFN,"Adames, Willy",adamw002,2,1,1B,1B,1,field_out,3,0,1
2025-06-19,SFN202506190,SFN,"Devers, Rafael",dever001,2,2,2B,2B,1,walk,3,0,1
2025-06-19,SFN202506190,SFN,"Ramos, Heliot",ramoh002,2,2,1B+2B,1B+2B,1,field_out,3,0,1
2025-06-19,SFN202506190,SFN,"Smith, Dominic",smitd008,2,0,empty,empty,1,strikeout,4,0,1
2025-06-19,SFN202506190,SFN,"Schmitt, Casey",schmc003,2,1,empty,empty,1,field_out,4,0,1
2025-06-19,SFN202506190,SFN,"Lee, Jung Hoo",lee-j001,2,2,empty,empty,1,field_out,4,0,1
2025-06-19,SFN202506190,SFN,"Bailey, Patrick",bailp001,2,0,empty,empty,1,strikeout,5,0,1
2025-06-19,SFN202506190,SFN,"Koss, Christian",kossc001,2,1,empty,empty,1,single,5,0,1
2025-06-19,SFN202506190,SFN,"Yastrzemski, Mike",yastm001,3,1,1B,1B,1,walk,5,0,1
2025-06-19,SFN202506190,SFN,"Adames, Willy",adamw002,3,1,1B+2B,1B+2B,1,grounded_into_double_play,5,0,1
2025-06-19,SFN202506190,SFN,"Devers, Rafael",dever001,3,0,empty,empty,1,strikeout,6,0,1
2025-06-19,SFN202506190,SFN,"Ramos, Heliot",ramoh002,3,1,empty,empty,1,hit_by_pitch,6,0,1
2025-06-19,SFN202506190,SFN,"Smith, Dominic",smitd008,3,1,1B,1B,1,strikeout_double_play,6,0,1
2025-06-19,SFN202506190,SFN,"Schmitt, Casey",schmc003,3,0,empty,empty,1,single,7,0,1
2025-06-19,SFN202506190,SFN,"Lee, Jung Hoo",lee-j001,3,0,1B,1B,1,walk,7,0,1
2025-06-19,SFN202506190,SFN,"Bailey, Patrick",bailp001,3,0,1B+2B,1B+2B,1,sac_bunt,7,0,1
2025-06-19,SFN202506190,SFN,"Flores, Wilmer",florw001,1,1,2B+3B,2B+3B,1,double,7,0,1
2025-06-19,SFN202506190,SFN,"Yastrzemski, Mike",yastm001,4,1,2B,2B,1,field_out,7,2,1
2025-06-19,SFN202506190,SFN,"Adames, Willy",adamw002,4,2,2B,2B,1,strikeout,7,2,1
2025-06-19,SFN202506190,SFN,"Devers, Rafael",dever001,4,0,empty,empty,1,single,8,2,1
2025-06-19,SFN202506190,SFN,"Ramos, Heliot",ramoh002,4,0,1B,1B,1,field_out,8,2,1
2025-06-19,SFN202506190,SFN,"Smith, Dominic",smitd008,4,1,1B,1B,1,grounded_into_double_play,8,2,1
2025-06-20,SFN202506200,SFN,"Yastrzemski, Mike",yastm001,1,0,empty,empty,1,walk,1,0,0
2025-06-20,SFN202506200,SFN,"Ramos, Heliot",ramoh002,1,0,1B,1B,1,field_out,1,0,0
2025-06-20,SFN202506200,SFN,"Devers, Rafael",dever001,1,1,2B,2B,1,field_out,1,0,0
2025-06-20,SFN202506200,SFN,"Flores, Wilmer",florw001,1,2,3B,3B,1,field_error,1,0,0
2025-06-20,SFN202506200,SFN,"Lee, Jung Hoo",lee-j001,1,2,1B,1B,1,field_out,1,1,0
2025-06-20,SFN202506200,SFN,"Adames, Willy",adamw002,1,0,empty,empty,1,walk,2,1,0
2025-06-20,SFN202506200,SFN,"Schmitt, Casey",schmc003,1,0,1B,1B,1,walk,2,1,0
2025-06-20,SFN202506200,SFN,"Bailey, Patrick",bailp001,1,0,1B+2B,1B+2B,1,walk,2,1,0
2025-06-20,SFN202506200,SFN,"Koss, Christian",kossc001,1,0,1B+2B+3B,1B+2B+3B,1,grounded_into_double_play,2,1,0
2025-06-20,SFN202506200,SFN,"Yastrzemski, Mike",yastm001,2,2,3B,3B,1,single,2,2,0
2025-06-20,SFN202506200,SFN,"Ramos, Heliot",ramoh002,2,2,1B,1B,1,strikeout,2,3,0
2025-06-20,SFN202506200,SFN,"Devers, Rafael",dever001,2,0,empty,empty,1,field_out,3,3,2
2025-06-20,SFN202506200,SFN,"Flores, Wilmer",florw001,2,1,empty,empty,1,field_out,3,3,2
2025-06-20,SFN202506200,SFN,"Lee, Jung Hoo",lee-j001,2,2,empty,empty,1,field_out,3,3,2
2025-06-20,SFN202506200,SFN,"Adames, Willy",adamw002,2,0,empty,empty,1,single,4,3,3
2025-06-20,SFN202506200,SFN,"Schmitt, Casey",schmc003,2,0,1B,1B,1,single,4,3,3
2025-06-20,SFN202506200,SFN,"Bailey, Patrick",bailp001,2,0,1B+2B,1B+2B,1,walk,4,3,3
2025-06-20,SFN202506200,SFN,"Koss, Christian",kossc001,2,0,1B+2B+3B,1B+2B+3B,1,grounded_into_double_play,4,3,3
2025-06-20,SFN202506200,SFN,"Yastrzemski, Mike",yastm001,3,2,3B,3B,1,field_out,4,4,3
2025-06-20,SFN202506200,SFN,"Ramos, Heliot",ramoh002,3,0,empty,empty,1,single,5,4,5
2025-06-20,SFN202506200,SFN,"Devers, Rafael",dever001,3,0,1B,1B,1,field_out,5,4,5
2025-06-20,SFN202506200,SFN,"Flores, Wilmer",florw001,3,1,2B,2B,1,single,5,4,5
2025-06-20,SFN202506200,SFN,"Lee, Jung Hoo",lee-j001,3,2,empty,empty,1,field_out,5,5,5
2025-06-20,SFN202506200,SFN,"Adames, Willy",adamw002,3,0,empty,empty,1,strikeout,6,5,6
2025-06-20,SFN202506200,SFN,"Schmitt, Casey",schmc003,3,1,empty,empty,1,strikeout,6,5,6
2025-06-20,SFN202506200,SFN,"Bailey, Patrick",bailp001,3,2,empty,empty,1,walk,6,5,6
2025-06-20,SFN202506200,SFN,"Fitzgerald, Tyler",fitzt001,1,2,1B,2B,0,strikeout,6,5,6
2025-06-20,SFN202506200,SFN,"Yastrzemski, Mike",yastm001,4,0,empty,empty,1,field_out,7,5,7
2025-06-20,SFN202506200,SFN,"Ramos, Heliot",ramoh002,4,1,empty,empty,1,single,7,5,7
2025-06-20,SFN202506200,SFN,"Devers, Rafael",dever001,4,1,1B,1B,1,field_out,7,5,7
2025-06-20,SFN202506200,SFN,"Flores, Wilmer",florw001,4,2,1B,1B,1,field_out,7,5,7
2025-06-20,SFN202506200,SFN,"Lee, Jung Hoo",lee-j001,4,0,empty,empty,1,field_out,8,5,7
2025-06-20,SFN202506200,SFN,"Adames, Willy",adamw002,4,1,empty,empty,1,walk,8,5,7
2025-06-20,SFN202506200,SFN,"Schmitt, Casey",schmc003,4,1,1B,1B,1,single,8,5,7
2025-06-20,SFN202506200,SFN,"Bailey, Patrick",bailp001,4,1,1B+2B,1B+2B,1,strikeout,8,5,7
2025-06-20,SFN202506200,SFN,"Smith, Dominic",smitd008,1,2,1B+2B,1B+2B,1,walk,8,5,7
2025-06-20,SFN202506200,SFN,"Yastrzemski, Mike",yastm001,5,2,1B+2B+3B,1B+2B+3B,1,strikeout,8,5,7
2025-06-20,SFN202506200,SFN,"Ramos, Heliot",ramoh002,5,0,empty,empty,1,strikeout,9,5,7
2025-06-20,SFN202506200,SFN,"Devers, Rafael",dever001,5,1,empty,empty,1,strikeout,9,5,7
2025-06-20,SFN202506200,SFN,"Flores, Wilmer",florw001,5,2,empty,empty,1,field_out,9,5,7
2025-06-21,SFN202506210,SFN,"Yastrzemski, Mike",yastm001,1,0,empty,empty,1,field_out,1,0,0
2025-06-21,SFN202506210,SFN,"Devers, Rafael",dever001,1,1,empty,empty,1,field_out,1,0,0
2025-06-21,SFN202506210,SFN,"Ramos, Heliot",ramoh002,1,2,empty,empty,1,home_run,1,0,0
2025-06-21,SFN202506210,SFN,"Adames, Willy",adamw002,1,2,empty,empty,1,field_out,1,1,0
2025-06-21,SFN202506210,SFN,"Smith, Dominic",smitd008,1,0,empty,empty,1,field_out,2,1,0
2025-06-21,SFN202506210,SFN,"Schmitt, Casey",schmc003,1,1,empty,empty,1,field_out,2,1,0
2025-06-21,SFN202506210,SFN,"Johnson, Daniel",johnd006,1,2,empty,empty,1,field_out,2,1,0
2025-06-21,SFN202506210,SFN,"Fitzgerald, Tyler",fitzt001,1,0,empty,empty,1,strikeout,3,1,0
2025-06-21,SFN202506210,SFN,"Knizner, Andrew",kniza001,1,1,empty,empty,1,field_error,3,1,0
2025-06-21,SFN202506210,SFN,"Yastrzemski, Mike",yastm001,2,1,1B,1B,1,strikeout,3,1,0
2025-06-21,SFN202506210,SFN,"Devers, Rafael",dever001,2,2,1B,1B,1,home_run,3,1,0
2025-06-21,SFN202506210,SFN,"Ramos, Heliot",ramoh002,2,2,empty,empty,1,strikeout,3,3,0
2025-06-21,SFN202506210,SFN,"Adames, Willy",adamw002,2,0,empty,empty,1,field_out,4,3,0
2025-06-21,SFN202506210,SFN,"Smith, Dominic",smitd008,2,1,empty,empty,1,walk,4,3,0
2025-06-21,SFN202506210,SFN,"Schmitt, Casey",schmc003,2,1,1B,1B,1,single,4,3,0
2025-06-21,SFN202506210,SFN,"Johnson, Daniel",johnd006,2,1,1B+2B,1B+2B,1,field_out,4,3,0
2025-06-21,SFN202506210,SFN,"Fitzgerald, Tyler",fitzt001,2,2,1B+3B,1B+3B,1,field_out,4,3,0
2025-06-21,SFN202506210,SFN,"Knizner, Andrew",kniza001,2,0,empty,empty,1,strikeout,5,3,0
2025-06-21,SFN202506210,SFN,"Yastrzemski, Mike",yastm001,3,1,empty,empty,1,field_out,5,3,0
2025-06-21,SFN202506210,SFN,"Devers, Rafael",dever001,3,2,empty,empty,1,strikeout,5,3,0
2025-06-21,SFN202506210,SFN,"Ramos, Heliot",ramoh002,3,0,empty,empty,1,field_out,6,3,0
2025-06-21,SFN202506210,SFN,"Adames, Willy",adamw002,3,1,empty,empty,1,strikeout,6,3,0
2025-06-21,SFN202506210,SFN,"Smith, Dominic",smitd008,3,2,empty,empty,1,single,6,3,0
2025-06-21,SFN202506210,SFN,"Schmitt, Casey",schmc003,3,2,1B,1B,1,field_out,6,3,0
2025-06-21,SFN202506210,SFN,"Johnson, Daniel",johnd006,3,0,empty,empty,1,field_out,7,3,0
2025-06-21,SFN202506210,SFN,"Fitzgerald, Tyler",fitzt001,3,1,empty,empty,1,field_out,7,3,0
2025-06-21,SFN202506210,SFN,"Knizner, Andrew",kniza001,3,2,empty,empty,1,field_out,7,3,0
2025-06-21,SFN202506210,SFN,"Yastrzemski, Mike",yastm001,4,0,empty,empty,1,strikeout,8,3,0
2025-06-21,SFN202506210,SFN,"Devers, Rafael",dever001,4,1,empty,empty,1,field_out,8,3,0
2025-06-21,SFN202506210,SFN,"Ramos, Heliot",ramoh002,4,2,empty,empty,1,field_out,8,3,0
2025-06-22,SFN202506220,SFN,"Yastrzemski, Mike",yastm001,1,0,empty,empty,1,field_out,1,0,1
2025-06-22,SFN202506220,SFN,"Devers, Rafael",dever001,1,1,empty,empty,1,strikeout,1,0,1
2025-06-22,SFN202506220,SFN,"Ramos, Heliot",ramoh002,1,2,empty,empty,1,field_out,1,0,1
2025-06-22,SFN202506220,SFN,"Flores, Wilmer",florw001,1,0,empty,empty,1,field_out,2,0,1
2025-06-22,SFN202506220,SFN,"Lee, Jung Hoo",lee-j001,1,1,empty,empty,1,field_out,2,0,1
2025-06-22,SFN202506220,SFN,"Adames, Willy",adamw002,1,2,empty,empty,1,strikeout,2,0,1
2025-06-22,SFN202506220,SFN,"Schmitt, Casey",schmc003,1,0,empty,empty,1,single,3,0,1
2025-06-22,SFN202506220,SFN,"Bailey, Patrick",bailp001,1,0,1B,1B,1,field_error,3,0,1
2025-06-22,SFN202506220,SFN,"Fitzgerald, Tyler",fitzt001,1,0,1B+2B,1B+2B,1,sac_bunt,3,0,1
2025-06-22,SFN202506220,SFN,"Yastrzemski, Mike",yastm001,2,1,2B+3B,2B+3B,1,field_out,3,0,1
2025-06-22,SFN202506220,SFN,"Devers, Rafael",dever001,2,2,2B+3B,2B+3B,1,walk,3,0,1
2025-06-22,SFN202506220,SFN,"Ramos, Heliot",ramoh002,2,2,1B+2B+3B,1B+2B+3B,1,single,3,0,1
2025-06-22,SFN202506220,SFN,"Flores, Wilmer",florw001,2,0,empty,empty,1,walk,4,2,1
2025-06-22,SFN202506220,SFN,"Lee, Jung Hoo",lee-j001,2,0,1B,1B,1,field_out,4,2,1
2025-06-22,SFN202506220,SFN,"Adames, Willy",adamw002,2,1,1B,1B,1,grounded_into_double_play,4,2,1
2025-06-22,SFN202506220,SFN,"Schmitt, Casey",schmc003,2,0,empty,empty,1,home_run,5,2,4
2025-06-22,SFN202506220,SFN,"Bailey, Patrick",bailp001,2,0,empty,empty,1,strikeout,5,3,4
2025-06-22,SFN202506220,SFN,"Fitzgerald, Tyler",fitzt001,2,1,empty,empty,1,field_out,5,3,4
2025-06-22,SFN202506220,SFN,"Yastrzemski, Mike",yastm001,3,2,empty,empty,1,home_run,5,3,4
2025-06-22,SFN202506220,SFN,"Devers, Rafael",dever001,3,2,empty,empty,1,field_out,5,4,4
2025-06-22,SFN202506220,SFN,"Ramos, Heliot",ramoh002,3,0,empty,empty,1,strikeout,6,4,5
2025-06-22,SFN202506220,SFN,"Flores, Wilmer",florw001,3,1,empty,empty,1,strikeout,6,4,5
2025-06-22,SFN202506220,SFN,"Lee, Jung Hoo",lee-j001,3,2,empty,empty,1,field_out,6,4,5
2025-06-22,SFN202506220,SFN,"Adames, Willy",adamw002,3,0,empty,empty,1,single,7,4,5
2025-06-22,SFN202506220,SFN,"Schmitt, Casey",schmc003,3,0,1B,1B,1,double,7,4,5
2025-06-22,SFN202506220,SFN,"Bailey, Patrick",bailp001,3,0,2B+3B,2B+3B,1,field_out,7,4,5
2025-06-22,SFN202506220,SFN,"Fitzgerald, Tyler",fitzt001,3,1,2B+3B,2B+3B,1,sac_bunt,7,4,5
2025-06-22,SFN202506220,SFN,"Yastrzemski, Mike",yastm001,4,2,3B,3B,1,field_error,7,5,5
2025-06-22,SFN202506220,SFN,"Devers, Rafael",dever001,4,2,1B,1B,1,single,7,6,5
2025-06-22,SFN202506220,SFN,"Ramos, Heliot",ramoh002,4,2,1B+2B,1B+2B,1,double,7,6,5
2025-06-22,SFN202506220,SFN,"Flores, Wilmer",florw001,4,2,2B,2B,1,field_out,7,8,5
2025-06-22,SFN202506220,SFN,"Lee, Jung Hoo",lee-j001,4,0,empty,empty,1,field_out,8,8,5
2025-06-22,SFN202506220,SFN,"Adames, Willy",adamw002,4,1,empty,empty,1,home_run,8,8,5
2025-06-22,SFN202506220,SFN,"Schmitt, Casey",schmc003,4,1,empty,empty,1,single,8,9,5
2025-06-22,SFN202506220,SFN,"Bailey, Patrick",bailp001,4,1,1B,1B,1,single,8,9,5
2025-06-22,SFN202506220,SFN,"Fitzgerald, Tyler",fitzt001,4,1,1B+2B,1B+2B,1,field_out,8,9,5
2025-06-22,SFN202506220,SFN,"Yastrzemski, Mike",yastm001,5,2,1B+3B,1B+3B,1,field_out,8,9,5
2025-06-24,SFN202506240,SFN,"Yastrzemski, Mike",yastm001,1,0,empty,empty,1,field_out,1,0,0
2025-06-24,SFN202506240,SFN,"Devers, Rafael",dever001,1,1,empty,empty,1,single,1,0,0
2025-06-24,SFN202506240,SFN,"Ramos, Heliot",ramoh002,1,1,1B,1B,1,strikeout,1,0,0
2025-06-24,SFN202506240,SFN,"Flores, Wilmer",florw001,1,2,1B,1B,1,field_out,1,0,0
2025-06-24,SFN202506240,SFN,"Lee, Jung Hoo",lee-j001,1,0,empty,empty,1,field_out,2,0,2
2025-06-24,SFN202506240,SFN,"Adames, Willy",adamw002,1,1,empty,empty,1,walk,2,0,2
2025-06-24,SFN202506240,SFN,"Schmitt, Casey",schmc003,1,1,1B,1B,1,field_out,2,0,2
2025-06-24,SFN202506240,SFN,"Bailey, Patrick",bailp001,1,2,1B,2B,0,strikeout,2,0,2
2025-06-24,SFN202506240,SFN,"Koss, Christian",kossc001,1,0,empty,empty,1,field_out,3,0,3
2025-06-24,SFN202506240,SFN,"Yastrzemski, Mike",yastm001,2,1,empty,empty,1,strikeout,3,0,3
2025-06-24,SFN202506240,SFN,"Devers, Rafael",dever001,2,2,empty,empty,1,field_out,3,0,3
2025-06-24,SFN202506240,SFN,"Ramos, Heliot",ramoh002,2,0,empty,empty,1,hit_by_pitch,4,0,3
2025-06-24,SFN202506240,SFN,"Flores, Wilmer",florw001,2,0,1B,1B,1,grounded_into_double_play,4,0,3
2025-06-24,SFN202506240,SFN,"Lee, Jung Hoo",lee-j001,2,2,empty,empty,1,single,4,0,3
2025-06-24,SFN202506240,SFN,"Adames, Willy",adamw002,2,2,1B,2B,0,field_out,4,0,3
2025-06-24,SFN202506240,SFN,"Schmitt, Casey",schmc003,2,0,empty,empty,1,single,5,0,3
2025-06-24,SFN202506240,SFN,"Bailey, Patrick",bailp001,2,0,1B,1B,1,field_out,5,0,3
2025-06-24,SFN202506240,SFN,"Koss, Christian",kossc001,2,1,1B,1B,1,home_run,5,0,3
2025-06-24,SFN202506240,SFN,"Yastrzemski, Mike",yastm001,3,1,empty,empty,1,walk,5,2,3
2025-06-24,SFN202506240,SFN,"Devers, Rafael",dever001,3,1,1B,1B,1,field_out,5,2,3
2025-06-24,SFN202506240,SFN,"Ramos, Heliot",ramoh002,3,2,1B,1B,1,double,5,2,3
2025-06-24,SFN202506240,SFN,"Flores, Wilmer",florw001,3,0,empty,empty,1,walk,6,2,3
2025-06-24,SFN202506240,SFN,"Lee, Jung Hoo",lee-j001,3,0,1B,1B,1,field_out,6,2,3
2025-06-24,SFN202506240,SFN,"Adames, Willy",adamw002,3,1,2B,2B,1,strikeout,6,2,3
2025-06-24,SFN202506240,SFN,"Schmitt, Casey",schmc003,3,2,2B,2B,1,strikeout,6,2,3
2025-06-24,SFN202506240,SFN,"Bailey, Patrick",bailp001,3,0,empty,empty,1,field_out,7,2,4
2025-06-24,SFN202506240,SFN,"Koss, Christian",kossc001,3,1,empty,empty,1,strikeout,7,2,4
2025-06-24,SFN202506240,SFN,"Yastrzemski, Mike",yastm001,4,2,empty,empty,1,field_out,7,2,4
2025-06-24,SFN202506240,SFN,"Devers, Rafael",dever001,4,0,empty,empty,1,strikeout,8,2,4
2025-06-24,SFN202506240,SFN,"Ramos, Heliot",ramoh002,4,1,empty,empty,1,strikeout,8,2,4
2025-06-24,SFN202506240,SFN,"Flores, Wilmer",florw001,4,2,empty,empty,1,strikeout,8,2,4
2025-06-24,SFN202506240,SFN,"Lee, Jung Hoo",lee-j001,4,0,empty,empty,1,walk,9,2,4
2025-06-24,SFN202506240,SFN,"Adames, Willy",adamw002,4,0,1B,1B,1,strikeout,9,2,4
2025-06-24,SFN202506240,SFN,"Schmitt, Casey",schmc003,4,1,1B,1B,1,grounded_into_double_play,9,2,4
2025-06-25,SFN202506250,SFN,"Yastrzemski, Mike",yastm001,1,0,empty,empty,1,home_run,1,0,0
2025-06-25,SFN202506250,SFN,"Devers, Rafael",dever001,1,0,empty,empty,1,field_out,1,1,0
2025-06-25,SFN202506250,SFN,"Ramos, Heliot",ramoh002,1,1,empty,empty,1,field_out,1,1,0
2025-06-25,SFN202506250,SFN,"Smith, Dominic",smitd008,1,2,empty,empty,1,field_out,1,1,0
2025-06-25,SFN202506250,SFN,"Schmitt, Casey",schmc003,1,0,empty,empty,1,strikeout,2,1,0
2025-06-25,SFN202506250,SFN,"Lee, Jung Hoo",lee-j001,1,1,empty,empty,1,hit_by_pitch,2,1,0
2025-06-25,SFN202506250,SFN,"Adames, Willy",adamw002,1,2,1B,empty,0,strikeout,2,1,0
2025-06-25,SFN202506250,SFN,"Bailey, Patrick",bailp001,1,0,empty,empty,1,strikeout,3,1,0
2025-06-25,SFN202506250,SFN,"Koss, Christian",kossc001,1,1,empty,empty,1,field_out,3,1,0
2025-06-25,SFN202506250,SFN,"Yastrzemski, Mike",yastm001,2,2,empty,empty,1,strikeout,3,1,0
2025-06-25,SFN202506250,SFN,"Devers, Rafael",dever001,2,0,empty,empty,1,field_out,4,1,2
2025-06-25,SFN202506250,SFN,"Ramos, Heliot",ramoh002,2,1,empty,empty,1,strikeout,4,1,2
2025-06-25,SFN202506250,SFN,"Smith, Dominic",smitd008,2,2,empty,empty,1,walk,4,1,2
2025-06-25,SFN202506250,SFN,"Schmitt, Casey",schmc003,2,2,1B,1B,1,strikeout,4,1,2
2025-06-25,SFN202506250,SFN,"Lee, Jung Hoo",lee-j001,2,0,empty,empty,1,walk,5,1,2
2025-06-25,SFN202506250,SFN,"Adames, Willy",adamw002,2,0,1B,1B,1,single,5,1,2
2025-06-25,SFN202506250,SFN,"Bailey, Patrick",bailp001,2,0,1B+2B,1B+2B,1,sac_bunt,5,1,2
2025-06-25,SFN202506250,SFN,"Koss, Christian",kossc001,2,1,2B+3B,2B+3B,1,sac_fly,5,1,2
2025-06-25,SFN202506250,SFN,"Yastrzemski, Mike",yastm001,3,2,2B,2B,1,field_out,5,2,2
2025-06-25,SFN202506250,SFN,"Devers, Rafael",dever001,3,0,empty,empty,1,walk,6,2,2
2025-06-25,SFN202506250,SFN,"Ramos, Heliot",ramoh002,3,0,1B,1B,1,single,6,2,2
2025-06-25,SFN202506250,SFN,"Smith, Dominic",smitd008,3,0,1B+2B,1B+2B,1,field_out,6,2,2
2025-06-25,SFN202506250,SFN,"Schmitt, Casey",schmc003,3,1,1B+2B,1B+2B,1,field_out,6,2,2
2025-06-25,SFN202506250,SFN,"Lee, Jung Hoo",lee-j001,3,2,2B+3B,2B+3B,1,strikeout,6,2,2
2025-06-25,SFN202506250,SFN,"Adames, Willy",adamw002,3,0,empty,empty,1,field_out,7,2,2
2025-06-25,SFN202506250,SFN,"Bailey, Patrick",bailp001,3,1,empty,empty,1,field_out,7,2,2
2025-06-25,SFN202506250,SFN,"Koss, Christian",kossc001,3,2,empty,empty,1,field_out,7,2,2
2025-06-25,SFN202506250,SFN,"Flores, Wilmer",florw001,1,0,empty,empty,1,field_out,8,2,4
2025-06-25,SFN202506250,SFN,"Devers, Rafael",dever001,4,1,empty,empty,1,field_out,8,2,4
2025-06-25,SFN202506250,SFN,"Ramos, Heliot",ramoh002,4,2,empty,empty,1,field_out,8,2,4
2025-06-25,SFN202506250,SFN,"Smith, Dominic",smitd008,4,0,empty,empty,1,hit_by_pitch,9,2,4
2025-06-25,SFN202506250,SFN,"Schmitt, Casey",schmc003,4,0,1B,1B,1,hit_by_pitch,9,2,4
2025-06-25,SFN202506250,SFN,"Lee, Jung Hoo",lee-j001,4,0,1B+2B,1B+2B,1,walk,9,2,4
2025-06-25,SFN202506250,SFN,"Adames, Willy",adamw002,4,0,1B+2B+3B,1B+2B+3B,1,sac_fly,9,2,4
2025-06-25,SFN202506250,SFN,"Bailey, Patrick",bailp001,4,1,2B+3B,2B+3B,1,single,9,3,4
2025-06-25,SFN202506250,SFN,"Koss, Christian",kossc001,4,2,2B,2B,1,field_out,9,4,4
2025-06-25,SFN202506250,SFN,"Flores, Wilmer",florw001,2,0,2B,2B,1,field_out,10,4,8
2025-06-25,SFN202506250,SFN,"Devers, Rafael",dever001,5,1,2B,2B,1,field_out,10,4,8
2025-06-25,SFN202506250,SFN,"Ramos, Heliot",ramoh002,5,2,3B,3B,1,single,10,4,8
2025-06-25,SFN202506250,SFN,"Johnson, Daniel",johnd006,1,2,1B,1B,1,field_out,10,5,8
2025-06-26,SFN202506260,SFN,"Yastrzemski, Mike",yastm001,1,0,empty,empty,1,field_out,1,0,3
2025-06-26,SFN202506260,SFN,"Devers, Rafael",dever001,1,1,empty,empty,1,single,1,0,3
2025-06-26,SFN202506260,SFN,"Ramos, Heliot",ramoh002,1,1,1B,1B,1,field_out,1,0,3
2025-06-26,SFN202506260,SFN,"Flores, Wilmer",florw001,1,2,1B,1B,1,field_out,1,0,3
2025-06-26,SFN202506260,SFN,"Lee, Jung Hoo",lee-j001,1,0,empty,empty,1,field_out,2,0,3
2025-06-26,SFN202506260,SFN,"Adames, Willy",adamw002,1,1,empty,empty,1,single,2,0,3
2025-06-26,SFN202506260,SFN,"Koss, Christian",kossc001,1,1,1B,1B,1,field_out,2,0,3
2025-06-26,SFN202506260,SFN,"Wisely, Brett",wiseb001,1,2,2B,2B,1,field_out,2,0,3
2025-06-26,SFN202506260,SFN,"Knizner, Andrew",kniza001,1,0,empty,empty,1,single,3,0,5
2025-06-26,SFN202506260,SFN,"Yastrzemski, Mike",yastm001,2,0,1B,1B,1,strikeout,3,0,5
2025-06-26,SFN202506260,SFN,"Devers, Rafael",dever001,2,1,1B,1B,1,home_run,3,0,5
2025-06-26,SFN202506260,SFN,"Ramos, Heliot",ramoh002,2,1,empty,empty,1,field_out,3,2,5
2025-06-26,SFN202506260,SFN,"Flores, Wilmer",florw001,2,2,empty,empty,1,field_out,3,2,5
2025-06-26,SFN202506260,SFN,"Lee, Jung Hoo",lee-j001,2,0,empty,empty,1,triple,4,2,5
2025-06-26,SFN202506260,SFN,"Adames, Willy",adamw002,2,0,3B,3B,1,single,4,2,5
2025-06-26,SFN202506260,SFN,"Koss, Christian",kossc001,2,0,1B,1B,1,double,4,3,5
2025-06-26,SFN202506260,SFN,"Wisely, Brett",wiseb001,2,0,2B+3B,2B+3B,1,double,4,3,5
2025-06-26,SFN202506260,SFN,"Knizner, Andrew",kniza001,2,0,2B,2B,1,sac_bunt,4,5,5
2025-06-26,SFN202506260,SFN,"Yastrzemski, Mike",yastm001,3,1,3B,3B,1,field_out,4,5,5
2025-06-26,SFN202506260,SFN,"Devers, Rafael",dever001,3,2,3B,3B,1,walk,4,5,5
2025-06-26,SFN202506260,SFN,"Ramos, Heliot",ramoh002,3,2,1B+3B,1B+3B,1,strikeout,4,5,5
2025-06-26,SFN202506260,SFN,"Flores, Wilmer",florw001,3,0,empty,empty,1,field_out,5,5,8
2025-06-26,SFN202506260,SFN,"Lee, Jung Hoo",lee-j001,3,1,empty,empty,1,field_out,5,5,8
2025-06-26,SFN202506260,SFN,"Adames, Willy",adamw002,3,2,empty,empty,1,strikeout,5,5,8
2025-06-26,SFN202506260,SFN,"Koss, Christian",kossc001,3,0,empty,empty,1,field_out,6,5,8
2025-06-26,SFN202506260,SFN,"Wisely, Brett",wiseb001,3,1,empty,empty,1,single,6,5,8
2025-06-26,SFN202506260,SFN,"Knizner, Andrew",kniza001,3,1,1B,1B,1,field_out,6,5,8
2025-06-26,SFN202506260,SFN,"Yastrzemski, Mike",yastm001,4,2,1B,1B,1,strikeout,6,5,8
2025-06-26,SFN202506260,SFN,"Devers, Rafael",dever001,4,0,empty,empty,1,strikeout,7,5,8
2025-06-26,SFN202506260,SFN,"Ramos, Heliot",ramoh002,4,1,empty,empty,1,field_out,7,5,8
2025-06-26,SFN202506260,SFN,"Flores, Wilmer",florw001,4,2,empty,empty,1,strikeout,7,5,8
2025-06-26,SFN202506260,SFN,"Lee, Jung Hoo",lee-j001,4,0,empty,empty,1,field_out,8,5,12
2025-06-26,SFN202506260,SFN,"Adames, Willy",adamw002,4,1,empty,empty,1,single,8,5,12
2025-06-26,SFN202506260,SFN,"Koss, Christian",kossc001,4,1,1B,1B,1,single,8,5,12
2025-06-26,SFN202506260,SFN,"Wisely, Brett",wiseb001,4,1,1B+2B,1B+2B,1,field_out,8,5,12
2025-06-26,SFN202506260,SFN,"Knizner, Andrew",kniza001,4,2,2B+3B,2B+3B,1,field_out,8,5,12
2025-06-26,SFN202506260,SFN,"Johnson, Daniel",johnd006,1,0,empty,empty,1,field_out,9,5,12
2025-06-26,SFN202506260,SFN,"Devers, Rafael",dever001,5,1,empty,empty,1,double,9,5,12
2025-06-26,SFN202506260,SFN,"Ramos, Heliot",ramoh002,5,1,2B,2B,1,strikeout,9,5,12
2025-06-26,SFN202506260,SFN,"Flores, Wilmer",florw001,5,2,2B,2B,1,field_out,9,5,12
2025-06-27,CHA202506270,SFN,"Ramos, Heliot",ramoh002,1,0,empty,empty,1,double,1,0,0
2025-06-27,CHA202506270,SFN,"Devers, Rafael",dever001,1,0,2B,2B,1,strikeout,1,0,0
2025-06-27,CHA202506270,SFN,"Flores, Wilmer",florw001,1,1,2B,2B,1,field_out,1,0,0
2025-06-27,CHA202506270,SFN,"Yastrzemski, Mike",yastm001,1,2,2B,2B,1,strikeout,1,0,0
2025-06-27,CHA202506270,SFN,"Adames, Willy",adamw002,1,0,empty,empty,1,field_out,2,0,1
2025-06-27,CHA202506270,SFN,"Lee, Jung Hoo",lee-j001,1,1,empty,empty,1,field_out,2,0,1
2025-06-27,CHA202506270,SFN,"Koss, Christian",kossc001,1,2,empty,empty,1,strikeout,2,0,1
2025-06-27,CHA202506270,SFN,"Bailey, Patrick",bailp001,1,0,empty,empty,1,walk,3,0,1
2025-06-27,CHA202506270,SFN,"Wisely, Brett",wiseb001,1,0,1B,1B,1,field_out,3,0,1
2025-06-27,CHA202506270,SFN,"Ramos, Heliot",ramoh002,2,1,1B,1B,1,field_out,3,0,1
2025-06-27,CHA202506270,SFN,"Devers, Rafael",dever001,2,2,1B,1B,1,walk,3,0,1
2025-06-27,CHA202506270,SFN,"Flores, Wilmer",florw001,2,2,1B+2B,1B+2B,1,double,3,0,1
2025-06-27,CHA202506270,SFN,"Yastrzemski, Mike",yastm001,2,2,2B+3B,2B+3B,1,walk,3,1,1
2025-06-27,CHA202506270,SFN,"Adames, Willy",adamw002,2,2,1B+2B+3B,1B+2B+3B,1,field_out,3,1,1
2025-06-27,CHA202506270,SFN,"Lee, Jung Hoo",lee-j001,2,0,empty,empty,1,field_out,4,1,1
2025-06-27,CHA202506270,SFN,"Koss, Christian",kossc001,2,1,empty,empty,1,single,4,1,1
2025-06-27,CHA202506270,SFN,"Bailey, Patrick",bailp001,2,1,1B,1B,1,field_out,4,1,1
2025-06-27,CHA202506270,SFN,"Wisely, Brett",wiseb001,2,2,2B,2B,1,walk,4,1,1
2025-06-27,CHA202506270,SFN,"Ramos, Heliot",ramoh002,3,2,1B+2B,1B+2B,1,strikeout,4,1,1
2025-06-27,CHA202506270,SFN,"Devers, Rafael",dever001,3,0,empty,empty,1,single,5,1,1
2025-06-27,CHA202506270,SFN,"Flores, Wilmer",florw001,3,0,1B,1B,1,grounded_into_double_play,5,1,1
2025-06-27,CHA202506270,SFN,"Yastrzemski, Mike",yastm001,3,2,empty,empty,1,field_out,5,1,1
2025-06-27,CHA202506270,SFN,"Adames, Willy",adamw002,3,0,empty,empty,1,walk,6,1,1
2025-06-27,CHA202506270,SFN,"Lee, Jung Hoo",lee-j001,3,0,1B,1B,1,field_out,6,1,1
2025-06-27,CHA202506270,SFN,"Koss, Christian",kossc001,3,1,1B,1B,1,single,6,1,1
2025-06-27,CHA202506270,SFN,"Bailey, Patrick",bailp001,3,1,1B+2B,1B+2B,1,triple,6,1,1
2025-06-27,CHA202506270,SFN,"Wisely, Brett",wiseb001,3,1,3B,3B,1,field_out,6,3,1
2025-06-27,CHA202506270,SFN,"Ramos, Heliot",ramoh002,4,2,3B,3B,1,walk,6,3,1
2025-06-27,CHA202506270,SFN,"Devers, Rafael",dever001,4,2,1B+3B,1B+3B,1,strikeout,6,3,1
2025-06-27,CHA202506270,SFN,"Flores, Wilmer",florw001,4,0,empty,empty,1,field_out,7,3,1
2025-06-27,CHA202506270,SFN,"Yastrzemski, Mike",yastm001,4,1,empty,empty,1,strikeout,7,3,1
2025-06-27,CHA202506270,SFN,"Adames, Willy",adamw002,4,2,empty,empty,1,field_out,7,3,1
2025-06-27,CHA202506270,SFN,"Lee, Jung Hoo",lee-j001,4,0,empty,empty,1,field_out,8,3,1
2025-06-27,CHA202506270,SFN,"Koss, Christian",kossc001,4,1,empty,empty,1,strikeout,8,3,1
2025-06-27,CHA202506270,SFN,"Bailey, Patrick",bailp001,4,2,empty,empty,1,field_out,8,3,1
2025-06-27,CHA202506270,SFN,"Wisely, Brett",wiseb001,4,0,empty,empty,1,walk,9,3,1
2025-06-27,CHA202506270,SFN,"Ramos, Heliot",ramoh002,5,1,1B,empty,0,field_out,9,3,1
2025-06-27,CHA202506270,SFN,"Devers, Rafael",dever001,5,2,empty,empty,1,strikeout,9,3,1
2025-06-28,CHA202506280,SFN,"Koss, Christian",kossc001,1,0,empty,empty,1,field_out,1,0,0
2025-06-28,CHA202506280,SFN,"Devers, Rafael",dever001,1,1,empty,empty,1,field_out,1,0,0
2025-06-28,CHA202506280,SFN,"Ramos, Heliot",ramoh002,1,2,empty,empty,1,walk,1,0,0
2025-06-28,CHA202506280,SFN,"Smith, Dominic",smitd008,1,2,1B,1B,1,field_out,1,0,0
2025-06-28,CHA202506280,SFN,"Adames, Willy",adamw002,1,0,empty,empty,1,strikeout,2,0,0
2025-06-28,CHA202506280,SFN,"Yastrzemski, Mike",yastm001,1,1,empty,empty,1,strikeout,2,0,0
2025-06-28,CHA202506280,SFN,"Lee, Jung Hoo",lee-j001,1,2,empty,empty,1,field_out,2,0,0
2025-06-28,CHA202506280,SFN,"Knizner, Andrew",kniza001,1,0,empty,empty,1,field_out,3,0,0
2025-06-28,CHA202506280,SFN,"Wisely, Brett",wiseb001,1,1,empty,empty,1,field_out,3,0,0
2025-06-28,CHA202506280,SFN,"Koss, Christian",kossc001,2,2,empty,empty,1,single,3,0,0
2025-06-28,CHA202506280,SFN,"Devers, Rafael",dever001,2,2,1B,1B,1,field_out,3,0,0
2025-06-28,CHA202506280,SFN,"Ramos, Heliot",ramoh002,2,0,empty,empty,1,field_out,4,0,0
2025-06-28,CHA202506280,SFN,"Smith, Dominic",smitd008,2,1,empty,empty,1,field_out,4,0,0
2025-06-28,CHA202506280,SFN,"Adames, Willy",adamw002,2,2,empty,empty,1,strikeout,4,0,0
2025-06-28,CHA202506280,SFN,"Yastrzemski, Mike",yastm001,2,0,empty,empty,1,field_out,5,0,0
2025-06-28,CHA202506280,SFN,"Lee, Jung Hoo",lee-j001,2,1,empty,empty,1,field_out,5,0,0
2025-06-28,CHA202506280,SFN,"Knizner, Andrew",kniza001,2,2,empty,empty,1,strikeout,5,0,0
2025-06-28,CHA202506280,SFN,"Wisely, Brett",wiseb001,2,0,empty,empty,1,single,6,0,0
2025-06-28,CHA202506280,SFN,"Koss, Christian",kossc001,3,0,1B,1B,1,single,6,0,0
2025-06-28,CHA202506280,SFN,"Devers, Rafael",dever001,3,0,1B+2B,2B+3B,0,strikeout_double_play,6,0,0
2025-06-28,CHA202506280,SFN,"Ramos, Heliot",ramoh002,3,2,2B,2B,1,field_out,6,0,0
2025-06-28,CHA202506280,SFN,"Smith, Dominic",smitd008,3,0,empty,empty,1,field_out,7,0,1
2025-06-28,CHA202506280,SFN,"Adames, Willy",adamw002,3,1,empty,empty,1,field_out,7,0,1
2025-06-28,CHA202506280,SFN,"Yastrzemski, Mike",yastm001,3,2,empty,empty,1,single,7,0,1
2025-06-28,CHA202506280,SFN,"Lee, Jung Hoo",lee-j001,3,2,1B,1B,1,field_out,7,0,1
2025-06-28,CHA202506280,SFN,"Bailey, Patrick",bailp001,1,0,empty,empty,1,field_out,8,0,1
2025-06-28,CHA202506280,SFN,"Wisely, Brett",wiseb001,3,1,empty,empty,1,field_out,8,0,1
2025-06-28,CHA202506280,SFN,"Koss, Christian",kossc001,4,2,empty,empty,1,field_out,8,0,1
2025-06-28,CHA202506280,SFN,"Devers, Rafael",dever001,4,0,empty,empty,1,strikeout,9,0,1
2025-06-28,CHA202506280,SFN,"Ramos, Heliot",ramoh002,4,1,empty,empty,1,field_out,9,0,1
2025-06-28,CHA202506280,SFN,"Smith, Dominic",smitd008,4,2,empty,empty,1,strikeout,9,0,1
2025-06-29,CHA202506290,SFN,"Ramos, Heliot",ramoh002,1,0,empty,empty,1,single,1,0,0
2025-06-29,CHA202506290,SFN,"Devers, Rafael",dever001,1,0,1B,1B,1,strikeout,1,0,0
2025-06-29,CHA202506290,SFN,"Flores, Wilmer",florw001,1,1,1B,1B,1,field_out,1,0,0
2025-06-29,CHA202506290,SFN,"Yastrzemski, Mike",yastm001,1,2,1B,1B,1,field_out,1,0,0
2025-06-29,CHA202506290,SFN,"Adames, Willy",adamw002,1,0,empty,empty,1,walk,2,0,1
2025-06-29,CHA202506290,SFN,"Lee, Jung Hoo",lee-j001,1,0,1B,1B,1,grounded_into_double_play,2,0,1
2025-06-29,CHA202506290,SFN,"Koss, Christian",kossc001,1,2,empty,empty,1,walk,2,0,1
2025-06-29,CHA202506290,SFN,"Bailey, Patrick",bailp001,1,2,1B,2B,0,double,2,0,1
2025-06-29,CHA202506290,SFN,"Wisely, Brett",wiseb001,1,2,2B,2B,1,strikeout,2,1,1
2025-06-29,CHA202506290,SFN,"Ramos, Heliot",ramoh002,2,0,empty,empty,1,field_out,3,1,1
2025-06-29,CHA202506290,SFN,"Devers, Rafael",dever001,2,1,empty,empty,1,walk,3,1,1
2025-06-29,CHA202506290,SFN,"Flores, Wilmer",florw001,2,1,1B,1B,1,single,3,1,1
2025-06-29,CHA202506290,SFN,"Yastrzemski, Mike",yastm001,2,1,1B+2B,1B+2B,1,strikeout,3,1,1
2025-06-29,CHA202506290,SFN,"Adames, Willy",adamw002,2,2,1B+2B,1B+2B,1,strikeout,3,1,1
2025-06-29,CHA202506290,SFN,"Lee, Jung Hoo",lee-j001,2,0,empty,empty,1,strikeout,4,1,1
2025-06-29,CHA202506290,SFN,"Koss, Christian",kossc001,2,1,empty,empty,1,double,4,1,1
2025-06-29,CHA202506290,SFN,"Bailey, Patrick",bailp001,2,1,2B,2B,1,strikeout,4,1,1
2025-06-29,CHA202506290,SFN,"Wisely, Brett",wiseb001,2,2,2B,2B,1,field_out,4,1,1
2025-06-29,CHA202506290,SFN,"Ramos, Heliot",ramoh002,3,0,empty,empty,1,strikeout,5,1,1
2025-06-29,CHA202506290,SFN,"Devers, Rafael",dever001,3,1,empty,empty,1,walk,5,1,1
2025-06-29,CHA202506290,SFN,"Flores, Wilmer",florw001,3,1,1B,1B,1,walk,5,1,1
2025-06-29,CHA202506290,SFN,"Yastrzemski, Mike",yastm001,3,1,1B+2B,1B+2B,1,single,5,1,1
2025-06-29,CHA202506290,SFN,"Adames, Willy",adamw002,3,1,1B+2B+3B,1B+2B+3B,1,walk,5,1,1
2025-06-29,CHA202506290,SFN,"Lee, Jung Hoo",lee-j001,3,1,1B+2B+3B,1B+2B+3B,1,field_out,5,2,1
2025-06-29,CHA202506290,SFN,"Koss, Christian",kossc001,3,2,1B+2B+3B,1B+2B+3B,1,field_out,5,2,1
2025-06-29,CHA202506290,SFN,"Bailey, Patrick",bailp001,3,0,empty,empty,1,hit_by_pitch,6,2,1
2025-06-29,CHA202506290,SFN,"Wisely, Brett",wiseb001,3,0,1B,1B,1,field_out,6,2,1
2025-06-29,CHA202506290,SFN,"Ramos, Heliot",ramoh002,4,1,1B,1B,1,field_out,6,2,1
2025-06-29,CHA202506290,SFN,"Devers, Rafael",dever001,4,2,1B,1B,1,strikeout,6,2,1
2025-06-29,CHA202506290,SFN,"Flores, Wilmer",florw001,4,0,empty,empty,1,field_out,7,2,1
2025-06-29,CHA202506290,SFN,"Yastrzemski, Mike",yastm001,4,1,empty,empty,1,field_out,7,2,1
2025-06-29,CHA202506290,SFN,"Adames, Willy",adamw002,4,2,empty,empty,1,strikeout,7,2,1
2025-06-29,CHA202506290,SFN,"Lee, Jung Hoo",lee-j001,4,0,empty,empty,1,hit_by_pitch,8,2,5
2025-06-29,CHA202506290,SFN,"Koss, Christian",kossc001,4,0,1B,1B,1,single,8,2,5
2025-06-29,CHA202506290,SFN,"Bailey, Patrick",bailp001,4,0,1B+2B,1B+2B,1,strikeout,8,2,5
2025-06-29,CHA202506290,SFN,"Wisely, Brett",wiseb001,4,1,1B+2B,1B+2B,1,walk,8,2,5
2025-06-29,CHA202506290,SFN,"Ramos, Heliot",ramoh002,5,1,1B+2B+3B,1B+2B+3B,1,grounded_into_double_play,8,2,5
2025-06-29,CHA202506290,SFN,"Devers, Rafael",dever001,5,0,empty,empty,1,strikeout,9,2,5
2025-06-29,CHA202506290,SFN,"Flores, Wilmer",florw001,5,1,empty,empty,1,walk,9,2,5
2025-06-29,CHA202506290,SFN,"Yastrzemski, Mike",yastm001,5,1,1B,1B,1,grounded_into_double_play,9,2,5
2025-06-30,ARI202506300,SFN,"Koss, Christian",kossc001,1,0,empty,empty,1,field_out,1,0,0
2025-06-30,ARI202506300,SFN,"Devers, Rafael",dever001,1,1,empty,empty,1,strikeout,1,0,0
2025-06-30,ARI202506300,SFN,"Ramos, Heliot",ramoh002,1,2,empty,empty,1,strikeout,1,0,0
2025-06-30,ARI202506300,SFN,"Smith, Dominic",smitd008,1,0,empty,empty,1,single,2,0,0
2025-06-30,ARI202506300,SFN,"Adames, Willy",adamw002,1,0,1B,1B,1,strikeout,2,0,0
2025-06-30,ARI202506300,SFN,"Lee, Jung Hoo",lee-j001,1,1,1B,1B,1,grounded_into_double_play,2,0,0
2025-06-30,ARI202506300,SFN,"Fitzgerald, Tyler",fitzt001,1,0,empty,empty,1,strikeout,3,0,0
2025-06-30,ARI202506300,SFN,"Bailey, Patrick",bailp001,1,1,empty,empty,1,single,3,0,0
2025-06-30,ARI202506300,SFN,"Johnson, Daniel",johnd006,1,1,1B,1B,1,field_out,3,0,0
2025-06-30,ARI202506300,SFN,"Koss, Christian",kossc001,2,2,1B,1B,1,field_out,3,0,0
2025-06-30,ARI202506300,SFN,"Devers, Rafael",dever001,2,0,empty,empty,1,strikeout,4,0,1
2025-06-30,ARI202506300,SFN,"Ramos, Heliot",ramoh002,2,1,empty,empty,1,strikeout,4,0,1
2025-06-30,ARI202506300,SFN,"Smith, Dominic",smitd008,2,2,empty,empty,1,field_out,4,0,1
2025-06-30,ARI202506300,SFN,"Adames, Willy",adamw002,2,0,empty,empty,1,field_out,5,0,1
2025-06-30,ARI202506300,SFN,"Lee, Jung Hoo",lee-j001,2,1,empty,empty,1,field_out,5,0,1
2025-06-30,ARI202506300,SFN,"Fitzgerald, Tyler",fitzt001,2,2,empty,empty,1,double,5,0,1
2025-06-30,ARI202506300,SFN,"Bailey, Patrick",bailp001,2,2,2B,2B,1,field_out,5,0,1
2025-06-30,ARI202506300,SFN,"Johnson, Daniel",johnd006,2,0,empty,empty,1,field_out,6,0,1
2025-06-30,ARI202506300,SFN,"Koss, Christian",kossc001,3,1,empty,empty,1,field_out,6,0,1
2025-06-30,ARI202506300,SFN,"Devers, Rafael",dever001,3,2,empty,empty,1,strikeout,6,0,1
2025-06-30,ARI202506300,SFN,"Ramos, Heliot",ramoh002,3,0,empty,empty,1,field_out,7,0,2
2025-06-30,ARI202506300,SFN,"Smith, Dominic",smitd008,3,1,empty,empty,1,double,7,0,2
2025-06-30,ARI202506300,SFN,"Adames, Willy",adamw002,3,1,2B,2B,1,single,7,0,2
2025-06-30,ARI202506300,SFN,"Lee, Jung Hoo",lee-j001,3,1,1B+2B,1B+2B,1,field_out,7,0,2
2025-06-30,ARI202506300,SFN,"Fitzgerald, Tyler",fitzt001,3,2,1B+2B,1B+2B,1,double,7,0,2
2025-06-30,ARI202506300,SFN,"Bailey, Patrick",bailp001,3,2,2B,2B,1,field_out,7,2,2
2025-06-30,ARI202506300,SFN,"Johnson, Daniel",johnd006,3,0,empty,empty,1,field_out,8,2,3
2025-06-30,ARI202506300,SFN,"Koss, Christian",kossc001,4,1,empty,empty,1,double,8,2,3
2025-06-30,ARI202506300,SFN,"Devers, Rafael",dever001,4,1,2B,2B,1,strikeout,8,2,3
2025-06-30,ARI202506300,SFN,"Ramos, Heliot",ramoh002,4,2,2B,2B,1,strikeout,8,2,3
2025-06-30,ARI202506300,SFN,"Smith, Dominic",smitd008,4,0,empty,empty,1,strikeout,9,2,4
2025-06-30,ARI202506300,SFN,"Adames, Willy",adamw002,4,1,empty,empty,1,field_out,9,2,4
2025-06-30,ARI202506300,SFN,"Lee, Jung Hoo",lee-j001,4,2,empty,empty,1,field_out,9,2,4
2025-07-01,ARI202507010,SFN,"Yastrzemski, Mike",yastm001,1,0,empty,empty,1,single,1,0,0
2025-07-01,ARI202507010,SFN,"Ramos, Heliot",ramoh002,1,0,1B,1B,1,strikeout,1,0,0
2025-07-01,ARI202507010,SFN,"Devers, Rafael",dever001,1,1,1B,1B,1,strikeout,1,0,0
2025-07-01,ARI202507010,SFN,"Flores, Wilmer",florw001,1,2,2B,2B,1,field_out,1,0,0
2025-07-01,ARI202507010,SFN,"Smith, Dominic",smitd008,1,0,empty,empty,1,strikeout,2,0,0
2025-07-01,ARI202507010,SFN,"Adames, Willy",adamw002,1,1,empty,empty,1,home_run,2,0,0
2025-07-01,ARI202507010,SFN,"Johnson, Daniel",johnd006,1,1,empty,empty,1,double,2,1,0
2025-07-01,ARI202507010,SFN,"Bailey, Patrick",bailp001,1,1,3B,3B,1,field_out,2,1,0
2025-07-01,ARI202507010,SFN,"Fitzgerald, Tyler",fitzt001,1,2,empty,empty,1,strikeout,2,2,0
2025-07-01,ARI202507010,SFN,"Yastrzemski, Mike",yastm001,2,0,empty,empty,1,strikeout,3,2,0
2025-07-01,ARI202507010,SFN,"Ramos, Heliot",ramoh002,2,1,empty,empty,1,field_out,3,2,0
2025-07-01,ARI202507010,SFN,"Devers, Rafael",dever001,2,2,empty,empty,1,double,3,2,0
2025-07-01,ARI202507010,SFN,"Flores, Wilmer",florw001,2,2,2B,2B,1,single,3,2,0
2025-07-01,ARI202507010,SFN,"Smith, Dominic",smitd008,2,0,empty,empty,1,field_out,4,2,1
2025-07-01,ARI202507010,SFN,"Adames, Willy",adamw002,2,1,empty,empty,1,field_out,4,2,1
2025-07-01,ARI202507010,SFN,"Johnson, Daniel",johnd006,2,2,empty,empty,1,field_out,4,2,1
2025-07-01,ARI202507010,SFN,"Bailey, Patrick",bailp001,2,0,empty,empty,1,strikeout,5,2,4
2025-07-01,ARI202507010,SFN,"Fitzgerald, Tyler",fitzt001,2,1,empty,empty,1,strikeout,5,2,4
2025-07-01,ARI202507010,SFN,"Yastrzemski, Mike",yastm001,3,2,empty,empty,1,strikeout,5,2,4
2025-07-01,ARI202507010,SFN,"Ramos, Heliot",ramoh002,3,0,empty,empty,1,field_out,6,2,6
2025-07-01,ARI202507010,SFN,"Devers, Rafael",dever001,3,1,empty,empty,1,field_out,6,2,6
2025-07-01,ARI202507010,SFN,"Flores, Wilmer",florw001,3,2,empty,empty,1,strikeout,6,2,6
2025-07-01,ARI202507010,SFN,"Smith, Dominic",smitd008,3,0,empty,empty,1,field_out,7,2,8
2025-07-01,ARI202507010,SFN,"Adames, Willy",adamw002,3,1,empty,empty,1,field_out,7,2,8
2025-07-01,ARI202507010,SFN,"Johnson, Daniel",johnd006,3,2,empty,empty,1,strikeout,7,2,8
2025-07-01,ARI202507010,SFN,"Bailey, Patrick",bailp001,3,0,empty,empty,1,strikeout,8,2,8
2025-07-01,ARI202507010,SFN,"Fitzgerald, Tyler",fitzt001,3,1,empty,empty,1,field_out,8,2,8
2025-07-01,ARI202507010,SFN,"Yastrzemski, Mike",yastm001,4,2,empty,empty,1,field_out,8,2,8
2025-07-01,ARI202507010,SFN,"Matos, Luis",matol002,1,0,empty,empty,1,double,9,2,8
2025-07-01,ARI202507010,SFN,"Devers, Rafael",dever001,4,0,2B,2B,1,strikeout,9,2,8
2025-07-01,ARI202507010,SFN,"Flores, Wilmer",florw001,4,1,2B,2B,1,field_out,9,2,8
2025-07-01,ARI202507010,SFN,"Smith, Dominic",smitd008,4,2,2B,2B,1,field_out,9,2,8
2025-07-02,ARI202507020,SFN,"Yastrzemski, Mike",yastm001,1,0,empty,empty,1,home_run,1,0,0
2025-07-02,ARI202507020,SFN,"Adames, Willy",adamw002,1,0,empty,empty,1,strikeout,1,1,0
2025-07-02,ARI202507020,SFN,"Devers, Rafael",dever001,1,1,empty,empty,1,strikeout,1,1,0
2025-07-02,ARI202507020,SFN,"Flores, Wilmer",florw001,1,2,empty,empty,1,walk,1,1,0
2025-07-02,ARI202507020,SFN,"Lee, Jung Hoo",lee-j001,1,2,1B,1B,1,triple,1,1,0
2025-07-02,ARI202507020,SFN,"Matos, Luis",matol002,1,2,3B,3B,1,field_out,1,2,0
2025-07-02,ARI202507020,SFN,"Bailey, Patrick",bailp001,1,0,empty,empty,1,field_out,2,2,0
2025-07-02,ARI202507020,SFN,"Fitzgerald, Tyler",fitzt001,1,1,empty,empty,1,walk,2,2,0
2025-07-02,ARI202507020,SFN,"Wisely, Brett",wiseb001,1,1,1B,1B,1,field_out,2,2,0
2025-07-02,ARI202507020,SFN,"Yastrzemski, Mike",yastm001,2,2,1B,1B,1,field_out,2,2,0
2025-07-02,ARI202507020,SFN,"Adames, Willy",adamw002,2,0,empty,empty,1,strikeout,3,2,0
2025-07-02,ARI202507020,SFN,"Devers, Rafael",dever001,2,1,empty,empty,1,field_out,3,2,0
2025-07-02,ARI202507020,SFN,"Flores, Wilmer",florw001,2,2,empty,empty,1,field_out,3,2,0
2025-07-02,ARI202507020,SFN,"Lee, Jung Hoo",lee-j001,2,0,empty,empty,1,double,4,2,0
2025-07-02,ARI202507020,SFN,"Matos, Luis",matol002,2,0,2B,2B,1,field_out,4,2,0
2025-07-02,ARI202507020,SFN,"Bailey, Patrick",bailp001,2,1,2B,2B,1,field_out,4,2,0
2025-07-02,ARI202507020,SFN,"Fitzgerald, Tyler",fitzt001,2,2,3B,3B,1,field_out,4,2,0
2025-07-02,ARI202507020,SFN,"Wisely, Brett",wiseb001,2,0,empty,empty,1,double,5,2,0
2025-07-02,ARI202507020,SFN,"Yastrzemski, Mike",yastm001,3,0,2B,2B,1,field_out,5,2,0
2025-07-02,ARI202507020,SFN,"Adames, Willy",adamw002,3,1,2B,2B,1,field_out,5,2,0
2025-07-02,ARI202507020,SFN,"Devers, Rafael",dever001,3,2,2B,2B,1,single,5,2,0
2025-07-02,ARI202507020,SFN,"Flores, Wilmer",florw001,3,2,1B,1B,1,field_out,5,3,0
2025-07-02,ARI202507020,SFN,"Lee, Jung Hoo",lee-j001,3,0,empty,empty,1,field_out,6,3,2
2025-07-02,ARI202507020,SFN,"Matos, Luis",matol002,3,1,empty,empty,1,field_out,6,3,2
2025-07-02,ARI202507020,SFN,"Bailey, Patrick",bailp001,3,2,empty,empty,1,walk,6,3,2
2025-07-02,ARI202507020,SFN,"Fitzgerald, Tyler",fitzt001,3,2,1B,1B,1,field_out,6,3,2
2025-07-02,ARI202507020,SFN,"Wisely, Brett",wiseb001,3,0,empty,empty,1,field_out,7,3,2
2025-07-02,ARI202507020,SFN,"Yastrzemski, Mike",yastm001,4,1,empty,empty,1,strikeout,7,3,2
2025-07-02,ARI202507020,SFN,"Adames, Willy",adamw002,4,2,empty,empty,1,walk,7,3,2
2025-07-02,ARI202507020,SFN,"Devers, Rafael",dever001,4,2,1B,1B,1,strikeout,7,3,2
2025-07-02,ARI202507020,SFN,"Flores, Wilmer",florw001,4,0,empty,empty,1,field_out,8,3,2
2025-07-02,ARI202507020,SFN,"Lee, Jung Hoo",lee-j001,4,1,empty,empty,1,single,8,3,2
2025-07-02,ARI202507020,SFN,"Matos, Luis",matol002,4,1,1B,1B,1,walk,8,3,2
2025-07-02,ARI202507020,SFN,"Bailey, Patrick",bailp001,4,1,1B+2B,1B+2B,1,single,8,3,2
2025-07-02,ARI202507020,SFN,"Fitzgerald, Tyler",fitzt001,4,1,1B+2B,1B+2B,1,field_out,8,4,2
2025-07-02,ARI202507020,SFN,"Wisely, Brett",wiseb001,4,2,1B+2B,1B+2B,1,single,8,4,2
2025-07-02,ARI202507020,SFN,"Yastrzemski, Mike",yastm001,5,2,1B+3B,1B+3B,1,field_out,8,5,2
2025-07-02,ARI202507020,SFN,"Adames, Willy",adamw002,5,0,empty,empty,1,single,9,5,3
2025-07-02,ARI202507020,SFN,"Devers, Rafael",dever001,5,0,1B,1B,1,field_out,9,5,3
2025-07-02,ARI202507020,SFN,"Flores, Wilmer",florw001,5,1,1B,1B,1,field_out,9,5,3
2025-07-02,ARI202507020,SFN,"Lee, Jung Hoo",lee-j001,5,2,2B,2B,1,field_out,9,5,3
2025-07-02,ARI202507020,SFN,"Ramos, Heliot",ramoh002,1,0,2B,2B,1,single,10,5,5
2025-07-02,ARI202507020,SFN,"Bailey, Patrick",bailp001,5,0,1B+3B,1B+3B,1,sac_fly,10,5,5
2025-07-02,ARI202507020,SFN,"Smith, Dominic",smitd008,1,1,1B,1B,1,grounded_into_double_play,10,6,5
2025-07-03,ARI202507030,SFN,"Yastrzemski, Mike",yastm001,1,0,empty,empty,1,field_out,1,0,0
2025-07-03,ARI202507030,SFN,"Adames, Willy",adamw002,1,1,empty,empty,1,walk,1,0,0
2025-07-03,ARI202507030,SFN,"Devers, Rafael",dever001,1,1,1B,1B,1,walk,1,0,0
2025-07-03,ARI202507030,SFN,"Ramos, Heliot",ramoh002,1,1,1B+2B,1B+2B,1,double,1,0,0
2025-07-03,ARI202507030,SFN,"Lee, Jung Hoo",lee-j001,1,1,2B+3B,2B+3B,1,sac_fly,1,1,0
2025-07-03,ARI202507030,SFN,"Smith, Dominic",smitd008,1,2,3B,3B,1,strikeout,1,2,0
2025-07-03,ARI202507030,SFN,"Fitzgerald, Tyler",fitzt001,1,0,empty,empty,1,strikeout,2,2,0
2025-07-03,ARI202507030,SFN,"Wisely, Brett",wiseb001,1,1,empty,empty,1,strikeout,2,2,0
2025-07-03,ARI202507030,SFN,"Knizner, Andrew",kniza001,1,2,empty,empty,1,field_out,2,2,0
2025-07-03,ARI202507030,SFN,"Yastrzemski, Mike",yastm001,2,0,empty,empty,1,single,3,2,0
2025-07-03,ARI202507030,SFN,"Adames, Willy",adamw002,2,0,1B,1B,1,double,3,2,0
2025-07-03,ARI202507030,SFN,"Devers, Rafael",dever001,2,0,2B,2B,1,field_out,3,3,0
2025-07-03,ARI202507030,SFN,"Ramos, Heliot",ramoh002,2,1,3B,3B,1,single,3,3,0
2025-07-03,ARI202507030,SFN,"Lee, Jung Hoo",lee-j001,2,1,1B,1B,1,field_out,3,4,0
2025-07-03,ARI202507030,SFN,"Smith, Dominic",smitd008,2,2,1B,1B,1,strikeout,3,4,0
2025-07-03,ARI202507030,SFN,"Fitzgerald, Tyler",fitzt001,2,0,empty,empty,1,strikeout,4,4,0
2025-07-03,ARI202507030,SFN,"Wisely, Brett",wiseb001,2,1,empty,empty,1,strikeout,4,4,0
2025-07-03,ARI202507030,SFN,"Knizner, Andrew",kniza001,2,2,empty,empty,1,field_out,4,4,0
2025-07-03,ARI202507030,SFN,"Yastrzemski, Mike",yastm001,3,0,empty,empty,1,single,5,4,0
2025-07-03,ARI202507030,SFN,"Adames, Willy",adamw002,3,0,1B,1B,1,grounded_into_double_play,5,4,0
2025-07-03,ARI202507030,SFN,"Devers, Rafael",dever001,3,2,empty,empty,1,field_out,5,4,0
2025-07-03,ARI202507030,SFN,"Ramos, Heliot",ramoh002,3,0,empty,empty,1,strikeout,6,4,1
2025-07-03,ARI202507030,SFN,"Lee, Jung Hoo",lee-j001,3,1,empty,empty,1,single,6,4,1
2025-07-03,ARI202507030,SFN,"Smith, Dominic",smitd008,3,1,1B,1B,1,field_out,6,4,1
2025-07-03,ARI202507030,SFN,"Fitzgerald, Tyler",fitzt001,3,2,1B,1B,1,strikeout,6,4,1
2025-07-03,ARI202507030,SFN,"Wisely, Brett",wiseb001,3,0,empty,empty,1,field_out,7,4,1
2025-07-03,ARI202507030,SFN,"Knizner, Andrew",kniza001,3,1,empty,empty,1,single,7,4,1
2025-07-03,ARI202507030,SFN,"Yastrzemski, Mike",yastm001,4,1,1B,1B,1,strikeout,7,4,1
2025-07-03,ARI202507030,SFN,"Adames, Willy",adamw002,4,2,1B,1B,1,double,7,4,1
2025-07-03,ARI202507030,SFN,"Devers, Rafael",dever001,4,2,2B+3B,2B+3B,1,single,7,4,1
2025-07-03,ARI202507030,SFN,"Ramos, Heliot",ramoh002,4,2,1B,1B,1,field_out,7,6,1
2025-07-03,ARI202507030,SFN,"Lee, Jung Hoo",lee-j001,4,0,empty,empty,1,strikeout,8,6,1
2025-07-03,ARI202507030,SFN,"Smith, Dominic",smitd008,4,1,empty,empty,1,field_out,8,6,1
2025-07-03,ARI202507030,SFN,"Fitzgerald, Tyler",fitzt001,4,2,empty,empty,1,field_out,8,6,1
2025-07-03,ARI202507030,SFN,"Wisely, Brett",wiseb001,4,0,empty,empty,1,strikeout,9,6,1
2025-07-03,ARI202507030,SFN,"Knizner, Andrew",kniza001,4,1,empty,empty,1,single,9,6,1
2025-07-03,ARI202507030,SFN,"Yastrzemski, Mike",yastm001,5,1,1B,1B,1,single,9,6,1
2025-07-03,ARI202507030,SFN,"Adames, Willy",adamw002,5,1,1B+2B,1B+2B,1,single,9,6,1
2025-07-03,ARI202507030,SFN,"Devers, Rafael",dever001,5,1,1B+2B+3B,1B+2B+3B,1,sac_fly,9,6,1
2025-07-03,ARI202507030,SFN,"Ramos, Heliot",ramoh002,5,2,2B+3B,2B+3B,1,field_out,9,7,1
2025-07-04,ATH202507040,SFN,"Ramos, Heliot",ramoh002,1,0,empty,empty,1,field_out,1,0,0
2025-07-04,ATH202507040,SFN,"Adames, Willy",adamw002,1,1,empty,empty,1,strikeout,1,0,0
2025-07-04,ATH202507040,SFN,"Devers, Rafael",dever001,1,2,empty,empty,1,field_out,1,0,0
2025-07-04,ATH202507040,SFN,"Flores, Wilmer",florw001,1,0,empty,empty,1,field_out,2,0,1
2025-07-04,ATH202507040,SFN,"Lee, Jung Hoo",lee-j001,1,1,empty,empty,1,strikeout,2,0,1
2025-07-04,ATH202507040,SFN,"Matos, Luis",matol002,1,2,empty,empty,1,field_out,2,0,1
2025-07-04,ATH202507040,SFN,"Fitzgerald, Tyler",fitzt001,1,0,empty,empty,1,field_out,3,0,5
2025-07-04,ATH202507040,SFN,"Bailey, Patrick",bailp001,1,1,empty,empty,1,strikeout,3,0,5
2025-07-04,ATH202507040,SFN,"Alcantara, Sergio",alcas002,1,2,empty,empty,1,field_out,3,0,5
2025-07-04,ATH202507040,SFN,"Ramos, Heliot",ramoh002,2,0,empty,empty,1,walk,4,0,6
2025-07-04,ATH202507040,SFN,"Adames, Willy",adamw002,2,0,1B,1B,1,single,4,0,6
2025-07-04,ATH202507040,SFN,"Devers, Rafael",dever001,2,0,1B+2B,1B+2B,1,strikeout,4,0,6
2025-07-04,ATH202507040,SFN,"Flores, Wilmer",florw001,2,1,1B+2B,1B+2B,1,field_out,4,0,6
2025-07-04,ATH202507040,SFN,"Lee, Jung Hoo",lee-j001,2,2,1B+2B,1B+2B,1,field_out,4,0,6
2025-07-04,ATH202507040,SFN,"Matos, Luis",matol002,2,0,empty,empty,1,double,5,0,6
2025-07-04,ATH202507040,SFN,"Fitzgerald, Tyler",fitzt001,2,0,2B,2B,1,walk,5,0,6
2025-07-04,ATH202507040,SFN,"Bailey, Patrick",bailp001,2,0,1B+2B,1B+2B,1,strikeout,5,0,6
2025-07-04,ATH202507040,SFN,"Alcantara, Sergio",alcas002,2,1,1B+2B,1B+2B,1,field_out,5,0,6
2025-07-04,ATH202507040,SFN,"Ramos, Heliot",ramoh002,3,2,1B+3B,1B+3B,1,strikeout,5,0,6
2025-07-04,ATH202507040,SFN,"Adames, Willy",adamw002,3,0,empty,empty,1,field_out,6,0,6
2025-07-04,ATH202507040,SFN,"Devers, Rafael",dever001,3,1,empty,empty,1,double,6,0,6
2025-07-04,ATH202507040,SFN,"Flores, Wilmer",florw001,3,1,2B,2B,1,field_out,6,0,6
2025-07-04,ATH202507040,SFN,"Lee, Jung Hoo",lee-j001,3,2,2B,2B,1,field_out,6,0,6
2025-07-04,ATH202507040,SFN,"Matos, Luis",matol002,3,0,empty,empty,1,field_out,7,0,9
2025-07-04,ATH202507040,SFN,"Fitzgerald, Tyler",fitzt001,3,1,empty,empty,1,strikeout,7,0,9
2025-07-04,ATH202507040,SFN,"Bailey, Patrick",bailp001,3,2,empty,empty,1,strikeout,7,0,9
2025-07-04,ATH202507040,SFN,"Alcantara, Sergio",alcas002,3,0,empty,empty,1,strikeout,8,0,11
2025-07-04,ATH202507040,SFN,"Ramos, Heliot",ramoh002,4,1,empty,empty,1,field_out,8,0,11
2025-07-04,ATH202507040,SFN,"Wisely, Brett",wiseb001,1,2,empty,empty,1,home_run,8,0,11
2025-07-04,ATH202507040,SFN,"Knizner, Andrew",kniza001,1,2,empty,empty,1,field_out,8,1,11
2025-07-04,ATH202507040,SFN,"Smith, Dominic",smitd008,1,0,empty,empty,1,double,9,1,11
2025-07-04,ATH202507040,SFN,"Lee, Jung Hoo",lee-j001,4,0,2B,2B,1,field_error,9,1,11
2025-07-04,ATH202507040,SFN,"Matos, Luis",matol002,4,0,1B,1B,1,field_out,9,2,11
2025-07-04,ATH202507040,SFN,"Fitzgerald, Tyler",fitzt001,4,1,1B,1B,1,single,9,2,11
2025-07-04,ATH202507040,SFN,"Bailey, Patrick",bailp001,4,1,1B+3B,1B+3B,1,strikeout,9,2,11
2025-07-04,ATH202507040,SFN,"Alcantara, Sergio",alcas002,4,2,1B+3B,1B+3B,1,strikeout,9,2,11
2025-07-05,ATH202507050,SFN,"Yastrzemski, Mike",yastm001,1,0,empty,empty,1,walk,1,0,0
2025-07-05,ATH202507050,SFN,"Ramos, Heliot",ramoh002,1,0,1B,1B,1,hit_by_pitch,1,0,0
2025-07-05,ATH202507050,SFN,"Devers, Rafael",dever001,1,0,1B+2B,1B+2B,1,field_out,1,0,0
2025-07-05,ATH202507050,SFN,"Chapman, Matt",chapm001,1,1,1B+3B,1B+3B,1,hit_by_pitch,1,0,0
2025-07-05,ATH202507050,SFN,"Lee, Jung Hoo",lee-j001,1,1,1B+2B+3B,1B+2B+3B,1,field_out,1,0,0
2025-07-05,ATH202507050,SFN,"Adames, Willy",adamw002,1,2,1B+2B+3B,1B+2B+3B,1,single,1,0,0
2025-07-05,ATH202507050,SFN,"Smith, Dominic",smitd008,1,2,1B+2B,1B+2B,1,field_out,1,2,0
2025-07-05,ATH202507050,SFN,"Bailey, Patrick",bailp001,1,0,empty,empty,1,field_out,2,2,0
2025-07-05,ATH202507050,SFN,"Wisely, Brett",wiseb001,1,1,empty,empty,1,field_out,2,2,0
2025-07-05,ATH202507050,SFN,"Yastrzemski, Mike",yastm001,2,2,empty,empty,1,field_out,2,2,0
2025-07-05,ATH202507050,SFN,"Ramos, Heliot",ramoh002,2,0,empty,empty,1,field_out,3,2,1
2025-07-05,ATH202507050,SFN,"Devers, Rafael",dever001,2,1,empty,empty,1,field_out,3,2,1
2025-07-05,ATH202507050,SFN,"Chapman, Matt",chapm001,2,2,empty,empty,1,single,3,2,1
2025-07-05,ATH202507050,SFN,"Lee, Jung Hoo",lee-j001,2,2,1B,1B,1,single,3,2,1
2025-07-05,ATH202507050,SFN,"Adames, Willy",adamw002,2,2,2B+3B,2B+3B,1,single,3,2,1
2025-07-05,ATH202507050,SFN,"Smith, Dominic",smitd008,2,2,2B,2B,1,field_out,3,4,1
2025-07-05,ATH202507050,SFN,"Bailey, Patrick",bailp001,2,0,empty,empty,1,strikeout,4,4,1
2025-07-05,ATH202507050,SFN,"Wisely, Brett",wiseb001,2,1,empty,empty,1,field_out,4,4,1
2025-07-05,ATH202507050,SFN,"Yastrzemski, Mike",yastm001,3,2,empty,empty,1,strikeout,4,4,1
2025-07-05,ATH202507050,SFN,"Ramos, Heliot",ramoh002,3,0,empty,empty,1,home_run,5,4,1
2025-07-05,ATH202507050,SFN,"Devers, Rafael",dever001,3,0,empty,empty,1,walk,5,5,1
2025-07-05,ATH202507050,SFN,"Chapman, Matt",chapm001,3,0,1B,1B,1,field_out,5,5,1
2025-07-05,ATH202507050,SFN,"Lee, Jung Hoo",lee-j001,3,1,1B,1B,1,strikeout,5,5,1
2025-07-05,ATH202507050,SFN,"Adames, Willy",adamw002,3,2,1B,1B,1,strikeout,5,5,1
2025-07-05,ATH202507050,SFN,"Smith, Dominic",smitd008,3,0,empty,empty,1,hit_by_pitch,6,5,1
2025-07-05,ATH202507050,SFN,"Bailey, Patrick",bailp001,3,0,1B,1B,1,double,6,5,1
2025-07-05,ATH202507050,SFN,"Wisely, Brett",wiseb001,3,0,2B+3B,2B+3B,1,double,6,5,1
2025-07-05,ATH202507050,SFN,"Yastrzemski, Mike",yastm001,4,0,2B,2B,1,field_out,6,7,1
2025-07-05,ATH202507050,SFN,"Ramos, Heliot",ramoh002,4,1,3B,3B,1,field_out,6,7,1
2025-07-05,ATH202507050,SFN,"Devers, Rafael",dever001,4,2,3B,3B,1,intent_walk,6,7,1
2025-07-05,ATH202507050,SFN,"Chapman, Matt",chapm001,4,2,1B+3B,1B+3B,1,field_out,6,7,1
2025-07-05,ATH202507050,SFN,"Lee, Jung Hoo",lee-j001,4,0,empty,empty,1,field_out,7,7,2
2025-07-05,ATH202507050,SFN,"Adames, Willy",adamw002,4,1,empty,empty,1,single,7,7,2
2025-07-05,ATH202507050,SFN,"Smith, Dominic",smitd008,4,1,1B,2B,0,field_out,7,7,2
2025-07-05,ATH202507050,SFN,"Bailey, Patrick",bailp001,4,2,3B,3B,1,field_out,7,7,2
2025-07-05,ATH202507050,SFN,"Wisely, Brett",wiseb001,4,0,empty,empty,1,single,8,7,2
2025-07-05,ATH202507050,SFN,"Yastrzemski, Mike",yastm001,5,0,1B,1B,1,strikeout,8,7,2
2025-07-05,ATH202507050,SFN,"Ramos, Heliot",ramoh002,5,1,1B,1B,1,field_out,8,7,2
2025-07-05,ATH202507050,SFN,"Devers, Rafael",dever001,5,2,1B,1B,1,double,8,7,2
2025-07-05,ATH202507050,SFN,"Chapman, Matt",chapm001,5,0,empty,empty,1,walk,9,7,2
2025-07-05,ATH202507050,SFN,"Lee, Jung Hoo",lee-j001,5,0,1B,1B,1,field_out,9,7,2
2025-07-05,ATH202507050,SFN,"Adames, Willy",adamw002,5,1,1B,1B,1,field_out,9,7,2
2025-07-05,ATH202507050,SFN,"Smith, Dominic",smitd008,5,2,1B,1B,1,strikeout,9,7,2
2025-07-06,ATH202507060,SFN,"Ramos, Heliot",ramoh002,1,0,empty,empty,1,single,1,0,0
2025-07-06,ATH202507060,SFN,"Devers, Rafael",dever001,1,0,1B,1B,1,hit_by_pitch,1,0,0
2025-07-06,ATH202507060,SFN,"Flores, Wilmer",florw001,1,0,1B+2B,1B+2B,1,single,1,0,0
2025-07-06,ATH202507060,SFN,"Chapman, Matt",chapm001,1,0,1B+2B+3B,1B+2B+3B,1,field_out,1,0,0
2025-07-06,ATH202507060,SFN,"Adames, Willy",adamw002,1,1,1B+2B+3B,1B+2B+3B,1,walk,1,0,0
2025-07-06,ATH202507060,SFN,"Matos, Luis",matol002,1,1,1B+2B+3B,1B+2B+3B,1,strikeout,1,1,0
2025-07-06,ATH202507060,SFN,"Yastrzemski, Mike",yastm001,1,2,1B+2B+3B,1B+2B+3B,1,strikeout,1,1,0
2025-07-06,ATH202507060,SFN,"Fitzgerald, Tyler",fitzt001,1,0,empty,empty,1,strikeout,2,1,0
2025-07-06,ATH202507060,SFN,"Knizner, Andrew",kniza001,1,1,empty,empty,1,strikeout,2,1,0
2025-07-06,ATH202507060,SFN,"Ramos, Heliot",ramoh002,2,2,empty,empty,1,strikeout,2,1,0
2025-07-06,ATH202507060,SFN,"Devers, Rafael",dever001,2,0,empty,empty,1,strikeout,3,1,0
2025-07-06,ATH202507060,SFN,"Flores, Wilmer",florw001,2,1,empty,empty,1,strikeout,3,1,0
2025-07-06,ATH202507060,SFN,"Chapman, Matt",chapm001,2,2,empty,empty,1,field_out,3,1,0
2025-07-06,ATH202507060,SFN,"Adames, Willy",adamw002,2,0,empty,empty,1,home_run,4,1,0
2025-07-06,ATH202507060,SFN,"Matos, Luis",matol002,2,0,empty,empty,1,field_out,4,2,0
2025-07-06,ATH202507060,SFN,"Yastrzemski, Mike",yastm001,2,1,empty,empty,1,field_out,4,2,0
2025-07-06,ATH202507060,SFN,"Fitzgerald, Tyler",fitzt001,2,2,empty,empty,1,strikeout,4,2,0
2025-07-06,ATH202507060,SFN,"Knizner, Andrew",kniza001,2,0,empty,empty,1,single,5,2,1
2025-07-06,ATH202507060,SFN,"Ramos, Heliot",ramoh002,3,0,1B,1B,1,field_out,5,2,1
2025-07-06,ATH202507060,SFN,"Devers, Rafael",dever001,3,1,1B,1B,1,single,5,2,1
2025-07-06,ATH202507060,SFN,"Flores, Wilmer",florw001,3,1,1B+2B,1B+2B,1,single,5,2,1
2025-07-06,ATH202507060,SFN,"Chapman, Matt",chapm001,3,1,1B+2B+3B,1B+2B+3B,1,strikeout,5,2,1
2025-07-06,ATH202507060,SFN,"Adames, Willy",adamw002,3,2,1B+2B+3B,1B+2B+3B,1,walk,5,2,1
2025-07-06,ATH202507060,SFN,"Matos, Luis",matol002,3,2,1B+2B+3B,1B+2B+3B,1,double,5,3,1
2025-07-06,ATH202507060,SFN,"Yastrzemski, Mike",yastm001,3,2,2B+3B,2B+3B,1,intent_walk,5,5,1
2025-07-06,ATH202507060,SFN,"Fitzgerald, Tyler",fitzt001,3,2,1B+2B+3B,1B+2B+3B,1,field_out,5,5,1
2025-07-06,ATH202507060,SFN,"Knizner, Andrew",kniza001,3,0,empty,empty,1,field_out,6,5,1
2025-07-06,ATH202507060,SFN,"Ramos, Heliot",ramoh002,4,1,empty,empty,1,field_out,6,5,1
2025-07-06,ATH202507060,SFN,"Devers, Rafael",dever001,4,2,empty,empty,1,single,6,5,1
2025-07-06,ATH202507060,SFN,"Flores, Wilmer",florw001,4,2,1B,1B,1,field_error,6,5,1
2025-07-06,ATH202507060,SFN,"Chapman, Matt",chapm001,4,2,1B+2B,1B+2B,1,field_out,6,5,1
2025-07-06,ATH202507060,SFN,"Adames, Willy",adamw002,4,0,empty,empty,1,field_out,7,5,1
2025-07-06,ATH202507060,SFN,"Matos, Luis",matol002,4,1,empty,empty,1,strikeout,7,5,1
2025-07-06,ATH202507060,SFN,"Yastrzemski, Mike",yastm001,4,2,empty,empty,1,strikeout,7,5,1
2025-07-06,ATH202507060,SFN,"Fitzgerald, Tyler",fitzt001,4,0,empty,empty,1,home_run,8,5,1
2025-07-06,ATH202507060,SFN,"Knizner, Andrew",kniza001,4,0,empty,empty,1,field_out,8,6,1
2025-07-06,ATH202507060,SFN,"Ramos, Heliot",ramoh002,5,1,empty,empty,1,field_out,8,6,1
2025-07-06,ATH202507060,SFN,"Devers, Rafael",dever001,5,2,empty,empty,1,walk,8,6,1
2025-07-06,ATH202507060,SFN,"Flores, Wilmer",florw001,5,2,1B,1B,1,strikeout,8,6,1
2025-07-06,ATH202507060,SFN,"Chapman, Matt",chapm001,5,0,empty,empty,1,strikeout,9,6,1
2025-07-06,ATH202507060,SFN,"Adames, Willy",adamw002,5,1,empty,empty,1,field_out,9,6,1
2025-07-06,ATH202507060,SFN,"Matos, Luis",matol002,5,2,empty,empty,1,field_out,9,6,1
2025-07-07,SFN202507070,SFN,"Ramos, Heliot",ramoh002,1,0,empty,empty,1,strikeout,1,0,0
2025-07-07,SFN202507070,SFN,"Devers, Rafael",dever001,1,1,empty,empty,1,field_out,1,0,0
2025-07-07,SFN202507070,SFN,"Adames, Willy",adamw002,1,2,empty,empty,1,strikeout,1,0,0
2025-07-07,SFN202507070,SFN,"Chapman, Matt",chapm001,1,0,empty,empty,1,single,2,0,0
2025-07-07,SFN202507070,SFN,"Flores, Wilmer",florw001,1,0,1B,1B,1,single,2,0,0
2025-07-07,SFN202507070,SFN,"Schmitt, Casey",schmc003,1,0,1B+2B,1B+2B,1,walk,2,0,0
2025-07-07,SFN202507070,SFN,"Lee, Jung Hoo",lee-j001,1,0,1B+2B+3B,1B+2B+3B,1,strikeout,2,0,0
2025-07-07,SFN202507070,SFN,"Matos, Luis",matol002,1,1,1B+2B+3B,1B+2B+3B,1,field_out,2,0,0
2025-07-07,SFN202507070,SFN,"Bailey, Patrick",bailp001,1,2,1B+3B,1B+3B,1,field_out,2,1,0
2025-07-07,SFN202507070,SFN,"Ramos, Heliot",ramoh002,2,0,empty,empty,1,field_out,3,1,0
2025-07-07,SFN202507070,SFN,"Devers, Rafael",dever001,2,1,empty,empty,1,single,3,1,0
2025-07-07,SFN202507070,SFN,"Adames, Willy",adamw002,2,1,1B,1B,1,field_out,3,1,0
2025-07-07,SFN202507070,SFN,"Chapman, Matt",chapm001,2,2,1B,1B,1,double,3,1,0
2025-07-07,SFN202507070,SFN,"Flores, Wilmer",florw001,2,2,2B+3B,2B+3B,1,strikeout,3,1,0
2025-07-07,SFN202507070,SFN,"Schmitt, Casey",schmc003,2,0,empty,empty,1,field_out,4,1,0
2025-07-07,SFN202507070,SFN,"Lee, Jung Hoo",lee-j001,2,1,empty,empty,1,single,4,1,0
2025-07-07,SFN202507070,SFN,"Matos, Luis",matol002,2,1,1B,1B,1,strikeout,4,1,0
2025-07-07,SFN202507070,SFN,"Bailey, Patrick",bailp001,2,2,1B,1B,1,field_out,4,1,0
2025-07-07,SFN202507070,SFN,"Ramos, Heliot",ramoh002,3,0,empty,empty,1,strikeout,5,1,1
2025-07-07,SFN202507070,SFN,"Devers, Rafael",dever001,3,1,empty,empty,1,field_out,5,1,1
2025-07-07,SFN202507070,SFN,"Adames, Willy",adamw002,3,2,empty,empty,1,double,5,1,1
2025-07-07,SFN202507070,SFN,"Chapman, Matt",chapm001,3,2,2B,2B,1,strikeout,5,1,1
2025-07-07,SFN202507070,SFN,"Flores, Wilmer",florw001,3,0,empty,empty,1,field_out,6,1,1
2025-07-07,SFN202507070,SFN,"Schmitt, Casey",schmc003,3,1,empty,empty,1,single,6,1,1
2025-07-07,SFN202507070,SFN,"Lee, Jung Hoo",lee-j001,3,1,1B,1B,1,field_out,6,1,1
2025-07-07,SFN202507070,SFN,"Matos, Luis",matol002,3,2,1B,1B,1,field_out,6,1,1
2025-07-07,SFN202507070,SFN,"Bailey, Patrick",bailp001,3,0,empty,empty,1,field_out,7,1,1
2025-07-07,SFN202507070,SFN,"Ramos, Heliot",ramoh002,4,1,empty,empty,1,field_out,7,1,1
2025-07-07,SFN202507070,SFN,"Devers, Rafael",dever001,4,2,empty,empty,1,strikeout,7,1,1
2025-07-07,SFN202507070,SFN,"Adames, Willy",adamw002,4,0,empty,empty,1,hit_by_pitch,8,1,1
2025-07-07,SFN202507070,SFN,"Chapman, Matt",chapm001,4,0,1B,1B,1,single,8,1,1
2025-07-07,SFN202507070,SFN,"Flores, Wilmer",florw001,4,0,1B+3B,1B+3B,1,hit_by_pitch,8,1,1
2025-07-07,SFN202507070,SFN,"Schmitt, Casey",schmc003,4,0,1B+2B+3B,1B+2B+3B,1,field_out,8,1,1
2025-07-07,SFN202507070,SFN,"Lee, Jung Hoo",lee-j001,4,1,1B+3B,1B+3B,1,fielders_choice,8,2,1
2025-07-07,SFN202507070,SFN,"Yastrzemski, Mike",yastm001,1,1,1B+2B,1B+2B,1,field_out,8,3,1
2025-07-07,SFN202507070,SFN,"Bailey, Patrick",bailp001,4,2,2B+3B,2B+3B,1,strikeout,8,3,1
2025-07-08,SFN202507080,SFN,"Ramos, Heliot",ramoh002,1,0,empty,empty,1,field_out,1,0,0
2025-07-08,SFN202507080,SFN,"Devers, Rafael",dever001,1,1,empty,empty,1,walk,1,0,0
2025-07-08,SFN202507080,SFN,"Adames, Willy",adamw002,1,1,1B,1B,1,field_out,1,0,0
2025-07-08,SFN202507080,SFN,"Chapman, Matt",chapm001,1,2,1B,1B,1,field_out,1,0,0
2025-07-08,SFN202507080,SFN,"Yastrzemski, Mike",yastm001,1,0,empty,empty,1,walk,2,0,0
2025-07-08,SFN202507080,SFN,"Schmitt, Casey",schmc003,1,0,1B,1B,1,field_out,2,0,0
2025-07-08,SFN202507080,SFN,"Lee, Jung Hoo",lee-j001,1,1,1B,1B,1,single,2,0,0
2025-07-08,SFN202507080,SFN,"Smith, Dominic",smitd008,1,1,1B+3B,1B+3B,1,single,2,0,0
2025-07-08,SFN202507080,SFN,"Bailey, Patrick",bailp001,1,1,1B+2B,1B+2B,1,grounded_into_double_play,2,1,0
2025-07-08,SFN202507080,SFN,"Ramos, Heliot",ramoh002,2,0,empty,empty,1,field_out,3,1,0
2025-07-08,SFN202507080,SFN,"Devers, Rafael",dever001,2,1,empty,empty,1,strikeout,3,1,0
2025-07-08,SFN202507080,SFN,"Adames, Willy",adamw002,2,2,empty,empty,1,field_out,3,1,0
2025-07-08,SFN202507080,SFN,"Chapman, Matt",chapm001,2,0,empty,empty,1,strikeout,4,1,0
2025-07-08,SFN202507080,SFN,"Yastrzemski, Mike",yastm001,2,1,empty,empty,1,field_out,4,1,0
2025-07-08,SFN202507080,SFN,"Schmitt, Casey",schmc003,2,2,empty,empty,1,strikeout,4,1,0
2025-07-08,SFN202507080,SFN,"Lee, Jung Hoo",lee-j001,2,0,empty,empty,1,single,5,1,0
2025-07-08,SFN202507080,SFN,"Smith, Dominic",smitd008,2,0,1B,1B,1,field_out,5,1,0
2025-07-08,SFN202507080,SFN,"Bailey, Patrick",bailp001,2,1,1B,1B,1,single,5,1,0
2025-07-08,SFN202507080,SFN,"Ramos, Heliot",ramoh002,3,1,1B+2B,1B+2B,1,field_out,5,1,0
2025-07-08,SFN202507080,SFN,"Devers, Rafael",dever001,3,2,1B+3B,1B+3B,1,strikeout,5,1,0
2025-07-08,SFN202507080,SFN,"Adames, Willy",adamw002,3,0,empty,empty,1,field_out,6,1,1
2025-07-08,SFN202507080,SFN,"Chapman, Matt",chapm001,3,1,empty,empty,1,field_out,6,1,1
2025-07-08,SFN202507080,SFN,"Yastrzemski, Mike",yastm001,3,2,empty,empty,1,single,6,1,1
2025-07-08,SFN202507080,SFN,"Schmitt, Casey",schmc003,3,2,1B,1B,1,strikeout,6,1,1
2025-07-08,SFN202507080,SFN,"Lee, Jung Hoo",lee-j001,3,0,empty,empty,1,field_out,7,1,3
2025-07-08,SFN202507080,SFN,"Flores, Wilmer",florw001,1,1,empty,empty,1,strikeout,7,1,3
2025-07-08,SFN202507080,SFN,"Bailey, Patrick",bailp001,3,2,empty,empty,1,strikeout,7,1,3
2025-07-08,SFN202507080,SFN,"Ramos, Heliot",ramoh002,4,0,empty,empty,1,single,8,1,3
2025-07-08,SFN202507080,SFN,"Devers, Rafael",dever001,4,0,1B,1B,1,walk,8,1,3
2025-07-08,SFN202507080,SFN,"Adames, Willy",adamw002,4,0,1B+2B,1B+2B,1,strikeout,8,1,3
2025-07-08,SFN202507080,SFN,"Chapman, Matt",chapm001,4,1,1B+2B,1B+2B,1,field_out,8,1,3
2025-07-08,SFN202507080,SFN,"Yastrzemski, Mike",yastm001,4,2,1B+2B,1B+2B,1,field_out,8,1,3
2025-07-08,SFN202507080,SFN,"Schmitt, Casey",schmc003,4,0,empty,empty,1,double,9,1,3
2025-07-08,SFN202507080,SFN,"Lee, Jung Hoo",lee-j001,4,0,2B,2B,1,field_out,9,1,3
2025-07-08,SFN202507080,SFN,"Flores, Wilmer",florw001,2,1,2B,2B,1,single,9,1,3
2025-07-08,SFN202507080,SFN,"Bailey, Patrick",bailp001,4,1,1B+3B,1B+3B,1,home_run,9,1,3
2025-07-09,SFN202507090,SFN,"Ramos, Heliot",ramoh002,1,0,empty,empty,1,single,1,0,0
2025-07-09,SFN202507090,SFN,"Devers, Rafael",dever001,1,0,1B,1B,1,grounded_into_double_play,1,0,0
2025-07-09,SFN202507090,SFN,"Adames, Willy",adamw002,1,2,empty,empty,1,strikeout,1,0,0
2025-07-09,SFN202507090,SFN,"Chapman, Matt",chapm001,1,0,empty,empty,1,field_out,2,0,1
2025-07-09,SFN202507090,SFN,"Flores, Wilmer",florw001,1,1,empty,empty,1,single,2,0,1
2025-07-09,SFN202507090,SFN,"Schmitt, Casey",schmc003,1,1,1B,1B,1,walk,2,0,1
2025-07-09,SFN202507090,SFN,"Lee, Jung Hoo",lee-j001,1,1,1B+2B,1B+2B,1,strikeout,2,0,1
2025-07-09,SFN202507090,SFN,"Matos, Luis",matol002,1,2,1B+2B,1B+2B,1,strikeout,2,0,1
2025-07-09,SFN202507090,SFN,"Knizner, Andrew",kniza001,1,0,empty,empty,1,field_out,3,0,1
2025-07-09,SFN202507090,SFN,"Ramos, Heliot",ramoh002,2,1,empty,empty,1,field_out,3,0,1
2025-07-09,SFN202507090,SFN,"Devers, Rafael",dever001,2,2,empty,empty,1,strikeout,3,0,1
2025-07-09,SFN202507090,SFN,"Adames, Willy",adamw002,2,0,empty,empty,1,strikeout,4,0,2
2025-07-09,SFN202507090,SFN,"Chapman, Matt",chapm001,2,1,empty,empty,1,field_out,4,0,2
2025-07-09,SFN202507090,SFN,"Flores, Wilmer",florw001,2,2,empty,empty,1,single,4,0,2
2025-07-09,SFN202507090,SFN,"Schmitt, Casey",schmc003,2,2,1B,1B,1,field_out,4,0,2
2025-07-09,SFN202507090,SFN,"Lee, Jung Hoo",lee-j001,2,0,empty,empty,1,field_out,5,0,2
2025-07-09,SFN202507090,SFN,"Matos, Luis",matol002,2,1,empty,empty,1,strikeout,5,0,2
2025-07-09,SFN202507090,SFN,"Knizner, Andrew",kniza001,2,2,empty,empty,1,field_out,5,0,2
2025-07-09,SFN202507090,SFN,"Ramos, Heliot",ramoh002,3,0,empty,empty,1,field_out,6,0,4
2025-07-09,SFN202507090,SFN,"Devers, Rafael",dever001,3,1,empty,empty,1,field_out,6,0,4
2025-07-09,SFN202507090,SFN,"Adames, Willy",adamw002,3,2,empty,empty,1,strikeout,6,0,4
2025-07-09,SFN202507090,SFN,"Chapman, Matt",chapm001,3,0,empty,empty,1,field_out,7,0,4
2025-07-09,SFN202507090,SFN,"Flores, Wilmer",florw001,3,1,empty,empty,1,field_out,7,0,4
2025-07-09,SFN202507090,SFN,"Schmitt, Casey",schmc003,3,2,empty,empty,1,field_out,7,0,4
2025-07-09,SFN202507090,SFN,"Lee, Jung Hoo",lee-j001,3,0,empty,empty,1,walk,8,0,11
2025-07-09,SFN202507090,SFN,"Matos, Luis",matol002,3,0,1B,1B,1,strikeout,8,0,11
2025-07-09,SFN202507090,SFN,"Knizner, Andrew",kniza001,3,1,1B,1B,1,field_out,8,0,11
2025-07-09,SFN202507090,SFN,"Ramos, Heliot",ramoh002,4,2,1B,1B,1,field_out,8,0,11
2025-07-09,SFN202507090,SFN,"Bailey, Patrick",bailp001,1,0,empty,empty,1,field_out,9,0,13
2025-07-09,SFN202507090,SFN,"Smith, Dominic",smitd008,1,1,empty,empty,1,field_out,9,0,13
2025-07-09,SFN202507090,SFN,"Chapman, Matt",chapm001,4,2,empty,empty,1,single,9,0,13
2025-07-09,SFN202507090,SFN,"Wisely, Brett",wiseb001,1,2,1B,1B,1,field_out,9,0,13
2025-07-11,SFN202507110,SFN,"Yastrzemski, Mike",yastm001,1,0,empty,empty,1,strikeout,1,0,0
2025-07-11,SFN202507110,SFN,"Ramos, Heliot",ramoh002,1,1,empty,empty,1,field_out,1,0,0
2025-07-11,SFN202507110,SFN,"Devers, Rafael",dever001,1,2,empty,empty,1,field_out,1,0,0
2025-07-11,SFN202507110,SFN,"Chapman, Matt",chapm001,1,0,empty,empty,1,strikeout,2,0,0
2025-07-11,SFN202507110,SFN,"Adames, Willy",adamw002,1,1,empty,empty,1,home_run,2,0,0
2025-07-11,SFN202507110,SFN,"Lee, Jung Hoo",lee-j001,1,1,empty,empty,1,strikeout,2,1,0
2025-07-11,SFN202507110,SFN,"Schmitt, Casey",schmc003,1,2,empty,empty,1,field_out,2,1,0
2025-07-11,SFN202507110,SFN,"Smith, Dominic",smitd008,1,0,empty,empty,1,field_out,3,1,2
2025-07-11,SFN202507110,SFN,"Bailey, Patrick",bailp001,1,1,empty,empty,1,field_out,3,1,2
2025-07-11,SFN202507110,SFN,"Yastrzemski, Mike",yastm001,2,2,empty,empty,1,double,3,1,2
2025-07-11,SFN202507110,SFN,"Ramos, Heliot",ramoh002,2,2,2B,2B,1,field_out,3,1,2
2025-07-11,SFN202507110,SFN,"Devers, Rafael",dever001,2,0,empty,empty,1,walk,4,1,2
2025-07-11,SFN202507110,SFN,"Chapman, Matt",chapm001,2,0,1B,1B,1,walk,4,1,2
2025-07-11,SFN202507110,SFN,"Adames, Willy",adamw002,2,0,1B+2B,1B+2B,1,strikeout,4,1,2
2025-07-11,SFN202507110,SFN,"Lee, Jung Hoo",lee-j001,2,1,1B+2B,1B+2B,1,triple,4,1,2
2025-07-11,SFN202507110,SFN,"Schmitt, Casey",schmc003,2,1,3B,3B,1,double_play,4,3,2
2025-07-11,SFN202507110,SFN,"Smith, Dominic",smitd008,2,0,empty,empty,1,home_run,5,3,2
2025-07-11,SFN202507110,SFN,"Bailey, Patrick",bailp001,2,0,empty,empty,1,single,5,4,2
2025-07-11,SFN202507110,SFN,"Yastrzemski, Mike",yastm001,3,0,1B,1B,1,walk,5,4,2
2025-07-11,SFN202507110,SFN,"Ramos, Heliot",ramoh002,3,0,1B+2B,1B+2B,1,field_out,5,4,2
2025-07-11,SFN202507110,SFN,"Devers, Rafael",dever001,3,1,1B+2B,1B+2B,1,walk,5,4,2
2025-07-11,SFN202507110,SFN,"Chapman, Matt",chapm001,3,1,1B+2B+3B,1B+2B+3B,1,field_out,5,4,2
2025-07-11,SFN202507110,SFN,"Adames, Willy",adamw002,3,2,1B+3B,1B+3B,1,triple,5,5,2
2025-07-11,SFN202507110,SFN,"Lee, Jung Hoo",lee-j001,3,2,3B,3B,1,single,5,7,2
2025-07-11,SFN202507110,SFN,"Schmitt, Casey",schmc003,3,2,1B,1B,1,walk,5,8,2
2025-07-11,SFN202507110,SFN,"Smith, Dominic",smitd008,3,2,1B+2B,1B+2B,1,field_out,5,8,2
2025-07-11,SFN202507110,SFN,"Bailey, Patrick",bailp001,3,0,empty,empty,1,single,6,8,6
2025-07-11,SFN202507110,SFN,"Yastrzemski, Mike",yastm001,4,0,1B,1B,1,sac_bunt,6,8,6
2025-07-11,SFN202507110,SFN,"Ramos, Heliot",ramoh002,4,1,2B,2B,1,strikeout,6,8,6
2025-07-11,SFN202507110,SFN,"Devers, Rafael",dever001,4,2,2B,2B,1,field_out,6,8,6
2025-07-11,SFN202507110,SFN,"Chapman, Matt",chapm001,4,0,empty,empty,1,field_out,7,8,7
2025-07-11,SFN202507110,SFN,"Adames, Willy",adamw002,4,1,empty,empty,1,field_out,7,8,7
2025-07-11,SFN202507110,SFN,"Lee, Jung Hoo",lee-j001,4,2,empty,empty,1,single,7,8,7
2025-07-11,SFN202507110,SFN,"Schmitt, Casey",schmc003,4,2,1B,1B,1,field_out,7,8,7
2025-07-11,SFN202507110,SFN,"Smith, Dominic",smitd008,4,0,empty,empty,1,field_out,8,8,7
2025-07-11,SFN202507110,SFN,"Bailey, Patrick",bailp001,4,1,empty,empty,1,walk,8,8,7
2025-07-11,SFN202507110,SFN,"Yastrzemski, Mike",yastm001,5,1,1B,1B,1,strikeout,8,8,7
2025-07-11,SFN202507110,SFN,"Ramos, Heliot",ramoh002,5,2,1B,1B,1,strikeout,8,8,7
2025-07-12,SFN202507120,SFN,"Yastrzemski, Mike",yastm001,1,0,empty,empty,1,strikeout,1,0,0
2025-07-12,SFN202507120,SFN,"Ramos, Heliot",ramoh002,1,1,empty,empty,1,strikeout,1,0,0
2025-07-12,SFN202507120,SFN,"Devers, Rafael",dever001,1,2,empty,empty,1,strikeout,1,0,0
2025-07-12,SFN202507120,SFN,"Chapman, Matt",chapm001,1,0,empty,empty,1,field_out,2,0,1
2025-07-12,SFN202507120,SFN,"Adames, Willy",adamw002,1,1,empty,empty,1,field_out,2,0,1
2025-07-12,SFN202507120,SFN,"Lee, Jung Hoo",lee-j001,1,2,empty,empty,1,walk,2,0,1
2025-07-12,SFN202507120,SFN,"Schmitt, Casey",schmc003,1,2,1B,1B,1,field_out,2,0,1
2025-07-12,SFN202507120,SFN,"Smith, Dominic",smitd008,1,0,empty,empty,1,field_out,3,0,1
2025-07-12,SFN202507120,SFN,"Bailey, Patrick",bailp001,1,1,empty,empty,1,strikeout,3,0,1
2025-07-12,SFN202507120,SFN,"Yastrzemski, Mike",yastm001,2,2,empty,empty,1,single,3,0,1
2025-07-12,SFN202507120,SFN,"Ramos, Heliot",ramoh002,2,2,1B,1B,1,field_out,3,0,1
2025-07-12,SFN202507120,SFN,"Devers, Rafael",dever001,2,0,empty,empty,1,walk,4,0,1
2025-07-12,SFN202507120,SFN,"Chapman, Matt",chapm001,2,0,1B,1B,1,field_out,4,0,1
2025-07-12,SFN202507120,SFN,"Adames, Willy",adamw002,2,1,1B,1B,1,walk,4,0,1
2025-07-12,SFN202507120,SFN,"Lee, Jung Hoo",lee-j001,2,1,1B+2B,1B+2B,1,field_out,4,0,1
2025-07-12,SFN202507120,SFN,"Schmitt, Casey",schmc003,2,2,1B+2B,1B+2B,1,field_out,4,0,1
2025-07-12,SFN202507120,SFN,"Smith, Dominic",smitd008,2,0,empty,empty,1,strikeout,5,0,1
2025-07-12,SFN202507120,SFN,"Bailey, Patrick",bailp001,2,1,empty,empty,1,strikeout,5,0,1
2025-07-12,SFN202507120,SFN,"Yastrzemski, Mike",yastm001,3,2,empty,empty,1,field_out,5,0,1
2025-07-12,SFN202507120,SFN,"Ramos, Heliot",ramoh002,3,0,empty,empty,1,field_out,6,0,2
2025-07-12,SFN202507120,SFN,"Devers, Rafael",dever001,3,1,empty,empty,1,field_out,6,0,2
2025-07-12,SFN202507120,SFN,"Chapman, Matt",chapm001,3,2,empty,empty,1,field_out,6,0,2
2025-07-12,SFN202507120,SFN,"Adames, Willy",adamw002,3,0,empty,empty,1,strikeout,7,0,2
2025-07-12,SFN202507120,SFN,"Lee, Jung Hoo",lee-j001,3,1,empty,empty,1,field_out,7,0,2
2025-07-12,SFN202507120,SFN,"Schmitt, Casey",schmc003,3,2,empty,empty,1,field_out,7,0,2
2025-07-12,SFN202507120,SFN,"Smith, Dominic",smitd008,3,0,empty,empty,1,field_out,8,0,2
2025-07-12,SFN202507120,SFN,"Bailey, Patrick",bailp001,3,1,empty,empty,1,single,8,0,2
2025-07-12,SFN202507120,SFN,"Yastrzemski, Mike",yastm001,4,1,1B,1B,1,walk,8,0,2
2025-07-12,SFN202507120,SFN,"Ramos, Heliot",ramoh002,4,1,1B+2B,1B+2B,1,single,8,0,2
2025-07-12,SFN202507120,SFN,"Devers, Rafael",dever001,4,1,1B+2B+3B,1B+2B+3B,1,sac_fly,8,0,2
2025-07-12,SFN202507120,SFN,"Chapman, Matt",chapm001,4,2,1B+3B,1B+3B,1,field_out,8,1,2
2025-07-12,SFN202507120,SFN,"Adames, Willy",adamw002,4,0,empty,empty,1,field_out,9,1,2
2025-07-12,SFN202507120,SFN,"Lee, Jung Hoo",lee-j001,4,1,empty,empty,1,strikeout,9,1,2
2025-07-12,SFN202507120,SFN,"Schmitt, Casey",schmc003,4,2,empty,empty,1,strikeout,9,1,2
2025-07-13,SFN202507130,SFN,"Ramos, Heliot",ramoh002,1,0,empty,empty,1,field_out,1,0,0
2025-07-13,SFN202507130,SFN,"Devers, Rafael",dever001,1,1,empty,empty,1,field_out,1,0,0
2025-07-13,SFN202507130,SFN,"Adames, Willy",adamw002,1,2,empty,empty,1,strikeout,1,0,0
2025-07-13,SFN202507130,SFN,"Chapman, Matt",chapm001,1,0,empty,empty,1,strikeout,2,0,0
2025-07-13,SFN202507130,SFN,"Yastrzemski, Mike",yastm001,1,1,empty,empty,1,field_out,2,0,0
2025-07-13,SFN202507130,SFN,"Flores, Wilmer",florw001,1,2,empty,empty,1,walk,2,0,0
2025-07-13,SFN202507130,SFN,"Lee, Jung Hoo",lee-j001,1,2,1B,1B,1,field_out,2,0,0
2025-07-13,SFN202507130,SFN,"Schmitt, Casey",schmc003,1,0,empty,empty,1,field_out,3,0,0
2025-07-13,SFN202507130,SFN,"Bailey, Patrick",bailp001,1,1,empty,empty,1,single,3,0,0
2025-07-13,SFN202507130,SFN,"Ramos, Heliot",ramoh002,2,1,1B,1B,1,strikeout,3,0,0
2025-07-13,SFN202507130,SFN,"Devers, Rafael",dever001,2,2,1B,1B,1,field_out,3,0,0
2025-07-13,SFN202507130,SFN,"Adames, Willy",adamw002,2,0,empty,empty,1,field_out,4,0,1
2025-07-13,SFN202507130,SFN,"Chapman, Matt",chapm001,2,1,empty,empty,1,field_out,4,0,1
2025-07-13,SFN202507130,SFN,"Yastrzemski, Mike",yastm001,2,2,empty,empty,1,walk,4,0,1
2025-07-13,SFN202507130,SFN,"Flores, Wilmer",florw001,2,2,1B,1B,1,field_out,4,0,1
2025-07-13,SFN202507130,SFN,"Lee, Jung Hoo",lee-j001,2,0,empty,empty,1,field_out,5,0,2
2025-07-13,SFN202507130,SFN,"Schmitt, Casey",schmc003,2,1,empty,empty,1,single,5,0,2
2025-07-13,SFN202507130,SFN,"Bailey, Patrick",bailp001,2,1,1B,1B,1,field_out,5,0,2
2025-07-13,SFN202507130,SFN,"Ramos, Heliot",ramoh002,3,2,2B,2B,1,field_out,5,0,2
2025-07-13,SFN202507130,SFN,"Devers, Rafael",dever001,3,0,empty,empty,1,strikeout,6,0,2
2025-07-13,SFN202507130,SFN,"Adames, Willy",adamw002,3,1,empty,empty,1,field_out,6,0,2
2025-07-13,SFN202507130,SFN,"Chapman, Matt",chapm001,3,2,empty,empty,1,strikeout,6,0,2
2025-07-13,SFN202507130,SFN,"Yastrzemski, Mike",yastm001,3,0,empty,empty,1,strikeout,7,0,2
2025-07-13,SFN202507130,SFN,"Flores, Wilmer",florw001,3,1,empty,empty,1,field_out,7,0,2
2025-07-13,SFN202507130,SFN,"Lee, Jung Hoo",lee-j001,3,2,empty,empty,1,double,7,0,2
2025-07-13,SFN202507130,SFN,"Schmitt, Casey",schmc003,3,2,2B,2B,1,strikeout,7,0,2
2025-07-13,SFN202507130,SFN,"Bailey, Patrick",bailp001,3,0,empty,empty,1,strikeout,8,0,2
2025-07-13,SFN202507130,SFN,"Ramos, Heliot",ramoh002,4,1,empty,empty,1,strikeout,8,0,2
2025-07-13,SFN202507130,SFN,"Devers, Rafael",dever001,4,2,empty,empty,1,strikeout,8,0,2
2025-07-13,SFN202507130,SFN,"Adames, Willy",adamw002,4,0,empty,empty,1,field_out,9,0,2
2025-07-13,SFN202507130,SFN,"Chapman, Matt",chapm001,4,1,empty,empty,1,single,9,0,2
2025-07-13,SFN202507130,SFN,"Matos, Luis",matol002,1,1,1B,1B,1,home_run,9,0,2
2025-07-13,SFN202507130,SFN,"Flores, Wilmer",florw001,4,1,empty,empty,1,field_out,9,2,2
2025-07-13,SFN202507130,SFN,"Lee, Jung Hoo",lee-j001,4,2,empty,empty,1,walk,9,2,2
2025-07-13,SFN202507130,SFN,"Schmitt, Casey",schmc003,4,2,1B,1B,1,field_out,9,2,2
2025-07-13,SFN202507130,SFN,"Bailey, Patrick",bailp001,4,0,2B,2B,1,field_out,10,2,2
2025-07-13,SFN202507130,SFN,"Ramos, Heliot",ramoh002,5,1,2B,2B,1,intent_walk,10,2,2
2025-07-13,SFN202507130,SFN,"Devers, Rafael",dever001,5,1,1B+2B,1B+2B,1,field_out,10,2,2
2025-07-13,SFN202507130,SFN,"Adames, Willy",adamw002,5,2,1B+2B,1B+2B,1,field_out,10,2,2
2025-07-13,SFN202507130,SFN,"Chapman, Matt",chapm001,5,0,2B,2B,1,strikeout,11,2,5
2025-07-13,SFN202507130,SFN,"Matos, Luis",matol002,2,1,2B,2B,1,field_out,11,2,5
2025-07-13,SFN202507130,SFN,"Flores, Wilmer",florw001,5,2,2B,2B,1,field_out,11,2,5
2025-07-18,TOR202507180,SFN,"Yastrzemski, Mike",yastm001,1,0,empty,empty,1,single,1,0,0
2025-07-18,TOR202507180,SFN,"Ramos, Heliot",ramoh002,1,0,1B,1B,1,single,1,0,0
2025-07-18,TOR202507180,SFN,"Devers, Rafael",dever001,1,0,1B+2B,1B+2B,1,grounded_into_double_play,1,0,0
2025-07-18,TOR202507180,SFN,"Chapman, Matt",chapm001,1,2,3B,3B,1,field_out,1,0,0
2025-07-18,TOR202507180,SFN,"Adames, Willy",adamw002,1,0,empty,empty,1,strikeout,2,0,0
2025-07-18,TOR202507180,SFN,"Lee, Jung Hoo",lee-j001,1,1,empty,empty,1,single,2,0,0
2025-07-18,TOR202507180,SFN,"Schmitt, Casey",schmc003,1,1,1B,1B,1,single,2,0,0
2025-07-18,TOR202507180,SFN,"Smith, Dominic",smitd008,1,1,1B+2B,1B+2B,1,grounded_into_double_play,2,0,0
2025-07-18,TOR202507180,SFN,"Bailey, Patrick",bailp001,1,0,empty,empty,1,field_out,3,0,4
2025-07-18,TOR202507180,SFN,"Yastrzemski, Mike",yastm001,2,1,empty,empty,1,field_out,3,0,4
2025-07-18,TOR202507180,SFN,"Ramos, Heliot",ramoh002,2,2,empty,empty,1,single,3,0,4
2025-07-18,TOR202507180,SFN,"Devers, Rafael",dever001,2,2,1B,1B,1,single,3,0,4
2025-07-18,TOR202507180,SFN,"Chapman, Matt",chapm001,2,2,1B+3B,1B+3B,1,field_out,3,0,4
2025-07-18,TOR202507180,SFN,"Adames, Willy",adamw002,2,0,empty,empty,1,strikeout,4,0,4
2025-07-18,TOR202507180,SFN,"Lee, Jung Hoo",lee-j001,2,1,empty,empty,1,field_out,4,0,4
2025-07-18,TOR202507180,SFN,"Schmitt, Casey",schmc003,2,2,empty,empty,1,strikeout,4,0,4
2025-07-18,TOR202507180,SFN,"Smith, Dominic",smitd008,2,0,empty,empty,1,field_out,5,0,4
2025-07-18,TOR202507180,SFN,"Bailey, Patrick",bailp001,2,1,empty,empty,1,single,5,0,4
2025-07-18,TOR202507180,SFN,"Yastrzemski, Mike",yastm001,3,1,1B,1B,1,strikeout,5,0,4
2025-07-18,TOR202507180,SFN,"Ramos, Heliot",ramoh002,3,2,1B,1B,1,strikeout,5,0,4
2025-07-18,TOR202507180,SFN,"Devers, Rafael",dever001,3,0,empty,empty,1,double,6,0,4
2025-07-18,TOR202507180,SFN,"Chapman, Matt",chapm001,3,0,2B,2B,1,field_out,6,0,4
2025-07-18,TOR202507180,SFN,"Adames, Willy",adamw002,3,1,3B,3B,1,field_out,6,0,4
2025-07-18,TOR202507180,SFN,"Lee, Jung Hoo",lee-j001,3,2,3B,3B,1,field_out,6,0,4
2025-07-18,TOR202507180,SFN,"Schmitt, Casey",schmc003,3,0,empty,empty,1,field_out,7,0,4
2025-07-18,TOR202507180,SFN,"Smith, Dominic",smitd008,3,1,empty,empty,1,single,7,0,4
2025-07-18,TOR202507180,SFN,"Bailey, Patrick",bailp001,3,1,1B,1B,1,single,7,0,4
2025-07-18,TOR202507180,SFN,"Matos, Luis",matol002,1,1,1B+2B,1B+2B,1,strikeout,7,0,4
2025-07-18,TOR202507180,SFN,"Ramos, Heliot",ramoh002,4,2,1B+2B,1B+2B,1,strikeout,7,0,4
2025-07-18,TOR202507180,SFN,"Devers, Rafael",dever001,4,0,empty,empty,1,strikeout,8,0,4
2025-07-18,TOR202507180,SFN,"Chapman, Matt",chapm001,4,1,empty,empty,1,strikeout,8,0,4
2025-07-18,TOR202507180,SFN,"Adames, Willy",adamw002,4,2,empty,empty,1,single,8,0,4
2025-07-18,TOR202507180,SFN,"Lee, Jung Hoo",lee-j001,4,2,1B,1B,1,field_out,8,0,4
2025-07-18,TOR202507180,SFN,"Schmitt, Casey",schmc003,4,0,empty,empty,1,strikeout,9,0,4
2025-07-18,TOR202507180,SFN,"Smith, Dominic",smitd008,4,1,empty,empty,1,strikeout,9,0,4
2025-07-18,TOR202507180,SFN,"Bailey, Patrick",bailp001,4,2,empty,empty,1,strikeout,9,0,4
2025-07-19,TOR202507190,SFN,"Ramos, Heliot",ramoh002,1,0,empty,empty,1,strikeout,1,0,0
2025-07-19,TOR202507190,SFN,"Devers, Rafael",dever001,1,1,empty,empty,1,field_out,1,0,0
2025-07-19,TOR202507190,SFN,"Flores, Wilmer",florw001,1,2,empty,empty,1,strikeout,1,0,0
2025-07-19,TOR202507190,SFN,"Chapman, Matt",chapm001,1,0,empty,empty,1,strikeout,2,0,0
2025-07-19,TOR202507190,SFN,"Adames, Willy",adamw002,1,1,empty,empty,1,strikeout,2,0,0
2025-07-19,TOR202507190,SFN,"Schmitt, Casey",schmc003,1,2,empty,empty,1,strikeout,2,0,0
2025-07-19,TOR202507190,SFN,"Lee, Jung Hoo",lee-j001,1,0,empty,empty,1,field_out,3,0,0
2025-07-19,TOR202507190,SFN,"Matos, Luis",matol002,1,1,empty,empty,1,field_out,3,0,0
2025-07-19,TOR202507190,SFN,"Bailey, Patrick",bailp001,1,2,empty,empty,1,field_out,3,0,0
2025-07-19,TOR202507190,SFN,"Ramos, Heliot",ramoh002,2,0,empty,empty,1,field_out,4,0,0
2025-07-19,TOR202507190,SFN,"Devers, Rafael",dever001,2,1,empty,empty,1,field_out,4,0,0
2025-07-19,TOR202507190,SFN,"Flores, Wilmer",florw001,2,2,empty,empty,1,field_out,4,0,0
2025-07-19,TOR202507190,SFN,"Chapman, Matt",chapm001,2,0,empty,empty,1,strikeout,5,0,0
2025-07-19,TOR202507190,SFN,"Adames, Willy",adamw002,2,1,empty,empty,1,home_run,5,0,0
2025-07-19,TOR202507190,SFN,"Schmitt, Casey",schmc003,2,1,empty,empty,1,strikeout,5,1,0
2025-07-19,TOR202507190,SFN,"Lee, Jung Hoo",lee-j001,2,2,empty,empty,1,field_out,5,1,0
2025-07-19,TOR202507190,SFN,"Matos, Luis",matol002,2,0,empty,empty,1,double,6,1,0
2025-07-19,TOR202507190,SFN,"Bailey, Patrick",bailp001,2,0,2B,2B,1,field_out,6,1,0
2025-07-19,TOR202507190,SFN,"Ramos, Heliot",ramoh002,3,1,3B,3B,1,sac_fly,6,1,0
2025-07-19,TOR202507190,SFN,"Devers, Rafael",dever001,3,2,empty,empty,1,field_out,6,2,0
2025-07-19,TOR202507190,SFN,"Flores, Wilmer",florw001,3,0,empty,empty,1,field_out,7,2,4
2025-07-19,TOR202507190,SFN,"Chapman, Matt",chapm001,3,1,empty,empty,1,field_out,7,2,4
2025-07-19,TOR202507190,SFN,"Adames, Willy",adamw002,3,2,empty,empty,1,home_run,7,2,4
2025-07-19,TOR202507190,SFN,"Schmitt, Casey",schmc003,3,2,empty,empty,1,field_out,7,3,4
2025-07-19,TOR202507190,SFN,"Lee, Jung Hoo",lee-j001,3,0,empty,empty,1,field_out,8,3,4
2025-07-19,TOR202507190,SFN,"Matos, Luis",matol002,3,1,empty,empty,1,field_out,8,3,4
2025-07-19,TOR202507190,SFN,"Bailey, Patrick",bailp001,3,2,empty,empty,1,strikeout,8,3,4
2025-07-19,TOR202507190,SFN,"Ramos, Heliot",ramoh002,4,0,empty,empty,1,single,9,3,6
2025-07-19,TOR202507190,SFN,"Devers, Rafael",dever001,4,0,1B,1B,1,strikeout,9,3,6
2025-07-19,TOR202507190,SFN,"Flores, Wilmer",florw001,4,1,1B,1B,1,grounded_into_double_play,9,3,6
2025-07-20,TOR202507200,SFN,"Lee, Jung Hoo",lee-j001,1,0,empty,empty,1,double,1,0,0
2025-07-20,TOR202507200,SFN,"Ramos, Heliot",ramoh002,1,0,2B,2B,1,single,1,0,0
2025-07-20,TOR202507200,SFN,"Devers, Rafael",dever001,1,0,1B,1B,1,field_out,1,1,0
2025-07-20,TOR202507200,SFN,"Adames, Willy",adamw002,1,1,1B,1B,1,grounded_into_double_play,1,1,0
2025-07-20,TOR202507200,SFN,"Yastrzemski, Mike",yastm001,1,0,empty,empty,1,field_out,2,1,1
2025-07-20,TOR202507200,SFN,"Chapman, Matt",chapm001,1,1,empty,empty,1,field_out,2,1,1
2025-07-20,TOR202507200,SFN,"Smith, Dominic",smitd008,1,2,empty,empty,1,single,2,1,1
2025-07-20,TOR202507200,SFN,"Wisely, Brett",wiseb001,1,2,1B,1B,1,field_out,2,1,1
2025-07-20,TOR202507200,SFN,"Knizner, Andrew",kniza001,1,0,empty,empty,1,single,3,1,1
2025-07-20,TOR202507200,SFN,"Lee, Jung Hoo",lee-j001,2,0,1B,1B,1,strikeout,3,1,1
2025-07-20,TOR202507200,SFN,"Ramos, Heliot",ramoh002,2,1,1B,1B,1,grounded_into_double_play,3,1,1
2025-07-20,TOR202507200,SFN,"Devers, Rafael",dever001,2,0,empty,empty,1,strikeout,4,1,3
2025-07-20,TOR202507200,SFN,"Adames, Willy",adamw002,2,1,empty,empty,1,field_out,4,1,3
2025-07-20,TOR202507200,SFN,"Yastrzemski, Mike",yastm001,2,2,empty,empty,1,strikeout,4,1,3
2025-07-20,TOR202507200,SFN,"Chapman, Matt",chapm001,2,0,empty,empty,1,single,5,1,3
2025-07-20,TOR202507200,SFN,"Smith, Dominic",smitd008,2,0,1B,1B,1,walk,5,1,3
2025-07-20,TOR202507200,SFN,"Wisely, Brett",wiseb001,2,0,1B+2B,1B+2B,1,field_out,5,1,3
2025-07-20,TOR202507200,SFN,"Knizner, Andrew",kniza001,2,1,1B+2B,1B+2B,1,single,5,1,3
2025-07-20,TOR202507200,SFN,"Lee, Jung Hoo",lee-j001,3,1,1B+2B,1B+2B,1,field_out,5,2,3
2025-07-20,TOR202507200,SFN,"Ramos, Heliot",ramoh002,3,2,1B+3B,1B+3B,1,strikeout,5,2,3
2025-07-20,TOR202507200,SFN,"Devers, Rafael",dever001,3,0,empty,empty,1,single,6,2,7
2025-07-20,TOR202507200,SFN,"Adames, Willy",adamw002,3,0,1B,1B,1,strikeout,6,2,7
2025-07-20,TOR202507200,SFN,"Yastrzemski, Mike",yastm001,3,1,1B,1B,1,field_out,6,2,7
2025-07-20,TOR202507200,SFN,"Chapman, Matt",chapm001,3,2,1B,1B,1,home_run,6,2,7
2025-07-20,TOR202507200,SFN,"Smith, Dominic",smitd008,3,2,empty,empty,1,double,6,4,7
2025-07-20,TOR202507200,SFN,"Wisely, Brett",wiseb001,3,2,2B,2B,1,single,6,4,7
2025-07-20,TOR202507200,SFN,"Knizner, Andrew",kniza001,3,2,1B,2B,0,walk,6,5,7
2025-07-20,TOR202507200,SFN,"Lee, Jung Hoo",lee-j001,4,2,1B+2B,1B+2B,1,single,6,5,7
2025-07-20,TOR202507200,SFN,"Ramos, Heliot",ramoh002,4,0,empty,empty,1,double,7,6,8
2025-07-20,TOR202507200,SFN,"Devers, Rafael",dever001,4,0,2B,2B,1,strikeout,7,6,8
2025-07-20,TOR202507200,SFN,"Adames, Willy",adamw002,4,1,2B,2B,1,strikeout,7,6,8
2025-07-20,TOR202507200,SFN,"Yastrzemski, Mike",yastm001,4,2,2B,2B,1,field_out,7,6,8
2025-07-20,TOR202507200,SFN,"Chapman, Matt",chapm001,4,0,empty,empty,1,strikeout,8,6,8
2025-07-20,TOR202507200,SFN,"Smith, Dominic",smitd008,4,1,empty,empty,1,strikeout,8,6,8
2025-07-20,TOR202507200,SFN,"Wisely, Brett",wiseb001,4,2,empty,empty,1,field_out,8,6,8
2025-07-20,TOR202507200,SFN,"Schmitt, Casey",schmc003,1,0,empty,empty,1,field_out,9,6,8
2025-07-20,TOR202507200,SFN,"Lee, Jung Hoo",lee-j001,5,1,empty,empty,1,field_out,9,6,8
2025-07-20,TOR202507200,SFN,"Ramos, Heliot",ramoh002,5,2,empty,empty,1,field_out,9,6,8
2025-07-21,ATL202507210,SFN,"Lee, Jung Hoo",lee-j001,1,0,empty,empty,1,field_out,1,0,0
2025-07-21,ATL202507210,SFN,"Ramos, Heliot",ramoh002,1,1,empty,empty,1,walk,1,0,0
2025-07-21,ATL202507210,SFN,"Devers, Rafael",dever001,1,1,1B,1B,1,single,1,0,0
2025-07-21,ATL202507210,SFN,"Adames, Willy",adamw002,1,1,1B+2B,1B+2B,1,field_out,1,0,0
2025-07-21,ATL202507210,SFN,"Chapman, Matt",chapm001,1,2,1B+3B,1B+3B,1,single,1,0,0
2025-07-21,ATL202507210,SFN,"Yastrzemski, Mike",yastm001,1,2,1B+2B,1B+2B,1,field_out,1,1,0
2025-07-21,ATL202507210,SFN,"Flores, Wilmer",florw001,1,0,empty,empty,1,double,2,1,5
2025-07-21,ATL202507210,SFN,"Schmitt, Casey",schmc003,1,0,2B,2B,1,single,2,1,5
2025-07-21,ATL202507210,SFN,"Bailey, Patrick",bailp001,1,0,1B+3B,1B+3B,1,sac_fly,2,1,5
2025-07-21,ATL202507210,SFN,"Lee, Jung Hoo",lee-j001,2,1,1B,1B,1,field_out,2,2,5
2025-07-21,ATL202507210,SFN,"Ramos, Heliot",ramoh002,2,2,1B,1B,1,field_out,2,2,5
2025-07-21,ATL202507210,SFN,"Devers, Rafael",dever001,2,0,empty,empty,1,walk,3,2,5
2025-07-21,ATL202507210,SFN,"Adames, Willy",adamw002,2,0,1B,1B,1,single,3,2,5
2025-07-21,ATL202507210,SFN,"Chapman, Matt",chapm001,2,0,1B+2B,1B+2B,1,grounded_into_double_play,3,2,5
2025-07-21,ATL202507210,SFN,"Yastrzemski, Mike",yastm001,2,2,3B,3B,1,field_out,3,2,5
2025-07-21,ATL202507210,SFN,"Flores, Wilmer",florw001,2,0,empty,empty,1,single,4,2,5
2025-07-21,ATL202507210,SFN,"Schmitt, Casey",schmc003,2,0,1B,1B,1,field_out,4,2,5
2025-07-21,ATL202507210,SFN,"Bailey, Patrick",bailp001,2,1,1B,1B,1,field_out,4,2,5
2025-07-21,ATL202507210,SFN,"Lee, Jung Hoo",lee-j001,3,2,1B,1B,1,field_out,4,2,5
2025-07-21,ATL202507210,SFN,"Ramos, Heliot",ramoh002,3,0,empty,empty,1,strikeout,5,2,8
2025-07-21,ATL202507210,SFN,"Devers, Rafael",dever001,3,1,empty,empty,1,single,5,2,8
2025-07-21,ATL202507210,SFN,"Adames, Willy",adamw002,3,1,1B,1B,1,double,5,2,8
2025-07-21,ATL202507210,SFN,"Chapman, Matt",chapm001,3,1,2B,2B,1,walk,5,3,8
2025-07-21,ATL202507210,SFN,"Yastrzemski, Mike",yastm001,3,1,1B+2B,1B+2B,1,field_out,5,3,8
2025-07-21,ATL202507210,SFN,"Flores, Wilmer",florw001,3,2,1B+3B,1B+3B,1,field_out,5,3,8
2025-07-21,ATL202507210,SFN,"Schmitt, Casey",schmc003,3,0,empty,empty,1,field_out,6,3,8
2025-07-21,ATL202507210,SFN,"Bailey, Patrick",bailp001,3,1,empty,empty,1,field_out,6,3,8
2025-07-21,ATL202507210,SFN,"Lee, Jung Hoo",lee-j001,4,2,empty,empty,1,single,6,3,8
2025-07-21,ATL202507210,SFN,"Ramos, Heliot",ramoh002,4,2,1B,1B,1,hit_by_pitch,6,3,8
2025-07-21,ATL202507210,SFN,"Devers, Rafael",dever001,4,2,1B+2B,1B+2B,1,field_out,6,3,8
2025-07-21,ATL202507210,SFN,"Adames, Willy",adamw002,4,0,empty,empty,1,home_run,7,3,9
2025-07-21,ATL202507210,SFN,"Chapman, Matt",chapm001,4,0,empty,empty,1,strikeout,7,4,9
2025-07-21,ATL202507210,SFN,"Yastrzemski, Mike",yastm001,4,1,empty,empty,1,field_out,7,4,9
2025-07-21,ATL202507210,SFN,"Flores, Wilmer",florw001,4,2,empty,empty,1,field_out,7,4,9
2025-07-21,ATL202507210,SFN,"Schmitt, Casey",schmc003,4,0,empty,empty,1,field_out,8,4,9
2025-07-21,ATL202507210,SFN,"Bailey, Patrick",bailp001,4,1,empty,empty,1,field_out,8,4,9
2025-07-21,ATL202507210,SFN,"Lee, Jung Hoo",lee-j001,5,2,empty,empty,1,field_out,8,4,9
2025-07-21,ATL202507210,SFN,"Ramos, Heliot",ramoh002,5,0,empty,empty,1,field_out,9,4,9
2025-07-21,ATL202507210,SFN,"Devers, Rafael",dever001,5,1,empty,empty,1,strikeout,9,4,9
2025-07-21,ATL202507210,SFN,"Adames, Willy",adamw002,5,2,empty,empty,1,double,9,4,9
2025-07-21,ATL202507210,SFN,"Chapman, Matt",chapm001,5,2,2B,2B,1,double,9,4,9
2025-07-21,ATL202507210,SFN,"Yastrzemski, Mike",yastm001,5,2,2B,2B,1,field_out,9,5,9
2025-07-22,ATL202507220,SFN,"Lee, Jung Hoo",lee-j001,1,0,empty,empty,1,field_out,1,0,0
2025-07-22,ATL202507220,SFN,"Ramos, Heliot",ramoh002,1,1,empty,empty,1,single,1,0,0
2025-07-22,ATL202507220,SFN,"Devers, Rafael",dever001,1,1,1B,1B,1,grounded_into_double_play,1,0,0
2025-07-22,ATL202507220,SFN,"Adames, Willy",adamw002,1,0,empty,empty,1,walk,2,0,0
2025-07-22,ATL202507220,SFN,"Chapman, Matt",chapm001,1,0,1B,1B,1,triple,2,0,0
2025-07-22,ATL202507220,SFN,"Flores, Wilmer",florw001,1,0,3B,3B,1,sac_fly,2,1,0
2025-07-22,ATL202507220,SFN,"Schmitt, Casey",schmc003,1,1,empty,empty,1,home_run,2,2,0
2025-07-22,ATL202507220,SFN,"Bailey, Patrick",bailp001,1,1,empty,empty,1,double,2,3,0
2025-07-22,ATL202507220,SFN,"Matos, Luis",matol002,1,1,2B,2B,1,walk,2,3,0
2025-07-22,ATL202507220,SFN,"Lee, Jung Hoo",lee-j001,2,1,1B+2B,1B+2B,1,walk,2,3,0
2025-07-22,ATL202507220,SFN,"Ramos, Heliot",ramoh002,2,1,1B+2B+3B,1B+2B+3B,1,sac_fly,2,3,0
2025-07-22,ATL202507220,SFN,"Devers, Rafael",dever001,2,2,1B+2B,1B+2B,1,field_out,2,4,0
2025-07-22,ATL202507220,SFN,"Adames, Willy",adamw002,2,0,empty,empty,1,walk,3,4,0
2025-07-22,ATL202507220,SFN,"Chapman, Matt",chapm001,2,0,1B,1B,1,single,3,4,0
2025-07-22,ATL202507220,SFN,"Flores, Wilmer",florw001,2,0,1B+2B,1B+2B,1,strikeout,3,4,0
2025-07-22,ATL202507220,SFN,"Schmitt, Casey",schmc003,2,1,1B+2B,1B+2B,1,field_out,3,4,0
2025-07-22,ATL202507220,SFN,"Bailey, Patrick",bailp001,2,2,1B+3B,1B+3B,1,field_out,3,4,0
2025-07-22,ATL202507220,SFN,"Matos, Luis",matol002,2,0,empty,empty,1,field_out,4,4,0
2025-07-22,ATL202507220,SFN,"Lee, Jung Hoo",lee-j001,3,1,empty,empty,1,field_out,4,4,0
2025-07-22,ATL202507220,SFN,"Ramos, Heliot",ramoh002,3,2,empty,empty,1,field_out,4,4,0
2025-07-22,ATL202507220,SFN,"Devers, Rafael",dever001,3,0,empty,empty,1,double,5,4,0
2025-07-22,ATL202507220,SFN,"Adames, Willy",adamw002,3,0,2B,2B,1,single,5,4,0
2025-07-22,ATL202507220,SFN,"Chapman, Matt",chapm001,3,0,1B,1B,1,field_out,5,5,0
2025-07-22,ATL202507220,SFN,"Flores, Wilmer",florw001,3,1,2B,2B,1,strikeout,5,5,0
2025-07-22,ATL202507220,SFN,"Schmitt, Casey",schmc003,3,2,2B,2B,1,strikeout,5,5,0
2025-07-22,ATL202507220,SFN,"Bailey, Patrick",bailp001,3,0,empty,empty,1,single,6,5,0
2025-07-22,ATL202507220,SFN,"Matos, Luis",matol002,3,1,empty,empty,1,field_out,6,5,0
2025-07-22,ATL202507220,SFN,"Lee, Jung Hoo",lee-j001,4,2,empty,empty,1,field_out,6,5,0
2025-07-22,ATL202507220,SFN,"Ramos, Heliot",ramoh002,4,0,empty,empty,1,walk,7,5,0
2025-07-22,ATL202507220,SFN,"Devers, Rafael",dever001,4,0,1B,2B,0,single,7,5,0
2025-07-22,ATL202507220,SFN,"Adames, Willy",adamw002,4,0,1B,1B,1,walk,7,6,0
2025-07-22,ATL202507220,SFN,"Chapman, Matt",chapm001,4,0,1B+2B,1B+2B,1,strikeout,7,6,0
2025-07-22,ATL202507220,SFN,"Flores, Wilmer",florw001,4,1,1B+2B,1B+2B,1,home_run,7,6,0
2025-07-22,ATL202507220,SFN,"Schmitt, Casey",schmc003,4,1,empty,empty,1,strikeout,7,9,0
2025-07-22,ATL202507220,SFN,"Bailey, Patrick",bailp001,4,2,empty,empty,1,field_out,7,9,0
2025-07-22,ATL202507220,SFN,"Matos, Luis",matol002,4,0,empty,empty,1,field_out,8,9,0
2025-07-22,ATL202507220,SFN,"Lee, Jung Hoo",lee-j001,5,1,empty,empty,1,field_out,8,9,0
2025-07-22,ATL202507220,SFN,"Ramos, Heliot",ramoh002,5,2,empty,empty,1,field_out,8,9,0
2025-07-22,ATL202507220,SFN,"Devers, Rafael",dever001,5,0,empty,empty,1,strikeout,9,9,0
2025-07-22,ATL202507220,SFN,"Adames, Willy",adamw002,5,1,empty,empty,1,field_out,9,9,0
2025-07-22,ATL202507220,SFN,"Chapman, Matt",chapm001,5,2,empty,empty,1,field_out,9,9,0
2025-07-23,ATL202507230,SFN,"Ramos, Heliot",ramoh002,1,0,empty,empty,1,strikeout,1,0,0
2025-07-23,ATL202507230,SFN,"Devers, Rafael",dever001,1,1,empty,empty,1,single,1,0,0
2025-07-23,ATL202507230,SFN,"Adames, Willy",adamw002,1,1,1B,1B,1,field_out,1,0,0
2025-07-23,ATL202507230,SFN,"Chapman, Matt",chapm001,1,2,2B,2B,1,walk,1,0,0
2025-07-23,ATL202507230,SFN,"Yastrzemski, Mike",yastm001,1,2,1B+2B,1B+2B,1,walk,1,0,0
2025-07-23,ATL202507230,SFN,"Schmitt, Casey",schmc003,1,2,1B+2B+3B,1B+2B+3B,1,field_out,1,0,0
2025-07-23,ATL202507230,SFN,"Smith, Dominic",smitd008,1,0,empty,empty,1,field_out,2,0,0
2025-07-23,ATL202507230,SFN,"Bailey, Patrick",bailp001,1,1,empty,empty,1,field_out,2,0,0
2025-07-23,ATL202507230,SFN,"Matos, Luis",matol002,1,2,empty,empty,1,field_out,2,0,0
2025-07-23,ATL202507230,SFN,"Ramos, Heliot",ramoh002,2,0,empty,empty,1,double,3,0,0
2025-07-23,ATL202507230,SFN,"Devers, Rafael",dever001,2,0,2B,2B,1,strikeout,3,0,0
2025-07-23,ATL202507230,SFN,"Adames, Willy",adamw002,2,1,2B,2B,1,field_out,3,0,0
2025-07-23,ATL202507230,SFN,"Chapman, Matt",chapm001,2,2,2B,2B,1,strikeout,3,0,0
2025-07-23,ATL202507230,SFN,"Yastrzemski, Mike",yastm001,2,0,empty,empty,1,field_out,4,0,0
2025-07-23,ATL202507230,SFN,"Schmitt, Casey",schmc003,2,1,empty,empty,1,single,4,0,0
2025-07-23,ATL202507230,SFN,"Smith, Dominic",smitd008,2,1,1B,1B,1,walk,4,0,0
2025-07-23,ATL202507230,SFN,"Bailey, Patrick",bailp001,2,1,1B+2B,1B+2B,1,strikeout,4,0,0
2025-07-23,ATL202507230,SFN,"Matos, Luis",matol002,2,2,1B+2B,1B+2B,1,strikeout,4,0,0
2025-07-23,ATL202507230,SFN,"Ramos, Heliot",ramoh002,3,0,empty,empty,1,strikeout,5,0,0
2025-07-23,ATL202507230,SFN,"Devers, Rafael",dever001,3,1,empty,empty,1,home_run,5,0,0
2025-07-23,ATL202507230,SFN,"Adames, Willy",adamw002,3,1,empty,empty,1,hit_by_pitch,5,1,0
2025-07-23,ATL202507230,SFN,"Chapman, Matt",chapm001,3,1,1B,1B,1,home_run,5,1,0
2025-07-23,ATL202507230,SFN,"Yastrzemski, Mike",yastm001,3,1,empty,empty,1,field_out,5,3,0
2025-07-23,ATL202507230,SFN,"Schmitt, Casey",schmc003,3,2,empty,empty,1,strikeout,5,3,0
2025-07-23,ATL202507230,SFN,"Smith, Dominic",smitd008,3,0,empty,empty,1,field_out,6,3,0
2025-07-23,ATL202507230,SFN,"Bailey, Patrick",bailp001,3,1,empty,empty,1,double,6,3,0
2025-07-23,ATL202507230,SFN,"Matos, Luis",matol002,3,1,2B,2B,1,fielders_choice_out,6,3,0
2025-07-23,ATL202507230,SFN,"Ramos, Heliot",ramoh002,4,2,1B,1B,1,single,6,3,0
2025-07-23,ATL202507230,SFN,"Devers, Rafael",dever001,4,2,1B+2B,1B+2B,1,home_run,6,3,0
2025-07-23,ATL202507230,SFN,"Adames, Willy",adamw002,4,2,empty,empty,1,field_out,6,6,0
2025-07-23,ATL202507230,SFN,"Chapman, Matt",chapm001,4,0,empty,empty,1,hit_by_pitch,7,6,0
2025-07-23,ATL202507230,SFN,"Yastrzemski, Mike",yastm001,4,0,1B,1B,1,walk,7,6,0
2025-07-23,ATL202507230,SFN,"Schmitt, Casey",schmc003,4,0,1B+2B,1B+2B,1,field_out,7,6,0
2025-07-23,ATL202507230,SFN,"Smith, Dominic",smitd008,4,1,2B+3B,2B+3B,1,single,7,6,0
2025-07-23,ATL202507230,SFN,"Bailey, Patrick",bailp001,4,1,1B+3B,1B+3B,1,field_out,7,7,0
2025-07-23,ATL202507230,SFN,"Matos, Luis",matol002,4,2,2B,2B,1,single,7,8,0
2025-07-23,ATL202507230,SFN,"Ramos, Heliot",ramoh002,5,2,1B,1B,1,field_out,7,9,0
2025-07-23,ATL202507230,SFN,"Devers, Rafael",dever001,5,0,empty,empty,1,strikeout,8,9,3
2025-07-23,ATL202507230,SFN,"Adames, Willy",adamw002,5,1,empty,empty,1,strikeout,8,9,3
2025-07-23,ATL202507230,SFN,"Wisely, Brett",wiseb001,1,2,empty,empty,1,strikeout,8,9,3
2025-07-23,ATL202507230,SFN,"Yastrzemski, Mike",yastm001,5,0,empty,empty,1,strikeout,9,9,3
2025-07-23,ATL202507230,SFN,"Schmitt, Casey",schmc003,5,1,empty,empty,1,field_out,9,9,3
2025-07-23,ATL202507230,SFN,"Smith, Dominic",smitd008,5,2,empty,empty,1,strikeout,9,9,3
2025-07-25,SFN202507250,SFN,"Ramos, Heliot",ramoh002,1,0,empty,empty,1,single,1,0,2
2025-07-25,SFN202507250,SFN,"Devers, Rafael",dever001,1,0,1B,1B,1,double,1,0,2
2025-07-25,SFN202507250,SFN,"Adames, Willy",adamw002,1,0,2B+3B,2B+3B,1,field_out,1,0,2
2025-07-25,SFN202507250,SFN,"Chapman, Matt",chapm001,1,1,2B,2B,1,walk,1,1,2
2025-07-25,SFN202507250,SFN,"Yastrzemski, Mike",yastm001,1,1,1B+2B,1B+2B,1,field_out,1,1,2
2025-07-25,SFN202507250,SFN,"Flores, Wilmer",florw001,1,2,1B+2B,1B+2B,1,field_out,1,1,2
2025-07-25,SFN202507250,SFN,"Lee, Jung Hoo",lee-j001,1,0,empty,empty,1,field_out,2,1,2
2025-07-25,SFN202507250,SFN,"Schmitt, Casey",schmc003,1,1,empty,empty,1,field_out,2,1,2
2025-07-25,SFN202507250,SFN,"Bailey, Patrick",bailp001,1,2,empty,empty,1,strikeout,2,1,2
2025-07-25,SFN202507250,SFN,"Ramos, Heliot",ramoh002,2,0,empty,empty,1,single,3,1,3
2025-07-25,SFN202507250,SFN,"Devers, Rafael",dever001,2,0,1B,1B,1,grounded_into_double_play,3,1,3
2025-07-25,SFN202507250,SFN,"Adames, Willy",adamw002,2,2,empty,empty,1,double,3,1,3
2025-07-25,SFN202507250,SFN,"Chapman, Matt",chapm001,2,2,2B,2B,1,field_out,3,1,3
2025-07-25,SFN202507250,SFN,"Yastrzemski, Mike",yastm001,2,0,empty,empty,1,field_out,4,1,6
2025-07-25,SFN202507250,SFN,"Flores, Wilmer",florw001,2,1,empty,empty,1,field_out,4,1,6
2025-07-25,SFN202507250,SFN,"Lee, Jung Hoo",lee-j001,2,2,empty,empty,1,field_out,4,1,6
2025-07-25,SFN202507250,SFN,"Schmitt, Casey",schmc003,2,0,empty,empty,1,single,5,1,6
2025-07-25,SFN202507250,SFN,"Bailey, Patrick",bailp001,2,0,1B,1B,1,single,5,1,6
2025-07-25,SFN202507250,SFN,"Ramos, Heliot",ramoh002,3,0,1B+2B,1B+2B,1,field_out,5,1,6
2025-07-25,SFN202507250,SFN,"Devers, Rafael",dever001,3,1,1B+2B,1B+2B,1,strikeout,5,1,6
2025-07-25,SFN202507250,SFN,"Adames, Willy",adamw002,3,2,1B+2B,1B+2B,1,field_out,5,1,6
2025-07-25,SFN202507250,SFN,"Chapman, Matt",chapm001,3,0,empty,empty,1,field_out,6,1,6
2025-07-25,SFN202507250,SFN,"Yastrzemski, Mike",yastm001,3,1,empty,empty,1,single,6,1,6
2025-07-25,SFN202507250,SFN,"Flores, Wilmer",florw001,3,1,1B,1B,1,field_out,6,1,6
2025-07-25,SFN202507250,SFN,"Lee, Jung Hoo",lee-j001,3,2,1B,1B,1,double,6,1,6
2025-07-25,SFN202507250,SFN,"Schmitt, Casey",schmc003,3,2,2B+3B,2B+3B,1,strikeout,6,1,6
2025-07-25,SFN202507250,SFN,"Bailey, Patrick",bailp001,3,0,empty,empty,1,field_out,7,1,6
2025-07-25,SFN202507250,SFN,"Ramos, Heliot",ramoh002,4,1,empty,empty,1,field_out,7,1,6
2025-07-25,SFN202507250,SFN,"Devers, Rafael",dever001,4,2,empty,empty,1,strikeout,7,1,6
2025-07-25,SFN202507250,SFN,"Adames, Willy",adamw002,4,0,empty,empty,1,field_out,8,1,6
2025-07-25,SFN202507250,SFN,"Chapman, Matt",chapm001,4,1,empty,empty,1,strikeout,8,1,6
2025-07-25,SFN202507250,SFN,"Yastrzemski, Mike",yastm001,4,2,empty,empty,1,strikeout,8,1,6
2025-07-25,SFN202507250,SFN,"Flores, Wilmer",florw001,4,0,empty,empty,1,strikeout,9,1,8
2025-07-25,SFN202507250,SFN,"Lee, Jung Hoo",lee-j001,4,1,empty,empty,1,single,9,1,8
2025-07-25,SFN202507250,SFN,"Schmitt, Casey",schmc003,4,1,1B,1B,1,strikeout,9,1,8
2025-07-25,SFN202507250,SFN,"Bailey, Patrick",bailp001,4,2,1B,1B,1,strikeout,9,1,8
2025-07-26,SFN202507260,SFN,"Ramos, Heliot",ramoh002,1,0,empty,empty,1,field_out,1,0,0
2025-07-26,SFN202507260,SFN,"Devers, Rafael",dever001,1,1,empty,empty,1,single,1,0,0
2025-07-26,SFN202507260,SFN,"Adames, Willy",adamw002,1,1,1B,1B,1,walk,1,0,0
2025-07-26,SFN202507260,SFN,"Chapman, Matt",chapm001,1,1,1B+2B,1B+2B,1,double_play,1,0,0
2025-07-26,SFN202507260,SFN,"Flores, Wilmer",florw001,1,0,empty,empty,1,single,2,0,0
2025-07-26,SFN202507260,SFN,"Schmitt, Casey",schmc003,1,0,1B,1B,1,field_out,2,0,0
2025-07-26,SFN202507260,SFN,"Lee, Jung Hoo",lee-j001,1,1,1B,1B,1,single,2,0,0
2025-07-26,SFN202507260,SFN,"Matos, Luis",matol002,1,1,1B+2B,1B+2B,1,grounded_into_double_play,2,0,0
2025-07-26,SFN202507260,SFN,"Knizner, Andrew",kniza001,1,0,empty,empty,1,field_out,3,0,0
2025-07-26,SFN202507260,SFN,"Ramos, Heliot",ramoh002,2,1,empty,empty,1,field_out,3,0,0
2025-07-26,SFN202507260,SFN,"Devers, Rafael",dever001,2,2,empty,empty,1,field_out,3,0,0
2025-07-26,SFN202507260,SFN,"Adames, Willy",adamw002,2,0,empty,empty,1,single,4,0,0
2025-07-26,SFN202507260,SFN,"Chapman, Matt",chapm001,2,0,1B,1B,1,single,4,0,0
2025-07-26,SFN202507260,SFN,"Flores, Wilmer",florw001,2,0,1B+2B,1B+2B,1,strikeout,4,0,0
2025-07-26,SFN202507260,SFN,"Schmitt, Casey",schmc003,2,1,1B+2B,1B+2B,1,walk,4,0,0
2025-07-26,SFN202507260,SFN,"Lee, Jung Hoo",lee-j001,2,1,1B+2B+3B,1B+2B+3B,1,field_out,4,0,0
2025-07-26,SFN202507260,SFN,"Matos, Luis",matol002,2,2,1B+3B,1B+3B,1,field_out,4,1,0
2025-07-26,SFN202507260,SFN,"Knizner, Andrew",kniza001,2,0,empty,empty,1,strikeout,5,1,0
2025-07-26,SFN202507260,SFN,"Ramos, Heliot",ramoh002,3,1,empty,empty,1,single,5,1,0
2025-07-26,SFN202507260,SFN,"Devers, Rafael",dever001,3,1,1B,1B,1,strikeout,5,1,0
2025-07-26,SFN202507260,SFN,"Adames, Willy",adamw002,3,2,1B,1B,1,walk,5,1,0
2025-07-26,SFN202507260,SFN,"Chapman, Matt",chapm001,3,2,1B+2B,1B+2B,1,strikeout,5,1,0
2025-07-26,SFN202507260,SFN,"Flores, Wilmer",florw001,3,0,empty,empty,1,single,6,1,2
2025-07-26,SFN202507260,SFN,"Schmitt, Casey",schmc003,3,1,empty,empty,1,field_out,6,1,2
2025-07-26,SFN202507260,SFN,"Lee, Jung Hoo",lee-j001,3,2,empty,empty,1,single,6,1,2
2025-07-26,SFN202507260,SFN,"Matos, Luis",matol002,3,2,1B,1B,1,field_out,6,1,2
2025-07-26,SFN202507260,SFN,"Bailey, Patrick",bailp001,1,0,empty,empty,1,strikeout,7,1,2
2025-07-26,SFN202507260,SFN,"Ramos, Heliot",ramoh002,4,1,empty,empty,1,strikeout,7,1,2
2025-07-26,SFN202507260,SFN,"Devers, Rafael",dever001,4,2,empty,empty,1,field_out,7,1,2
2025-07-26,SFN202507260,SFN,"Adames, Willy",adamw002,4,0,empty,empty,1,field_out,8,1,2
2025-07-26,SFN202507260,SFN,"Chapman, Matt",chapm001,4,1,empty,empty,1,field_out,8,1,2
2025-07-26,SFN202507260,SFN,"Flores, Wilmer",florw001,4,2,empty,empty,1,field_out,8,1,2
2025-07-26,SFN202507260,SFN,"Schmitt, Casey",schmc003,4,0,empty,empty,1,field_out,9,1,2
2025-07-26,SFN202507260,SFN,"Lee, Jung Hoo",lee-j001,4,1,empty,empty,1,double,9,1,2
2025-07-26,SFN202507260,SFN,"Yastrzemski, Mike",yastm001,1,1,2B,2B,1,strikeout,9,1,2
2025-07-26,SFN202507260,SFN,"Bailey, Patrick",bailp001,2,2,2B,2B,1,field_out,9,1,2
2025-07-27,SFN202507270,SFN,"Lee, Jung Hoo",lee-j001,1,0,empty,empty,1,field_out,1,0,0
2025-07-27,SFN202507270,SFN,"Ramos, Heliot",ramoh002,1,1,empty,empty,1,walk,1,0,0
2025-07-27,SFN202507270,SFN,"Devers, Rafael",dever001,1,1,1B,1B,1,field_out,1,0,0
2025-07-27,SFN202507270,SFN,"Adames, Willy",adamw002,1,2,1B,1B,1,field_out,1,0,0
2025-07-27,SFN202507270,SFN,"Chapman, Matt",chapm001,1,0,empty,empty,1,strikeout,2,0,0
2025-07-27,SFN202507270,SFN,"Yastrzemski, Mike",yastm001,1,1,empty,empty,1,walk,2,0,0
2025-07-27,SFN202507270,SFN,"Smith, Dominic",smitd008,1,1,1B,1B,1,single,2,0,0
2025-07-27,SFN202507270,SFN,"Bailey, Patrick",bailp001,1,1,1B+3B,1B+3B,1,strikeout,2,0,0
2025-07-27,SFN202507270,SFN,"Wisely, Brett",wiseb001,1,2,1B+3B,1B+3B,1,strikeout,2,0,0
2025-07-27,SFN202507270,SFN,"Lee, Jung Hoo",lee-j001,2,0,empty,empty,1,walk,3,0,1
2025-07-27,SFN202507270,SFN,"Ramos, Heliot",ramoh002,2,0,1B,1B,1,field_out,3,0,1
2025-07-27,SFN202507270,SFN,"Devers, Rafael",dever001,2,1,1B,1B,1,field_out,3,0,1
2025-07-27,SFN202507270,SFN,"Adames, Willy",adamw002,2,2,2B,2B,1,fielders_choice_out,3,0,1
2025-07-27,SFN202507270,SFN,"Chapman, Matt",chapm001,2,0,empty,empty,1,home_run,4,0,1
2025-07-27,SFN202507270,SFN,"Yastrzemski, Mike",yastm001,2,0,empty,empty,1,field_out,4,1,1
2025-07-27,SFN202507270,SFN,"Smith, Dominic",smitd008,2,1,empty,empty,1,walk,4,1,1
2025-07-27,SFN202507270,SFN,"Bailey, Patrick",bailp001,2,1,1B,1B,1,field_out,4,1,1
2025-07-27,SFN202507270,SFN,"Wisely, Brett",wiseb001,2,2,1B,2B,0,walk,4,1,1
2025-07-27,SFN202507270,SFN,"Lee, Jung Hoo",lee-j001,3,2,1B+2B,1B+2B,1,field_out,4,1,1
2025-07-27,SFN202507270,SFN,"Ramos, Heliot",ramoh002,3,0,empty,empty,1,field_out,5,1,2
2025-07-27,SFN202507270,SFN,"Devers, Rafael",dever001,3,1,empty,empty,1,field_out,5,1,2
2025-07-27,SFN202507270,SFN,"Adames, Willy",adamw002,3,2,empty,empty,1,single,5,1,2
2025-07-27,SFN202507270,SFN,"Chapman, Matt",chapm001,3,2,1B,1B,1,home_run,5,1,2
2025-07-27,SFN202507270,SFN,"Yastrzemski, Mike",yastm001,3,2,empty,empty,1,field_out,5,3,2
2025-07-27,SFN202507270,SFN,"Smith, Dominic",smitd008,3,0,empty,empty,1,field_out,6,3,2
2025-07-27,SFN202507270,SFN,"Bailey, Patrick",bailp001,3,1,empty,empty,1,strikeout,6,3,2
2025-07-27,SFN202507270,SFN,"Wisely, Brett",wiseb001,3,2,empty,empty,1,field_out,6,3,2
2025-07-27,SFN202507270,SFN,"Lee, Jung Hoo",lee-j001,4,0,empty,empty,1,field_out,7,3,4
2025-07-27,SFN202507270,SFN,"Ramos, Heliot",ramoh002,4,1,empty,empty,1,strikeout,7,3,4
2025-07-27,SFN202507270,SFN,"Devers, Rafael",dever001,4,2,empty,empty,1,field_out,7,3,4
2025-07-27,SFN202507270,SFN,"Adames, Willy",adamw002,4,0,empty,empty,1,single,8,3,4
2025-07-27,SFN202507270,SFN,"Chapman, Matt",chapm001,4,0,1B,1B,1,strikeout,8,3,4
2025-07-27,SFN202507270,SFN,"Yastrzemski, Mike",yastm001,4,1,1B,1B,1,strikeout,8,3,4
2025-07-27,SFN202507270,SFN,"Flores, Wilmer",florw001,1,2,1B,1B,1,single,8,3,4
2025-07-27,SFN202507270,SFN,"Bailey, Patrick",bailp001,4,2,1B+2B,1B+2B,1,field_out,8,3,4
2025-07-27,SFN202507270,SFN,"Wisely, Brett",wiseb001,4,0,empty,empty,1,field_out,9,3,5
2025-07-27,SFN202507270,SFN,"Lee, Jung Hoo",lee-j001,5,1,empty,empty,1,walk,9,3,5
2025-07-27,SFN202507270,SFN,"Ramos, Heliot",ramoh002,5,1,1B,1B,1,hit_by_pitch,9,3,5
2025-07-27,SFN202507270,SFN,"Devers, Rafael",dever001,5,1,1B+2B,1B+2B,1,walk,9,3,5
2025-07-27,SFN202507270,SFN,"Adames, Willy",adamw002,5,1,1B+2B+3B,1B+2B+3B,1,strikeout,9,3,5
2025-07-27,SFN202507270,SFN,"Chapman, Matt",chapm001,5,2,1B+2B+3B,1B+2B+3B,1,strikeout,9,3,5
2025-07-28,SFN202507280,SFN,"Ramos, Heliot",ramoh002,1,0,empty,empty,1,single,1,0,1
2025-07-28,SFN202507280,SFN,"Devers, Rafael",dever001,1,0,1B,1B,1,strikeout,1,0,1
2025-07-28,SFN202507280,SFN,"Adames, Willy",adamw002,1,1,1B,1B,1,field_out,1,0,1
2025-07-28,SFN202507280,SFN,"Chapman, Matt",chapm001,1,2,1B,1B,1,triple,1,0,1
2025-07-28,SFN202507280,SFN,"Lee, Jung Hoo",lee-j001,1,2,3B,3B,1,walk,1,1,1
2025-07-28,SFN202507280,SFN,"Flores, Wilmer",florw001,1,2,1B+3B,2B+3B,0,field_out,1,1,1
2025-07-28,SFN202507280,SFN,"Yastrzemski, Mike",yastm001,1,0,empty,empty,1,walk,2,1,4
2025-07-28,SFN202507280,SFN,"Bailey, Patrick",bailp001,1,0,1B,1B,1,single,2,1,4
2025-07-28,SFN202507280,SFN,"Wisely, Brett",wiseb001,1,0,1B+3B,1B+3B,1,double,2,1,4
2025-07-28,SFN202507280,SFN,"Ramos, Heliot",ramoh002,2,0,2B+3B,2B+3B,1,field_out,2,2,4
2025-07-28,SFN202507280,SFN,"Devers, Rafael",dever001,2,1,2B+3B,2B+3B,1,walk,2,2,4
2025-07-28,SFN202507280,SFN,"Adames, Willy",adamw002,2,1,1B+2B+3B,1B+2B+3B,1,single,2,2,4
2025-07-28,SFN202507280,SFN,"Chapman, Matt",chapm001,2,1,1B+2B+3B,1B+2B+3B,1,strikeout,2,3,4
2025-07-28,SFN202507280,SFN,"Lee, Jung Hoo",lee-j001,2,2,1B+2B+3B,1B+2B+3B,1,strikeout,2,3,4
2025-07-28,SFN202507280,SFN,"Flores, Wilmer",florw001,2,0,empty,empty,1,field_out,3,3,4
2025-07-28,SFN202507280,SFN,"Yastrzemski, Mike",yastm001,2,1,empty,empty,1,field_out,3,3,4
2025-07-28,SFN202507280,SFN,"Bailey, Patrick",bailp001,2,2,empty,empty,1,strikeout,3,3,4
2025-07-28,SFN202507280,SFN,"Wisely, Brett",wiseb001,2,0,empty,empty,1,strikeout,4,3,4
2025-07-28,SFN202507280,SFN,"Ramos, Heliot",ramoh002,3,1,empty,empty,1,double,4,3,4
2025-07-28,SFN202507280,SFN,"Devers, Rafael",dever001,3,1,2B,2B,1,field_out,4,3,4
2025-07-28,SFN202507280,SFN,"Adames, Willy",adamw002,3,2,3B,3B,1,single,4,3,4
2025-07-28,SFN202507280,SFN,"Chapman, Matt",chapm001,3,2,1B,1B,1,hit_by_pitch,4,4,4
2025-07-28,SFN202507280,SFN,"Lee, Jung Hoo",lee-j001,3,2,1B+2B,1B+2B,1,walk,4,4,4
2025-07-28,SFN202507280,SFN,"Flores, Wilmer",florw001,3,2,1B+2B+3B,1B+2B+3B,1,field_out,4,4,4
2025-07-28,SFN202507280,SFN,"Yastrzemski, Mike",yastm001,3,0,empty,empty,1,strikeout,5,4,4
2025-07-28,SFN202507280,SFN,"Bailey, Patrick",bailp001,3,1,empty,empty,1,hit_by_pitch,5,4,4
2025-07-28,SFN202507280,SFN,"Wisely, Brett",wiseb001,3,1,1B,1B,1,field_out,5,4,4
2025-07-28,SFN202507280,SFN,"Ramos, Heliot",ramoh002,4,2,1B,1B,1,field_out,5,4,4
2025-07-28,SFN202507280,SFN,"Devers, Rafael",dever001,4,0,empty,empty,1,walk,6,4,4
2025-07-28,SFN202507280,SFN,"Adames, Willy",adamw002,4,0,1B,1B,1,field_out,6,4,4
2025-07-28,SFN202507280,SFN,"Chapman, Matt",chapm001,4,1,1B,1B,1,grounded_into_double_play,6,4,4
2025-07-28,SFN202507280,SFN,"Lee, Jung Hoo",lee-j001,4,0,empty,empty,1,field_out,7,4,6
2025-07-28,SFN202507280,SFN,"Flores, Wilmer",florw001,4,1,empty,empty,1,strikeout,7,4,6
2025-07-28,SFN202507280,SFN,"Yastrzemski, Mike",yastm001,4,2,empty,empty,1,strikeout,7,4,6
2025-07-28,SFN202507280,SFN,"Bailey, Patrick",bailp001,4,0,empty,empty,1,single,8,4,6
2025-07-28,SFN202507280,SFN,"Wisely, Brett",wiseb001,4,0,1B,1B,1,field_out,8,4,6
2025-07-28,SFN202507280,SFN,"Ramos, Heliot",ramoh002,5,1,1B,1B,1,field_out,8,4,6
2025-07-28,SFN202507280,SFN,"Devers, Rafael",dever001,5,2,1B,1B,1,field_out,8,4,6
2025-07-28,SFN202507280,SFN,"Adames, Willy",adamw002,5,0,empty,empty,1,double,9,4,6
2025-07-28,SFN202507280,SFN,"Chapman, Matt",chapm001,5,0,2B,2B,1,field_out,9,4,6
2025-07-28,SFN202507280,SFN,"Lee, Jung Hoo",lee-j001,5,1,3B,3B,1,single,9,4,6
2025-07-28,SFN202507280,SFN,"Flores, Wilmer",florw001,5,1,1B,1B,1,single,9,5,6
2025-07-28,SFN202507280,SFN,"Yastrzemski, Mike",yastm001,5,1,1B+2B,1B+2B,1,field_out,9,5,6
2025-07-28,SFN202507280,SFN,"Bailey, Patrick",bailp001,5,2,1B+2B,1B+2B,1,field_out,9,5,6
2025-07-29,SFN202507290,SFN,"Ramos, Heliot",ramoh002,1,0,empty,empty,1,walk,1,0,0
2025-07-29,SFN202507290,SFN,"Devers, Rafael",dever001,1,0,1B,1B,1,strikeout,1,0,0
2025-07-29,SFN202507290,SFN,"Adames, Willy",adamw002,1,1,1B,2B,0,walk,1,0,0
2025-07-29,SFN202507290,SFN,"Chapman, Matt",chapm001,1,1,1B+2B,1B+2B,1,double_play,1,0,0
2025-07-29,SFN202507290,SFN,"Flores, Wilmer",florw001,1,0,empty,empty,1,field_out,2,0,0
2025-07-29,SFN202507290,SFN,"Schmitt, Casey",schmc003,1,1,empty,empty,1,field_out,2,0,0
2025-07-29,SFN202507290,SFN,"Lee, Jung Hoo",lee-j001,1,2,empty,empty,1,field_out,2,0,0
2025-07-29,SFN202507290,SFN,"Bailey, Patrick",bailp001,1,0,empty,empty,1,walk,3,0,0
2025-07-29,SFN202507290,SFN,"Matos, Luis",matol002,1,0,1B,1B,1,field_out,3,0,0
2025-07-29,SFN202507290,SFN,"Ramos, Heliot",ramoh002,2,1,1B,1B,1,walk,3,0,0
2025-07-29,SFN202507290,SFN,"Devers, Rafael",dever001,2,1,1B+2B,1B+2B,1,grounded_into_double_play,3,0,0
2025-07-29,SFN202507290,SFN,"Adames, Willy",adamw002,2,0,empty,empty,1,home_run,4,0,0
2025-07-29,SFN202507290,SFN,"Chapman, Matt",chapm001,2,0,empty,empty,1,field_out,4,1,0
2025-07-29,SFN202507290,SFN,"Flores, Wilmer",florw001,2,1,empty,empty,1,field_out,4,1,0
2025-07-29,SFN202507290,SFN,"Schmitt, Casey",schmc003,2,2,empty,empty,1,double,4,1,0
2025-07-29,SFN202507290,SFN,"Lee, Jung Hoo",lee-j001,2,2,2B,2B,1,field_out,4,1,0
2025-07-29,SFN202507290,SFN,"Bailey, Patrick",bailp001,2,0,empty,empty,1,field_out,5,1,1
2025-07-29,SFN202507290,SFN,"Matos, Luis",matol002,2,1,empty,empty,1,field_out,5,1,1
2025-07-29,SFN202507290,SFN,"Ramos, Heliot",ramoh002,3,2,empty,empty,1,field_out,5,1,1
2025-07-29,SFN202507290,SFN,"Devers, Rafael",dever001,3,0,empty,empty,1,field_out,6,1,1
2025-07-29,SFN202507290,SFN,"Adames, Willy",adamw002,3,1,empty,empty,1,field_out,6,1,1
2025-07-29,SFN202507290,SFN,"Chapman, Matt",chapm001,3,2,empty,empty,1,field_out,6,1,1
2025-07-29,SFN202507290,SFN,"Flores, Wilmer",florw001,3,0,empty,empty,1,strikeout,7,1,1
2025-07-29,SFN202507290,SFN,"Schmitt, Casey",schmc003,3,1,empty,empty,1,field_out,7,1,1
2025-07-29,SFN202507290,SFN,"Lee, Jung Hoo",lee-j001,3,2,empty,empty,1,field_out,7,1,1
2025-07-29,SFN202507290,SFN,"Bailey, Patrick",bailp001,3,0,empty,empty,1,field_out,8,1,3
2025-07-29,SFN202507290,SFN,"Matos, Luis",matol002,3,1,empty,empty,1,field_out,8,1,3
2025-07-29,SFN202507290,SFN,"Ramos, Heliot",ramoh002,4,2,empty,empty,1,field_out,8,1,3
2025-07-29,SFN202507290,SFN,"Devers, Rafael",dever001,4,0,empty,empty,1,strikeout,9,1,3
2025-07-29,SFN202507290,SFN,"Adames, Willy",adamw002,4,1,empty,empty,1,field_out,9,1,3
2025-07-29,SFN202507290,SFN,"Chapman, Matt",chapm001,4,2,empty,empty,1,strikeout,9,1,3
2025-07-30,SFN202507300,SFN,"Ramos, Heliot",ramoh002,1,0,empty,empty,1,field_out,1,0,0
2025-07-30,SFN202507300,SFN,"Devers, Rafael",dever001,1,1,empty,empty,1,strikeout,1,0,0
2025-07-30,SFN202507300,SFN,"Adames, Willy",adamw002,1,2,empty,empty,1,strikeout,1,0,0
2025-07-30,SFN202507300,SFN,"Chapman, Matt",chapm001,1,0,empty,empty,1,field_out,2,0,0
2025-07-30,SFN202507300,SFN,"Smith, Dominic",smitd008,1,1,empty,empty,1,field_out,2,0,0
2025-07-30,SFN202507300,SFN,"Lee, Jung Hoo",lee-j001,1,2,empty,empty,1,field_out,2,0,0
2025-07-30,SFN202507300,SFN,"Schmitt, Casey",schmc003,1,0,empty,empty,1,strikeout,3,0,0
2025-07-30,SFN202507300,SFN,"Yastrzemski, Mike",yastm001,1,1,empty,empty,1,field_out,3,0,0
2025-07-30,SFN202507300,SFN,"Bailey, Patrick",bailp001,1,2,empty,empty,1,field_out,3,0,0
2025-07-30,SFN202507300,SFN,"Ramos, Heliot",ramoh002,2,0,empty,empty,1,single,4,0,0
2025-07-30,SFN202507300,SFN,"Devers, Rafael",dever001,2,0,1B,1B,1,strikeout,4,0,0
2025-07-30,SFN202507300,SFN,"Adames, Willy",adamw002,2,1,1B,1B,1,single,4,0,0
2025-07-30,SFN202507300,SFN,"Chapman, Matt",chapm001,2,1,1B+2B,1B+2B,1,strikeout,4,0,0
2025-07-30,SFN202507300,SFN,"Smith, Dominic",smitd008,2,2,1B+2B,1B+2B,1,single,4,0,0
2025-07-30,SFN202507300,SFN,"Lee, Jung Hoo",lee-j001,2,2,1B+3B,1B+3B,1,field_out,4,1,0
2025-07-30,SFN202507300,SFN,"Schmitt, Casey",schmc003,2,0,empty,empty,1,field_out,5,1,1
2025-07-30,SFN202507300,SFN,"Yastrzemski, Mike",yastm001,2,1,empty,empty,1,field_out,5,1,1
2025-07-30,SFN202507300,SFN,"Bailey, Patrick",bailp001,2,2,empty,empty,1,field_out,5,1,1
2025-07-30,SFN202507300,SFN,"Ramos, Heliot",ramoh002,3,0,empty,empty,1,strikeout,6,1,1
2025-07-30,SFN202507300,SFN,"Devers, Rafael",dever001,3,1,empty,empty,1,walk,6,1,1
2025-07-30,SFN202507300,SFN,"Adames, Willy",adamw002,3,1,1B,1B,1,field_out,6,1,1
2025-07-30,SFN202507300,SFN,"Chapman, Matt",chapm001,3,2,1B,1B,1,strikeout,6,1,1
2025-07-30,SFN202507300,SFN,"Smith, Dominic",smitd008,3,0,empty,empty,1,field_out,7,1,1
2025-07-30,SFN202507300,SFN,"Lee, Jung Hoo",lee-j001,3,1,empty,empty,1,field_out,7,1,1
2025-07-30,SFN202507300,SFN,"Schmitt, Casey",schmc003,3,2,empty,empty,1,field_out,7,1,1
2025-07-30,SFN202507300,SFN,"Yastrzemski, Mike",yastm001,3,0,empty,empty,1,single,8,1,1
2025-07-30,SFN202507300,SFN,"Bailey, Patrick",bailp001,3,0,1B,1B,1,sac_bunt,8,1,1
2025-07-30,SFN202507300,SFN,"Ramos, Heliot",ramoh002,4,1,2B,2B,1,field_out,8,1,1
2025-07-30,SFN202507300,SFN,"Devers, Rafael",dever001,4,2,3B,3B,1,field_out,8,1,1
2025-07-30,SFN202507300,SFN,"Adames, Willy",adamw002,4,0,empty,empty,1,strikeout,9,1,1
2025-07-30,SFN202507300,SFN,"Chapman, Matt",chapm001,4,1,empty,empty,1,field_out,9,1,1
2025-07-30,SFN202507300,SFN,"Smith, Dominic",smitd008,4,2,empty,empty,1,single,9,1,1
2025-07-30,SFN202507300,SFN,"Lee, Jung Hoo",lee-j001,4,2,1B,1B,1,field_out,9,1,1
2025-07-30,SFN202507300,SFN,"Schmitt, Casey",schmc003,4,0,2B,2B,1,single,10,1,2
2025-07-30,SFN202507300,SFN,"Yastrzemski, Mike",yastm001,4,0,1B+2B,1B+2B,1,sac_bunt,10,1,2
2025-07-30,SFN202507300,SFN,"Bailey, Patrick",bailp001,4,1,2B+3B,2B+3B,1,strikeout,10,1,2
2025-07-30,SFN202507300,SFN,"Ramos, Heliot",ramoh002,5,2,2B+3B,2B+3B,1,strikeout,10,1,2
2025-08-01,NYN202508010,SFN,"Ramos, Heliot",ramoh002,1,0,empty,empty,1,strikeout,1,0,0
2025-08-01,NYN202508010,SFN,"Devers, Rafael",dever001,1,1,empty,empty,1,strikeout,1,0,0
2025-08-01,NYN202508010,SFN,"Adames, Willy",adamw002,1,2,empty,empty,1,field_out,1,0,0
2025-08-01,NYN202508010,SFN,"Chapman, Matt",chapm001,1,0,empty,empty,1,walk,2,0,0
2025-08-01,NYN202508010,SFN,"Flores, Wilmer",florw001,1,0,1B,1B,1,single,2,0,0
2025-08-01,NYN202508010,SFN,"Schmitt, Casey",schmc003,1,0,1B+3B,1B+3B,1,double,2,0,0
2025-08-01,NYN202508010,SFN,"Lee, Jung Hoo",lee-j001,1,0,2B+3B,2B+3B,1,field_out,2,1,0
2025-08-01,NYN202508010,SFN,"Matos, Luis",matol002,1,1,2B,2B,1,field_out,2,2,0
2025-08-01,NYN202508010,SFN,"Bailey, Patrick",bailp001,1,2,2B,2B,1,field_out,2,2,0
2025-08-01,NYN202508010,SFN,"Ramos, Heliot",ramoh002,2,0,empty,empty,1,single,3,2,0
2025-08-01,NYN202508010,SFN,"Devers, Rafael",dever001,2,0,1B,1B,1,strikeout,3,2,0
2025-08-01,NYN202508010,SFN,"Adames, Willy",adamw002,2,1,1B,1B,1,field_out,3,2,0
2025-08-01,NYN202508010,SFN,"Chapman, Matt",chapm001,2,2,1B,1B,1,field_out,3,2,0
2025-08-01,NYN202508010,SFN,"Flores, Wilmer",florw001,2,0,empty,empty,1,walk,4,2,0
2025-08-01,NYN202508010,SFN,"Schmitt, Casey",schmc003,2,0,1B,1B,1,field_out,4,2,0
2025-08-01,NYN202508010,SFN,"Lee, Jung Hoo",lee-j001,2,1,1B,1B,1,field_out,4,2,0
2025-08-01,NYN202508010,SFN,"Matos, Luis",matol002,2,2,1B,1B,1,single,4,2,0
2025-08-01,NYN202508010,SFN,"Bailey, Patrick",bailp001,2,2,1B+2B,1B+2B,1,field_out,4,2,0
2025-08-01,NYN202508010,SFN,"Ramos, Heliot",ramoh002,3,0,empty,empty,1,field_out,5,2,0
2025-08-01,NYN202508010,SFN,"Devers, Rafael",dever001,3,1,empty,empty,1,strikeout,5,2,0
2025-08-01,NYN202508010,SFN,"Adames, Willy",adamw002,3,2,empty,empty,1,field_out,5,2,0
2025-08-01,NYN202508010,SFN,"Chapman, Matt",chapm001,3,0,empty,empty,1,field_out,6,2,0
2025-08-01,NYN202508010,SFN,"Flores, Wilmer",florw001,3,1,empty,empty,1,field_out,6,2,0
2025-08-01,NYN202508010,SFN,"Schmitt, Casey",schmc003,3,2,empty,empty,1,field_out,6,2,0
2025-08-01,NYN202508010,SFN,"Lee, Jung Hoo",lee-j001,3,0,empty,empty,1,double,7,2,0
2025-08-01,NYN202508010,SFN,"Matos, Luis",matol002,3,0,2B,2B,1,strikeout,7,2,0
2025-08-01,NYN202508010,SFN,"Bailey, Patrick",bailp001,3,1,2B,2B,1,double,7,2,0
2025-08-01,NYN202508010,SFN,"Ramos, Heliot",ramoh002,4,1,2B,3B,0,walk,7,3,0
2025-08-01,NYN202508010,SFN,"Devers, Rafael",dever001,4,1,1B+3B,1B+3B,1,strikeout,7,3,0
2025-08-01,NYN202508010,SFN,"Adames, Willy",adamw002,4,2,1B+3B,1B+3B,1,field_out,7,3,0
2025-08-01,NYN202508010,SFN,"Chapman, Matt",chapm001,4,0,empty,empty,1,strikeout,8,3,1
2025-08-01,NYN202508010,SFN,"Flores, Wilmer",florw001,4,1,empty,empty,1,single,8,3,1
2025-08-01,NYN202508010,SFN,"Schmitt, Casey",schmc003,4,1,1B,1B,1,field_out,8,3,1
2025-08-01,NYN202508010,SFN,"Lee, Jung Hoo",lee-j001,4,2,1B,1B,1,field_out,8,3,1
2025-08-01,NYN202508010,SFN,"McCray, Grant",mccrg001,1,0,empty,empty,1,strikeout,9,3,3
2025-08-01,NYN202508010,SFN,"Bailey, Patrick",bailp001,4,1,empty,empty,1,single,9,3,3
2025-08-01,NYN202508010,SFN,"Ramos, Heliot",ramoh002,5,1,1B,1B,1,strikeout,9,3,3
2025-08-01,NYN202508010,SFN,"Devers, Rafael",dever001,5,2,1B,1B,1,single,9,3,3
2025-08-01,NYN202508010,SFN,"Adames, Willy",adamw002,5,2,1B+2B,1B+2B,1,strikeout,9,3,3
2025-08-01,NYN202508010,SFN,"Chapman, Matt",chapm001,5,0,2B,2B,1,field_out,10,3,3
2025-08-01,NYN202508010,SFN,"Smith, Dominic",smitd008,1,1,3B,3B,1,single,10,3,3
2025-08-01,NYN202508010,SFN,"Schmitt, Casey",schmc003,5,1,1B,2B,0,walk,10,4,3
2025-08-01,NYN202508010,SFN,"Lee, Jung Hoo",lee-j001,5,1,1B+2B,1B+2B,1,field_out,10,4,3
2025-08-01,NYN202508010,SFN,"McCray, Grant",mccrg001,2,2,1B+2B,1B+2B,1,strikeout,10,4,3
2025-08-02,NYN202508020,SFN,"Ramos, Heliot",ramoh002,1,0,empty,empty,1,field_out,1,0,0
2025-08-02,NYN202508020,SFN,"Devers, Rafael",dever001,1,1,empty,empty,1,double,1,0,0
2025-08-02,NYN202508020,SFN,"Adames, Willy",adamw002,1,1,2B,2B,1,strikeout,1,0,0
2025-08-02,NYN202508020,SFN,"Chapman, Matt",chapm001,1,2,2B,2B,1,walk,1,0,0
2025-08-02,NYN202508020,SFN,"Smith, Dominic",smitd008,1,2,1B+2B,1B+2B,1,field_out,1,0,0
2025-08-02,NYN202508020,SFN,"Schmitt, Casey",schmc003,1,0,empty,empty,1,double,2,0,3
2025-08-02,NYN202508020,SFN,"Lee, Jung Hoo",lee-j001,1,0,2B,2B,1,hit_by_pitch,2,0,3
2025-08-02,NYN202508020,SFN,"Knizner, Andrew",kniza001,1,0,1B+2B,1B+2B,1,walk,2,0,3
2025-08-02,NYN202508020,SFN,"McCray, Grant",mccrg001,1,0,1B+2B+3B,1B+2B+3B,1,grounded_into_double_play,2,0,3
2025-08-02,NYN202508020,SFN,"Ramos, Heliot",ramoh002,2,2,3B,3B,1,field_out,2,1,3
2025-08-02,NYN202508020,SFN,"Devers, Rafael",dever001,2,0,empty,empty,1,strikeout,3,1,3
2025-08-02,NYN202508020,SFN,"Adames, Willy",adamw002,2,1,empty,empty,1,strikeout,3,1,3
2025-08-02,NYN202508020,SFN,"Chapman, Matt",chapm001,2,2,empty,empty,1,walk,3,1,3
2025-08-02,NYN202508020,SFN,"Smith, Dominic",smitd008,2,2,1B,1B,1,home_run,3,1,3
2025-08-02,NYN202508020,SFN,"Schmitt, Casey",schmc003,2,2,empty,empty,1,field_out,3,3,3
2025-08-02,NYN202508020,SFN,"Lee, Jung Hoo",lee-j001,2,0,empty,empty,1,double,4,3,3
2025-08-02,NYN202508020,SFN,"Knizner, Andrew",kniza001,2,0,2B,2B,1,field_out,4,3,3
2025-08-02,NYN202508020,SFN,"McCray, Grant",mccrg001,2,1,2B,2B,1,single,4,3,3
2025-08-02,NYN202508020,SFN,"Ramos, Heliot",ramoh002,3,1,1B,1B,1,field_out,4,4,3
2025-08-02,NYN202508020,SFN,"Devers, Rafael",dever001,3,2,1B,1B,1,strikeout,4,4,3
2025-08-02,NYN202508020,SFN,"Adames, Willy",adamw002,3,0,empty,empty,1,strikeout,5,4,5
2025-08-02,NYN202508020,SFN,"Chapman, Matt",chapm001,3,1,empty,empty,1,field_out,5,4,5
2025-08-02,NYN202508020,SFN,"Smith, Dominic",smitd008,3,2,empty,empty,1,field_out,5,4,5
2025-08-02,NYN202508020,SFN,"Schmitt, Casey",schmc003,3,0,empty,empty,1,field_out,6,4,5
2025-08-02,NYN202508020,SFN,"Lee, Jung Hoo",lee-j001,3,1,empty,empty,1,single,6,4,5
2025-08-02,NYN202508020,SFN,"Knizner, Andrew",kniza001,3,1,1B,1B,1,strikeout,6,4,5
2025-08-02,NYN202508020,SFN,"McCray, Grant",mccrg001,3,2,1B,1B,1,strikeout,6,4,5
2025-08-02,NYN202508020,SFN,"Ramos, Heliot",ramoh002,4,0,empty,empty,1,single,7,4,7
2025-08-02,NYN202508020,SFN,"Devers, Rafael",dever001,4,0,1B,1B,1,field_out,7,4,7
2025-08-02,NYN202508020,SFN,"Adames, Willy",adamw002,4,1,1B,1B,1,field_out,7,4,7
2025-08-02,NYN202508020,SFN,"Chapman, Matt",chapm001,4,2,1B,1B,1,field_out,7,4,7
2025-08-02,NYN202508020,SFN,"Smith, Dominic",smitd008,4,0,empty,empty,1,field_out,8,4,11
2025-08-02,NYN202508020,SFN,"Schmitt, Casey",schmc003,4,1,empty,empty,1,single,8,4,11
2025-08-02,NYN202508020,SFN,"Lee, Jung Hoo",lee-j001,4,1,1B,1B,1,field_out,8,4,11
2025-08-02,NYN202508020,SFN,"Knizner, Andrew",kniza001,4,2,2B,2B,1,field_out,8,4,11
2025-08-02,NYN202508020,SFN,"McCray, Grant",mccrg001,4,0,empty,empty,1,triple,9,4,12
2025-08-02,NYN202508020,SFN,"Ramos, Heliot",ramoh002,5,0,3B,3B,1,field_out,9,4,12
2025-08-02,NYN202508020,SFN,"Matos, Luis",matol002,1,1,3B,3B,1,field_out,9,4,12
2025-08-02,NYN202508020,SFN,"Adames, Willy",adamw002,5,2,3B,3B,1,home_run,9,4,12
2025-08-02,NYN202508020,SFN,"Koss, Christian",kossc001,1,2,empty,empty,1,strikeout,9,6,12
2025-08-03,NYN202508030,SFN,"Ramos, Heliot",ramoh002,1,0,empty,empty,1,field_out,1,0,0
2025-08-03,NYN202508030,SFN,"Devers, Rafael",dever001,1,1,empty,empty,1,field_out,1,0,0
2025-08-03,NYN202508030,SFN,"Adames, Willy",adamw002,1,2,empty,empty,1,field_out,1,0,0
2025-08-03,NYN202508030,SFN,"Chapman, Matt",chapm001,1,0,empty,empty,1,strikeout,2,0,1
2025-08-03,NYN202508030,SFN,"Smith, Dominic",smitd008,1,1,empty,empty,1,field_out,2,0,1
2025-08-03,NYN202508030,SFN,"Schmitt, Casey",schmc003,1,2,empty,empty,1,field_out,2,0,1
2025-08-03,NYN202508030,SFN,"Lee, Jung Hoo",lee-j001,1,0,empty,empty,1,single,3,0,1
2025-08-03,NYN202508030,SFN,"Bailey, Patrick",bailp001,1,0,1B,3B,0,single,3,0,1
2025-08-03,NYN202508030,SFN,"McCray, Grant",mccrg001,1,0,1B,1B,1,strikeout,3,1,1
2025-08-03,NYN202508030,SFN,"Ramos, Heliot",ramoh002,2,1,1B,1B,1,walk,3,1,1
2025-08-03,NYN202508030,SFN,"Devers, Rafael",dever001,2,1,1B+2B,1B+2B,1,home_run,3,1,1
2025-08-03,NYN202508030,SFN,"Adames, Willy",adamw002,2,1,empty,empty,1,strikeout,3,4,1
2025-08-03,NYN202508030,SFN,"Chapman, Matt",chapm001,2,2,empty,empty,1,field_out,3,4,1
2025-08-03,NYN202508030,SFN,"Smith, Dominic",smitd008,2,0,empty,empty,1,field_out,4,4,1
2025-08-03,NYN202508030,SFN,"Schmitt, Casey",schmc003,2,1,empty,empty,1,single,4,4,1
2025-08-03,NYN202508030,SFN,"Lee, Jung Hoo",lee-j001,2,1,1B,1B,1,single,4,4,1
2025-08-03,NYN202508030,SFN,"Bailey, Patrick",bailp001,2,1,1B+3B,1B+3B,1,fielders_choice,4,4,1
2025-08-03,NYN202508030,SFN,"McCray, Grant",mccrg001,2,1,1B+2B,1B+2B,1,sac_bunt,4,5,1
2025-08-03,NYN202508030,SFN,"Ramos, Heliot",ramoh002,3,2,2B+3B,2B+3B,1,single,4,5,1
2025-08-03,NYN202508030,SFN,"Devers, Rafael",dever001,3,2,1B+3B,1B+3B,1,single,4,6,1
2025-08-03,NYN202508030,SFN,"Adames, Willy",adamw002,3,2,1B+2B,1B+2B,1,field_out,4,7,1
2025-08-03,NYN202508030,SFN,"Chapman, Matt",chapm001,3,0,empty,empty,1,walk,5,7,1
2025-08-03,NYN202508030,SFN,"Smith, Dominic",smitd008,3,0,1B,1B,1,strikeout,5,7,1
2025-08-03,NYN202508030,SFN,"Schmitt, Casey",schmc003,3,1,1B,1B,1,grounded_into_double_play,5,7,1
2025-08-03,NYN202508030,SFN,"Lee, Jung Hoo",lee-j001,3,0,empty,empty,1,single,6,7,2
2025-08-03,NYN202508030,SFN,"Bailey, Patrick",bailp001,3,0,1B,1B,1,field_out,6,7,2
2025-08-03,NYN202508030,SFN,"McCray, Grant",mccrg001,3,1,1B,1B,1,strikeout,6,7,2
2025-08-03,NYN202508030,SFN,"Ramos, Heliot",ramoh002,4,2,1B,1B,1,strikeout,6,7,2
2025-08-03,NYN202508030,SFN,"Devers, Rafael",dever001,4,0,empty,empty,1,single,7,7,2
2025-08-03,NYN202508030,SFN,"Adames, Willy",adamw002,4,1,empty,empty,1,field_out,7,7,2
2025-08-03,NYN202508030,SFN,"Chapman, Matt",chapm001,4,2,empty,empty,1,strikeout,7,7,2
2025-08-03,NYN202508030,SFN,"Smith, Dominic",smitd008,4,0,empty,empty,1,field_out,8,7,2
2025-08-03,NYN202508030,SFN,"Schmitt, Casey",schmc003,4,1,empty,empty,1,field_out,8,7,2
2025-08-03,NYN202508030,SFN,"Lee, Jung Hoo",lee-j001,4,2,empty,empty,1,walk,8,7,2
2025-08-03,NYN202508030,SFN,"Bailey, Patrick",bailp001,4,2,1B,1B,1,strikeout,8,7,2
2025-08-03,NYN202508030,SFN,"McCray, Grant",mccrg001,4,0,empty,empty,1,field_out,9,7,2
2025-08-03,NYN202508030,SFN,"Ramos, Heliot",ramoh002,5,1,empty,empty,1,single,9,7,2
2025-08-03,NYN202508030,SFN,"Devers, Rafael",dever001,5,1,1B,2B,0,walk,9,7,2
2025-08-03,NYN202508030,SFN,"Adames, Willy",adamw002,5,1,1B+2B,1B+2B,1,strikeout,9,7,2
2025-08-03,NYN202508030,SFN,"Chapman, Matt",chapm001,5,2,1B+2B,1B+2B,1,walk,9,7,2
2025-08-03,NYN202508030,SFN,"Smith, Dominic",smitd008,5,2,1B+2B+3B,1B+2B+3B,1,single,9,7,2
2025-08-03,NYN202508030,SFN,"Schmitt, Casey",schmc003,5,2,1B+3B,1B+3B,1,home_run,9,9,2
2025-08-03,NYN202508030,SFN,"Lee, Jung Hoo",lee-j001,5,2,empty,empty,1,double,9,12,2
2025-08-03,NYN202508030,SFN,"Bailey, Patrick",bailp001,5,2,2B,2B,1,field_out,9,12,2
2025-08-04,PIT202508040,SFN,"Ramos, Heliot",ramoh002,1,0,empty,empty,1,single,1,0,0
2025-08-04,PIT202508040,SFN,"Devers, Rafael",dever001,1,0,1B,1B,1,walk,1,0,0
2025-08-04,PIT202508040,SFN,"Adames, Willy",adamw002,1,0,1B+2B,1B+2B,1,walk,1,0,0
2025-08-04,PIT202508040,SFN,"Chapman, Matt",chapm001,1,0,1B+2B+3B,1B+2B+3B,1,strikeout,1,0,0
2025-08-04,PIT202508040,SFN,"Smith, Dominic",smitd008,1,1,1B+2B+3B,1B+2B+3B,1,single,1,0,0
2025-08-04,PIT202508040,SFN,"Schmitt, Casey",schmc003,1,1,1B+2B+3B,1B+2B+3B,1,walk,1,1,0
2025-08-04,PIT202508040,SFN,"Lee, Jung Hoo",lee-j001,1,1,1B+2B+3B,1B+2B+3B,1,strikeout,1,2,0
2025-08-04,PIT202508040,SFN,"Bailey, Patrick",bailp001,1,2,1B+2B+3B,1B+2B+3B,1,strikeout,1,2,0
2025-08-04,PIT202508040,SFN,"McCray, Grant",mccrg001,1,0,empty,empty,1,strikeout,2,2,1
2025-08-04,PIT202508040,SFN,"Ramos, Heliot",ramoh002,2,1,empty,empty,1,field_out,2,2,1
2025-08-04,PIT202508040,SFN,"Devers, Rafael",dever001,2,2,empty,empty,1,field_out,2,2,1
2025-08-04,PIT202508040,SFN,"Adames, Willy",adamw002,2,0,empty,empty,1,strikeout,3,2,1
2025-08-04,PIT202508040,SFN,"Chapman, Matt",chapm001,2,1,empty,empty,1,single,3,2,1
2025-08-04,PIT202508040,SFN,"Smith, Dominic",smitd008,2,1,1B,1B,1,field_out,3,2,1
2025-08-04,PIT202508040,SFN,"Schmitt, Casey",schmc003,2,2,1B,2B,0,single,3,2,1
2025-08-04,PIT202508040,SFN,"Lee, Jung Hoo",lee-j001,2,2,1B+3B,1B+3B,1,field_out,3,2,1
2025-08-04,PIT202508040,SFN,"Bailey, Patrick",bailp001,2,0,empty,empty,1,field_out,4,2,1
2025-08-04,PIT202508040,SFN,"McCray, Grant",mccrg001,2,1,empty,empty,1,field_out,4,2,1
2025-08-04,PIT202508040,SFN,"Ramos, Heliot",ramoh002,3,2,empty,empty,1,single,4,2,1
2025-08-04,PIT202508040,SFN,"Devers, Rafael",dever001,3,2,1B,1B,1,field_out,4,2,1
2025-08-04,PIT202508040,SFN,"Adames, Willy",adamw002,3,0,empty,empty,1,walk,5,2,1
2025-08-04,PIT202508040,SFN,"Chapman, Matt",chapm001,3,0,1B,1B,1,walk,5,2,1
2025-08-04,PIT202508040,SFN,"Smith, Dominic",smitd008,3,0,1B+2B,1B+2B,1,strikeout,5,2,1
2025-08-04,PIT202508040,SFN,"Schmitt, Casey",schmc003,3,1,1B+2B,1B+2B,1,field_out,5,2,1
2025-08-04,PIT202508040,SFN,"Lee, Jung Hoo",lee-j001,3,2,1B+2B,1B+2B,1,triple,5,2,1
2025-08-04,PIT202508040,SFN,"Bailey, Patrick",bailp001,3,2,3B,3B,1,strikeout,5,4,1
2025-08-04,PIT202508040,SFN,"McCray, Grant",mccrg001,3,0,empty,empty,1,strikeout,6,4,1
2025-08-04,PIT202508040,SFN,"Ramos, Heliot",ramoh002,4,1,empty,empty,1,single,6,4,1
2025-08-04,PIT202508040,SFN,"Devers, Rafael",dever001,4,1,1B,1B,1,field_out,6,4,1
2025-08-04,PIT202508040,SFN,"Adames, Willy",adamw002,4,2,1B,1B,1,field_out,6,4,1
2025-08-04,PIT202508040,SFN,"Chapman, Matt",chapm001,4,0,empty,empty,1,field_out,7,4,1
2025-08-04,PIT202508040,SFN,"Smith, Dominic",smitd008,4,1,empty,empty,1,strikeout,7,4,1
2025-08-04,PIT202508040,SFN,"Schmitt, Casey",schmc003,4,2,empty,empty,1,field_out,7,4,1
2025-08-04,PIT202508040,SFN,"Lee, Jung Hoo",lee-j001,4,0,empty,empty,1,field_out,8,4,3
2025-08-04,PIT202508040,SFN,"Bailey, Patrick",bailp001,4,1,empty,empty,1,field_out,8,4,3
2025-08-04,PIT202508040,SFN,"McCray, Grant",mccrg001,4,2,empty,empty,1,strikeout,8,4,3
2025-08-04,PIT202508040,SFN,"Ramos, Heliot",ramoh002,5,0,empty,empty,1,field_out,9,4,3
2025-08-04,PIT202508040,SFN,"Devers, Rafael",dever001,5,1,empty,empty,1,strikeout,9,4,3
2025-08-04,PIT202508040,SFN,"Adames, Willy",adamw002,5,2,empty,empty,1,field_out,9,4,3
2025-08-05,PIT202508050,SFN,"Ramos, Heliot",ramoh002,1,0,empty,empty,1,field_out,1,0,0
2025-08-05,PIT202508050,SFN,"Devers, Rafael",dever001,1,1,empty,empty,1,field_out,1,0,0
2025-08-05,PIT202508050,SFN,"Adames, Willy",adamw002,1,2,empty,empty,1,strikeout,1,0,0
2025-08-05,PIT202508050,SFN,"Chapman, Matt",chapm001,1,0,empty,empty,1,field_out,2,0,0
2025-08-05,PIT202508050,SFN,"Smith, Dominic",smitd008,1,1,empty,empty,1,strikeout,2,0,0
2025-08-05,PIT202508050,SFN,"Encarnacion, Jerar",encaj002,1,2,empty,empty,1,strikeout,2,0,0
2025-08-05,PIT202508050,SFN,"Lee, Jung Hoo",lee-j001,1,0,empty,empty,1,field_out,3,0,0
2025-08-05,PIT202508050,SFN,"Bailey, Patrick",bailp001,1,1,empty,empty,1,walk,3,0,0
2025-08-05,PIT202508050,SFN,"Koss, Christian",kossc001,1,1,1B,1B,1,home_run,3,0,0
2025-08-05,PIT202508050,SFN,"Ramos, Heliot",ramoh002,2,1,empty,empty,1,walk,3,2,0
2025-08-05,PIT202508050,SFN,"Devers, Rafael",dever001,2,1,1B,1B,1,walk,3,2,0
2025-08-05,PIT202508050,SFN,"Adames, Willy",adamw002,2,1,1B+2B,1B+2B,1,grounded_into_double_play,3,2,0
2025-08-05,PIT202508050,SFN,"Chapman, Matt",chapm001,2,0,empty,empty,1,field_out,4,2,1
2025-08-05,PIT202508050,SFN,"Smith, Dominic",smitd008,2,1,empty,empty,1,field_out,4,2,1
2025-08-05,PIT202508050,SFN,"Encarnacion, Jerar",encaj002,2,2,empty,empty,1,home_run,4,2,1
2025-08-05,PIT202508050,SFN,"Lee, Jung Hoo",lee-j001,2,2,empty,empty,1,field_out,4,3,1
2025-08-05,PIT202508050,SFN,"Bailey, Patrick",bailp001,2,0,empty,empty,1,field_out,5,3,1
2025-08-05,PIT202508050,SFN,"Koss, Christian",kossc001,2,1,empty,empty,1,field_out,5,3,1
2025-08-05,PIT202508050,SFN,"Ramos, Heliot",ramoh002,3,2,empty,empty,1,single,5,3,1
2025-08-05,PIT202508050,SFN,"Devers, Rafael",dever001,3,2,2B,2B,1,single,5,3,1
2025-08-05,PIT202508050,SFN,"Adames, Willy",adamw002,3,2,1B,1B,1,home_run,5,4,1
2025-08-05,PIT202508050,SFN,"Chapman, Matt",chapm001,3,2,empty,empty,1,field_out,5,6,1
2025-08-05,PIT202508050,SFN,"Smith, Dominic",smitd008,3,0,empty,empty,1,single,6,6,1
2025-08-05,PIT202508050,SFN,"Encarnacion, Jerar",encaj002,3,0,1B,1B,1,field_out,6,6,1
2025-08-05,PIT202508050,SFN,"Lee, Jung Hoo",lee-j001,3,1,1B,1B,1,double,6,6,1
2025-08-05,PIT202508050,SFN,"Bailey, Patrick",bailp001,3,1,2B+3B,2B+3B,1,single,6,6,1
2025-08-05,PIT202508050,SFN,"Koss, Christian",kossc001,3,1,1B,1B,1,strikeout,6,8,1
2025-08-05,PIT202508050,SFN,"Ramos, Heliot",ramoh002,4,2,1B,1B,1,single,6,8,1
2025-08-05,PIT202508050,SFN,"Devers, Rafael",dever001,4,2,1B+3B,1B+3B,1,strikeout,6,8,1
2025-08-05,PIT202508050,SFN,"Adames, Willy",adamw002,4,0,empty,empty,1,field_out,7,8,1
2025-08-05,PIT202508050,SFN,"Chapman, Matt",chapm001,4,1,empty,empty,1,single,7,8,1
2025-08-05,PIT202508050,SFN,"Smith, Dominic",smitd008,4,1,1B,1B,1,fielders_choice,7,8,1
2025-08-05,PIT202508050,SFN,"Encarnacion, Jerar",encaj002,4,1,1B+2B,1B+2B,1,field_out,7,8,1
2025-08-05,PIT202508050,SFN,"Lee, Jung Hoo",lee-j001,4,2,2B+3B,2B+3B,1,strikeout,7,8,1
2025-08-05,PIT202508050,SFN,"Bailey, Patrick",bailp001,4,0,empty,empty,1,field_out,8,8,1
2025-08-05,PIT202508050,SFN,"Koss, Christian",kossc001,4,1,empty,empty,1,strikeout,8,8,1
2025-08-05,PIT202508050,SFN,"Ramos, Heliot",ramoh002,5,2,empty,empty,1,walk,8,8,1
2025-08-05,PIT202508050,SFN,"Devers, Rafael",dever001,5,2,1B,1B,1,strikeout,8,8,1
2025-08-05,PIT202508050,SFN,"Adames, Willy",adamw002,5,0,empty,empty,1,single,9,8,1
2025-08-05,PIT202508050,SFN,"Chapman, Matt",chapm001,5,0,1B,1B,1,field_out,9,8,1
2025-08-05,PIT202508050,SFN,"Smith, Dominic",smitd008,5,1,1B,1B,1,field_out,9,8,1
2025-08-05,PIT202508050,SFN,"Encarnacion, Jerar",encaj002,5,2,1B,1B,1,field_out,9,8,1
2025-08-06,PIT202508060,SFN,"Ramos, Heliot",ramoh002,1,0,empty,empty,1,single,1,0,0
2025-08-06,PIT202508060,SFN,"Devers, Rafael",dever001,1,0,1B,1B,1,hit_by_pitch,1,0,0
2025-08-06,PIT202508060,SFN,"Adames, Willy",adamw002,1,0,1B+2B,1B+2B,1,field_out,1,0,0
2025-08-06,PIT202508060,SFN,"Chapman, Matt",chapm001,1,1,1B+3B,1B+3B,1,field_out,1,0,0
2025-08-06,PIT202508060,SFN,"Schmitt, Casey",schmc003,1,2,1B+3B,1B+3B,1,field_out,1,0,0
2025-08-06,PIT202508060,SFN,"Encarnacion, Jerar",encaj002,1,0,empty,empty,1,field_out,2,0,1
2025-08-06,PIT202508060,SFN,"Lee, Jung Hoo",lee-j001,1,1,empty,empty,1,field_out,2,0,1
2025-08-06,PIT202508060,SFN,"Koss, Christian",kossc001,1,2,empty,empty,1,field_out,2,0,1
2025-08-06,PIT202508060,SFN,"Knizner, Andrew",kniza001,1,0,empty,empty,1,field_out,3,0,1
2025-08-06,PIT202508060,SFN,"Ramos, Heliot",ramoh002,2,1,empty,empty,1,field_out,3,0,1
2025-08-06,PIT202508060,SFN,"Devers, Rafael",dever001,2,2,empty,empty,1,field_out,3,0,1
2025-08-06,PIT202508060,SFN,"Adames, Willy",adamw002,2,0,empty,empty,1,field_out,4,0,1
2025-08-06,PIT202508060,SFN,"Chapman, Matt",chapm001,2,1,empty,empty,1,strikeout,4,0,1
2025-08-06,PIT202508060,SFN,"Schmitt, Casey",schmc003,2,2,empty,empty,1,field_out,4,0,1
2025-08-06,PIT202508060,SFN,"Encarnacion, Jerar",encaj002,2,0,empty,empty,1,home_run,5,0,1
2025-08-06,PIT202508060,SFN,"Lee, Jung Hoo",lee-j001,2,0,empty,empty,1,field_out,5,1,1
2025-08-06,PIT202508060,SFN,"Koss, Christian",kossc001,2,1,empty,empty,1,hit_by_pitch,5,1,1
2025-08-06,PIT202508060,SFN,"Knizner, Andrew",kniza001,2,1,1B,1B,1,field_out,5,1,1
2025-08-06,PIT202508060,SFN,"Ramos, Heliot",ramoh002,3,2,1B,2B,0,strikeout,5,1,1
2025-08-06,PIT202508060,SFN,"Devers, Rafael",dever001,3,0,empty,empty,1,walk,6,1,2
2025-08-06,PIT202508060,SFN,"Adames, Willy",adamw002,3,0,1B,1B,1,strikeout,6,1,2
2025-08-06,PIT202508060,SFN,"Chapman, Matt",chapm001,3,1,1B,1B,1,field_out,6,1,2
2025-08-06,PIT202508060,SFN,"Schmitt, Casey",schmc003,3,2,1B,2B,0,strikeout,6,1,2
2025-08-06,PIT202508060,SFN,"Encarnacion, Jerar",encaj002,3,0,empty,empty,1,field_out,7,1,2
2025-08-06,PIT202508060,SFN,"Lee, Jung Hoo",lee-j001,3,1,empty,empty,1,field_out,7,1,2
2025-08-06,PIT202508060,SFN,"Koss, Christian",kossc001,3,2,empty,empty,1,field_out,7,1,2
2025-08-06,PIT202508060,SFN,"Bailey, Patrick",bailp001,1,0,empty,empty,1,single,8,1,2
2025-08-06,PIT202508060,SFN,"Ramos, Heliot",ramoh002,4,0,1B,1B,1,field_out,8,1,2
2025-08-06,PIT202508060,SFN,"Devers, Rafael",dever001,4,1,1B,1B,1,walk,8,1,2
2025-08-06,PIT202508060,SFN,"Adames, Willy",adamw002,4,1,1B+2B,1B+2B,1,single,8,1,2
2025-08-06,PIT202508060,SFN,"Chapman, Matt",chapm001,4,1,1B+2B+3B,1B+2B+3B,1,sac_fly,8,1,2
2025-08-06,PIT202508060,SFN,"Schmitt, Casey",schmc003,4,2,1B+2B,1B+2B,1,field_out,8,2,2
2025-08-06,PIT202508060,SFN,"McCray, Grant",mccrg001,1,0,empty,empty,1,field_out,9,2,2
2025-08-06,PIT202508060,SFN,"Lee, Jung Hoo",lee-j001,4,1,empty,empty,1,double,9,2,2
2025-08-06,PIT202508060,SFN,"Smith, Dominic",smitd008,1,1,2B,2B,1,double,9,2,2
2025-08-06,PIT202508060,SFN,"Bailey, Patrick",bailp001,2,1,2B,2B,1,single,9,3,2
2025-08-06,PIT202508060,SFN,"Ramos, Heliot",ramoh002,5,1,1B,1B,1,field_out,9,4,2
2025-08-06,PIT202508060,SFN,"Devers, Rafael",dever001,5,2,1B,1B,1,field_out,9,4,2
2025-08-08,SFN202508080,SFN,"Ramos, Heliot",ramoh002,1,0,empty,empty,1,field_out,1,0,0
2025-08-08,SFN202508080,SFN,"Devers, Rafael",dever001,1,1,empty,empty,1,home_run,1,0,0
2025-08-08,SFN202508080,SFN,"Adames, Willy",adamw002,1,1,empty,empty,1,single,1,1,0
2025-08-08,SFN202508080,SFN,"Smith, Dominic",smitd008,1,1,1B,1B,1,single,1,1,0
2025-08-08,SFN202508080,SFN,"Chapman, Matt",chapm001,1,1,1B+2B,1B+2B,1,single,1,1,0
2025-08-08,SFN202508080,SFN,"Lee, Jung Hoo",lee-j001,1,1,1B+2B,1B+2B,1,field_out,1,2,0
2025-08-08,SFN202508080,SFN,"Schmitt, Casey",schmc003,1,2,1B+2B,1B+2B,1,field_out,1,2,0
2025-08-08,SFN202508080,SFN,"Bailey, Patrick",bailp001,1,0,empty,empty,1,strikeout,2,2,0
2025-08-08,SFN202508080,SFN,"Gilbert, Drew",gilbd001,1,1,empty,empty,1,strikeout,2,2,0
2025-08-08,SFN202508080,SFN,"Ramos, Heliot",ramoh002,2,2,empty,empty,1,strikeout,2,2,0
2025-08-08,SFN202508080,SFN,"Devers, Rafael",dever001,2,0,empty,empty,1,field_out,3,2,0
2025-08-08,SFN202508080,SFN,"Adames, Willy",adamw002,2,1,empty,empty,1,field_out,3,2,0
2025-08-08,SFN202508080,SFN,"Smith, Dominic",smitd008,2,2,empty,empty,1,single,3,2,0
2025-08-08,SFN202508080,SFN,"Chapman, Matt",chapm001,2,2,1B,1B,1,double,3,2,0
2025-08-08,SFN202508080,SFN,"Lee, Jung Hoo",lee-j001,2,2,2B+3B,2B+3B,1,field_out,3,2,0
2025-08-08,SFN202508080,SFN,"Schmitt, Casey",schmc003,2,0,empty,empty,1,field_out,4,2,0
2025-08-08,SFN202508080,SFN,"Bailey, Patrick",bailp001,2,1,empty,empty,1,triple,4,2,0
2025-08-08,SFN202508080,SFN,"Gilbert, Drew",gilbd001,2,1,3B,3B,1,field_out,4,2,0
2025-08-08,SFN202508080,SFN,"Ramos, Heliot",ramoh002,3,2,3B,3B,1,field_out,4,2,0
2025-08-08,SFN202508080,SFN,"Devers, Rafael",dever001,3,0,empty,empty,1,field_out,5,2,0
2025-08-08,SFN202508080,SFN,"Adames, Willy",adamw002,3,1,empty,empty,1,field_out,5,2,0
2025-08-08,SFN202508080,SFN,"Smith, Dominic",smitd008,3,2,empty,empty,1,field_out,5,2,0
2025-08-08,SFN202508080,SFN,"Chapman, Matt",chapm001,3,0,empty,empty,1,field_out,6,2,0
2025-08-08,SFN202508080,SFN,"Lee, Jung Hoo",lee-j001,3,1,empty,empty,1,field_error,6,2,0
2025-08-08,SFN202508080,SFN,"Schmitt, Casey",schmc003,3,1,2B,2B,1,home_run,6,2,0
2025-08-08,SFN202508080,SFN,"Bailey, Patrick",bailp001,3,1,empty,empty,1,field_out,6,4,0
2025-08-08,SFN202508080,SFN,"Gilbert, Drew",gilbd001,3,2,empty,empty,1,field_out,6,4,0
2025-08-08,SFN202508080,SFN,"Ramos, Heliot",ramoh002,4,0,empty,empty,1,walk,7,4,0
2025-08-08,SFN202508080,SFN,"Devers, Rafael",dever001,4,0,1B,1B,1,walk,7,4,0
2025-08-08,SFN202508080,SFN,"Adames, Willy",adamw002,4,0,1B+2B,1B+2B,1,strikeout,7,4,0
2025-08-08,SFN202508080,SFN,"Smith, Dominic",smitd008,4,1,1B+2B,1B+2B,1,field_out,7,4,0
2025-08-08,SFN202508080,SFN,"Chapman, Matt",chapm001,4,2,1B+2B,1B+2B,1,field_out,7,4,0
2025-08-08,SFN202508080,SFN,"Lee, Jung Hoo",lee-j001,4,0,empty,empty,1,single,8,4,0
2025-08-08,SFN202508080,SFN,"Schmitt, Casey",schmc003,4,0,1B,1B,1,field_out,8,4,0
2025-08-08,SFN202508080,SFN,"Bailey, Patrick",bailp001,4,1,2B,2B,1,single,8,4,0
2025-08-08,SFN202508080,SFN,"Gilbert, Drew",gilbd001,4,1,1B,1B,1,field_out,8,5,0
2025-08-08,SFN202508080,SFN,"Ramos, Heliot",ramoh002,5,2,1B,1B,1,field_out,8,5,0
2025-08-09,SFN202508090,SFN,"Ramos, Heliot",ramoh002,1,0,empty,empty,1,field_out,1,0,1
2025-08-09,SFN202508090,SFN,"Devers, Rafael",dever001,1,1,empty,empty,1,walk,1,0,1
2025-08-09,SFN202508090,SFN,"Adames, Willy",adamw002,1,1,1B,1B,1,grounded_into_double_play,1,0,1
2025-08-09,SFN202508090,SFN,"Smith, Dominic",smitd008,1,0,empty,empty,1,strikeout,2,0,1
2025-08-09,SFN202508090,SFN,"Chapman, Matt",chapm001,1,1,empty,empty,1,field_out,2,0,1
2025-08-09,SFN202508090,SFN,"Lee, Jung Hoo",lee-j001,1,2,empty,empty,1,field_out,2,0,1
2025-08-09,SFN202508090,SFN,"Schmitt, Casey",schmc003,1,0,empty,empty,1,field_out,3,0,3
2025-08-09,SFN202508090,SFN,"Gilbert, Drew",gilbd001,1,1,empty,empty,1,strikeout,3,0,3
2025-08-09,SFN202508090,SFN,"Knizner, Andrew",kniza001,1,2,empty,empty,1,single,3,0,3
2025-08-09,SFN202508090,SFN,"Ramos, Heliot",ramoh002,2,2,1B,1B,1,single,3,0,3
2025-08-09,SFN202508090,SFN,"Devers, Rafael",dever001,2,2,1B+2B,1B+2B,1,walk,3,0,3
2025-08-09,SFN202508090,SFN,"Adames, Willy",adamw002,2,2,1B+2B+3B,1B+2B+3B,1,strikeout,3,0,3
2025-08-09,SFN202508090,SFN,"Smith, Dominic",smitd008,2,0,empty,empty,1,double,4,0,3
2025-08-09,SFN202508090,SFN,"Chapman, Matt",chapm001,2,0,2B,2B,1,field_out,4,0,3
2025-08-09,SFN202508090,SFN,"Lee, Jung Hoo",lee-j001,2,1,2B,2B,1,field_out,4,0,3
2025-08-09,SFN202508090,SFN,"Schmitt, Casey",schmc003,2,2,2B,2B,1,field_out,4,0,3
2025-08-09,SFN202508090,SFN,"Gilbert, Drew",gilbd001,2,0,empty,empty,1,field_out,5,0,3
2025-08-09,SFN202508090,SFN,"Knizner, Andrew",kniza001,2,1,empty,empty,1,field_out,5,0,3
2025-08-09,SFN202508090,SFN,"Ramos, Heliot",ramoh002,3,2,empty,empty,1,field_out,5,0,3
2025-08-09,SFN202508090,SFN,"Devers, Rafael",dever001,3,0,empty,empty,1,home_run,6,0,4
2025-08-09,SFN202508090,SFN,"Adames, Willy",adamw002,3,0,empty,empty,1,field_out,6,1,4
2025-08-09,SFN202508090,SFN,"Smith, Dominic",smitd008,3,1,empty,empty,1,strikeout,6,1,4
2025-08-09,SFN202508090,SFN,"Chapman, Matt",chapm001,3,2,empty,empty,1,strikeout,6,1,4
2025-08-09,SFN202508090,SFN,"Lee, Jung Hoo",lee-j001,3,0,empty,empty,1,field_out,7,1,4
2025-08-09,SFN202508090,SFN,"Schmitt, Casey",schmc003,3,1,empty,empty,1,field_out,7,1,4
2025-08-09,SFN202508090,SFN,"Gilbert, Drew",gilbd001,3,2,empty,empty,1,strikeout,7,1,4
2025-08-09,SFN202508090,SFN,"Bailey, Patrick",bailp001,1,0,empty,empty,1,strikeout,8,1,4
2025-08-09,SFN202508090,SFN,"Ramos, Heliot",ramoh002,4,1,empty,empty,1,single,8,1,4
2025-08-09,SFN202508090,SFN,"Devers, Rafael",dever001,4,1,1B,1B,1,single,8,1,4
2025-08-09,SFN202508090,SFN,"Adames, Willy",adamw002,4,1,1B+2B,1B+2B,1,walk,8,1,4
2025-08-09,SFN202508090,SFN,"Flores, Wilmer",florw001,1,1,1B+2B+3B,1B+2B+3B,1,sac_fly,8,1,4
2025-08-09,SFN202508090,SFN,"Chapman, Matt",chapm001,4,2,1B+2B,1B+2B,1,strikeout,8,2,4
2025-08-09,SFN202508090,SFN,"Lee, Jung Hoo",lee-j001,4,0,empty,empty,1,single,9,2,4
2025-08-09,SFN202508090,SFN,"Schmitt, Casey",schmc003,4,0,1B,1B,1,field_out,9,2,4
2025-08-09,SFN202508090,SFN,"Koss, Christian",kossc001,1,1,1B,1B,1,single,9,2,4
2025-08-09,SFN202508090,SFN,"Bailey, Patrick",bailp001,2,1,1B+2B,1B+2B,1,grounded_into_double_play,9,2,4
2025-08-10,SFN202508100,SFN,"Ramos, Heliot",ramoh002,1,0,empty,empty,1,single,1,0,0
2025-08-10,SFN202508100,SFN,"Devers, Rafael",dever001,1,0,1B,1B,1,strikeout,1,0,0
2025-08-10,SFN202508100,SFN,"Adames, Willy",adamw002,1,1,1B,1B,1,strikeout,1,0,0
2025-08-10,SFN202508100,SFN,"Flores, Wilmer",florw001,1,2,1B,1B,1,field_out,1,0,0
2025-08-10,SFN202508100,SFN,"Chapman, Matt",chapm001,1,0,empty,empty,1,single,2,0,4
2025-08-10,SFN202508100,SFN,"Schmitt, Casey",schmc003,1,0,1B,1B,1,strikeout,2,0,4
2025-08-10,SFN202508100,SFN,"Lee, Jung Hoo",lee-j001,1,1,1B,1B,1,strikeout,2,0,4
2025-08-10,SFN202508100,SFN,"Bailey, Patrick",bailp001,1,2,1B,1B,1,strikeout,2,0,4
2025-08-10,SFN202508100,SFN,"Gilbert, Drew",gilbd001,1,0,empty,empty,1,field_out,3,0,4
2025-08-10,SFN202508100,SFN,"Ramos, Heliot",ramoh002,2,1,empty,empty,1,strikeout,3,0,4
2025-08-10,SFN202508100,SFN,"Devers, Rafael",dever001,2,2,empty,empty,1,field_out,3,0,4
2025-08-10,SFN202508100,SFN,"Adames, Willy",adamw002,2,0,empty,empty,1,walk,4,0,5
2025-08-10,SFN202508100,SFN,"Flores, Wilmer",florw001,2,0,1B,1B,1,field_out,4,0,5
2025-08-10,SFN202508100,SFN,"Chapman, Matt",chapm001,2,1,1B,1B,1,strikeout,4,0,5
2025-08-10,SFN202508100,SFN,"Schmitt, Casey",schmc003,2,2,1B,1B,1,field_out,4,0,5
2025-08-10,SFN202508100,SFN,"Lee, Jung Hoo",lee-j001,2,0,empty,empty,1,strikeout,5,0,5
2025-08-10,SFN202508100,SFN,"Bailey, Patrick",bailp001,2,1,empty,empty,1,single,5,0,5
2025-08-10,SFN202508100,SFN,"Gilbert, Drew",gilbd001,2,1,1B,1B,1,field_out,5,0,5
2025-08-10,SFN202508100,SFN,"Ramos, Heliot",ramoh002,3,2,1B,1B,1,field_out,5,0,5
2025-08-10,SFN202508100,SFN,"Devers, Rafael",dever001,3,0,empty,empty,1,strikeout,6,0,6
2025-08-10,SFN202508100,SFN,"Adames, Willy",adamw002,3,1,empty,empty,1,field_out,6,0,6
2025-08-10,SFN202508100,SFN,"Flores, Wilmer",florw001,3,2,empty,empty,1,strikeout,6,0,6
2025-08-10,SFN202508100,SFN,"Chapman, Matt",chapm001,3,0,empty,empty,1,strikeout,7,0,8
2025-08-10,SFN202508100,SFN,"Schmitt, Casey",schmc003,3,1,empty,empty,1,strikeout,7,0,8
2025-08-10,SFN202508100,SFN,"Lee, Jung Hoo",lee-j001,3,2,empty,empty,1,field_out,7,0,8
2025-08-10,SFN202508100,SFN,"Bailey, Patrick",bailp001,3,0,empty,empty,1,strikeout,8,0,8
2025-08-10,SFN202508100,SFN,"Gilbert, Drew",gilbd001,3,1,empty,empty,1,strikeout,8,0,8
2025-08-10,SFN202508100,SFN,"Ramos, Heliot",ramoh002,4,2,empty,empty,1,field_out,8,0,8
2025-08-10,SFN202508100,SFN,"Devers, Rafael",dever001,4,0,empty,empty,1,field_out,9,0,8
2025-08-10,SFN202508100,SFN,"Adames, Willy",adamw002,4,1,empty,empty,1,strikeout,9,0,8
2025-08-10,SFN202508100,SFN,"Flores, Wilmer",florw001,4,2,empty,empty,1,field_out,9,0,8
2025-08-11,SFN202508110,SFN,"Ramos, Heliot",ramoh002,1,0,empty,empty,1,field_out,1,0,0
2025-08-11,SFN202508110,SFN,"Devers, Rafael",dever001,1,1,empty,empty,1,field_out,1,0,0
2025-08-11,SFN202508110,SFN,"Adames, Willy",adamw002,1,2,empty,empty,1,field_out,1,0,0
2025-08-11,SFN202508110,SFN,"Smith, Dominic",smitd008,1,0,empty,empty,1,single,2,0,0
2025-08-11,SFN202508110,SFN,"Chapman, Matt",chapm001,1,0,1B,1B,1,field_out,2,0,0
2025-08-11,SFN202508110,SFN,"Lee, Jung Hoo",lee-j001,1,1,1B,1B,1,single,2,0,0
2025-08-11,SFN202508110,SFN,"Bailey, Patrick",bailp001,1,1,1B+2B,1B+2B,1,strikeout,2,0,0
2025-08-11,SFN202508110,SFN,"Koss, Christian",kossc001,1,2,1B+2B,1B+2B,1,field_out,2,0,0
2025-08-11,SFN202508110,SFN,"Gilbert, Drew",gilbd001,1,0,empty,empty,1,single,3,0,0
2025-08-11,SFN202508110,SFN,"Ramos, Heliot",ramoh002,2,0,1B,1B,1,field_out,3,0,0
2025-08-11,SFN202508110,SFN,"Devers, Rafael",dever001,2,1,1B,1B,1,field_out,3,0,0
2025-08-11,SFN202508110,SFN,"Adames, Willy",adamw002,2,0,1B,empty,0,strikeout,4,0,0
2025-08-11,SFN202508110,SFN,"Smith, Dominic",smitd008,2,1,empty,empty,1,field_out,4,0,0
2025-08-11,SFN202508110,SFN,"Chapman, Matt",chapm001,2,2,empty,empty,1,field_out,4,0,0
2025-08-11,SFN202508110,SFN,"Lee, Jung Hoo",lee-j001,2,0,empty,empty,1,strikeout,5,0,0
2025-08-11,SFN202508110,SFN,"Bailey, Patrick",bailp001,2,1,empty,empty,1,strikeout,5,0,0
2025-08-11,SFN202508110,SFN,"Koss, Christian",kossc001,2,2,empty,empty,1,strikeout,5,0,0
2025-08-11,SFN202508110,SFN,"Gilbert, Drew",gilbd001,2,0,empty,empty,1,field_out,6,0,1
2025-08-11,SFN202508110,SFN,"Ramos, Heliot",ramoh002,3,1,empty,empty,1,strikeout,6,0,1
2025-08-11,SFN202508110,SFN,"Devers, Rafael",dever001,3,2,empty,empty,1,home_run,6,0,1
2025-08-11,SFN202508110,SFN,"Adames, Willy",adamw002,3,2,empty,empty,1,field_out,6,1,1
2025-08-11,SFN202508110,SFN,"Smith, Dominic",smitd008,3,0,empty,empty,1,field_out,7,1,4
2025-08-11,SFN202508110,SFN,"Chapman, Matt",chapm001,3,1,empty,empty,1,single,7,1,4
2025-08-11,SFN202508110,SFN,"Lee, Jung Hoo",lee-j001,3,1,1B,1B,1,field_out,7,1,4
2025-08-11,SFN202508110,SFN,"Bailey, Patrick",bailp001,3,2,1B,1B,1,strikeout,7,1,4
2025-08-11,SFN202508110,SFN,"Koss, Christian",kossc001,3,0,empty,empty,1,strikeout,8,1,4
2025-08-11,SFN202508110,SFN,"Gilbert, Drew",gilbd001,3,1,empty,empty,1,strikeout,8,1,4
2025-08-11,SFN202508110,SFN,"Ramos, Heliot",ramoh002,4,2,empty,empty,1,strikeout,8,1,4
2025-08-11,SFN202508110,SFN,"Devers, Rafael",dever001,4,0,empty,empty,1,field_out,9,1,4
2025-08-11,SFN202508110,SFN,"Adames, Willy",adamw002,4,1,empty,empty,1,field_out,9,1,4
2025-08-11,SFN202508110,SFN,"Smith, Dominic",smitd008,4,2,empty,empty,1,field_out,9,1,4
2025-08-12,SFN202508120,SFN,"Ramos, Heliot",ramoh002,1,0,empty,empty,1,strikeout,1,0,1
2025-08-12,SFN202508120,SFN,"Schmitt, Casey",schmc003,1,1,empty,empty,1,double,1,0,1
2025-08-12,SFN202508120,SFN,"Devers, Rafael",dever001,1,1,2B,2B,1,single,1,0,1
2025-08-12,SFN202508120,SFN,"Adames, Willy",adamw002,1,1,1B+3B,1B+3B,1,strikeout,1,0,1
2025-08-12,SFN202508120,SFN,"Flores, Wilmer",florw001,1,2,1B+3B,1B+3B,1,single,1,0,1
2025-08-12,SFN202508120,SFN,"Chapman, Matt",chapm001,1,2,1B+2B,1B+2B,1,field_out,1,1,1
2025-08-12,SFN202508120,SFN,"Lee, Jung Hoo",lee-j001,1,0,empty,empty,1,field_out,2,1,3
2025-08-12,SFN202508120,SFN,"Fitzgerald, Tyler",fitzt001,1,1,empty,empty,1,field_out,2,1,3
2025-08-12,SFN202508120,SFN,"Bailey, Patrick",bailp001,1,2,empty,empty,1,walk,2,1,3
2025-08-12,SFN202508120,SFN,"Ramos, Heliot",ramoh002,2,2,1B,1B,1,strikeout,2,1,3
2025-08-12,SFN202508120,SFN,"Schmitt, Casey",schmc003,2,0,empty,empty,1,strikeout,3,1,3
2025-08-12,SFN202508120,SFN,"Devers, Rafael",dever001,2,1,empty,empty,1,strikeout,3,1,3
2025-08-12,SFN202508120,SFN,"Adames, Willy",adamw002,2,2,empty,empty,1,field_out,3,1,3
2025-08-12,SFN202508120,SFN,"Flores, Wilmer",florw001,2,0,empty,empty,1,field_out,4,1,4
2025-08-12,SFN202508120,SFN,"Chapman, Matt",chapm001,2,1,empty,empty,1,strikeout,4,1,4
2025-08-12,SFN202508120,SFN,"Lee, Jung Hoo",lee-j001,2,2,empty,empty,1,single,4,1,4
2025-08-12,SFN202508120,SFN,"Fitzgerald, Tyler",fitzt001,2,2,1B,1B,1,field_out,4,1,4
2025-08-12,SFN202508120,SFN,"Bailey, Patrick",bailp001,2,0,empty,empty,1,single,5,1,4
2025-08-12,SFN202508120,SFN,"Ramos, Heliot",ramoh002,3,0,1B,1B,1,field_out,5,1,4
2025-08-12,SFN202508120,SFN,"Schmitt, Casey",schmc003,3,1,1B,1B,1,single,5,1,4
2025-08-12,SFN202508120,SFN,"Devers, Rafael",dever001,3,1,1B+2B,1B+2B,1,field_out,5,1,4
2025-08-12,SFN202508120,SFN,"Adames, Willy",adamw002,3,2,1B+3B,1B+3B,1,strikeout,5,1,4
2025-08-12,SFN202508120,SFN,"Flores, Wilmer",florw001,3,0,empty,empty,1,single,6,1,4
2025-08-12,SFN202508120,SFN,"Chapman, Matt",chapm001,3,0,1B,1B,1,walk,6,1,4
2025-08-12,SFN202508120,SFN,"Lee, Jung Hoo",lee-j001,3,0,1B+2B,1B+2B,1,field_out,6,1,4
2025-08-12,SFN202508120,SFN,"Smith, Dominic",smitd008,1,1,1B+2B,1B+2B,1,single,6,1,4
2025-08-12,SFN202508120,SFN,"Bailey, Patrick",bailp001,3,1,1B+2B+3B,1B+2B+3B,1,field_out,6,1,4
2025-08-12,SFN202508120,SFN,"Ramos, Heliot",ramoh002,4,2,1B+2B+3B,1B+2B+3B,1,field_out,6,1,4
2025-08-12,SFN202508120,SFN,"Schmitt, Casey",schmc003,4,0,empty,empty,1,single,7,1,4
2025-08-12,SFN202508120,SFN,"Devers, Rafael",dever001,4,0,1B,1B,1,field_out,7,1,4
2025-08-12,SFN202508120,SFN,"Adames, Willy",adamw002,4,1,1B,1B,1,field_out,7,1,4
2025-08-12,SFN202508120,SFN,"Flores, Wilmer",florw001,4,2,1B,1B,1,strikeout,7,1,4
2025-08-12,SFN202508120,SFN,"Chapman, Matt",chapm001,4,0,empty,empty,1,strikeout,8,1,5
2025-08-12,SFN202508120,SFN,"Lee, Jung Hoo",lee-j001,4,1,empty,empty,1,field_out,8,1,5
2025-08-12,SFN202508120,SFN,"Gilbert, Drew",gilbd001,1,2,empty,empty,1,field_out,8,1,5
2025-08-12,SFN202508120,SFN,"Bailey, Patrick",bailp001,4,0,empty,empty,1,strikeout,9,1,5
2025-08-12,SFN202508120,SFN,"Ramos, Heliot",ramoh002,5,1,empty,empty,1,field_out,9,1,5
2025-08-12,SFN202508120,SFN,"Schmitt, Casey",schmc003,5,2,empty,empty,1,single,9,1,5
2025-08-12,SFN202508120,SFN,"Devers, Rafael",dever001,5,2,1B,1B,1,strikeout,9,1,5
2025-08-13,SFN202508130,SFN,"Ramos, Heliot",ramoh002,1,0,empty,empty,1,field_out,1,0,0
2025-08-13,SFN202508130,SFN,"Devers, Rafael",dever001,1,1,empty,empty,1,field_out,1,0,0
2025-08-13,SFN202508130,SFN,"Schmitt, Casey",schmc003,1,2,empty,empty,1,single,1,0,0
2025-08-13,SFN202508130,SFN,"Smith, Dominic",smitd008,1,2,1B,1B,1,field_out,1,0,0
2025-08-13,SFN202508130,SFN,"Adames, Willy",adamw002,1,0,empty,empty,1,field_out,2,0,7
2025-08-13,SFN202508130,SFN,"Lee, Jung Hoo",lee-j001,1,1,empty,empty,1,field_out,2,0,7
2025-08-13,SFN202508130,SFN,"Koss, Christian",kossc001,1,2,empty,empty,1,field_out,2,0,7
2025-08-13,SFN202508130,SFN,"Bailey, Patrick",bailp001,1,0,empty,empty,1,field_out,3,0,7
2025-08-13,SFN202508130,SFN,"Gilbert, Drew",gilbd001,1,1,empty,empty,1,field_out,3,0,7
2025-08-13,SFN202508130,SFN,"Ramos, Heliot",ramoh002,2,2,empty,empty,1,single,3,0,7
2025-08-13,SFN202508130,SFN,"Devers, Rafael",dever001,2,2,1B,1B,1,single,3,0,7
2025-08-13,SFN202508130,SFN,"Schmitt, Casey",schmc003,2,2,1B+2B,1B+2B,1,walk,3,0,7
2025-08-13,SFN202508130,SFN,"Smith, Dominic",smitd008,2,2,1B+2B+3B,1B+2B+3B,1,field_out,3,0,7
2025-08-13,SFN202508130,SFN,"Adames, Willy",adamw002,2,0,empty,empty,1,field_out,4,0,7
2025-08-13,SFN202508130,SFN,"Lee, Jung Hoo",lee-j001,2,1,empty,empty,1,field_out,4,0,7
2025-08-13,SFN202508130,SFN,"Koss, Christian",kossc001,2,2,empty,empty,1,strikeout,4,0,7
2025-08-13,SFN202508130,SFN,"Bailey, Patrick",bailp001,2,0,empty,empty,1,strikeout,5,0,10
2025-08-13,SFN202508130,SFN,"Gilbert, Drew",gilbd001,2,1,empty,empty,1,field_out,5,0,10
2025-08-13,SFN202508130,SFN,"Ramos, Heliot",ramoh002,3,2,empty,empty,1,field_out,5,0,10
2025-08-13,SFN202508130,SFN,"Devers, Rafael",dever001,3,0,empty,empty,1,field_out,6,0,10
2025-08-13,SFN202508130,SFN,"Schmitt, Casey",schmc003,3,1,empty,empty,1,strikeout,6,0,10
2025-08-13,SFN202508130,SFN,"Smith, Dominic",smitd008,3,2,empty,empty,1,strikeout,6,0,10
2025-08-13,SFN202508130,SFN,"Adames, Willy",adamw002,3,0,empty,empty,1,strikeout,7,0,11
2025-08-13,SFN202508130,SFN,"Lee, Jung Hoo",lee-j001,3,1,empty,empty,1,triple,7,0,11
2025-08-13,SFN202508130,SFN,"Koss, Christian",kossc001,3,1,3B,3B,1,sac_fly,7,0,11
2025-08-13,SFN202508130,SFN,"Bailey, Patrick",bailp001,3,2,empty,empty,1,single,7,1,11
2025-08-13,SFN202508130,SFN,"Gilbert, Drew",gilbd001,3,2,1B,1B,1,field_out,7,1,11
2025-08-13,SFN202508130,SFN,"Ramos, Heliot",ramoh002,4,0,empty,empty,1,field_out,8,1,11
2025-08-13,SFN202508130,SFN,"Devers, Rafael",dever001,4,1,empty,empty,1,field_out,8,1,11
2025-08-13,SFN202508130,SFN,"Schmitt, Casey",schmc003,4,2,empty,empty,1,strikeout,8,1,11
2025-08-13,SFN202508130,SFN,"Smith, Dominic",smitd008,4,0,empty,empty,1,field_out,9,1,11
2025-08-13,SFN202508130,SFN,"Adames, Willy",adamw002,4,1,empty,empty,1,strikeout,9,1,11
2025-08-13,SFN202508130,SFN,"McCray, Grant",mccrg001,1,2,empty,empty,1,field_out,9,1,11
2025-08-15,SFN202508150,SFN,"Ramos, Heliot",ramoh002,1,0,empty,empty,1,strikeout,1,0,0
2025-08-15,SFN202508150,SFN,"Devers, Rafael",dever001,1,1,empty,empty,1,strikeout,1,0,0
2025-08-15,SFN202508150,SFN,"Adames, Willy",adamw002,1,2,empty,empty,1,walk,1,0,0
2025-08-15,SFN202508150,SFN,"Smith, Dominic",smitd008,1,2,1B,2B,0,single,1,0,0
2025-08-15,SFN202508150,SFN,"Schmitt, Casey",schmc003,1,2,1B,1B,1,field_out,1,1,0
2025-08-15,SFN202508150,SFN,"Lee, Jung Hoo",lee-j001,1,0,empty,empty,1,walk,2,1,1
2025-08-15,SFN202508150,SFN,"Koss, Christian",kossc001,1,0,1B,2B,0,double,2,1,1
2025-08-15,SFN202508150,SFN,"Bailey, Patrick",bailp001,1,0,2B,2B,1,field_out,2,2,1
2025-08-15,SFN202508150,SFN,"McCray, Grant",mccrg001,1,1,3B,3B,1,field_out,2,2,1
2025-08-15,SFN202508150,SFN,"Ramos, Heliot",ramoh002,2,2,3B,3B,1,double,2,2,1
2025-08-15,SFN202508150,SFN,"Devers, Rafael",dever001,2,2,2B,2B,1,strikeout,2,3,1
2025-08-15,SFN202508150,SFN,"Adames, Willy",adamw002,2,0,empty,empty,1,home_run,3,3,3
2025-08-15,SFN202508150,SFN,"Smith, Dominic",smitd008,2,0,empty,empty,1,double,3,4,3
2025-08-15,SFN202508150,SFN,"Schmitt, Casey",schmc003,2,0,2B,2B,1,field_out,3,4,3
2025-08-15,SFN202508150,SFN,"Lee, Jung Hoo",lee-j001,2,1,2B,2B,1,field_out,3,4,3
2025-08-15,SFN202508150,SFN,"Koss, Christian",kossc001,2,2,2B,2B,1,walk,3,4,3
2025-08-15,SFN202508150,SFN,"Bailey, Patrick",bailp001,2,2,1B+2B,1B+2B,1,double,3,4,3
2025-08-15,SFN202508150,SFN,"McCray, Grant",mccrg001,2,2,2B,2B,1,field_out,3,6,3
2025-08-15,SFN202508150,SFN,"Ramos, Heliot",ramoh002,3,0,empty,empty,1,strikeout,4,6,6
2025-08-15,SFN202508150,SFN,"Devers, Rafael",dever001,3,1,empty,empty,1,strikeout,4,6,6
2025-08-15,SFN202508150,SFN,"Adames, Willy",adamw002,3,2,empty,empty,1,strikeout,4,6,6
2025-08-15,SFN202508150,SFN,"Smith, Dominic",smitd008,3,0,empty,empty,1,field_out,5,6,6
2025-08-15,SFN202508150,SFN,"Schmitt, Casey",schmc003,3,1,empty,empty,1,strikeout,5,6,6
2025-08-15,SFN202508150,SFN,"Lee, Jung Hoo",lee-j001,3,2,empty,empty,1,field_out,5,6,6
2025-08-15,SFN202508150,SFN,"Koss, Christian",kossc001,3,0,empty,empty,1,single,6,6,6
2025-08-15,SFN202508150,SFN,"Bailey, Patrick",bailp001,3,0,1B,1B,1,field_out,6,6,6
2025-08-15,SFN202508150,SFN,"Flores, Wilmer",florw001,1,1,2B,2B,1,strikeout,6,6,6
2025-08-15,SFN202508150,SFN,"Ramos, Heliot",ramoh002,4,2,2B,2B,1,strikeout,6,6,6
2025-08-15,SFN202508150,SFN,"Devers, Rafael",dever001,4,0,empty,empty,1,strikeout,7,6,6
2025-08-15,SFN202508150,SFN,"Adames, Willy",adamw002,4,1,empty,empty,1,field_out,7,6,6
2025-08-15,SFN202508150,SFN,"Smith, Dominic",smitd008,4,2,empty,empty,1,field_out,7,6,6
2025-08-15,SFN202508150,SFN,"Schmitt, Casey",schmc003,4,0,empty,empty,1,hit_by_pitch,8,6,6
2025-08-15,SFN202508150,SFN,"Lee, Jung Hoo",lee-j001,4,0,1B,1B,1,single,8,6,6
2025-08-15,SFN202508150,SFN,"Koss, Christian",kossc001,4,0,1B+2B,1B+2B,1,hit_by_pitch,8,6,6
2025-08-15,SFN202508150,SFN,"Bailey, Patrick",bailp001,4,0,1B+2B+3B,1B+2B+3B,1,field_out,8,6,6
2025-08-15,SFN202508150,SFN,"Gilbert, Drew",gilbd001,1,1,1B+2B+3B,1B+2B+3B,1,field_out,8,6,6
2025-08-15,SFN202508150,SFN,"Ramos, Heliot",ramoh002,5,2,1B+2B+3B,1B+2B+3B,1,field_out,8,6,6
2025-08-15,SFN202508150,SFN,"Devers, Rafael",dever001,5,0,empty,empty,1,double,9,6,7
2025-08-15,SFN202508150,SFN,"Adames, Willy",adamw002,5,0,2B,2B,1,field_out,9,6,7
2025-08-15,SFN202508150,SFN,"Smith, Dominic",smitd008,5,1,2B,2B,1,field_out,9,6,7
2025-08-15,SFN202508150,SFN,"Fitzgerald, Tyler",fitzt001,1,2,3B,3B,1,field_out,9,6,7
2025-08-16,SFN202508160,SFN,"Ramos, Heliot",ramoh002,1,0,empty,empty,1,strikeout,1,0,0
2025-08-16,SFN202508160,SFN,"Devers, Rafael",dever001,1,1,empty,empty,1,single,1,0,0
2025-08-16,SFN202508160,SFN,"Adames, Willy",adamw002,1,1,1B,1B,1,grounded_into_double_play,1,0,0
2025-08-16,SFN202508160,SFN,"Smith, Dominic",smitd008,1,0,empty,empty,1,field_out,2,0,0
2025-08-16,SFN202508160,SFN,"Lee, Jung Hoo",lee-j001,1,1,empty,empty,1,field_out,2,0,0
2025-08-16,SFN202508160,SFN,"Koss, Christian",kossc001,1,2,empty,empty,1,double,2,0,0
2025-08-16,SFN202508160,SFN,"Fitzgerald, Tyler",fitzt001,1,2,2B,2B,1,strikeout,2,0,0
2025-08-16,SFN202508160,SFN,"McCray, Grant",mccrg001,1,0,empty,empty,1,strikeout,3,0,0
2025-08-16,SFN202508160,SFN,"Knizner, Andrew",kniza001,1,1,empty,empty,1,field_out,3,0,0
2025-08-16,SFN202508160,SFN,"Ramos, Heliot",ramoh002,2,2,empty,empty,1,field_out,3,0,0
2025-08-16,SFN202508160,SFN,"Devers, Rafael",dever001,2,0,empty,empty,1,strikeout,4,0,0
2025-08-16,SFN202508160,SFN,"Adames, Willy",adamw002,2,1,empty,empty,1,strikeout,4,0,0
2025-08-16,SFN202508160,SFN,"Smith, Dominic",smitd008,2,2,empty,empty,1,single,4,0,0
2025-08-16,SFN202508160,SFN,"Lee, Jung Hoo",lee-j001,2,2,1B,1B,1,single,4,0,0
2025-08-16,SFN202508160,SFN,"Koss, Christian",kossc001,2,2,1B+2B,1B+2B,1,field_out,4,0,0
2025-08-16,SFN202508160,SFN,"Fitzgerald, Tyler",fitzt001,2,0,empty,empty,1,field_out,5,0,0
2025-08-16,SFN202508160,SFN,"McCray, Grant",mccrg001,2,1,empty,empty,1,field_out,5,0,0
2025-08-16,SFN202508160,SFN,"Knizner, Andrew",kniza001,2,2,empty,empty,1,field_error,5,0,0
2025-08-16,SFN202508160,SFN,"Ramos, Heliot",ramoh002,3,2,2B,2B,1,strikeout,5,0,0
2025-08-16,SFN202508160,SFN,"Devers, Rafael",dever001,3,0,empty,empty,1,strikeout,6,0,0
2025-08-16,SFN202508160,SFN,"Adames, Willy",adamw002,3,1,empty,empty,1,single,6,0,0
2025-08-16,SFN202508160,SFN,"Smith, Dominic",smitd008,3,1,1B,2B,0,walk,6,0,0
2025-08-16,SFN202508160,SFN,"Lee, Jung Hoo",lee-j001,3,1,1B+2B,1B+2B,1,field_out,6,0,0
2025-08-16,SFN202508160,SFN,"Koss, Christian",kossc001,3,2,1B+3B,1B+3B,1,single,6,0,0
2025-08-16,SFN202508160,SFN,"Fitzgerald, Tyler",fitzt001,3,2,1B+2B,1B+2B,1,strikeout,6,1,0
2025-08-16,SFN202508160,SFN,"McCray, Grant",mccrg001,3,0,empty,empty,1,strikeout,7,1,0
2025-08-16,SFN202508160,SFN,"Knizner, Andrew",kniza001,3,1,empty,empty,1,field_out,7,1,0
2025-08-16,SFN202508160,SFN,"Ramos, Heliot",ramoh002,4,2,empty,empty,1,field_out,7,1,0
2025-08-16,SFN202508160,SFN,"Devers, Rafael",dever001,4,0,empty,empty,1,strikeout,8,1,2
2025-08-16,SFN202508160,SFN,"Adames, Willy",adamw002,4,1,empty,empty,1,strikeout,8,1,2
2025-08-16,SFN202508160,SFN,"Smith, Dominic",smitd008,4,2,empty,empty,1,field_out,8,1,2
2025-08-16,SFN202508160,SFN,"Lee, Jung Hoo",lee-j001,4,0,empty,empty,1,single,9,1,2
2025-08-16,SFN202508160,SFN,"Koss, Christian",kossc001,4,0,1B,1B,1,strikeout,9,1,2
2025-08-16,SFN202508160,SFN,"Fitzgerald, Tyler",fitzt001,4,1,1B,1B,1,strikeout,9,1,2
2025-08-16,SFN202508160,SFN,"Flores, Wilmer",florw001,1,2,2B,2B,1,strikeout,9,1,2
2025-08-17,SFN202508170,SFN,"Lee, Jung Hoo",lee-j001,1,0,empty,empty,1,double,1,0,0
2025-08-17,SFN202508170,SFN,"Ramos, Heliot",ramoh002,1,0,2B,2B,1,field_out,1,0,0
2025-08-17,SFN202508170,SFN,"Devers, Rafael",dever001,1,1,2B,2B,1,strikeout,1,0,0
2025-08-17,SFN202508170,SFN,"Adames, Willy",adamw002,1,2,2B,2B,1,strikeout,1,0,0
2025-08-17,SFN202508170,SFN,"Smith, Dominic",smitd008,1,0,empty,empty,1,strikeout,2,0,0
2025-08-17,SFN202508170,SFN,"Koss, Christian",kossc001,1,1,empty,empty,1,field_out,2,0,0
2025-08-17,SFN202508170,SFN,"Bailey, Patrick",bailp001,1,2,empty,empty,1,strikeout,2,0,0
2025-08-17,SFN202508170,SFN,"Gilbert, Drew",gilbd001,1,0,empty,empty,1,field_out,3,0,0
2025-08-17,SFN202508170,SFN,"Fitzgerald, Tyler",fitzt001,1,1,empty,empty,1,strikeout,3,0,0
2025-08-17,SFN202508170,SFN,"Lee, Jung Hoo",lee-j001,2,2,empty,empty,1,strikeout,3,0,0
2025-08-17,SFN202508170,SFN,"Ramos, Heliot",ramoh002,2,0,empty,empty,1,walk,4,0,0
2025-08-17,SFN202508170,SFN,"Devers, Rafael",dever001,2,0,1B,2B,0,field_out,4,0,0
2025-08-17,SFN202508170,SFN,"Adames, Willy",adamw002,2,1,2B,2B,1,field_out,4,0,0
2025-08-17,SFN202508170,SFN,"Smith, Dominic",smitd008,2,2,2B,2B,1,strikeout,4,0,0
2025-08-17,SFN202508170,SFN,"Koss, Christian",kossc001,2,0,empty,empty,1,single,5,0,0
2025-08-17,SFN202508170,SFN,"Bailey, Patrick",bailp001,2,1,1B,empty,0,field_out,5,0,0
2025-08-17,SFN202508170,SFN,"Gilbert, Drew",gilbd001,2,2,empty,empty,1,strikeout,5,0,0
2025-08-17,SFN202508170,SFN,"Fitzgerald, Tyler",fitzt001,2,0,empty,empty,1,field_out,6,0,0
2025-08-17,SFN202508170,SFN,"Lee, Jung Hoo",lee-j001,3,1,empty,empty,1,field_out,6,0,0
2025-08-17,SFN202508170,SFN,"Ramos, Heliot",ramoh002,3,2,empty,empty,1,single,6,0,0
2025-08-17,SFN202508170,SFN,"Devers, Rafael",dever001,3,2,1B,1B,1,single,6,0,0
2025-08-17,SFN202508170,SFN,"Adames, Willy",adamw002,3,2,1B+2B,1B+2B,1,walk,6,0,0
2025-08-17,SFN202508170,SFN,"Smith, Dominic",smitd008,3,2,1B+2B+3B,1B+2B+3B,1,single,6,0,0
2025-08-17,SFN202508170,SFN,"Koss, Christian",kossc001,3,2,2B,2B,1,double,6,3,0
2025-08-17,SFN202508170,SFN,"Bailey, Patrick",bailp001,3,2,2B,2B,1,strikeout,6,4,0
2025-08-17,SFN202508170,SFN,"Gilbert, Drew",gilbd001,3,0,empty,empty,1,home_run,7,4,0
2025-08-17,SFN202508170,SFN,"Fitzgerald, Tyler",fitzt001,3,0,empty,empty,1,home_run,7,5,0
2025-08-17,SFN202508170,SFN,"Lee, Jung Hoo",lee-j001,4,0,empty,empty,1,field_out,7,6,0
2025-08-17,SFN202508170,SFN,"Ramos, Heliot",ramoh002,4,1,empty,empty,1,field_out,7,6,0
2025-08-17,SFN202508170,SFN,"Devers, Rafael",dever001,4,2,empty,empty,1,single,7,6,0
2025-08-17,SFN202508170,SFN,"Adames, Willy",adamw002,4,2,1B,1B,1,strikeout,7,6,0
2025-08-17,SFN202508170,SFN,"Smith, Dominic",smitd008,4,0,empty,empty,1,field_out,8,6,1
2025-08-17,SFN202508170,SFN,"Koss, Christian",kossc001,4,1,empty,empty,1,field_out,8,6,1
2025-08-17,SFN202508170,SFN,"Bailey, Patrick",bailp001,4,2,empty,empty,1,single,8,6,1
2025-08-17,SFN202508170,SFN,"Gilbert, Drew",gilbd001,4,2,1B,2B,0,single,8,6,1
2025-08-17,SFN202508170,SFN,"Fitzgerald, Tyler",fitzt001,4,2,1B,1B,1,strikeout,8,7,1
2025-08-18,SDN202508180,SFN,"Ramos, Heliot",ramoh002,1,0,empty,empty,1,home_run,1,0,0
2025-08-18,SDN202508180,SFN,"Devers, Rafael",dever001,1,0,empty,empty,1,home_run,1,1,0
2025-08-18,SDN202508180,SFN,"Adames, Willy",adamw002,1,0,empty,empty,1,field_out,1,2,0
2025-08-18,SDN202508180,SFN,"Schmitt, Casey",schmc003,1,1,empty,empty,1,double,1,2,0
2025-08-18,SDN202508180,SFN,"Flores, Wilmer",florw001,1,1,2B,2B,1,home_run,1,2,0
2025-08-18,SDN202508180,SFN,"Lee, Jung Hoo",lee-j001,1,1,empty,empty,1,field_out,1,4,0
2025-08-18,SDN202508180,SFN,"Koss, Christian",kossc001,1,2,empty,empty,1,field_out,1,4,0
2025-08-18,SDN202508180,SFN,"Fitzgerald, Tyler",fitzt001,1,0,empty,empty,1,single,2,4,0
2025-08-18,SDN202508180,SFN,"Bailey, Patrick",bailp001,1,0,1B,1B,1,walk,2,4,0
2025-08-18,SDN202508180,SFN,"Ramos, Heliot",ramoh002,2,0,1B+2B,1B+2B,1,strikeout,2,4,0
2025-08-18,SDN202508180,SFN,"Devers, Rafael",dever001,2,1,1B+2B,1B+2B,1,strikeout,2,4,0
2025-08-18,SDN202508180,SFN,"Adames, Willy",adamw002,2,2,1B+2B,1B+2B,1,field_out,2,4,0
2025-08-18,SDN202508180,SFN,"Schmitt, Casey",schmc003,2,0,empty,empty,1,strikeout,3,4,0
2025-08-18,SDN202508180,SFN,"Flores, Wilmer",florw001,2,1,empty,empty,1,walk,3,4,0
2025-08-18,SDN202508180,SFN,"Lee, Jung Hoo",lee-j001,2,1,1B,1B,1,single,3,4,0
2025-08-18,SDN202508180,SFN,"Koss, Christian",kossc001,2,1,1B+2B,1B+2B,1,field_out,3,4,0
2025-08-18,SDN202508180,SFN,"Fitzgerald, Tyler",fitzt001,2,2,2B+3B,2B+3B,1,field_out,3,4,0
2025-08-18,SDN202508180,SFN,"Bailey, Patrick",bailp001,2,0,empty,empty,1,field_out,4,4,0
2025-08-18,SDN202508180,SFN,"Ramos, Heliot",ramoh002,3,1,empty,empty,1,strikeout,4,4,0
2025-08-18,SDN202508180,SFN,"Devers, Rafael",dever001,3,2,empty,empty,1,field_out,4,4,0
2025-08-18,SDN202508180,SFN,"Adames, Willy",adamw002,3,0,empty,empty,1,single,5,4,0
2025-08-18,SDN202508180,SFN,"Schmitt, Casey",schmc003,3,1,1B,empty,0,walk,5,4,0
2025-08-18,SDN202508180,SFN,"Flores, Wilmer",florw001,3,1,1B,1B,1,field_out,5,4,0
2025-08-18,SDN202508180,SFN,"Lee, Jung Hoo",lee-j001,3,2,1B,1B,1,field_out,5,4,0
2025-08-18,SDN202508180,SFN,"Koss, Christian",kossc001,3,0,empty,empty,1,field_out,6,4,0
2025-08-18,SDN202508180,SFN,"Fitzgerald, Tyler",fitzt001,3,1,empty,empty,1,strikeout,6,4,0
2025-08-18,SDN202508180,SFN,"Bailey, Patrick",bailp001,3,2,empty,empty,1,walk,6,4,0
2025-08-18,SDN202508180,SFN,"Ramos, Heliot",ramoh002,4,2,1B,1B,1,strikeout,6,4,0
2025-08-18,SDN202508180,SFN,"Devers, Rafael",dever001,4,0,empty,empty,1,walk,7,4,0
2025-08-18,SDN202508180,SFN,"Adames, Willy",adamw002,4,0,1B,1B,1,strikeout,7,4,0
2025-08-18,SDN202508180,SFN,"Schmitt, Casey",schmc003,4,1,1B,1B,1,field_out,7,4,0
2025-08-18,SDN202508180,SFN,"Flores, Wilmer",florw001,4,2,1B,1B,1,strikeout,7,4,0
2025-08-18,SDN202508180,SFN,"Lee, Jung Hoo",lee-j001,4,0,empty,empty,1,field_out,8,4,3
2025-08-18,SDN202508180,SFN,"Koss, Christian",kossc001,4,1,empty,empty,1,field_out,8,4,3
2025-08-18,SDN202508180,SFN,"Fitzgerald, Tyler",fitzt001,4,2,empty,empty,1,walk,8,4,3
2025-08-18,SDN202508180,SFN,"Bailey, Patrick",bailp001,4,2,1B,1B,1,strikeout,8,4,3
2025-08-18,SDN202508180,SFN,"Ramos, Heliot",ramoh002,5,0,empty,empty,1,single,9,4,3
2025-08-18,SDN202508180,SFN,"Devers, Rafael",dever001,5,0,1B,1B,1,field_out,9,4,3
2025-08-18,SDN202508180,SFN,"Adames, Willy",adamw002,5,1,1B,1B,1,strikeout,9,4,3
2025-08-18,SDN202508180,SFN,"Schmitt, Casey",schmc003,5,2,1B,1B,1,field_out,9,4,3
2025-08-19,SDN202508190,SFN,"Lee, Jung Hoo",lee-j001,1,0,empty,empty,1,home_run,1,0,0
2025-08-19,SDN202508190,SFN,"Ramos, Heliot",ramoh002,1,0,empty,empty,1,strikeout,1,1,0
2025-08-19,SDN202508190,SFN,"Devers, Rafael",dever001,1,1,empty,empty,1,walk,1,1,0
2025-08-19,SDN202508190,SFN,"Schmitt, Casey",schmc003,1,1,1B,1B,1,field_out,1,1,0
2025-08-19,SDN202508190,SFN,"Smith, Dominic",smitd008,1,2,1B,1B,1,walk,1,1,0
2025-08-19,SDN202508190,SFN,"Koss, Christian",kossc001,1,2,1B+2B,1B+2B,1,field_out,1,1,0
2025-08-19,SDN202508190,SFN,"Bailey, Patrick",bailp001,1,0,empty,empty,1,field_out,2,1,1
2025-08-19,SDN202508190,SFN,"Gilbert, Drew",gilbd001,1,1,empty,empty,1,field_out,2,1,1
2025-08-19,SDN202508190,SFN,"Fitzgerald, Tyler",fitzt001,1,2,empty,empty,1,strikeout,2,1,1
2025-08-19,SDN202508190,SFN,"Lee, Jung Hoo",lee-j001,2,0,empty,empty,1,strikeout,3,1,1
2025-08-19,SDN202508190,SFN,"Ramos, Heliot",ramoh002,2,1,empty,empty,1,hit_by_pitch,3,1,1
2025-08-19,SDN202508190,SFN,"Devers, Rafael",dever001,2,1,1B,1B,1,strikeout,3,1,1
2025-08-19,SDN202508190,SFN,"Schmitt, Casey",schmc003,2,2,1B,1B,1,strikeout,3,1,1
2025-08-19,SDN202508190,SFN,"Smith, Dominic",smitd008,2,0,empty,empty,1,single,4,1,1
2025-08-19,SDN202508190,SFN,"Koss, Christian",kossc001,2,0,1B,1B,1,strikeout,4,1,1
2025-08-19,SDN202508190,SFN,"Bailey, Patrick",bailp001,2,1,1B,1B,1,strikeout,4,1,1
2025-08-19,SDN202508190,SFN,"Gilbert, Drew",gilbd001,2,2,1B,1B,1,strikeout,4,1,1
2025-08-19,SDN202508190,SFN,"Fitzgerald, Tyler",fitzt001,2,0,empty,empty,1,field_out,5,1,3
2025-08-19,SDN202508190,SFN,"Lee, Jung Hoo",lee-j001,3,1,empty,empty,1,double,5,1,3
2025-08-19,SDN202508190,SFN,"Ramos, Heliot",ramoh002,3,1,2B,2B,1,field_out,5,1,3
2025-08-19,SDN202508190,SFN,"Devers, Rafael",dever001,3,2,3B,3B,1,field_out,5,1,3
2025-08-19,SDN202508190,SFN,"Schmitt, Casey",schmc003,3,0,empty,empty,1,strikeout,6,1,4
2025-08-19,SDN202508190,SFN,"Smith, Dominic",smitd008,3,1,empty,empty,1,field_out,6,1,4
2025-08-19,SDN202508190,SFN,"Koss, Christian",kossc001,3,2,empty,empty,1,strikeout,6,1,4
2025-08-19,SDN202508190,SFN,"Bailey, Patrick",bailp001,3,0,empty,empty,1,field_out,7,1,5
2025-08-19,SDN202508190,SFN,"Flores, Wilmer",florw001,1,1,empty,empty,1,single,7,1,5
2025-08-19,SDN202508190,SFN,"Fitzgerald, Tyler",fitzt001,3,1,1B,1B,1,strikeout,7,1,5
2025-08-19,SDN202508190,SFN,"Lee, Jung Hoo",lee-j001,4,2,1B,1B,1,field_out,7,1,5
2025-08-19,SDN202508190,SFN,"Ramos, Heliot",ramoh002,4,0,empty,empty,1,field_out,8,1,5
2025-08-19,SDN202508190,SFN,"Devers, Rafael",dever001,4,1,empty,empty,1,field_out,8,1,5
2025-08-19,SDN202508190,SFN,"Schmitt, Casey",schmc003,4,2,empty,empty,1,strikeout,8,1,5
2025-08-19,SDN202508190,SFN,"Smith, Dominic",smitd008,4,0,empty,empty,1,field_out,9,1,5
2025-08-19,SDN202508190,SFN,"Koss, Christian",kossc001,4,1,empty,empty,1,field_out,9,1,5
2025-08-19,SDN202508190,SFN,"Bailey, Patrick",bailp001,4,2,empty,empty,1,field_out,9,1,5
2025-08-20,SDN202508200,SFN,"Ramos, Heliot",ramoh002,1,0,empty,empty,1,strikeout,1,0,0
2025-08-20,SDN202508200,SFN,"Devers, Rafael",dever001,1,1,empty,empty,1,field_out,1,0,0
2025-08-20,SDN202508200,SFN,"Adames, Willy",adamw002,1,2,empty,empty,1,field_out,1,0,0
2025-08-20,SDN202508200,SFN,"Flores, Wilmer",florw001,1,0,empty,empty,1,field_out,2,0,1
2025-08-20,SDN202508200,SFN,"Schmitt, Casey",schmc003,1,1,empty,empty,1,field_out,2,0,1
2025-08-20,SDN202508200,SFN,"Lee, Jung Hoo",lee-j001,1,2,empty,empty,1,single,2,0,1
2025-08-20,SDN202508200,SFN,"Koss, Christian",kossc001,1,2,1B,1B,1,single,2,0,1
2025-08-20,SDN202508200,SFN,"Fitzgerald, Tyler",fitzt001,1,2,1B+3B,1B+3B,1,walk,2,0,1
2025-08-20,SDN202508200,SFN,"Bailey, Patrick",bailp001,1,2,1B+2B+3B,1B+2B+3B,1,field_out,2,0,1
2025-08-20,SDN202508200,SFN,"Ramos, Heliot",ramoh002,2,0,empty,empty,1,field_out,3,0,2
2025-08-20,SDN202508200,SFN,"Devers, Rafael",dever001,2,1,empty,empty,1,field_out,3,0,2
2025-08-20,SDN202508200,SFN,"Adames, Willy",adamw002,2,2,empty,empty,1,field_out,3,0,2
2025-08-20,SDN202508200,SFN,"Flores, Wilmer",florw001,2,0,empty,empty,1,field_out,4,0,6
2025-08-20,SDN202508200,SFN,"Schmitt, Casey",schmc003,2,1,empty,empty,1,home_run,4,0,6
2025-08-20,SDN202508200,SFN,"Lee, Jung Hoo",lee-j001,2,1,empty,empty,1,strikeout,4,1,6
2025-08-20,SDN202508200,SFN,"Koss, Christian",kossc001,2,2,empty,empty,1,field_out,4,1,6
2025-08-20,SDN202508200,SFN,"Fitzgerald, Tyler",fitzt001,2,0,empty,empty,1,field_out,5,1,6
2025-08-20,SDN202508200,SFN,"Bailey, Patrick",bailp001,2,1,empty,empty,1,field_out,5,1,6
2025-08-20,SDN202508200,SFN,"Ramos, Heliot",ramoh002,3,2,empty,empty,1,double,5,1,6
2025-08-20,SDN202508200,SFN,"Devers, Rafael",dever001,3,2,2B,2B,1,field_out,5,1,6
2025-08-20,SDN202508200,SFN,"Adames, Willy",adamw002,3,0,empty,empty,1,field_out,6,1,6
2025-08-20,SDN202508200,SFN,"Flores, Wilmer",florw001,3,1,empty,empty,1,field_out,6,1,6
2025-08-20,SDN202508200,SFN,"Schmitt, Casey",schmc003,3,2,empty,empty,1,field_out,6,1,6
2025-08-20,SDN202508200,SFN,"Lee, Jung Hoo",lee-j001,3,0,empty,empty,1,strikeout,7,1,6
2025-08-20,SDN202508200,SFN,"Koss, Christian",kossc001,3,1,empty,empty,1,strikeout,7,1,6
2025-08-20,SDN202508200,SFN,"Fitzgerald, Tyler",fitzt001,3,2,empty,empty,1,field_out,7,1,6
2025-08-20,SDN202508200,SFN,"Bailey, Patrick",bailp001,3,0,empty,empty,1,strikeout,8,1,7
2025-08-20,SDN202508200,SFN,"Ramos, Heliot",ramoh002,4,1,empty,empty,1,field_out,8,1,7
2025-08-20,SDN202508200,SFN,"Devers, Rafael",dever001,4,2,empty,empty,1,walk,8,1,7
2025-08-20,SDN202508200,SFN,"Adames, Willy",adamw002,4,2,1B,1B,1,walk,8,1,7
2025-08-20,SDN202508200,SFN,"Flores, Wilmer",florw001,4,2,1B+2B,1B+2B,1,field_out,8,1,7
2025-08-20,SDN202508200,SFN,"Schmitt, Casey",schmc003,4,0,empty,empty,1,field_out,9,1,8
2025-08-20,SDN202508200,SFN,"Lee, Jung Hoo",lee-j001,4,1,empty,empty,1,field_out,9,1,8
2025-08-20,SDN202508200,SFN,"Koss, Christian",kossc001,4,2,empty,empty,1,strikeout,9,1,8
2025-08-21,SDN202508210,SFN,"Lee, Jung Hoo",lee-j001,1,0,empty,empty,1,single,1,0,0
2025-08-21,SDN202508210,SFN,"Ramos, Heliot",ramoh002,1,0,1B,1B,1,grounded_into_double_play,1,0,0
2025-08-21,SDN202508210,SFN,"Devers, Rafael",dever001,1,2,empty,empty,1,field_out,1,0,0
2025-08-21,SDN202508210,SFN,"Adames, Willy",adamw002,1,0,empty,empty,1,walk,2,0,0
2025-08-21,SDN202508210,SFN,"Smith, Dominic",smitd008,1,0,1B,1B,1,strikeout,2,0,0
2025-08-21,SDN202508210,SFN,"Schmitt, Casey",schmc003,1,1,1B,1B,1,field_out,2,0,0
2025-08-21,SDN202508210,SFN,"Koss, Christian",kossc001,1,2,1B,1B,1,strikeout,2,0,0
2025-08-21,SDN202508210,SFN,"Matos, Luis",matol002,1,0,empty,empty,1,triple,3,0,0
2025-08-21,SDN202508210,SFN,"Knizner, Andrew",kniza001,1,0,3B,3B,1,double,3,0,0
2025-08-21,SDN202508210,SFN,"Lee, Jung Hoo",lee-j001,2,0,2B,2B,1,field_error,3,1,0
2025-08-21,SDN202508210,SFN,"Ramos, Heliot",ramoh002,2,0,1B+3B,1B+3B,1,grounded_into_double_play,3,1,0
2025-08-21,SDN202508210,SFN,"Devers, Rafael",dever001,2,2,empty,empty,1,field_out,3,2,0
2025-08-21,SDN202508210,SFN,"Adames, Willy",adamw002,2,0,empty,empty,1,strikeout,4,2,0
2025-08-21,SDN202508210,SFN,"Smith, Dominic",smitd008,2,1,empty,empty,1,strikeout,4,2,0
2025-08-21,SDN202508210,SFN,"Schmitt, Casey",schmc003,2,2,empty,empty,1,single,4,2,0
2025-08-21,SDN202508210,SFN,"Koss, Christian",kossc001,2,2,1B,1B,1,strikeout,4,2,0
2025-08-21,SDN202508210,SFN,"Matos, Luis",matol002,2,0,empty,empty,1,strikeout,5,2,2
2025-08-21,SDN202508210,SFN,"Knizner, Andrew",kniza001,2,1,empty,empty,1,field_out,5,2,2
2025-08-21,SDN202508210,SFN,"Lee, Jung Hoo",lee-j001,3,2,empty,empty,1,walk,5,2,2
2025-08-21,SDN202508210,SFN,"Ramos, Heliot",ramoh002,3,2,1B,1B,1,strikeout,5,2,2
2025-08-21,SDN202508210,SFN,"Devers, Rafael",dever001,3,0,empty,empty,1,home_run,6,2,8
2025-08-21,SDN202508210,SFN,"Adames, Willy",adamw002,3,0,empty,empty,1,home_run,6,3,8
2025-08-21,SDN202508210,SFN,"Smith, Dominic",smitd008,3,0,empty,empty,1,field_out,6,4,8
2025-08-21,SDN202508210,SFN,"Schmitt, Casey",schmc003,3,1,empty,empty,1,walk,6,4,8
2025-08-21,SDN202508210,SFN,"Koss, Christian",kossc001,3,1,1B,1B,1,grounded_into_double_play,6,4,8
2025-08-21,SDN202508210,SFN,"Matos, Luis",matol002,3,0,empty,empty,1,double,7,4,8
2025-08-21,SDN202508210,SFN,"Knizner, Andrew",kniza001,3,0,2B,2B,1,strikeout,7,4,8
2025-08-21,SDN202508210,SFN,"Lee, Jung Hoo",lee-j001,4,1,2B,2B,1,field_out,7,4,8
2025-08-21,SDN202508210,SFN,"Ramos, Heliot",ramoh002,4,2,2B,2B,1,field_out,7,4,8
2025-08-21,SDN202508210,SFN,"Devers, Rafael",dever001,4,0,empty,empty,1,field_out,8,4,8
2025-08-21,SDN202508210,SFN,"Adames, Willy",adamw002,4,1,empty,empty,1,walk,8,4,8
2025-08-21,SDN202508210,SFN,"Flores, Wilmer",florw001,1,1,1B,1B,1,strikeout,8,4,8
2025-08-21,SDN202508210,SFN,"Schmitt, Casey",schmc003,4,2,1B,1B,1,field_out,8,4,8
2025-08-21,SDN202508210,SFN,"Koss, Christian",kossc001,4,0,empty,empty,1,strikeout,9,4,8
2025-08-21,SDN202508210,SFN,"Matos, Luis",matol002,4,1,empty,empty,1,field_out,9,4,8
2025-08-21,SDN202508210,SFN,"Bailey, Patrick",bailp001,1,2,empty,empty,1,strikeout,9,4,8
2025-08-22,MIL202508220,SFN,"Ramos, Heliot",ramoh002,1,0,empty,empty,1,field_out,1,0,0
2025-08-22,MIL202508220,SFN,"Devers, Rafael",dever001,1,1,empty,empty,1,field_out,1,0,0
2025-08-22,MIL202508220,SFN,"Adames, Willy",adamw002,1,2,empty,empty,1,home_run,1,0,0
2025-08-22,MIL202508220,SFN,"Flores, Wilmer",florw001,1,2,empty,empty,1,field_out,1,1,0
2025-08-22,MIL202508220,SFN,"Schmitt, Casey",schmc003,1,0,empty,empty,1,field_out,2,1,0
2025-08-22,MIL202508220,SFN,"Lee, Jung Hoo",lee-j001,1,1,empty,empty,1,field_out,2,1,0
2025-08-22,MIL202508220,SFN,"Matos, Luis",matol002,1,2,empty,empty,1,home_run,2,1,0
2025-08-22,MIL202508220,SFN,"Koss, Christian",kossc001,1,2,empty,empty,1,walk,2,2,0
2025-08-22,MIL202508220,SFN,"Bailey, Patrick",bailp001,1,2,1B,1B,1,strikeout,2,2,0
2025-08-22,MIL202508220,SFN,"Ramos, Heliot",ramoh002,2,0,empty,empty,1,field_out,3,2,0
2025-08-22,MIL202508220,SFN,"Devers, Rafael",dever001,2,1,empty,empty,1,field_out,3,2,0
2025-08-22,MIL202508220,SFN,"Adames, Willy",adamw002,2,2,empty,empty,1,field_out,3,2,0
2025-08-22,MIL202508220,SFN,"Flores, Wilmer",florw001,2,0,empty,empty,1,field_out,4,2,0
2025-08-22,MIL202508220,SFN,"Schmitt, Casey",schmc003,2,1,empty,empty,1,field_out,4,2,0
2025-08-22,MIL202508220,SFN,"Lee, Jung Hoo",lee-j001,2,2,empty,empty,1,field_out,4,2,0
2025-08-22,MIL202508220,SFN,"Matos, Luis",matol002,2,0,empty,empty,1,field_out,5,2,2
2025-08-22,MIL202508220,SFN,"Koss, Christian",kossc001,2,1,empty,empty,1,strikeout,5,2,2
2025-08-22,MIL202508220,SFN,"Bailey, Patrick",bailp001,2,2,empty,empty,1,field_out,5,2,2
2025-08-22,MIL202508220,SFN,"Ramos, Heliot",ramoh002,3,0,empty,empty,1,field_out,6,2,2
2025-08-22,MIL202508220,SFN,"Devers, Rafael",dever001,3,1,empty,empty,1,walk,6,2,2
2025-08-22,MIL202508220,SFN,"Adames, Willy",adamw002,3,1,1B,1B,1,strikeout,6,2,2
2025-08-22,MIL202508220,SFN,"Flores, Wilmer",florw001,3,2,1B,1B,1,hit_by_pitch,6,2,2
2025-08-22,MIL202508220,SFN,"Schmitt, Casey",schmc003,3,2,1B+2B,1B+2B,1,walk,6,2,2
2025-08-22,MIL202508220,SFN,"Lee, Jung Hoo",lee-j001,3,2,1B+2B+3B,1B+2B+3B,1,strikeout,6,2,2
2025-08-22,MIL202508220,SFN,"Matos, Luis",matol002,3,0,empty,empty,1,walk,7,2,2
2025-08-22,MIL202508220,SFN,"Koss, Christian",kossc001,3,0,1B,1B,1,strikeout_double_play,7,2,2
2025-08-22,MIL202508220,SFN,"Bailey, Patrick",bailp001,3,2,empty,empty,1,field_out,7,2,2
2025-08-22,MIL202508220,SFN,"Ramos, Heliot",ramoh002,4,0,empty,empty,1,field_out,8,2,4
2025-08-22,MIL202508220,SFN,"Devers, Rafael",dever001,4,1,empty,empty,1,field_out,8,2,4
2025-08-22,MIL202508220,SFN,"Adames, Willy",adamw002,4,2,empty,empty,1,home_run,8,2,4
2025-08-22,MIL202508220,SFN,"Flores, Wilmer",florw001,4,2,empty,empty,1,field_out,8,3,4
2025-08-22,MIL202508220,SFN,"Schmitt, Casey",schmc003,4,0,empty,empty,1,strikeout,9,3,4
2025-08-22,MIL202508220,SFN,"Lee, Jung Hoo",lee-j001,4,1,empty,empty,1,field_out,9,3,4
2025-08-22,MIL202508220,SFN,"Matos, Luis",matol002,4,2,empty,empty,1,double,9,3,4
2025-08-22,MIL202508220,SFN,"Smith, Dominic",smitd008,1,2,2B,2B,1,single,9,3,4
2025-08-22,MIL202508220,SFN,"Bailey, Patrick",bailp001,4,2,1B+3B,2B,0,strikeout,9,4,4
2025-08-23,MIL202508230,SFN,"Lee, Jung Hoo",lee-j001,1,0,empty,empty,1,field_out,1,0,0
2025-08-23,MIL202508230,SFN,"Devers, Rafael",dever001,1,1,empty,empty,1,strikeout,1,0,0
2025-08-23,MIL202508230,SFN,"Adames, Willy",adamw002,1,2,empty,empty,1,walk,1,0,0
2025-08-23,MIL202508230,SFN,"Smith, Dominic",smitd008,1,2,1B,1B,1,field_out,1,0,0
2025-08-23,MIL202508230,SFN,"Schmitt, Casey",schmc003,1,0,empty,empty,1,field_out,2,0,0
2025-08-23,MIL202508230,SFN,"Chapman, Matt",chapm001,1,1,empty,empty,1,walk,2,0,0
2025-08-23,MIL202508230,SFN,"Matos, Luis",matol002,1,1,1B,1B,1,walk,2,0,0
2025-08-23,MIL202508230,SFN,"Bailey, Patrick",bailp001,1,1,1B+2B,1B+2B,1,strikeout,2,0,0
2025-08-23,MIL202508230,SFN,"Gilbert, Drew",gilbd001,1,2,1B+2B,1B+2B,1,strikeout,2,0,0
2025-08-23,MIL202508230,SFN,"Lee, Jung Hoo",lee-j001,2,0,empty,empty,1,field_out,3,0,1
2025-08-23,MIL202508230,SFN,"Devers, Rafael",dever001,2,1,empty,empty,1,walk,3,0,1
2025-08-23,MIL202508230,SFN,"Adames, Willy",adamw002,2,1,1B,1B,1,strikeout,3,0,1
2025-08-23,MIL202508230,SFN,"Smith, Dominic",smitd008,2,2,1B,1B,1,strikeout,3,0,1
2025-08-23,MIL202508230,SFN,"Schmitt, Casey",schmc003,2,0,empty,empty,1,field_out,4,0,1
2025-08-23,MIL202508230,SFN,"Chapman, Matt",chapm001,2,1,empty,empty,1,field_out,4,0,1
2025-08-23,MIL202508230,SFN,"Matos, Luis",matol002,2,2,empty,empty,1,single,4,0,1
2025-08-23,MIL202508230,SFN,"Bailey, Patrick",bailp001,2,2,1B,1B,1,strikeout,4,0,1
2025-08-23,MIL202508230,SFN,"Gilbert, Drew",gilbd001,2,0,empty,empty,1,field_out,5,0,1
2025-08-23,MIL202508230,SFN,"Lee, Jung Hoo",lee-j001,3,1,empty,empty,1,single,5,0,1
2025-08-23,MIL202508230,SFN,"Devers, Rafael",dever001,3,1,1B,1B,1,grounded_into_double_play,5,0,1
2025-08-23,MIL202508230,SFN,"Adames, Willy",adamw002,3,0,empty,empty,1,field_error,6,0,1
2025-08-23,MIL202508230,SFN,"Smith, Dominic",smitd008,3,0,1B,1B,1,single,6,0,1
2025-08-23,MIL202508230,SFN,"Schmitt, Casey",schmc003,3,0,1B+2B,1B+2B,1,double,6,0,1
2025-08-23,MIL202508230,SFN,"Chapman, Matt",chapm001,3,0,2B+3B,2B+3B,1,strikeout,6,1,1
2025-08-23,MIL202508230,SFN,"Matos, Luis",matol002,3,1,2B+3B,2B+3B,1,fielders_choice,6,1,1
2025-08-23,MIL202508230,SFN,"Bailey, Patrick",bailp001,3,1,1B,2B,0,single,6,3,1
2025-08-23,MIL202508230,SFN,"Gilbert, Drew",gilbd001,3,1,1B+3B,1B+3B,1,fielders_choice_out,6,3,1
2025-08-23,MIL202508230,SFN,"Lee, Jung Hoo",lee-j001,4,2,1B+2B,1B+2B,1,field_out,6,3,1
2025-08-23,MIL202508230,SFN,"Devers, Rafael",dever001,4,0,empty,empty,1,single,7,3,1
2025-08-23,MIL202508230,SFN,"Adames, Willy",adamw002,4,0,1B,1B,1,field_out,7,3,1
2025-08-23,MIL202508230,SFN,"Smith, Dominic",smitd008,4,1,1B,1B,1,double,7,3,1
2025-08-23,MIL202508230,SFN,"Schmitt, Casey",schmc003,4,1,2B+3B,2B+3B,1,home_run,7,3,1
2025-08-23,MIL202508230,SFN,"Chapman, Matt",chapm001,4,1,empty,empty,1,walk,7,6,1
2025-08-23,MIL202508230,SFN,"Matos, Luis",matol002,4,1,1B,2B,0,field_out,7,6,1
2025-08-23,MIL202508230,SFN,"Bailey, Patrick",bailp001,4,2,3B,3B,1,single,7,6,1
2025-08-23,MIL202508230,SFN,"Gilbert, Drew",gilbd001,4,2,1B,1B,1,field_out,7,7,1
2025-08-23,MIL202508230,SFN,"Lee, Jung Hoo",lee-j001,5,0,empty,empty,1,field_out,8,7,1
2025-08-23,MIL202508230,SFN,"Devers, Rafael",dever001,5,1,empty,empty,1,strikeout,8,7,1
2025-08-23,MIL202508230,SFN,"Adames, Willy",adamw002,5,2,empty,empty,1,field_out,8,7,1
2025-08-23,MIL202508230,SFN,"Smith, Dominic",smitd008,5,0,empty,empty,1,field_out,9,7,1
2025-08-23,MIL202508230,SFN,"Schmitt, Casey",schmc003,5,1,empty,empty,1,walk,9,7,1
2025-08-23,MIL202508230,SFN,"Chapman, Matt",chapm001,5,1,1B,1B,1,strikeout,9,7,1
2025-08-23,MIL202508230,SFN,"Matos, Luis",matol002,5,2,1B,1B,1,single,9,7,1
2025-08-23,MIL202508230,SFN,"Bailey, Patrick",bailp001,5,2,1B+2B,1B+2B,1,strikeout,9,7,1
2025-08-24,MIL202508240,SFN,"Lee, Jung Hoo",lee-j001,1,0,empty,empty,1,strikeout,1,0,0
2025-08-24,MIL202508240,SFN,"Ramos, Heliot",ramoh002,1,1,empty,empty,1,strikeout,1,0,0
2025-08-24,MIL202508240,SFN,"Adames, Willy",adamw002,1,2,empty,empty,1,walk,1,0,0
2025-08-24,MIL202508240,SFN,"Smith, Dominic",smitd008,1,2,1B,1B,1,strikeout,1,0,0
2025-08-24,MIL202508240,SFN,"Schmitt, Casey",schmc003,1,0,empty,empty,1,field_out,2,0,0
2025-08-24,MIL202508240,SFN,"Chapman, Matt",chapm001,1,1,empty,empty,1,strikeout,2,0,0
2025-08-24,MIL202508240,SFN,"Flores, Wilmer",florw001,1,2,empty,empty,1,single,2,0,0
2025-08-24,MIL202508240,SFN,"Matos, Luis",matol002,1,2,1B,1B,1,home_run,2,0,0
2025-08-24,MIL202508240,SFN,"Knizner, Andrew",kniza001,1,2,empty,empty,1,single,2,2,0
2025-08-24,MIL202508240,SFN,"Lee, Jung Hoo",lee-j001,2,2,1B,1B,1,field_out,2,2,0
2025-08-24,MIL202508240,SFN,"Ramos, Heliot",ramoh002,2,0,empty,empty,1,field_out,3,2,1
2025-08-24,MIL202508240,SFN,"Adames, Willy",adamw002,2,1,empty,empty,1,walk,3,2,1
2025-08-24,MIL202508240,SFN,"Smith, Dominic",smitd008,2,1,1B,1B,1,field_out,3,2,1
2025-08-24,MIL202508240,SFN,"Schmitt, Casey",schmc003,2,2,1B,1B,1,field_out,3,2,1
2025-08-24,MIL202508240,SFN,"Chapman, Matt",chapm001,2,0,empty,empty,1,strikeout,4,2,2
2025-08-24,MIL202508240,SFN,"Flores, Wilmer",florw001,2,1,empty,empty,1,field_out,4,2,2
2025-08-24,MIL202508240,SFN,"Matos, Luis",matol002,2,2,empty,empty,1,strikeout,4,2,2
2025-08-24,MIL202508240,SFN,"Knizner, Andrew",kniza001,2,0,empty,empty,1,field_out,5,2,2
2025-08-24,MIL202508240,SFN,"Lee, Jung Hoo",lee-j001,3,1,empty,empty,1,field_out,5,2,2
2025-08-24,MIL202508240,SFN,"Ramos, Heliot",ramoh002,3,2,empty,empty,1,field_out,5,2,2
2025-08-24,MIL202508240,SFN,"Adames, Willy",adamw002,3,0,empty,empty,1,single,6,2,3
2025-08-24,MIL202508240,SFN,"Smith, Dominic",smitd008,3,0,1B,2B,0,strikeout,6,2,3
2025-08-24,MIL202508240,SFN,"Schmitt, Casey",schmc003,3,1,2B,2B,1,strikeout,6,2,3
2025-08-24,MIL202508240,SFN,"Chapman, Matt",chapm001,3,2,2B,2B,1,strikeout,6,2,3
2025-08-24,MIL202508240,SFN,"Flores, Wilmer",florw001,3,0,empty,empty,1,field_out,7,2,3
2025-08-24,MIL202508240,SFN,"Matos, Luis",matol002,3,1,empty,empty,1,strikeout,7,2,3
2025-08-24,MIL202508240,SFN,"Knizner, Andrew",kniza001,3,2,empty,empty,1,field_out,7,2,3
2025-08-24,MIL202508240,SFN,"Lee, Jung Hoo",lee-j001,4,0,empty,empty,1,single,8,2,3
2025-08-24,MIL202508240,SFN,"Ramos, Heliot",ramoh002,4,0,1B,1B,1,strikeout,8,2,3
2025-08-24,MIL202508240,SFN,"Adames, Willy",adamw002,4,1,1B,1B,1,single,8,2,3
2025-08-24,MIL202508240,SFN,"Smith, Dominic",smitd008,4,1,1B+2B,1B+2B,1,strikeout,8,2,3
2025-08-24,MIL202508240,SFN,"Schmitt, Casey",schmc003,4,2,1B+2B,1B+2B,1,field_out,8,2,3
2025-08-24,MIL202508240,SFN,"Chapman, Matt",chapm001,4,0,empty,empty,1,double,9,2,3
2025-08-24,MIL202508240,SFN,"Flores, Wilmer",florw001,4,0,2B,2B,1,strikeout,9,2,3
2025-08-24,MIL202508240,SFN,"Matos, Luis",matol002,4,1,2B,2B,1,single,9,2,3
2025-08-24,MIL202508240,SFN,"Devers, Rafael",dever001,1,1,1B+3B,1B+3B,1,strikeout,9,2,3
2025-08-24,MIL202508240,SFN,"Lee, Jung Hoo",lee-j001,5,2,1B+3B,1B+3B,1,walk,9,2,3
2025-08-24,MIL202508240,SFN,"Ramos, Heliot",ramoh002,5,2,1B+2B+3B,1B+2B+3B,1,single,9,2,3
2025-08-24,MIL202508240,SFN,"Adames, Willy",adamw002,5,2,2B+3B,2B+3B,1,field_out,9,4,3
2025-08-26,SFN202508260,SFN,"Ramos, Heliot",ramoh002,1,0,empty,empty,1,walk,1,0,0
2025-08-26,SFN202508260,SFN,"Devers, Rafael",dever001,1,0,1B,1B,1,grounded_into_double_play,1,0,0
2025-08-26,SFN202508260,SFN,"Adames, Willy",adamw002,1,2,empty,empty,1,strikeout,1,0,0
2025-08-26,SFN202508260,SFN,"Schmitt, Casey",schmc003,1,0,empty,empty,1,strikeout,2,0,0
2025-08-26,SFN202508260,SFN,"Flores, Wilmer",florw001,1,1,empty,empty,1,home_run,2,0,0
2025-08-26,SFN202508260,SFN,"Chapman, Matt",chapm001,1,1,empty,empty,1,walk,2,1,0
2025-08-26,SFN202508260,SFN,"Matos, Luis",matol002,1,1,1B,1B,1,field_out,2,1,0
2025-08-26,SFN202508260,SFN,"Bailey, Patrick",bailp001,1,2,1B,2B,0,strikeout,2,1,0
2025-08-26,SFN202508260,SFN,"Gilbert, Drew",gilbd001,1,0,empty,empty,1,field_out,3,1,0
2025-08-26,SFN202508260,SFN,"Ramos, Heliot",ramoh002,2,1,empty,empty,1,single,3,1,0
2025-08-26,SFN202508260,SFN,"Devers, Rafael",dever001,2,1,1B,1B,1,strikeout,3,1,0
2025-08-26,SFN202508260,SFN,"Adames, Willy",adamw002,2,2,1B,1B,1,strikeout,3,1,0
2025-08-26,SFN202508260,SFN,"Schmitt, Casey",schmc003,2,0,empty,empty,1,strikeout,4,1,1
2025-08-26,SFN202508260,SFN,"Flores, Wilmer",florw001,2,1,empty,empty,1,strikeout,4,1,1
2025-08-26,SFN202508260,SFN,"Chapman, Matt",chapm001,2,2,empty,empty,1,field_out,4,1,1
2025-08-26,SFN202508260,SFN,"Matos, Luis",matol002,2,0,empty,empty,1,double,5,1,2
2025-08-26,SFN202508260,SFN,"Bailey, Patrick",bailp001,2,0,2B,2B,1,field_out,5,1,2
2025-08-26,SFN202508260,SFN,"Gilbert, Drew",gilbd001,2,1,2B,2B,1,strikeout,5,1,2
2025-08-26,SFN202508260,SFN,"Ramos, Heliot",ramoh002,3,2,2B,2B,1,double,5,1,2
2025-08-26,SFN202508260,SFN,"Devers, Rafael",dever001,3,2,2B,2B,1,single,5,2,2
2025-08-26,SFN202508260,SFN,"Adames, Willy",adamw002,3,2,1B,1B,1,field_out,5,3,2
2025-08-26,SFN202508260,SFN,"Schmitt, Casey",schmc003,3,0,empty,empty,1,field_out,6,3,2
2025-08-26,SFN202508260,SFN,"Flores, Wilmer",florw001,3,1,empty,empty,1,walk,6,3,2
2025-08-26,SFN202508260,SFN,"Chapman, Matt",chapm001,3,1,1B,1B,1,home_run,6,3,2
2025-08-26,SFN202508260,SFN,"Matos, Luis",matol002,3,1,empty,empty,1,field_out,6,5,2
2025-08-26,SFN202508260,SFN,"Bailey, Patrick",bailp001,3,2,empty,empty,1,field_out,6,5,2
2025-08-26,SFN202508260,SFN,"Gilbert, Drew",gilbd001,3,0,empty,empty,1,strikeout,7,5,2
2025-08-26,SFN202508260,SFN,"Ramos, Heliot",ramoh002,4,1,empty,empty,1,single,7,5,2
2025-08-26,SFN202508260,SFN,"Devers, Rafael",dever001,4,1,1B,1B,1,field_out,7,5,2
2025-08-26,SFN202508260,SFN,"Adames, Willy",adamw002,4,2,2B,2B,1,strikeout,7,5,2
2025-08-26,SFN202508260,SFN,"Schmitt, Casey",schmc003,4,0,empty,empty,1,field_out,8,5,2
2025-08-26,SFN202508260,SFN,"Flores, Wilmer",florw001,4,1,empty,empty,1,field_out,8,5,2
2025-08-26,SFN202508260,SFN,"Chapman, Matt",chapm001,4,2,empty,empty,1,field_out,8,5,2
2025-08-27,SFN202508270,SFN,"Ramos, Heliot",ramoh002,1,0,empty,empty,1,field_out,1,0,0
2025-08-27,SFN202508270,SFN,"Devers, Rafael",dever001,1,1,empty,empty,1,home_run,1,0,0
2025-08-27,SFN202508270,SFN,"Adames, Willy",adamw002,1,1,empty,empty,1,field_out,1,1,0
2025-08-27,SFN202508270,SFN,"Smith, Dominic",smitd008,1,2,empty,empty,1,field_out,1,1,0
2025-08-27,SFN202508270,SFN,"Chapman, Matt",chapm001,1,0,empty,empty,1,single,2,1,3
2025-08-27,SFN202508270,SFN,"Schmitt, Casey",schmc003,1,0,1B,1B,1,field_out,2,1,3
2025-08-27,SFN202508270,SFN,"Lee, Jung Hoo",lee-j001,1,1,1B,1B,1,field_out,2,1,3
2025-08-27,SFN202508270,SFN,"Matos, Luis",matol002,1,2,2B,2B,1,field_out,2,1,3
2025-08-27,SFN202508270,SFN,"Knizner, Andrew",kniza001,1,0,empty,empty,1,walk,3,1,3
2025-08-27,SFN202508270,SFN,"Ramos, Heliot",ramoh002,2,0,1B,1B,1,single,3,1,3
2025-08-27,SFN202508270,SFN,"Devers, Rafael",dever001,2,0,1B+2B,1B+2B,1,double,3,1,3
2025-08-27,SFN202508270,SFN,"Adames, Willy",adamw002,2,0,2B+3B,2B+3B,1,sac_fly,3,2,3
2025-08-27,SFN202508270,SFN,"Smith, Dominic",smitd008,2,1,3B,3B,1,sac_fly,3,3,3
2025-08-27,SFN202508270,SFN,"Chapman, Matt",chapm001,2,2,empty,empty,1,field_out,3,4,3
2025-08-27,SFN202508270,SFN,"Schmitt, Casey",schmc003,2,0,empty,empty,1,strikeout,4,4,3
2025-08-27,SFN202508270,SFN,"Lee, Jung Hoo",lee-j001,2,1,empty,empty,1,double,4,4,3
2025-08-27,SFN202508270,SFN,"Matos, Luis",matol002,2,1,2B,2B,1,field_out,4,4,3
2025-08-27,SFN202508270,SFN,"Knizner, Andrew",kniza001,2,2,3B,3B,1,field_out,4,4,3
2025-08-27,SFN202508270,SFN,"Ramos, Heliot",ramoh002,3,0,empty,empty,1,strikeout,5,4,3
2025-08-27,SFN202508270,SFN,"Devers, Rafael",dever001,3,1,empty,empty,1,walk,5,4,3
2025-08-27,SFN202508270,SFN,"Adames, Willy",adamw002,3,1,1B,1B,1,field_out,5,4,3
2025-08-27,SFN202508270,SFN,"Smith, Dominic",smitd008,3,2,1B,1B,1,single,5,4,3
2025-08-27,SFN202508270,SFN,"Chapman, Matt",chapm001,3,2,1B+3B,1B+3B,1,single,5,4,3
2025-08-27,SFN202508270,SFN,"Schmitt, Casey",schmc003,3,2,2B,2B,1,single,5,6,3
2025-08-27,SFN202508270,SFN,"Lee, Jung Hoo",lee-j001,3,2,1B,1B,1,strikeout,5,7,3
2025-08-27,SFN202508270,SFN,"Matos, Luis",matol002,3,0,empty,empty,1,field_out,6,7,3
2025-08-27,SFN202508270,SFN,"Knizner, Andrew",kniza001,3,1,empty,empty,1,single,6,7,3
2025-08-27,SFN202508270,SFN,"Ramos, Heliot",ramoh002,4,1,1B,1B,1,hit_by_pitch,6,7,3
2025-08-27,SFN202508270,SFN,"Devers, Rafael",dever001,4,1,1B+2B,1B+2B,1,home_run,6,7,3
2025-08-27,SFN202508270,SFN,"Adames, Willy",adamw002,4,1,empty,empty,1,field_out,6,10,3
2025-08-27,SFN202508270,SFN,"Smith, Dominic",smitd008,4,2,empty,empty,1,strikeout,6,10,3
2025-08-27,SFN202508270,SFN,"Chapman, Matt",chapm001,4,0,empty,empty,1,home_run,7,10,3
2025-08-27,SFN202508270,SFN,"Schmitt, Casey",schmc003,4,0,empty,empty,1,field_out,7,11,3
2025-08-27,SFN202508270,SFN,"Lee, Jung Hoo",lee-j001,4,1,empty,empty,1,field_out,7,11,3
2025-08-27,SFN202508270,SFN,"Matos, Luis",matol002,4,2,empty,empty,1,field_out,7,11,3
2025-08-27,SFN202508270,SFN,"Knizner, Andrew",kniza001,4,0,empty,empty,1,field_out,8,11,3
2025-08-27,SFN202508270,SFN,"Ramos, Heliot",ramoh002,5,1,empty,empty,1,home_run,8,11,3
2025-08-27,SFN202508270,SFN,"Devers, Rafael",dever001,5,1,empty,empty,1,single,8,12,3
2025-08-27,SFN202508270,SFN,"Adames, Willy",adamw002,5,1,1B,1B,1,walk,8,12,3
2025-08-27,SFN202508270,SFN,"Smith, Dominic",smitd008,5,1,1B+2B,1B+2B,1,field_out,8,12,3
2025-08-27,SFN202508270,SFN,"Koss, Christian",kossc001,1,2,1B+2B,1B+2B,1,field_out,8,12,3
2025-08-28,SFN202508280,SFN,"Ramos, Heliot",ramoh002,1,0,empty,empty,1,field_out,1,0,1
2025-08-28,SFN202508280,SFN,"Devers, Rafael",dever001,1,1,empty,empty,1,walk,1,0,1
2025-08-28,SFN202508280,SFN,"Adames, Willy",adamw002,1,1,1B,1B,1,home_run,1,0,1
2025-08-28,SFN202508280,SFN,"Chapman, Matt",chapm001,1,1,empty,empty,1,field_out,1,2,1
2025-08-28,SFN202508280,SFN,"Schmitt, Casey",schmc003,1,2,empty,empty,1,field_out,1,2,1
2025-08-28,SFN202508280,SFN,"Flores, Wilmer",florw001,1,0,empty,empty,1,field_out,2,2,2
2025-08-28,SFN202508280,SFN,"Lee, Jung Hoo",lee-j001,1,1,empty,empty,1,field_out,2,2,2
2025-08-28,SFN202508280,SFN,"Matos, Luis",matol002,1,2,empty,empty,1,field_out,2,2,2
2025-08-28,SFN202508280,SFN,"Bailey, Patrick",bailp001,1,0,empty,empty,1,field_out,3,2,2
2025-08-28,SFN202508280,SFN,"Ramos, Heliot",ramoh002,2,1,empty,empty,1,field_out,3,2,2
2025-08-28,SFN202508280,SFN,"Devers, Rafael",dever001,2,2,empty,empty,1,single,3,2,2
2025-08-28,SFN202508280,SFN,"Adames, Willy",adamw002,2,2,1B,1B,1,field_out,3,2,2
2025-08-28,SFN202508280,SFN,"Chapman, Matt",chapm001,2,0,empty,empty,1,field_out,4,2,2
2025-08-28,SFN202508280,SFN,"Schmitt, Casey",schmc003,2,1,empty,empty,1,strikeout,4,2,2
2025-08-28,SFN202508280,SFN,"Flores, Wilmer",florw001,2,2,empty,empty,1,field_out,4,2,2
2025-08-28,SFN202508280,SFN,"Lee, Jung Hoo",lee-j001,2,0,empty,empty,1,single,5,2,2
2025-08-28,SFN202508280,SFN,"Matos, Luis",matol002,2,0,1B,1B,1,field_out,5,2,2
2025-08-28,SFN202508280,SFN,"Bailey, Patrick",bailp001,2,1,1B,1B,1,single,5,2,2
2025-08-28,SFN202508280,SFN,"Ramos, Heliot",ramoh002,3,1,1B+3B,1B+3B,1,grounded_into_double_play,5,2,2
2025-08-28,SFN202508280,SFN,"Devers, Rafael",dever001,3,0,empty,empty,1,strikeout,6,2,3
2025-08-28,SFN202508280,SFN,"Adames, Willy",adamw002,3,1,empty,empty,1,home_run,6,2,3
2025-08-28,SFN202508280,SFN,"Chapman, Matt",chapm001,3,1,empty,empty,1,strikeout,6,3,3
2025-08-28,SFN202508280,SFN,"Schmitt, Casey",schmc003,3,2,empty,empty,1,field_out,6,3,3
2025-08-28,SFN202508280,SFN,"Flores, Wilmer",florw001,3,0,empty,empty,1,strikeout,7,3,3
2025-08-28,SFN202508280,SFN,"Lee, Jung Hoo",lee-j001,3,1,empty,empty,1,field_out,7,3,3
2025-08-28,SFN202508280,SFN,"Matos, Luis",matol002,3,2,empty,empty,1,strikeout,7,3,3
2025-08-28,SFN202508280,SFN,"Bailey, Patrick",bailp001,3,0,empty,empty,1,field_out,8,3,3
2025-08-28,SFN202508280,SFN,"Ramos, Heliot",ramoh002,4,1,empty,empty,1,hit_by_pitch,8,3,3
2025-08-28,SFN202508280,SFN,"Devers, Rafael",dever001,4,1,1B,1B,1,strikeout,8,3,3
2025-08-28,SFN202508280,SFN,"Adames, Willy",adamw002,4,2,1B,1B,1,field_out,8,3,3
2025-08-28,SFN202508280,SFN,"Chapman, Matt",chapm001,4,0,empty,empty,1,field_out,9,3,3
2025-08-28,SFN202508280,SFN,"Schmitt, Casey",schmc003,4,1,empty,empty,1,single,9,3,3
2025-08-28,SFN202508280,SFN,"Flores, Wilmer",florw001,4,1,1B,1B,1,single,9,3,3
2025-08-28,SFN202508280,SFN,"Lee, Jung Hoo",lee-j001,4,1,1B+2B,1B+2B,1,single,9,3,3
2025-08-29,SFN202508290,SFN,"Lee, Jung Hoo",lee-j001,1,0,empty,empty,1,walk,1,0,1
2025-08-29,SFN202508290,SFN,"Adames, Willy",adamw002,1,0,1B,1B,1,single,1,0,1
2025-08-29,SFN202508290,SFN,"Devers, Rafael",dever001,1,0,1B+2B,1B+2B,1,walk,1,0,1
2025-08-29,SFN202508290,SFN,"Chapman, Matt",chapm001,1,0,1B+2B+3B,1B+2B+3B,1,single,1,0,1
2025-08-29,SFN202508290,SFN,"Smith, Dominic",smitd008,1,0,1B+2B+3B,1B+2B+3B,1,sac_fly,1,1,1
2025-08-29,SFN202508290,SFN,"Schmitt, Casey",schmc003,1,1,1B+2B,1B+2B,1,single,1,2,1
2025-08-29,SFN202508290,SFN,"Matos, Luis",matol002,1,1,1B+2B+3B,1B+2B+3B,1,single,1,2,1
2025-08-29,SFN202508290,SFN,"Bailey, Patrick",bailp001,1,1,1B+2B,1B+2B,1,field_out,1,4,1
2025-08-29,SFN202508290,SFN,"Gilbert, Drew",gilbd001,1,2,2B+3B,2B+3B,1,field_out,1,4,1
2025-08-29,SFN202508290,SFN,"Lee, Jung Hoo",lee-j001,2,0,empty,empty,1,single,2,4,1
2025-08-29,SFN202508290,SFN,"Adames, Willy",adamw002,2,0,1B,1B,1,single,2,4,1
2025-08-29,SFN202508290,SFN,"Devers, Rafael",dever001,2,0,1B+2B,1B+2B,1,single,2,4,1
2025-08-29,SFN202508290,SFN,"Chapman, Matt",chapm001,2,0,1B+3B,1B+3B,1,sac_fly,2,5,1
2025-08-29,SFN202508290,SFN,"Smith, Dominic",smitd008,2,1,1B,1B,1,grounded_into_double_play,2,6,1
2025-08-29,SFN202508290,SFN,"Schmitt, Casey",schmc003,2,0,empty,empty,1,field_out,3,6,4
2025-08-29,SFN202508290,SFN,"Matos, Luis",matol002,2,1,empty,empty,1,single,3,6,4
2025-08-29,SFN202508290,SFN,"Bailey, Patrick",bailp001,2,1,1B,1B,1,field_out,3,6,4
2025-08-29,SFN202508290,SFN,"Gilbert, Drew",gilbd001,2,2,2B,2B,1,double,3,6,4
2025-08-29,SFN202508290,SFN,"Lee, Jung Hoo",lee-j001,3,2,2B,2B,1,strikeout,3,7,4
2025-08-29,SFN202508290,SFN,"Adames, Willy",adamw002,3,0,empty,empty,1,field_out,4,7,4
2025-08-29,SFN202508290,SFN,"Devers, Rafael",dever001,3,1,empty,empty,1,strikeout,4,7,4
2025-08-29,SFN202508290,SFN,"Chapman, Matt",chapm001,3,2,empty,empty,1,walk,4,7,4
2025-08-29,SFN202508290,SFN,"Smith, Dominic",smitd008,3,2,1B,1B,1,home_run,4,7,4
2025-08-29,SFN202508290,SFN,"Schmitt, Casey",schmc003,3,2,empty,empty,1,strikeout,4,9,4
2025-08-29,SFN202508290,SFN,"Matos, Luis",matol002,3,0,empty,empty,1,home_run,5,9,6
2025-08-29,SFN202508290,SFN,"Bailey, Patrick",bailp001,3,0,empty,empty,1,field_out,5,10,6
2025-08-29,SFN202508290,SFN,"Gilbert, Drew",gilbd001,3,1,empty,empty,1,field_out,5,10,6
2025-08-29,SFN202508290,SFN,"Lee, Jung Hoo",lee-j001,4,2,empty,empty,1,field_out,5,10,6
2025-08-29,SFN202508290,SFN,"Adames, Willy",adamw002,4,0,empty,empty,1,single,6,10,6
2025-08-29,SFN202508290,SFN,"Devers, Rafael",dever001,4,0,1B,1B,1,strikeout,6,10,6
2025-08-29,SFN202508290,SFN,"Chapman, Matt",chapm001,4,1,1B,1B,1,field_out,6,10,6
2025-08-29,SFN202508290,SFN,"Smith, Dominic",smitd008,4,2,1B,2B,0,walk,6,10,6
2025-08-29,SFN202508290,SFN,"Schmitt, Casey",schmc003,4,2,1B+2B,1B+2B,1,strikeout,6,10,6
2025-08-29,SFN202508290,SFN,"Matos, Luis",matol002,4,0,empty,empty,1,field_out,7,10,6
2025-08-29,SFN202508290,SFN,"Bailey, Patrick",bailp001,4,1,empty,empty,1,single,7,10,6
2025-08-29,SFN202508290,SFN,"Gilbert, Drew",gilbd001,4,1,1B,1B,1,fielders_choice,7,10,6
2025-08-29,SFN202508290,SFN,"Lee, Jung Hoo",lee-j001,5,1,1B+2B,1B+2B,1,strikeout,7,10,6
2025-08-29,SFN202508290,SFN,"Adames, Willy",adamw002,5,2,1B+2B,1B+2B,1,single,7,10,6
2025-08-29,SFN202508290,SFN,"Devers, Rafael",dever001,5,2,1B+2B,1B+2B,1,single,7,11,6
2025-08-29,SFN202508290,SFN,"Chapman, Matt",chapm001,5,2,2B,2B,1,field_error,7,13,6
2025-08-29,SFN202508290,SFN,"Smith, Dominic",smitd008,5,2,1B+3B,1B+3B,1,single,7,13,6
2025-08-29,SFN202508290,SFN,"Schmitt, Casey",schmc003,5,2,1B+3B,1B+3B,1,field_out,7,14,6
2025-08-29,SFN202508290,SFN,"Matos, Luis",matol002,5,0,empty,empty,1,single,8,14,7
2025-08-29,SFN202508290,SFN,"Bailey, Patrick",bailp001,5,0,1B,1B,1,field_out,8,14,7
2025-08-29,SFN202508290,SFN,"Gilbert, Drew",gilbd001,5,1,1B,1B,1,double,8,14,7
2025-08-29,SFN202508290,SFN,"Lee, Jung Hoo",lee-j001,6,1,2B,2B,1,strikeout,8,15,7
2025-08-29,SFN202508290,SFN,"Adames, Willy",adamw002,6,2,2B,2B,1,strikeout,8,15,7
2025-08-30,SFN202508300,SFN,"Ramos, Heliot",ramoh002,1,0,empty,empty,1,field_out,1,0,0
2025-08-30,SFN202508300,SFN,"Devers, Rafael",dever001,1,1,empty,empty,1,strikeout,1,0,0
2025-08-30,SFN202508300,SFN,"Adames, Willy",adamw002,1,2,empty,empty,1,home_run,1,0,0
2025-08-30,SFN202508300,SFN,"Chapman, Matt",chapm001,1,2,empty,empty,1,field_out,1,1,0
2025-08-30,SFN202508300,SFN,"Flores, Wilmer",florw001,1,0,empty,empty,1,field_out,2,1,0
2025-08-30,SFN202508300,SFN,"Schmitt, Casey",schmc003,1,1,empty,empty,1,field_out,2,1,0
2025-08-30,SFN202508300,SFN,"Lee, Jung Hoo",lee-j001,1,2,empty,empty,1,strikeout,2,1,0
2025-08-30,SFN202508300,SFN,"Matos, Luis",matol002,1,0,empty,empty,1,field_out,3,1,4
2025-08-30,SFN202508300,SFN,"Knizner, Andrew",kniza001,1,1,empty,empty,1,single,3,1,4
2025-08-30,SFN202508300,SFN,"Ramos, Heliot",ramoh002,2,1,1B,1B,1,single,3,1,4
2025-08-30,SFN202508300,SFN,"Devers, Rafael",dever001,2,1,1B+2B,1B+2B,1,strikeout,3,1,4
2025-08-30,SFN202508300,SFN,"Adames, Willy",adamw002,2,2,1B+2B,1B+2B,1,strikeout,3,1,4
2025-08-30,SFN202508300,SFN,"Chapman, Matt",chapm001,2,0,empty,empty,1,field_out,4,1,7
2025-08-30,SFN202508300,SFN,"Flores, Wilmer",florw001,2,1,empty,empty,1,field_out,4,1,7
2025-08-30,SFN202508300,SFN,"Schmitt, Casey",schmc003,2,2,empty,empty,1,field_out,4,1,7
2025-08-30,SFN202508300,SFN,"Lee, Jung Hoo",lee-j001,2,0,empty,empty,1,field_out,5,1,7
2025-08-30,SFN202508300,SFN,"Matos, Luis",matol002,2,1,empty,empty,1,single,5,1,7
2025-08-30,SFN202508300,SFN,"Knizner, Andrew",kniza001,2,1,1B,1B,1,single,5,1,7
2025-08-30,SFN202508300,SFN,"Ramos, Heliot",ramoh002,3,1,1B+2B,1B+2B,1,field_out,5,1,7
2025-08-30,SFN202508300,SFN,"Devers, Rafael",dever001,3,2,1B+2B,1B+2B,1,field_out,5,1,7
2025-08-30,SFN202508300,SFN,"Adames, Willy",adamw002,3,0,empty,empty,1,field_out,6,1,7
2025-08-30,SFN202508300,SFN,"Chapman, Matt",chapm001,3,1,empty,empty,1,field_out,6,1,7
2025-08-30,SFN202508300,SFN,"Flores, Wilmer",florw001,3,2,empty,empty,1,field_out,6,1,7
2025-08-30,SFN202508300,SFN,"Schmitt, Casey",schmc003,3,0,empty,empty,1,strikeout,7,1,8
2025-08-30,SFN202508300,SFN,"Lee, Jung Hoo",lee-j001,3,1,empty,empty,1,field_out,7,1,8
2025-08-30,SFN202508300,SFN,"Matos, Luis",matol002,3,2,empty,empty,1,field_out,7,1,8
2025-08-30,SFN202508300,SFN,"Knizner, Andrew",kniza001,3,0,empty,empty,1,hit_by_pitch,8,1,11
2025-08-30,SFN202508300,SFN,"Ramos, Heliot",ramoh002,4,0,1B,1B,1,field_out,8,1,11
2025-08-30,SFN202508300,SFN,"Devers, Rafael",dever001,4,1,1B,1B,1,walk,8,1,11
2025-08-30,SFN202508300,SFN,"Adames, Willy",adamw002,4,1,1B+2B,1B+2B,1,strikeout,8,1,11
2025-08-30,SFN202508300,SFN,"Chapman, Matt",chapm001,4,2,1B+2B,1B+2B,1,field_out,8,1,11
2025-08-30,SFN202508300,SFN,"Flores, Wilmer",florw001,4,0,empty,empty,1,strikeout,9,1,11
2025-08-30,SFN202508300,SFN,"Schmitt, Casey",schmc003,4,1,empty,empty,1,field_out,9,1,11
2025-08-30,SFN202508300,SFN,"Gilbert, Drew",gilbd001,1,2,empty,empty,1,field_out,9,1,11
2025-08-31,SFN202508310,SFN,"Ramos, Heliot",ramoh002,1,0,empty,empty,1,field_out,1,0,0
2025-08-31,SFN202508310,SFN,"Devers, Rafael",dever001,1,1,empty,empty,1,home_run,1,0,0
2025-08-31,SFN202508310,SFN,"Adames, Willy",adamw002,1,1,empty,empty,1,strikeout,1,1,0
2025-08-31,SFN202508310,SFN,"Smith, Dominic",smitd008,1,2,empty,empty,1,strikeout,1,1,0
2025-08-31,SFN202508310,SFN,"Chapman, Matt",chapm001,1,0,empty,empty,1,strikeout,2,1,0
2025-08-31,SFN202508310,SFN,"Matos, Luis",matol002,1,1,empty,empty,1,strikeout,2,1,0
2025-08-31,SFN202508310,SFN,"Bailey, Patrick",bailp001,1,2,empty,empty,1,field_out,2,1,0
2025-08-31,SFN202508310,SFN,"Koss, Christian",kossc001,1,0,empty,empty,1,field_out,3,1,0
2025-08-31,SFN202508310,SFN,"Gilbert, Drew",gilbd001,1,1,empty,empty,1,single,3,1,0
2025-08-31,SFN202508310,SFN,"Ramos, Heliot",ramoh002,2,1,1B,1B,1,single,3,1,0
2025-08-31,SFN202508310,SFN,"Devers, Rafael",dever001,2,1,1B+3B,1B+3B,1,single,3,1,0
2025-08-31,SFN202508310,SFN,"Adames, Willy",adamw002,2,1,1B+3B,1B+3B,1,sac_fly,3,2,0
2025-08-31,SFN202508310,SFN,"Smith, Dominic",smitd008,2,2,1B,1B,1,field_out,3,3,0
2025-08-31,SFN202508310,SFN,"Chapman, Matt",chapm001,2,0,empty,empty,1,single,4,3,0
2025-08-31,SFN202508310,SFN,"Matos, Luis",matol002,2,1,1B,empty,0,single,4,3,0
2025-08-31,SFN202508310,SFN,"Bailey, Patrick",bailp001,2,1,1B,1B,1,walk,4,3,0
2025-08-31,SFN202508310,SFN,"Koss, Christian",kossc001,2,1,1B+2B,1B+2B,1,single,4,3,0
2025-08-31,SFN202508310,SFN,"Gilbert, Drew",gilbd001,2,1,1B+3B,1B+3B,1,triple,4,4,0
2025-08-31,SFN202508310,SFN,"Ramos, Heliot",ramoh002,3,1,3B,3B,1,single,4,6,0
2025-08-31,SFN202508310,SFN,"Devers, Rafael",dever001,3,1,1B,1B,1,double,4,7,0
2025-08-31,SFN202508310,SFN,"Adames, Willy",adamw002,3,1,2B+3B,2B+3B,1,field_out,4,7,0
2025-08-31,SFN202508310,SFN,"Smith, Dominic",smitd008,3,2,2B+3B,2B+3B,1,field_out,4,7,0
2025-08-31,SFN202508310,SFN,"Chapman, Matt",chapm001,3,0,empty,empty,1,walk,5,7,0
2025-08-31,SFN202508310,SFN,"Matos, Luis",matol002,3,0,1B,1B,1,single,5,7,0
2025-08-31,SFN202508310,SFN,"Bailey, Patrick",bailp001,3,0,1B+2B,1B+2B,1,strikeout,5,7,0
2025-08-31,SFN202508310,SFN,"Koss, Christian",kossc001,3,1,1B+2B,1B+2B,1,grounded_into_double_play,5,7,0
2025-08-31,SFN202508310,SFN,"Gilbert, Drew",gilbd001,3,0,empty,empty,1,field_out,6,7,0
2025-08-31,SFN202508310,SFN,"Ramos, Heliot",ramoh002,4,1,empty,empty,1,walk,6,7,0
2025-08-31,SFN202508310,SFN,"Devers, Rafael",dever001,4,1,1B,1B,1,fielders_choice,6,7,0
2025-08-31,SFN202508310,SFN,"Adames, Willy",adamw002,4,1,1B+2B,1B+2B,1,strikeout,6,7,0
2025-08-31,SFN202508310,SFN,"Smith, Dominic",smitd008,4,2,1B+2B,1B+2B,1,single,6,7,0
2025-08-31,SFN202508310,SFN,"Chapman, Matt",chapm001,4,2,1B+3B,1B+3B,1,walk,6,8,0
2025-08-31,SFN202508310,SFN,"Matos, Luis",matol002,4,2,1B+2B+3B,1B+2B+3B,1,fielders_choice,6,8,0
2025-08-31,SFN202508310,SFN,"Bailey, Patrick",bailp001,4,2,1B+2B+3B,1B+2B+3B,1,walk,6,9,0
2025-08-31,SFN202508310,SFN,"Koss, Christian",kossc001,4,2,1B+2B+3B,1B+2B+3B,1,field_out,6,10,0
2025-08-31,SFN202508310,SFN,"Gilbert, Drew",gilbd001,4,0,empty,empty,1,field_out,7,10,0
2025-08-31,SFN202508310,SFN,"Ramos, Heliot",ramoh002,5,1,empty,empty,1,single,7,10,0
2025-08-31,SFN202508310,SFN,"Devers, Rafael",dever001,5,1,1B,1B,1,grounded_into_double_play,7,10,0
2025-08-31,SFN202508310,SFN,"Adames, Willy",adamw002,5,0,empty,empty,1,walk,8,10,0
2025-08-31,SFN202508310,SFN,"Smith, Dominic",smitd008,5,0,1B,1B,1,walk,8,10,0
2025-08-31,SFN202508310,SFN,"Schmitt, Casey",schmc003,1,0,1B+2B,1B+2B,1,double,8,10,0
2025-08-31,SFN202508310,SFN,"Matos, Luis",matol002,5,0,2B+3B,2B+3B,1,sac_fly,8,11,0
2025-08-31,SFN202508310,SFN,"Bailey, Patrick",bailp001,5,1,2B,2B,1,field_out,8,12,0
2025-08-31,SFN202508310,SFN,"Koss, Christian",kossc001,5,2,2B,2B,1,single,8,12,0
2025-08-31,SFN202508310,SFN,"Gilbert, Drew",gilbd001,5,2,1B+3B,1B+3B,1,double,8,12,0
2025-08-31,SFN202508310,SFN,"Ramos, Heliot",ramoh002,6,2,2B+3B,2B+3B,1,field_out,8,13,0
2025-09-01,COL202509010,SFN,"Ramos, Heliot",ramoh002,1,0,empty,empty,1,field_out,1,0,0
2025-09-01,COL202509010,SFN,"Devers, Rafael",dever001,1,1,empty,empty,1,home_run,1,0,0
2025-09-01,COL202509010,SFN,"Adames, Willy",adamw002,1,1,empty,empty,1,field_out,1,1,0
2025-09-01,COL202509010,SFN,"Smith, Dominic",smitd008,1,2,empty,empty,1,field_out,1,1,0
2025-09-01,COL202509010,SFN,"Chapman, Matt",chapm001,1,0,empty,empty,1,walk,2,1,0
2025-09-01,COL202509010,SFN,"Lee, Jung Hoo",lee-j001,1,0,1B,1B,1,field_out,2,1,0
2025-09-01,COL202509010,SFN,"Schmitt, Casey",schmc003,1,1,1B,1B,1,grounded_into_double_play,2,1,0
2025-09-01,COL202509010,SFN,"Bailey, Patrick",bailp001,1,0,empty,empty,1,hit_by_pitch,3,1,0
2025-09-01,COL202509010,SFN,"Gilbert, Drew",gilbd001,1,0,1B,2B,0,home_run,3,1,0
2025-09-01,COL202509010,SFN,"Ramos, Heliot",ramoh002,2,0,empty,empty,1,single,3,3,0
2025-09-01,COL202509010,SFN,"Devers, Rafael",dever001,2,1,empty,empty,1,field_out,3,3,0
2025-09-01,COL202509010,SFN,"Adames, Willy",adamw002,2,2,empty,empty,1,field_out,3,3,0
2025-09-01,COL202509010,SFN,"Smith, Dominic",smitd008,2,0,empty,empty,1,field_out,4,3,0
2025-09-01,COL202509010,SFN,"Chapman, Matt",chapm001,2,1,empty,empty,1,field_out,4,3,0
2025-09-01,COL202509010,SFN,"Lee, Jung Hoo",lee-j001,2,2,empty,empty,1,field_out,4,3,0
2025-09-01,COL202509010,SFN,"Schmitt, Casey",schmc003,2,0,empty,empty,1,hit_by_pitch,5,3,0
2025-09-01,COL202509010,SFN,"Bailey, Patrick",bailp001,2,0,1B,1B,1,strikeout,5,3,0
2025-09-01,COL202509010,SFN,"Gilbert, Drew",gilbd001,2,1,1B,1B,1,single,5,3,0
2025-09-01,COL202509010,SFN,"Ramos, Heliot",ramoh002,3,1,1B+3B,1B+3B,1,strikeout,5,3,0
2025-09-01,COL202509010,SFN,"Devers, Rafael",dever001,3,2,1B+3B,1B+3B,1,walk,5,3,0
2025-09-01,COL202509010,SFN,"Adames, Willy",adamw002,3,2,1B+2B+3B,1B+2B+3B,1,walk,5,3,0
2025-09-01,COL202509010,SFN,"Smith, Dominic",smitd008,3,2,1B+2B+3B,1B+2B+3B,1,single,5,4,0
2025-09-01,COL202509010,SFN,"Chapman, Matt",chapm001,3,0,empty,empty,1,strikeout,6,6,0
2025-09-01,COL202509010,SFN,"Lee, Jung Hoo",lee-j001,3,1,empty,empty,1,single,6,6,0
2025-09-01,COL202509010,SFN,"Koss, Christian",kossc001,1,1,1B,1B,1,field_out,6,6,0
2025-09-01,COL202509010,SFN,"Bailey, Patrick",bailp001,3,2,1B,1B,1,field_out,6,6,0
2025-09-01,COL202509010,SFN,"Gilbert, Drew",gilbd001,3,0,empty,empty,1,single,7,6,2
2025-09-01,COL202509010,SFN,"Ramos, Heliot",ramoh002,4,0,1B,1B,1,strikeout,7,6,2
2025-09-01,COL202509010,SFN,"Devers, Rafael",dever001,4,1,1B,1B,1,strikeout,7,6,2
2025-09-01,COL202509010,SFN,"Adames, Willy",adamw002,4,2,1B,2B,0,home_run,7,6,2
2025-09-01,COL202509010,SFN,"Smith, Dominic",smitd008,4,2,empty,empty,1,field_out,7,8,2
2025-09-01,COL202509010,SFN,"Chapman, Matt",chapm001,4,0,empty,empty,1,field_out,8,8,2
2025-09-01,COL202509010,SFN,"Lee, Jung Hoo",lee-j001,4,1,empty,empty,1,walk,8,8,2
2025-09-01,COL202509010,SFN,"Koss, Christian",kossc001,2,1,1B,1B,1,field_out,8,8,2
2025-09-01,COL202509010,SFN,"Bailey, Patrick",bailp001,4,2,2B,2B,1,strikeout,8,8,2
2025-09-01,COL202509010,SFN,"Gilbert, Drew",gilbd001,4,0,empty,empty,1,single,9,8,2
2025-09-01,COL202509010,SFN,"Ramos, Heliot",ramoh002,5,0,1B,1B,1,field_out,9,8,2
2025-09-01,COL202509010,SFN,"Devers, Rafael",dever001,5,1,1B,1B,1,single,9,8,2
2025-09-01,COL202509010,SFN,"Adames, Willy",adamw002,5,1,1B+2B,1B+2B,1,single,9,8,2
2025-09-01,COL202509010,SFN,"Smith, Dominic",smitd008,5,1,1B+2B+3B,1B+2B+3B,1,field_out,9,8,2
2025-09-01,COL202509010,SFN,"Chapman, Matt",chapm001,5,2,1B+2B+3B,1B+2B+3B,1,field_out,9,8,2
2025-09-02,COL202509020,SFN,"Ramos, Heliot",ramoh002,1,0,empty,empty,1,single,1,0,0
2025-09-02,COL202509020,SFN,"Devers, Rafael",dever001,1,0,1B,1B,1,home_run,1,0,0
2025-09-02,COL202509020,SFN,"Schmitt, Casey",schmc003,1,0,empty,empty,1,field_out,1,2,0
2025-09-02,COL202509020,SFN,"Smith, Dominic",smitd008,1,1,empty,empty,1,single,1,2,0
2025-09-02,COL202509020,SFN,"Flores, Wilmer",florw001,1,1,1B,1B,1,field_out,1,2,0
2025-09-02,COL202509020,SFN,"Matos, Luis",matol002,1,2,1B,1B,1,field_out,1,2,0
2025-09-02,COL202509020,SFN,"Lee, Jung Hoo",lee-j001,1,0,empty,empty,1,field_out,2,2,0
2025-09-02,COL202509020,SFN,"Koss, Christian",kossc001,1,1,empty,empty,1,field_out,2,2,0
2025-09-02,COL202509020,SFN,"Bailey, Patrick",bailp001,1,2,empty,empty,1,single,2,2,0
2025-09-02,COL202509020,SFN,"Ramos, Heliot",ramoh002,2,2,1B,1B,1,field_out,2,2,0
2025-09-02,COL202509020,SFN,"Devers, Rafael",dever001,2,0,empty,empty,1,strikeout,3,2,0
2025-09-02,COL202509020,SFN,"Schmitt, Casey",schmc003,2,1,empty,empty,1,field_out,3,2,0
2025-09-02,COL202509020,SFN,"Smith, Dominic",smitd008,2,2,empty,empty,1,field_out,3,2,0
2025-09-02,COL202509020,SFN,"Flores, Wilmer",florw001,2,0,empty,empty,1,field_out,4,2,1
2025-09-02,COL202509020,SFN,"Matos, Luis",matol002,2,1,empty,empty,1,field_out,4,2,1
2025-09-02,COL202509020,SFN,"Lee, Jung Hoo",lee-j001,2,2,empty,empty,1,single,4,2,1
2025-09-02,COL202509020,SFN,"Koss, Christian",kossc001,2,2,1B,1B,1,single,4,2,1
2025-09-02,COL202509020,SFN,"Bailey, Patrick",bailp001,2,2,1B+2B,1B+2B,1,field_out,4,2,1
2025-09-02,COL202509020,SFN,"Ramos, Heliot",ramoh002,3,0,empty,empty,1,field_out,5,2,1
2025-09-02,COL202509020,SFN,"Devers, Rafael",dever001,3,1,empty,empty,1,field_out,5,2,1
2025-09-02,COL202509020,SFN,"Schmitt, Casey",schmc003,3,2,empty,empty,1,home_run,5,2,1
2025-09-02,COL202509020,SFN,"Smith, Dominic",smitd008,3,2,empty,empty,1,single,5,3,1
2025-09-02,COL202509020,SFN,"Flores, Wilmer",florw001,3,2,1B,1B,1,home_run,5,3,1
2025-09-02,COL202509020,SFN,"Matos, Luis",matol002,3,2,empty,empty,1,single,5,5,1
2025-09-02,COL202509020,SFN,"Lee, Jung Hoo",lee-j001,3,2,1B,1B,1,walk,5,5,1
2025-09-02,COL202509020,SFN,"Koss, Christian",kossc001,3,2,1B+2B,1B+2B,1,field_out,5,5,1
2025-09-02,COL202509020,SFN,"Bailey, Patrick",bailp001,3,0,empty,empty,1,strikeout,6,5,2
2025-09-02,COL202509020,SFN,"Ramos, Heliot",ramoh002,4,1,empty,empty,1,hit_by_pitch,6,5,2
2025-09-02,COL202509020,SFN,"Devers, Rafael",dever001,4,1,1B,1B,1,strikeout,6,5,2
2025-09-02,COL202509020,SFN,"Schmitt, Casey",schmc003,4,2,1B,1B,1,strikeout,6,5,2
2025-09-02,COL202509020,SFN,"Smith, Dominic",smitd008,4,0,empty,empty,1,strikeout,7,5,2
2025-09-02,COL202509020,SFN,"Flores, Wilmer",florw001,4,1,empty,empty,1,strikeout,7,5,2
2025-09-02,COL202509020,SFN,"Matos, Luis",matol002,4,2,empty,empty,1,field_out,7,5,2
2025-09-02,COL202509020,SFN,"Lee, Jung Hoo",lee-j001,4,0,empty,empty,1,single,8,5,4
2025-09-02,COL202509020,SFN,"Koss, Christian",kossc001,4,0,1B,1B,1,field_out,8,5,4
2025-09-02,COL202509020,SFN,"Bailey, Patrick",bailp001,4,1,2B,2B,1,home_run,8,5,4
2025-09-02,COL202509020,SFN,"Ramos, Heliot",ramoh002,5,1,empty,empty,1,strikeout,8,7,4
2025-09-02,COL202509020,SFN,"Devers, Rafael",dever001,5,2,empty,empty,1,field_out,8,7,4
2025-09-02,COL202509020,SFN,"Schmitt, Casey",schmc003,5,0,empty,empty,1,single,9,7,4
2025-09-02,COL202509020,SFN,"Smith, Dominic",smitd008,5,0,1B,1B,1,field_out,9,7,4
2025-09-02,COL202509020,SFN,"Flores, Wilmer",florw001,5,1,1B,1B,1,field_out,9,7,4
2025-09-02,COL202509020,SFN,"Matos, Luis",matol002,5,2,1B,1B,1,strikeout,9,7,4
2025-09-03,COL202509030,SFN,"Ramos, Heliot",ramoh002,1,0,empty,empty,1,field_out,1,0,0
2025-09-03,COL202509030,SFN,"Devers, Rafael",dever001,1,1,empty,empty,1,field_out,1,0,0
2025-09-03,COL202509030,SFN,"Adames, Willy",adamw002,1,2,empty,empty,1,field_out,1,0,0
2025-09-03,COL202509030,SFN,"Chapman, Matt",chapm001,1,0,empty,empty,1,home_run,2,0,0
2025-09-03,COL202509030,SFN,"Flores, Wilmer",florw001,1,0,empty,empty,1,walk,2,1,0
2025-09-03,COL202509030,SFN,"Gilbert, Drew",gilbd001,1,0,1B,1B,1,field_out,2,1,0
2025-09-03,COL202509030,SFN,"Schmitt, Casey",schmc003,1,1,1B,1B,1,grounded_into_double_play,2,1,0
2025-09-03,COL202509030,SFN,"Matos, Luis",matol002,1,0,empty,empty,1,single,3,1,0
2025-09-03,COL202509030,SFN,"Bailey, Patrick",bailp001,1,0,1B,1B,1,single,3,1,0
2025-09-03,COL202509030,SFN,"Ramos, Heliot",ramoh002,2,1,1B,1B,1,single,3,1,0
2025-09-03,COL202509030,SFN,"Devers, Rafael",dever001,2,1,1B+3B,1B+3B,1,single,3,1,0
2025-09-03,COL202509030,SFN,"Adames, Willy",adamw002,2,1,1B+3B,1B+3B,1,sac_fly,3,2,0
2025-09-03,COL202509030,SFN,"Chapman, Matt",chapm001,2,2,2B,2B,1,walk,3,3,0
2025-09-03,COL202509030,SFN,"Flores, Wilmer",florw001,2,2,1B+2B,1B+2B,1,single,3,3,0
2025-09-03,COL202509030,SFN,"Gilbert, Drew",gilbd001,2,2,1B+3B,1B+3B,1,walk,3,4,0
2025-09-03,COL202509030,SFN,"Schmitt, Casey",schmc003,2,2,1B+2B+3B,1B+2B+3B,1,strikeout,3,4,0
2025-09-03,COL202509030,SFN,"Matos, Luis",matol002,2,0,empty,empty,1,field_out,4,4,0
2025-09-03,COL202509030,SFN,"Bailey, Patrick",bailp001,2,1,empty,empty,1,field_out,4,4,0
2025-09-03,COL202509030,SFN,"Ramos, Heliot",ramoh002,3,2,empty,empty,1,field_out,4,4,0
2025-09-03,COL202509030,SFN,"Devers, Rafael",dever001,3,0,empty,empty,1,strikeout,5,4,1
2025-09-03,COL202509030,SFN,"Adames, Willy",adamw002,3,1,empty,empty,1,single,5,4,1
2025-09-03,COL202509030,SFN,"Chapman, Matt",chapm001,3,1,1B,1B,1,double,5,4,1
2025-09-03,COL202509030,SFN,"Flores, Wilmer",florw001,3,1,2B+3B,2B+3B,1,field_out,5,4,1
2025-09-03,COL202509030,SFN,"Gilbert, Drew",gilbd001,3,2,2B+3B,2B+3B,1,field_out,5,4,1
2025-09-03,COL202509030,SFN,"Schmitt, Casey",schmc003,3,0,empty,empty,1,walk,6,4,5
2025-09-03,COL202509030,SFN,"Matos, Luis",matol002,3,0,1B,1B,1,walk,6,4,5
2025-09-03,COL202509030,SFN,"Bailey, Patrick",bailp001,3,0,1B+2B,1B+2B,1,single,6,4,5
2025-09-03,COL202509030,SFN,"Ramos, Heliot",ramoh002,4,0,1B+3B,1B+3B,1,single,6,5,5
2025-09-03,COL202509030,SFN,"Devers, Rafael",dever001,4,0,1B+2B,1B+2B,1,field_out,6,6,5
2025-09-03,COL202509030,SFN,"Adames, Willy",adamw002,4,1,1B+2B,1B+2B,1,strikeout,6,6,5
2025-09-03,COL202509030,SFN,"Chapman, Matt",chapm001,4,2,1B+2B,1B+2B,1,home_run,6,6,5
2025-09-03,COL202509030,SFN,"Flores, Wilmer",florw001,4,2,empty,empty,1,strikeout,6,9,5
2025-09-03,COL202509030,SFN,"Gilbert, Drew",gilbd001,4,0,empty,empty,1,home_run,7,9,5
2025-09-03,COL202509030,SFN,"Schmitt, Casey",schmc003,4,0,empty,empty,1,field_out,7,10,5
2025-09-03,COL202509030,SFN,"Matos, Luis",matol002,4,1,empty,empty,1,field_out,7,10,5
2025-09-03,COL202509030,SFN,"Bailey, Patrick",bailp001,4,2,empty,empty,1,field_out,7,10,5
2025-09-03,COL202509030,SFN,"Ramos, Heliot",ramoh002,5,0,empty,empty,1,strikeout,8,10,5
2025-09-03,COL202509030,SFN,"Devers, Rafael",dever001,5,1,empty,empty,1,field_out,8,10,5
2025-09-03,COL202509030,SFN,"Adames, Willy",adamw002,5,2,empty,empty,1,strikeout,8,10,5
2025-09-03,COL202509030,SFN,"Chapman, Matt",chapm001,5,0,empty,empty,1,field_out,9,10,5
2025-09-03,COL202509030,SFN,"Flores, Wilmer",florw001,5,1,empty,empty,1,field_out,9,10,5
2025-09-03,COL202509030,SFN,"Gilbert, Drew",gilbd001,5,2,empty,empty,1,field_out,9,10,5
2025-09-05,SLN202509050,SFN,"Ramos, Heliot",ramoh002,1,0,empty,empty,1,field_out,1,0,0
2025-09-05,SLN202509050,SFN,"Devers, Rafael",dever001,1,1,empty,empty,1,home_run,1,0,0
2025-09-05,SLN202509050,SFN,"Adames, Willy",adamw002,1,1,empty,empty,1,home_run,1,1,0
2025-09-05,SLN202509050,SFN,"Smith, Dominic",smitd008,1,1,empty,empty,1,double,1,2,0
2025-09-05,SLN202509050,SFN,"Chapman, Matt",chapm001,1,1,2B,2B,1,strikeout,1,2,0
2025-09-05,SLN202509050,SFN,"Lee, Jung Hoo",lee-j001,1,2,2B,2B,1,field_out,1,2,0
2025-09-05,SLN202509050,SFN,"Schmitt, Casey",schmc003,1,0,empty,empty,1,strikeout,2,2,0
2025-09-05,SLN202509050,SFN,"Gilbert, Drew",gilbd001,1,1,empty,empty,1,walk,2,2,0
2025-09-05,SLN202509050,SFN,"Bailey, Patrick",bailp001,1,1,1B,1B,1,field_out,2,2,0
2025-09-05,SLN202509050,SFN,"Ramos, Heliot",ramoh002,2,2,1B,1B,1,single,2,2,0
2025-09-05,SLN202509050,SFN,"Devers, Rafael",dever001,2,2,1B+2B,1B+2B,1,strikeout,2,2,0
2025-09-05,SLN202509050,SFN,"Adames, Willy",adamw002,2,0,empty,empty,1,field_out,3,2,0
2025-09-05,SLN202509050,SFN,"Smith, Dominic",smitd008,2,1,empty,empty,1,field_out,3,2,0
2025-09-05,SLN202509050,SFN,"Chapman, Matt",chapm001,2,2,empty,empty,1,field_out,3,2,0
2025-09-05,SLN202509050,SFN,"Lee, Jung Hoo",lee-j001,2,0,empty,empty,1,single,4,2,0
2025-09-05,SLN202509050,SFN,"Schmitt, Casey",schmc003,2,0,1B,1B,1,double,4,2,0
2025-09-05,SLN202509050,SFN,"Gilbert, Drew",gilbd001,2,0,2B+3B,2B+3B,1,sac_fly,4,2,0
2025-09-05,SLN202509050,SFN,"Bailey, Patrick",bailp001,2,1,3B,3B,1,single,4,3,0
2025-09-05,SLN202509050,SFN,"Ramos, Heliot",ramoh002,3,1,1B,1B,1,single,4,4,0
2025-09-05,SLN202509050,SFN,"Devers, Rafael",dever001,3,1,1B+2B,1B+2B,1,single,4,4,0
2025-09-05,SLN202509050,SFN,"Adames, Willy",adamw002,3,1,1B+3B,1B+3B,1,field_out,4,5,0
2025-09-05,SLN202509050,SFN,"Smith, Dominic",smitd008,3,2,1B,1B,1,field_out,4,6,0
2025-09-05,SLN202509050,SFN,"Chapman, Matt",chapm001,3,0,empty,empty,1,field_out,5,6,0
2025-09-05,SLN202509050,SFN,"Lee, Jung Hoo",lee-j001,3,1,empty,empty,1,single,5,6,0
2025-09-05,SLN202509050,SFN,"Schmitt, Casey",schmc003,3,1,1B,1B,1,strikeout,5,6,0
2025-09-05,SLN202509050,SFN,"Gilbert, Drew",gilbd001,3,2,1B,1B,1,single,5,6,0
2025-09-05,SLN202509050,SFN,"Bailey, Patrick",bailp001,3,0,1B+3B,empty,0,single,6,6,1
2025-09-05,SLN202509050,SFN,"Ramos, Heliot",ramoh002,4,0,1B,1B,1,field_out,6,6,1
2025-09-05,SLN202509050,SFN,"Devers, Rafael",dever001,4,1,1B,1B,1,walk,6,6,1
2025-09-05,SLN202509050,SFN,"Adames, Willy",adamw002,4,1,1B+2B,1B+2B,1,field_out,6,6,1
2025-09-05,SLN202509050,SFN,"Smith, Dominic",smitd008,4,2,1B+2B,1B+2B,1,field_out,6,6,1
2025-09-05,SLN202509050,SFN,"Chapman, Matt",chapm001,4,0,empty,empty,1,single,7,6,1
2025-09-05,SLN202509050,SFN,"Lee, Jung Hoo",lee-j001,4,0,1B,1B,1,triple,7,6,1
2025-09-05,SLN202509050,SFN,"Schmitt, Casey",schmc003,4,0,3B,3B,1,single,7,7,1
2025-09-05,SLN202509050,SFN,"Gilbert, Drew",gilbd001,4,0,1B,1B,1,field_out,7,8,1
2025-09-05,SLN202509050,SFN,"Bailey, Patrick",bailp001,4,1,1B,1B,1,single,7,8,1
2025-09-05,SLN202509050,SFN,"Ramos, Heliot",ramoh002,5,1,1B+2B,1B+2B,1,grounded_into_double_play,7,8,1
2025-09-05,SLN202509050,SFN,"Devers, Rafael",dever001,5,0,empty,empty,1,strikeout,8,8,1
2025-09-05,SLN202509050,SFN,"Adames, Willy",adamw002,5,1,empty,empty,1,strikeout,8,8,1
2025-09-05,SLN202509050,SFN,"Smith, Dominic",smitd008,5,2,empty,empty,1,double,8,8,1
2025-09-05,SLN202509050,SFN,"Chapman, Matt",chapm001,5,2,2B,2B,1,walk,8,8,1
2025-09-05,SLN202509050,SFN,"Lee, Jung Hoo",lee-j001,5,2,1B+2B,1B+2B,1,single,8,8,1
2025-09-05,SLN202509050,SFN,"Schmitt, Casey",schmc003,5,2,1B+2B+3B,1B+2B+3B,1,strikeout,8,8,1
2025-09-05,SLN202509050,SFN,"Gilbert, Drew",gilbd001,5,0,empty,empty,1,strikeout,9,8,2
2025-09-05,SLN202509050,SFN,"Bailey, Patrick",bailp001,5,1,empty,empty,1,strikeout,9,8,2
2025-09-05,SLN202509050,SFN,"Ramos, Heliot",ramoh002,6,2,empty,empty,1,field_out,9,8,2
2025-09-06,SLN202509060,SFN,"Lee, Jung Hoo",lee-j001,1,0,empty,empty,1,field_error,1,0,0
2025-09-06,SLN202509060,SFN,"Devers, Rafael",dever001,1,0,1B,1B,1,field_out,1,0,0
2025-09-06,SLN202509060,SFN,"Adames, Willy",adamw002,1,1,2B,2B,1,hit_by_pitch,1,0,0
2025-09-06,SLN202509060,SFN,"Smith, Dominic",smitd008,1,1,1B+2B,1B+2B,1,grounded_into_double_play,1,0,0
2025-09-06,SLN202509060,SFN,"Chapman, Matt",chapm001,1,0,empty,empty,1,hit_by_pitch,2,0,0
2025-09-06,SLN202509060,SFN,"Schmitt, Casey",schmc003,1,0,1B,1B,1,strikeout,2,0,0
2025-09-06,SLN202509060,SFN,"Gilbert, Drew",gilbd001,1,1,1B,1B,1,grounded_into_double_play,2,0,0
2025-09-06,SLN202509060,SFN,"Matos, Luis",matol002,1,0,empty,empty,1,field_out,3,0,0
2025-09-06,SLN202509060,SFN,"Bailey, Patrick",bailp001,1,1,empty,empty,1,field_out,3,0,0
2025-09-06,SLN202509060,SFN,"Lee, Jung Hoo",lee-j001,2,2,empty,empty,1,single,3,0,0
2025-09-06,SLN202509060,SFN,"Devers, Rafael",dever001,2,2,1B,1B,1,walk,3,0,0
2025-09-06,SLN202509060,SFN,"Adames, Willy",adamw002,2,2,1B+2B,2B+3B,0,strikeout,3,0,0
2025-09-06,SLN202509060,SFN,"Smith, Dominic",smitd008,2,0,empty,empty,1,single,4,0,0
2025-09-06,SLN202509060,SFN,"Chapman, Matt",chapm001,2,0,1B,1B,1,single,4,0,0
2025-09-06,SLN202509060,SFN,"Schmitt, Casey",schmc003,2,0,2B+3B,2B+3B,1,sac_fly,4,0,0
2025-09-06,SLN202509060,SFN,"Gilbert, Drew",gilbd001,2,1,3B,3B,1,double,4,1,0
2025-09-06,SLN202509060,SFN,"Matos, Luis",matol002,2,1,2B,2B,1,strikeout,4,2,0
2025-09-06,SLN202509060,SFN,"Bailey, Patrick",bailp001,2,2,2B,2B,1,field_out,4,2,0
2025-09-06,SLN202509060,SFN,"Lee, Jung Hoo",lee-j001,3,0,empty,empty,1,field_out,5,2,0
2025-09-06,SLN202509060,SFN,"Devers, Rafael",dever001,3,1,empty,empty,1,field_out,5,2,0
2025-09-06,SLN202509060,SFN,"Adames, Willy",adamw002,3,2,empty,empty,1,field_out,5,2,0
2025-09-06,SLN202509060,SFN,"Smith, Dominic",smitd008,3,0,empty,empty,1,field_out,6,2,0
2025-09-06,SLN202509060,SFN,"Chapman, Matt",chapm001,3,1,empty,empty,1,double,6,2,0
2025-09-06,SLN202509060,SFN,"Schmitt, Casey",schmc003,3,1,2B,3B,0,field_out,6,2,0
2025-09-06,SLN202509060,SFN,"Gilbert, Drew",gilbd001,3,0,3B,empty,0,field_out,7,2,0
2025-09-06,SLN202509060,SFN,"Matos, Luis",matol002,3,1,empty,empty,1,field_out,7,2,0
2025-09-06,SLN202509060,SFN,"Bailey, Patrick",bailp001,3,2,empty,empty,1,strikeout,7,2,0
2025-09-06,SLN202509060,SFN,"Lee, Jung Hoo",lee-j001,4,0,empty,empty,1,single,8,2,0
2025-09-06,SLN202509060,SFN,"Devers, Rafael",dever001,4,0,1B,1B,1,field_out,8,2,0
2025-09-06,SLN202509060,SFN,"Adames, Willy",adamw002,4,1,1B,1B,1,field_out,8,2,0
2025-09-06,SLN202509060,SFN,"Smith, Dominic",smitd008,4,2,1B,1B,1,single,8,2,0
2025-09-06,SLN202509060,SFN,"Chapman, Matt",chapm001,4,2,1B+3B,1B+3B,1,field_out,8,2,0
2025-09-06,SLN202509060,SFN,"Schmitt, Casey",schmc003,4,0,empty,empty,1,strikeout,9,2,0
2025-09-06,SLN202509060,SFN,"Gilbert, Drew",gilbd001,4,1,empty,empty,1,field_out,9,2,0
2025-09-06,SLN202509060,SFN,"Matos, Luis",matol002,4,2,empty,empty,1,field_out,9,2,0
2025-09-07,SLN202509070,SFN,"Ramos, Heliot",ramoh002,1,0,empty,empty,1,field_out,1,0,0
2025-09-07,SLN202509070,SFN,"Devers, Rafael",dever001,1,1,empty,empty,1,field_out,1,0,0
2025-09-07,SLN202509070,SFN,"Adames, Willy",adamw002,1,2,empty,empty,1,strikeout,1,0,0
2025-09-07,SLN202509070,SFN,"Smith, Dominic",smitd008,1,0,empty,empty,1,strikeout,2,0,0
2025-09-07,SLN202509070,SFN,"Chapman, Matt",chapm001,1,1,empty,empty,1,field_out,2,0,0
2025-09-07,SLN202509070,SFN,"Lee, Jung Hoo",lee-j001,1,2,empty,empty,1,field_out,2,0,0
2025-09-07,SLN202509070,SFN,"Schmitt, Casey",schmc003,1,0,empty,empty,1,field_out,3,0,0
2025-09-07,SLN202509070,SFN,"Gilbert, Drew",gilbd001,1,1,empty,empty,1,field_out,3,0,0
2025-09-07,SLN202509070,SFN,"Knizner, Andrew",kniza001,1,2,empty,empty,1,strikeout,3,0,0
2025-09-07,SLN202509070,SFN,"Ramos, Heliot",ramoh002,2,0,empty,empty,1,field_out,4,0,0
2025-09-07,SLN202509070,SFN,"Devers, Rafael",dever001,2,1,empty,empty,1,field_out,4,0,0
2025-09-07,SLN202509070,SFN,"Adames, Willy",adamw002,2,2,empty,empty,1,walk,4,0,0
2025-09-07,SLN202509070,SFN,"Smith, Dominic",smitd008,2,2,1B,2B,0,strikeout,4,0,0
2025-09-07,SLN202509070,SFN,"Chapman, Matt",chapm001,2,0,empty,empty,1,field_out,5,0,0
2025-09-07,SLN202509070,SFN,"Lee, Jung Hoo",lee-j001,2,1,empty,empty,1,field_out,5,0,0
2025-09-07,SLN202509070,SFN,"Schmitt, Casey",schmc003,2,2,empty,empty,1,strikeout,5,0,0
2025-09-07,SLN202509070,SFN,"Gilbert, Drew",gilbd001,2,0,empty,empty,1,walk,6,0,4
2025-09-07,SLN202509070,SFN,"Knizner, Andrew",kniza001,2,0,1B,1B,1,walk,6,0,4
2025-09-07,SLN202509070,SFN,"Ramos, Heliot",ramoh002,3,0,1B+2B,1B+2B,1,strikeout,6,0,4
2025-09-07,SLN202509070,SFN,"Devers, Rafael",dever001,3,1,1B+2B,1B+2B,1,single,6,0,4
2025-09-07,SLN202509070,SFN,"Adames, Willy",adamw002,3,1,1B+2B,2B+3B,0,walk,6,1,4
2025-09-07,SLN202509070,SFN,"Smith, Dominic",smitd008,3,1,1B+2B+3B,1B+2B+3B,1,single,6,1,4
2025-09-07,SLN202509070,SFN,"Chapman, Matt",chapm001,3,1,1B+2B+3B,1B+2B+3B,1,single,6,2,4
2025-09-07,SLN202509070,SFN,"Lee, Jung Hoo",lee-j001,3,1,1B+2B+3B,1B+2B+3B,1,strikeout,6,3,4
2025-09-07,SLN202509070,SFN,"Schmitt, Casey",schmc003,3,2,1B+2B+3B,1B+2B+3B,1,field_out,6,3,4
2025-09-07,SLN202509070,SFN,"Gilbert, Drew",gilbd001,3,0,empty,empty,1,field_out,7,3,4
2025-09-07,SLN202509070,SFN,"Bailey, Patrick",bailp001,1,1,empty,empty,1,strikeout,7,3,4
2025-09-07,SLN202509070,SFN,"Ramos, Heliot",ramoh002,4,2,empty,empty,1,strikeout,7,3,4
2025-09-07,SLN202509070,SFN,"Devers, Rafael",dever001,4,0,empty,empty,1,field_out,8,3,4
2025-09-07,SLN202509070,SFN,"Adames, Willy",adamw002,4,1,empty,empty,1,strikeout,8,3,4
2025-09-07,SLN202509070,SFN,"Flores, Wilmer",florw001,1,2,empty,empty,1,double,8,3,4
2025-09-07,SLN202509070,SFN,"Chapman, Matt",chapm001,4,2,2B,2B,1,intent_walk,8,3,4
2025-09-07,SLN202509070,SFN,"Lee, Jung Hoo",lee-j001,4,2,1B+2B,1B+2B,1,strikeout,8,3,4
2025-09-07,SLN202509070,SFN,"Schmitt, Casey",schmc003,4,0,empty,empty,1,single,9,3,4
2025-09-07,SLN202509070,SFN,"Gilbert, Drew",gilbd001,4,0,1B,1B,1,field_out,9,3,4
2025-09-07,SLN202509070,SFN,"Bailey, Patrick",bailp001,2,1,1B,1B,1,grounded_into_double_play,9,3,4
2025-09-08,SFN202509080,SFN,"Ramos, Heliot",ramoh002,1,0,empty,empty,1,strikeout,1,0,0
2025-09-08,SFN202509080,SFN,"Devers, Rafael",dever001,1,1,empty,empty,1,strikeout,1,0,0
2025-09-08,SFN202509080,SFN,"Adames, Willy",adamw002,1,2,empty,empty,1,double,1,0,0
2025-09-08,SFN202509080,SFN,"Smith, Dominic",smitd008,1,2,2B,2B,1,field_out,1,0,0
2025-09-08,SFN202509080,SFN,"Chapman, Matt",chapm001,1,0,empty,empty,1,single,2,0,3
2025-09-08,SFN202509080,SFN,"Gilbert, Drew",gilbd001,1,0,1B,1B,1,field_out,2,0,3
2025-09-08,SFN202509080,SFN,"Lee, Jung Hoo",lee-j001,1,1,1B,1B,1,home_run,2,0,3
2025-09-08,SFN202509080,SFN,"Koss, Christian",kossc001,1,1,empty,empty,1,single,2,2,3
2025-09-08,SFN202509080,SFN,"Bailey, Patrick",bailp001,1,1,1B,1B,1,field_out,2,2,3
2025-09-08,SFN202509080,SFN,"Ramos, Heliot",ramoh002,2,2,1B,1B,1,field_out,2,2,3
2025-09-08,SFN202509080,SFN,"Devers, Rafael",dever001,2,0,empty,empty,1,walk,3,2,4
2025-09-08,SFN202509080,SFN,"Adames, Willy",adamw002,2,0,1B,1B,1,strikeout,3,2,4
2025-09-08,SFN202509080,SFN,"Smith, Dominic",smitd008,2,1,1B,1B,1,home_run,3,2,4
2025-09-08,SFN202509080,SFN,"Chapman, Matt",chapm001,2,1,empty,empty,1,field_out,3,4,4
2025-09-08,SFN202509080,SFN,"Gilbert, Drew",gilbd001,2,2,empty,empty,1,field_out,3,4,4
2025-09-08,SFN202509080,SFN,"Lee, Jung Hoo",lee-j001,2,0,empty,empty,1,single,4,4,4
2025-09-08,SFN202509080,SFN,"Koss, Christian",kossc001,2,0,1B,1B,1,field_out,4,4,4
2025-09-08,SFN202509080,SFN,"Bailey, Patrick",bailp001,2,1,1B,1B,1,grounded_into_double_play,4,4,4
2025-09-08,SFN202509080,SFN,"Ramos, Heliot",ramoh002,3,0,empty,empty,1,field_out,5,4,4
2025-09-08,SFN202509080,SFN,"Devers, Rafael",dever001,3,1,empty,empty,1,field_out,5,4,4
2025-09-08,SFN202509080,SFN,"Adames, Willy",adamw002,3,2,empty,empty,1,single,5,4,4
2025-09-08,SFN202509080,SFN,"Smith, Dominic",smitd008,3,2,1B,1B,1,strikeout,5,4,4
2025-09-08,SFN202509080,SFN,"Chapman, Matt",chapm001,3,0,empty,empty,1,field_error,6,4,4
2025-09-08,SFN202509080,SFN,"Matos, Luis",matol002,1,0,1B,1B,1,walk,6,4,4
2025-09-08,SFN202509080,SFN,"Lee, Jung Hoo",lee-j001,3,0,1B+2B,1B+2B,1,single,6,4,4
2025-09-08,SFN202509080,SFN,"Koss, Christian",kossc001,3,0,1B+2B+3B,1B+2B+3B,1,double,6,4,4
2025-09-08,SFN202509080,SFN,"Bailey, Patrick",bailp001,3,0,2B+3B,2B+3B,1,sac_fly,6,6,4
2025-09-08,SFN202509080,SFN,"Ramos, Heliot",ramoh002,4,1,2B,2B,1,home_run,6,7,4
2025-09-08,SFN202509080,SFN,"Devers, Rafael",dever001,4,1,empty,empty,1,field_out,6,9,4
2025-09-08,SFN202509080,SFN,"Adames, Willy",adamw002,4,2,empty,empty,1,field_out,6,9,4
2025-09-08,SFN202509080,SFN,"Smith, Dominic",smitd008,4,0,empty,empty,1,field_out,7,9,4
2025-09-08,SFN202509080,SFN,"Chapman, Matt",chapm001,4,1,empty,empty,1,home_run,7,9,4
2025-09-08,SFN202509080,SFN,"Matos, Luis",matol002,2,1,empty,empty,1,strikeout,7,10,4
2025-09-08,SFN202509080,SFN,"Lee, Jung Hoo",lee-j001,4,2,empty,empty,1,field_out,7,10,4
2025-09-08,SFN202509080,SFN,"Koss, Christian",kossc001,4,0,empty,empty,1,field_out,8,10,5
2025-09-08,SFN202509080,SFN,"Bailey, Patrick",bailp001,4,1,empty,empty,1,home_run,8,10,5
2025-09-08,SFN202509080,SFN,"Ramos, Heliot",ramoh002,5,1,empty,empty,1,strikeout,8,11,5
2025-09-08,SFN202509080,SFN,"Devers, Rafael",dever001,5,2,empty,empty,1,field_out,8,11,5
2025-09-09,SFN202509090,SFN,"Ramos, Heliot",ramoh002,1,0,empty,empty,1,walk,1,0,0
2025-09-09,SFN202509090,SFN,"Devers, Rafael",dever001,1,0,1B,1B,1,walk,1,0,0
2025-09-09,SFN202509090,SFN,"Adames, Willy",adamw002,1,0,1B+2B,1B+2B,1,home_run,1,0,0
2025-09-09,SFN202509090,SFN,"Smith, Dominic",smitd008,1,0,empty,empty,1,field_out,1,3,0
2025-09-09,SFN202509090,SFN,"Chapman, Matt",chapm001,1,1,empty,empty,1,field_out,1,3,0
2025-09-09,SFN202509090,SFN,"Lee, Jung Hoo",lee-j001,1,2,empty,empty,1,field_out,1,3,0
2025-09-09,SFN202509090,SFN,"Schmitt, Casey",schmc003,1,0,empty,empty,1,single,2,3,0
2025-09-09,SFN202509090,SFN,"Gilbert, Drew",gilbd001,1,0,1B,1B,1,field_out,2,3,0
2025-09-09,SFN202509090,SFN,"Bailey, Patrick",bailp001,1,1,1B,1B,1,strikeout,2,3,0
2025-09-09,SFN202509090,SFN,"Ramos, Heliot",ramoh002,2,2,1B,1B,1,field_out,2,3,0
2025-09-09,SFN202509090,SFN,"Devers, Rafael",dever001,2,0,empty,empty,1,strikeout,3,3,0
2025-09-09,SFN202509090,SFN,"Adames, Willy",adamw002,2,1,empty,empty,1,field_out,3,3,0
2025-09-09,SFN202509090,SFN,"Smith, Dominic",smitd008,2,2,empty,empty,1,field_out,3,3,0
2025-09-09,SFN202509090,SFN,"Chapman, Matt",chapm001,2,0,empty,empty,1,double,4,3,0
2025-09-09,SFN202509090,SFN,"Lee, Jung Hoo",lee-j001,2,0,2B,2B,1,single,4,3,0
2025-09-09,SFN202509090,SFN,"Schmitt, Casey",schmc003,2,0,1B+3B,1B+3B,1,sac_fly,4,3,0
2025-09-09,SFN202509090,SFN,"Gilbert, Drew",gilbd001,2,1,1B,1B,1,grounded_into_double_play,4,4,0
2025-09-09,SFN202509090,SFN,"Bailey, Patrick",bailp001,2,0,empty,empty,1,home_run,5,4,2
2025-09-09,SFN202509090,SFN,"Ramos, Heliot",ramoh002,3,0,empty,empty,1,field_out,5,5,2
2025-09-09,SFN202509090,SFN,"Devers, Rafael",dever001,3,1,empty,empty,1,strikeout,5,5,2
2025-09-09,SFN202509090,SFN,"Adames, Willy",adamw002,3,2,empty,empty,1,field_out,5,5,2
2025-09-09,SFN202509090,SFN,"Smith, Dominic",smitd008,3,0,empty,empty,1,field_out,6,5,3
2025-09-09,SFN202509090,SFN,"Chapman, Matt",chapm001,3,1,empty,empty,1,field_out,6,5,3
2025-09-09,SFN202509090,SFN,"Lee, Jung Hoo",lee-j001,3,2,empty,empty,1,field_out,6,5,3
2025-09-09,SFN202509090,SFN,"Schmitt, Casey",schmc003,3,0,empty,empty,1,field_out,7,5,3
2025-09-09,SFN202509090,SFN,"Gilbert, Drew",gilbd001,3,1,empty,empty,1,field_out,7,5,3
2025-09-09,SFN202509090,SFN,"Bailey, Patrick",bailp001,3,2,empty,empty,1,walk,7,5,3
2025-09-09,SFN202509090,SFN,"Ramos, Heliot",ramoh002,4,2,1B,1B,1,strikeout,7,5,3
2025-09-09,SFN202509090,SFN,"Devers, Rafael",dever001,4,0,empty,empty,1,strikeout,8,5,3
2025-09-09,SFN202509090,SFN,"Adames, Willy",adamw002,4,1,empty,empty,1,field_out,8,5,3
2025-09-09,SFN202509090,SFN,"Smith, Dominic",smitd008,4,2,empty,empty,1,field_out,8,5,3
2025-09-10,SFN202509100,SFN,"Ramos, Heliot",ramoh002,1,0,empty,empty,1,strikeout,1,0,1
2025-09-10,SFN202509100,SFN,"Devers, Rafael",dever001,1,1,empty,empty,1,walk,1,0,1
2025-09-10,SFN202509100,SFN,"Adames, Willy",adamw002,1,1,1B,1B,1,field_out,1,0,1
2025-09-10,SFN202509100,SFN,"Chapman, Matt",chapm001,1,2,1B,1B,1,field_out,1,0,1
2025-09-10,SFN202509100,SFN,"Flores, Wilmer",florw001,1,0,empty,empty,1,field_out,2,0,4
2025-09-10,SFN202509100,SFN,"Schmitt, Casey",schmc003,1,1,empty,empty,1,strikeout,2,0,4
2025-09-10,SFN202509100,SFN,"Lee, Jung Hoo",lee-j001,1,2,empty,empty,1,field_out,2,0,4
2025-09-10,SFN202509100,SFN,"Matos, Luis",matol002,1,0,empty,empty,1,field_out,3,0,4
2025-09-10,SFN202509100,SFN,"Bailey, Patrick",bailp001,1,1,empty,empty,1,field_out,3,0,4
2025-09-10,SFN202509100,SFN,"Ramos, Heliot",ramoh002,2,2,empty,empty,1,field_out,3,0,4
2025-09-10,SFN202509100,SFN,"Devers, Rafael",dever001,2,0,empty,empty,1,strikeout,4,0,4
2025-09-10,SFN202509100,SFN,"Adames, Willy",adamw002,2,1,empty,empty,1,strikeout,4,0,4
2025-09-10,SFN202509100,SFN,"Chapman, Matt",chapm001,2,2,empty,empty,1,field_out,4,0,4
2025-09-10,SFN202509100,SFN,"Flores, Wilmer",florw001,2,0,empty,empty,1,field_out,5,0,4
2025-09-10,SFN202509100,SFN,"Schmitt, Casey",schmc003,2,1,empty,empty,1,single,5,0,4
2025-09-10,SFN202509100,SFN,"Lee, Jung Hoo",lee-j001,2,1,1B,1B,1,field_out,5,0,4
2025-09-10,SFN202509100,SFN,"Matos, Luis",matol002,2,2,1B,1B,1,field_out,5,0,4
2025-09-10,SFN202509100,SFN,"Bailey, Patrick",bailp001,2,0,empty,empty,1,field_out,6,0,5
2025-09-10,SFN202509100,SFN,"Ramos, Heliot",ramoh002,3,1,empty,empty,1,strikeout,6,0,5
2025-09-10,SFN202509100,SFN,"Devers, Rafael",dever001,3,2,empty,empty,1,strikeout,6,0,5
2025-09-10,SFN202509100,SFN,"Adames, Willy",adamw002,3,0,empty,empty,1,walk,7,0,5
2025-09-10,SFN202509100,SFN,"Chapman, Matt",chapm001,3,0,1B,1B,1,single,7,0,5
2025-09-10,SFN202509100,SFN,"Flores, Wilmer",florw001,3,0,1B+3B,1B+3B,1,field_out,7,0,5
2025-09-10,SFN202509100,SFN,"Schmitt, Casey",schmc003,3,1,1B+3B,1B+3B,1,strikeout_double_play,7,0,5
2025-09-10,SFN202509100,SFN,"Lee, Jung Hoo",lee-j001,3,0,empty,empty,1,field_out,8,0,5
2025-09-10,SFN202509100,SFN,"Matos, Luis",matol002,3,1,empty,empty,1,field_out,8,0,5
2025-09-10,SFN202509100,SFN,"Bailey, Patrick",bailp001,3,2,empty,empty,1,single,8,0,5
2025-09-10,SFN202509100,SFN,"Ramos, Heliot",ramoh002,4,2,1B,1B,1,single,8,0,5
2025-09-10,SFN202509100,SFN,"Devers, Rafael",dever001,4,2,1B+2B,1B+2B,1,double,8,0,5
2025-09-10,SFN202509100,SFN,"Adames, Willy",adamw002,4,2,2B,2B,1,field_out,8,2,5
2025-09-10,SFN202509100,SFN,"Chapman, Matt",chapm001,4,0,empty,empty,1,walk,9,2,5
2025-09-10,SFN202509100,SFN,"Flores, Wilmer",florw001,4,0,1B,1B,1,field_out,9,2,5
2025-09-10,SFN202509100,SFN,"Schmitt, Casey",schmc003,4,1,1B,1B,1,double,9,2,5
2025-09-10,SFN202509100,SFN,"Lee, Jung Hoo",lee-j001,4,1,2B+3B,2B+3B,1,field_out,9,2,5
2025-09-10,SFN202509100,SFN,"Matos, Luis",matol002,4,2,3B,3B,1,field_out,9,3,5
2025-09-12,SFN202509120,SFN,"Ramos, Heliot",ramoh002,1,0,empty,empty,1,strikeout,1,0,0
2025-09-12,SFN202509120,SFN,"Devers, Rafael",dever001,1,1,empty,empty,1,walk,1,0,0
2025-09-12,SFN202509120,SFN,"Adames, Willy",adamw002,1,1,1B,1B,1,double,1,0,0
2025-09-12,SFN202509120,SFN,"Smith, Dominic",smitd008,1,1,2B,2B,1,field_out,1,1,0
2025-09-12,SFN202509120,SFN,"Chapman, Matt",chapm001,1,2,2B,2B,1,strikeout,1,1,0
2025-09-12,SFN202509120,SFN,"Lee, Jung Hoo",lee-j001,1,0,empty,empty,1,field_out,2,1,0
2025-09-12,SFN202509120,SFN,"Schmitt, Casey",schmc003,1,1,empty,empty,1,field_out,2,1,0
2025-09-12,SFN202509120,SFN,"Bailey, Patrick",bailp001,1,2,empty,empty,1,field_out,2,1,0
2025-09-12,SFN202509120,SFN,"Gilbert, Drew",gilbd001,1,0,empty,empty,1,field_out,3,1,0
2025-09-12,SFN202509120,SFN,"Ramos, Heliot",ramoh002,2,1,empty,empty,1,field_out,3,1,0
2025-09-12,SFN202509120,SFN,"Devers, Rafael",dever001,2,2,empty,empty,1,strikeout,3,1,0
2025-09-12,SFN202509120,SFN,"Adames, Willy",adamw002,2,0,empty,empty,1,strikeout,4,1,0
2025-09-12,SFN202509120,SFN,"Flores, Wilmer",florw001,1,1,empty,empty,1,strikeout,4,1,0
2025-09-12,SFN202509120,SFN,"Chapman, Matt",chapm001,2,2,empty,empty,1,field_out,4,1,0
2025-09-12,SFN202509120,SFN,"Lee, Jung Hoo",lee-j001,2,0,empty,empty,1,field_out,5,1,0
2025-09-12,SFN202509120,SFN,"Schmitt, Casey",schmc003,2,1,empty,empty,1,strikeout,5,1,0
2025-09-12,SFN202509120,SFN,"Bailey, Patrick",bailp001,2,2,empty,empty,1,strikeout,5,1,0
2025-09-12,SFN202509120,SFN,"Gilbert, Drew",gilbd001,2,0,empty,empty,1,strikeout,6,1,0
2025-09-12,SFN202509120,SFN,"Ramos, Heliot",ramoh002,3,1,empty,empty,1,field_out,6,1,0
2025-09-12,SFN202509120,SFN,"Devers, Rafael",dever001,3,2,empty,empty,1,strikeout,6,1,0
2025-09-12,SFN202509120,SFN,"Adames, Willy",adamw002,3,0,empty,empty,1,field_out,7,1,1
2025-09-12,SFN202509120,SFN,"Flores, Wilmer",florw001,2,1,empty,empty,1,field_out,7,1,1
2025-09-12,SFN202509120,SFN,"Chapman, Matt",chapm001,3,2,empty,empty,1,strikeout,7,1,1
2025-09-12,SFN202509120,SFN,"Lee, Jung Hoo",lee-j001,3,0,empty,empty,1,field_out,8,1,1
2025-09-12,SFN202509120,SFN,"Schmitt, Casey",schmc003,3,1,empty,empty,1,strikeout,8,1,1
2025-09-12,SFN202509120,SFN,"Bailey, Patrick",bailp001,3,2,empty,empty,1,strikeout,8,1,1
2025-09-12,SFN202509120,SFN,"Matos, Luis",matol002,1,0,empty,empty,1,field_error,9,1,1
2025-09-12,SFN202509120,SFN,"Ramos, Heliot",ramoh002,4,0,1B,1B,1,strikeout,9,1,1
2025-09-12,SFN202509120,SFN,"Devers, Rafael",dever001,4,1,1B,1B,1,single,9,1,1
2025-09-12,SFN202509120,SFN,"Adames, Willy",adamw002,4,1,1B+3B,1B+3B,1,intent_walk,9,1,1
2025-09-12,SFN202509120,SFN,"Flores, Wilmer",florw001,3,1,1B+2B+3B,1B+2B+3B,1,double_play,9,1,1
2025-09-12,SFN202509120,SFN,"Chapman, Matt",chapm001,4,0,2B,2B,1,field_out,10,1,1
2025-09-12,SFN202509120,SFN,"Lee, Jung Hoo",lee-j001,4,1,3B,3B,1,walk,10,1,1
2025-09-12,SFN202509120,SFN,"Schmitt, Casey",schmc003,4,1,1B+3B,1B+3B,1,intent_walk,10,1,1
2025-09-12,SFN202509120,SFN,"Bailey, Patrick",bailp001,4,1,1B+2B+3B,1B+2B+3B,1,home_run,10,1,1
2025-09-13,SFN202509130,SFN,"Ramos, Heliot",ramoh002,1,0,empty,empty,1,single,1,0,1
2025-09-13,SFN202509130,SFN,"Devers, Rafael",dever001,1,0,1B,1B,1,walk,1,0,1
2025-09-13,SFN202509130,SFN,"Adames, Willy",adamw002,1,0,1B+2B,1B+2B,1,single,1,0,1
2025-09-13,SFN202509130,SFN,"Chapman, Matt",chapm001,1,0,2B+3B,2B+3B,1,single,1,1,1
2025-09-13,SFN202509130,SFN,"Flores, Wilmer",florw001,1,0,1B+3B,1B+3B,1,strikeout,1,2,1
2025-09-13,SFN202509130,SFN,"Schmitt, Casey",schmc003,1,1,1B+3B,1B+3B,1,walk,1,2,1
2025-09-13,SFN202509130,SFN,"Encarnacion, Jerar",encaj002,1,1,1B+2B+3B,1B+2B+3B,1,field_out,1,2,1
2025-09-13,SFN202509130,SFN,"Matos, Luis",matol002,1,2,1B+3B,1B+3B,1,single,1,3,1
2025-09-13,SFN202509130,SFN,"Bailey, Patrick",bailp001,1,2,1B+2B,1B+2B,1,field_out,1,4,1
2025-09-13,SFN202509130,SFN,"Ramos, Heliot",ramoh002,2,0,empty,empty,1,field_out,2,4,1
2025-09-13,SFN202509130,SFN,"Devers, Rafael",dever001,2,1,empty,empty,1,field_out,2,4,1
2025-09-13,SFN202509130,SFN,"Adames, Willy",adamw002,2,2,empty,empty,1,single,2,4,1
2025-09-13,SFN202509130,SFN,"Chapman, Matt",chapm001,2,2,1B,1B,1,walk,2,4,1
2025-09-13,SFN202509130,SFN,"Flores, Wilmer",florw001,2,2,1B+2B,1B+2B,1,walk,2,4,1
2025-09-13,SFN202509130,SFN,"Schmitt, Casey",schmc003,2,2,1B+2B+3B,1B+2B+3B,1,field_out,2,4,1
2025-09-13,SFN202509130,SFN,"Encarnacion, Jerar",encaj002,2,0,empty,empty,1,strikeout,3,4,3
2025-09-13,SFN202509130,SFN,"Matos, Luis",matol002,2,1,empty,empty,1,field_out,3,4,3
2025-09-13,SFN202509130,SFN,"Bailey, Patrick",bailp001,2,2,empty,empty,1,field_out,3,4,3
2025-09-13,SFN202509130,SFN,"Ramos, Heliot",ramoh002,3,0,empty,empty,1,strikeout,4,4,3
2025-09-13,SFN202509130,SFN,"Devers, Rafael",dever001,3,1,empty,empty,1,strikeout,4,4,3
2025-09-13,SFN202509130,SFN,"Adames, Willy",adamw002,3,2,empty,empty,1,strikeout,4,4,3
2025-09-13,SFN202509130,SFN,"Chapman, Matt",chapm001,3,0,empty,empty,1,double,5,4,9
2025-09-13,SFN202509130,SFN,"Flores, Wilmer",florw001,3,0,2B,2B,1,strikeout,5,4,9
2025-09-13,SFN202509130,SFN,"Schmitt, Casey",schmc003,3,1,2B,2B,1,field_out,5,4,9
2025-09-13,SFN202509130,SFN,"Encarnacion, Jerar",encaj002,3,2,2B,2B,1,double,5,4,9
2025-09-13,SFN202509130,SFN,"Matos, Luis",matol002,3,2,2B,2B,1,walk,5,5,9
2025-09-13,SFN202509130,SFN,"Bailey, Patrick",bailp001,3,2,1B+2B,1B+2B,1,double,5,5,9
2025-09-13,SFN202509130,SFN,"Ramos, Heliot",ramoh002,4,2,2B,2B,1,strikeout,5,7,9
2025-09-13,SFN202509130,SFN,"Devers, Rafael",dever001,4,0,empty,empty,1,field_out,6,7,12
2025-09-13,SFN202509130,SFN,"Adames, Willy",adamw002,4,1,empty,empty,1,strikeout,6,7,12
2025-09-13,SFN202509130,SFN,"Chapman, Matt",chapm001,4,2,empty,empty,1,strikeout,6,7,12
2025-09-13,SFN202509130,SFN,"Flores, Wilmer",florw001,4,0,empty,empty,1,field_out,7,7,12
2025-09-13,SFN202509130,SFN,"Schmitt, Casey",schmc003,4,1,empty,empty,1,strikeout,7,7,12
2025-09-13,SFN202509130,SFN,"Encarnacion, Jerar",encaj002,4,2,empty,empty,1,field_out,7,7,12
2025-09-13,SFN202509130,SFN,"Matos, Luis",matol002,4,0,empty,empty,1,field_out,8,7,12
2025-09-13,SFN202509130,SFN,"Bailey, Patrick",bailp001,4,1,empty,empty,1,walk,8,7,12
2025-09-13,SFN202509130,SFN,"Ramos, Heliot",ramoh002,5,1,1B,2B,0,walk,8,7,12
2025-09-13,SFN202509130,SFN,"Devers, Rafael",dever001,5,1,1B+2B,1B+2B,1,strikeout,8,7,12
2025-09-13,SFN202509130,SFN,"Adames, Willy",adamw002,5,2,1B+2B,1B+2B,1,field_out,8,7,12
2025-09-13,SFN202509130,SFN,"Chapman, Matt",chapm001,5,0,empty,empty,1,field_out,9,7,13
2025-09-13,SFN202509130,SFN,"Flores, Wilmer",florw001,5,1,empty,empty,1,strikeout,9,7,13
2025-09-13,SFN202509130,SFN,"Schmitt, Casey",schmc003,5,2,empty,empty,1,field_out,9,7,13
2025-09-14,SFN202509140,SFN,"Ramos, Heliot",ramoh002,1,0,empty,empty,1,walk,1,0,0
2025-09-14,SFN202509140,SFN,"Devers, Rafael",dever001,1,0,1B,1B,1,grounded_into_double_play,1,0,0
2025-09-14,SFN202509140,SFN,"Adames, Willy",adamw002,1,2,empty,empty,1,walk,1,0,0
2025-09-14,SFN202509140,SFN,"Chapman, Matt",chapm001,1,2,1B,2B,0,strikeout,1,0,0
2025-09-14,SFN202509140,SFN,"Lee, Jung Hoo",lee-j001,1,0,empty,empty,1,hit_by_pitch,2,0,1
2025-09-14,SFN202509140,SFN,"Flores, Wilmer",florw001,1,0,1B,1B,1,single,2,0,1
2025-09-14,SFN202509140,SFN,"Bailey, Patrick",bailp001,1,0,1B+2B,1B+2B,1,field_out,2,0,1
2025-09-14,SFN202509140,SFN,"Schmitt, Casey",schmc003,1,1,1B+2B,1B+3B,0,sac_fly,2,0,1
2025-09-14,SFN202509140,SFN,"Gilbert, Drew",gilbd001,1,2,1B,1B,1,field_out,2,1,1
2025-09-14,SFN202509140,SFN,"Ramos, Heliot",ramoh002,2,0,empty,empty,1,walk,3,1,2
2025-09-14,SFN202509140,SFN,"Devers, Rafael",dever001,2,0,1B,1B,1,field_out,3,1,2
2025-09-14,SFN202509140,SFN,"Adames, Willy",adamw002,2,1,1B,1B,1,field_out,3,1,2
2025-09-14,SFN202509140,SFN,"Chapman, Matt",chapm001,2,2,1B,1B,1,walk,3,1,2
2025-09-14,SFN202509140,SFN,"Lee, Jung Hoo",lee-j001,2,2,1B+2B,1B+2B,1,field_out,3,1,2
2025-09-14,SFN202509140,SFN,"Flores, Wilmer",florw001,2,0,empty,empty,1,field_out,4,1,2
2025-09-14,SFN202509140,SFN,"Bailey, Patrick",bailp001,2,1,empty,empty,1,strikeout,4,1,2
2025-09-14,SFN202509140,SFN,"Schmitt, Casey",schmc003,2,2,empty,empty,1,field_out,4,1,2
2025-09-14,SFN202509140,SFN,"Gilbert, Drew",gilbd001,2,0,empty,empty,1,field_out,5,1,6
2025-09-14,SFN202509140,SFN,"Ramos, Heliot",ramoh002,3,1,empty,empty,1,field_out,5,1,6
2025-09-14,SFN202509140,SFN,"Devers, Rafael",dever001,3,2,empty,empty,1,field_out,5,1,6
2025-09-14,SFN202509140,SFN,"Adames, Willy",adamw002,3,0,empty,empty,1,strikeout,6,1,8
2025-09-14,SFN202509140,SFN,"Chapman, Matt",chapm001,3,1,empty,empty,1,field_out,6,1,8
2025-09-14,SFN202509140,SFN,"Lee, Jung Hoo",lee-j001,3,2,empty,empty,1,strikeout,6,1,8
2025-09-14,SFN202509140,SFN,"Flores, Wilmer",florw001,3,0,empty,empty,1,field_out,7,1,8
2025-09-14,SFN202509140,SFN,"Knizner, Andrew",kniza001,1,1,empty,empty,1,single,7,1,8
2025-09-14,SFN202509140,SFN,"Schmitt, Casey",schmc003,3,1,1B,1B,1,field_out,7,1,8
2025-09-14,SFN202509140,SFN,"Gilbert, Drew",gilbd001,3,2,1B,1B,1,double,7,1,8
2025-09-14,SFN202509140,SFN,"Ramos, Heliot",ramoh002,4,2,2B+3B,2B+3B,1,field_out,7,1,8
2025-09-14,SFN202509140,SFN,"Devers, Rafael",dever001,4,0,empty,empty,1,walk,8,1,9
2025-09-14,SFN202509140,SFN,"Adames, Willy",adamw002,4,0,1B,1B,1,single,8,1,9
2025-09-14,SFN202509140,SFN,"Chapman, Matt",chapm001,4,0,1B+2B,1B+2B,1,field_out,8,1,9
2025-09-14,SFN202509140,SFN,"Lee, Jung Hoo",lee-j001,4,1,1B+2B,1B+2B,1,field_out,8,1,9
2025-09-14,SFN202509140,SFN,"Flores, Wilmer",florw001,4,2,1B+2B,1B+2B,1,single,8,1,9
2025-09-14,SFN202509140,SFN,"Knizner, Andrew",kniza001,2,2,1B+3B,1B+3B,1,field_out,8,2,9
2025-09-14,SFN202509140,SFN,"Schmitt, Casey",schmc003,4,0,empty,empty,1,field_out,9,2,10
2025-09-14,SFN202509140,SFN,"Gilbert, Drew",gilbd001,4,1,empty,empty,1,field_out,9,2,10
2025-09-14,SFN202509140,SFN,"Encarnacion, Jerar",encaj002,1,2,empty,empty,1,field_out,9,2,10
2025-09-15,ARI202509150,SFN,"Lee, Jung Hoo",lee-j001,1,0,empty,empty,1,field_out,1,0,0
2025-09-15,ARI202509150,SFN,"Adames, Willy",adamw002,1,1,empty,empty,1,strikeout,1,0,0
2025-09-15,ARI202509150,SFN,"Devers, Rafael",dever001,1,2,empty,empty,1,strikeout,1,0,0
2025-09-15,ARI202509150,SFN,"Chapman, Matt",chapm001,1,0,empty,empty,1,field_out,2,0,1
2025-09-15,ARI202509150,SFN,"Eldridge, Bryce",eldrb002,1,1,empty,empty,1,field_out,2,0,1
2025-09-15,ARI202509150,SFN,"Ramos, Heliot",ramoh002,1,2,empty,empty,1,field_out,2,0,1
2025-09-15,ARI202509150,SFN,"Bailey, Patrick",bailp001,1,0,empty,empty,1,strikeout,3,0,1
2025-09-15,ARI202509150,SFN,"Schmitt, Casey",schmc003,1,1,empty,empty,1,home_run,3,0,1
2025-09-15,ARI202509150,SFN,"Gilbert, Drew",gilbd001,1,1,empty,empty,1,field_out,3,1,1
2025-09-15,ARI202509150,SFN,"Lee, Jung Hoo",lee-j001,2,2,empty,empty,1,walk,3,1,1
2025-09-15,ARI202509150,SFN,"Adames, Willy",adamw002,2,2,1B,1B,1,strikeout,3,1,1
2025-09-15,ARI202509150,SFN,"Devers, Rafael",dever001,2,0,empty,empty,1,field_out,4,1,1
2025-09-15,ARI202509150,SFN,"Chapman, Matt",chapm001,2,1,empty,empty,1,strikeout,4,1,1
2025-09-15,ARI202509150,SFN,"Eldridge, Bryce",eldrb002,2,2,empty,empty,1,strikeout,4,1,1
2025-09-15,ARI202509150,SFN,"Ramos, Heliot",ramoh002,2,0,empty,empty,1,field_out,5,1,1
2025-09-15,ARI202509150,SFN,"Bailey, Patrick",bailp001,2,1,empty,empty,1,field_out,5,1,1
2025-09-15,ARI202509150,SFN,"Schmitt, Casey",schmc003,2,2,empty,empty,1,single,5,1,1
2025-09-15,ARI202509150,SFN,"Gilbert, Drew",gilbd001,2,2,1B,1B,1,field_out,5,1,1
2025-09-15,ARI202509150,SFN,"Lee, Jung Hoo",lee-j001,3,0,empty,empty,1,field_out,6,1,1
2025-09-15,ARI202509150,SFN,"Adames, Willy",adamw002,3,1,empty,empty,1,field_out,6,1,1
2025-09-15,ARI202509150,SFN,"Devers, Rafael",dever001,3,2,empty,empty,1,field_out,6,1,1
2025-09-15,ARI202509150,SFN,"Chapman, Matt",chapm001,3,0,empty,empty,1,walk,7,1,7
2025-09-15,ARI202509150,SFN,"Eldridge, Bryce",eldrb002,3,0,1B,1B,1,field_out,7,1,7
2025-09-15,ARI202509150,SFN,"Ramos, Heliot",ramoh002,3,1,1B,1B,1,field_out,7,1,7
2025-09-15,ARI202509150,SFN,"Bailey, Patrick",bailp001,3,2,1B,1B,1,strikeout,7,1,7
2025-09-15,ARI202509150,SFN,"Schmitt, Casey",schmc003,3,0,empty,empty,1,strikeout,8,1,7
2025-09-15,ARI202509150,SFN,"Gilbert, Drew",gilbd001,3,1,empty,empty,1,strikeout,8,1,7
2025-09-15,ARI202509150,SFN,"Lee, Jung Hoo",lee-j001,4,2,empty,empty,1,field_out,8,1,7
2025-09-15,ARI202509150,SFN,"Adames, Willy",adamw002,4,0,empty,empty,1,strikeout,9,1,8
2025-09-15,ARI202509150,SFN,"Devers, Rafael",dever001,4,1,empty,empty,1,field_out,9,1,8
2025-09-15,ARI202509150,SFN,"Chapman, Matt",chapm001,4,2,empty,empty,1,field_out,9,1,8
2025-09-16,ARI202509160,SFN,"Ramos, Heliot",ramoh002,1,0,empty,empty,1,double,1,0,0
2025-09-16,ARI202509160,SFN,"Devers, Rafael",dever001,1,0,2B,2B,1,single,1,0,0
2025-09-16,ARI202509160,SFN,"Adames, Willy",adamw002,1,0,1B+3B,1B+3B,1,field_out,1,0,0
2025-09-16,ARI202509160,SFN,"Chapman, Matt",chapm001,1,1,1B+3B,1B+3B,1,sac_fly,1,0,0
2025-09-16,ARI202509160,SFN,"Flores, Wilmer",florw001,1,2,2B,2B,1,single,1,1,0
2025-09-16,ARI202509160,SFN,"Schmitt, Casey",schmc003,1,2,1B,1B,1,single,1,2,0
2025-09-16,ARI202509160,SFN,"Encarnacion, Jerar",encaj002,1,2,1B+2B,1B+2B,1,double,1,2,0
2025-09-16,ARI202509160,SFN,"Lee, Jung Hoo",lee-j001,1,2,2B,2B,1,field_out,1,4,0
2025-09-16,ARI202509160,SFN,"Knizner, Andrew",kniza001,1,0,empty,empty,1,single,2,4,0
2025-09-16,ARI202509160,SFN,"Ramos, Heliot",ramoh002,2,0,1B,1B,1,strikeout,2,4,0
2025-09-16,ARI202509160,SFN,"Devers, Rafael",dever001,2,1,1B,1B,1,strikeout,2,4,0
2025-09-16,ARI202509160,SFN,"Adames, Willy",adamw002,2,2,1B,1B,1,field_out,2,4,0
2025-09-16,ARI202509160,SFN,"Chapman, Matt",chapm001,2,0,empty,empty,1,field_out,3,4,3
2025-09-16,ARI202509160,SFN,"Flores, Wilmer",florw001,2,1,empty,empty,1,home_run,3,4,3
2025-09-16,ARI202509160,SFN,"Schmitt, Casey",schmc003,2,1,empty,empty,1,field_out,3,5,3
2025-09-16,ARI202509160,SFN,"Encarnacion, Jerar",encaj002,2,2,empty,empty,1,single,3,5,3
2025-09-16,ARI202509160,SFN,"Lee, Jung Hoo",lee-j001,2,2,1B,1B,1,field_out,3,5,3
2025-09-16,ARI202509160,SFN,"Knizner, Andrew",kniza001,2,0,empty,empty,1,field_out,4,5,3
2025-09-16,ARI202509160,SFN,"Ramos, Heliot",ramoh002,3,1,empty,empty,1,field_out,4,5,3
2025-09-16,ARI202509160,SFN,"Devers, Rafael",dever001,3,2,empty,empty,1,field_out,4,5,3
2025-09-16,ARI202509160,SFN,"Adames, Willy",adamw002,3,0,empty,empty,1,walk,5,5,3
2025-09-16,ARI202509160,SFN,"Chapman, Matt",chapm001,3,0,1B,1B,1,grounded_into_double_play,5,5,3
2025-09-16,ARI202509160,SFN,"Flores, Wilmer",florw001,3,2,empty,empty,1,field_out,5,5,3
2025-09-16,ARI202509160,SFN,"Schmitt, Casey",schmc003,3,0,empty,empty,1,field_out,6,5,5
2025-09-16,ARI202509160,SFN,"Encarnacion, Jerar",encaj002,3,1,empty,empty,1,field_out,6,5,5
2025-09-16,ARI202509160,SFN,"Lee, Jung Hoo",lee-j001,3,2,empty,empty,1,field_out,6,5,5
2025-09-16,ARI202509160,SFN,"Knizner, Andrew",kniza001,3,0,empty,empty,1,field_out,7,5,5
2025-09-16,ARI202509160,SFN,"Ramos, Heliot",ramoh002,4,1,empty,empty,1,field_out,7,5,5
2025-09-16,ARI202509160,SFN,"Devers, Rafael",dever001,4,2,empty,empty,1,field_out,7,5,5
2025-09-16,ARI202509160,SFN,"Adames, Willy",adamw002,4,0,empty,empty,1,field_out,8,5,5
2025-09-16,ARI202509160,SFN,"Chapman, Matt",chapm001,4,1,empty,empty,1,field_out,8,5,5
2025-09-16,ARI202509160,SFN,"Flores, Wilmer",florw001,4,2,empty,empty,1,field_out,8,5,5
2025-09-16,ARI202509160,SFN,"Schmitt, Casey",schmc003,4,0,empty,empty,1,field_out,9,5,5
2025-09-16,ARI202509160,SFN,"Encarnacion, Jerar",encaj002,4,1,empty,empty,1,strikeout,9,5,5
2025-09-16,ARI202509160,SFN,"Lee, Jung Hoo",lee-j001,4,2,empty,empty,1,field_out,9,5,5
2025-09-17,ARI202509170,SFN,"Ramos, Heliot",ramoh002,1,0,empty,empty,1,field_out,1,0,0
2025-09-17,ARI202509170,SFN,"Devers, Rafael",dever001,1,1,empty,empty,1,strikeout,1,0,0
2025-09-17,ARI202509170,SFN,"Adames, Willy",adamw002,1,2,empty,empty,1,walk,1,0,0
2025-09-17,ARI202509170,SFN,"Chapman, Matt",chapm001,1,2,1B,1B,1,strikeout,1,0,0
2025-09-17,ARI202509170,SFN,"Eldridge, Bryce",eldrb002,1,0,empty,empty,1,strikeout,2,0,0
2025-09-17,ARI202509170,SFN,"Encarnacion, Jerar",encaj002,1,1,empty,empty,1,strikeout,2,0,0
2025-09-17,ARI202509170,SFN,"Bailey, Patrick",bailp001,1,2,empty,empty,1,field_out,2,0,0
2025-09-17,ARI202509170,SFN,"Koss, Christian",kossc001,1,0,empty,empty,1,field_out,3,0,0
2025-09-17,ARI202509170,SFN,"Gilbert, Drew",gilbd001,1,1,empty,empty,1,field_out,3,0,0
2025-09-17,ARI202509170,SFN,"Ramos, Heliot",ramoh002,2,2,empty,empty,1,field_out,3,0,0
2025-09-17,ARI202509170,SFN,"Devers, Rafael",dever001,2,0,empty,empty,1,field_out,4,0,0
2025-09-17,ARI202509170,SFN,"Adames, Willy",adamw002,2,1,empty,empty,1,field_out,4,0,0
2025-09-17,ARI202509170,SFN,"Chapman, Matt",chapm001,2,2,empty,empty,1,field_out,4,0,0
2025-09-17,ARI202509170,SFN,"Eldridge, Bryce",eldrb002,2,0,empty,empty,1,strikeout,5,0,0
2025-09-17,ARI202509170,SFN,"Encarnacion, Jerar",encaj002,2,1,empty,empty,1,field_out,5,0,0
2025-09-17,ARI202509170,SFN,"Bailey, Patrick",bailp001,2,2,empty,empty,1,strikeout,5,0,0
2025-09-17,ARI202509170,SFN,"Koss, Christian",kossc001,2,0,empty,empty,1,field_out,6,0,0
2025-09-17,ARI202509170,SFN,"Gilbert, Drew",gilbd001,2,1,empty,empty,1,single,6,0,0
2025-09-17,ARI202509170,SFN,"Ramos, Heliot",ramoh002,3,1,1B,1B,1,grounded_into_double_play,6,0,0
2025-09-17,ARI202509170,SFN,"Devers, Rafael",dever001,3,0,empty,empty,1,field_out,7,0,0
2025-09-17,ARI202509170,SFN,"Adames, Willy",adamw002,3,1,empty,empty,1,field_out,7,0,0
2025-09-17,ARI202509170,SFN,"Chapman, Matt",chapm001,3,2,empty,empty,1,field_out,7,0,0
2025-09-17,ARI202509170,SFN,"Eldridge, Bryce",eldrb002,3,0,empty,empty,1,field_out,8,0,0
2025-09-17,ARI202509170,SFN,"Encarnacion, Jerar",encaj002,3,1,empty,empty,1,strikeout,8,0,0
2025-09-17,ARI202509170,SFN,"Bailey, Patrick",bailp001,3,2,empty,empty,1,field_out,8,0,0
2025-09-17,ARI202509170,SFN,"Koss, Christian",kossc001,3,0,empty,empty,1,field_out,9,0,0
2025-09-17,ARI202509170,SFN,"Gilbert, Drew",gilbd001,3,1,empty,empty,1,field_error,9,0,0
2025-09-17,ARI202509170,SFN,"Ramos, Heliot",ramoh002,4,1,1B,1B,1,grounded_into_double_play,9,0,0
2025-09-17,ARI202509170,SFN,"Devers, Rafael",dever001,4,0,2B,2B,1,field_out,10,0,0
2025-09-17,ARI202509170,SFN,"Adames, Willy",adamw002,4,1,3B,3B,1,strikeout,10,0,0
2025-09-17,ARI202509170,SFN,"Chapman, Matt",chapm001,4,2,3B,3B,1,strikeout,10,0,0
2025-09-17,ARI202509170,SFN,"Eldridge, Bryce",eldrb002,4,0,2B,3B,0,walk,11,0,0
2025-09-17,ARI202509170,SFN,"Encarnacion, Jerar",encaj002,4,0,1B+3B,1B+3B,1,single,11,0,0
2025-09-17,ARI202509170,SFN,"Bailey, Patrick",bailp001,4,0,1B+2B,1B+2B,1,single,11,1,0
2025-09-17,ARI202509170,SFN,"Koss, Christian",kossc001,4,0,1B+2B+3B,1B+2B+3B,1,double,11,1,0
2025-09-17,ARI202509170,SFN,"Gilbert, Drew",gilbd001,4,0,2B+3B,2B+3B,1,strikeout,11,3,0
2025-09-17,ARI202509170,SFN,"McCray, Grant",mccrg001,1,1,2B+3B,2B+3B,1,sac_fly,11,3,0
2025-09-17,ARI202509170,SFN,"Devers, Rafael",dever001,5,2,2B,2B,1,single,11,4,0
2025-09-17,ARI202509170,SFN,"Adames, Willy",adamw002,5,2,1B,1B,1,strikeout,11,5,0
2025-09-18,LAN202509180,SFN,"Ramos, Heliot",ramoh002,1,0,empty,empty,1,field_out,1,0,0
2025-09-18,LAN202509180,SFN,"Devers, Rafael",dever001,1,1,empty,empty,1,field_out,1,0,0
2025-09-18,LAN202509180,SFN,"Adames, Willy",adamw002,1,2,empty,empty,1,walk,1,0,0
2025-09-18,LAN202509180,SFN,"Chapman, Matt",chapm001,1,2,1B,1B,1,walk,1,0,0
2025-09-18,LAN202509180,SFN,"Eldridge, Bryce",eldrb002,1,2,1B+2B,1B+2B,1,strikeout,1,0,0
2025-09-18,LAN202509180,SFN,"Schmitt, Casey",schmc003,1,0,empty,empty,1,field_out,2,0,0
2025-09-18,LAN202509180,SFN,"Lee, Jung Hoo",lee-j001,1,1,empty,empty,1,field_out,2,0,0
2025-09-18,LAN202509180,SFN,"Bailey, Patrick",bailp001,1,2,empty,empty,1,single,2,0,0
2025-09-18,LAN202509180,SFN,"Gilbert, Drew",gilbd001,1,2,1B,1B,1,field_out,2,0,0
2025-09-18,LAN202509180,SFN,"Ramos, Heliot",ramoh002,2,0,empty,empty,1,field_out,3,0,0
2025-09-18,LAN202509180,SFN,"Devers, Rafael",dever001,2,1,empty,empty,1,strikeout,3,0,0
2025-09-18,LAN202509180,SFN,"Adames, Willy",adamw002,2,2,empty,empty,1,field_out,3,0,0
2025-09-18,LAN202509180,SFN,"Chapman, Matt",chapm001,2,0,empty,empty,1,walk,4,0,0
2025-09-18,LAN202509180,SFN,"Eldridge, Bryce",eldrb002,2,0,1B,1B,1,strikeout,4,0,0
2025-09-18,LAN202509180,SFN,"Schmitt, Casey",schmc003,2,2,1B,empty,0,walk,4,0,0
2025-09-18,LAN202509180,SFN,"Lee, Jung Hoo",lee-j001,2,2,1B,1B,1,strikeout,4,0,0
2025-09-18,LAN202509180,SFN,"Bailey, Patrick",bailp001,2,0,empty,empty,1,strikeout,5,0,0
2025-09-18,LAN202509180,SFN,"Gilbert, Drew",gilbd001,2,1,empty,empty,1,field_out,5,0,0
2025-09-18,LAN202509180,SFN,"Ramos, Heliot",ramoh002,3,2,empty,empty,1,walk,5,0,0
2025-09-18,LAN202509180,SFN,"Devers, Rafael",dever001,3,2,1B,1B,1,strikeout,5,0,0
2025-09-18,LAN202509180,SFN,"Adames, Willy",adamw002,3,0,empty,empty,1,walk,6,0,0
2025-09-18,LAN202509180,SFN,"Chapman, Matt",chapm001,3,0,1B,2B,0,strikeout,6,0,0
2025-09-18,LAN202509180,SFN,"Eldridge, Bryce",eldrb002,3,1,2B,2B,1,field_out,6,0,0
2025-09-18,LAN202509180,SFN,"Schmitt, Casey",schmc003,3,2,2B,2B,1,strikeout,6,0,0
2025-09-18,LAN202509180,SFN,"Lee, Jung Hoo",lee-j001,3,0,empty,empty,1,walk,7,0,2
2025-09-18,LAN202509180,SFN,"Bailey, Patrick",bailp001,3,0,1B,2B,0,walk,7,0,2
2025-09-18,LAN202509180,SFN,"Gilbert, Drew",gilbd001,3,0,1B+2B,1B+2B,1,strikeout,7,0,2
2025-09-18,LAN202509180,SFN,"Ramos, Heliot",ramoh002,4,1,1B+2B,1B+2B,1,walk,7,0,2
2025-09-18,LAN202509180,SFN,"Devers, Rafael",dever001,4,1,1B+2B+3B,1B+2B+3B,1,walk,7,0,2
2025-09-18,LAN202509180,SFN,"Adames, Willy",adamw002,4,1,1B+2B+3B,1B+2B+3B,1,strikeout,7,1,2
2025-09-18,LAN202509180,SFN,"Chapman, Matt",chapm001,4,2,1B+2B+3B,1B+2B+3B,1,strikeout,7,1,2
2025-09-18,LAN202509180,SFN,"Flores, Wilmer",florw001,1,0,empty,empty,1,field_out,8,1,2
2025-09-18,LAN202509180,SFN,"Schmitt, Casey",schmc003,4,1,empty,empty,1,strikeout,8,1,2
2025-09-18,LAN202509180,SFN,"Lee, Jung Hoo",lee-j001,4,2,empty,empty,1,field_out,8,1,2
2025-09-18,LAN202509180,SFN,"Koss, Christian",kossc001,1,0,empty,empty,1,strikeout,9,1,2
2025-09-18,LAN202509180,SFN,"Encarnacion, Jerar",encaj002,1,1,empty,empty,1,strikeout,9,1,2
2025-09-18,LAN202509180,SFN,"Ramos, Heliot",ramoh002,5,2,empty,empty,1,field_out,9,1,2
2025-09-19,LAN202509190,SFN,"Ramos, Heliot",ramoh002,1,0,empty,empty,1,home_run,1,0,0
2025-09-19,LAN202509190,SFN,"Adames, Willy",adamw002,1,0,empty,empty,1,strikeout,1,1,0
2025-09-19,LAN202509190,SFN,"Devers, Rafael",dever001,1,1,empty,empty,1,walk,1,1,0
2025-09-19,LAN202509190,SFN,"Chapman, Matt",chapm001,1,1,1B,1B,1,fielders_choice,1,1,0
2025-09-19,LAN202509190,SFN,"Flores, Wilmer",florw001,1,1,1B+2B,1B+2B,1,strikeout,1,1,0
2025-09-19,LAN202509190,SFN,"Schmitt, Casey",schmc003,1,2,1B+2B,1B+2B,1,field_out,1,1,0
2025-09-19,LAN202509190,SFN,"Encarnacion, Jerar",encaj002,1,0,empty,empty,1,walk,2,1,0
2025-09-19,LAN202509190,SFN,"Bailey, Patrick",bailp001,1,0,1B,1B,1,strikeout,2,1,0
2025-09-19,LAN202509190,SFN,"Gilbert, Drew",gilbd001,1,1,1B,1B,1,walk,2,1,0
2025-09-19,LAN202509190,SFN,"Ramos, Heliot",ramoh002,2,1,1B+2B,1B+2B,1,field_out,2,1,0
2025-09-19,LAN202509190,SFN,"Adames, Willy",adamw002,2,2,1B+2B,1B+2B,1,field_out,2,1,0
2025-09-19,LAN202509190,SFN,"Devers, Rafael",dever001,2,0,empty,empty,1,strikeout,3,1,1
2025-09-19,LAN202509190,SFN,"Chapman, Matt",chapm001,2,1,empty,empty,1,double,3,1,1
2025-09-19,LAN202509190,SFN,"Flores, Wilmer",florw001,2,1,2B,2B,1,single,3,1,1
2025-09-19,LAN202509190,SFN,"Schmitt, Casey",schmc003,2,1,1B,1B,1,walk,3,2,1
2025-09-19,LAN202509190,SFN,"Encarnacion, Jerar",encaj002,2,1,1B+2B,1B+2B,1,grounded_into_double_play,3,2,1
2025-09-19,LAN202509190,SFN,"Bailey, Patrick",bailp001,2,0,empty,empty,1,single,4,2,1
2025-09-19,LAN202509190,SFN,"Gilbert, Drew",gilbd001,2,0,1B,1B,1,field_out,4,2,1
2025-09-19,LAN202509190,SFN,"Ramos, Heliot",ramoh002,3,1,1B,1B,1,field_out,4,2,1
2025-09-19,LAN202509190,SFN,"Adames, Willy",adamw002,3,2,1B,1B,1,strikeout,4,2,1
2025-09-19,LAN202509190,SFN,"Devers, Rafael",dever001,3,0,empty,empty,1,strikeout,5,2,1
2025-09-19,LAN202509190,SFN,"Chapman, Matt",chapm001,3,1,empty,empty,1,strikeout,5,2,1
2025-09-19,LAN202509190,SFN,"Flores, Wilmer",florw001,3,2,empty,empty,1,field_out,5,2,1
2025-09-19,LAN202509190,SFN,"Schmitt, Casey",schmc003,3,0,empty,empty,1,strikeout,6,2,5
2025-09-19,LAN202509190,SFN,"Encarnacion, Jerar",encaj002,3,1,empty,empty,1,single,6,2,5
2025-09-19,LAN202509190,SFN,"Bailey, Patrick",bailp001,3,1,1B,2B,0,strikeout,6,2,5
2025-09-19,LAN202509190,SFN,"Gilbert, Drew",gilbd001,3,2,2B,2B,1,strikeout,6,2,5
2025-09-19,LAN202509190,SFN,"Ramos, Heliot",ramoh002,4,0,empty,empty,1,strikeout,7,2,6
2025-09-19,LAN202509190,SFN,"Adames, Willy",adamw002,4,1,empty,empty,1,double,7,2,6
2025-09-19,LAN202509190,SFN,"Devers, Rafael",dever001,4,1,2B,2B,1,strikeout,7,2,6
2025-09-19,LAN202509190,SFN,"Chapman, Matt",chapm001,4,2,2B,2B,1,single,7,2,6
2025-09-19,LAN202509190,SFN,"Flores, Wilmer",florw001,4,2,1B,1B,1,field_out,7,3,6
2025-09-19,LAN202509190,SFN,"Schmitt, Casey",schmc003,4,0,empty,empty,1,field_out,8,3,6
2025-09-19,LAN202509190,SFN,"Encarnacion, Jerar",encaj002,4,1,empty,empty,1,field_out,8,3,6
2025-09-19,LAN202509190,SFN,"Bailey, Patrick",bailp001,4,2,empty,empty,1,field_out,8,3,6
2025-09-19,LAN202509190,SFN,"Koss, Christian",kossc001,1,0,empty,empty,1,single,9,3,6
2025-09-19,LAN202509190,SFN,"Ramos, Heliot",ramoh002,5,0,1B,1B,1,strikeout,9,3,6
2025-09-19,LAN202509190,SFN,"Adames, Willy",adamw002,5,1,1B,1B,1,walk,9,3,6
2025-09-19,LAN202509190,SFN,"Devers, Rafael",dever001,5,1,1B+2B,1B+2B,1,strikeout,9,3,6
2025-09-19,LAN202509190,SFN,"Chapman, Matt",chapm001,5,2,1B+2B,1B+2B,1,field_out,9,3,6
2025-09-20,LAN202509200,SFN,"Ramos, Heliot",ramoh002,1,0,empty,empty,1,single,1,0,0
2025-09-20,LAN202509200,SFN,"Devers, Rafael",dever001,1,0,1B,1B,1,field_out,1,0,0
2025-09-20,LAN202509200,SFN,"Adames, Willy",adamw002,1,1,1B,1B,1,single,1,0,0
2025-09-20,LAN202509200,SFN,"Chapman, Matt",chapm001,1,1,1B+2B,1B+2B,1,walk,1,0,0
2025-09-20,LAN202509200,SFN,"Eldridge, Bryce",eldrb002,1,1,1B+2B+3B,1B+2B+3B,1,double,1,0,0
2025-09-20,LAN202509200,SFN,"Lee, Jung Hoo",lee-j001,1,1,2B,2B,1,single,1,3,0
2025-09-20,LAN202509200,SFN,"Schmitt, Casey",schmc003,1,1,1B+3B,1B+3B,1,walk,1,3,0
2025-09-20,LAN202509200,SFN,"Bailey, Patrick",bailp001,1,1,1B+2B+3B,1B+2B+3B,1,strikeout,1,3,0
2025-09-20,LAN202509200,SFN,"Gilbert, Drew",gilbd001,1,2,1B+2B+3B,1B+2B+3B,1,walk,1,3,0
2025-09-20,LAN202509200,SFN,"Ramos, Heliot",ramoh002,2,2,1B+2B+3B,1B+2B+3B,1,strikeout,1,4,0
2025-09-20,LAN202509200,SFN,"Devers, Rafael",dever001,2,0,empty,empty,1,field_out,2,4,2
2025-09-20,LAN202509200,SFN,"Adames, Willy",adamw002,2,1,empty,empty,1,walk,2,4,2
2025-09-20,LAN202509200,SFN,"Chapman, Matt",chapm001,2,1,1B,1B,1,grounded_into_double_play,2,4,2
2025-09-20,LAN202509200,SFN,"Eldridge, Bryce",eldrb002,2,0,empty,empty,1,strikeout,3,4,2
2025-09-20,LAN202509200,SFN,"Lee, Jung Hoo",lee-j001,2,1,empty,empty,1,single,3,4,2
2025-09-20,LAN202509200,SFN,"Schmitt, Casey",schmc003,2,1,1B,1B,1,field_out,3,4,2
2025-09-20,LAN202509200,SFN,"Bailey, Patrick",bailp001,2,2,1B,1B,1,field_out,3,4,2
2025-09-20,LAN202509200,SFN,"Gilbert, Drew",gilbd001,2,0,empty,empty,1,strikeout,4,4,2
2025-09-20,LAN202509200,SFN,"Ramos, Heliot",ramoh002,3,1,empty,empty,1,single,4,4,2
2025-09-20,LAN202509200,SFN,"Devers, Rafael",dever001,3,1,1B,1B,1,strikeout,4,4,2
2025-09-20,LAN202509200,SFN,"Adames, Willy",adamw002,3,2,1B,1B,1,field_out,4,4,2
2025-09-20,LAN202509200,SFN,"Chapman, Matt",chapm001,3,0,empty,empty,1,strikeout,5,4,4
2025-09-20,LAN202509200,SFN,"Eldridge, Bryce",eldrb002,3,1,empty,empty,1,field_out,5,4,4
2025-09-20,LAN202509200,SFN,"Lee, Jung Hoo",lee-j001,3,2,empty,empty,1,strikeout,5,4,4
2025-09-20,LAN202509200,SFN,"Schmitt, Casey",schmc003,3,0,empty,empty,1,field_out,6,4,5
2025-09-20,LAN202509200,SFN,"Bailey, Patrick",bailp001,3,1,empty,empty,1,strikeout,6,4,5
2025-09-20,LAN202509200,SFN,"Encarnacion, Jerar",encaj002,1,2,empty,empty,1,single,6,4,5
2025-09-20,LAN202509200,SFN,"Ramos, Heliot",ramoh002,4,2,1B,1B,1,field_out,6,4,5
2025-09-20,LAN202509200,SFN,"Devers, Rafael",dever001,4,0,empty,empty,1,home_run,7,4,7
2025-09-20,LAN202509200,SFN,"Adames, Willy",adamw002,4,0,empty,empty,1,walk,7,5,7
2025-09-20,LAN202509200,SFN,"Chapman, Matt",chapm001,4,0,1B,1B,1,field_out,7,5,7
2025-09-20,LAN202509200,SFN,"Eldridge, Bryce",eldrb002,4,1,1B,2B,0,walk,7,5,7
2025-09-20,LAN202509200,SFN,"Lee, Jung Hoo",lee-j001,4,1,1B+2B,1B+2B,1,field_out,7,5,7
2025-09-20,LAN202509200,SFN,"Schmitt, Casey",schmc003,4,2,1B+3B,1B+3B,1,field_out,7,5,7
2025-09-20,LAN202509200,SFN,"Bailey, Patrick",bailp001,4,0,empty,empty,1,strikeout,8,5,7
2025-09-20,LAN202509200,SFN,"Encarnacion, Jerar",encaj002,2,1,empty,empty,1,strikeout,8,5,7
2025-09-20,LAN202509200,SFN,"Ramos, Heliot",ramoh002,5,2,empty,empty,1,strikeout,8,5,7
2025-09-20,LAN202509200,SFN,"Devers, Rafael",dever001,5,0,empty,empty,1,field_out,9,5,7
2025-09-20,LAN202509200,SFN,"Adames, Willy",adamw002,5,1,empty,empty,1,strikeout,9,5,7
2025-09-20,LAN202509200,SFN,"Chapman, Matt",chapm001,5,2,empty,empty,1,field_out,9,5,7
2025-09-21,LAN202509210,SFN,"Ramos, Heliot",ramoh002,1,0,empty,empty,1,field_out,1,0,0
2025-09-21,LAN202509210,SFN,"Devers, Rafael",dever001,1,1,empty,empty,1,single,1,0,0
2025-09-21,LAN202509210,SFN,"Adames, Willy",adamw002,1,1,1B,1B,1,strikeout,1,0,0
2025-09-21,LAN202509210,SFN,"Chapman, Matt",chapm001,1,2,1B,1B,1,field_out,1,0,0
2025-09-21,LAN202509210,SFN,"Eldridge, Bryce",eldrb002,1,0,empty,empty,1,hit_by_pitch,2,0,0
2025-09-21,LAN202509210,SFN,"Lee, Jung Hoo",lee-j001,1,0,1B,1B,1,field_out,2,0,0
2025-09-21,LAN202509210,SFN,"Koss, Christian",kossc001,1,1,1B,1B,1,strikeout,2,0,0
2025-09-21,LAN202509210,SFN,"Gilbert, Drew",gilbd001,1,2,1B,1B,1,field_out,2,0,0
2025-09-21,LAN202509210,SFN,"Knizner, Andrew",kniza001,1,0,empty,empty,1,hit_by_pitch,3,0,0
2025-09-21,LAN202509210,SFN,"Ramos, Heliot",ramoh002,2,0,1B,1B,1,field_out,3,0,0
2025-09-21,LAN202509210,SFN,"Devers, Rafael",dever001,2,1,1B,1B,1,strikeout,3,0,0
2025-09-21,LAN202509210,SFN,"Adames, Willy",adamw002,2,2,1B,1B,1,field_out,3,0,0
2025-09-21,LAN202509210,SFN,"Chapman, Matt",chapm001,2,0,empty,empty,1,strikeout,4,0,0
2025-09-21,LAN202509210,SFN,"Eldridge, Bryce",eldrb002,2,1,empty,empty,1,strikeout,4,0,0
2025-09-21,LAN202509210,SFN,"Lee, Jung Hoo",lee-j001,2,2,empty,empty,1,field_out,4,0,0
2025-09-21,LAN202509210,SFN,"Koss, Christian",kossc001,2,0,empty,empty,1,strikeout,5,0,0
2025-09-21,LAN202509210,SFN,"Gilbert, Drew",gilbd001,2,1,empty,empty,1,strikeout,5,0,0
2025-09-21,LAN202509210,SFN,"Knizner, Andrew",kniza001,2,2,empty,empty,1,field_out,5,0,0
2025-09-21,LAN202509210,SFN,"Ramos, Heliot",ramoh002,3,0,empty,empty,1,strikeout,6,0,0
2025-09-21,LAN202509210,SFN,"Devers, Rafael",dever001,3,1,empty,empty,1,field_out,6,0,0
2025-09-21,LAN202509210,SFN,"Adames, Willy",adamw002,3,2,empty,empty,1,strikeout,6,0,0
2025-09-21,LAN202509210,SFN,"Chapman, Matt",chapm001,3,0,empty,empty,1,strikeout,7,0,0
2025-09-21,LAN202509210,SFN,"Eldridge, Bryce",eldrb002,3,1,empty,empty,1,field_out,7,0,0
2025-09-21,LAN202509210,SFN,"Lee, Jung Hoo",lee-j001,3,2,empty,empty,1,field_out,7,0,0
2025-09-21,LAN202509210,SFN,"Koss, Christian",kossc001,3,0,empty,empty,1,single,8,0,1
2025-09-21,LAN202509210,SFN,"Gilbert, Drew",gilbd001,3,0,1B,1B,1,single,8,0,1
2025-09-21,LAN202509210,SFN,"Bailey, Patrick",bailp001,1,0,1B+3B,1B+3B,1,double,8,0,1
2025-09-21,LAN202509210,SFN,"Ramos, Heliot",ramoh002,4,0,2B+3B,2B+3B,1,field_out,8,1,1
2025-09-21,LAN202509210,SFN,"Devers, Rafael",dever001,4,1,2B+3B,2B+3B,1,intent_walk,8,1,1
2025-09-21,LAN202509210,SFN,"Adames, Willy",adamw002,4,1,1B+2B+3B,1B+2B+3B,1,walk,8,1,1
2025-09-21,LAN202509210,SFN,"Chapman, Matt",chapm001,4,1,1B+2B+3B,1B+2B+3B,1,field_out,8,2,1
2025-09-21,LAN202509210,SFN,"Eldridge, Bryce",eldrb002,4,2,2B+3B,2B+3B,1,field_out,8,3,1
2025-09-21,LAN202509210,SFN,"Lee, Jung Hoo",lee-j001,4,0,empty,empty,1,field_out,9,3,1
2025-09-21,LAN202509210,SFN,"Koss, Christian",kossc001,4,1,empty,empty,1,double,9,3,1
2025-09-21,LAN202509210,SFN,"Gilbert, Drew",gilbd001,4,1,2B,2B,1,field_out,9,3,1
2025-09-21,LAN202509210,SFN,"Bailey, Patrick",bailp001,2,2,3B,3B,1,field_out,9,3,1
2025-09-22,SFN202509220,SFN,"Ramos, Heliot",ramoh002,1,0,empty,empty,1,home_run,1,0,0
2025-09-22,SFN202509220,SFN,"Devers, Rafael",dever001,1,0,empty,empty,1,field_out,1,1,0
2025-09-22,SFN202509220,SFN,"Adames, Willy",adamw002,1,1,empty,empty,1,field_out,1,1,0
2025-09-22,SFN202509220,SFN,"Chapman, Matt",chapm001,1,2,empty,empty,1,field_error,1,1,0
2025-09-22,SFN202509220,SFN,"Eldridge, Bryce",eldrb002,1,2,1B,1B,1,field_out,1,1,0
2025-09-22,SFN202509220,SFN,"Schmitt, Casey",schmc003,1,0,empty,empty,1,field_out,2,1,0
2025-09-22,SFN202509220,SFN,"Bailey, Patrick",bailp001,1,1,empty,empty,1,field_out,2,1,0
2025-09-22,SFN202509220,SFN,"Encarnacion, Jerar",encaj002,1,2,empty,empty,1,field_out,2,1,0
2025-09-22,SFN202509220,SFN,"Gilbert, Drew",gilbd001,1,0,empty,empty,1,field_out,3,1,1
2025-09-22,SFN202509220,SFN,"Ramos, Heliot",ramoh002,2,1,empty,empty,1,strikeout,3,1,1
2025-09-22,SFN202509220,SFN,"Devers, Rafael",dever001,2,2,empty,empty,1,walk,3,1,1
2025-09-22,SFN202509220,SFN,"Adames, Willy",adamw002,2,2,1B,1B,1,field_out,3,1,1
2025-09-22,SFN202509220,SFN,"Chapman, Matt",chapm001,2,0,empty,empty,1,single,4,1,2
2025-09-22,SFN202509220,SFN,"Eldridge, Bryce",eldrb002,2,0,1B,1B,1,field_out,4,1,2
2025-09-22,SFN202509220,SFN,"Schmitt, Casey",schmc003,2,1,1B,1B,1,single,4,1,2
2025-09-22,SFN202509220,SFN,"Bailey, Patrick",bailp001,2,1,1B+3B,1B+3B,1,single,4,1,2
2025-09-22,SFN202509220,SFN,"Encarnacion, Jerar",encaj002,2,1,1B+3B,1B+3B,1,strikeout,4,2,2
2025-09-22,SFN202509220,SFN,"Gilbert, Drew",gilbd001,2,2,1B+3B,1B+3B,1,walk,4,2,2
2025-09-22,SFN202509220,SFN,"Ramos, Heliot",ramoh002,3,2,1B+2B+3B,1B+2B+3B,1,single,4,2,2
2025-09-22,SFN202509220,SFN,"Devers, Rafael",dever001,3,0,empty,empty,1,home_run,5,4,6
2025-09-22,SFN202509220,SFN,"Adames, Willy",adamw002,3,0,empty,empty,1,field_out,5,5,6
2025-09-22,SFN202509220,SFN,"Chapman, Matt",chapm001,3,1,empty,empty,1,field_out,5,5,6
2025-09-22,SFN202509220,SFN,"Eldridge, Bryce",eldrb002,3,2,empty,empty,1,walk,5,5,6
2025-09-22,SFN202509220,SFN,"Schmitt, Casey",schmc003,3,2,1B,1B,1,field_out,5,5,6
2025-09-22,SFN202509220,SFN,"Bailey, Patrick",bailp001,3,0,empty,empty,1,single,6,5,6
2025-09-22,SFN202509220,SFN,"Encarnacion, Jerar",encaj002,3,1,empty,empty,1,strikeout,6,5,6
2025-09-22,SFN202509220,SFN,"Gilbert, Drew",gilbd001,3,2,empty,empty,1,field_out,6,5,6
2025-09-22,SFN202509220,SFN,"Ramos, Heliot",ramoh002,4,0,empty,empty,1,field_out,7,5,6
2025-09-22,SFN202509220,SFN,"Devers, Rafael",dever001,4,1,empty,empty,1,field_out,7,5,6
2025-09-22,SFN202509220,SFN,"Adames, Willy",adamw002,4,2,empty,empty,1,field_out,7,5,6
2025-09-22,SFN202509220,SFN,"Chapman, Matt",chapm001,4,0,empty,empty,1,field_out,8,5,6
2025-09-22,SFN202509220,SFN,"Eldridge, Bryce",eldrb002,4,1,empty,empty,1,walk,8,5,6
2025-09-22,SFN202509220,SFN,"Schmitt, Casey",schmc003,4,1,1B,1B,1,strikeout,8,5,6
2025-09-22,SFN202509220,SFN,"Bailey, Patrick",bailp001,4,2,1B,1B,1,field_out,8,5,6
2025-09-22,SFN202509220,SFN,"Encarnacion, Jerar",encaj002,4,0,empty,empty,1,field_out,9,5,6
2025-09-22,SFN202509220,SFN,"Flores, Wilmer",florw001,1,1,empty,empty,1,strikeout,9,5,6
2025-09-22,SFN202509220,SFN,"Ramos, Heliot",ramoh002,5,2,empty,empty,1,field_out,9,5,6
2025-09-23,SFN202509230,SFN,"Ramos, Heliot",ramoh002,1,0,empty,empty,1,field_out,1,0,3
2025-09-23,SFN202509230,SFN,"Devers, Rafael",dever001,1,1,empty,empty,1,strikeout,1,0,3
2025-09-23,SFN202509230,SFN,"Adames, Willy",adamw002,1,2,empty,empty,1,field_out,1,0,3
2025-09-23,SFN202509230,SFN,"Chapman, Matt",chapm001,1,0,empty,empty,1,strikeout,2,0,3
2025-09-23,SFN202509230,SFN,"Eldridge, Bryce",eldrb002,1,1,empty,empty,1,strikeout,2,0,3
2025-09-23,SFN202509230,SFN,"Lee, Jung Hoo",lee-j001,1,2,empty,empty,1,field_out,2,0,3
2025-09-23,SFN202509230,SFN,"Bailey, Patrick",bailp001,1,0,empty,empty,1,single,3,0,3
2025-09-23,SFN202509230,SFN,"Koss, Christian",kossc001,1,0,1B,1B,1,walk,3,0,3
2025-09-23,SFN202509230,SFN,"Gilbert, Drew",gilbd001,1,0,1B+2B,1B+2B,1,single,3,0,3
2025-09-23,SFN202509230,SFN,"Ramos, Heliot",ramoh002,2,0,1B+2B+3B,1B+2B+3B,1,fielders_choice,3,0,3
2025-09-23,SFN202509230,SFN,"Devers, Rafael",dever001,2,0,1B+3B,1B+3B,1,strikeout,3,2,3
2025-09-23,SFN202509230,SFN,"Adames, Willy",adamw002,2,1,1B+3B,1B+3B,1,single,3,2,3
2025-09-23,SFN202509230,SFN,"Chapman, Matt",chapm001,2,1,1B+3B,2B+3B,0,sac_fly,3,3,3
2025-09-23,SFN202509230,SFN,"Eldridge, Bryce",eldrb002,2,2,3B,3B,1,walk,3,4,3
2025-09-23,SFN202509230,SFN,"Lee, Jung Hoo",lee-j001,2,2,1B+3B,1B+3B,1,single,3,4,3
2025-09-23,SFN202509230,SFN,"Bailey, Patrick",bailp001,2,2,1B+3B,1B+3B,1,field_out,3,5,3
2025-09-23,SFN202509230,SFN,"Koss, Christian",kossc001,2,0,empty,empty,1,field_out,4,5,3
2025-09-23,SFN202509230,SFN,"Gilbert, Drew",gilbd001,2,1,empty,empty,1,field_out,4,5,3
2025-09-23,SFN202509230,SFN,"Ramos, Heliot",ramoh002,3,2,empty,empty,1,single,4,5,3
2025-09-23,SFN202509230,SFN,"Devers, Rafael",dever001,3,2,1B,1B,1,single,4,5,3
2025-09-23,SFN202509230,SFN,"Adames, Willy",adamw002,3,2,1B+3B,1B+3B,1,strikeout,4,5,3
2025-09-23,SFN202509230,SFN,"Chapman, Matt",chapm001,3,0,empty,empty,1,double,5,5,3
2025-09-23,SFN202509230,SFN,"Eldridge, Bryce",eldrb002,3,0,2B,2B,1,field_out,5,5,3
2025-09-23,SFN202509230,SFN,"Lee, Jung Hoo",lee-j001,3,1,2B,2B,1,strikeout,5,5,3
2025-09-23,SFN202509230,SFN,"Bailey, Patrick",bailp001,3,2,2B,2B,1,double,5,5,3
2025-09-23,SFN202509230,SFN,"Koss, Christian",kossc001,3,2,2B,2B,1,single,5,6,3
2025-09-23,SFN202509230,SFN,"Gilbert, Drew",gilbd001,3,2,1B,2B,0,strikeout,5,7,3
2025-09-23,SFN202509230,SFN,"Ramos, Heliot",ramoh002,4,0,empty,empty,1,home_run,6,7,3
2025-09-23,SFN202509230,SFN,"Devers, Rafael",dever001,4,0,empty,empty,1,field_out,6,8,3
2025-09-23,SFN202509230,SFN,"Adames, Willy",adamw002,4,1,empty,empty,1,field_out,6,8,3
2025-09-23,SFN202509230,SFN,"Chapman, Matt",chapm001,4,2,empty,empty,1,field_out,6,8,3
2025-09-23,SFN202509230,SFN,"Eldridge, Bryce",eldrb002,4,0,empty,empty,1,field_out,7,8,7
2025-09-23,SFN202509230,SFN,"Lee, Jung Hoo",lee-j001,4,1,empty,empty,1,field_out,7,8,7
2025-09-23,SFN202509230,SFN,"Bailey, Patrick",bailp001,4,2,empty,empty,1,field_out,7,8,7
2025-09-23,SFN202509230,SFN,"Koss, Christian",kossc001,4,0,empty,empty,1,field_out,8,8,7
2025-09-23,SFN202509230,SFN,"Gilbert, Drew",gilbd001,4,1,empty,empty,1,strikeout,8,8,7
2025-09-23,SFN202509230,SFN,"Ramos, Heliot",ramoh002,5,2,empty,empty,1,field_out,8,8,7
2025-09-23,SFN202509230,SFN,"Devers, Rafael",dever001,5,0,empty,empty,1,field_out,9,8,9
2025-09-23,SFN202509230,SFN,"Adames, Willy",adamw002,5,1,empty,empty,1,double,9,8,9
2025-09-23,SFN202509230,SFN,"Chapman, Matt",chapm001,5,1,2B,2B,1,strikeout,9,8,9
2025-09-23,SFN202509230,SFN,"Flores, Wilmer",florw001,1,2,2B,2B,1,strikeout,9,8,9
2025-09-24,SFN202509240,SFN,"Ramos, Heliot",ramoh002,1,0,empty,empty,1,strikeout,1,0,0
2025-09-24,SFN202509240,SFN,"Devers, Rafael",dever001,1,1,empty,empty,1,field_out,1,0,0
2025-09-24,SFN202509240,SFN,"Adames, Willy",adamw002,1,2,empty,empty,1,strikeout,1,0,0
2025-09-24,SFN202509240,SFN,"Eldridge, Bryce",eldrb002,1,0,empty,empty,1,strikeout,2,0,0
2025-09-24,SFN202509240,SFN,"Schmitt, Casey",schmc003,1,1,empty,empty,1,double,2,0,0
2025-09-24,SFN202509240,SFN,"Lee, Jung Hoo",lee-j001,1,1,2B,2B,1,double,2,0,0
2025-09-24,SFN202509240,SFN,"Koss, Christian",kossc001,1,1,2B,2B,1,walk,2,1,0
2025-09-24,SFN202509240,SFN,"Gilbert, Drew",gilbd001,1,1,1B+2B,1B+2B,1,field_out,2,1,0
2025-09-24,SFN202509240,SFN,"Knizner, Andrew",kniza001,1,2,2B+3B,2B+3B,1,walk,2,1,0
2025-09-24,SFN202509240,SFN,"Ramos, Heliot",ramoh002,2,2,1B+2B+3B,1B+2B+3B,1,field_out,2,1,0
2025-09-24,SFN202509240,SFN,"Devers, Rafael",dever001,2,0,empty,empty,1,home_run,3,1,2
2025-09-24,SFN202509240,SFN,"Adames, Willy",adamw002,2,0,empty,empty,1,field_out,3,2,2
2025-09-24,SFN202509240,SFN,"Eldridge, Bryce",eldrb002,2,1,empty,empty,1,double,3,2,2
2025-09-24,SFN202509240,SFN,"Schmitt, Casey",schmc003,2,1,2B,2B,1,strikeout,3,2,2
2025-09-24,SFN202509240,SFN,"Lee, Jung Hoo",lee-j001,2,2,2B,2B,1,field_out,3,2,2
2025-09-24,SFN202509240,SFN,"Koss, Christian",kossc001,2,0,empty,empty,1,field_error,4,2,2
2025-09-24,SFN202509240,SFN,"Gilbert, Drew",gilbd001,2,0,2B,2B,1,field_out,4,2,2
2025-09-24,SFN202509240,SFN,"Knizner, Andrew",kniza001,2,1,3B,3B,1,sac_fly,4,2,2
2025-09-24,SFN202509240,SFN,"Ramos, Heliot",ramoh002,3,2,empty,empty,1,single,4,3,2
2025-09-24,SFN202509240,SFN,"Devers, Rafael",dever001,3,2,1B,1B,1,strikeout,4,3,2
2025-09-24,SFN202509240,SFN,"Adames, Willy",adamw002,3,0,empty,empty,1,single,5,3,2
2025-09-24,SFN202509240,SFN,"Eldridge, Bryce",eldrb002,3,0,1B,1B,1,strikeout,5,3,2
2025-09-24,SFN202509240,SFN,"Schmitt, Casey",schmc003,3,2,1B,empty,0,single,5,3,2
2025-09-24,SFN202509240,SFN,"Lee, Jung Hoo",lee-j001,3,2,1B,1B,1,field_out,5,3,2
2025-09-24,SFN202509240,SFN,"Koss, Christian",kossc001,3,0,empty,empty,1,field_out,6,3,2
2025-09-24,SFN202509240,SFN,"Gilbert, Drew",gilbd001,3,1,empty,empty,1,field_out,6,3,2
2025-09-24,SFN202509240,SFN,"Knizner, Andrew",kniza001,3,2,empty,empty,1,field_error,6,3,2
2025-09-24,SFN202509240,SFN,"Ramos, Heliot",ramoh002,4,2,1B,1B,1,strikeout,6,3,2
2025-09-24,SFN202509240,SFN,"Devers, Rafael",dever001,4,0,empty,empty,1,strikeout,7,3,2
2025-09-24,SFN202509240,SFN,"Adames, Willy",adamw002,4,1,empty,empty,1,field_out,7,3,2
2025-09-24,SFN202509240,SFN,"Eldridge, Bryce",eldrb002,4,2,empty,empty,1,single,7,3,2
2025-09-24,SFN202509240,SFN,"Schmitt, Casey",schmc003,4,2,1B,1B,1,single,7,3,2
2025-09-24,SFN202509240,SFN,"Lee, Jung Hoo",lee-j001,4,2,1B+2B,1B+2B,1,strikeout,7,3,2
2025-09-24,SFN202509240,SFN,"Koss, Christian",kossc001,4,0,empty,empty,1,single,8,3,3
2025-09-24,SFN202509240,SFN,"Gilbert, Drew",gilbd001,4,0,1B,1B,1,field_out,8,3,3
2025-09-24,SFN202509240,SFN,"Knizner, Andrew",kniza001,4,1,2B,2B,1,triple,8,3,3
2025-09-24,SFN202509240,SFN,"Ramos, Heliot",ramoh002,5,1,3B,3B,1,field_out,8,4,3
2025-09-24,SFN202509240,SFN,"Devers, Rafael",dever001,5,2,3B,3B,1,intent_walk,8,4,3
2025-09-24,SFN202509240,SFN,"Adames, Willy",adamw002,5,2,1B+3B,1B+3B,1,field_out,8,4,3
2025-09-26,SFN202509260,SFN,"Ramos, Heliot",ramoh002,1,0,empty,empty,1,field_out,1,0,0
2025-09-26,SFN202509260,SFN,"Devers, Rafael",dever001,1,1,empty,empty,1,walk,1,0,0
2025-09-26,SFN202509260,SFN,"Adames, Willy",adamw002,1,1,1B,1B,1,home_run,1,0,0
2025-09-26,SFN202509260,SFN,"Chapman, Matt",chapm001,1,1,empty,empty,1,field_out,1,2,0
2025-09-26,SFN202509260,SFN,"Eldridge, Bryce",eldrb002,1,2,empty,empty,1,strikeout,1,2,0
2025-09-26,SFN202509260,SFN,"Schmitt, Casey",schmc003,1,0,empty,empty,1,field_out,2,2,0
2025-09-26,SFN202509260,SFN,"Lee, Jung Hoo",lee-j001,1,1,empty,empty,1,triple,2,2,0
2025-09-26,SFN202509260,SFN,"Bailey, Patrick",bailp001,1,1,3B,3B,1,field_out,2,2,0
2025-09-26,SFN202509260,SFN,"McCray, Grant",mccrg001,1,2,3B,3B,1,walk,2,2,0
2025-09-26,SFN202509260,SFN,"Ramos, Heliot",ramoh002,2,2,1B+3B,1B+3B,1,home_run,2,2,0
2025-09-26,SFN202509260,SFN,"Devers, Rafael",dever001,2,2,empty,empty,1,double,2,5,0
2025-09-26,SFN202509260,SFN,"Adames, Willy",adamw002,2,2,2B,2B,1,field_out,2,5,0
2025-09-26,SFN202509260,SFN,"Chapman, Matt",chapm001,2,0,empty,empty,1,field_out,3,5,0
2025-09-26,SFN202509260,SFN,"Eldridge, Bryce",eldrb002,2,1,empty,empty,1,walk,3,5,0
2025-09-26,SFN202509260,SFN,"Schmitt, Casey",schmc003,2,1,1B,1B,1,field_out,3,5,0
2025-09-26,SFN202509260,SFN,"Lee, Jung Hoo",lee-j001,2,2,1B,1B,1,field_out,3,5,0
2025-09-26,SFN202509260,SFN,"Bailey, Patrick",bailp001,2,0,empty,empty,1,field_out,4,5,0
2025-09-26,SFN202509260,SFN,"McCray, Grant",mccrg001,2,1,empty,empty,1,field_out,4,5,0
2025-09-26,SFN202509260,SFN,"Ramos, Heliot",ramoh002,3,2,empty,empty,1,field_out,4,5,0
2025-09-26,SFN202509260,SFN,"Devers, Rafael",dever001,3,0,empty,empty,1,field_out,5,5,3
2025-09-26,SFN202509260,SFN,"Adames, Willy",adamw002,3,1,empty,empty,1,hit_by_pitch,5,5,3
2025-09-26,SFN202509260,SFN,"Chapman, Matt",chapm001,3,1,1B,1B,1,single,5,5,3
2025-09-26,SFN202509260,SFN,"Eldridge, Bryce",eldrb002,3,1,1B+3B,1B+3B,1,sac_fly,5,5,3
2025-09-26,SFN202509260,SFN,"Schmitt, Casey",schmc003,3,2,1B,1B,1,field_out,5,6,3
2025-09-26,SFN202509260,SFN,"Lee, Jung Hoo",lee-j001,3,0,empty,empty,1,single,6,6,3
2025-09-26,SFN202509260,SFN,"Bailey, Patrick",bailp001,3,0,1B,1B,1,field_out,6,6,3
2025-09-26,SFN202509260,SFN,"McCray, Grant",mccrg001,3,1,1B,2B,0,walk,6,6,3
2025-09-26,SFN202509260,SFN,"Ramos, Heliot",ramoh002,4,1,1B+2B,1B+2B,1,field_out,6,6,3
2025-09-26,SFN202509260,SFN,"Devers, Rafael",dever001,4,2,1B+3B,1B+3B,1,walk,6,6,3
2025-09-26,SFN202509260,SFN,"Adames, Willy",adamw002,4,2,1B+2B+3B,1B+2B+3B,1,strikeout,6,6,3
2025-09-26,SFN202509260,SFN,"Chapman, Matt",chapm001,4,0,empty,empty,1,walk,7,6,3
2025-09-26,SFN202509260,SFN,"Eldridge, Bryce",eldrb002,4,0,1B,1B,1,strikeout,7,6,3
2025-09-26,SFN202509260,SFN,"Schmitt, Casey",schmc003,4,1,1B,1B,1,field_out,7,6,3
2025-09-26,SFN202509260,SFN,"Lee, Jung Hoo",lee-j001,4,2,1B,1B,1,single,7,6,3
2025-09-26,SFN202509260,SFN,"Bailey, Patrick",bailp001,4,2,2B+3B,2B+3B,1,field_out,7,6,3
2025-09-26,SFN202509260,SFN,"McCray, Grant",mccrg001,4,0,empty,empty,1,strikeout,8,6,3
2025-09-26,SFN202509260,SFN,"Ramos, Heliot",ramoh002,5,1,empty,empty,1,field_out,8,6,3
2025-09-26,SFN202509260,SFN,"Devers, Rafael",dever001,5,2,empty,empty,1,walk,8,6,3
2025-09-26,SFN202509260,SFN,"Adames, Willy",adamw002,5,2,1B,1B,1,walk,8,6,3
2025-09-26,SFN202509260,SFN,"Chapman, Matt",chapm001,5,2,1B+2B,1B+2B,1,field_out,8,6,3
2025-09-27,SFN202509270,SFN,"Ramos, Heliot",ramoh002,1,0,empty,empty,1,field_out,1,0,1
2025-09-27,SFN202509270,SFN,"Devers, Rafael",dever001,1,1,empty,empty,1,field_out,1,0,1
2025-09-27,SFN202509270,SFN,"Adames, Willy",adamw002,1,2,empty,empty,1,strikeout,1,0,1
2025-09-27,SFN202509270,SFN,"Chapman, Matt",chapm001,1,0,empty,empty,1,walk,2,0,2
2025-09-27,SFN202509270,SFN,"Flores, Wilmer",florw001,1,0,1B,1B,1,single,2,0,2
2025-09-27,SFN202509270,SFN,"Schmitt, Casey",schmc003,1,0,1B+2B,1B+2B,1,home_run,2,0,2
2025-09-27,SFN202509270,SFN,"Lee, Jung Hoo",lee-j001,1,0,empty,empty,1,strikeout,2,3,2
2025-09-27,SFN202509270,SFN,"Encarnacion, Jerar",encaj002,1,1,empty,empty,1,field_out,2,3,2
2025-09-27,SFN202509270,SFN,"Knizner, Andrew",kniza001,1,2,empty,empty,1,field_out,2,3,2
2025-09-27,SFN202509270,SFN,"Ramos, Heliot",ramoh002,2,0,empty,empty,1,field_out,3,3,2
2025-09-27,SFN202509270,SFN,"Devers, Rafael",dever001,2,1,empty,empty,1,field_out,3,3,2
2025-09-27,SFN202509270,SFN,"Adames, Willy",adamw002,2,2,empty,empty,1,field_out,3,3,2
2025-09-27,SFN202509270,SFN,"Chapman, Matt",chapm001,2,0,empty,empty,1,field_out,4,3,2
2025-09-27,SFN202509270,SFN,"Flores, Wilmer",florw001,2,1,empty,empty,1,field_out,4,3,2
2025-09-27,SFN202509270,SFN,"Schmitt, Casey",schmc003,2,2,empty,empty,1,strikeout,4,3,2
2025-09-27,SFN202509270,SFN,"Lee, Jung Hoo",lee-j001,2,0,empty,empty,1,field_out,5,3,2
2025-09-27,SFN202509270,SFN,"Encarnacion, Jerar",encaj002,2,1,empty,empty,1,field_out,5,3,2
2025-09-27,SFN202509270,SFN,"Knizner, Andrew",kniza001,2,2,empty,empty,1,field_out,5,3,2
2025-09-27,SFN202509270,SFN,"Ramos, Heliot",ramoh002,3,0,empty,empty,1,single,6,3,2
2025-09-27,SFN202509270,SFN,"Devers, Rafael",dever001,3,0,1B,1B,1,strikeout,6,3,2
2025-09-27,SFN202509270,SFN,"Adames, Willy",adamw002,3,1,1B,1B,1,field_out,6,3,2
2025-09-27,SFN202509270,SFN,"Chapman, Matt",chapm001,3,2,2B,2B,1,field_out,6,3,2
2025-09-27,SFN202509270,SFN,"Flores, Wilmer",florw001,3,0,empty,empty,1,strikeout,7,3,2
2025-09-27,SFN202509270,SFN,"Schmitt, Casey",schmc003,3,1,empty,empty,1,field_out,7,3,2
2025-09-27,SFN202509270,SFN,"Lee, Jung Hoo",lee-j001,3,2,empty,empty,1,strikeout,7,3,2
2025-09-27,SFN202509270,SFN,"Gilbert, Drew",gilbd001,1,0,empty,empty,1,field_out,8,3,2
2025-09-27,SFN202509270,SFN,"Knizner, Andrew",kniza001,3,1,empty,empty,1,walk,8,3,2
2025-09-27,SFN202509270,SFN,"Ramos, Heliot",ramoh002,4,1,1B,1B,1,strikeout,8,3,2
2025-09-27,SFN202509270,SFN,"Devers, Rafael",dever001,4,2,1B,1B,1,double,8,3,2
2025-09-27,SFN202509270,SFN,"Adames, Willy",adamw002,4,2,2B,2B,1,field_out,8,4,2
2025-09-28,SFN202509280,SFN,"Adames, Willy",adamw002,1,0,empty,empty,1,home_run,1,0,0
2025-09-28,SFN202509280,SFN,"Ramos, Heliot",ramoh002,1,0,empty,empty,1,field_out,1,1,0
2025-09-28,SFN202509280,SFN,"Devers, Rafael",dever001,1,1,empty,empty,1,field_out,1,1,0
2025-09-28,SFN202509280,SFN,"Chapman, Matt",chapm001,1,2,empty,empty,1,strikeout,1,1,0
2025-09-28,SFN202509280,SFN,"Flores, Wilmer",florw001,1,0,empty,empty,1,field_out,2,1,0
2025-09-28,SFN202509280,SFN,"Lee, Jung Hoo",lee-j001,1,1,empty,empty,1,single,2,1,0
2025-09-28,SFN202509280,SFN,"Bailey, Patrick",bailp001,1,1,1B,1B,1,strikeout_double_play,2,1,0
2025-09-28,SFN202509280,SFN,"Koss, Christian",kossc001,1,0,empty,empty,1,field_out,3,1,0
2025-09-28,SFN202509280,SFN,"Gilbert, Drew",gilbd001,1,1,empty,empty,1,walk,3,1,0
2025-09-28,SFN202509280,SFN,"Adames, Willy",adamw002,2,1,1B,2B,0,field_out,3,1,0
2025-09-28,SFN202509280,SFN,"Ramos, Heliot",ramoh002,2,2,2B,2B,1,field_out,3,1,0
2025-09-28,SFN202509280,SFN,"Devers, Rafael",dever001,2,0,empty,empty,1,home_run,4,1,0
2025-09-28,SFN202509280,SFN,"Chapman, Matt",chapm001,2,0,empty,empty,1,double,4,2,0
2025-09-28,SFN202509280,SFN,"Eldridge, Bryce",eldrb002,1,0,2B,2B,1,walk,4,2,0
2025-09-28,SFN202509280,SFN,"Lee, Jung Hoo",lee-j001,2,0,1B+2B,1B+2B,1,double_play,4,2,0
2025-09-28,SFN202509280,SFN,"Bailey, Patrick",bailp001,2,2,1B,1B,1,single,4,2,0
2025-09-28,SFN202509280,SFN,"Koss, Christian",kossc001,2,2,1B+2B,1B+2B,1,strikeout,4,2,0
2025-09-28,SFN202509280,SFN,"Gilbert, Drew",gilbd001,2,0,empty,empty,1,field_out,5,2,0
2025-09-28,SFN202509280,SFN,"Adames, Willy",adamw002,3,1,empty,empty,1,field_out,5,2,0
2025-09-28,SFN202509280,SFN,"Ramos, Heliot",ramoh002,3,2,empty,empty,1,field_out,5,2,0
2025-09-28,SFN202509280,SFN,"Devers, Rafael",dever001,3,0,empty,empty,1,strikeout,6,2,0
2025-09-28,SFN202509280,SFN,"Chapman, Matt",chapm001,3,1,empty,empty,1,field_out,6,2,0
2025-09-28,SFN202509280,SFN,"Eldridge, Bryce",eldrb002,2,2,empty,empty,1,strikeout,6,2,0
2025-09-28,SFN202509280,SFN,"Lee, Jung Hoo",lee-j001,3,0,empty,empty,1,single,7,2,0
2025-09-28,SFN202509280,SFN,"Bailey, Patrick",bailp001,3,0,1B,1B,1,field_out,7,2,0
2025-09-28,SFN202509280,SFN,"Koss, Christian",kossc001,3,1,1B,1B,1,field_out,7,2,0
2025-09-28,SFN202509280,SFN,"Gilbert, Drew",gilbd001,3,2,1B,1B,1,hit_by_pitch,7,2,0
2025-09-28,SFN202509280,SFN,"Schmitt, Casey",schmc003,1,2,1B+2B,1B+2B,1,field_out,7,2,0
2025-09-28,SFN202509280,SFN,"Ramos, Heliot",ramoh002,4,0,empty,empty,1,walk,8,2,0
2025-09-28,SFN202509280,SFN,"Devers, Rafael",dever001,4,0,1B,1B,1,fielders_choice,8,2,0
2025-09-28,SFN202509280,SFN,"Chapman, Matt",chapm001,4,0,1B+2B,1B+2B,1,strikeout,8,2,0
2025-09-28,SFN202509280,SFN,"Eldridge, Bryce",eldrb002,3,1,1B+2B,1B+2B,1,field_out,8,2,0
2025-09-28,SFN202509280,SFN,"Lee, Jung Hoo",lee-j001,4,2,2B+3B,2B+3B,1,single,8,2,0
2025-09-28,SFN202509280,SFN,"Bailey, Patrick",bailp001,4,2,2B,2B,1,field_out,8,4,0
