game_date,game_pk,team,player_name,batter,batter_pa_number_this_game,outs_when_up,runner_situation_start,runner_situation_before_final_pitch,runner_situation_changed_during_pa,events,inning,bat_score,fld_score
2025-03-27,TOR202503270,TOR,"Bichette, Bo",bichb001,1,0,empty,empty,1,field_out,1,0,1
2025-03-27,TOR202503270,TOR,"Guerrero, Vladimir",guerv002,1,1,empty,empty,1,strikeout,1,0,1
2025-03-27,TOR202503270,TOR,"Santander, Anthony",santa003,1,2,empty,empty,1,field_out,1,0,1
2025-03-27,TOR202503270,TOR,"Gimenez, Andres",gimea001,1,0,empty,empty,1,field_out,2,0,2
2025-03-27,TOR202503270,TOR,"Kirk, Alejandro",kirka001,1,1,empty,empty,1,field_out,2,0,2
2025-03-27,TOR202503270,TOR,"Springer, George",sprig001,1,2,empty,empty,1,strikeout,2,0,2
2025-03-27,TOR202503270,TOR,"Wagner, Will",wagnw001,1,0,empty,empty,1,field_out,3,0,5
2025-03-27,TOR202503270,TOR,"Clement, Ernie",cleme002,1,1,empty,empty,1,field_out,3,0,5
2025-03-27,TOR202503270,TOR,"Roden, Alan",rodea001,1,2,empty,empty,1,field_out,3,0,5
2025-03-27,TOR202503270,TOR,"Bichette, Bo",bichb001,2,0,empty,empty,1,field_out,4,0,6
2025-03-27,TOR202503270,TOR,"Guerrero, Vladimir",guerv002,2,1,empty,empty,1,walk,4,0,6
2025-03-27,TOR202503270,TOR,"Santander, Anthony",santa003,2,1,1B,1B,1,field_out,4,0,6
2025-03-27,TOR202503270,TOR,"Gimenez, Andres",gimea001,2,2,1B,1B,1,home_run,4,0,6
2025-03-27,TOR202503270,TOR,"Kirk, Alejandro",kirka001,2,2,empty,empty,1,field_out,4,2,6
2025-03-27,TOR202503270,TOR,"Springer, George",sprig001,2,0,empty,empty,1,field_out,5,2,6
2025-03-27,TOR202503270,TOR,"Wagner, Will",wagnw001,2,1,empty,empty,1,field_out,5,2,6
2025-03-27,TOR202503270,TOR,"Clement, Ernie",cleme002,2,2,empty,empty,1,field_out,5,2,6
2025-03-27,TOR202503270,TOR,"Roden, Alan",rodea001,2,0,empty,empty,1,single,6,2,6
2025-03-27,TOR202503270,TOR,"Bichette, Bo",bichb001,3,0,1B,1B,1,field_out,6,2,6
2025-03-27,TOR202503270,TOR,"Guerrero, Vladimir",guerv002,3,1,1B,1B,1,field_out,6,2,6
2025-03-27,TOR202503270,TOR,"Santander, Anthony",santa003,3,2,1B,1B,1,field_out,6,2,6
2025-03-27,TOR202503270,TOR,"Gimenez, Andres",gimea001,3,0,empty,empty,1,walk,7,2,9
2025-03-27,TOR202503270,TOR,"Kirk, Alejandro",kirka001,3,0,1B,1B,1,grounded_into_double_play,7,2,9
2025-03-27,TOR202503270,TOR,"Springer, George",sprig001,3,2,empty,empty,1,walk,7,2,9
2025-03-27,TOR202503270,TOR,"Wagner, Will",wagnw001,3,2,1B,1B,1,single,7,2,9
2025-03-27,TOR202503270,TOR,"Clement, Ernie",cleme002,3,2,1B+2B,2B+3B,0,field_out,7,2,9
2025-03-27,TOR202503270,TOR,"Roden, Alan",rodea001,3,0,empty,empty,1,walk,8,2,12
2025-03-27,TOR202503270,TOR,"Bichette, Bo",bichb001,4,0,1B,1B,1,grounded_into_double_play,8,2,12
2025-03-27,TOR202503270,TOR,"Guerrero, Vladimir",guerv002,4,2,empty,empty,1,walk,8,2,12
2025-03-27,TOR202503270,TOR,"Santander, Anthony",santa003,4,2,1B,1B,1,field_out,8,2,12
2025-03-27,TOR202503270,TOR,"Gimenez, Andres",gimea001,4,0,empty,empty,1,field_out,9,2,12
2025-03-27,TOR202503270,TOR,"Kirk, Alejandro",kirka001,4,1,empty,empty,1,single,9,2,12
2025-03-27,TOR202503270,TOR,"Springer, George",sprig001,4,2,empty,empty,1,strikeout,9,2,12
2025-03-28,TOR202503280,TOR,"Bichette, Bo",bichb001,1,0,empty,empty,1,field_out,1,0,0
2025-03-28,TOR202503280,TOR,"Guerrero, Vladimir",guerv002,1,1,empty,empty,1,single,1,0,0
2025-03-28,TOR202503280,TOR,"Santander, Anthony",santa003,1,1,1B,1B,1,single,1,0,0
2025-03-28,TOR202503280,TOR,"Gimenez, Andres",gimea001,1,1,1B+3B,1B+3B,1,strikeout,1,0,0
2025-03-28,TOR202503280,TOR,"Kirk, Alejandro",kirka001,1,2,1B+3B,1B+3B,1,strikeout,1,0,0
2025-03-28,TOR202503280,TOR,"Springer, George",sprig001,1,0,empty,empty,1,field_out,2,0,0
2025-03-28,TOR202503280,TOR,"Wagner, Will",wagnw001,1,1,empty,empty,1,double,2,0,0
2025-03-28,TOR202503280,TOR,"Lukes, Nathan",luken001,1,1,2B,2B,1,strikeout,2,0,0
2025-03-28,TOR202503280,TOR,"Roden, Alan",rodea001,1,2,2B,2B,1,field_out,2,0,0
2025-03-28,TOR202503280,TOR,"Bichette, Bo",bichb001,2,0,empty,empty,1,field_out,3,0,1
2025-03-28,TOR202503280,TOR,"Guerrero, Vladimir",guerv002,2,1,empty,empty,1,double,3,0,1
2025-03-28,TOR202503280,TOR,"Santander, Anthony",santa003,2,1,2B,2B,1,field_out,3,0,1
2025-03-28,TOR202503280,TOR,"Gimenez, Andres",gimea001,2,2,2B,2B,1,field_out,3,0,1
2025-03-28,TOR202503280,TOR,"Kirk, Alejandro",kirka001,2,0,empty,empty,1,single,4,0,2
2025-03-28,TOR202503280,TOR,"Springer, George",sprig001,2,0,1B,1B,1,single,4,0,2
2025-03-28,TOR202503280,TOR,"Wagner, Will",wagnw001,2,0,1B+2B,1B+2B,1,single,4,0,2
2025-03-28,TOR202503280,TOR,"Lukes, Nathan",luken001,2,0,1B+2B+3B,1B+2B+3B,1,walk,4,0,2
2025-03-28,TOR202503280,TOR,"Roden, Alan",rodea001,2,0,1B+2B+3B,1B+2B+3B,1,sac_fly,4,1,2
2025-03-28,TOR202503280,TOR,"Bichette, Bo",bichb001,3,1,1B+3B,2B,0,single,4,3,2
2025-03-28,TOR202503280,TOR,"Guerrero, Vladimir",guerv002,3,1,1B+3B,1B+3B,1,sac_fly,4,3,2
2025-03-28,TOR202503280,TOR,"Santander, Anthony",santa003,3,2,1B,1B,1,single,4,4,2
2025-03-28,TOR202503280,TOR,"Gimenez, Andres",gimea001,3,2,3B,3B,1,field_out,4,5,2
2025-03-28,TOR202503280,TOR,"Kirk, Alejandro",kirka001,3,0,empty,empty,1,field_out,5,5,2
2025-03-28,TOR202503280,TOR,"Springer, George",sprig001,3,1,empty,empty,1,single,5,5,2
2025-03-28,TOR202503280,TOR,"Wagner, Will",wagnw001,3,1,1B,3B,0,strikeout_double_play,5,5,2
2025-03-28,TOR202503280,TOR,"Lukes, Nathan",luken001,3,0,empty,empty,1,single,6,5,2
2025-03-28,TOR202503280,TOR,"Roden, Alan",rodea001,3,0,1B,1B,1,field_out,6,5,2
2025-03-28,TOR202503280,TOR,"Bichette, Bo",bichb001,4,1,2B,3B,0,single,6,5,2
2025-03-28,TOR202503280,TOR,"Guerrero, Vladimir",guerv002,4,1,1B,1B,1,strikeout_double_play,6,6,2
2025-03-28,TOR202503280,TOR,"Santander, Anthony",santa003,4,0,empty,empty,1,walk,7,6,2
2025-03-28,TOR202503280,TOR,"Gimenez, Andres",gimea001,4,0,1B,1B,1,single,7,6,2
2025-03-28,TOR202503280,TOR,"Kirk, Alejandro",kirka001,4,0,1B+2B,1B+2B,1,field_out,7,6,2
2025-03-28,TOR202503280,TOR,"Springer, George",sprig001,4,1,1B+2B,2B+3B,0,strikeout,7,6,2
2025-03-28,TOR202503280,TOR,"Clement, Ernie",cleme002,1,2,2B+3B,2B+3B,1,double,7,6,2
2025-03-28,TOR202503280,TOR,"Schneider, Davis",schnd001,1,2,2B,2B,1,walk,7,8,2
2025-03-28,TOR202503280,TOR,"Roden, Alan",rodea001,4,2,1B+2B,1B+2B,1,field_out,7,8,2
2025-03-28,TOR202503280,TOR,"Bichette, Bo",bichb001,5,0,empty,empty,1,hit_by_pitch,8,8,2
2025-03-28,TOR202503280,TOR,"Guerrero, Vladimir",guerv002,5,0,1B,1B,1,strikeout,8,8,2
2025-03-28,TOR202503280,TOR,"Santander, Anthony",santa003,5,1,1B,1B,1,strikeout,8,8,2
2025-03-28,TOR202503280,TOR,"Gimenez, Andres",gimea001,5,2,1B,1B,1,strikeout,8,8,2
2025-03-29,TOR202503290,TOR,"Bichette, Bo",bichb001,1,0,empty,empty,1,single,1,0,2
2025-03-29,TOR202503290,TOR,"Guerrero, Vladimir",guerv002,1,0,1B,1B,1,single,1,0,2
2025-03-29,TOR202503290,TOR,"Santander, Anthony",santa003,1,0,1B+3B,1B+3B,1,single,1,0,2
2025-03-29,TOR202503290,TOR,"Gimenez, Andres",gimea001,1,0,1B+2B,1B+2B,1,field_out,1,1,2
2025-03-29,TOR202503290,TOR,"Kirk, Alejandro",kirka001,1,1,2B+3B,2B+3B,1,sac_fly,1,1,2
2025-03-29,TOR202503290,TOR,"Wagner, Will",wagnw001,1,2,3B,3B,1,strikeout,1,2,2
2025-03-29,TOR202503290,TOR,"Schneider, Davis",schnd001,1,0,empty,empty,1,field_out,2,2,2
2025-03-29,TOR202503290,TOR,"Clement, Ernie",cleme002,1,1,empty,empty,1,field_out,2,2,2
2025-03-29,TOR202503290,TOR,"Lukes, Nathan",luken001,1,2,empty,empty,1,field_out,2,2,2
2025-03-29,TOR202503290,TOR,"Bichette, Bo",bichb001,2,0,empty,empty,1,walk,3,2,2
2025-03-29,TOR202503290,TOR,"Guerrero, Vladimir",guerv002,2,0,1B,1B,1,strikeout,3,2,2
2025-03-29,TOR202503290,TOR,"Santander, Anthony",santa003,2,1,1B,1B,1,strikeout,3,2,2
2025-03-29,TOR202503290,TOR,"Gimenez, Andres",gimea001,2,2,1B,1B,1,home_run,3,2,2
2025-03-29,TOR202503290,TOR,"Kirk, Alejandro",kirka001,2,2,empty,empty,1,field_out,3,4,2
2025-03-29,TOR202503290,TOR,"Wagner, Will",wagnw001,2,0,empty,empty,1,field_out,4,4,6
2025-03-29,TOR202503290,TOR,"Schneider, Davis",schnd001,2,1,empty,empty,1,strikeout,4,4,6
2025-03-29,TOR202503290,TOR,"Clement, Ernie",cleme002,2,2,empty,empty,1,strikeout,4,4,6
2025-03-29,TOR202503290,TOR,"Lukes, Nathan",luken001,2,0,empty,empty,1,walk,5,4,8
2025-03-29,TOR202503290,TOR,"Bichette, Bo",bichb001,3,0,1B,1B,1,single,5,4,8
2025-03-29,TOR202503290,TOR,"Guerrero, Vladimir",guerv002,3,0,1B+2B,2B+3B,0,field_out,5,4,8
2025-03-29,TOR202503290,TOR,"Santander, Anthony",santa003,3,1,2B,2B,1,strikeout,5,5,8
2025-03-29,TOR202503290,TOR,"Gimenez, Andres",gimea001,3,2,2B,2B,1,field_out,5,5,8
2025-03-29,TOR202503290,TOR,"Kirk, Alejandro",kirka001,3,0,empty,empty,1,field_out,6,5,8
2025-03-29,TOR202503290,TOR,"Wagner, Will",wagnw001,3,1,empty,empty,1,double,6,5,8
2025-03-29,TOR202503290,TOR,"Schneider, Davis",schnd001,3,1,2B,2B,1,strikeout,6,5,8
2025-03-29,TOR202503290,TOR,"Clement, Ernie",cleme002,3,2,2B,2B,1,field_out,6,5,8
2025-03-29,TOR202503290,TOR,"Lukes, Nathan",luken001,3,0,empty,empty,1,strikeout,7,5,9
2025-03-29,TOR202503290,TOR,"Bichette, Bo",bichb001,4,1,empty,empty,1,double,7,5,9
2025-03-29,TOR202503290,TOR,"Guerrero, Vladimir",guerv002,4,1,2B,2B,1,field_out,7,5,9
2025-03-29,TOR202503290,TOR,"Santander, Anthony",santa003,4,2,3B,3B,1,strikeout,7,5,9
2025-03-29,TOR202503290,TOR,"Gimenez, Andres",gimea001,4,0,empty,empty,1,walk,8,5,9
2025-03-29,TOR202503290,TOR,"Kirk, Alejandro",kirka001,4,0,1B,1B,1,strikeout,8,5,9
2025-03-29,TOR202503290,TOR,"Springer, George",sprig001,1,1,1B,1B,1,walk,8,5,9
2025-03-29,TOR202503290,TOR,"Roden, Alan",rodea001,1,1,1B+2B,1B+2B,1,field_out,8,5,9
2025-03-29,TOR202503290,TOR,"Clement, Ernie",cleme002,4,2,1B+2B,1B+2B,1,strikeout,8,5,9
2025-03-29,TOR202503290,TOR,"Lukes, Nathan",luken001,4,0,empty,empty,1,strikeout,9,5,9
2025-03-29,TOR202503290,TOR,"Bichette, Bo",bichb001,5,1,empty,empty,1,double,9,5,9
2025-03-29,TOR202503290,TOR,"Guerrero, Vladimir",guerv002,5,1,2B,2B,1,strikeout,9,5,9
2025-03-29,TOR202503290,TOR,"Santander, Anthony",santa003,5,2,2B,2B,1,walk,9,5,9
2025-03-29,TOR202503290,TOR,"Gimenez, Andres",gimea001,5,2,1B+2B,1B+2B,1,strikeout,9,5,9
2025-03-30,TOR202503300,TOR,"Bichette, Bo",bichb001,1,0,empty,empty,1,walk,1,0,1
2025-03-30,TOR202503300,TOR,"Guerrero, Vladimir",guerv002,1,0,1B,1B,1,field_out,1,0,1
2025-03-30,TOR202503300,TOR,"Santander, Anthony",santa003,1,1,1B,1B,1,field_out,1,0,1
2025-03-30,TOR202503300,TOR,"Gimenez, Andres",gimea001,1,2,1B,1B,1,double,1,0,1
2025-03-30,TOR202503300,TOR,"Springer, George",sprig001,1,2,2B+3B,2B+3B,1,single,1,0,1
2025-03-30,TOR202503300,TOR,"Wagner, Will",wagnw001,1,2,1B,1B,1,strikeout,1,2,1
2025-03-30,TOR202503300,TOR,"Roden, Alan",rodea001,1,0,empty,empty,1,field_out,2,2,1
2025-03-30,TOR202503300,TOR,"Heineman, Tyler",heint001,1,1,empty,empty,1,field_out,2,2,1
2025-03-30,TOR202503300,TOR,"Straw, Myles",stram002,1,2,empty,empty,1,field_out,2,2,1
2025-03-30,TOR202503300,TOR,"Bichette, Bo",bichb001,2,0,empty,empty,1,field_out,3,2,1
2025-03-30,TOR202503300,TOR,"Guerrero, Vladimir",guerv002,2,1,empty,empty,1,single,3,2,1
2025-03-30,TOR202503300,TOR,"Santander, Anthony",santa003,2,1,1B,1B,1,walk,3,2,1
2025-03-30,TOR202503300,TOR,"Gimenez, Andres",gimea001,2,1,1B+2B,1B+2B,1,field_out,3,2,1
2025-03-30,TOR202503300,TOR,"Springer, George",sprig001,2,2,1B+2B,1B+2B,1,field_out,3,2,1
2025-03-30,TOR202503300,TOR,"Wagner, Will",wagnw001,2,0,empty,empty,1,field_out,4,2,1
2025-03-30,TOR202503300,TOR,"Roden, Alan",rodea001,2,1,empty,empty,1,single,4,2,1
2025-03-30,TOR202503300,TOR,"Heineman, Tyler",heint001,2,1,1B,1B,1,field_out,4,2,1
2025-03-30,TOR202503300,TOR,"Straw, Myles",stram002,2,2,1B,1B,1,field_out,4,2,1
2025-03-30,TOR202503300,TOR,"Bichette, Bo",bichb001,3,0,empty,empty,1,field_out,5,2,1
2025-03-30,TOR202503300,TOR,"Guerrero, Vladimir",guerv002,3,1,empty,empty,1,field_out,5,2,1
2025-03-30,TOR202503300,TOR,"Santander, Anthony",santa003,3,2,empty,empty,1,strikeout,5,2,1
2025-03-30,TOR202503300,TOR,"Gimenez, Andres",gimea001,3,0,empty,empty,1,field_out,6,2,1
2025-03-30,TOR202503300,TOR,"Springer, George",sprig001,3,1,empty,empty,1,field_out,6,2,1
2025-03-30,TOR202503300,TOR,"Wagner, Will",wagnw001,3,2,empty,empty,1,field_error,6,2,1
2025-03-30,TOR202503300,TOR,"Roden, Alan",rodea001,3,2,1B,1B,1,field_out,6,2,1
2025-03-30,TOR202503300,TOR,"Heineman, Tyler",heint001,3,0,empty,empty,1,home_run,7,2,1
2025-03-30,TOR202503300,TOR,"Straw, Myles",stram002,3,0,empty,empty,1,field_out,7,3,1
2025-03-30,TOR202503300,TOR,"Bichette, Bo",bichb001,4,1,empty,empty,1,single,7,3,1
2025-03-30,TOR202503300,TOR,"Guerrero, Vladimir",guerv002,4,1,1B,1B,1,strikeout,7,3,1
2025-03-30,TOR202503300,TOR,"Santander, Anthony",santa003,4,2,1B,1B,1,strikeout,7,3,1
2025-03-30,TOR202503300,TOR,"Gimenez, Andres",gimea001,4,0,empty,empty,1,field_out,8,3,1
2025-03-30,TOR202503300,TOR,"Springer, George",sprig001,4,1,empty,empty,1,double,8,3,1
2025-03-30,TOR202503300,TOR,"Wagner, Will",wagnw001,4,1,2B,2B,1,strikeout,8,3,1
2025-03-30,TOR202503300,TOR,"Roden, Alan",rodea001,4,2,2B,2B,1,strikeout,8,3,1
2025-03-31,TOR202503310,TOR,"Bichette, Bo",bichb001,1,0,empty,empty,1,field_out,1,0,0
2025-03-31,TOR202503310,TOR,"Guerrero, Vladimir",guerv002,1,1,empty,empty,1,field_out,1,0,0
2025-03-31,TOR202503310,TOR,"Santander, Anthony",santa003,1,2,empty,empty,1,field_out,1,0,0
2025-03-31,TOR202503310,TOR,"Gimenez, Andres",gimea001,1,0,empty,empty,1,home_run,2,0,0
2025-03-31,TOR202503310,TOR,"Kirk, Alejandro",kirka001,1,0,empty,empty,1,field_out,2,1,0
2025-03-31,TOR202503310,TOR,"Springer, George",sprig001,1,1,empty,empty,1,strikeout,2,1,0
2025-03-31,TOR202503310,TOR,"Wagner, Will",wagnw001,1,2,empty,empty,1,field_out,2,1,0
2025-03-31,TOR202503310,TOR,"Lukes, Nathan",luken001,1,0,empty,empty,1,field_out,3,1,0
2025-03-31,TOR202503310,TOR,"Roden, Alan",rodea001,1,1,empty,empty,1,double,3,1,0
2025-03-31,TOR202503310,TOR,"Bichette, Bo",bichb001,2,1,2B,2B,1,field_out,3,1,0
2025-03-31,TOR202503310,TOR,"Guerrero, Vladimir",guerv002,2,2,3B,3B,1,double,3,1,0
2025-03-31,TOR202503310,TOR,"Santander, Anthony",santa003,2,2,2B,2B,1,field_out,3,2,0
2025-03-31,TOR202503310,TOR,"Gimenez, Andres",gimea001,2,0,empty,empty,1,walk,4,2,0
2025-03-31,TOR202503310,TOR,"Kirk, Alejandro",kirka001,2,0,1B,2B,0,double,4,2,0
2025-03-31,TOR202503310,TOR,"Springer, George",sprig001,2,0,2B,2B,1,strikeout,4,3,0
2025-03-31,TOR202503310,TOR,"Wagner, Will",wagnw001,2,1,2B,2B,1,single,4,3,0
2025-03-31,TOR202503310,TOR,"Lukes, Nathan",luken001,2,1,1B+3B,1B+3B,1,field_out,4,3,0
2025-03-31,TOR202503310,TOR,"Roden, Alan",rodea001,2,2,1B,1B,1,field_out,4,4,0
2025-03-31,TOR202503310,TOR,"Bichette, Bo",bichb001,3,0,empty,empty,1,strikeout,5,4,0
2025-03-31,TOR202503310,TOR,"Guerrero, Vladimir",guerv002,3,1,empty,empty,1,field_out,5,4,0
2025-03-31,TOR202503310,TOR,"Santander, Anthony",santa003,3,2,empty,empty,1,field_out,5,4,0
2025-03-31,TOR202503310,TOR,"Gimenez, Andres",gimea001,3,0,empty,empty,1,hit_by_pitch,6,4,2
2025-03-31,TOR202503310,TOR,"Kirk, Alejandro",kirka001,3,1,1B,empty,0,field_out,6,4,2
2025-03-31,TOR202503310,TOR,"Springer, George",sprig001,3,2,empty,empty,1,double,6,4,2
2025-03-31,TOR202503310,TOR,"Clement, Ernie",cleme002,1,2,2B,2B,1,walk,6,4,2
2025-03-31,TOR202503310,TOR,"Schneider, Davis",schnd001,1,2,1B+2B,1B+2B,1,walk,6,4,2
2025-03-31,TOR202503310,TOR,"Roden, Alan",rodea001,3,2,1B+2B+3B,1B+2B+3B,1,field_out,6,4,2
2025-03-31,TOR202503310,TOR,"Bichette, Bo",bichb001,4,0,empty,empty,1,field_out,7,4,2
2025-03-31,TOR202503310,TOR,"Guerrero, Vladimir",guerv002,4,1,empty,empty,1,field_out,7,4,2
2025-03-31,TOR202503310,TOR,"Santander, Anthony",santa003,4,2,empty,empty,1,field_out,7,4,2
2025-03-31,TOR202503310,TOR,"Gimenez, Andres",gimea001,4,0,empty,empty,1,double,8,4,2
2025-03-31,TOR202503310,TOR,"Kirk, Alejandro",kirka001,4,0,2B,2B,1,single,8,4,2
2025-03-31,TOR202503310,TOR,"Springer, George",sprig001,4,0,1B+3B,1B+3B,1,single,8,4,2
2025-03-31,TOR202503310,TOR,"Clement, Ernie",cleme002,2,0,1B+2B,1B+2B,1,single,8,5,2
2025-03-31,TOR202503310,TOR,"Schneider, Davis",schnd001,2,0,1B+2B+3B,1B+2B+3B,1,double_play,8,5,2
2025-03-31,TOR202503310,TOR,"Roden, Alan",rodea001,4,2,2B+3B,2B+3B,1,field_out,8,5,2
2025-04-01,TOR202504010,TOR,"Bichette, Bo",bichb001,1,0,empty,empty,1,single,1,0,0
2025-04-01,TOR202504010,TOR,"Guerrero, Vladimir",guerv002,1,0,1B,1B,1,grounded_into_double_play,1,0,0
2025-04-01,TOR202504010,TOR,"Santander, Anthony",santa003,1,2,empty,empty,1,field_out,1,0,0
2025-04-01,TOR202504010,TOR,"Gimenez, Andres",gimea001,1,0,empty,empty,1,single,2,0,0
2025-04-01,TOR202504010,TOR,"Kirk, Alejandro",kirka001,1,0,1B,1B,1,single,2,0,0
2025-04-01,TOR202504010,TOR,"Springer, George",sprig001,1,0,1B+3B,1B+3B,1,single,2,0,0
2025-04-01,TOR202504010,TOR,"Wagner, Will",wagnw001,1,0,1B+2B,1B+2B,1,single,2,1,0
2025-04-01,TOR202504010,TOR,"Clement, Ernie",cleme002,1,0,1B+2B+3B,1B+2B+3B,1,field_out,2,1,0
2025-04-01,TOR202504010,TOR,"Roden, Alan",rodea001,1,1,1B+3B,1B+3B,1,single,2,2,0
2025-04-01,TOR202504010,TOR,"Bichette, Bo",bichb001,2,1,1B+2B,1B+2B,1,strikeout,2,3,0
2025-04-01,TOR202504010,TOR,"Guerrero, Vladimir",guerv002,2,2,1B+2B,1B+2B,1,strikeout,2,3,0
2025-04-01,TOR202504010,TOR,"Santander, Anthony",santa003,2,0,empty,empty,1,field_out,3,3,0
2025-04-01,TOR202504010,TOR,"Gimenez, Andres",gimea001,2,1,empty,empty,1,field_out,3,3,0
2025-04-01,TOR202504010,TOR,"Kirk, Alejandro",kirka001,2,2,empty,empty,1,single,3,3,0
2025-04-01,TOR202504010,TOR,"Springer, George",sprig001,2,2,1B,1B,1,strikeout,3,3,0
2025-04-01,TOR202504010,TOR,"Wagner, Will",wagnw001,2,0,empty,empty,1,single,4,3,0
2025-04-01,TOR202504010,TOR,"Clement, Ernie",cleme002,2,0,1B,1B,1,grounded_into_double_play,4,3,0
2025-04-01,TOR202504010,TOR,"Roden, Alan",rodea001,2,2,empty,empty,1,single,4,3,0
2025-04-01,TOR202504010,TOR,"Bichette, Bo",bichb001,3,2,1B,1B,1,field_out,4,3,0
2025-04-01,TOR202504010,TOR,"Guerrero, Vladimir",guerv002,3,0,empty,empty,1,field_out,5,3,0
2025-04-01,TOR202504010,TOR,"Santander, Anthony",santa003,3,1,empty,empty,1,single,5,3,0
2025-04-01,TOR202504010,TOR,"Gimenez, Andres",gimea001,3,1,1B,1B,1,field_out,5,3,0
2025-04-01,TOR202504010,TOR,"Kirk, Alejandro",kirka001,3,2,1B,1B,1,field_out,5,3,0
2025-04-01,TOR202504010,TOR,"Springer, George",sprig001,3,0,empty,empty,1,walk,6,3,2
2025-04-01,TOR202504010,TOR,"Wagner, Will",wagnw001,3,0,1B,1B,1,field_out,6,3,2
2025-04-01,TOR202504010,TOR,"Clement, Ernie",cleme002,3,1,2B,2B,1,strikeout,6,3,2
2025-04-01,TOR202504010,TOR,"Roden, Alan",rodea001,3,2,2B,2B,1,hit_by_pitch,6,3,2
2025-04-01,TOR202504010,TOR,"Bichette, Bo",bichb001,4,2,1B+2B,1B+2B,1,strikeout,6,3,2
2025-04-01,TOR202504010,TOR,"Guerrero, Vladimir",guerv002,4,0,empty,empty,1,walk,7,3,3
2025-04-01,TOR202504010,TOR,"Santander, Anthony",santa003,4,0,1B,1B,1,strikeout,7,3,3
2025-04-01,TOR202504010,TOR,"Gimenez, Andres",gimea001,4,1,1B,1B,1,field_out,7,3,3
2025-04-01,TOR202504010,TOR,"Kirk, Alejandro",kirka001,4,2,1B,1B,1,field_out,7,3,3
2025-04-01,TOR202504010,TOR,"Springer, George",sprig001,4,0,empty,empty,1,single,8,3,3
2025-04-01,TOR202504010,TOR,"Wagner, Will",wagnw001,4,0,1B,1B,1,sac_bunt,8,3,3
2025-04-01,TOR202504010,TOR,"Clement, Ernie",cleme002,4,0,1B+2B,1B+2B,1,sac_bunt,8,3,3
2025-04-01,TOR202504010,TOR,"Schneider, Davis",schnd001,1,1,2B+3B,2B+3B,1,strikeout,8,3,3
2025-04-01,TOR202504010,TOR,"Bichette, Bo",bichb001,5,2,2B+3B,2B+3B,1,single,8,3,3
2025-04-01,TOR202504010,TOR,"Guerrero, Vladimir",guerv002,5,2,1B,1B,1,field_out,8,5,3
2025-04-02,TOR202504020,TOR,"Bichette, Bo",bichb001,1,0,empty,empty,1,field_out,1,0,0
2025-04-02,TOR202504020,TOR,"Guerrero, Vladimir",guerv002,1,1,empty,empty,1,field_out,1,0,0
2025-04-02,TOR202504020,TOR,"Santander, Anthony",santa003,1,2,empty,empty,1,double,1,0,0
2025-04-02,TOR202504020,TOR,"Gimenez, Andres",gimea001,1,2,2B,2B,1,single,1,0,0
2025-04-02,TOR202504020,TOR,"Springer, George",sprig001,1,2,2B,2B,1,strikeout,1,1,0
2025-04-02,TOR202504020,TOR,"Clement, Ernie",cleme002,1,0,empty,empty,1,walk,2,1,0
2025-04-02,TOR202504020,TOR,"Schneider, Davis",schnd001,1,0,1B,1B,1,field_out,2,1,0
2025-04-02,TOR202504020,TOR,"Heineman, Tyler",heint001,1,1,1B,1B,1,single,2,1,0
2025-04-02,TOR202504020,TOR,"Straw, Myles",stram002,1,1,1B+2B,1B+2B,1,double,2,1,0
2025-04-02,TOR202504020,TOR,"Bichette, Bo",bichb001,2,2,2B+3B,2B+3B,1,field_out,2,1,0
2025-04-02,TOR202504020,TOR,"Guerrero, Vladimir",guerv002,2,0,empty,empty,1,strikeout,3,1,0
2025-04-02,TOR202504020,TOR,"Santander, Anthony",santa003,2,1,empty,empty,1,field_out,3,1,0
2025-04-02,TOR202504020,TOR,"Gimenez, Andres",gimea001,2,2,empty,empty,1,field_out,3,1,0
2025-04-02,TOR202504020,TOR,"Springer, George",sprig001,2,0,empty,empty,1,home_run,4,1,0
2025-04-02,TOR202504020,TOR,"Clement, Ernie",cleme002,2,0,empty,empty,1,strikeout,4,2,0
2025-04-02,TOR202504020,TOR,"Schneider, Davis",schnd001,2,1,empty,empty,1,strikeout,4,2,0
2025-04-02,TOR202504020,TOR,"Heineman, Tyler",heint001,2,2,empty,empty,1,single,4,2,0
2025-04-02,TOR202504020,TOR,"Straw, Myles",stram002,2,2,1B,1B,1,single,4,2,0
2025-04-02,TOR202504020,TOR,"Bichette, Bo",bichb001,3,2,1B+3B,1B+3B,1,field_out,4,2,0
2025-04-02,TOR202504020,TOR,"Guerrero, Vladimir",guerv002,3,0,empty,empty,1,double,5,2,0
2025-04-02,TOR202504020,TOR,"Santander, Anthony",santa003,3,0,2B,2B,1,single,5,2,0
2025-04-02,TOR202504020,TOR,"Gimenez, Andres",gimea001,3,0,1B+2B,1B+2B,1,strikeout,5,2,0
2025-04-02,TOR202504020,TOR,"Springer, George",sprig001,3,1,1B+2B,1B+2B,1,walk,5,2,0
2025-04-02,TOR202504020,TOR,"Clement, Ernie",cleme002,3,1,1B+2B+3B,1B+2B+3B,1,sac_fly,5,2,0
2025-04-02,TOR202504020,TOR,"Schneider, Davis",schnd001,3,2,1B+2B,1B+2B,1,hit_by_pitch,5,3,0
2025-04-02,TOR202504020,TOR,"Heineman, Tyler",heint001,3,2,1B+2B+3B,1B+2B+3B,1,field_out,5,3,0
2025-04-02,TOR202504020,TOR,"Straw, Myles",stram002,3,0,empty,empty,1,double,6,3,1
2025-04-02,TOR202504020,TOR,"Bichette, Bo",bichb001,4,0,2B,2B,1,field_out,6,3,1
2025-04-02,TOR202504020,TOR,"Guerrero, Vladimir",guerv002,4,1,3B,3B,1,fielders_choice,6,3,1
2025-04-02,TOR202504020,TOR,"Santander, Anthony",santa003,4,1,2B,2B,1,field_out,6,4,1
2025-04-02,TOR202504020,TOR,"Gimenez, Andres",gimea001,4,2,2B,2B,1,field_out,6,4,1
2025-04-02,TOR202504020,TOR,"Springer, George",sprig001,4,0,empty,empty,1,strikeout,7,4,1
2025-04-02,TOR202504020,TOR,"Clement, Ernie",cleme002,4,1,empty,empty,1,field_out,7,4,1
2025-04-02,TOR202504020,TOR,"Lukes, Nathan",luken001,1,2,empty,empty,1,field_out,7,4,1
2025-04-02,TOR202504020,TOR,"Heineman, Tyler",heint001,4,0,empty,empty,1,field_out,8,4,1
2025-04-02,TOR202504020,TOR,"Straw, Myles",stram002,4,1,empty,empty,1,field_out,8,4,1
2025-04-02,TOR202504020,TOR,"Bichette, Bo",bichb001,5,2,empty,empty,1,field_out,8,4,1
2025-04-04,NYN202504040,TOR,"Bichette, Bo",bichb001,1,0,empty,empty,1,field_out,1,0,0
2025-04-04,NYN202504040,TOR,"Guerrero, Vladimir",guerv002,1,1,empty,empty,1,field_out,1,0,0
2025-04-04,NYN202504040,TOR,"Santander, Anthony",santa003,1,2,empty,empty,1,strikeout,1,0,0
2025-04-04,NYN202504040,TOR,"Gimenez, Andres",gimea001,1,0,empty,empty,1,strikeout,2,0,2
2025-04-04,NYN202504040,TOR,"Kirk, Alejandro",kirka001,1,1,empty,empty,1,field_out,2,0,2
2025-04-04,NYN202504040,TOR,"Springer, George",sprig001,1,2,empty,empty,1,triple,2,0,2
2025-04-04,NYN202504040,TOR,"Wagner, Will",wagnw001,1,2,3B,3B,1,walk,2,0,2
2025-04-04,NYN202504040,TOR,"Clement, Ernie",cleme002,1,2,1B+3B,1B+3B,1,field_out,2,0,2
2025-04-04,NYN202504040,TOR,"Roden, Alan",rodea001,1,0,empty,empty,1,field_out,3,0,2
2025-04-04,NYN202504040,TOR,"Bichette, Bo",bichb001,2,1,empty,empty,1,strikeout,3,0,2
2025-04-04,NYN202504040,TOR,"Guerrero, Vladimir",guerv002,2,2,empty,empty,1,single,3,0,2
2025-04-04,NYN202504040,TOR,"Santander, Anthony",santa003,2,2,1B,1B,1,field_out,3,0,2
2025-04-04,NYN202504040,TOR,"Gimenez, Andres",gimea001,2,0,empty,empty,1,field_out,4,0,2
2025-04-04,NYN202504040,TOR,"Kirk, Alejandro",kirka001,2,1,empty,empty,1,field_out,4,0,2
2025-04-04,NYN202504040,TOR,"Springer, George",sprig001,2,2,empty,empty,1,field_out,4,0,2
2025-04-04,NYN202504040,TOR,"Wagner, Will",wagnw001,2,0,empty,empty,1,strikeout,5,0,2
2025-04-04,NYN202504040,TOR,"Clement, Ernie",cleme002,2,1,empty,empty,1,field_out,5,0,2
2025-04-04,NYN202504040,TOR,"Roden, Alan",rodea001,2,2,empty,empty,1,field_out,5,0,2
2025-04-04,NYN202504040,TOR,"Bichette, Bo",bichb001,3,0,empty,empty,1,field_out,6,0,2
2025-04-04,NYN202504040,TOR,"Guerrero, Vladimir",guerv002,3,1,empty,empty,1,walk,6,0,2
2025-04-04,NYN202504040,TOR,"Santander, Anthony",santa003,3,1,1B,1B,1,walk,6,0,2
2025-04-04,NYN202504040,TOR,"Gimenez, Andres",gimea001,3,1,1B+2B,1B+2B,1,strikeout,6,0,2
2025-04-04,NYN202504040,TOR,"Kirk, Alejandro",kirka001,3,2,1B+2B,2B+3B,0,strikeout,6,0,2
2025-04-04,NYN202504040,TOR,"Springer, George",sprig001,3,0,empty,empty,1,single,7,0,5
2025-04-04,NYN202504040,TOR,"Wagner, Will",wagnw001,3,0,1B,1B,1,strikeout,7,0,5
2025-04-04,NYN202504040,TOR,"Clement, Ernie",cleme002,3,1,1B,1B,1,strikeout,7,0,5
2025-04-04,NYN202504040,TOR,"Schneider, Davis",schnd001,1,2,1B,1B,1,strikeout,7,0,5
2025-04-04,NYN202504040,TOR,"Bichette, Bo",bichb001,4,0,empty,empty,1,strikeout,8,0,5
2025-04-04,NYN202504040,TOR,"Guerrero, Vladimir",guerv002,4,1,empty,empty,1,single,8,0,5
2025-04-04,NYN202504040,TOR,"Santander, Anthony",santa003,4,1,1B,1B,1,field_out,8,0,5
2025-04-04,NYN202504040,TOR,"Gimenez, Andres",gimea001,4,2,1B,1B,1,field_out,8,0,5
2025-04-04,NYN202504040,TOR,"Kirk, Alejandro",kirka001,4,0,empty,empty,1,field_out,9,0,5
2025-04-04,NYN202504040,TOR,"Springer, George",sprig001,4,1,empty,empty,1,field_out,9,0,5
2025-04-04,NYN202504040,TOR,"Wagner, Will",wagnw001,4,2,empty,empty,1,field_out,9,0,5
2025-04-05,NYN202504050,TOR,"Bichette, Bo",bichb001,1,0,empty,empty,1,field_out,1,0,0
2025-04-05,NYN202504050,TOR,"Guerrero, Vladimir",guerv002,1,1,empty,empty,1,strikeout,1,0,0
2025-04-05,NYN202504050,TOR,"Santander, Anthony",santa003,1,2,empty,empty,1,walk,1,0,0
2025-04-05,NYN202504050,TOR,"Gimenez, Andres",gimea001,1,2,1B,1B,1,single,1,0,0
2025-04-05,NYN202504050,TOR,"Kirk, Alejandro",kirka001,1,2,1B+3B,1B+3B,1,strikeout,1,0,0
2025-04-05,NYN202504050,TOR,"Springer, George",sprig001,1,0,empty,empty,1,strikeout,2,0,0
2025-04-05,NYN202504050,TOR,"Wagner, Will",wagnw001,1,1,empty,empty,1,strikeout,2,0,0
2025-04-05,NYN202504050,TOR,"Straw, Myles",stram002,1,2,empty,empty,1,single,2,0,0
2025-04-05,NYN202504050,TOR,"Roden, Alan",rodea001,1,2,1B,1B,1,walk,2,0,0
2025-04-05,NYN202504050,TOR,"Bichette, Bo",bichb001,2,2,1B+2B,1B+2B,1,field_out,2,0,0
2025-04-05,NYN202504050,TOR,"Guerrero, Vladimir",guerv002,2,0,empty,empty,1,field_out,3,0,0
2025-04-05,NYN202504050,TOR,"Santander, Anthony",santa003,2,1,empty,empty,1,field_out,3,0,0
2025-04-05,NYN202504050,TOR,"Gimenez, Andres",gimea001,2,2,empty,empty,1,strikeout,3,0,0
2025-04-05,NYN202504050,TOR,"Kirk, Alejandro",kirka001,2,0,empty,empty,1,field_out,4,0,0
2025-04-05,NYN202504050,TOR,"Springer, George",sprig001,2,1,empty,empty,1,strikeout,4,0,0
2025-04-05,NYN202504050,TOR,"Wagner, Will",wagnw001,2,2,empty,empty,1,walk,4,0,0
2025-04-05,NYN202504050,TOR,"Straw, Myles",stram002,2,2,1B,1B,1,field_out,4,0,0
2025-04-05,NYN202504050,TOR,"Roden, Alan",rodea001,2,0,empty,empty,1,single,5,0,0
2025-04-05,NYN202504050,TOR,"Bichette, Bo",bichb001,3,0,1B,1B,1,single,5,0,0
2025-04-05,NYN202504050,TOR,"Guerrero, Vladimir",guerv002,3,0,1B+2B,1B+2B,1,single,5,0,0
2025-04-05,NYN202504050,TOR,"Santander, Anthony",santa003,3,0,1B+2B,1B+2B,1,field_out,5,1,0
2025-04-05,NYN202504050,TOR,"Gimenez, Andres",gimea001,3,1,1B+3B,1B+3B,1,walk,5,1,0
2025-04-05,NYN202504050,TOR,"Kirk, Alejandro",kirka001,3,1,1B+2B+3B,1B+2B+3B,1,strikeout,5,1,0
2025-04-05,NYN202504050,TOR,"Springer, George",sprig001,3,2,1B+2B+3B,1B+2B+3B,1,field_out,5,1,0
2025-04-05,NYN202504050,TOR,"Wagner, Will",wagnw001,3,0,empty,empty,1,field_out,6,1,0
2025-04-05,NYN202504050,TOR,"Straw, Myles",stram002,3,1,empty,empty,1,field_out,6,1,0
2025-04-05,NYN202504050,TOR,"Roden, Alan",rodea001,3,2,empty,empty,1,double,6,1,0
2025-04-05,NYN202504050,TOR,"Bichette, Bo",bichb001,4,2,2B,2B,1,double,6,1,0
2025-04-05,NYN202504050,TOR,"Guerrero, Vladimir",guerv002,4,2,2B,2B,1,field_out,6,2,0
2025-04-05,NYN202504050,TOR,"Santander, Anthony",santa003,4,0,empty,empty,1,single,7,2,0
2025-04-05,NYN202504050,TOR,"Gimenez, Andres",gimea001,4,0,1B,1B,1,field_out,7,2,0
2025-04-05,NYN202504050,TOR,"Kirk, Alejandro",kirka001,4,1,1B,1B,1,grounded_into_double_play,7,2,0
2025-04-05,NYN202504050,TOR,"Springer, George",sprig001,4,0,empty,empty,1,strikeout,8,2,0
2025-04-05,NYN202504050,TOR,"Wagner, Will",wagnw001,4,1,empty,empty,1,field_out,8,2,0
2025-04-05,NYN202504050,TOR,"Straw, Myles",stram002,4,2,empty,empty,1,field_out,8,2,0
2025-04-05,NYN202504050,TOR,"Roden, Alan",rodea001,4,0,empty,empty,1,strikeout,9,2,2
2025-04-05,NYN202504050,TOR,"Bichette, Bo",bichb001,5,1,empty,empty,1,single,9,2,2
2025-04-05,NYN202504050,TOR,"Guerrero, Vladimir",guerv002,5,1,1B,1B,1,single,9,2,2
2025-04-05,NYN202504050,TOR,"Santander, Anthony",santa003,5,1,1B+2B,1B+2B,1,strikeout,9,2,2
2025-04-05,NYN202504050,TOR,"Gimenez, Andres",gimea001,5,2,1B+2B,2B+3B,0,strikeout,9,2,2
2025-04-06,NYN202504060,TOR,"Bichette, Bo",bichb001,1,0,empty,empty,1,field_out,1,0,0
2025-04-06,NYN202504060,TOR,"Guerrero, Vladimir",guerv002,1,1,empty,empty,1,field_out,1,0,0
2025-04-06,NYN202504060,TOR,"Santander, Anthony",santa003,1,2,empty,empty,1,field_out,1,0,0
2025-04-06,NYN202504060,TOR,"Gimenez, Andres",gimea001,1,0,empty,empty,1,field_out,2,0,0
2025-04-06,NYN202504060,TOR,"Kirk, Alejandro",kirka001,1,1,empty,empty,1,single,2,0,0
2025-04-06,NYN202504060,TOR,"Clement, Ernie",cleme002,1,1,1B,1B,1,walk,2,0,0
2025-04-06,NYN202504060,TOR,"Schneider, Davis",schnd001,1,1,1B+2B,1B+2B,1,strikeout,2,0,0
2025-04-06,NYN202504060,TOR,"Heineman, Tyler",heint001,1,2,1B+2B,1B+2B,1,field_out,2,0,0
2025-04-06,NYN202504060,TOR,"Straw, Myles",stram002,1,0,empty,empty,1,single,3,0,0
2025-04-06,NYN202504060,TOR,"Bichette, Bo",bichb001,2,0,1B,1B,1,field_out,3,0,0
2025-04-06,NYN202504060,TOR,"Guerrero, Vladimir",guerv002,2,1,1B,1B,1,field_out,3,0,0
2025-04-06,NYN202504060,TOR,"Santander, Anthony",santa003,2,2,1B,1B,1,walk,3,0,0
2025-04-06,NYN202504060,TOR,"Gimenez, Andres",gimea001,2,2,1B+2B,1B+2B,1,strikeout,3,0,0
2025-04-06,NYN202504060,TOR,"Kirk, Alejandro",kirka001,2,0,empty,empty,1,field_out,4,0,2
2025-04-06,NYN202504060,TOR,"Clement, Ernie",cleme002,2,1,empty,empty,1,walk,4,0,2
2025-04-06,NYN202504060,TOR,"Schneider, Davis",schnd001,2,1,1B,1B,1,grounded_into_double_play,4,0,2
2025-04-06,NYN202504060,TOR,"Heineman, Tyler",heint001,2,0,empty,empty,1,double,5,0,2
2025-04-06,NYN202504060,TOR,"Straw, Myles",stram002,2,0,2B,2B,1,strikeout,5,0,2
2025-04-06,NYN202504060,TOR,"Bichette, Bo",bichb001,3,1,2B,2B,1,field_out,5,0,2
2025-04-06,NYN202504060,TOR,"Guerrero, Vladimir",guerv002,3,2,3B,3B,1,walk,5,0,2
2025-04-06,NYN202504060,TOR,"Santander, Anthony",santa003,3,2,1B+3B,1B+3B,1,walk,5,0,2
2025-04-06,NYN202504060,TOR,"Gimenez, Andres",gimea001,3,2,1B+2B+3B,1B+2B+3B,1,hit_by_pitch,5,0,2
2025-04-06,NYN202504060,TOR,"Kirk, Alejandro",kirka001,3,2,1B+2B+3B,1B+2B+3B,1,field_out,5,1,2
2025-04-06,NYN202504060,TOR,"Clement, Ernie",cleme002,3,0,empty,empty,1,field_out,6,1,2
2025-04-06,NYN202504060,TOR,"Roden, Alan",rodea001,1,1,empty,empty,1,field_out,6,1,2
2025-04-06,NYN202504060,TOR,"Heineman, Tyler",heint001,3,2,empty,empty,1,strikeout,6,1,2
2025-04-06,NYN202504060,TOR,"Straw, Myles",stram002,3,0,empty,empty,1,strikeout,7,1,2
2025-04-06,NYN202504060,TOR,"Bichette, Bo",bichb001,4,1,empty,empty,1,field_out,7,1,2
2025-04-06,NYN202504060,TOR,"Guerrero, Vladimir",guerv002,4,2,empty,empty,1,field_out,7,1,2
2025-04-06,NYN202504060,TOR,"Santander, Anthony",santa003,4,0,empty,empty,1,strikeout,8,1,2
2025-04-06,NYN202504060,TOR,"Gimenez, Andres",gimea001,4,1,empty,empty,1,strikeout,8,1,2
2025-04-06,NYN202504060,TOR,"Kirk, Alejandro",kirka001,4,2,empty,empty,1,single,8,1,2
2025-04-06,NYN202504060,TOR,"Clement, Ernie",cleme002,4,2,1B,2B,0,field_out,8,1,2
2025-04-06,NYN202504060,TOR,"Roden, Alan",rodea001,2,0,empty,empty,1,hit_by_pitch,9,1,2
2025-04-06,NYN202504060,TOR,"Heineman, Tyler",heint001,4,0,1B,1B,1,strikeout,9,1,2
2025-04-06,NYN202504060,TOR,"Lukes, Nathan",luken001,1,1,1B,1B,1,field_out,9,1,2
2025-04-06,NYN202504060,TOR,"Bichette, Bo",bichb001,5,2,1B,1B,1,hit_by_pitch,9,1,2
2025-04-06,NYN202504060,TOR,"Guerrero, Vladimir",guerv002,5,2,1B+2B,1B+2B,1,field_out,9,1,2
2025-04-07,BOS202504070,TOR,"Bichette, Bo",bichb001,1,0,empty,empty,1,field_out,1,0,0
2025-04-07,BOS202504070,TOR,"Guerrero, Vladimir",guerv002,1,1,empty,empty,1,strikeout,1,0,0
2025-04-07,BOS202504070,TOR,"Santander, Anthony",santa003,1,2,empty,empty,1,walk,1,0,0
2025-04-07,BOS202504070,TOR,"Gimenez, Andres",gimea001,1,2,1B,1B,1,walk,1,0,0
2025-04-07,BOS202504070,TOR,"Springer, George",sprig001,1,2,1B+2B,1B+2B,1,catcher_interf,1,0,0
2025-04-07,BOS202504070,TOR,"Kirk, Alejandro",kirka001,1,2,1B+2B+3B,1B+2B+3B,1,field_out,1,0,0
2025-04-07,BOS202504070,TOR,"Wagner, Will",wagnw001,1,0,empty,empty,1,field_out,2,0,0
2025-04-07,BOS202504070,TOR,"Lukes, Nathan",luken001,1,1,empty,empty,1,strikeout,2,0,0
2025-04-07,BOS202504070,TOR,"Roden, Alan",rodea001,1,2,empty,empty,1,field_out,2,0,0
2025-04-07,BOS202504070,TOR,"Bichette, Bo",bichb001,2,0,empty,empty,1,double,3,0,0
2025-04-07,BOS202504070,TOR,"Guerrero, Vladimir",guerv002,2,0,2B,2B,1,walk,3,0,0
2025-04-07,BOS202504070,TOR,"Santander, Anthony",santa003,2,0,1B+2B,1B+2B,1,field_out,3,0,0
2025-04-07,BOS202504070,TOR,"Gimenez, Andres",gimea001,2,1,2B+3B,2B+3B,1,sac_fly,3,0,0
2025-04-07,BOS202504070,TOR,"Springer, George",sprig001,2,2,3B,3B,1,single,3,1,0
2025-04-07,BOS202504070,TOR,"Kirk, Alejandro",kirka001,2,2,1B,1B,1,single,3,2,0
2025-04-07,BOS202504070,TOR,"Wagner, Will",wagnw001,2,2,1B+2B,1B+2B,1,field_out,3,2,0
2025-04-07,BOS202504070,TOR,"Lukes, Nathan",luken001,2,0,empty,empty,1,field_out,4,2,1
2025-04-07,BOS202504070,TOR,"Roden, Alan",rodea001,2,1,empty,empty,1,strikeout,4,2,1
2025-04-07,BOS202504070,TOR,"Bichette, Bo",bichb001,3,2,empty,empty,1,strikeout,4,2,1
2025-04-07,BOS202504070,TOR,"Guerrero, Vladimir",guerv002,3,0,empty,empty,1,single,5,2,1
2025-04-07,BOS202504070,TOR,"Santander, Anthony",santa003,3,0,1B,1B,1,grounded_into_double_play,5,2,1
2025-04-07,BOS202504070,TOR,"Gimenez, Andres",gimea001,3,2,empty,empty,1,walk,5,2,1
2025-04-07,BOS202504070,TOR,"Springer, George",sprig001,3,2,1B,2B,0,single,5,2,1
2025-04-07,BOS202504070,TOR,"Kirk, Alejandro",kirka001,3,2,1B,1B,1,field_out,5,3,1
2025-04-07,BOS202504070,TOR,"Wagner, Will",wagnw001,3,0,empty,empty,1,field_error,6,3,1
2025-04-07,BOS202504070,TOR,"Lukes, Nathan",luken001,3,0,1B,2B,0,single,6,3,1
2025-04-07,BOS202504070,TOR,"Roden, Alan",rodea001,3,0,1B+3B,1B+3B,1,double_play,6,3,1
2025-04-07,BOS202504070,TOR,"Bichette, Bo",bichb001,4,2,3B,3B,1,field_out,6,3,1
2025-04-07,BOS202504070,TOR,"Guerrero, Vladimir",guerv002,4,0,empty,empty,1,single,7,3,1
2025-04-07,BOS202504070,TOR,"Santander, Anthony",santa003,4,0,1B,1B,1,strikeout,7,3,1
2025-04-07,BOS202504070,TOR,"Gimenez, Andres",gimea001,4,1,1B,1B,1,field_out,7,3,1
2025-04-07,BOS202504070,TOR,"Springer, George",sprig001,4,2,1B,2B,0,single,7,3,1
2025-04-07,BOS202504070,TOR,"Kirk, Alejandro",kirka001,4,2,1B,1B,1,single,7,4,1
2025-04-07,BOS202504070,TOR,"Wagner, Will",wagnw001,4,2,1B+2B,1B+2B,1,single,7,4,1
2025-04-07,BOS202504070,TOR,"Lukes, Nathan",luken001,4,2,1B+2B,1B+2B,1,field_out,7,5,1
2025-04-07,BOS202504070,TOR,"Roden, Alan",rodea001,4,0,empty,empty,1,field_out,8,5,1
2025-04-07,BOS202504070,TOR,"Bichette, Bo",bichb001,5,1,empty,empty,1,field_out,8,5,1
2025-04-07,BOS202504070,TOR,"Guerrero, Vladimir",guerv002,5,2,empty,empty,1,field_out,8,5,1
2025-04-07,BOS202504070,TOR,"Santander, Anthony",santa003,5,0,empty,empty,1,single,9,5,2
2025-04-07,BOS202504070,TOR,"Gimenez, Andres",gimea001,5,0,1B,1B,1,field_out,9,5,2
2025-04-07,BOS202504070,TOR,"Springer, George",sprig001,5,1,1B,1B,1,single,9,5,2
2025-04-07,BOS202504070,TOR,"Kirk, Alejandro",kirka001,5,1,1B+2B,1B+2B,1,field_out,9,5,2
2025-04-07,BOS202504070,TOR,"Wagner, Will",wagnw001,5,2,1B+2B,1B+2B,1,walk,9,5,2
2025-04-07,BOS202504070,TOR,"Lukes, Nathan",luken001,5,2,1B+2B+3B,1B+2B+3B,1,single,9,5,2
2025-04-08,BOS202504080,TOR,"Bichette, Bo",bichb001,1,0,empty,empty,1,single,1,0,0
2025-04-08,BOS202504080,TOR,"Guerrero, Vladimir",guerv002,1,0,1B,1B,1,field_out,1,0,0
2025-04-08,BOS202504080,TOR,"Santander, Anthony",santa003,1,1,2B,2B,1,strikeout,1,0,0
2025-04-08,BOS202504080,TOR,"Springer, George",sprig001,1,2,2B,2B,1,walk,1,0,0
2025-04-08,BOS202504080,TOR,"Clement, Ernie",cleme002,1,2,1B+2B,1B+2B,1,single,1,0,0
2025-04-08,BOS202504080,TOR,"Schneider, Davis",schnd001,1,2,1B+2B+3B,1B+2B+3B,1,strikeout,1,0,0
2025-04-08,BOS202504080,TOR,"Straw, Myles",stram002,1,0,empty,empty,1,field_out,2,0,0
2025-04-08,BOS202504080,TOR,"Heineman, Tyler",heint001,1,1,empty,empty,1,field_out,2,0,0
2025-04-08,BOS202504080,TOR,"Roden, Alan",rodea001,1,2,empty,empty,1,field_out,2,0,0
2025-04-08,BOS202504080,TOR,"Bichette, Bo",bichb001,2,0,empty,empty,1,walk,3,0,0
2025-04-08,BOS202504080,TOR,"Guerrero, Vladimir",guerv002,2,0,1B,1B,1,field_out,3,0,0
2025-04-08,BOS202504080,TOR,"Santander, Anthony",santa003,2,1,2B,2B,1,field_out,3,0,0
2025-04-08,BOS202504080,TOR,"Springer, George",sprig001,2,2,2B,2B,1,strikeout,3,0,0
2025-04-08,BOS202504080,TOR,"Clement, Ernie",cleme002,2,0,empty,empty,1,field_out,4,0,0
2025-04-08,BOS202504080,TOR,"Schneider, Davis",schnd001,2,1,empty,empty,1,strikeout,4,0,0
2025-04-08,BOS202504080,TOR,"Straw, Myles",stram002,2,2,empty,empty,1,strikeout,4,0,0
2025-04-08,BOS202504080,TOR,"Heineman, Tyler",heint001,2,0,empty,empty,1,single,5,0,0
2025-04-08,BOS202504080,TOR,"Roden, Alan",rodea001,2,0,1B,1B,1,field_out,5,0,0
2025-04-08,BOS202504080,TOR,"Bichette, Bo",bichb001,3,1,1B,1B,1,field_out,5,0,0
2025-04-08,BOS202504080,TOR,"Guerrero, Vladimir",guerv002,3,2,1B,1B,1,field_out,5,0,0
2025-04-08,BOS202504080,TOR,"Santander, Anthony",santa003,3,0,empty,empty,1,field_out,6,0,0
2025-04-08,BOS202504080,TOR,"Springer, George",sprig001,3,1,empty,empty,1,home_run,6,0,0
2025-04-08,BOS202504080,TOR,"Clement, Ernie",cleme002,3,1,empty,empty,1,field_out,6,1,0
2025-04-08,BOS202504080,TOR,"Schneider, Davis",schnd001,3,2,empty,empty,1,field_error,6,1,0
2025-04-08,BOS202504080,TOR,"Straw, Myles",stram002,3,2,1B,1B,1,walk,6,1,0
2025-04-08,BOS202504080,TOR,"Heineman, Tyler",heint001,3,2,1B+2B,1B+2B,1,single,6,1,0
2025-04-08,BOS202504080,TOR,"Roden, Alan",rodea001,3,2,2B+3B,2B+3B,1,walk,6,2,0
2025-04-08,BOS202504080,TOR,"Bichette, Bo",bichb001,4,2,1B+2B+3B,1B+2B+3B,1,single,6,2,0
2025-04-08,BOS202504080,TOR,"Guerrero, Vladimir",guerv002,4,2,1B+2B,1B+2B,1,field_out,6,4,0
2025-04-08,BOS202504080,TOR,"Santander, Anthony",santa003,4,0,empty,empty,1,strikeout,7,4,0
2025-04-08,BOS202504080,TOR,"Springer, George",sprig001,4,1,empty,empty,1,single,7,4,0
2025-04-08,BOS202504080,TOR,"Clement, Ernie",cleme002,4,1,1B,1B,1,field_out,7,4,0
2025-04-08,BOS202504080,TOR,"Gimenez, Andres",gimea001,1,2,1B,1B,1,field_out,7,4,0
2025-04-08,BOS202504080,TOR,"Straw, Myles",stram002,4,0,empty,empty,1,single,8,4,1
2025-04-08,BOS202504080,TOR,"Heineman, Tyler",heint001,4,0,1B,1B,1,walk,8,4,1
2025-04-08,BOS202504080,TOR,"Roden, Alan",rodea001,4,0,1B+2B,1B+2B,1,strikeout,8,4,1
2025-04-08,BOS202504080,TOR,"Bichette, Bo",bichb001,5,1,1B+2B,1B+2B,1,single,8,4,1
2025-04-08,BOS202504080,TOR,"Guerrero, Vladimir",guerv002,5,1,1B+2B,1B+2B,1,hit_by_pitch,8,5,1
2025-04-08,BOS202504080,TOR,"Santander, Anthony",santa003,5,1,1B+2B+3B,1B+2B+3B,1,field_out,8,5,1
2025-04-08,BOS202504080,TOR,"Springer, George",sprig001,5,2,2B+3B,2B+3B,1,field_out,8,6,1
2025-04-08,BOS202504080,TOR,"Clement, Ernie",cleme002,5,0,empty,empty,1,strikeout,9,6,1
2025-04-08,BOS202504080,TOR,"Gimenez, Andres",gimea001,2,1,empty,empty,1,field_out,9,6,1
2025-04-08,BOS202504080,TOR,"Straw, Myles",stram002,5,2,empty,empty,1,field_out,9,6,1
2025-04-09,BOS202504090,TOR,"Bichette, Bo",bichb001,1,0,empty,empty,1,field_out,1,0,0
2025-04-09,BOS202504090,TOR,"Guerrero, Vladimir",guerv002,1,1,empty,empty,1,single,1,0,0
2025-04-09,BOS202504090,TOR,"Santander, Anthony",santa003,1,1,1B,1B,1,single,1,0,0
2025-04-09,BOS202504090,TOR,"Gimenez, Andres",gimea001,1,1,1B+2B,1B+2B,1,single,1,0,0
2025-04-09,BOS202504090,TOR,"Wagner, Will",wagnw001,1,1,1B+2B+3B,1B+2B+3B,1,field_out,1,0,0
2025-04-09,BOS202504090,TOR,"Kirk, Alejandro",kirka001,1,2,2B+3B,2B+3B,1,field_out,1,1,0
2025-04-09,BOS202504090,TOR,"Roden, Alan",rodea001,1,0,empty,empty,1,field_out,2,1,1
2025-04-09,BOS202504090,TOR,"Clement, Ernie",cleme002,1,1,empty,empty,1,strikeout,2,1,1
2025-04-09,BOS202504090,TOR,"Lukes, Nathan",luken001,1,2,empty,empty,1,field_out,2,1,1
2025-04-09,BOS202504090,TOR,"Bichette, Bo",bichb001,2,0,empty,empty,1,field_out,3,1,1
2025-04-09,BOS202504090,TOR,"Guerrero, Vladimir",guerv002,2,1,empty,empty,1,field_out,3,1,1
2025-04-09,BOS202504090,TOR,"Santander, Anthony",santa003,2,2,empty,empty,1,field_out,3,1,1
2025-04-09,BOS202504090,TOR,"Gimenez, Andres",gimea001,2,0,empty,empty,1,walk,4,1,1
2025-04-09,BOS202504090,TOR,"Wagner, Will",wagnw001,2,0,1B,1B,1,double_play,4,1,1
2025-04-09,BOS202504090,TOR,"Kirk, Alejandro",kirka001,2,2,empty,empty,1,strikeout,4,1,1
2025-04-09,BOS202504090,TOR,"Roden, Alan",rodea001,2,0,empty,empty,1,field_out,5,1,1
2025-04-09,BOS202504090,TOR,"Clement, Ernie",cleme002,2,1,empty,empty,1,field_out,5,1,1
2025-04-09,BOS202504090,TOR,"Lukes, Nathan",luken001,2,2,empty,empty,1,field_out,5,1,1
2025-04-09,BOS202504090,TOR,"Bichette, Bo",bichb001,3,0,empty,empty,1,field_out,6,1,1
2025-04-09,BOS202504090,TOR,"Guerrero, Vladimir",guerv002,3,1,empty,empty,1,single,6,1,1
2025-04-09,BOS202504090,TOR,"Santander, Anthony",santa003,3,1,1B,1B,1,double_play,6,1,1
2025-04-09,BOS202504090,TOR,"Gimenez, Andres",gimea001,3,0,empty,empty,1,single,7,1,1
2025-04-09,BOS202504090,TOR,"Wagner, Will",wagnw001,3,0,1B,1B,1,walk,7,1,1
2025-04-09,BOS202504090,TOR,"Kirk, Alejandro",kirka001,3,0,1B+2B,1B+2B,1,grounded_into_double_play,7,1,1
2025-04-09,BOS202504090,TOR,"Roden, Alan",rodea001,3,2,3B,3B,1,field_out,7,1,1
2025-04-09,BOS202504090,TOR,"Clement, Ernie",cleme002,3,0,empty,empty,1,field_out,8,1,1
2025-04-09,BOS202504090,TOR,"Lukes, Nathan",luken001,3,1,empty,empty,1,field_out,8,1,1
2025-04-09,BOS202504090,TOR,"Bichette, Bo",bichb001,4,2,empty,empty,1,field_out,8,1,1
2025-04-09,BOS202504090,TOR,"Guerrero, Vladimir",guerv002,4,0,empty,empty,1,single,9,1,1
2025-04-09,BOS202504090,TOR,"Santander, Anthony",santa003,4,0,1B,1B,1,strikeout,9,1,1
2025-04-09,BOS202504090,TOR,"Gimenez, Andres",gimea001,4,1,1B,1B,1,strikeout,9,1,1
2025-04-09,BOS202504090,TOR,"Springer, George",sprig001,1,2,1B,1B,1,field_out,9,1,1
2025-04-09,BOS202504090,TOR,"Kirk, Alejandro",kirka001,4,0,2B,2B,1,field_out,10,1,1
2025-04-09,BOS202504090,TOR,"Roden, Alan",rodea001,4,1,2B,2B,1,field_out,10,1,1
2025-04-09,BOS202504090,TOR,"Clement, Ernie",cleme002,4,2,3B,3B,1,field_out,10,1,1
2025-04-09,BOS202504090,TOR,"Lukes, Nathan",luken001,4,0,2B,2B,1,field_out,11,1,1
2025-04-09,BOS202504090,TOR,"Bichette, Bo",bichb001,5,1,3B,3B,1,sac_fly,11,1,1
2025-04-09,BOS202504090,TOR,"Guerrero, Vladimir",guerv002,5,2,empty,empty,1,field_out,11,2,1
2025-04-10,BOS202504100,TOR,"Bichette, Bo",bichb001,1,0,empty,empty,1,single,1,0,0
2025-04-10,BOS202504100,TOR,"Gimenez, Andres",gimea001,1,0,1B,1B,1,strikeout,1,0,0
2025-04-10,BOS202504100,TOR,"Santander, Anthony",santa003,1,1,1B,1B,1,single,1,0,0
2025-04-10,BOS202504100,TOR,"Springer, George",sprig001,1,1,1B+2B,1B+2B,1,grounded_into_double_play,1,0,0
2025-04-10,BOS202504100,TOR,"Wagner, Will",wagnw001,1,0,empty,empty,1,field_out,2,0,0
2025-04-10,BOS202504100,TOR,"Clement, Ernie",cleme002,1,1,empty,empty,1,field_out,2,0,0
2025-04-10,BOS202504100,TOR,"Roden, Alan",rodea001,1,2,empty,empty,1,single,2,0,0
2025-04-10,BOS202504100,TOR,"Heineman, Tyler",heint001,1,2,1B,1B,1,single,2,0,0
2025-04-10,BOS202504100,TOR,"Lukes, Nathan",luken001,1,2,1B+3B,1B+3B,1,field_out,2,0,0
2025-04-10,BOS202504100,TOR,"Bichette, Bo",bichb001,2,0,empty,empty,1,field_out,3,0,0
2025-04-10,BOS202504100,TOR,"Gimenez, Andres",gimea001,2,1,empty,empty,1,field_out,3,0,0
2025-04-10,BOS202504100,TOR,"Santander, Anthony",santa003,2,2,empty,empty,1,strikeout,3,0,0
2025-04-10,BOS202504100,TOR,"Springer, George",sprig001,2,0,empty,empty,1,field_out,4,0,0
2025-04-10,BOS202504100,TOR,"Wagner, Will",wagnw001,2,1,empty,empty,1,strikeout,4,0,0
2025-04-10,BOS202504100,TOR,"Clement, Ernie",cleme002,2,2,empty,empty,1,field_out,4,0,0
2025-04-10,BOS202504100,TOR,"Roden, Alan",rodea001,2,0,empty,empty,1,strikeout,5,0,0
2025-04-10,BOS202504100,TOR,"Heineman, Tyler",heint001,2,1,empty,empty,1,field_out,5,0,0
2025-04-10,BOS202504100,TOR,"Lukes, Nathan",luken001,2,2,empty,empty,1,hit_by_pitch,5,0,0
2025-04-10,BOS202504100,TOR,"Bichette, Bo",bichb001,3,2,1B,1B,1,strikeout,5,0,0
2025-04-10,BOS202504100,TOR,"Gimenez, Andres",gimea001,3,0,empty,empty,1,strikeout,6,0,0
2025-04-10,BOS202504100,TOR,"Santander, Anthony",santa003,3,1,empty,empty,1,strikeout,6,0,0
2025-04-10,BOS202504100,TOR,"Springer, George",sprig001,3,2,empty,empty,1,field_out,6,0,0
2025-04-10,BOS202504100,TOR,"Wagner, Will",wagnw001,3,0,empty,empty,1,walk,7,0,1
2025-04-10,BOS202504100,TOR,"Clement, Ernie",cleme002,3,0,1B,1B,1,field_out,7,0,1
2025-04-10,BOS202504100,TOR,"Straw, Myles",stram002,1,1,1B,1B,1,single,7,0,1
2025-04-10,BOS202504100,TOR,"Heineman, Tyler",heint001,3,1,1B+2B,1B+2B,1,single,7,0,1
2025-04-10,BOS202504100,TOR,"Guerrero, Vladimir",guerv002,1,1,1B+3B,1B+3B,1,field_out,7,1,1
2025-04-10,BOS202504100,TOR,"Bichette, Bo",bichb001,4,2,2B,2B,1,intent_walk,7,2,1
2025-04-10,BOS202504100,TOR,"Gimenez, Andres",gimea001,4,2,1B+2B,1B+2B,1,field_out,7,2,1
2025-04-10,BOS202504100,TOR,"Santander, Anthony",santa003,4,0,empty,empty,1,strikeout,8,2,1
2025-04-10,BOS202504100,TOR,"Springer, George",sprig001,4,1,empty,empty,1,double,8,2,1
2025-04-10,BOS202504100,TOR,"Wagner, Will",wagnw001,4,1,2B,2B,1,strikeout,8,2,1
2025-04-10,BOS202504100,TOR,"Schneider, Davis",schnd001,1,2,2B,2B,1,walk,8,2,1
2025-04-10,BOS202504100,TOR,"Straw, Myles",stram002,2,2,1B+2B,1B+2B,1,field_out,8,2,1
2025-04-10,BOS202504100,TOR,"Heineman, Tyler",heint001,4,0,empty,empty,1,single,9,2,2
2025-04-10,BOS202504100,TOR,"Guerrero, Vladimir",guerv002,2,0,1B,1B,1,field_out,9,2,2
2025-04-10,BOS202504100,TOR,"Bichette, Bo",bichb001,5,1,1B,1B,1,strikeout,9,2,2
2025-04-10,BOS202504100,TOR,"Gimenez, Andres",gimea001,5,2,2B,2B,1,strikeout,9,2,2
2025-04-10,BOS202504100,TOR,"Santander, Anthony",santa003,5,0,2B,2B,1,field_out,10,2,2
2025-04-10,BOS202504100,TOR,"Springer, George",sprig001,5,1,3B,3B,1,sac_fly,10,2,2
2025-04-10,BOS202504100,TOR,"Wagner, Will",wagnw001,5,2,empty,empty,1,field_out,10,3,2
2025-04-12,BAL202504120,TOR,"Bichette, Bo",bichb001,1,0,empty,empty,1,double,1,0,0
2025-04-12,BAL202504120,TOR,"Guerrero, Vladimir",guerv002,1,0,2B,2B,1,double,1,0,0
2025-04-12,BAL202504120,TOR,"Santander, Anthony",santa003,1,0,2B,2B,1,field_out,1,1,0
2025-04-12,BAL202504120,TOR,"Gimenez, Andres",gimea001,1,1,2B,2B,1,single,1,1,0
2025-04-12,BAL202504120,TOR,"Springer, George",sprig001,1,1,1B+3B,1B+3B,1,field_out,1,1,0
2025-04-12,BAL202504120,TOR,"Wagner, Will",wagnw001,1,2,1B+3B,2B+3B,0,field_out,1,1,0
2025-04-12,BAL202504120,TOR,"Kirk, Alejandro",kirka001,1,0,empty,empty,1,field_out,2,1,0
2025-04-12,BAL202504120,TOR,"Lukes, Nathan",luken001,1,1,empty,empty,1,walk,2,1,0
2025-04-12,BAL202504120,TOR,"Roden, Alan",rodea001,1,1,1B,1B,1,single,2,1,0
2025-04-12,BAL202504120,TOR,"Bichette, Bo",bichb001,2,1,1B+3B,1B+3B,1,single,2,1,0
2025-04-12,BAL202504120,TOR,"Guerrero, Vladimir",guerv002,2,1,1B+2B,1B+2B,1,grounded_into_double_play,2,2,0
2025-04-12,BAL202504120,TOR,"Santander, Anthony",santa003,2,0,empty,empty,1,home_run,3,2,0
2025-04-12,BAL202504120,TOR,"Gimenez, Andres",gimea001,2,0,empty,empty,1,field_out,3,3,0
2025-04-12,BAL202504120,TOR,"Springer, George",sprig001,2,1,empty,empty,1,field_out,3,3,0
2025-04-12,BAL202504120,TOR,"Wagner, Will",wagnw001,2,2,empty,empty,1,field_out,3,3,0
2025-04-12,BAL202504120,TOR,"Kirk, Alejandro",kirka001,2,0,empty,empty,1,walk,4,3,0
2025-04-12,BAL202504120,TOR,"Lukes, Nathan",luken001,2,0,1B,1B,1,grounded_into_double_play,4,3,0
2025-04-12,BAL202504120,TOR,"Roden, Alan",rodea001,2,2,empty,empty,1,field_out,4,3,0
2025-04-12,BAL202504120,TOR,"Bichette, Bo",bichb001,3,0,empty,empty,1,single,5,3,0
2025-04-12,BAL202504120,TOR,"Guerrero, Vladimir",guerv002,3,0,1B,1B,1,single,5,3,0
2025-04-12,BAL202504120,TOR,"Santander, Anthony",santa003,3,0,1B+2B,1B+2B,1,double_play,5,3,0
2025-04-12,BAL202504120,TOR,"Gimenez, Andres",gimea001,3,2,3B,3B,1,field_out,5,3,0
2025-04-12,BAL202504120,TOR,"Springer, George",sprig001,3,0,empty,empty,1,walk,6,3,2
2025-04-12,BAL202504120,TOR,"Wagner, Will",wagnw001,3,0,1B,1B,1,strikeout,6,3,2
2025-04-12,BAL202504120,TOR,"Kirk, Alejandro",kirka001,3,1,1B,1B,1,grounded_into_double_play,6,3,2
2025-04-12,BAL202504120,TOR,"Lukes, Nathan",luken001,3,0,empty,empty,1,double,7,3,5
2025-04-12,BAL202504120,TOR,"Roden, Alan",rodea001,3,0,2B,2B,1,single,7,3,5
2025-04-12,BAL202504120,TOR,"Bichette, Bo",bichb001,4,0,1B+3B,1B+3B,1,grounded_into_double_play,7,3,5
2025-04-12,BAL202504120,TOR,"Guerrero, Vladimir",guerv002,4,2,empty,empty,1,field_out,7,4,5
2025-04-12,BAL202504120,TOR,"Santander, Anthony",santa003,4,0,empty,empty,1,field_out,8,4,5
2025-04-12,BAL202504120,TOR,"Gimenez, Andres",gimea001,4,1,empty,empty,1,field_out,8,4,5
2025-04-12,BAL202504120,TOR,"Springer, George",sprig001,4,2,empty,empty,1,strikeout,8,4,5
2025-04-12,BAL202504120,TOR,"Wagner, Will",wagnw001,4,0,empty,empty,1,field_out,9,4,5
2025-04-12,BAL202504120,TOR,"Kirk, Alejandro",kirka001,4,1,empty,empty,1,walk,9,4,5
2025-04-12,BAL202504120,TOR,"Lukes, Nathan",luken001,4,1,1B,2B,0,walk,9,4,5
2025-04-12,BAL202504120,TOR,"Roden, Alan",rodea001,4,1,1B+2B,1B+2B,1,field_out,9,4,5
2025-04-12,BAL202504120,TOR,"Bichette, Bo",bichb001,5,2,2B+3B,2B+3B,1,strikeout,9,4,5
2025-04-13,BAL202504130,TOR,"Bichette, Bo",bichb001,1,0,empty,empty,1,field_out,1,0,0
2025-04-13,BAL202504130,TOR,"Guerrero, Vladimir",guerv002,1,1,empty,empty,1,strikeout,1,0,0
2025-04-13,BAL202504130,TOR,"Santander, Anthony",santa003,1,2,empty,empty,1,strikeout,1,0,0
2025-04-13,BAL202504130,TOR,"Springer, George",sprig001,1,0,empty,empty,1,field_out,2,0,1
2025-04-13,BAL202504130,TOR,"Gimenez, Andres",gimea001,1,1,empty,empty,1,field_out,2,0,1
2025-04-13,BAL202504130,TOR,"Kirk, Alejandro",kirka001,1,2,empty,empty,1,home_run,2,0,1
2025-04-13,BAL202504130,TOR,"Clement, Ernie",cleme002,1,2,empty,empty,1,single,2,1,1
2025-04-13,BAL202504130,TOR,"Straw, Myles",stram002,1,2,1B,2B,0,field_out,2,1,1
2025-04-13,BAL202504130,TOR,"Schneider, Davis",schnd001,1,0,empty,empty,1,single,3,1,2
2025-04-13,BAL202504130,TOR,"Bichette, Bo",bichb001,2,0,1B,1B,1,single,3,1,2
2025-04-13,BAL202504130,TOR,"Guerrero, Vladimir",guerv002,2,0,1B+3B,1B+3B,1,single,3,1,2
2025-04-13,BAL202504130,TOR,"Santander, Anthony",santa003,2,0,1B+2B,1B+2B,1,field_out,3,2,2
2025-04-13,BAL202504130,TOR,"Springer, George",sprig001,2,1,1B+3B,1B+3B,1,grounded_into_double_play,3,2,2
2025-04-13,BAL202504130,TOR,"Gimenez, Andres",gimea001,2,0,empty,empty,1,single,4,2,3
2025-04-13,BAL202504130,TOR,"Kirk, Alejandro",kirka001,2,0,1B,2B,0,field_out,4,2,3
2025-04-13,BAL202504130,TOR,"Clement, Ernie",cleme002,2,1,3B,3B,1,fielders_choice_out,4,2,3
2025-04-13,BAL202504130,TOR,"Straw, Myles",stram002,2,2,2B,2B,1,field_out,4,2,3
2025-04-13,BAL202504130,TOR,"Schneider, Davis",schnd001,2,0,empty,empty,1,walk,5,2,4
2025-04-13,BAL202504130,TOR,"Bichette, Bo",bichb001,3,0,1B,1B,1,field_out,5,2,4
2025-04-13,BAL202504130,TOR,"Guerrero, Vladimir",guerv002,3,1,1B,1B,1,single,5,2,4
2025-04-13,BAL202504130,TOR,"Santander, Anthony",santa003,3,1,1B+2B,1B+2B,1,field_out,5,2,4
2025-04-13,BAL202504130,TOR,"Springer, George",sprig001,3,2,2B+3B,2B+3B,1,strikeout,5,2,4
2025-04-13,BAL202504130,TOR,"Gimenez, Andres",gimea001,3,0,empty,empty,1,field_out,6,2,4
2025-04-13,BAL202504130,TOR,"Kirk, Alejandro",kirka001,3,1,empty,empty,1,strikeout,6,2,4
2025-04-13,BAL202504130,TOR,"Clement, Ernie",cleme002,3,2,empty,empty,1,double,6,2,4
2025-04-13,BAL202504130,TOR,"Straw, Myles",stram002,3,2,2B,2B,1,single,6,2,4
2025-04-13,BAL202504130,TOR,"Schneider, Davis",schnd001,3,2,1B,1B,1,walk,6,3,4
2025-04-13,BAL202504130,TOR,"Bichette, Bo",bichb001,4,2,1B+2B,1B+2B,1,strikeout,6,3,4
2025-04-13,BAL202504130,TOR,"Guerrero, Vladimir",guerv002,4,0,empty,empty,1,field_out,7,3,6
2025-04-13,BAL202504130,TOR,"Santander, Anthony",santa003,4,1,empty,empty,1,field_out,7,3,6
2025-04-13,BAL202504130,TOR,"Wagner, Will",wagnw001,1,2,empty,empty,1,field_out,7,3,6
2025-04-13,BAL202504130,TOR,"Gimenez, Andres",gimea001,4,0,empty,empty,1,double,8,3,6
2025-04-13,BAL202504130,TOR,"Kirk, Alejandro",kirka001,4,0,2B,3B,0,double,8,3,6
2025-04-13,BAL202504130,TOR,"Clement, Ernie",cleme002,4,0,2B,2B,1,single,8,4,6
2025-04-13,BAL202504130,TOR,"Straw, Myles",stram002,4,0,1B+2B,1B+2B,1,sac_bunt,8,4,6
2025-04-13,BAL202504130,TOR,"Schneider, Davis",schnd001,4,1,2B+3B,2B+3B,1,field_out,8,4,6
2025-04-13,BAL202504130,TOR,"Bichette, Bo",bichb001,5,2,3B,3B,1,single,8,5,6
2025-04-13,BAL202504130,TOR,"Guerrero, Vladimir",guerv002,5,2,1B,1B,1,field_out,8,6,6
2025-04-13,BAL202504130,TOR,"Santander, Anthony",santa003,5,0,empty,empty,1,double,9,6,6
2025-04-13,BAL202504130,TOR,"Wagner, Will",wagnw001,2,1,2B,empty,0,field_out,9,6,6
2025-04-13,BAL202504130,TOR,"Gimenez, Andres",gimea001,5,2,empty,empty,1,field_out,9,6,6
2025-04-13,BAL202504130,TOR,"Heineman, Tyler",heint001,1,0,2B,2B,1,field_out,10,6,6
2025-04-13,BAL202504130,TOR,"Clement, Ernie",cleme002,5,1,2B,2B,1,single,10,6,6
2025-04-13,BAL202504130,TOR,"Straw, Myles",stram002,5,1,1B+3B,1B+3B,1,single,10,6,6
2025-04-13,BAL202504130,TOR,"Roden, Alan",rodea001,1,1,1B+2B,1B+2B,1,field_out,10,7,6
2025-04-13,BAL202504130,TOR,"Bichette, Bo",bichb001,6,2,1B+3B,1B+3B,1,field_out,10,7,6
2025-04-14,TOR202504140,TOR,"Bichette, Bo",bichb001,1,0,empty,empty,1,field_out,1,0,2
2025-04-14,TOR202504140,TOR,"Guerrero, Vladimir",guerv002,1,1,empty,empty,1,field_out,1,0,2
2025-04-14,TOR202504140,TOR,"Santander, Anthony",santa003,1,2,empty,empty,1,field_out,1,0,2
2025-04-14,TOR202504140,TOR,"Gimenez, Andres",gimea001,1,0,empty,empty,1,field_out,2,0,2
2025-04-14,TOR202504140,TOR,"Clement, Ernie",cleme002,1,1,empty,empty,1,field_out,2,0,2
2025-04-14,TOR202504140,TOR,"Roden, Alan",rodea001,1,2,empty,empty,1,strikeout,2,0,2
2025-04-14,TOR202504140,TOR,"Straw, Myles",stram002,1,0,empty,empty,1,field_out,3,0,4
2025-04-14,TOR202504140,TOR,"Lukes, Nathan",luken001,1,1,empty,empty,1,field_out,3,0,4
2025-04-14,TOR202504140,TOR,"Heineman, Tyler",heint001,1,2,empty,empty,1,field_out,3,0,4
2025-04-14,TOR202504140,TOR,"Bichette, Bo",bichb001,2,0,empty,empty,1,strikeout,4,0,4
2025-04-14,TOR202504140,TOR,"Guerrero, Vladimir",guerv002,2,1,empty,empty,1,field_out,4,0,4
2025-04-14,TOR202504140,TOR,"Santander, Anthony",santa003,2,2,empty,empty,1,field_out,4,0,4
2025-04-14,TOR202504140,TOR,"Gimenez, Andres",gimea001,2,0,empty,empty,1,walk,5,0,8
2025-04-14,TOR202504140,TOR,"Clement, Ernie",cleme002,2,0,1B,1B,1,grounded_into_double_play,5,0,8
2025-04-14,TOR202504140,TOR,"Roden, Alan",rodea001,2,2,empty,empty,1,field_out,5,0,8
2025-04-14,TOR202504140,TOR,"Straw, Myles",stram002,2,0,empty,empty,1,home_run,6,0,8
2025-04-14,TOR202504140,TOR,"Lukes, Nathan",luken001,2,0,empty,empty,1,field_out,6,1,8
2025-04-14,TOR202504140,TOR,"Heineman, Tyler",heint001,2,1,empty,empty,1,strikeout,6,1,8
2025-04-14,TOR202504140,TOR,"Bichette, Bo",bichb001,3,2,empty,empty,1,strikeout,6,1,8
2025-04-14,TOR202504140,TOR,"Guerrero, Vladimir",guerv002,3,0,empty,empty,1,field_out,7,1,8
2025-04-14,TOR202504140,TOR,"Santander, Anthony",santa003,3,1,empty,empty,1,field_out,7,1,8
2025-04-14,TOR202504140,TOR,"Gimenez, Andres",gimea001,3,2,empty,empty,1,field_out,7,1,8
2025-04-14,TOR202504140,TOR,"Clement, Ernie",cleme002,3,0,empty,empty,1,field_out,8,1,8
2025-04-14,TOR202504140,TOR,"Roden, Alan",rodea001,3,1,empty,empty,1,single,8,1,8
2025-04-14,TOR202504140,TOR,"Straw, Myles",stram002,3,1,1B,1B,1,walk,8,1,8
2025-04-14,TOR202504140,TOR,"Lukes, Nathan",luken001,3,1,1B+2B,1B+2B,1,field_out,8,1,8
2025-04-14,TOR202504140,TOR,"Heineman, Tyler",heint001,3,2,1B+3B,1B+3B,1,double,8,1,8
2025-04-14,TOR202504140,TOR,"Bichette, Bo",bichb001,4,2,2B,2B,1,strikeout,8,3,8
2025-04-14,TOR202504140,TOR,"Guerrero, Vladimir",guerv002,4,0,empty,empty,1,field_out,9,3,8
2025-04-14,TOR202504140,TOR,"Santander, Anthony",santa003,4,1,empty,empty,1,double,9,3,8
2025-04-14,TOR202504140,TOR,"Gimenez, Andres",gimea001,4,1,2B,2B,1,field_out,9,3,8
2025-04-14,TOR202504140,TOR,"Clement, Ernie",cleme002,4,2,3B,3B,1,single,9,3,8
2025-04-14,TOR202504140,TOR,"Roden, Alan",rodea001,4,2,1B,2B,0,strikeout,9,4,8
2025-04-15,TOR202504150,TOR,"Bichette, Bo",bichb001,1,0,empty,empty,1,field_out,1,0,1
2025-04-15,TOR202504150,TOR,"Guerrero, Vladimir",guerv002,1,1,empty,empty,1,walk,1,0,1
2025-04-15,TOR202504150,TOR,"Santander, Anthony",santa003,1,1,1B,1B,1,single,1,0,1
2025-04-15,TOR202504150,TOR,"Gimenez, Andres",gimea001,1,1,1B+2B,1B+2B,1,strikeout,1,0,1
2025-04-15,TOR202504150,TOR,"Kirk, Alejandro",kirka001,1,2,1B+2B,1B+2B,1,field_out,1,0,1
2025-04-15,TOR202504150,TOR,"Wagner, Will",wagnw001,1,0,empty,empty,1,field_out,2,0,1
2025-04-15,TOR202504150,TOR,"Barger, Addison",barga001,1,1,empty,empty,1,field_out,2,0,1
2025-04-15,TOR202504150,TOR,"Straw, Myles",stram002,1,2,empty,empty,1,strikeout,2,0,1
2025-04-15,TOR202504150,TOR,"Roden, Alan",rodea001,1,0,empty,empty,1,double,3,0,1
2025-04-15,TOR202504150,TOR,"Bichette, Bo",bichb001,2,0,2B,2B,1,field_out,3,0,1
2025-04-15,TOR202504150,TOR,"Guerrero, Vladimir",guerv002,2,1,3B,3B,1,fielders_choice,3,0,1
2025-04-15,TOR202504150,TOR,"Santander, Anthony",santa003,2,1,1B,1B,1,field_out,3,1,1
2025-04-15,TOR202504150,TOR,"Gimenez, Andres",gimea001,2,2,1B,1B,1,field_out,3,1,1
2025-04-15,TOR202504150,TOR,"Kirk, Alejandro",kirka001,2,0,empty,empty,1,field_out,4,1,1
2025-04-15,TOR202504150,TOR,"Wagner, Will",wagnw001,2,1,empty,empty,1,strikeout,4,1,1
2025-04-15,TOR202504150,TOR,"Barger, Addison",barga001,2,2,empty,empty,1,field_out,4,1,1
2025-04-15,TOR202504150,TOR,"Straw, Myles",stram002,2,0,empty,empty,1,single,5,1,1
2025-04-15,TOR202504150,TOR,"Roden, Alan",rodea001,2,0,1B,1B,1,home_run,5,1,1
2025-04-15,TOR202504150,TOR,"Bichette, Bo",bichb001,3,0,empty,empty,1,double,5,3,1
2025-04-15,TOR202504150,TOR,"Guerrero, Vladimir",guerv002,3,0,2B,3B,0,walk,5,3,1
2025-04-15,TOR202504150,TOR,"Santander, Anthony",santa003,3,0,1B+3B,1B+3B,1,home_run,5,3,1
2025-04-15,TOR202504150,TOR,"Gimenez, Andres",gimea001,3,0,empty,empty,1,field_out,5,6,1
2025-04-15,TOR202504150,TOR,"Kirk, Alejandro",kirka001,3,1,empty,empty,1,field_out,5,6,1
2025-04-15,TOR202504150,TOR,"Wagner, Will",wagnw001,3,2,empty,empty,1,field_out,5,6,1
2025-04-15,TOR202504150,TOR,"Barger, Addison",barga001,3,0,empty,empty,1,strikeout,6,6,2
2025-04-15,TOR202504150,TOR,"Straw, Myles",stram002,3,1,empty,empty,1,field_out,6,6,2
2025-04-15,TOR202504150,TOR,"Roden, Alan",rodea001,3,2,empty,empty,1,strikeout,6,6,2
2025-04-15,TOR202504150,TOR,"Bichette, Bo",bichb001,4,0,empty,empty,1,field_out,7,6,2
2025-04-15,TOR202504150,TOR,"Guerrero, Vladimir",guerv002,4,1,empty,empty,1,field_out,7,6,2
2025-04-15,TOR202504150,TOR,"Santander, Anthony",santa003,4,2,empty,empty,1,field_out,7,6,2
2025-04-15,TOR202504150,TOR,"Gimenez, Andres",gimea001,4,0,empty,empty,1,field_out,8,6,2
2025-04-15,TOR202504150,TOR,"Kirk, Alejandro",kirka001,4,1,empty,empty,1,field_out,8,6,2
2025-04-15,TOR202504150,TOR,"Wagner, Will",wagnw001,4,2,empty,empty,1,walk,8,6,2
2025-04-15,TOR202504150,TOR,"Barger, Addison",barga001,4,2,1B,1B,1,field_out,8,6,2
2025-04-16,TOR202504160,TOR,"Bichette, Bo",bichb001,1,0,empty,empty,1,strikeout,1,0,0
2025-04-16,TOR202504160,TOR,"Guerrero, Vladimir",guerv002,1,1,empty,empty,1,strikeout,1,0,0
2025-04-16,TOR202504160,TOR,"Santander, Anthony",santa003,1,2,empty,empty,1,double,1,0,0
2025-04-16,TOR202504160,TOR,"Gimenez, Andres",gimea001,1,2,2B,2B,1,field_out,1,0,0
2025-04-16,TOR202504160,TOR,"Kirk, Alejandro",kirka001,1,0,empty,empty,1,single,2,0,0
2025-04-16,TOR202504160,TOR,"Roden, Alan",rodea001,1,0,1B,1B,1,hit_by_pitch,2,0,0
2025-04-16,TOR202504160,TOR,"Clement, Ernie",cleme002,1,0,1B+2B,1B+2B,1,field_out,2,0,0
2025-04-16,TOR202504160,TOR,"Barger, Addison",barga001,1,1,1B+2B,1B+2B,1,field_out,2,0,0
2025-04-16,TOR202504160,TOR,"Straw, Myles",stram002,1,2,1B+2B,2B+3B,0,strikeout,2,0,0
2025-04-16,TOR202504160,TOR,"Bichette, Bo",bichb001,2,0,empty,empty,1,double,3,0,0
2025-04-16,TOR202504160,TOR,"Guerrero, Vladimir",guerv002,2,0,2B,2B,1,single,3,0,0
2025-04-16,TOR202504160,TOR,"Santander, Anthony",santa003,2,0,1B,1B,1,field_out,3,1,0
2025-04-16,TOR202504160,TOR,"Gimenez, Andres",gimea001,2,2,1B,empty,0,field_out,3,1,0
2025-04-16,TOR202504160,TOR,"Kirk, Alejandro",kirka001,2,0,empty,empty,1,field_out,4,1,0
2025-04-16,TOR202504160,TOR,"Roden, Alan",rodea001,2,1,empty,empty,1,field_out,4,1,0
2025-04-16,TOR202504160,TOR,"Clement, Ernie",cleme002,2,2,empty,empty,1,strikeout,4,1,0
2025-04-16,TOR202504160,TOR,"Barger, Addison",barga001,2,0,empty,empty,1,strikeout,5,1,0
2025-04-16,TOR202504160,TOR,"Straw, Myles",stram002,2,1,empty,empty,1,field_out,5,1,0
2025-04-16,TOR202504160,TOR,"Bichette, Bo",bichb001,3,2,empty,empty,1,field_out,5,1,0
2025-04-16,TOR202504160,TOR,"Guerrero, Vladimir",guerv002,3,0,empty,empty,1,home_run,6,1,0
2025-04-16,TOR202504160,TOR,"Santander, Anthony",santa003,3,0,empty,empty,1,walk,6,2,0
2025-04-16,TOR202504160,TOR,"Gimenez, Andres",gimea001,3,0,1B,1B,1,field_out,6,2,0
2025-04-16,TOR202504160,TOR,"Kirk, Alejandro",kirka001,3,1,1B,1B,1,strikeout,6,2,0
2025-04-16,TOR202504160,TOR,"Roden, Alan",rodea001,3,2,2B,2B,1,walk,6,2,0
2025-04-16,TOR202504160,TOR,"Clement, Ernie",cleme002,3,2,1B+2B,2B+3B,0,strikeout,6,2,0
2025-04-16,TOR202504160,TOR,"Barger, Addison",barga001,3,0,empty,empty,1,field_out,7,2,0
2025-04-16,TOR202504160,TOR,"Straw, Myles",stram002,3,1,empty,empty,1,walk,7,2,0
2025-04-16,TOR202504160,TOR,"Bichette, Bo",bichb001,4,1,1B,2B,0,double,7,2,0
2025-04-16,TOR202504160,TOR,"Guerrero, Vladimir",guerv002,4,1,2B,2B,1,walk,7,3,0
2025-04-16,TOR202504160,TOR,"Santander, Anthony",santa003,4,1,1B+2B,1B+2B,1,grounded_into_double_play,7,3,0
2025-04-16,TOR202504160,TOR,"Gimenez, Andres",gimea001,4,0,empty,empty,1,field_out,8,3,0
2025-04-16,TOR202504160,TOR,"Kirk, Alejandro",kirka001,4,1,empty,empty,1,field_out,8,3,0
2025-04-16,TOR202504160,TOR,"Roden, Alan",rodea001,4,2,empty,empty,1,field_out,8,3,0
2025-04-18,TOR202504180,TOR,"Bichette, Bo",bichb001,1,0,empty,empty,1,single,1,0,0
2025-04-18,TOR202504180,TOR,"Guerrero, Vladimir",guerv002,1,0,1B,2B,0,field_out,1,0,0
2025-04-18,TOR202504180,TOR,"Santander, Anthony",santa003,1,1,3B,3B,1,sac_fly,1,0,0
2025-04-18,TOR202504180,TOR,"Gimenez, Andres",gimea001,1,2,empty,empty,1,field_out,1,1,0
2025-04-18,TOR202504180,TOR,"Springer, George",sprig001,1,0,empty,empty,1,single,2,1,1
2025-04-18,TOR202504180,TOR,"Barger, Addison",barga001,1,0,1B,1B,1,field_out,2,1,1
2025-04-18,TOR202504180,TOR,"Kirk, Alejandro",kirka001,1,1,1B,1B,1,walk,2,1,1
2025-04-18,TOR202504180,TOR,"Wagner, Will",wagnw001,1,1,1B+2B,1B+2B,1,single,2,1,1
2025-04-18,TOR202504180,TOR,"Roden, Alan",rodea001,1,1,1B+2B+3B,1B+2B+3B,1,sac_fly,2,1,1
2025-04-18,TOR202504180,TOR,"Bichette, Bo",bichb001,2,2,1B+2B,1B+2B,1,field_out,2,2,1
2025-04-18,TOR202504180,TOR,"Guerrero, Vladimir",guerv002,2,0,empty,empty,1,field_out,3,2,1
2025-04-18,TOR202504180,TOR,"Santander, Anthony",santa003,2,1,empty,empty,1,field_out,3,2,1
2025-04-18,TOR202504180,TOR,"Gimenez, Andres",gimea001,2,2,empty,empty,1,field_out,3,2,1
2025-04-18,TOR202504180,TOR,"Springer, George",sprig001,2,0,empty,empty,1,double,4,2,1
2025-04-18,TOR202504180,TOR,"Barger, Addison",barga001,2,0,2B,2B,1,field_out,4,2,1
2025-04-18,TOR202504180,TOR,"Kirk, Alejandro",kirka001,2,1,3B,3B,1,single,4,2,1
2025-04-18,TOR202504180,TOR,"Wagner, Will",wagnw001,2,1,1B,1B,1,single,4,3,1
2025-04-18,TOR202504180,TOR,"Roden, Alan",rodea001,2,1,1B+2B,1B+2B,1,strikeout,4,3,1
2025-04-18,TOR202504180,TOR,"Bichette, Bo",bichb001,3,2,1B+2B,1B+2B,1,field_out,4,3,1
2025-04-18,TOR202504180,TOR,"Guerrero, Vladimir",guerv002,3,0,empty,empty,1,walk,5,3,1
2025-04-18,TOR202504180,TOR,"Santander, Anthony",santa003,3,0,1B,1B,1,single,5,3,1
2025-04-18,TOR202504180,TOR,"Gimenez, Andres",gimea001,3,0,1B+2B,1B+2B,1,field_out,5,3,1
2025-04-18,TOR202504180,TOR,"Springer, George",sprig001,3,1,1B+2B,1B+2B,1,strikeout,5,3,1
2025-04-18,TOR202504180,TOR,"Barger, Addison",barga001,3,2,1B+2B,1B+2B,1,field_out,5,3,1
2025-04-18,TOR202504180,TOR,"Kirk, Alejandro",kirka001,3,0,empty,empty,1,field_out,6,3,1
2025-04-18,TOR202504180,TOR,"Wagner, Will",wagnw001,3,1,empty,empty,1,strikeout,6,3,1
2025-04-18,TOR202504180,TOR,"Roden, Alan",rodea001,3,2,empty,empty,1,field_out,6,3,1
2025-04-18,TOR202504180,TOR,"Bichette, Bo",bichb001,4,0,empty,empty,1,field_out,7,3,1
2025-04-18,TOR202504180,TOR,"Guerrero, Vladimir",guerv002,4,1,empty,empty,1,field_out,7,3,1
2025-04-18,TOR202504180,TOR,"Santander, Anthony",santa003,4,2,empty,empty,1,strikeout,7,3,1
2025-04-18,TOR202504180,TOR,"Gimenez, Andres",gimea001,4,0,empty,empty,1,field_out,8,3,1
2025-04-18,TOR202504180,TOR,"Springer, George",sprig001,4,1,empty,empty,1,field_out,8,3,1
2025-04-18,TOR202504180,TOR,"Barger, Addison",barga001,4,2,empty,empty,1,field_out,8,3,1
2025-04-19,TOR202504190,TOR,"Bichette, Bo",bichb001,1,0,empty,empty,1,field_out,1,0,0
2025-04-19,TOR202504190,TOR,"Guerrero, Vladimir",guerv002,1,1,empty,empty,1,double,1,0,0
2025-04-19,TOR202504190,TOR,"Santander, Anthony",santa003,1,1,2B,2B,1,single,1,0,0
2025-04-19,TOR202504190,TOR,"Gimenez, Andres",gimea001,1,1,1B,1B,1,double,1,1,0
2025-04-19,TOR202504190,TOR,"Springer, George",sprig001,1,1,2B+3B,2B+3B,1,strikeout,1,1,0
2025-04-19,TOR202504190,TOR,"Kirk, Alejandro",kirka001,1,2,2B+3B,2B+3B,1,strikeout,1,1,0
2025-04-19,TOR202504190,TOR,"Roden, Alan",rodea001,1,0,empty,empty,1,strikeout,2,1,0
2025-04-19,TOR202504190,TOR,"Clement, Ernie",cleme002,1,1,empty,empty,1,single,2,1,0
2025-04-19,TOR202504190,TOR,"Straw, Myles",stram002,1,1,1B,1B,1,field_out,2,1,0
2025-04-19,TOR202504190,TOR,"Bichette, Bo",bichb001,2,2,1B,1B,1,field_out,2,1,0
2025-04-19,TOR202504190,TOR,"Guerrero, Vladimir",guerv002,2,0,empty,empty,1,walk,3,1,0
2025-04-19,TOR202504190,TOR,"Santander, Anthony",santa003,2,0,1B,1B,1,field_out,3,1,0
2025-04-19,TOR202504190,TOR,"Gimenez, Andres",gimea001,2,1,1B,1B,1,single,3,1,0
2025-04-19,TOR202504190,TOR,"Springer, George",sprig001,2,1,1B+2B,1B+2B,1,field_out,3,1,0
2025-04-19,TOR202504190,TOR,"Kirk, Alejandro",kirka001,2,2,1B+2B,1B+2B,1,hit_by_pitch,3,1,0
2025-04-19,TOR202504190,TOR,"Roden, Alan",rodea001,2,2,1B+2B+3B,1B+2B+3B,1,strikeout,3,1,0
2025-04-19,TOR202504190,TOR,"Clement, Ernie",cleme002,2,0,empty,empty,1,strikeout,4,1,0
2025-04-19,TOR202504190,TOR,"Straw, Myles",stram002,2,1,empty,empty,1,strikeout,4,1,0
2025-04-19,TOR202504190,TOR,"Bichette, Bo",bichb001,3,2,empty,empty,1,walk,4,1,0
2025-04-19,TOR202504190,TOR,"Guerrero, Vladimir",guerv002,3,2,1B,2B,0,strikeout,4,1,0
2025-04-19,TOR202504190,TOR,"Santander, Anthony",santa003,3,0,empty,empty,1,strikeout,5,1,2
2025-04-19,TOR202504190,TOR,"Gimenez, Andres",gimea001,3,1,empty,empty,1,single,5,1,2
2025-04-19,TOR202504190,TOR,"Springer, George",sprig001,3,1,1B,2B,0,strikeout,5,1,2
2025-04-19,TOR202504190,TOR,"Kirk, Alejandro",kirka001,3,2,2B,2B,1,single,5,1,2
2025-04-19,TOR202504190,TOR,"Roden, Alan",rodea001,3,2,1B,1B,1,field_out,5,2,2
2025-04-19,TOR202504190,TOR,"Clement, Ernie",cleme002,3,0,empty,empty,1,single,6,2,2
2025-04-19,TOR202504190,TOR,"Straw, Myles",stram002,3,0,1B,1B,1,sac_bunt,6,2,2
2025-04-19,TOR202504190,TOR,"Bichette, Bo",bichb001,4,1,2B,2B,1,single,6,2,2
2025-04-19,TOR202504190,TOR,"Guerrero, Vladimir",guerv002,4,1,1B,1B,1,strikeout,6,3,2
2025-04-19,TOR202504190,TOR,"Santander, Anthony",santa003,4,2,1B,1B,1,field_out,6,3,2
2025-04-19,TOR202504190,TOR,"Gimenez, Andres",gimea001,4,0,empty,empty,1,strikeout,7,3,3
2025-04-19,TOR202504190,TOR,"Springer, George",sprig001,4,1,empty,empty,1,walk,7,3,3
2025-04-19,TOR202504190,TOR,"Kirk, Alejandro",kirka001,4,1,1B,1B,1,grounded_into_double_play,7,3,3
2025-04-19,TOR202504190,TOR,"Roden, Alan",rodea001,4,0,empty,empty,1,field_out,8,3,3
2025-04-19,TOR202504190,TOR,"Clement, Ernie",cleme002,4,1,empty,empty,1,single,8,3,3
2025-04-19,TOR202504190,TOR,"Barger, Addison",barga001,1,1,1B,1B,1,field_out,8,3,3
2025-04-19,TOR202504190,TOR,"Bichette, Bo",bichb001,5,0,1B,empty,0,single,9,3,3
2025-04-19,TOR202504190,TOR,"Guerrero, Vladimir",guerv002,5,0,1B,1B,1,single,9,3,3
2025-04-19,TOR202504190,TOR,"Santander, Anthony",santa003,5,0,1B+2B,1B+2B,1,field_out,9,3,3
2025-04-19,TOR202504190,TOR,"Gimenez, Andres",gimea001,5,1,1B+2B,1B+2B,1,field_out,9,3,3
2025-04-19,TOR202504190,TOR,"Springer, George",sprig001,5,2,1B+2B,1B+2B,1,field_out,9,3,3
2025-04-19,TOR202504190,TOR,"Kirk, Alejandro",kirka001,5,0,2B,2B,1,field_out,10,3,3
2025-04-19,TOR202504190,TOR,"Roden, Alan",rodea001,5,1,3B,3B,1,field_out,10,3,3
2025-04-19,TOR202504190,TOR,"Clement, Ernie",cleme002,5,2,3B,3B,1,field_out,10,3,3
2025-04-19,TOR202504190,TOR,"Lukes, Nathan",luken001,1,0,2B,2B,1,sac_bunt,11,3,3
2025-04-19,TOR202504190,TOR,"Bichette, Bo",bichb001,6,1,3B,3B,1,strikeout,11,3,3
2025-04-19,TOR202504190,TOR,"Guerrero, Vladimir",guerv002,6,2,3B,3B,1,intent_walk,11,3,3
2025-04-19,TOR202504190,TOR,"Santander, Anthony",santa003,6,2,1B+3B,1B+3B,1,field_out,11,3,3
2025-04-19,TOR202504190,TOR,"Gimenez, Andres",gimea001,6,0,2B,2B,1,field_out,12,3,8
2025-04-19,TOR202504190,TOR,"Springer, George",sprig001,6,1,3B,3B,1,field_out,12,3,8
2025-04-19,TOR202504190,TOR,"Kirk, Alejandro",kirka001,6,2,empty,empty,1,field_out,12,4,8
2025-04-20,TOR202504200,TOR,"Bichette, Bo",bichb001,1,0,empty,empty,1,single,1,0,3
2025-04-20,TOR202504200,TOR,"Guerrero, Vladimir",guerv002,1,0,1B,1B,1,walk,1,0,3
2025-04-20,TOR202504200,TOR,"Santander, Anthony",santa003,1,0,1B+2B,1B+2B,1,strikeout,1,0,3
2025-04-20,TOR202504200,TOR,"Gimenez, Andres",gimea001,1,1,1B+2B,1B+2B,1,field_out,1,0,3
2025-04-20,TOR202504200,TOR,"Springer, George",sprig001,1,2,2B+3B,2B+3B,1,strikeout,1,0,3
2025-04-20,TOR202504200,TOR,"Barger, Addison",barga001,1,0,empty,empty,1,double,2,0,6
2025-04-20,TOR202504200,TOR,"Wagner, Will",wagnw001,1,0,2B,2B,1,single,2,0,6
2025-04-20,TOR202504200,TOR,"Heineman, Tyler",heint001,1,0,1B+3B,1B+3B,1,single,2,0,6
2025-04-20,TOR202504200,TOR,"Lukes, Nathan",luken001,1,0,1B+2B,1B+2B,1,field_out,2,1,6
2025-04-20,TOR202504200,TOR,"Bichette, Bo",bichb001,2,1,1B+3B,1B+3B,1,single,2,1,6
2025-04-20,TOR202504200,TOR,"Guerrero, Vladimir",guerv002,2,1,1B+2B,1B+2B,1,single,2,2,6
2025-04-20,TOR202504200,TOR,"Santander, Anthony",santa003,2,1,1B+2B+3B,1B+2B+3B,1,strikeout,2,2,6
2025-04-20,TOR202504200,TOR,"Gimenez, Andres",gimea001,2,2,1B+2B+3B,1B+2B+3B,1,field_out,2,2,6
2025-04-20,TOR202504200,TOR,"Springer, George",sprig001,2,0,empty,empty,1,double,3,2,6
2025-04-20,TOR202504200,TOR,"Barger, Addison",barga001,2,0,2B,2B,1,walk,3,2,6
2025-04-20,TOR202504200,TOR,"Wagner, Will",wagnw001,2,0,1B+2B,1B+2B,1,field_out,3,2,6
2025-04-20,TOR202504200,TOR,"Heineman, Tyler",heint001,2,1,1B+2B,1B+2B,1,single,3,2,6
2025-04-20,TOR202504200,TOR,"Lukes, Nathan",luken001,2,1,1B+2B+3B,1B+2B+3B,1,sac_fly,3,2,6
2025-04-20,TOR202504200,TOR,"Bichette, Bo",bichb001,3,2,1B+2B,1B+2B,1,field_out,3,3,6
2025-04-20,TOR202504200,TOR,"Guerrero, Vladimir",guerv002,3,0,empty,empty,1,double,4,3,6
2025-04-20,TOR202504200,TOR,"Santander, Anthony",santa003,3,0,2B,2B,1,field_out,4,3,6
2025-04-20,TOR202504200,TOR,"Gimenez, Andres",gimea001,3,1,2B,2B,1,strikeout,4,3,6
2025-04-20,TOR202504200,TOR,"Springer, George",sprig001,3,2,2B,2B,1,field_out,4,3,6
2025-04-20,TOR202504200,TOR,"Barger, Addison",barga001,3,0,empty,empty,1,strikeout,5,3,6
2025-04-20,TOR202504200,TOR,"Wagner, Will",wagnw001,3,1,empty,empty,1,field_out,5,3,6
2025-04-20,TOR202504200,TOR,"Heineman, Tyler",heint001,3,2,empty,empty,1,double,5,3,6
2025-04-20,TOR202504200,TOR,"Lukes, Nathan",luken001,3,2,2B,2B,1,field_out,5,3,6
2025-04-20,TOR202504200,TOR,"Bichette, Bo",bichb001,4,0,empty,empty,1,field_out,6,3,6
2025-04-20,TOR202504200,TOR,"Guerrero, Vladimir",guerv002,4,1,empty,empty,1,field_out,6,3,6
2025-04-20,TOR202504200,TOR,"Santander, Anthony",santa003,4,2,empty,empty,1,field_out,6,3,6
2025-04-20,TOR202504200,TOR,"Gimenez, Andres",gimea001,4,0,empty,empty,1,hit_by_pitch,7,3,8
2025-04-20,TOR202504200,TOR,"Springer, George",sprig001,4,0,1B,1B,1,walk,7,3,8
2025-04-20,TOR202504200,TOR,"Straw, Myles",stram002,1,0,1B+2B,1B+2B,1,strikeout,7,3,8
2025-04-20,TOR202504200,TOR,"Clement, Ernie",cleme002,1,1,1B+2B,1B+2B,1,field_out,7,3,8
2025-04-20,TOR202504200,TOR,"Heineman, Tyler",heint001,4,2,2B+3B,2B+3B,1,strikeout,7,3,8
2025-04-20,TOR202504200,TOR,"Lukes, Nathan",luken001,4,0,empty,empty,1,single,8,3,8
2025-04-20,TOR202504200,TOR,"Bichette, Bo",bichb001,5,0,1B,1B,1,field_out,8,3,8
2025-04-20,TOR202504200,TOR,"Guerrero, Vladimir",guerv002,5,1,2B,2B,1,walk,8,3,8
2025-04-20,TOR202504200,TOR,"Santander, Anthony",santa003,5,1,1B+2B,1B+2B,1,grounded_into_double_play,8,3,8
2025-04-20,TOR202504200,TOR,"Gimenez, Andres",gimea001,5,0,empty,empty,1,field_out,9,3,8
2025-04-20,TOR202504200,TOR,"Springer, George",sprig001,5,1,empty,empty,1,field_out,9,3,8
2025-04-20,TOR202504200,TOR,"Straw, Myles",stram002,2,2,empty,empty,1,field_out,9,3,8
2025-04-21,HOU202504210,TOR,"Bichette, Bo",bichb001,1,0,empty,empty,1,strikeout,1,0,0
2025-04-21,HOU202504210,TOR,"Guerrero, Vladimir",guerv002,1,1,empty,empty,1,field_out,1,0,0
2025-04-21,HOU202504210,TOR,"Santander, Anthony",santa003,1,2,empty,empty,1,field_out,1,0,0
2025-04-21,HOU202504210,TOR,"Springer, George",sprig001,1,0,empty,empty,1,single,2,0,0
2025-04-21,HOU202504210,TOR,"Gimenez, Andres",gimea001,1,0,1B,3B,0,strikeout,2,0,0
2025-04-21,HOU202504210,TOR,"Kirk, Alejandro",kirka001,1,1,3B,3B,1,strikeout,2,0,0
2025-04-21,HOU202504210,TOR,"Clement, Ernie",cleme002,1,2,3B,3B,1,field_out,2,0,0
2025-04-21,HOU202504210,TOR,"Roden, Alan",rodea001,1,0,empty,empty,1,strikeout,3,0,0
2025-04-21,HOU202504210,TOR,"Straw, Myles",stram002,1,1,empty,empty,1,strikeout,3,0,0
2025-04-21,HOU202504210,TOR,"Bichette, Bo",bichb001,2,2,empty,empty,1,field_out,3,0,0
2025-04-21,HOU202504210,TOR,"Guerrero, Vladimir",guerv002,2,0,empty,empty,1,field_out,4,0,0
2025-04-21,HOU202504210,TOR,"Santander, Anthony",santa003,2,1,empty,empty,1,field_out,4,0,0
2025-04-21,HOU202504210,TOR,"Springer, George",sprig001,2,2,empty,empty,1,walk,4,0,0
2025-04-21,HOU202504210,TOR,"Gimenez, Andres",gimea001,2,2,1B,1B,1,field_out,4,0,0
2025-04-21,HOU202504210,TOR,"Kirk, Alejandro",kirka001,2,0,empty,empty,1,field_out,5,0,0
2025-04-21,HOU202504210,TOR,"Clement, Ernie",cleme002,2,1,empty,empty,1,field_out,5,0,0
2025-04-21,HOU202504210,TOR,"Roden, Alan",rodea001,2,2,empty,empty,1,strikeout,5,0,0
2025-04-21,HOU202504210,TOR,"Straw, Myles",stram002,2,0,empty,empty,1,strikeout,6,0,4
2025-04-21,HOU202504210,TOR,"Bichette, Bo",bichb001,3,1,empty,empty,1,single,6,0,4
2025-04-21,HOU202504210,TOR,"Guerrero, Vladimir",guerv002,3,1,1B,1B,1,grounded_into_double_play,6,0,4
2025-04-21,HOU202504210,TOR,"Santander, Anthony",santa003,3,0,empty,empty,1,strikeout,7,0,4
2025-04-21,HOU202504210,TOR,"Springer, George",sprig001,3,1,empty,empty,1,strikeout,7,0,4
2025-04-21,HOU202504210,TOR,"Gimenez, Andres",gimea001,3,2,empty,empty,1,field_out,7,0,4
2025-04-21,HOU202504210,TOR,"Kirk, Alejandro",kirka001,3,0,empty,empty,1,field_out,8,0,5
2025-04-21,HOU202504210,TOR,"Clement, Ernie",cleme002,3,1,empty,empty,1,field_out,8,0,5
2025-04-21,HOU202504210,TOR,"Roden, Alan",rodea001,3,2,empty,empty,1,strikeout,8,0,5
2025-04-21,HOU202504210,TOR,"Barger, Addison",barga001,1,2,1B,1B,1,strikeout,8,0,5
2025-04-21,HOU202504210,TOR,"Bichette, Bo",bichb001,4,0,empty,empty,1,field_out,9,0,7
2025-04-21,HOU202504210,TOR,"Guerrero, Vladimir",guerv002,4,1,empty,empty,1,field_out,9,0,7
2025-04-21,HOU202504210,TOR,"Santander, Anthony",santa003,4,2,empty,empty,1,field_out,9,0,7
2025-04-22,HOU202504220,TOR,"Bichette, Bo",bichb001,1,0,empty,empty,1,field_out,1,0,0
2025-04-22,HOU202504220,TOR,"Guerrero, Vladimir",guerv002,1,1,empty,empty,1,field_out,1,0,0
2025-04-22,HOU202504220,TOR,"Gimenez, Andres",gimea001,1,2,empty,empty,1,field_out,1,0,0
2025-04-22,HOU202504220,TOR,"Springer, George",sprig001,1,0,empty,empty,1,strikeout,2,0,3
2025-04-22,HOU202504220,TOR,"Kirk, Alejandro",kirka001,1,1,empty,empty,1,field_out,2,0,3
2025-04-22,HOU202504220,TOR,"Roden, Alan",rodea001,1,2,empty,empty,1,field_out,2,0,3
2025-04-22,HOU202504220,TOR,"Wagner, Will",wagnw001,1,0,empty,empty,1,field_out,3,0,3
2025-04-22,HOU202504220,TOR,"Clement, Ernie",cleme002,1,1,empty,empty,1,field_out,3,0,3
2025-04-22,HOU202504220,TOR,"Lukes, Nathan",luken001,1,2,empty,empty,1,home_run,3,0,3
2025-04-22,HOU202504220,TOR,"Bichette, Bo",bichb001,2,2,empty,empty,1,field_out,3,1,3
2025-04-22,HOU202504220,TOR,"Guerrero, Vladimir",guerv002,2,0,empty,empty,1,strikeout,4,1,3
2025-04-22,HOU202504220,TOR,"Gimenez, Andres",gimea001,2,1,empty,empty,1,field_out,4,1,3
2025-04-22,HOU202504220,TOR,"Springer, George",sprig001,2,2,empty,empty,1,walk,4,1,3
2025-04-22,HOU202504220,TOR,"Kirk, Alejandro",kirka001,2,2,1B,1B,1,field_out,4,1,3
2025-04-22,HOU202504220,TOR,"Roden, Alan",rodea001,2,0,empty,empty,1,field_out,5,1,3
2025-04-22,HOU202504220,TOR,"Wagner, Will",wagnw001,2,1,empty,empty,1,field_out,5,1,3
2025-04-22,HOU202504220,TOR,"Clement, Ernie",cleme002,2,2,empty,empty,1,single,5,1,3
2025-04-22,HOU202504220,TOR,"Lukes, Nathan",luken001,2,2,1B,1B,1,field_out,5,1,3
2025-04-22,HOU202504220,TOR,"Bichette, Bo",bichb001,3,0,empty,empty,1,field_out,6,1,3
2025-04-22,HOU202504220,TOR,"Guerrero, Vladimir",guerv002,3,1,empty,empty,1,strikeout,6,1,3
2025-04-22,HOU202504220,TOR,"Gimenez, Andres",gimea001,3,2,empty,empty,1,field_out,6,1,3
2025-04-22,HOU202504220,TOR,"Springer, George",sprig001,3,0,empty,empty,1,field_out,7,1,4
2025-04-22,HOU202504220,TOR,"Kirk, Alejandro",kirka001,3,1,empty,empty,1,field_out,7,1,4
2025-04-22,HOU202504220,TOR,"Roden, Alan",rodea001,3,2,empty,empty,1,walk,7,1,4
2025-04-22,HOU202504220,TOR,"Wagner, Will",wagnw001,3,2,1B,1B,1,field_out,7,1,4
2025-04-22,HOU202504220,TOR,"Clement, Ernie",cleme002,3,0,empty,empty,1,strikeout,8,1,5
2025-04-22,HOU202504220,TOR,"Lukes, Nathan",luken001,3,1,empty,empty,1,strikeout,8,1,5
2025-04-22,HOU202504220,TOR,"Bichette, Bo",bichb001,4,2,empty,empty,1,field_out,8,1,5
2025-04-22,HOU202504220,TOR,"Guerrero, Vladimir",guerv002,4,0,empty,empty,1,strikeout,9,1,5
2025-04-22,HOU202504220,TOR,"Gimenez, Andres",gimea001,4,1,empty,empty,1,strikeout,9,1,5
2025-04-22,HOU202504220,TOR,"Springer, George",sprig001,4,2,empty,empty,1,field_out,9,1,5
2025-04-23,HOU202504230,TOR,"Bichette, Bo",bichb001,1,0,empty,empty,1,field_out,1,0,0
2025-04-23,HOU202504230,TOR,"Guerrero, Vladimir",guerv002,1,1,empty,empty,1,field_out,1,0,0
2025-04-23,HOU202504230,TOR,"Santander, Anthony",santa003,1,2,empty,empty,1,strikeout,1,0,0
2025-04-23,HOU202504230,TOR,"Springer, George",sprig001,1,0,empty,empty,1,field_out,2,0,0
2025-04-23,HOU202504230,TOR,"Gimenez, Andres",gimea001,1,1,empty,empty,1,single,2,0,0
2025-04-23,HOU202504230,TOR,"Kirk, Alejandro",kirka001,1,1,1B,1B,1,field_out,2,0,0
2025-04-23,HOU202504230,TOR,"Barger, Addison",barga001,1,2,1B,2B,0,field_out,2,0,0
2025-04-23,HOU202504230,TOR,"Wagner, Will",wagnw001,1,0,empty,empty,1,strikeout,3,0,3
2025-04-23,HOU202504230,TOR,"Roden, Alan",rodea001,1,1,empty,empty,1,field_out,3,0,3
2025-04-23,HOU202504230,TOR,"Bichette, Bo",bichb001,2,2,empty,empty,1,field_out,3,0,3
2025-04-23,HOU202504230,TOR,"Guerrero, Vladimir",guerv002,2,0,empty,empty,1,single,4,0,3
2025-04-23,HOU202504230,TOR,"Santander, Anthony",santa003,2,0,1B,1B,1,strikeout,4,0,3
2025-04-23,HOU202504230,TOR,"Springer, George",sprig001,2,1,1B,1B,1,double,4,0,3
2025-04-23,HOU202504230,TOR,"Gimenez, Andres",gimea001,2,1,2B,2B,1,strikeout,4,1,3
2025-04-23,HOU202504230,TOR,"Kirk, Alejandro",kirka001,2,2,2B,2B,1,field_out,4,1,3
2025-04-23,HOU202504230,TOR,"Barger, Addison",barga001,2,0,empty,empty,1,field_out,5,1,3
2025-04-23,HOU202504230,TOR,"Wagner, Will",wagnw001,2,1,empty,empty,1,strikeout,5,1,3
2025-04-23,HOU202504230,TOR,"Roden, Alan",rodea001,2,2,empty,empty,1,field_out,5,1,3
2025-04-23,HOU202504230,TOR,"Bichette, Bo",bichb001,3,0,empty,empty,1,field_out,6,1,3
2025-04-23,HOU202504230,TOR,"Guerrero, Vladimir",guerv002,3,1,empty,empty,1,strikeout,6,1,3
2025-04-23,HOU202504230,TOR,"Santander, Anthony",santa003,3,2,empty,empty,1,walk,6,1,3
2025-04-23,HOU202504230,TOR,"Springer, George",sprig001,3,2,1B,1B,1,field_out,6,1,3
2025-04-23,HOU202504230,TOR,"Gimenez, Andres",gimea001,3,0,empty,empty,1,field_out,7,1,3
2025-04-23,HOU202504230,TOR,"Kirk, Alejandro",kirka001,3,1,empty,empty,1,field_out,7,1,3
2025-04-23,HOU202504230,TOR,"Straw, Myles",stram002,1,2,empty,empty,1,field_out,7,1,3
2025-04-23,HOU202504230,TOR,"Wagner, Will",wagnw001,3,0,empty,empty,1,field_out,8,1,3
2025-04-23,HOU202504230,TOR,"Roden, Alan",rodea001,3,1,empty,empty,1,strikeout,8,1,3
2025-04-23,HOU202504230,TOR,"Bichette, Bo",bichb001,4,2,empty,empty,1,single,8,1,3
2025-04-23,HOU202504230,TOR,"Guerrero, Vladimir",guerv002,4,2,1B,1B,1,field_out,8,1,3
2025-04-23,HOU202504230,TOR,"Santander, Anthony",santa003,4,0,empty,empty,1,strikeout,9,1,3
2025-04-23,HOU202504230,TOR,"Springer, George",sprig001,4,1,empty,empty,1,walk,9,1,3
2025-04-23,HOU202504230,TOR,"Clement, Ernie",cleme002,1,1,1B,1B,1,double,9,1,3
2025-04-23,HOU202504230,TOR,"Kirk, Alejandro",kirka001,4,1,2B+3B,2B+3B,1,strikeout,9,1,3
2025-04-23,HOU202504230,TOR,"Straw, Myles",stram002,2,2,2B+3B,2B+3B,1,field_out,9,1,3
2025-04-25,NYA202504250,TOR,"Bichette, Bo",bichb001,1,0,empty,empty,1,single,1,0,0
2025-04-25,NYA202504250,TOR,"Guerrero, Vladimir",guerv002,1,0,1B,1B,1,strikeout,1,0,0
2025-04-25,NYA202504250,TOR,"Santander, Anthony",santa003,1,1,1B,1B,1,grounded_into_double_play,1,0,0
2025-04-25,NYA202504250,TOR,"Springer, George",sprig001,1,0,empty,empty,1,field_out,2,0,0
2025-04-25,NYA202504250,TOR,"Gimenez, Andres",gimea001,1,1,empty,empty,1,field_out,2,0,0
2025-04-25,NYA202504250,TOR,"Kirk, Alejandro",kirka001,1,2,empty,empty,1,field_out,2,0,0
2025-04-25,NYA202504250,TOR,"Barger, Addison",barga001,1,0,empty,empty,1,field_out,3,0,0
2025-04-25,NYA202504250,TOR,"Clement, Ernie",cleme002,1,1,empty,empty,1,field_out,3,0,0
2025-04-25,NYA202504250,TOR,"Lukes, Nathan",luken001,1,2,empty,empty,1,single,3,0,0
2025-04-25,NYA202504250,TOR,"Bichette, Bo",bichb001,2,2,1B,1B,1,field_out,3,0,0
2025-04-25,NYA202504250,TOR,"Guerrero, Vladimir",guerv002,2,0,empty,empty,1,walk,4,0,0
2025-04-25,NYA202504250,TOR,"Santander, Anthony",santa003,2,0,1B,1B,1,field_out,4,0,0
2025-04-25,NYA202504250,TOR,"Springer, George",sprig001,2,1,1B,1B,1,strikeout,4,0,0
2025-04-25,NYA202504250,TOR,"Gimenez, Andres",gimea001,2,2,1B,1B,1,walk,4,0,0
2025-04-25,NYA202504250,TOR,"Kirk, Alejandro",kirka001,2,2,1B+2B,1B+2B,1,field_out,4,0,0
2025-04-25,NYA202504250,TOR,"Barger, Addison",barga001,2,0,empty,empty,1,double,5,0,0
2025-04-25,NYA202504250,TOR,"Clement, Ernie",cleme002,2,0,2B,2B,1,field_out,5,0,0
2025-04-25,NYA202504250,TOR,"Lukes, Nathan",luken001,2,1,2B,2B,1,field_out,5,0,0
2025-04-25,NYA202504250,TOR,"Bichette, Bo",bichb001,3,2,2B,2B,1,field_out,5,0,0
2025-04-25,NYA202504250,TOR,"Guerrero, Vladimir",guerv002,3,0,empty,empty,1,home_run,6,0,0
2025-04-25,NYA202504250,TOR,"Santander, Anthony",santa003,3,0,empty,empty,1,field_out,6,1,0
2025-04-25,NYA202504250,TOR,"Springer, George",sprig001,3,1,empty,empty,1,field_out,6,1,0
2025-04-25,NYA202504250,TOR,"Gimenez, Andres",gimea001,3,2,empty,empty,1,field_out,6,1,0
2025-04-25,NYA202504250,TOR,"Kirk, Alejandro",kirka001,3,0,empty,empty,1,single,7,1,0
2025-04-25,NYA202504250,TOR,"Barger, Addison",barga001,3,0,1B,1B,1,field_out,7,1,0
2025-04-25,NYA202504250,TOR,"Clement, Ernie",cleme002,3,1,1B,1B,1,grounded_into_double_play,7,1,0
2025-04-25,NYA202504250,TOR,"Lukes, Nathan",luken001,3,0,empty,empty,1,single,8,1,1
2025-04-25,NYA202504250,TOR,"Bichette, Bo",bichb001,4,0,1B,1B,1,field_out,8,1,1
2025-04-25,NYA202504250,TOR,"Guerrero, Vladimir",guerv002,4,1,2B,2B,1,field_out,8,1,1
2025-04-25,NYA202504250,TOR,"Santander, Anthony",santa003,4,2,3B,3B,1,field_out,8,1,1
2025-04-25,NYA202504250,TOR,"Springer, George",sprig001,4,0,empty,empty,1,single,9,1,2
2025-04-25,NYA202504250,TOR,"Gimenez, Andres",gimea001,4,0,1B,1B,1,hit_by_pitch,9,1,2
2025-04-25,NYA202504250,TOR,"Kirk, Alejandro",kirka001,4,0,1B+2B,1B+2B,1,double,9,1,2
2025-04-25,NYA202504250,TOR,"Barger, Addison",barga001,4,0,2B,2B,1,single,9,3,2
2025-04-25,NYA202504250,TOR,"Clement, Ernie",cleme002,4,0,1B,1B,1,field_out,9,4,2
2025-04-25,NYA202504250,TOR,"Lukes, Nathan",luken001,4,1,1B,1B,1,field_out,9,4,2
2025-04-25,NYA202504250,TOR,"Bichette, Bo",bichb001,5,2,2B,2B,1,field_out,9,4,2
2025-04-27,NYA202504271,TOR,"Bichette, Bo",bichb001,1,0,empty,empty,1,field_error,1,0,0
2025-04-27,NYA202504271,TOR,"Guerrero, Vladimir",guerv002,1,0,2B,3B,0,field_out,1,0,0
2025-04-27,NYA202504271,TOR,"Santander, Anthony",santa003,1,1,empty,empty,1,walk,1,1,0
2025-04-27,NYA202504271,TOR,"Springer, George",sprig001,1,1,1B,1B,1,field_out,1,1,0
2025-04-27,NYA202504271,TOR,"Kirk, Alejandro",kirka001,1,2,1B,1B,1,single,1,1,0
2025-04-27,NYA202504271,TOR,"Gimenez, Andres",gimea001,1,2,1B+2B,1B+2B,1,walk,1,1,0
2025-04-27,NYA202504271,TOR,"Clement, Ernie",cleme002,1,2,1B+2B+3B,1B+2B+3B,1,field_out,1,1,0
2025-04-27,NYA202504271,TOR,"Clase, Jonatan",clasj001,1,0,empty,empty,1,field_out,2,1,0
2025-04-27,NYA202504271,TOR,"Straw, Myles",stram002,1,1,empty,empty,1,single,2,1,0
2025-04-27,NYA202504271,TOR,"Bichette, Bo",bichb001,2,1,1B,2B,0,single,2,1,0
2025-04-27,NYA202504271,TOR,"Guerrero, Vladimir",guerv002,2,2,1B+2B,2B,0,field_out,2,1,0
2025-04-27,NYA202504271,TOR,"Santander, Anthony",santa003,2,0,empty,empty,1,strikeout,3,1,0
2025-04-27,NYA202504271,TOR,"Springer, George",sprig001,2,1,empty,empty,1,double,3,1,0
2025-04-27,NYA202504271,TOR,"Kirk, Alejandro",kirka001,2,1,2B,2B,1,field_out,3,1,0
2025-04-27,NYA202504271,TOR,"Gimenez, Andres",gimea001,2,2,2B,2B,1,field_out,3,1,0
2025-04-27,NYA202504271,TOR,"Clement, Ernie",cleme002,2,0,empty,empty,1,single,4,1,6
2025-04-27,NYA202504271,TOR,"Clase, Jonatan",clasj001,2,0,1B,1B,1,field_out,4,1,6
2025-04-27,NYA202504271,TOR,"Straw, Myles",stram002,2,1,2B,2B,1,field_out,4,1,6
2025-04-27,NYA202504271,TOR,"Bichette, Bo",bichb001,3,2,3B,3B,1,field_out,4,1,6
2025-04-27,NYA202504271,TOR,"Guerrero, Vladimir",guerv002,3,0,empty,empty,1,strikeout,5,1,6
2025-04-27,NYA202504271,TOR,"Santander, Anthony",santa003,3,1,empty,empty,1,strikeout,5,1,6
2025-04-27,NYA202504271,TOR,"Springer, George",sprig001,3,2,empty,empty,1,field_out,5,1,6
2025-04-27,NYA202504271,TOR,"Kirk, Alejandro",kirka001,3,0,empty,empty,1,field_out,6,1,9
2025-04-27,NYA202504271,TOR,"Gimenez, Andres",gimea001,3,1,empty,empty,1,field_out,6,1,9
2025-04-27,NYA202504271,TOR,"Clement, Ernie",cleme002,3,2,empty,empty,1,field_out,6,1,9
2025-04-27,NYA202504271,TOR,"Clase, Jonatan",clasj001,3,0,empty,empty,1,field_out,7,1,10
2025-04-27,NYA202504271,TOR,"Straw, Myles",stram002,3,1,empty,empty,1,single,7,1,10
2025-04-27,NYA202504271,TOR,"Barger, Addison",barga001,1,1,1B,1B,1,single,7,1,10
2025-04-27,NYA202504271,TOR,"Wagner, Will",wagnw001,1,1,1B+2B,1B+2B,1,field_out,7,1,10
2025-04-27,NYA202504271,TOR,"Santander, Anthony",santa003,4,2,2B+3B,2B+3B,1,strikeout,7,1,10
2025-04-27,NYA202504271,TOR,"Roden, Alan",rodea001,1,0,empty,empty,1,field_out,8,1,10
2025-04-27,NYA202504271,TOR,"Kirk, Alejandro",kirka001,4,1,empty,empty,1,single,8,1,10
2025-04-27,NYA202504271,TOR,"Gimenez, Andres",gimea001,4,1,1B,1B,1,field_out,8,1,10
2025-04-27,NYA202504271,TOR,"Clement, Ernie",cleme002,4,2,1B,1B,1,field_out,8,1,10
2025-04-27,NYA202504271,TOR,"Clase, Jonatan",clasj001,4,0,empty,empty,1,strikeout,9,1,11
2025-04-27,NYA202504271,TOR,"Straw, Myles",stram002,4,1,empty,empty,1,double,9,1,11
2025-04-27,NYA202504271,TOR,"Barger, Addison",barga001,2,1,2B,2B,1,double,9,1,11
2025-04-27,NYA202504271,TOR,"Wagner, Will",wagnw001,2,1,2B,2B,1,walk,9,2,11
2025-04-27,NYA202504271,TOR,"Santander, Anthony",santa003,5,1,1B+2B,1B+2B,1,field_out,9,2,11
2025-04-27,NYA202504271,TOR,"Roden, Alan",rodea001,2,2,1B+3B,1B+3B,1,field_out,9,2,11
2025-04-27,NYA202504272,TOR,"Bichette, Bo",bichb001,1,0,empty,empty,1,field_out,1,0,0
2025-04-27,NYA202504272,TOR,"Guerrero, Vladimir",guerv002,1,1,empty,empty,1,walk,1,0,0
2025-04-27,NYA202504272,TOR,"Santander, Anthony",santa003,1,1,1B,1B,1,walk,1,0,0
2025-04-27,NYA202504272,TOR,"Springer, George",sprig001,1,1,1B+2B,1B+2B,1,strikeout,1,0,0
2025-04-27,NYA202504272,TOR,"Gimenez, Andres",gimea001,1,2,1B+2B,1B+2B,1,strikeout,1,0,0
2025-04-27,NYA202504272,TOR,"Wagner, Will",wagnw001,1,0,empty,empty,1,field_out,2,0,1
2025-04-27,NYA202504272,TOR,"Heineman, Tyler",heint001,1,1,empty,empty,1,field_out,2,0,1
2025-04-27,NYA202504272,TOR,"Lukes, Nathan",luken001,1,2,empty,empty,1,walk,2,0,1
2025-04-27,NYA202504272,TOR,"Roden, Alan",rodea001,1,2,1B,1B,1,field_out,2,0,1
2025-04-27,NYA202504272,TOR,"Bichette, Bo",bichb001,2,0,empty,empty,1,strikeout,3,0,1
2025-04-27,NYA202504272,TOR,"Guerrero, Vladimir",guerv002,2,1,empty,empty,1,strikeout,3,0,1
2025-04-27,NYA202504272,TOR,"Santander, Anthony",santa003,2,2,empty,empty,1,home_run,3,0,1
2025-04-27,NYA202504272,TOR,"Springer, George",sprig001,2,2,empty,empty,1,field_out,3,1,1
2025-04-27,NYA202504272,TOR,"Gimenez, Andres",gimea001,2,0,empty,empty,1,field_out,4,1,1
2025-04-27,NYA202504272,TOR,"Wagner, Will",wagnw001,2,1,empty,empty,1,walk,4,1,1
2025-04-27,NYA202504272,TOR,"Heineman, Tyler",heint001,2,1,1B,2B,0,field_out,4,1,1
2025-04-27,NYA202504272,TOR,"Lukes, Nathan",luken001,2,2,3B,3B,1,field_out,4,1,1
2025-04-27,NYA202504272,TOR,"Roden, Alan",rodea001,2,0,empty,empty,1,strikeout,5,1,1
2025-04-27,NYA202504272,TOR,"Bichette, Bo",bichb001,3,1,empty,empty,1,strikeout,5,1,1
2025-04-27,NYA202504272,TOR,"Guerrero, Vladimir",guerv002,3,2,empty,empty,1,field_out,5,1,1
2025-04-27,NYA202504272,TOR,"Santander, Anthony",santa003,3,0,empty,empty,1,field_out,6,1,1
2025-04-27,NYA202504272,TOR,"Springer, George",sprig001,3,1,empty,empty,1,single,6,1,1
2025-04-27,NYA202504272,TOR,"Gimenez, Andres",gimea001,3,1,1B,1B,1,grounded_into_double_play,6,1,1
2025-04-27,NYA202504272,TOR,"Wagner, Will",wagnw001,3,0,empty,empty,1,strikeout,7,1,4
2025-04-27,NYA202504272,TOR,"Heineman, Tyler",heint001,3,1,empty,empty,1,strikeout,7,1,4
2025-04-27,NYA202504272,TOR,"Lukes, Nathan",luken001,3,2,empty,empty,1,strikeout,7,1,4
2025-04-27,NYA202504272,TOR,"Roden, Alan",rodea001,3,0,empty,empty,1,field_out,8,1,4
2025-04-27,NYA202504272,TOR,"Bichette, Bo",bichb001,4,1,empty,empty,1,strikeout,8,1,4
2025-04-27,NYA202504272,TOR,"Guerrero, Vladimir",guerv002,4,2,empty,empty,1,single,8,1,4
2025-04-27,NYA202504272,TOR,"Santander, Anthony",santa003,4,2,1B,1B,1,strikeout,8,1,4
2025-04-27,NYA202504272,TOR,"Springer, George",sprig001,4,0,empty,empty,1,field_out,9,1,5
2025-04-27,NYA202504272,TOR,"Gimenez, Andres",gimea001,4,1,empty,empty,1,strikeout,9,1,5
2025-04-27,NYA202504272,TOR,"Wagner, Will",wagnw001,4,2,empty,empty,1,field_out,9,1,5
2025-04-29,TOR202504290,TOR,"Bichette, Bo",bichb001,1,0,empty,empty,1,single,1,0,2
2025-04-29,TOR202504290,TOR,"Guerrero, Vladimir",guerv002,1,0,1B,2B,0,field_out,1,0,2
2025-04-29,TOR202504290,TOR,"Santander, Anthony",santa003,1,1,2B,2B,1,walk,1,0,2
2025-04-29,TOR202504290,TOR,"Springer, George",sprig001,1,2,1B,1B,1,field_out,1,0,2
2025-04-29,TOR202504290,TOR,"Kirk, Alejandro",kirka001,1,0,empty,empty,1,strikeout,2,0,3
2025-04-29,TOR202504290,TOR,"Varsho, Daulton",varsd001,1,1,empty,empty,1,strikeout,2,0,3
2025-04-29,TOR202504290,TOR,"Clement, Ernie",cleme002,1,2,empty,empty,1,field_out,2,0,3
2025-04-29,TOR202504290,TOR,"Gimenez, Andres",gimea001,1,0,empty,empty,1,strikeout,3,0,7
2025-04-29,TOR202504290,TOR,"Straw, Myles",stram002,1,1,empty,empty,1,strikeout,3,0,7
2025-04-29,TOR202504290,TOR,"Bichette, Bo",bichb001,2,2,empty,empty,1,double,3,0,7
2025-04-29,TOR202504290,TOR,"Guerrero, Vladimir",guerv002,2,2,2B,2B,1,home_run,3,0,7
2025-04-29,TOR202504290,TOR,"Santander, Anthony",santa003,2,2,empty,empty,1,field_out,3,2,7
2025-04-29,TOR202504290,TOR,"Springer, George",sprig001,2,0,empty,empty,1,strikeout,4,2,7
2025-04-29,TOR202504290,TOR,"Kirk, Alejandro",kirka001,2,1,empty,empty,1,field_out,4,2,7
2025-04-29,TOR202504290,TOR,"Varsho, Daulton",varsd001,2,2,empty,empty,1,walk,4,2,7
2025-04-29,TOR202504290,TOR,"Clement, Ernie",cleme002,2,2,1B,1B,1,field_out,4,2,7
2025-04-29,TOR202504290,TOR,"Gimenez, Andres",gimea001,2,0,empty,empty,1,strikeout,5,2,7
2025-04-29,TOR202504290,TOR,"Straw, Myles",stram002,2,1,empty,empty,1,field_out,5,2,7
2025-04-29,TOR202504290,TOR,"Bichette, Bo",bichb001,3,2,empty,empty,1,field_out,5,2,7
2025-04-29,TOR202504290,TOR,"Guerrero, Vladimir",guerv002,3,0,empty,empty,1,field_out,6,2,7
2025-04-29,TOR202504290,TOR,"Santander, Anthony",santa003,3,1,empty,empty,1,field_out,6,2,7
2025-04-29,TOR202504290,TOR,"Springer, George",sprig001,3,2,empty,empty,1,walk,6,2,7
2025-04-29,TOR202504290,TOR,"Kirk, Alejandro",kirka001,3,2,1B,1B,1,field_out,6,2,7
2025-04-29,TOR202504290,TOR,"Varsho, Daulton",varsd001,3,0,empty,empty,1,field_out,7,2,7
2025-04-29,TOR202504290,TOR,"Clement, Ernie",cleme002,3,1,empty,empty,1,single,7,2,7
2025-04-29,TOR202504290,TOR,"Gimenez, Andres",gimea001,3,1,1B,1B,1,field_out,7,2,7
2025-04-29,TOR202504290,TOR,"Straw, Myles",stram002,3,2,2B,2B,1,field_out,7,2,7
2025-04-29,TOR202504290,TOR,"Bichette, Bo",bichb001,4,0,empty,empty,1,field_out,8,2,8
2025-04-29,TOR202504290,TOR,"Guerrero, Vladimir",guerv002,4,1,empty,empty,1,field_out,8,2,8
2025-04-29,TOR202504290,TOR,"Santander, Anthony",santa003,4,2,empty,empty,1,field_out,8,2,8
2025-04-29,TOR202504290,TOR,"Springer, George",sprig001,4,0,empty,empty,1,field_out,9,2,10
2025-04-29,TOR202504290,TOR,"Kirk, Alejandro",kirka001,4,1,empty,empty,1,strikeout,9,2,10
2025-04-29,TOR202504290,TOR,"Varsho, Daulton",varsd001,4,2,empty,empty,1,strikeout,9,2,10
2025-04-30,TOR202504300,TOR,"Bichette, Bo",bichb001,1,0,empty,empty,1,single,1,0,2
2025-04-30,TOR202504300,TOR,"Guerrero, Vladimir",guerv002,1,0,1B,1B,1,field_out,1,0,2
2025-04-30,TOR202504300,TOR,"Santander, Anthony",santa003,1,1,1B,1B,1,strikeout,1,0,2
2025-04-30,TOR202504300,TOR,"Springer, George",sprig001,1,2,1B,1B,1,walk,1,0,2
2025-04-30,TOR202504300,TOR,"Varsho, Daulton",varsd001,1,2,1B+2B,1B+2B,1,strikeout,1,0,2
2025-04-30,TOR202504300,TOR,"Kirk, Alejandro",kirka001,1,0,empty,empty,1,field_out,2,0,4
2025-04-30,TOR202504300,TOR,"Barger, Addison",barga001,1,1,empty,empty,1,field_out,2,0,4
2025-04-30,TOR202504300,TOR,"Gimenez, Andres",gimea001,1,2,empty,empty,1,strikeout,2,0,4
2025-04-30,TOR202504300,TOR,"Clement, Ernie",cleme002,1,0,empty,empty,1,single,3,0,4
2025-04-30,TOR202504300,TOR,"Bichette, Bo",bichb001,2,0,1B,1B,1,single,3,0,4
2025-04-30,TOR202504300,TOR,"Guerrero, Vladimir",guerv002,2,0,1B+2B,1B+2B,1,strikeout,3,0,4
2025-04-30,TOR202504300,TOR,"Santander, Anthony",santa003,2,1,1B+2B,1B+2B,1,field_out,3,0,4
2025-04-30,TOR202504300,TOR,"Springer, George",sprig001,2,2,1B+2B,1B+2B,1,strikeout,3,0,4
2025-04-30,TOR202504300,TOR,"Varsho, Daulton",varsd001,2,0,empty,empty,1,field_out,4,0,4
2025-04-30,TOR202504300,TOR,"Kirk, Alejandro",kirka001,2,1,empty,empty,1,strikeout,4,0,4
2025-04-30,TOR202504300,TOR,"Barger, Addison",barga001,2,2,empty,empty,1,field_out,4,0,4
2025-04-30,TOR202504300,TOR,"Gimenez, Andres",gimea001,2,0,empty,empty,1,strikeout,5,0,4
2025-04-30,TOR202504300,TOR,"Clement, Ernie",cleme002,2,1,empty,empty,1,field_out,5,0,4
2025-04-30,TOR202504300,TOR,"Bichette, Bo",bichb001,3,2,empty,empty,1,field_out,5,0,4
2025-04-30,TOR202504300,TOR,"Guerrero, Vladimir",guerv002,3,0,empty,empty,1,field_out,6,0,6
2025-04-30,TOR202504300,TOR,"Santander, Anthony",santa003,3,1,empty,empty,1,field_out,6,0,6
2025-04-30,TOR202504300,TOR,"Springer, George",sprig001,3,2,empty,empty,1,walk,6,0,6
2025-04-30,TOR202504300,TOR,"Varsho, Daulton",varsd001,3,2,1B,1B,1,home_run,6,0,6
2025-04-30,TOR202504300,TOR,"Kirk, Alejandro",kirka001,3,2,empty,empty,1,home_run,6,2,6
2025-04-30,TOR202504300,TOR,"Barger, Addison",barga001,3,2,empty,empty,1,field_out,6,3,6
2025-04-30,TOR202504300,TOR,"Gimenez, Andres",gimea001,3,0,empty,empty,1,field_out,7,3,6
2025-04-30,TOR202504300,TOR,"Clement, Ernie",cleme002,3,1,empty,empty,1,single,7,3,6
2025-04-30,TOR202504300,TOR,"Bichette, Bo",bichb001,4,1,1B,1B,1,field_out,7,3,6
2025-04-30,TOR202504300,TOR,"Guerrero, Vladimir",guerv002,4,2,1B,1B,1,single,7,3,6
2025-04-30,TOR202504300,TOR,"Santander, Anthony",santa003,4,2,1B+2B,1B+2B,1,home_run,7,3,6
2025-04-30,TOR202504300,TOR,"Springer, George",sprig001,4,2,empty,empty,1,field_out,7,6,6
2025-04-30,TOR202504300,TOR,"Varsho, Daulton",varsd001,4,0,empty,empty,1,single,8,6,6
2025-04-30,TOR202504300,TOR,"Kirk, Alejandro",kirka001,4,0,1B,1B,1,field_out,8,6,6
2025-04-30,TOR202504300,TOR,"Barger, Addison",barga001,4,1,1B,1B,1,field_out,8,6,6
2025-04-30,TOR202504300,TOR,"Gimenez, Andres",gimea001,4,2,1B,1B,1,field_out,8,6,6
2025-04-30,TOR202504300,TOR,"Clement, Ernie",cleme002,4,0,empty,empty,1,field_out,9,6,6
2025-04-30,TOR202504300,TOR,"Bichette, Bo",bichb001,5,1,empty,empty,1,field_out,9,6,6
2025-04-30,TOR202504300,TOR,"Guerrero, Vladimir",guerv002,5,2,empty,empty,1,strikeout,9,6,6
2025-04-30,TOR202504300,TOR,"Santander, Anthony",santa003,5,0,2B,2B,1,field_out,10,6,6
2025-04-30,TOR202504300,TOR,"Springer, George",sprig001,5,1,3B,3B,1,intent_walk,10,6,6
2025-04-30,TOR202504300,TOR,"Varsho, Daulton",varsd001,5,1,1B+3B,1B+3B,1,intent_walk,10,6,6
2025-04-30,TOR202504300,TOR,"Kirk, Alejandro",kirka001,5,1,1B+2B+3B,1B+2B+3B,1,single,10,6,6
2025-05-01,TOR202505010,TOR,"Bichette, Bo",bichb001,1,0,empty,empty,1,field_out,1,0,0
2025-05-01,TOR202505010,TOR,"Guerrero, Vladimir",guerv002,1,1,empty,empty,1,strikeout,1,0,0
2025-05-01,TOR202505010,TOR,"Santander, Anthony",santa003,1,2,empty,empty,1,field_out,1,0,0
2025-05-01,TOR202505010,TOR,"Varsho, Daulton",varsd001,1,0,empty,empty,1,field_out,2,0,0
2025-05-01,TOR202505010,TOR,"Kirk, Alejandro",kirka001,1,1,empty,empty,1,single,2,0,0
2025-05-01,TOR202505010,TOR,"Barger, Addison",barga001,1,1,1B,1B,1,field_out,2,0,0
2025-05-01,TOR202505010,TOR,"Roden, Alan",rodea001,1,2,1B,1B,1,strikeout,2,0,0
2025-05-01,TOR202505010,TOR,"Clement, Ernie",cleme002,1,0,empty,empty,1,field_out,3,0,0
2025-05-01,TOR202505010,TOR,"Lukes, Nathan",luken001,1,1,empty,empty,1,single,3,0,0
2025-05-01,TOR202505010,TOR,"Bichette, Bo",bichb001,2,1,1B,1B,1,strikeout,3,0,0
2025-05-01,TOR202505010,TOR,"Guerrero, Vladimir",guerv002,2,2,1B,1B,1,strikeout,3,0,0
2025-05-01,TOR202505010,TOR,"Santander, Anthony",santa003,2,0,empty,empty,1,single,4,0,0
2025-05-01,TOR202505010,TOR,"Varsho, Daulton",varsd001,2,0,1B,1B,1,strikeout,4,0,0
2025-05-01,TOR202505010,TOR,"Kirk, Alejandro",kirka001,2,1,1B,1B,1,grounded_into_double_play,4,0,0
2025-05-01,TOR202505010,TOR,"Barger, Addison",barga001,2,0,empty,empty,1,field_out,5,0,2
2025-05-01,TOR202505010,TOR,"Roden, Alan",rodea001,2,1,empty,empty,1,field_out,5,0,2
2025-05-01,TOR202505010,TOR,"Clement, Ernie",cleme002,2,2,empty,empty,1,field_out,5,0,2
2025-05-01,TOR202505010,TOR,"Lukes, Nathan",luken001,2,0,empty,empty,1,strikeout,6,0,2
2025-05-01,TOR202505010,TOR,"Bichette, Bo",bichb001,3,1,empty,empty,1,field_out,6,0,2
2025-05-01,TOR202505010,TOR,"Guerrero, Vladimir",guerv002,3,2,empty,empty,1,field_out,6,0,2
2025-05-01,TOR202505010,TOR,"Santander, Anthony",santa003,3,0,empty,empty,1,field_out,7,0,2
2025-05-01,TOR202505010,TOR,"Varsho, Daulton",varsd001,3,1,empty,empty,1,home_run,7,0,2
2025-05-01,TOR202505010,TOR,"Kirk, Alejandro",kirka001,3,1,empty,empty,1,field_out,7,1,2
2025-05-01,TOR202505010,TOR,"Barger, Addison",barga001,3,2,empty,empty,1,hit_by_pitch,7,1,2
2025-05-01,TOR202505010,TOR,"Roden, Alan",rodea001,3,2,1B,1B,1,field_out,7,1,2
2025-05-01,TOR202505010,TOR,"Clement, Ernie",cleme002,3,0,empty,empty,1,field_out,8,1,2
2025-05-01,TOR202505010,TOR,"Lukes, Nathan",luken001,3,1,empty,empty,1,single,8,1,2
2025-05-01,TOR202505010,TOR,"Bichette, Bo",bichb001,4,1,1B,1B,1,double,8,1,2
2025-05-01,TOR202505010,TOR,"Guerrero, Vladimir",guerv002,4,1,2B+3B,2B+3B,1,home_run,8,1,2
2025-05-01,TOR202505010,TOR,"Santander, Anthony",santa003,4,1,empty,empty,1,field_out,8,4,2
2025-05-01,TOR202505010,TOR,"Varsho, Daulton",varsd001,4,2,empty,empty,1,walk,8,4,2
2025-05-01,TOR202505010,TOR,"Kirk, Alejandro",kirka001,4,2,1B,1B,1,field_out,8,4,2
2025-05-02,TOR202505020,TOR,"Bichette, Bo",bichb001,1,0,empty,empty,1,field_out,1,0,0
2025-05-02,TOR202505020,TOR,"Guerrero, Vladimir",guerv002,1,1,empty,empty,1,single,1,0,0
2025-05-02,TOR202505020,TOR,"Santander, Anthony",santa003,1,2,empty,empty,1,field_out,1,0,0
2025-05-02,TOR202505020,TOR,"Springer, George",sprig001,1,0,empty,empty,1,walk,2,0,1
2025-05-02,TOR202505020,TOR,"Kirk, Alejandro",kirka001,1,0,1B,1B,1,single,2,0,1
2025-05-02,TOR202505020,TOR,"Barger, Addison",barga001,1,0,1B+2B,1B+2B,1,field_out,2,0,1
2025-05-02,TOR202505020,TOR,"Clement, Ernie",cleme002,1,1,1B+2B,1B+2B,1,strikeout,2,0,1
2025-05-02,TOR202505020,TOR,"Straw, Myles",stram002,1,2,1B+2B,1B+2B,1,field_out,2,0,1
2025-05-02,TOR202505020,TOR,"Gimenez, Andres",gimea001,1,0,empty,empty,1,field_out,3,0,1
2025-05-02,TOR202505020,TOR,"Bichette, Bo",bichb001,2,1,empty,empty,1,strikeout,3,0,1
2025-05-02,TOR202505020,TOR,"Guerrero, Vladimir",guerv002,2,2,empty,empty,1,single,3,0,1
2025-05-02,TOR202505020,TOR,"Santander, Anthony",santa003,2,2,1B,1B,1,walk,3,0,1
2025-05-02,TOR202505020,TOR,"Springer, George",sprig001,2,2,1B+2B,1B+2B,1,catcher_interf,3,0,1
2025-05-02,TOR202505020,TOR,"Kirk, Alejandro",kirka001,2,2,1B+2B+3B,1B+2B+3B,1,single,3,0,1
2025-05-02,TOR202505020,TOR,"Barger, Addison",barga001,2,2,2B+3B,2B+3B,1,strikeout,3,2,1
2025-05-02,TOR202505020,TOR,"Clement, Ernie",cleme002,2,0,empty,empty,1,field_out,4,2,2
2025-05-02,TOR202505020,TOR,"Straw, Myles",stram002,2,1,empty,empty,1,field_out,4,2,2
2025-05-02,TOR202505020,TOR,"Gimenez, Andres",gimea001,2,2,empty,empty,1,single,4,2,2
2025-05-02,TOR202505020,TOR,"Bichette, Bo",bichb001,3,2,1B,1B,1,field_out,4,2,2
2025-05-02,TOR202505020,TOR,"Guerrero, Vladimir",guerv002,3,0,empty,empty,1,field_out,5,2,2
2025-05-02,TOR202505020,TOR,"Santander, Anthony",santa003,3,1,empty,empty,1,field_out,5,2,2
2025-05-02,TOR202505020,TOR,"Springer, George",sprig001,3,2,empty,empty,1,home_run,5,2,2
2025-05-02,TOR202505020,TOR,"Kirk, Alejandro",kirka001,3,2,empty,empty,1,field_out,5,3,2
2025-05-02,TOR202505020,TOR,"Barger, Addison",barga001,3,0,empty,empty,1,strikeout,6,3,3
2025-05-02,TOR202505020,TOR,"Clement, Ernie",cleme002,3,1,empty,empty,1,field_out,6,3,3
2025-05-02,TOR202505020,TOR,"Lukes, Nathan",luken001,1,2,empty,empty,1,strikeout,6,3,3
2025-05-02,TOR202505020,TOR,"Gimenez, Andres",gimea001,3,0,empty,empty,1,single,7,3,3
2025-05-02,TOR202505020,TOR,"Bichette, Bo",bichb001,4,0,1B,1B,1,field_out,7,3,3
2025-05-02,TOR202505020,TOR,"Guerrero, Vladimir",guerv002,4,1,2B,2B,1,field_out,7,3,3
2025-05-02,TOR202505020,TOR,"Santander, Anthony",santa003,4,2,2B,2B,1,field_out,7,3,3
2025-05-02,TOR202505020,TOR,"Springer, George",sprig001,4,0,empty,empty,1,walk,8,3,3
2025-05-02,TOR202505020,TOR,"Kirk, Alejandro",kirka001,4,0,1B,2B,0,single,8,3,3
2025-05-02,TOR202505020,TOR,"Barger, Addison",barga001,4,0,1B+3B,1B+3B,1,field_out,8,3,3
2025-05-02,TOR202505020,TOR,"Clement, Ernie",cleme002,4,1,1B+3B,2B+3B,0,field_out,8,3,3
2025-05-02,TOR202505020,TOR,"Lukes, Nathan",luken001,2,2,2B+3B,2B+3B,1,single,8,3,3
2025-05-02,TOR202505020,TOR,"Gimenez, Andres",gimea001,4,2,2B,2B,1,field_out,8,5,3
2025-05-03,TOR202505030,TOR,"Bichette, Bo",bichb001,1,0,empty,empty,1,home_run,1,0,0
2025-05-03,TOR202505030,TOR,"Guerrero, Vladimir",guerv002,1,0,empty,empty,1,strikeout,1,1,0
2025-05-03,TOR202505030,TOR,"Santander, Anthony",santa003,1,1,empty,empty,1,single,1,1,0
2025-05-03,TOR202505030,TOR,"Springer, George",sprig001,1,1,1B,1B,1,double,1,1,0
2025-05-03,TOR202505030,TOR,"Varsho, Daulton",varsd001,1,1,2B+3B,2B+3B,1,strikeout,1,1,0
2025-05-03,TOR202505030,TOR,"Barger, Addison",barga001,1,2,2B+3B,2B+3B,1,strikeout,1,1,0
2025-05-03,TOR202505030,TOR,"Lukes, Nathan",luken001,1,0,empty,empty,1,walk,2,1,0
2025-05-03,TOR202505030,TOR,"Heineman, Tyler",heint001,1,0,1B,1B,1,strikeout_double_play,2,1,0
2025-05-03,TOR202505030,TOR,"Gimenez, Andres",gimea001,1,2,empty,empty,1,single,2,1,0
2025-05-03,TOR202505030,TOR,"Bichette, Bo",bichb001,2,2,1B,2B,0,walk,2,1,0
2025-05-03,TOR202505030,TOR,"Guerrero, Vladimir",guerv002,2,2,1B+2B,1B+2B,1,strikeout,2,1,0
2025-05-03,TOR202505030,TOR,"Santander, Anthony",santa003,2,0,empty,empty,1,double,3,1,0
2025-05-03,TOR202505030,TOR,"Springer, George",sprig001,2,0,2B,2B,1,single,3,1,0
2025-05-03,TOR202505030,TOR,"Varsho, Daulton",varsd001,2,0,1B+3B,1B+3B,1,strikeout,3,1,0
2025-05-03,TOR202505030,TOR,"Barger, Addison",barga001,2,1,1B+3B,1B+3B,1,walk,3,1,0
2025-05-03,TOR202505030,TOR,"Lukes, Nathan",luken001,2,1,1B+2B+3B,1B+2B+3B,1,walk,3,1,0
2025-05-03,TOR202505030,TOR,"Heineman, Tyler",heint001,2,1,1B+2B+3B,1B+2B+3B,1,strikeout,3,2,0
2025-05-03,TOR202505030,TOR,"Gimenez, Andres",gimea001,2,2,1B+2B+3B,1B+2B+3B,1,field_out,3,2,0
2025-05-03,TOR202505030,TOR,"Bichette, Bo",bichb001,3,0,empty,empty,1,strikeout,4,2,0
2025-05-03,TOR202505030,TOR,"Guerrero, Vladimir",guerv002,3,1,1B,empty,0,single,4,2,0
2025-05-03,TOR202505030,TOR,"Santander, Anthony",santa003,3,1,1B,1B,1,walk,4,2,0
2025-05-03,TOR202505030,TOR,"Springer, George",sprig001,3,1,1B+2B,1B+2B,1,strikeout,4,2,0
2025-05-03,TOR202505030,TOR,"Varsho, Daulton",varsd001,3,2,1B+2B,1B+2B,1,field_out,4,2,0
2025-05-03,TOR202505030,TOR,"Clement, Ernie",cleme002,1,0,empty,empty,1,double,5,2,0
2025-05-03,TOR202505030,TOR,"Straw, Myles",stram002,1,0,2B,2B,1,field_out,5,2,0
2025-05-03,TOR202505030,TOR,"Heineman, Tyler",heint001,3,1,3B,3B,1,sac_fly,5,2,0
2025-05-03,TOR202505030,TOR,"Gimenez, Andres",gimea001,3,2,empty,empty,1,field_out,5,3,0
2025-05-03,TOR202505030,TOR,"Bichette, Bo",bichb001,4,0,empty,empty,1,field_out,6,3,0
2025-05-03,TOR202505030,TOR,"Guerrero, Vladimir",guerv002,4,1,empty,empty,1,field_out,6,3,0
2025-05-03,TOR202505030,TOR,"Santander, Anthony",santa003,4,2,empty,empty,1,strikeout,6,3,0
2025-05-03,TOR202505030,TOR,"Springer, George",sprig001,4,0,empty,empty,1,field_out,7,3,0
2025-05-03,TOR202505030,TOR,"Varsho, Daulton",varsd001,4,1,empty,empty,1,strikeout,7,3,0
2025-05-03,TOR202505030,TOR,"Clement, Ernie",cleme002,2,2,empty,empty,1,field_out,7,3,0
2025-05-03,TOR202505030,TOR,"Straw, Myles",stram002,2,0,empty,empty,1,strikeout,8,3,1
2025-05-03,TOR202505030,TOR,"Heineman, Tyler",heint001,4,1,empty,empty,1,field_out,8,3,1
2025-05-03,TOR202505030,TOR,"Gimenez, Andres",gimea001,4,2,empty,empty,1,field_out,8,3,1
2025-05-03,TOR202505030,TOR,"Bichette, Bo",bichb001,5,0,empty,empty,1,field_out,9,3,5
2025-05-03,TOR202505030,TOR,"Guerrero, Vladimir",guerv002,5,1,empty,empty,1,field_out,9,3,5
2025-05-03,TOR202505030,TOR,"Santander, Anthony",santa003,5,2,empty,empty,1,field_out,9,3,5
2025-05-04,TOR202505040,TOR,"Bichette, Bo",bichb001,1,0,empty,empty,1,double,1,0,0
2025-05-04,TOR202505040,TOR,"Guerrero, Vladimir",guerv002,1,0,2B,2B,1,single,1,0,0
2025-05-04,TOR202505040,TOR,"Santander, Anthony",santa003,1,0,1B+3B,1B+3B,1,double_play,1,0,0
2025-05-04,TOR202505040,TOR,"Springer, George",sprig001,1,2,2B,2B,1,strikeout,1,0,0
2025-05-04,TOR202505040,TOR,"Kirk, Alejandro",kirka001,1,0,empty,empty,1,field_out,2,0,0
2025-05-04,TOR202505040,TOR,"Barger, Addison",barga001,1,1,empty,empty,1,field_out,2,0,0
2025-05-04,TOR202505040,TOR,"Roden, Alan",rodea001,1,2,empty,empty,1,strikeout,2,0,0
2025-05-04,TOR202505040,TOR,"Lukes, Nathan",luken001,1,0,empty,empty,1,field_out,3,0,1
2025-05-04,TOR202505040,TOR,"Gimenez, Andres",gimea001,1,1,empty,empty,1,single,3,0,1
2025-05-04,TOR202505040,TOR,"Bichette, Bo",bichb001,2,1,1B,1B,1,field_out,3,0,1
2025-05-04,TOR202505040,TOR,"Guerrero, Vladimir",guerv002,2,2,1B,1B,1,walk,3,0,1
2025-05-04,TOR202505040,TOR,"Santander, Anthony",santa003,2,2,1B+2B,1B+2B,1,walk,3,0,1
2025-05-04,TOR202505040,TOR,"Springer, George",sprig001,2,2,1B+2B+3B,1B+2B+3B,1,field_out,3,0,1
2025-05-04,TOR202505040,TOR,"Kirk, Alejandro",kirka001,2,0,empty,empty,1,field_error,4,0,4
2025-05-04,TOR202505040,TOR,"Barger, Addison",barga001,2,0,1B,1B,1,field_out,4,0,4
2025-05-04,TOR202505040,TOR,"Roden, Alan",rodea001,2,1,1B,1B,1,hit_by_pitch,4,0,4
2025-05-04,TOR202505040,TOR,"Lukes, Nathan",luken001,2,1,1B+2B,1B+2B,1,double,4,0,4
2025-05-04,TOR202505040,TOR,"Gimenez, Andres",gimea001,2,1,2B+3B,2B+3B,1,single,4,1,4
2025-05-04,TOR202505040,TOR,"Bichette, Bo",bichb001,3,1,1B,1B,1,field_out,4,3,4
2025-05-04,TOR202505040,TOR,"Guerrero, Vladimir",guerv002,3,2,1B,1B,1,strikeout,4,3,4
2025-05-04,TOR202505040,TOR,"Santander, Anthony",santa003,3,0,empty,empty,1,field_out,5,3,4
2025-05-04,TOR202505040,TOR,"Springer, George",sprig001,3,1,empty,empty,1,field_out,5,3,4
2025-05-04,TOR202505040,TOR,"Kirk, Alejandro",kirka001,3,2,empty,empty,1,field_out,5,3,4
2025-05-04,TOR202505040,TOR,"Clement, Ernie",cleme002,1,0,empty,empty,1,field_out,6,3,4
2025-05-04,TOR202505040,TOR,"Straw, Myles",stram002,1,1,empty,empty,1,field_out,6,3,4
2025-05-04,TOR202505040,TOR,"Lukes, Nathan",luken001,3,2,empty,empty,1,hit_by_pitch,6,3,4
2025-05-04,TOR202505040,TOR,"Gimenez, Andres",gimea001,3,2,1B,1B,1,field_out,6,3,4
2025-05-04,TOR202505040,TOR,"Bichette, Bo",bichb001,4,0,empty,empty,1,field_out,7,3,4
2025-05-04,TOR202505040,TOR,"Guerrero, Vladimir",guerv002,4,1,empty,empty,1,field_out,7,3,4
2025-05-04,TOR202505040,TOR,"Santander, Anthony",santa003,4,2,empty,empty,1,strikeout,7,3,4
2025-05-04,TOR202505040,TOR,"Springer, George",sprig001,4,0,empty,empty,1,walk,8,3,4
2025-05-04,TOR202505040,TOR,"Kirk, Alejandro",kirka001,4,0,1B,1B,1,single,8,3,4
2025-05-04,TOR202505040,TOR,"Clement, Ernie",cleme002,2,0,1B+2B,1B+2B,1,sac_bunt,8,3,4
2025-05-04,TOR202505040,TOR,"Straw, Myles",stram002,2,1,2B+3B,2B+3B,1,field_out,8,3,4
2025-05-04,TOR202505040,TOR,"Lukes, Nathan",luken001,4,2,2B+3B,2B+3B,1,field_out,8,3,4
2025-05-04,TOR202505040,TOR,"Gimenez, Andres",gimea001,4,0,empty,empty,1,field_error,9,3,5
2025-05-04,TOR202505040,TOR,"Bichette, Bo",bichb001,5,0,2B,2B,1,single,9,3,5
2025-05-04,TOR202505040,TOR,"Guerrero, Vladimir",guerv002,5,0,1B+3B,1B+3B,1,sac_fly,9,3,5
2025-05-04,TOR202505040,TOR,"Santander, Anthony",santa003,5,1,1B,2B,0,field_out,9,4,5
2025-05-04,TOR202505040,TOR,"Springer, George",sprig001,5,2,3B,3B,1,strikeout,9,4,5
2025-05-06,ANA202505060,TOR,"Bichette, Bo",bichb001,1,0,empty,empty,1,strikeout,1,0,0
2025-05-06,ANA202505060,TOR,"Guerrero, Vladimir",guerv002,1,1,empty,empty,1,single,1,0,0
2025-05-06,ANA202505060,TOR,"Santander, Anthony",santa003,1,1,1B,1B,1,field_out,1,0,0
2025-05-06,ANA202505060,TOR,"Springer, George",sprig001,1,2,1B,1B,1,home_run,1,0,0
2025-05-06,ANA202505060,TOR,"Kirk, Alejandro",kirka001,1,2,empty,empty,1,single,1,2,0
2025-05-06,ANA202505060,TOR,"Varsho, Daulton",varsd001,1,2,1B,1B,1,strikeout,1,2,0
2025-05-06,ANA202505060,TOR,"Clement, Ernie",cleme002,1,0,empty,empty,1,field_out,2,2,2
2025-05-06,ANA202505060,TOR,"Straw, Myles",stram002,1,1,empty,empty,1,single,2,2,2
2025-05-06,ANA202505060,TOR,"Gimenez, Andres",gimea001,1,1,1B,1B,1,field_out,2,2,2
2025-05-06,ANA202505060,TOR,"Bichette, Bo",bichb001,2,2,1B,2B,0,strikeout,2,2,2
2025-05-06,ANA202505060,TOR,"Guerrero, Vladimir",guerv002,2,0,empty,empty,1,field_out,3,2,2
2025-05-06,ANA202505060,TOR,"Santander, Anthony",santa003,2,1,empty,empty,1,strikeout,3,2,2
2025-05-06,ANA202505060,TOR,"Springer, George",sprig001,2,2,empty,empty,1,field_out,3,2,2
2025-05-06,ANA202505060,TOR,"Kirk, Alejandro",kirka001,2,0,empty,empty,1,field_out,4,2,2
2025-05-06,ANA202505060,TOR,"Varsho, Daulton",varsd001,2,1,empty,empty,1,strikeout,4,2,2
2025-05-06,ANA202505060,TOR,"Clement, Ernie",cleme002,2,2,empty,empty,1,field_out,4,2,2
2025-05-06,ANA202505060,TOR,"Straw, Myles",stram002,2,0,empty,empty,1,field_out,5,2,2
2025-05-06,ANA202505060,TOR,"Gimenez, Andres",gimea001,2,1,empty,empty,1,double,5,2,2
2025-05-06,ANA202505060,TOR,"Bichette, Bo",bichb001,3,1,2B,2B,1,field_out,5,2,2
2025-05-06,ANA202505060,TOR,"Guerrero, Vladimir",guerv002,3,2,2B,2B,1,intent_walk,5,2,2
2025-05-06,ANA202505060,TOR,"Santander, Anthony",santa003,3,2,1B+2B,1B+2B,1,strikeout,5,2,2
2025-05-06,ANA202505060,TOR,"Springer, George",sprig001,3,0,empty,empty,1,strikeout,6,2,2
2025-05-06,ANA202505060,TOR,"Kirk, Alejandro",kirka001,3,1,empty,empty,1,field_out,6,2,2
2025-05-06,ANA202505060,TOR,"Varsho, Daulton",varsd001,3,2,empty,empty,1,field_out,6,2,2
2025-05-06,ANA202505060,TOR,"Clement, Ernie",cleme002,3,0,empty,empty,1,double,7,2,2
2025-05-06,ANA202505060,TOR,"Straw, Myles",stram002,3,0,2B,2B,1,field_out,7,2,2
2025-05-06,ANA202505060,TOR,"Gimenez, Andres",gimea001,3,1,2B,2B,1,field_out,7,2,2
2025-05-06,ANA202505060,TOR,"Bichette, Bo",bichb001,4,2,3B,3B,1,strikeout,7,2,2
2025-05-06,ANA202505060,TOR,"Guerrero, Vladimir",guerv002,4,0,empty,empty,1,strikeout,8,2,2
2025-05-06,ANA202505060,TOR,"Santander, Anthony",santa003,4,1,empty,empty,1,home_run,8,2,2
2025-05-06,ANA202505060,TOR,"Springer, George",sprig001,4,1,empty,empty,1,single,8,3,2
2025-05-06,ANA202505060,TOR,"Kirk, Alejandro",kirka001,4,1,1B,1B,1,single,8,3,2
2025-05-06,ANA202505060,TOR,"Varsho, Daulton",varsd001,4,1,1B+3B,1B+3B,1,strikeout,8,3,2
2025-05-06,ANA202505060,TOR,"Clement, Ernie",cleme002,4,2,1B+3B,1B+3B,1,strikeout,8,3,2
2025-05-06,ANA202505060,TOR,"Lukes, Nathan",luken001,1,0,empty,empty,1,field_out,9,3,8
2025-05-06,ANA202505060,TOR,"Gimenez, Andres",gimea001,4,1,empty,empty,1,field_out,9,3,8
2025-05-06,ANA202505060,TOR,"Bichette, Bo",bichb001,5,2,empty,empty,1,field_out,9,3,8
2025-05-07,ANA202505070,TOR,"Bichette, Bo",bichb001,1,0,empty,empty,1,strikeout,1,0,0
2025-05-07,ANA202505070,TOR,"Guerrero, Vladimir",guerv002,1,1,empty,empty,1,single,1,0,0
2025-05-07,ANA202505070,TOR,"Santander, Anthony",santa003,1,1,1B,1B,1,single,1,0,0
2025-05-07,ANA202505070,TOR,"Springer, George",sprig001,1,1,1B+2B,1B+2B,1,grounded_into_double_play,1,0,0
2025-05-07,ANA202505070,TOR,"Kirk, Alejandro",kirka001,1,0,empty,empty,1,field_out,2,0,0
2025-05-07,ANA202505070,TOR,"Clement, Ernie",cleme002,1,1,empty,empty,1,field_out,2,0,0
2025-05-07,ANA202505070,TOR,"Gimenez, Andres",gimea001,1,2,empty,empty,1,field_out,2,0,0
2025-05-07,ANA202505070,TOR,"Straw, Myles",stram002,1,0,empty,empty,1,single,3,0,0
2025-05-07,ANA202505070,TOR,"Clase, Jonatan",clasj001,1,0,1B,1B,1,field_out,3,0,0
2025-05-07,ANA202505070,TOR,"Bichette, Bo",bichb001,2,1,1B,1B,1,field_out,3,0,0
2025-05-07,ANA202505070,TOR,"Guerrero, Vladimir",guerv002,2,2,2B,2B,1,intent_walk,3,0,0
2025-05-07,ANA202505070,TOR,"Santander, Anthony",santa003,2,2,1B+2B,1B+2B,1,field_out,3,0,0
2025-05-07,ANA202505070,TOR,"Springer, George",sprig001,2,0,empty,empty,1,strikeout,4,0,0
2025-05-07,ANA202505070,TOR,"Kirk, Alejandro",kirka001,2,1,empty,empty,1,field_out,4,0,0
2025-05-07,ANA202505070,TOR,"Clement, Ernie",cleme002,2,2,empty,empty,1,strikeout,4,0,0
2025-05-07,ANA202505070,TOR,"Gimenez, Andres",gimea001,2,0,empty,empty,1,field_out,5,0,0
2025-05-07,ANA202505070,TOR,"Straw, Myles",stram002,2,1,empty,empty,1,strikeout,5,0,0
2025-05-07,ANA202505070,TOR,"Clase, Jonatan",clasj001,2,2,empty,empty,1,strikeout,5,0,0
2025-05-07,ANA202505070,TOR,"Bichette, Bo",bichb001,3,0,empty,empty,1,field_out,6,0,0
2025-05-07,ANA202505070,TOR,"Guerrero, Vladimir",guerv002,3,1,empty,empty,1,double,6,0,0
2025-05-07,ANA202505070,TOR,"Santander, Anthony",santa003,3,1,2B,2B,1,single,6,0,0
2025-05-07,ANA202505070,TOR,"Springer, George",sprig001,3,1,1B,2B,0,strikeout,6,1,0
2025-05-07,ANA202505070,TOR,"Kirk, Alejandro",kirka001,3,2,2B,2B,1,field_out,6,1,0
2025-05-07,ANA202505070,TOR,"Clement, Ernie",cleme002,3,0,empty,empty,1,double,7,1,1
2025-05-07,ANA202505070,TOR,"Gimenez, Andres",gimea001,3,0,2B,2B,1,single,7,1,1
2025-05-07,ANA202505070,TOR,"Straw, Myles",stram002,3,0,1B+3B,1B+3B,1,single,7,1,1
2025-05-07,ANA202505070,TOR,"Clase, Jonatan",clasj001,3,0,1B+2B,1B+2B,1,single,7,2,1
2025-05-07,ANA202505070,TOR,"Bichette, Bo",bichb001,4,0,1B+2B+3B,1B+2B+3B,1,single,7,2,1
2025-05-07,ANA202505070,TOR,"Guerrero, Vladimir",guerv002,4,0,1B+2B,1B+2B,1,strikeout,7,4,1
2025-05-07,ANA202505070,TOR,"Santander, Anthony",santa003,4,1,1B+2B,1B+2B,1,field_out,7,4,1
2025-05-07,ANA202505070,TOR,"Springer, George",sprig001,4,2,2B+3B,2B+3B,1,strikeout,7,4,1
2025-05-07,ANA202505070,TOR,"Kirk, Alejandro",kirka001,4,0,empty,empty,1,single,8,4,2
2025-05-07,ANA202505070,TOR,"Clement, Ernie",cleme002,4,0,1B,1B,1,field_out,8,4,2
2025-05-07,ANA202505070,TOR,"Barger, Addison",barga001,1,1,1B,1B,1,single,8,4,2
2025-05-07,ANA202505070,TOR,"Straw, Myles",stram002,4,1,1B+2B,1B+2B,1,grounded_into_double_play,8,4,2
2025-05-07,ANA202505070,TOR,"Clase, Jonatan",clasj001,4,0,empty,empty,1,field_out,9,4,2
2025-05-07,ANA202505070,TOR,"Bichette, Bo",bichb001,5,1,empty,empty,1,walk,9,4,2
2025-05-07,ANA202505070,TOR,"Guerrero, Vladimir",guerv002,5,1,1B,1B,1,field_out,9,4,2
2025-05-07,ANA202505070,TOR,"Santander, Anthony",santa003,5,2,1B,1B,1,field_out,9,4,2
2025-05-08,ANA202505080,TOR,"Bichette, Bo",bichb001,1,0,empty,empty,1,single,1,0,0
2025-05-08,ANA202505080,TOR,"Guerrero, Vladimir",guerv002,1,0,1B,1B,1,single,1,0,0
2025-05-08,ANA202505080,TOR,"Santander, Anthony",santa003,1,0,1B+2B,1B+2B,1,single,1,0,0
2025-05-08,ANA202505080,TOR,"Springer, George",sprig001,1,0,1B+2B+3B,1B+2B+3B,1,strikeout,1,0,0
2025-05-08,ANA202505080,TOR,"Varsho, Daulton",varsd001,1,1,1B+2B+3B,1B+2B+3B,1,strikeout,1,0,0
2025-05-08,ANA202505080,TOR,"Kirk, Alejandro",kirka001,1,2,1B+2B+3B,1B+2B+3B,1,strikeout,1,0,0
2025-05-08,ANA202505080,TOR,"Barger, Addison",barga001,1,0,empty,empty,1,strikeout,2,0,2
2025-05-08,ANA202505080,TOR,"Clement, Ernie",cleme002,1,1,empty,empty,1,single,2,0,2
2025-05-08,ANA202505080,TOR,"Lukes, Nathan",luken001,1,1,1B,1B,1,field_out,2,0,2
2025-05-08,ANA202505080,TOR,"Bichette, Bo",bichb001,2,2,1B,1B,1,field_out,2,0,2
2025-05-08,ANA202505080,TOR,"Guerrero, Vladimir",guerv002,2,0,empty,empty,1,single,3,0,4
2025-05-08,ANA202505080,TOR,"Santander, Anthony",santa003,2,0,1B,2B,0,strikeout,3,0,4
2025-05-08,ANA202505080,TOR,"Springer, George",sprig001,2,1,2B,2B,1,walk,3,0,4
2025-05-08,ANA202505080,TOR,"Varsho, Daulton",varsd001,2,1,1B+2B,1B+2B,1,double,3,0,4
2025-05-08,ANA202505080,TOR,"Kirk, Alejandro",kirka001,2,1,2B+3B,2B+3B,1,field_out,3,1,4
2025-05-08,ANA202505080,TOR,"Barger, Addison",barga001,2,2,3B,3B,1,walk,3,2,4
2025-05-08,ANA202505080,TOR,"Clement, Ernie",cleme002,2,2,1B+3B,1B+3B,1,field_out,3,2,4
2025-05-08,ANA202505080,TOR,"Lukes, Nathan",luken001,2,0,empty,empty,1,field_out,4,2,4
2025-05-08,ANA202505080,TOR,"Bichette, Bo",bichb001,3,1,empty,empty,1,field_out,4,2,4
2025-05-08,ANA202505080,TOR,"Guerrero, Vladimir",guerv002,3,2,empty,empty,1,walk,4,2,4
2025-05-08,ANA202505080,TOR,"Santander, Anthony",santa003,3,2,1B,1B,1,field_out,4,2,4
2025-05-08,ANA202505080,TOR,"Springer, George",sprig001,3,0,empty,empty,1,walk,5,2,4
2025-05-08,ANA202505080,TOR,"Varsho, Daulton",varsd001,3,0,1B,1B,1,single,5,2,4
2025-05-08,ANA202505080,TOR,"Kirk, Alejandro",kirka001,3,0,1B+3B,1B+3B,1,double_play,5,2,4
2025-05-08,ANA202505080,TOR,"Barger, Addison",barga001,3,2,3B,3B,1,single,5,2,4
2025-05-08,ANA202505080,TOR,"Clement, Ernie",cleme002,3,2,1B,1B,1,strikeout,5,3,4
2025-05-08,ANA202505080,TOR,"Lukes, Nathan",luken001,3,0,empty,empty,1,single,6,3,4
2025-05-08,ANA202505080,TOR,"Bichette, Bo",bichb001,4,0,1B,1B,1,walk,6,3,4
2025-05-08,ANA202505080,TOR,"Guerrero, Vladimir",guerv002,4,0,1B+2B,1B+2B,1,single,6,3,4
2025-05-08,ANA202505080,TOR,"Santander, Anthony",santa003,4,0,1B+2B+3B,1B+2B+3B,1,single,6,3,4
2025-05-08,ANA202505080,TOR,"Springer, George",sprig001,4,0,1B+2B,1B+2B,1,walk,6,5,4
2025-05-08,ANA202505080,TOR,"Varsho, Daulton",varsd001,4,0,1B+2B+3B,1B+2B+3B,1,sac_fly,6,5,4
2025-05-08,ANA202505080,TOR,"Kirk, Alejandro",kirka001,4,1,2B+3B,2B+3B,1,intent_walk,6,6,4
2025-05-08,ANA202505080,TOR,"Barger, Addison",barga001,4,1,1B+2B+3B,1B+2B+3B,1,field_out,6,6,4
2025-05-08,ANA202505080,TOR,"Clement, Ernie",cleme002,4,2,1B+2B,1B+2B,1,single,6,7,4
2025-05-08,ANA202505080,TOR,"Lukes, Nathan",luken001,4,2,1B+2B+3B,1B+2B+3B,1,strikeout,6,7,4
2025-05-08,ANA202505080,TOR,"Bichette, Bo",bichb001,5,0,empty,empty,1,strikeout,7,7,4
2025-05-08,ANA202505080,TOR,"Guerrero, Vladimir",guerv002,5,1,empty,empty,1,strikeout,7,7,4
2025-05-08,ANA202505080,TOR,"Santander, Anthony",santa003,5,2,empty,empty,1,field_out,7,7,4
2025-05-08,ANA202505080,TOR,"Springer, George",sprig001,5,0,empty,empty,1,strikeout,8,7,5
2025-05-08,ANA202505080,TOR,"Varsho, Daulton",varsd001,5,1,empty,empty,1,home_run,8,7,5
2025-05-08,ANA202505080,TOR,"Kirk, Alejandro",kirka001,5,1,empty,empty,1,field_out,8,8,5
2025-05-08,ANA202505080,TOR,"Barger, Addison",barga001,5,2,empty,empty,1,field_out,8,8,5
2025-05-08,ANA202505080,TOR,"Clement, Ernie",cleme002,5,0,empty,empty,1,single,9,8,5
2025-05-08,ANA202505080,TOR,"Lukes, Nathan",luken001,5,1,1B,empty,0,field_out,9,8,5
2025-05-08,ANA202505080,TOR,"Bichette, Bo",bichb001,6,2,empty,empty,1,strikeout,9,8,5
2025-05-09,SEA202505090,TOR,"Bichette, Bo",bichb001,1,0,empty,empty,1,walk,1,0,0
2025-05-09,SEA202505090,TOR,"Guerrero, Vladimir",guerv002,1,0,1B,1B,1,walk,1,0,0
2025-05-09,SEA202505090,TOR,"Varsho, Daulton",varsd001,1,0,1B+2B,1B+2B,1,strikeout,1,0,0
2025-05-09,SEA202505090,TOR,"Springer, George",sprig001,1,1,1B+2B,1B+2B,1,single,1,0,0
2025-05-09,SEA202505090,TOR,"Barger, Addison",barga001,1,1,1B+2B+3B,1B+2B+3B,1,double,1,0,0
2025-05-09,SEA202505090,TOR,"Clement, Ernie",cleme002,1,1,2B+3B,2B+3B,1,field_out,1,2,0
2025-05-09,SEA202505090,TOR,"Lukes, Nathan",luken001,1,2,2B+3B,2B+3B,1,field_out,1,2,0
2025-05-09,SEA202505090,TOR,"Heineman, Tyler",heint001,1,0,empty,empty,1,field_out,2,2,0
2025-05-09,SEA202505090,TOR,"Clase, Jonatan",clasj001,1,1,empty,empty,1,field_out,2,2,0
2025-05-09,SEA202505090,TOR,"Bichette, Bo",bichb001,2,2,empty,empty,1,single,2,2,0
2025-05-09,SEA202505090,TOR,"Guerrero, Vladimir",guerv002,2,2,1B,1B,1,field_out,2,2,0
2025-05-09,SEA202505090,TOR,"Varsho, Daulton",varsd001,2,0,empty,empty,1,field_out,3,2,0
2025-05-09,SEA202505090,TOR,"Springer, George",sprig001,2,1,empty,empty,1,field_out,3,2,0
2025-05-09,SEA202505090,TOR,"Barger, Addison",barga001,2,2,empty,empty,1,double,3,2,0
2025-05-09,SEA202505090,TOR,"Clement, Ernie",cleme002,2,2,2B,2B,1,single,3,2,0
2025-05-09,SEA202505090,TOR,"Lukes, Nathan",luken001,2,2,1B,1B,1,home_run,3,3,0
2025-05-09,SEA202505090,TOR,"Heineman, Tyler",heint001,2,2,empty,empty,1,field_out,3,5,0
2025-05-09,SEA202505090,TOR,"Clase, Jonatan",clasj001,2,0,empty,empty,1,field_out,4,5,1
2025-05-09,SEA202505090,TOR,"Bichette, Bo",bichb001,3,1,empty,empty,1,single,4,5,1
2025-05-09,SEA202505090,TOR,"Guerrero, Vladimir",guerv002,3,1,2B,2B,1,field_out,4,5,1
2025-05-09,SEA202505090,TOR,"Varsho, Daulton",varsd001,3,2,3B,3B,1,strikeout,4,5,1
2025-05-09,SEA202505090,TOR,"Springer, George",sprig001,3,0,empty,empty,1,strikeout,5,5,1
2025-05-09,SEA202505090,TOR,"Barger, Addison",barga001,3,1,empty,empty,1,field_out,5,5,1
2025-05-09,SEA202505090,TOR,"Clement, Ernie",cleme002,3,2,empty,empty,1,field_out,5,5,1
2025-05-09,SEA202505090,TOR,"Lukes, Nathan",luken001,3,0,empty,empty,1,field_out,6,5,1
2025-05-09,SEA202505090,TOR,"Heineman, Tyler",heint001,3,1,empty,empty,1,field_out,6,5,1
2025-05-09,SEA202505090,TOR,"Clase, Jonatan",clasj001,3,2,empty,empty,1,strikeout,6,5,1
2025-05-09,SEA202505090,TOR,"Bichette, Bo",bichb001,4,0,empty,empty,1,field_out,7,5,3
2025-05-09,SEA202505090,TOR,"Guerrero, Vladimir",guerv002,4,1,empty,empty,1,strikeout,7,5,3
2025-05-09,SEA202505090,TOR,"Varsho, Daulton",varsd001,4,2,empty,empty,1,strikeout,7,5,3
2025-05-09,SEA202505090,TOR,"Springer, George",sprig001,4,0,empty,empty,1,field_out,8,5,3
2025-05-09,SEA202505090,TOR,"Barger, Addison",barga001,4,1,empty,empty,1,double,8,5,3
2025-05-09,SEA202505090,TOR,"Clement, Ernie",cleme002,4,1,2B,2B,1,strikeout,8,5,3
2025-05-09,SEA202505090,TOR,"Lukes, Nathan",luken001,4,2,2B,2B,1,strikeout,8,5,3
2025-05-09,SEA202505090,TOR,"Heineman, Tyler",heint001,4,0,empty,empty,1,single,9,5,3
2025-05-09,SEA202505090,TOR,"Clase, Jonatan",clasj001,4,0,1B,1B,1,sac_bunt,9,5,3
2025-05-09,SEA202505090,TOR,"Bichette, Bo",bichb001,5,1,2B,2B,1,walk,9,5,3
2025-05-09,SEA202505090,TOR,"Guerrero, Vladimir",guerv002,5,1,1B+2B,1B+2B,1,single,9,5,3
2025-05-09,SEA202505090,TOR,"Varsho, Daulton",varsd001,5,1,1B+2B+3B,1B+2B+3B,1,sac_fly,9,5,3
2025-05-09,SEA202505090,TOR,"Springer, George",sprig001,5,2,1B+2B,1B+2B,1,field_out,9,6,3
2025-05-10,SEA202505100,TOR,"Bichette, Bo",bichb001,1,0,empty,empty,1,field_out,1,0,0
2025-05-10,SEA202505100,TOR,"Guerrero, Vladimir",guerv002,1,1,empty,empty,1,field_out,1,0,0
2025-05-10,SEA202505100,TOR,"Varsho, Daulton",varsd001,1,2,empty,empty,1,field_out,1,0,0
2025-05-10,SEA202505100,TOR,"Springer, George",sprig001,1,0,empty,empty,1,field_out,2,0,0
2025-05-10,SEA202505100,TOR,"Kirk, Alejandro",kirka001,1,1,empty,empty,1,single,2,0,0
2025-05-10,SEA202505100,TOR,"Barger, Addison",barga001,1,1,1B,1B,1,strikeout,2,0,0
2025-05-10,SEA202505100,TOR,"Clement, Ernie",cleme002,1,2,1B,1B,1,field_out,2,0,0
2025-05-10,SEA202505100,TOR,"Lukes, Nathan",luken001,1,0,empty,empty,1,field_out,3,0,1
2025-05-10,SEA202505100,TOR,"Straw, Myles",stram002,1,1,empty,empty,1,field_out,3,0,1
2025-05-10,SEA202505100,TOR,"Bichette, Bo",bichb001,2,2,empty,empty,1,double,3,0,1
2025-05-10,SEA202505100,TOR,"Guerrero, Vladimir",guerv002,2,2,2B,2B,1,field_out,3,0,1
2025-05-10,SEA202505100,TOR,"Varsho, Daulton",varsd001,2,0,empty,empty,1,field_out,4,0,1
2025-05-10,SEA202505100,TOR,"Springer, George",sprig001,2,1,empty,empty,1,strikeout,4,0,1
2025-05-10,SEA202505100,TOR,"Kirk, Alejandro",kirka001,2,2,empty,empty,1,single,4,0,1
2025-05-10,SEA202505100,TOR,"Barger, Addison",barga001,2,2,1B,1B,1,strikeout,4,0,1
2025-05-10,SEA202505100,TOR,"Clement, Ernie",cleme002,2,0,empty,empty,1,walk,5,0,3
2025-05-10,SEA202505100,TOR,"Lukes, Nathan",luken001,2,0,1B,1B,1,field_out,5,0,3
2025-05-10,SEA202505100,TOR,"Straw, Myles",stram002,2,1,1B,1B,1,field_out,5,0,3
2025-05-10,SEA202505100,TOR,"Bichette, Bo",bichb001,3,2,1B,1B,1,home_run,5,0,3
2025-05-10,SEA202505100,TOR,"Guerrero, Vladimir",guerv002,3,2,empty,empty,1,walk,5,2,3
2025-05-10,SEA202505100,TOR,"Varsho, Daulton",varsd001,3,2,1B,1B,1,field_out,5,2,3
2025-05-10,SEA202505100,TOR,"Springer, George",sprig001,3,0,empty,empty,1,single,6,2,3
2025-05-10,SEA202505100,TOR,"Kirk, Alejandro",kirka001,3,0,1B,1B,1,single,6,2,3
2025-05-10,SEA202505100,TOR,"Barger, Addison",barga001,3,0,1B+3B,1B+3B,1,field_out,6,2,3
2025-05-10,SEA202505100,TOR,"Clement, Ernie",cleme002,3,1,1B,1B,1,strikeout,6,3,3
2025-05-10,SEA202505100,TOR,"Lukes, Nathan",luken001,3,2,1B,1B,1,strikeout,6,3,3
2025-05-10,SEA202505100,TOR,"Straw, Myles",stram002,3,0,empty,empty,1,strikeout,7,3,3
2025-05-10,SEA202505100,TOR,"Bichette, Bo",bichb001,4,1,empty,empty,1,field_out,7,3,3
2025-05-10,SEA202505100,TOR,"Guerrero, Vladimir",guerv002,4,2,empty,empty,1,walk,7,3,3
2025-05-10,SEA202505100,TOR,"Varsho, Daulton",varsd001,4,2,1B,1B,1,strikeout,7,3,3
2025-05-10,SEA202505100,TOR,"Springer, George",sprig001,4,0,empty,empty,1,walk,8,3,3
2025-05-10,SEA202505100,TOR,"Kirk, Alejandro",kirka001,4,0,1B,2B,0,field_out,8,3,3
2025-05-10,SEA202505100,TOR,"Barger, Addison",barga001,4,1,2B,2B,1,single,8,3,3
2025-05-10,SEA202505100,TOR,"Clement, Ernie",cleme002,4,1,1B,1B,1,single,8,4,3
2025-05-10,SEA202505100,TOR,"Lukes, Nathan",luken001,4,1,1B+3B,1B+3B,1,strikeout,8,4,3
2025-05-10,SEA202505100,TOR,"Straw, Myles",stram002,4,2,1B+3B,2B+3B,0,single,8,4,3
2025-05-10,SEA202505100,TOR,"Bichette, Bo",bichb001,5,2,1B,1B,1,walk,8,6,3
2025-05-10,SEA202505100,TOR,"Guerrero, Vladimir",guerv002,5,2,1B+2B,1B+2B,1,strikeout,8,6,3
2025-05-10,SEA202505100,TOR,"Varsho, Daulton",varsd001,5,0,empty,empty,1,field_out,9,6,3
2025-05-10,SEA202505100,TOR,"Springer, George",sprig001,5,1,empty,empty,1,strikeout,9,6,3
2025-05-10,SEA202505100,TOR,"Kirk, Alejandro",kirka001,5,2,empty,empty,1,single,9,6,3
2025-05-10,SEA202505100,TOR,"Barger, Addison",barga001,5,2,1B,1B,1,field_out,9,6,3
2025-05-11,SEA202505110,TOR,"Bichette, Bo",bichb001,1,0,empty,empty,1,field_out,1,0,0
2025-05-11,SEA202505110,TOR,"Guerrero, Vladimir",guerv002,1,1,empty,empty,1,field_out,1,0,0
2025-05-11,SEA202505110,TOR,"Barger, Addison",barga001,1,2,empty,empty,1,field_out,1,0,0
2025-05-11,SEA202505110,TOR,"Springer, George",sprig001,1,0,empty,empty,1,field_out,2,0,0
2025-05-11,SEA202505110,TOR,"Kirk, Alejandro",kirka001,1,1,empty,empty,1,strikeout,2,0,0
2025-05-11,SEA202505110,TOR,"Lukes, Nathan",luken001,1,2,empty,empty,1,single,2,0,0
2025-05-11,SEA202505110,TOR,"Clement, Ernie",cleme002,1,2,1B,1B,1,single,2,0,0
2025-05-11,SEA202505110,TOR,"Straw, Myles",stram002,1,2,1B+3B,1B+3B,1,single,2,0,0
2025-05-11,SEA202505110,TOR,"Clase, Jonatan",clasj001,1,2,1B+2B,1B+2B,1,field_out,2,1,0
2025-05-11,SEA202505110,TOR,"Bichette, Bo",bichb001,2,0,empty,empty,1,strikeout,3,1,0
2025-05-11,SEA202505110,TOR,"Guerrero, Vladimir",guerv002,2,1,empty,empty,1,field_out,3,1,0
2025-05-11,SEA202505110,TOR,"Barger, Addison",barga001,2,2,empty,empty,1,field_out,3,1,0
2025-05-11,SEA202505110,TOR,"Springer, George",sprig001,2,0,empty,empty,1,field_out,4,1,1
2025-05-11,SEA202505110,TOR,"Kirk, Alejandro",kirka001,2,1,empty,empty,1,double,4,1,1
2025-05-11,SEA202505110,TOR,"Lukes, Nathan",luken001,2,1,2B,2B,1,single,4,1,1
2025-05-11,SEA202505110,TOR,"Clement, Ernie",cleme002,2,1,1B+3B,1B+3B,1,sac_fly,4,1,1
2025-05-11,SEA202505110,TOR,"Straw, Myles",stram002,2,2,2B,2B,1,field_out,4,2,1
2025-05-11,SEA202505110,TOR,"Clase, Jonatan",clasj001,2,0,empty,empty,1,strikeout,5,2,1
2025-05-11,SEA202505110,TOR,"Bichette, Bo",bichb001,3,1,empty,empty,1,field_out,5,2,1
2025-05-11,SEA202505110,TOR,"Guerrero, Vladimir",guerv002,3,2,empty,empty,1,single,5,2,1
2025-05-11,SEA202505110,TOR,"Barger, Addison",barga001,3,2,1B,1B,1,walk,5,2,1
2025-05-11,SEA202505110,TOR,"Springer, George",sprig001,3,2,1B+2B,1B+2B,1,home_run,5,2,1
2025-05-11,SEA202505110,TOR,"Heineman, Tyler",heint001,1,2,empty,empty,1,field_out,5,5,1
2025-05-11,SEA202505110,TOR,"Lukes, Nathan",luken001,3,0,empty,empty,1,walk,6,5,1
2025-05-11,SEA202505110,TOR,"Clement, Ernie",cleme002,3,0,1B,1B,1,single,6,5,1
2025-05-11,SEA202505110,TOR,"Straw, Myles",stram002,3,0,1B+2B,1B+2B,1,sac_bunt,6,5,1
2025-05-11,SEA202505110,TOR,"Clase, Jonatan",clasj001,3,1,2B+3B,2B+3B,1,double,6,5,1
2025-05-11,SEA202505110,TOR,"Bichette, Bo",bichb001,4,1,2B,2B,1,field_out,6,7,1
2025-05-11,SEA202505110,TOR,"Guerrero, Vladimir",guerv002,4,2,3B,3B,1,field_out,6,7,1
2025-05-11,SEA202505110,TOR,"Barger, Addison",barga001,4,0,empty,empty,1,home_run,7,7,1
2025-05-11,SEA202505110,TOR,"Springer, George",sprig001,4,0,empty,empty,1,double,7,8,1
2025-05-11,SEA202505110,TOR,"Heineman, Tyler",heint001,2,0,2B,2B,1,field_out,7,8,1
2025-05-11,SEA202505110,TOR,"Lukes, Nathan",luken001,4,1,2B,2B,1,single,7,8,1
2025-05-11,SEA202505110,TOR,"Clement, Ernie",cleme002,4,1,1B,1B,1,strikeout,7,9,1
2025-05-11,SEA202505110,TOR,"Straw, Myles",stram002,4,2,1B,1B,1,field_out,7,9,1
2025-05-11,SEA202505110,TOR,"Clase, Jonatan",clasj001,4,0,empty,empty,1,field_out,8,9,1
2025-05-11,SEA202505110,TOR,"Stefanic, Michael",stefm001,1,1,empty,empty,1,field_out,8,9,1
2025-05-11,SEA202505110,TOR,"Guerrero, Vladimir",guerv002,5,2,empty,empty,1,field_out,8,9,1
2025-05-11,SEA202505110,TOR,"Barger, Addison",barga001,5,0,empty,empty,1,single,9,9,1
2025-05-11,SEA202505110,TOR,"Springer, George",sprig001,5,0,1B,1B,1,grounded_into_double_play,9,9,1
2025-05-11,SEA202505110,TOR,"Heineman, Tyler",heint001,3,2,empty,empty,1,single,9,9,1
2025-05-11,SEA202505110,TOR,"Lukes, Nathan",luken001,5,2,1B,1B,1,walk,9,9,1
2025-05-11,SEA202505110,TOR,"Clement, Ernie",cleme002,5,2,1B+2B,1B+2B,1,single,9,9,1
2025-05-11,SEA202505110,TOR,"Straw, Myles",stram002,5,2,1B+2B+3B,1B+2B+3B,1,field_out,9,9,1
2025-05-13,TOR202505130,TOR,"Bichette, Bo",bichb001,1,0,empty,empty,1,field_out,1,0,0
2025-05-13,TOR202505130,TOR,"Guerrero, Vladimir",guerv002,1,1,empty,empty,1,field_out,1,0,0
2025-05-13,TOR202505130,TOR,"Santander, Anthony",santa003,1,2,empty,empty,1,strikeout,1,0,0
2025-05-13,TOR202505130,TOR,"Springer, George",sprig001,1,0,empty,empty,1,strikeout,2,0,0
2025-05-13,TOR202505130,TOR,"Varsho, Daulton",varsd001,1,1,empty,empty,1,strikeout,2,0,0
2025-05-13,TOR202505130,TOR,"Clement, Ernie",cleme002,1,2,empty,empty,1,strikeout,2,0,0
2025-05-13,TOR202505130,TOR,"Barger, Addison",barga001,1,0,empty,empty,1,strikeout,3,0,4
2025-05-13,TOR202505130,TOR,"Heineman, Tyler",heint001,1,1,empty,empty,1,double,3,0,4
2025-05-13,TOR202505130,TOR,"Lukes, Nathan",luken001,1,1,2B,2B,1,field_out,3,0,4
2025-05-13,TOR202505130,TOR,"Bichette, Bo",bichb001,2,2,3B,3B,1,home_run,3,0,4
2025-05-13,TOR202505130,TOR,"Guerrero, Vladimir",guerv002,2,2,empty,empty,1,strikeout,3,2,4
2025-05-13,TOR202505130,TOR,"Santander, Anthony",santa003,2,0,empty,empty,1,walk,4,2,4
2025-05-13,TOR202505130,TOR,"Springer, George",sprig001,2,0,1B,1B,1,grounded_into_double_play,4,2,4
2025-05-13,TOR202505130,TOR,"Varsho, Daulton",varsd001,2,2,empty,empty,1,home_run,4,2,4
2025-05-13,TOR202505130,TOR,"Clement, Ernie",cleme002,2,2,empty,empty,1,field_out,4,3,4
2025-05-13,TOR202505130,TOR,"Barger, Addison",barga001,2,0,empty,empty,1,field_out,5,3,4
2025-05-13,TOR202505130,TOR,"Heineman, Tyler",heint001,2,1,empty,empty,1,single,5,3,4
2025-05-13,TOR202505130,TOR,"Lukes, Nathan",luken001,2,1,1B,2B,0,field_out,5,3,4
2025-05-13,TOR202505130,TOR,"Bichette, Bo",bichb001,3,2,3B,3B,1,walk,5,3,4
2025-05-13,TOR202505130,TOR,"Guerrero, Vladimir",guerv002,3,2,1B+3B,1B+3B,1,field_out,5,3,4
2025-05-13,TOR202505130,TOR,"Santander, Anthony",santa003,3,0,empty,empty,1,strikeout,6,3,5
2025-05-13,TOR202505130,TOR,"Springer, George",sprig001,3,1,empty,empty,1,field_out,6,3,5
2025-05-13,TOR202505130,TOR,"Varsho, Daulton",varsd001,3,2,empty,empty,1,strikeout,6,3,5
2025-05-13,TOR202505130,TOR,"Clement, Ernie",cleme002,3,0,empty,empty,1,home_run,7,3,6
2025-05-13,TOR202505130,TOR,"Barger, Addison",barga001,3,0,empty,empty,1,field_out,7,4,6
2025-05-13,TOR202505130,TOR,"Heineman, Tyler",heint001,3,1,empty,empty,1,strikeout,7,4,6
2025-05-13,TOR202505130,TOR,"Straw, Myles",stram002,1,2,empty,empty,1,field_out,7,4,6
2025-05-13,TOR202505130,TOR,"Bichette, Bo",bichb001,4,0,empty,empty,1,field_out,8,4,6
2025-05-13,TOR202505130,TOR,"Guerrero, Vladimir",guerv002,4,1,empty,empty,1,walk,8,4,6
2025-05-13,TOR202505130,TOR,"Santander, Anthony",santa003,4,1,1B,1B,1,field_out,8,4,6
2025-05-13,TOR202505130,TOR,"Springer, George",sprig001,4,2,1B,1B,1,walk,8,4,6
2025-05-13,TOR202505130,TOR,"Varsho, Daulton",varsd001,4,2,1B+2B,1B+2B,1,home_run,8,4,6
2025-05-13,TOR202505130,TOR,"Clement, Ernie",cleme002,4,2,empty,empty,1,double,8,7,6
2025-05-13,TOR202505130,TOR,"Barger, Addison",barga001,4,2,2B,2B,1,strikeout,8,7,6
2025-05-13,TOR202505130,TOR,"Heineman, Tyler",heint001,4,0,empty,empty,1,field_out,9,7,11
2025-05-13,TOR202505130,TOR,"Straw, Myles",stram002,2,1,empty,empty,1,double,9,7,11
2025-05-13,TOR202505130,TOR,"Bichette, Bo",bichb001,5,1,2B,2B,1,double,9,7,11
2025-05-13,TOR202505130,TOR,"Guerrero, Vladimir",guerv002,5,1,2B,2B,1,double,9,8,11
2025-05-13,TOR202505130,TOR,"Santander, Anthony",santa003,5,1,2B,2B,1,strikeout,9,9,11
2025-05-13,TOR202505130,TOR,"Springer, George",sprig001,5,2,2B,2B,1,walk,9,9,11
2025-05-13,TOR202505130,TOR,"Varsho, Daulton",varsd001,5,2,1B+2B,1B+2B,1,field_out,9,9,11
2025-05-14,TOR202505140,TOR,"Bichette, Bo",bichb001,1,0,empty,empty,1,field_out,1,0,0
2025-05-14,TOR202505140,TOR,"Guerrero, Vladimir",guerv002,1,1,empty,empty,1,single,1,0,0
2025-05-14,TOR202505140,TOR,"Santander, Anthony",santa003,1,1,1B,1B,1,single,1,0,0
2025-05-14,TOR202505140,TOR,"Springer, George",sprig001,1,1,1B+3B,1B+3B,1,grounded_into_double_play,1,0,0
2025-05-14,TOR202505140,TOR,"Varsho, Daulton",varsd001,1,0,empty,empty,1,field_out,2,0,0
2025-05-14,TOR202505140,TOR,"Kirk, Alejandro",kirka001,1,1,empty,empty,1,field_out,2,0,0
2025-05-14,TOR202505140,TOR,"Barger, Addison",barga001,1,2,empty,empty,1,strikeout,2,0,0
2025-05-14,TOR202505140,TOR,"Clement, Ernie",cleme002,1,0,empty,empty,1,field_error,3,0,0
2025-05-14,TOR202505140,TOR,"Clase, Jonatan",clasj001,1,0,1B,1B,1,strikeout,3,0,0
2025-05-14,TOR202505140,TOR,"Bichette, Bo",bichb001,2,1,1B,1B,1,strikeout,3,0,0
2025-05-14,TOR202505140,TOR,"Guerrero, Vladimir",guerv002,2,2,1B,1B,1,field_out,3,0,0
2025-05-14,TOR202505140,TOR,"Santander, Anthony",santa003,2,0,empty,empty,1,strikeout,4,0,1
2025-05-14,TOR202505140,TOR,"Springer, George",sprig001,2,1,empty,empty,1,field_out,4,0,1
2025-05-14,TOR202505140,TOR,"Varsho, Daulton",varsd001,2,2,empty,empty,1,field_out,4,0,1
2025-05-14,TOR202505140,TOR,"Kirk, Alejandro",kirka001,2,0,empty,empty,1,single,5,0,1
2025-05-14,TOR202505140,TOR,"Barger, Addison",barga001,2,0,1B,1B,1,field_out,5,0,1
2025-05-14,TOR202505140,TOR,"Clement, Ernie",cleme002,2,1,1B,1B,1,single,5,0,1
2025-05-14,TOR202505140,TOR,"Clase, Jonatan",clasj001,2,1,1B+2B,1B+2B,1,strikeout,5,0,1
2025-05-14,TOR202505140,TOR,"Bichette, Bo",bichb001,3,2,1B+2B,1B+2B,1,field_out,5,0,1
2025-05-14,TOR202505140,TOR,"Guerrero, Vladimir",guerv002,3,0,empty,empty,1,walk,6,0,1
2025-05-14,TOR202505140,TOR,"Santander, Anthony",santa003,3,0,1B,1B,1,strikeout,6,0,1
2025-05-14,TOR202505140,TOR,"Springer, George",sprig001,3,1,1B,1B,1,strikeout,6,0,1
2025-05-14,TOR202505140,TOR,"Varsho, Daulton",varsd001,3,2,1B,1B,1,single,6,0,1
2025-05-14,TOR202505140,TOR,"Kirk, Alejandro",kirka001,3,2,1B+3B,1B+3B,1,home_run,6,0,1
2025-05-14,TOR202505140,TOR,"Barger, Addison",barga001,3,2,empty,empty,1,field_out,6,3,1
2025-05-14,TOR202505140,TOR,"Clement, Ernie",cleme002,3,0,empty,empty,1,field_out,7,3,1
2025-05-14,TOR202505140,TOR,"Clase, Jonatan",clasj001,3,1,empty,empty,1,field_out,7,3,1
2025-05-14,TOR202505140,TOR,"Bichette, Bo",bichb001,4,2,empty,empty,1,field_out,7,3,1
2025-05-14,TOR202505140,TOR,"Guerrero, Vladimir",guerv002,4,0,empty,empty,1,single,8,3,1
2025-05-14,TOR202505140,TOR,"Santander, Anthony",santa003,4,0,1B,1B,1,field_out,8,3,1
2025-05-14,TOR202505140,TOR,"Springer, George",sprig001,4,1,1B,1B,1,double,8,3,1
2025-05-14,TOR202505140,TOR,"Varsho, Daulton",varsd001,4,1,2B+3B,2B+3B,1,field_out,8,3,1
2025-05-14,TOR202505140,TOR,"Kirk, Alejandro",kirka001,4,2,2B+3B,2B+3B,1,field_out,8,3,1
2025-05-15,TOR202505150,TOR,"Bichette, Bo",bichb001,1,0,empty,empty,1,single,1,0,2
2025-05-15,TOR202505150,TOR,"Guerrero, Vladimir",guerv002,1,0,1B,1B,1,walk,1,0,2
2025-05-15,TOR202505150,TOR,"Santander, Anthony",santa003,1,0,1B+2B,1B+2B,1,field_out,1,0,2
2025-05-15,TOR202505150,TOR,"Springer, George",sprig001,1,1,1B+3B,1B+3B,1,grounded_into_double_play,1,0,2
2025-05-15,TOR202505150,TOR,"Kirk, Alejandro",kirka001,1,0,empty,empty,1,field_out,2,0,3
2025-05-15,TOR202505150,TOR,"Barger, Addison",barga001,1,1,empty,empty,1,home_run,2,0,3
2025-05-15,TOR202505150,TOR,"Clement, Ernie",cleme002,1,1,empty,empty,1,field_out,2,1,3
2025-05-15,TOR202505150,TOR,"Straw, Myles",stram002,1,2,empty,empty,1,field_out,2,1,3
2025-05-15,TOR202505150,TOR,"Lukes, Nathan",luken001,1,0,empty,empty,1,strikeout,3,1,3
2025-05-15,TOR202505150,TOR,"Bichette, Bo",bichb001,2,1,empty,empty,1,strikeout,3,1,3
2025-05-15,TOR202505150,TOR,"Guerrero, Vladimir",guerv002,2,2,empty,empty,1,home_run,3,1,3
2025-05-15,TOR202505150,TOR,"Santander, Anthony",santa003,2,2,empty,empty,1,field_out,3,2,3
2025-05-15,TOR202505150,TOR,"Springer, George",sprig001,2,0,empty,empty,1,field_out,4,2,4
2025-05-15,TOR202505150,TOR,"Kirk, Alejandro",kirka001,2,1,empty,empty,1,field_out,4,2,4
2025-05-15,TOR202505150,TOR,"Barger, Addison",barga001,2,2,empty,empty,1,field_out,4,2,4
2025-05-15,TOR202505150,TOR,"Clement, Ernie",cleme002,2,0,empty,empty,1,field_out,5,2,5
2025-05-15,TOR202505150,TOR,"Straw, Myles",stram002,2,1,empty,empty,1,single,5,2,5
2025-05-15,TOR202505150,TOR,"Lukes, Nathan",luken001,2,1,1B,1B,1,grounded_into_double_play,5,2,5
2025-05-15,TOR202505150,TOR,"Bichette, Bo",bichb001,3,0,empty,empty,1,single,6,2,6
2025-05-15,TOR202505150,TOR,"Guerrero, Vladimir",guerv002,3,0,1B,1B,1,field_out,6,2,6
2025-05-15,TOR202505150,TOR,"Santander, Anthony",santa003,3,1,1B,1B,1,grounded_into_double_play,6,2,6
2025-05-15,TOR202505150,TOR,"Springer, George",sprig001,3,0,empty,empty,1,field_out,7,2,6
2025-05-15,TOR202505150,TOR,"Kirk, Alejandro",kirka001,3,1,empty,empty,1,field_out,7,2,6
2025-05-15,TOR202505150,TOR,"Barger, Addison",barga001,3,2,empty,empty,1,single,7,2,6
2025-05-15,TOR202505150,TOR,"Clement, Ernie",cleme002,3,2,1B,1B,1,field_out,7,2,6
2025-05-15,TOR202505150,TOR,"Straw, Myles",stram002,3,0,empty,empty,1,field_out,8,2,6
2025-05-15,TOR202505150,TOR,"Lukes, Nathan",luken001,3,1,empty,empty,1,home_run,8,2,6
2025-05-15,TOR202505150,TOR,"Bichette, Bo",bichb001,4,1,empty,empty,1,double,8,3,6
2025-05-15,TOR202505150,TOR,"Guerrero, Vladimir",guerv002,4,1,2B,2B,1,walk,8,3,6
2025-05-15,TOR202505150,TOR,"Santander, Anthony",santa003,4,1,1B+2B,1B+2B,1,field_out,8,3,6
2025-05-15,TOR202505150,TOR,"Springer, George",sprig001,4,2,2B+3B,2B+3B,1,field_out,8,3,6
2025-05-15,TOR202505150,TOR,"Kirk, Alejandro",kirka001,4,0,empty,empty,1,field_out,9,3,8
2025-05-15,TOR202505150,TOR,"Barger, Addison",barga001,4,1,empty,empty,1,strikeout,9,3,8
2025-05-15,TOR202505150,TOR,"Clement, Ernie",cleme002,4,2,empty,empty,1,field_out,9,3,8
2025-05-16,TOR202505160,TOR,"Bichette, Bo",bichb001,1,0,empty,empty,1,double,1,0,0
2025-05-16,TOR202505160,TOR,"Guerrero, Vladimir",guerv002,1,0,2B,2B,1,strikeout,1,0,0
2025-05-16,TOR202505160,TOR,"Varsho, Daulton",varsd001,1,1,2B,2B,1,strikeout,1,0,0
2025-05-16,TOR202505160,TOR,"Springer, George",sprig001,1,2,2B,2B,1,field_out,1,0,0
2025-05-16,TOR202505160,TOR,"Kirk, Alejandro",kirka001,1,0,empty,empty,1,field_out,2,0,1
2025-05-16,TOR202505160,TOR,"Barger, Addison",barga001,1,1,empty,empty,1,walk,2,0,1
2025-05-16,TOR202505160,TOR,"Lukes, Nathan",luken001,1,1,1B,1B,1,double_play,2,0,1
2025-05-16,TOR202505160,TOR,"Stefanic, Michael",stefm001,1,0,empty,empty,1,single,3,0,1
2025-05-16,TOR202505160,TOR,"Clase, Jonatan",clasj001,1,0,1B,1B,1,field_out,3,0,1
2025-05-16,TOR202505160,TOR,"Bichette, Bo",bichb001,2,1,1B,1B,1,strikeout,3,0,1
2025-05-16,TOR202505160,TOR,"Guerrero, Vladimir",guerv002,2,2,1B,1B,1,field_out,3,0,1
2025-05-16,TOR202505160,TOR,"Varsho, Daulton",varsd001,2,0,empty,empty,1,field_out,4,0,2
2025-05-16,TOR202505160,TOR,"Springer, George",sprig001,2,1,empty,empty,1,field_out,4,0,2
2025-05-16,TOR202505160,TOR,"Kirk, Alejandro",kirka001,2,2,empty,empty,1,strikeout,4,0,2
2025-05-16,TOR202505160,TOR,"Barger, Addison",barga001,2,0,empty,empty,1,single,5,0,4
2025-05-16,TOR202505160,TOR,"Lukes, Nathan",luken001,2,0,1B,1B,1,grounded_into_double_play,5,0,4
2025-05-16,TOR202505160,TOR,"Stefanic, Michael",stefm001,2,2,empty,empty,1,field_out,5,0,4
2025-05-16,TOR202505160,TOR,"Clase, Jonatan",clasj001,2,0,empty,empty,1,strikeout,6,0,4
2025-05-16,TOR202505160,TOR,"Bichette, Bo",bichb001,3,1,empty,empty,1,strikeout,6,0,4
2025-05-16,TOR202505160,TOR,"Guerrero, Vladimir",guerv002,3,2,empty,empty,1,single,6,0,4
2025-05-16,TOR202505160,TOR,"Varsho, Daulton",varsd001,3,2,1B,1B,1,home_run,6,0,4
2025-05-16,TOR202505160,TOR,"Springer, George",sprig001,3,2,empty,empty,1,strikeout,6,2,4
2025-05-16,TOR202505160,TOR,"Kirk, Alejandro",kirka001,3,0,empty,empty,1,field_out,7,2,4
2025-05-16,TOR202505160,TOR,"Barger, Addison",barga001,3,1,empty,empty,1,double,7,2,4
2025-05-16,TOR202505160,TOR,"Straw, Myles",stram002,1,1,2B,2B,1,single,7,2,4
2025-05-16,TOR202505160,TOR,"Stefanic, Michael",stefm001,3,1,1B,2B,0,field_out,7,3,4
2025-05-16,TOR202505160,TOR,"Clase, Jonatan",clasj001,3,2,2B,2B,1,field_out,7,3,4
2025-05-16,TOR202505160,TOR,"Bichette, Bo",bichb001,4,0,empty,empty,1,home_run,8,3,5
2025-05-16,TOR202505160,TOR,"Guerrero, Vladimir",guerv002,4,0,empty,empty,1,field_out,8,4,5
2025-05-16,TOR202505160,TOR,"Varsho, Daulton",varsd001,4,1,empty,empty,1,strikeout,8,4,5
2025-05-16,TOR202505160,TOR,"Springer, George",sprig001,4,2,empty,empty,1,strikeout,8,4,5
2025-05-16,TOR202505160,TOR,"Kirk, Alejandro",kirka001,4,0,empty,empty,1,field_out,9,4,5
2025-05-16,TOR202505160,TOR,"Barger, Addison",barga001,4,1,empty,empty,1,field_out,9,4,5
2025-05-16,TOR202505160,TOR,"Straw, Myles",stram002,2,2,empty,empty,1,single,9,4,5
2025-05-16,TOR202505160,TOR,"Stefanic, Michael",stefm001,4,2,1B,1B,1,single,9,4,5
2025-05-16,TOR202505160,TOR,"Clement, Ernie",cleme002,1,2,1B+2B,1B+2B,1,field_out,9,4,5
2025-05-17,TOR202505170,TOR,"Bichette, Bo",bichb001,1,0,empty,empty,1,single,1,0,0
2025-05-17,TOR202505170,TOR,"Guerrero, Vladimir",guerv002,1,0,1B,1B,1,field_out,1,0,0
2025-05-17,TOR202505170,TOR,"Varsho, Daulton",varsd001,1,1,1B,1B,1,field_out,1,0,0
2025-05-17,TOR202505170,TOR,"Springer, George",sprig001,1,2,1B,1B,1,strikeout,1,0,0
2025-05-17,TOR202505170,TOR,"Barger, Addison",barga001,1,0,empty,empty,1,strikeout,2,0,1
2025-05-17,TOR202505170,TOR,"Clement, Ernie",cleme002,1,1,empty,empty,1,field_out,2,0,1
2025-05-17,TOR202505170,TOR,"Lukes, Nathan",luken001,1,2,empty,empty,1,field_out,2,0,1
2025-05-17,TOR202505170,TOR,"Heineman, Tyler",heint001,1,0,empty,empty,1,walk,3,0,1
2025-05-17,TOR202505170,TOR,"Stefanic, Michael",stefm001,1,0,1B,1B,1,field_out,3,0,1
2025-05-17,TOR202505170,TOR,"Bichette, Bo",bichb001,2,1,1B,1B,1,grounded_into_double_play,3,0,1
2025-05-17,TOR202505170,TOR,"Guerrero, Vladimir",guerv002,2,0,empty,empty,1,field_out,4,0,1
2025-05-17,TOR202505170,TOR,"Varsho, Daulton",varsd001,2,1,empty,empty,1,field_out,4,0,1
2025-05-17,TOR202505170,TOR,"Springer, George",sprig001,2,2,empty,empty,1,strikeout,4,0,1
2025-05-17,TOR202505170,TOR,"Barger, Addison",barga001,2,0,empty,empty,1,field_out,5,0,1
2025-05-17,TOR202505170,TOR,"Clement, Ernie",cleme002,2,1,empty,empty,1,strikeout,5,0,1
2025-05-17,TOR202505170,TOR,"Lukes, Nathan",luken001,2,2,empty,empty,1,field_out,5,0,1
2025-05-17,TOR202505170,TOR,"Heineman, Tyler",heint001,2,0,empty,empty,1,strikeout,6,0,1
2025-05-17,TOR202505170,TOR,"Stefanic, Michael",stefm001,2,1,empty,empty,1,field_out,6,0,1
2025-05-17,TOR202505170,TOR,"Bichette, Bo",bichb001,3,2,empty,empty,1,strikeout,6,0,1
2025-05-17,TOR202505170,TOR,"Guerrero, Vladimir",guerv002,3,0,empty,empty,1,walk,7,0,1
2025-05-17,TOR202505170,TOR,"Varsho, Daulton",varsd001,3,0,1B,1B,1,field_out,7,0,1
2025-05-17,TOR202505170,TOR,"Springer, George",sprig001,3,1,2B,2B,1,walk,7,0,1
2025-05-17,TOR202505170,TOR,"Straw, Myles",stram002,1,1,1B+2B,1B+2B,1,grounded_into_double_play,7,0,1
2025-05-17,TOR202505170,TOR,"Clement, Ernie",cleme002,3,0,empty,empty,1,walk,8,0,1
2025-05-17,TOR202505170,TOR,"Lukes, Nathan",luken001,3,0,1B,1B,1,sac_bunt,8,0,1
2025-05-17,TOR202505170,TOR,"Kirk, Alejandro",kirka001,1,1,2B,2B,1,single,8,0,1
2025-05-17,TOR202505170,TOR,"Stefanic, Michael",stefm001,3,1,1B,1B,1,strikeout,8,1,1
2025-05-17,TOR202505170,TOR,"Bichette, Bo",bichb001,4,2,1B,1B,1,field_out,8,1,1
2025-05-17,TOR202505170,TOR,"Guerrero, Vladimir",guerv002,4,0,empty,empty,1,field_out,9,1,1
2025-05-17,TOR202505170,TOR,"Varsho, Daulton",varsd001,4,1,empty,empty,1,double,9,1,1
2025-05-17,TOR202505170,TOR,"Springer, George",sprig001,4,1,2B,2B,1,field_out,9,1,1
2025-05-17,TOR202505170,TOR,"Santander, Anthony",santa003,1,2,3B,3B,1,intent_walk,9,1,1
2025-05-17,TOR202505170,TOR,"Clement, Ernie",cleme002,4,2,1B+3B,2B+3B,0,single,9,1,1
2025-05-18,TOR202505180,TOR,"Bichette, Bo",bichb001,1,0,empty,empty,1,single,1,0,2
2025-05-18,TOR202505180,TOR,"Guerrero, Vladimir",guerv002,1,0,1B,1B,1,single,1,0,2
2025-05-18,TOR202505180,TOR,"Varsho, Daulton",varsd001,1,0,1B+2B,1B+2B,1,field_out,1,0,2
2025-05-18,TOR202505180,TOR,"Kirk, Alejandro",kirka001,1,1,1B+2B,1B+2B,1,double_play,1,0,2
2025-05-18,TOR202505180,TOR,"Santander, Anthony",santa003,1,0,empty,empty,1,field_out,2,0,2
2025-05-18,TOR202505180,TOR,"Barger, Addison",barga001,1,1,empty,empty,1,strikeout,2,0,2
2025-05-18,TOR202505180,TOR,"Clement, Ernie",cleme002,1,2,empty,empty,1,field_out,2,0,2
2025-05-18,TOR202505180,TOR,"Lukes, Nathan",luken001,1,0,empty,empty,1,field_out,3,0,2
2025-05-18,TOR202505180,TOR,"Clase, Jonatan",clasj001,1,1,empty,empty,1,field_out,3,0,2
2025-05-18,TOR202505180,TOR,"Bichette, Bo",bichb001,2,2,empty,empty,1,strikeout,3,0,2
2025-05-18,TOR202505180,TOR,"Guerrero, Vladimir",guerv002,2,0,empty,empty,1,walk,4,0,2
2025-05-18,TOR202505180,TOR,"Varsho, Daulton",varsd001,2,0,1B,1B,1,double,4,0,2
2025-05-18,TOR202505180,TOR,"Kirk, Alejandro",kirka001,2,0,2B+3B,2B+3B,1,single,4,0,2
2025-05-18,TOR202505180,TOR,"Santander, Anthony",santa003,2,0,1B+3B,1B+3B,1,strikeout,4,1,2
2025-05-18,TOR202505180,TOR,"Barger, Addison",barga001,2,1,1B+3B,1B+3B,1,field_out,4,1,2
2025-05-18,TOR202505180,TOR,"Clement, Ernie",cleme002,2,2,1B+3B,1B+3B,1,single,4,1,2
2025-05-18,TOR202505180,TOR,"Lukes, Nathan",luken001,2,2,1B+2B,1B+2B,1,field_out,4,2,2
2025-05-18,TOR202505180,TOR,"Clase, Jonatan",clasj001,2,0,empty,empty,1,single,5,2,2
2025-05-18,TOR202505180,TOR,"Bichette, Bo",bichb001,3,0,1B,2B,0,walk,5,2,2
2025-05-18,TOR202505180,TOR,"Guerrero, Vladimir",guerv002,3,0,1B+2B,1B+2B,1,field_out,5,2,2
2025-05-18,TOR202505180,TOR,"Varsho, Daulton",varsd001,3,1,2B+3B,2B+3B,1,field_out,5,2,2
2025-05-18,TOR202505180,TOR,"Kirk, Alejandro",kirka001,3,2,2B+3B,2B+3B,1,field_out,5,2,2
2025-05-18,TOR202505180,TOR,"Santander, Anthony",santa003,3,0,empty,empty,1,strikeout,6,2,2
2025-05-18,TOR202505180,TOR,"Barger, Addison",barga001,3,1,empty,empty,1,field_out,6,2,2
2025-05-18,TOR202505180,TOR,"Clement, Ernie",cleme002,3,2,empty,empty,1,strikeout,6,2,2
2025-05-18,TOR202505180,TOR,"Lukes, Nathan",luken001,3,0,empty,empty,1,walk,7,2,3
2025-05-18,TOR202505180,TOR,"Clase, Jonatan",clasj001,3,0,1B,1B,1,strikeout,7,2,3
2025-05-18,TOR202505180,TOR,"Bichette, Bo",bichb001,4,1,1B,1B,1,strikeout,7,2,3
2025-05-18,TOR202505180,TOR,"Guerrero, Vladimir",guerv002,4,2,1B,1B,1,walk,7,2,3
2025-05-18,TOR202505180,TOR,"Varsho, Daulton",varsd001,4,2,1B+2B,1B+2B,1,strikeout,7,2,3
2025-05-18,TOR202505180,TOR,"Kirk, Alejandro",kirka001,4,0,empty,empty,1,single,8,2,3
2025-05-18,TOR202505180,TOR,"Santander, Anthony",santa003,4,0,1B,1B,1,strikeout,8,2,3
2025-05-18,TOR202505180,TOR,"Barger, Addison",barga001,4,1,1B,1B,1,field_out,8,2,3
2025-05-18,TOR202505180,TOR,"Clement, Ernie",cleme002,4,2,2B,2B,1,field_out,8,2,3
2025-05-18,TOR202505180,TOR,"Lukes, Nathan",luken001,4,0,empty,empty,1,field_out,9,2,3
2025-05-18,TOR202505180,TOR,"Springer, George",sprig001,1,1,empty,empty,1,strikeout,9,2,3
2025-05-18,TOR202505180,TOR,"Bichette, Bo",bichb001,5,2,empty,empty,1,field_error,9,2,3
2025-05-18,TOR202505180,TOR,"Guerrero, Vladimir",guerv002,5,2,1B,1B,1,field_out,9,2,3
2025-05-20,TOR202505200,TOR,"Bichette, Bo",bichb001,1,0,empty,empty,1,strikeout,1,0,0
2025-05-20,TOR202505200,TOR,"Guerrero, Vladimir",guerv002,1,1,empty,empty,1,home_run,1,0,0
2025-05-20,TOR202505200,TOR,"Varsho, Daulton",varsd001,1,1,empty,empty,1,strikeout,1,1,0
2025-05-20,TOR202505200,TOR,"Springer, George",sprig001,1,2,empty,empty,1,strikeout,1,1,0
2025-05-20,TOR202505200,TOR,"Kirk, Alejandro",kirka001,1,0,empty,empty,1,field_out,2,1,0
2025-05-20,TOR202505200,TOR,"Santander, Anthony",santa003,1,1,empty,empty,1,strikeout,2,1,0
2025-05-20,TOR202505200,TOR,"Barger, Addison",barga001,1,2,empty,empty,1,strikeout,2,1,0
2025-05-20,TOR202505200,TOR,"Clement, Ernie",cleme002,1,0,empty,empty,1,field_out,3,1,0
2025-05-20,TOR202505200,TOR,"Lukes, Nathan",luken001,1,1,empty,empty,1,field_out,3,1,0
2025-05-20,TOR202505200,TOR,"Bichette, Bo",bichb001,2,2,empty,empty,1,field_out,3,1,0
2025-05-20,TOR202505200,TOR,"Guerrero, Vladimir",guerv002,2,0,empty,empty,1,field_out,4,1,0
2025-05-20,TOR202505200,TOR,"Varsho, Daulton",varsd001,2,1,empty,empty,1,field_out,4,1,0
2025-05-20,TOR202505200,TOR,"Springer, George",sprig001,2,2,empty,empty,1,field_out,4,1,0
2025-05-20,TOR202505200,TOR,"Kirk, Alejandro",kirka001,2,0,empty,empty,1,walk,5,1,0
2025-05-20,TOR202505200,TOR,"Santander, Anthony",santa003,2,0,1B,1B,1,home_run,5,1,0
2025-05-20,TOR202505200,TOR,"Barger, Addison",barga001,2,0,empty,empty,1,single,5,3,0
2025-05-20,TOR202505200,TOR,"Clement, Ernie",cleme002,2,0,1B,2B,0,sac_bunt,5,3,0
2025-05-20,TOR202505200,TOR,"Lukes, Nathan",luken001,2,1,3B,3B,1,double_play,5,3,0
2025-05-20,TOR202505200,TOR,"Bichette, Bo",bichb001,3,0,empty,empty,1,field_out,6,3,0
2025-05-20,TOR202505200,TOR,"Guerrero, Vladimir",guerv002,3,1,empty,empty,1,field_out,6,3,0
2025-05-20,TOR202505200,TOR,"Varsho, Daulton",varsd001,3,2,empty,empty,1,field_out,6,3,0
2025-05-20,TOR202505200,TOR,"Springer, George",sprig001,3,0,empty,empty,1,field_out,7,3,0
2025-05-20,TOR202505200,TOR,"Kirk, Alejandro",kirka001,3,1,empty,empty,1,field_out,7,3,0
2025-05-20,TOR202505200,TOR,"Santander, Anthony",santa003,3,2,empty,empty,1,strikeout,7,3,0
2025-05-20,TOR202505200,TOR,"Barger, Addison",barga001,3,0,empty,empty,1,strikeout,8,3,0
2025-05-20,TOR202505200,TOR,"Clement, Ernie",cleme002,3,1,empty,empty,1,field_out,8,3,0
2025-05-20,TOR202505200,TOR,"Lukes, Nathan",luken001,3,2,empty,empty,1,walk,8,3,0
2025-05-20,TOR202505200,TOR,"Bichette, Bo",bichb001,4,2,1B,1B,1,field_out,8,3,0
2025-05-21,TOR202505210,TOR,"Bichette, Bo",bichb001,1,0,empty,empty,1,strikeout,1,0,0
2025-05-21,TOR202505210,TOR,"Guerrero, Vladimir",guerv002,1,1,empty,empty,1,field_out,1,0,0
2025-05-21,TOR202505210,TOR,"Varsho, Daulton",varsd001,1,2,empty,empty,1,field_out,1,0,0
2025-05-21,TOR202505210,TOR,"Springer, George",sprig001,1,0,empty,empty,1,field_out,2,0,0
2025-05-21,TOR202505210,TOR,"Kirk, Alejandro",kirka001,1,1,empty,empty,1,field_out,2,0,0
2025-05-21,TOR202505210,TOR,"Santander, Anthony",santa003,1,2,empty,empty,1,strikeout,2,0,0
2025-05-21,TOR202505210,TOR,"Barger, Addison",barga001,1,0,empty,empty,1,field_out,3,0,0
2025-05-21,TOR202505210,TOR,"Clement, Ernie",cleme002,1,1,empty,empty,1,field_out,3,0,0
2025-05-21,TOR202505210,TOR,"Lukes, Nathan",luken001,1,2,empty,empty,1,single,3,0,0
2025-05-21,TOR202505210,TOR,"Bichette, Bo",bichb001,2,2,1B,1B,1,field_out,3,0,0
2025-05-21,TOR202505210,TOR,"Guerrero, Vladimir",guerv002,2,0,empty,empty,1,strikeout,4,0,0
2025-05-21,TOR202505210,TOR,"Varsho, Daulton",varsd001,2,1,empty,empty,1,strikeout,4,0,0
2025-05-21,TOR202505210,TOR,"Springer, George",sprig001,2,2,empty,empty,1,hit_by_pitch,4,0,0
2025-05-21,TOR202505210,TOR,"Kirk, Alejandro",kirka001,2,2,1B,2B,0,field_out,4,0,0
2025-05-21,TOR202505210,TOR,"Santander, Anthony",santa003,2,0,empty,empty,1,single,5,0,0
2025-05-21,TOR202505210,TOR,"Barger, Addison",barga001,2,0,1B,1B,1,field_out,5,0,0
2025-05-21,TOR202505210,TOR,"Clement, Ernie",cleme002,2,1,1B,1B,1,field_out,5,0,0
2025-05-21,TOR202505210,TOR,"Lukes, Nathan",luken001,2,2,1B,1B,1,home_run,5,0,0
2025-05-21,TOR202505210,TOR,"Bichette, Bo",bichb001,3,2,empty,empty,1,single,5,2,0
2025-05-21,TOR202505210,TOR,"Guerrero, Vladimir",guerv002,3,2,1B,1B,1,field_out,5,2,0
2025-05-21,TOR202505210,TOR,"Varsho, Daulton",varsd001,3,0,empty,empty,1,field_out,6,2,0
2025-05-21,TOR202505210,TOR,"Springer, George",sprig001,3,1,empty,empty,1,strikeout,6,2,0
2025-05-21,TOR202505210,TOR,"Kirk, Alejandro",kirka001,3,2,empty,empty,1,walk,6,2,0
2025-05-21,TOR202505210,TOR,"Santander, Anthony",santa003,3,2,1B,1B,1,strikeout,6,2,0
2025-05-21,TOR202505210,TOR,"Barger, Addison",barga001,3,0,empty,empty,1,single,7,2,0
2025-05-21,TOR202505210,TOR,"Clement, Ernie",cleme002,3,0,1B,1B,1,fielders_choice,7,2,0
2025-05-21,TOR202505210,TOR,"Lukes, Nathan",luken001,3,0,1B+2B,1B+2B,1,sac_bunt,7,2,0
2025-05-21,TOR202505210,TOR,"Bichette, Bo",bichb001,4,0,1B+2B+3B,1B+2B+3B,1,field_out,7,2,0
2025-05-21,TOR202505210,TOR,"Guerrero, Vladimir",guerv002,4,1,1B+3B,1B+3B,1,single,7,3,0
2025-05-21,TOR202505210,TOR,"Varsho, Daulton",varsd001,4,1,1B+2B,1B+2B,1,strikeout,7,4,0
2025-05-21,TOR202505210,TOR,"Springer, George",sprig001,4,2,1B+2B,1B+2B,1,single,7,4,0
2025-05-21,TOR202505210,TOR,"Kirk, Alejandro",kirka001,4,2,1B+2B,1B+2B,1,walk,7,5,0
2025-05-21,TOR202505210,TOR,"Clase, Jonatan",clasj001,1,2,1B+2B+3B,1B+2B+3B,1,double,7,5,0
2025-05-21,TOR202505210,TOR,"Barger, Addison",barga001,4,2,2B+3B,2B+3B,1,field_out,7,7,0
2025-05-21,TOR202505210,TOR,"Clement, Ernie",cleme002,4,0,empty,empty,1,hit_by_pitch,8,7,0
2025-05-21,TOR202505210,TOR,"Lukes, Nathan",luken001,4,0,1B,1B,1,single,8,7,0
2025-05-21,TOR202505210,TOR,"Bichette, Bo",bichb001,5,0,1B+3B,1B+3B,1,single,8,7,0
2025-05-21,TOR202505210,TOR,"Guerrero, Vladimir",guerv002,5,0,1B+2B,1B+2B,1,fielders_choice,8,8,0
2025-05-21,TOR202505210,TOR,"Varsho, Daulton",varsd001,5,0,1B+2B+3B,1B+2B+3B,1,home_run,8,8,0
2025-05-21,TOR202505210,TOR,"Springer, George",sprig001,5,0,empty,empty,1,double,8,12,0
2025-05-21,TOR202505210,TOR,"Kirk, Alejandro",kirka001,5,0,2B,2B,1,field_out,8,12,0
2025-05-21,TOR202505210,TOR,"Clase, Jonatan",clasj001,2,1,2B,2B,1,walk,8,12,0
2025-05-21,TOR202505210,TOR,"Barger, Addison",barga001,5,1,1B+2B,1B+2B,1,double,8,12,0
2025-05-21,TOR202505210,TOR,"Clement, Ernie",cleme002,5,1,2B+3B,2B+3B,1,single,8,13,0
2025-05-21,TOR202505210,TOR,"Lukes, Nathan",luken001,5,1,1B+3B,1B+3B,1,field_out,8,14,0
2025-05-21,TOR202505210,TOR,"Bichette, Bo",bichb001,6,2,1B+3B,1B+3B,1,field_out,8,14,0
2025-05-22,TOR202505220,TOR,"Bichette, Bo",bichb001,1,0,empty,empty,1,field_out,1,0,0
2025-05-22,TOR202505220,TOR,"Guerrero, Vladimir",guerv002,1,1,empty,empty,1,strikeout,1,0,0
2025-05-22,TOR202505220,TOR,"Varsho, Daulton",varsd001,1,2,empty,empty,1,strikeout,1,0,0
2025-05-22,TOR202505220,TOR,"Barger, Addison",barga001,1,0,empty,empty,1,single,2,0,2
2025-05-22,TOR202505220,TOR,"Clement, Ernie",cleme002,1,0,1B,1B,1,field_out,2,0,2
2025-05-22,TOR202505220,TOR,"Lukes, Nathan",luken001,1,1,1B,1B,1,walk,2,0,2
2025-05-22,TOR202505220,TOR,"Clase, Jonatan",clasj001,1,1,1B+2B,1B+2B,1,single,2,0,2
2025-05-22,TOR202505220,TOR,"Straw, Myles",stram002,1,1,1B+2B+3B,1B+2B+3B,1,grounded_into_double_play,2,0,2
2025-05-22,TOR202505220,TOR,"Heineman, Tyler",heint001,1,0,empty,empty,1,single,3,0,2
2025-05-22,TOR202505220,TOR,"Bichette, Bo",bichb001,2,0,1B,1B,1,single,3,0,2
2025-05-22,TOR202505220,TOR,"Guerrero, Vladimir",guerv002,2,0,1B+2B,1B+2B,1,field_out,3,0,2
2025-05-22,TOR202505220,TOR,"Varsho, Daulton",varsd001,2,1,1B+2B,1B+2B,1,fielders_choice,3,0,2
2025-05-22,TOR202505220,TOR,"Barger, Addison",barga001,2,1,2B+3B,2B+3B,1,single,3,1,2
2025-05-22,TOR202505220,TOR,"Clement, Ernie",cleme002,2,1,1B+3B,1B+3B,1,field_out,3,2,2
2025-05-22,TOR202505220,TOR,"Lukes, Nathan",luken001,2,2,2B+3B,2B+3B,1,field_out,3,2,2
2025-05-22,TOR202505220,TOR,"Clase, Jonatan",clasj001,2,0,empty,empty,1,walk,4,2,2
2025-05-22,TOR202505220,TOR,"Straw, Myles",stram002,2,0,1B,1B,1,field_out,4,2,2
2025-05-22,TOR202505220,TOR,"Heineman, Tyler",heint001,2,1,1B,1B,1,single,4,2,2
2025-05-22,TOR202505220,TOR,"Bichette, Bo",bichb001,3,1,1B+2B,1B+2B,1,single,4,2,2
2025-05-22,TOR202505220,TOR,"Guerrero, Vladimir",guerv002,3,1,1B+2B,1B+2B,1,hit_by_pitch,4,3,2
2025-05-22,TOR202505220,TOR,"Varsho, Daulton",varsd001,3,1,1B+2B+3B,1B+2B+3B,1,sac_fly,4,3,2
2025-05-22,TOR202505220,TOR,"Barger, Addison",barga001,3,2,1B+2B,1B+2B,1,strikeout,4,4,2
2025-05-22,TOR202505220,TOR,"Clement, Ernie",cleme002,3,0,empty,empty,1,field_out,5,4,2
2025-05-22,TOR202505220,TOR,"Lukes, Nathan",luken001,3,1,empty,empty,1,walk,5,4,2
2025-05-22,TOR202505220,TOR,"Clase, Jonatan",clasj001,3,1,1B,1B,1,strikeout,5,4,2
2025-05-22,TOR202505220,TOR,"Straw, Myles",stram002,3,2,1B,1B,1,field_out,5,4,2
2025-05-22,TOR202505220,TOR,"Heineman, Tyler",heint001,3,0,empty,empty,1,strikeout,6,4,2
2025-05-22,TOR202505220,TOR,"Bichette, Bo",bichb001,4,1,empty,empty,1,strikeout,6,4,2
2025-05-22,TOR202505220,TOR,"Guerrero, Vladimir",guerv002,4,2,empty,empty,1,field_out,6,4,2
2025-05-22,TOR202505220,TOR,"Varsho, Daulton",varsd001,4,0,empty,empty,1,field_out,7,4,2
2025-05-22,TOR202505220,TOR,"Barger, Addison",barga001,4,1,empty,empty,1,double,7,4,2
2025-05-22,TOR202505220,TOR,"Clement, Ernie",cleme002,4,1,2B,2B,1,field_out,7,4,2
2025-05-22,TOR202505220,TOR,"Lukes, Nathan",luken001,4,2,2B,2B,1,field_out,7,4,2
2025-05-22,TOR202505220,TOR,"Clase, Jonatan",clasj001,4,0,empty,empty,1,walk,8,4,2
2025-05-22,TOR202505220,TOR,"Straw, Myles",stram002,4,0,1B,2B,0,field_out,8,4,2
2025-05-22,TOR202505220,TOR,"Heineman, Tyler",heint001,4,1,2B,2B,1,field_out,8,4,2
2025-05-22,TOR202505220,TOR,"Bichette, Bo",bichb001,5,2,3B,3B,1,field_out,8,4,2
2025-05-22,TOR202505220,TOR,"Guerrero, Vladimir",guerv002,5,0,empty,empty,1,field_out,9,4,4
2025-05-22,TOR202505220,TOR,"Varsho, Daulton",varsd001,5,1,empty,empty,1,field_out,9,4,4
2025-05-22,TOR202505220,TOR,"Barger, Addison",barga001,5,2,empty,empty,1,walk,9,4,4
2025-05-22,TOR202505220,TOR,"Clement, Ernie",cleme002,5,2,1B,1B,1,walk,9,4,4
2025-05-22,TOR202505220,TOR,"Lukes, Nathan",luken001,5,2,1B+2B,1B+2B,1,field_out,9,4,4
2025-05-22,TOR202505220,TOR,"Clase, Jonatan",clasj001,5,0,2B,2B,1,single,10,4,5
2025-05-22,TOR202505220,TOR,"Springer, George",sprig001,1,0,1B,1B,1,field_out,10,5,5
2025-05-22,TOR202505220,TOR,"Kirk, Alejandro",kirka001,1,1,1B,1B,1,single,10,5,5
2025-05-22,TOR202505220,TOR,"Bichette, Bo",bichb001,6,1,1B+2B,1B+2B,1,strikeout,10,5,5
2025-05-22,TOR202505220,TOR,"Guerrero, Vladimir",guerv002,6,2,1B+2B,1B+2B,1,field_out,10,5,5
2025-05-22,TOR202505220,TOR,"Varsho, Daulton",varsd001,6,0,2B,2B,1,triple,11,5,6
2025-05-22,TOR202505220,TOR,"Barger, Addison",barga001,6,0,3B,3B,1,intent_walk,11,6,6
2025-05-22,TOR202505220,TOR,"Clement, Ernie",cleme002,6,0,1B+3B,1B+3B,1,field_out,11,6,6
2025-05-22,TOR202505220,TOR,"Lukes, Nathan",luken001,6,1,1B+3B,1B+3B,1,single,11,6,6
2025-05-23,TBA202505230,TOR,"Bichette, Bo",bichb001,1,0,empty,empty,1,field_out,1,0,0
2025-05-23,TBA202505230,TOR,"Guerrero, Vladimir",guerv002,1,1,empty,empty,1,field_out,1,0,0
2025-05-23,TBA202505230,TOR,"Varsho, Daulton",varsd001,1,2,empty,empty,1,strikeout,1,0,0
2025-05-23,TBA202505230,TOR,"Springer, George",sprig001,1,0,empty,empty,1,field_out,2,0,0
2025-05-23,TBA202505230,TOR,"Kirk, Alejandro",kirka001,1,1,empty,empty,1,field_out,2,0,0
2025-05-23,TBA202505230,TOR,"Barger, Addison",barga001,1,2,empty,empty,1,field_out,2,0,0
2025-05-23,TBA202505230,TOR,"Clement, Ernie",cleme002,1,0,empty,empty,1,field_out,3,0,0
2025-05-23,TBA202505230,TOR,"Clase, Jonatan",clasj001,1,1,empty,empty,1,double,3,0,0
2025-05-23,TBA202505230,TOR,"Lukes, Nathan",luken001,1,1,2B,2B,1,single,3,0,0
2025-05-23,TBA202505230,TOR,"Bichette, Bo",bichb001,2,2,3B,3B,1,field_out,3,0,0
2025-05-23,TBA202505230,TOR,"Guerrero, Vladimir",guerv002,2,0,empty,empty,1,field_out,4,0,2
2025-05-23,TBA202505230,TOR,"Varsho, Daulton",varsd001,2,1,empty,empty,1,field_out,4,0,2
2025-05-23,TBA202505230,TOR,"Springer, George",sprig001,2,2,empty,empty,1,walk,4,0,2
2025-05-23,TBA202505230,TOR,"Kirk, Alejandro",kirka001,2,2,1B,1B,1,single,4,0,2
2025-05-23,TBA202505230,TOR,"Barger, Addison",barga001,2,2,1B+3B,1B+3B,1,strikeout,4,0,2
2025-05-23,TBA202505230,TOR,"Clement, Ernie",cleme002,2,0,empty,empty,1,single,5,0,3
2025-05-23,TBA202505230,TOR,"Clase, Jonatan",clasj001,2,0,1B,1B,1,walk,5,0,3
2025-05-23,TBA202505230,TOR,"Lukes, Nathan",luken001,2,0,1B+2B,1B+2B,1,strikeout,5,0,3
2025-05-23,TBA202505230,TOR,"Bichette, Bo",bichb001,3,1,1B+2B,1B+2B,1,grounded_into_double_play,5,0,3
2025-05-23,TBA202505230,TOR,"Guerrero, Vladimir",guerv002,3,0,empty,empty,1,field_out,6,0,3
2025-05-23,TBA202505230,TOR,"Varsho, Daulton",varsd001,3,1,empty,empty,1,field_out,6,0,3
2025-05-23,TBA202505230,TOR,"Springer, George",sprig001,3,2,empty,empty,1,field_out,6,0,3
2025-05-23,TBA202505230,TOR,"Kirk, Alejandro",kirka001,3,0,empty,empty,1,walk,7,0,3
2025-05-23,TBA202505230,TOR,"Barger, Addison",barga001,3,0,1B,1B,1,walk,7,0,3
2025-05-23,TBA202505230,TOR,"Clement, Ernie",cleme002,3,0,1B+2B,1B+2B,1,walk,7,0,3
2025-05-23,TBA202505230,TOR,"Clase, Jonatan",clasj001,3,0,1B+2B+3B,1B+2B+3B,1,grounded_into_double_play,7,0,3
2025-05-23,TBA202505230,TOR,"Lukes, Nathan",luken001,3,2,3B,3B,1,field_out,7,1,3
2025-05-23,TBA202505230,TOR,"Bichette, Bo",bichb001,4,0,empty,empty,1,field_out,8,1,3
2025-05-23,TBA202505230,TOR,"Guerrero, Vladimir",guerv002,4,1,empty,empty,1,walk,8,1,3
2025-05-23,TBA202505230,TOR,"Varsho, Daulton",varsd001,4,1,1B,1B,1,field_out,8,1,3
2025-05-23,TBA202505230,TOR,"Springer, George",sprig001,4,2,1B,1B,1,walk,8,1,3
2025-05-23,TBA202505230,TOR,"Kirk, Alejandro",kirka001,4,2,1B+2B,1B+2B,1,field_out,8,1,3
2025-05-23,TBA202505230,TOR,"Barger, Addison",barga001,4,0,empty,empty,1,strikeout,9,1,3
2025-05-23,TBA202505230,TOR,"Clement, Ernie",cleme002,4,1,empty,empty,1,field_out,9,1,3
2025-05-23,TBA202505230,TOR,"Santander, Anthony",santa003,1,2,empty,empty,1,walk,9,1,3
2025-05-23,TBA202505230,TOR,"Lukes, Nathan",luken001,4,2,1B,2B,0,strikeout,9,1,3
2025-05-24,TBA202505240,TOR,"Bichette, Bo",bichb001,1,0,empty,empty,1,field_out,1,0,0
2025-05-24,TBA202505240,TOR,"Guerrero, Vladimir",guerv002,1,1,empty,empty,1,field_out,1,0,0
2025-05-24,TBA202505240,TOR,"Varsho, Daulton",varsd001,1,2,empty,empty,1,field_out,1,0,0
2025-05-24,TBA202505240,TOR,"Springer, George",sprig001,1,0,empty,empty,1,field_out,2,0,3
2025-05-24,TBA202505240,TOR,"Kirk, Alejandro",kirka001,1,1,empty,empty,1,walk,2,0,3
2025-05-24,TBA202505240,TOR,"Santander, Anthony",santa003,1,1,1B,1B,1,walk,2,0,3
2025-05-24,TBA202505240,TOR,"Barger, Addison",barga001,1,1,1B+2B,1B+2B,1,strikeout,2,0,3
2025-05-24,TBA202505240,TOR,"Clement, Ernie",cleme002,1,2,1B+2B,1B+2B,1,single,2,0,3
2025-05-24,TBA202505240,TOR,"Lukes, Nathan",luken001,1,2,1B+2B+3B,1B+2B+3B,1,field_out,2,0,3
2025-05-24,TBA202505240,TOR,"Bichette, Bo",bichb001,2,0,empty,empty,1,field_out,3,0,3
2025-05-24,TBA202505240,TOR,"Guerrero, Vladimir",guerv002,2,1,empty,empty,1,field_out,3,0,3
2025-05-24,TBA202505240,TOR,"Varsho, Daulton",varsd001,2,2,empty,empty,1,field_out,3,0,3
2025-05-24,TBA202505240,TOR,"Springer, George",sprig001,2,0,empty,empty,1,field_out,4,0,3
2025-05-24,TBA202505240,TOR,"Kirk, Alejandro",kirka001,2,1,empty,empty,1,strikeout,4,0,3
2025-05-24,TBA202505240,TOR,"Santander, Anthony",santa003,2,2,empty,empty,1,single,4,0,3
2025-05-24,TBA202505240,TOR,"Barger, Addison",barga001,2,2,1B,1B,1,strikeout,4,0,3
2025-05-24,TBA202505240,TOR,"Clement, Ernie",cleme002,2,0,empty,empty,1,walk,5,0,3
2025-05-24,TBA202505240,TOR,"Lukes, Nathan",luken001,2,0,1B,1B,1,grounded_into_double_play,5,0,3
2025-05-24,TBA202505240,TOR,"Bichette, Bo",bichb001,3,2,empty,empty,1,field_out,5,0,3
2025-05-24,TBA202505240,TOR,"Guerrero, Vladimir",guerv002,3,0,empty,empty,1,home_run,6,0,3
2025-05-24,TBA202505240,TOR,"Varsho, Daulton",varsd001,3,0,empty,empty,1,strikeout,6,1,3
2025-05-24,TBA202505240,TOR,"Springer, George",sprig001,3,1,empty,empty,1,field_out,6,1,3
2025-05-24,TBA202505240,TOR,"Kirk, Alejandro",kirka001,3,2,empty,empty,1,single,6,1,3
2025-05-24,TBA202505240,TOR,"Santander, Anthony",santa003,3,2,1B,1B,1,single,6,1,3
2025-05-24,TBA202505240,TOR,"Barger, Addison",barga001,3,2,1B+2B,1B+2B,1,field_out,6,1,3
2025-05-24,TBA202505240,TOR,"Clement, Ernie",cleme002,3,0,empty,empty,1,field_out,7,1,3
2025-05-24,TBA202505240,TOR,"Straw, Myles",stram002,1,1,empty,empty,1,single,7,1,3
2025-05-24,TBA202505240,TOR,"Bichette, Bo",bichb001,4,1,1B,1B,1,grounded_into_double_play,7,1,3
2025-05-24,TBA202505240,TOR,"Guerrero, Vladimir",guerv002,4,0,empty,empty,1,field_out,8,1,3
2025-05-24,TBA202505240,TOR,"Varsho, Daulton",varsd001,4,1,empty,empty,1,field_out,8,1,3
2025-05-24,TBA202505240,TOR,"Springer, George",sprig001,4,2,empty,empty,1,field_out,8,1,3
2025-05-24,TBA202505240,TOR,"Kirk, Alejandro",kirka001,4,0,empty,empty,1,field_out,9,1,3
2025-05-24,TBA202505240,TOR,"Santander, Anthony",santa003,4,1,empty,empty,1,walk,9,1,3
2025-05-24,TBA202505240,TOR,"Barger, Addison",barga001,4,1,1B,1B,1,field_out,9,1,3
2025-05-24,TBA202505240,TOR,"Clement, Ernie",cleme002,4,2,1B,2B,0,walk,9,1,3
2025-05-24,TBA202505240,TOR,"Straw, Myles",stram002,2,2,1B+2B,1B+2B,1,field_out,9,1,3
2025-05-25,TBA202505250,TOR,"Bichette, Bo",bichb001,1,0,empty,empty,1,field_out,1,0,0
2025-05-25,TBA202505250,TOR,"Guerrero, Vladimir",guerv002,1,1,empty,empty,1,single,1,0,0
2025-05-25,TBA202505250,TOR,"Santander, Anthony",santa003,1,1,1B,1B,1,strikeout,1,0,0
2025-05-25,TBA202505250,TOR,"Springer, George",sprig001,1,2,1B,1B,1,field_out,1,0,0
2025-05-25,TBA202505250,TOR,"Barger, Addison",barga001,1,0,empty,empty,1,strikeout,2,0,2
2025-05-25,TBA202505250,TOR,"Clement, Ernie",cleme002,1,1,empty,empty,1,field_out,2,0,2
2025-05-25,TBA202505250,TOR,"Clase, Jonatan",clasj001,1,2,empty,empty,1,single,2,0,2
2025-05-25,TBA202505250,TOR,"Sanchez, Ali",sanca009,1,0,1B,empty,0,field_out,3,0,2
2025-05-25,TBA202505250,TOR,"Straw, Myles",stram002,1,1,empty,empty,1,field_out,3,0,2
2025-05-25,TBA202505250,TOR,"Bichette, Bo",bichb001,2,2,empty,empty,1,field_out,3,0,2
2025-05-25,TBA202505250,TOR,"Guerrero, Vladimir",guerv002,2,0,empty,empty,1,walk,4,0,2
2025-05-25,TBA202505250,TOR,"Santander, Anthony",santa003,2,0,1B,1B,1,field_out,4,0,2
2025-05-25,TBA202505250,TOR,"Springer, George",sprig001,2,1,1B,1B,1,field_out,4,0,2
2025-05-25,TBA202505250,TOR,"Barger, Addison",barga001,2,2,1B,1B,1,field_out,4,0,2
2025-05-25,TBA202505250,TOR,"Clement, Ernie",cleme002,2,0,empty,empty,1,strikeout,5,0,2
2025-05-25,TBA202505250,TOR,"Clase, Jonatan",clasj001,2,1,empty,empty,1,strikeout,5,0,2
2025-05-25,TBA202505250,TOR,"Sanchez, Ali",sanca009,2,2,empty,empty,1,single,5,0,2
2025-05-25,TBA202505250,TOR,"Straw, Myles",stram002,2,2,1B,1B,1,field_out,5,0,2
2025-05-25,TBA202505250,TOR,"Bichette, Bo",bichb001,3,0,empty,empty,1,field_out,6,0,9
2025-05-25,TBA202505250,TOR,"Guerrero, Vladimir",guerv002,3,1,empty,empty,1,field_out,6,0,9
2025-05-25,TBA202505250,TOR,"Santander, Anthony",santa003,3,2,empty,empty,1,strikeout,6,0,9
2025-05-25,TBA202505250,TOR,"Springer, George",sprig001,3,0,empty,empty,1,field_out,7,0,9
2025-05-25,TBA202505250,TOR,"Barger, Addison",barga001,3,1,empty,empty,1,field_out,7,0,9
2025-05-25,TBA202505250,TOR,"Clement, Ernie",cleme002,3,2,empty,empty,1,field_out,7,0,9
2025-05-25,TBA202505250,TOR,"Clase, Jonatan",clasj001,3,0,empty,empty,1,field_out,8,0,13
2025-05-25,TBA202505250,TOR,"Sanchez, Ali",sanca009,3,1,empty,empty,1,strikeout,8,0,13
2025-05-25,TBA202505250,TOR,"Straw, Myles",stram002,3,2,empty,empty,1,field_out,8,0,13
2025-05-25,TBA202505250,TOR,"Stefanic, Michael",stefm001,1,0,empty,empty,1,single,9,0,13
2025-05-25,TBA202505250,TOR,"Lukes, Nathan",luken001,1,0,1B,1B,1,grounded_into_double_play,9,0,13
2025-05-25,TBA202505250,TOR,"Santander, Anthony",santa003,4,2,empty,empty,1,strikeout,9,0,13
2025-05-26,TEX202505260,TOR,"Bichette, Bo",bichb001,1,0,empty,empty,1,field_out,1,0,0
2025-05-26,TEX202505260,TOR,"Guerrero, Vladimir",guerv002,1,1,empty,empty,1,field_out,1,0,0
2025-05-26,TEX202505260,TOR,"Varsho, Daulton",varsd001,1,2,empty,empty,1,home_run,1,0,0
2025-05-26,TEX202505260,TOR,"Kirk, Alejandro",kirka001,1,2,empty,empty,1,field_out,1,1,0
2025-05-26,TEX202505260,TOR,"Santander, Anthony",santa003,1,0,empty,empty,1,field_out,2,1,0
2025-05-26,TEX202505260,TOR,"Barger, Addison",barga001,1,1,empty,empty,1,field_out,2,1,0
2025-05-26,TEX202505260,TOR,"Clement, Ernie",cleme002,1,2,empty,empty,1,field_out,2,1,0
2025-05-26,TEX202505260,TOR,"Stefanic, Michael",stefm001,1,0,empty,empty,1,field_out,3,1,0
2025-05-26,TEX202505260,TOR,"Lukes, Nathan",luken001,1,1,empty,empty,1,field_out,3,1,0
2025-05-26,TEX202505260,TOR,"Bichette, Bo",bichb001,2,2,empty,empty,1,field_out,3,1,0
2025-05-26,TEX202505260,TOR,"Guerrero, Vladimir",guerv002,2,0,empty,empty,1,single,4,1,0
2025-05-26,TEX202505260,TOR,"Varsho, Daulton",varsd001,2,0,1B,1B,1,double,4,1,0
2025-05-26,TEX202505260,TOR,"Kirk, Alejandro",kirka001,2,0,2B+3B,2B+3B,1,sac_fly,4,1,0
2025-05-26,TEX202505260,TOR,"Santander, Anthony",santa003,2,1,3B,3B,1,fielders_choice_out,4,2,0
2025-05-26,TEX202505260,TOR,"Barger, Addison",barga001,2,2,1B,1B,1,single,4,2,0
2025-05-26,TEX202505260,TOR,"Clement, Ernie",cleme002,2,2,1B+2B,1B+2B,1,field_out,4,2,0
2025-05-26,TEX202505260,TOR,"Stefanic, Michael",stefm001,2,0,empty,empty,1,field_out,5,2,1
2025-05-26,TEX202505260,TOR,"Lukes, Nathan",luken001,2,1,empty,empty,1,walk,5,2,1
2025-05-26,TEX202505260,TOR,"Bichette, Bo",bichb001,3,1,1B,1B,1,walk,5,2,1
2025-05-26,TEX202505260,TOR,"Guerrero, Vladimir",guerv002,3,1,1B+2B,1B+2B,1,field_out,5,2,1
2025-05-26,TEX202505260,TOR,"Varsho, Daulton",varsd001,3,2,1B+2B,1B+2B,1,field_out,5,2,1
2025-05-26,TEX202505260,TOR,"Kirk, Alejandro",kirka001,3,0,empty,empty,1,single,6,2,1
2025-05-26,TEX202505260,TOR,"Santander, Anthony",santa003,3,0,1B,1B,1,field_out,6,2,1
2025-05-26,TEX202505260,TOR,"Barger, Addison",barga001,3,1,1B,1B,1,double,6,2,1
2025-05-26,TEX202505260,TOR,"Clement, Ernie",cleme002,3,1,2B+3B,2B+3B,1,field_out,6,2,1
2025-05-26,TEX202505260,TOR,"Stefanic, Michael",stefm001,3,2,2B+3B,2B+3B,1,field_out,6,2,1
2025-05-26,TEX202505260,TOR,"Straw, Myles",stram002,1,0,empty,empty,1,field_out,7,2,1
2025-05-26,TEX202505260,TOR,"Bichette, Bo",bichb001,4,1,empty,empty,1,field_out,7,2,1
2025-05-26,TEX202505260,TOR,"Guerrero, Vladimir",guerv002,4,2,empty,empty,1,field_out,7,2,1
2025-05-26,TEX202505260,TOR,"Varsho, Daulton",varsd001,4,0,empty,empty,1,single,8,2,1
2025-05-26,TEX202505260,TOR,"Kirk, Alejandro",kirka001,4,0,1B,1B,1,walk,8,2,1
2025-05-26,TEX202505260,TOR,"Santander, Anthony",santa003,4,0,1B+2B,1B+2B,1,field_out,8,2,1
2025-05-26,TEX202505260,TOR,"Barger, Addison",barga001,4,1,1B+2B,1B+2B,1,strikeout,8,2,1
2025-05-26,TEX202505260,TOR,"Clement, Ernie",cleme002,4,2,1B+2B,1B+2B,1,field_out,8,2,1
2025-05-26,TEX202505260,TOR,"Stefanic, Michael",stefm001,4,0,empty,empty,1,walk,9,2,1
2025-05-26,TEX202505260,TOR,"Straw, Myles",stram002,2,0,1B,1B,1,sac_bunt,9,2,1
2025-05-26,TEX202505260,TOR,"Bichette, Bo",bichb001,5,1,2B,2B,1,field_out,9,2,1
2025-05-26,TEX202505260,TOR,"Guerrero, Vladimir",guerv002,5,2,2B,2B,1,single,9,2,1
2025-05-26,TEX202505260,TOR,"Varsho, Daulton",varsd001,5,2,1B+3B,1B+3B,1,field_out,9,2,1
2025-05-27,TEX202505270,TOR,"Bichette, Bo",bichb001,1,0,empty,empty,1,double,1,0,0
2025-05-27,TEX202505270,TOR,"Guerrero, Vladimir",guerv002,1,0,2B,2B,1,field_out,1,0,0
2025-05-27,TEX202505270,TOR,"Varsho, Daulton",varsd001,1,1,3B,3B,1,strikeout,1,0,0
2025-05-27,TEX202505270,TOR,"Kirk, Alejandro",kirka001,1,2,3B,3B,1,field_out,1,0,0
2025-05-27,TEX202505270,TOR,"Springer, George",sprig001,1,0,empty,empty,1,double,2,0,0
2025-05-27,TEX202505270,TOR,"Santander, Anthony",santa003,1,0,2B,2B,1,walk,2,0,0
2025-05-27,TEX202505270,TOR,"Barger, Addison",barga001,1,0,1B+2B,1B+2B,1,field_out,2,0,0
2025-05-27,TEX202505270,TOR,"Clement, Ernie",cleme002,1,1,1B+2B,1B+2B,1,strikeout,2,0,0
2025-05-27,TEX202505270,TOR,"Stefanic, Michael",stefm001,1,2,1B+2B,1B+2B,1,field_out,2,0,0
2025-05-27,TEX202505270,TOR,"Bichette, Bo",bichb001,2,0,empty,empty,1,field_out,3,0,0
2025-05-27,TEX202505270,TOR,"Guerrero, Vladimir",guerv002,2,1,empty,empty,1,field_out,3,0,0
2025-05-27,TEX202505270,TOR,"Varsho, Daulton",varsd001,2,2,empty,empty,1,field_out,3,0,0
2025-05-27,TEX202505270,TOR,"Kirk, Alejandro",kirka001,2,0,empty,empty,1,field_out,4,0,0
2025-05-27,TEX202505270,TOR,"Springer, George",sprig001,2,1,empty,empty,1,walk,4,0,0
2025-05-27,TEX202505270,TOR,"Santander, Anthony",santa003,2,1,1B,1B,1,strikeout,4,0,0
2025-05-27,TEX202505270,TOR,"Barger, Addison",barga001,2,2,1B,1B,1,strikeout,4,0,0
2025-05-27,TEX202505270,TOR,"Clement, Ernie",cleme002,2,0,empty,empty,1,single,5,0,0
2025-05-27,TEX202505270,TOR,"Stefanic, Michael",stefm001,2,0,1B,1B,1,strikeout,5,0,0
2025-05-27,TEX202505270,TOR,"Bichette, Bo",bichb001,3,1,1B,1B,1,strikeout,5,0,0
2025-05-27,TEX202505270,TOR,"Guerrero, Vladimir",guerv002,3,2,1B,1B,1,walk,5,0,0
2025-05-27,TEX202505270,TOR,"Varsho, Daulton",varsd001,3,2,1B+2B,1B+2B,1,field_out,5,0,0
2025-05-27,TEX202505270,TOR,"Kirk, Alejandro",kirka001,3,0,empty,empty,1,single,6,0,0
2025-05-27,TEX202505270,TOR,"Springer, George",sprig001,3,0,1B,1B,1,field_out,6,0,0
2025-05-27,TEX202505270,TOR,"Santander, Anthony",santa003,3,1,1B,1B,1,field_out,6,0,0
2025-05-27,TEX202505270,TOR,"Barger, Addison",barga001,3,2,1B,1B,1,field_out,6,0,0
2025-05-27,TEX202505270,TOR,"Clement, Ernie",cleme002,3,0,empty,empty,1,field_out,7,0,0
2025-05-27,TEX202505270,TOR,"Stefanic, Michael",stefm001,3,1,empty,empty,1,walk,7,0,0
2025-05-27,TEX202505270,TOR,"Bichette, Bo",bichb001,4,1,1B,1B,1,walk,7,0,0
2025-05-27,TEX202505270,TOR,"Guerrero, Vladimir",guerv002,4,1,1B+2B,1B+2B,1,field_out,7,0,0
2025-05-27,TEX202505270,TOR,"Varsho, Daulton",varsd001,4,2,1B+2B,1B+2B,1,field_out,7,0,0
2025-05-27,TEX202505270,TOR,"Kirk, Alejandro",kirka001,4,0,empty,empty,1,field_out,8,0,0
2025-05-27,TEX202505270,TOR,"Springer, George",sprig001,4,1,empty,empty,1,hit_by_pitch,8,0,0
2025-05-27,TEX202505270,TOR,"Santander, Anthony",santa003,4,1,1B,1B,1,field_out,8,0,0
2025-05-27,TEX202505270,TOR,"Barger, Addison",barga001,4,2,1B,2B,0,intent_walk,8,0,0
2025-05-27,TEX202505270,TOR,"Clement, Ernie",cleme002,4,2,1B+2B,1B+2B,1,field_out,8,0,0
2025-05-27,TEX202505270,TOR,"Stefanic, Michael",stefm001,4,0,empty,empty,1,strikeout,9,0,2
2025-05-27,TEX202505270,TOR,"Bichette, Bo",bichb001,5,1,empty,empty,1,field_out,9,0,2
2025-05-27,TEX202505270,TOR,"Guerrero, Vladimir",guerv002,5,2,empty,empty,1,strikeout,9,0,2
2025-05-28,TEX202505280,TOR,"Varsho, Daulton",varsd001,1,0,empty,empty,1,walk,1,0,0
2025-05-28,TEX202505280,TOR,"Santander, Anthony",santa003,1,0,1B,1B,1,grounded_into_double_play,1,0,0
2025-05-28,TEX202505280,TOR,"Guerrero, Vladimir",guerv002,1,2,empty,empty,1,field_out,1,0,0
2025-05-28,TEX202505280,TOR,"Springer, George",sprig001,1,0,empty,empty,1,field_out,2,0,0
2025-05-28,TEX202505280,TOR,"Barger, Addison",barga001,1,1,empty,empty,1,single,2,0,0
2025-05-28,TEX202505280,TOR,"Clement, Ernie",cleme002,1,1,1B,1B,1,field_out,2,0,0
2025-05-28,TEX202505280,TOR,"Lukes, Nathan",luken001,1,2,1B,1B,1,field_out,2,0,0
2025-05-28,TEX202505280,TOR,"Sanchez, Ali",sanca009,1,0,empty,empty,1,strikeout,3,0,0
2025-05-28,TEX202505280,TOR,"Stefanic, Michael",stefm001,1,1,empty,empty,1,field_out,3,0,0
2025-05-28,TEX202505280,TOR,"Varsho, Daulton",varsd001,2,2,empty,empty,1,strikeout,3,0,0
2025-05-28,TEX202505280,TOR,"Santander, Anthony",santa003,2,0,empty,empty,1,field_out,4,0,0
2025-05-28,TEX202505280,TOR,"Guerrero, Vladimir",guerv002,2,1,empty,empty,1,walk,4,0,0
2025-05-28,TEX202505280,TOR,"Springer, George",sprig001,2,1,1B,1B,1,walk,4,0,0
2025-05-28,TEX202505280,TOR,"Barger, Addison",barga001,2,1,1B+2B,1B+2B,1,field_out,4,0,0
2025-05-28,TEX202505280,TOR,"Clement, Ernie",cleme002,2,2,1B+3B,1B+3B,1,field_out,4,0,0
2025-05-28,TEX202505280,TOR,"Lukes, Nathan",luken001,2,0,empty,empty,1,single,5,0,0
2025-05-28,TEX202505280,TOR,"Sanchez, Ali",sanca009,2,0,1B,1B,1,field_out,5,0,0
2025-05-28,TEX202505280,TOR,"Stefanic, Michael",stefm001,2,1,2B,2B,1,field_out,5,0,0
2025-05-28,TEX202505280,TOR,"Varsho, Daulton",varsd001,3,2,3B,3B,1,strikeout,5,0,0
2025-05-28,TEX202505280,TOR,"Santander, Anthony",santa003,3,0,empty,empty,1,field_out,6,0,0
2025-05-28,TEX202505280,TOR,"Guerrero, Vladimir",guerv002,3,1,empty,empty,1,single,6,0,0
2025-05-28,TEX202505280,TOR,"Springer, George",sprig001,3,1,1B,1B,1,strikeout,6,0,0
2025-05-28,TEX202505280,TOR,"Barger, Addison",barga001,3,2,1B,1B,1,double,6,0,0
2025-05-28,TEX202505280,TOR,"Clement, Ernie",cleme002,3,2,2B+3B,2B+3B,1,strikeout,6,0,0
2025-05-28,TEX202505280,TOR,"Lukes, Nathan",luken001,3,0,empty,empty,1,single,7,0,0
2025-05-28,TEX202505280,TOR,"Sanchez, Ali",sanca009,3,0,1B,1B,1,strikeout,7,0,0
2025-05-28,TEX202505280,TOR,"Stefanic, Michael",stefm001,3,1,2B,2B,1,field_out,7,0,0
2025-05-28,TEX202505280,TOR,"Varsho, Daulton",varsd001,4,2,2B,2B,1,strikeout,7,0,0
2025-05-28,TEX202505280,TOR,"Santander, Anthony",santa003,4,0,empty,empty,1,strikeout,8,0,0
2025-05-28,TEX202505280,TOR,"Guerrero, Vladimir",guerv002,4,1,empty,empty,1,single,8,0,0
2025-05-28,TEX202505280,TOR,"Springer, George",sprig001,4,1,1B,1B,1,strikeout,8,0,0
2025-05-28,TEX202505280,TOR,"Barger, Addison",barga001,4,2,1B,1B,1,field_out,8,0,0
2025-05-28,TEX202505280,TOR,"Clement, Ernie",cleme002,4,0,empty,empty,1,single,9,0,0
2025-05-28,TEX202505280,TOR,"Lukes, Nathan",luken001,4,0,1B,1B,1,sac_bunt,9,0,0
2025-05-28,TEX202505280,TOR,"Kirk, Alejandro",kirka001,1,1,2B,2B,1,field_out,9,0,0
2025-05-28,TEX202505280,TOR,"Bichette, Bo",bichb001,1,2,2B,2B,1,home_run,9,0,0
2025-05-28,TEX202505280,TOR,"Varsho, Daulton",varsd001,5,2,empty,empty,1,field_out,9,2,0
2025-05-29,TOR202505290,TOR,"Bichette, Bo",bichb001,1,0,empty,empty,1,field_out,1,0,0
2025-05-29,TOR202505290,TOR,"Guerrero, Vladimir",guerv002,1,1,empty,empty,1,field_out,1,0,0
2025-05-29,TOR202505290,TOR,"Springer, George",sprig001,1,2,empty,empty,1,field_out,1,0,0
2025-05-29,TOR202505290,TOR,"Kirk, Alejandro",kirka001,1,0,empty,empty,1,single,2,0,0
2025-05-29,TOR202505290,TOR,"Santander, Anthony",santa003,1,0,1B,1B,1,walk,2,0,0
2025-05-29,TOR202505290,TOR,"Clement, Ernie",cleme002,1,0,1B+2B,1B+2B,1,home_run,2,0,0
2025-05-29,TOR202505290,TOR,"Straw, Myles",stram002,1,0,empty,empty,1,field_out,2,3,0
2025-05-29,TOR202505290,TOR,"Clase, Jonatan",clasj001,1,1,empty,empty,1,single,2,3,0
2025-05-29,TOR202505290,TOR,"Stefanic, Michael",stefm001,1,1,1B,1B,1,field_out,2,3,0
2025-05-29,TOR202505290,TOR,"Bichette, Bo",bichb001,2,2,1B,2B,0,double,2,3,0
2025-05-29,TOR202505290,TOR,"Guerrero, Vladimir",guerv002,2,2,2B,2B,1,home_run,2,4,0
2025-05-29,TOR202505290,TOR,"Springer, George",sprig001,2,2,empty,empty,1,single,2,6,0
2025-05-29,TOR202505290,TOR,"Kirk, Alejandro",kirka001,2,2,1B,1B,1,single,2,6,0
2025-05-29,TOR202505290,TOR,"Santander, Anthony",santa003,2,2,1B+2B,1B+2B,1,walk,2,6,0
2025-05-29,TOR202505290,TOR,"Clement, Ernie",cleme002,2,2,1B+2B+3B,1B+2B+3B,1,double,2,6,0
2025-05-29,TOR202505290,TOR,"Straw, Myles",stram002,2,2,2B+3B,2B+3B,1,field_out,2,8,0
2025-05-29,TOR202505290,TOR,"Clase, Jonatan",clasj001,2,0,empty,empty,1,walk,3,8,0
2025-05-29,TOR202505290,TOR,"Stefanic, Michael",stefm001,2,0,1B,1B,1,field_out,3,8,0
2025-05-29,TOR202505290,TOR,"Bichette, Bo",bichb001,3,1,2B,2B,1,home_run,3,8,0
2025-05-29,TOR202505290,TOR,"Guerrero, Vladimir",guerv002,3,1,empty,empty,1,field_out,3,10,0
2025-05-29,TOR202505290,TOR,"Springer, George",sprig001,3,2,empty,empty,1,home_run,3,10,0
2025-05-29,TOR202505290,TOR,"Kirk, Alejandro",kirka001,3,2,empty,empty,1,walk,3,11,0
2025-05-29,TOR202505290,TOR,"Santander, Anthony",santa003,3,2,1B,1B,1,strikeout,3,11,0
2025-05-29,TOR202505290,TOR,"Clement, Ernie",cleme002,3,0,empty,empty,1,field_out,4,11,0
2025-05-29,TOR202505290,TOR,"Straw, Myles",stram002,3,1,empty,empty,1,field_out,4,11,0
2025-05-29,TOR202505290,TOR,"Clase, Jonatan",clasj001,3,2,empty,empty,1,single,4,11,0
2025-05-29,TOR202505290,TOR,"Stefanic, Michael",stefm001,3,2,1B,1B,1,walk,4,11,0
2025-05-29,TOR202505290,TOR,"Bichette, Bo",bichb001,4,2,1B+2B,1B+2B,1,field_out,4,11,0
2025-05-29,TOR202505290,TOR,"Guerrero, Vladimir",guerv002,4,0,empty,empty,1,field_out,5,11,0
2025-05-29,TOR202505290,TOR,"Springer, George",sprig001,4,1,empty,empty,1,field_out,5,11,0
2025-05-29,TOR202505290,TOR,"Kirk, Alejandro",kirka001,4,2,empty,empty,1,single,5,11,0
2025-05-29,TOR202505290,TOR,"Santander, Anthony",santa003,4,2,1B,1B,1,strikeout,5,11,0
2025-05-29,TOR202505290,TOR,"Clement, Ernie",cleme002,4,0,empty,empty,1,single,6,11,0
2025-05-29,TOR202505290,TOR,"Straw, Myles",stram002,4,0,1B,1B,1,field_out,6,11,0
2025-05-29,TOR202505290,TOR,"Clase, Jonatan",clasj001,4,1,1B,1B,1,field_out,6,11,0
2025-05-29,TOR202505290,TOR,"Stefanic, Michael",stefm001,4,2,1B,1B,1,field_out,6,11,0
2025-05-29,TOR202505290,TOR,"Barger, Addison",barga001,1,0,empty,empty,1,single,7,11,0
2025-05-29,TOR202505290,TOR,"Sanchez, Ali",sanca009,1,0,1B,1B,1,double,7,11,0
2025-05-29,TOR202505290,TOR,"Springer, George",sprig001,5,0,2B+3B,2B+3B,1,strikeout,7,11,0
2025-05-29,TOR202505290,TOR,"Kirk, Alejandro",kirka001,5,1,2B+3B,2B+3B,1,sac_fly,7,11,0
2025-05-29,TOR202505290,TOR,"Lukes, Nathan",luken001,1,2,3B,3B,1,field_out,7,12,0
2025-05-29,TOR202505290,TOR,"Clement, Ernie",cleme002,5,0,empty,empty,1,field_out,8,12,0
2025-05-29,TOR202505290,TOR,"Straw, Myles",stram002,5,1,empty,empty,1,single,8,12,0
2025-05-29,TOR202505290,TOR,"Clase, Jonatan",clasj001,5,1,1B,1B,1,field_out,8,12,0
2025-05-29,TOR202505290,TOR,"Stefanic, Michael",stefm001,5,2,1B,1B,1,single,8,12,0
2025-05-29,TOR202505290,TOR,"Barger, Addison",barga001,2,2,1B+2B,1B+2B,1,single,8,12,0
2025-05-29,TOR202505290,TOR,"Sanchez, Ali",sanca009,2,2,1B+2B+3B,1B+2B+3B,1,field_out,8,12,0
2025-05-30,TOR202505300,TOR,"Bichette, Bo",bichb001,1,0,empty,empty,1,field_out,1,0,0
2025-05-30,TOR202505300,TOR,"Guerrero, Vladimir",guerv002,1,1,empty,empty,1,single,1,0,0
2025-05-30,TOR202505300,TOR,"Springer, George",sprig001,1,1,1B,1B,1,strikeout,1,0,0
2025-05-30,TOR202505300,TOR,"Kirk, Alejandro",kirka001,1,2,1B,1B,1,walk,1,0,0
2025-05-30,TOR202505300,TOR,"Varsho, Daulton",varsd001,1,2,1B+2B,1B+2B,1,field_out,1,0,0
2025-05-30,TOR202505300,TOR,"Clement, Ernie",cleme002,1,0,empty,empty,1,double,2,0,1
2025-05-30,TOR202505300,TOR,"Barger, Addison",barga001,1,0,2B,2B,1,walk,2,0,1
2025-05-30,TOR202505300,TOR,"Straw, Myles",stram002,1,0,1B+2B,1B+2B,1,single,2,0,1
2025-05-30,TOR202505300,TOR,"Lukes, Nathan",luken001,1,0,2B+3B,2B+3B,1,field_out,2,1,1
2025-05-30,TOR202505300,TOR,"Bichette, Bo",bichb001,2,1,2B+3B,2B+3B,1,walk,2,1,1
2025-05-30,TOR202505300,TOR,"Guerrero, Vladimir",guerv002,2,1,1B+2B+3B,1B+2B+3B,1,walk,2,1,1
2025-05-30,TOR202505300,TOR,"Springer, George",sprig001,2,1,1B+2B+3B,1B+2B+3B,1,sac_fly,2,2,1
2025-05-30,TOR202505300,TOR,"Kirk, Alejandro",kirka001,2,2,1B+3B,1B+3B,1,walk,2,3,1
2025-05-30,TOR202505300,TOR,"Varsho, Daulton",varsd001,2,2,1B+2B+3B,1B+2B+3B,1,strikeout,2,3,1
2025-05-30,TOR202505300,TOR,"Clement, Ernie",cleme002,2,0,empty,empty,1,home_run,3,3,2
2025-05-30,TOR202505300,TOR,"Barger, Addison",barga001,2,0,empty,empty,1,walk,3,4,2
2025-05-30,TOR202505300,TOR,"Straw, Myles",stram002,2,0,1B,1B,1,double,3,4,2
2025-05-30,TOR202505300,TOR,"Lukes, Nathan",luken001,2,0,2B,2B,1,single,3,5,2
2025-05-30,TOR202505300,TOR,"Bichette, Bo",bichb001,3,0,1B,1B,1,field_out,3,6,2
2025-05-30,TOR202505300,TOR,"Guerrero, Vladimir",guerv002,3,1,1B,1B,1,field_out,3,6,2
2025-05-30,TOR202505300,TOR,"Springer, George",sprig001,3,2,1B,1B,1,field_out,3,6,2
2025-05-30,TOR202505300,TOR,"Kirk, Alejandro",kirka001,3,0,empty,empty,1,field_out,4,6,3
2025-05-30,TOR202505300,TOR,"Varsho, Daulton",varsd001,3,1,empty,empty,1,single,4,6,3
2025-05-30,TOR202505300,TOR,"Clement, Ernie",cleme002,3,1,1B,1B,1,single,4,6,3
2025-05-30,TOR202505300,TOR,"Barger, Addison",barga001,3,1,1B+3B,1B+3B,1,grounded_into_double_play,4,6,3
2025-05-30,TOR202505300,TOR,"Straw, Myles",stram002,3,0,empty,empty,1,walk,5,6,5
2025-05-30,TOR202505300,TOR,"Lukes, Nathan",luken001,3,0,1B,2B,0,field_out,5,6,5
2025-05-30,TOR202505300,TOR,"Bichette, Bo",bichb001,4,1,2B,2B,1,field_out,5,6,5
2025-05-30,TOR202505300,TOR,"Guerrero, Vladimir",guerv002,4,2,2B,2B,1,intent_walk,5,6,5
2025-05-30,TOR202505300,TOR,"Springer, George",sprig001,4,2,1B+2B,1B+2B,1,single,5,6,5
2025-05-30,TOR202505300,TOR,"Kirk, Alejandro",kirka001,4,2,1B+3B,1B+3B,1,single,5,7,5
2025-05-30,TOR202505300,TOR,"Varsho, Daulton",varsd001,4,2,1B,1B,1,field_out,5,9,5
2025-05-30,TOR202505300,TOR,"Clement, Ernie",cleme002,4,0,empty,empty,1,field_out,6,9,5
2025-05-30,TOR202505300,TOR,"Barger, Addison",barga001,4,1,empty,empty,1,home_run,6,9,5
2025-05-30,TOR202505300,TOR,"Straw, Myles",stram002,4,1,empty,empty,1,field_out,6,10,5
2025-05-30,TOR202505300,TOR,"Lukes, Nathan",luken001,4,2,empty,empty,1,double,6,10,5
2025-05-30,TOR202505300,TOR,"Bichette, Bo",bichb001,5,2,2B,2B,1,single,6,10,5
2025-05-30,TOR202505300,TOR,"Guerrero, Vladimir",guerv002,5,2,1B,1B,1,walk,6,11,5
2025-05-30,TOR202505300,TOR,"Springer, George",sprig001,5,2,1B+2B,1B+2B,1,field_out,6,11,5
2025-05-30,TOR202505300,TOR,"Kirk, Alejandro",kirka001,5,0,empty,empty,1,field_out,7,11,5
2025-05-30,TOR202505300,TOR,"Varsho, Daulton",varsd001,5,1,empty,empty,1,field_out,7,11,5
2025-05-30,TOR202505300,TOR,"Clement, Ernie",cleme002,5,2,empty,empty,1,single,7,11,5
2025-05-30,TOR202505300,TOR,"Barger, Addison",barga001,5,2,1B,1B,1,field_out,7,11,5
2025-05-30,TOR202505300,TOR,"Straw, Myles",stram002,5,0,empty,empty,1,walk,8,11,5
2025-05-30,TOR202505300,TOR,"Lukes, Nathan",luken001,5,0,1B,1B,1,strikeout,8,11,5
2025-05-30,TOR202505300,TOR,"Bichette, Bo",bichb001,6,1,1B,1B,1,single,8,11,5
2025-05-30,TOR202505300,TOR,"Guerrero, Vladimir",guerv002,6,1,1B+2B,1B+2B,1,strikeout,8,11,5
2025-05-30,TOR202505300,TOR,"Springer, George",sprig001,6,2,1B+2B,1B+2B,1,walk,8,11,5
2025-05-30,TOR202505300,TOR,"Kirk, Alejandro",kirka001,6,2,1B+2B+3B,1B+2B+3B,1,field_out,8,11,5
2025-05-31,TOR202505310,TOR,"Bichette, Bo",bichb001,1,0,empty,empty,1,strikeout,1,0,3
2025-05-31,TOR202505310,TOR,"Guerrero, Vladimir",guerv002,1,1,empty,empty,1,single,1,0,3
2025-05-31,TOR202505310,TOR,"Barger, Addison",barga001,1,1,1B,1B,1,home_run,1,0,3
2025-05-31,TOR202505310,TOR,"Springer, George",sprig001,1,1,empty,empty,1,walk,1,2,3
2025-05-31,TOR202505310,TOR,"Varsho, Daulton",varsd001,1,1,1B,1B,1,walk,1,2,3
2025-05-31,TOR202505310,TOR,"Clement, Ernie",cleme002,1,1,1B+2B,1B+2B,1,field_out,1,2,3
2025-05-31,TOR202505310,TOR,"Lukes, Nathan",luken001,1,2,2B+3B,2B+3B,1,single,1,2,3
2025-05-31,TOR202505310,TOR,"Clase, Jonatan",clasj001,1,2,1B,1B,1,field_out,1,4,3
2025-05-31,TOR202505310,TOR,"Sanchez, Ali",sanca009,1,0,empty,empty,1,field_out,2,4,5
2025-05-31,TOR202505310,TOR,"Bichette, Bo",bichb001,2,1,empty,empty,1,home_run,2,4,5
2025-05-31,TOR202505310,TOR,"Guerrero, Vladimir",guerv002,2,1,empty,empty,1,field_out,2,5,5
2025-05-31,TOR202505310,TOR,"Barger, Addison",barga001,2,2,empty,empty,1,field_out,2,5,5
2025-05-31,TOR202505310,TOR,"Springer, George",sprig001,2,0,empty,empty,1,home_run,3,5,5
2025-05-31,TOR202505310,TOR,"Varsho, Daulton",varsd001,2,0,empty,empty,1,double,3,6,5
2025-05-31,TOR202505310,TOR,"Clement, Ernie",cleme002,2,1,empty,empty,1,single,3,6,5
2025-05-31,TOR202505310,TOR,"Lukes, Nathan",luken001,2,1,1B,1B,1,grounded_into_double_play,3,6,5
2025-05-31,TOR202505310,TOR,"Clase, Jonatan",clasj001,2,0,empty,empty,1,field_out,4,6,5
2025-05-31,TOR202505310,TOR,"Sanchez, Ali",sanca009,2,1,empty,empty,1,field_out,4,6,5
2025-05-31,TOR202505310,TOR,"Bichette, Bo",bichb001,3,2,empty,empty,1,field_out,4,6,5
2025-05-31,TOR202505310,TOR,"Guerrero, Vladimir",guerv002,3,0,empty,empty,1,field_out,5,6,5
2025-05-31,TOR202505310,TOR,"Barger, Addison",barga001,3,1,empty,empty,1,field_out,5,6,5
2025-05-31,TOR202505310,TOR,"Springer, George",sprig001,3,2,empty,empty,1,home_run,5,6,5
2025-05-31,TOR202505310,TOR,"Straw, Myles",stram002,1,2,empty,empty,1,field_out,5,7,5
2025-05-31,TOR202505310,TOR,"Clement, Ernie",cleme002,3,0,empty,empty,1,double,6,7,5
2025-05-31,TOR202505310,TOR,"Lukes, Nathan",luken001,3,0,2B,2B,1,field_out,6,7,5
2025-05-31,TOR202505310,TOR,"Clase, Jonatan",clasj001,3,1,3B,empty,0,single,6,8,5
2025-05-31,TOR202505310,TOR,"Sanchez, Ali",sanca009,3,1,1B,1B,1,grounded_into_double_play,6,8,5
2025-05-31,TOR202505310,TOR,"Bichette, Bo",bichb001,4,0,empty,empty,1,field_out,7,8,5
2025-05-31,TOR202505310,TOR,"Guerrero, Vladimir",guerv002,4,1,empty,empty,1,field_out,7,8,5
2025-05-31,TOR202505310,TOR,"Barger, Addison",barga001,4,2,empty,empty,1,field_out,7,8,5
2025-05-31,TOR202505310,TOR,"Springer, George",sprig001,4,0,empty,empty,1,field_out,8,8,5
2025-05-31,TOR202505310,TOR,"Straw, Myles",stram002,2,1,empty,empty,1,field_out,8,8,5
2025-05-31,TOR202505310,TOR,"Clement, Ernie",cleme002,4,2,empty,empty,1,strikeout,8,8,5
2025-06-01,TOR202506010,TOR,"Bichette, Bo",bichb001,1,0,empty,empty,1,strikeout,1,0,1
2025-06-01,TOR202506010,TOR,"Guerrero, Vladimir",guerv002,1,1,empty,empty,1,double,1,0,1
2025-06-01,TOR202506010,TOR,"Springer, George",sprig001,1,1,2B,2B,1,field_out,1,0,1
2025-06-01,TOR202506010,TOR,"Kirk, Alejandro",kirka001,1,2,2B,2B,1,field_out,1,0,1
2025-06-01,TOR202506010,TOR,"Barger, Addison",barga001,1,0,empty,empty,1,field_out,2,0,1
2025-06-01,TOR202506010,TOR,"Clement, Ernie",cleme002,1,1,empty,empty,1,field_out,2,0,1
2025-06-01,TOR202506010,TOR,"Schneider, Davis",schnd001,1,2,empty,empty,1,single,2,0,1
2025-06-01,TOR202506010,TOR,"Straw, Myles",stram002,1,2,1B,1B,1,strikeout,2,0,1
2025-06-01,TOR202506010,TOR,"Clase, Jonatan",clasj001,1,0,empty,empty,1,field_out,3,0,1
2025-06-01,TOR202506010,TOR,"Bichette, Bo",bichb001,2,1,empty,empty,1,single,3,0,1
2025-06-01,TOR202506010,TOR,"Guerrero, Vladimir",guerv002,2,1,1B,1B,1,field_out,3,0,1
2025-06-01,TOR202506010,TOR,"Springer, George",sprig001,2,2,1B,1B,1,field_out,3,0,1
2025-06-01,TOR202506010,TOR,"Kirk, Alejandro",kirka001,2,0,empty,empty,1,field_out,4,0,1
2025-06-01,TOR202506010,TOR,"Barger, Addison",barga001,2,1,empty,empty,1,field_out,4,0,1
2025-06-01,TOR202506010,TOR,"Clement, Ernie",cleme002,2,2,empty,empty,1,single,4,0,1
2025-06-01,TOR202506010,TOR,"Schneider, Davis",schnd001,2,2,1B,1B,1,strikeout,4,0,1
2025-06-01,TOR202506010,TOR,"Straw, Myles",stram002,2,0,empty,empty,1,single,5,0,3
2025-06-01,TOR202506010,TOR,"Clase, Jonatan",clasj001,2,0,1B,1B,1,field_out,5,0,3
2025-06-01,TOR202506010,TOR,"Bichette, Bo",bichb001,3,1,1B,1B,1,field_out,5,0,3
2025-06-01,TOR202506010,TOR,"Guerrero, Vladimir",guerv002,3,2,1B,1B,1,hit_by_pitch,5,0,3
2025-06-01,TOR202506010,TOR,"Springer, George",sprig001,3,2,1B+2B,1B+2B,1,single,5,0,3
2025-06-01,TOR202506010,TOR,"Kirk, Alejandro",kirka001,3,2,1B+2B,1B+2B,1,double,5,1,3
2025-06-01,TOR202506010,TOR,"Barger, Addison",barga001,3,0,empty,empty,1,strikeout,6,2,3
2025-06-01,TOR202506010,TOR,"Clement, Ernie",cleme002,3,1,empty,empty,1,field_out,6,2,3
2025-06-01,TOR202506010,TOR,"Schneider, Davis",schnd001,3,2,empty,empty,1,field_out,6,2,3
2025-06-01,TOR202506010,TOR,"Lukes, Nathan",luken001,1,0,empty,empty,1,field_out,7,2,3
2025-06-01,TOR202506010,TOR,"Clase, Jonatan",clasj001,3,1,empty,empty,1,single,7,2,3
2025-06-01,TOR202506010,TOR,"Bichette, Bo",bichb001,4,1,1B,1B,1,field_out,7,2,3
2025-06-01,TOR202506010,TOR,"Guerrero, Vladimir",guerv002,4,2,1B,1B,1,strikeout,7,2,3
2025-06-01,TOR202506010,TOR,"Springer, George",sprig001,4,0,empty,empty,1,catcher_interf,8,2,4
2025-06-01,TOR202506010,TOR,"Kirk, Alejandro",kirka001,4,0,1B,1B,1,single,8,2,4
2025-06-01,TOR202506010,TOR,"Barger, Addison",barga001,4,0,1B+2B,1B+2B,1,home_run,8,2,4
2025-06-01,TOR202506010,TOR,"Clement, Ernie",cleme002,4,0,empty,empty,1,double,8,5,4
2025-06-01,TOR202506010,TOR,"Schneider, Davis",schnd001,4,0,2B,2B,1,walk,8,5,4
2025-06-01,TOR202506010,TOR,"Lukes, Nathan",luken001,2,0,1B+2B,1B+3B,0,single,8,5,4
2025-06-01,TOR202506010,TOR,"Clase, Jonatan",clasj001,4,0,1B+2B,1B+2B,1,strikeout,8,6,4
2025-06-01,TOR202506010,TOR,"Bichette, Bo",bichb001,5,1,1B+2B,1B+2B,1,field_out,8,6,4
2025-06-01,TOR202506010,TOR,"Guerrero, Vladimir",guerv002,5,2,1B+3B,1B+3B,1,double,8,6,4
2025-06-01,TOR202506010,TOR,"Springer, George",sprig001,5,2,2B,2B,1,field_out,8,8,4
2025-06-03,TOR202506030,TOR,"Bichette, Bo",bichb001,1,0,empty,empty,1,field_out,1,0,6
2025-06-03,TOR202506030,TOR,"Guerrero, Vladimir",guerv002,1,1,empty,empty,1,strikeout,1,0,6
2025-06-03,TOR202506030,TOR,"Springer, George",sprig001,1,2,empty,empty,1,walk,1,0,6
2025-06-03,TOR202506030,TOR,"Kirk, Alejandro",kirka001,1,2,1B,1B,1,field_out,1,0,6
2025-06-03,TOR202506030,TOR,"Barger, Addison",barga001,1,0,empty,empty,1,strikeout,2,0,7
2025-06-03,TOR202506030,TOR,"Clement, Ernie",cleme002,1,1,empty,empty,1,field_out,2,0,7
2025-06-03,TOR202506030,TOR,"Schneider, Davis",schnd001,1,2,empty,empty,1,single,2,0,7
2025-06-03,TOR202506030,TOR,"Straw, Myles",stram002,1,2,1B,1B,1,field_out,2,0,7
2025-06-03,TOR202506030,TOR,"Gimenez, Andres",gimea001,1,0,empty,empty,1,field_out,3,0,7
2025-06-03,TOR202506030,TOR,"Bichette, Bo",bichb001,2,1,empty,empty,1,field_out,3,0,7
2025-06-03,TOR202506030,TOR,"Guerrero, Vladimir",guerv002,2,2,empty,empty,1,walk,3,0,7
2025-06-03,TOR202506030,TOR,"Springer, George",sprig001,2,2,1B,1B,1,field_out,3,0,7
2025-06-03,TOR202506030,TOR,"Kirk, Alejandro",kirka001,2,0,empty,empty,1,strikeout,4,0,7
2025-06-03,TOR202506030,TOR,"Barger, Addison",barga001,2,1,empty,empty,1,field_out,4,0,7
2025-06-03,TOR202506030,TOR,"Clement, Ernie",cleme002,2,2,empty,empty,1,field_out,4,0,7
2025-06-03,TOR202506030,TOR,"Schneider, Davis",schnd001,2,0,empty,empty,1,home_run,5,0,7
2025-06-03,TOR202506030,TOR,"Straw, Myles",stram002,2,0,empty,empty,1,field_out,5,1,7
2025-06-03,TOR202506030,TOR,"Gimenez, Andres",gimea001,2,1,empty,empty,1,walk,5,1,7
2025-06-03,TOR202506030,TOR,"Bichette, Bo",bichb001,3,1,1B,1B,1,single,5,1,7
2025-06-03,TOR202506030,TOR,"Guerrero, Vladimir",guerv002,3,1,1B+2B,1B+2B,1,field_out,5,1,7
2025-06-03,TOR202506030,TOR,"Springer, George",sprig001,3,2,2B+3B,2B+3B,1,walk,5,1,7
2025-06-03,TOR202506030,TOR,"Kirk, Alejandro",kirka001,3,2,1B+2B+3B,1B+2B+3B,1,field_out,5,1,7
2025-06-03,TOR202506030,TOR,"Barger, Addison",barga001,3,0,empty,empty,1,single,6,1,7
2025-06-03,TOR202506030,TOR,"Clement, Ernie",cleme002,3,0,1B,1B,1,field_out,6,1,7
2025-06-03,TOR202506030,TOR,"Schneider, Davis",schnd001,3,1,1B,1B,1,strikeout,6,1,7
2025-06-03,TOR202506030,TOR,"Straw, Myles",stram002,3,2,1B,1B,1,field_out,6,1,7
2025-06-03,TOR202506030,TOR,"Gimenez, Andres",gimea001,3,0,empty,empty,1,field_out,7,1,7
2025-06-03,TOR202506030,TOR,"Bichette, Bo",bichb001,4,1,empty,empty,1,strikeout,7,1,7
2025-06-03,TOR202506030,TOR,"Guerrero, Vladimir",guerv002,4,2,empty,empty,1,field_out,7,1,7
2025-06-03,TOR202506030,TOR,"Springer, George",sprig001,4,0,empty,empty,1,strikeout,8,1,8
2025-06-03,TOR202506030,TOR,"Kirk, Alejandro",kirka001,4,1,empty,empty,1,walk,8,1,8
2025-06-03,TOR202506030,TOR,"Barger, Addison",barga001,4,1,1B,1B,1,home_run,8,1,8
2025-06-03,TOR202506030,TOR,"Clement, Ernie",cleme002,4,1,empty,empty,1,walk,8,3,8
2025-06-03,TOR202506030,TOR,"Lukes, Nathan",luken001,1,1,1B,1B,1,grounded_into_double_play,8,3,8
2025-06-03,TOR202506030,TOR,"Roden, Alan",rodea001,1,0,empty,empty,1,strikeout,9,3,8
2025-06-03,TOR202506030,TOR,"Gimenez, Andres",gimea001,4,1,empty,empty,1,field_out,9,3,8
2025-06-03,TOR202506030,TOR,"Bichette, Bo",bichb001,5,2,empty,empty,1,field_out,9,3,8
2025-06-04,TOR202506040,TOR,"Bichette, Bo",bichb001,1,0,empty,empty,1,field_out,1,0,0
2025-06-04,TOR202506040,TOR,"Guerrero, Vladimir",guerv002,1,1,empty,empty,1,field_out,1,0,0
2025-06-04,TOR202506040,TOR,"Barger, Addison",barga001,1,2,empty,empty,1,strikeout,1,0,0
2025-06-04,TOR202506040,TOR,"Kirk, Alejandro",kirka001,1,0,empty,empty,1,field_out,2,0,1
2025-06-04,TOR202506040,TOR,"Springer, George",sprig001,1,1,empty,empty,1,field_out,2,0,1
2025-06-04,TOR202506040,TOR,"Lukes, Nathan",luken001,1,2,empty,empty,1,field_out,2,0,1
2025-06-04,TOR202506040,TOR,"Roden, Alan",rodea001,1,0,empty,empty,1,field_out,3,0,1
2025-06-04,TOR202506040,TOR,"Clase, Jonatan",clasj001,1,1,empty,empty,1,strikeout,3,0,1
2025-06-04,TOR202506040,TOR,"Gimenez, Andres",gimea001,1,2,empty,empty,1,single,3,0,1
2025-06-04,TOR202506040,TOR,"Bichette, Bo",bichb001,2,2,1B,1B,1,field_out,3,0,1
2025-06-04,TOR202506040,TOR,"Guerrero, Vladimir",guerv002,2,0,empty,empty,1,field_out,4,0,1
2025-06-04,TOR202506040,TOR,"Barger, Addison",barga001,2,1,empty,empty,1,field_out,4,0,1
2025-06-04,TOR202506040,TOR,"Kirk, Alejandro",kirka001,2,2,empty,empty,1,field_out,4,0,1
2025-06-04,TOR202506040,TOR,"Springer, George",sprig001,2,0,empty,empty,1,field_out,5,0,1
2025-06-04,TOR202506040,TOR,"Lukes, Nathan",luken001,2,1,empty,empty,1,field_out,5,0,1
2025-06-04,TOR202506040,TOR,"Roden, Alan",rodea001,2,2,empty,empty,1,field_out,5,0,1
2025-06-04,TOR202506040,TOR,"Clase, Jonatan",clasj001,2,0,empty,empty,1,field_out,6,0,1
2025-06-04,TOR202506040,TOR,"Gimenez, Andres",gimea001,2,1,empty,empty,1,single,6,0,1
2025-06-04,TOR202506040,TOR,"Bichette, Bo",bichb001,3,1,1B,2B,0,triple,6,0,1
2025-06-04,TOR202506040,TOR,"Guerrero, Vladimir",guerv002,3,1,3B,3B,1,field_out,6,1,1
2025-06-04,TOR202506040,TOR,"Barger, Addison",barga001,3,2,3B,3B,1,strikeout,6,1,1
2025-06-04,TOR202506040,TOR,"Kirk, Alejandro",kirka001,3,0,empty,empty,1,field_out,7,1,1
2025-06-04,TOR202506040,TOR,"Springer, George",sprig001,3,1,empty,empty,1,field_out,7,1,1
2025-06-04,TOR202506040,TOR,"Clement, Ernie",cleme002,1,2,empty,empty,1,field_out,7,1,1
2025-06-04,TOR202506040,TOR,"Straw, Myles",stram002,1,0,empty,empty,1,field_out,8,1,1
2025-06-04,TOR202506040,TOR,"Clase, Jonatan",clasj001,3,1,empty,empty,1,field_out,8,1,1
2025-06-04,TOR202506040,TOR,"Gimenez, Andres",gimea001,3,2,empty,empty,1,field_out,8,1,1
2025-06-04,TOR202506040,TOR,"Bichette, Bo",bichb001,4,0,empty,empty,1,field_out,9,1,1
2025-06-04,TOR202506040,TOR,"Guerrero, Vladimir",guerv002,4,1,empty,empty,1,single,9,1,1
2025-06-04,TOR202506040,TOR,"Barger, Addison",barga001,4,1,1B,2B,0,strikeout,9,1,1
2025-06-04,TOR202506040,TOR,"Kirk, Alejandro",kirka001,4,2,2B,2B,1,double,9,1,1
2025-06-05,TOR202506050,TOR,"Bichette, Bo",bichb001,1,0,empty,empty,1,single,1,0,0
2025-06-05,TOR202506050,TOR,"Guerrero, Vladimir",guerv002,1,0,1B,1B,1,field_out,1,0,0
2025-06-05,TOR202506050,TOR,"Springer, George",sprig001,1,1,1B,1B,1,field_out,1,0,0
2025-06-05,TOR202506050,TOR,"Kirk, Alejandro",kirka001,1,2,1B,1B,1,strikeout,1,0,0
2025-06-05,TOR202506050,TOR,"Clement, Ernie",cleme002,1,0,empty,empty,1,field_out,2,0,0
2025-06-05,TOR202506050,TOR,"Schneider, Davis",schnd001,1,1,empty,empty,1,single,2,0,0
2025-06-05,TOR202506050,TOR,"Straw, Myles",stram002,1,1,1B,1B,1,double,2,0,0
2025-06-05,TOR202506050,TOR,"Clase, Jonatan",clasj001,1,1,2B,2B,1,field_out,2,1,0
2025-06-05,TOR202506050,TOR,"Heineman, Tyler",heint001,1,2,2B,2B,1,double,2,1,0
2025-06-05,TOR202506050,TOR,"Bichette, Bo",bichb001,2,2,2B,2B,1,home_run,2,2,0
2025-06-05,TOR202506050,TOR,"Guerrero, Vladimir",guerv002,2,2,empty,empty,1,field_out,2,4,0
2025-06-05,TOR202506050,TOR,"Springer, George",sprig001,2,0,empty,empty,1,strikeout,3,4,0
2025-06-05,TOR202506050,TOR,"Kirk, Alejandro",kirka001,2,1,empty,empty,1,single,3,4,0
2025-06-05,TOR202506050,TOR,"Clement, Ernie",cleme002,2,1,1B,1B,1,double,3,4,0
2025-06-05,TOR202506050,TOR,"Schneider, Davis",schnd001,2,1,2B+3B,2B+3B,1,walk,3,4,0
2025-06-05,TOR202506050,TOR,"Straw, Myles",stram002,2,1,1B+2B+3B,1B+2B+3B,1,single,3,4,0
2025-06-05,TOR202506050,TOR,"Clase, Jonatan",clasj001,2,1,1B+3B,2B+3B,0,walk,3,6,0
2025-06-05,TOR202506050,TOR,"Heineman, Tyler",heint001,2,1,1B+2B+3B,1B+2B+3B,1,single,3,6,0
2025-06-05,TOR202506050,TOR,"Bichette, Bo",bichb001,3,1,1B+2B,1B+2B,1,grounded_into_double_play,3,8,0
2025-06-05,TOR202506050,TOR,"Guerrero, Vladimir",guerv002,3,0,empty,empty,1,field_out,4,8,0
2025-06-05,TOR202506050,TOR,"Springer, George",sprig001,3,1,empty,empty,1,field_out,4,8,0
2025-06-05,TOR202506050,TOR,"Kirk, Alejandro",kirka001,3,2,empty,empty,1,single,4,8,0
2025-06-05,TOR202506050,TOR,"Clement, Ernie",cleme002,3,2,1B,1B,1,single,4,8,0
2025-06-05,TOR202506050,TOR,"Schneider, Davis",schnd001,3,2,1B+2B,1B+2B,1,strikeout,4,8,0
2025-06-05,TOR202506050,TOR,"Straw, Myles",stram002,3,0,empty,empty,1,strikeout,5,8,0
2025-06-05,TOR202506050,TOR,"Clase, Jonatan",clasj001,3,1,empty,empty,1,field_out,5,8,0
2025-06-05,TOR202506050,TOR,"Heineman, Tyler",heint001,3,2,empty,empty,1,field_out,5,8,0
2025-06-05,TOR202506050,TOR,"Bichette, Bo",bichb001,4,0,empty,empty,1,field_out,6,8,1
2025-06-05,TOR202506050,TOR,"Guerrero, Vladimir",guerv002,4,1,empty,empty,1,field_out,6,8,1
2025-06-05,TOR202506050,TOR,"Springer, George",sprig001,4,2,empty,empty,1,double,6,8,1
2025-06-05,TOR202506050,TOR,"Kirk, Alejandro",kirka001,4,2,2B,2B,1,single,6,8,1
2025-06-05,TOR202506050,TOR,"Clement, Ernie",cleme002,4,2,1B,1B,1,field_out,6,9,1
2025-06-05,TOR202506050,TOR,"Schneider, Davis",schnd001,4,0,empty,empty,1,field_out,7,9,1
2025-06-05,TOR202506050,TOR,"Straw, Myles",stram002,4,1,empty,empty,1,field_out,7,9,1
2025-06-05,TOR202506050,TOR,"Clase, Jonatan",clasj001,4,2,empty,empty,1,field_out,7,9,1
2025-06-05,TOR202506050,TOR,"Heineman, Tyler",heint001,4,0,empty,empty,1,field_out,8,9,1
2025-06-05,TOR202506050,TOR,"Barger, Addison",barga001,1,1,empty,empty,1,single,8,9,1
2025-06-05,TOR202506050,TOR,"Guerrero, Vladimir",guerv002,5,1,1B,1B,1,field_out,8,9,1
2025-06-05,TOR202506050,TOR,"Roden, Alan",rodea001,1,2,1B,1B,1,field_out,8,9,1
2025-06-06,MIN202506060,TOR,"Bichette, Bo",bichb001,1,0,empty,empty,1,strikeout,1,0,0
2025-06-06,MIN202506060,TOR,"Guerrero, Vladimir",guerv002,1,1,empty,empty,1,field_out,1,0,0
2025-06-06,MIN202506060,TOR,"Barger, Addison",barga001,1,2,empty,empty,1,field_out,1,0,0
2025-06-06,MIN202506060,TOR,"Kirk, Alejandro",kirka001,1,0,empty,empty,1,field_out,2,0,1
2025-06-06,MIN202506060,TOR,"Springer, George",sprig001,1,1,empty,empty,1,field_out,2,0,1
2025-06-06,MIN202506060,TOR,"Lukes, Nathan",luken001,1,2,empty,empty,1,field_out,2,0,1
2025-06-06,MIN202506060,TOR,"Clement, Ernie",cleme002,1,0,empty,empty,1,field_out,3,0,3
2025-06-06,MIN202506060,TOR,"Clase, Jonatan",clasj001,1,1,empty,empty,1,strikeout,3,0,3
2025-06-06,MIN202506060,TOR,"Gimenez, Andres",gimea001,1,2,empty,empty,1,walk,3,0,3
2025-06-06,MIN202506060,TOR,"Bichette, Bo",bichb001,2,2,1B,1B,1,strikeout,3,0,3
2025-06-06,MIN202506060,TOR,"Guerrero, Vladimir",guerv002,2,0,empty,empty,1,hit_by_pitch,4,0,3
2025-06-06,MIN202506060,TOR,"Barger, Addison",barga001,2,0,1B,1B,1,home_run,4,0,3
2025-06-06,MIN202506060,TOR,"Kirk, Alejandro",kirka001,2,0,empty,empty,1,field_out,4,2,3
2025-06-06,MIN202506060,TOR,"Springer, George",sprig001,2,1,empty,empty,1,strikeout,4,2,3
2025-06-06,MIN202506060,TOR,"Lukes, Nathan",luken001,2,2,empty,empty,1,field_out,4,2,3
2025-06-06,MIN202506060,TOR,"Clement, Ernie",cleme002,2,0,empty,empty,1,single,5,2,3
2025-06-06,MIN202506060,TOR,"Clase, Jonatan",clasj001,2,0,1B,1B,1,field_out,5,2,3
2025-06-06,MIN202506060,TOR,"Gimenez, Andres",gimea001,2,1,1B,1B,1,double,5,2,3
2025-06-06,MIN202506060,TOR,"Bichette, Bo",bichb001,3,1,2B+3B,2B+3B,1,single,5,2,3
2025-06-06,MIN202506060,TOR,"Guerrero, Vladimir",guerv002,3,1,1B,1B,1,field_out,5,4,3
2025-06-06,MIN202506060,TOR,"Barger, Addison",barga001,3,2,1B,1B,1,field_out,5,4,3
2025-06-06,MIN202506060,TOR,"Kirk, Alejandro",kirka001,3,0,empty,empty,1,field_out,6,4,3
2025-06-06,MIN202506060,TOR,"Springer, George",sprig001,3,1,empty,empty,1,home_run,6,4,3
2025-06-06,MIN202506060,TOR,"Lukes, Nathan",luken001,3,1,empty,empty,1,field_out,6,5,3
2025-06-06,MIN202506060,TOR,"Clement, Ernie",cleme002,3,2,empty,empty,1,field_out,6,5,3
2025-06-06,MIN202506060,TOR,"Clase, Jonatan",clasj001,3,0,empty,empty,1,field_out,7,5,3
2025-06-06,MIN202506060,TOR,"Gimenez, Andres",gimea001,3,1,empty,empty,1,field_out,7,5,3
2025-06-06,MIN202506060,TOR,"Bichette, Bo",bichb001,4,2,empty,empty,1,field_error,7,5,3
2025-06-06,MIN202506060,TOR,"Guerrero, Vladimir",guerv002,4,0,1B,empty,0,double,8,5,3
2025-06-06,MIN202506060,TOR,"Barger, Addison",barga001,4,0,2B,2B,1,field_out,8,5,3
2025-06-06,MIN202506060,TOR,"Kirk, Alejandro",kirka001,4,1,3B,3B,1,single,8,5,3
2025-06-06,MIN202506060,TOR,"Springer, George",sprig001,4,1,1B,1B,1,field_out,8,6,3
2025-06-06,MIN202506060,TOR,"Lukes, Nathan",luken001,4,2,1B,1B,1,field_out,8,6,3
2025-06-06,MIN202506060,TOR,"Clement, Ernie",cleme002,4,0,empty,empty,1,field_out,9,6,4
2025-06-06,MIN202506060,TOR,"Clase, Jonatan",clasj001,4,1,empty,empty,1,field_out,9,6,4
2025-06-06,MIN202506060,TOR,"Gimenez, Andres",gimea001,4,2,empty,empty,1,field_out,9,6,4
2025-06-07,MIN202506070,TOR,"Bichette, Bo",bichb001,1,0,empty,empty,1,field_out,1,0,0
2025-06-07,MIN202506070,TOR,"Guerrero, Vladimir",guerv002,1,1,empty,empty,1,single,1,0,0
2025-06-07,MIN202506070,TOR,"Barger, Addison",barga001,1,1,1B,1B,1,field_out,1,0,0
2025-06-07,MIN202506070,TOR,"Springer, George",sprig001,1,2,1B,1B,1,walk,1,0,0
2025-06-07,MIN202506070,TOR,"Lukes, Nathan",luken001,1,2,1B+2B,1B+2B,1,single,1,0,0
2025-06-07,MIN202506070,TOR,"Clement, Ernie",cleme002,1,2,1B+3B,1B+3B,1,field_out,1,1,0
2025-06-07,MIN202506070,TOR,"Gimenez, Andres",gimea001,1,0,empty,empty,1,field_out,2,1,0
2025-06-07,MIN202506070,TOR,"Clase, Jonatan",clasj001,1,1,empty,empty,1,field_out,2,1,0
2025-06-07,MIN202506070,TOR,"Heineman, Tyler",heint001,1,2,empty,empty,1,home_run,2,1,0
2025-06-07,MIN202506070,TOR,"Bichette, Bo",bichb001,2,2,empty,empty,1,field_out,2,2,0
2025-06-07,MIN202506070,TOR,"Guerrero, Vladimir",guerv002,2,0,empty,empty,1,field_out,3,2,0
2025-06-07,MIN202506070,TOR,"Barger, Addison",barga001,2,1,empty,empty,1,strikeout,3,2,0
2025-06-07,MIN202506070,TOR,"Springer, George",sprig001,2,2,empty,empty,1,field_out,3,2,0
2025-06-07,MIN202506070,TOR,"Lukes, Nathan",luken001,2,0,empty,empty,1,single,4,2,0
2025-06-07,MIN202506070,TOR,"Clement, Ernie",cleme002,2,0,1B,1B,1,field_out,4,2,0
2025-06-07,MIN202506070,TOR,"Gimenez, Andres",gimea001,2,1,2B,2B,1,field_out,4,2,0
2025-06-07,MIN202506070,TOR,"Clase, Jonatan",clasj001,2,2,3B,3B,1,strikeout,4,2,0
2025-06-07,MIN202506070,TOR,"Heineman, Tyler",heint001,2,0,empty,empty,1,field_out,5,2,2
2025-06-07,MIN202506070,TOR,"Bichette, Bo",bichb001,3,1,empty,empty,1,field_out,5,2,2
2025-06-07,MIN202506070,TOR,"Guerrero, Vladimir",guerv002,3,2,empty,empty,1,field_out,5,2,2
2025-06-07,MIN202506070,TOR,"Barger, Addison",barga001,3,0,empty,empty,1,field_out,6,2,2
2025-06-07,MIN202506070,TOR,"Springer, George",sprig001,3,1,empty,empty,1,field_out,6,2,2
2025-06-07,MIN202506070,TOR,"Lukes, Nathan",luken001,3,2,empty,empty,1,walk,6,2,2
2025-06-07,MIN202506070,TOR,"Clement, Ernie",cleme002,3,2,1B,1B,1,field_out,6,2,2
2025-06-07,MIN202506070,TOR,"Gimenez, Andres",gimea001,3,0,empty,empty,1,single,7,2,3
2025-06-07,MIN202506070,TOR,"Clase, Jonatan",clasj001,3,0,1B,1B,1,strikeout,7,2,3
2025-06-07,MIN202506070,TOR,"Heineman, Tyler",heint001,3,1,1B,1B,1,single,7,2,3
2025-06-07,MIN202506070,TOR,"Bichette, Bo",bichb001,4,1,1B+2B,1B+2B,1,strikeout,7,2,3
2025-06-07,MIN202506070,TOR,"Guerrero, Vladimir",guerv002,4,2,1B+2B,1B+2B,1,field_out,7,2,3
2025-06-07,MIN202506070,TOR,"Barger, Addison",barga001,4,0,empty,empty,1,double,8,2,3
2025-06-07,MIN202506070,TOR,"Springer, George",sprig001,4,0,2B,2B,1,home_run,8,2,3
2025-06-07,MIN202506070,TOR,"Lukes, Nathan",luken001,4,0,empty,empty,1,strikeout,8,4,3
2025-06-07,MIN202506070,TOR,"Clement, Ernie",cleme002,4,1,empty,empty,1,field_out,8,4,3
2025-06-07,MIN202506070,TOR,"Gimenez, Andres",gimea001,4,2,empty,empty,1,field_out,8,4,3
2025-06-07,MIN202506070,TOR,"Clase, Jonatan",clasj001,4,0,empty,empty,1,strikeout,9,4,3
2025-06-07,MIN202506070,TOR,"Heineman, Tyler",heint001,4,1,empty,empty,1,single,9,4,3
2025-06-07,MIN202506070,TOR,"Bichette, Bo",bichb001,5,1,1B,1B,1,field_out,9,4,3
2025-06-07,MIN202506070,TOR,"Guerrero, Vladimir",guerv002,5,2,2B,2B,1,single,9,4,3
2025-06-07,MIN202506070,TOR,"Barger, Addison",barga001,5,2,2B,2B,1,field_out,9,5,3
2025-06-08,MIN202506080,TOR,"Bichette, Bo",bichb001,1,0,empty,empty,1,strikeout,1,0,0
2025-06-08,MIN202506080,TOR,"Guerrero, Vladimir",guerv002,1,1,empty,empty,1,walk,1,0,0
2025-06-08,MIN202506080,TOR,"Barger, Addison",barga001,1,1,1B,1B,1,strikeout,1,0,0
2025-06-08,MIN202506080,TOR,"Kirk, Alejandro",kirka001,1,2,1B,1B,1,strikeout,1,0,0
2025-06-08,MIN202506080,TOR,"Springer, George",sprig001,1,0,empty,empty,1,strikeout,2,0,0
2025-06-08,MIN202506080,TOR,"Lukes, Nathan",luken001,1,1,empty,empty,1,field_out,2,0,0
2025-06-08,MIN202506080,TOR,"Clement, Ernie",cleme002,1,2,empty,empty,1,single,2,0,0
2025-06-08,MIN202506080,TOR,"Roden, Alan",rodea001,1,2,1B,1B,1,double,2,0,0
2025-06-08,MIN202506080,TOR,"Straw, Myles",stram002,1,2,2B,2B,1,field_out,2,1,0
2025-06-08,MIN202506080,TOR,"Bichette, Bo",bichb001,2,0,empty,empty,1,walk,3,1,2
2025-06-08,MIN202506080,TOR,"Guerrero, Vladimir",guerv002,2,0,1B,1B,1,fielders_choice,3,1,2
2025-06-08,MIN202506080,TOR,"Barger, Addison",barga001,2,0,1B+2B,1B+2B,1,field_out,3,1,2
2025-06-08,MIN202506080,TOR,"Kirk, Alejandro",kirka001,2,1,1B+2B,1B+2B,1,single,3,1,2
2025-06-08,MIN202506080,TOR,"Springer, George",sprig001,2,1,1B+3B,1B+3B,1,double,3,2,2
2025-06-08,MIN202506080,TOR,"Lukes, Nathan",luken001,2,1,2B+3B,2B+3B,1,strikeout,3,3,2
2025-06-08,MIN202506080,TOR,"Clement, Ernie",cleme002,2,2,2B+3B,2B+3B,1,field_out,3,3,2
2025-06-08,MIN202506080,TOR,"Roden, Alan",rodea001,2,0,empty,empty,1,strikeout,4,3,2
2025-06-08,MIN202506080,TOR,"Straw, Myles",stram002,2,1,empty,empty,1,field_out,4,3,2
2025-06-08,MIN202506080,TOR,"Bichette, Bo",bichb001,3,2,empty,empty,1,field_out,4,3,2
2025-06-08,MIN202506080,TOR,"Guerrero, Vladimir",guerv002,3,0,empty,empty,1,field_out,5,3,4
2025-06-08,MIN202506080,TOR,"Barger, Addison",barga001,3,1,empty,empty,1,walk,5,3,4
2025-06-08,MIN202506080,TOR,"Kirk, Alejandro",kirka001,3,1,1B,1B,1,grounded_into_double_play,5,3,4
2025-06-08,MIN202506080,TOR,"Springer, George",sprig001,3,0,empty,empty,1,strikeout,6,3,6
2025-06-08,MIN202506080,TOR,"Lukes, Nathan",luken001,3,1,empty,empty,1,field_out,6,3,6
2025-06-08,MIN202506080,TOR,"Clement, Ernie",cleme002,3,2,empty,empty,1,field_out,6,3,6
2025-06-08,MIN202506080,TOR,"Roden, Alan",rodea001,3,0,empty,empty,1,field_out,7,3,6
2025-06-08,MIN202506080,TOR,"Straw, Myles",stram002,3,1,empty,empty,1,field_out,7,3,6
2025-06-08,MIN202506080,TOR,"Bichette, Bo",bichb001,4,2,empty,empty,1,field_out,7,3,6
2025-06-08,MIN202506080,TOR,"Guerrero, Vladimir",guerv002,4,0,empty,empty,1,field_out,8,3,6
2025-06-08,MIN202506080,TOR,"Barger, Addison",barga001,4,1,empty,empty,1,field_out,8,3,6
2025-06-08,MIN202506080,TOR,"Kirk, Alejandro",kirka001,4,2,empty,empty,1,field_out,8,3,6
2025-06-08,MIN202506080,TOR,"Springer, George",sprig001,4,0,empty,empty,1,strikeout,9,3,6
2025-06-08,MIN202506080,TOR,"Lukes, Nathan",luken001,4,1,empty,empty,1,single,9,3,6
2025-06-08,MIN202506080,TOR,"Clement, Ernie",cleme002,4,1,1B,1B,1,field_out,9,3,6
2025-06-08,MIN202506080,TOR,"Roden, Alan",rodea001,4,2,1B,2B,0,field_out,9,3,6
2025-06-09,SLN202506090,TOR,"Bichette, Bo",bichb001,1,0,empty,empty,1,field_out,1,0,0
2025-06-09,SLN202506090,TOR,"Guerrero, Vladimir",guerv002,1,1,empty,empty,1,field_out,1,0,0
2025-06-09,SLN202506090,TOR,"Barger, Addison",barga001,1,2,empty,empty,1,single,1,0,0
2025-06-09,SLN202506090,TOR,"Kirk, Alejandro",kirka001,1,2,1B,1B,1,single,1,0,0
2025-06-09,SLN202506090,TOR,"Springer, George",sprig001,1,2,1B+2B,1B+2B,1,double,1,0,0
2025-06-09,SLN202506090,TOR,"Gimenez, Andres",gimea001,1,2,2B+3B,2B+3B,1,field_out,1,1,0
2025-06-09,SLN202506090,TOR,"Schneider, Davis",schnd001,1,0,empty,empty,1,field_out,2,1,0
2025-06-09,SLN202506090,TOR,"Clement, Ernie",cleme002,1,1,empty,empty,1,double,2,1,0
2025-06-09,SLN202506090,TOR,"Clase, Jonatan",clasj001,1,1,2B,2B,1,field_out,2,1,0
2025-06-09,SLN202506090,TOR,"Bichette, Bo",bichb001,2,2,3B,3B,1,single,2,1,0
2025-06-09,SLN202506090,TOR,"Guerrero, Vladimir",guerv002,2,2,1B,1B,1,field_out,2,2,0
2025-06-09,SLN202506090,TOR,"Barger, Addison",barga001,2,0,empty,empty,1,strikeout,3,2,0
2025-06-09,SLN202506090,TOR,"Kirk, Alejandro",kirka001,2,1,empty,empty,1,double,3,2,0
2025-06-09,SLN202506090,TOR,"Springer, George",sprig001,2,1,2B,2B,1,catcher_interf,3,2,0
2025-06-09,SLN202506090,TOR,"Gimenez, Andres",gimea001,2,1,1B+2B,1B+2B,1,strikeout,3,2,0
2025-06-09,SLN202506090,TOR,"Schneider, Davis",schnd001,2,2,1B+2B,1B+2B,1,field_out,3,2,0
2025-06-09,SLN202506090,TOR,"Clement, Ernie",cleme002,2,0,empty,empty,1,field_out,4,2,0
2025-06-09,SLN202506090,TOR,"Clase, Jonatan",clasj001,2,1,empty,empty,1,field_out,4,2,0
2025-06-09,SLN202506090,TOR,"Bichette, Bo",bichb001,3,2,empty,empty,1,field_out,4,2,0
2025-06-09,SLN202506090,TOR,"Guerrero, Vladimir",guerv002,3,0,empty,empty,1,field_out,5,2,0
2025-06-09,SLN202506090,TOR,"Barger, Addison",barga001,3,1,empty,empty,1,strikeout,5,2,0
2025-06-09,SLN202506090,TOR,"Kirk, Alejandro",kirka001,3,2,empty,empty,1,field_out,5,2,0
2025-06-09,SLN202506090,TOR,"Springer, George",sprig001,3,0,empty,empty,1,field_out,6,2,0
2025-06-09,SLN202506090,TOR,"Gimenez, Andres",gimea001,3,1,empty,empty,1,field_out,6,2,0
2025-06-09,SLN202506090,TOR,"Schneider, Davis",schnd001,3,2,empty,empty,1,walk,6,2,0
2025-06-09,SLN202506090,TOR,"Clement, Ernie",cleme002,3,2,1B,1B,1,field_out,6,2,0
2025-06-09,SLN202506090,TOR,"Clase, Jonatan",clasj001,3,0,empty,empty,1,single,7,2,0
2025-06-09,SLN202506090,TOR,"Bichette, Bo",bichb001,4,0,1B,1B,1,double_play,7,2,0
2025-06-09,SLN202506090,TOR,"Guerrero, Vladimir",guerv002,4,2,empty,empty,1,single,7,2,0
2025-06-09,SLN202506090,TOR,"Barger, Addison",barga001,4,2,1B,1B,1,field_out,7,2,0
2025-06-09,SLN202506090,TOR,"Kirk, Alejandro",kirka001,4,0,empty,empty,1,home_run,8,2,0
2025-06-09,SLN202506090,TOR,"Springer, George",sprig001,4,0,empty,empty,1,field_out,8,3,0
2025-06-09,SLN202506090,TOR,"Gimenez, Andres",gimea001,4,1,empty,empty,1,single,8,3,0
2025-06-09,SLN202506090,TOR,"Lukes, Nathan",luken001,1,1,1B,1B,1,grounded_into_double_play,8,3,0
2025-06-09,SLN202506090,TOR,"Clement, Ernie",cleme002,4,0,empty,empty,1,field_out,9,3,4
2025-06-09,SLN202506090,TOR,"Clase, Jonatan",clasj001,4,1,empty,empty,1,home_run,9,3,4
2025-06-09,SLN202506090,TOR,"Bichette, Bo",bichb001,5,1,empty,empty,1,strikeout,9,4,4
2025-06-09,SLN202506090,TOR,"Guerrero, Vladimir",guerv002,5,2,empty,empty,1,double,9,4,4
2025-06-09,SLN202506090,TOR,"Barger, Addison",barga001,5,2,2B,2B,1,strikeout,9,4,4
2025-06-09,SLN202506090,TOR,"Kirk, Alejandro",kirka001,5,0,2B,2B,1,double,10,4,4
2025-06-09,SLN202506090,TOR,"Springer, George",sprig001,5,0,2B,2B,1,walk,10,5,4
2025-06-09,SLN202506090,TOR,"Gimenez, Andres",gimea001,5,0,1B+2B,1B+2B,1,sac_bunt,10,5,4
2025-06-09,SLN202506090,TOR,"Lukes, Nathan",luken001,2,1,2B+3B,2B+3B,1,intent_walk,10,5,4
2025-06-09,SLN202506090,TOR,"Clement, Ernie",cleme002,5,1,1B+2B+3B,1B+2B+3B,1,grounded_into_double_play,10,5,4
2025-06-10,SLN202506100,TOR,"Bichette, Bo",bichb001,1,0,empty,empty,1,single,1,0,0
2025-06-10,SLN202506100,TOR,"Barger, Addison",barga001,1,0,1B,1B,1,field_out,1,0,0
2025-06-10,SLN202506100,TOR,"Kirk, Alejandro",kirka001,1,1,1B,1B,1,single,1,0,0
2025-06-10,SLN202506100,TOR,"Springer, George",sprig001,1,1,1B+2B,1B+2B,1,field_out,1,0,0
2025-06-10,SLN202506100,TOR,"Gimenez, Andres",gimea001,1,2,1B+2B,1B+2B,1,home_run,1,0,0
2025-06-10,SLN202506100,TOR,"Clement, Ernie",cleme002,1,2,empty,empty,1,field_out,1,3,0
2025-06-10,SLN202506100,TOR,"Roden, Alan",rodea001,1,0,empty,empty,1,field_out,2,3,0
2025-06-10,SLN202506100,TOR,"Straw, Myles",stram002,1,1,empty,empty,1,field_out,2,3,0
2025-06-10,SLN202506100,TOR,"Clase, Jonatan",clasj001,1,2,empty,empty,1,strikeout,2,3,0
2025-06-10,SLN202506100,TOR,"Bichette, Bo",bichb001,2,0,empty,empty,1,field_out,3,3,0
2025-06-10,SLN202506100,TOR,"Barger, Addison",barga001,2,1,empty,empty,1,strikeout,3,3,0
2025-06-10,SLN202506100,TOR,"Kirk, Alejandro",kirka001,2,2,empty,empty,1,field_out,3,3,0
2025-06-10,SLN202506100,TOR,"Springer, George",sprig001,2,0,empty,empty,1,single,4,3,0
2025-06-10,SLN202506100,TOR,"Gimenez, Andres",gimea001,2,0,1B,1B,1,field_out,4,3,0
2025-06-10,SLN202506100,TOR,"Clement, Ernie",cleme002,2,1,2B,2B,1,single,4,3,0
2025-06-10,SLN202506100,TOR,"Roden, Alan",rodea001,2,1,1B+3B,1B+3B,1,single,4,3,0
2025-06-10,SLN202506100,TOR,"Straw, Myles",stram002,2,1,1B+2B,1B+2B,1,grounded_into_double_play,4,4,0
2025-06-10,SLN202506100,TOR,"Clase, Jonatan",clasj001,2,0,empty,empty,1,single,5,4,4
2025-06-10,SLN202506100,TOR,"Bichette, Bo",bichb001,3,0,1B,1B,1,single,5,4,4
2025-06-10,SLN202506100,TOR,"Barger, Addison",barga001,3,0,1B+2B,1B+2B,1,double,5,4,4
2025-06-10,SLN202506100,TOR,"Kirk, Alejandro",kirka001,3,0,2B+3B,2B+3B,1,field_out,5,5,4
2025-06-10,SLN202506100,TOR,"Springer, George",sprig001,3,1,2B+3B,2B+3B,1,sac_fly,5,5,4
2025-06-10,SLN202506100,TOR,"Gimenez, Andres",gimea001,3,2,2B,2B,1,field_error,5,6,4
2025-06-10,SLN202506100,TOR,"Clement, Ernie",cleme002,3,2,1B+3B,1B+3B,1,field_out,5,6,4
2025-06-10,SLN202506100,TOR,"Roden, Alan",rodea001,3,0,empty,empty,1,field_out,6,6,4
2025-06-10,SLN202506100,TOR,"Straw, Myles",stram002,3,1,empty,empty,1,field_out,6,6,4
2025-06-10,SLN202506100,TOR,"Clase, Jonatan",clasj001,3,2,empty,empty,1,field_out,6,6,4
2025-06-10,SLN202506100,TOR,"Bichette, Bo",bichb001,4,0,empty,empty,1,field_out,7,6,4
2025-06-10,SLN202506100,TOR,"Barger, Addison",barga001,4,1,empty,empty,1,single,7,6,4
2025-06-10,SLN202506100,TOR,"Kirk, Alejandro",kirka001,4,1,1B,1B,1,home_run,7,6,4
2025-06-10,SLN202506100,TOR,"Springer, George",sprig001,4,1,empty,empty,1,single,7,8,4
2025-06-10,SLN202506100,TOR,"Gimenez, Andres",gimea001,4,1,1B,1B,1,grounded_into_double_play,7,8,4
2025-06-10,SLN202506100,TOR,"Clement, Ernie",cleme002,4,0,empty,empty,1,field_out,8,8,4
2025-06-10,SLN202506100,TOR,"Roden, Alan",rodea001,4,1,empty,empty,1,single,8,8,4
2025-06-10,SLN202506100,TOR,"Straw, Myles",stram002,4,1,1B,1B,1,field_out,8,8,4
2025-06-10,SLN202506100,TOR,"Clase, Jonatan",clasj001,4,2,1B,1B,1,strikeout,8,8,4
2025-06-10,SLN202506100,TOR,"Bichette, Bo",bichb001,5,0,empty,empty,1,single,9,8,6
2025-06-10,SLN202506100,TOR,"Barger, Addison",barga001,5,0,1B,1B,1,strikeout,9,8,6
2025-06-10,SLN202506100,TOR,"Kirk, Alejandro",kirka001,5,1,1B,1B,1,single,9,8,6
2025-06-10,SLN202506100,TOR,"Springer, George",sprig001,5,1,1B+2B,1B+2B,1,strikeout,9,8,6
2025-06-10,SLN202506100,TOR,"Gimenez, Andres",gimea001,5,2,1B+2B,1B+2B,1,single,9,8,6
2025-06-10,SLN202506100,TOR,"Clement, Ernie",cleme002,5,2,1B+3B,2B,0,field_out,9,10,6
2025-06-11,SLN202506110,TOR,"Bichette, Bo",bichb001,1,0,empty,empty,1,strikeout,1,0,0
2025-06-11,SLN202506110,TOR,"Guerrero, Vladimir",guerv002,1,1,empty,empty,1,single,1,0,0
2025-06-11,SLN202506110,TOR,"Kirk, Alejandro",kirka001,1,1,1B,1B,1,field_out,1,0,0
2025-06-11,SLN202506110,TOR,"Springer, George",sprig001,1,2,1B,1B,1,field_out,1,0,0
2025-06-11,SLN202506110,TOR,"Clement, Ernie",cleme002,1,0,empty,empty,1,double,2,0,1
2025-06-11,SLN202506110,TOR,"Schneider, Davis",schnd001,1,0,2B,2B,1,field_out,2,0,1
2025-06-11,SLN202506110,TOR,"Straw, Myles",stram002,1,1,2B,2B,1,field_out,2,0,1
2025-06-11,SLN202506110,TOR,"Clase, Jonatan",clasj001,1,2,3B,3B,1,strikeout,2,0,1
2025-06-11,SLN202506110,TOR,"Heineman, Tyler",heint001,1,0,empty,empty,1,single,3,0,2
2025-06-11,SLN202506110,TOR,"Bichette, Bo",bichb001,2,0,2B,2B,1,single,3,0,2
2025-06-11,SLN202506110,TOR,"Guerrero, Vladimir",guerv002,2,0,1B,1B,1,field_out,3,1,2
2025-06-11,SLN202506110,TOR,"Kirk, Alejandro",kirka001,2,1,1B,1B,1,single,3,1,2
2025-06-11,SLN202506110,TOR,"Springer, George",sprig001,2,1,1B+3B,1B+3B,1,sac_fly,3,1,2
2025-06-11,SLN202506110,TOR,"Clement, Ernie",cleme002,2,2,1B,1B,1,single,3,2,2
2025-06-11,SLN202506110,TOR,"Schneider, Davis",schnd001,2,2,1B+2B,1B+2B,1,strikeout,3,2,2
2025-06-11,SLN202506110,TOR,"Straw, Myles",stram002,2,0,empty,empty,1,single,4,2,2
2025-06-11,SLN202506110,TOR,"Clase, Jonatan",clasj001,2,0,1B,1B,1,walk,4,2,2
2025-06-11,SLN202506110,TOR,"Heineman, Tyler",heint001,2,0,1B+2B,1B+2B,1,sac_bunt,4,2,2
2025-06-11,SLN202506110,TOR,"Bichette, Bo",bichb001,3,1,2B+3B,2B+3B,1,sac_fly,4,2,2
2025-06-11,SLN202506110,TOR,"Guerrero, Vladimir",guerv002,3,2,3B,3B,1,single,4,3,2
2025-06-11,SLN202506110,TOR,"Kirk, Alejandro",kirka001,3,2,1B,2B,0,strikeout,4,4,2
2025-06-11,SLN202506110,TOR,"Springer, George",sprig001,3,0,empty,empty,1,field_out,5,4,2
2025-06-11,SLN202506110,TOR,"Clement, Ernie",cleme002,3,1,empty,empty,1,home_run,5,4,2
2025-06-11,SLN202506110,TOR,"Schneider, Davis",schnd001,3,1,empty,empty,1,field_out,5,5,2
2025-06-11,SLN202506110,TOR,"Straw, Myles",stram002,3,2,empty,empty,1,field_out,5,5,2
2025-06-11,SLN202506110,TOR,"Clase, Jonatan",clasj001,3,0,empty,empty,1,strikeout,6,5,2
2025-06-11,SLN202506110,TOR,"Heineman, Tyler",heint001,3,1,empty,empty,1,field_out,6,5,2
2025-06-11,SLN202506110,TOR,"Bichette, Bo",bichb001,4,2,empty,empty,1,walk,6,5,2
2025-06-11,SLN202506110,TOR,"Guerrero, Vladimir",guerv002,4,2,1B,1B,1,field_out,6,5,2
2025-06-11,SLN202506110,TOR,"Kirk, Alejandro",kirka001,4,0,empty,empty,1,single,7,5,2
2025-06-11,SLN202506110,TOR,"Springer, George",sprig001,4,0,1B,1B,1,single,7,5,2
2025-06-11,SLN202506110,TOR,"Clement, Ernie",cleme002,4,0,1B+2B,1B+2B,1,grounded_into_double_play,7,5,2
2025-06-11,SLN202506110,TOR,"Gimenez, Andres",gimea001,1,0,1B,empty,0,walk,8,5,2
2025-06-11,SLN202506110,TOR,"Straw, Myles",stram002,4,0,1B,1B,1,sac_bunt,8,5,2
2025-06-11,SLN202506110,TOR,"Clase, Jonatan",clasj001,4,1,2B,2B,1,strikeout,8,5,2
2025-06-11,SLN202506110,TOR,"Heineman, Tyler",heint001,4,2,2B,2B,1,field_out,8,5,2
2025-06-11,SLN202506110,TOR,"Bichette, Bo",bichb001,5,0,empty,empty,1,field_out,9,5,2
2025-06-11,SLN202506110,TOR,"Guerrero, Vladimir",guerv002,5,1,empty,empty,1,field_out,9,5,2
2025-06-11,SLN202506110,TOR,"Kirk, Alejandro",kirka001,5,2,empty,empty,1,field_out,9,5,2
2025-06-13,PHI202506130,TOR,"Bichette, Bo",bichb001,1,0,empty,empty,1,field_out,1,0,0
2025-06-13,PHI202506130,TOR,"Guerrero, Vladimir",guerv002,1,1,empty,empty,1,strikeout,1,0,0
2025-06-13,PHI202506130,TOR,"Kirk, Alejandro",kirka001,1,2,empty,empty,1,single,1,0,0
2025-06-13,PHI202506130,TOR,"Springer, George",sprig001,1,2,1B,1B,1,field_out,1,0,0
2025-06-13,PHI202506130,TOR,"Clement, Ernie",cleme002,1,0,empty,empty,1,single,2,0,0
2025-06-13,PHI202506130,TOR,"Barger, Addison",barga001,1,0,1B,1B,1,strikeout,2,0,0
2025-06-13,PHI202506130,TOR,"Schneider, Davis",schnd001,1,1,1B,1B,1,strikeout,2,0,0
2025-06-13,PHI202506130,TOR,"Straw, Myles",stram002,1,2,1B,1B,1,field_out,2,0,0
2025-06-13,PHI202506130,TOR,"Gimenez, Andres",gimea001,1,0,empty,empty,1,field_out,3,0,4
2025-06-13,PHI202506130,TOR,"Bichette, Bo",bichb001,2,1,empty,empty,1,strikeout,3,0,4
2025-06-13,PHI202506130,TOR,"Guerrero, Vladimir",guerv002,2,2,empty,empty,1,field_out,3,0,4
2025-06-13,PHI202506130,TOR,"Kirk, Alejandro",kirka001,2,0,empty,empty,1,single,4,0,4
2025-06-13,PHI202506130,TOR,"Springer, George",sprig001,2,0,1B,1B,1,grounded_into_double_play,4,0,4
2025-06-13,PHI202506130,TOR,"Clement, Ernie",cleme002,2,2,empty,empty,1,field_out,4,0,4
2025-06-13,PHI202506130,TOR,"Barger, Addison",barga001,2,0,empty,empty,1,strikeout,5,0,4
2025-06-13,PHI202506130,TOR,"Schneider, Davis",schnd001,2,1,empty,empty,1,single,5,0,4
2025-06-13,PHI202506130,TOR,"Straw, Myles",stram002,2,1,1B,1B,1,strikeout,5,0,4
2025-06-13,PHI202506130,TOR,"Gimenez, Andres",gimea001,2,2,1B,1B,1,field_out,5,0,4
2025-06-13,PHI202506130,TOR,"Bichette, Bo",bichb001,3,0,empty,empty,1,field_out,6,0,4
2025-06-13,PHI202506130,TOR,"Guerrero, Vladimir",guerv002,3,1,empty,empty,1,field_out,6,0,4
2025-06-13,PHI202506130,TOR,"Kirk, Alejandro",kirka001,3,2,empty,empty,1,field_out,6,0,4
2025-06-13,PHI202506130,TOR,"Springer, George",sprig001,3,0,empty,empty,1,field_out,7,0,5
2025-06-13,PHI202506130,TOR,"Clement, Ernie",cleme002,3,1,empty,empty,1,single,7,0,5
2025-06-13,PHI202506130,TOR,"Barger, Addison",barga001,3,1,1B,1B,1,field_out,7,0,5
2025-06-13,PHI202506130,TOR,"Schneider, Davis",schnd001,3,2,1B,1B,1,walk,7,0,5
2025-06-13,PHI202506130,TOR,"Straw, Myles",stram002,3,2,1B+2B,1B+2B,1,field_out,7,0,5
2025-06-13,PHI202506130,TOR,"Gimenez, Andres",gimea001,3,0,empty,empty,1,walk,8,0,5
2025-06-13,PHI202506130,TOR,"Bichette, Bo",bichb001,4,0,1B,1B,1,field_out,8,0,5
2025-06-13,PHI202506130,TOR,"Guerrero, Vladimir",guerv002,4,1,1B,1B,1,walk,8,0,5
2025-06-13,PHI202506130,TOR,"Kirk, Alejandro",kirka001,4,1,1B+2B,1B+2B,1,field_out,8,0,5
2025-06-13,PHI202506130,TOR,"Springer, George",sprig001,4,2,1B+2B,1B+2B,1,field_out,8,0,5
2025-06-13,PHI202506130,TOR,"Clement, Ernie",cleme002,4,0,empty,empty,1,field_out,9,0,8
2025-06-13,PHI202506130,TOR,"Barger, Addison",barga001,4,1,empty,empty,1,single,9,0,8
2025-06-13,PHI202506130,TOR,"Clase, Jonatan",clasj001,1,1,1B,1B,1,strikeout,9,0,8
2025-06-13,PHI202506130,TOR,"Roden, Alan",rodea001,1,2,1B,1B,1,field_out,9,0,8
2025-06-14,PHI202506140,TOR,"Bichette, Bo",bichb001,1,0,empty,empty,1,strikeout,1,0,0
2025-06-14,PHI202506140,TOR,"Guerrero, Vladimir",guerv002,1,1,empty,empty,1,field_out,1,0,0
2025-06-14,PHI202506140,TOR,"Kirk, Alejandro",kirka001,1,2,empty,empty,1,field_out,1,0,0
2025-06-14,PHI202506140,TOR,"Springer, George",sprig001,1,0,empty,empty,1,strikeout,2,0,0
2025-06-14,PHI202506140,TOR,"Clement, Ernie",cleme002,1,1,empty,empty,1,double,2,0,0
2025-06-14,PHI202506140,TOR,"Schneider, Davis",schnd001,1,1,2B,2B,1,strikeout,2,0,0
2025-06-14,PHI202506140,TOR,"Straw, Myles",stram002,1,2,2B,2B,1,single,2,0,0
2025-06-14,PHI202506140,TOR,"Clase, Jonatan",clasj001,1,2,2B,2B,1,field_out,2,1,0
2025-06-14,PHI202506140,TOR,"Heineman, Tyler",heint001,1,0,empty,empty,1,strikeout,3,1,0
2025-06-14,PHI202506140,TOR,"Bichette, Bo",bichb001,2,1,empty,empty,1,field_out,3,1,0
2025-06-14,PHI202506140,TOR,"Guerrero, Vladimir",guerv002,2,2,empty,empty,1,single,3,1,0
2025-06-14,PHI202506140,TOR,"Kirk, Alejandro",kirka001,2,2,1B,1B,1,field_out,3,1,0
2025-06-14,PHI202506140,TOR,"Springer, George",sprig001,2,0,empty,empty,1,field_out,4,1,0
2025-06-14,PHI202506140,TOR,"Clement, Ernie",cleme002,2,1,empty,empty,1,single,4,1,0
2025-06-14,PHI202506140,TOR,"Schneider, Davis",schnd001,2,1,1B,1B,1,field_out,4,1,0
2025-06-14,PHI202506140,TOR,"Straw, Myles",stram002,2,2,1B,1B,1,strikeout,4,1,0
2025-06-14,PHI202506140,TOR,"Clase, Jonatan",clasj001,2,0,empty,empty,1,field_out,5,1,2
2025-06-14,PHI202506140,TOR,"Heineman, Tyler",heint001,2,1,empty,empty,1,hit_by_pitch,5,1,2
2025-06-14,PHI202506140,TOR,"Bichette, Bo",bichb001,3,1,1B,1B,1,field_out,5,1,2
2025-06-14,PHI202506140,TOR,"Guerrero, Vladimir",guerv002,3,2,1B,1B,1,double,5,1,2
2025-06-14,PHI202506140,TOR,"Kirk, Alejandro",kirka001,3,2,2B,2B,1,field_out,5,2,2
2025-06-14,PHI202506140,TOR,"Springer, George",sprig001,3,0,empty,empty,1,field_out,6,2,2
2025-06-14,PHI202506140,TOR,"Clement, Ernie",cleme002,3,1,empty,empty,1,field_out,6,2,2
2025-06-14,PHI202506140,TOR,"Schneider, Davis",schnd001,3,2,empty,empty,1,field_out,6,2,2
2025-06-14,PHI202506140,TOR,"Straw, Myles",stram002,3,0,empty,empty,1,field_out,7,2,2
2025-06-14,PHI202506140,TOR,"Clase, Jonatan",clasj001,3,1,empty,empty,1,field_out,7,2,2
2025-06-14,PHI202506140,TOR,"Heineman, Tyler",heint001,3,2,empty,empty,1,field_out,7,2,2
2025-06-14,PHI202506140,TOR,"Bichette, Bo",bichb001,4,0,empty,empty,1,field_out,8,2,2
2025-06-14,PHI202506140,TOR,"Guerrero, Vladimir",guerv002,4,1,empty,empty,1,field_out,8,2,2
2025-06-14,PHI202506140,TOR,"Kirk, Alejandro",kirka001,4,2,empty,empty,1,strikeout,8,2,2
2025-06-14,PHI202506140,TOR,"Springer, George",sprig001,4,0,empty,empty,1,strikeout,9,2,3
2025-06-14,PHI202506140,TOR,"Clement, Ernie",cleme002,4,1,empty,empty,1,field_out,9,2,3
2025-06-14,PHI202506140,TOR,"Schneider, Davis",schnd001,4,2,empty,empty,1,field_out,9,2,3
2025-06-15,PHI202506150,TOR,"Bichette, Bo",bichb001,1,0,empty,empty,1,field_out,1,0,0
2025-06-15,PHI202506150,TOR,"Guerrero, Vladimir",guerv002,1,1,empty,empty,1,field_out,1,0,0
2025-06-15,PHI202506150,TOR,"Barger, Addison",barga001,1,2,empty,empty,1,field_out,1,0,0
2025-06-15,PHI202506150,TOR,"Kirk, Alejandro",kirka001,1,0,empty,empty,1,strikeout,2,0,1
2025-06-15,PHI202506150,TOR,"Gimenez, Andres",gimea001,1,1,empty,empty,1,strikeout,2,0,1
2025-06-15,PHI202506150,TOR,"Clement, Ernie",cleme002,1,2,empty,empty,1,single,2,0,1
2025-06-15,PHI202506150,TOR,"Roden, Alan",rodea001,1,2,1B,1B,1,strikeout,2,0,1
2025-06-15,PHI202506150,TOR,"Robertson, Will",robew002,1,0,empty,empty,1,strikeout,3,0,1
2025-06-15,PHI202506150,TOR,"Clase, Jonatan",clasj001,1,1,empty,empty,1,strikeout,3,0,1
2025-06-15,PHI202506150,TOR,"Bichette, Bo",bichb001,2,2,empty,empty,1,strikeout,3,0,1
2025-06-15,PHI202506150,TOR,"Guerrero, Vladimir",guerv002,2,0,empty,empty,1,strikeout,4,0,2
2025-06-15,PHI202506150,TOR,"Barger, Addison",barga001,2,1,empty,empty,1,field_out,4,0,2
2025-06-15,PHI202506150,TOR,"Kirk, Alejandro",kirka001,2,2,empty,empty,1,field_out,4,0,2
2025-06-15,PHI202506150,TOR,"Gimenez, Andres",gimea001,2,0,empty,empty,1,single,5,0,4
2025-06-15,PHI202506150,TOR,"Clement, Ernie",cleme002,2,0,1B,1B,1,single,5,0,4
2025-06-15,PHI202506150,TOR,"Roden, Alan",rodea001,2,0,2B+3B,2B+3B,1,sac_fly,5,0,4
2025-06-15,PHI202506150,TOR,"Robertson, Will",robew002,2,1,2B,2B,1,strikeout,5,1,4
2025-06-15,PHI202506150,TOR,"Clase, Jonatan",clasj001,2,2,2B,2B,1,single,5,1,4
2025-06-15,PHI202506150,TOR,"Bichette, Bo",bichb001,3,2,1B,1B,1,field_out,5,2,4
2025-06-15,PHI202506150,TOR,"Guerrero, Vladimir",guerv002,3,0,empty,empty,1,field_out,6,2,6
2025-06-15,PHI202506150,TOR,"Barger, Addison",barga001,3,1,empty,empty,1,strikeout,6,2,6
2025-06-15,PHI202506150,TOR,"Kirk, Alejandro",kirka001,3,2,empty,empty,1,field_out,6,2,6
2025-06-15,PHI202506150,TOR,"Gimenez, Andres",gimea001,3,0,empty,empty,1,field_out,7,2,10
2025-06-15,PHI202506150,TOR,"Clement, Ernie",cleme002,3,1,empty,empty,1,single,7,2,10
2025-06-15,PHI202506150,TOR,"Roden, Alan",rodea001,3,1,1B,1B,1,single,7,2,10
2025-06-15,PHI202506150,TOR,"Robertson, Will",robew002,3,1,1B+3B,1B+3B,1,single,7,2,10
2025-06-15,PHI202506150,TOR,"Clase, Jonatan",clasj001,3,1,1B+3B,1B+3B,1,field_out,7,3,10
2025-06-15,PHI202506150,TOR,"Bichette, Bo",bichb001,4,2,1B+3B,1B+3B,1,single,7,3,10
2025-06-15,PHI202506150,TOR,"Guerrero, Vladimir",guerv002,4,2,1B+3B,1B+3B,1,field_out,7,4,10
2025-06-15,PHI202506150,TOR,"Barger, Addison",barga001,4,0,empty,empty,1,walk,8,4,11
2025-06-15,PHI202506150,TOR,"Kirk, Alejandro",kirka001,4,0,1B,1B,1,field_out,8,4,11
2025-06-15,PHI202506150,TOR,"Gimenez, Andres",gimea001,4,1,1B,1B,1,field_out,8,4,11
2025-06-15,PHI202506150,TOR,"Clement, Ernie",cleme002,4,2,1B,1B,1,strikeout,8,4,11
2025-06-15,PHI202506150,TOR,"Roden, Alan",rodea001,4,0,empty,empty,1,walk,9,4,11
2025-06-15,PHI202506150,TOR,"Robertson, Will",robew002,4,0,1B,1B,1,grounded_into_double_play,9,4,11
2025-06-15,PHI202506150,TOR,"Clase, Jonatan",clasj001,4,2,empty,empty,1,field_out,9,4,11
2025-06-17,TOR202506170,TOR,"Bichette, Bo",bichb001,1,0,empty,empty,1,field_out,1,0,0
2025-06-17,TOR202506170,TOR,"Barger, Addison",barga001,1,1,empty,empty,1,double,1,0,0
2025-06-17,TOR202506170,TOR,"Guerrero, Vladimir",guerv002,1,1,2B,2B,1,double,1,0,0
2025-06-17,TOR202506170,TOR,"Kirk, Alejandro",kirka001,1,1,2B,2B,1,field_out,1,1,0
2025-06-17,TOR202506170,TOR,"Springer, George",sprig001,1,2,3B,3B,1,field_out,1,1,0
2025-06-17,TOR202506170,TOR,"Gimenez, Andres",gimea001,1,0,empty,empty,1,field_out,2,1,0
2025-06-17,TOR202506170,TOR,"Clement, Ernie",cleme002,1,1,empty,empty,1,field_out,2,1,0
2025-06-17,TOR202506170,TOR,"Robertson, Will",robew002,1,2,empty,empty,1,hit_by_pitch,2,1,0
2025-06-17,TOR202506170,TOR,"Clase, Jonatan",clasj001,1,2,1B,1B,1,field_out,2,1,0
2025-06-17,TOR202506170,TOR,"Bichette, Bo",bichb001,2,0,empty,empty,1,field_out,3,1,0
2025-06-17,TOR202506170,TOR,"Barger, Addison",barga001,2,1,empty,empty,1,strikeout,3,1,0
2025-06-17,TOR202506170,TOR,"Guerrero, Vladimir",guerv002,2,2,empty,empty,1,home_run,3,1,0
2025-06-17,TOR202506170,TOR,"Kirk, Alejandro",kirka001,2,2,empty,empty,1,field_out,3,2,0
2025-06-17,TOR202506170,TOR,"Springer, George",sprig001,2,0,empty,empty,1,field_out,4,2,1
2025-06-17,TOR202506170,TOR,"Gimenez, Andres",gimea001,2,1,empty,empty,1,hit_by_pitch,4,2,1
2025-06-17,TOR202506170,TOR,"Clement, Ernie",cleme002,2,1,1B,1B,1,strikeout,4,2,1
2025-06-17,TOR202506170,TOR,"Robertson, Will",robew002,2,2,1B,1B,1,walk,4,2,1
2025-06-17,TOR202506170,TOR,"Clase, Jonatan",clasj001,2,2,1B+2B,1B+2B,1,hit_by_pitch,4,2,1
2025-06-17,TOR202506170,TOR,"Bichette, Bo",bichb001,3,2,1B+2B+3B,1B+2B+3B,1,field_out,4,2,1
2025-06-17,TOR202506170,TOR,"Barger, Addison",barga001,3,0,empty,empty,1,field_out,5,2,3
2025-06-17,TOR202506170,TOR,"Guerrero, Vladimir",guerv002,3,1,empty,empty,1,strikeout,5,2,3
2025-06-17,TOR202506170,TOR,"Kirk, Alejandro",kirka001,3,2,empty,empty,1,field_out,5,2,3
2025-06-17,TOR202506170,TOR,"Springer, George",sprig001,3,0,empty,empty,1,single,6,2,3
2025-06-17,TOR202506170,TOR,"Gimenez, Andres",gimea001,3,0,1B,1B,1,field_out,6,2,3
2025-06-17,TOR202506170,TOR,"Clement, Ernie",cleme002,3,1,1B,1B,1,field_out,6,2,3
2025-06-17,TOR202506170,TOR,"Robertson, Will",robew002,3,2,1B,1B,1,strikeout,6,2,3
2025-06-17,TOR202506170,TOR,"Schneider, Davis",schnd001,1,0,empty,empty,1,field_out,7,2,4
2025-06-17,TOR202506170,TOR,"Bichette, Bo",bichb001,4,1,empty,empty,1,double,7,2,4
2025-06-17,TOR202506170,TOR,"Barger, Addison",barga001,4,1,2B,2B,1,field_out,7,2,4
2025-06-17,TOR202506170,TOR,"Guerrero, Vladimir",guerv002,4,2,3B,3B,1,single,7,2,4
2025-06-17,TOR202506170,TOR,"Kirk, Alejandro",kirka001,4,2,1B,1B,1,field_out,7,3,4
2025-06-17,TOR202506170,TOR,"Springer, George",sprig001,4,0,empty,empty,1,strikeout,8,3,4
2025-06-17,TOR202506170,TOR,"Gimenez, Andres",gimea001,4,1,empty,empty,1,strikeout,8,3,4
2025-06-17,TOR202506170,TOR,"Clement, Ernie",cleme002,4,2,empty,empty,1,single,8,3,4
2025-06-17,TOR202506170,TOR,"Robertson, Will",robew002,4,2,1B,1B,1,strikeout,8,3,4
2025-06-17,TOR202506170,TOR,"Schneider, Davis",schnd001,2,0,empty,empty,1,strikeout,9,3,4
2025-06-17,TOR202506170,TOR,"Bichette, Bo",bichb001,5,1,empty,empty,1,home_run,9,3,4
2025-06-17,TOR202506170,TOR,"Barger, Addison",barga001,5,1,empty,empty,1,home_run,9,4,4
2025-06-18,TOR202506180,TOR,"Bichette, Bo",bichb001,1,0,empty,empty,1,home_run,1,0,0
2025-06-18,TOR202506180,TOR,"Barger, Addison",barga001,1,0,empty,empty,1,field_out,1,1,0
2025-06-18,TOR202506180,TOR,"Guerrero, Vladimir",guerv002,1,1,empty,empty,1,walk,1,1,0
2025-06-18,TOR202506180,TOR,"Kirk, Alejandro",kirka001,1,1,1B,1B,1,strikeout_double_play,1,1,0
2025-06-18,TOR202506180,TOR,"Springer, George",sprig001,1,0,empty,empty,1,field_out,2,1,0
2025-06-18,TOR202506180,TOR,"Clement, Ernie",cleme002,1,1,empty,empty,1,single,2,1,0
2025-06-18,TOR202506180,TOR,"Gimenez, Andres",gimea001,1,1,1B,1B,1,field_out,2,1,0
2025-06-18,TOR202506180,TOR,"Schneider, Davis",schnd001,1,2,1B,1B,1,field_out,2,1,0
2025-06-18,TOR202506180,TOR,"Heineman, Tyler",heint001,1,0,empty,empty,1,single,3,1,0
2025-06-18,TOR202506180,TOR,"Bichette, Bo",bichb001,2,0,1B,1B,1,field_out,3,1,0
2025-06-18,TOR202506180,TOR,"Barger, Addison",barga001,2,1,1B,1B,1,double,3,1,0
2025-06-18,TOR202506180,TOR,"Guerrero, Vladimir",guerv002,2,1,2B+3B,2B+3B,1,intent_walk,3,1,0
2025-06-18,TOR202506180,TOR,"Kirk, Alejandro",kirka001,2,1,1B+2B+3B,1B+2B+3B,1,strikeout,3,1,0
2025-06-18,TOR202506180,TOR,"Springer, George",sprig001,2,2,1B+2B+3B,1B+2B+3B,1,catcher_interf,3,1,0
2025-06-18,TOR202506180,TOR,"Clement, Ernie",cleme002,2,2,1B+2B+3B,1B+2B+3B,1,strikeout,3,2,0
2025-06-18,TOR202506180,TOR,"Gimenez, Andres",gimea001,2,0,empty,empty,1,field_out,4,2,0
2025-06-18,TOR202506180,TOR,"Schneider, Davis",schnd001,2,1,empty,empty,1,field_out,4,2,0
2025-06-18,TOR202506180,TOR,"Heineman, Tyler",heint001,2,2,empty,empty,1,field_out,4,2,0
2025-06-18,TOR202506180,TOR,"Bichette, Bo",bichb001,3,0,empty,empty,1,single,5,2,0
2025-06-18,TOR202506180,TOR,"Barger, Addison",barga001,3,0,1B,1B,1,single,5,2,0
2025-06-18,TOR202506180,TOR,"Guerrero, Vladimir",guerv002,3,0,1B+2B,1B+2B,1,walk,5,2,0
2025-06-18,TOR202506180,TOR,"Kirk, Alejandro",kirka001,3,0,1B+2B+3B,1B+2B+3B,1,field_out,5,2,0
2025-06-18,TOR202506180,TOR,"Springer, George",sprig001,3,1,1B+2B+3B,1B+2B+3B,1,strikeout,5,2,0
2025-06-18,TOR202506180,TOR,"Clement, Ernie",cleme002,3,2,1B+2B+3B,1B+2B+3B,1,field_out,5,2,0
2025-06-18,TOR202506180,TOR,"Gimenez, Andres",gimea001,3,0,empty,empty,1,field_out,6,2,1
2025-06-18,TOR202506180,TOR,"Roden, Alan",rodea001,1,1,empty,empty,1,single,6,2,1
2025-06-18,TOR202506180,TOR,"Heineman, Tyler",heint001,3,1,1B,1B,1,field_out,6,2,1
2025-06-18,TOR202506180,TOR,"Bichette, Bo",bichb001,4,2,1B,1B,1,single,6,2,1
2025-06-18,TOR202506180,TOR,"Barger, Addison",barga001,4,2,1B+3B,1B+3B,1,double,6,2,1
2025-06-18,TOR202506180,TOR,"Guerrero, Vladimir",guerv002,4,2,2B+3B,2B+3B,1,double,6,3,1
2025-06-18,TOR202506180,TOR,"Kirk, Alejandro",kirka001,4,2,2B,2B,1,walk,6,5,1
2025-06-18,TOR202506180,TOR,"Springer, George",sprig001,4,2,1B+2B,1B+2B,1,strikeout,6,5,1
2025-06-18,TOR202506180,TOR,"Clement, Ernie",cleme002,4,0,empty,empty,1,double,7,5,1
2025-06-18,TOR202506180,TOR,"Gimenez, Andres",gimea001,4,0,2B,2B,1,hit_by_pitch,7,5,1
2025-06-18,TOR202506180,TOR,"Roden, Alan",rodea001,2,0,1B+2B,1B+2B,1,walk,7,5,1
2025-06-18,TOR202506180,TOR,"Heineman, Tyler",heint001,4,0,1B+2B+3B,1B+2B+3B,1,sac_fly,7,5,1
2025-06-18,TOR202506180,TOR,"Bichette, Bo",bichb001,5,1,1B+3B,1B+3B,1,field_out,7,6,1
2025-06-18,TOR202506180,TOR,"Barger, Addison",barga001,5,2,2B,2B,1,walk,7,7,1
2025-06-18,TOR202506180,TOR,"Guerrero, Vladimir",guerv002,5,2,1B+2B,1B+2B,1,single,7,7,1
2025-06-18,TOR202506180,TOR,"Kirk, Alejandro",kirka001,5,2,1B+2B,1B+2B,1,field_out,7,8,1
2025-06-18,TOR202506180,TOR,"Springer, George",sprig001,5,0,empty,empty,1,field_out,8,8,1
2025-06-18,TOR202506180,TOR,"Clement, Ernie",cleme002,5,1,empty,empty,1,single,8,8,1
2025-06-18,TOR202506180,TOR,"Gimenez, Andres",gimea001,5,1,1B,1B,1,grounded_into_double_play,8,8,1
2025-06-19,TOR202506190,TOR,"Bichette, Bo",bichb001,1,0,empty,empty,1,field_out,1,0,0
2025-06-19,TOR202506190,TOR,"Barger, Addison",barga001,1,1,empty,empty,1,field_out,1,0,0
2025-06-19,TOR202506190,TOR,"Guerrero, Vladimir",guerv002,1,2,empty,empty,1,strikeout,1,0,0
2025-06-19,TOR202506190,TOR,"Kirk, Alejandro",kirka001,1,0,empty,empty,1,home_run,2,0,2
2025-06-19,TOR202506190,TOR,"Springer, George",sprig001,1,0,empty,empty,1,walk,2,1,2
2025-06-19,TOR202506190,TOR,"Gimenez, Andres",gimea001,1,0,1B,1B,1,field_out,2,1,2
2025-06-19,TOR202506190,TOR,"Clement, Ernie",cleme002,1,1,1B,1B,1,field_out,2,1,2
2025-06-19,TOR202506190,TOR,"Robertson, Will",robew002,1,2,1B,1B,1,strikeout,2,1,2
2025-06-19,TOR202506190,TOR,"Clase, Jonatan",clasj001,1,0,empty,empty,1,field_out,3,1,4
2025-06-19,TOR202506190,TOR,"Bichette, Bo",bichb001,2,1,empty,empty,1,field_out,3,1,4
2025-06-19,TOR202506190,TOR,"Barger, Addison",barga001,2,2,empty,empty,1,field_out,3,1,4
2025-06-19,TOR202506190,TOR,"Guerrero, Vladimir",guerv002,2,0,empty,empty,1,field_out,4,1,4
2025-06-19,TOR202506190,TOR,"Kirk, Alejandro",kirka001,2,1,empty,empty,1,field_out,4,1,4
2025-06-19,TOR202506190,TOR,"Springer, George",sprig001,2,2,empty,empty,1,field_out,4,1,4
2025-06-19,TOR202506190,TOR,"Gimenez, Andres",gimea001,2,0,empty,empty,1,hit_by_pitch,5,1,7
2025-06-19,TOR202506190,TOR,"Clement, Ernie",cleme002,2,0,1B,1B,1,grounded_into_double_play,5,1,7
2025-06-19,TOR202506190,TOR,"Robertson, Will",robew002,2,2,empty,empty,1,strikeout,5,1,7
2025-06-19,TOR202506190,TOR,"Clase, Jonatan",clasj001,2,0,empty,empty,1,strikeout,6,1,9
2025-06-19,TOR202506190,TOR,"Bichette, Bo",bichb001,3,1,empty,empty,1,walk,6,1,9
2025-06-19,TOR202506190,TOR,"Barger, Addison",barga001,3,1,1B,1B,1,field_out,6,1,9
2025-06-19,TOR202506190,TOR,"Guerrero, Vladimir",guerv002,3,2,1B,1B,1,field_out,6,1,9
2025-06-19,TOR202506190,TOR,"Kirk, Alejandro",kirka001,3,0,empty,empty,1,home_run,7,1,9
2025-06-19,TOR202506190,TOR,"Springer, George",sprig001,3,0,empty,empty,1,field_out,7,2,9
2025-06-19,TOR202506190,TOR,"Gimenez, Andres",gimea001,3,1,empty,empty,1,hit_by_pitch,7,2,9
2025-06-19,TOR202506190,TOR,"Clement, Ernie",cleme002,3,1,1B,1B,1,field_out,7,2,9
2025-06-19,TOR202506190,TOR,"Robertson, Will",robew002,3,2,1B,1B,1,field_out,7,2,9
2025-06-19,TOR202506190,TOR,"Clase, Jonatan",clasj001,3,0,empty,empty,1,home_run,8,2,9
2025-06-19,TOR202506190,TOR,"Bichette, Bo",bichb001,4,0,empty,empty,1,strikeout,8,3,9
2025-06-19,TOR202506190,TOR,"Barger, Addison",barga001,4,1,empty,empty,1,single,8,3,9
2025-06-19,TOR202506190,TOR,"Guerrero, Vladimir",guerv002,4,1,1B,1B,1,double,8,3,9
2025-06-19,TOR202506190,TOR,"Kirk, Alejandro",kirka001,4,1,3B,3B,1,single,8,4,9
2025-06-19,TOR202506190,TOR,"Springer, George",sprig001,4,1,1B,1B,1,grounded_into_double_play,8,5,9
2025-06-19,TOR202506190,TOR,"Gimenez, Andres",gimea001,4,0,empty,empty,1,strikeout,9,5,9
2025-06-19,TOR202506190,TOR,"Clement, Ernie",cleme002,4,1,empty,empty,1,field_out,9,5,9
2025-06-19,TOR202506190,TOR,"Robertson, Will",robew002,4,2,empty,empty,1,strikeout,9,5,9
2025-06-20,TOR202506200,TOR,"Bichette, Bo",bichb001,1,0,empty,empty,1,field_out,1,0,1
2025-06-20,TOR202506200,TOR,"Barger, Addison",barga001,1,1,empty,empty,1,field_out,1,0,1
2025-06-20,TOR202506200,TOR,"Guerrero, Vladimir",guerv002,1,2,empty,empty,1,strikeout,1,0,1
2025-06-20,TOR202506200,TOR,"Springer, George",sprig001,1,0,empty,empty,1,field_out,2,0,3
2025-06-20,TOR202506200,TOR,"Gimenez, Andres",gimea001,1,1,empty,empty,1,field_out,2,0,3
2025-06-20,TOR202506200,TOR,"Clement, Ernie",cleme002,1,2,empty,empty,1,field_out,2,0,3
2025-06-20,TOR202506200,TOR,"Lukes, Nathan",luken001,1,0,empty,empty,1,field_out,3,0,7
2025-06-20,TOR202506200,TOR,"Heineman, Tyler",heint001,1,1,empty,empty,1,field_out,3,0,7
2025-06-20,TOR202506200,TOR,"Clase, Jonatan",clasj001,1,2,empty,empty,1,strikeout,3,0,7
2025-06-20,TOR202506200,TOR,"Bichette, Bo",bichb001,2,0,empty,empty,1,single,4,0,7
2025-06-20,TOR202506200,TOR,"Barger, Addison",barga001,2,0,1B,1B,1,strikeout,4,0,7
2025-06-20,TOR202506200,TOR,"Guerrero, Vladimir",guerv002,2,1,1B,1B,1,grounded_into_double_play,4,0,7
2025-06-20,TOR202506200,TOR,"Springer, George",sprig001,2,0,empty,empty,1,single,5,0,7
2025-06-20,TOR202506200,TOR,"Gimenez, Andres",gimea001,2,0,1B,1B,1,field_out,5,0,7
2025-06-20,TOR202506200,TOR,"Clement, Ernie",cleme002,2,1,1B,1B,1,single,5,0,7
2025-06-20,TOR202506200,TOR,"Lukes, Nathan",luken001,2,1,1B+2B,1B+2B,1,single,5,0,7
2025-06-20,TOR202506200,TOR,"Heineman, Tyler",heint001,2,1,1B+2B+3B,1B+2B+3B,1,grounded_into_double_play,5,0,7
2025-06-20,TOR202506200,TOR,"Clase, Jonatan",clasj001,2,0,empty,empty,1,field_out,6,0,7
2025-06-20,TOR202506200,TOR,"Bichette, Bo",bichb001,3,1,empty,empty,1,double,6,0,7
2025-06-20,TOR202506200,TOR,"Barger, Addison",barga001,3,1,2B,2B,1,field_out,6,0,7
2025-06-20,TOR202506200,TOR,"Guerrero, Vladimir",guerv002,3,2,2B,2B,1,field_out,6,0,7
2025-06-20,TOR202506200,TOR,"Springer, George",sprig001,3,0,empty,empty,1,field_out,7,0,7
2025-06-20,TOR202506200,TOR,"Gimenez, Andres",gimea001,3,1,empty,empty,1,field_out,7,0,7
2025-06-20,TOR202506200,TOR,"Clement, Ernie",cleme002,3,2,empty,empty,1,strikeout,7,0,7
2025-06-20,TOR202506200,TOR,"Lukes, Nathan",luken001,3,0,empty,empty,1,strikeout,8,0,7
2025-06-20,TOR202506200,TOR,"Heineman, Tyler",heint001,3,1,empty,empty,1,walk,8,0,7
2025-06-20,TOR202506200,TOR,"Clase, Jonatan",clasj001,3,1,1B,1B,1,field_out,8,0,7
2025-06-20,TOR202506200,TOR,"Bichette, Bo",bichb001,4,2,2B,2B,1,single,8,0,7
2025-06-20,TOR202506200,TOR,"Barger, Addison",barga001,4,2,1B,1B,1,walk,8,1,7
2025-06-20,TOR202506200,TOR,"Guerrero, Vladimir",guerv002,4,2,1B+2B,1B+2B,1,field_out,8,1,7
2025-06-20,TOR202506200,TOR,"Springer, George",sprig001,4,0,empty,empty,1,field_out,9,1,7
2025-06-20,TOR202506200,TOR,"Gimenez, Andres",gimea001,4,1,empty,empty,1,strikeout,9,1,7
2025-06-20,TOR202506200,TOR,"Clement, Ernie",cleme002,4,2,empty,empty,1,single,9,1,7
2025-06-20,TOR202506200,TOR,"Lukes, Nathan",luken001,4,2,1B,1B,1,field_out,9,1,7
2025-06-21,TOR202506210,TOR,"Bichette, Bo",bichb001,1,0,empty,empty,1,home_run,1,0,0
2025-06-21,TOR202506210,TOR,"Lukes, Nathan",luken001,1,0,empty,empty,1,field_out,1,1,0
2025-06-21,TOR202506210,TOR,"Guerrero, Vladimir",guerv002,1,1,empty,empty,1,field_out,1,1,0
2025-06-21,TOR202506210,TOR,"Kirk, Alejandro",kirka001,1,2,empty,empty,1,field_out,1,1,0
2025-06-21,TOR202506210,TOR,"Springer, George",sprig001,1,0,empty,empty,1,single,2,1,0
2025-06-21,TOR202506210,TOR,"Clement, Ernie",cleme002,1,0,1B,1B,1,single,2,1,0
2025-06-21,TOR202506210,TOR,"Gimenez, Andres",gimea001,1,0,3B,3B,1,field_out,2,2,0
2025-06-21,TOR202506210,TOR,"Schneider, Davis",schnd001,1,1,3B,3B,1,single,2,2,0
2025-06-21,TOR202506210,TOR,"Straw, Myles",stram002,1,1,1B,1B,1,single,2,3,0
2025-06-21,TOR202506210,TOR,"Bichette, Bo",bichb001,2,1,1B+3B,1B+3B,1,field_out,2,3,0
2025-06-21,TOR202506210,TOR,"Lukes, Nathan",luken001,2,2,1B+3B,1B+3B,1,single,2,3,0
2025-06-21,TOR202506210,TOR,"Guerrero, Vladimir",guerv002,2,2,1B+2B,1B+2B,1,strikeout,2,4,0
2025-06-21,TOR202506210,TOR,"Kirk, Alejandro",kirka001,2,0,empty,empty,1,field_out,3,4,0
2025-06-21,TOR202506210,TOR,"Springer, George",sprig001,2,1,empty,empty,1,field_out,3,4,0
2025-06-21,TOR202506210,TOR,"Clement, Ernie",cleme002,2,2,empty,empty,1,field_out,3,4,0
2025-06-21,TOR202506210,TOR,"Gimenez, Andres",gimea001,2,0,empty,empty,1,field_out,4,4,0
2025-06-21,TOR202506210,TOR,"Schneider, Davis",schnd001,2,1,empty,empty,1,field_out,4,4,0
2025-06-21,TOR202506210,TOR,"Straw, Myles",stram002,2,2,empty,empty,1,field_out,4,4,0
2025-06-21,TOR202506210,TOR,"Bichette, Bo",bichb001,3,0,empty,empty,1,field_out,5,4,0
2025-06-21,TOR202506210,TOR,"Lukes, Nathan",luken001,3,1,empty,empty,1,single,5,4,0
2025-06-21,TOR202506210,TOR,"Guerrero, Vladimir",guerv002,3,1,1B,1B,1,field_out,5,4,0
2025-06-21,TOR202506210,TOR,"Kirk, Alejandro",kirka001,3,2,1B,1B,1,single,5,4,0
2025-06-21,TOR202506210,TOR,"Springer, George",sprig001,3,2,1B+2B,1B+2B,1,strikeout,5,4,0
2025-06-21,TOR202506210,TOR,"Clement, Ernie",cleme002,3,0,empty,empty,1,field_out,6,4,1
2025-06-21,TOR202506210,TOR,"Gimenez, Andres",gimea001,3,1,empty,empty,1,field_out,6,4,1
2025-06-21,TOR202506210,TOR,"Schneider, Davis",schnd001,3,2,empty,empty,1,walk,6,4,1
2025-06-21,TOR202506210,TOR,"Straw, Myles",stram002,3,2,1B,1B,1,field_out,6,4,1
2025-06-21,TOR202506210,TOR,"Bichette, Bo",bichb001,4,0,empty,empty,1,field_out,7,4,1
2025-06-21,TOR202506210,TOR,"Lukes, Nathan",luken001,4,1,empty,empty,1,field_out,7,4,1
2025-06-21,TOR202506210,TOR,"Guerrero, Vladimir",guerv002,4,2,empty,empty,1,home_run,7,4,1
2025-06-21,TOR202506210,TOR,"Kirk, Alejandro",kirka001,4,2,empty,empty,1,field_out,7,5,1
2025-06-21,TOR202506210,TOR,"Springer, George",sprig001,4,0,empty,empty,1,single,8,5,1
2025-06-21,TOR202506210,TOR,"Clement, Ernie",cleme002,4,0,1B,1B,1,single,8,5,1
2025-06-21,TOR202506210,TOR,"Gimenez, Andres",gimea001,4,0,1B+2B,1B+2B,1,field_out,8,5,1
2025-06-21,TOR202506210,TOR,"Schneider, Davis",schnd001,4,1,1B+2B,1B+2B,1,double,8,5,1
2025-06-21,TOR202506210,TOR,"Straw, Myles",stram002,4,1,2B,2B,1,field_out,8,7,1
2025-06-21,TOR202506210,TOR,"Bichette, Bo",bichb001,5,2,2B,2B,1,field_out,8,7,1
2025-06-22,TOR202506220,TOR,"Bichette, Bo",bichb001,1,0,empty,empty,1,field_out,1,0,0
2025-06-22,TOR202506220,TOR,"Barger, Addison",barga001,1,1,empty,empty,1,field_out,1,0,0
2025-06-22,TOR202506220,TOR,"Guerrero, Vladimir",guerv002,1,2,empty,empty,1,walk,1,0,0
2025-06-22,TOR202506220,TOR,"Kirk, Alejandro",kirka001,1,2,1B,1B,1,field_out,1,0,0
2025-06-22,TOR202506220,TOR,"Lukes, Nathan",luken001,1,0,empty,empty,1,field_out,2,0,0
2025-06-22,TOR202506220,TOR,"Clement, Ernie",cleme002,1,1,empty,empty,1,single,2,0,0
2025-06-22,TOR202506220,TOR,"Gimenez, Andres",gimea001,1,1,1B,1B,1,field_out,2,0,0
2025-06-22,TOR202506220,TOR,"Straw, Myles",stram002,1,2,1B,2B,0,field_out,2,0,0
2025-06-22,TOR202506220,TOR,"Roden, Alan",rodea001,1,0,empty,empty,1,strikeout,3,0,0
2025-06-22,TOR202506220,TOR,"Bichette, Bo",bichb001,2,1,empty,empty,1,strikeout,3,0,0
2025-06-22,TOR202506220,TOR,"Barger, Addison",barga001,2,2,empty,empty,1,strikeout,3,0,0
2025-06-22,TOR202506220,TOR,"Guerrero, Vladimir",guerv002,2,0,empty,empty,1,field_out,4,0,1
2025-06-22,TOR202506220,TOR,"Kirk, Alejandro",kirka001,2,1,empty,empty,1,field_out,4,0,1
2025-06-22,TOR202506220,TOR,"Lukes, Nathan",luken001,2,2,empty,empty,1,field_out,4,0,1
2025-06-22,TOR202506220,TOR,"Clement, Ernie",cleme002,2,0,empty,empty,1,field_out,5,0,1
2025-06-22,TOR202506220,TOR,"Gimenez, Andres",gimea001,2,1,empty,empty,1,single,5,0,1
2025-06-22,TOR202506220,TOR,"Straw, Myles",stram002,2,1,1B,1B,1,double,5,0,1
2025-06-22,TOR202506220,TOR,"Roden, Alan",rodea001,2,1,2B+3B,2B+3B,1,fielders_choice_out,5,0,1
2025-06-22,TOR202506220,TOR,"Bichette, Bo",bichb001,3,2,1B+3B,1B+3B,1,single,5,0,1
2025-06-22,TOR202506220,TOR,"Barger, Addison",barga001,3,2,1B+2B,1B+2B,1,walk,5,1,1
2025-06-22,TOR202506220,TOR,"Guerrero, Vladimir",guerv002,3,2,1B+2B+3B,1B+2B+3B,1,field_out,5,1,1
2025-06-22,TOR202506220,TOR,"Kirk, Alejandro",kirka001,3,0,empty,empty,1,field_out,6,1,1
2025-06-22,TOR202506220,TOR,"Lukes, Nathan",luken001,3,1,empty,empty,1,walk,6,1,1
2025-06-22,TOR202506220,TOR,"Clement, Ernie",cleme002,3,1,1B,1B,1,single,6,1,1
2025-06-22,TOR202506220,TOR,"Gimenez, Andres",gimea001,3,1,1B+2B,1B+2B,1,strikeout,6,1,1
2025-06-22,TOR202506220,TOR,"Straw, Myles",stram002,3,2,1B+2B,1B+2B,1,field_out,6,1,1
2025-06-22,TOR202506220,TOR,"Roden, Alan",rodea001,3,0,empty,empty,1,triple,7,1,1
2025-06-22,TOR202506220,TOR,"Bichette, Bo",bichb001,4,0,3B,3B,1,single,7,1,1
2025-06-22,TOR202506220,TOR,"Barger, Addison",barga001,4,0,1B,1B,1,field_out,7,2,1
2025-06-22,TOR202506220,TOR,"Guerrero, Vladimir",guerv002,4,1,2B,2B,1,walk,7,2,1
2025-06-22,TOR202506220,TOR,"Kirk, Alejandro",kirka001,4,1,1B+2B,1B+3B,0,fielders_choice_out,7,2,1
2025-06-22,TOR202506220,TOR,"Lukes, Nathan",luken001,4,2,1B+2B,1B+2B,1,strikeout,7,2,1
2025-06-22,TOR202506220,TOR,"Clement, Ernie",cleme002,4,0,empty,empty,1,field_out,8,2,4
2025-06-22,TOR202506220,TOR,"Gimenez, Andres",gimea001,4,1,empty,empty,1,field_out,8,2,4
2025-06-22,TOR202506220,TOR,"Straw, Myles",stram002,4,2,empty,empty,1,field_out,8,2,4
2025-06-22,TOR202506220,TOR,"Springer, George",sprig001,1,0,empty,empty,1,single,9,2,4
2025-06-22,TOR202506220,TOR,"Bichette, Bo",bichb001,5,0,1B,1B,1,grounded_into_double_play,9,2,4
2025-06-22,TOR202506220,TOR,"Barger, Addison",barga001,5,2,empty,empty,1,strikeout,9,2,4
2025-06-24,CLE202506240,TOR,"Bichette, Bo",bichb001,1,0,empty,empty,1,single,1,0,0
2025-06-24,CLE202506240,TOR,"Clement, Ernie",cleme002,1,0,1B,1B,1,double,1,0,0
2025-06-24,CLE202506240,TOR,"Guerrero, Vladimir",guerv002,1,0,2B,2B,1,field_out,1,1,0
2025-06-24,CLE202506240,TOR,"Kirk, Alejandro",kirka001,1,1,2B,2B,1,single,1,1,0
2025-06-24,CLE202506240,TOR,"Springer, George",sprig001,1,1,1B,1B,1,field_out,1,2,0
2025-06-24,CLE202506240,TOR,"Schneider, Davis",schnd001,1,2,2B,2B,1,strikeout,1,2,0
2025-06-24,CLE202506240,TOR,"Clase, Jonatan",clasj001,1,0,empty,empty,1,single,2,2,0
2025-06-24,CLE202506240,TOR,"Straw, Myles",stram002,1,0,1B,1B,1,field_out,2,2,0
2025-06-24,CLE202506240,TOR,"Gimenez, Andres",gimea001,1,2,1B,empty,0,strikeout,2,2,0
2025-06-24,CLE202506240,TOR,"Bichette, Bo",bichb001,2,0,empty,empty,1,field_out,3,2,0
2025-06-24,CLE202506240,TOR,"Clement, Ernie",cleme002,2,1,empty,empty,1,field_out,3,2,0
2025-06-24,CLE202506240,TOR,"Guerrero, Vladimir",guerv002,2,2,empty,empty,1,single,3,2,0
2025-06-24,CLE202506240,TOR,"Kirk, Alejandro",kirka001,2,2,1B,1B,1,field_out,3,2,0
2025-06-24,CLE202506240,TOR,"Springer, George",sprig001,2,0,empty,empty,1,single,4,2,0
2025-06-24,CLE202506240,TOR,"Schneider, Davis",schnd001,2,0,1B,2B,0,strikeout,4,2,0
2025-06-24,CLE202506240,TOR,"Clase, Jonatan",clasj001,2,1,2B,2B,1,field_out,4,2,0
2025-06-24,CLE202506240,TOR,"Straw, Myles",stram002,2,2,2B,2B,1,field_error,4,2,0
2025-06-24,CLE202506240,TOR,"Gimenez, Andres",gimea001,2,2,3B,3B,1,field_out,4,3,0
2025-06-24,CLE202506240,TOR,"Bichette, Bo",bichb001,3,0,empty,empty,1,field_out,5,3,0
2025-06-24,CLE202506240,TOR,"Clement, Ernie",cleme002,3,1,empty,empty,1,walk,5,3,0
2025-06-24,CLE202506240,TOR,"Guerrero, Vladimir",guerv002,3,1,1B,1B,1,strikeout,5,3,0
2025-06-24,CLE202506240,TOR,"Kirk, Alejandro",kirka001,3,2,2B,2B,1,single,5,3,0
2025-06-24,CLE202506240,TOR,"Springer, George",sprig001,3,2,1B,1B,1,field_out,5,4,0
2025-06-24,CLE202506240,TOR,"Schneider, Davis",schnd001,3,0,empty,empty,1,field_out,6,4,0
2025-06-24,CLE202506240,TOR,"Clase, Jonatan",clasj001,3,1,empty,empty,1,walk,6,4,0
2025-06-24,CLE202506240,TOR,"Straw, Myles",stram002,3,1,1B,1B,1,single,6,4,0
2025-06-24,CLE202506240,TOR,"Gimenez, Andres",gimea001,3,1,2B+3B,2B+3B,1,fielders_choice_out,6,4,0
2025-06-24,CLE202506240,TOR,"Bichette, Bo",bichb001,4,2,1B+3B,1B+3B,1,strikeout,6,4,0
2025-06-24,CLE202506240,TOR,"Clement, Ernie",cleme002,4,0,empty,empty,1,field_out,7,4,1
2025-06-24,CLE202506240,TOR,"Guerrero, Vladimir",guerv002,4,1,empty,empty,1,single,7,4,1
2025-06-24,CLE202506240,TOR,"Kirk, Alejandro",kirka001,4,1,1B,1B,1,field_out,7,4,1
2025-06-24,CLE202506240,TOR,"Springer, George",sprig001,4,2,1B,1B,1,single,7,4,1
2025-06-24,CLE202506240,TOR,"Schneider, Davis",schnd001,4,2,1B+2B,1B+2B,1,walk,7,4,1
2025-06-24,CLE202506240,TOR,"Clase, Jonatan",clasj001,4,2,1B+2B+3B,1B+2B+3B,1,single,7,4,1
2025-06-24,CLE202506240,TOR,"Straw, Myles",stram002,4,2,1B+3B,1B+3B,1,field_out,7,6,1
2025-06-24,CLE202506240,TOR,"Gimenez, Andres",gimea001,4,0,empty,empty,1,single,8,6,4
2025-06-24,CLE202506240,TOR,"Bichette, Bo",bichb001,5,0,1B,1B,1,field_out,8,6,4
2025-06-24,CLE202506240,TOR,"Clement, Ernie",cleme002,5,1,1B,1B,1,single,8,6,4
2025-06-24,CLE202506240,TOR,"Guerrero, Vladimir",guerv002,5,1,1B+3B,1B+3B,1,fielders_choice_out,8,6,4
2025-06-24,CLE202506240,TOR,"Kirk, Alejandro",kirka001,5,2,1B+2B,1B+2B,1,walk,8,6,4
2025-06-24,CLE202506240,TOR,"Springer, George",sprig001,5,2,1B+2B+3B,1B+2B+3B,1,home_run,8,6,4
2025-06-24,CLE202506240,TOR,"Lukes, Nathan",luken001,1,2,empty,empty,1,strikeout,8,10,4
2025-06-24,CLE202506240,TOR,"Clase, Jonatan",clasj001,5,0,empty,empty,1,field_out,9,10,5
2025-06-24,CLE202506240,TOR,"Straw, Myles",stram002,5,1,empty,empty,1,walk,9,10,5
2025-06-24,CLE202506240,TOR,"Gimenez, Andres",gimea001,5,1,1B,1B,1,field_out,9,10,5
2025-06-24,CLE202506240,TOR,"Bichette, Bo",bichb001,6,2,1B,1B,1,strikeout,9,10,5
2025-06-25,CLE202506250,TOR,"Bichette, Bo",bichb001,1,0,empty,empty,1,field_out,1,0,0
2025-06-25,CLE202506250,TOR,"Barger, Addison",barga001,1,1,empty,empty,1,strikeout,1,0,0
2025-06-25,CLE202506250,TOR,"Guerrero, Vladimir",guerv002,1,2,empty,empty,1,field_out,1,0,0
2025-06-25,CLE202506250,TOR,"Kirk, Alejandro",kirka001,1,0,empty,empty,1,field_out,2,0,1
2025-06-25,CLE202506250,TOR,"Springer, George",sprig001,1,1,empty,empty,1,field_out,2,0,1
2025-06-25,CLE202506250,TOR,"Lukes, Nathan",luken001,1,2,empty,empty,1,field_out,2,0,1
2025-06-25,CLE202506250,TOR,"Clement, Ernie",cleme002,1,0,empty,empty,1,field_out,3,0,1
2025-06-25,CLE202506250,TOR,"Roden, Alan",rodea001,1,1,empty,empty,1,strikeout,3,0,1
2025-06-25,CLE202506250,TOR,"Gimenez, Andres",gimea001,1,2,empty,empty,1,double,3,0,1
2025-06-25,CLE202506250,TOR,"Bichette, Bo",bichb001,2,2,2B,2B,1,field_out,3,0,1
2025-06-25,CLE202506250,TOR,"Barger, Addison",barga001,2,0,empty,empty,1,field_out,4,0,1
2025-06-25,CLE202506250,TOR,"Guerrero, Vladimir",guerv002,2,1,empty,empty,1,home_run,4,0,1
2025-06-25,CLE202506250,TOR,"Kirk, Alejandro",kirka001,2,1,empty,empty,1,field_out,4,1,1
2025-06-25,CLE202506250,TOR,"Springer, George",sprig001,2,2,empty,empty,1,single,4,1,1
2025-06-25,CLE202506250,TOR,"Lukes, Nathan",luken001,2,2,1B,1B,1,field_out,4,1,1
2025-06-25,CLE202506250,TOR,"Clement, Ernie",cleme002,2,0,empty,empty,1,walk,5,1,3
2025-06-25,CLE202506250,TOR,"Roden, Alan",rodea001,2,0,1B,1B,1,field_out,5,1,3
2025-06-25,CLE202506250,TOR,"Gimenez, Andres",gimea001,2,2,1B,empty,0,field_out,5,1,3
2025-06-25,CLE202506250,TOR,"Bichette, Bo",bichb001,3,0,empty,empty,1,field_out,6,1,3
2025-06-25,CLE202506250,TOR,"Barger, Addison",barga001,3,1,empty,empty,1,single,6,1,3
2025-06-25,CLE202506250,TOR,"Guerrero, Vladimir",guerv002,3,1,1B,1B,1,walk,6,1,3
2025-06-25,CLE202506250,TOR,"Kirk, Alejandro",kirka001,3,1,1B+2B,1B+2B,1,walk,6,1,3
2025-06-25,CLE202506250,TOR,"Springer, George",sprig001,3,1,1B+2B+3B,1B+2B+3B,1,single,6,1,3
2025-06-25,CLE202506250,TOR,"Lukes, Nathan",luken001,3,1,1B+2B,1B+2B,1,fielders_choice,6,3,3
2025-06-25,CLE202506250,TOR,"Clement, Ernie",cleme002,3,1,1B+2B+3B,1B+2B+3B,1,sac_fly,6,3,3
2025-06-25,CLE202506250,TOR,"Roden, Alan",rodea001,3,2,1B+2B,1B+2B,1,field_out,6,4,3
2025-06-25,CLE202506250,TOR,"Gimenez, Andres",gimea001,3,0,empty,empty,1,strikeout,7,4,4
2025-06-25,CLE202506250,TOR,"Bichette, Bo",bichb001,4,1,empty,empty,1,field_out,7,4,4
2025-06-25,CLE202506250,TOR,"Barger, Addison",barga001,4,2,empty,empty,1,field_out,7,4,4
2025-06-25,CLE202506250,TOR,"Guerrero, Vladimir",guerv002,4,0,empty,empty,1,hit_by_pitch,8,4,4
2025-06-25,CLE202506250,TOR,"Kirk, Alejandro",kirka001,4,0,1B,1B,1,single,8,4,4
2025-06-25,CLE202506250,TOR,"Springer, George",sprig001,4,0,1B+2B,1B+2B,1,field_out,8,4,4
2025-06-25,CLE202506250,TOR,"Lukes, Nathan",luken001,4,1,2B+3B,2B+3B,1,intent_walk,8,4,4
2025-06-25,CLE202506250,TOR,"Clement, Ernie",cleme002,4,1,1B+2B+3B,1B+2B+3B,1,strikeout,8,4,4
2025-06-25,CLE202506250,TOR,"Roden, Alan",rodea001,4,2,1B+2B+3B,1B+2B+3B,1,strikeout,8,4,4
2025-06-25,CLE202506250,TOR,"Gimenez, Andres",gimea001,4,0,empty,empty,1,field_out,9,4,4
2025-06-25,CLE202506250,TOR,"Bichette, Bo",bichb001,5,1,empty,empty,1,single,9,4,4
2025-06-25,CLE202506250,TOR,"Barger, Addison",barga001,5,1,1B,1B,1,strikeout,9,4,4
2025-06-25,CLE202506250,TOR,"Guerrero, Vladimir",guerv002,5,2,1B,1B,1,field_out,9,4,4
2025-06-25,CLE202506250,TOR,"Heineman, Tyler",heint001,1,0,2B,2B,1,strikeout,10,4,4
2025-06-25,CLE202506250,TOR,"Springer, George",sprig001,5,1,2B,2B,1,walk,10,4,4
2025-06-25,CLE202506250,TOR,"Lukes, Nathan",luken001,5,1,1B+2B,1B+2B,1,field_out,10,4,4
2025-06-25,CLE202506250,TOR,"Clement, Ernie",cleme002,5,2,1B+3B,2B+3B,0,field_out,10,4,4
2025-06-26,CLE202506260,TOR,"Bichette, Bo",bichb001,1,0,empty,empty,1,strikeout,1,0,0
2025-06-26,CLE202506260,TOR,"Lukes, Nathan",luken001,1,1,empty,empty,1,field_out,1,0,0
2025-06-26,CLE202506260,TOR,"Guerrero, Vladimir",guerv002,1,2,empty,empty,1,field_out,1,0,0
2025-06-26,CLE202506260,TOR,"Barger, Addison",barga001,1,0,empty,empty,1,strikeout,2,0,0
2025-06-26,CLE202506260,TOR,"Clement, Ernie",cleme002,1,1,empty,empty,1,field_out,2,0,0
2025-06-26,CLE202506260,TOR,"Gimenez, Andres",gimea001,1,2,empty,empty,1,strikeout,2,0,0
2025-06-26,CLE202506260,TOR,"Clase, Jonatan",clasj001,1,0,empty,empty,1,single,3,0,0
2025-06-26,CLE202506260,TOR,"Heineman, Tyler",heint001,1,0,1B,1B,1,hit_by_pitch,3,0,0
2025-06-26,CLE202506260,TOR,"Straw, Myles",stram002,1,0,1B+2B,1B+2B,1,sac_bunt,3,0,0
2025-06-26,CLE202506260,TOR,"Bichette, Bo",bichb001,2,0,1B+2B+3B,1B+2B+3B,1,strikeout,3,0,0
2025-06-26,CLE202506260,TOR,"Lukes, Nathan",luken001,2,1,1B+2B+3B,1B+2B+3B,1,single,3,0,0
2025-06-26,CLE202506260,TOR,"Guerrero, Vladimir",guerv002,2,1,1B+3B,2B,0,hit_by_pitch,3,3,0
2025-06-26,CLE202506260,TOR,"Barger, Addison",barga001,2,1,1B+2B,2B+3B,0,strikeout,3,3,0
2025-06-26,CLE202506260,TOR,"Clement, Ernie",cleme002,2,2,2B+3B,2B+3B,1,field_out,3,3,0
2025-06-26,CLE202506260,TOR,"Gimenez, Andres",gimea001,2,0,empty,empty,1,field_out,4,3,0
2025-06-26,CLE202506260,TOR,"Clase, Jonatan",clasj001,2,1,empty,empty,1,field_out,4,3,0
2025-06-26,CLE202506260,TOR,"Heineman, Tyler",heint001,2,2,empty,empty,1,field_out,4,3,0
2025-06-26,CLE202506260,TOR,"Straw, Myles",stram002,2,0,empty,empty,1,single,5,3,0
2025-06-26,CLE202506260,TOR,"Bichette, Bo",bichb001,3,0,1B,1B,1,field_out,5,3,0
2025-06-26,CLE202506260,TOR,"Lukes, Nathan",luken001,3,1,1B,2B,0,strikeout,5,3,0
2025-06-26,CLE202506260,TOR,"Schneider, Davis",schnd001,1,2,2B,2B,1,strikeout,5,3,0
2025-06-26,CLE202506260,TOR,"Barger, Addison",barga001,3,0,empty,empty,1,field_out,6,3,0
2025-06-26,CLE202506260,TOR,"Clement, Ernie",cleme002,3,1,empty,empty,1,field_out,6,3,0
2025-06-26,CLE202506260,TOR,"Gimenez, Andres",gimea001,3,2,empty,empty,1,field_out,6,3,0
2025-06-26,CLE202506260,TOR,"Clase, Jonatan",clasj001,3,0,empty,empty,1,strikeout,7,3,0
2025-06-26,CLE202506260,TOR,"Heineman, Tyler",heint001,3,1,empty,empty,1,field_out,7,3,0
2025-06-26,CLE202506260,TOR,"Straw, Myles",stram002,3,2,empty,empty,1,field_out,7,3,0
2025-06-26,CLE202506260,TOR,"Bichette, Bo",bichb001,4,0,empty,empty,1,field_out,8,3,0
2025-06-26,CLE202506260,TOR,"Lukes, Nathan",luken001,4,1,empty,empty,1,walk,8,3,0
2025-06-26,CLE202506260,TOR,"Schneider, Davis",schnd001,2,1,1B,1B,1,grounded_into_double_play,8,3,0
2025-06-26,CLE202506260,TOR,"Barger, Addison",barga001,4,0,empty,empty,1,single,9,3,0
2025-06-26,CLE202506260,TOR,"Clement, Ernie",cleme002,4,0,1B,1B,1,walk,9,3,0
2025-06-26,CLE202506260,TOR,"Gimenez, Andres",gimea001,4,0,1B+2B,1B+2B,1,strikeout,9,3,0
2025-06-26,CLE202506260,TOR,"Clase, Jonatan",clasj001,4,1,1B+2B,1B+2B,1,walk,9,3,0
2025-06-26,CLE202506260,TOR,"Kirk, Alejandro",kirka001,1,1,1B+2B+3B,1B+2B+3B,1,single,9,3,0
2025-06-26,CLE202506260,TOR,"Straw, Myles",stram002,4,1,1B,1B,1,single,9,6,0
2025-06-26,CLE202506260,TOR,"Bichette, Bo",bichb001,5,2,2B,2B,1,field_out,9,6,0
2025-06-27,BOS202506270,TOR,"Bichette, Bo",bichb001,1,0,empty,empty,1,field_out,1,0,0
2025-06-27,BOS202506270,TOR,"Barger, Addison",barga001,1,1,empty,empty,1,strikeout,1,0,0
2025-06-27,BOS202506270,TOR,"Guerrero, Vladimir",guerv002,1,2,empty,empty,1,single,1,0,0
2025-06-27,BOS202506270,TOR,"Kirk, Alejandro",kirka001,1,2,1B,2B,0,walk,1,0,0
2025-06-27,BOS202506270,TOR,"Springer, George",sprig001,1,2,1B+2B,1B+2B,1,single,1,0,0
2025-06-27,BOS202506270,TOR,"Lukes, Nathan",luken001,1,2,1B+2B,1B+2B,1,field_out,1,1,0
2025-06-27,BOS202506270,TOR,"Clement, Ernie",cleme002,1,0,empty,empty,1,walk,2,1,0
2025-06-27,BOS202506270,TOR,"Gimenez, Andres",gimea001,1,0,1B,1B,1,single,2,1,0
2025-06-27,BOS202506270,TOR,"Clase, Jonatan",clasj001,1,0,1B+2B,1B+2B,1,field_out,2,1,0
2025-06-27,BOS202506270,TOR,"Bichette, Bo",bichb001,2,1,1B+2B,1B+2B,1,single,2,1,0
2025-06-27,BOS202506270,TOR,"Barger, Addison",barga001,2,1,1B+2B,1B+2B,1,field_out,2,2,0
2025-06-27,BOS202506270,TOR,"Guerrero, Vladimir",guerv002,2,2,2B+3B,2B+3B,1,field_out,2,2,0
2025-06-27,BOS202506270,TOR,"Kirk, Alejandro",kirka001,2,0,empty,empty,1,field_out,3,2,0
2025-06-27,BOS202506270,TOR,"Springer, George",sprig001,2,1,empty,empty,1,single,3,2,0
2025-06-27,BOS202506270,TOR,"Lukes, Nathan",luken001,2,1,1B,1B,1,field_out,3,2,0
2025-06-27,BOS202506270,TOR,"Clement, Ernie",cleme002,2,2,1B,2B,0,single,3,2,0
2025-06-27,BOS202506270,TOR,"Gimenez, Andres",gimea001,2,2,1B,1B,1,single,3,3,0
2025-06-27,BOS202506270,TOR,"Clase, Jonatan",clasj001,2,0,1B+2B,empty,0,field_out,4,3,0
2025-06-27,BOS202506270,TOR,"Bichette, Bo",bichb001,3,1,empty,empty,1,field_out,4,3,0
2025-06-27,BOS202506270,TOR,"Barger, Addison",barga001,3,2,empty,empty,1,field_out,4,3,0
2025-06-27,BOS202506270,TOR,"Guerrero, Vladimir",guerv002,3,0,empty,empty,1,field_out,5,3,0
2025-06-27,BOS202506270,TOR,"Kirk, Alejandro",kirka001,3,1,empty,empty,1,single,5,3,0
2025-06-27,BOS202506270,TOR,"Springer, George",sprig001,3,1,1B,1B,1,field_out,5,3,0
2025-06-27,BOS202506270,TOR,"Lukes, Nathan",luken001,3,2,1B,1B,1,field_out,5,3,0
2025-06-27,BOS202506270,TOR,"Clement, Ernie",cleme002,3,0,empty,empty,1,walk,6,3,0
2025-06-27,BOS202506270,TOR,"Gimenez, Andres",gimea001,3,0,1B,1B,1,field_out,6,3,0
2025-06-27,BOS202506270,TOR,"Clase, Jonatan",clasj001,3,1,1B,1B,1,field_out,6,3,0
2025-06-27,BOS202506270,TOR,"Bichette, Bo",bichb001,4,2,2B,2B,1,field_out,6,3,0
2025-06-27,BOS202506270,TOR,"Barger, Addison",barga001,4,0,empty,empty,1,double,7,3,0
2025-06-27,BOS202506270,TOR,"Guerrero, Vladimir",guerv002,4,0,2B,2B,1,walk,7,3,0
2025-06-27,BOS202506270,TOR,"Kirk, Alejandro",kirka001,4,0,1B+2B,1B+2B,1,double,7,3,0
2025-06-27,BOS202506270,TOR,"Springer, George",sprig001,4,0,2B+3B,2B+3B,1,field_out,7,4,0
2025-06-27,BOS202506270,TOR,"Straw, Myles",stram002,1,1,2B+3B,2B+3B,1,field_out,7,4,0
2025-06-27,BOS202506270,TOR,"Clement, Ernie",cleme002,4,2,2B+3B,2B+3B,1,intent_walk,7,4,0
2025-06-27,BOS202506270,TOR,"Gimenez, Andres",gimea001,4,2,1B+2B+3B,1B+2B+3B,1,walk,7,4,0
2025-06-27,BOS202506270,TOR,"Clase, Jonatan",clasj001,4,2,1B+2B+3B,1B+2B+3B,1,field_out,7,5,0
2025-06-27,BOS202506270,TOR,"Bichette, Bo",bichb001,5,0,empty,empty,1,field_out,8,5,0
2025-06-27,BOS202506270,TOR,"Barger, Addison",barga001,5,1,empty,empty,1,walk,8,5,0
2025-06-27,BOS202506270,TOR,"Guerrero, Vladimir",guerv002,5,1,1B,1B,1,single,8,5,0
2025-06-27,BOS202506270,TOR,"Kirk, Alejandro",kirka001,5,1,1B+2B,1B+2B,1,walk,8,5,0
2025-06-27,BOS202506270,TOR,"Springer, George",sprig001,5,1,1B+2B+3B,1B+2B+3B,1,single,8,5,0
2025-06-27,BOS202506270,TOR,"Straw, Myles",stram002,2,1,1B+2B+3B,1B+2B+3B,1,sac_fly,8,6,0
2025-06-27,BOS202506270,TOR,"Clement, Ernie",cleme002,5,2,1B+2B,1B+2B,1,single,8,7,0
2025-06-27,BOS202506270,TOR,"Gimenez, Andres",gimea001,5,2,1B+2B+3B,1B+2B+3B,1,single,8,7,0
2025-06-27,BOS202506270,TOR,"Clase, Jonatan",clasj001,5,2,1B+3B,2B+3B,0,strikeout,8,9,0
2025-06-27,BOS202506270,TOR,"Bichette, Bo",bichb001,6,0,empty,empty,1,single,9,9,0
2025-06-27,BOS202506270,TOR,"Barger, Addison",barga001,6,0,1B,1B,1,grounded_into_double_play,9,9,0
2025-06-27,BOS202506270,TOR,"Roden, Alan",rodea001,1,2,empty,empty,1,double,9,9,0
2025-06-27,BOS202506270,TOR,"Kirk, Alejandro",kirka001,6,2,2B,2B,1,field_out,9,9,0
2025-06-28,BOS202506280,TOR,"Bichette, Bo",bichb001,1,0,empty,empty,1,field_out,1,0,0
2025-06-28,BOS202506280,TOR,"Barger, Addison",barga001,1,1,empty,empty,1,strikeout,1,0,0
2025-06-28,BOS202506280,TOR,"Guerrero, Vladimir",guerv002,1,2,empty,empty,1,field_out,1,0,0
2025-06-28,BOS202506280,TOR,"Kirk, Alejandro",kirka001,1,0,empty,empty,1,field_out,2,0,3
2025-06-28,BOS202506280,TOR,"Springer, George",sprig001,1,1,empty,empty,1,single,2,0,3
2025-06-28,BOS202506280,TOR,"Lukes, Nathan",luken001,1,1,1B,1B,1,field_out,2,0,3
2025-06-28,BOS202506280,TOR,"Clement, Ernie",cleme002,1,2,2B,2B,1,field_out,2,0,3
2025-06-28,BOS202506280,TOR,"Gimenez, Andres",gimea001,1,0,empty,empty,1,strikeout,3,0,6
2025-06-28,BOS202506280,TOR,"Straw, Myles",stram002,1,1,empty,empty,1,field_error,3,0,6
2025-06-28,BOS202506280,TOR,"Bichette, Bo",bichb001,2,1,1B,1B,1,strikeout,3,0,6
2025-06-28,BOS202506280,TOR,"Barger, Addison",barga001,2,2,1B,1B,1,double,3,0,6
2025-06-28,BOS202506280,TOR,"Guerrero, Vladimir",guerv002,2,2,2B,2B,1,field_out,3,1,6
2025-06-28,BOS202506280,TOR,"Kirk, Alejandro",kirka001,2,0,empty,empty,1,single,4,1,9
2025-06-28,BOS202506280,TOR,"Springer, George",sprig001,2,0,1B,1B,1,field_out,4,1,9
2025-06-28,BOS202506280,TOR,"Lukes, Nathan",luken001,2,1,1B,1B,1,walk,4,1,9
2025-06-28,BOS202506280,TOR,"Clement, Ernie",cleme002,2,1,1B+2B,1B+2B,1,field_out,4,1,9
2025-06-28,BOS202506280,TOR,"Gimenez, Andres",gimea001,2,2,1B+2B,1B+2B,1,strikeout,4,1,9
2025-06-28,BOS202506280,TOR,"Straw, Myles",stram002,2,0,empty,empty,1,field_out,5,1,9
2025-06-28,BOS202506280,TOR,"Bichette, Bo",bichb001,3,1,empty,empty,1,single,5,1,9
2025-06-28,BOS202506280,TOR,"Barger, Addison",barga001,3,1,1B,1B,1,field_out,5,1,9
2025-06-28,BOS202506280,TOR,"Guerrero, Vladimir",guerv002,3,2,1B,1B,1,field_out,5,1,9
2025-06-28,BOS202506280,TOR,"Kirk, Alejandro",kirka001,3,0,empty,empty,1,field_out,6,1,9
2025-06-28,BOS202506280,TOR,"Springer, George",sprig001,3,1,empty,empty,1,field_out,6,1,9
2025-06-28,BOS202506280,TOR,"Lukes, Nathan",luken001,3,2,empty,empty,1,field_out,6,1,9
2025-06-28,BOS202506280,TOR,"Clement, Ernie",cleme002,3,0,empty,empty,1,single,7,1,12
2025-06-28,BOS202506280,TOR,"Gimenez, Andres",gimea001,3,0,1B,1B,1,field_out,7,1,12
2025-06-28,BOS202506280,TOR,"Straw, Myles",stram002,3,1,1B,1B,1,field_out,7,1,12
2025-06-28,BOS202506280,TOR,"Wagner, Will",wagnw001,1,2,1B,1B,1,single,7,1,12
2025-06-28,BOS202506280,TOR,"Barger, Addison",barga001,4,2,1B+3B,1B+3B,1,strikeout,7,1,12
2025-06-28,BOS202506280,TOR,"Guerrero, Vladimir",guerv002,4,0,empty,empty,1,field_out,8,1,14
2025-06-28,BOS202506280,TOR,"Kirk, Alejandro",kirka001,4,1,empty,empty,1,strikeout,8,1,14
2025-06-28,BOS202506280,TOR,"Clase, Jonatan",clasj001,1,2,empty,empty,1,field_out,8,1,14
2025-06-28,BOS202506280,TOR,"Lukes, Nathan",luken001,4,0,empty,empty,1,walk,9,1,15
2025-06-28,BOS202506280,TOR,"Clement, Ernie",cleme002,4,0,1B,1B,1,field_out,9,1,15
2025-06-28,BOS202506280,TOR,"Schneider, Davis",schnd001,1,1,1B,1B,1,walk,9,1,15
2025-06-28,BOS202506280,TOR,"Straw, Myles",stram002,4,1,1B+2B,1B+2B,1,strikeout,9,1,15
2025-06-28,BOS202506280,TOR,"Wagner, Will",wagnw001,2,2,1B+2B,1B+2B,1,field_out,9,1,15
2025-06-29,BOS202506290,TOR,"Bichette, Bo",bichb001,1,0,empty,empty,1,strikeout,1,0,0
2025-06-29,BOS202506290,TOR,"Barger, Addison",barga001,1,1,empty,empty,1,home_run,1,0,0
2025-06-29,BOS202506290,TOR,"Guerrero, Vladimir",guerv002,1,1,empty,empty,1,home_run,1,1,0
2025-06-29,BOS202506290,TOR,"Springer, George",sprig001,1,1,empty,empty,1,field_out,1,2,0
2025-06-29,BOS202506290,TOR,"Lukes, Nathan",luken001,1,2,empty,empty,1,field_out,1,2,0
2025-06-29,BOS202506290,TOR,"Clement, Ernie",cleme002,1,0,empty,empty,1,field_out,2,2,0
2025-06-29,BOS202506290,TOR,"Gimenez, Andres",gimea001,1,1,empty,empty,1,field_out,2,2,0
2025-06-29,BOS202506290,TOR,"Clase, Jonatan",clasj001,1,2,empty,empty,1,field_out,2,2,0
2025-06-29,BOS202506290,TOR,"Heineman, Tyler",heint001,1,0,empty,empty,1,strikeout,3,2,2
2025-06-29,BOS202506290,TOR,"Bichette, Bo",bichb001,2,1,empty,empty,1,field_out,3,2,2
2025-06-29,BOS202506290,TOR,"Barger, Addison",barga001,2,2,empty,empty,1,strikeout,3,2,2
2025-06-29,BOS202506290,TOR,"Guerrero, Vladimir",guerv002,2,0,empty,empty,1,field_out,4,2,2
2025-06-29,BOS202506290,TOR,"Springer, George",sprig001,2,1,empty,empty,1,field_out,4,2,2
2025-06-29,BOS202506290,TOR,"Lukes, Nathan",luken001,2,2,empty,empty,1,single,4,2,2
2025-06-29,BOS202506290,TOR,"Clement, Ernie",cleme002,2,2,1B,1B,1,walk,4,2,2
2025-06-29,BOS202506290,TOR,"Gimenez, Andres",gimea001,2,2,1B+2B,1B+2B,1,single,4,2,2
2025-06-29,BOS202506290,TOR,"Clase, Jonatan",clasj001,2,2,1B+3B,2B+3B,0,walk,4,3,2
2025-06-29,BOS202506290,TOR,"Heineman, Tyler",heint001,2,2,1B+2B+3B,1B+2B+3B,1,walk,4,3,2
2025-06-29,BOS202506290,TOR,"Bichette, Bo",bichb001,3,0,1B+2B+3B,empty,0,double,5,4,2
2025-06-29,BOS202506290,TOR,"Barger, Addison",barga001,3,0,2B,2B,1,field_out,5,4,2
2025-06-29,BOS202506290,TOR,"Guerrero, Vladimir",guerv002,3,1,3B,3B,1,field_out,5,4,2
2025-06-29,BOS202506290,TOR,"Springer, George",sprig001,3,2,3B,3B,1,walk,5,4,2
2025-06-29,BOS202506290,TOR,"Lukes, Nathan",luken001,3,2,1B+3B,1B+3B,1,single,5,4,2
2025-06-29,BOS202506290,TOR,"Clement, Ernie",cleme002,3,2,1B+2B,1B+2B,1,strikeout,5,5,2
2025-06-29,BOS202506290,TOR,"Gimenez, Andres",gimea001,3,0,empty,empty,1,hit_by_pitch,6,5,3
2025-06-29,BOS202506290,TOR,"Straw, Myles",stram002,1,0,1B,1B,1,field_out,6,5,3
2025-06-29,BOS202506290,TOR,"Heineman, Tyler",heint001,3,1,1B,1B,1,field_out,6,5,3
2025-06-29,BOS202506290,TOR,"Bichette, Bo",bichb001,4,2,1B,1B,1,field_out,6,5,3
2025-06-29,BOS202506290,TOR,"Barger, Addison",barga001,4,0,empty,empty,1,field_out,7,5,3
2025-06-29,BOS202506290,TOR,"Guerrero, Vladimir",guerv002,4,1,empty,empty,1,strikeout,7,5,3
2025-06-29,BOS202506290,TOR,"Springer, George",sprig001,4,2,empty,empty,1,field_out,7,5,3
2025-06-29,BOS202506290,TOR,"Lukes, Nathan",luken001,4,0,empty,empty,1,field_out,8,5,3
2025-06-29,BOS202506290,TOR,"Clement, Ernie",cleme002,4,1,empty,empty,1,field_out,8,5,3
2025-06-29,BOS202506290,TOR,"Gimenez, Andres",gimea001,4,2,empty,empty,1,field_out,8,5,3
2025-06-29,BOS202506290,TOR,"Straw, Myles",stram002,2,0,empty,empty,1,strikeout,9,5,3
2025-06-29,BOS202506290,TOR,"Heineman, Tyler",heint001,4,1,empty,empty,1,strikeout,9,5,3
2025-06-29,BOS202506290,TOR,"Bichette, Bo",bichb001,5,2,empty,empty,1,field_out,9,5,3
2025-06-30,TOR202506300,TOR,"Clement, Ernie",cleme002,1,0,empty,empty,1,field_out,1,0,0
2025-06-30,TOR202506300,TOR,"Springer, George",sprig001,1,1,empty,empty,1,field_out,1,0,0
2025-06-30,TOR202506300,TOR,"Guerrero, Vladimir",guerv002,1,2,empty,empty,1,double,1,0,0
2025-06-30,TOR202506300,TOR,"Kirk, Alejandro",kirka001,1,2,2B,2B,1,field_out,1,0,0
2025-06-30,TOR202506300,TOR,"Barger, Addison",barga001,1,0,empty,empty,1,strikeout,2,0,0
2025-06-30,TOR202506300,TOR,"Schneider, Davis",schnd001,1,1,empty,empty,1,hit_by_pitch,2,0,0
2025-06-30,TOR202506300,TOR,"Straw, Myles",stram002,1,1,1B,1B,1,field_out,2,0,0
2025-06-30,TOR202506300,TOR,"Clase, Jonatan",clasj001,1,2,1B,1B,1,strikeout,2,0,0
2025-06-30,TOR202506300,TOR,"Wagner, Will",wagnw001,1,0,empty,empty,1,single,3,0,0
2025-06-30,TOR202506300,TOR,"Clement, Ernie",cleme002,2,0,1B,1B,1,field_out,3,0,0
2025-06-30,TOR202506300,TOR,"Springer, George",sprig001,2,1,1B,1B,1,walk,3,0,0
2025-06-30,TOR202506300,TOR,"Guerrero, Vladimir",guerv002,2,1,1B+2B,1B+2B,1,field_out,3,0,0
2025-06-30,TOR202506300,TOR,"Kirk, Alejandro",kirka001,2,2,1B+2B,1B+2B,1,field_out,3,0,0
2025-06-30,TOR202506300,TOR,"Barger, Addison",barga001,2,0,empty,empty,1,strikeout,4,0,2
2025-06-30,TOR202506300,TOR,"Schneider, Davis",schnd001,2,1,empty,empty,1,field_out,4,0,2
2025-06-30,TOR202506300,TOR,"Straw, Myles",stram002,2,2,empty,empty,1,walk,4,0,2
2025-06-30,TOR202506300,TOR,"Clase, Jonatan",clasj001,2,2,1B,1B,1,single,4,0,2
2025-06-30,TOR202506300,TOR,"Wagner, Will",wagnw001,2,2,1B+3B,1B+3B,1,strikeout,4,0,2
2025-06-30,TOR202506300,TOR,"Clement, Ernie",cleme002,3,0,empty,empty,1,single,5,0,2
2025-06-30,TOR202506300,TOR,"Springer, George",sprig001,3,0,1B,1B,1,field_out,5,0,2
2025-06-30,TOR202506300,TOR,"Guerrero, Vladimir",guerv002,3,1,2B,3B,0,field_out,5,0,2
2025-06-30,TOR202506300,TOR,"Kirk, Alejandro",kirka001,3,2,empty,empty,1,walk,5,1,2
2025-06-30,TOR202506300,TOR,"Barger, Addison",barga001,3,2,1B,1B,1,field_out,5,1,2
2025-06-30,TOR202506300,TOR,"Schneider, Davis",schnd001,3,0,empty,empty,1,double,6,1,3
2025-06-30,TOR202506300,TOR,"Straw, Myles",stram002,3,0,2B,2B,1,single,6,1,3
2025-06-30,TOR202506300,TOR,"Lukes, Nathan",luken001,1,0,2B+3B,2B+3B,1,single,6,1,3
2025-06-30,TOR202506300,TOR,"Wagner, Will",wagnw001,3,0,1B+3B,1B+3B,1,strikeout,6,2,3
2025-06-30,TOR202506300,TOR,"Clement, Ernie",cleme002,4,1,1B+3B,2B+3B,0,single,6,2,3
2025-06-30,TOR202506300,TOR,"Springer, George",sprig001,4,1,1B+3B,1B+3B,1,catcher_interf,6,3,3
2025-06-30,TOR202506300,TOR,"Guerrero, Vladimir",guerv002,4,1,1B+2B+3B,1B+2B+3B,1,single,6,3,3
2025-06-30,TOR202506300,TOR,"Kirk, Alejandro",kirka001,4,2,2B,2B,1,field_out,6,5,3
2025-06-30,TOR202506300,TOR,"Barger, Addison",barga001,4,0,empty,empty,1,field_out,7,5,3
2025-06-30,TOR202506300,TOR,"Schneider, Davis",schnd001,4,1,empty,empty,1,single,7,5,3
2025-06-30,TOR202506300,TOR,"Straw, Myles",stram002,4,2,1B,empty,0,strikeout,7,5,3
2025-06-30,TOR202506300,TOR,"Lukes, Nathan",luken001,2,0,empty,empty,1,field_out,8,5,4
2025-06-30,TOR202506300,TOR,"Wagner, Will",wagnw001,4,1,empty,empty,1,field_out,8,5,4
2025-06-30,TOR202506300,TOR,"Clement, Ernie",cleme002,5,2,empty,empty,1,field_out,8,5,4
2025-07-01,TOR202507010,TOR,"Clement, Ernie",cleme002,1,0,empty,empty,1,field_out,1,0,2
2025-07-01,TOR202507010,TOR,"Springer, George",sprig001,1,1,empty,empty,1,walk,1,0,2
2025-07-01,TOR202507010,TOR,"Guerrero, Vladimir",guerv002,1,1,1B,1B,1,field_out,1,0,2
2025-07-01,TOR202507010,TOR,"Kirk, Alejandro",kirka001,1,2,1B,1B,1,field_out,1,0,2
2025-07-01,TOR202507010,TOR,"Schneider, Davis",schnd001,1,0,empty,empty,1,strikeout,2,0,2
2025-07-01,TOR202507010,TOR,"Straw, Myles",stram002,1,1,empty,empty,1,field_out,2,0,2
2025-07-01,TOR202507010,TOR,"Gimenez, Andres",gimea001,1,2,empty,empty,1,field_out,2,0,2
2025-07-01,TOR202507010,TOR,"Heineman, Tyler",heint001,1,0,empty,empty,1,field_out,3,0,2
2025-07-01,TOR202507010,TOR,"Jimenez, Leo",jimel003,1,1,empty,empty,1,field_out,3,0,2
2025-07-01,TOR202507010,TOR,"Clement, Ernie",cleme002,2,2,empty,empty,1,field_out,3,0,2
2025-07-01,TOR202507010,TOR,"Springer, George",sprig001,2,0,empty,empty,1,home_run,4,0,2
2025-07-01,TOR202507010,TOR,"Guerrero, Vladimir",guerv002,2,0,empty,empty,1,field_out,4,1,2
2025-07-01,TOR202507010,TOR,"Kirk, Alejandro",kirka001,2,1,empty,empty,1,field_out,4,1,2
2025-07-01,TOR202507010,TOR,"Schneider, Davis",schnd001,2,2,empty,empty,1,single,4,1,2
2025-07-01,TOR202507010,TOR,"Straw, Myles",stram002,2,2,1B,1B,1,walk,4,1,2
2025-07-01,TOR202507010,TOR,"Gimenez, Andres",gimea001,2,2,1B+2B,1B+2B,1,home_run,4,1,2
2025-07-01,TOR202507010,TOR,"Heineman, Tyler",heint001,2,2,empty,empty,1,field_out,4,4,2
2025-07-01,TOR202507010,TOR,"Jimenez, Leo",jimel003,2,0,empty,empty,1,field_out,5,4,2
2025-07-01,TOR202507010,TOR,"Clement, Ernie",cleme002,3,1,empty,empty,1,field_out,5,4,2
2025-07-01,TOR202507010,TOR,"Springer, George",sprig001,3,2,empty,empty,1,field_out,5,4,2
2025-07-01,TOR202507010,TOR,"Guerrero, Vladimir",guerv002,3,0,empty,empty,1,field_out,6,4,2
2025-07-01,TOR202507010,TOR,"Kirk, Alejandro",kirka001,3,1,empty,empty,1,field_out,6,4,2
2025-07-01,TOR202507010,TOR,"Schneider, Davis",schnd001,3,2,empty,empty,1,strikeout,6,4,2
2025-07-01,TOR202507010,TOR,"Straw, Myles",stram002,3,0,empty,empty,1,field_out,7,4,4
2025-07-01,TOR202507010,TOR,"Gimenez, Andres",gimea001,3,1,empty,empty,1,single,7,4,4
2025-07-01,TOR202507010,TOR,"Heineman, Tyler",heint001,3,1,1B,1B,1,walk,7,4,4
2025-07-01,TOR202507010,TOR,"Barger, Addison",barga001,1,1,1B+2B,1B+2B,1,catcher_interf,7,4,4
2025-07-01,TOR202507010,TOR,"Clement, Ernie",cleme002,4,1,1B+2B+3B,1B+2B+3B,1,single,7,4,4
2025-07-01,TOR202507010,TOR,"Springer, George",sprig001,4,1,1B+2B+3B,1B+2B+3B,1,home_run,7,5,4
2025-07-01,TOR202507010,TOR,"Guerrero, Vladimir",guerv002,4,1,empty,empty,1,field_out,7,9,4
2025-07-01,TOR202507010,TOR,"Kirk, Alejandro",kirka001,4,2,empty,empty,1,strikeout,7,9,4
2025-07-01,TOR202507010,TOR,"Lukes, Nathan",luken001,1,0,empty,empty,1,walk,8,9,4
2025-07-01,TOR202507010,TOR,"Straw, Myles",stram002,4,0,1B,1B,1,strikeout,8,9,4
2025-07-01,TOR202507010,TOR,"Gimenez, Andres",gimea001,4,1,1B,1B,1,walk,8,9,4
2025-07-01,TOR202507010,TOR,"Heineman, Tyler",heint001,4,1,1B+2B,1B+2B,1,strikeout,8,9,4
2025-07-01,TOR202507010,TOR,"Barger, Addison",barga001,2,2,1B+2B,1B+2B,1,single,8,9,4
2025-07-01,TOR202507010,TOR,"Clement, Ernie",cleme002,5,2,1B+2B+3B,1B+2B+3B,1,walk,8,9,4
2025-07-01,TOR202507010,TOR,"Springer, George",sprig001,5,2,1B+2B+3B,1B+2B+3B,1,single,8,10,4
2025-07-01,TOR202507010,TOR,"Guerrero, Vladimir",guerv002,5,2,1B+3B,1B+3B,1,strikeout,8,12,4
2025-07-02,TOR202507020,TOR,"Gimenez, Andres",gimea001,1,0,empty,empty,1,single,1,0,0
2025-07-02,TOR202507020,TOR,"Springer, George",sprig001,1,0,1B,1B,1,single,1,0,0
2025-07-02,TOR202507020,TOR,"Guerrero, Vladimir",guerv002,1,0,1B+2B,1B+2B,1,walk,1,0,0
2025-07-02,TOR202507020,TOR,"Kirk, Alejandro",kirka001,1,0,1B+2B+3B,1B+2B+3B,1,single,1,0,0
2025-07-02,TOR202507020,TOR,"Barger, Addison",barga001,1,0,2B+3B,2B+3B,1,home_run,1,2,0
2025-07-02,TOR202507020,TOR,"Clement, Ernie",cleme002,1,0,empty,empty,1,field_out,1,5,0
2025-07-02,TOR202507020,TOR,"Wagner, Will",wagnw001,1,1,empty,empty,1,walk,1,5,0
2025-07-02,TOR202507020,TOR,"Schneider, Davis",schnd001,1,1,1B,1B,1,home_run,1,5,0
2025-07-02,TOR202507020,TOR,"Straw, Myles",stram002,1,1,empty,empty,1,field_out,1,7,0
2025-07-02,TOR202507020,TOR,"Gimenez, Andres",gimea001,2,2,empty,empty,1,single,1,7,0
2025-07-02,TOR202507020,TOR,"Springer, George",sprig001,2,2,1B,1B,1,strikeout,1,7,0
2025-07-02,TOR202507020,TOR,"Guerrero, Vladimir",guerv002,2,0,empty,empty,1,single,2,7,0
2025-07-02,TOR202507020,TOR,"Kirk, Alejandro",kirka001,2,0,1B,1B,1,walk,2,7,0
2025-07-02,TOR202507020,TOR,"Barger, Addison",barga001,2,0,1B+2B,1B+2B,1,field_out,2,7,0
2025-07-02,TOR202507020,TOR,"Clement, Ernie",cleme002,2,1,1B+2B,1B+2B,1,grounded_into_double_play,2,7,0
2025-07-02,TOR202507020,TOR,"Wagner, Will",wagnw001,2,0,empty,empty,1,double,3,7,0
2025-07-02,TOR202507020,TOR,"Schneider, Davis",schnd001,2,0,2B,2B,1,field_out,3,7,0
2025-07-02,TOR202507020,TOR,"Straw, Myles",stram002,2,1,2B,2B,1,strikeout,3,7,0
2025-07-02,TOR202507020,TOR,"Gimenez, Andres",gimea001,3,2,2B,2B,1,single,3,7,0
2025-07-02,TOR202507020,TOR,"Springer, George",sprig001,3,2,2B,2B,1,strikeout,3,8,0
2025-07-02,TOR202507020,TOR,"Guerrero, Vladimir",guerv002,3,0,empty,empty,1,field_out,4,8,0
2025-07-02,TOR202507020,TOR,"Kirk, Alejandro",kirka001,3,1,empty,empty,1,field_out,4,8,0
2025-07-02,TOR202507020,TOR,"Barger, Addison",barga001,3,2,empty,empty,1,walk,4,8,0
2025-07-02,TOR202507020,TOR,"Clement, Ernie",cleme002,3,2,1B,1B,1,single,4,8,0
2025-07-02,TOR202507020,TOR,"Wagner, Will",wagnw001,3,2,2B+3B,2B+3B,1,strikeout,4,8,0
2025-07-02,TOR202507020,TOR,"Schneider, Davis",schnd001,3,0,empty,empty,1,field_out,5,8,6
2025-07-02,TOR202507020,TOR,"Straw, Myles",stram002,3,1,empty,empty,1,strikeout,5,8,6
2025-07-02,TOR202507020,TOR,"Gimenez, Andres",gimea001,4,2,empty,empty,1,field_out,5,8,6
2025-07-02,TOR202507020,TOR,"Springer, George",sprig001,4,0,empty,empty,1,single,6,8,7
2025-07-02,TOR202507020,TOR,"Guerrero, Vladimir",guerv002,4,0,1B,1B,1,grounded_into_double_play,6,8,7
2025-07-02,TOR202507020,TOR,"Kirk, Alejandro",kirka001,4,2,empty,empty,1,walk,6,8,7
2025-07-02,TOR202507020,TOR,"Barger, Addison",barga001,4,2,1B,1B,1,strikeout,6,8,7
2025-07-02,TOR202507020,TOR,"Clement, Ernie",cleme002,4,0,empty,empty,1,field_out,7,8,7
2025-07-02,TOR202507020,TOR,"Wagner, Will",wagnw001,4,1,empty,empty,1,strikeout,7,8,7
2025-07-02,TOR202507020,TOR,"Schneider, Davis",schnd001,4,2,empty,empty,1,home_run,7,8,7
2025-07-02,TOR202507020,TOR,"Straw, Myles",stram002,4,2,empty,empty,1,field_out,7,9,7
2025-07-02,TOR202507020,TOR,"Gimenez, Andres",gimea001,5,0,empty,empty,1,strikeout,8,9,9
2025-07-02,TOR202507020,TOR,"Springer, George",sprig001,5,1,empty,empty,1,walk,8,9,9
2025-07-02,TOR202507020,TOR,"Guerrero, Vladimir",guerv002,5,1,1B,2B,0,intent_walk,8,9,9
2025-07-02,TOR202507020,TOR,"Kirk, Alejandro",kirka001,5,1,1B+2B,1B+2B,1,field_out,8,9,9
2025-07-02,TOR202507020,TOR,"Barger, Addison",barga001,5,2,2B+3B,3B,0,single,8,10,9
2025-07-02,TOR202507020,TOR,"Clement, Ernie",cleme002,5,2,1B,2B,0,field_out,8,11,9
2025-07-03,TOR202507030,TOR,"Lukes, Nathan",luken001,1,0,empty,empty,1,field_out,1,0,0
2025-07-03,TOR202507030,TOR,"Springer, George",sprig001,1,1,empty,empty,1,walk,1,0,0
2025-07-03,TOR202507030,TOR,"Guerrero, Vladimir",guerv002,1,1,1B,1B,1,strikeout,1,0,0
2025-07-03,TOR202507030,TOR,"Barger, Addison",barga001,1,2,1B,1B,1,double,1,0,0
2025-07-03,TOR202507030,TOR,"Kirk, Alejandro",kirka001,1,2,2B,2B,1,field_out,1,1,0
2025-07-03,TOR202507030,TOR,"Clement, Ernie",cleme002,1,0,empty,empty,1,field_out,2,1,0
2025-07-03,TOR202507030,TOR,"Wagner, Will",wagnw001,1,1,empty,empty,1,field_out,2,1,0
2025-07-03,TOR202507030,TOR,"Schneider, Davis",schnd001,1,2,empty,empty,1,walk,2,1,0
2025-07-03,TOR202507030,TOR,"Jimenez, Leo",jimel003,1,2,1B,1B,1,field_out,2,1,0
2025-07-03,TOR202507030,TOR,"Lukes, Nathan",luken001,2,0,empty,empty,1,double,3,1,1
2025-07-03,TOR202507030,TOR,"Springer, George",sprig001,2,0,2B,2B,1,home_run,3,1,1
2025-07-03,TOR202507030,TOR,"Guerrero, Vladimir",guerv002,2,0,empty,empty,1,field_out,3,3,1
2025-07-03,TOR202507030,TOR,"Barger, Addison",barga001,2,1,empty,empty,1,double,3,3,1
2025-07-03,TOR202507030,TOR,"Kirk, Alejandro",kirka001,2,1,2B,2B,1,field_out,3,3,1
2025-07-03,TOR202507030,TOR,"Clement, Ernie",cleme002,2,2,2B,2B,1,field_out,3,3,1
2025-07-03,TOR202507030,TOR,"Wagner, Will",wagnw001,2,0,empty,empty,1,walk,4,3,3
2025-07-03,TOR202507030,TOR,"Schneider, Davis",schnd001,2,0,1B,1B,1,single,4,3,3
2025-07-03,TOR202507030,TOR,"Jimenez, Leo",jimel003,2,0,1B+2B,1B+2B,1,sac_bunt,4,3,3
2025-07-03,TOR202507030,TOR,"Lukes, Nathan",luken001,3,1,2B+3B,2B+3B,1,double,4,3,3
2025-07-03,TOR202507030,TOR,"Springer, George",sprig001,3,1,2B,2B,1,field_out,4,5,3
2025-07-03,TOR202507030,TOR,"Guerrero, Vladimir",guerv002,3,2,2B,2B,1,field_out,4,5,3
2025-07-03,TOR202507030,TOR,"Barger, Addison",barga001,3,0,empty,empty,1,home_run,5,5,3
2025-07-03,TOR202507030,TOR,"Kirk, Alejandro",kirka001,3,0,empty,empty,1,field_out,5,6,3
2025-07-03,TOR202507030,TOR,"Clement, Ernie",cleme002,3,1,empty,empty,1,field_out,5,6,3
2025-07-03,TOR202507030,TOR,"Wagner, Will",wagnw001,3,2,empty,empty,1,walk,5,6,3
2025-07-03,TOR202507030,TOR,"Schneider, Davis",schnd001,3,2,1B,1B,1,strikeout,5,6,3
2025-07-03,TOR202507030,TOR,"Jimenez, Leo",jimel003,3,0,empty,empty,1,field_out,6,6,3
2025-07-03,TOR202507030,TOR,"Lukes, Nathan",luken001,4,1,empty,empty,1,field_out,6,6,3
2025-07-03,TOR202507030,TOR,"Springer, George",sprig001,4,2,empty,empty,1,single,6,6,3
2025-07-03,TOR202507030,TOR,"Guerrero, Vladimir",guerv002,4,2,1B,1B,1,strikeout,6,6,3
2025-07-03,TOR202507030,TOR,"Barger, Addison",barga001,4,0,empty,empty,1,strikeout,7,6,5
2025-07-03,TOR202507030,TOR,"Kirk, Alejandro",kirka001,4,1,empty,empty,1,single,7,6,5
2025-07-03,TOR202507030,TOR,"Clement, Ernie",cleme002,4,1,1B,1B,1,field_out,7,6,5
2025-07-03,TOR202507030,TOR,"Bichette, Bo",bichb001,1,2,1B,1B,1,field_out,7,6,5
2025-07-03,TOR202507030,TOR,"Schneider, Davis",schnd001,4,0,empty,empty,1,strikeout,8,6,5
2025-07-03,TOR202507030,TOR,"Jimenez, Leo",jimel003,4,1,empty,empty,1,field_out,8,6,5
2025-07-03,TOR202507030,TOR,"Lukes, Nathan",luken001,5,2,empty,empty,1,single,8,6,5
2025-07-03,TOR202507030,TOR,"Springer, George",sprig001,5,2,1B,1B,1,home_run,8,6,5
2025-07-03,TOR202507030,TOR,"Guerrero, Vladimir",guerv002,5,2,empty,empty,1,strikeout,8,8,5
2025-07-04,TOR202507040,TOR,"Gimenez, Andres",gimea001,1,0,empty,empty,1,field_out,1,0,0
2025-07-04,TOR202507040,TOR,"Springer, George",sprig001,1,1,empty,empty,1,field_out,1,0,0
2025-07-04,TOR202507040,TOR,"Bichette, Bo",bichb001,1,2,empty,empty,1,field_out,1,0,0
2025-07-04,TOR202507040,TOR,"Barger, Addison",barga001,1,0,empty,empty,1,field_out,2,0,0
2025-07-04,TOR202507040,TOR,"Schneider, Davis",schnd001,1,1,empty,empty,1,field_out,2,0,0
2025-07-04,TOR202507040,TOR,"Lukes, Nathan",luken001,1,2,empty,empty,1,strikeout,2,0,0
2025-07-04,TOR202507040,TOR,"Clement, Ernie",cleme002,1,0,empty,empty,1,field_out,3,0,0
2025-07-04,TOR202507040,TOR,"Wagner, Will",wagnw001,1,1,empty,empty,1,field_out,3,0,0
2025-07-04,TOR202507040,TOR,"Heineman, Tyler",heint001,1,2,empty,empty,1,strikeout,3,0,0
2025-07-04,TOR202507040,TOR,"Gimenez, Andres",gimea001,2,0,empty,empty,1,field_out,4,0,0
2025-07-04,TOR202507040,TOR,"Springer, George",sprig001,2,1,empty,empty,1,single,4,0,0
2025-07-04,TOR202507040,TOR,"Bichette, Bo",bichb001,2,1,1B,1B,1,field_out,4,0,0
2025-07-04,TOR202507040,TOR,"Barger, Addison",barga001,2,2,1B,1B,1,field_out,4,0,0
2025-07-04,TOR202507040,TOR,"Schneider, Davis",schnd001,2,0,empty,empty,1,field_out,5,0,0
2025-07-04,TOR202507040,TOR,"Lukes, Nathan",luken001,2,1,empty,empty,1,field_out,5,0,0
2025-07-04,TOR202507040,TOR,"Clement, Ernie",cleme002,2,2,empty,empty,1,field_out,5,0,0
2025-07-04,TOR202507040,TOR,"Wagner, Will",wagnw001,2,0,empty,empty,1,double,6,0,0
2025-07-04,TOR202507040,TOR,"Heineman, Tyler",heint001,2,0,2B,2B,1,sac_bunt,6,0,0
2025-07-04,TOR202507040,TOR,"Gimenez, Andres",gimea001,3,1,3B,3B,1,single,6,0,0
2025-07-04,TOR202507040,TOR,"Springer, George",sprig001,3,1,1B,1B,1,single,6,1,0
2025-07-04,TOR202507040,TOR,"Bichette, Bo",bichb001,3,1,1B+3B,1B+3B,1,single,6,1,0
2025-07-04,TOR202507040,TOR,"Barger, Addison",barga001,3,1,1B+3B,1B+3B,1,fielders_choice,6,2,0
2025-07-04,TOR202507040,TOR,"Schneider, Davis",schnd001,3,1,1B+2B,1B+2B,1,grounded_into_double_play,6,3,0
2025-07-04,TOR202507040,TOR,"Lukes, Nathan",luken001,3,0,empty,empty,1,field_out,7,3,3
2025-07-04,TOR202507040,TOR,"Clement, Ernie",cleme002,3,1,empty,empty,1,strikeout,7,3,3
2025-07-04,TOR202507040,TOR,"Wagner, Will",wagnw001,3,2,empty,empty,1,field_out,7,3,3
2025-07-04,TOR202507040,TOR,"Heineman, Tyler",heint001,3,0,empty,empty,1,strikeout,8,3,3
2025-07-04,TOR202507040,TOR,"Jimenez, Leo",jimel003,1,1,empty,empty,1,field_out,8,3,3
2025-07-04,TOR202507040,TOR,"Springer, George",sprig001,4,2,empty,empty,1,strikeout,8,3,3
2025-07-04,TOR202507040,TOR,"Bichette, Bo",bichb001,4,0,empty,empty,1,strikeout,9,3,3
2025-07-04,TOR202507040,TOR,"Barger, Addison",barga001,4,1,empty,empty,1,field_out,9,3,3
2025-07-04,TOR202507040,TOR,"Kirk, Alejandro",kirka001,1,2,empty,empty,1,strikeout,9,3,3
2025-07-04,TOR202507040,TOR,"Lukes, Nathan",luken001,4,0,2B,2B,1,walk,10,3,3
2025-07-04,TOR202507040,TOR,"Clement, Ernie",cleme002,4,0,1B+2B,1B+2B,1,sac_bunt,10,3,3
2025-07-05,TOR202507050,TOR,"Lukes, Nathan",luken001,1,0,empty,empty,1,single,1,0,1
2025-07-05,TOR202507050,TOR,"Springer, George",sprig001,1,0,1B,1B,1,field_out,1,0,1
2025-07-05,TOR202507050,TOR,"Guerrero, Vladimir",guerv002,1,1,1B,1B,1,single,1,0,1
2025-07-05,TOR202507050,TOR,"Bichette, Bo",bichb001,1,1,1B+2B,1B+2B,1,field_out,1,0,1
2025-07-05,TOR202507050,TOR,"Barger, Addison",barga001,1,2,1B+2B,1B+2B,1,single,1,0,1
2025-07-05,TOR202507050,TOR,"Kirk, Alejandro",kirka001,1,2,1B+3B,1B+3B,1,field_out,1,1,1
2025-07-05,TOR202507050,TOR,"Wagner, Will",wagnw001,1,0,empty,empty,1,field_out,2,1,1
2025-07-05,TOR202507050,TOR,"Clement, Ernie",cleme002,1,1,empty,empty,1,field_out,2,1,1
2025-07-05,TOR202507050,TOR,"Schneider, Davis",schnd001,1,2,empty,empty,1,field_out,2,1,1
2025-07-05,TOR202507050,TOR,"Lukes, Nathan",luken001,2,0,empty,empty,1,walk,3,1,2
2025-07-05,TOR202507050,TOR,"Springer, George",sprig001,2,0,1B,1B,1,home_run,3,1,2
2025-07-05,TOR202507050,TOR,"Guerrero, Vladimir",guerv002,2,0,empty,empty,1,single,3,3,2
2025-07-05,TOR202507050,TOR,"Bichette, Bo",bichb001,2,0,1B,1B,1,single,3,3,2
2025-07-05,TOR202507050,TOR,"Barger, Addison",barga001,2,0,1B+2B,1B+2B,1,field_out,3,3,2
2025-07-05,TOR202507050,TOR,"Kirk, Alejandro",kirka001,2,1,1B+2B,1B+2B,1,grounded_into_double_play,3,3,2
2025-07-05,TOR202507050,TOR,"Wagner, Will",wagnw001,2,0,empty,empty,1,field_out,4,3,2
2025-07-05,TOR202507050,TOR,"Clement, Ernie",cleme002,2,1,empty,empty,1,field_out,4,3,2
2025-07-05,TOR202507050,TOR,"Schneider, Davis",schnd001,2,2,empty,empty,1,strikeout,4,3,2
2025-07-05,TOR202507050,TOR,"Lukes, Nathan",luken001,3,0,empty,empty,1,field_out,5,3,2
2025-07-05,TOR202507050,TOR,"Springer, George",sprig001,3,1,empty,empty,1,field_out,5,3,2
2025-07-05,TOR202507050,TOR,"Guerrero, Vladimir",guerv002,3,2,empty,empty,1,field_error,5,3,2
2025-07-05,TOR202507050,TOR,"Bichette, Bo",bichb001,3,2,1B,1B,1,field_out,5,3,2
2025-07-05,TOR202507050,TOR,"Barger, Addison",barga001,3,0,empty,empty,1,field_out,6,3,2
2025-07-05,TOR202507050,TOR,"Kirk, Alejandro",kirka001,3,1,empty,empty,1,walk,6,3,2
2025-07-05,TOR202507050,TOR,"Wagner, Will",wagnw001,3,1,1B,1B,1,field_out,6,3,2
2025-07-05,TOR202507050,TOR,"Clement, Ernie",cleme002,3,2,1B,1B,1,single,6,3,2
2025-07-05,TOR202507050,TOR,"Schneider, Davis",schnd001,3,2,1B+2B,1B+2B,1,strikeout,6,3,2
2025-07-05,TOR202507050,TOR,"Lukes, Nathan",luken001,4,0,empty,empty,1,field_out,7,3,3
2025-07-05,TOR202507050,TOR,"Springer, George",sprig001,4,1,empty,empty,1,single,7,3,3
2025-07-05,TOR202507050,TOR,"Guerrero, Vladimir",guerv002,4,1,1B,1B,1,single,7,3,3
2025-07-05,TOR202507050,TOR,"Bichette, Bo",bichb001,4,1,1B+2B,1B+2B,1,field_out,7,3,3
2025-07-05,TOR202507050,TOR,"Barger, Addison",barga001,4,2,1B+2B,2B+3B,0,intent_walk,7,3,3
2025-07-05,TOR202507050,TOR,"Kirk, Alejandro",kirka001,4,2,1B+2B+3B,1B+2B+3B,1,field_out,7,3,3
2025-07-05,TOR202507050,TOR,"Jimenez, Leo",jimel003,1,0,empty,empty,1,strikeout,8,3,3
2025-07-05,TOR202507050,TOR,"Clement, Ernie",cleme002,4,1,empty,empty,1,single,8,3,3
2025-07-05,TOR202507050,TOR,"Straw, Myles",stram002,1,1,1B,1B,1,single,8,3,3
2025-07-05,TOR202507050,TOR,"Lukes, Nathan",luken001,5,1,1B+2B,1B+2B,1,field_out,8,3,3
2025-07-05,TOR202507050,TOR,"Springer, George",sprig001,5,2,1B+2B,1B+2B,1,field_out,8,3,3
2025-07-05,TOR202507050,TOR,"Guerrero, Vladimir",guerv002,5,0,empty,empty,1,strikeout,9,3,3
2025-07-05,TOR202507050,TOR,"Bichette, Bo",bichb001,5,1,empty,empty,1,strikeout,9,3,3
2025-07-05,TOR202507050,TOR,"Barger, Addison",barga001,5,2,empty,empty,1,strikeout,9,3,3
2025-07-05,TOR202507050,TOR,"Kirk, Alejandro",kirka001,5,0,2B,2B,1,intent_walk,10,3,3
2025-07-05,TOR202507050,TOR,"Jimenez, Leo",jimel003,2,0,1B+2B,1B+2B,1,strikeout,10,3,3
2025-07-05,TOR202507050,TOR,"Clement, Ernie",cleme002,5,1,1B+2B,1B+2B,1,field_out,10,3,3
2025-07-05,TOR202507050,TOR,"Straw, Myles",stram002,2,2,2B+3B,2B+3B,1,field_out,10,3,3
2025-07-05,TOR202507050,TOR,"Lukes, Nathan",luken001,6,0,2B,2B,1,single,11,3,3
2025-07-05,TOR202507050,TOR,"Springer, George",sprig001,6,0,1B+3B,1B+3B,1,field_out,11,3,3
2025-07-05,TOR202507050,TOR,"Guerrero, Vladimir",guerv002,6,1,1B+3B,1B+3B,1,intent_walk,11,3,3
2025-07-05,TOR202507050,TOR,"Bichette, Bo",bichb001,6,1,1B+2B+3B,1B+2B+3B,1,strikeout,11,3,3
2025-07-05,TOR202507050,TOR,"Barger, Addison",barga001,6,2,1B+2B+3B,1B+2B+3B,1,single,11,3,3
2025-07-06,TOR202507060,TOR,"Clement, Ernie",cleme002,1,0,empty,empty,1,field_out,1,0,1
2025-07-06,TOR202507060,TOR,"Springer, George",sprig001,1,1,empty,empty,1,field_out,1,0,1
2025-07-06,TOR202507060,TOR,"Guerrero, Vladimir",guerv002,1,2,empty,empty,1,double,1,0,1
2025-07-06,TOR202507060,TOR,"Bichette, Bo",bichb001,1,2,2B,2B,1,field_out,1,0,1
2025-07-06,TOR202507060,TOR,"Kirk, Alejandro",kirka001,1,0,empty,empty,1,walk,2,0,1
2025-07-06,TOR202507060,TOR,"Schneider, Davis",schnd001,1,0,1B,1B,1,strikeout,2,0,1
2025-07-06,TOR202507060,TOR,"Straw, Myles",stram002,1,1,1B,1B,1,field_out,2,0,1
2025-07-06,TOR202507060,TOR,"Loperfido, Joey",lopej008,1,2,1B,1B,1,strikeout,2,0,1
2025-07-06,TOR202507060,TOR,"Jimenez, Leo",jimel003,1,0,empty,empty,1,field_out,3,0,1
2025-07-06,TOR202507060,TOR,"Clement, Ernie",cleme002,2,1,empty,empty,1,single,3,0,1
2025-07-06,TOR202507060,TOR,"Springer, George",sprig001,2,1,1B,1B,1,field_out,3,0,1
2025-07-06,TOR202507060,TOR,"Guerrero, Vladimir",guerv002,2,2,1B,1B,1,field_out,3,0,1
2025-07-06,TOR202507060,TOR,"Bichette, Bo",bichb001,2,0,empty,empty,1,home_run,4,0,1
2025-07-06,TOR202507060,TOR,"Kirk, Alejandro",kirka001,2,0,empty,empty,1,field_out,4,1,1
2025-07-06,TOR202507060,TOR,"Schneider, Davis",schnd001,2,1,empty,empty,1,field_out,4,1,1
2025-07-06,TOR202507060,TOR,"Straw, Myles",stram002,2,2,empty,empty,1,double,4,1,1
2025-07-06,TOR202507060,TOR,"Loperfido, Joey",lopej008,2,2,2B,2B,1,single,4,1,1
2025-07-06,TOR202507060,TOR,"Jimenez, Leo",jimel003,2,0,empty,empty,1,single,5,2,2
2025-07-06,TOR202507060,TOR,"Clement, Ernie",cleme002,3,0,1B,1B,1,field_out,5,2,2
2025-07-06,TOR202507060,TOR,"Springer, George",sprig001,3,1,1B,1B,1,field_out,5,2,2
2025-07-06,TOR202507060,TOR,"Guerrero, Vladimir",guerv002,3,2,1B,1B,1,field_out,5,2,2
2025-07-06,TOR202507060,TOR,"Bichette, Bo",bichb001,3,0,empty,empty,1,walk,6,2,2
2025-07-06,TOR202507060,TOR,"Kirk, Alejandro",kirka001,3,0,1B,1B,1,single,6,2,2
2025-07-06,TOR202507060,TOR,"Schneider, Davis",schnd001,3,0,1B+3B,1B+3B,1,single,6,2,2
2025-07-06,TOR202507060,TOR,"Straw, Myles",stram002,3,0,1B+2B,1B+2B,1,grounded_into_double_play,6,3,2
2025-07-06,TOR202507060,TOR,"Loperfido, Joey",lopej008,3,2,3B,3B,1,field_out,6,3,2
2025-07-06,TOR202507060,TOR,"Barger, Addison",barga001,1,0,empty,empty,1,strikeout,7,3,2
2025-07-06,TOR202507060,TOR,"Clement, Ernie",cleme002,4,1,empty,empty,1,field_out,7,3,2
2025-07-06,TOR202507060,TOR,"Springer, George",sprig001,4,2,empty,empty,1,field_out,7,3,2
2025-07-06,TOR202507060,TOR,"Guerrero, Vladimir",guerv002,4,0,empty,empty,1,strikeout,8,3,2
2025-07-06,TOR202507060,TOR,"Bichette, Bo",bichb001,4,1,empty,empty,1,strikeout,8,3,2
2025-07-06,TOR202507060,TOR,"Kirk, Alejandro",kirka001,4,2,empty,empty,1,field_out,8,3,2
2025-07-07,CHA202507070,TOR,"Lukes, Nathan",luken001,1,0,empty,empty,1,field_out,1,0,0
2025-07-07,CHA202507070,TOR,"Springer, George",sprig001,1,1,empty,empty,1,strikeout,1,0,0
2025-07-07,CHA202507070,TOR,"Guerrero, Vladimir",guerv002,1,2,empty,empty,1,walk,1,0,0
2025-07-07,CHA202507070,TOR,"Bichette, Bo",bichb001,1,2,1B,1B,1,field_out,1,0,0
2025-07-07,CHA202507070,TOR,"Barger, Addison",barga001,1,0,empty,empty,1,field_out,2,0,0
2025-07-07,CHA202507070,TOR,"Kirk, Alejandro",kirka001,1,1,empty,empty,1,field_out,2,0,0
2025-07-07,CHA202507070,TOR,"Wagner, Will",wagnw001,1,2,empty,empty,1,field_out,2,0,0
2025-07-07,CHA202507070,TOR,"Clement, Ernie",cleme002,1,0,empty,empty,1,field_out,3,0,1
2025-07-07,CHA202507070,TOR,"Loperfido, Joey",lopej008,1,1,empty,empty,1,strikeout,3,0,1
2025-07-07,CHA202507070,TOR,"Lukes, Nathan",luken001,2,2,empty,empty,1,walk,3,0,1
2025-07-07,CHA202507070,TOR,"Springer, George",sprig001,2,2,1B,1B,1,field_out,3,0,1
2025-07-07,CHA202507070,TOR,"Guerrero, Vladimir",guerv002,2,0,empty,empty,1,walk,4,0,1
2025-07-07,CHA202507070,TOR,"Bichette, Bo",bichb001,2,0,1B,2B,0,single,4,0,1
2025-07-07,CHA202507070,TOR,"Barger, Addison",barga001,2,0,1B,1B,1,field_out,4,1,1
2025-07-07,CHA202507070,TOR,"Kirk, Alejandro",kirka001,2,1,1B,1B,1,field_out,4,1,1
2025-07-07,CHA202507070,TOR,"Wagner, Will",wagnw001,2,2,1B,1B,1,field_out,4,1,1
2025-07-07,CHA202507070,TOR,"Clement, Ernie",cleme002,2,0,empty,empty,1,field_out,5,1,1
2025-07-07,CHA202507070,TOR,"Loperfido, Joey",lopej008,2,1,empty,empty,1,home_run,5,1,1
2025-07-07,CHA202507070,TOR,"Lukes, Nathan",luken001,3,1,empty,empty,1,home_run,5,2,1
2025-07-07,CHA202507070,TOR,"Springer, George",sprig001,3,1,empty,empty,1,field_out,5,3,1
2025-07-07,CHA202507070,TOR,"Guerrero, Vladimir",guerv002,3,2,empty,empty,1,field_out,5,3,1
2025-07-07,CHA202507070,TOR,"Bichette, Bo",bichb001,3,0,empty,empty,1,double,6,3,1
2025-07-07,CHA202507070,TOR,"Barger, Addison",barga001,3,0,2B,2B,1,home_run,6,3,1
2025-07-07,CHA202507070,TOR,"Kirk, Alejandro",kirka001,3,0,empty,empty,1,single,6,5,1
2025-07-07,CHA202507070,TOR,"Straw, Myles",stram002,1,0,1B,1B,1,walk,6,5,1
2025-07-07,CHA202507070,TOR,"Clement, Ernie",cleme002,3,0,1B+2B,1B+2B,1,single,6,5,1
2025-07-07,CHA202507070,TOR,"Loperfido, Joey",lopej008,3,0,1B+2B+3B,1B+2B+3B,1,single,6,5,1
2025-07-07,CHA202507070,TOR,"Lukes, Nathan",luken001,4,0,1B+3B,1B+3B,1,sac_bunt,6,7,1
2025-07-07,CHA202507070,TOR,"Springer, George",sprig001,4,1,2B,2B,1,field_out,6,8,1
2025-07-07,CHA202507070,TOR,"Guerrero, Vladimir",guerv002,4,2,3B,3B,1,walk,6,8,1
2025-07-07,CHA202507070,TOR,"Bichette, Bo",bichb001,4,2,1B+3B,1B+3B,1,field_out,6,8,1
2025-07-07,CHA202507070,TOR,"Barger, Addison",barga001,4,0,empty,empty,1,field_out,7,8,1
2025-07-07,CHA202507070,TOR,"Kirk, Alejandro",kirka001,4,1,empty,empty,1,strikeout,7,8,1
2025-07-07,CHA202507070,TOR,"Straw, Myles",stram002,2,2,empty,empty,1,strikeout,7,8,1
2025-07-07,CHA202507070,TOR,"Clement, Ernie",cleme002,4,0,empty,empty,1,field_out,8,8,3
2025-07-07,CHA202507070,TOR,"Loperfido, Joey",lopej008,4,1,empty,empty,1,field_out,8,8,3
2025-07-07,CHA202507070,TOR,"Lukes, Nathan",luken001,5,2,empty,empty,1,field_out,8,8,3
2025-07-07,CHA202507070,TOR,"Springer, George",sprig001,5,0,empty,empty,1,field_out,9,8,4
2025-07-07,CHA202507070,TOR,"Guerrero, Vladimir",guerv002,5,1,empty,empty,1,field_out,9,8,4
2025-07-07,CHA202507070,TOR,"Bichette, Bo",bichb001,5,2,empty,empty,1,field_out,9,8,4
2025-07-08,CHA202507080,TOR,"Lukes, Nathan",luken001,1,0,empty,empty,1,field_out,1,0,0
2025-07-08,CHA202507080,TOR,"Springer, George",sprig001,1,1,empty,empty,1,double,1,0,0
2025-07-08,CHA202507080,TOR,"Guerrero, Vladimir",guerv002,1,1,2B,2B,1,field_out,1,0,0
2025-07-08,CHA202507080,TOR,"Bichette, Bo",bichb001,1,2,2B,2B,1,walk,1,0,0
2025-07-08,CHA202507080,TOR,"Barger, Addison",barga001,1,2,1B+2B,1B+2B,1,field_out,1,0,0
2025-07-08,CHA202507080,TOR,"Kirk, Alejandro",kirka001,1,0,empty,empty,1,field_out,2,0,0
2025-07-08,CHA202507080,TOR,"Loperfido, Joey",lopej008,1,1,empty,empty,1,field_out,2,0,0
2025-07-08,CHA202507080,TOR,"Clement, Ernie",cleme002,1,2,empty,empty,1,field_out,2,0,0
2025-07-08,CHA202507080,TOR,"Schneider, Davis",schnd001,1,0,empty,empty,1,home_run,3,0,0
2025-07-08,CHA202507080,TOR,"Lukes, Nathan",luken001,2,0,empty,empty,1,field_out,3,1,0
2025-07-08,CHA202507080,TOR,"Springer, George",sprig001,2,1,empty,empty,1,walk,3,1,0
2025-07-08,CHA202507080,TOR,"Guerrero, Vladimir",guerv002,2,1,1B,1B,1,double,3,1,0
2025-07-08,CHA202507080,TOR,"Bichette, Bo",bichb001,2,1,2B,2B,1,single,3,2,0
2025-07-08,CHA202507080,TOR,"Barger, Addison",barga001,2,1,1B+3B,1B+3B,1,double,3,2,0
2025-07-08,CHA202507080,TOR,"Kirk, Alejandro",kirka001,2,1,2B+3B,2B+3B,1,single,3,3,0
2025-07-08,CHA202507080,TOR,"Loperfido, Joey",lopej008,2,1,1B+3B,1B+3B,1,field_out,3,4,0
2025-07-08,CHA202507080,TOR,"Clement, Ernie",cleme002,2,2,1B,1B,1,field_out,3,5,0
2025-07-08,CHA202507080,TOR,"Schneider, Davis",schnd001,2,0,empty,empty,1,field_out,4,5,0
2025-07-08,CHA202507080,TOR,"Lukes, Nathan",luken001,3,1,empty,empty,1,field_error,4,5,0
2025-07-08,CHA202507080,TOR,"Springer, George",sprig001,3,1,1B,1B,1,single,4,5,0
2025-07-08,CHA202507080,TOR,"Guerrero, Vladimir",guerv002,3,1,1B+3B,1B+3B,1,field_out,4,5,0
2025-07-08,CHA202507080,TOR,"Bichette, Bo",bichb001,3,2,1B+3B,1B+3B,1,field_out,4,5,0
2025-07-08,CHA202507080,TOR,"Barger, Addison",barga001,3,0,empty,empty,1,strikeout,5,5,0
2025-07-08,CHA202507080,TOR,"Kirk, Alejandro",kirka001,3,1,empty,empty,1,field_out,5,5,0
2025-07-08,CHA202507080,TOR,"Loperfido, Joey",lopej008,3,2,empty,empty,1,single,5,5,0
2025-07-08,CHA202507080,TOR,"Clement, Ernie",cleme002,3,2,1B,1B,1,field_out,5,5,0
2025-07-08,CHA202507080,TOR,"Schneider, Davis",schnd001,3,0,empty,empty,1,field_out,6,5,0
2025-07-08,CHA202507080,TOR,"Lukes, Nathan",luken001,4,1,empty,empty,1,double,6,5,0
2025-07-08,CHA202507080,TOR,"Springer, George",sprig001,4,1,2B,2B,1,walk,6,5,0
2025-07-08,CHA202507080,TOR,"Guerrero, Vladimir",guerv002,4,1,1B+2B,1B+2B,1,single,6,5,0
2025-07-08,CHA202507080,TOR,"Bichette, Bo",bichb001,4,2,3B,3B,1,intent_walk,6,6,0
2025-07-08,CHA202507080,TOR,"Barger, Addison",barga001,4,2,1B+3B,1B+3B,1,field_out,6,6,0
2025-07-08,CHA202507080,TOR,"Kirk, Alejandro",kirka001,4,0,empty,empty,1,single,7,6,1
2025-07-08,CHA202507080,TOR,"Loperfido, Joey",lopej008,4,0,1B,1B,1,single,7,6,1
2025-07-08,CHA202507080,TOR,"Clement, Ernie",cleme002,4,0,1B+2B,1B+2B,1,field_out,7,6,1
2025-07-08,CHA202507080,TOR,"Schneider, Davis",schnd001,4,1,1B+2B,1B+2B,1,strikeout,7,6,1
2025-07-09,CHA202507090,TOR,"Lukes, Nathan",luken001,1,0,empty,empty,1,single,1,0,0
2025-07-09,CHA202507090,TOR,"Bichette, Bo",bichb001,1,0,1B,1B,1,single,1,0,0
2025-07-09,CHA202507090,TOR,"Guerrero, Vladimir",guerv002,1,0,1B+2B,1B+2B,1,grounded_into_double_play,1,0,0
2025-07-09,CHA202507090,TOR,"Barger, Addison",barga001,1,2,3B,3B,1,field_out,1,0,0
2025-07-09,CHA202507090,TOR,"Wagner, Will",wagnw001,1,0,empty,empty,1,double,2,0,0
2025-07-09,CHA202507090,TOR,"Loperfido, Joey",lopej008,1,0,2B,2B,1,field_out,2,0,0
2025-07-09,CHA202507090,TOR,"Straw, Myles",stram002,1,1,2B,2B,1,walk,2,0,0
2025-07-09,CHA202507090,TOR,"Heineman, Tyler",heint001,1,1,1B+3B,1B+3B,1,single,2,0,0
2025-07-09,CHA202507090,TOR,"Jimenez, Leo",jimel003,1,1,1B+2B,1B+2B,1,double_play,2,1,0
2025-07-09,CHA202507090,TOR,"Lukes, Nathan",luken001,2,0,empty,empty,1,field_out,3,1,0
2025-07-09,CHA202507090,TOR,"Bichette, Bo",bichb001,2,1,empty,empty,1,single,3,1,0
2025-07-09,CHA202507090,TOR,"Guerrero, Vladimir",guerv002,2,1,1B,1B,1,field_out,3,1,0
2025-07-09,CHA202507090,TOR,"Barger, Addison",barga001,2,0,1B,empty,0,field_out,4,1,0
2025-07-09,CHA202507090,TOR,"Wagner, Will",wagnw001,2,1,empty,empty,1,strikeout,4,1,0
2025-07-09,CHA202507090,TOR,"Loperfido, Joey",lopej008,2,2,empty,empty,1,field_out,4,1,0
2025-07-09,CHA202507090,TOR,"Straw, Myles",stram002,2,0,empty,empty,1,field_out,5,1,2
2025-07-09,CHA202507090,TOR,"Heineman, Tyler",heint001,2,1,empty,empty,1,strikeout,5,1,2
2025-07-09,CHA202507090,TOR,"Jimenez, Leo",jimel003,2,2,empty,empty,1,field_out,5,1,2
2025-07-09,CHA202507090,TOR,"Lukes, Nathan",luken001,3,0,empty,empty,1,single,6,1,2
2025-07-09,CHA202507090,TOR,"Bichette, Bo",bichb001,3,0,1B,1B,1,walk,6,1,2
2025-07-09,CHA202507090,TOR,"Guerrero, Vladimir",guerv002,3,0,1B+2B,1B+2B,1,field_out,6,1,2
2025-07-09,CHA202507090,TOR,"Barger, Addison",barga001,3,1,1B+3B,1B+3B,1,grounded_into_double_play,6,1,2
2025-07-09,CHA202507090,TOR,"Wagner, Will",wagnw001,3,0,empty,empty,1,single,7,1,2
2025-07-09,CHA202507090,TOR,"Loperfido, Joey",lopej008,3,0,1B,1B,1,field_out,7,1,2
2025-07-09,CHA202507090,TOR,"Straw, Myles",stram002,3,1,1B,1B,1,field_out,7,1,2
2025-07-09,CHA202507090,TOR,"Heineman, Tyler",heint001,3,2,2B,2B,1,field_out,7,1,2
2025-07-09,CHA202507090,TOR,"Springer, George",sprig001,1,0,empty,empty,1,field_out,8,1,2
2025-07-09,CHA202507090,TOR,"Lukes, Nathan",luken001,4,1,empty,empty,1,strikeout,8,1,2
2025-07-09,CHA202507090,TOR,"Bichette, Bo",bichb001,4,2,empty,empty,1,double,8,1,2
2025-07-09,CHA202507090,TOR,"Guerrero, Vladimir",guerv002,4,2,2B,2B,1,field_out,8,1,2
2025-07-09,CHA202507090,TOR,"Barger, Addison",barga001,4,0,empty,empty,1,strikeout,9,1,2
2025-07-09,CHA202507090,TOR,"Wagner, Will",wagnw001,4,1,empty,empty,1,strikeout,9,1,2
2025-07-09,CHA202507090,TOR,"Kirk, Alejandro",kirka001,1,2,empty,empty,1,single,9,1,2
2025-07-09,CHA202507090,TOR,"Straw, Myles",stram002,4,2,1B,1B,1,field_out,9,1,2
2025-07-11,ATH202507110,TOR,"Lukes, Nathan",luken001,1,0,empty,empty,1,single,1,0,0
2025-07-11,ATH202507110,TOR,"Springer, George",sprig001,1,0,1B,1B,1,grounded_into_double_play,1,0,0
2025-07-11,ATH202507110,TOR,"Guerrero, Vladimir",guerv002,1,2,empty,empty,1,walk,1,0,0
2025-07-11,ATH202507110,TOR,"Bichette, Bo",bichb001,1,2,1B,1B,1,strikeout,1,0,0
2025-07-11,ATH202507110,TOR,"Barger, Addison",barga001,1,0,empty,empty,1,field_out,2,0,0
2025-07-11,ATH202507110,TOR,"Kirk, Alejandro",kirka001,1,1,empty,empty,1,single,2,0,0
2025-07-11,ATH202507110,TOR,"Wagner, Will",wagnw001,1,1,1B,1B,1,single,2,0,0
2025-07-11,ATH202507110,TOR,"Clement, Ernie",cleme002,1,1,1B+2B,1B+2B,1,strikeout,2,0,0
2025-07-11,ATH202507110,TOR,"Straw, Myles",stram002,1,2,1B+2B,1B+2B,1,strikeout,2,0,0
2025-07-11,ATH202507110,TOR,"Lukes, Nathan",luken001,2,0,empty,empty,1,field_out,3,0,0
2025-07-11,ATH202507110,TOR,"Springer, George",sprig001,2,1,empty,empty,1,field_out,3,0,0
2025-07-11,ATH202507110,TOR,"Guerrero, Vladimir",guerv002,2,2,empty,empty,1,strikeout,3,0,0
2025-07-11,ATH202507110,TOR,"Bichette, Bo",bichb001,2,0,empty,empty,1,double,4,0,0
2025-07-11,ATH202507110,TOR,"Barger, Addison",barga001,2,0,2B,2B,1,strikeout,4,0,0
2025-07-11,ATH202507110,TOR,"Kirk, Alejandro",kirka001,2,1,2B,2B,1,walk,4,0,0
2025-07-11,ATH202507110,TOR,"Wagner, Will",wagnw001,2,1,1B+2B,1B+2B,1,hit_by_pitch,4,0,0
2025-07-11,ATH202507110,TOR,"Clement, Ernie",cleme002,2,1,1B+2B+3B,1B+2B+3B,1,sac_fly,4,0,0
2025-07-11,ATH202507110,TOR,"Straw, Myles",stram002,2,2,1B+3B,1B+3B,1,strikeout,4,1,0
2025-07-11,ATH202507110,TOR,"Lukes, Nathan",luken001,3,0,empty,empty,1,strikeout,5,1,0
2025-07-11,ATH202507110,TOR,"Springer, George",sprig001,3,1,empty,empty,1,field_error,5,1,0
2025-07-11,ATH202507110,TOR,"Guerrero, Vladimir",guerv002,3,1,1B,1B,1,single,5,1,0
2025-07-11,ATH202507110,TOR,"Bichette, Bo",bichb001,3,1,1B+3B,1B+3B,1,strikeout,5,1,0
2025-07-11,ATH202507110,TOR,"Barger, Addison",barga001,3,2,1B+3B,2B,0,single,5,2,0
2025-07-11,ATH202507110,TOR,"Kirk, Alejandro",kirka001,3,2,1B+3B,2B+3B,0,single,5,2,0
2025-07-11,ATH202507110,TOR,"Wagner, Will",wagnw001,3,2,1B,1B,1,hit_by_pitch,5,4,0
2025-07-11,ATH202507110,TOR,"Clement, Ernie",cleme002,3,2,1B+2B,1B+2B,1,walk,5,4,0
2025-07-11,ATH202507110,TOR,"Straw, Myles",stram002,3,2,1B+2B+3B,1B+2B+3B,1,single,5,4,0
2025-07-11,ATH202507110,TOR,"Lukes, Nathan",luken001,4,2,1B+2B+3B,1B+2B+3B,1,double,5,5,0
2025-07-11,ATH202507110,TOR,"Springer, George",sprig001,4,2,2B+3B,2B+3B,1,strikeout,5,7,0
2025-07-11,ATH202507110,TOR,"Guerrero, Vladimir",guerv002,4,0,empty,empty,1,field_out,6,7,0
2025-07-11,ATH202507110,TOR,"Bichette, Bo",bichb001,4,1,empty,empty,1,single,6,7,0
2025-07-11,ATH202507110,TOR,"Barger, Addison",barga001,4,1,1B,1B,1,strikeout,6,7,0
2025-07-11,ATH202507110,TOR,"Kirk, Alejandro",kirka001,4,2,1B,1B,1,field_out,6,7,0
2025-07-11,ATH202507110,TOR,"Wagner, Will",wagnw001,4,0,empty,empty,1,field_out,7,7,3
2025-07-11,ATH202507110,TOR,"Clement, Ernie",cleme002,4,1,empty,empty,1,field_out,7,7,3
2025-07-11,ATH202507110,TOR,"Straw, Myles",stram002,4,2,empty,empty,1,hit_by_pitch,7,7,3
2025-07-11,ATH202507110,TOR,"Lukes, Nathan",luken001,5,2,1B,2B,0,walk,7,7,3
2025-07-11,ATH202507110,TOR,"Springer, George",sprig001,5,2,1B+2B,1B+2B,1,field_out,7,7,3
2025-07-11,ATH202507110,TOR,"Guerrero, Vladimir",guerv002,5,0,empty,empty,1,single,8,7,3
2025-07-11,ATH202507110,TOR,"Bichette, Bo",bichb001,5,0,1B,1B,1,field_out,8,7,3
2025-07-11,ATH202507110,TOR,"Barger, Addison",barga001,5,1,1B,1B,1,field_out,8,7,3
2025-07-11,ATH202507110,TOR,"Kirk, Alejandro",kirka001,5,2,1B,1B,1,field_out,8,7,3
2025-07-11,ATH202507110,TOR,"Wagner, Will",wagnw001,5,0,empty,empty,1,single,9,7,3
2025-07-11,ATH202507110,TOR,"Clement, Ernie",cleme002,5,0,1B,1B,1,grounded_into_double_play,9,7,3
2025-07-11,ATH202507110,TOR,"Straw, Myles",stram002,5,2,empty,empty,1,strikeout,9,7,3
2025-07-12,ATH202507120,TOR,"Clement, Ernie",cleme002,1,0,empty,empty,1,field_out,1,0,0
2025-07-12,ATH202507120,TOR,"Springer, George",sprig001,1,1,empty,empty,1,strikeout,1,0,0
2025-07-12,ATH202507120,TOR,"Guerrero, Vladimir",guerv002,1,2,empty,empty,1,walk,1,0,0
2025-07-12,ATH202507120,TOR,"Bichette, Bo",bichb001,1,2,1B,1B,1,field_out,1,0,0
2025-07-12,ATH202507120,TOR,"Kirk, Alejandro",kirka001,1,0,empty,empty,1,field_out,2,0,0
2025-07-12,ATH202507120,TOR,"Schneider, Davis",schnd001,1,1,empty,empty,1,strikeout,2,0,0
2025-07-12,ATH202507120,TOR,"Jimenez, Leo",jimel003,1,2,empty,empty,1,home_run,2,0,0
2025-07-12,ATH202507120,TOR,"Heineman, Tyler",heint001,1,2,empty,empty,1,walk,2,1,0
2025-07-12,ATH202507120,TOR,"Straw, Myles",stram002,1,2,1B,1B,1,field_out,2,1,0
2025-07-12,ATH202507120,TOR,"Clement, Ernie",cleme002,2,0,empty,empty,1,double,3,1,0
2025-07-12,ATH202507120,TOR,"Springer, George",sprig001,2,0,2B,2B,1,field_out,3,1,0
2025-07-12,ATH202507120,TOR,"Guerrero, Vladimir",guerv002,2,1,2B,2B,1,strikeout,3,1,0
2025-07-12,ATH202507120,TOR,"Bichette, Bo",bichb001,2,2,2B,2B,1,double,3,1,0
2025-07-12,ATH202507120,TOR,"Kirk, Alejandro",kirka001,2,2,2B,2B,1,field_out,3,2,0
2025-07-12,ATH202507120,TOR,"Schneider, Davis",schnd001,2,0,empty,empty,1,strikeout,4,2,2
2025-07-12,ATH202507120,TOR,"Jimenez, Leo",jimel003,2,1,empty,empty,1,field_out,4,2,2
2025-07-12,ATH202507120,TOR,"Heineman, Tyler",heint001,2,2,empty,empty,1,field_out,4,2,2
2025-07-12,ATH202507120,TOR,"Straw, Myles",stram002,2,0,empty,empty,1,double,5,2,2
2025-07-12,ATH202507120,TOR,"Clement, Ernie",cleme002,3,0,2B,2B,1,field_out,5,2,2
2025-07-12,ATH202507120,TOR,"Springer, George",sprig001,3,1,3B,3B,1,field_out,5,2,2
2025-07-12,ATH202507120,TOR,"Guerrero, Vladimir",guerv002,3,2,3B,3B,1,strikeout,5,2,2
2025-07-12,ATH202507120,TOR,"Bichette, Bo",bichb001,3,0,empty,empty,1,field_out,6,2,4
2025-07-12,ATH202507120,TOR,"Kirk, Alejandro",kirka001,3,1,empty,empty,1,walk,6,2,4
2025-07-12,ATH202507120,TOR,"Barger, Addison",barga001,1,1,1B,1B,1,strikeout,6,2,4
2025-07-12,ATH202507120,TOR,"Jimenez, Leo",jimel003,3,2,1B,1B,1,strikeout,6,2,4
2025-07-12,ATH202507120,TOR,"Heineman, Tyler",heint001,3,0,empty,empty,1,strikeout,7,2,4
2025-07-12,ATH202507120,TOR,"Lukes, Nathan",luken001,1,1,empty,empty,1,strikeout,7,2,4
2025-07-12,ATH202507120,TOR,"Clement, Ernie",cleme002,4,2,empty,empty,1,double,7,2,4
2025-07-12,ATH202507120,TOR,"Springer, George",sprig001,4,2,2B,2B,1,field_out,7,2,4
2025-07-12,ATH202507120,TOR,"Guerrero, Vladimir",guerv002,4,0,empty,empty,1,walk,8,2,4
2025-07-12,ATH202507120,TOR,"Bichette, Bo",bichb001,4,0,1B,1B,1,double,8,2,4
2025-07-12,ATH202507120,TOR,"Kirk, Alejandro",kirka001,4,0,2B+3B,2B+3B,1,sac_fly,8,2,4
2025-07-12,ATH202507120,TOR,"Barger, Addison",barga001,2,1,3B,3B,1,strikeout,8,3,4
2025-07-12,ATH202507120,TOR,"Jimenez, Leo",jimel003,4,2,3B,3B,1,strikeout,8,3,4
2025-07-12,ATH202507120,TOR,"Loperfido, Joey",lopej008,1,0,empty,empty,1,walk,9,3,4
2025-07-12,ATH202507120,TOR,"Lukes, Nathan",luken001,2,0,1B,1B,1,sac_bunt,9,3,4
2025-07-12,ATH202507120,TOR,"Clement, Ernie",cleme002,5,1,2B,2B,1,strikeout,9,3,4
2025-07-12,ATH202507120,TOR,"Springer, George",sprig001,5,2,2B,2B,1,strikeout,9,3,4
2025-07-13,ATH202507130,TOR,"Clement, Ernie",cleme002,1,0,empty,empty,1,field_out,1,0,0
2025-07-13,ATH202507130,TOR,"Bichette, Bo",bichb001,1,1,empty,empty,1,field_out,1,0,0
2025-07-13,ATH202507130,TOR,"Guerrero, Vladimir",guerv002,1,2,empty,empty,1,field_out,1,0,0
2025-07-13,ATH202507130,TOR,"Kirk, Alejandro",kirka001,1,0,empty,empty,1,field_out,2,0,0
2025-07-13,ATH202507130,TOR,"Barger, Addison",barga001,1,1,empty,empty,1,strikeout,2,0,0
2025-07-13,ATH202507130,TOR,"Schneider, Davis",schnd001,1,2,empty,empty,1,field_out,2,0,0
2025-07-13,ATH202507130,TOR,"Lukes, Nathan",luken001,1,0,empty,empty,1,field_out,3,0,2
2025-07-13,ATH202507130,TOR,"Straw, Myles",stram002,1,1,empty,empty,1,field_out,3,0,2
2025-07-13,ATH202507130,TOR,"Wagner, Will",wagnw001,1,2,empty,empty,1,field_out,3,0,2
2025-07-13,ATH202507130,TOR,"Clement, Ernie",cleme002,2,0,empty,empty,1,field_out,4,0,4
2025-07-13,ATH202507130,TOR,"Bichette, Bo",bichb001,2,1,empty,empty,1,strikeout,4,0,4
2025-07-13,ATH202507130,TOR,"Guerrero, Vladimir",guerv002,2,2,empty,empty,1,strikeout,4,0,4
2025-07-13,ATH202507130,TOR,"Kirk, Alejandro",kirka001,2,0,empty,empty,1,field_out,5,0,4
2025-07-13,ATH202507130,TOR,"Barger, Addison",barga001,2,1,empty,empty,1,field_out,5,0,4
2025-07-13,ATH202507130,TOR,"Schneider, Davis",schnd001,2,2,empty,empty,1,home_run,5,0,4
2025-07-13,ATH202507130,TOR,"Lukes, Nathan",luken001,2,2,empty,empty,1,strikeout,5,1,4
2025-07-13,ATH202507130,TOR,"Straw, Myles",stram002,2,0,empty,empty,1,field_out,6,1,6
2025-07-13,ATH202507130,TOR,"Wagner, Will",wagnw001,2,1,empty,empty,1,strikeout,6,1,6
2025-07-13,ATH202507130,TOR,"Clement, Ernie",cleme002,3,2,empty,empty,1,field_out,6,1,6
2025-07-13,ATH202507130,TOR,"Bichette, Bo",bichb001,3,0,empty,empty,1,field_out,7,1,6
2025-07-13,ATH202507130,TOR,"Guerrero, Vladimir",guerv002,3,1,empty,empty,1,single,7,1,6
2025-07-13,ATH202507130,TOR,"Kirk, Alejandro",kirka001,3,1,1B,1B,1,field_out,7,1,6
2025-07-13,ATH202507130,TOR,"Barger, Addison",barga001,3,2,1B,1B,1,home_run,7,1,6
2025-07-13,ATH202507130,TOR,"Schneider, Davis",schnd001,3,2,empty,empty,1,strikeout,7,3,6
2025-07-13,ATH202507130,TOR,"Jimenez, Leo",jimel003,1,0,empty,empty,1,strikeout,8,3,6
2025-07-13,ATH202507130,TOR,"Straw, Myles",stram002,3,1,empty,empty,1,field_out,8,3,6
2025-07-13,ATH202507130,TOR,"Springer, George",sprig001,1,2,empty,empty,1,strikeout,8,3,6
2025-07-13,ATH202507130,TOR,"Clement, Ernie",cleme002,4,0,empty,empty,1,strikeout,9,3,6
2025-07-13,ATH202507130,TOR,"Bichette, Bo",bichb001,4,1,empty,empty,1,single,9,3,6
2025-07-13,ATH202507130,TOR,"Guerrero, Vladimir",guerv002,4,1,1B,1B,1,grounded_into_double_play,9,3,6
2025-07-18,TOR202507180,TOR,"Lukes, Nathan",luken001,1,0,empty,empty,1,field_out,1,0,0
2025-07-18,TOR202507180,TOR,"Springer, George",sprig001,1,1,empty,empty,1,single,1,0,0
2025-07-18,TOR202507180,TOR,"Guerrero, Vladimir",guerv002,1,1,1B,1B,1,walk,1,0,0
2025-07-18,TOR202507180,TOR,"Bichette, Bo",bichb001,1,1,1B+2B,1B+2B,1,grounded_into_double_play,1,0,0
2025-07-18,TOR202507180,TOR,"Barger, Addison",barga001,1,0,empty,empty,1,single,2,0,0
2025-07-18,TOR202507180,TOR,"Kirk, Alejandro",kirka001,1,0,1B,1B,1,single,2,0,0
2025-07-18,TOR202507180,TOR,"Loperfido, Joey",lopej008,1,0,1B+2B,1B+2B,1,double,2,0,0
2025-07-18,TOR202507180,TOR,"Clement, Ernie",cleme002,1,0,2B+3B,2B+3B,1,field_out,2,1,0
2025-07-18,TOR202507180,TOR,"Wagner, Will",wagnw001,1,1,2B+3B,2B+3B,1,double,2,1,0
2025-07-18,TOR202507180,TOR,"Lukes, Nathan",luken001,2,1,2B,2B,1,single,2,3,0
2025-07-18,TOR202507180,TOR,"Springer, George",sprig001,2,1,1B,1B,1,single,2,4,0
2025-07-18,TOR202507180,TOR,"Guerrero, Vladimir",guerv002,2,1,1B+3B,1B+3B,1,field_out,2,4,0
2025-07-18,TOR202507180,TOR,"Bichette, Bo",bichb001,2,2,1B+3B,2B+3B,0,hit_by_pitch,2,4,0
2025-07-18,TOR202507180,TOR,"Barger, Addison",barga001,2,2,1B+2B+3B,1B+2B+3B,1,field_out,2,4,0
2025-07-18,TOR202507180,TOR,"Kirk, Alejandro",kirka001,2,0,empty,empty,1,single,3,4,0
2025-07-18,TOR202507180,TOR,"Loperfido, Joey",lopej008,2,0,1B,1B,1,single,3,4,0
2025-07-18,TOR202507180,TOR,"Clement, Ernie",cleme002,2,0,1B+2B,1B+2B,1,grounded_into_double_play,3,4,0
2025-07-18,TOR202507180,TOR,"Wagner, Will",wagnw001,2,2,3B,3B,1,walk,3,4,0
2025-07-18,TOR202507180,TOR,"Lukes, Nathan",luken001,3,2,1B+3B,1B+3B,1,field_out,3,4,0
2025-07-18,TOR202507180,TOR,"Springer, George",sprig001,3,0,empty,empty,1,field_out,4,4,0
2025-07-18,TOR202507180,TOR,"Guerrero, Vladimir",guerv002,3,1,empty,empty,1,field_out,4,4,0
2025-07-18,TOR202507180,TOR,"Bichette, Bo",bichb001,3,2,empty,empty,1,field_out,4,4,0
2025-07-18,TOR202507180,TOR,"Barger, Addison",barga001,3,0,empty,empty,1,field_out,5,4,0
2025-07-18,TOR202507180,TOR,"Kirk, Alejandro",kirka001,3,1,empty,empty,1,field_out,5,4,0
2025-07-18,TOR202507180,TOR,"Loperfido, Joey",lopej008,3,2,empty,empty,1,strikeout,5,4,0
2025-07-18,TOR202507180,TOR,"Clement, Ernie",cleme002,3,0,empty,empty,1,field_out,6,4,0
2025-07-18,TOR202507180,TOR,"Wagner, Will",wagnw001,3,1,empty,empty,1,field_out,6,4,0
2025-07-18,TOR202507180,TOR,"Lukes, Nathan",luken001,4,2,empty,empty,1,field_out,6,4,0
2025-07-18,TOR202507180,TOR,"Springer, George",sprig001,4,0,empty,empty,1,single,7,4,0
2025-07-18,TOR202507180,TOR,"Guerrero, Vladimir",guerv002,4,0,1B,1B,1,grounded_into_double_play,7,4,0
2025-07-18,TOR202507180,TOR,"Bichette, Bo",bichb001,4,2,empty,empty,1,strikeout,7,4,0
2025-07-18,TOR202507180,TOR,"Barger, Addison",barga001,4,0,empty,empty,1,field_out,8,4,0
2025-07-18,TOR202507180,TOR,"Kirk, Alejandro",kirka001,4,1,empty,empty,1,field_out,8,4,0
2025-07-18,TOR202507180,TOR,"Loperfido, Joey",lopej008,4,2,empty,empty,1,walk,8,4,0
2025-07-18,TOR202507180,TOR,"Clement, Ernie",cleme002,4,2,1B,1B,1,field_out,8,4,0
2025-07-19,TOR202507190,TOR,"Lukes, Nathan",luken001,1,0,empty,empty,1,single,1,0,0
2025-07-19,TOR202507190,TOR,"Springer, George",sprig001,1,0,1B,1B,1,walk,1,0,0
2025-07-19,TOR202507190,TOR,"Guerrero, Vladimir",guerv002,1,0,1B+2B,1B+2B,1,grounded_into_double_play,1,0,0
2025-07-19,TOR202507190,TOR,"Bichette, Bo",bichb001,1,2,3B,3B,1,field_out,1,0,0
2025-07-19,TOR202507190,TOR,"Barger, Addison",barga001,1,0,empty,empty,1,single,2,0,0
2025-07-19,TOR202507190,TOR,"Loperfido, Joey",lopej008,1,0,1B,1B,1,single,2,0,0
2025-07-19,TOR202507190,TOR,"Clement, Ernie",cleme002,1,0,1B+2B,1B+2B,1,sac_bunt,2,0,0
2025-07-19,TOR202507190,TOR,"Wagner, Will",wagnw001,1,1,2B+3B,2B+3B,1,strikeout,2,0,0
2025-07-19,TOR202507190,TOR,"Heineman, Tyler",heint001,1,2,2B+3B,2B+3B,1,hit_by_pitch,2,0,0
2025-07-19,TOR202507190,TOR,"Lukes, Nathan",luken001,2,2,1B+2B+3B,1B+2B+3B,1,field_out,2,0,0
2025-07-19,TOR202507190,TOR,"Springer, George",sprig001,2,0,empty,empty,1,field_out,3,0,0
2025-07-19,TOR202507190,TOR,"Guerrero, Vladimir",guerv002,2,1,empty,empty,1,single,3,0,0
2025-07-19,TOR202507190,TOR,"Bichette, Bo",bichb001,2,1,1B,1B,1,double_play,3,0,0
2025-07-19,TOR202507190,TOR,"Barger, Addison",barga001,2,0,empty,empty,1,single,4,0,0
2025-07-19,TOR202507190,TOR,"Loperfido, Joey",lopej008,2,0,1B,1B,1,field_out,4,0,0
2025-07-19,TOR202507190,TOR,"Clement, Ernie",cleme002,2,1,2B,2B,1,field_out,4,0,0
2025-07-19,TOR202507190,TOR,"Wagner, Will",wagnw001,2,2,3B,3B,1,field_out,4,0,0
2025-07-19,TOR202507190,TOR,"Heineman, Tyler",heint001,2,0,empty,empty,1,field_out,5,0,1
2025-07-19,TOR202507190,TOR,"Lukes, Nathan",luken001,3,1,empty,empty,1,field_out,5,0,1
2025-07-19,TOR202507190,TOR,"Springer, George",sprig001,3,2,empty,empty,1,single,5,0,1
2025-07-19,TOR202507190,TOR,"Guerrero, Vladimir",guerv002,3,2,1B,1B,1,field_out,5,0,1
2025-07-19,TOR202507190,TOR,"Bichette, Bo",bichb001,3,0,empty,empty,1,single,6,0,2
2025-07-19,TOR202507190,TOR,"Barger, Addison",barga001,3,0,1B,1B,1,double,6,0,2
2025-07-19,TOR202507190,TOR,"Loperfido, Joey",lopej008,3,0,2B+3B,2B+3B,1,field_out,6,0,2
2025-07-19,TOR202507190,TOR,"Clement, Ernie",cleme002,3,1,2B+3B,2B+3B,1,single,6,0,2
2025-07-19,TOR202507190,TOR,"Wagner, Will",wagnw001,3,1,1B+3B,1B+3B,1,double,6,1,2
2025-07-19,TOR202507190,TOR,"Heineman, Tyler",heint001,3,1,2B,2B,1,double,6,3,2
2025-07-19,TOR202507190,TOR,"Lukes, Nathan",luken001,4,1,2B,2B,1,field_out,6,4,2
2025-07-19,TOR202507190,TOR,"Springer, George",sprig001,4,2,3B,3B,1,field_out,6,4,2
2025-07-19,TOR202507190,TOR,"Guerrero, Vladimir",guerv002,4,0,empty,empty,1,field_out,7,4,3
2025-07-19,TOR202507190,TOR,"Bichette, Bo",bichb001,4,1,empty,empty,1,strikeout,7,4,3
2025-07-19,TOR202507190,TOR,"Barger, Addison",barga001,4,2,empty,empty,1,single,7,4,3
2025-07-19,TOR202507190,TOR,"Loperfido, Joey",lopej008,4,2,1B,1B,1,field_out,7,4,3
2025-07-19,TOR202507190,TOR,"Clement, Ernie",cleme002,4,0,empty,empty,1,field_out,8,4,3
2025-07-19,TOR202507190,TOR,"Wagner, Will",wagnw001,4,1,empty,empty,1,single,8,4,3
2025-07-19,TOR202507190,TOR,"Heineman, Tyler",heint001,4,1,1B,1B,1,home_run,8,4,3
2025-07-19,TOR202507190,TOR,"Lukes, Nathan",luken001,5,1,empty,empty,1,strikeout,8,6,3
2025-07-19,TOR202507190,TOR,"Springer, George",sprig001,5,2,empty,empty,1,field_out,8,6,3
2025-07-20,TOR202507200,TOR,"Clement, Ernie",cleme002,1,0,empty,empty,1,field_out,1,0,1
2025-07-20,TOR202507200,TOR,"Springer, George",sprig001,1,1,empty,empty,1,strikeout,1,0,1
2025-07-20,TOR202507200,TOR,"Guerrero, Vladimir",guerv002,1,2,empty,empty,1,home_run,1,0,1
2025-07-20,TOR202507200,TOR,"Bichette, Bo",bichb001,1,2,empty,empty,1,field_out,1,1,1
2025-07-20,TOR202507200,TOR,"Kirk, Alejandro",kirka001,1,0,empty,empty,1,walk,2,1,1
2025-07-20,TOR202507200,TOR,"Barger, Addison",barga001,1,0,1B,1B,1,field_out,2,1,1
2025-07-20,TOR202507200,TOR,"Schneider, Davis",schnd001,1,2,1B,empty,0,walk,2,1,1
2025-07-20,TOR202507200,TOR,"Jimenez, Leo",jimel003,1,2,1B,1B,1,strikeout,2,1,1
2025-07-20,TOR202507200,TOR,"Straw, Myles",stram002,1,0,empty,empty,1,field_out,3,1,1
2025-07-20,TOR202507200,TOR,"Clement, Ernie",cleme002,2,1,empty,empty,1,double,3,1,1
2025-07-20,TOR202507200,TOR,"Springer, George",sprig001,2,1,2B,2B,1,field_out,3,1,1
2025-07-20,TOR202507200,TOR,"Guerrero, Vladimir",guerv002,2,2,2B,2B,1,walk,3,1,1
2025-07-20,TOR202507200,TOR,"Bichette, Bo",bichb001,2,2,1B+2B,1B+2B,1,double,3,1,1
2025-07-20,TOR202507200,TOR,"Kirk, Alejandro",kirka001,2,2,2B,2B,1,field_out,3,3,1
2025-07-20,TOR202507200,TOR,"Barger, Addison",barga001,2,0,empty,empty,1,field_out,4,3,1
2025-07-20,TOR202507200,TOR,"Schneider, Davis",schnd001,2,1,empty,empty,1,walk,4,3,1
2025-07-20,TOR202507200,TOR,"Jimenez, Leo",jimel003,2,1,1B,1B,1,strikeout,4,3,1
2025-07-20,TOR202507200,TOR,"Straw, Myles",stram002,2,2,1B,1B,1,walk,4,3,1
2025-07-20,TOR202507200,TOR,"Clement, Ernie",cleme002,3,2,1B+2B,1B+2B,1,field_out,4,3,1
2025-07-20,TOR202507200,TOR,"Springer, George",sprig001,3,0,empty,empty,1,home_run,5,3,2
2025-07-20,TOR202507200,TOR,"Guerrero, Vladimir",guerv002,3,0,empty,empty,1,field_out,5,4,2
2025-07-20,TOR202507200,TOR,"Bichette, Bo",bichb001,3,1,empty,empty,1,double,5,4,2
2025-07-20,TOR202507200,TOR,"Kirk, Alejandro",kirka001,3,1,2B,3B,0,single,5,4,2
2025-07-20,TOR202507200,TOR,"Barger, Addison",barga001,3,1,1B,1B,1,home_run,5,5,2
2025-07-20,TOR202507200,TOR,"Lukes, Nathan",luken001,1,1,empty,empty,1,field_out,5,7,2
2025-07-20,TOR202507200,TOR,"Jimenez, Leo",jimel003,3,2,empty,empty,1,field_out,5,7,2
2025-07-20,TOR202507200,TOR,"Loperfido, Joey",lopej008,1,0,empty,empty,1,strikeout,6,7,6
2025-07-20,TOR202507200,TOR,"Clement, Ernie",cleme002,4,1,empty,empty,1,field_out,6,7,6
2025-07-20,TOR202507200,TOR,"Springer, George",sprig001,4,2,empty,empty,1,double,6,7,6
2025-07-20,TOR202507200,TOR,"Guerrero, Vladimir",guerv002,4,2,2B,2B,1,single,6,7,6
2025-07-20,TOR202507200,TOR,"Bichette, Bo",bichb001,4,2,1B,1B,1,field_out,6,8,6
2025-07-20,TOR202507200,TOR,"Kirk, Alejandro",kirka001,4,0,empty,empty,1,strikeout,7,8,6
2025-07-20,TOR202507200,TOR,"Barger, Addison",barga001,4,1,empty,empty,1,strikeout,7,8,6
2025-07-20,TOR202507200,TOR,"Lukes, Nathan",luken001,2,2,empty,empty,1,strikeout,7,8,6
2025-07-20,TOR202507200,TOR,"Jimenez, Leo",jimel003,4,0,empty,empty,1,field_out,8,8,6
2025-07-20,TOR202507200,TOR,"Loperfido, Joey",lopej008,2,1,empty,empty,1,field_out,8,8,6
2025-07-20,TOR202507200,TOR,"Clement, Ernie",cleme002,5,2,empty,empty,1,field_out,8,8,6
2025-07-21,TOR202507210,TOR,"Clement, Ernie",cleme002,1,0,empty,empty,1,field_out,1,0,0
2025-07-21,TOR202507210,TOR,"Springer, George",sprig001,1,1,empty,empty,1,field_out,1,0,0
2025-07-21,TOR202507210,TOR,"Guerrero, Vladimir",guerv002,1,2,empty,empty,1,field_out,1,0,0
2025-07-21,TOR202507210,TOR,"Bichette, Bo",bichb001,1,0,empty,empty,1,field_out,2,0,0
2025-07-21,TOR202507210,TOR,"Kirk, Alejandro",kirka001,1,1,empty,empty,1,double,2,0,0
2025-07-21,TOR202507210,TOR,"Schneider, Davis",schnd001,1,1,2B,2B,1,walk,2,0,0
2025-07-21,TOR202507210,TOR,"Straw, Myles",stram002,1,1,1B+2B,1B+2B,1,strikeout,2,0,0
2025-07-21,TOR202507210,TOR,"Jimenez, Leo",jimel003,1,2,1B+2B,1B+2B,1,walk,2,0,0
2025-07-21,TOR202507210,TOR,"Loperfido, Joey",lopej008,1,2,1B+2B+3B,1B+2B+3B,1,field_out,2,0,0
2025-07-21,TOR202507210,TOR,"Clement, Ernie",cleme002,2,0,empty,empty,1,field_out,3,0,0
2025-07-21,TOR202507210,TOR,"Springer, George",sprig001,2,1,empty,empty,1,strikeout,3,0,0
2025-07-21,TOR202507210,TOR,"Guerrero, Vladimir",guerv002,2,2,empty,empty,1,walk,3,0,0
2025-07-21,TOR202507210,TOR,"Bichette, Bo",bichb001,2,2,1B,1B,1,field_out,3,0,0
2025-07-21,TOR202507210,TOR,"Kirk, Alejandro",kirka001,2,0,empty,empty,1,double,4,0,1
2025-07-21,TOR202507210,TOR,"Schneider, Davis",schnd001,2,0,2B,2B,1,field_out,4,0,1
2025-07-21,TOR202507210,TOR,"Straw, Myles",stram002,2,1,2B,2B,1,strikeout,4,0,1
2025-07-21,TOR202507210,TOR,"Jimenez, Leo",jimel003,2,2,2B,2B,1,walk,4,0,1
2025-07-21,TOR202507210,TOR,"Loperfido, Joey",lopej008,2,2,1B+2B,1B+2B,1,single,4,0,1
2025-07-21,TOR202507210,TOR,"Clement, Ernie",cleme002,3,2,1B+2B+3B,1B+2B+3B,1,field_out,4,0,1
2025-07-21,TOR202507210,TOR,"Springer, George",sprig001,3,0,empty,empty,1,walk,5,0,1
2025-07-21,TOR202507210,TOR,"Guerrero, Vladimir",guerv002,3,0,1B,1B,1,single,5,0,1
2025-07-21,TOR202507210,TOR,"Bichette, Bo",bichb001,3,0,1B+2B,1B+2B,1,double,5,0,1
2025-07-21,TOR202507210,TOR,"Kirk, Alejandro",kirka001,3,0,2B,2B,1,field_out,5,2,1
2025-07-21,TOR202507210,TOR,"Schneider, Davis",schnd001,3,1,2B,2B,1,field_out,5,2,1
2025-07-21,TOR202507210,TOR,"Straw, Myles",stram002,3,2,2B,2B,1,single,5,2,1
2025-07-21,TOR202507210,TOR,"Jimenez, Leo",jimel003,3,2,2B,2B,1,field_error,5,3,1
2025-07-21,TOR202507210,TOR,"Loperfido, Joey",lopej008,3,2,1B,1B,1,strikeout,5,4,1
2025-07-21,TOR202507210,TOR,"Clement, Ernie",cleme002,4,0,empty,empty,1,field_out,6,4,1
2025-07-21,TOR202507210,TOR,"Springer, George",sprig001,4,1,empty,empty,1,field_out,6,4,1
2025-07-21,TOR202507210,TOR,"Guerrero, Vladimir",guerv002,4,2,empty,empty,1,walk,6,4,1
2025-07-21,TOR202507210,TOR,"Bichette, Bo",bichb001,4,2,1B,1B,1,field_out,6,4,1
2025-07-21,TOR202507210,TOR,"Kirk, Alejandro",kirka001,4,0,empty,empty,1,field_out,7,4,1
2025-07-21,TOR202507210,TOR,"Barger, Addison",barga001,1,1,empty,empty,1,field_out,7,4,1
2025-07-21,TOR202507210,TOR,"Straw, Myles",stram002,4,2,empty,empty,1,field_out,7,4,1
2025-07-21,TOR202507210,TOR,"Lukes, Nathan",luken001,1,0,empty,empty,1,field_out,8,4,1
2025-07-21,TOR202507210,TOR,"Loperfido, Joey",lopej008,4,1,empty,empty,1,field_out,8,4,1
2025-07-21,TOR202507210,TOR,"Clement, Ernie",cleme002,5,2,empty,empty,1,field_out,8,4,1
2025-07-22,TOR202507220,TOR,"Lukes, Nathan",luken001,1,0,empty,empty,1,field_out,1,0,3
2025-07-22,TOR202507220,TOR,"Springer, George",sprig001,1,1,empty,empty,1,walk,1,0,3
2025-07-22,TOR202507220,TOR,"Guerrero, Vladimir",guerv002,1,1,1B,1B,1,single,1,0,3
2025-07-22,TOR202507220,TOR,"Bichette, Bo",bichb001,1,1,1B+2B,1B+2B,1,strikeout,1,0,3
2025-07-22,TOR202507220,TOR,"Barger, Addison",barga001,1,2,1B+2B,1B+2B,1,single,1,0,3
2025-07-22,TOR202507220,TOR,"Kirk, Alejandro",kirka001,1,2,1B+2B,1B+2B,1,strikeout,1,1,3
2025-07-22,TOR202507220,TOR,"Loperfido, Joey",lopej008,1,0,empty,empty,1,field_out,2,1,3
2025-07-22,TOR202507220,TOR,"Clement, Ernie",cleme002,1,1,empty,empty,1,single,2,1,3
2025-07-22,TOR202507220,TOR,"Wagner, Will",wagnw001,1,1,1B,1B,1,walk,2,1,3
2025-07-22,TOR202507220,TOR,"Lukes, Nathan",luken001,2,1,1B+2B,1B+2B,1,field_out,2,1,3
2025-07-22,TOR202507220,TOR,"Springer, George",sprig001,2,2,1B+2B,1B+2B,1,walk,2,1,3
2025-07-22,TOR202507220,TOR,"Guerrero, Vladimir",guerv002,2,2,1B+2B+3B,1B+2B+3B,1,field_out,2,1,3
2025-07-22,TOR202507220,TOR,"Bichette, Bo",bichb001,2,0,empty,empty,1,field_out,3,1,3
2025-07-22,TOR202507220,TOR,"Barger, Addison",barga001,2,1,empty,empty,1,strikeout,3,1,3
2025-07-22,TOR202507220,TOR,"Kirk, Alejandro",kirka001,2,2,empty,empty,1,field_out,3,1,3
2025-07-22,TOR202507220,TOR,"Loperfido, Joey",lopej008,2,0,empty,empty,1,field_out,4,1,3
2025-07-22,TOR202507220,TOR,"Clement, Ernie",cleme002,2,1,empty,empty,1,field_out,4,1,3
2025-07-22,TOR202507220,TOR,"Wagner, Will",wagnw001,2,2,empty,empty,1,single,4,1,3
2025-07-22,TOR202507220,TOR,"Lukes, Nathan",luken001,3,2,1B,1B,1,field_out,4,1,3
2025-07-22,TOR202507220,TOR,"Springer, George",sprig001,3,0,empty,empty,1,single,5,1,4
2025-07-22,TOR202507220,TOR,"Guerrero, Vladimir",guerv002,3,0,1B,1B,1,single,5,1,4
2025-07-22,TOR202507220,TOR,"Bichette, Bo",bichb001,3,0,1B+2B,1B+2B,1,grounded_into_double_play,5,1,4
2025-07-22,TOR202507220,TOR,"Barger, Addison",barga001,3,2,3B,3B,1,single,5,1,4
2025-07-22,TOR202507220,TOR,"Kirk, Alejandro",kirka001,3,2,1B,1B,1,field_out,5,2,4
2025-07-22,TOR202507220,TOR,"Straw, Myles",stram002,1,0,empty,empty,1,field_error,6,2,4
2025-07-22,TOR202507220,TOR,"Clement, Ernie",cleme002,3,0,1B,1B,1,field_out,6,2,4
2025-07-22,TOR202507220,TOR,"Schneider, Davis",schnd001,1,1,1B,1B,1,double,6,2,4
2025-07-22,TOR202507220,TOR,"Lukes, Nathan",luken001,4,1,2B,2B,1,field_out,6,3,4
2025-07-22,TOR202507220,TOR,"Springer, George",sprig001,4,2,2B,2B,1,single,6,3,4
2025-07-22,TOR202507220,TOR,"Guerrero, Vladimir",guerv002,4,2,2B,2B,1,strikeout,6,4,4
2025-07-22,TOR202507220,TOR,"Bichette, Bo",bichb001,4,0,empty,empty,1,double,7,4,4
2025-07-22,TOR202507220,TOR,"Barger, Addison",barga001,4,0,2B,2B,1,field_out,7,4,4
2025-07-22,TOR202507220,TOR,"Kirk, Alejandro",kirka001,4,1,2B,2B,1,field_out,7,4,4
2025-07-22,TOR202507220,TOR,"Straw, Myles",stram002,2,2,3B,3B,1,field_out,7,4,4
2025-07-22,TOR202507220,TOR,"Clement, Ernie",cleme002,4,0,empty,empty,1,field_out,8,4,4
2025-07-22,TOR202507220,TOR,"Schneider, Davis",schnd001,2,1,empty,empty,1,walk,8,4,4
2025-07-22,TOR202507220,TOR,"Lukes, Nathan",luken001,5,1,1B,1B,1,field_out,8,4,4
2025-07-22,TOR202507220,TOR,"Springer, George",sprig001,5,2,1B,1B,1,field_out,8,4,4
2025-07-22,TOR202507220,TOR,"Guerrero, Vladimir",guerv002,5,0,empty,empty,1,single,9,4,5
2025-07-22,TOR202507220,TOR,"Bichette, Bo",bichb001,5,0,1B,1B,1,strikeout,9,4,5
2025-07-22,TOR202507220,TOR,"Barger, Addison",barga001,5,1,1B,1B,1,field_out,9,4,5
2025-07-22,TOR202507220,TOR,"Kirk, Alejandro",kirka001,5,2,1B,1B,1,strikeout,9,4,5
2025-07-23,TOR202507230,TOR,"Schneider, Davis",schnd001,1,0,empty,empty,1,field_out,1,0,0
2025-07-23,TOR202507230,TOR,"Springer, George",sprig001,1,1,empty,empty,1,field_out,1,0,0
2025-07-23,TOR202507230,TOR,"Guerrero, Vladimir",guerv002,1,2,empty,empty,1,strikeout,1,0,0
2025-07-23,TOR202507230,TOR,"Bichette, Bo",bichb001,1,0,empty,empty,1,field_out,2,0,1
2025-07-23,TOR202507230,TOR,"Kirk, Alejandro",kirka001,1,1,empty,empty,1,field_out,2,0,1
2025-07-23,TOR202507230,TOR,"Barger, Addison",barga001,1,2,empty,empty,1,strikeout,2,0,1
2025-07-23,TOR202507230,TOR,"Clement, Ernie",cleme002,1,0,empty,empty,1,field_out,3,0,1
2025-07-23,TOR202507230,TOR,"Straw, Myles",stram002,1,1,empty,empty,1,field_out,3,0,1
2025-07-23,TOR202507230,TOR,"Jimenez, Leo",jimel003,1,2,empty,empty,1,field_out,3,0,1
2025-07-23,TOR202507230,TOR,"Schneider, Davis",schnd001,2,0,empty,empty,1,field_out,4,0,1
2025-07-23,TOR202507230,TOR,"Springer, George",sprig001,2,1,empty,empty,1,single,4,0,1
2025-07-23,TOR202507230,TOR,"Guerrero, Vladimir",guerv002,2,1,1B,1B,1,double,4,0,1
2025-07-23,TOR202507230,TOR,"Bichette, Bo",bichb001,2,1,2B,2B,1,field_out,4,1,1
2025-07-23,TOR202507230,TOR,"Kirk, Alejandro",kirka001,2,2,2B,2B,1,walk,4,1,1
2025-07-23,TOR202507230,TOR,"Barger, Addison",barga001,2,2,1B+2B,1B+2B,1,single,4,1,1
2025-07-23,TOR202507230,TOR,"Clement, Ernie",cleme002,2,2,1B+2B+3B,1B+2B+3B,1,single,4,1,1
2025-07-23,TOR202507230,TOR,"Straw, Myles",stram002,2,2,1B+2B+3B,1B+2B+3B,1,field_out,4,2,1
2025-07-23,TOR202507230,TOR,"Jimenez, Leo",jimel003,2,0,empty,empty,1,field_out,5,2,2
2025-07-23,TOR202507230,TOR,"Schneider, Davis",schnd001,3,1,empty,empty,1,walk,5,2,2
2025-07-23,TOR202507230,TOR,"Springer, George",sprig001,3,1,1B,2B,0,walk,5,2,2
2025-07-23,TOR202507230,TOR,"Guerrero, Vladimir",guerv002,3,1,1B+2B,2B+3B,0,fielders_choice,5,2,2
2025-07-23,TOR202507230,TOR,"Bichette, Bo",bichb001,3,1,1B,1B,1,field_out,5,4,2
2025-07-23,TOR202507230,TOR,"Kirk, Alejandro",kirka001,3,2,2B,2B,1,field_out,5,4,2
2025-07-23,TOR202507230,TOR,"Barger, Addison",barga001,3,0,empty,empty,1,strikeout,6,4,4
2025-07-23,TOR202507230,TOR,"Clement, Ernie",cleme002,3,1,empty,empty,1,triple,6,4,4
2025-07-23,TOR202507230,TOR,"Straw, Myles",stram002,3,1,3B,3B,1,double,6,4,4
2025-07-23,TOR202507230,TOR,"Lukes, Nathan",luken001,1,1,2B,2B,1,field_out,6,5,4
2025-07-23,TOR202507230,TOR,"Wagner, Will",wagnw001,1,2,3B,3B,1,field_error,6,5,4
2025-07-23,TOR202507230,TOR,"Springer, George",sprig001,4,2,1B,1B,1,field_out,6,6,4
2025-07-23,TOR202507230,TOR,"Guerrero, Vladimir",guerv002,4,0,empty,empty,1,single,7,6,4
2025-07-23,TOR202507230,TOR,"Bichette, Bo",bichb001,4,0,2B,2B,1,home_run,7,6,4
2025-07-23,TOR202507230,TOR,"Kirk, Alejandro",kirka001,4,0,empty,empty,1,double,7,8,4
2025-07-23,TOR202507230,TOR,"Barger, Addison",barga001,4,0,2B,2B,1,field_out,7,8,4
2025-07-23,TOR202507230,TOR,"Clement, Ernie",cleme002,4,1,2B,2B,1,field_out,7,8,4
2025-07-23,TOR202507230,TOR,"Straw, Myles",stram002,4,2,2B,2B,1,field_out,7,8,4
2025-07-23,TOR202507230,TOR,"Lukes, Nathan",luken001,2,0,empty,empty,1,walk,8,8,4
2025-07-23,TOR202507230,TOR,"Wagner, Will",wagnw001,2,0,1B,1B,1,grounded_into_double_play,8,8,4
2025-07-23,TOR202507230,TOR,"Springer, George",sprig001,5,2,empty,empty,1,single,8,8,4
2025-07-23,TOR202507230,TOR,"Guerrero, Vladimir",guerv002,5,2,1B,1B,1,strikeout,8,8,4
2025-07-24,DET202507240,TOR,"Lukes, Nathan",luken001,1,0,empty,empty,1,field_out,1,0,0
2025-07-24,DET202507240,TOR,"Springer, George",sprig001,1,1,empty,empty,1,field_out,1,0,0
2025-07-24,DET202507240,TOR,"Guerrero, Vladimir",guerv002,1,2,empty,empty,1,strikeout,1,0,0
2025-07-24,DET202507240,TOR,"Bichette, Bo",bichb001,1,0,empty,empty,1,field_out,2,0,1
2025-07-24,DET202507240,TOR,"Barger, Addison",barga001,1,1,empty,empty,1,field_out,2,0,1
2025-07-24,DET202507240,TOR,"Clement, Ernie",cleme002,1,2,empty,empty,1,field_out,2,0,1
2025-07-24,DET202507240,TOR,"Loperfido, Joey",lopej008,1,0,empty,empty,1,field_out,3,0,1
2025-07-24,DET202507240,TOR,"Heineman, Tyler",heint001,1,1,empty,empty,1,field_out,3,0,1
2025-07-24,DET202507240,TOR,"Wagner, Will",wagnw001,1,2,empty,empty,1,single,3,0,1
2025-07-24,DET202507240,TOR,"Lukes, Nathan",luken001,2,2,1B,1B,1,field_out,3,0,1
2025-07-24,DET202507240,TOR,"Springer, George",sprig001,2,0,empty,empty,1,field_out,4,0,1
2025-07-24,DET202507240,TOR,"Guerrero, Vladimir",guerv002,2,1,empty,empty,1,single,4,0,1
2025-07-24,DET202507240,TOR,"Bichette, Bo",bichb001,2,1,1B,1B,1,field_out,4,0,1
2025-07-24,DET202507240,TOR,"Barger, Addison",barga001,2,2,1B,1B,1,field_out,4,0,1
2025-07-24,DET202507240,TOR,"Clement, Ernie",cleme002,2,0,empty,empty,1,single,5,0,1
2025-07-24,DET202507240,TOR,"Loperfido, Joey",lopej008,2,0,1B,1B,1,strikeout,5,0,1
2025-07-24,DET202507240,TOR,"Heineman, Tyler",heint001,2,1,1B,1B,1,strikeout,5,0,1
2025-07-24,DET202507240,TOR,"Wagner, Will",wagnw001,2,2,1B,1B,1,field_out,5,0,1
2025-07-24,DET202507240,TOR,"Lukes, Nathan",luken001,3,0,empty,empty,1,strikeout,6,0,1
2025-07-24,DET202507240,TOR,"Springer, George",sprig001,3,1,empty,empty,1,walk,6,0,1
2025-07-24,DET202507240,TOR,"Guerrero, Vladimir",guerv002,3,1,1B,1B,1,double,6,0,1
2025-07-24,DET202507240,TOR,"Bichette, Bo",bichb001,3,1,2B,2B,1,field_out,6,1,1
2025-07-24,DET202507240,TOR,"Barger, Addison",barga001,3,2,3B,3B,1,intent_walk,6,1,1
2025-07-24,DET202507240,TOR,"Clement, Ernie",cleme002,3,2,1B+3B,1B+3B,1,home_run,6,1,1
2025-07-24,DET202507240,TOR,"Loperfido, Joey",lopej008,3,2,empty,empty,1,home_run,6,4,1
2025-07-24,DET202507240,TOR,"Heineman, Tyler",heint001,3,2,empty,empty,1,hit_by_pitch,6,5,1
2025-07-24,DET202507240,TOR,"Wagner, Will",wagnw001,3,2,1B,1B,1,field_out,6,5,1
2025-07-24,DET202507240,TOR,"Lukes, Nathan",luken001,4,0,empty,empty,1,double,7,5,1
2025-07-24,DET202507240,TOR,"Springer, George",sprig001,4,0,2B,2B,1,field_out,7,5,1
2025-07-24,DET202507240,TOR,"Guerrero, Vladimir",guerv002,4,1,3B,3B,1,single,7,5,1
2025-07-24,DET202507240,TOR,"Bichette, Bo",bichb001,4,1,1B,1B,1,single,7,6,1
2025-07-24,DET202507240,TOR,"Barger, Addison",barga001,4,1,1B+2B,1B+2B,1,triple,7,6,1
2025-07-24,DET202507240,TOR,"Clement, Ernie",cleme002,4,1,3B,3B,1,sac_fly,7,8,1
2025-07-24,DET202507240,TOR,"Loperfido, Joey",lopej008,4,2,empty,empty,1,strikeout,7,9,1
2025-07-24,DET202507240,TOR,"Heineman, Tyler",heint001,4,0,empty,empty,1,field_out,8,9,1
2025-07-24,DET202507240,TOR,"Wagner, Will",wagnw001,4,1,empty,empty,1,single,8,9,1
2025-07-24,DET202507240,TOR,"Lukes, Nathan",luken001,5,1,1B,1B,1,home_run,8,9,1
2025-07-24,DET202507240,TOR,"Springer, George",sprig001,5,1,empty,empty,1,double,8,11,1
2025-07-24,DET202507240,TOR,"Guerrero, Vladimir",guerv002,5,1,2B,2B,1,field_out,8,11,1
2025-07-24,DET202507240,TOR,"Bichette, Bo",bichb001,5,2,3B,3B,1,field_out,8,11,1
2025-07-24,DET202507240,TOR,"Barger, Addison",barga001,5,0,empty,empty,1,field_out,9,11,1
2025-07-24,DET202507240,TOR,"Clement, Ernie",cleme002,5,1,empty,empty,1,field_out,9,11,1
2025-07-24,DET202507240,TOR,"Loperfido, Joey",lopej008,5,2,empty,empty,1,single,9,11,1
2025-07-24,DET202507240,TOR,"Heineman, Tyler",heint001,5,2,1B,1B,1,single,9,11,1
2025-07-24,DET202507240,TOR,"Wagner, Will",wagnw001,5,2,1B+2B,1B+2B,1,field_out,9,11,1
2025-07-25,DET202507250,TOR,"Lukes, Nathan",luken001,1,0,empty,empty,1,single,1,0,0
2025-07-25,DET202507250,TOR,"Springer, George",sprig001,1,0,1B,1B,1,strikeout,1,0,0
2025-07-25,DET202507250,TOR,"Guerrero, Vladimir",guerv002,1,1,1B,1B,1,field_out,1,0,0
2025-07-25,DET202507250,TOR,"Bichette, Bo",bichb001,1,2,2B,2B,1,field_out,1,0,0
2025-07-25,DET202507250,TOR,"Barger, Addison",barga001,1,0,empty,empty,1,strikeout,2,0,0
2025-07-25,DET202507250,TOR,"Kirk, Alejandro",kirka001,1,1,empty,empty,1,field_out,2,0,0
2025-07-25,DET202507250,TOR,"Loperfido, Joey",lopej008,1,2,empty,empty,1,single,2,0,0
2025-07-25,DET202507250,TOR,"Clement, Ernie",cleme002,1,2,1B,1B,1,field_out,2,0,0
2025-07-25,DET202507250,TOR,"Wagner, Will",wagnw001,1,0,empty,empty,1,field_out,3,0,1
2025-07-25,DET202507250,TOR,"Lukes, Nathan",luken001,2,1,empty,empty,1,field_out,3,0,1
2025-07-25,DET202507250,TOR,"Springer, George",sprig001,2,2,empty,empty,1,field_out,3,0,1
2025-07-25,DET202507250,TOR,"Guerrero, Vladimir",guerv002,2,0,empty,empty,1,double,4,0,1
2025-07-25,DET202507250,TOR,"Bichette, Bo",bichb001,2,0,2B,2B,1,field_out,4,0,1
2025-07-25,DET202507250,TOR,"Barger, Addison",barga001,2,1,3B,3B,1,double,4,0,1
2025-07-25,DET202507250,TOR,"Kirk, Alejandro",kirka001,2,1,2B,2B,1,field_out,4,1,1
2025-07-25,DET202507250,TOR,"Loperfido, Joey",lopej008,2,2,3B,3B,1,field_error,4,1,1
2025-07-25,DET202507250,TOR,"Clement, Ernie",cleme002,2,2,1B,1B,1,single,4,2,1
2025-07-25,DET202507250,TOR,"Wagner, Will",wagnw001,2,2,1B+2B,1B+2B,1,strikeout,4,2,1
2025-07-25,DET202507250,TOR,"Lukes, Nathan",luken001,3,0,empty,empty,1,single,5,2,1
2025-07-25,DET202507250,TOR,"Springer, George",sprig001,3,0,1B,1B,1,single,5,2,1
2025-07-25,DET202507250,TOR,"Guerrero, Vladimir",guerv002,3,0,1B+3B,1B+3B,1,double,5,2,1
2025-07-25,DET202507250,TOR,"Bichette, Bo",bichb001,3,0,2B+3B,2B+3B,1,double,5,3,1
2025-07-25,DET202507250,TOR,"Barger, Addison",barga001,3,0,2B,2B,1,field_out,5,5,1
2025-07-25,DET202507250,TOR,"Kirk, Alejandro",kirka001,3,1,3B,3B,1,single,5,5,1
2025-07-25,DET202507250,TOR,"Loperfido, Joey",lopej008,3,1,1B,1B,1,single,5,6,1
2025-07-25,DET202507250,TOR,"Clement, Ernie",cleme002,3,1,1B+2B,1B+2B,1,field_out,5,6,1
2025-07-25,DET202507250,TOR,"Wagner, Will",wagnw001,3,2,1B+2B,1B+2B,1,field_out,5,6,1
2025-07-25,DET202507250,TOR,"Lukes, Nathan",luken001,4,0,empty,empty,1,field_out,6,6,1
2025-07-25,DET202507250,TOR,"Springer, George",sprig001,4,1,empty,empty,1,single,6,6,1
2025-07-25,DET202507250,TOR,"Guerrero, Vladimir",guerv002,4,1,1B,1B,1,strikeout,6,6,1
2025-07-25,DET202507250,TOR,"Bichette, Bo",bichb001,4,2,1B,2B,0,field_out,6,6,1
2025-07-25,DET202507250,TOR,"Barger, Addison",barga001,4,0,empty,empty,1,field_out,7,6,2
2025-07-25,DET202507250,TOR,"Kirk, Alejandro",kirka001,4,1,empty,empty,1,field_out,7,6,2
2025-07-25,DET202507250,TOR,"Loperfido, Joey",lopej008,4,2,empty,empty,1,hit_by_pitch,7,6,2
2025-07-25,DET202507250,TOR,"Clement, Ernie",cleme002,4,2,1B,2B,0,strikeout,7,6,2
2025-07-25,DET202507250,TOR,"Straw, Myles",stram002,1,0,empty,empty,1,strikeout,8,6,2
2025-07-25,DET202507250,TOR,"Lukes, Nathan",luken001,5,1,empty,empty,1,strikeout,8,6,2
2025-07-25,DET202507250,TOR,"Springer, George",sprig001,5,2,empty,empty,1,single,8,6,2
2025-07-25,DET202507250,TOR,"Guerrero, Vladimir",guerv002,5,2,1B,1B,1,field_out,8,6,2
2025-07-25,DET202507250,TOR,"Bichette, Bo",bichb001,5,0,empty,empty,1,field_out,9,6,2
2025-07-25,DET202507250,TOR,"Barger, Addison",barga001,5,1,empty,empty,1,walk,9,6,2
2025-07-25,DET202507250,TOR,"Kirk, Alejandro",kirka001,5,1,1B,1B,1,strikeout,9,6,2
2025-07-25,DET202507250,TOR,"Loperfido, Joey",lopej008,5,2,1B,1B,1,walk,9,6,2
2025-07-25,DET202507250,TOR,"Clement, Ernie",cleme002,5,2,1B+2B,1B+2B,1,field_out,9,6,2
2025-07-26,DET202507260,TOR,"Schneider, Davis",schnd001,1,0,empty,empty,1,strikeout,1,0,0
2025-07-26,DET202507260,TOR,"Springer, George",sprig001,1,1,empty,empty,1,field_out,1,0,0
2025-07-26,DET202507260,TOR,"Guerrero, Vladimir",guerv002,1,2,empty,empty,1,field_out,1,0,0
2025-07-26,DET202507260,TOR,"Bichette, Bo",bichb001,1,0,empty,empty,1,field_out,2,0,0
2025-07-26,DET202507260,TOR,"Kirk, Alejandro",kirka001,1,1,empty,empty,1,double,2,0,0
2025-07-26,DET202507260,TOR,"Barger, Addison",barga001,1,1,2B,2B,1,strikeout,2,0,0
2025-07-26,DET202507260,TOR,"Clement, Ernie",cleme002,1,2,2B,2B,1,field_out,2,0,0
2025-07-26,DET202507260,TOR,"Straw, Myles",stram002,1,0,empty,empty,1,strikeout,3,0,0
2025-07-26,DET202507260,TOR,"Jimenez, Leo",jimel003,1,1,empty,empty,1,strikeout,3,0,0
2025-07-26,DET202507260,TOR,"Schneider, Davis",schnd001,2,2,empty,empty,1,field_out,3,0,0
2025-07-26,DET202507260,TOR,"Springer, George",sprig001,2,0,empty,empty,1,strikeout,4,0,0
2025-07-26,DET202507260,TOR,"Guerrero, Vladimir",guerv002,2,1,empty,empty,1,single,4,0,0
2025-07-26,DET202507260,TOR,"Bichette, Bo",bichb001,2,1,1B,1B,1,double,4,0,0
2025-07-26,DET202507260,TOR,"Heineman, Tyler",heint001,1,2,2B+3B,2B,0,walk,4,0,0
2025-07-26,DET202507260,TOR,"Barger, Addison",barga001,2,2,1B+2B,1B+2B,1,field_out,4,0,0
2025-07-26,DET202507260,TOR,"Clement, Ernie",cleme002,2,0,empty,empty,1,strikeout,5,0,0
2025-07-26,DET202507260,TOR,"Straw, Myles",stram002,2,1,empty,empty,1,single,5,0,0
2025-07-26,DET202507260,TOR,"Jimenez, Leo",jimel003,2,1,1B,1B,1,grounded_into_double_play,5,0,0
2025-07-26,DET202507260,TOR,"Schneider, Davis",schnd001,3,0,empty,empty,1,field_out,6,0,0
2025-07-26,DET202507260,TOR,"Springer, George",sprig001,3,1,empty,empty,1,single,6,0,0
2025-07-26,DET202507260,TOR,"Guerrero, Vladimir",guerv002,3,1,1B,1B,1,walk,6,0,0
2025-07-26,DET202507260,TOR,"Bichette, Bo",bichb001,3,1,1B+2B,1B+2B,1,walk,6,0,0
2025-07-26,DET202507260,TOR,"Heineman, Tyler",heint001,2,1,1B+2B+3B,1B+2B+3B,1,field_out,6,0,0
2025-07-26,DET202507260,TOR,"Barger, Addison",barga001,3,2,1B+2B+3B,1B+2B+3B,1,strikeout,6,0,0
2025-07-26,DET202507260,TOR,"Clement, Ernie",cleme002,3,0,empty,empty,1,field_out,7,0,0
2025-07-26,DET202507260,TOR,"Lukes, Nathan",luken001,1,1,empty,empty,1,field_out,7,0,0
2025-07-26,DET202507260,TOR,"Jimenez, Leo",jimel003,3,2,empty,empty,1,field_out,7,0,0
2025-07-26,DET202507260,TOR,"Loperfido, Joey",lopej008,1,0,empty,empty,1,single,8,0,0
2025-07-26,DET202507260,TOR,"Springer, George",sprig001,4,0,1B,1B,1,single,8,0,0
2025-07-26,DET202507260,TOR,"Guerrero, Vladimir",guerv002,4,0,1B+2B,2B+3B,0,field_out,8,0,0
2025-07-26,DET202507260,TOR,"Bichette, Bo",bichb001,4,1,2B+3B,2B+3B,1,single,8,0,0
2025-07-26,DET202507260,TOR,"Heineman, Tyler",heint001,3,1,2B,2B,1,strikeout,8,2,0
2025-07-26,DET202507260,TOR,"Barger, Addison",barga001,4,2,2B,2B,1,field_out,8,2,0
2025-07-26,DET202507260,TOR,"Clement, Ernie",cleme002,4,0,empty,empty,1,single,9,2,0
2025-07-26,DET202507260,TOR,"Lukes, Nathan",luken001,2,0,1B,1B,1,home_run,9,2,0
2025-07-26,DET202507260,TOR,"Jimenez, Leo",jimel003,4,0,empty,empty,1,field_out,9,4,0
2025-07-26,DET202507260,TOR,"Loperfido, Joey",lopej008,2,1,empty,empty,1,strikeout,9,4,0
2025-07-26,DET202507260,TOR,"Springer, George",sprig001,5,2,empty,empty,1,home_run,9,4,0
2025-07-26,DET202507260,TOR,"Guerrero, Vladimir",guerv002,5,2,empty,empty,1,home_run,9,5,0
2025-07-26,DET202507260,TOR,"Bichette, Bo",bichb001,5,2,empty,empty,1,field_out,9,6,0
2025-07-27,DET202507270,TOR,"Lukes, Nathan",luken001,1,0,empty,empty,1,field_out,1,0,0
2025-07-27,DET202507270,TOR,"Springer, George",sprig001,1,1,empty,empty,1,strikeout,1,0,0
2025-07-27,DET202507270,TOR,"Guerrero, Vladimir",guerv002,1,2,empty,empty,1,single,1,0,0
2025-07-27,DET202507270,TOR,"Bichette, Bo",bichb001,1,2,1B,1B,1,single,1,0,0
2025-07-27,DET202507270,TOR,"Barger, Addison",barga001,1,2,1B+2B,1B+2B,1,strikeout,1,0,0
2025-07-27,DET202507270,TOR,"Clement, Ernie",cleme002,1,0,empty,empty,1,field_out,2,0,0
2025-07-27,DET202507270,TOR,"Loperfido, Joey",lopej008,1,1,empty,empty,1,strikeout,2,0,0
2025-07-27,DET202507270,TOR,"Heineman, Tyler",heint001,1,2,empty,empty,1,field_out,2,0,0
2025-07-27,DET202507270,TOR,"Roden, Alan",rodea001,1,0,empty,empty,1,field_out,3,0,0
2025-07-27,DET202507270,TOR,"Lukes, Nathan",luken001,2,1,empty,empty,1,field_out,3,0,0
2025-07-27,DET202507270,TOR,"Springer, George",sprig001,2,2,empty,empty,1,single,3,0,0
2025-07-27,DET202507270,TOR,"Guerrero, Vladimir",guerv002,2,2,1B,1B,1,strikeout,3,0,0
2025-07-27,DET202507270,TOR,"Bichette, Bo",bichb001,2,0,empty,empty,1,single,4,0,3
2025-07-27,DET202507270,TOR,"Barger, Addison",barga001,2,0,1B,1B,1,field_out,4,0,3
2025-07-27,DET202507270,TOR,"Clement, Ernie",cleme002,2,1,1B,1B,1,field_out,4,0,3
2025-07-27,DET202507270,TOR,"Loperfido, Joey",lopej008,2,2,1B,1B,1,strikeout,4,0,3
2025-07-27,DET202507270,TOR,"Heineman, Tyler",heint001,2,0,empty,empty,1,field_out,5,0,3
2025-07-27,DET202507270,TOR,"Roden, Alan",rodea001,2,1,empty,empty,1,walk,5,0,3
2025-07-27,DET202507270,TOR,"Lukes, Nathan",luken001,3,1,1B,1B,1,field_out,5,0,3
2025-07-27,DET202507270,TOR,"Springer, George",sprig001,3,2,1B,1B,1,field_out,5,0,3
2025-07-27,DET202507270,TOR,"Guerrero, Vladimir",guerv002,3,0,empty,empty,1,field_out,6,0,3
2025-07-27,DET202507270,TOR,"Bichette, Bo",bichb001,3,1,empty,empty,1,single,6,0,3
2025-07-27,DET202507270,TOR,"Barger, Addison",barga001,3,1,1B,1B,1,strikeout,6,0,3
2025-07-27,DET202507270,TOR,"Clement, Ernie",cleme002,3,2,1B,1B,1,strikeout,6,0,3
2025-07-27,DET202507270,TOR,"Straw, Myles",stram002,1,0,empty,empty,1,field_out,7,0,3
2025-07-27,DET202507270,TOR,"Heineman, Tyler",heint001,3,1,empty,empty,1,double,7,0,3
2025-07-27,DET202507270,TOR,"Schneider, Davis",schnd001,1,1,2B,2B,1,walk,7,0,3
2025-07-27,DET202507270,TOR,"Lukes, Nathan",luken001,4,1,1B+2B,1B+2B,1,field_out,7,0,3
2025-07-27,DET202507270,TOR,"Springer, George",sprig001,4,2,1B+3B,1B+3B,1,field_out,7,0,3
2025-07-27,DET202507270,TOR,"Guerrero, Vladimir",guerv002,4,0,empty,empty,1,field_out,8,0,3
2025-07-27,DET202507270,TOR,"Bichette, Bo",bichb001,4,1,empty,empty,1,double,8,0,3
2025-07-27,DET202507270,TOR,"Barger, Addison",barga001,4,1,2B,2B,1,field_out,8,0,3
2025-07-27,DET202507270,TOR,"Clement, Ernie",cleme002,4,2,2B,2B,1,field_out,8,0,3
2025-07-27,DET202507270,TOR,"Straw, Myles",stram002,2,0,empty,empty,1,walk,9,0,10
2025-07-27,DET202507270,TOR,"Heineman, Tyler",heint001,4,0,1B,2B,0,field_out,9,0,10
2025-07-27,DET202507270,TOR,"Schneider, Davis",schnd001,2,1,3B,3B,1,strikeout,9,0,10
2025-07-27,DET202507270,TOR,"Lukes, Nathan",luken001,5,2,3B,3B,1,walk,9,0,10
2025-07-27,DET202507270,TOR,"Springer, George",sprig001,5,2,1B+3B,1B+3B,1,single,9,0,10
2025-07-27,DET202507270,TOR,"Guerrero, Vladimir",guerv002,5,2,1B+2B,1B+2B,1,walk,9,1,10
2025-07-27,DET202507270,TOR,"Bichette, Bo",bichb001,5,2,1B+2B+3B,1B+2B+3B,1,single,9,1,10
2025-07-27,DET202507270,TOR,"Barger, Addison",barga001,5,2,1B+2B,1B+2B,1,double,9,3,10
2025-07-27,DET202507270,TOR,"Clement, Ernie",cleme002,5,2,2B+3B,2B+3B,1,strikeout,9,4,10
2025-07-28,BAL202507280,TOR,"Lukes, Nathan",luken001,1,0,empty,empty,1,strikeout,1,0,0
2025-07-28,BAL202507280,TOR,"Springer, George",sprig001,1,1,empty,empty,1,field_out,1,0,0
2025-07-28,BAL202507280,TOR,"Guerrero, Vladimir",guerv002,1,2,empty,empty,1,field_out,1,0,0
2025-07-28,BAL202507280,TOR,"Bichette, Bo",bichb001,1,0,empty,empty,1,single,2,0,0
2025-07-28,BAL202507280,TOR,"Barger, Addison",barga001,1,0,1B,1B,1,strikeout,2,0,0
2025-07-28,BAL202507280,TOR,"Clement, Ernie",cleme002,1,1,1B,1B,1,field_out,2,0,0
2025-07-28,BAL202507280,TOR,"Loperfido, Joey",lopej008,1,2,1B,1B,1,field_out,2,0,0
2025-07-28,BAL202507280,TOR,"Heineman, Tyler",heint001,1,0,empty,empty,1,field_out,3,0,3
2025-07-28,BAL202507280,TOR,"Wagner, Will",wagnw001,1,1,empty,empty,1,field_out,3,0,3
2025-07-28,BAL202507280,TOR,"Lukes, Nathan",luken001,2,2,empty,empty,1,home_run,3,0,3
2025-07-28,BAL202507280,TOR,"Springer, George",sprig001,2,2,empty,empty,1,walk,3,1,3
2025-07-28,BAL202507280,TOR,"Guerrero, Vladimir",guerv002,2,2,1B,1B,1,home_run,3,1,3
2025-07-28,BAL202507280,TOR,"Bichette, Bo",bichb001,2,2,empty,empty,1,single,3,3,3
2025-07-28,BAL202507280,TOR,"Barger, Addison",barga001,2,2,1B,1B,1,field_out,3,3,3
2025-07-28,BAL202507280,TOR,"Clement, Ernie",cleme002,2,0,empty,empty,1,single,4,3,6
2025-07-28,BAL202507280,TOR,"Loperfido, Joey",lopej008,2,0,1B,1B,1,single,4,3,6
2025-07-28,BAL202507280,TOR,"Heineman, Tyler",heint001,2,0,1B+2B,1B+2B,1,sac_bunt,4,3,6
2025-07-28,BAL202507280,TOR,"Wagner, Will",wagnw001,2,1,2B+3B,2B+3B,1,field_out,4,3,6
2025-07-28,BAL202507280,TOR,"Lukes, Nathan",luken001,3,2,2B,2B,1,field_out,4,4,6
2025-07-28,BAL202507280,TOR,"Springer, George",sprig001,3,0,empty,empty,1,strikeout,5,4,6
2025-07-28,BAL202507280,TOR,"Guerrero, Vladimir",guerv002,3,1,empty,empty,1,single,5,4,6
2025-07-28,BAL202507280,TOR,"Bichette, Bo",bichb001,3,1,1B,1B,1,single,5,4,6
2025-07-28,BAL202507280,TOR,"Barger, Addison",barga001,3,1,1B+2B,1B+2B,1,strikeout,5,4,6
2025-07-28,BAL202507280,TOR,"Clement, Ernie",cleme002,3,2,1B+2B,1B+2B,1,strikeout,5,4,6
2025-07-28,BAL202507280,TOR,"Loperfido, Joey",lopej008,3,0,empty,empty,1,strikeout,6,4,10
2025-07-28,BAL202507280,TOR,"Heineman, Tyler",heint001,3,1,empty,empty,1,triple,6,4,10
2025-07-28,BAL202507280,TOR,"Wagner, Will",wagnw001,3,1,3B,3B,1,field_out,6,4,10
2025-07-28,BAL202507280,TOR,"Lukes, Nathan",luken001,4,2,3B,3B,1,strikeout,6,4,10
2025-07-28,BAL202507280,TOR,"Springer, George",sprig001,4,0,empty,empty,1,field_out,7,4,10
2025-07-28,BAL202507280,TOR,"Guerrero, Vladimir",guerv002,4,1,empty,empty,1,field_out,7,4,10
2025-07-28,BAL202507280,TOR,"Bichette, Bo",bichb001,4,2,empty,empty,1,single,7,4,10
2025-07-28,BAL202507280,TOR,"Barger, Addison",barga001,4,2,1B,1B,1,field_out,7,4,10
2025-07-28,BAL202507280,TOR,"Clement, Ernie",cleme002,4,0,empty,empty,1,field_out,8,4,11
2025-07-28,BAL202507280,TOR,"Straw, Myles",stram002,1,1,empty,empty,1,single,8,4,11
2025-07-28,BAL202507280,TOR,"Heineman, Tyler",heint001,4,1,1B,1B,1,field_out,8,4,11
2025-07-28,BAL202507280,TOR,"Schneider, Davis",schnd001,1,2,1B,1B,1,field_out,8,4,11
2025-07-28,BAL202507280,TOR,"Lukes, Nathan",luken001,5,0,empty,empty,1,field_out,9,4,11
2025-07-28,BAL202507280,TOR,"Springer, George",sprig001,5,1,empty,empty,1,hit_by_pitch,9,4,11
2025-07-28,BAL202507280,TOR,"Guerrero, Vladimir",guerv002,5,1,1B,1B,1,walk,9,4,11
2025-07-28,BAL202507280,TOR,"Bichette, Bo",bichb001,5,1,1B+2B,1B+2B,1,grounded_into_double_play,9,4,11
2025-07-29,BAL202507291,TOR,"Lukes, Nathan",luken001,1,0,empty,empty,1,field_out,1,0,0
2025-07-29,BAL202507291,TOR,"Schneider, Davis",schnd001,1,1,empty,empty,1,field_out,1,0,0
2025-07-29,BAL202507291,TOR,"Guerrero, Vladimir",guerv002,1,2,empty,empty,1,walk,1,0,0
2025-07-29,BAL202507291,TOR,"Bichette, Bo",bichb001,1,2,1B,1B,1,field_out,1,0,0
2025-07-29,BAL202507291,TOR,"Barger, Addison",barga001,1,0,empty,empty,1,field_out,2,0,2
2025-07-29,BAL202507291,TOR,"Clement, Ernie",cleme002,1,1,empty,empty,1,field_out,2,0,2
2025-07-29,BAL202507291,TOR,"Loperfido, Joey",lopej008,1,2,empty,empty,1,field_out,2,0,2
2025-07-29,BAL202507291,TOR,"Wagner, Will",wagnw001,1,0,empty,empty,1,field_out,3,0,2
2025-07-29,BAL202507291,TOR,"Sanchez, Ali",sanca009,1,1,empty,empty,1,double,3,0,2
2025-07-29,BAL202507291,TOR,"Lukes, Nathan",luken001,2,1,2B,2B,1,field_out,3,0,2
2025-07-29,BAL202507291,TOR,"Schneider, Davis",schnd001,2,2,3B,3B,1,single,3,0,2
2025-07-29,BAL202507291,TOR,"Guerrero, Vladimir",guerv002,2,2,2B,2B,1,field_out,3,1,2
2025-07-29,BAL202507291,TOR,"Bichette, Bo",bichb001,2,0,empty,empty,1,walk,4,1,4
2025-07-29,BAL202507291,TOR,"Barger, Addison",barga001,2,0,1B,1B,1,home_run,4,1,4
2025-07-29,BAL202507291,TOR,"Clement, Ernie",cleme002,2,0,empty,empty,1,field_out,4,3,4
2025-07-29,BAL202507291,TOR,"Loperfido, Joey",lopej008,2,1,empty,empty,1,single,4,3,4
2025-07-29,BAL202507291,TOR,"Wagner, Will",wagnw001,2,1,1B,1B,1,single,4,3,4
2025-07-29,BAL202507291,TOR,"Sanchez, Ali",sanca009,2,1,1B+3B,1B+3B,1,strikeout,4,3,4
2025-07-29,BAL202507291,TOR,"Lukes, Nathan",luken001,3,0,1B+3B,empty,0,field_out,5,3,4
2025-07-29,BAL202507291,TOR,"Schneider, Davis",schnd001,3,1,empty,empty,1,field_out,5,3,4
2025-07-29,BAL202507291,TOR,"Guerrero, Vladimir",guerv002,3,2,empty,empty,1,single,5,3,4
2025-07-29,BAL202507291,TOR,"Bichette, Bo",bichb001,3,2,1B,1B,1,single,5,3,4
2025-07-29,BAL202507291,TOR,"Barger, Addison",barga001,3,2,1B+3B,1B+3B,1,strikeout,5,3,4
2025-07-29,BAL202507291,TOR,"Clement, Ernie",cleme002,3,0,empty,empty,1,field_out,6,3,4
2025-07-29,BAL202507291,TOR,"Loperfido, Joey",lopej008,3,1,empty,empty,1,single,6,3,4
2025-07-29,BAL202507291,TOR,"Wagner, Will",wagnw001,3,1,1B,1B,1,walk,6,3,4
2025-07-29,BAL202507291,TOR,"Sanchez, Ali",sanca009,3,1,1B+2B,1B+2B,1,field_out,6,3,4
2025-07-29,BAL202507291,TOR,"Lukes, Nathan",luken001,4,2,1B+2B,1B+2B,1,field_out,6,3,4
2025-07-29,BAL202507291,TOR,"Schneider, Davis",schnd001,4,0,empty,empty,1,single,7,3,10
2025-07-29,BAL202507291,TOR,"Guerrero, Vladimir",guerv002,4,0,1B,1B,1,field_out,7,3,10
2025-07-29,BAL202507291,TOR,"Bichette, Bo",bichb001,4,1,1B,1B,1,grounded_into_double_play,7,3,10
2025-07-29,BAL202507291,TOR,"Barger, Addison",barga001,4,0,empty,empty,1,field_out,8,3,14
2025-07-29,BAL202507291,TOR,"Clement, Ernie",cleme002,4,1,empty,empty,1,field_out,8,3,14
2025-07-29,BAL202507291,TOR,"Loperfido, Joey",lopej008,4,2,empty,empty,1,home_run,8,3,14
2025-07-29,BAL202507291,TOR,"Wagner, Will",wagnw001,4,2,empty,empty,1,single,8,4,14
2025-07-29,BAL202507291,TOR,"Sanchez, Ali",sanca009,4,2,1B,1B,1,field_out,8,4,14
2025-07-29,BAL202507291,TOR,"Lukes, Nathan",luken001,5,0,empty,empty,1,field_out,9,4,16
2025-07-29,BAL202507291,TOR,"Heineman, Tyler",heint001,1,1,empty,empty,1,strikeout,9,4,16
2025-07-29,BAL202507291,TOR,"Straw, Myles",stram002,1,2,empty,empty,1,field_out,9,4,16
2025-07-29,BAL202507292,TOR,"Lukes, Nathan",luken001,1,0,empty,empty,1,field_out,1,0,0
2025-07-29,BAL202507292,TOR,"Bichette, Bo",bichb001,1,1,empty,empty,1,strikeout,1,0,0
2025-07-29,BAL202507292,TOR,"Guerrero, Vladimir",guerv002,1,2,empty,empty,1,walk,1,0,0
2025-07-29,BAL202507292,TOR,"Barger, Addison",barga001,1,2,1B,1B,1,single,1,0,0
2025-07-29,BAL202507292,TOR,"Schneider, Davis",schnd001,1,2,1B+2B,1B+2B,1,walk,1,0,0
2025-07-29,BAL202507292,TOR,"Wagner, Will",wagnw001,1,2,1B+2B+3B,1B+2B+3B,1,strikeout,1,0,0
2025-07-29,BAL202507292,TOR,"Clement, Ernie",cleme002,1,0,empty,empty,1,single,2,0,0
2025-07-29,BAL202507292,TOR,"Heineman, Tyler",heint001,1,0,1B,1B,1,single,2,0,0
2025-07-29,BAL202507292,TOR,"Straw, Myles",stram002,1,0,1B+2B,1B+2B,1,sac_bunt,2,0,0
2025-07-29,BAL202507292,TOR,"Lukes, Nathan",luken001,2,1,2B+3B,2B+3B,1,field_out,2,0,0
2025-07-29,BAL202507292,TOR,"Bichette, Bo",bichb001,2,2,3B,3B,1,strikeout,2,1,0
2025-07-29,BAL202507292,TOR,"Guerrero, Vladimir",guerv002,2,0,empty,empty,1,field_out,3,1,0
2025-07-29,BAL202507292,TOR,"Barger, Addison",barga001,2,1,empty,empty,1,field_out,3,1,0
2025-07-29,BAL202507292,TOR,"Schneider, Davis",schnd001,2,2,empty,empty,1,field_out,3,1,0
2025-07-29,BAL202507292,TOR,"Wagner, Will",wagnw001,2,0,empty,empty,1,strikeout,4,1,0
2025-07-29,BAL202507292,TOR,"Clement, Ernie",cleme002,2,1,empty,empty,1,single,4,1,0
2025-07-29,BAL202507292,TOR,"Heineman, Tyler",heint001,2,1,1B,1B,1,single,4,1,0
2025-07-29,BAL202507292,TOR,"Straw, Myles",stram002,2,1,1B+3B,1B+3B,1,field_out,4,1,0
2025-07-29,BAL202507292,TOR,"Lukes, Nathan",luken001,3,2,1B,1B,1,field_out,4,2,0
2025-07-29,BAL202507292,TOR,"Bichette, Bo",bichb001,3,0,empty,empty,1,field_out,5,2,2
2025-07-29,BAL202507292,TOR,"Guerrero, Vladimir",guerv002,3,1,empty,empty,1,field_out,5,2,2
2025-07-29,BAL202507292,TOR,"Barger, Addison",barga001,3,2,empty,empty,1,strikeout,5,2,2
2025-07-29,BAL202507292,TOR,"Schneider, Davis",schnd001,3,0,empty,empty,1,single,6,2,2
2025-07-29,BAL202507292,TOR,"Wagner, Will",wagnw001,3,0,1B,1B,1,double_play,6,2,2
2025-07-29,BAL202507292,TOR,"Clement, Ernie",cleme002,3,2,empty,empty,1,strikeout,6,2,2
2025-07-29,BAL202507292,TOR,"Heineman, Tyler",heint001,3,0,empty,empty,1,single,7,2,2
2025-07-29,BAL202507292,TOR,"Straw, Myles",stram002,3,0,1B,1B,1,field_out,7,2,2
2025-07-29,BAL202507292,TOR,"Lukes, Nathan",luken001,4,1,1B,2B,0,walk,7,2,2
2025-07-29,BAL202507292,TOR,"Bichette, Bo",bichb001,4,1,1B+2B,1B+2B,1,grounded_into_double_play,7,2,2
2025-07-29,BAL202507292,TOR,"Guerrero, Vladimir",guerv002,4,0,empty,empty,1,strikeout,8,2,2
2025-07-29,BAL202507292,TOR,"Barger, Addison",barga001,4,1,empty,empty,1,double,8,2,2
2025-07-29,BAL202507292,TOR,"Loperfido, Joey",lopej008,1,1,2B,2B,1,walk,8,2,2
2025-07-29,BAL202507292,TOR,"Wagner, Will",wagnw001,4,1,1B+2B,1B+2B,1,grounded_into_double_play,8,2,2
2025-07-29,BAL202507292,TOR,"Clement, Ernie",cleme002,4,0,empty,empty,1,hit_by_pitch,9,2,3
2025-07-29,BAL202507292,TOR,"Heineman, Tyler",heint001,4,0,1B,1B,1,walk,9,2,3
2025-07-29,BAL202507292,TOR,"Straw, Myles",stram002,4,0,1B+2B,1B+2B,1,sac_bunt,9,2,3
2025-07-29,BAL202507292,TOR,"Lukes, Nathan",luken001,5,1,2B+3B,2B+3B,1,strikeout,9,2,3
2025-07-29,BAL202507292,TOR,"Bichette, Bo",bichb001,5,2,2B+3B,2B+3B,1,strikeout,9,2,3
2025-07-30,BAL202507300,TOR,"Loperfido, Joey",lopej008,1,0,empty,empty,1,single,1,0,0
2025-07-30,BAL202507300,TOR,"Clement, Ernie",cleme002,1,0,1B,1B,1,field_out,1,0,0
2025-07-30,BAL202507300,TOR,"Guerrero, Vladimir",guerv002,1,1,1B,1B,1,field_out,1,0,0
2025-07-30,BAL202507300,TOR,"Bichette, Bo",bichb001,1,2,1B,1B,1,field_out,1,0,0
2025-07-30,BAL202507300,TOR,"Barger, Addison",barga001,1,0,empty,empty,1,walk,2,0,3
2025-07-30,BAL202507300,TOR,"Schneider, Davis",schnd001,1,0,1B,1B,1,strikeout,2,0,3
2025-07-30,BAL202507300,TOR,"Wagner, Will",wagnw001,1,1,1B,1B,1,field_out,2,0,3
2025-07-30,BAL202507300,TOR,"Straw, Myles",stram002,1,2,1B,1B,1,home_run,2,0,3
2025-07-30,BAL202507300,TOR,"Sanchez, Ali",sanca009,1,2,empty,empty,1,strikeout,2,2,3
2025-07-30,BAL202507300,TOR,"Loperfido, Joey",lopej008,2,0,empty,empty,1,strikeout,3,2,3
2025-07-30,BAL202507300,TOR,"Clement, Ernie",cleme002,2,1,empty,empty,1,strikeout,3,2,3
2025-07-30,BAL202507300,TOR,"Guerrero, Vladimir",guerv002,2,2,empty,empty,1,double,3,2,3
2025-07-30,BAL202507300,TOR,"Bichette, Bo",bichb001,2,2,2B,2B,1,field_out,3,2,3
2025-07-30,BAL202507300,TOR,"Barger, Addison",barga001,2,0,empty,empty,1,strikeout,4,2,3
2025-07-30,BAL202507300,TOR,"Schneider, Davis",schnd001,2,1,empty,empty,1,field_out,4,2,3
2025-07-30,BAL202507300,TOR,"Wagner, Will",wagnw001,2,2,empty,empty,1,walk,4,2,3
2025-07-30,BAL202507300,TOR,"Straw, Myles",stram002,2,2,1B,1B,1,field_out,4,2,3
2025-07-30,BAL202507300,TOR,"Sanchez, Ali",sanca009,2,0,empty,empty,1,single,5,2,3
2025-07-30,BAL202507300,TOR,"Loperfido, Joey",lopej008,3,0,1B,1B,1,field_out,5,2,3
2025-07-30,BAL202507300,TOR,"Clement, Ernie",cleme002,3,1,1B,1B,1,double,5,2,3
2025-07-30,BAL202507300,TOR,"Guerrero, Vladimir",guerv002,3,1,2B+3B,2B+3B,1,single,5,2,3
2025-07-30,BAL202507300,TOR,"Bichette, Bo",bichb001,3,1,1B+3B,1B+3B,1,double_play,5,3,3
2025-07-30,BAL202507300,TOR,"Barger, Addison",barga001,3,0,empty,empty,1,strikeout,6,3,5
2025-07-30,BAL202507300,TOR,"Schneider, Davis",schnd001,3,1,empty,empty,1,walk,6,3,5
2025-07-30,BAL202507300,TOR,"Jimenez, Leo",jimel003,1,1,1B,1B,1,field_out,6,3,5
2025-07-30,BAL202507300,TOR,"Straw, Myles",stram002,3,2,1B,1B,1,double,6,3,5
2025-07-30,BAL202507300,TOR,"Sanchez, Ali",sanca009,3,2,2B,2B,1,field_out,6,4,5
2025-07-30,BAL202507300,TOR,"Loperfido, Joey",lopej008,4,0,empty,empty,1,single,7,4,5
2025-07-30,BAL202507300,TOR,"Clement, Ernie",cleme002,4,0,1B,1B,1,single,7,4,5
2025-07-30,BAL202507300,TOR,"Guerrero, Vladimir",guerv002,4,0,1B+2B,1B+2B,1,field_out,7,4,5
2025-07-30,BAL202507300,TOR,"Bichette, Bo",bichb001,4,1,2B+3B,2B+3B,1,single,7,4,5
2025-07-30,BAL202507300,TOR,"Barger, Addison",barga001,4,1,1B,1B,1,hit_by_pitch,7,6,5
2025-07-30,BAL202507300,TOR,"Schneider, Davis",schnd001,4,1,1B+2B,1B+2B,1,field_out,7,6,5
2025-07-30,BAL202507300,TOR,"Lukes, Nathan",luken001,1,2,1B+2B,1B+2B,1,home_run,7,6,5
2025-07-30,BAL202507300,TOR,"Straw, Myles",stram002,4,2,empty,empty,1,single,7,9,5
2025-07-30,BAL202507300,TOR,"Sanchez, Ali",sanca009,4,2,1B,1B,1,field_out,7,9,5
2025-07-30,BAL202507300,TOR,"Loperfido, Joey",lopej008,5,0,empty,empty,1,single,8,9,8
2025-07-30,BAL202507300,TOR,"Clement, Ernie",cleme002,5,0,1B,1B,1,field_out,8,9,8
2025-07-30,BAL202507300,TOR,"Guerrero, Vladimir",guerv002,5,1,1B,1B,1,walk,8,9,8
2025-07-30,BAL202507300,TOR,"Bichette, Bo",bichb001,5,1,1B+2B,1B+2B,1,grounded_into_double_play,8,9,8
2025-07-30,BAL202507300,TOR,"Barger, Addison",barga001,5,0,empty,empty,1,strikeout,9,9,8
2025-07-30,BAL202507300,TOR,"Schneider, Davis",schnd001,5,1,empty,empty,1,field_out,9,9,8
2025-07-30,BAL202507300,TOR,"Lukes, Nathan",luken001,2,2,empty,empty,1,field_out,9,9,8
2025-08-01,TOR202508010,TOR,"Lukes, Nathan",luken001,1,0,empty,empty,1,field_out,1,0,0
2025-08-01,TOR202508010,TOR,"Loperfido, Joey",lopej008,1,1,empty,empty,1,strikeout,1,0,0
2025-08-01,TOR202508010,TOR,"Guerrero, Vladimir",guerv002,1,2,empty,empty,1,home_run,1,0,0
2025-08-01,TOR202508010,TOR,"Bichette, Bo",bichb001,1,2,empty,empty,1,double,1,1,0
2025-08-01,TOR202508010,TOR,"Barger, Addison",barga001,1,2,2B,2B,1,field_out,1,1,0
2025-08-01,TOR202508010,TOR,"France, Ty",frant002,1,0,empty,empty,1,field_out,2,1,2
2025-08-01,TOR202508010,TOR,"Varsho, Daulton",varsd001,1,1,empty,empty,1,field_out,2,1,2
2025-08-01,TOR202508010,TOR,"Clement, Ernie",cleme002,1,2,empty,empty,1,field_out,2,1,2
2025-08-01,TOR202508010,TOR,"Heineman, Tyler",heint001,1,0,empty,empty,1,field_out,3,1,5
2025-08-01,TOR202508010,TOR,"Lukes, Nathan",luken001,2,1,empty,empty,1,field_out,3,1,5
2025-08-01,TOR202508010,TOR,"Loperfido, Joey",lopej008,2,2,empty,empty,1,field_out,3,1,5
2025-08-01,TOR202508010,TOR,"Guerrero, Vladimir",guerv002,2,0,empty,empty,1,field_out,4,1,5
2025-08-01,TOR202508010,TOR,"Bichette, Bo",bichb001,2,1,empty,empty,1,single,4,1,5
2025-08-01,TOR202508010,TOR,"Barger, Addison",barga001,2,1,1B,1B,1,field_out,4,1,5
2025-08-01,TOR202508010,TOR,"France, Ty",frant002,2,2,1B,1B,1,field_out,4,1,5
2025-08-01,TOR202508010,TOR,"Varsho, Daulton",varsd001,2,0,empty,empty,1,strikeout,5,1,5
2025-08-01,TOR202508010,TOR,"Clement, Ernie",cleme002,2,1,empty,empty,1,field_out,5,1,5
2025-08-01,TOR202508010,TOR,"Heineman, Tyler",heint001,2,2,empty,empty,1,strikeout,5,1,5
2025-08-01,TOR202508010,TOR,"Lukes, Nathan",luken001,3,0,empty,empty,1,field_out,6,1,5
2025-08-01,TOR202508010,TOR,"Loperfido, Joey",lopej008,3,1,empty,empty,1,strikeout,6,1,5
2025-08-01,TOR202508010,TOR,"Guerrero, Vladimir",guerv002,3,2,empty,empty,1,field_out,6,1,5
2025-08-01,TOR202508010,TOR,"Bichette, Bo",bichb001,3,0,empty,empty,1,field_out,7,1,5
2025-08-01,TOR202508010,TOR,"Barger, Addison",barga001,3,1,empty,empty,1,field_out,7,1,5
2025-08-01,TOR202508010,TOR,"France, Ty",frant002,3,2,empty,empty,1,field_out,7,1,5
2025-08-01,TOR202508010,TOR,"Varsho, Daulton",varsd001,3,0,empty,empty,1,strikeout,8,1,5
2025-08-01,TOR202508010,TOR,"Clement, Ernie",cleme002,3,1,empty,empty,1,field_error,8,1,5
2025-08-01,TOR202508010,TOR,"Heineman, Tyler",heint001,3,1,1B,1B,1,field_out,8,1,5
2025-08-01,TOR202508010,TOR,"Lukes, Nathan",luken001,4,2,1B,1B,1,field_out,8,1,5
2025-08-01,TOR202508010,TOR,"Loperfido, Joey",lopej008,4,0,empty,empty,1,double,9,1,9
2025-08-01,TOR202508010,TOR,"Guerrero, Vladimir",guerv002,4,0,2B,2B,1,field_out,9,1,9
2025-08-01,TOR202508010,TOR,"Bichette, Bo",bichb001,4,1,2B,2B,1,field_out,9,1,9
2025-08-01,TOR202508010,TOR,"Barger, Addison",barga001,4,2,3B,3B,1,home_run,9,1,9
2025-08-01,TOR202508010,TOR,"France, Ty",frant002,4,2,empty,empty,1,strikeout,9,3,9
2025-08-02,TOR202508020,TOR,"Schneider, Davis",schnd001,1,0,empty,empty,1,field_out,1,0,0
2025-08-02,TOR202508020,TOR,"Clement, Ernie",cleme002,1,1,empty,empty,1,field_out,1,0,0
2025-08-02,TOR202508020,TOR,"Guerrero, Vladimir",guerv002,1,2,empty,empty,1,field_out,1,0,0
2025-08-02,TOR202508020,TOR,"Bichette, Bo",bichb001,1,0,empty,empty,1,field_out,2,0,0
2025-08-02,TOR202508020,TOR,"Barger, Addison",barga001,1,1,empty,empty,1,field_out,2,0,0
2025-08-02,TOR202508020,TOR,"France, Ty",frant002,1,2,empty,empty,1,field_out,2,0,0
2025-08-02,TOR202508020,TOR,"Straw, Myles",stram002,1,0,empty,empty,1,single,3,0,0
2025-08-02,TOR202508020,TOR,"Heineman, Tyler",heint001,1,0,1B,1B,1,hit_by_pitch,3,0,0
2025-08-02,TOR202508020,TOR,"Loperfido, Joey",lopej008,1,0,1B+2B,1B+2B,1,sac_bunt,3,0,0
2025-08-02,TOR202508020,TOR,"Schneider, Davis",schnd001,2,1,2B+3B,2B+3B,1,single,3,0,0
2025-08-02,TOR202508020,TOR,"Clement, Ernie",cleme002,2,1,2B,2B,1,field_out,3,2,0
2025-08-02,TOR202508020,TOR,"Guerrero, Vladimir",guerv002,2,2,2B,2B,1,walk,3,2,0
2025-08-02,TOR202508020,TOR,"Bichette, Bo",bichb001,2,2,1B+3B,1B+3B,1,single,3,2,0
2025-08-02,TOR202508020,TOR,"Barger, Addison",barga001,2,2,1B+2B,1B+2B,1,field_out,3,3,0
2025-08-02,TOR202508020,TOR,"France, Ty",frant002,2,0,empty,empty,1,single,4,3,0
2025-08-02,TOR202508020,TOR,"Straw, Myles",stram002,2,0,1B,1B,1,field_out,4,3,0
2025-08-02,TOR202508020,TOR,"Sanchez, Ali",sanca009,1,1,1B,1B,1,field_out,4,3,0
2025-08-02,TOR202508020,TOR,"Loperfido, Joey",lopej008,2,2,1B,1B,1,field_out,4,3,0
2025-08-02,TOR202508020,TOR,"Schneider, Davis",schnd001,3,0,empty,empty,1,field_out,5,3,0
2025-08-02,TOR202508020,TOR,"Clement, Ernie",cleme002,3,1,empty,empty,1,field_out,5,3,0
2025-08-02,TOR202508020,TOR,"Guerrero, Vladimir",guerv002,3,2,empty,empty,1,field_out,5,3,0
2025-08-02,TOR202508020,TOR,"Bichette, Bo",bichb001,3,0,empty,empty,1,single,6,3,1
2025-08-02,TOR202508020,TOR,"Barger, Addison",barga001,3,0,1B,1B,1,field_out,6,3,1
2025-08-02,TOR202508020,TOR,"France, Ty",frant002,3,1,1B,1B,1,field_out,6,3,1
2025-08-02,TOR202508020,TOR,"Straw, Myles",stram002,3,2,1B,1B,1,strikeout,6,3,1
2025-08-02,TOR202508020,TOR,"Sanchez, Ali",sanca009,2,0,empty,empty,1,single,7,3,2
2025-08-02,TOR202508020,TOR,"Loperfido, Joey",lopej008,3,0,1B,1B,1,field_out,7,3,2
2025-08-02,TOR202508020,TOR,"Lukes, Nathan",luken001,1,1,1B,1B,1,walk,7,3,2
2025-08-02,TOR202508020,TOR,"Clement, Ernie",cleme002,4,1,1B+2B,1B+2B,1,single,7,3,2
2025-08-02,TOR202508020,TOR,"Guerrero, Vladimir",guerv002,4,1,1B+2B,1B+2B,1,grounded_into_double_play,7,4,2
2025-08-02,TOR202508020,TOR,"Bichette, Bo",bichb001,4,0,empty,empty,1,single,8,4,2
2025-08-02,TOR202508020,TOR,"Barger, Addison",barga001,4,0,1B,1B,1,field_out,8,4,2
2025-08-02,TOR202508020,TOR,"France, Ty",frant002,4,1,1B,1B,1,field_out,8,4,2
2025-08-02,TOR202508020,TOR,"Straw, Myles",stram002,4,2,2B,2B,1,strikeout,8,4,2
2025-08-03,TOR202508030,TOR,"Lukes, Nathan",luken001,1,0,empty,empty,1,field_out,1,0,0
2025-08-03,TOR202508030,TOR,"Loperfido, Joey",lopej008,1,1,empty,empty,1,single,1,0,0
2025-08-03,TOR202508030,TOR,"Guerrero, Vladimir",guerv002,1,1,1B,1B,1,strikeout_double_play,1,0,0
2025-08-03,TOR202508030,TOR,"Bichette, Bo",bichb001,1,0,empty,empty,1,walk,2,0,0
2025-08-03,TOR202508030,TOR,"Barger, Addison",barga001,1,0,1B,1B,1,strikeout,2,0,0
2025-08-03,TOR202508030,TOR,"Kirk, Alejandro",kirka001,1,1,1B,1B,1,field_out,2,0,0
2025-08-03,TOR202508030,TOR,"Varsho, Daulton",varsd001,1,2,1B,1B,1,walk,2,0,0
2025-08-03,TOR202508030,TOR,"Clement, Ernie",cleme002,1,2,1B+2B,1B+2B,1,single,2,0,0
2025-08-03,TOR202508030,TOR,"Straw, Myles",stram002,1,2,1B+2B+3B,1B+2B+3B,1,single,2,0,0
2025-08-03,TOR202508030,TOR,"Lukes, Nathan",luken001,2,0,empty,empty,1,field_out,3,1,0
2025-08-03,TOR202508030,TOR,"Loperfido, Joey",lopej008,2,1,empty,empty,1,strikeout,3,1,0
2025-08-03,TOR202508030,TOR,"Guerrero, Vladimir",guerv002,2,2,empty,empty,1,field_out,3,1,0
2025-08-03,TOR202508030,TOR,"Bichette, Bo",bichb001,2,0,empty,empty,1,field_out,4,1,1
2025-08-03,TOR202508030,TOR,"Barger, Addison",barga001,2,1,empty,empty,1,field_out,4,1,1
2025-08-03,TOR202508030,TOR,"Kirk, Alejandro",kirka001,2,2,empty,empty,1,walk,4,1,1
2025-08-03,TOR202508030,TOR,"Varsho, Daulton",varsd001,2,2,1B,1B,1,field_out,4,1,1
2025-08-03,TOR202508030,TOR,"Clement, Ernie",cleme002,2,0,empty,empty,1,walk,5,1,1
2025-08-03,TOR202508030,TOR,"Straw, Myles",stram002,2,0,1B,1B,1,sac_bunt,5,1,1
2025-08-03,TOR202508030,TOR,"Lukes, Nathan",luken001,3,1,2B,2B,1,field_out,5,1,1
2025-08-03,TOR202508030,TOR,"Loperfido, Joey",lopej008,3,2,2B,2B,1,single,5,1,1
2025-08-03,TOR202508030,TOR,"Guerrero, Vladimir",guerv002,3,2,2B,2B,1,field_out,5,2,1
2025-08-03,TOR202508030,TOR,"Bichette, Bo",bichb001,3,0,empty,empty,1,field_out,6,2,1
2025-08-03,TOR202508030,TOR,"Barger, Addison",barga001,3,1,empty,empty,1,strikeout,6,2,1
2025-08-03,TOR202508030,TOR,"Kirk, Alejandro",kirka001,3,2,empty,empty,1,field_out,6,2,1
2025-08-03,TOR202508030,TOR,"Varsho, Daulton",varsd001,3,0,empty,empty,1,strikeout,7,2,1
2025-08-03,TOR202508030,TOR,"Clement, Ernie",cleme002,3,1,empty,empty,1,field_out,7,2,1
2025-08-03,TOR202508030,TOR,"Straw, Myles",stram002,3,2,empty,empty,1,field_out,7,2,1
2025-08-03,TOR202508030,TOR,"Lukes, Nathan",luken001,4,0,empty,empty,1,field_out,8,2,2
2025-08-03,TOR202508030,TOR,"Loperfido, Joey",lopej008,4,1,empty,empty,1,strikeout,8,2,2
2025-08-03,TOR202508030,TOR,"Guerrero, Vladimir",guerv002,4,2,empty,empty,1,walk,8,2,2
2025-08-03,TOR202508030,TOR,"Bichette, Bo",bichb001,4,2,1B,1B,1,single,8,2,2
2025-08-03,TOR202508030,TOR,"Barger, Addison",barga001,4,2,1B+2B,1B+2B,1,field_out,8,2,2
2025-08-03,TOR202508030,TOR,"Kirk, Alejandro",kirka001,4,0,empty,empty,1,field_out,9,2,2
2025-08-03,TOR202508030,TOR,"Varsho, Daulton",varsd001,4,1,empty,empty,1,strikeout,9,2,2
2025-08-03,TOR202508030,TOR,"Clement, Ernie",cleme002,4,2,empty,empty,1,single,9,2,2
2025-08-03,TOR202508030,TOR,"Straw, Myles",stram002,4,2,1B,1B,1,field_out,9,2,2
2025-08-03,TOR202508030,TOR,"Lukes, Nathan",luken001,5,0,2B,2B,1,single,10,2,7
2025-08-03,TOR202508030,TOR,"Loperfido, Joey",lopej008,5,0,1B,1B,1,strikeout,10,3,7
2025-08-03,TOR202508030,TOR,"Guerrero, Vladimir",guerv002,5,1,1B,1B,1,field_out,10,3,7
2025-08-03,TOR202508030,TOR,"Bichette, Bo",bichb001,5,2,1B,2B,0,walk,10,3,7
2025-08-03,TOR202508030,TOR,"Barger, Addison",barga001,5,2,1B+2B,1B+2B,1,single,10,3,7
2025-08-03,TOR202508030,TOR,"Kirk, Alejandro",kirka001,5,2,1B+3B,1B+3B,1,field_out,10,4,7
2025-08-04,COL202508040,TOR,"Lukes, Nathan",luken001,1,0,empty,empty,1,double,1,0,0
2025-08-04,COL202508040,TOR,"Bichette, Bo",bichb001,1,0,2B,2B,1,single,1,0,0
2025-08-04,COL202508040,TOR,"Guerrero, Vladimir",guerv002,1,0,1B,1B,1,field_out,1,1,0
2025-08-04,COL202508040,TOR,"Barger, Addison",barga001,1,1,1B,1B,1,strikeout,1,1,0
2025-08-04,COL202508040,TOR,"Kirk, Alejandro",kirka001,1,2,1B,1B,1,single,1,1,0
2025-08-04,COL202508040,TOR,"Varsho, Daulton",varsd001,1,2,1B+3B,1B+3B,1,field_out,1,1,0
2025-08-04,COL202508040,TOR,"Clement, Ernie",cleme002,1,0,empty,empty,1,single,2,1,0
2025-08-04,COL202508040,TOR,"Loperfido, Joey",lopej008,1,0,1B,1B,1,field_out,2,1,0
2025-08-04,COL202508040,TOR,"Schneider, Davis",schnd001,1,1,1B,2B,0,single,2,1,0
2025-08-04,COL202508040,TOR,"Lukes, Nathan",luken001,2,1,1B,1B,1,field_out,2,2,0
2025-08-04,COL202508040,TOR,"Bichette, Bo",bichb001,2,2,1B,1B,1,field_out,2,2,0
2025-08-04,COL202508040,TOR,"Guerrero, Vladimir",guerv002,2,0,empty,empty,1,single,3,2,0
2025-08-04,COL202508040,TOR,"Barger, Addison",barga001,2,0,1B,1B,1,single,3,2,0
2025-08-04,COL202508040,TOR,"Kirk, Alejandro",kirka001,2,0,1B+2B,1B+2B,1,field_out,3,2,0
2025-08-04,COL202508040,TOR,"Varsho, Daulton",varsd001,2,1,2B+3B,2B+3B,1,home_run,3,2,0
2025-08-04,COL202508040,TOR,"Clement, Ernie",cleme002,2,1,empty,empty,1,triple,3,5,0
2025-08-04,COL202508040,TOR,"Loperfido, Joey",lopej008,2,1,3B,3B,1,single,3,5,0
2025-08-04,COL202508040,TOR,"Schneider, Davis",schnd001,2,1,1B,1B,1,double,3,6,0
2025-08-04,COL202508040,TOR,"Lukes, Nathan",luken001,3,2,empty,empty,1,walk,3,7,0
2025-08-04,COL202508040,TOR,"Bichette, Bo",bichb001,3,2,1B,1B,1,home_run,3,7,0
2025-08-04,COL202508040,TOR,"Guerrero, Vladimir",guerv002,3,2,empty,empty,1,field_out,3,9,0
2025-08-04,COL202508040,TOR,"Barger, Addison",barga001,3,0,empty,empty,1,field_out,4,9,0
2025-08-04,COL202508040,TOR,"Kirk, Alejandro",kirka001,3,1,empty,empty,1,field_out,4,9,0
2025-08-04,COL202508040,TOR,"Varsho, Daulton",varsd001,3,2,empty,empty,1,field_out,4,9,0
2025-08-04,COL202508040,TOR,"Clement, Ernie",cleme002,3,0,empty,empty,1,single,5,9,0
2025-08-04,COL202508040,TOR,"Loperfido, Joey",lopej008,3,0,1B,1B,1,grounded_into_double_play,5,9,0
2025-08-04,COL202508040,TOR,"Schneider, Davis",schnd001,3,2,empty,empty,1,field_error,5,9,0
2025-08-04,COL202508040,TOR,"Lukes, Nathan",luken001,4,2,1B,1B,1,double,5,9,0
2025-08-04,COL202508040,TOR,"Bichette, Bo",bichb001,4,2,2B+3B,2B+3B,1,field_out,5,9,0
2025-08-04,COL202508040,TOR,"Guerrero, Vladimir",guerv002,4,0,empty,empty,1,field_out,6,9,1
2025-08-04,COL202508040,TOR,"Barger, Addison",barga001,4,1,empty,empty,1,single,6,9,1
2025-08-04,COL202508040,TOR,"Kirk, Alejandro",kirka001,4,1,1B,1B,1,field_out,6,9,1
2025-08-04,COL202508040,TOR,"Varsho, Daulton",varsd001,4,2,1B,1B,1,field_out,6,9,1
2025-08-04,COL202508040,TOR,"Clement, Ernie",cleme002,4,0,empty,empty,1,single,7,9,1
2025-08-04,COL202508040,TOR,"Loperfido, Joey",lopej008,4,0,1B,1B,1,single,7,9,1
2025-08-04,COL202508040,TOR,"Schneider, Davis",schnd001,4,0,1B+3B,1B+3B,1,strikeout,7,9,1
2025-08-04,COL202508040,TOR,"Lukes, Nathan",luken001,5,1,1B+3B,1B+3B,1,single,7,9,1
2025-08-04,COL202508040,TOR,"Bichette, Bo",bichb001,5,1,1B+3B,1B+3B,1,home_run,7,10,1
2025-08-04,COL202508040,TOR,"Guerrero, Vladimir",guerv002,5,1,empty,empty,1,field_out,7,13,1
2025-08-04,COL202508040,TOR,"Barger, Addison",barga001,5,2,empty,empty,1,walk,7,13,1
2025-08-04,COL202508040,TOR,"Kirk, Alejandro",kirka001,5,2,1B,1B,1,single,7,13,1
2025-08-04,COL202508040,TOR,"Varsho, Daulton",varsd001,5,2,1B+2B,1B+2B,1,single,7,13,1
2025-08-04,COL202508040,TOR,"Clement, Ernie",cleme002,5,2,1B+2B,1B+2B,1,field_out,7,14,1
2025-08-04,COL202508040,TOR,"Loperfido, Joey",lopej008,5,0,empty,empty,1,single,8,14,1
2025-08-04,COL202508040,TOR,"Schneider, Davis",schnd001,5,0,1B,1B,1,strikeout,8,14,1
2025-08-04,COL202508040,TOR,"Lukes, Nathan",luken001,6,1,1B,1B,1,walk,8,14,1
2025-08-04,COL202508040,TOR,"Bichette, Bo",bichb001,6,1,1B+2B,1B+2B,1,grounded_into_double_play,8,14,1
2025-08-04,COL202508040,TOR,"France, Ty",frant002,1,0,empty,empty,1,single,9,14,1
2025-08-04,COL202508040,TOR,"Barger, Addison",barga001,6,0,1B,1B,1,field_out,9,14,1
2025-08-04,COL202508040,TOR,"Heineman, Tyler",heint001,1,1,1B,1B,1,strikeout,9,14,1
2025-08-04,COL202508040,TOR,"Straw, Myles",stram002,1,2,1B,1B,1,single,9,14,1
2025-08-04,COL202508040,TOR,"Clement, Ernie",cleme002,6,2,1B+3B,1B+3B,1,double,9,14,1
2025-08-04,COL202508040,TOR,"Loperfido, Joey",lopej008,6,2,2B+3B,2B+3B,1,strikeout,9,15,1
2025-08-05,COL202508050,TOR,"Lukes, Nathan",luken001,1,0,empty,empty,1,field_out,1,0,0
2025-08-05,COL202508050,TOR,"Bichette, Bo",bichb001,1,1,empty,empty,1,single,1,0,0
2025-08-05,COL202508050,TOR,"Guerrero, Vladimir",guerv002,1,1,1B,1B,1,grounded_into_double_play,1,0,0
2025-08-05,COL202508050,TOR,"Barger, Addison",barga001,1,0,empty,empty,1,strikeout,2,0,2
2025-08-05,COL202508050,TOR,"Kirk, Alejandro",kirka001,1,1,empty,empty,1,single,2,0,2
2025-08-05,COL202508050,TOR,"Varsho, Daulton",varsd001,1,1,1B,1B,1,field_out,2,0,2
2025-08-05,COL202508050,TOR,"Clement, Ernie",cleme002,1,2,3B,3B,1,field_out,2,0,2
2025-08-05,COL202508050,TOR,"Loperfido, Joey",lopej008,1,0,empty,empty,1,strikeout,3,0,2
2025-08-05,COL202508050,TOR,"France, Ty",frant002,1,1,empty,empty,1,field_out,3,0,2
2025-08-05,COL202508050,TOR,"Lukes, Nathan",luken001,2,2,empty,empty,1,home_run,3,0,2
2025-08-05,COL202508050,TOR,"Bichette, Bo",bichb001,2,2,empty,empty,1,field_out,3,1,2
2025-08-05,COL202508050,TOR,"Guerrero, Vladimir",guerv002,2,0,empty,empty,1,field_out,4,1,2
2025-08-05,COL202508050,TOR,"Barger, Addison",barga001,2,1,empty,empty,1,field_out,4,1,2
2025-08-05,COL202508050,TOR,"Kirk, Alejandro",kirka001,2,2,empty,empty,1,single,4,1,2
2025-08-05,COL202508050,TOR,"Varsho, Daulton",varsd001,2,2,1B,1B,1,home_run,4,1,2
2025-08-05,COL202508050,TOR,"Clement, Ernie",cleme002,2,2,empty,empty,1,field_out,4,3,2
2025-08-05,COL202508050,TOR,"Loperfido, Joey",lopej008,2,0,empty,empty,1,single,5,3,2
2025-08-05,COL202508050,TOR,"France, Ty",frant002,2,0,1B,1B,1,field_out,5,3,2
2025-08-05,COL202508050,TOR,"Lukes, Nathan",luken001,3,1,1B,1B,1,field_out,5,3,2
2025-08-05,COL202508050,TOR,"Bichette, Bo",bichb001,3,2,2B,2B,1,field_out,5,3,2
2025-08-05,COL202508050,TOR,"Guerrero, Vladimir",guerv002,3,0,empty,empty,1,home_run,6,3,2
2025-08-05,COL202508050,TOR,"Barger, Addison",barga001,3,0,empty,empty,1,home_run,6,4,2
2025-08-05,COL202508050,TOR,"Kirk, Alejandro",kirka001,3,0,empty,empty,1,walk,6,5,2
2025-08-05,COL202508050,TOR,"Varsho, Daulton",varsd001,3,0,1B,1B,1,home_run,6,5,2
2025-08-05,COL202508050,TOR,"Clement, Ernie",cleme002,3,0,empty,empty,1,strikeout,6,7,2
2025-08-05,COL202508050,TOR,"Loperfido, Joey",lopej008,3,1,empty,empty,1,hit_by_pitch,6,7,2
2025-08-05,COL202508050,TOR,"France, Ty",frant002,3,1,1B,2B,0,field_out,6,7,2
2025-08-05,COL202508050,TOR,"Lukes, Nathan",luken001,4,2,2B,2B,1,walk,6,7,2
2025-08-05,COL202508050,TOR,"Bichette, Bo",bichb001,4,2,1B+2B,1B+2B,1,field_out,6,7,2
2025-08-05,COL202508050,TOR,"Guerrero, Vladimir",guerv002,4,0,empty,empty,1,single,7,7,4
2025-08-05,COL202508050,TOR,"Barger, Addison",barga001,4,0,1B,1B,1,strikeout,7,7,4
2025-08-05,COL202508050,TOR,"Kirk, Alejandro",kirka001,4,1,1B,1B,1,field_out,7,7,4
2025-08-05,COL202508050,TOR,"Varsho, Daulton",varsd001,4,2,1B,1B,1,field_out,7,7,4
2025-08-05,COL202508050,TOR,"Clement, Ernie",cleme002,4,0,empty,empty,1,field_out,8,7,4
2025-08-05,COL202508050,TOR,"Straw, Myles",stram002,1,1,empty,empty,1,field_out,8,7,4
2025-08-05,COL202508050,TOR,"France, Ty",frant002,4,2,empty,empty,1,field_out,8,7,4
2025-08-05,COL202508050,TOR,"Lukes, Nathan",luken001,5,0,empty,empty,1,single,9,7,4
2025-08-05,COL202508050,TOR,"Bichette, Bo",bichb001,5,0,1B,1B,1,single,9,7,4
2025-08-05,COL202508050,TOR,"Guerrero, Vladimir",guerv002,5,0,1B+3B,1B+3B,1,double,9,7,4
2025-08-05,COL202508050,TOR,"Barger, Addison",barga001,5,0,2B+3B,2B+3B,1,field_out,9,8,4
2025-08-05,COL202508050,TOR,"Kirk, Alejandro",kirka001,5,1,2B+3B,2B+3B,1,field_out,9,8,4
2025-08-05,COL202508050,TOR,"Varsho, Daulton",varsd001,5,2,2B+3B,2B+3B,1,double,9,8,4
2025-08-05,COL202508050,TOR,"Clement, Ernie",cleme002,5,2,2B,2B,1,field_out,9,10,4
2025-08-06,COL202508060,TOR,"Schneider, Davis",schnd001,1,0,empty,empty,1,double,1,0,0
2025-08-06,COL202508060,TOR,"Clement, Ernie",cleme002,1,0,2B,2B,1,strikeout,1,0,0
2025-08-06,COL202508060,TOR,"Guerrero, Vladimir",guerv002,1,1,2B,2B,1,field_out,1,0,0
2025-08-06,COL202508060,TOR,"Bichette, Bo",bichb001,1,2,2B,2B,1,field_out,1,0,0
2025-08-06,COL202508060,TOR,"France, Ty",frant002,1,0,empty,empty,1,hit_by_pitch,2,0,1
2025-08-06,COL202508060,TOR,"Kennedy, Buddy",kennb002,1,0,1B,1B,1,field_out,2,0,1
2025-08-06,COL202508060,TOR,"Lukes, Nathan",luken001,1,1,1B,1B,1,field_out,2,0,1
2025-08-06,COL202508060,TOR,"Heineman, Tyler",heint001,1,2,1B,1B,1,field_out,2,0,1
2025-08-06,COL202508060,TOR,"Straw, Myles",stram002,1,0,empty,empty,1,field_out,3,0,1
2025-08-06,COL202508060,TOR,"Schneider, Davis",schnd001,2,1,empty,empty,1,field_out,3,0,1
2025-08-06,COL202508060,TOR,"Clement, Ernie",cleme002,2,2,empty,empty,1,single,3,0,1
2025-08-06,COL202508060,TOR,"Guerrero, Vladimir",guerv002,2,2,1B,1B,1,single,3,0,1
2025-08-06,COL202508060,TOR,"Bichette, Bo",bichb001,2,2,1B+2B,1B+2B,1,home_run,3,0,1
2025-08-06,COL202508060,TOR,"France, Ty",frant002,2,2,empty,empty,1,hit_by_pitch,3,3,1
2025-08-06,COL202508060,TOR,"Kennedy, Buddy",kennb002,2,2,1B,1B,1,field_out,3,3,1
2025-08-06,COL202508060,TOR,"Lukes, Nathan",luken001,2,0,empty,empty,1,strikeout,4,3,1
2025-08-06,COL202508060,TOR,"Heineman, Tyler",heint001,2,1,empty,empty,1,walk,4,3,1
2025-08-06,COL202508060,TOR,"Straw, Myles",stram002,2,1,1B,1B,1,single,4,3,1
2025-08-06,COL202508060,TOR,"Schneider, Davis",schnd001,3,1,1B+2B,1B+2B,1,field_out,4,3,1
2025-08-06,COL202508060,TOR,"Clement, Ernie",cleme002,3,2,1B+2B,1B+2B,1,strikeout,4,3,1
2025-08-06,COL202508060,TOR,"Guerrero, Vladimir",guerv002,3,0,empty,empty,1,strikeout,5,3,1
2025-08-06,COL202508060,TOR,"Bichette, Bo",bichb001,3,1,empty,empty,1,field_out,5,3,1
2025-08-06,COL202508060,TOR,"France, Ty",frant002,3,2,empty,empty,1,double,5,3,1
2025-08-06,COL202508060,TOR,"Kennedy, Buddy",kennb002,3,2,2B,2B,1,walk,5,3,1
2025-08-06,COL202508060,TOR,"Lukes, Nathan",luken001,3,2,1B+2B,1B+2B,1,triple,5,3,1
2025-08-06,COL202508060,TOR,"Heineman, Tyler",heint001,3,2,3B,3B,1,single,5,5,1
2025-08-06,COL202508060,TOR,"Straw, Myles",stram002,3,2,1B,1B,1,field_out,5,6,1
2025-08-06,COL202508060,TOR,"Schneider, Davis",schnd001,4,0,empty,empty,1,home_run,6,6,1
2025-08-06,COL202508060,TOR,"Clement, Ernie",cleme002,4,0,empty,empty,1,single,6,7,1
2025-08-06,COL202508060,TOR,"Guerrero, Vladimir",guerv002,4,0,1B,1B,1,single,6,7,1
2025-08-06,COL202508060,TOR,"Bichette, Bo",bichb001,4,0,1B+2B,1B+2B,1,field_out,6,7,1
2025-08-06,COL202508060,TOR,"France, Ty",frant002,4,1,1B+3B,1B+3B,1,double,6,7,1
2025-08-06,COL202508060,TOR,"Barger, Addison",barga001,1,1,2B+3B,2B+3B,1,single,6,8,1
2025-08-06,COL202508060,TOR,"Lukes, Nathan",luken001,4,1,1B,1B,1,field_out,6,10,1
2025-08-06,COL202508060,TOR,"Heineman, Tyler",heint001,4,2,1B,1B,1,field_out,6,10,1
2025-08-06,COL202508060,TOR,"Straw, Myles",stram002,4,0,empty,empty,1,field_out,7,10,1
2025-08-06,COL202508060,TOR,"Schneider, Davis",schnd001,5,1,empty,empty,1,strikeout,7,10,1
2025-08-06,COL202508060,TOR,"Clement, Ernie",cleme002,5,2,empty,empty,1,field_out,7,10,1
2025-08-06,COL202508060,TOR,"Guerrero, Vladimir",guerv002,5,0,empty,empty,1,home_run,8,10,1
2025-08-06,COL202508060,TOR,"Bichette, Bo",bichb001,5,0,empty,empty,1,strikeout,8,11,1
2025-08-06,COL202508060,TOR,"France, Ty",frant002,5,1,empty,empty,1,single,8,11,1
2025-08-06,COL202508060,TOR,"Barger, Addison",barga001,2,1,1B,1B,1,single,8,11,1
2025-08-06,COL202508060,TOR,"Lukes, Nathan",luken001,5,1,1B+3B,1B+3B,1,field_out,8,11,1
2025-08-06,COL202508060,TOR,"Heineman, Tyler",heint001,5,2,2B,2B,1,walk,8,12,1
2025-08-06,COL202508060,TOR,"Straw, Myles",stram002,5,2,1B+2B,1B+2B,1,walk,8,12,1
2025-08-06,COL202508060,TOR,"Schneider, Davis",schnd001,6,2,1B+2B+3B,1B+2B+3B,1,field_out,8,12,1
2025-08-06,COL202508060,TOR,"Clement, Ernie",cleme002,6,0,empty,empty,1,double,9,12,1
2025-08-06,COL202508060,TOR,"Guerrero, Vladimir",guerv002,6,0,2B,2B,1,double,9,12,1
2025-08-06,COL202508060,TOR,"Bichette, Bo",bichb001,6,0,2B,2B,1,double,9,13,1
2025-08-06,COL202508060,TOR,"France, Ty",frant002,6,0,2B,2B,1,double,9,14,1
2025-08-06,COL202508060,TOR,"Barger, Addison",barga001,3,0,2B+3B,2B+3B,1,sac_fly,9,14,1
2025-08-06,COL202508060,TOR,"Lukes, Nathan",luken001,6,1,3B,3B,1,sac_fly,9,15,1
2025-08-06,COL202508060,TOR,"Heineman, Tyler",heint001,6,2,empty,empty,1,single,9,16,1
2025-08-06,COL202508060,TOR,"Straw, Myles",stram002,6,2,1B,1B,1,single,9,16,1
2025-08-06,COL202508060,TOR,"Schneider, Davis",schnd001,7,2,1B+2B,1B+2B,1,home_run,9,16,1
2025-08-06,COL202508060,TOR,"Clement, Ernie",cleme002,7,2,empty,empty,1,home_run,9,19,1
2025-08-06,COL202508060,TOR,"Guerrero, Vladimir",guerv002,7,2,empty,empty,1,field_out,9,20,1
2025-08-08,LAN202508080,TOR,"Schneider, Davis",schnd001,1,0,empty,empty,1,strikeout,1,0,0
2025-08-08,LAN202508080,TOR,"Clement, Ernie",cleme002,1,1,empty,empty,1,field_out,1,0,0
2025-08-08,LAN202508080,TOR,"Guerrero, Vladimir",guerv002,1,2,empty,empty,1,strikeout,1,0,0
2025-08-08,LAN202508080,TOR,"Bichette, Bo",bichb001,1,0,empty,empty,1,double,2,0,0
2025-08-08,LAN202508080,TOR,"Kirk, Alejandro",kirka001,1,0,2B,2B,1,field_out,2,0,0
2025-08-08,LAN202508080,TOR,"Barger, Addison",barga001,1,1,3B,3B,1,single,2,0,0
2025-08-08,LAN202508080,TOR,"France, Ty",frant002,1,1,1B,1B,1,single,2,1,0
2025-08-08,LAN202508080,TOR,"Varsho, Daulton",varsd001,1,1,1B+2B,1B+2B,1,single,2,1,0
2025-08-08,LAN202508080,TOR,"Straw, Myles",stram002,1,1,1B+2B+3B,1B+2B+3B,1,double_play,2,1,0
2025-08-08,LAN202508080,TOR,"Schneider, Davis",schnd001,2,0,empty,empty,1,single,3,1,0
2025-08-08,LAN202508080,TOR,"Clement, Ernie",cleme002,2,0,1B,1B,1,field_out,3,1,0
2025-08-08,LAN202508080,TOR,"Guerrero, Vladimir",guerv002,2,1,2B,2B,1,strikeout,3,1,0
2025-08-08,LAN202508080,TOR,"Bichette, Bo",bichb001,2,2,2B,2B,1,field_out,3,1,0
2025-08-08,LAN202508080,TOR,"Kirk, Alejandro",kirka001,2,0,empty,empty,1,field_out,4,1,0
2025-08-08,LAN202508080,TOR,"Barger, Addison",barga001,2,1,empty,empty,1,single,4,1,0
2025-08-08,LAN202508080,TOR,"France, Ty",frant002,2,1,1B,1B,1,grounded_into_double_play,4,1,0
2025-08-08,LAN202508080,TOR,"Varsho, Daulton",varsd001,2,0,empty,empty,1,single,5,1,0
2025-08-08,LAN202508080,TOR,"Straw, Myles",stram002,2,0,1B,1B,1,strikeout,5,1,0
2025-08-08,LAN202508080,TOR,"Schneider, Davis",schnd001,3,1,1B,1B,1,field_out,5,1,0
2025-08-08,LAN202508080,TOR,"Clement, Ernie",cleme002,3,2,1B,1B,1,field_out,5,1,0
2025-08-08,LAN202508080,TOR,"Guerrero, Vladimir",guerv002,3,0,empty,empty,1,walk,6,1,2
2025-08-08,LAN202508080,TOR,"Bichette, Bo",bichb001,3,0,1B,1B,1,grounded_into_double_play,6,1,2
2025-08-08,LAN202508080,TOR,"Kirk, Alejandro",kirka001,3,2,empty,empty,1,field_out,6,1,2
2025-08-08,LAN202508080,TOR,"Barger, Addison",barga001,3,0,empty,empty,1,strikeout,7,1,2
2025-08-08,LAN202508080,TOR,"France, Ty",frant002,3,1,empty,empty,1,field_out,7,1,2
2025-08-08,LAN202508080,TOR,"Varsho, Daulton",varsd001,3,2,empty,empty,1,single,7,1,2
2025-08-08,LAN202508080,TOR,"Lukes, Nathan",luken001,1,2,1B,1B,1,field_out,7,1,2
2025-08-08,LAN202508080,TOR,"Loperfido, Joey",lopej008,1,0,empty,empty,1,strikeout,8,1,5
2025-08-08,LAN202508080,TOR,"Clement, Ernie",cleme002,4,1,empty,empty,1,field_out,8,1,5
2025-08-08,LAN202508080,TOR,"Guerrero, Vladimir",guerv002,4,2,empty,empty,1,double,8,1,5
2025-08-08,LAN202508080,TOR,"Bichette, Bo",bichb001,4,2,2B,2B,1,strikeout,8,1,5
2025-08-08,LAN202508080,TOR,"Kirk, Alejandro",kirka001,4,0,empty,empty,1,field_out,9,1,5
2025-08-08,LAN202508080,TOR,"Barger, Addison",barga001,4,1,empty,empty,1,field_out,9,1,5
2025-08-08,LAN202508080,TOR,"France, Ty",frant002,4,2,empty,empty,1,single,9,1,5
2025-08-08,LAN202508080,TOR,"Varsho, Daulton",varsd001,4,2,1B,2B,0,field_out,9,1,5
2025-08-09,LAN202508090,TOR,"Schneider, Davis",schnd001,1,0,empty,empty,1,strikeout,1,0,0
2025-08-09,LAN202508090,TOR,"Clement, Ernie",cleme002,1,1,empty,empty,1,strikeout,1,0,0
2025-08-09,LAN202508090,TOR,"Guerrero, Vladimir",guerv002,1,2,empty,empty,1,field_out,1,0,0
2025-08-09,LAN202508090,TOR,"Bichette, Bo",bichb001,1,0,empty,empty,1,strikeout,2,0,0
2025-08-09,LAN202508090,TOR,"Kirk, Alejandro",kirka001,1,1,empty,empty,1,strikeout,2,0,0
2025-08-09,LAN202508090,TOR,"France, Ty",frant002,1,2,empty,empty,1,double,2,0,0
2025-08-09,LAN202508090,TOR,"Varsho, Daulton",varsd001,1,2,2B,2B,1,strikeout,2,0,0
2025-08-09,LAN202508090,TOR,"Kennedy, Buddy",kennb002,1,0,empty,empty,1,double,3,0,0
2025-08-09,LAN202508090,TOR,"Straw, Myles",stram002,1,0,2B,2B,1,strikeout,3,0,0
2025-08-09,LAN202508090,TOR,"Schneider, Davis",schnd001,2,1,2B,2B,1,walk,3,0,0
2025-08-09,LAN202508090,TOR,"Clement, Ernie",cleme002,2,1,1B+2B,1B+2B,1,strikeout,3,0,0
2025-08-09,LAN202508090,TOR,"Guerrero, Vladimir",guerv002,2,2,1B+2B,1B+2B,1,field_out,3,0,0
2025-08-09,LAN202508090,TOR,"Bichette, Bo",bichb001,2,0,empty,empty,1,field_out,4,0,0
2025-08-09,LAN202508090,TOR,"Kirk, Alejandro",kirka001,2,1,empty,empty,1,walk,4,0,0
2025-08-09,LAN202508090,TOR,"France, Ty",frant002,2,1,1B,1B,1,strikeout,4,0,0
2025-08-09,LAN202508090,TOR,"Varsho, Daulton",varsd001,2,2,1B,1B,1,walk,4,0,0
2025-08-09,LAN202508090,TOR,"Kennedy, Buddy",kennb002,2,2,1B+2B,1B+2B,1,strikeout,4,0,0
2025-08-09,LAN202508090,TOR,"Straw, Myles",stram002,2,0,empty,empty,1,strikeout,5,0,2
2025-08-09,LAN202508090,TOR,"Schneider, Davis",schnd001,3,1,empty,empty,1,field_out,5,0,2
2025-08-09,LAN202508090,TOR,"Clement, Ernie",cleme002,3,2,empty,empty,1,single,5,0,2
2025-08-09,LAN202508090,TOR,"Guerrero, Vladimir",guerv002,3,2,1B,1B,1,field_out,5,0,2
2025-08-09,LAN202508090,TOR,"Bichette, Bo",bichb001,3,0,empty,empty,1,field_out,6,0,3
2025-08-09,LAN202508090,TOR,"Kirk, Alejandro",kirka001,3,1,empty,empty,1,field_out,6,0,3
2025-08-09,LAN202508090,TOR,"France, Ty",frant002,3,2,empty,empty,1,walk,6,0,3
2025-08-09,LAN202508090,TOR,"Varsho, Daulton",varsd001,3,2,1B,1B,1,strikeout,6,0,3
2025-08-09,LAN202508090,TOR,"Kennedy, Buddy",kennb002,3,0,empty,empty,1,field_out,7,0,9
2025-08-09,LAN202508090,TOR,"Straw, Myles",stram002,3,1,empty,empty,1,field_out,7,0,9
2025-08-09,LAN202508090,TOR,"Schneider, Davis",schnd001,4,2,empty,empty,1,strikeout,7,0,9
2025-08-09,LAN202508090,TOR,"Clement, Ernie",cleme002,4,0,empty,empty,1,home_run,8,0,9
2025-08-09,LAN202508090,TOR,"Guerrero, Vladimir",guerv002,4,0,empty,empty,1,strikeout,8,1,9
2025-08-09,LAN202508090,TOR,"Bichette, Bo",bichb001,4,1,empty,empty,1,field_out,8,1,9
2025-08-09,LAN202508090,TOR,"Kirk, Alejandro",kirka001,4,2,empty,empty,1,field_out,8,1,9
2025-08-09,LAN202508090,TOR,"France, Ty",frant002,4,0,empty,empty,1,strikeout,9,1,9
2025-08-09,LAN202508090,TOR,"Varsho, Daulton",varsd001,4,1,empty,empty,1,walk,9,1,9
2025-08-09,LAN202508090,TOR,"Loperfido, Joey",lopej008,1,1,1B,1B,1,field_out,9,1,9
2025-08-09,LAN202508090,TOR,"Lukes, Nathan",luken001,1,2,1B,1B,1,single,9,1,9
2025-08-09,LAN202508090,TOR,"Barger, Addison",barga001,1,2,1B+2B,1B+2B,1,field_out,9,1,9
2025-08-10,LAN202508100,TOR,"Lukes, Nathan",luken001,1,0,empty,empty,1,field_out,1,0,0
2025-08-10,LAN202508100,TOR,"Bichette, Bo",bichb001,1,1,empty,empty,1,walk,1,0,0
2025-08-10,LAN202508100,TOR,"Guerrero, Vladimir",guerv002,1,1,1B,1B,1,double,1,0,0
2025-08-10,LAN202508100,TOR,"Barger, Addison",barga001,1,1,2B,2B,1,field_out,1,1,0
2025-08-10,LAN202508100,TOR,"France, Ty",frant002,1,2,2B,2B,1,strikeout,1,1,0
2025-08-10,LAN202508100,TOR,"Varsho, Daulton",varsd001,1,0,empty,empty,1,walk,2,1,2
2025-08-10,LAN202508100,TOR,"Clement, Ernie",cleme002,1,0,1B,1B,1,strikeout,2,1,2
2025-08-10,LAN202508100,TOR,"Loperfido, Joey",lopej008,1,1,1B,1B,1,double,2,1,2
2025-08-10,LAN202508100,TOR,"Heineman, Tyler",heint001,1,1,2B+3B,2B+3B,1,walk,2,1,2
2025-08-10,LAN202508100,TOR,"Lukes, Nathan",luken001,2,1,1B+2B+3B,1B+2B+3B,1,grounded_into_double_play,2,1,2
2025-08-10,LAN202508100,TOR,"Bichette, Bo",bichb001,2,0,empty,empty,1,field_out,3,1,3
2025-08-10,LAN202508100,TOR,"Guerrero, Vladimir",guerv002,2,1,empty,empty,1,strikeout,3,1,3
2025-08-10,LAN202508100,TOR,"Barger, Addison",barga001,2,2,empty,empty,1,strikeout,3,1,3
2025-08-10,LAN202508100,TOR,"France, Ty",frant002,2,0,empty,empty,1,strikeout,4,1,3
2025-08-10,LAN202508100,TOR,"Varsho, Daulton",varsd001,2,1,empty,empty,1,walk,4,1,3
2025-08-10,LAN202508100,TOR,"Clement, Ernie",cleme002,2,1,1B,1B,1,grounded_into_double_play,4,1,3
2025-08-10,LAN202508100,TOR,"Loperfido, Joey",lopej008,2,0,empty,empty,1,strikeout,5,1,3
2025-08-10,LAN202508100,TOR,"Heineman, Tyler",heint001,2,1,empty,empty,1,strikeout,5,1,3
2025-08-10,LAN202508100,TOR,"Lukes, Nathan",luken001,3,2,empty,empty,1,field_out,5,1,3
2025-08-10,LAN202508100,TOR,"Bichette, Bo",bichb001,3,0,empty,empty,1,single,6,1,3
2025-08-10,LAN202508100,TOR,"Guerrero, Vladimir",guerv002,3,0,1B,1B,1,field_out,6,1,3
2025-08-10,LAN202508100,TOR,"Barger, Addison",barga001,3,1,2B,2B,1,strikeout,6,1,3
2025-08-10,LAN202508100,TOR,"France, Ty",frant002,3,2,2B,2B,1,single,6,1,3
2025-08-10,LAN202508100,TOR,"Varsho, Daulton",varsd001,3,2,1B,1B,1,field_out,6,2,3
2025-08-10,LAN202508100,TOR,"Clement, Ernie",cleme002,3,0,empty,empty,1,strikeout,7,2,3
2025-08-10,LAN202508100,TOR,"Straw, Myles",stram002,1,1,empty,empty,1,strikeout,7,2,3
2025-08-10,LAN202508100,TOR,"Heineman, Tyler",heint001,3,2,empty,empty,1,single,7,2,3
2025-08-10,LAN202508100,TOR,"Kirk, Alejandro",kirka001,1,2,1B,1B,1,field_out,7,2,3
2025-08-10,LAN202508100,TOR,"Bichette, Bo",bichb001,4,0,empty,empty,1,strikeout,8,2,3
2025-08-10,LAN202508100,TOR,"Guerrero, Vladimir",guerv002,4,1,empty,empty,1,home_run,8,2,3
2025-08-10,LAN202508100,TOR,"Barger, Addison",barga001,4,1,empty,empty,1,home_run,8,3,3
2025-08-10,LAN202508100,TOR,"France, Ty",frant002,4,1,empty,empty,1,field_out,8,4,3
2025-08-10,LAN202508100,TOR,"Varsho, Daulton",varsd001,4,2,empty,empty,1,strikeout,8,4,3
2025-08-10,LAN202508100,TOR,"Clement, Ernie",cleme002,4,0,empty,empty,1,home_run,9,4,4
2025-08-10,LAN202508100,TOR,"Straw, Myles",stram002,2,0,empty,empty,1,strikeout,9,5,4
2025-08-10,LAN202508100,TOR,"Schneider, Davis",schnd001,1,1,empty,empty,1,single,9,5,4
2025-08-10,LAN202508100,TOR,"Kirk, Alejandro",kirka001,2,1,1B,1B,1,strikeout,9,5,4
2025-08-10,LAN202508100,TOR,"Bichette, Bo",bichb001,5,2,1B,1B,1,field_out,9,5,4
2025-08-12,TOR202508120,TOR,"Lukes, Nathan",luken001,1,0,empty,empty,1,field_out,1,0,0
2025-08-12,TOR202508120,TOR,"Bichette, Bo",bichb001,1,1,empty,empty,1,single,1,0,0
2025-08-12,TOR202508120,TOR,"Guerrero, Vladimir",guerv002,1,1,1B,1B,1,single,1,0,0
2025-08-12,TOR202508120,TOR,"Barger, Addison",barga001,1,1,1B+2B,1B+2B,1,strikeout,1,0,0
2025-08-12,TOR202508120,TOR,"Kirk, Alejandro",kirka001,1,2,1B+2B,1B+2B,1,single,1,0,0
2025-08-12,TOR202508120,TOR,"Varsho, Daulton",varsd001,1,2,1B+2B,1B+2B,1,field_out,1,1,0
2025-08-12,TOR202508120,TOR,"France, Ty",frant002,1,0,empty,empty,1,double,2,1,0
2025-08-12,TOR202508120,TOR,"Clement, Ernie",cleme002,1,0,2B,2B,1,field_out,2,1,0
2025-08-12,TOR202508120,TOR,"Gimenez, Andres",gimea001,1,1,2B,2B,1,single,2,1,0
2025-08-12,TOR202508120,TOR,"Lukes, Nathan",luken001,2,2,1B,1B,1,field_out,2,1,0
2025-08-12,TOR202508120,TOR,"Bichette, Bo",bichb001,2,0,empty,empty,1,field_out,3,1,0
2025-08-12,TOR202508120,TOR,"Guerrero, Vladimir",guerv002,2,1,empty,empty,1,single,3,1,0
2025-08-12,TOR202508120,TOR,"Barger, Addison",barga001,2,1,1B,1B,1,strikeout,3,1,0
2025-08-12,TOR202508120,TOR,"Kirk, Alejandro",kirka001,2,2,1B,1B,1,field_out,3,1,0
2025-08-12,TOR202508120,TOR,"Varsho, Daulton",varsd001,2,0,empty,empty,1,single,4,1,0
2025-08-12,TOR202508120,TOR,"France, Ty",frant002,2,0,1B,1B,1,hit_by_pitch,4,1,0
2025-08-12,TOR202508120,TOR,"Clement, Ernie",cleme002,2,0,1B+2B,1B+2B,1,home_run,4,1,0
2025-08-12,TOR202508120,TOR,"Gimenez, Andres",gimea001,2,0,empty,empty,1,walk,4,4,0
2025-08-12,TOR202508120,TOR,"Lukes, Nathan",luken001,3,0,1B,1B,1,double_play,4,4,0
2025-08-12,TOR202508120,TOR,"Bichette, Bo",bichb001,3,2,empty,empty,1,field_error,4,4,0
2025-08-12,TOR202508120,TOR,"Guerrero, Vladimir",guerv002,3,2,1B,1B,1,field_out,4,4,0
2025-08-12,TOR202508120,TOR,"Barger, Addison",barga001,3,0,empty,empty,1,field_out,5,4,0
2025-08-12,TOR202508120,TOR,"Kirk, Alejandro",kirka001,3,1,empty,empty,1,walk,5,4,0
2025-08-12,TOR202508120,TOR,"Varsho, Daulton",varsd001,3,1,1B,1B,1,fielders_choice,5,4,0
2025-08-12,TOR202508120,TOR,"France, Ty",frant002,3,1,1B+2B,1B+2B,1,grounded_into_double_play,5,4,0
2025-08-12,TOR202508120,TOR,"Clement, Ernie",cleme002,3,0,empty,empty,1,field_out,6,4,0
2025-08-12,TOR202508120,TOR,"Gimenez, Andres",gimea001,3,1,empty,empty,1,field_out,6,4,0
2025-08-12,TOR202508120,TOR,"Lukes, Nathan",luken001,4,2,empty,empty,1,double,6,4,0
2025-08-12,TOR202508120,TOR,"Bichette, Bo",bichb001,4,2,2B,2B,1,field_out,6,4,0
2025-08-12,TOR202508120,TOR,"Guerrero, Vladimir",guerv002,4,0,empty,empty,1,single,7,4,1
2025-08-12,TOR202508120,TOR,"Barger, Addison",barga001,4,0,1B,1B,1,field_out,7,4,1
2025-08-12,TOR202508120,TOR,"Kirk, Alejandro",kirka001,4,1,1B,1B,1,grounded_into_double_play,7,4,1
2025-08-12,TOR202508120,TOR,"Varsho, Daulton",varsd001,4,0,empty,empty,1,home_run,8,4,1
2025-08-12,TOR202508120,TOR,"France, Ty",frant002,4,0,empty,empty,1,single,8,5,1
2025-08-12,TOR202508120,TOR,"Clement, Ernie",cleme002,4,0,1B,1B,1,field_out,8,5,1
2025-08-12,TOR202508120,TOR,"Gimenez, Andres",gimea001,4,1,1B,1B,1,field_out,8,5,1
2025-08-12,TOR202508120,TOR,"Lukes, Nathan",luken001,5,2,1B,1B,1,field_out,8,5,1
2025-08-13,TOR202508130,TOR,"Lukes, Nathan",luken001,1,0,empty,empty,1,strikeout,1,0,0
2025-08-13,TOR202508130,TOR,"Bichette, Bo",bichb001,1,1,empty,empty,1,field_out,1,0,0
2025-08-13,TOR202508130,TOR,"Guerrero, Vladimir",guerv002,1,2,empty,empty,1,field_out,1,0,0
2025-08-13,TOR202508130,TOR,"Barger, Addison",barga001,1,0,empty,empty,1,field_out,2,0,0
2025-08-13,TOR202508130,TOR,"Kirk, Alejandro",kirka001,1,1,empty,empty,1,strikeout,2,0,0
2025-08-13,TOR202508130,TOR,"Varsho, Daulton",varsd001,1,2,empty,empty,1,strikeout,2,0,0
2025-08-13,TOR202508130,TOR,"Loperfido, Joey",lopej008,1,0,empty,empty,1,field_out,3,0,1
2025-08-13,TOR202508130,TOR,"Clement, Ernie",cleme002,1,1,empty,empty,1,strikeout,3,0,1
2025-08-13,TOR202508130,TOR,"Gimenez, Andres",gimea001,1,2,empty,empty,1,strikeout,3,0,1
2025-08-13,TOR202508130,TOR,"Lukes, Nathan",luken001,2,0,empty,empty,1,field_out,4,0,1
2025-08-13,TOR202508130,TOR,"Bichette, Bo",bichb001,2,1,empty,empty,1,walk,4,0,1
2025-08-13,TOR202508130,TOR,"Guerrero, Vladimir",guerv002,2,1,1B,1B,1,field_out,4,0,1
2025-08-13,TOR202508130,TOR,"Barger, Addison",barga001,2,2,1B,1B,1,strikeout,4,0,1
2025-08-13,TOR202508130,TOR,"Kirk, Alejandro",kirka001,2,0,empty,empty,1,field_out,5,0,2
2025-08-13,TOR202508130,TOR,"Varsho, Daulton",varsd001,2,1,empty,empty,1,strikeout,5,0,2
2025-08-13,TOR202508130,TOR,"Loperfido, Joey",lopej008,2,2,empty,empty,1,strikeout,5,0,2
2025-08-13,TOR202508130,TOR,"Clement, Ernie",cleme002,2,0,empty,empty,1,field_out,6,0,2
2025-08-13,TOR202508130,TOR,"Gimenez, Andres",gimea001,2,1,empty,empty,1,single,6,0,2
2025-08-13,TOR202508130,TOR,"Lukes, Nathan",luken001,3,1,1B,1B,1,field_out,6,0,2
2025-08-13,TOR202508130,TOR,"Bichette, Bo",bichb001,3,2,1B,1B,1,walk,6,0,2
2025-08-13,TOR202508130,TOR,"Guerrero, Vladimir",guerv002,3,2,1B+2B,1B+2B,1,double,6,0,2
2025-08-13,TOR202508130,TOR,"Barger, Addison",barga001,3,2,2B+3B,2B+3B,1,field_out,6,1,2
2025-08-13,TOR202508130,TOR,"Kirk, Alejandro",kirka001,3,0,empty,empty,1,field_out,7,1,2
2025-08-13,TOR202508130,TOR,"Varsho, Daulton",varsd001,3,1,empty,empty,1,field_out,7,1,2
2025-08-13,TOR202508130,TOR,"France, Ty",frant002,1,2,empty,empty,1,strikeout,7,1,2
2025-08-13,TOR202508130,TOR,"Clement, Ernie",cleme002,3,0,empty,empty,1,field_out,8,1,4
2025-08-13,TOR202508130,TOR,"Gimenez, Andres",gimea001,3,1,empty,empty,1,field_out,8,1,4
2025-08-13,TOR202508130,TOR,"Lukes, Nathan",luken001,4,2,empty,empty,1,field_out,8,1,4
2025-08-13,TOR202508130,TOR,"Bichette, Bo",bichb001,4,0,empty,empty,1,strikeout,9,1,4
2025-08-13,TOR202508130,TOR,"Guerrero, Vladimir",guerv002,4,1,empty,empty,1,field_out,9,1,4
2025-08-13,TOR202508130,TOR,"Barger, Addison",barga001,4,2,empty,empty,1,field_out,9,1,4
2025-08-14,TOR202508140,TOR,"Schneider, Davis",schnd001,1,0,empty,empty,1,strikeout,1,0,0
2025-08-14,TOR202508140,TOR,"Clement, Ernie",cleme002,1,1,empty,empty,1,strikeout,1,0,0
2025-08-14,TOR202508140,TOR,"Guerrero, Vladimir",guerv002,1,2,empty,empty,1,field_out,1,0,0
2025-08-14,TOR202508140,TOR,"Bichette, Bo",bichb001,1,0,empty,empty,1,field_out,2,0,0
2025-08-14,TOR202508140,TOR,"France, Ty",frant002,1,1,empty,empty,1,strikeout,2,0,0
2025-08-14,TOR202508140,TOR,"Barger, Addison",barga001,1,2,empty,empty,1,strikeout,2,0,0
2025-08-14,TOR202508140,TOR,"Straw, Myles",stram002,1,0,empty,empty,1,field_out,3,0,0
2025-08-14,TOR202508140,TOR,"Heineman, Tyler",heint001,1,1,empty,empty,1,single,3,0,0
2025-08-14,TOR202508140,TOR,"Loperfido, Joey",lopej008,1,1,1B,1B,1,grounded_into_double_play,3,0,0
2025-08-14,TOR202508140,TOR,"Schneider, Davis",schnd001,2,0,empty,empty,1,field_out,4,0,0
2025-08-14,TOR202508140,TOR,"Clement, Ernie",cleme002,2,1,empty,empty,1,field_out,4,0,0
2025-08-14,TOR202508140,TOR,"Guerrero, Vladimir",guerv002,2,2,empty,empty,1,field_out,4,0,0
2025-08-14,TOR202508140,TOR,"Bichette, Bo",bichb001,2,0,empty,empty,1,field_out,5,0,0
2025-08-14,TOR202508140,TOR,"France, Ty",frant002,2,1,empty,empty,1,field_out,5,0,0
2025-08-14,TOR202508140,TOR,"Barger, Addison",barga001,2,2,empty,empty,1,field_out,5,0,0
2025-08-14,TOR202508140,TOR,"Straw, Myles",stram002,2,0,empty,empty,1,strikeout,6,0,1
2025-08-14,TOR202508140,TOR,"Heineman, Tyler",heint001,2,1,empty,empty,1,field_out,6,0,1
2025-08-14,TOR202508140,TOR,"Loperfido, Joey",lopej008,2,2,empty,empty,1,field_out,6,0,1
2025-08-14,TOR202508140,TOR,"Schneider, Davis",schnd001,3,0,empty,empty,1,walk,7,0,1
2025-08-14,TOR202508140,TOR,"Clement, Ernie",cleme002,3,0,1B,1B,1,sac_bunt,7,0,1
2025-08-14,TOR202508140,TOR,"Guerrero, Vladimir",guerv002,3,1,2B,2B,1,home_run,7,0,1
2025-08-14,TOR202508140,TOR,"Bichette, Bo",bichb001,3,1,empty,empty,1,field_out,7,2,1
2025-08-14,TOR202508140,TOR,"France, Ty",frant002,3,2,empty,empty,1,field_out,7,2,1
2025-08-14,TOR202508140,TOR,"Barger, Addison",barga001,3,0,empty,empty,1,single,8,2,1
2025-08-14,TOR202508140,TOR,"Straw, Myles",stram002,3,0,1B,1B,1,sac_bunt,8,2,1
2025-08-14,TOR202508140,TOR,"Heineman, Tyler",heint001,3,1,2B,2B,1,field_out,8,2,1
2025-08-14,TOR202508140,TOR,"Kirk, Alejandro",kirka001,1,2,3B,3B,1,strikeout,8,2,1
2025-08-15,TOR202508150,TOR,"Lukes, Nathan",luken001,1,0,empty,empty,1,field_out,1,0,0
2025-08-15,TOR202508150,TOR,"Bichette, Bo",bichb001,1,1,empty,empty,1,field_out,1,0,0
2025-08-15,TOR202508150,TOR,"Guerrero, Vladimir",guerv002,1,2,empty,empty,1,strikeout,1,0,0
2025-08-15,TOR202508150,TOR,"Barger, Addison",barga001,1,0,empty,empty,1,single,2,0,3
2025-08-15,TOR202508150,TOR,"Varsho, Daulton",varsd001,1,0,1B,1B,1,field_out,2,0,3
2025-08-15,TOR202508150,TOR,"Kirk, Alejandro",kirka001,1,1,1B,1B,1,field_out,2,0,3
2025-08-15,TOR202508150,TOR,"Loperfido, Joey",lopej008,1,2,1B,1B,1,hit_by_pitch,2,0,3
2025-08-15,TOR202508150,TOR,"Clement, Ernie",cleme002,1,2,1B+2B,1B+2B,1,field_out,2,0,3
2025-08-15,TOR202508150,TOR,"Gimenez, Andres",gimea001,1,0,empty,empty,1,field_out,3,0,3
2025-08-15,TOR202508150,TOR,"Lukes, Nathan",luken001,2,1,empty,empty,1,field_out,3,0,3
2025-08-15,TOR202508150,TOR,"Bichette, Bo",bichb001,2,2,empty,empty,1,field_out,3,0,3
2025-08-15,TOR202508150,TOR,"Guerrero, Vladimir",guerv002,2,0,empty,empty,1,double,4,0,3
2025-08-15,TOR202508150,TOR,"Barger, Addison",barga001,2,0,2B,2B,1,strikeout,4,0,3
2025-08-15,TOR202508150,TOR,"Varsho, Daulton",varsd001,2,1,2B,2B,1,strikeout,4,0,3
2025-08-15,TOR202508150,TOR,"Kirk, Alejandro",kirka001,2,2,2B,2B,1,field_out,4,0,3
2025-08-15,TOR202508150,TOR,"Loperfido, Joey",lopej008,2,0,empty,empty,1,strikeout,5,0,3
2025-08-15,TOR202508150,TOR,"Clement, Ernie",cleme002,2,1,empty,empty,1,field_out,5,0,3
2025-08-15,TOR202508150,TOR,"Gimenez, Andres",gimea001,2,2,empty,empty,1,strikeout,5,0,3
2025-08-15,TOR202508150,TOR,"Lukes, Nathan",luken001,3,0,empty,empty,1,field_out,6,0,3
2025-08-15,TOR202508150,TOR,"Bichette, Bo",bichb001,3,1,empty,empty,1,field_out,6,0,3
2025-08-15,TOR202508150,TOR,"Guerrero, Vladimir",guerv002,3,2,empty,empty,1,field_out,6,0,3
2025-08-15,TOR202508150,TOR,"Barger, Addison",barga001,3,0,empty,empty,1,single,7,0,3
2025-08-15,TOR202508150,TOR,"Varsho, Daulton",varsd001,3,0,1B,1B,1,field_out,7,0,3
2025-08-15,TOR202508150,TOR,"Kirk, Alejandro",kirka001,3,1,1B,1B,1,home_run,7,0,3
2025-08-15,TOR202508150,TOR,"France, Ty",frant002,1,1,empty,empty,1,field_out,7,2,3
2025-08-15,TOR202508150,TOR,"Clement, Ernie",cleme002,3,2,empty,empty,1,field_out,7,2,3
2025-08-15,TOR202508150,TOR,"Gimenez, Andres",gimea001,3,0,empty,empty,1,single,8,2,5
2025-08-15,TOR202508150,TOR,"Schneider, Davis",schnd001,1,0,1B,1B,1,single,8,2,5
2025-08-15,TOR202508150,TOR,"Bichette, Bo",bichb001,4,0,1B+2B,1B+2B,1,single,8,2,5
2025-08-15,TOR202508150,TOR,"Guerrero, Vladimir",guerv002,4,0,1B+3B,1B+3B,1,walk,8,3,5
2025-08-15,TOR202508150,TOR,"Barger, Addison",barga001,4,0,1B+2B+3B,1B+2B+3B,1,strikeout,8,3,5
2025-08-15,TOR202508150,TOR,"Varsho, Daulton",varsd001,4,1,1B+2B+3B,1B+2B+3B,1,walk,8,3,5
2025-08-15,TOR202508150,TOR,"Kirk, Alejandro",kirka001,4,1,1B+2B+3B,1B+2B+3B,1,single,8,4,5
2025-08-15,TOR202508150,TOR,"Straw, Myles",stram002,1,1,1B+3B,1B+3B,1,strikeout,8,6,5
2025-08-15,TOR202508150,TOR,"Clement, Ernie",cleme002,4,2,2B+3B,2B+3B,1,field_out,8,6,5
2025-08-16,TOR202508160,TOR,"Springer, George",sprig001,1,0,empty,empty,1,strikeout,1,0,0
2025-08-16,TOR202508160,TOR,"Schneider, Davis",schnd001,1,1,empty,empty,1,single,1,0,0
2025-08-16,TOR202508160,TOR,"Guerrero, Vladimir",guerv002,1,1,1B,1B,1,grounded_into_double_play,1,0,0
2025-08-16,TOR202508160,TOR,"Bichette, Bo",bichb001,1,0,empty,empty,1,single,2,0,0
2025-08-16,TOR202508160,TOR,"Kirk, Alejandro",kirka001,1,0,1B,1B,1,field_out,2,0,0
2025-08-16,TOR202508160,TOR,"Varsho, Daulton",varsd001,1,1,1B,1B,1,single,2,0,0
2025-08-16,TOR202508160,TOR,"Clement, Ernie",cleme002,1,1,1B+3B,1B+3B,1,double,2,0,0
2025-08-16,TOR202508160,TOR,"Straw, Myles",stram002,1,1,2B+3B,2B+3B,1,home_run,2,1,0
2025-08-16,TOR202508160,TOR,"Gimenez, Andres",gimea001,1,1,empty,empty,1,single,2,4,0
2025-08-16,TOR202508160,TOR,"Springer, George",sprig001,2,1,1B,1B,1,strikeout,2,4,0
2025-08-16,TOR202508160,TOR,"Schneider, Davis",schnd001,2,2,1B,1B,1,single,2,4,0
2025-08-16,TOR202508160,TOR,"Guerrero, Vladimir",guerv002,2,2,1B+2B,1B+2B,1,walk,2,4,0
2025-08-16,TOR202508160,TOR,"Bichette, Bo",bichb001,2,2,1B+2B+3B,1B+2B+3B,1,double,2,4,0
2025-08-16,TOR202508160,TOR,"Kirk, Alejandro",kirka001,2,0,empty,empty,1,field_out,3,6,1
2025-08-16,TOR202508160,TOR,"Varsho, Daulton",varsd001,2,1,empty,empty,1,walk,3,6,1
2025-08-16,TOR202508160,TOR,"Clement, Ernie",cleme002,2,1,1B,1B,1,field_out,3,6,1
2025-08-16,TOR202508160,TOR,"Straw, Myles",stram002,2,2,1B,1B,1,home_run,3,6,1
2025-08-16,TOR202508160,TOR,"Gimenez, Andres",gimea001,2,2,empty,empty,1,field_out,3,8,1
2025-08-16,TOR202508160,TOR,"Springer, George",sprig001,3,0,empty,empty,1,field_out,4,8,1
2025-08-16,TOR202508160,TOR,"Schneider, Davis",schnd001,3,1,empty,empty,1,strikeout,4,8,1
2025-08-16,TOR202508160,TOR,"Guerrero, Vladimir",guerv002,3,2,empty,empty,1,strikeout,4,8,1
2025-08-16,TOR202508160,TOR,"Bichette, Bo",bichb001,3,0,empty,empty,1,strikeout,5,8,1
2025-08-16,TOR202508160,TOR,"Kirk, Alejandro",kirka001,3,1,empty,empty,1,walk,5,8,1
2025-08-16,TOR202508160,TOR,"Varsho, Daulton",varsd001,3,1,1B,1B,1,home_run,5,8,1
2025-08-16,TOR202508160,TOR,"Clement, Ernie",cleme002,3,1,empty,empty,1,field_out,5,10,1
2025-08-16,TOR202508160,TOR,"Straw, Myles",stram002,3,2,empty,empty,1,single,5,10,1
2025-08-16,TOR202508160,TOR,"Gimenez, Andres",gimea001,3,2,1B,1B,1,walk,5,10,1
2025-08-16,TOR202508160,TOR,"Springer, George",sprig001,4,2,1B+2B,1B+2B,1,single,5,10,1
2025-08-16,TOR202508160,TOR,"Schneider, Davis",schnd001,4,2,1B+2B+3B,1B+2B+3B,1,walk,5,10,1
2025-08-16,TOR202508160,TOR,"Guerrero, Vladimir",guerv002,4,2,1B+2B+3B,1B+2B+3B,1,field_out,5,11,1
2025-08-16,TOR202508160,TOR,"Bichette, Bo",bichb001,4,0,empty,empty,1,field_out,6,11,1
2025-08-16,TOR202508160,TOR,"Kirk, Alejandro",kirka001,4,1,empty,empty,1,field_out,6,11,1
2025-08-16,TOR202508160,TOR,"Varsho, Daulton",varsd001,4,2,empty,empty,1,double,6,11,1
2025-08-16,TOR202508160,TOR,"Clement, Ernie",cleme002,4,2,2B,2B,1,field_out,6,11,1
2025-08-16,TOR202508160,TOR,"Straw, Myles",stram002,4,0,empty,empty,1,field_out,7,11,1
2025-08-16,TOR202508160,TOR,"Lukes, Nathan",luken001,1,1,empty,empty,1,single,7,11,1
2025-08-16,TOR202508160,TOR,"Springer, George",sprig001,5,1,1B,1B,1,hit_by_pitch,7,11,1
2025-08-16,TOR202508160,TOR,"Schneider, Davis",schnd001,5,1,1B+2B,1B+2B,1,home_run,7,11,1
2025-08-16,TOR202508160,TOR,"France, Ty",frant002,1,1,empty,empty,1,single,7,14,1
2025-08-16,TOR202508160,TOR,"Bichette, Bo",bichb001,5,1,1B,1B,1,grounded_into_double_play,7,14,1
2025-08-16,TOR202508160,TOR,"Kirk, Alejandro",kirka001,5,0,empty,empty,1,field_out,8,14,1
2025-08-16,TOR202508160,TOR,"Barger, Addison",barga001,1,1,empty,empty,1,field_out,8,14,1
2025-08-16,TOR202508160,TOR,"Clement, Ernie",cleme002,5,2,empty,empty,1,single,8,14,1
2025-08-16,TOR202508160,TOR,"Straw, Myles",stram002,5,2,1B,1B,1,single,8,14,1
2025-08-16,TOR202508160,TOR,"Lukes, Nathan",luken001,2,2,1B+2B,1B+2B,1,field_out,8,14,1
2025-08-17,TOR202508170,TOR,"Springer, George",sprig001,1,0,empty,empty,1,field_out,1,0,0
2025-08-17,TOR202508170,TOR,"Barger, Addison",barga001,1,1,empty,empty,1,field_out,1,0,0
2025-08-17,TOR202508170,TOR,"Guerrero, Vladimir",guerv002,1,2,empty,empty,1,single,1,0,0
2025-08-17,TOR202508170,TOR,"Bichette, Bo",bichb001,1,2,1B,1B,1,field_out,1,0,0
2025-08-17,TOR202508170,TOR,"Varsho, Daulton",varsd001,1,0,empty,empty,1,strikeout,2,0,2
2025-08-17,TOR202508170,TOR,"Kirk, Alejandro",kirka001,1,1,empty,empty,1,home_run,2,0,2
2025-08-17,TOR202508170,TOR,"Lukes, Nathan",luken001,1,1,empty,empty,1,field_out,2,1,2
2025-08-17,TOR202508170,TOR,"Clement, Ernie",cleme002,1,2,empty,empty,1,field_out,2,1,2
2025-08-17,TOR202508170,TOR,"Gimenez, Andres",gimea001,1,0,empty,empty,1,field_out,3,1,2
2025-08-17,TOR202508170,TOR,"Springer, George",sprig001,2,1,empty,empty,1,field_out,3,1,2
2025-08-17,TOR202508170,TOR,"Barger, Addison",barga001,2,2,empty,empty,1,field_out,3,1,2
2025-08-17,TOR202508170,TOR,"Guerrero, Vladimir",guerv002,2,0,empty,empty,1,strikeout,4,1,5
2025-08-17,TOR202508170,TOR,"Bichette, Bo",bichb001,2,1,empty,empty,1,double,4,1,5
2025-08-17,TOR202508170,TOR,"Varsho, Daulton",varsd001,2,1,2B,2B,1,strikeout,4,1,5
2025-08-17,TOR202508170,TOR,"Kirk, Alejandro",kirka001,2,2,2B,2B,1,field_out,4,1,5
2025-08-17,TOR202508170,TOR,"Lukes, Nathan",luken001,2,0,empty,empty,1,field_out,5,1,6
2025-08-17,TOR202508170,TOR,"Clement, Ernie",cleme002,2,1,empty,empty,1,field_out,5,1,6
2025-08-17,TOR202508170,TOR,"Gimenez, Andres",gimea001,2,2,empty,empty,1,strikeout,5,1,6
2025-08-17,TOR202508170,TOR,"Springer, George",sprig001,3,0,empty,empty,1,field_out,6,1,8
2025-08-17,TOR202508170,TOR,"Barger, Addison",barga001,3,1,empty,empty,1,strikeout,6,1,8
2025-08-17,TOR202508170,TOR,"Guerrero, Vladimir",guerv002,3,2,empty,empty,1,home_run,6,1,8
2025-08-17,TOR202508170,TOR,"Bichette, Bo",bichb001,3,2,empty,empty,1,single,6,2,8
2025-08-17,TOR202508170,TOR,"Varsho, Daulton",varsd001,3,2,1B,1B,1,strikeout,6,2,8
2025-08-17,TOR202508170,TOR,"Kirk, Alejandro",kirka001,3,0,empty,empty,1,field_out,7,2,8
2025-08-17,TOR202508170,TOR,"Lukes, Nathan",luken001,3,1,empty,empty,1,field_out,7,2,8
2025-08-17,TOR202508170,TOR,"Clement, Ernie",cleme002,3,2,empty,empty,1,field_out,7,2,8
2025-08-17,TOR202508170,TOR,"Straw, Myles",stram002,1,0,empty,empty,1,single,8,2,8
2025-08-17,TOR202508170,TOR,"Springer, George",sprig001,4,0,1B,1B,1,home_run,8,2,8
2025-08-17,TOR202508170,TOR,"Schneider, Davis",schnd001,1,0,empty,empty,1,strikeout,8,4,8
2025-08-17,TOR202508170,TOR,"Guerrero, Vladimir",guerv002,4,1,empty,empty,1,strikeout,8,4,8
2025-08-17,TOR202508170,TOR,"Bichette, Bo",bichb001,4,2,empty,empty,1,walk,8,4,8
2025-08-17,TOR202508170,TOR,"Varsho, Daulton",varsd001,4,2,1B,1B,1,walk,8,4,8
2025-08-17,TOR202508170,TOR,"Kirk, Alejandro",kirka001,4,2,1B+2B,1B+2B,1,field_out,8,4,8
2025-08-17,TOR202508170,TOR,"Lukes, Nathan",luken001,4,0,empty,empty,1,field_out,9,4,10
2025-08-17,TOR202508170,TOR,"Clement, Ernie",cleme002,4,1,empty,empty,1,field_out,9,4,10
2025-08-17,TOR202508170,TOR,"Straw, Myles",stram002,2,2,empty,empty,1,strikeout,9,4,10
2025-08-18,PIT202508180,TOR,"Springer, George",sprig001,1,0,empty,empty,1,field_out,1,0,0
2025-08-18,PIT202508180,TOR,"Barger, Addison",barga001,1,1,empty,empty,1,field_out,1,0,0
2025-08-18,PIT202508180,TOR,"Guerrero, Vladimir",guerv002,1,2,empty,empty,1,strikeout,1,0,0
2025-08-18,PIT202508180,TOR,"Bichette, Bo",bichb001,1,0,empty,empty,1,strikeout,2,0,0
2025-08-18,PIT202508180,TOR,"Varsho, Daulton",varsd001,1,1,empty,empty,1,strikeout,2,0,0
2025-08-18,PIT202508180,TOR,"Clement, Ernie",cleme002,1,2,empty,empty,1,single,2,0,0
2025-08-18,PIT202508180,TOR,"Lukes, Nathan",luken001,1,2,1B,1B,1,single,2,0,0
2025-08-18,PIT202508180,TOR,"Heineman, Tyler",heint001,1,2,1B+3B,2B+3B,0,strikeout,2,0,0
2025-08-18,PIT202508180,TOR,"Gimenez, Andres",gimea001,1,0,empty,empty,1,single,3,0,1
2025-08-18,PIT202508180,TOR,"Springer, George",sprig001,2,0,1B,1B,1,field_out,3,0,1
2025-08-18,PIT202508180,TOR,"Barger, Addison",barga001,2,1,1B,1B,1,double,3,0,1
2025-08-18,PIT202508180,TOR,"Guerrero, Vladimir",guerv002,2,1,2B+3B,2B+3B,1,field_out,3,0,1
2025-08-18,PIT202508180,TOR,"Bichette, Bo",bichb001,2,2,2B,2B,1,single,3,1,1
2025-08-18,PIT202508180,TOR,"Varsho, Daulton",varsd001,2,2,1B,1B,1,strikeout,3,2,1
2025-08-18,PIT202508180,TOR,"Clement, Ernie",cleme002,2,0,empty,empty,1,field_out,4,2,2
2025-08-18,PIT202508180,TOR,"Lukes, Nathan",luken001,2,1,empty,empty,1,field_out,4,2,2
2025-08-18,PIT202508180,TOR,"Heineman, Tyler",heint001,2,2,empty,empty,1,field_out,4,2,2
2025-08-18,PIT202508180,TOR,"Gimenez, Andres",gimea001,2,0,empty,empty,1,strikeout,5,2,2
2025-08-18,PIT202508180,TOR,"Springer, George",sprig001,3,1,empty,empty,1,field_out,5,2,2
2025-08-18,PIT202508180,TOR,"Barger, Addison",barga001,3,2,empty,empty,1,walk,5,2,2
2025-08-18,PIT202508180,TOR,"France, Ty",frant002,1,2,1B,1B,1,strikeout,5,2,2
2025-08-18,PIT202508180,TOR,"Bichette, Bo",bichb001,3,0,empty,empty,1,field_out,6,2,2
2025-08-18,PIT202508180,TOR,"Varsho, Daulton",varsd001,3,1,empty,empty,1,field_out,6,2,2
2025-08-18,PIT202508180,TOR,"Clement, Ernie",cleme002,3,2,empty,empty,1,strikeout,6,2,2
2025-08-18,PIT202508180,TOR,"Schneider, Davis",schnd001,1,0,empty,empty,1,strikeout,7,2,2
2025-08-18,PIT202508180,TOR,"Heineman, Tyler",heint001,3,1,empty,empty,1,field_out,7,2,2
2025-08-18,PIT202508180,TOR,"Gimenez, Andres",gimea001,3,2,empty,empty,1,strikeout,7,2,2
2025-08-18,PIT202508180,TOR,"Springer, George",sprig001,4,0,empty,empty,1,single,8,2,3
2025-08-18,PIT202508180,TOR,"Barger, Addison",barga001,4,0,1B,1B,1,grounded_into_double_play,8,2,3
2025-08-18,PIT202508180,TOR,"France, Ty",frant002,2,2,empty,empty,1,field_out,8,2,3
2025-08-18,PIT202508180,TOR,"Bichette, Bo",bichb001,4,0,empty,empty,1,field_out,9,2,5
2025-08-18,PIT202508180,TOR,"Varsho, Daulton",varsd001,4,1,empty,empty,1,strikeout,9,2,5
2025-08-18,PIT202508180,TOR,"Clement, Ernie",cleme002,4,2,empty,empty,1,hit_by_pitch,9,2,5
2025-08-18,PIT202508180,TOR,"Schneider, Davis",schnd001,2,2,1B,2B,0,field_out,9,2,5
2025-08-19,PIT202508190,TOR,"Springer, George",sprig001,1,0,empty,empty,1,hit_by_pitch,1,0,0
2025-08-19,PIT202508190,TOR,"Barger, Addison",barga001,1,0,1B,2B,0,walk,1,0,0
2025-08-19,PIT202508190,TOR,"Bichette, Bo",bichb001,1,0,1B+2B,1B+2B,1,walk,1,0,0
2025-08-19,PIT202508190,TOR,"Kirk, Alejandro",kirka001,1,0,1B+2B+3B,1B+2B+3B,1,single,1,0,0
2025-08-19,PIT202508190,TOR,"Lukes, Nathan",luken001,1,1,2B+3B,2B+3B,1,single,1,1,0
2025-08-19,PIT202508190,TOR,"France, Ty",frant002,1,1,1B,1B,1,fielders_choice,1,3,0
2025-08-19,PIT202508190,TOR,"Clement, Ernie",cleme002,1,1,1B+2B,1B+2B,1,strikeout,1,3,0
2025-08-19,PIT202508190,TOR,"Gimenez, Andres",gimea001,1,2,1B+2B,1B+2B,1,field_out,1,3,0
2025-08-19,PIT202508190,TOR,"Straw, Myles",stram002,1,0,empty,empty,1,walk,2,3,0
2025-08-19,PIT202508190,TOR,"Springer, George",sprig001,2,0,1B,2B,0,home_run,2,3,0
2025-08-19,PIT202508190,TOR,"Barger, Addison",barga001,2,0,empty,empty,1,field_out,2,5,0
2025-08-19,PIT202508190,TOR,"Bichette, Bo",bichb001,2,1,empty,empty,1,field_out,2,5,0
2025-08-19,PIT202508190,TOR,"Kirk, Alejandro",kirka001,2,2,empty,empty,1,strikeout,2,5,0
2025-08-19,PIT202508190,TOR,"Lukes, Nathan",luken001,2,0,empty,empty,1,single,3,5,1
2025-08-19,PIT202508190,TOR,"France, Ty",frant002,2,0,1B,1B,1,single,3,5,1
2025-08-19,PIT202508190,TOR,"Clement, Ernie",cleme002,2,0,1B+2B,1B+2B,1,grounded_into_double_play,3,5,1
2025-08-19,PIT202508190,TOR,"Gimenez, Andres",gimea001,2,2,1B,1B,1,strikeout,3,5,1
2025-08-19,PIT202508190,TOR,"Straw, Myles",stram002,2,0,empty,empty,1,double,4,5,1
2025-08-19,PIT202508190,TOR,"Springer, George",sprig001,3,0,2B,2B,1,single,4,5,1
2025-08-19,PIT202508190,TOR,"Barger, Addison",barga001,3,0,1B+3B,2B+3B,0,strikeout,4,5,1
2025-08-19,PIT202508190,TOR,"Bichette, Bo",bichb001,3,1,2B+3B,2B+3B,1,field_out,4,5,1
2025-08-19,PIT202508190,TOR,"Kirk, Alejandro",kirka001,3,2,2B+3B,2B+3B,1,strikeout,4,5,1
2025-08-19,PIT202508190,TOR,"Lukes, Nathan",luken001,3,0,empty,empty,1,strikeout,5,5,1
2025-08-19,PIT202508190,TOR,"France, Ty",frant002,3,1,empty,empty,1,field_out,5,5,1
2025-08-19,PIT202508190,TOR,"Clement, Ernie",cleme002,3,2,empty,empty,1,field_out,5,5,1
2025-08-19,PIT202508190,TOR,"Gimenez, Andres",gimea001,3,0,empty,empty,1,field_out,6,5,1
2025-08-19,PIT202508190,TOR,"Straw, Myles",stram002,3,1,empty,empty,1,field_out,6,5,1
2025-08-19,PIT202508190,TOR,"Springer, George",sprig001,4,2,empty,empty,1,strikeout,6,5,1
2025-08-19,PIT202508190,TOR,"Barger, Addison",barga001,4,0,empty,empty,1,field_out,7,5,1
2025-08-19,PIT202508190,TOR,"Bichette, Bo",bichb001,4,1,empty,empty,1,single,7,5,1
2025-08-19,PIT202508190,TOR,"Kirk, Alejandro",kirka001,4,1,1B,1B,1,home_run,7,5,1
2025-08-19,PIT202508190,TOR,"Lukes, Nathan",luken001,4,1,empty,empty,1,field_out,7,7,1
2025-08-19,PIT202508190,TOR,"France, Ty",frant002,4,2,empty,empty,1,field_out,7,7,1
2025-08-19,PIT202508190,TOR,"Clement, Ernie",cleme002,4,0,empty,empty,1,strikeout,8,7,2
2025-08-19,PIT202508190,TOR,"Gimenez, Andres",gimea001,4,1,empty,empty,1,walk,8,7,2
2025-08-19,PIT202508190,TOR,"Straw, Myles",stram002,4,1,1B,1B,1,field_out,8,7,2
2025-08-19,PIT202508190,TOR,"Springer, George",sprig001,5,2,1B,2B,0,field_out,8,7,2
2025-08-19,PIT202508190,TOR,"Schneider, Davis",schnd001,1,0,empty,empty,1,field_out,9,7,3
2025-08-19,PIT202508190,TOR,"Bichette, Bo",bichb001,5,1,empty,empty,1,field_out,9,7,3
2025-08-19,PIT202508190,TOR,"Kirk, Alejandro",kirka001,5,2,empty,empty,1,single,9,7,3
2025-08-19,PIT202508190,TOR,"Lukes, Nathan",luken001,5,2,1B,1B,1,strikeout,9,7,3
2025-08-20,PIT202508200,TOR,"Springer, George",sprig001,1,0,empty,empty,1,home_run,1,0,0
2025-08-20,PIT202508200,TOR,"Barger, Addison",barga001,1,0,empty,empty,1,field_out,1,1,0
2025-08-20,PIT202508200,TOR,"Bichette, Bo",bichb001,1,1,empty,empty,1,strikeout,1,1,0
2025-08-20,PIT202508200,TOR,"Kirk, Alejandro",kirka001,1,2,empty,empty,1,strikeout,1,1,0
2025-08-20,PIT202508200,TOR,"Varsho, Daulton",varsd001,1,0,empty,empty,1,field_out,2,1,2
2025-08-20,PIT202508200,TOR,"France, Ty",frant002,1,1,empty,empty,1,field_out,2,1,2
2025-08-20,PIT202508200,TOR,"Lukes, Nathan",luken001,1,2,empty,empty,1,strikeout,2,1,2
2025-08-20,PIT202508200,TOR,"Schneider, Davis",schnd001,1,0,empty,empty,1,field_out,3,1,2
2025-08-20,PIT202508200,TOR,"Gimenez, Andres",gimea001,1,1,empty,empty,1,field_out,3,1,2
2025-08-20,PIT202508200,TOR,"Springer, George",sprig001,2,2,empty,empty,1,walk,3,1,2
2025-08-20,PIT202508200,TOR,"Barger, Addison",barga001,2,2,1B,1B,1,field_out,3,1,2
2025-08-20,PIT202508200,TOR,"Bichette, Bo",bichb001,2,0,empty,empty,1,double,4,1,2
2025-08-20,PIT202508200,TOR,"Kirk, Alejandro",kirka001,2,0,2B,2B,1,strikeout,4,1,2
2025-08-20,PIT202508200,TOR,"Varsho, Daulton",varsd001,2,1,2B,2B,1,field_out,4,1,2
2025-08-20,PIT202508200,TOR,"France, Ty",frant002,2,2,2B,2B,1,hit_by_pitch,4,1,2
2025-08-20,PIT202508200,TOR,"Lukes, Nathan",luken001,2,2,1B+2B,1B+2B,1,strikeout,4,1,2
2025-08-20,PIT202508200,TOR,"Schneider, Davis",schnd001,2,0,empty,empty,1,field_out,5,1,2
2025-08-20,PIT202508200,TOR,"Gimenez, Andres",gimea001,2,1,empty,empty,1,field_out,5,1,2
2025-08-20,PIT202508200,TOR,"Springer, George",sprig001,3,2,empty,empty,1,strikeout,5,1,2
2025-08-20,PIT202508200,TOR,"Barger, Addison",barga001,3,0,empty,empty,1,field_out,6,1,2
2025-08-20,PIT202508200,TOR,"Bichette, Bo",bichb001,3,1,empty,empty,1,single,6,1,2
2025-08-20,PIT202508200,TOR,"Kirk, Alejandro",kirka001,3,1,1B,1B,1,grounded_into_double_play,6,1,2
2025-08-20,PIT202508200,TOR,"Varsho, Daulton",varsd001,3,0,empty,empty,1,field_out,7,1,2
2025-08-20,PIT202508200,TOR,"France, Ty",frant002,3,1,empty,empty,1,field_out,7,1,2
2025-08-20,PIT202508200,TOR,"Lukes, Nathan",luken001,3,2,empty,empty,1,field_out,7,1,2
2025-08-20,PIT202508200,TOR,"Schneider, Davis",schnd001,3,0,empty,empty,1,strikeout,8,1,2
2025-08-20,PIT202508200,TOR,"Gimenez, Andres",gimea001,3,1,empty,empty,1,hit_by_pitch,8,1,2
2025-08-20,PIT202508200,TOR,"Springer, George",sprig001,4,1,1B,1B,1,field_out,8,1,2
2025-08-20,PIT202508200,TOR,"Barger, Addison",barga001,4,2,1B,1B,1,field_out,8,1,2
2025-08-20,PIT202508200,TOR,"Bichette, Bo",bichb001,4,0,empty,empty,1,strikeout,9,1,2
2025-08-20,PIT202508200,TOR,"Kirk, Alejandro",kirka001,4,1,empty,empty,1,field_out,9,1,2
2025-08-20,PIT202508200,TOR,"Varsho, Daulton",varsd001,4,2,empty,empty,1,field_out,9,1,2
2025-08-22,MIA202508220,TOR,"Springer, George",sprig001,1,0,empty,empty,1,field_out,1,0,0
2025-08-22,MIA202508220,TOR,"Barger, Addison",barga001,1,1,empty,empty,1,field_out,1,0,0
2025-08-22,MIA202508220,TOR,"Bichette, Bo",bichb001,1,2,empty,empty,1,double,1,0,0
2025-08-22,MIA202508220,TOR,"Kirk, Alejandro",kirka001,1,2,2B,2B,1,walk,1,0,0
2025-08-22,MIA202508220,TOR,"Varsho, Daulton",varsd001,1,2,1B+2B,1B+2B,1,double,1,0,0
2025-08-22,MIA202508220,TOR,"France, Ty",frant002,1,2,2B+3B,2B+3B,1,single,1,1,0
2025-08-22,MIA202508220,TOR,"Lukes, Nathan",luken001,1,0,empty,empty,1,single,2,3,0
2025-08-22,MIA202508220,TOR,"Clement, Ernie",cleme002,1,0,1B,1B,1,grounded_into_double_play,2,3,0
2025-08-22,MIA202508220,TOR,"Gimenez, Andres",gimea001,1,2,empty,empty,1,field_out,2,3,0
2025-08-22,MIA202508220,TOR,"Springer, George",sprig001,2,0,empty,empty,1,field_out,3,3,1
2025-08-22,MIA202508220,TOR,"Barger, Addison",barga001,2,1,empty,empty,1,single,3,3,1
2025-08-22,MIA202508220,TOR,"Bichette, Bo",bichb001,2,1,1B,1B,1,field_out,3,3,1
2025-08-22,MIA202508220,TOR,"Kirk, Alejandro",kirka001,2,2,1B,1B,1,field_out,3,3,1
2025-08-22,MIA202508220,TOR,"Varsho, Daulton",varsd001,2,0,empty,empty,1,field_out,4,3,1
2025-08-22,MIA202508220,TOR,"France, Ty",frant002,2,1,empty,empty,1,single,4,3,1
2025-08-22,MIA202508220,TOR,"Lukes, Nathan",luken001,2,1,1B,1B,1,grounded_into_double_play,4,3,1
2025-08-22,MIA202508220,TOR,"Clement, Ernie",cleme002,2,0,empty,empty,1,field_out,5,3,1
2025-08-22,MIA202508220,TOR,"Gimenez, Andres",gimea001,2,1,empty,empty,1,field_out,5,3,1
2025-08-22,MIA202508220,TOR,"Springer, George",sprig001,3,2,empty,empty,1,field_out,5,3,1
2025-08-22,MIA202508220,TOR,"Barger, Addison",barga001,3,0,empty,empty,1,field_out,6,3,1
2025-08-22,MIA202508220,TOR,"Bichette, Bo",bichb001,3,1,empty,empty,1,field_out,6,3,1
2025-08-22,MIA202508220,TOR,"Kirk, Alejandro",kirka001,3,2,empty,empty,1,single,6,3,1
2025-08-22,MIA202508220,TOR,"Varsho, Daulton",varsd001,3,2,1B,1B,1,home_run,6,3,1
2025-08-22,MIA202508220,TOR,"France, Ty",frant002,3,2,empty,empty,1,field_out,6,5,1
2025-08-22,MIA202508220,TOR,"Straw, Myles",stram002,1,0,empty,empty,1,walk,7,5,1
2025-08-22,MIA202508220,TOR,"Clement, Ernie",cleme002,3,0,1B,1B,1,field_out,7,5,1
2025-08-22,MIA202508220,TOR,"Gimenez, Andres",gimea001,3,1,1B,1B,1,strikeout,7,5,1
2025-08-22,MIA202508220,TOR,"Springer, George",sprig001,4,2,1B,1B,1,single,7,5,1
2025-08-22,MIA202508220,TOR,"Barger, Addison",barga001,4,2,1B+3B,1B+3B,1,field_out,7,5,1
2025-08-22,MIA202508220,TOR,"Bichette, Bo",bichb001,4,0,empty,empty,1,walk,8,5,1
2025-08-22,MIA202508220,TOR,"Kirk, Alejandro",kirka001,4,0,1B,1B,1,grounded_into_double_play,8,5,1
2025-08-22,MIA202508220,TOR,"Varsho, Daulton",varsd001,4,2,empty,empty,1,field_out,8,5,1
2025-08-22,MIA202508220,TOR,"France, Ty",frant002,4,0,empty,empty,1,field_out,9,5,2
2025-08-22,MIA202508220,TOR,"Straw, Myles",stram002,2,1,empty,empty,1,strikeout,9,5,2
2025-08-22,MIA202508220,TOR,"Clement, Ernie",cleme002,4,2,empty,empty,1,walk,9,5,2
2025-08-22,MIA202508220,TOR,"Gimenez, Andres",gimea001,4,2,1B,1B,1,field_out,9,5,2
2025-08-23,MIA202508230,TOR,"Springer, George",sprig001,1,0,empty,empty,1,field_out,1,0,0
2025-08-23,MIA202508230,TOR,"Barger, Addison",barga001,1,1,empty,empty,1,field_out,1,0,0
2025-08-23,MIA202508230,TOR,"Bichette, Bo",bichb001,1,2,empty,empty,1,field_out,1,0,0
2025-08-23,MIA202508230,TOR,"Kirk, Alejandro",kirka001,1,0,empty,empty,1,field_out,2,0,0
2025-08-23,MIA202508230,TOR,"Varsho, Daulton",varsd001,1,1,empty,empty,1,field_out,2,0,0
2025-08-23,MIA202508230,TOR,"France, Ty",frant002,1,2,empty,empty,1,strikeout,2,0,0
2025-08-23,MIA202508230,TOR,"Lukes, Nathan",luken001,1,0,empty,empty,1,double,3,0,0
2025-08-23,MIA202508230,TOR,"Clement, Ernie",cleme002,1,0,2B,2B,1,field_out,3,0,0
2025-08-23,MIA202508230,TOR,"Gimenez, Andres",gimea001,1,1,3B,3B,1,hit_by_pitch,3,0,0
2025-08-23,MIA202508230,TOR,"Springer, George",sprig001,2,1,1B+3B,2B+3B,0,single,3,0,0
2025-08-23,MIA202508230,TOR,"Barger, Addison",barga001,2,1,1B+3B,1B+3B,1,grounded_into_double_play,3,1,0
2025-08-23,MIA202508230,TOR,"Bichette, Bo",bichb001,2,0,empty,empty,1,single,4,1,0
2025-08-23,MIA202508230,TOR,"Kirk, Alejandro",kirka001,2,0,1B,1B,1,field_out,4,1,0
2025-08-23,MIA202508230,TOR,"Varsho, Daulton",varsd001,2,1,1B,1B,1,single,4,1,0
2025-08-23,MIA202508230,TOR,"France, Ty",frant002,2,1,1B+3B,1B+3B,1,grounded_into_double_play,4,1,0
2025-08-23,MIA202508230,TOR,"Lukes, Nathan",luken001,2,0,empty,empty,1,strikeout,5,1,0
2025-08-23,MIA202508230,TOR,"Clement, Ernie",cleme002,2,1,empty,empty,1,field_out,5,1,0
2025-08-23,MIA202508230,TOR,"Gimenez, Andres",gimea001,2,2,empty,empty,1,field_out,5,1,0
2025-08-23,MIA202508230,TOR,"Springer, George",sprig001,3,0,empty,empty,1,field_out,6,1,0
2025-08-23,MIA202508230,TOR,"Barger, Addison",barga001,3,1,empty,empty,1,walk,6,1,0
2025-08-23,MIA202508230,TOR,"Bichette, Bo",bichb001,3,1,1B,1B,1,single,6,1,0
2025-08-23,MIA202508230,TOR,"Kirk, Alejandro",kirka001,3,1,1B+2B,1B+2B,1,double,6,1,0
2025-08-23,MIA202508230,TOR,"Varsho, Daulton",varsd001,3,1,2B+3B,2B+3B,1,strikeout,6,2,0
2025-08-23,MIA202508230,TOR,"France, Ty",frant002,3,2,2B+3B,2B+3B,1,intent_walk,6,2,0
2025-08-23,MIA202508230,TOR,"Straw, Myles",stram002,1,2,1B+2B+3B,1B+2B+3B,1,walk,6,2,0
2025-08-23,MIA202508230,TOR,"Clement, Ernie",cleme002,3,2,1B+2B+3B,1B+2B+3B,1,field_out,6,3,0
2025-08-23,MIA202508230,TOR,"Gimenez, Andres",gimea001,3,0,empty,empty,1,field_out,7,3,0
2025-08-23,MIA202508230,TOR,"Springer, George",sprig001,4,1,empty,empty,1,home_run,7,3,0
2025-08-23,MIA202508230,TOR,"Barger, Addison",barga001,4,1,empty,empty,1,field_out,7,4,0
2025-08-23,MIA202508230,TOR,"Bichette, Bo",bichb001,4,2,empty,empty,1,single,7,4,0
2025-08-23,MIA202508230,TOR,"Kirk, Alejandro",kirka001,4,2,1B,1B,1,single,7,4,0
2025-08-23,MIA202508230,TOR,"Varsho, Daulton",varsd001,4,2,1B+2B,1B+2B,1,field_out,7,4,0
2025-08-23,MIA202508230,TOR,"France, Ty",frant002,4,0,empty,empty,1,strikeout,8,4,3
2025-08-23,MIA202508230,TOR,"Straw, Myles",stram002,2,1,empty,empty,1,field_out,8,4,3
2025-08-23,MIA202508230,TOR,"Clement, Ernie",cleme002,4,2,empty,empty,1,field_out,8,4,3
2025-08-23,MIA202508230,TOR,"Gimenez, Andres",gimea001,4,0,empty,empty,1,field_out,9,4,3
2025-08-23,MIA202508230,TOR,"Springer, George",sprig001,5,1,empty,empty,1,double,9,4,3
2025-08-23,MIA202508230,TOR,"Barger, Addison",barga001,5,1,2B,2B,1,field_out,9,4,3
2025-08-23,MIA202508230,TOR,"Bichette, Bo",bichb001,5,2,3B,3B,1,field_out,9,4,3
2025-08-23,MIA202508230,TOR,"Kirk, Alejandro",kirka001,5,0,2B,2B,1,walk,10,4,4
2025-08-23,MIA202508230,TOR,"Varsho, Daulton",varsd001,5,0,1B+3B,1B+3B,1,field_out,10,4,4
2025-08-23,MIA202508230,TOR,"France, Ty",frant002,5,1,2B+3B,2B+3B,1,sac_fly,10,4,4
2025-08-23,MIA202508230,TOR,"Straw, Myles",stram002,3,2,3B,3B,1,field_out,10,5,4
2025-08-23,MIA202508230,TOR,"Clement, Ernie",cleme002,5,0,2B,2B,1,field_out,11,5,5
2025-08-23,MIA202508230,TOR,"Gimenez, Andres",gimea001,5,1,3B,3B,1,single,11,5,5
2025-08-23,MIA202508230,TOR,"Springer, George",sprig001,6,1,1B,1B,1,grounded_into_double_play,11,6,5
2025-08-23,MIA202508230,TOR,"Barger, Addison",barga001,6,0,2B,2B,1,field_out,12,6,6
2025-08-23,MIA202508230,TOR,"Bichette, Bo",bichb001,6,1,3B,3B,1,single,12,6,6
2025-08-23,MIA202508230,TOR,"Heineman, Tyler",heint001,1,1,1B,1B,1,field_out,12,7,6
2025-08-23,MIA202508230,TOR,"Varsho, Daulton",varsd001,6,2,1B,1B,1,field_out,12,7,6
2025-08-24,MIA202508240,TOR,"Springer, George",sprig001,1,0,empty,empty,1,field_out,1,0,0
2025-08-24,MIA202508240,TOR,"Lukes, Nathan",luken001,1,1,empty,empty,1,strikeout,1,0,0
2025-08-24,MIA202508240,TOR,"Bichette, Bo",bichb001,1,2,empty,empty,1,double,1,0,0
2025-08-24,MIA202508240,TOR,"France, Ty",frant002,1,2,2B,2B,1,field_out,1,0,0
2025-08-24,MIA202508240,TOR,"Varsho, Daulton",varsd001,1,0,empty,empty,1,strikeout,2,0,0
2025-08-24,MIA202508240,TOR,"Clement, Ernie",cleme002,1,1,empty,empty,1,strikeout,2,0,0
2025-08-24,MIA202508240,TOR,"Schneider, Davis",schnd001,1,2,empty,empty,1,field_out,2,0,0
2025-08-24,MIA202508240,TOR,"Gimenez, Andres",gimea001,1,0,empty,empty,1,field_out,3,0,0
2025-08-24,MIA202508240,TOR,"Heineman, Tyler",heint001,1,1,empty,empty,1,field_out,3,0,0
2025-08-24,MIA202508240,TOR,"Springer, George",sprig001,2,2,empty,empty,1,field_out,3,0,0
2025-08-24,MIA202508240,TOR,"Lukes, Nathan",luken001,2,0,empty,empty,1,field_out,4,0,1
2025-08-24,MIA202508240,TOR,"Bichette, Bo",bichb001,2,1,empty,empty,1,field_out,4,0,1
2025-08-24,MIA202508240,TOR,"France, Ty",frant002,2,2,empty,empty,1,field_out,4,0,1
2025-08-24,MIA202508240,TOR,"Varsho, Daulton",varsd001,2,0,empty,empty,1,strikeout,5,0,1
2025-08-24,MIA202508240,TOR,"Clement, Ernie",cleme002,2,1,empty,empty,1,field_out,5,0,1
2025-08-24,MIA202508240,TOR,"Schneider, Davis",schnd001,2,2,empty,empty,1,single,5,0,1
2025-08-24,MIA202508240,TOR,"Gimenez, Andres",gimea001,2,2,1B,2B,0,field_out,5,0,1
2025-08-24,MIA202508240,TOR,"Heineman, Tyler",heint001,2,0,empty,empty,1,field_out,6,0,4
2025-08-24,MIA202508240,TOR,"Springer, George",sprig001,3,1,empty,empty,1,field_out,6,0,4
2025-08-24,MIA202508240,TOR,"Lukes, Nathan",luken001,3,2,empty,empty,1,field_out,6,0,4
2025-08-24,MIA202508240,TOR,"Bichette, Bo",bichb001,3,0,empty,empty,1,single,7,0,4
2025-08-24,MIA202508240,TOR,"France, Ty",frant002,3,0,1B,1B,1,walk,7,0,4
2025-08-24,MIA202508240,TOR,"Varsho, Daulton",varsd001,3,0,1B+2B,1B+2B,1,home_run,7,0,4
2025-08-24,MIA202508240,TOR,"Clement, Ernie",cleme002,3,0,empty,empty,1,field_out,7,3,4
2025-08-24,MIA202508240,TOR,"Schneider, Davis",schnd001,3,1,empty,empty,1,strikeout,7,3,4
2025-08-24,MIA202508240,TOR,"Gimenez, Andres",gimea001,3,2,empty,empty,1,strikeout,7,3,4
2025-08-24,MIA202508240,TOR,"Heineman, Tyler",heint001,3,0,empty,empty,1,field_out,8,3,5
2025-08-24,MIA202508240,TOR,"Springer, George",sprig001,4,1,empty,empty,1,field_out,8,3,5
2025-08-24,MIA202508240,TOR,"Lukes, Nathan",luken001,4,2,empty,empty,1,walk,8,3,5
2025-08-24,MIA202508240,TOR,"Bichette, Bo",bichb001,4,2,1B,1B,1,walk,8,3,5
2025-08-24,MIA202508240,TOR,"Guerrero, Vladimir",guerv002,1,2,1B+2B,1B+2B,1,field_out,8,3,5
2025-08-24,MIA202508240,TOR,"Varsho, Daulton",varsd001,4,0,empty,empty,1,field_out,9,3,5
2025-08-24,MIA202508240,TOR,"Clement, Ernie",cleme002,4,1,empty,empty,1,field_out,9,3,5
2025-08-24,MIA202508240,TOR,"Schneider, Davis",schnd001,4,2,empty,empty,1,field_out,9,3,5
2025-08-25,TOR202508250,TOR,"Springer, George",sprig001,1,0,empty,empty,1,single,1,0,0
2025-08-25,TOR202508250,TOR,"Lukes, Nathan",luken001,1,0,1B,1B,1,double,1,0,0
2025-08-25,TOR202508250,TOR,"Guerrero, Vladimir",guerv002,1,0,2B+3B,2B+3B,1,strikeout,1,0,0
2025-08-25,TOR202508250,TOR,"Bichette, Bo",bichb001,1,1,2B+3B,2B+3B,1,single,1,0,0
2025-08-25,TOR202508250,TOR,"Varsho, Daulton",varsd001,1,1,1B+3B,1B+3B,1,sac_fly,1,1,0
2025-08-25,TOR202508250,TOR,"Kirk, Alejandro",kirka001,1,2,1B,1B,1,home_run,1,2,0
2025-08-25,TOR202508250,TOR,"Clement, Ernie",cleme002,1,2,empty,empty,1,hit_by_pitch,1,4,0
2025-08-25,TOR202508250,TOR,"France, Ty",frant002,1,2,1B,2B,0,field_out,1,4,0
2025-08-25,TOR202508250,TOR,"Gimenez, Andres",gimea001,1,0,empty,empty,1,home_run,2,4,0
2025-08-25,TOR202508250,TOR,"Springer, George",sprig001,2,0,empty,empty,1,strikeout,2,5,0
2025-08-25,TOR202508250,TOR,"Lukes, Nathan",luken001,2,1,empty,empty,1,field_out,2,5,0
2025-08-25,TOR202508250,TOR,"Guerrero, Vladimir",guerv002,2,2,empty,empty,1,field_out,2,5,0
2025-08-25,TOR202508250,TOR,"Bichette, Bo",bichb001,2,0,empty,empty,1,walk,3,5,0
2025-08-25,TOR202508250,TOR,"Varsho, Daulton",varsd001,2,0,1B,1B,1,strikeout,3,5,0
2025-08-25,TOR202508250,TOR,"Kirk, Alejandro",kirka001,2,1,1B,1B,1,grounded_into_double_play,3,5,0
2025-08-25,TOR202508250,TOR,"Clement, Ernie",cleme002,2,0,empty,empty,1,field_out,4,5,1
2025-08-25,TOR202508250,TOR,"France, Ty",frant002,2,1,empty,empty,1,strikeout,4,5,1
2025-08-25,TOR202508250,TOR,"Gimenez, Andres",gimea001,2,2,empty,empty,1,single,4,5,1
2025-08-25,TOR202508250,TOR,"Springer, George",sprig001,3,2,1B,2B,0,single,4,5,1
2025-08-25,TOR202508250,TOR,"Lukes, Nathan",luken001,3,2,1B,2B,0,strikeout,4,6,1
2025-08-25,TOR202508250,TOR,"Guerrero, Vladimir",guerv002,3,0,empty,empty,1,strikeout,5,6,1
2025-08-25,TOR202508250,TOR,"Bichette, Bo",bichb001,3,1,empty,empty,1,field_out,5,6,1
2025-08-25,TOR202508250,TOR,"Varsho, Daulton",varsd001,3,2,empty,empty,1,strikeout,5,6,1
2025-08-25,TOR202508250,TOR,"Kirk, Alejandro",kirka001,3,0,empty,empty,1,walk,6,6,4
2025-08-25,TOR202508250,TOR,"Clement, Ernie",cleme002,3,0,1B,1B,1,double,6,6,4
2025-08-25,TOR202508250,TOR,"France, Ty",frant002,3,0,2B+3B,2B+3B,1,field_out,6,6,4
2025-08-25,TOR202508250,TOR,"Gimenez, Andres",gimea001,3,1,2B+3B,2B+3B,1,walk,6,6,4
2025-08-25,TOR202508250,TOR,"Springer, George",sprig001,4,1,1B+2B+3B,1B+2B+3B,1,field_out,6,6,4
2025-08-25,TOR202508250,TOR,"Lukes, Nathan",luken001,4,2,1B+2B+3B,1B+2B+3B,1,double,6,6,4
2025-08-25,TOR202508250,TOR,"Guerrero, Vladimir",guerv002,4,2,2B+3B,2B+3B,1,single,6,8,4
2025-08-25,TOR202508250,TOR,"Bichette, Bo",bichb001,4,2,1B,1B,1,field_out,6,10,4
2025-08-25,TOR202508250,TOR,"Varsho, Daulton",varsd001,4,0,empty,empty,1,field_out,7,10,4
2025-08-25,TOR202508250,TOR,"Kirk, Alejandro",kirka001,4,1,empty,empty,1,walk,7,10,4
2025-08-25,TOR202508250,TOR,"Clement, Ernie",cleme002,4,1,1B,1B,1,field_out,7,10,4
2025-08-25,TOR202508250,TOR,"France, Ty",frant002,4,2,2B,2B,1,field_out,7,10,4
2025-08-25,TOR202508250,TOR,"Gimenez, Andres",gimea001,4,0,empty,empty,1,field_out,8,10,4
2025-08-25,TOR202508250,TOR,"Springer, George",sprig001,5,1,empty,empty,1,walk,8,10,4
2025-08-25,TOR202508250,TOR,"Lukes, Nathan",luken001,5,1,1B,1B,1,grounded_into_double_play,8,10,4
2025-08-26,TOR202508260,TOR,"Springer, George",sprig001,1,0,empty,empty,1,single,1,0,0
2025-08-26,TOR202508260,TOR,"Lukes, Nathan",luken001,1,0,1B,1B,1,double,1,0,0
2025-08-26,TOR202508260,TOR,"Guerrero, Vladimir",guerv002,1,0,2B+3B,2B+3B,1,sac_fly,1,0,0
2025-08-26,TOR202508260,TOR,"Bichette, Bo",bichb001,1,1,2B,2B,1,single,1,1,0
2025-08-26,TOR202508260,TOR,"Barger, Addison",barga001,1,1,1B+3B,1B+3B,1,field_out,1,1,0
2025-08-26,TOR202508260,TOR,"Kirk, Alejandro",kirka001,1,2,1B+3B,1B+3B,1,single,1,1,0
2025-08-26,TOR202508260,TOR,"Clement, Ernie",cleme002,1,2,1B+3B,1B+3B,1,field_out,1,2,0
2025-08-26,TOR202508260,TOR,"France, Ty",frant002,1,0,empty,empty,1,single,2,2,0
2025-08-26,TOR202508260,TOR,"Gimenez, Andres",gimea001,1,0,1B,1B,1,grounded_into_double_play,2,2,0
2025-08-26,TOR202508260,TOR,"Springer, George",sprig001,2,2,empty,empty,1,home_run,2,2,0
2025-08-26,TOR202508260,TOR,"Lukes, Nathan",luken001,2,2,empty,empty,1,single,2,3,0
2025-08-26,TOR202508260,TOR,"Guerrero, Vladimir",guerv002,2,2,2B,2B,1,field_out,2,3,0
2025-08-26,TOR202508260,TOR,"Bichette, Bo",bichb001,2,0,empty,empty,1,strikeout,3,3,0
2025-08-26,TOR202508260,TOR,"Barger, Addison",barga001,2,1,empty,empty,1,strikeout,3,3,0
2025-08-26,TOR202508260,TOR,"Kirk, Alejandro",kirka001,2,2,empty,empty,1,field_out,3,3,0
2025-08-26,TOR202508260,TOR,"Clement, Ernie",cleme002,2,0,empty,empty,1,field_out,4,3,0
2025-08-26,TOR202508260,TOR,"France, Ty",frant002,2,1,empty,empty,1,field_out,4,3,0
2025-08-26,TOR202508260,TOR,"Gimenez, Andres",gimea001,2,2,empty,empty,1,strikeout,4,3,0
2025-08-26,TOR202508260,TOR,"Springer, George",sprig001,3,0,empty,empty,1,home_run,5,3,0
2025-08-26,TOR202508260,TOR,"Lukes, Nathan",luken001,3,0,empty,empty,1,single,5,4,0
2025-08-26,TOR202508260,TOR,"Guerrero, Vladimir",guerv002,3,0,1B,1B,1,grounded_into_double_play,5,4,0
2025-08-26,TOR202508260,TOR,"Bichette, Bo",bichb001,3,2,empty,empty,1,single,5,4,0
2025-08-26,TOR202508260,TOR,"Barger, Addison",barga001,3,2,1B,1B,1,field_out,5,4,0
2025-08-26,TOR202508260,TOR,"Kirk, Alejandro",kirka001,3,0,empty,empty,1,walk,6,4,2
2025-08-26,TOR202508260,TOR,"Clement, Ernie",cleme002,3,0,1B,1B,1,single,6,4,2
2025-08-26,TOR202508260,TOR,"France, Ty",frant002,3,0,1B+2B,1B+2B,1,strikeout,6,4,2
2025-08-26,TOR202508260,TOR,"Gimenez, Andres",gimea001,3,1,1B+2B,1B+2B,1,field_out,6,4,2
2025-08-26,TOR202508260,TOR,"Springer, George",sprig001,4,2,1B+2B,1B+2B,1,strikeout,6,4,2
2025-08-26,TOR202508260,TOR,"Lukes, Nathan",luken001,4,0,empty,empty,1,field_out,7,4,3
2025-08-26,TOR202508260,TOR,"Guerrero, Vladimir",guerv002,4,1,empty,empty,1,field_out,7,4,3
2025-08-26,TOR202508260,TOR,"Bichette, Bo",bichb001,4,2,empty,empty,1,field_out,7,4,3
2025-08-26,TOR202508260,TOR,"Schneider, Davis",schnd001,1,0,empty,empty,1,strikeout,8,4,3
2025-08-26,TOR202508260,TOR,"Kirk, Alejandro",kirka001,4,1,empty,empty,1,field_out,8,4,3
2025-08-26,TOR202508260,TOR,"Clement, Ernie",cleme002,4,2,empty,empty,1,single,8,4,3
2025-08-26,TOR202508260,TOR,"France, Ty",frant002,4,0,1B,empty,0,strikeout,9,4,7
2025-08-26,TOR202508260,TOR,"Gimenez, Andres",gimea001,4,1,empty,empty,1,field_out,9,4,7
2025-08-26,TOR202508260,TOR,"Springer, George",sprig001,5,2,empty,empty,1,single,9,4,7
2025-08-26,TOR202508260,TOR,"Varsho, Daulton",varsd001,1,2,1B,2B,0,double,9,4,7
2025-08-26,TOR202508260,TOR,"Guerrero, Vladimir",guerv002,5,2,2B,2B,1,field_out,9,5,7
2025-08-27,TOR202508270,TOR,"Springer, George",sprig001,1,0,empty,empty,1,field_out,1,0,1
2025-08-27,TOR202508270,TOR,"Barger, Addison",barga001,1,1,empty,empty,1,field_out,1,0,1
2025-08-27,TOR202508270,TOR,"Guerrero, Vladimir",guerv002,1,2,empty,empty,1,field_out,1,0,1
2025-08-27,TOR202508270,TOR,"Bichette, Bo",bichb001,1,0,empty,empty,1,field_out,2,0,1
2025-08-27,TOR202508270,TOR,"Varsho, Daulton",varsd001,1,1,empty,empty,1,field_out,2,0,1
2025-08-27,TOR202508270,TOR,"Schneider, Davis",schnd001,1,2,empty,empty,1,home_run,2,0,1
2025-08-27,TOR202508270,TOR,"Lukes, Nathan",luken001,1,2,empty,empty,1,strikeout,2,1,1
2025-08-27,TOR202508270,TOR,"Heineman, Tyler",heint001,1,0,empty,empty,1,walk,3,1,3
2025-08-27,TOR202508270,TOR,"Gimenez, Andres",gimea001,1,0,1B,1B,1,field_out,3,1,3
2025-08-27,TOR202508270,TOR,"Springer, George",sprig001,2,1,1B,1B,1,single,3,1,3
2025-08-27,TOR202508270,TOR,"Barger, Addison",barga001,2,1,1B+2B,1B+2B,1,field_out,3,1,3
2025-08-27,TOR202508270,TOR,"Guerrero, Vladimir",guerv002,2,2,1B+2B,1B+2B,1,walk,3,1,3
2025-08-27,TOR202508270,TOR,"Bichette, Bo",bichb001,2,2,1B+2B+3B,1B+2B+3B,1,single,3,1,3
2025-08-27,TOR202508270,TOR,"Varsho, Daulton",varsd001,2,2,1B+2B,1B+2B,1,field_out,3,3,3
2025-08-27,TOR202508270,TOR,"Schneider, Davis",schnd001,2,0,empty,empty,1,home_run,4,3,6
2025-08-27,TOR202508270,TOR,"Lukes, Nathan",luken001,2,0,empty,empty,1,field_out,4,4,6
2025-08-27,TOR202508270,TOR,"Heineman, Tyler",heint001,2,1,empty,empty,1,strikeout,4,4,6
2025-08-27,TOR202508270,TOR,"Gimenez, Andres",gimea001,2,2,empty,empty,1,home_run,4,4,6
2025-08-27,TOR202508270,TOR,"Springer, George",sprig001,3,2,empty,empty,1,single,4,5,6
2025-08-27,TOR202508270,TOR,"Barger, Addison",barga001,3,2,1B,2B,0,strikeout,4,5,6
2025-08-27,TOR202508270,TOR,"Guerrero, Vladimir",guerv002,3,0,empty,empty,1,field_out,5,5,8
2025-08-27,TOR202508270,TOR,"Bichette, Bo",bichb001,3,1,empty,empty,1,field_out,5,5,8
2025-08-27,TOR202508270,TOR,"Varsho, Daulton",varsd001,3,2,empty,empty,1,field_out,5,5,8
2025-08-27,TOR202508270,TOR,"Schneider, Davis",schnd001,3,0,empty,empty,1,walk,6,5,8
2025-08-27,TOR202508270,TOR,"Lukes, Nathan",luken001,3,0,1B,1B,1,single,6,5,8
2025-08-27,TOR202508270,TOR,"Heineman, Tyler",heint001,3,0,1B+2B,1B+2B,1,field_out,6,5,8
2025-08-27,TOR202508270,TOR,"Gimenez, Andres",gimea001,3,1,1B+2B,1B+2B,1,double,6,5,8
2025-08-27,TOR202508270,TOR,"Springer, George",sprig001,4,1,2B+3B,2B+3B,1,strikeout,6,6,8
2025-08-27,TOR202508270,TOR,"Barger, Addison",barga001,4,2,2B+3B,2B+3B,1,strikeout,6,6,8
2025-08-27,TOR202508270,TOR,"Guerrero, Vladimir",guerv002,4,0,empty,empty,1,strikeout,7,6,8
2025-08-27,TOR202508270,TOR,"Bichette, Bo",bichb001,4,1,empty,empty,1,single,7,6,8
2025-08-27,TOR202508270,TOR,"Varsho, Daulton",varsd001,4,1,1B,1B,1,strikeout,7,6,8
2025-08-27,TOR202508270,TOR,"Schneider, Davis",schnd001,4,2,1B,1B,1,strikeout,7,6,8
2025-08-27,TOR202508270,TOR,"Straw, Myles",stram002,1,0,empty,empty,1,field_out,8,6,8
2025-08-27,TOR202508270,TOR,"France, Ty",frant002,1,1,empty,empty,1,home_run,8,6,8
2025-08-27,TOR202508270,TOR,"Kirk, Alejandro",kirka001,1,1,empty,empty,1,single,8,7,8
2025-08-27,TOR202508270,TOR,"Springer, George",sprig001,5,1,1B,1B,1,walk,8,7,8
2025-08-27,TOR202508270,TOR,"Barger, Addison",barga001,5,1,1B+2B,1B+2B,1,double,8,7,8
2025-08-27,TOR202508270,TOR,"Guerrero, Vladimir",guerv002,5,1,2B,2B,1,strikeout,8,9,8
2025-08-27,TOR202508270,TOR,"Bichette, Bo",bichb001,5,2,2B,2B,1,field_out,8,9,8
2025-08-29,TOR202508290,TOR,"Springer, George",sprig001,1,0,empty,empty,1,field_out,1,0,0
2025-08-29,TOR202508290,TOR,"Barger, Addison",barga001,1,1,empty,empty,1,strikeout,1,0,0
2025-08-29,TOR202508290,TOR,"Guerrero, Vladimir",guerv002,1,2,empty,empty,1,field_out,1,0,0
2025-08-29,TOR202508290,TOR,"Bichette, Bo",bichb001,1,0,empty,empty,1,strikeout,2,0,0
2025-08-29,TOR202508290,TOR,"Varsho, Daulton",varsd001,1,1,empty,empty,1,field_out,2,0,0
2025-08-29,TOR202508290,TOR,"Kirk, Alejandro",kirka001,1,2,empty,empty,1,double,2,0,0
2025-08-29,TOR202508290,TOR,"Lukes, Nathan",luken001,1,2,2B,2B,1,field_out,2,0,0
2025-08-29,TOR202508290,TOR,"Schneider, Davis",schnd001,1,0,empty,empty,1,strikeout,3,0,0
2025-08-29,TOR202508290,TOR,"Gimenez, Andres",gimea001,1,1,empty,empty,1,strikeout,3,0,0
2025-08-29,TOR202508290,TOR,"Springer, George",sprig001,2,2,empty,empty,1,hit_by_pitch,3,0,0
2025-08-29,TOR202508290,TOR,"Barger, Addison",barga001,2,2,1B,1B,1,walk,3,0,0
2025-08-29,TOR202508290,TOR,"Guerrero, Vladimir",guerv002,2,2,1B+2B,1B+2B,1,strikeout,3,0,0
2025-08-29,TOR202508290,TOR,"Bichette, Bo",bichb001,2,0,empty,empty,1,field_out,4,0,0
2025-08-29,TOR202508290,TOR,"Varsho, Daulton",varsd001,2,1,empty,empty,1,strikeout,4,0,0
2025-08-29,TOR202508290,TOR,"Kirk, Alejandro",kirka001,2,2,empty,empty,1,field_out,4,0,0
2025-08-29,TOR202508290,TOR,"Lukes, Nathan",luken001,2,0,empty,empty,1,field_out,5,0,0
2025-08-29,TOR202508290,TOR,"Schneider, Davis",schnd001,2,1,empty,empty,1,field_out,5,0,0
2025-08-29,TOR202508290,TOR,"Gimenez, Andres",gimea001,2,2,empty,empty,1,field_out,5,0,0
2025-08-29,TOR202508290,TOR,"Springer, George",sprig001,3,0,empty,empty,1,strikeout,6,0,5
2025-08-29,TOR202508290,TOR,"Barger, Addison",barga001,3,1,empty,empty,1,strikeout,6,0,5
2025-08-29,TOR202508290,TOR,"Guerrero, Vladimir",guerv002,3,2,empty,empty,1,field_out,6,0,5
2025-08-29,TOR202508290,TOR,"Bichette, Bo",bichb001,3,0,empty,empty,1,single,7,0,7
2025-08-29,TOR202508290,TOR,"Varsho, Daulton",varsd001,3,0,1B,1B,1,hit_by_pitch,7,0,7
2025-08-29,TOR202508290,TOR,"Kirk, Alejandro",kirka001,3,0,1B+2B,1B+2B,1,walk,7,0,7
2025-08-29,TOR202508290,TOR,"Lukes, Nathan",luken001,3,0,1B+2B+3B,1B+2B+3B,1,strikeout,7,0,7
2025-08-29,TOR202508290,TOR,"Schneider, Davis",schnd001,3,1,1B+2B+3B,1B+2B+3B,1,single,7,0,7
2025-08-29,TOR202508290,TOR,"Gimenez, Andres",gimea001,3,1,1B+2B,1B+2B,1,grounded_into_double_play,7,2,7
2025-08-29,TOR202508290,TOR,"Springer, George",sprig001,4,0,empty,empty,1,walk,8,2,7
2025-08-29,TOR202508290,TOR,"Barger, Addison",barga001,4,0,1B,1B,1,field_out,8,2,7
2025-08-29,TOR202508290,TOR,"Guerrero, Vladimir",guerv002,4,1,1B,1B,1,grounded_into_double_play,8,2,7
2025-08-29,TOR202508290,TOR,"Bichette, Bo",bichb001,4,0,empty,empty,1,single,9,2,7
2025-08-29,TOR202508290,TOR,"Straw, Myles",stram002,1,0,1B,1B,1,field_out,9,2,7
2025-08-29,TOR202508290,TOR,"Kirk, Alejandro",kirka001,4,1,1B,1B,1,field_out,9,2,7
2025-08-29,TOR202508290,TOR,"Lukes, Nathan",luken001,4,2,1B,1B,1,field_out,9,2,7
2025-08-30,TOR202508300,TOR,"Springer, George",sprig001,1,0,empty,empty,1,strikeout,1,0,0
2025-08-30,TOR202508300,TOR,"Barger, Addison",barga001,1,1,empty,empty,1,field_out,1,0,0
2025-08-30,TOR202508300,TOR,"Guerrero, Vladimir",guerv002,1,2,empty,empty,1,field_out,1,0,0
2025-08-30,TOR202508300,TOR,"Bichette, Bo",bichb001,1,0,empty,empty,1,field_out,2,0,0
2025-08-30,TOR202508300,TOR,"Kirk, Alejandro",kirka001,1,1,empty,empty,1,field_out,2,0,0
2025-08-30,TOR202508300,TOR,"Lukes, Nathan",luken001,1,2,empty,empty,1,field_out,2,0,0
2025-08-30,TOR202508300,TOR,"France, Ty",frant002,1,0,empty,empty,1,single,3,0,0
2025-08-30,TOR202508300,TOR,"Gimenez, Andres",gimea001,1,0,1B,1B,1,field_out,3,0,0
2025-08-30,TOR202508300,TOR,"Straw, Myles",stram002,1,1,1B,1B,1,double,3,0,0
2025-08-30,TOR202508300,TOR,"Springer, George",sprig001,2,1,2B+3B,2B+3B,1,field_out,3,0,0
2025-08-30,TOR202508300,TOR,"Barger, Addison",barga001,2,2,2B+3B,2B+3B,1,field_out,3,0,0
2025-08-30,TOR202508300,TOR,"Guerrero, Vladimir",guerv002,2,0,empty,empty,1,field_out,4,0,0
2025-08-30,TOR202508300,TOR,"Bichette, Bo",bichb001,2,1,empty,empty,1,field_out,4,0,0
2025-08-30,TOR202508300,TOR,"Kirk, Alejandro",kirka001,2,2,empty,empty,1,field_out,4,0,0
2025-08-30,TOR202508300,TOR,"Lukes, Nathan",luken001,2,0,empty,empty,1,strikeout,5,0,0
2025-08-30,TOR202508300,TOR,"France, Ty",frant002,2,1,empty,empty,1,single,5,0,0
2025-08-30,TOR202508300,TOR,"Gimenez, Andres",gimea001,2,1,1B,1B,1,grounded_into_double_play,5,0,0
2025-08-30,TOR202508300,TOR,"Straw, Myles",stram002,2,0,empty,empty,1,single,6,0,0
2025-08-30,TOR202508300,TOR,"Springer, George",sprig001,3,0,1B,1B,1,field_out,6,0,0
2025-08-30,TOR202508300,TOR,"Barger, Addison",barga001,3,1,2B,2B,1,single,6,0,0
2025-08-30,TOR202508300,TOR,"Guerrero, Vladimir",guerv002,3,1,1B+3B,1B+3B,1,sac_fly,6,0,0
2025-08-30,TOR202508300,TOR,"Bichette, Bo",bichb001,3,2,2B,2B,1,strikeout,6,1,0
2025-08-30,TOR202508300,TOR,"Kirk, Alejandro",kirka001,3,0,empty,empty,1,strikeout,7,1,1
2025-08-30,TOR202508300,TOR,"Schneider, Davis",schnd001,1,1,empty,empty,1,strikeout,7,1,1
2025-08-30,TOR202508300,TOR,"France, Ty",frant002,3,2,empty,empty,1,strikeout,7,1,1
2025-08-30,TOR202508300,TOR,"Gimenez, Andres",gimea001,3,0,empty,empty,1,strikeout,8,1,1
2025-08-30,TOR202508300,TOR,"Straw, Myles",stram002,3,1,empty,empty,1,single,8,1,1
2025-08-30,TOR202508300,TOR,"Springer, George",sprig001,4,1,1B,1B,1,field_out,8,1,1
2025-08-30,TOR202508300,TOR,"Clement, Ernie",cleme002,1,2,1B,1B,1,field_out,8,1,1
2025-08-30,TOR202508300,TOR,"Guerrero, Vladimir",guerv002,4,0,empty,empty,1,strikeout,9,1,4
2025-08-30,TOR202508300,TOR,"Bichette, Bo",bichb001,4,1,empty,empty,1,single,9,1,4
2025-08-30,TOR202508300,TOR,"Kirk, Alejandro",kirka001,4,1,1B,1B,1,grounded_into_double_play,9,1,4
2025-08-31,TOR202508310,TOR,"Springer, George",sprig001,1,0,empty,empty,1,hit_by_pitch,1,0,2
2025-08-31,TOR202508310,TOR,"Barger, Addison",barga001,1,0,1B,1B,1,strikeout,1,0,2
2025-08-31,TOR202508310,TOR,"Guerrero, Vladimir",guerv002,1,1,1B,1B,1,fielders_choice,1,0,2
2025-08-31,TOR202508310,TOR,"Bichette, Bo",bichb001,1,1,2B+3B,2B+3B,1,strikeout,1,0,2
2025-08-31,TOR202508310,TOR,"Lukes, Nathan",luken001,1,2,2B+3B,2B+3B,1,double,1,0,2
2025-08-31,TOR202508310,TOR,"Clement, Ernie",cleme002,1,2,2B,2B,1,single,1,2,2
2025-08-31,TOR202508310,TOR,"Gimenez, Andres",gimea001,1,2,1B,1B,1,field_out,1,3,2
2025-08-31,TOR202508310,TOR,"Heineman, Tyler",heint001,1,0,empty,empty,1,field_out,2,3,2
2025-08-31,TOR202508310,TOR,"Straw, Myles",stram002,1,1,empty,empty,1,walk,2,3,2
2025-08-31,TOR202508310,TOR,"Springer, George",sprig001,2,1,1B,1B,1,double,2,3,2
2025-08-31,TOR202508310,TOR,"Barger, Addison",barga001,2,1,3B,3B,1,field_out,2,4,2
2025-08-31,TOR202508310,TOR,"Guerrero, Vladimir",guerv002,2,2,3B,3B,1,field_out,2,4,2
2025-08-31,TOR202508310,TOR,"Bichette, Bo",bichb001,2,0,empty,empty,1,walk,3,4,4
2025-08-31,TOR202508310,TOR,"Lukes, Nathan",luken001,2,0,1B,1B,1,strikeout,3,4,4
2025-08-31,TOR202508310,TOR,"Clement, Ernie",cleme002,2,1,1B,1B,1,field_out,3,4,4
2025-08-31,TOR202508310,TOR,"Gimenez, Andres",gimea001,2,2,1B,1B,1,field_out,3,4,4
2025-08-31,TOR202508310,TOR,"Heineman, Tyler",heint001,2,0,empty,empty,1,field_out,4,4,4
2025-08-31,TOR202508310,TOR,"Straw, Myles",stram002,2,1,empty,empty,1,field_out,4,4,4
2025-08-31,TOR202508310,TOR,"Springer, George",sprig001,3,2,empty,empty,1,single,4,4,4
2025-08-31,TOR202508310,TOR,"Barger, Addison",barga001,3,2,1B,1B,1,single,4,4,4
2025-08-31,TOR202508310,TOR,"Guerrero, Vladimir",guerv002,3,2,1B+3B,1B+3B,1,single,4,4,4
2025-08-31,TOR202508310,TOR,"Bichette, Bo",bichb001,3,2,1B+2B,1B+2B,1,field_out,4,5,4
2025-08-31,TOR202508310,TOR,"Lukes, Nathan",luken001,3,0,empty,empty,1,field_out,5,5,4
2025-08-31,TOR202508310,TOR,"Clement, Ernie",cleme002,3,1,empty,empty,1,single,5,5,4
2025-08-31,TOR202508310,TOR,"Gimenez, Andres",gimea001,3,1,1B,1B,1,single,5,5,4
2025-08-31,TOR202508310,TOR,"Heineman, Tyler",heint001,3,1,1B+2B,1B+2B,1,double,5,5,4
2025-08-31,TOR202508310,TOR,"Straw, Myles",stram002,3,1,2B+3B,2B+3B,1,single,5,6,4
2025-08-31,TOR202508310,TOR,"Springer, George",sprig001,4,1,1B,1B,1,strikeout,5,8,4
2025-08-31,TOR202508310,TOR,"Barger, Addison",barga001,4,2,1B,1B,1,single,5,8,4
2025-08-31,TOR202508310,TOR,"Guerrero, Vladimir",guerv002,4,2,1B+2B,1B+2B,1,field_out,5,8,4
2025-08-31,TOR202508310,TOR,"Bichette, Bo",bichb001,4,0,empty,empty,1,field_out,6,8,4
2025-08-31,TOR202508310,TOR,"Lukes, Nathan",luken001,4,1,empty,empty,1,single,6,8,4
2025-08-31,TOR202508310,TOR,"Clement, Ernie",cleme002,4,2,1B,empty,0,field_out,6,8,4
2025-08-31,TOR202508310,TOR,"Gimenez, Andres",gimea001,4,0,empty,empty,1,field_out,7,8,4
2025-08-31,TOR202508310,TOR,"Heineman, Tyler",heint001,4,1,empty,empty,1,field_out,7,8,4
2025-08-31,TOR202508310,TOR,"Straw, Myles",stram002,4,2,empty,empty,1,single,7,8,4
2025-08-31,TOR202508310,TOR,"Springer, George",sprig001,5,2,1B,1B,1,field_out,7,8,4
2025-08-31,TOR202508310,TOR,"Schneider, Davis",schnd001,1,0,empty,empty,1,field_out,8,8,4
2025-08-31,TOR202508310,TOR,"Guerrero, Vladimir",guerv002,5,1,empty,empty,1,walk,8,8,4
2025-08-31,TOR202508310,TOR,"Bichette, Bo",bichb001,5,1,1B,1B,1,field_out,8,8,4
2025-08-31,TOR202508310,TOR,"Lukes, Nathan",luken001,5,2,1B,1B,1,field_out,8,8,4
2025-09-01,CIN202509010,TOR,"Springer, George",sprig001,1,0,empty,empty,1,single,1,0,0
2025-09-01,CIN202509010,TOR,"Barger, Addison",barga001,1,0,1B,2B,0,double_play,1,0,0
2025-09-01,CIN202509010,TOR,"Guerrero, Vladimir",guerv002,1,2,empty,empty,1,field_out,1,0,0
2025-09-01,CIN202509010,TOR,"Bichette, Bo",bichb001,1,0,empty,empty,1,double,2,0,0
2025-09-01,CIN202509010,TOR,"Varsho, Daulton",varsd001,1,0,2B,2B,1,field_out,2,0,0
2025-09-01,CIN202509010,TOR,"Kirk, Alejandro",kirka001,1,1,3B,3B,1,strikeout,2,0,0
2025-09-01,CIN202509010,TOR,"Lukes, Nathan",luken001,1,2,3B,3B,1,strikeout,2,0,0
2025-09-01,CIN202509010,TOR,"Clement, Ernie",cleme002,1,0,empty,empty,1,field_out,3,0,2
2025-09-01,CIN202509010,TOR,"Gimenez, Andres",gimea001,1,1,empty,empty,1,field_out,3,0,2
2025-09-01,CIN202509010,TOR,"Springer, George",sprig001,2,2,empty,empty,1,strikeout,3,0,2
2025-09-01,CIN202509010,TOR,"Barger, Addison",barga001,2,0,empty,empty,1,strikeout,4,0,2
2025-09-01,CIN202509010,TOR,"Guerrero, Vladimir",guerv002,2,1,empty,empty,1,field_out,4,0,2
2025-09-01,CIN202509010,TOR,"Bichette, Bo",bichb001,2,2,empty,empty,1,single,4,0,2
2025-09-01,CIN202509010,TOR,"Varsho, Daulton",varsd001,2,2,1B,1B,1,strikeout,4,0,2
2025-09-01,CIN202509010,TOR,"Kirk, Alejandro",kirka001,2,0,empty,empty,1,field_out,5,0,2
2025-09-01,CIN202509010,TOR,"Lukes, Nathan",luken001,2,1,empty,empty,1,field_out,5,0,2
2025-09-01,CIN202509010,TOR,"Clement, Ernie",cleme002,2,2,empty,empty,1,field_out,5,0,2
2025-09-01,CIN202509010,TOR,"Gimenez, Andres",gimea001,2,0,empty,empty,1,strikeout,6,0,2
2025-09-01,CIN202509010,TOR,"Springer, George",sprig001,3,1,empty,empty,1,field_out,6,0,2
2025-09-01,CIN202509010,TOR,"Barger, Addison",barga001,3,2,empty,empty,1,strikeout,6,0,2
2025-09-01,CIN202509010,TOR,"Guerrero, Vladimir",guerv002,3,0,empty,empty,1,field_out,7,0,2
2025-09-01,CIN202509010,TOR,"Bichette, Bo",bichb001,3,1,empty,empty,1,double,7,0,2
2025-09-01,CIN202509010,TOR,"Varsho, Daulton",varsd001,3,1,2B,2B,1,walk,7,0,2
2025-09-01,CIN202509010,TOR,"Kirk, Alejandro",kirka001,3,1,1B+2B,1B+2B,1,single,7,0,2
2025-09-01,CIN202509010,TOR,"Lukes, Nathan",luken001,3,1,1B+2B,1B+2B,1,field_out,7,1,2
2025-09-01,CIN202509010,TOR,"Clement, Ernie",cleme002,3,2,1B+3B,1B+3B,1,field_out,7,1,2
2025-09-01,CIN202509010,TOR,"Gimenez, Andres",gimea001,3,0,empty,empty,1,field_out,8,1,2
2025-09-01,CIN202509010,TOR,"Springer, George",sprig001,4,1,empty,empty,1,walk,8,1,2
2025-09-01,CIN202509010,TOR,"Barger, Addison",barga001,4,1,1B,1B,1,grounded_into_double_play,8,1,2
2025-09-01,CIN202509010,TOR,"Guerrero, Vladimir",guerv002,4,0,empty,empty,1,single,9,1,2
2025-09-01,CIN202509010,TOR,"Bichette, Bo",bichb001,4,0,1B,1B,1,home_run,9,1,2
2025-09-01,CIN202509010,TOR,"Varsho, Daulton",varsd001,4,0,empty,empty,1,home_run,9,3,2
2025-09-01,CIN202509010,TOR,"Kirk, Alejandro",kirka001,4,0,empty,empty,1,field_out,9,4,2
2025-09-01,CIN202509010,TOR,"Lukes, Nathan",luken001,4,1,empty,empty,1,field_out,9,4,2
2025-09-01,CIN202509010,TOR,"Clement, Ernie",cleme002,4,2,empty,empty,1,field_out,9,4,2
2025-09-02,CIN202509020,TOR,"Springer, George",sprig001,1,0,empty,empty,1,home_run,1,0,0
2025-09-02,CIN202509020,TOR,"Lukes, Nathan",luken001,1,0,empty,empty,1,field_out,1,1,0
2025-09-02,CIN202509020,TOR,"Guerrero, Vladimir",guerv002,1,1,empty,empty,1,walk,1,1,0
2025-09-02,CIN202509020,TOR,"Bichette, Bo",bichb001,1,1,1B,1B,1,walk,1,1,0
2025-09-02,CIN202509020,TOR,"Varsho, Daulton",varsd001,1,1,1B+2B,1B+2B,1,walk,1,1,0
2025-09-02,CIN202509020,TOR,"Kirk, Alejandro",kirka001,1,1,1B+2B+3B,1B+2B+3B,1,double,1,1,0
2025-09-02,CIN202509020,TOR,"Schneider, Davis",schnd001,1,2,empty,empty,1,strikeout,1,4,0
2025-09-02,CIN202509020,TOR,"Gimenez, Andres",gimea001,1,0,empty,empty,1,single,2,4,1
2025-09-02,CIN202509020,TOR,"Kiner-Falefa, Isiah",kinei001,1,0,1B,1B,1,field_out,2,4,1
2025-09-02,CIN202509020,TOR,"Springer, George",sprig001,2,1,1B,1B,1,single,2,4,1
2025-09-02,CIN202509020,TOR,"Lukes, Nathan",luken001,2,1,1B+3B,1B+3B,1,field_out,2,4,1
2025-09-02,CIN202509020,TOR,"Guerrero, Vladimir",guerv002,2,2,1B+3B,1B+3B,1,single,2,4,1
2025-09-02,CIN202509020,TOR,"Bichette, Bo",bichb001,2,2,1B+2B,1B+2B,1,home_run,2,5,1
2025-09-02,CIN202509020,TOR,"Varsho, Daulton",varsd001,2,2,empty,empty,1,strikeout,2,8,1
2025-09-02,CIN202509020,TOR,"Kirk, Alejandro",kirka001,2,0,empty,empty,1,field_out,3,8,6
2025-09-02,CIN202509020,TOR,"Schneider, Davis",schnd001,2,1,empty,empty,1,strikeout,3,8,6
2025-09-02,CIN202509020,TOR,"Gimenez, Andres",gimea001,2,2,empty,empty,1,strikeout,3,8,6
2025-09-02,CIN202509020,TOR,"Kiner-Falefa, Isiah",kinei001,2,0,empty,empty,1,hit_by_pitch,4,8,6
2025-09-02,CIN202509020,TOR,"Springer, George",sprig001,3,0,1B,1B,1,home_run,4,8,6
2025-09-02,CIN202509020,TOR,"Lukes, Nathan",luken001,3,0,empty,empty,1,strikeout,4,10,6
2025-09-02,CIN202509020,TOR,"Guerrero, Vladimir",guerv002,3,1,empty,empty,1,single,4,10,6
2025-09-02,CIN202509020,TOR,"Bichette, Bo",bichb001,3,1,1B,1B,1,grounded_into_double_play,4,10,6
2025-09-02,CIN202509020,TOR,"Varsho, Daulton",varsd001,3,0,empty,empty,1,strikeout,5,10,8
2025-09-02,CIN202509020,TOR,"Kirk, Alejandro",kirka001,3,1,empty,empty,1,single,5,10,8
2025-09-02,CIN202509020,TOR,"Schneider, Davis",schnd001,3,1,1B,1B,1,field_out,5,10,8
2025-09-02,CIN202509020,TOR,"Gimenez, Andres",gimea001,3,2,1B,1B,1,field_out,5,10,8
2025-09-02,CIN202509020,TOR,"Kiner-Falefa, Isiah",kinei001,3,0,empty,empty,1,strikeout,6,10,8
2025-09-02,CIN202509020,TOR,"Springer, George",sprig001,4,1,empty,empty,1,field_out,6,10,8
2025-09-02,CIN202509020,TOR,"Lukes, Nathan",luken001,4,2,empty,empty,1,field_out,6,10,8
2025-09-02,CIN202509020,TOR,"Guerrero, Vladimir",guerv002,4,0,empty,empty,1,field_out,7,10,8
2025-09-02,CIN202509020,TOR,"Bichette, Bo",bichb001,4,1,empty,empty,1,field_out,7,10,8
2025-09-02,CIN202509020,TOR,"Varsho, Daulton",varsd001,4,2,empty,empty,1,home_run,7,10,8
2025-09-02,CIN202509020,TOR,"Kirk, Alejandro",kirka001,4,2,empty,empty,1,strikeout,7,11,8
2025-09-02,CIN202509020,TOR,"Schneider, Davis",schnd001,4,0,empty,empty,1,strikeout,8,11,8
2025-09-02,CIN202509020,TOR,"France, Ty",frant002,1,1,empty,empty,1,double,8,11,8
2025-09-02,CIN202509020,TOR,"Kiner-Falefa, Isiah",kinei001,4,1,2B,2B,1,field_out,8,11,8
2025-09-02,CIN202509020,TOR,"Springer, George",sprig001,5,2,3B,3B,1,intent_walk,8,11,8
2025-09-02,CIN202509020,TOR,"Straw, Myles",stram002,1,2,1B+3B,1B+3B,1,field_out,8,11,8
2025-09-02,CIN202509020,TOR,"Guerrero, Vladimir",guerv002,5,0,empty,empty,1,single,9,11,9
2025-09-02,CIN202509020,TOR,"Bichette, Bo",bichb001,5,0,1B,2B,0,strikeout,9,11,9
2025-09-02,CIN202509020,TOR,"Varsho, Daulton",varsd001,5,1,2B,2B,1,field_out,9,11,9
2025-09-02,CIN202509020,TOR,"Kirk, Alejandro",kirka001,5,2,2B,3B,0,walk,9,11,9
2025-09-02,CIN202509020,TOR,"Barger, Addison",barga001,1,2,1B+3B,2B,0,field_out,9,12,9
2025-09-03,CIN202509030,TOR,"Springer, George",sprig001,1,0,empty,empty,1,strikeout,1,0,0
2025-09-03,CIN202509030,TOR,"Barger, Addison",barga001,1,1,empty,empty,1,strikeout,1,0,0
2025-09-03,CIN202509030,TOR,"Guerrero, Vladimir",guerv002,1,2,empty,empty,1,walk,1,0,0
2025-09-03,CIN202509030,TOR,"Bichette, Bo",bichb001,1,2,1B,1B,1,strikeout,1,0,0
2025-09-03,CIN202509030,TOR,"Varsho, Daulton",varsd001,1,0,empty,empty,1,strikeout,2,0,0
2025-09-03,CIN202509030,TOR,"Kirk, Alejandro",kirka001,1,1,empty,empty,1,field_out,2,0,0
2025-09-03,CIN202509030,TOR,"France, Ty",frant002,1,2,empty,empty,1,strikeout,2,0,0
2025-09-03,CIN202509030,TOR,"Gimenez, Andres",gimea001,1,0,empty,empty,1,single,3,0,5
2025-09-03,CIN202509030,TOR,"Clement, Ernie",cleme002,1,0,1B,1B,1,grounded_into_double_play,3,0,5
2025-09-03,CIN202509030,TOR,"Springer, George",sprig001,2,2,empty,empty,1,home_run,3,0,5
2025-09-03,CIN202509030,TOR,"Barger, Addison",barga001,2,2,empty,empty,1,field_out,3,1,5
2025-09-03,CIN202509030,TOR,"Guerrero, Vladimir",guerv002,2,0,empty,empty,1,field_out,4,1,5
2025-09-03,CIN202509030,TOR,"Bichette, Bo",bichb001,2,1,empty,empty,1,field_out,4,1,5
2025-09-03,CIN202509030,TOR,"Varsho, Daulton",varsd001,2,2,empty,empty,1,home_run,4,1,5
2025-09-03,CIN202509030,TOR,"Kirk, Alejandro",kirka001,2,2,empty,empty,1,home_run,4,2,5
2025-09-03,CIN202509030,TOR,"France, Ty",frant002,2,2,empty,empty,1,single,4,3,5
2025-09-03,CIN202509030,TOR,"Gimenez, Andres",gimea001,2,2,1B,1B,1,field_out,4,3,5
2025-09-03,CIN202509030,TOR,"Clement, Ernie",cleme002,2,0,empty,empty,1,strikeout,5,3,5
2025-09-03,CIN202509030,TOR,"Springer, George",sprig001,3,1,empty,empty,1,single,5,3,5
2025-09-03,CIN202509030,TOR,"Barger, Addison",barga001,3,1,1B,1B,1,home_run,5,3,5
2025-09-03,CIN202509030,TOR,"Guerrero, Vladimir",guerv002,3,1,empty,empty,1,home_run,5,5,5
2025-09-03,CIN202509030,TOR,"Bichette, Bo",bichb001,3,1,empty,empty,1,field_out,5,6,5
2025-09-03,CIN202509030,TOR,"Varsho, Daulton",varsd001,3,2,empty,empty,1,single,5,6,5
2025-09-03,CIN202509030,TOR,"Kirk, Alejandro",kirka001,3,2,1B,1B,1,strikeout,5,6,5
2025-09-03,CIN202509030,TOR,"France, Ty",frant002,3,0,empty,empty,1,single,6,6,5
2025-09-03,CIN202509030,TOR,"Gimenez, Andres",gimea001,3,0,1B,1B,1,single,6,6,5
2025-09-03,CIN202509030,TOR,"Clement, Ernie",cleme002,3,0,1B+2B,1B+2B,1,sac_bunt,6,6,5
2025-09-03,CIN202509030,TOR,"Springer, George",sprig001,4,1,2B+3B,2B+3B,1,intent_walk,6,6,5
2025-09-03,CIN202509030,TOR,"Barger, Addison",barga001,4,1,1B+2B+3B,1B+2B+3B,1,sac_fly,6,6,5
2025-09-03,CIN202509030,TOR,"Guerrero, Vladimir",guerv002,4,2,1B+3B,1B+3B,1,field_out,6,7,5
2025-09-03,CIN202509030,TOR,"Bichette, Bo",bichb001,4,0,empty,empty,1,field_out,7,7,5
2025-09-03,CIN202509030,TOR,"Varsho, Daulton",varsd001,4,1,empty,empty,1,single,7,7,5
2025-09-03,CIN202509030,TOR,"Kirk, Alejandro",kirka001,4,1,1B,1B,1,double,7,7,5
2025-09-03,CIN202509030,TOR,"France, Ty",frant002,4,1,2B+3B,2B+3B,1,sac_fly,7,7,5
2025-09-03,CIN202509030,TOR,"Gimenez, Andres",gimea001,4,2,3B,3B,1,field_out,7,8,5
2025-09-03,CIN202509030,TOR,"Clement, Ernie",cleme002,4,0,empty,empty,1,double,8,8,6
2025-09-03,CIN202509030,TOR,"Springer, George",sprig001,5,0,2B,2B,1,walk,8,8,6
2025-09-03,CIN202509030,TOR,"Barger, Addison",barga001,5,0,1B+2B,1B+2B,1,single,8,8,6
2025-09-03,CIN202509030,TOR,"Guerrero, Vladimir",guerv002,5,0,1B+3B,1B+3B,1,walk,8,9,6
2025-09-03,CIN202509030,TOR,"Bichette, Bo",bichb001,5,0,1B+2B+3B,1B+2B+3B,1,fielders_choice,8,9,6
2025-09-03,CIN202509030,TOR,"Varsho, Daulton",varsd001,5,0,1B+2B+3B,1B+2B+3B,1,sac_fly,8,10,6
2025-09-03,CIN202509030,TOR,"Kirk, Alejandro",kirka001,5,1,1B+2B,1B+2B,1,strikeout,8,11,6
2025-09-03,CIN202509030,TOR,"France, Ty",frant002,5,2,1B+2B,1B+2B,1,single,8,11,6
2025-09-03,CIN202509030,TOR,"Gimenez, Andres",gimea001,5,2,1B+3B,1B+3B,1,strikeout,8,12,6
2025-09-03,CIN202509030,TOR,"Clement, Ernie",cleme002,5,0,empty,empty,1,single,9,12,9
2025-09-03,CIN202509030,TOR,"Springer, George",sprig001,6,0,1B,1B,1,strikeout,9,12,9
2025-09-03,CIN202509030,TOR,"Straw, Myles",stram002,1,1,1B,2B,0,strikeout,9,12,9
2025-09-03,CIN202509030,TOR,"Guerrero, Vladimir",guerv002,6,2,2B,2B,1,double,9,12,9
2025-09-03,CIN202509030,TOR,"Bichette, Bo",bichb001,6,2,2B,2B,1,walk,9,13,9
2025-09-03,CIN202509030,TOR,"Varsho, Daulton",varsd001,6,2,1B+2B,1B+2B,1,field_out,9,13,9
2025-09-05,NYA202509050,TOR,"Springer, George",sprig001,1,0,empty,empty,1,strikeout,1,0,0
2025-09-05,NYA202509050,TOR,"Barger, Addison",barga001,1,1,empty,empty,1,strikeout,1,0,0
2025-09-05,NYA202509050,TOR,"Guerrero, Vladimir",guerv002,1,2,empty,empty,1,single,1,0,0
2025-09-05,NYA202509050,TOR,"Bichette, Bo",bichb001,1,2,1B,1B,1,double,1,0,0
2025-09-05,NYA202509050,TOR,"Varsho, Daulton",varsd001,1,2,2B,2B,1,single,1,1,0
2025-09-05,NYA202509050,TOR,"Kirk, Alejandro",kirka001,1,2,1B+3B,2B+3B,0,walk,1,1,0
2025-09-05,NYA202509050,TOR,"Lukes, Nathan",luken001,1,2,1B+2B+3B,1B+2B+3B,1,single,1,1,0
2025-09-05,NYA202509050,TOR,"Clement, Ernie",cleme002,1,2,1B+2B,1B+2B,1,field_out,1,3,0
2025-09-05,NYA202509050,TOR,"Gimenez, Andres",gimea001,1,0,empty,empty,1,field_out,2,3,0
2025-09-05,NYA202509050,TOR,"Springer, George",sprig001,2,1,empty,empty,1,hit_by_pitch,2,3,0
2025-09-05,NYA202509050,TOR,"Barger, Addison",barga001,2,1,1B,1B,1,walk,2,3,0
2025-09-05,NYA202509050,TOR,"Guerrero, Vladimir",guerv002,2,1,1B+2B,1B+2B,1,single,2,3,0
2025-09-05,NYA202509050,TOR,"Bichette, Bo",bichb001,2,1,1B+2B+3B,1B+2B+3B,1,sac_fly,2,3,0
2025-09-05,NYA202509050,TOR,"Varsho, Daulton",varsd001,2,2,1B+3B,1B+3B,1,strikeout,2,4,0
2025-09-05,NYA202509050,TOR,"Kirk, Alejandro",kirka001,2,0,empty,empty,1,field_out,3,4,1
2025-09-05,NYA202509050,TOR,"Lukes, Nathan",luken001,2,1,empty,empty,1,field_out,3,4,1
2025-09-05,NYA202509050,TOR,"Clement, Ernie",cleme002,2,2,empty,empty,1,field_out,3,4,1
2025-09-05,NYA202509050,TOR,"Gimenez, Andres",gimea001,2,0,empty,empty,1,field_out,4,4,1
2025-09-05,NYA202509050,TOR,"Springer, George",sprig001,3,1,empty,empty,1,strikeout,4,4,1
2025-09-05,NYA202509050,TOR,"Barger, Addison",barga001,3,2,empty,empty,1,field_out,4,4,1
2025-09-05,NYA202509050,TOR,"Guerrero, Vladimir",guerv002,3,0,empty,empty,1,home_run,5,4,1
2025-09-05,NYA202509050,TOR,"Bichette, Bo",bichb001,3,0,empty,empty,1,single,5,5,1
2025-09-05,NYA202509050,TOR,"Varsho, Daulton",varsd001,3,0,1B,1B,1,field_out,5,5,1
2025-09-05,NYA202509050,TOR,"Kirk, Alejandro",kirka001,3,1,1B,1B,1,strikeout,5,5,1
2025-09-05,NYA202509050,TOR,"Lukes, Nathan",luken001,3,2,1B,1B,1,field_out,5,5,1
2025-09-05,NYA202509050,TOR,"Clement, Ernie",cleme002,3,0,empty,empty,1,field_out,6,5,1
2025-09-05,NYA202509050,TOR,"Gimenez, Andres",gimea001,3,1,empty,empty,1,field_out,6,5,1
2025-09-05,NYA202509050,TOR,"Springer, George",sprig001,4,2,empty,empty,1,field_out,6,5,1
2025-09-05,NYA202509050,TOR,"Barger, Addison",barga001,4,0,empty,empty,1,field_out,7,5,1
2025-09-05,NYA202509050,TOR,"Guerrero, Vladimir",guerv002,4,1,empty,empty,1,field_out,7,5,1
2025-09-05,NYA202509050,TOR,"Bichette, Bo",bichb001,4,2,empty,empty,1,single,7,5,1
2025-09-05,NYA202509050,TOR,"Varsho, Daulton",varsd001,4,2,1B,1B,1,field_out,7,5,1
2025-09-05,NYA202509050,TOR,"Kirk, Alejandro",kirka001,4,0,empty,empty,1,walk,8,5,1
2025-09-05,NYA202509050,TOR,"Lukes, Nathan",luken001,4,0,1B,2B,0,strikeout,8,5,1
2025-09-05,NYA202509050,TOR,"Clement, Ernie",cleme002,4,1,2B,2B,1,double,8,5,1
2025-09-05,NYA202509050,TOR,"Gimenez, Andres",gimea001,4,2,empty,empty,1,strikeout,8,6,1
2025-09-05,NYA202509050,TOR,"Springer, George",sprig001,5,0,empty,empty,1,field_out,9,6,1
2025-09-05,NYA202509050,TOR,"Barger, Addison",barga001,5,1,empty,empty,1,field_out,9,6,1
2025-09-05,NYA202509050,TOR,"Guerrero, Vladimir",guerv002,5,2,empty,empty,1,single,9,6,1
2025-09-05,NYA202509050,TOR,"Bichette, Bo",bichb001,5,2,1B,2B,0,walk,9,6,1
2025-09-05,NYA202509050,TOR,"Varsho, Daulton",varsd001,5,2,1B+2B,1B+2B,1,double,9,6,1
2025-09-05,NYA202509050,TOR,"Kirk, Alejandro",kirka001,5,2,2B+3B,2B+3B,1,field_out,9,7,1
2025-09-06,NYA202509060,TOR,"Springer, George",sprig001,1,0,empty,empty,1,field_out,1,0,0
2025-09-06,NYA202509060,TOR,"Barger, Addison",barga001,1,1,empty,empty,1,field_out,1,0,0
2025-09-06,NYA202509060,TOR,"Guerrero, Vladimir",guerv002,1,2,empty,empty,1,double,1,0,0
2025-09-06,NYA202509060,TOR,"Bichette, Bo",bichb001,1,2,2B,2B,1,field_out,1,0,0
2025-09-06,NYA202509060,TOR,"Varsho, Daulton",varsd001,1,0,empty,empty,1,field_out,2,0,0
2025-09-06,NYA202509060,TOR,"Lukes, Nathan",luken001,1,1,empty,empty,1,walk,2,0,0
2025-09-06,NYA202509060,TOR,"Kiner-Falefa, Isiah",kinei001,1,1,1B,1B,1,field_out,2,0,0
2025-09-06,NYA202509060,TOR,"Gimenez, Andres",gimea001,1,2,1B,2B,0,strikeout,2,0,0
2025-09-06,NYA202509060,TOR,"Heineman, Tyler",heint001,1,0,empty,empty,1,field_out,3,0,2
2025-09-06,NYA202509060,TOR,"Springer, George",sprig001,2,1,empty,empty,1,field_out,3,0,2
2025-09-06,NYA202509060,TOR,"Barger, Addison",barga001,2,2,empty,empty,1,walk,3,0,2
2025-09-06,NYA202509060,TOR,"Guerrero, Vladimir",guerv002,2,2,1B,1B,1,field_out,3,0,2
2025-09-06,NYA202509060,TOR,"Bichette, Bo",bichb001,2,0,empty,empty,1,walk,4,0,2
2025-09-06,NYA202509060,TOR,"Varsho, Daulton",varsd001,2,0,1B,1B,1,walk,4,0,2
2025-09-06,NYA202509060,TOR,"Lukes, Nathan",luken001,2,0,1B+2B,1B+2B,1,field_out,4,0,2
2025-09-06,NYA202509060,TOR,"Kiner-Falefa, Isiah",kinei001,2,1,1B+3B,1B+3B,1,field_out,4,0,2
2025-09-06,NYA202509060,TOR,"Gimenez, Andres",gimea001,2,2,1B,1B,1,field_out,4,1,2
2025-09-06,NYA202509060,TOR,"Heineman, Tyler",heint001,2,0,empty,empty,1,field_out,5,1,2
2025-09-06,NYA202509060,TOR,"Springer, George",sprig001,3,1,empty,empty,1,field_out,5,1,2
2025-09-06,NYA202509060,TOR,"Barger, Addison",barga001,3,2,empty,empty,1,field_out,5,1,2
2025-09-06,NYA202509060,TOR,"Guerrero, Vladimir",guerv002,3,0,empty,empty,1,field_out,6,1,2
2025-09-06,NYA202509060,TOR,"Bichette, Bo",bichb001,3,1,empty,empty,1,double,6,1,2
2025-09-06,NYA202509060,TOR,"Varsho, Daulton",varsd001,3,1,2B,2B,1,field_out,6,1,2
2025-09-06,NYA202509060,TOR,"Lukes, Nathan",luken001,3,2,2B,2B,1,single,6,1,2
2025-09-06,NYA202509060,TOR,"Kiner-Falefa, Isiah",kinei001,3,0,empty,empty,1,double,7,1,3
2025-09-06,NYA202509060,TOR,"Gimenez, Andres",gimea001,3,0,2B,2B,1,field_out,7,1,3
2025-09-06,NYA202509060,TOR,"Heineman, Tyler",heint001,3,1,2B,2B,1,field_out,7,1,3
2025-09-06,NYA202509060,TOR,"Springer, George",sprig001,4,2,2B,2B,1,walk,7,1,3
2025-09-06,NYA202509060,TOR,"Barger, Addison",barga001,4,2,1B+2B,1B+2B,1,field_out,7,1,3
2025-09-06,NYA202509060,TOR,"Guerrero, Vladimir",guerv002,4,0,empty,empty,1,single,8,1,3
2025-09-06,NYA202509060,TOR,"Bichette, Bo",bichb001,4,0,1B,1B,1,strikeout,8,1,3
2025-09-06,NYA202509060,TOR,"Varsho, Daulton",varsd001,4,1,1B,1B,1,field_out,8,1,3
2025-09-06,NYA202509060,TOR,"Lukes, Nathan",luken001,4,2,1B,2B,0,strikeout,8,1,3
2025-09-06,NYA202509060,TOR,"Kiner-Falefa, Isiah",kinei001,4,0,empty,empty,1,strikeout,9,1,3
2025-09-06,NYA202509060,TOR,"Gimenez, Andres",gimea001,4,1,empty,empty,1,field_out,9,1,3
2025-09-06,NYA202509060,TOR,"Kirk, Alejandro",kirka001,1,2,empty,empty,1,strikeout,9,1,3
2025-09-07,NYA202509070,TOR,"Springer, George",sprig001,1,0,empty,empty,1,field_out,1,0,0
2025-09-07,NYA202509070,TOR,"Schneider, Davis",schnd001,1,1,empty,empty,1,strikeout,1,0,0
2025-09-07,NYA202509070,TOR,"Guerrero, Vladimir",guerv002,1,2,empty,empty,1,field_out,1,0,0
2025-09-07,NYA202509070,TOR,"Kirk, Alejandro",kirka001,1,0,empty,empty,1,walk,2,0,3
2025-09-07,NYA202509070,TOR,"Clement, Ernie",cleme002,1,0,1B,1B,1,double,2,0,3
2025-09-07,NYA202509070,TOR,"France, Ty",frant002,1,0,2B+3B,2B+3B,1,field_out,2,0,3
2025-09-07,NYA202509070,TOR,"Kiner-Falefa, Isiah",kinei001,1,1,2B+3B,2B+3B,1,single,2,0,3
2025-09-07,NYA202509070,TOR,"Lukes, Nathan",luken001,1,1,1B+3B,1B+3B,1,sac_fly,2,1,3
2025-09-07,NYA202509070,TOR,"Straw, Myles",stram002,1,2,1B,1B,1,field_out,2,2,3
2025-09-07,NYA202509070,TOR,"Springer, George",sprig001,2,0,empty,empty,1,double,3,2,3
2025-09-07,NYA202509070,TOR,"Schneider, Davis",schnd001,2,0,2B,2B,1,field_error,3,2,3
2025-09-07,NYA202509070,TOR,"Guerrero, Vladimir",guerv002,2,0,1B+2B,1B+2B,1,double,3,2,3
2025-09-07,NYA202509070,TOR,"Kirk, Alejandro",kirka001,2,0,2B+3B,2B+3B,1,field_out,3,3,3
2025-09-07,NYA202509070,TOR,"Clement, Ernie",cleme002,2,1,2B+3B,2B+3B,1,field_out,3,3,3
2025-09-07,NYA202509070,TOR,"France, Ty",frant002,2,2,2B+3B,2B+3B,1,field_out,3,3,3
2025-09-07,NYA202509070,TOR,"Kiner-Falefa, Isiah",kinei001,2,0,empty,empty,1,field_out,4,3,4
2025-09-07,NYA202509070,TOR,"Lukes, Nathan",luken001,2,1,empty,empty,1,single,4,3,4
2025-09-07,NYA202509070,TOR,"Straw, Myles",stram002,2,1,2B,2B,1,strikeout,4,3,4
2025-09-07,NYA202509070,TOR,"Springer, George",sprig001,3,2,2B,2B,1,field_out,4,3,4
2025-09-07,NYA202509070,TOR,"Schneider, Davis",schnd001,3,0,empty,empty,1,field_out,5,3,4
2025-09-07,NYA202509070,TOR,"Guerrero, Vladimir",guerv002,3,1,empty,empty,1,single,5,3,4
2025-09-07,NYA202509070,TOR,"Kirk, Alejandro",kirka001,3,1,1B,1B,1,grounded_into_double_play,5,3,4
2025-09-07,NYA202509070,TOR,"Clement, Ernie",cleme002,3,0,empty,empty,1,field_out,6,3,4
2025-09-07,NYA202509070,TOR,"France, Ty",frant002,3,1,empty,empty,1,field_out,6,3,4
2025-09-07,NYA202509070,TOR,"Kiner-Falefa, Isiah",kinei001,3,2,empty,empty,1,strikeout,6,3,4
2025-09-07,NYA202509070,TOR,"Lukes, Nathan",luken001,3,0,empty,empty,1,strikeout,7,3,4
2025-09-07,NYA202509070,TOR,"Straw, Myles",stram002,3,1,empty,empty,1,field_out,7,3,4
2025-09-07,NYA202509070,TOR,"Springer, George",sprig001,4,2,empty,empty,1,field_out,7,3,4
2025-09-07,NYA202509070,TOR,"Barger, Addison",barga001,1,0,empty,empty,1,single,8,3,4
2025-09-07,NYA202509070,TOR,"Guerrero, Vladimir",guerv002,4,0,1B,2B,0,strikeout,8,3,4
2025-09-07,NYA202509070,TOR,"Kirk, Alejandro",kirka001,4,1,2B,2B,1,field_out,8,3,4
2025-09-07,NYA202509070,TOR,"Clement, Ernie",cleme002,4,2,2B,2B,1,walk,8,3,4
2025-09-07,NYA202509070,TOR,"France, Ty",frant002,4,2,1B+2B,1B+2B,1,field_out,8,3,4
2025-09-07,NYA202509070,TOR,"Varsho, Daulton",varsd001,1,0,empty,empty,1,field_out,9,3,4
2025-09-07,NYA202509070,TOR,"Lukes, Nathan",luken001,4,1,empty,empty,1,single,9,3,4
2025-09-07,NYA202509070,TOR,"Straw, Myles",stram002,4,2,1B,empty,0,field_out,9,3,4
2025-09-09,TOR202509090,TOR,"Springer, George",sprig001,1,0,empty,empty,1,field_out,1,0,2
2025-09-09,TOR202509090,TOR,"Lukes, Nathan",luken001,1,1,empty,empty,1,field_out,1,0,2
2025-09-09,TOR202509090,TOR,"Guerrero, Vladimir",guerv002,1,2,empty,empty,1,field_out,1,0,2
2025-09-09,TOR202509090,TOR,"Varsho, Daulton",varsd001,1,0,empty,empty,1,field_out,2,0,2
2025-09-09,TOR202509090,TOR,"Kirk, Alejandro",kirka001,1,1,empty,empty,1,strikeout,2,0,2
2025-09-09,TOR202509090,TOR,"Barger, Addison",barga001,1,2,empty,empty,1,hit_by_pitch,2,0,2
2025-09-09,TOR202509090,TOR,"Clement, Ernie",cleme002,1,2,1B,1B,1,walk,2,0,2
2025-09-09,TOR202509090,TOR,"Loperfido, Joey",lopej008,1,2,1B+2B,1B+2B,1,field_out,2,0,2
2025-09-09,TOR202509090,TOR,"Gimenez, Andres",gimea001,1,0,empty,empty,1,field_out,3,0,2
2025-09-09,TOR202509090,TOR,"Springer, George",sprig001,2,1,empty,empty,1,field_out,3,0,2
2025-09-09,TOR202509090,TOR,"Lukes, Nathan",luken001,2,2,empty,empty,1,strikeout,3,0,2
2025-09-09,TOR202509090,TOR,"Guerrero, Vladimir",guerv002,2,0,empty,empty,1,strikeout,4,0,2
2025-09-09,TOR202509090,TOR,"Varsho, Daulton",varsd001,2,1,empty,empty,1,strikeout,4,0,2
2025-09-09,TOR202509090,TOR,"Kirk, Alejandro",kirka001,2,2,empty,empty,1,field_out,4,0,2
2025-09-09,TOR202509090,TOR,"Barger, Addison",barga001,2,0,empty,empty,1,walk,5,0,2
2025-09-09,TOR202509090,TOR,"Clement, Ernie",cleme002,2,0,1B,1B,1,field_out,5,0,2
2025-09-09,TOR202509090,TOR,"Loperfido, Joey",lopej008,2,1,1B,1B,1,strikeout,5,0,2
2025-09-09,TOR202509090,TOR,"Gimenez, Andres",gimea001,2,2,1B,1B,1,field_out,5,0,2
2025-09-09,TOR202509090,TOR,"Springer, George",sprig001,3,0,empty,empty,1,home_run,6,0,3
2025-09-09,TOR202509090,TOR,"Lukes, Nathan",luken001,3,0,empty,empty,1,field_out,6,1,3
2025-09-09,TOR202509090,TOR,"Guerrero, Vladimir",guerv002,3,1,empty,empty,1,single,6,1,3
2025-09-09,TOR202509090,TOR,"Varsho, Daulton",varsd001,3,1,1B,1B,1,strikeout,6,1,3
2025-09-09,TOR202509090,TOR,"Kirk, Alejandro",kirka001,3,2,1B,1B,1,field_out,6,1,3
2025-09-09,TOR202509090,TOR,"Barger, Addison",barga001,3,0,empty,empty,1,double,7,1,3
2025-09-09,TOR202509090,TOR,"Clement, Ernie",cleme002,3,0,2B,2B,1,field_out,7,1,3
2025-09-09,TOR202509090,TOR,"France, Ty",frant002,1,1,2B,2B,1,field_out,7,1,3
2025-09-09,TOR202509090,TOR,"Kiner-Falefa, Isiah",kinei001,1,2,2B,2B,1,strikeout,7,1,3
2025-09-09,TOR202509090,TOR,"Springer, George",sprig001,4,0,empty,empty,1,field_out,8,1,3
2025-09-09,TOR202509090,TOR,"Straw, Myles",stram002,1,1,empty,empty,1,field_out,8,1,3
2025-09-09,TOR202509090,TOR,"Guerrero, Vladimir",guerv002,4,2,empty,empty,1,single,8,1,3
2025-09-09,TOR202509090,TOR,"Varsho, Daulton",varsd001,4,2,1B,1B,1,field_out,8,1,3
2025-09-09,TOR202509090,TOR,"Kirk, Alejandro",kirka001,4,0,empty,empty,1,walk,9,1,3
2025-09-09,TOR202509090,TOR,"Barger, Addison",barga001,4,0,1B,1B,1,strikeout,9,1,3
2025-09-09,TOR202509090,TOR,"Clement, Ernie",cleme002,4,1,1B,1B,1,single,9,1,3
2025-09-09,TOR202509090,TOR,"Schneider, Davis",schnd001,1,1,1B+2B,1B+2B,1,walk,9,1,3
2025-09-09,TOR202509090,TOR,"Kiner-Falefa, Isiah",kinei001,2,1,1B+2B+3B,1B+2B+3B,1,single,9,1,3
2025-09-09,TOR202509090,TOR,"Springer, George",sprig001,5,1,2B+3B,2B+3B,1,strikeout,9,3,3
2025-09-09,TOR202509090,TOR,"Straw, Myles",stram002,2,2,2B+3B,2B+3B,1,field_out,9,3,3
2025-09-09,TOR202509090,TOR,"Guerrero, Vladimir",guerv002,5,0,2B,2B,1,single,10,3,3
2025-09-09,TOR202509090,TOR,"Varsho, Daulton",varsd001,5,0,1B+3B,1B+3B,1,strikeout,10,3,3
2025-09-09,TOR202509090,TOR,"Heineman, Tyler",heint001,1,1,1B+3B,1B+3B,1,single,10,3,3
2025-09-10,TOR202509100,TOR,"Springer, George",sprig001,1,0,empty,empty,1,field_out,1,0,0
2025-09-10,TOR202509100,TOR,"Lukes, Nathan",luken001,1,1,empty,empty,1,field_out,1,0,0
2025-09-10,TOR202509100,TOR,"Guerrero, Vladimir",guerv002,1,2,empty,empty,1,strikeout,1,0,0
2025-09-10,TOR202509100,TOR,"Varsho, Daulton",varsd001,1,0,empty,empty,1,field_out,2,0,1
2025-09-10,TOR202509100,TOR,"Kirk, Alejandro",kirka001,1,1,empty,empty,1,field_out,2,0,1
2025-09-10,TOR202509100,TOR,"Barger, Addison",barga001,1,2,empty,empty,1,walk,2,0,1
2025-09-10,TOR202509100,TOR,"Clement, Ernie",cleme002,1,2,1B,1B,1,double,2,0,1
2025-09-10,TOR202509100,TOR,"Loperfido, Joey",lopej008,1,2,2B+3B,2B+3B,1,field_out,2,0,1
2025-09-10,TOR202509100,TOR,"Gimenez, Andres",gimea001,1,0,empty,empty,1,strikeout,3,0,1
2025-09-10,TOR202509100,TOR,"Springer, George",sprig001,2,1,empty,empty,1,field_out,3,0,1
2025-09-10,TOR202509100,TOR,"Lukes, Nathan",luken001,2,2,empty,empty,1,field_out,3,0,1
2025-09-10,TOR202509100,TOR,"Guerrero, Vladimir",guerv002,2,0,empty,empty,1,field_out,4,0,1
2025-09-10,TOR202509100,TOR,"Varsho, Daulton",varsd001,2,1,empty,empty,1,field_out,4,0,1
2025-09-10,TOR202509100,TOR,"Kirk, Alejandro",kirka001,2,2,empty,empty,1,field_out,4,0,1
2025-09-10,TOR202509100,TOR,"Barger, Addison",barga001,2,0,empty,empty,1,field_out,5,0,1
2025-09-10,TOR202509100,TOR,"Clement, Ernie",cleme002,2,1,empty,empty,1,single,5,0,1
2025-09-10,TOR202509100,TOR,"Loperfido, Joey",lopej008,2,1,1B,1B,1,strikeout_double_play,5,0,1
2025-09-10,TOR202509100,TOR,"Gimenez, Andres",gimea001,2,0,empty,empty,1,single,6,0,2
2025-09-10,TOR202509100,TOR,"Springer, George",sprig001,3,0,1B,1B,1,grounded_into_double_play,6,0,2
2025-09-10,TOR202509100,TOR,"Lukes, Nathan",luken001,3,2,empty,empty,1,field_out,6,0,2
2025-09-10,TOR202509100,TOR,"Guerrero, Vladimir",guerv002,3,0,empty,empty,1,field_out,7,0,2
2025-09-10,TOR202509100,TOR,"Varsho, Daulton",varsd001,3,1,empty,empty,1,field_out,7,0,2
2025-09-10,TOR202509100,TOR,"Kirk, Alejandro",kirka001,3,2,empty,empty,1,field_out,7,0,2
2025-09-10,TOR202509100,TOR,"Kiner-Falefa, Isiah",kinei001,1,0,empty,empty,1,single,8,0,2
2025-09-10,TOR202509100,TOR,"Clement, Ernie",cleme002,3,0,1B,1B,1,strikeout,8,0,2
2025-09-10,TOR202509100,TOR,"France, Ty",frant002,1,1,1B,1B,1,single,8,0,2
2025-09-10,TOR202509100,TOR,"Gimenez, Andres",gimea001,3,1,1B+2B,1B+2B,1,single,8,0,2
2025-09-10,TOR202509100,TOR,"Springer, George",sprig001,4,1,1B+3B,1B+3B,1,strikeout,8,1,2
2025-09-10,TOR202509100,TOR,"Lukes, Nathan",luken001,4,2,1B+3B,1B+3B,1,single,8,1,2
2025-09-10,TOR202509100,TOR,"Guerrero, Vladimir",guerv002,4,2,1B+3B,1B+3B,1,field_out,8,2,2
2025-09-10,TOR202509100,TOR,"Varsho, Daulton",varsd001,4,0,empty,empty,1,field_out,9,2,3
2025-09-10,TOR202509100,TOR,"Kirk, Alejandro",kirka001,4,1,empty,empty,1,field_out,9,2,3
2025-09-10,TOR202509100,TOR,"Kiner-Falefa, Isiah",kinei001,2,2,empty,empty,1,strikeout,9,2,3
2025-09-11,TOR202509110,TOR,"Springer, George",sprig001,1,0,empty,empty,1,single,1,0,0
2025-09-11,TOR202509110,TOR,"Lukes, Nathan",luken001,1,0,1B,1B,1,double,1,0,0
2025-09-11,TOR202509110,TOR,"Guerrero, Vladimir",guerv002,1,0,2B,2B,1,field_out,1,1,0
2025-09-11,TOR202509110,TOR,"Barger, Addison",barga001,1,1,3B,3B,1,double,1,1,0
2025-09-11,TOR202509110,TOR,"Clement, Ernie",cleme002,1,1,2B,2B,1,field_out,1,2,0
2025-09-11,TOR202509110,TOR,"Varsho, Daulton",varsd001,1,2,2B,2B,1,field_out,1,2,0
2025-09-11,TOR202509110,TOR,"Schneider, Davis",schnd001,1,0,empty,empty,1,home_run,2,2,0
2025-09-11,TOR202509110,TOR,"Heineman, Tyler",heint001,1,0,empty,empty,1,strikeout,2,3,0
2025-09-11,TOR202509110,TOR,"Gimenez, Andres",gimea001,1,1,empty,empty,1,walk,2,3,0
2025-09-11,TOR202509110,TOR,"Springer, George",sprig001,2,2,1B,empty,0,field_out,2,3,0
2025-09-11,TOR202509110,TOR,"Lukes, Nathan",luken001,2,0,empty,empty,1,field_out,3,3,0
2025-09-11,TOR202509110,TOR,"Guerrero, Vladimir",guerv002,2,1,empty,empty,1,single,3,3,0
2025-09-11,TOR202509110,TOR,"Barger, Addison",barga001,2,1,1B,1B,1,strikeout,3,3,0
2025-09-11,TOR202509110,TOR,"Clement, Ernie",cleme002,2,2,1B,1B,1,field_out,3,3,0
2025-09-11,TOR202509110,TOR,"Varsho, Daulton",varsd001,2,0,empty,empty,1,triple,4,3,0
2025-09-11,TOR202509110,TOR,"Schneider, Davis",schnd001,2,0,3B,3B,1,sac_fly,4,3,0
2025-09-11,TOR202509110,TOR,"Heineman, Tyler",heint001,2,1,empty,empty,1,field_out,4,4,0
2025-09-11,TOR202509110,TOR,"Gimenez, Andres",gimea001,2,2,empty,empty,1,field_out,4,4,0
2025-09-11,TOR202509110,TOR,"Springer, George",sprig001,3,0,empty,empty,1,strikeout,5,4,0
2025-09-11,TOR202509110,TOR,"Lukes, Nathan",luken001,3,1,empty,empty,1,strikeout,5,4,0
2025-09-11,TOR202509110,TOR,"Guerrero, Vladimir",guerv002,3,2,empty,empty,1,field_out,5,4,0
2025-09-11,TOR202509110,TOR,"Barger, Addison",barga001,3,0,empty,empty,1,field_out,6,4,0
2025-09-11,TOR202509110,TOR,"Clement, Ernie",cleme002,3,1,empty,empty,1,strikeout,6,4,0
2025-09-11,TOR202509110,TOR,"Varsho, Daulton",varsd001,3,2,empty,empty,1,strikeout,6,4,0
2025-09-11,TOR202509110,TOR,"Schneider, Davis",schnd001,3,0,empty,empty,1,field_out,7,4,0
2025-09-11,TOR202509110,TOR,"Heineman, Tyler",heint001,3,1,empty,empty,1,field_out,7,4,0
2025-09-11,TOR202509110,TOR,"Gimenez, Andres",gimea001,3,2,empty,empty,1,field_out,7,4,0
2025-09-11,TOR202509110,TOR,"Springer, George",sprig001,4,0,empty,empty,1,walk,8,4,0
2025-09-11,TOR202509110,TOR,"Lukes, Nathan",luken001,4,0,1B,1B,1,single,8,4,0
2025-09-11,TOR202509110,TOR,"Guerrero, Vladimir",guerv002,4,0,1B+2B,1B+2B,1,field_out,8,4,0
2025-09-11,TOR202509110,TOR,"Barger, Addison",barga001,4,1,1B+3B,1B+3B,1,field_error,8,4,0
2025-09-11,TOR202509110,TOR,"Clement, Ernie",cleme002,4,1,1B+2B,1B+2B,1,field_out,8,5,0
2025-09-11,TOR202509110,TOR,"Varsho, Daulton",varsd001,4,2,1B+2B,1B+2B,1,single,8,5,0
2025-09-11,TOR202509110,TOR,"Schneider, Davis",schnd001,4,2,1B+2B,1B+2B,1,field_out,8,6,0
2025-09-12,TOR202509120,TOR,"Springer, George",sprig001,1,0,empty,empty,1,strikeout,1,0,0
2025-09-12,TOR202509120,TOR,"Schneider, Davis",schnd001,1,1,empty,empty,1,strikeout,1,0,0
2025-09-12,TOR202509120,TOR,"Guerrero, Vladimir",guerv002,1,2,empty,empty,1,single,1,0,0
2025-09-12,TOR202509120,TOR,"Kirk, Alejandro",kirka001,1,2,1B,1B,1,field_out,1,0,0
2025-09-12,TOR202509120,TOR,"Clement, Ernie",cleme002,1,0,empty,empty,1,field_out,2,0,0
2025-09-12,TOR202509120,TOR,"France, Ty",frant002,1,1,empty,empty,1,field_out,2,0,0
2025-09-12,TOR202509120,TOR,"Kiner-Falefa, Isiah",kinei001,1,2,empty,empty,1,field_out,2,0,0
2025-09-12,TOR202509120,TOR,"Straw, Myles",stram002,1,0,empty,empty,1,walk,3,0,1
2025-09-12,TOR202509120,TOR,"Gimenez, Andres",gimea001,1,0,1B,1B,1,strikeout,3,0,1
2025-09-12,TOR202509120,TOR,"Springer, George",sprig001,2,1,1B,2B,0,walk,3,0,1
2025-09-12,TOR202509120,TOR,"Schneider, Davis",schnd001,2,1,1B+2B,1B+2B,1,field_out,3,0,1
2025-09-12,TOR202509120,TOR,"Guerrero, Vladimir",guerv002,2,2,2B+3B,2B+3B,1,walk,3,0,1
2025-09-12,TOR202509120,TOR,"Kirk, Alejandro",kirka001,2,2,1B+2B+3B,1B+2B+3B,1,field_out,3,0,1
2025-09-12,TOR202509120,TOR,"Clement, Ernie",cleme002,2,0,empty,empty,1,field_out,4,0,1
2025-09-12,TOR202509120,TOR,"France, Ty",frant002,2,1,empty,empty,1,strikeout,4,0,1
2025-09-12,TOR202509120,TOR,"Kiner-Falefa, Isiah",kinei001,2,2,empty,empty,1,single,4,0,1
2025-09-12,TOR202509120,TOR,"Straw, Myles",stram002,2,2,1B,1B,1,strikeout,4,0,1
2025-09-12,TOR202509120,TOR,"Gimenez, Andres",gimea001,2,0,empty,empty,1,field_out,5,0,1
2025-09-12,TOR202509120,TOR,"Springer, George",sprig001,3,1,empty,empty,1,strikeout,5,0,1
2025-09-12,TOR202509120,TOR,"Schneider, Davis",schnd001,3,2,empty,empty,1,walk,5,0,1
2025-09-12,TOR202509120,TOR,"Guerrero, Vladimir",guerv002,3,2,1B,1B,1,single,5,0,1
2025-09-12,TOR202509120,TOR,"Kirk, Alejandro",kirka001,3,2,2B,2B,1,field_out,5,1,1
2025-09-12,TOR202509120,TOR,"Clement, Ernie",cleme002,3,0,empty,empty,1,field_out,6,1,1
2025-09-12,TOR202509120,TOR,"France, Ty",frant002,3,1,empty,empty,1,field_out,6,1,1
2025-09-12,TOR202509120,TOR,"Kiner-Falefa, Isiah",kinei001,3,2,empty,empty,1,single,6,1,1
2025-09-12,TOR202509120,TOR,"Straw, Myles",stram002,3,2,2B,2B,1,double,6,1,1
2025-09-12,TOR202509120,TOR,"Gimenez, Andres",gimea001,3,2,2B,2B,1,field_out,6,2,1
2025-09-12,TOR202509120,TOR,"Springer, George",sprig001,4,0,empty,empty,1,single,7,2,1
2025-09-12,TOR202509120,TOR,"Schneider, Davis",schnd001,4,0,1B,1B,1,field_out,7,2,1
2025-09-12,TOR202509120,TOR,"Guerrero, Vladimir",guerv002,4,1,2B,2B,1,intent_walk,7,2,1
2025-09-12,TOR202509120,TOR,"Kirk, Alejandro",kirka001,4,1,1B+2B,1B+2B,1,strikeout,7,2,1
2025-09-12,TOR202509120,TOR,"Clement, Ernie",cleme002,4,2,1B+2B,1B+2B,1,single,7,2,1
2025-09-12,TOR202509120,TOR,"France, Ty",frant002,4,2,1B+2B,1B+2B,1,field_out,7,3,1
2025-09-12,TOR202509120,TOR,"Kiner-Falefa, Isiah",kinei001,4,0,empty,empty,1,field_out,8,3,1
2025-09-12,TOR202509120,TOR,"Straw, Myles",stram002,4,1,empty,empty,1,single,8,3,1
2025-09-12,TOR202509120,TOR,"Gimenez, Andres",gimea001,4,1,1B,1B,1,field_out,8,3,1
2025-09-12,TOR202509120,TOR,"Springer, George",sprig001,5,2,1B,1B,1,walk,8,3,1
2025-09-12,TOR202509120,TOR,"Varsho, Daulton",varsd001,1,2,1B+2B,1B+2B,1,double,8,3,1
2025-09-12,TOR202509120,TOR,"Guerrero, Vladimir",guerv002,5,2,2B,2B,1,single,8,5,1
2025-09-13,TOR202509130,TOR,"Springer, George",sprig001,1,0,empty,empty,1,field_out,1,0,2
2025-09-13,TOR202509130,TOR,"Lukes, Nathan",luken001,1,1,empty,empty,1,field_out,1,0,2
2025-09-13,TOR202509130,TOR,"Guerrero, Vladimir",guerv002,1,2,empty,empty,1,field_out,1,0,2
2025-09-13,TOR202509130,TOR,"Barger, Addison",barga001,1,0,empty,empty,1,strikeout,2,0,2
2025-09-13,TOR202509130,TOR,"Schneider, Davis",schnd001,1,1,empty,empty,1,strikeout,2,0,2
2025-09-13,TOR202509130,TOR,"Varsho, Daulton",varsd001,1,2,empty,empty,1,strikeout,2,0,2
2025-09-13,TOR202509130,TOR,"Clement, Ernie",cleme002,1,0,empty,empty,1,field_out,3,0,2
2025-09-13,TOR202509130,TOR,"Heineman, Tyler",heint001,1,1,empty,empty,1,single,3,0,2
2025-09-13,TOR202509130,TOR,"Gimenez, Andres",gimea001,1,1,1B,1B,1,grounded_into_double_play,3,0,2
2025-09-13,TOR202509130,TOR,"Springer, George",sprig001,2,0,empty,empty,1,field_out,4,0,2
2025-09-13,TOR202509130,TOR,"Lukes, Nathan",luken001,2,1,empty,empty,1,field_out,4,0,2
2025-09-13,TOR202509130,TOR,"Guerrero, Vladimir",guerv002,2,2,empty,empty,1,field_out,4,0,2
2025-09-13,TOR202509130,TOR,"Barger, Addison",barga001,2,0,empty,empty,1,home_run,5,0,2
2025-09-13,TOR202509130,TOR,"Schneider, Davis",schnd001,2,0,empty,empty,1,single,5,1,2
2025-09-13,TOR202509130,TOR,"Varsho, Daulton",varsd001,2,0,1B,1B,1,strikeout,5,1,2
2025-09-13,TOR202509130,TOR,"Clement, Ernie",cleme002,2,1,1B,2B,0,field_out,5,1,2
2025-09-13,TOR202509130,TOR,"Heineman, Tyler",heint001,2,2,3B,3B,1,field_out,5,1,2
2025-09-13,TOR202509130,TOR,"Gimenez, Andres",gimea001,2,0,empty,empty,1,field_out,6,1,2
2025-09-13,TOR202509130,TOR,"Springer, George",sprig001,3,1,empty,empty,1,single,6,1,2
2025-09-13,TOR202509130,TOR,"Lukes, Nathan",luken001,3,1,1B,1B,1,grounded_into_double_play,6,1,2
2025-09-13,TOR202509130,TOR,"Guerrero, Vladimir",guerv002,3,0,empty,empty,1,single,7,1,2
2025-09-13,TOR202509130,TOR,"Barger, Addison",barga001,3,0,1B,1B,1,walk,7,1,2
2025-09-13,TOR202509130,TOR,"Schneider, Davis",schnd001,3,0,1B+2B,1B+2B,1,grounded_into_double_play,7,1,2
2025-09-13,TOR202509130,TOR,"Varsho, Daulton",varsd001,3,2,3B,3B,1,strikeout,7,1,2
2025-09-13,TOR202509130,TOR,"Clement, Ernie",cleme002,3,0,empty,empty,1,single,8,1,3
2025-09-13,TOR202509130,TOR,"France, Ty",frant002,1,0,1B,1B,1,field_out,8,1,3
2025-09-13,TOR202509130,TOR,"Gimenez, Andres",gimea001,3,1,1B,1B,1,field_out,8,1,3
2025-09-13,TOR202509130,TOR,"Springer, George",sprig001,4,2,2B,2B,1,single,8,1,3
2025-09-13,TOR202509130,TOR,"Kirk, Alejandro",kirka001,1,2,1B+3B,1B+3B,1,single,8,1,3
2025-09-13,TOR202509130,TOR,"Guerrero, Vladimir",guerv002,4,2,1B+3B,1B+3B,1,walk,8,2,3
2025-09-13,TOR202509130,TOR,"Kiner-Falefa, Isiah",kinei001,1,2,1B+2B+3B,1B+2B+3B,1,field_out,8,2,3
2025-09-13,TOR202509130,TOR,"Schneider, Davis",schnd001,4,0,empty,empty,1,field_out,9,2,4
2025-09-13,TOR202509130,TOR,"Varsho, Daulton",varsd001,4,1,empty,empty,1,single,9,2,4
2025-09-13,TOR202509130,TOR,"Clement, Ernie",cleme002,4,1,2B,2B,1,single,9,2,4
2025-09-13,TOR202509130,TOR,"Loperfido, Joey",lopej008,1,1,1B+3B,1B+3B,1,single,9,2,4
2025-09-13,TOR202509130,TOR,"Gimenez, Andres",gimea001,4,1,1B+3B,1B+3B,1,single,9,3,4
2025-09-13,TOR202509130,TOR,"Springer, George",sprig001,5,1,1B+2B,1B+2B,1,catcher_interf,9,4,4
2025-09-13,TOR202509130,TOR,"Kirk, Alejandro",kirka001,2,1,1B+2B+3B,1B+2B+3B,1,sac_fly,9,4,4
2025-09-14,TOR202509140,TOR,"Springer, George",sprig001,1,0,empty,empty,1,strikeout,1,0,0
2025-09-14,TOR202509140,TOR,"Schneider, Davis",schnd001,1,1,empty,empty,1,walk,1,0,0
2025-09-14,TOR202509140,TOR,"Guerrero, Vladimir",guerv002,1,1,1B,1B,1,field_out,1,0,0
2025-09-14,TOR202509140,TOR,"Barger, Addison",barga001,1,2,1B,1B,1,strikeout,1,0,0
2025-09-14,TOR202509140,TOR,"Kirk, Alejandro",kirka001,1,0,empty,empty,1,strikeout,2,0,1
2025-09-14,TOR202509140,TOR,"Varsho, Daulton",varsd001,1,1,empty,empty,1,strikeout,2,0,1
2025-09-14,TOR202509140,TOR,"Clement, Ernie",cleme002,1,2,empty,empty,1,field_out,2,0,1
2025-09-14,TOR202509140,TOR,"Loperfido, Joey",lopej008,1,0,empty,empty,1,field_out,3,0,1
2025-09-14,TOR202509140,TOR,"Gimenez, Andres",gimea001,1,1,empty,empty,1,double,3,0,1
2025-09-14,TOR202509140,TOR,"Springer, George",sprig001,2,1,2B,2B,1,double,3,0,1
2025-09-14,TOR202509140,TOR,"Schneider, Davis",schnd001,2,1,2B,2B,1,strikeout,3,1,1
2025-09-14,TOR202509140,TOR,"Guerrero, Vladimir",guerv002,2,2,2B,2B,1,field_out,3,1,1
2025-09-14,TOR202509140,TOR,"Barger, Addison",barga001,2,0,empty,empty,1,field_out,4,1,1
2025-09-14,TOR202509140,TOR,"Kirk, Alejandro",kirka001,2,1,empty,empty,1,single,4,1,1
2025-09-14,TOR202509140,TOR,"Varsho, Daulton",varsd001,2,1,1B,1B,1,single,4,1,1
2025-09-14,TOR202509140,TOR,"Clement, Ernie",cleme002,2,1,1B+2B,1B+2B,1,double,4,1,1
2025-09-14,TOR202509140,TOR,"Loperfido, Joey",lopej008,2,1,2B,2B,1,strikeout,4,3,1
2025-09-14,TOR202509140,TOR,"Gimenez, Andres",gimea001,2,2,2B,2B,1,field_out,4,3,1
2025-09-14,TOR202509140,TOR,"Springer, George",sprig001,3,0,empty,empty,1,home_run,5,3,1
2025-09-14,TOR202509140,TOR,"Lukes, Nathan",luken001,1,0,empty,empty,1,field_out,5,4,1
2025-09-14,TOR202509140,TOR,"Guerrero, Vladimir",guerv002,3,1,empty,empty,1,field_out,5,4,1
2025-09-14,TOR202509140,TOR,"Barger, Addison",barga001,3,2,empty,empty,1,strikeout,5,4,1
2025-09-14,TOR202509140,TOR,"Kirk, Alejandro",kirka001,3,0,empty,empty,1,single,6,4,1
2025-09-14,TOR202509140,TOR,"Varsho, Daulton",varsd001,3,0,1B,1B,1,field_out,6,4,1
2025-09-14,TOR202509140,TOR,"Clement, Ernie",cleme002,3,1,1B,1B,1,field_out,6,4,1
2025-09-14,TOR202509140,TOR,"Loperfido, Joey",lopej008,3,2,1B,1B,1,double,6,4,1
2025-09-14,TOR202509140,TOR,"Gimenez, Andres",gimea001,3,2,2B,2B,1,field_out,6,5,1
2025-09-14,TOR202509140,TOR,"Springer, George",sprig001,4,0,empty,empty,1,double,7,5,2
2025-09-14,TOR202509140,TOR,"Lukes, Nathan",luken001,2,0,2B,2B,1,single,7,5,2
2025-09-14,TOR202509140,TOR,"Guerrero, Vladimir",guerv002,4,0,1B+3B,1B+3B,1,walk,7,5,2
2025-09-14,TOR202509140,TOR,"Barger, Addison",barga001,4,0,1B+2B+3B,1B+2B+3B,1,double,7,5,2
2025-09-14,TOR202509140,TOR,"Kirk, Alejandro",kirka001,4,0,2B,2B,1,single,7,8,2
2025-09-14,TOR202509140,TOR,"Varsho, Daulton",varsd001,4,0,1B,1B,1,double,7,9,2
2025-09-14,TOR202509140,TOR,"Clement, Ernie",cleme002,4,0,2B+3B,2B+3B,1,single,7,9,2
2025-09-14,TOR202509140,TOR,"Loperfido, Joey",lopej008,4,0,1B+3B,1B+3B,1,field_out,7,10,2
2025-09-14,TOR202509140,TOR,"Gimenez, Andres",gimea001,4,1,1B,1B,1,field_out,7,11,2
2025-09-14,TOR202509140,TOR,"Springer, George",sprig001,5,2,2B,2B,1,strikeout,7,11,2
2025-09-14,TOR202509140,TOR,"Lukes, Nathan",luken001,3,0,empty,empty,1,field_out,8,11,2
2025-09-14,TOR202509140,TOR,"France, Ty",frant002,1,1,empty,empty,1,field_out,8,11,2
2025-09-14,TOR202509140,TOR,"Barger, Addison",barga001,5,2,empty,empty,1,field_out,8,11,2
2025-09-15,TBA202509150,TOR,"Springer, George",sprig001,1,0,empty,empty,1,strikeout,1,0,0
2025-09-15,TBA202509150,TOR,"Lukes, Nathan",luken001,1,1,empty,empty,1,single,1,0,0
2025-09-15,TBA202509150,TOR,"Guerrero, Vladimir",guerv002,1,1,1B,1B,1,grounded_into_double_play,1,0,0
2025-09-15,TBA202509150,TOR,"Barger, Addison",barga001,1,0,empty,empty,1,field_out,2,0,1
2025-09-15,TBA202509150,TOR,"Schneider, Davis",schnd001,1,1,empty,empty,1,single,2,0,1
2025-09-15,TBA202509150,TOR,"Varsho, Daulton",varsd001,1,1,1B,1B,1,strikeout,2,0,1
2025-09-15,TBA202509150,TOR,"Clement, Ernie",cleme002,1,2,1B,1B,1,field_out,2,0,1
2025-09-15,TBA202509150,TOR,"Heineman, Tyler",heint001,1,0,empty,empty,1,strikeout,3,0,1
2025-09-15,TBA202509150,TOR,"Gimenez, Andres",gimea001,1,1,empty,empty,1,field_out,3,0,1
2025-09-15,TBA202509150,TOR,"Springer, George",sprig001,2,2,empty,empty,1,double,3,0,1
2025-09-15,TBA202509150,TOR,"Lukes, Nathan",luken001,2,2,2B,2B,1,field_out,3,0,1
2025-09-15,TBA202509150,TOR,"Guerrero, Vladimir",guerv002,2,0,empty,empty,1,field_out,4,0,1
2025-09-15,TBA202509150,TOR,"Barger, Addison",barga001,2,1,empty,empty,1,single,4,0,1
2025-09-15,TBA202509150,TOR,"Schneider, Davis",schnd001,2,1,1B,1B,1,strikeout,4,0,1
2025-09-15,TBA202509150,TOR,"Varsho, Daulton",varsd001,2,2,1B,1B,1,field_out,4,0,1
2025-09-15,TBA202509150,TOR,"Clement, Ernie",cleme002,2,0,empty,empty,1,field_out,5,0,1
2025-09-15,TBA202509150,TOR,"Heineman, Tyler",heint001,2,1,empty,empty,1,field_out,5,0,1
2025-09-15,TBA202509150,TOR,"Gimenez, Andres",gimea001,2,2,empty,empty,1,field_out,5,0,1
2025-09-15,TBA202509150,TOR,"Springer, George",sprig001,3,0,empty,empty,1,field_out,6,0,1
2025-09-15,TBA202509150,TOR,"Lukes, Nathan",luken001,3,1,empty,empty,1,strikeout,6,0,1
2025-09-15,TBA202509150,TOR,"Guerrero, Vladimir",guerv002,3,2,empty,empty,1,field_out,6,0,1
2025-09-15,TBA202509150,TOR,"Barger, Addison",barga001,3,0,empty,empty,1,strikeout,7,0,1
2025-09-15,TBA202509150,TOR,"Schneider, Davis",schnd001,3,1,empty,empty,1,strikeout,7,0,1
2025-09-15,TBA202509150,TOR,"Varsho, Daulton",varsd001,3,2,empty,empty,1,field_out,7,0,1
2025-09-15,TBA202509150,TOR,"Clement, Ernie",cleme002,3,0,empty,empty,1,double,8,0,1
2025-09-15,TBA202509150,TOR,"Heineman, Tyler",heint001,3,0,2B,2B,1,sac_bunt,8,0,1
2025-09-15,TBA202509150,TOR,"Gimenez, Andres",gimea001,3,1,3B,3B,1,sac_fly,8,0,1
2025-09-15,TBA202509150,TOR,"Springer, George",sprig001,4,2,empty,empty,1,strikeout,8,1,1
2025-09-15,TBA202509150,TOR,"Lukes, Nathan",luken001,4,0,empty,empty,1,field_out,9,1,1
2025-09-15,TBA202509150,TOR,"Guerrero, Vladimir",guerv002,4,1,empty,empty,1,field_out,9,1,1
2025-09-15,TBA202509150,TOR,"Barger, Addison",barga001,4,2,empty,empty,1,field_out,9,1,1
2025-09-15,TBA202509150,TOR,"Kirk, Alejandro",kirka001,1,0,2B,2B,1,strikeout,10,1,1
2025-09-15,TBA202509150,TOR,"Varsho, Daulton",varsd001,4,1,2B,2B,1,field_out,10,1,1
2025-09-15,TBA202509150,TOR,"Clement, Ernie",cleme002,4,2,3B,3B,1,strikeout,10,1,1
2025-09-15,TBA202509150,TOR,"Heineman, Tyler",heint001,4,0,2B,2B,1,field_out,11,1,1
2025-09-15,TBA202509150,TOR,"Gimenez, Andres",gimea001,4,1,2B,2B,1,field_out,11,1,1
2025-09-15,TBA202509150,TOR,"Springer, George",sprig001,5,2,2B,2B,1,single,11,1,1
2025-09-15,TBA202509150,TOR,"Lukes, Nathan",luken001,5,2,1B,1B,1,field_out,11,2,1
2025-09-16,TBA202509160,TOR,"Springer, George",sprig001,1,0,empty,empty,1,single,1,0,0
2025-09-16,TBA202509160,TOR,"Lukes, Nathan",luken001,1,0,1B,1B,1,sac_bunt,1,0,0
2025-09-16,TBA202509160,TOR,"Guerrero, Vladimir",guerv002,1,1,2B,2B,1,field_out,1,0,0
2025-09-16,TBA202509160,TOR,"Barger, Addison",barga001,1,2,2B,2B,1,single,1,0,0
2025-09-16,TBA202509160,TOR,"Kirk, Alejandro",kirka001,1,2,1B,1B,1,strikeout,1,1,0
2025-09-16,TBA202509160,TOR,"Schneider, Davis",schnd001,1,0,empty,empty,1,walk,2,1,0
2025-09-16,TBA202509160,TOR,"Clement, Ernie",cleme002,1,0,1B,1B,1,walk,2,1,0
2025-09-16,TBA202509160,TOR,"Gimenez, Andres",gimea001,1,0,1B+2B,2B+3B,0,walk,2,1,0
2025-09-16,TBA202509160,TOR,"Straw, Myles",stram002,1,0,1B+2B+3B,1B+2B+3B,1,strikeout,2,1,0
2025-09-16,TBA202509160,TOR,"Springer, George",sprig001,2,1,1B+2B+3B,1B+2B+3B,1,single,2,1,0
2025-09-16,TBA202509160,TOR,"Lukes, Nathan",luken001,2,1,1B+2B,1B+2B,1,strikeout,2,3,0
2025-09-16,TBA202509160,TOR,"Guerrero, Vladimir",guerv002,2,2,1B+2B,1B+2B,1,single,2,3,0
2025-09-16,TBA202509160,TOR,"Barger, Addison",barga001,2,2,1B+3B,1B+3B,1,strikeout,2,4,0
2025-09-16,TBA202509160,TOR,"Kirk, Alejandro",kirka001,2,0,empty,empty,1,single,3,4,0
2025-09-16,TBA202509160,TOR,"Schneider, Davis",schnd001,2,0,1B,1B,1,single,3,4,0
2025-09-16,TBA202509160,TOR,"Clement, Ernie",cleme002,2,0,1B+2B,1B+2B,1,field_out,3,4,0
2025-09-16,TBA202509160,TOR,"Gimenez, Andres",gimea001,2,1,1B+2B,1B+2B,1,grounded_into_double_play,3,4,0
2025-09-16,TBA202509160,TOR,"Straw, Myles",stram002,2,0,empty,empty,1,strikeout,4,4,3
2025-09-16,TBA202509160,TOR,"Springer, George",sprig001,3,1,empty,empty,1,field_out,4,4,3
2025-09-16,TBA202509160,TOR,"Lukes, Nathan",luken001,3,2,empty,empty,1,home_run,4,4,3
2025-09-16,TBA202509160,TOR,"Guerrero, Vladimir",guerv002,3,2,empty,empty,1,field_out,4,5,3
2025-09-16,TBA202509160,TOR,"Barger, Addison",barga001,3,0,empty,empty,1,field_out,5,5,3
2025-09-16,TBA202509160,TOR,"Kirk, Alejandro",kirka001,3,1,empty,empty,1,strikeout,5,5,3
2025-09-16,TBA202509160,TOR,"Loperfido, Joey",lopej008,1,2,empty,empty,1,home_run,5,5,3
2025-09-16,TBA202509160,TOR,"Clement, Ernie",cleme002,3,2,empty,empty,1,strikeout,5,6,3
2025-09-16,TBA202509160,TOR,"Gimenez, Andres",gimea001,3,0,empty,empty,1,strikeout,6,6,3
2025-09-16,TBA202509160,TOR,"Straw, Myles",stram002,3,1,empty,empty,1,field_out,6,6,3
2025-09-16,TBA202509160,TOR,"Springer, George",sprig001,4,2,empty,empty,1,field_out,6,6,3
2025-09-16,TBA202509160,TOR,"Lukes, Nathan",luken001,4,0,empty,empty,1,field_out,7,6,3
2025-09-16,TBA202509160,TOR,"Guerrero, Vladimir",guerv002,4,1,empty,empty,1,single,7,6,3
2025-09-16,TBA202509160,TOR,"Barger, Addison",barga001,4,1,1B,1B,1,single,7,6,3
2025-09-16,TBA202509160,TOR,"Kirk, Alejandro",kirka001,4,1,1B+2B,1B+2B,1,grounded_into_double_play,7,6,3
2025-09-16,TBA202509160,TOR,"Loperfido, Joey",lopej008,2,0,empty,empty,1,field_out,8,6,3
2025-09-16,TBA202509160,TOR,"Clement, Ernie",cleme002,4,1,empty,empty,1,field_out,8,6,3
2025-09-16,TBA202509160,TOR,"Gimenez, Andres",gimea001,4,2,empty,empty,1,strikeout,8,6,3
2025-09-16,TBA202509160,TOR,"Straw, Myles",stram002,4,0,empty,empty,1,field_out,9,6,4
2025-09-16,TBA202509160,TOR,"Springer, George",sprig001,5,1,empty,empty,1,single,9,6,4
2025-09-16,TBA202509160,TOR,"Lukes, Nathan",luken001,5,1,1B,1B,1,field_out,9,6,4
2025-09-16,TBA202509160,TOR,"Guerrero, Vladimir",guerv002,5,2,1B,1B,1,field_out,9,6,4
2025-09-17,TBA202509170,TOR,"Springer, George",sprig001,1,0,empty,empty,1,single,1,0,0
2025-09-17,TBA202509170,TOR,"Schneider, Davis",schnd001,1,0,1B,1B,1,field_out,1,0,0
2025-09-17,TBA202509170,TOR,"Guerrero, Vladimir",guerv002,1,1,1B,1B,1,field_out,1,0,0
2025-09-17,TBA202509170,TOR,"Kirk, Alejandro",kirka001,1,2,1B,1B,1,field_out,1,0,0
2025-09-17,TBA202509170,TOR,"France, Ty",frant002,1,0,empty,empty,1,field_out,2,0,1
2025-09-17,TBA202509170,TOR,"Clement, Ernie",cleme002,1,1,empty,empty,1,single,2,0,1
2025-09-17,TBA202509170,TOR,"Barger, Addison",barga001,1,1,1B,1B,1,grounded_into_double_play,2,0,1
2025-09-17,TBA202509170,TOR,"Kiner-Falefa, Isiah",kinei001,1,0,empty,empty,1,field_out,3,0,1
2025-09-17,TBA202509170,TOR,"Straw, Myles",stram002,1,1,empty,empty,1,field_out,3,0,1
2025-09-17,TBA202509170,TOR,"Springer, George",sprig001,2,2,empty,empty,1,strikeout,3,0,1
2025-09-17,TBA202509170,TOR,"Schneider, Davis",schnd001,2,0,empty,empty,1,walk,4,0,1
2025-09-17,TBA202509170,TOR,"Guerrero, Vladimir",guerv002,2,0,1B,1B,1,fielders_choice,4,0,1
2025-09-17,TBA202509170,TOR,"Kirk, Alejandro",kirka001,2,0,1B+3B,1B+3B,1,sac_fly,4,0,1
2025-09-17,TBA202509170,TOR,"France, Ty",frant002,2,1,1B,1B,1,strikeout,4,1,1
2025-09-17,TBA202509170,TOR,"Clement, Ernie",cleme002,2,2,1B,1B,1,double,4,1,1
2025-09-17,TBA202509170,TOR,"Barger, Addison",barga001,2,2,2B+3B,2B+3B,1,field_out,4,1,1
2025-09-17,TBA202509170,TOR,"Kiner-Falefa, Isiah",kinei001,2,0,empty,empty,1,strikeout,5,1,1
2025-09-17,TBA202509170,TOR,"Straw, Myles",stram002,2,1,empty,empty,1,field_out,5,1,1
2025-09-17,TBA202509170,TOR,"Springer, George",sprig001,3,2,empty,empty,1,field_out,5,1,1
2025-09-17,TBA202509170,TOR,"Schneider, Davis",schnd001,3,0,empty,empty,1,single,6,1,1
2025-09-17,TBA202509170,TOR,"Guerrero, Vladimir",guerv002,3,0,1B,1B,1,field_out,6,1,1
2025-09-17,TBA202509170,TOR,"Kirk, Alejandro",kirka001,3,1,1B,1B,1,field_out,6,1,1
2025-09-17,TBA202509170,TOR,"France, Ty",frant002,3,2,1B,1B,1,field_out,6,1,1
2025-09-17,TBA202509170,TOR,"Clement, Ernie",cleme002,3,0,empty,empty,1,field_out,7,1,1
2025-09-17,TBA202509170,TOR,"Barger, Addison",barga001,3,1,empty,empty,1,field_out,7,1,1
2025-09-17,TBA202509170,TOR,"Kiner-Falefa, Isiah",kinei001,3,2,empty,empty,1,field_out,7,1,1
2025-09-17,TBA202509170,TOR,"Loperfido, Joey",lopej008,1,0,empty,empty,1,strikeout,8,1,2
2025-09-17,TBA202509170,TOR,"Springer, George",sprig001,4,1,empty,empty,1,strikeout,8,1,2
2025-09-17,TBA202509170,TOR,"Lukes, Nathan",luken001,1,2,empty,empty,1,field_out,8,1,2
2025-09-17,TBA202509170,TOR,"Guerrero, Vladimir",guerv002,4,0,empty,empty,1,field_out,9,1,2
2025-09-17,TBA202509170,TOR,"Kirk, Alejandro",kirka001,4,1,empty,empty,1,field_out,9,1,2
2025-09-17,TBA202509170,TOR,"France, Ty",frant002,4,2,empty,empty,1,strikeout,9,1,2
2025-09-18,TBA202509180,TOR,"Springer, George",sprig001,1,0,empty,empty,1,strikeout,1,0,0
2025-09-18,TBA202509180,TOR,"Lukes, Nathan",luken001,1,1,empty,empty,1,single,1,0,0
2025-09-18,TBA202509180,TOR,"Guerrero, Vladimir",guerv002,1,1,1B,1B,1,grounded_into_double_play,1,0,0
2025-09-18,TBA202509180,TOR,"Barger, Addison",barga001,1,0,empty,empty,1,field_out,2,0,0
2025-09-18,TBA202509180,TOR,"Schneider, Davis",schnd001,1,1,empty,empty,1,walk,2,0,0
2025-09-18,TBA202509180,TOR,"Varsho, Daulton",varsd001,1,1,1B,1B,1,strikeout,2,0,0
2025-09-18,TBA202509180,TOR,"Clement, Ernie",cleme002,1,2,1B,1B,1,field_out,2,0,0
2025-09-18,TBA202509180,TOR,"Gimenez, Andres",gimea001,1,0,empty,empty,1,field_out,3,0,3
2025-09-18,TBA202509180,TOR,"Heineman, Tyler",heint001,1,1,empty,empty,1,strikeout,3,0,3
2025-09-18,TBA202509180,TOR,"Springer, George",sprig001,2,2,empty,empty,1,field_out,3,0,3
2025-09-18,TBA202509180,TOR,"Lukes, Nathan",luken001,2,0,empty,empty,1,field_out,4,0,3
2025-09-18,TBA202509180,TOR,"Guerrero, Vladimir",guerv002,2,1,empty,empty,1,field_out,4,0,3
2025-09-18,TBA202509180,TOR,"Barger, Addison",barga001,2,2,empty,empty,1,field_out,4,0,3
2025-09-18,TBA202509180,TOR,"Schneider, Davis",schnd001,2,0,empty,empty,1,field_out,5,0,3
2025-09-18,TBA202509180,TOR,"Varsho, Daulton",varsd001,2,1,empty,empty,1,single,5,0,3
2025-09-18,TBA202509180,TOR,"Clement, Ernie",cleme002,2,1,1B,1B,1,field_out,5,0,3
2025-09-18,TBA202509180,TOR,"Gimenez, Andres",gimea001,2,2,1B,1B,1,strikeout,5,0,3
2025-09-18,TBA202509180,TOR,"Heineman, Tyler",heint001,2,0,empty,empty,1,field_out,6,0,3
2025-09-18,TBA202509180,TOR,"Springer, George",sprig001,3,1,empty,empty,1,strikeout,6,0,3
2025-09-18,TBA202509180,TOR,"Lukes, Nathan",luken001,3,2,empty,empty,1,field_out,6,0,3
2025-09-18,TBA202509180,TOR,"Guerrero, Vladimir",guerv002,3,0,empty,empty,1,strikeout,7,0,4
2025-09-18,TBA202509180,TOR,"Barger, Addison",barga001,3,1,empty,empty,1,field_out,7,0,4
2025-09-18,TBA202509180,TOR,"Loperfido, Joey",lopej008,1,2,empty,empty,1,field_out,7,0,4
2025-09-18,TBA202509180,TOR,"Varsho, Daulton",varsd001,3,0,empty,empty,1,field_out,8,0,4
2025-09-18,TBA202509180,TOR,"Clement, Ernie",cleme002,3,1,empty,empty,1,double,8,0,4
2025-09-18,TBA202509180,TOR,"France, Ty",frant002,1,1,2B,2B,1,field_out,8,0,4
2025-09-18,TBA202509180,TOR,"Heineman, Tyler",heint001,3,2,3B,3B,1,field_out,8,0,4
2025-09-18,TBA202509180,TOR,"Springer, George",sprig001,4,0,empty,empty,1,field_out,9,0,4
2025-09-18,TBA202509180,TOR,"Lukes, Nathan",luken001,4,1,empty,empty,1,walk,9,0,4
2025-09-18,TBA202509180,TOR,"Guerrero, Vladimir",guerv002,4,1,1B,1B,1,single,9,0,4
2025-09-18,TBA202509180,TOR,"Barger, Addison",barga001,4,1,1B+2B,1B+2B,1,grounded_into_double_play,9,0,4
2025-09-19,KCA202509190,TOR,"Springer, George",sprig001,1,0,empty,empty,1,home_run,1,0,0
2025-09-19,KCA202509190,TOR,"Lukes, Nathan",luken001,1,0,empty,empty,1,field_out,1,1,0
2025-09-19,KCA202509190,TOR,"Guerrero, Vladimir",guerv002,1,1,empty,empty,1,field_out,1,1,0
2025-09-19,KCA202509190,TOR,"Barger, Addison",barga001,1,2,empty,empty,1,field_out,1,1,0
2025-09-19,KCA202509190,TOR,"Kirk, Alejandro",kirka001,1,0,empty,empty,1,field_out,2,1,7
2025-09-19,KCA202509190,TOR,"Varsho, Daulton",varsd001,1,1,empty,empty,1,field_out,2,1,7
2025-09-19,KCA202509190,TOR,"Schneider, Davis",schnd001,1,2,empty,empty,1,field_out,2,1,7
2025-09-19,KCA202509190,TOR,"Gimenez, Andres",gimea001,1,0,empty,empty,1,strikeout,3,1,7
2025-09-19,KCA202509190,TOR,"Clement, Ernie",cleme002,1,1,empty,empty,1,field_out,3,1,7
2025-09-19,KCA202509190,TOR,"Springer, George",sprig001,2,2,empty,empty,1,single,3,1,7
2025-09-19,KCA202509190,TOR,"Lukes, Nathan",luken001,2,2,1B,1B,1,field_out,3,1,7
2025-09-19,KCA202509190,TOR,"Guerrero, Vladimir",guerv002,2,0,empty,empty,1,field_out,4,1,10
2025-09-19,KCA202509190,TOR,"Barger, Addison",barga001,2,1,empty,empty,1,field_out,4,1,10
2025-09-19,KCA202509190,TOR,"Kirk, Alejandro",kirka001,2,2,empty,empty,1,walk,4,1,10
2025-09-19,KCA202509190,TOR,"Varsho, Daulton",varsd001,2,2,1B,1B,1,field_out,4,1,10
2025-09-19,KCA202509190,TOR,"Schneider, Davis",schnd001,2,0,empty,empty,1,single,5,1,10
2025-09-19,KCA202509190,TOR,"Gimenez, Andres",gimea001,2,0,1B,1B,1,field_out,5,1,10
2025-09-19,KCA202509190,TOR,"Clement, Ernie",cleme002,2,1,1B,1B,1,field_out,5,1,10
2025-09-19,KCA202509190,TOR,"Springer, George",sprig001,3,2,1B,1B,1,field_out,5,1,10
2025-09-19,KCA202509190,TOR,"Lukes, Nathan",luken001,3,0,empty,empty,1,field_out,6,1,10
2025-09-19,KCA202509190,TOR,"Guerrero, Vladimir",guerv002,3,1,empty,empty,1,strikeout,6,1,10
2025-09-19,KCA202509190,TOR,"Barger, Addison",barga001,3,2,empty,empty,1,strikeout,6,1,10
2025-09-19,KCA202509190,TOR,"Kirk, Alejandro",kirka001,3,0,empty,empty,1,field_out,7,1,10
2025-09-19,KCA202509190,TOR,"Varsho, Daulton",varsd001,3,1,empty,empty,1,field_out,7,1,10
2025-09-19,KCA202509190,TOR,"Schneider, Davis",schnd001,3,2,empty,empty,1,walk,7,1,10
2025-09-19,KCA202509190,TOR,"Gimenez, Andres",gimea001,3,2,1B,1B,1,strikeout,7,1,10
2025-09-19,KCA202509190,TOR,"Kiner-Falefa, Isiah",kinei001,1,0,empty,empty,1,field_out,8,1,14
2025-09-19,KCA202509190,TOR,"Springer, George",sprig001,4,1,empty,empty,1,walk,8,1,14
2025-09-19,KCA202509190,TOR,"Lukes, Nathan",luken001,4,1,1B,1B,1,field_out,8,1,14
2025-09-19,KCA202509190,TOR,"France, Ty",frant002,1,2,1B,1B,1,strikeout,8,1,14
2025-09-19,KCA202509190,TOR,"Barger, Addison",barga001,4,0,empty,empty,1,field_out,9,1,20
2025-09-19,KCA202509190,TOR,"Kirk, Alejandro",kirka001,4,1,empty,empty,1,field_out,9,1,20
2025-09-19,KCA202509190,TOR,"Loperfido, Joey",lopej008,1,2,empty,empty,1,field_out,9,1,20
2025-09-20,KCA202509200,TOR,"Springer, George",sprig001,1,0,empty,empty,1,field_out,1,0,0
2025-09-20,KCA202509200,TOR,"Schneider, Davis",schnd001,1,1,empty,empty,1,field_out,1,0,0
2025-09-20,KCA202509200,TOR,"Guerrero, Vladimir",guerv002,1,2,empty,empty,1,field_out,1,0,0
2025-09-20,KCA202509200,TOR,"Kirk, Alejandro",kirka001,1,0,empty,empty,1,walk,2,0,0
2025-09-20,KCA202509200,TOR,"France, Ty",frant002,1,0,1B,1B,1,strikeout,2,0,0
2025-09-20,KCA202509200,TOR,"Varsho, Daulton",varsd001,1,1,1B,1B,1,strikeout,2,0,0
2025-09-20,KCA202509200,TOR,"Clement, Ernie",cleme002,1,2,1B,1B,1,field_out,2,0,0
2025-09-20,KCA202509200,TOR,"Kiner-Falefa, Isiah",kinei001,1,0,empty,empty,1,field_out,3,0,0
2025-09-20,KCA202509200,TOR,"Straw, Myles",stram002,1,1,empty,empty,1,strikeout,3,0,0
2025-09-20,KCA202509200,TOR,"Springer, George",sprig001,2,2,empty,empty,1,double,3,0,0
2025-09-20,KCA202509200,TOR,"Schneider, Davis",schnd001,2,2,2B,2B,1,field_out,3,0,0
2025-09-20,KCA202509200,TOR,"Guerrero, Vladimir",guerv002,2,0,empty,empty,1,single,4,0,0
2025-09-20,KCA202509200,TOR,"Kirk, Alejandro",kirka001,2,0,1B,1B,1,grounded_into_double_play,4,0,0
2025-09-20,KCA202509200,TOR,"France, Ty",frant002,2,2,empty,empty,1,field_out,4,0,0
2025-09-20,KCA202509200,TOR,"Varsho, Daulton",varsd001,2,0,empty,empty,1,walk,5,0,2
2025-09-20,KCA202509200,TOR,"Clement, Ernie",cleme002,2,0,1B,1B,1,field_out,5,0,2
2025-09-20,KCA202509200,TOR,"Kiner-Falefa, Isiah",kinei001,2,1,1B,1B,1,strikeout,5,0,2
2025-09-20,KCA202509200,TOR,"Straw, Myles",stram002,2,2,1B,1B,1,field_out,5,0,2
2025-09-20,KCA202509200,TOR,"Springer, George",sprig001,3,0,empty,empty,1,strikeout,6,0,2
2025-09-20,KCA202509200,TOR,"Schneider, Davis",schnd001,3,1,empty,empty,1,field_out,6,0,2
2025-09-20,KCA202509200,TOR,"Guerrero, Vladimir",guerv002,3,2,empty,empty,1,field_out,6,0,2
2025-09-20,KCA202509200,TOR,"Kirk, Alejandro",kirka001,3,0,empty,empty,1,field_out,7,0,2
2025-09-20,KCA202509200,TOR,"France, Ty",frant002,3,1,empty,empty,1,field_out,7,0,2
2025-09-20,KCA202509200,TOR,"Varsho, Daulton",varsd001,3,2,empty,empty,1,home_run,7,0,2
2025-09-20,KCA202509200,TOR,"Clement, Ernie",cleme002,3,2,empty,empty,1,walk,7,1,2
2025-09-20,KCA202509200,TOR,"Barger, Addison",barga001,1,2,1B,1B,1,field_out,7,1,2
2025-09-20,KCA202509200,TOR,"Lukes, Nathan",luken001,1,0,empty,empty,1,field_out,8,1,2
2025-09-20,KCA202509200,TOR,"Springer, George",sprig001,4,1,empty,empty,1,field_out,8,1,2
2025-09-20,KCA202509200,TOR,"Gimenez, Andres",gimea001,1,2,empty,empty,1,walk,8,1,2
2025-09-20,KCA202509200,TOR,"Guerrero, Vladimir",guerv002,4,2,1B,1B,1,field_out,8,1,2
2025-09-20,KCA202509200,TOR,"Kirk, Alejandro",kirka001,4,0,empty,empty,1,field_out,9,1,2
2025-09-20,KCA202509200,TOR,"France, Ty",frant002,4,1,empty,empty,1,single,9,1,2
2025-09-20,KCA202509200,TOR,"Varsho, Daulton",varsd001,4,1,1B,1B,1,field_out,9,1,2
2025-09-20,KCA202509200,TOR,"Clement, Ernie",cleme002,4,2,1B,1B,1,field_out,9,1,2
2025-09-21,KCA202509210,TOR,"Springer, George",sprig001,1,0,empty,empty,1,single,1,0,0
2025-09-21,KCA202509210,TOR,"Varsho, Daulton",varsd001,1,0,1B,1B,1,field_out,1,0,0
2025-09-21,KCA202509210,TOR,"Guerrero, Vladimir",guerv002,1,1,2B,2B,1,field_out,1,0,0
2025-09-21,KCA202509210,TOR,"Barger, Addison",barga001,1,2,2B,2B,1,strikeout,1,0,0
2025-09-21,KCA202509210,TOR,"Schneider, Davis",schnd001,1,0,empty,empty,1,walk,2,0,0
2025-09-21,KCA202509210,TOR,"Lukes, Nathan",luken001,1,0,1B,1B,1,field_out,2,0,0
2025-09-21,KCA202509210,TOR,"Clement, Ernie",cleme002,1,1,1B,1B,1,single,2,0,0
2025-09-21,KCA202509210,TOR,"Gimenez, Andres",gimea001,1,1,1B+2B,2B+3B,0,single,2,0,0
2025-09-21,KCA202509210,TOR,"Heineman, Tyler",heint001,1,1,1B+3B,1B+3B,1,sac_bunt,2,1,0
2025-09-21,KCA202509210,TOR,"Springer, George",sprig001,2,2,2B,2B,1,double,2,2,0
2025-09-21,KCA202509210,TOR,"Varsho, Daulton",varsd001,2,2,2B,2B,1,strikeout,2,3,0
2025-09-21,KCA202509210,TOR,"Guerrero, Vladimir",guerv002,2,0,empty,empty,1,field_out,3,3,0
2025-09-21,KCA202509210,TOR,"Barger, Addison",barga001,2,1,empty,empty,1,field_out,3,3,0
2025-09-21,KCA202509210,TOR,"Schneider, Davis",schnd001,2,2,empty,empty,1,field_out,3,3,0
2025-09-21,KCA202509210,TOR,"Lukes, Nathan",luken001,2,0,empty,empty,1,strikeout,4,3,0
2025-09-21,KCA202509210,TOR,"Clement, Ernie",cleme002,2,1,empty,empty,1,field_out,4,3,0
2025-09-21,KCA202509210,TOR,"Gimenez, Andres",gimea001,2,2,empty,empty,1,field_out,4,3,0
2025-09-21,KCA202509210,TOR,"Heineman, Tyler",heint001,2,0,empty,empty,1,single,5,3,2
2025-09-21,KCA202509210,TOR,"Springer, George",sprig001,3,0,1B,1B,1,strikeout,5,3,2
2025-09-21,KCA202509210,TOR,"Varsho, Daulton",varsd001,3,1,1B,1B,1,single,5,3,2
2025-09-21,KCA202509210,TOR,"Guerrero, Vladimir",guerv002,3,1,1B+2B,1B+2B,1,double,5,3,2
2025-09-21,KCA202509210,TOR,"Barger, Addison",barga001,3,1,2B,2B,1,double,5,5,2
2025-09-21,KCA202509210,TOR,"Schneider, Davis",schnd001,3,1,2B,2B,1,field_out,5,6,2
2025-09-21,KCA202509210,TOR,"Lukes, Nathan",luken001,3,2,2B,2B,1,field_out,5,6,2
2025-09-21,KCA202509210,TOR,"Clement, Ernie",cleme002,3,0,empty,empty,1,field_out,6,6,4
2025-09-21,KCA202509210,TOR,"Gimenez, Andres",gimea001,3,1,empty,empty,1,strikeout,6,6,4
2025-09-21,KCA202509210,TOR,"Heineman, Tyler",heint001,3,2,empty,empty,1,field_out,6,6,4
2025-09-21,KCA202509210,TOR,"Springer, George",sprig001,4,0,empty,empty,1,field_out,7,6,5
2025-09-21,KCA202509210,TOR,"Varsho, Daulton",varsd001,4,1,empty,empty,1,field_out,7,6,5
2025-09-21,KCA202509210,TOR,"Guerrero, Vladimir",guerv002,4,2,empty,empty,1,single,7,6,5
2025-09-21,KCA202509210,TOR,"Straw, Myles",stram002,1,0,empty,empty,1,single,8,6,5
2025-09-21,KCA202509210,TOR,"Schneider, Davis",schnd001,4,0,1B,1B,1,field_out,8,6,5
2025-09-21,KCA202509210,TOR,"France, Ty",frant002,1,1,1B,2B,0,field_out,8,6,5
2025-09-21,KCA202509210,TOR,"Clement, Ernie",cleme002,4,2,2B,2B,1,single,8,6,5
2025-09-21,KCA202509210,TOR,"Gimenez, Andres",gimea001,4,2,1B,1B,1,triple,8,7,5
2025-09-21,KCA202509210,TOR,"Heineman, Tyler",heint001,4,2,3B,3B,1,field_out,8,8,5
2025-09-21,KCA202509210,TOR,"Springer, George",sprig001,5,0,empty,empty,1,walk,9,8,5
2025-09-21,KCA202509210,TOR,"Varsho, Daulton",varsd001,5,0,1B,1B,1,field_out,9,8,5
2025-09-21,KCA202509210,TOR,"Guerrero, Vladimir",guerv002,5,1,1B,1B,1,field_out,9,8,5
2025-09-21,KCA202509210,TOR,"Straw, Myles",stram002,2,2,2B,2B,1,field_out,9,8,5
2025-09-23,TOR202509230,TOR,"Springer, George",sprig001,1,0,empty,empty,1,field_error,1,0,0
2025-09-23,TOR202509230,TOR,"Varsho, Daulton",varsd001,1,0,1B,1B,1,field_out,1,0,0
2025-09-23,TOR202509230,TOR,"Guerrero, Vladimir",guerv002,1,1,1B,1B,1,field_out,1,0,0
2025-09-23,TOR202509230,TOR,"Barger, Addison",barga001,1,2,1B,1B,1,field_out,1,0,0
2025-09-23,TOR202509230,TOR,"Kirk, Alejandro",kirka001,1,0,empty,empty,1,field_out,2,0,1
2025-09-23,TOR202509230,TOR,"Lukes, Nathan",luken001,1,1,empty,empty,1,walk,2,0,1
2025-09-23,TOR202509230,TOR,"Schneider, Davis",schnd001,1,1,1B,1B,1,strikeout,2,0,1
2025-09-23,TOR202509230,TOR,"Gimenez, Andres",gimea001,1,2,1B,1B,1,walk,2,0,1
2025-09-23,TOR202509230,TOR,"Clement, Ernie",cleme002,1,2,1B+2B,1B+2B,1,fielders_choice,2,0,1
2025-09-23,TOR202509230,TOR,"Springer, George",sprig001,2,2,1B+2B+3B,1B+2B+3B,1,strikeout,2,0,1
2025-09-23,TOR202509230,TOR,"Varsho, Daulton",varsd001,2,0,empty,empty,1,field_out,3,0,1
2025-09-23,TOR202509230,TOR,"Guerrero, Vladimir",guerv002,2,1,empty,empty,1,walk,3,0,1
2025-09-23,TOR202509230,TOR,"Barger, Addison",barga001,2,1,1B,1B,1,field_out,3,0,1
2025-09-23,TOR202509230,TOR,"Kirk, Alejandro",kirka001,2,2,1B,1B,1,field_out,3,0,1
2025-09-23,TOR202509230,TOR,"Lukes, Nathan",luken001,2,0,empty,empty,1,double,4,0,1
2025-09-23,TOR202509230,TOR,"Schneider, Davis",schnd001,2,0,2B,2B,1,single,4,0,1
2025-09-23,TOR202509230,TOR,"Gimenez, Andres",gimea001,2,0,1B+3B,1B+3B,1,field_out,4,0,1
2025-09-23,TOR202509230,TOR,"Clement, Ernie",cleme002,2,1,1B,1B,1,field_out,4,1,1
2025-09-23,TOR202509230,TOR,"Springer, George",sprig001,3,2,1B,1B,1,single,4,1,1
2025-09-23,TOR202509230,TOR,"Varsho, Daulton",varsd001,3,2,1B+3B,1B+3B,1,strikeout,4,1,1
2025-09-23,TOR202509230,TOR,"Guerrero, Vladimir",guerv002,3,0,empty,empty,1,field_out,5,1,1
2025-09-23,TOR202509230,TOR,"Barger, Addison",barga001,3,1,empty,empty,1,field_out,5,1,1
2025-09-23,TOR202509230,TOR,"Kirk, Alejandro",kirka001,3,2,empty,empty,1,walk,5,1,1
2025-09-23,TOR202509230,TOR,"Lukes, Nathan",luken001,3,2,1B,1B,1,walk,5,1,1
2025-09-23,TOR202509230,TOR,"Schneider, Davis",schnd001,3,2,1B+2B,1B+2B,1,strikeout,5,1,1
2025-09-23,TOR202509230,TOR,"Gimenez, Andres",gimea001,3,0,empty,empty,1,field_out,6,1,4
2025-09-23,TOR202509230,TOR,"Clement, Ernie",cleme002,3,1,empty,empty,1,field_out,6,1,4
2025-09-23,TOR202509230,TOR,"Springer, George",sprig001,4,2,empty,empty,1,field_out,6,1,4
2025-09-23,TOR202509230,TOR,"Varsho, Daulton",varsd001,4,0,empty,empty,1,strikeout,7,1,4
2025-09-23,TOR202509230,TOR,"Guerrero, Vladimir",guerv002,4,1,empty,empty,1,strikeout,7,1,4
2025-09-23,TOR202509230,TOR,"Barger, Addison",barga001,4,2,empty,empty,1,field_out,7,1,4
2025-09-23,TOR202509230,TOR,"Kirk, Alejandro",kirka001,4,0,empty,empty,1,field_out,8,1,4
2025-09-23,TOR202509230,TOR,"Lukes, Nathan",luken001,4,1,empty,empty,1,field_out,8,1,4
2025-09-23,TOR202509230,TOR,"Loperfido, Joey",lopej008,1,2,empty,empty,1,field_out,8,1,4
2025-09-23,TOR202509230,TOR,"Kiner-Falefa, Isiah",kinei001,1,0,empty,empty,1,field_out,9,1,4
2025-09-23,TOR202509230,TOR,"Clement, Ernie",cleme002,4,1,empty,empty,1,field_out,9,1,4
2025-09-23,TOR202509230,TOR,"Springer, George",sprig001,5,2,empty,empty,1,field_out,9,1,4
2025-09-24,TOR202509240,TOR,"Springer, George",sprig001,1,0,empty,empty,1,strikeout,1,0,3
2025-09-24,TOR202509240,TOR,"Clement, Ernie",cleme002,1,1,empty,empty,1,double,1,0,3
2025-09-24,TOR202509240,TOR,"Guerrero, Vladimir",guerv002,1,1,2B,2B,1,field_out,1,0,3
2025-09-24,TOR202509240,TOR,"Kirk, Alejandro",kirka001,1,2,2B,2B,1,field_out,1,0,3
2025-09-24,TOR202509240,TOR,"Santander, Anthony",santa003,1,0,empty,empty,1,strikeout,2,0,3
2025-09-24,TOR202509240,TOR,"Schneider, Davis",schnd001,1,1,empty,empty,1,field_out,2,0,3
2025-09-24,TOR202509240,TOR,"Varsho, Daulton",varsd001,1,2,empty,empty,1,field_out,2,0,3
2025-09-24,TOR202509240,TOR,"Straw, Myles",stram002,1,0,empty,empty,1,single,3,0,3
2025-09-24,TOR202509240,TOR,"Kiner-Falefa, Isiah",kinei001,1,0,1B,1B,1,field_out,3,0,3
2025-09-24,TOR202509240,TOR,"Springer, George",sprig001,2,1,1B,1B,1,grounded_into_double_play,3,0,3
2025-09-24,TOR202509240,TOR,"Clement, Ernie",cleme002,2,0,empty,empty,1,field_out,4,0,3
2025-09-24,TOR202509240,TOR,"Guerrero, Vladimir",guerv002,2,1,empty,empty,1,field_out,4,0,3
2025-09-24,TOR202509240,TOR,"Kirk, Alejandro",kirka001,2,2,empty,empty,1,field_out,4,0,3
2025-09-24,TOR202509240,TOR,"Santander, Anthony",santa003,2,0,empty,empty,1,strikeout,5,0,4
2025-09-24,TOR202509240,TOR,"Schneider, Davis",schnd001,2,1,empty,empty,1,field_out,5,0,4
2025-09-24,TOR202509240,TOR,"Varsho, Daulton",varsd001,2,2,empty,empty,1,single,5,0,4
2025-09-24,TOR202509240,TOR,"Straw, Myles",stram002,2,2,1B,1B,1,field_out,5,0,4
2025-09-24,TOR202509240,TOR,"Kiner-Falefa, Isiah",kinei001,2,0,empty,empty,1,strikeout,6,0,4
2025-09-24,TOR202509240,TOR,"Springer, George",sprig001,3,1,empty,empty,1,field_out,6,0,4
2025-09-24,TOR202509240,TOR,"Clement, Ernie",cleme002,3,2,empty,empty,1,field_out,6,0,4
2025-09-24,TOR202509240,TOR,"Guerrero, Vladimir",guerv002,3,0,empty,empty,1,strikeout,7,0,4
2025-09-24,TOR202509240,TOR,"Kirk, Alejandro",kirka001,3,1,empty,empty,1,field_out,7,0,4
2025-09-24,TOR202509240,TOR,"Santander, Anthony",santa003,3,2,empty,empty,1,field_out,7,0,4
2025-09-24,TOR202509240,TOR,"Schneider, Davis",schnd001,3,0,empty,empty,1,field_out,8,0,7
2025-09-24,TOR202509240,TOR,"Varsho, Daulton",varsd001,3,1,empty,empty,1,field_out,8,0,7
2025-09-24,TOR202509240,TOR,"Straw, Myles",stram002,3,2,empty,empty,1,strikeout,8,0,7
2025-09-24,TOR202509240,TOR,"Kiner-Falefa, Isiah",kinei001,3,0,empty,empty,1,home_run,9,0,7
2025-09-24,TOR202509240,TOR,"Springer, George",sprig001,4,0,empty,empty,1,strikeout,9,1,7
2025-09-24,TOR202509240,TOR,"Clement, Ernie",cleme002,4,1,empty,empty,1,field_out,9,1,7
2025-09-24,TOR202509240,TOR,"Barger, Addison",barga001,1,2,empty,empty,1,walk,9,1,7
2025-09-24,TOR202509240,TOR,"Kirk, Alejandro",kirka001,4,2,1B,1B,1,field_out,9,1,7
2025-09-25,TOR202509250,TOR,"Springer, George",sprig001,1,0,empty,empty,1,strikeout,1,0,0
2025-09-25,TOR202509250,TOR,"Lukes, Nathan",luken001,1,1,empty,empty,1,triple,1,0,0
2025-09-25,TOR202509250,TOR,"Guerrero, Vladimir",guerv002,1,1,3B,3B,1,field_out,1,0,0
2025-09-25,TOR202509250,TOR,"Barger, Addison",barga001,1,2,3B,3B,1,field_out,1,0,0
2025-09-25,TOR202509250,TOR,"Santander, Anthony",santa003,1,0,empty,empty,1,single,2,0,0
2025-09-25,TOR202509250,TOR,"Varsho, Daulton",varsd001,1,0,1B,1B,1,field_out,2,0,0
2025-09-25,TOR202509250,TOR,"Clement, Ernie",cleme002,1,1,1B,1B,1,field_out,2,0,0
2025-09-25,TOR202509250,TOR,"Gimenez, Andres",gimea001,1,2,1B,1B,1,field_out,2,0,0
2025-09-25,TOR202509250,TOR,"Heineman, Tyler",heint001,1,0,empty,empty,1,field_out,3,0,0
2025-09-25,TOR202509250,TOR,"Springer, George",sprig001,2,1,empty,empty,1,walk,3,0,0
2025-09-25,TOR202509250,TOR,"Lukes, Nathan",luken001,2,1,1B,1B,1,field_out,3,0,0
2025-09-25,TOR202509250,TOR,"Guerrero, Vladimir",guerv002,2,2,1B,1B,1,single,3,0,0
2025-09-25,TOR202509250,TOR,"Barger, Addison",barga001,2,2,1B+2B,1B+2B,1,walk,3,0,0
2025-09-25,TOR202509250,TOR,"Santander, Anthony",santa003,2,2,1B+2B+3B,1B+2B+3B,1,strikeout,3,0,0
2025-09-25,TOR202509250,TOR,"Varsho, Daulton",varsd001,2,0,empty,empty,1,strikeout,4,0,0
2025-09-25,TOR202509250,TOR,"Clement, Ernie",cleme002,2,1,empty,empty,1,field_out,4,0,0
2025-09-25,TOR202509250,TOR,"Gimenez, Andres",gimea001,2,2,empty,empty,1,field_out,4,0,0
2025-09-25,TOR202509250,TOR,"Heineman, Tyler",heint001,2,0,empty,empty,1,hit_by_pitch,5,0,0
2025-09-25,TOR202509250,TOR,"Springer, George",sprig001,3,0,1B,1B,1,grounded_into_double_play,5,0,0
2025-09-25,TOR202509250,TOR,"Lukes, Nathan",luken001,3,2,empty,empty,1,field_out,5,0,0
2025-09-25,TOR202509250,TOR,"Guerrero, Vladimir",guerv002,3,0,empty,empty,1,field_error,6,0,0
2025-09-25,TOR202509250,TOR,"Barger, Addison",barga001,3,0,1B,1B,1,walk,6,0,0
2025-09-25,TOR202509250,TOR,"Santander, Anthony",santa003,3,0,1B+2B,1B+2B,1,hit_by_pitch,6,0,0
2025-09-25,TOR202509250,TOR,"Varsho, Daulton",varsd001,3,0,1B+2B+3B,1B+2B+3B,1,home_run,6,0,0
2025-09-25,TOR202509250,TOR,"Clement, Ernie",cleme002,3,0,empty,empty,1,field_out,6,4,0
2025-09-25,TOR202509250,TOR,"Gimenez, Andres",gimea001,3,1,empty,empty,1,double,6,4,0
2025-09-25,TOR202509250,TOR,"Heineman, Tyler",heint001,3,1,2B,2B,1,field_out,6,4,0
2025-09-25,TOR202509250,TOR,"Springer, George",sprig001,4,2,2B,2B,1,home_run,6,4,0
2025-09-25,TOR202509250,TOR,"Lukes, Nathan",luken001,4,2,empty,empty,1,field_out,6,6,0
2025-09-25,TOR202509250,TOR,"Guerrero, Vladimir",guerv002,4,0,empty,empty,1,field_out,7,6,1
2025-09-25,TOR202509250,TOR,"Barger, Addison",barga001,4,1,empty,empty,1,field_out,7,6,1
2025-09-25,TOR202509250,TOR,"Straw, Myles",stram002,1,2,empty,empty,1,walk,7,6,1
2025-09-25,TOR202509250,TOR,"Varsho, Daulton",varsd001,4,2,1B,1B,1,single,7,6,1
2025-09-25,TOR202509250,TOR,"Clement, Ernie",cleme002,4,2,1B+2B,1B+2B,1,field_out,7,6,1
2025-09-25,TOR202509250,TOR,"Gimenez, Andres",gimea001,4,0,empty,empty,1,strikeout,8,6,1
2025-09-25,TOR202509250,TOR,"Heineman, Tyler",heint001,4,1,empty,empty,1,strikeout,8,6,1
2025-09-25,TOR202509250,TOR,"Springer, George",sprig001,5,2,empty,empty,1,field_out,8,6,1
2025-09-26,TOR202509260,TOR,"Springer, George",sprig001,1,0,empty,empty,1,double,1,0,0
2025-09-26,TOR202509260,TOR,"Lukes, Nathan",luken001,1,0,2B,2B,1,single,1,0,0
2025-09-26,TOR202509260,TOR,"Guerrero, Vladimir",guerv002,1,0,1B,1B,1,grounded_into_double_play,1,1,0
2025-09-26,TOR202509260,TOR,"Barger, Addison",barga001,1,2,empty,empty,1,field_out,1,1,0
2025-09-26,TOR202509260,TOR,"Kirk, Alejandro",kirka001,1,0,empty,empty,1,strikeout,2,1,2
2025-09-26,TOR202509260,TOR,"Varsho, Daulton",varsd001,1,1,empty,empty,1,double,2,1,2
2025-09-26,TOR202509260,TOR,"Santander, Anthony",santa003,1,1,2B,2B,1,strikeout,2,1,2
2025-09-26,TOR202509260,TOR,"Clement, Ernie",cleme002,1,2,2B,2B,1,single,2,1,2
2025-09-26,TOR202509260,TOR,"Gimenez, Andres",gimea001,1,2,1B,1B,1,walk,2,2,2
2025-09-26,TOR202509260,TOR,"Springer, George",sprig001,2,2,1B+2B,1B+2B,1,field_out,2,2,2
2025-09-26,TOR202509260,TOR,"Lukes, Nathan",luken001,2,0,empty,empty,1,field_out,3,2,2
2025-09-26,TOR202509260,TOR,"Guerrero, Vladimir",guerv002,2,1,empty,empty,1,strikeout,3,2,2
2025-09-26,TOR202509260,TOR,"Barger, Addison",barga001,2,2,empty,empty,1,walk,3,2,2
2025-09-26,TOR202509260,TOR,"Kirk, Alejandro",kirka001,2,2,1B,1B,1,field_out,3,2,2
2025-09-26,TOR202509260,TOR,"Varsho, Daulton",varsd001,2,0,empty,empty,1,field_out,4,2,2
2025-09-26,TOR202509260,TOR,"Santander, Anthony",santa003,2,1,empty,empty,1,field_out,4,2,2
2025-09-26,TOR202509260,TOR,"Clement, Ernie",cleme002,2,2,empty,empty,1,field_out,4,2,2
2025-09-26,TOR202509260,TOR,"Gimenez, Andres",gimea001,2,0,empty,empty,1,field_out,5,2,2
2025-09-26,TOR202509260,TOR,"Springer, George",sprig001,3,1,empty,empty,1,single,5,2,2
2025-09-26,TOR202509260,TOR,"Lukes, Nathan",luken001,3,1,1B,1B,1,home_run,5,2,2
2025-09-26,TOR202509260,TOR,"Guerrero, Vladimir",guerv002,3,1,empty,empty,1,single,5,4,2
2025-09-26,TOR202509260,TOR,"Barger, Addison",barga001,3,1,1B,1B,1,strikeout,5,4,2
2025-09-26,TOR202509260,TOR,"Kirk, Alejandro",kirka001,3,2,1B,1B,1,strikeout,5,4,2
2025-09-26,TOR202509260,TOR,"Varsho, Daulton",varsd001,3,0,empty,empty,1,field_out,6,4,2
2025-09-26,TOR202509260,TOR,"Santander, Anthony",santa003,3,1,empty,empty,1,field_out,6,4,2
2025-09-26,TOR202509260,TOR,"Clement, Ernie",cleme002,3,2,empty,empty,1,field_out,6,4,2
2025-09-26,TOR202509260,TOR,"Gimenez, Andres",gimea001,3,0,empty,empty,1,field_out,7,4,2
2025-09-26,TOR202509260,TOR,"Springer, George",sprig001,4,1,empty,empty,1,walk,7,4,2
2025-09-26,TOR202509260,TOR,"Lukes, Nathan",luken001,4,1,1B,1B,1,field_out,7,4,2
2025-09-26,TOR202509260,TOR,"Guerrero, Vladimir",guerv002,4,2,1B,2B,0,field_out,7,4,2
2025-09-26,TOR202509260,TOR,"Barger, Addison",barga001,4,0,empty,empty,1,strikeout,8,4,2
2025-09-26,TOR202509260,TOR,"Kirk, Alejandro",kirka001,4,1,empty,empty,1,field_out,8,4,2
2025-09-26,TOR202509260,TOR,"Varsho, Daulton",varsd001,4,2,empty,empty,1,strikeout,8,4,2
2025-09-27,TOR202509270,TOR,"Springer, George",sprig001,1,0,empty,empty,1,walk,1,0,0
2025-09-27,TOR202509270,TOR,"Lukes, Nathan",luken001,1,1,1B,empty,0,strikeout,1,0,0
2025-09-27,TOR202509270,TOR,"Guerrero, Vladimir",guerv002,1,2,empty,empty,1,field_out,1,0,0
2025-09-27,TOR202509270,TOR,"Barger, Addison",barga001,1,0,empty,empty,1,single,2,0,0
2025-09-27,TOR202509270,TOR,"Schneider, Davis",schnd001,1,0,1B,1B,1,walk,2,0,0
2025-09-27,TOR202509270,TOR,"Varsho, Daulton",varsd001,1,0,1B+2B,1B+2B,1,strikeout,2,0,0
2025-09-27,TOR202509270,TOR,"Kirk, Alejandro",kirka001,1,1,1B+2B,1B+2B,1,field_out,2,0,0
2025-09-27,TOR202509270,TOR,"Clement, Ernie",cleme002,1,2,1B+3B,1B+3B,1,double,2,0,0
2025-09-27,TOR202509270,TOR,"Gimenez, Andres",gimea001,1,2,2B,2B,1,single,2,2,0
2025-09-27,TOR202509270,TOR,"Springer, George",sprig001,2,2,1B,2B,0,strikeout,2,3,0
2025-09-27,TOR202509270,TOR,"Lukes, Nathan",luken001,2,0,empty,empty,1,strikeout,3,3,0
2025-09-27,TOR202509270,TOR,"Guerrero, Vladimir",guerv002,2,1,empty,empty,1,field_out,3,3,0
2025-09-27,TOR202509270,TOR,"Barger, Addison",barga001,2,2,empty,empty,1,field_out,3,3,0
2025-09-27,TOR202509270,TOR,"Schneider, Davis",schnd001,2,0,empty,empty,1,walk,4,3,0
2025-09-27,TOR202509270,TOR,"Varsho, Daulton",varsd001,2,0,1B,1B,1,grounded_into_double_play,4,3,0
2025-09-27,TOR202509270,TOR,"Kirk, Alejandro",kirka001,2,2,empty,empty,1,strikeout,4,3,0
2025-09-27,TOR202509270,TOR,"Clement, Ernie",cleme002,2,0,empty,empty,1,single,5,3,0
2025-09-27,TOR202509270,TOR,"Gimenez, Andres",gimea001,2,0,1B,1B,1,field_out,5,3,0
2025-09-27,TOR202509270,TOR,"Springer, George",sprig001,3,1,1B,1B,1,field_out,5,3,0
2025-09-27,TOR202509270,TOR,"Lukes, Nathan",luken001,3,2,1B,2B,0,single,5,3,0
2025-09-27,TOR202509270,TOR,"Guerrero, Vladimir",guerv002,3,2,1B,1B,1,field_out,5,4,0
2025-09-27,TOR202509270,TOR,"Barger, Addison",barga001,3,0,empty,empty,1,field_out,6,4,1
2025-09-27,TOR202509270,TOR,"Schneider, Davis",schnd001,3,1,empty,empty,1,field_out,6,4,1
2025-09-27,TOR202509270,TOR,"Varsho, Daulton",varsd001,3,2,empty,empty,1,field_out,6,4,1
2025-09-27,TOR202509270,TOR,"Kirk, Alejandro",kirka001,3,0,empty,empty,1,home_run,7,4,1
2025-09-27,TOR202509270,TOR,"Clement, Ernie",cleme002,3,0,empty,empty,1,field_out,7,5,1
2025-09-27,TOR202509270,TOR,"Gimenez, Andres",gimea001,3,1,empty,empty,1,strikeout,7,5,1
2025-09-27,TOR202509270,TOR,"Springer, George",sprig001,4,2,empty,empty,1,single,7,5,1
2025-09-27,TOR202509270,TOR,"Lukes, Nathan",luken001,4,2,1B,1B,1,strikeout,7,5,1
2025-09-27,TOR202509270,TOR,"Guerrero, Vladimir",guerv002,4,0,empty,empty,1,strikeout,8,5,1
2025-09-27,TOR202509270,TOR,"Barger, Addison",barga001,4,1,empty,empty,1,field_out,8,5,1
2025-09-27,TOR202509270,TOR,"Straw, Myles",stram002,1,2,empty,empty,1,field_out,8,5,1
2025-09-28,TOR202509280,TOR,"Springer, George",sprig001,1,0,empty,empty,1,walk,1,0,1
2025-09-28,TOR202509280,TOR,"Schneider, Davis",schnd001,1,0,1B,1B,1,walk,1,0,1
2025-09-28,TOR202509280,TOR,"Guerrero, Vladimir",guerv002,1,0,1B+2B,1B+2B,1,single,1,0,1
2025-09-28,TOR202509280,TOR,"Santander, Anthony",santa003,1,0,1B+2B,1B+2B,1,strikeout,1,1,1
2025-09-28,TOR202509280,TOR,"Varsho, Daulton",varsd001,1,1,1B+2B,1B+2B,1,single,1,1,1
2025-09-28,TOR202509280,TOR,"Kirk, Alejandro",kirka001,1,1,1B+2B+3B,1B+2B+3B,1,home_run,1,1,1
2025-09-28,TOR202509280,TOR,"Barger, Addison",barga001,1,1,empty,empty,1,strikeout,1,5,1
2025-09-28,TOR202509280,TOR,"Clement, Ernie",cleme002,1,2,empty,empty,1,strikeout,1,5,1
2025-09-28,TOR202509280,TOR,"Straw, Myles",stram002,1,0,empty,empty,1,strikeout,2,5,1
2025-09-28,TOR202509280,TOR,"Springer, George",sprig001,2,1,empty,empty,1,single,2,5,1
2025-09-28,TOR202509280,TOR,"Schneider, Davis",schnd001,2,1,1B,1B,1,strikeout,2,5,1
2025-09-28,TOR202509280,TOR,"Guerrero, Vladimir",guerv002,2,2,1B,1B,1,field_out,2,5,1
2025-09-28,TOR202509280,TOR,"Santander, Anthony",santa003,2,0,empty,empty,1,strikeout,3,5,4
2025-09-28,TOR202509280,TOR,"Varsho, Daulton",varsd001,2,1,empty,empty,1,field_out,3,5,4
2025-09-28,TOR202509280,TOR,"Kirk, Alejandro",kirka001,2,2,empty,empty,1,double,3,5,4
2025-09-28,TOR202509280,TOR,"Barger, Addison",barga001,2,2,2B,2B,1,strikeout,3,5,4
2025-09-28,TOR202509280,TOR,"Clement, Ernie",cleme002,2,0,empty,empty,1,single,4,5,4
2025-09-28,TOR202509280,TOR,"Straw, Myles",stram002,2,0,1B,1B,1,sac_bunt,4,5,4
2025-09-28,TOR202509280,TOR,"Springer, George",sprig001,3,1,2B,2B,1,single,4,5,4
2025-09-28,TOR202509280,TOR,"Gimenez, Andres",gimea001,1,1,1B+3B,1B+3B,1,sac_fly,4,5,4
2025-09-28,TOR202509280,TOR,"Guerrero, Vladimir",guerv002,3,2,1B,2B,0,strikeout,4,6,4
2025-09-28,TOR202509280,TOR,"Santander, Anthony",santa003,3,0,empty,empty,1,walk,5,6,4
2025-09-28,TOR202509280,TOR,"Varsho, Daulton",varsd001,3,0,1B,1B,1,field_out,5,6,4
2025-09-28,TOR202509280,TOR,"Kirk, Alejandro",kirka001,3,1,1B,1B,1,home_run,5,6,4
2025-09-28,TOR202509280,TOR,"Barger, Addison",barga001,3,1,empty,empty,1,double,5,8,4
2025-09-28,TOR202509280,TOR,"Clement, Ernie",cleme002,3,1,2B,2B,1,field_out,5,8,4
2025-09-28,TOR202509280,TOR,"Straw, Myles",stram002,3,2,2B,2B,1,field_out,5,8,4
2025-09-28,TOR202509280,TOR,"Springer, George",sprig001,4,0,empty,empty,1,field_out,6,8,4
2025-09-28,TOR202509280,TOR,"Gimenez, Andres",gimea001,2,1,empty,empty,1,strikeout,6,8,4
2025-09-28,TOR202509280,TOR,"Guerrero, Vladimir",guerv002,4,2,empty,empty,1,field_out,6,8,4
2025-09-28,TOR202509280,TOR,"Lukes, Nathan",luken001,1,0,empty,empty,1,field_out,7,8,4
2025-09-28,TOR202509280,TOR,"Varsho, Daulton",varsd001,4,1,empty,empty,1,single,7,8,4
2025-09-28,TOR202509280,TOR,"Kirk, Alejandro",kirka001,4,1,1B,1B,1,field_out,7,8,4
2025-09-28,TOR202509280,TOR,"Barger, Addison",barga001,4,2,1B,1B,1,home_run,7,8,4
2025-09-28,TOR202509280,TOR,"Clement, Ernie",cleme002,4,2,empty,empty,1,walk,7,10,4
2025-09-28,TOR202509280,TOR,"Straw, Myles",stram002,4,2,1B,1B,1,triple,7,10,4
2025-09-28,TOR202509280,TOR,"Springer, George",sprig001,5,2,3B,3B,1,home_run,7,11,4
2025-09-28,TOR202509280,TOR,"Gimenez, Andres",gimea001,3,2,empty,empty,1,double,7,13,4
2025-09-28,TOR202509280,TOR,"Guerrero, Vladimir",guerv002,5,2,2B,2B,1,strikeout,7,13,4
2025-09-28,TOR202509280,TOR,"Lukes, Nathan",luken001,2,0,empty,empty,1,double,8,13,4
2025-09-28,TOR202509280,TOR,"Varsho, Daulton",varsd001,5,0,2B,2B,1,strikeout,8,13,4
2025-09-28,TOR202509280,TOR,"Kirk, Alejandro",kirka001,5,1,2B,2B,1,strikeout,8,13,4
2025-09-28,TOR202509280,TOR,"Kiner-Falefa, Isiah",kinei001,1,2,2B,2B,1,field_out,8,13,4
